USAGE_KB_predicho,USAGE_KB_real,error_absoluto,error_relativo
4324850.89,4540925.0,216074.11000000034,0.0475837213783536
4638076.5,5127500.0,489423.5,0.09545070697220868
5661664.07,5685003.0,23338.929999999702,0.0041053505160858665
6954756.26,5767053.0,1187703.2599999998,0.20594630567813402
5704699.27,4679331.0,1025368.2699999996,0.21912710812720868
4862456.75,3676682.0,1185774.75,0.32251218625924133
4174114.2,3612568.0,561546.2000000002,0.1554423889045134
1366417.58,1106068.0,260349.58000000007,0.23538297826173443
2305540.8,2438806.0,133265.2000000002,0.05464362479016379
4043521.13,5157868.0,1114346.87,0.21604796206494623
4078135.34,4306100.0,227964.66000000015,0.052939936369336554
7770443.49,13090389.0,5319945.51,0.40640087242632744
642276.15,521315.0,120961.15000000002,0.23203082589221494
7873348.23,8596282.0,722933.7699999996,0.08409842417919743
4494610.98,4647577.0,152966.01999999955,0.032913068465568095
5747404.79,6688472.0,941067.21,0.140699880331412
4701415.19,4967731.0,266315.8099999996,0.05360914469805221
2424780.73,3075066.0,650285.27,0.21147034567713344
2251432.19,2455667.0,204234.81000000006,0.08316877247607271
3819019.32,4284138.0,465118.68000000017,0.10856762317180263
4672569.98,4528800.0,143769.98000000045,0.03174571188835905
3960168.0,4909990.0,949822.0,0.19344682983061065
3869685.11,4515845.0,646159.8900000001,0.14308726052377796
3565469.99,3367548.0,197921.99000000022,0.05877332409218821
