USAGE_KB_predicho,USAGE_KB_real,error_absoluto,error_relativo
4722302.043046048,4540925.0,181377.0430460479,0.03994275242291998
4230365.563132767,5127500.0,897134.4368672334,0.1749652729141362
5327539.272219306,5685003.0,357463.72778069414,0.06287837100186124
5712231.987700755,5767053.0,54821.01229924522,0.009505897084567321
5013043.597906591,4679331.0,333712.59790659137,0.07131630523820422
4774636.292803562,3676682.0,1097954.2928035622,0.2986263954303261
3712926.3107195655,3612568.0,100358.31071956549,0.027780324334259032
1276408.6472857045,1106068.0,170340.6472857045,0.15400558309769788
2578331.3849881985,2438806.0,139525.38498819852,0.05721053047606022
4390956.466341837,5157868.0,766911.5336581627,0.14868770074343948
3834343.232686787,4306100.0,471756.7673132131,0.10955546023390378
10977210.61552623,13090389.0,2113178.384473771,0.16142976228389935
525049.5615794654,521315.0,3734.5615794654004,0.00716373321209902
7851917.313433223,8596282.0,744364.6865667766,0.08659146902891
4639145.9243335,4647577.0,8431.075666500255,0.0018140798240675207
6500648.594664592,6688472.0,187823.4053354077,0.028081661302522865
3966621.437483247,4967731.0,1001109.5625167531,0.20152249840354744
2565185.220036194,3075066.0,509880.7799638058,0.16581132891580402
1887322.5745892313,2455667.0,568344.4254107687,0.2314419770314007
3428080.6904944396,4284138.0,856057.3095055604,0.19982019942064436
3856796.0410925536,4528800.0,672003.9589074464,0.14838455195801237
3580392.771845777,4909990.0,1329597.228154223,0.27079428433748803
3440946.2495872006,4515845.0,1074898.7504127994,0.23802826501193008
3257176.2685112623,3367548.0,110371.73148873774,0.03277510268264557
