USAGE_KB_predicho,USAGE_KB_real,error_absoluto,error_relativo
4257351.934870288,4160659.0,96692.93487028778,0.023239812460066487
5046120.294820322,4647151.0,398969.2948203217,0.08585244912857828
6162630.676094646,7130279.0,967648.3239053544,0.13570974205993264
1169381.4963993337,967965.0,201416.4963993337,0.2080824166156149
1092312.7821817184,691915.0,400397.7821817184,0.5786805925319127
6315963.807465664,6593936.0,277972.1925343359,0.04215573104354302
3824799.167288234,3446803.0,377996.167288234,0.1096657300368585
