USAGE_KB_predicho,USAGE_KB_real,error_absoluto,error_relativo
3662078.453295633,4540925.0,878846.5467043668,0.19353910199009383
3914916.0384943434,5127500.0,1212583.9615056566,0.2364863893721417
3904590.1337923757,5685003.0,1780412.8662076243,0.31317711990787417
4353487.000696573,5767053.0,1413565.9993034266,0.245110630906882
3995530.8441464175,4679331.0,683800.1558535825,0.1461320338000416
3706852.559249214,3676682.0,30170.559249213897,0.008205920242548553
2966481.257527791,3612568.0,646086.742472209,0.17884417469019517
2284925.3940146626,1106068.0,1178857.3940146626,1.0658091491794923
3303449.1839615796,2438806.0,864643.1839615796,0.35453545052848795
3903849.1087743267,5157868.0,1254018.8912256733,0.24312737185706831
3672479.3073730147,4306100.0,633620.6926269853,0.14714490899583968
3392958.188157826,13090389.0,9697430.811842173,0.7408053963745594
1958653.3739129393,521315.0,1437338.3739129393,2.7571398749564837
4106037.052213154,8596282.0,4490244.947786846,0.5223473296695997
3794675.555613417,4647577.0,852901.4443865828,0.18351529073893402
3751346.2652054653,6688472.0,2937125.7347945347,0.4391325454893935
3679374.074591224,4967731.0,1288356.925408776,0.25934514679010917
2624099.2996197008,3075066.0,450966.70038029924,0.14665268985455898
2729291.1698400546,2455667.0,273624.1698400546,0.11142560039290937
3396555.753437093,4284138.0,887582.246562907,0.20717872453289482
3414375.9368934925,4528800.0,1114424.0631065075,0.24607491236232723
3481821.690917879,4909990.0,1428168.3090821211,0.29086990178841937
3889798.421513711,4515845.0,626046.5784862889,0.1386333185674639
3217674.502888955,3367548.0,149873.49711104482,0.04450522965405239
