USAGE_KB_predicho,USAGE_KB_real,error_absoluto,error_relativo
4529102.14,4160659.0,368443.13999999966,0.08855403434888552
5126762.73,4647151.0,479611.73000000045,0.1032055403407379
6831614.14,7130279.0,298664.86000000034,0.041886840613109294
1094192.19,967965.0,126227.18999999994,0.130404704715563
1126117.89,691915.0,434202.8899999999,0.6275379056676035
6235475.7,6593936.0,358460.2999999998,0.054362113917999784
3221529.46,3446803.0,225273.54000000004,0.06535724263904842
