DIA_SEMANA,LABORAL,FIN_DE_SEMANA,FESTIVO,PORCENTAJE_USO,NUMERO_CONEXIONES,USAGE_KB,DIA_SEMANA_lag_1,DIA_SEMANA_lag_2,DIA_SEMANA_lag_3,DIA_SEMANA_lag_4,DIA_SEMANA_lag_5,DIA_SEMANA_lag_6,DIA_SEMANA_lag_7,DIA_SEMANA_lag_8,DIA_SEMANA_lag_9,DIA_SEMANA_lag_10,LABORAL_lag_1,LABORAL_lag_2,LABORAL_lag_3,LABORAL_lag_4,LABORAL_lag_5,LABORAL_lag_6,LABORAL_lag_7,LABORAL_lag_8,LABORAL_lag_9,LABORAL_lag_10,FIN_DE_SEMANA_lag_1,FIN_DE_SEMANA_lag_2,FIN_DE_SEMANA_lag_3,FIN_DE_SEMANA_lag_4,FIN_DE_SEMANA_lag_5,FIN_DE_SEMANA_lag_6,FIN_DE_SEMANA_lag_7,FIN_DE_SEMANA_lag_8,FIN_DE_SEMANA_lag_9,FIN_DE_SEMANA_lag_10,FESTIVO_lag_1,FESTIVO_lag_2,FESTIVO_lag_3,FESTIVO_lag_4,FESTIVO_lag_5,FESTIVO_lag_6,FESTIVO_lag_7,FESTIVO_lag_8,FESTIVO_lag_9,FESTIVO_lag_10,PORCENTAJE_USO_lag_1,PORCENTAJE_USO_lag_2,PORCENTAJE_USO_lag_3,PORCENTAJE_USO_lag_4,PORCENTAJE_USO_lag_5,PORCENTAJE_USO_lag_6,PORCENTAJE_USO_lag_7,PORCENTAJE_USO_lag_8,PORCENTAJE_USO_lag_9,PORCENTAJE_USO_lag_10,NUMERO_CONEXIONES_lag_1,NUMERO_CONEXIONES_lag_2,NUMERO_CONEXIONES_lag_3,NUMERO_CONEXIONES_lag_4,NUMERO_CONEXIONES_lag_5,NUMERO_CONEXIONES_lag_6,NUMERO_CONEXIONES_lag_7,NUMERO_CONEXIONES_lag_8,NUMERO_CONEXIONES_lag_9,NUMERO_CONEXIONES_lag_10
0,0,0,1,1.8628682443182771,0.24285714285714285,-0.4071424990765017,6,5,4,3,2,1,0,6,5,4,0,0,1,1,1,1,0,0,0,1,1,1,0,0,0,0,0,1,1,0,0,0,0,0,0,0,1,0,0,0,2.164432946674456,0.24971109882932224,-1.0748463380729871,-0.7693845256933454,-0.9294231604262,1.737265773739938,-0.10441230502020774,1.2299007982898562,0.7572063195163498,1.8561483376808943,-0.34285714285714286,0.14285714285714285,-1.457142857142857,-1.1386861313868613,-1.7941176470588236,-0.8235294117647058,-1.2116788321167884,0.36496350364963503,0.9781021897810219,0.2647058823529412
1,1,0,0,0.7378117201761878,0.9285714285714286,-0.6137281250136882,0,6,5,4,3,2,1,0,6,5,0,0,0,1,1,1,1,0,0,0,0,1,1,0,0,0,0,0,1,1,1,0,0,0,0,0,0,1,0,0,1.853125260786114,2.1719003835267716,0.24971109882932224,-1.0656783542933288,-0.7632853468719731,-0.9294231604262,1.7506262734226261,-0.10441230502020774,1.2299007982898562,0.7400269161114522,0.2571428571428571,-0.34285714285714286,0.14285714285714285,-1.489051094890511,-1.1470588235294117,-1.7941176470588236,-0.8029197080291971,-1.2116788321167884,0.36496350364963503,0.9705882352941176
2,1,0,0,1.211844110603092,0.32857142857142857,-0.44229451979790596,1,0,6,5,4,3,2,1,0,6,1,0,0,0,1,1,1,1,0,0,0,0,1,1,0,0,0,0,0,1,0,1,0,0,0,0,0,0,1,0,0.7319369106233831,1.85951866552781,2.1719003835267716,0.251686516198884,-1.0603560573165438,-0.7632853468719731,-0.9160626607435118,1.7506262734226261,-0.10441230502020774,1.2102945818864537,0.9428571428571428,0.2571428571428571,-0.34285714285714286,0.145985401459854,-1.5,-1.1470588235294117,-1.7664233576642336,-0.8029197080291971,-1.2116788321167884,0.35294117647058826
3,1,0,0,1.071228792979283,0.2714285714285714,-0.5820773675017168,2,1,0,6,5,4,3,2,1,0,1,1,0,0,0,1,1,1,1,0,0,0,0,1,1,0,0,0,0,0,0,0,1,0,0,0,0,0,0,1,1.2043394809313197,0.7344621413857206,1.85951866552781,2.1634379945032065,0.26046294131400505,-1.0603560573165438,-0.749924847189285,-0.9160626607435118,1.7506262734226261,-0.11716815923704449,0.34285714285714286,0.9428571428571428,0.2571428571428571,-0.35036496350364965,0.14705882352941177,-1.5,-1.1240875912408759,-1.7664233576642336,-0.8029197080291971,-1.2352941176470589
4,1,0,0,-0.12021638278986413,-1.0142857142857142,-0.8155659718487536,3,2,1,0,6,5,4,3,2,1,1,1,1,0,0,0,1,1,1,1,0,0,0,0,1,1,0,0,0,0,0,0,0,1,0,0,0,0,0,0,1.0642076274722525,1.2084945318126248,0.7344621413857206,1.85275256100608,2.1772270282908583,0.26046294131400505,-1.0469955576338557,-0.749924847189285,-0.9160626607435118,1.728346652931696,0.2857142857142857,0.34285714285714286,0.9428571428571428,0.26277372262773724,-0.35294117647058826,0.14705882352941177,-1.4744525547445255,-1.1240875912408759,-1.7664233576642336,-0.8235294117647058
5,0,1,0,0.5265872816493327,0.18571428571428572,-0.6565262738314886,4,3,2,1,0,6,5,4,3,2,1,1,1,1,0,0,0,1,1,1,0,0,0,0,0,1,1,0,0,0,0,0,0,0,1,0,0,0,0,0,-0.12314111658182421,1.0678792141888158,1.2084945318126248,0.7338052802531856,1.8657269781889845,2.1772270282908583,0.27382344099669315,-1.0469955576338557,-0.749924847189285,-0.9246515028162225,-1.0,0.2857142857142857,0.34285714285714286,0.9635036496350365,0.2647058823529412,-0.35294117647058826,0.16058394160583941,-1.4744525547445255,-1.1240875912408759,-1.7941176470588236
6,0,1,0,2.4176254835954376,0.5285714285714286,-0.252296140482711,5,4,3,2,1,0,6,5,4,3,0,1,1,1,1,0,0,0,1,1,1,0,0,0,0,0,1,1,0,0,0,0,0,0,0,1,0,0,0,0,0.5214387048318453,-0.12356596158033122,1.0678792141888158,1.2052635962355296,0.7438458198336616,1.8657269781889845,2.1905875279735465,0.27382344099669315,-1.0469955576338557,-0.7593666406366822,0.2,-1.0,0.2857142857142857,0.35036496350364965,0.9705882352941176,0.2647058823529412,-0.3357664233576642,0.16058394160583941,-1.4744525547445255,-1.1470588235294117
0,1,0,0,1.060242174546551,0.7857142857142857,-0.5732012710451763,6,5,4,3,2,1,0,6,5,4,0,0,1,1,1,1,0,0,0,1,1,1,0,0,0,0,0,1,1,0,0,0,0,0,0,0,1,0,0,0,2.4059751314362012,0.5232377028588656,-0.12356596158033122,1.06541184309153,1.216540298607168,0.7438458198336616,1.8790874778716726,2.1905875279735465,0.27382344099669315,-1.0549121903401066,0.5428571428571428,0.2,-1.0,0.291970802919708,0.35294117647058826,0.9705882352941176,0.2773722627737226,-0.3357664233576642,0.16058394160583941,-1.5
1,1,0,0,-1.0658024753387259,0.8142857142857143,-0.9450153721710411,0,6,5,4,3,2,1,0,6,5,1,0,0,1,1,1,1,0,0,0,0,1,1,0,0,0,0,0,1,1,0,0,0,0,0,0,0,1,0,0,1.0532587832763085,2.4142759048049705,0.5232377028588656,-0.11956358790705417,1.076321854437356,1.216540298607168,0.7572063195163498,1.8790874778716726,2.1905875279735465,0.2591257248242974,0.8,0.5428571428571428,0.2,-1.0218978102189782,0.29411764705882354,0.35294117647058826,0.9781021897810219,0.2773722627737226,-0.3357664233576642,0.14705882352941177
2,1,0,0,-0.9305464837796644,-0.04285714285714286,-0.9215276098013956,1,0,6,5,4,3,2,1,0,6,1,1,0,0,1,1,1,1,0,0,0,0,1,1,0,0,0,0,0,1,0,0,0,0,0,0,0,0,1,0,-1.0654760911290995,1.056892595756084,2.4142759048049705,0.5237278254351629,-0.11176057984568635,1.076321854437356,1.2299007982898562,0.7572063195163498,1.8790874778716726,2.1660491468257264,0.8285714285714286,0.8,0.5428571428571428,0.20437956204379562,-1.0294117647058822,0.29411764705882354,0.36496350364963503,0.9781021897810219,0.2773722627737226,-0.35294117647058826
3,1,0,0,-1.0665393826726288,-0.3,-0.9454837646804598,2,1,0,6,5,4,3,2,1,0,1,1,1,0,0,1,1,1,1,0,0,0,0,1,1,0,0,0,0,0,0,0,0,0,0,0,0,0,0,1,-0.9306851372778101,-1.069152054129193,1.056892595756084,2.4044973765303572,0.5332175423360833,-0.11176057984568635,1.0896823541200442,1.2299007982898562,0.7572063195163498,1.8561483376808943,-0.02857142857142857,0.8285714285714286,0.8,0.5547445255474452,0.20588235294117646,-1.0294117647058822,0.30656934306569344,0.36496350364963503,0.9781021897810219,0.2647058823529412
4,1,0,0,-1.0671423068549128,-1.2428571428571429,-0.9453543045729106,3,2,1,0,6,5,4,3,2,1,1,1,1,1,0,0,1,1,1,1,0,0,0,0,1,1,0,0,0,0,0,0,0,0,0,0,0,0,0,0,-1.066210464825169,-0.9338960625701316,-1.069152054129193,1.0544848838177732,2.4189184675506863,0.5332175423360833,-0.09840008016299823,1.0896823541200442,1.2299007982898562,0.7400269161114522,-0.2857142857142857,-0.02857142857142857,0.8285714285714286,0.8175182481751825,0.5588235294117647,0.20588235294117646,-1.0072992700729928,0.30656934306569344,0.36496350364963503,0.9705882352941176
5,0,1,0,-1.0680131973404343,0.2714285714285714,-0.9454127076289479,4,3,2,1,0,6,5,4,3,2,1,1,1,1,1,0,0,1,1,1,0,0,0,0,0,1,1,0,0,0,0,0,0,0,0,0,0,0,0,0,-1.066811316031044,-1.0698889614630958,-0.9338960625701316,-1.060014991255101,1.0653662446975518,2.4189184675506863,0.5465780420187715,-0.09840008016299823,1.0896823541200442,1.2102945818864537,-1.2285714285714286,-0.2857142857142857,-0.02857142857142857,0.8467153284671532,0.8235294117647058,0.5588235294117647,0.21897810218978103,-1.0072992700729928,0.30656934306569344,0.35294117647058826
6,0,1,0,-1.067946205764625,0.12857142857142856,-0.9449158922989244,5,4,3,2,1,0,6,5,4,3,0,1,1,1,1,1,0,0,1,1,1,0,0,0,0,0,1,1,0,0,0,0,0,0,0,0,0,0,0,0,-1.0676792122173078,-1.07049188564538,-1.0698889614630958,-0.9254934621470806,-1.0546778449514012,1.0653662446975518,2.4322789672333744,0.5465780420187715,-0.09840008016299823,1.070796019073886,0.2857142857142857,-1.2285714285714286,-0.2857142857142857,-0.029197080291970802,0.8529411764705882,0.8235294117647058,0.5693430656934306,0.21897810218978103,-1.0072992700729928,0.29411764705882354
0,1,0,0,-1.0687501046743368,-0.7285714285714285,-0.945382143362955,6,5,4,3,2,1,0,6,5,4,0,0,1,1,1,1,1,0,0,1,1,1,0,0,0,0,0,1,1,0,0,0,0,0,0,0,0,0,0,0,-1.0676124509722107,-1.0713627761309015,-1.07049188564538,-1.0607478970600481,-0.9198036006546645,-1.0546778449514012,1.07872674438024,2.4322789672333744,0.5465780420187715,-0.11118680113645814,0.14285714285714285,0.2857142857142857,-1.2285714285714286,-0.291970802919708,-0.029411764705882353,0.8529411764705882,0.8321167883211679,0.5693430656934306,0.21897810218978103,-1.0294117647058822
1,1,0,0,-1.0670753152791035,-0.014285714285714285,-0.9450451577296202,0,6,5,4,3,2,1,0,6,5,1,0,0,1,1,1,1,1,0,0,0,1,1,0,0,0,0,0,1,1,0,0,0,0,0,0,0,0,0,0,-1.0684135859133772,-1.0712957845550921,-1.0713627761309015,-1.0613475472640959,-1.0554126724339492,-0.9198036006546645,-1.041317345268713,1.07872674438024,2.4322789672333744,0.5304800039875719,-0.7142857142857143,0.14285714285714285,0.2857142857142857,-1.2554744525547445,-0.29411764705882354,-0.029411764705882353,0.8613138686131386,0.8321167883211679,0.5693430656934306,0.20588235294117646
2,1,0,0,-0.3288281498601549,0.4142857142857143,-0.8292332603457364,1,0,6,5,4,3,2,1,0,6,1,1,0,0,1,1,1,1,1,0,0,0,1,1,0,0,0,0,0,1,0,0,0,0,0,0,0,0,0,0,-1.0667445547859467,-1.072099683464804,-1.0712957845550921,-1.0622137086699424,-1.0560138949196702,-1.0554126724339492,-0.9064431009719763,-1.041317345268713,1.07872674438024,2.406499742469303,0.0,-0.7142857142857143,0.14285714285714285,0.291970802919708,-1.2647058823529411,-0.29411764705882354,-0.014598540145985401,0.8613138686131386,0.8321167883211679,0.5588235294117647
3,1,0,0,0.15632484215109954,-0.014285714285714285,-0.7576712170758855,2,1,0,6,5,4,3,2,1,0,1,1,1,0,0,1,1,1,1,1,0,0,0,1,1,0,0,0,0,0,0,0,0,0,0,0,0,0,0,0,-0.3310356338145705,-1.0704248940695704,-1.072099683464804,-1.0621470808694926,-1.0568823273990449,-1.0560138949196702,-1.042052172751261,-0.9064431009719763,-1.041317345268713,1.0598966554239286,0.42857142857142855,0.0,-0.7142857142857143,0.145985401459854,0.29411764705882354,-1.2647058823529411,-0.2773722627737226,-0.014598540145985401,0.8613138686131386,0.8235294117647058
4,1,0,0,-0.6011489055251301,-1.3857142857142857,-0.8673998521429298,3,2,1,0,6,5,4,3,2,1,1,1,1,1,0,0,1,1,1,1,0,0,0,0,1,1,0,0,0,0,0,0,0,0,0,0,0,0,0,0,0.15244930317950436,-0.332177728650622,-1.0704248940695704,-1.0629466144748894,-1.0568155249006315,-1.0568823273990449,-1.042653395236982,-1.042052172751261,-0.9064431009719763,-1.0492631299117747,0.0,0.42857142857142855,0.0,-0.7299270072992701,0.14705882352941177,0.29411764705882354,-1.2408759124087592,-0.2773722627737226,-0.014598540145985401,0.8529411764705882
5,0,1,0,0.28930312013264353,0.2714285714285714,-0.7617228317500427,4,3,2,1,0,6,5,4,3,2,1,1,1,1,1,0,0,1,1,1,0,0,0,0,0,1,1,0,0,0,0,0,0,0,0,0,0,0,0,0,-0.6024200951347742,0.15297526336063244,-0.332177728650622,-1.0612809194636459,-1.0576171548815925,-1.0568155249006315,-1.0435218277163567,-1.042653395236982,-1.042052172751261,-0.9150813298552841,-1.3714285714285714,0.0,0.42857142857142855,0.0,-0.7352941176470589,0.14705882352941177,0.30656934306569344,-1.2408759124087592,-0.2773722627737226,-0.029411764705882353
6,0,1,0,0.38021068850592055,1.2714285714285714,-0.5733381288731568,5,4,3,2,1,0,6,5,4,3,0,1,1,1,1,1,0,0,1,1,1,0,0,0,0,0,1,1,0,0,0,0,0,0,0,0,0,0,0,0,0.2849703746974883,-0.6044984843155972,0.15297526336063244,-0.3270425585075371,-1.0559470924212566,-1.0576171548815925,-1.0434550252179433,-1.0435218277163567,-1.042653395236982,-1.0499941847907355,0.2857142857142857,-1.3714285714285714,0.0,0.43795620437956206,0.0,-0.7352941176470589,0.16058394160583941,0.30656934306569344,-1.2408759124087592,-0.29411764705882354
0,1,0,0,-0.897720611633087,0.9857142857142858,-0.9080421494855421,6,5,4,3,2,1,0,6,5,4,0,0,1,1,1,1,1,0,0,1,1,1,0,0,0,0,0,1,1,0,0,0,0,0,0,0,0,0,0,0,0.37556538429441727,0.28595354134217643,-0.6044984843155972,0.15547597234946287,-0.3197835599051405,-1.0559470924212566,-1.0442566551989045,-1.0434550252179433,-1.0435218277163567,-1.050592320600794,1.2857142857142858,0.2857142857142857,-1.3714285714285714,0.0,0.4411764705882353,0.0,-0.7153284671532847,0.16058394160583941,0.30656934306569344,-1.2647058823529411
1,1,0,0,-1.0593712840610292,0.5857142857142857,-0.9437764486756377,0,6,5,4,3,2,1,0,6,5,1,0,0,1,1,1,1,1,0,0,0,1,1,0,0,0,0,0,1,1,0,0,0,0,0,0,0,0,0,0,-0.8979721271801719,0.37686110971545345,0.28595354134217643,-0.5978845673357207,0.1640001336049967,-0.3197835599051405,-1.0425865927385685,-1.0442566551989045,-1.0434550252179433,-1.0514562945486565,1.0,1.2857142857142858,0.2857142857142857,-1.4014598540145986,0.0,0.4411764705882353,0.014598540145985401,-0.7153284671532847,0.16058394160583941,0.29411764705882354
2,1,0,0,-1.0526721264800951,0.8142857142857143,-0.9420792558671953,1,0,6,5,4,3,2,1,0,6,1,1,0,0,1,1,1,1,1,0,0,0,1,1,0,0,0,0,0,1,0,0,0,0,0,0,0,0,0,0,-1.0590670115997662,-0.9010701904235542,0.37686110971545345,0.2877321562421922,-0.5913357159557768,0.1640001336049967,-0.30642306022245236,-1.0425865927385685,-1.0442566551989045,-1.0513898350142057,0.6,1.0,1.2857142857142858,0.291970802919708,-1.411764705882353,0.0,0.45255474452554745,0.014598540145985401,-0.7153284671532847,0.14705882352941177
3,1,0,0,-1.058165435696461,0.4714285714285714,-0.9434527010683379,2,1,0,6,5,4,3,2,1,0,1,1,1,0,0,1,1,1,1,1,0,0,0,1,1,0,0,0,0,0,0,0,0,0,0,0,0,0,0,0,-1.0523908870900442,-1.0627208628514964,-0.9010701904235542,0.3781460814524862,0.2966030929556766,-0.5913357159557768,0.17736063328768487,-0.30642306022245236,-1.0425865927385685,-1.052187349427617,0.8285714285714286,0.6,1.0,1.313868613138686,0.29411764705882354,-1.411764705882353,0.014598540145985401,0.45255474452554745,0.014598540145985401,-0.7352941176470589
4,1,0,0,-1.0672092984307222,-1.2142857142857142,-0.9453019364993306,3,2,1,0,6,5,4,3,2,1,1,1,1,1,0,0,1,1,1,1,0,0,0,0,1,1,0,0,0,0,0,0,0,0,0,0,0,0,0,0,-1.0578653091880164,-1.056021705270562,-1.0627208628514964,-0.8928458399267094,0.38725408330271555,0.2966030929556766,-0.5779752162730887,0.17736063328768487,-0.30642306022245236,-1.050525861066343,0.4857142857142857,0.8285714285714286,0.6,1.0218978102189782,1.3235294117647058,0.29411764705882354,-1.3868613138686132,0.014598540145985401,0.45255474452554745,0.0
5,0,1,0,-1.0682141720678624,-1.1571428571428573,-0.9454060886159303,4,3,2,1,0,6,5,4,3,2,1,1,1,1,1,0,0,1,1,1,0,0,0,0,0,1,1,0,0,0,0,0,0,0,0,0,0,0,0,0,-1.066878077276141,-1.061515014486928,-1.056021705270562,-1.0536187224119262,-0.8870703764320788,0.38725408330271555,0.3099635926383647,-0.5779752162730887,0.17736063328768487,-0.3181417914167511,-1.2,0.4857142857142857,0.8285714285714286,0.6131386861313869,1.0294117647058822,1.3235294117647058,0.30656934306569344,-1.3868613138686132,0.014598540145985401,0.4411764705882353
6,0,0,1,-1.0559547136947527,0.7285714285714285,-0.9444072016808399,5,4,3,2,1,0,6,5,4,3,0,1,1,1,1,1,0,0,1,1,1,0,0,0,0,0,1,1,0,0,0,0,0,0,0,0,0,0,0,0,-1.0678794959525995,-1.0705588772211891,-1.061515014486928,-1.0469559423669526,-1.0482648051037111,-0.8870703764320788,0.40061458298540364,0.3099635926383647,-0.5779752162730887,0.16315815707710954,-1.1428571428571428,-1.2,0.4857142857142857,0.8467153284671532,0.6176470588235294,1.0294117647058822,1.3284671532846715,0.30656934306569344,-1.3868613138686132,0.0
0,1,0,0,-1.0556867473915152,0.9,-0.9446766344460251,6,5,4,3,2,1,0,6,5,4,0,0,1,1,1,1,1,0,0,1,0,1,0,0,0,0,0,1,1,0,1,0,0,0,0,0,0,0,0,0,-1.0556621880998078,-1.0715637508583293,-1.0705588772211891,-1.052419422003831,-1.041584555262367,-1.0482648051037111,-0.8737098767493906,0.40061458298540364,0.3099635926383647,-0.5882997989599082,0.7428571428571429,-1.1428571428571428,-1.2,0.49635036496350365,0.8529411764705882,0.6176470588235294,1.0364963503649636,1.3284671532846715,0.30656934306569344,-1.411764705882353
1,1,0,0,-1.0723676497680414,-1.7571428571428571,-0.9463380067134313,0,6,5,4,3,2,1,0,6,5,1,0,0,1,1,1,1,1,0,0,0,0,1,0,0,0,0,0,1,1,0,1,0,0,0,0,0,0,0,0,-1.055395143119419,-1.0593042924852198,-1.0715637508583293,-1.0614141750645456,-1.047062360132269,-1.041584555262367,-1.034904305421023,-0.8737098767493906,0.40061458298540364,0.2950803329622676,0.9142857142857143,0.7428571428571429,-1.1428571428571428,-1.2262773722627738,0.5,0.8529411764705882,0.6277372262773723,1.0364963503649636,1.3284671532846715,0.29411764705882354
2,1,0,0,-1.0605771324255973,-1.0142857142857142,-0.9356218246380106,1,0,6,5,4,3,2,1,0,6,1,1,0,0,1,1,1,1,1,0,0,0,0,1,0,0,0,0,0,1,0,0,1,0,0,0,0,0,0,0,-1.072018693148627,-1.0590363261819824,-1.0593042924852198,-1.0624135920712916,-1.0560806974180834,-1.047062360132269,-1.0282240555796789,-1.034904305421023,-0.8737098767493906,0.3852659212122218,-1.7428571428571429,0.9142857142857143,0.7428571428571429,-1.167883211678832,-1.2352941176470589,0.5,0.8613138686131386,0.6277372262773723,1.0364963503649636,1.3235294117647058
3,1,0,0,-0.7520809258235776,0.07142857142857142,-0.6265111912422671,2,1,0,6,5,4,3,2,1,0,1,1,1,0,0,1,1,1,1,1,0,0,0,0,1,0,0,0,0,0,0,0,0,1,0,0,0,0,0,0,-1.0602687140115161,-1.0757172285585086,-1.0590363261819824,-1.0502207045889895,-1.057082734894285,-1.0560806974180834,-1.033701860449581,-1.0282240555796789,-1.034904305421023,-0.8825161579743134,-1.0,-1.7428571428571429,0.9142857142857143,0.7591240875912408,-1.1764705882352942,-1.2352941176470589,0.5109489051094891,0.8613138686131386,0.6277372262773723,1.0294117647058822
4,1,0,0,-0.6975497831147731,0.24285714285714285,-0.5763700261889038,3,2,1,0,6,5,4,3,2,1,1,1,1,1,0,0,1,1,1,1,0,0,0,0,0,1,0,0,0,0,0,0,0,0,1,0,0,0,0,0,-0.7528331803388133,-1.0639267112160644,-1.0757172285585086,-1.0499541933871905,-1.0448578776846253,-1.057082734894285,-1.0427201977353955,-1.033701860449581,-1.0282240555796789,-1.0428830146044825,0.08571428571428572,-1.0,-1.7428571428571429,0.9343065693430657,0.7647058823529411,-1.1764705882352942,-1.2116788321167884,0.5109489051094891,0.8613138686131386,0.6176470588235294
5,0,1,0,-0.7287008658661172,0.8142857142857143,-0.6426191434510463,4,3,2,1,0,6,5,4,3,2,1,1,1,1,1,0,0,1,1,1,0,0,0,0,0,0,1,0,0,0,0,0,0,0,0,1,0,0,0,0,-0.6984895268296752,-0.7554305046140447,-1.0639267112160644,-1.0665445156991753,-1.0445906676909718,-1.0448578776846253,-1.0437222352115971,-1.0427201977353955,-1.033701860449581,-1.0362370611593865,0.2571428571428571,0.08571428571428572,-1.0,-1.781021897810219,0.9411764705882353,0.7647058823529411,-1.1532846715328466,-1.2116788321167884,0.5109489051094891,0.8529411764705882
6,0,1,0,-0.5330854645028387,-0.35714285714285715,-0.4817263164657196,5,4,3,2,1,0,6,5,4,3,0,1,1,1,1,1,0,0,1,1,1,0,0,0,0,0,0,1,0,0,0,0,0,0,0,0,1,0,0,0,-0.7295335057998831,-0.7008993619052402,-0.7554305046140447,-1.0548180228200215,-1.0612244897959184,-1.0445906676909718,-1.0314973780019372,-1.0437222352115971,-1.0427201977353955,-1.0416867429843653,0.8285714285714286,0.2571428571428571,0.08571428571428572,-1.0218978102189782,-1.7941176470588236,0.9411764705882353,0.7737226277372263,-1.1532846715328466,-1.2116788321167884,0.5
0,1,0,0,-0.6476410591368134,0.5571428571428572,-0.535450509006968,6,5,4,3,2,1,0,6,5,4,0,0,1,1,1,1,1,0,0,1,1,1,0,0,0,0,0,0,1,0,0,0,0,0,0,0,0,1,0,0,-0.5345906701159976,-0.7320504446565842,-0.7008993619052402,-0.7479970017489797,-1.0494672500751527,-1.0612244897959184,-1.0312301680082836,-1.0314973780019372,-1.0437222352115971,-1.050658780135245,-0.34285714285714286,0.8285714285714286,0.2571428571428571,0.08759124087591241,-1.0294117647058822,-1.7941176470588236,0.948905109489051,0.7737226277372263,-1.1532846715328466,-1.2352941176470589
1,1,0,0,-0.8142491081746469,0.24285714285714285,-0.7155964874455331,0,6,5,4,3,2,1,0,6,5,1,0,0,1,1,1,1,1,0,0,0,1,1,0,0,0,0,0,0,1,0,0,0,0,0,0,0,0,1,0,-0.6487523992322456,-0.5364350432933057,-0.7320504446565842,-0.6937619721828931,-0.7418417448812586,-1.0494672500751527,-1.0478639901132303,-1.0312301680082836,-1.0314973780019372,-1.0516556731520095,0.5714285714285714,-0.34285714285714286,0.8285714285714286,0.26277372262773724,0.08823529411764706,-1.0294117647058822,-1.7664233576642336,0.948905109489051,0.7737226277372263,-1.1764705882352942
2,1,0,0,-0.9314843658409954,0.5,-0.8167388998908349,1,0,6,5,4,3,2,1,0,6,1,1,0,0,1,1,1,1,1,0,0,0,1,1,0,0,0,0,0,0,0,0,0,0,0,0,0,0,0,1,-0.8147876157890344,-0.6509906379272805,-0.5364350432933057,-0.7247438993920211,-0.6874645111727179,-0.7418417448812586,-1.0361067503924646,-1.0478639901132303,-1.0312301680082836,-1.0394935783474835,0.2571428571428571,0.5714285714285714,-0.34285714285714286,0.8467153284671532,0.2647058823529412,0.08823529411764706,-1.0072992700729928,-1.7664233576642336,0.948905109489051,0.7647058823529411
3,1,0,0,-0.9120568088562861,0.6714285714285714,-0.8132728731918779,2,1,0,6,5,4,3,2,1,0,1,1,1,0,0,1,1,1,1,1,0,0,0,1,1,0,0,0,0,0,0,0,0,0,0,0,0,0,0,0,-0.9316197947091712,-0.8175986869651141,-0.6509906379272805,-0.5301907220787873,-0.7185276729349678,-0.6874645111727179,-0.7284812451985705,-1.0361067503924646,-1.0478639901132303,-1.0392277402096797,0.5142857142857142,0.2571428571428571,0.5714285714285714,-0.35036496350364965,0.8529411764705882,0.2647058823529412,0.10218978102189781,-1.0072992700729928,-1.7664233576642336,0.9411764705882353
4,1,0,0,-0.8531042221440652,0.32857142857142857,-0.7529092265634619,3,2,1,0,6,5,4,3,2,1,1,1,1,1,0,0,1,1,1,1,0,0,0,0,1,1,0,0,0,0,0,0,0,0,0,0,0,0,0,0,-0.9122590336309772,-0.9348339446314624,-0.8175986869651141,-0.6441242608478386,-0.5234643775677211,-0.7185276729349678,-0.6741040114900297,-0.7284812451985705,-1.0361067503924646,-1.055776164287969,0.6857142857142857,0.5142857142857142,0.2571428571428571,0.583941605839416,-0.35294117647058826,0.8529411764705882,0.2773722627737226,0.10218978102189781,-1.0072992700729928,-1.7941176470588236
5,0,1,0,-0.6695473044264681,0.6142857142857143,-0.6407081954575077,4,3,2,1,0,6,5,4,3,2,1,1,1,1,1,0,0,1,1,1,0,0,0,0,0,1,1,0,0,0,0,0,0,0,0,0,0,0,0,0,-0.8535091379454226,-0.9154063876467532,-0.9348339446314624,-0.8098276005663362,-0.6376966498547046,-0.5234643775677211,-0.7051671732522797,-0.6741040114900297,-0.7284812451985705,-1.0440792862245998,0.34285714285714286,0.6857142857142857,0.5142857142857142,0.26277372262773724,0.5882352941176471,-0.35294117647058826,0.8613138686131386,0.2773722627737226,0.10218978102189781,-1.0294117647058822
6,0,1,0,-0.9093771458239124,-0.12857142857142856,-0.7943078434817565,5,4,3,2,1,0,6,5,4,3,0,1,1,1,1,1,0,0,1,1,1,0,0,0,0,0,1,1,0,0,0,0,0,0,0,0,0,0,0,0,-0.6705833263790368,-0.8564538009345324,-0.9154063876467532,-0.9264262513533771,-0.8038344634089316,-0.6376966498547046,-0.510103877885033,-0.7051671732522797,-0.6741040114900297,-0.7380331300779237,0.6285714285714286,0.34285714285714286,0.6857142857142857,0.5255474452554745,0.2647058823529412,0.5882352941176471,-0.3357664233576642,0.8613138686131386,0.2773722627737226,0.08823529411764706
0,1,0,0,-0.9911068683113098,-0.04285714285714286,-0.8868457336810911,6,5,4,3,2,1,0,6,5,4,0,0,1,1,1,1,1,0,0,1,1,1,0,0,0,0,0,1,1,0,0,0,0,0,0,0,0,0,0,0,-0.9095885838270883,-0.6728968832169353,-0.8564538009345324,-0.9071041892229531,-0.9207388356324527,-0.8038344634089316,-0.6243361501720165,-0.510103877885033,-0.7051671732522797,-0.6839350690348412,-0.11428571428571428,0.6285714285714286,0.34285714285714286,0.7007299270072993,0.5294117647058824,0.2647058823529412,0.5985401459854015,-0.3357664233576642,0.8613138686131386,0.2647058823529412
1,1,0,0,-0.9254551240181546,-0.7,-0.8438988517472491,0,6,5,4,3,2,1,0,6,5,1,0,0,1,1,1,1,1,0,0,0,1,1,0,0,0,0,0,1,1,0,0,0,0,0,0,0,0,0,0,-0.991037302845698,-0.9127267246143795,-0.6728968832169353,-0.848471724827184,-0.9013661110925549,-0.9207388356324527,-0.7904739637262435,-0.6243361501720165,-0.510103877885033,-0.7148387525545382,-0.02857142857142857,-0.11428571428571428,0.6285714285714286,0.35036496350364965,0.7058823529411765,0.5294117647058824,0.2773722627737226,0.5985401459854015,-0.3357664233576642,0.8529411764705882
2,0,0,1,-0.6286824431827697,-1.3285714285714285,-0.5818005370161002,1,0,6,5,4,3,2,1,0,6,1,1,0,0,1,1,1,1,1,0,0,0,1,1,0,0,0,0,0,1,0,0,0,0,0,0,0,0,0,0,-0.9256112826504214,-0.9944564471017768,-0.9127267246143795,-0.6659115515949028,-0.8425799124887272,-0.9013661110925549,-0.9073783359497647,-0.7904739637262435,-0.6243361501720165,-0.5207769119577317,-0.6857142857142857,-0.02857142857142857,-0.11428571428571428,0.6423357664233577,0.35294117647058826,0.7058823529411765,0.5401459854014599,0.2773722627737226,0.5985401459854015,-0.35294117647058826
3,1,0,0,-0.792141888157564,-0.9285714285714286,-0.7231024482074399,2,1,0,6,5,4,3,2,1,0,0,1,1,0,0,1,1,1,1,1,0,0,0,1,1,0,0,0,0,0,1,0,0,0,0,0,0,0,0,0,-0.6298589668697321,-0.9288047028086216,-0.9944564471017768,-0.9044390772049635,-0.6595410668358997,-0.8425799124887272,-0.8880056114098668,-0.9073783359497647,-0.7904739637262435,-0.6344227158688752,-1.3142857142857143,-0.6857142857142857,-0.02857142857142857,-0.11678832116788321,0.6470588235294118,0.35294117647058826,0.7153284671532847,0.5401459854014599,0.2773722627737226,0.5882352941176471
4,1,0,0,-0.9221055452276874,-0.6714285714285714,-0.8038197545416893,3,2,1,0,6,5,4,3,2,1,1,0,1,1,0,0,1,1,1,1,0,0,0,0,1,1,0,0,0,0,0,1,0,0,0,0,0,0,0,0,-0.7927564049069514,-0.6320320219732367,-0.9288047028086216,-0.9857249937536436,-0.8986940111560173,-0.6595410668358997,-0.8292194128060391,-0.8880056114098668,-0.9073783359497647,-0.7997075780484157,-0.9142857142857143,-1.3142857142857143,-0.6857142857142857,-0.029197080291970802,-0.11764705882352941,0.6470588235294118,0.36496350364963503,0.7153284671532847,0.5401459854014599,0.2647058823529412
5,0,1,0,-0.9154063876467532,-0.7571428571428571,-0.8389036383643835,4,3,2,1,0,6,5,4,3,2,1,1,0,1,1,0,0,1,1,1,0,0,0,0,0,1,1,0,0,0,0,0,1,0,0,0,0,0,0,0,-0.9222732203955603,-0.7954914669480311,-0.6320320219732367,-0.9204297493129007,-0.980193059220415,-0.8986940111560173,-0.6461805671532116,-0.8292194128060391,-0.8880056114098668,-0.9160117633375977,-0.6571428571428571,-0.9142857142857143,-1.3142857142857143,-0.7007299270072993,-0.029411764705882353,-0.11764705882352941,0.656934306569343,0.36496350364963503,0.7153284671532847,0.5294117647058824
6,0,1,0,-0.40292083270528717,-1.3,-0.31426139358452165,5,4,3,2,1,0,6,5,4,3,0,1,1,0,1,1,0,0,1,1,1,0,0,0,0,0,1,1,0,0,0,0,0,1,0,0,0,0,0,0,-0.9155970958858382,-0.9254551240181546,-0.7954914669480311,-0.6252685933205628,-0.9147266107752431,-0.980193059220415,-0.8853335114733292,-0.6461805671532116,-0.8292194128060391,-0.896738498346819,-0.7428571428571429,-0.6571428571428571,-0.9142857142857143,-1.3430656934306568,-0.7058823529411765,-0.029411764705882353,-0.10218978102189781,0.656934306569343,0.36496350364963503,0.7058823529411765
0,1,0,0,-0.8075499505937127,-1.1285714285714286,-0.7578602483005927,6,5,4,3,2,1,0,6,5,4,0,0,1,1,0,1,1,0,0,1,1,1,0,0,0,0,0,1,1,0,0,0,0,0,1,0,0,0,0,0,-0.404873570892097,-0.9187559664372204,-0.9254551240181546,-0.7878404264179227,-0.618791542803701,-0.9147266107752431,-0.9668325595377268,-0.8853335114733292,-0.6461805671532116,-0.8382541080299731,-1.2857142857142858,-0.7428571428571429,-0.6571428571428571,-0.9343065693430657,-1.3529411764705883,-0.7058823529411765,-0.014598540145985401,-0.10218978102189781,0.656934306569343,0.35294117647058826
1,1,0,0,-0.7673550051081075,-0.9285714285714286,-0.781374681399162,0,6,5,4,3,2,1,0,6,5,1,0,0,1,1,0,1,1,0,0,0,1,1,0,0,0,0,0,1,1,0,0,0,0,0,1,0,0,0,0,-0.8081114912793123,-0.40627041149575427,-0.9187559664372204,-0.9170983592904137,-0.7817896389324961,-0.618791542803701,-0.9013661110925549,-0.9668325595377268,-0.8853335114733292,-0.6561549836343396,-1.1142857142857143,-1.2857142857142858,-0.7428571428571429,-0.6715328467153284,-0.9411764705882353,-1.3529411764705883,-0.6861313868613139,-0.014598540145985401,-0.10218978102189781,0.6470588235294118
2,0,0,1,0.21340166474065897,-1.6142857142857143,-0.39783830821920807,1,0,6,5,4,3,2,1,0,6,1,1,0,0,1,1,0,1,1,0,0,0,1,1,0,0,0,0,0,1,0,0,0,0,0,0,1,0,0,0,-0.7680547442209796,-0.8108995293841799,-0.40627041149575427,-0.91043557924544,-0.911386485854571,-0.7817896389324961,-0.6054310431210128,-0.9013661110925549,-0.9668325595377268,-0.8940801169687804,-0.9142857142857143,-1.1142857142857143,-1.2857142857142858,-0.7591240875912408,-0.6764705882352942,-0.9411764705882353,-1.3284671532846715,-0.6861313868613139,-0.014598540145985401,-0.11764705882352941
3,1,0,0,-0.40292083270528717,-1.1857142857142857,-0.40642959243914034,2,1,0,6,5,4,3,2,1,0,0,1,1,0,0,1,1,0,1,1,0,0,0,1,1,0,0,0,0,0,1,0,0,0,0,0,0,1,0,0,0.20932988400233676,-0.7707045838985747,-0.8108995293841799,-0.40073290580494697,-0.904706236013227,-0.911386485854571,-0.7684291392498079,-0.6054310431210128,-0.9013661110925549,-0.9751607489989532,-1.6,-0.9142857142857143,-1.1142857142857143,-1.313868613138686,-0.7647058823529411,-0.6764705882352942,-0.9197080291970803,-1.3284671532846715,-0.6861313868613139,-0.029411764705882353
4,1,0,0,-0.2689376810866032,-1.2428571428571429,-0.3229467067246739,3,2,1,0,6,5,4,3,2,1,1,0,1,1,0,0,1,1,0,1,0,0,0,0,1,1,0,0,0,0,0,1,0,0,0,0,0,0,1,0,-0.404873570892097,0.21005208595019187,-0.7707045838985747,-0.8031648205213624,-0.39366712315040586,-0.904706236013227,-0.8980259861718829,-0.7684291392498079,-0.6054310431210128,-0.9100304052370112,-1.1714285714285715,-1.6,-0.9142857142857143,-1.1386861313868613,-1.3235294117647058,-0.7647058823529411,-0.656934306569343,-0.9197080291970803,-1.3284671532846715,-0.7058823529411765
5,0,1,0,-0.4431157781908924,-0.8142857142857143,-0.4540570899606607,4,3,2,1,0,6,5,4,3,2,1,1,0,1,1,0,0,1,1,0,0,0,0,0,0,1,1,0,0,0,0,0,1,0,0,0,0,0,0,1,-0.2713510806976549,-0.40627041149575427,0.21005208595019187,-0.7631881402515198,-0.7971542135675875,-0.39366712315040586,-0.8913457363305388,-0.8980259861718829,-0.7684291392498079,-0.6156146676192533,-1.2285714285714286,-1.1714285714285715,-1.6,-0.9343065693430657,-1.1470588235294117,-1.3235294117647058,-0.7445255474452555,-0.656934306569343,-0.9197080291970803,-1.3529411764705883
6,0,1,0,-0.3359292568959452,-1.3,-0.24386254451407927,5,4,3,2,1,0,6,5,4,3,0,1,1,0,1,1,0,0,1,1,1,0,0,0,0,0,1,1,0,0,0,0,0,1,0,0,0,0,0,0,-0.44493031795042964,-0.2722872598770703,-0.40627041149575427,0.2122428583326394,-0.7570727145195232,-0.7971542135675875,-0.38030662346771776,-0.8913457363305388,-0.8980259861718829,-0.7777759316795985,-0.8,-1.2285714285714286,-1.1714285714285715,-1.635036496350365,-0.9411764705882353,-1.1470588235294117,-1.2992700729927007,-0.7445255474452555,-0.656934306569343,-0.9411764705882353
0,0,0,1,-0.905357651275352,-1.6142857142857143,-0.7655178623313429,6,5,4,3,2,1,0,6,5,4,0,0,1,1,0,1,1,0,0,1,1,1,0,0,0,0,0,1,1,0,0,0,0,0,1,0,0,0,0,0,-0.338112325794876,-0.4464653569813595,-0.2722872598770703,-0.40073290580494697,0.22091586225324825,-0.7570727145195232,-0.7837937138848994,-0.38030662346771776,-0.8913457363305388,-0.9067074285144632,-1.2857142857142858,-0.8,-1.2285714285714286,-1.197080291970803,-1.6470588235294117,-0.9411764705882353,-1.1240875912408759,-1.2992700729927007,-0.7445255474452555,-0.6764705882352942
1,1,0,0,-0.6038955601333131,-0.7571428571428571,-0.49530736311662066,0,6,5,4,3,2,1,0,6,5,0,0,0,1,1,0,1,1,0,0,0,1,1,0,0,0,0,0,1,1,1,0,0,0,0,1,0,0,0,0,-0.905582909121255,-0.3392788356864123,-0.4464653569813595,-0.26747730490547167,-0.39366712315040586,0.22091586225324825,-0.743712214836835,-0.7837937138848994,-0.38030662346771776,-0.900061475069367,-1.6,-1.2857142857142858,-0.8,-1.2554744525547445,-1.2058823529411764,-1.6470588235294117,-0.9197080291970803,-1.1240875912408759,-1.2992700729927007,-0.7647058823529411
2,1,0,0,-0.7110820814282602,-0.44285714285714284,-0.5848049848955096,1,0,6,5,4,3,2,1,0,6,1,0,0,0,1,1,0,1,1,0,0,0,1,1,0,0,0,0,0,1,0,1,0,0,0,0,1,0,0,0,-0.6051573061837602,-0.9087072300658191,-0.3392788356864123,-0.44070958607478955,-0.26006212632352455,-0.39366712315040586,0.23427636193593637,-0.743712214836835,-0.7837937138848994,-0.39164603651951413,-0.7428571428571429,-1.6,-1.2857142857142858,-0.8175182481751825,-1.2647058823529411,-1.2058823529411764,-1.6204379562043796,-0.9197080291970803,-1.1240875912408759,-1.3235294117647058
3,1,0,0,-0.4900098812574317,-0.6142857142857143,-0.3552482689577537,2,1,0,6,5,4,3,2,1,0,1,1,0,0,0,1,1,0,1,1,0,0,0,1,1,0,0,0,0,0,0,0,1,0,0,0,0,1,0,0,-0.711975298339314,-0.6072451389237802,-0.9087072300658191,-0.3341051053552093,-0.43374862219847027,-0.26006212632352455,-0.38030662346771776,0.23427636193593637,-0.743712214836835,-0.7930616246033195,-0.42857142857142855,-0.7428571428571429,-1.6,-1.313868613138686,-0.8235294117647058,-1.2647058823529411,-1.1824817518248176,-1.6204379562043796,-0.9197080291970803,-1.1470588235294117
4,1,0,0,-0.8919593361134835,-0.7571428571428571,-0.7561365794400802,3,2,1,0,6,5,4,3,2,1,1,1,1,0,0,0,1,1,0,1,0,0,0,0,1,1,0,0,0,0,0,0,0,1,0,0,0,0,1,0,-0.4916631895184844,-0.7144316602187273,-0.6072451389237802,-0.9004414091779793,-0.3268646247369652,-0.43374862219847027,-0.24670162664083642,-0.38030662346771776,0.23427636193593637,-0.7531859039327429,-0.6,-0.42857142857142855,-0.7428571428571429,-1.635036496350365,-1.3235294117647058,-0.8235294117647058,-1.2408759124087592,-1.1824817518248176,-1.6204379562043796,-0.9411764705882353
5,0,1,0,-0.7311795541710628,-0.6428571428571429,-0.6101246564561902,4,3,2,1,0,6,5,4,3,2,1,1,1,1,0,0,0,1,1,0,0,0,0,0,0,1,1,0,0,0,0,0,0,0,1,0,0,0,0,1,-0.8922306601018108,-0.4933594600478988,-0.7144316602187273,-0.6006163071541599,-0.8946858612512109,-0.3268646247369652,-0.42038812251578217,-0.24670162664083642,-0.38030662346771776,0.2197816804293285,-0.7428571428571429,-0.6,-0.42857142857142855,-0.7591240875912408,-1.6470588235294117,-1.3235294117647058,-0.8029197080291971,-1.2408759124087592,-1.1824817518248176,-1.6470588235294117
6,0,1,0,-0.8651627057897467,-1.3857142857142857,-0.7209179792347934,5,4,3,2,1,0,6,5,4,3,0,1,1,1,1,0,0,0,1,1,1,0,0,0,0,0,1,1,0,0,0,0,0,0,0,1,0,0,0,0,-0.7320036718684803,-0.8953089149039507,-0.4933594600478988,-0.7072207878737402,-0.5940746183907278,-0.8946858612512109,-0.3135041250542771,-0.42038812251578217,-0.24670162664083642,-0.39164603651951413,-0.6285714285714286,-0.7428571428571429,-0.6,-0.43795620437956206,-0.7647058823529411,-1.6470588235294117,-1.2992700729927007,-0.8029197080291971,-1.2408759124087592,-1.2058823529411764
0,1,0,0,-0.670887135942655,-0.6714285714285714,-0.5945719226334717,6,5,4,3,2,1,0,6,5,4,0,0,1,1,1,1,0,0,0,1,1,1,0,0,0,0,0,1,1,0,0,0,0,0,0,0,1,0,0,0,-0.8655261620629224,-0.7345291329615299,-0.8953089149039507,-0.4873490463896059,-0.700958615852233,-0.5940746183907278,-0.8813253615685227,-0.3135041250542771,-0.42038812251578217,-0.25872696761759184,-1.3714285714285714,-0.6285714285714286,-0.7428571428571429,-0.6131386861313869,-0.4411764705882353,-0.7647058823529411,-1.6204379562043796,-1.2992700729927007,-0.8029197080291971,-1.2647058823529411
1,1,0,0,-0.7512770269138654,-0.7285714285714285,-0.6637846056357976,0,6,5,4,3,2,1,0,6,5,1,0,0,1,1,1,1,0,0,0,0,1,1,0,0,0,0,0,1,1,0,0,0,0,0,0,0,1,0,0,-0.6719185512809813,-0.8685122845802139,-0.7345291329615299,-0.8871158490880319,-0.48051037108787875,-0.700958615852233,-0.5807141187080398,-0.8813253615685227,-0.3135041250542771,-0.43152175719009084,-0.6571428571428571,-1.3714285714285714,-0.6285714285714286,-0.7591240875912408,-0.6176470588235294,-0.4411764705882353,-0.7445255474452555,-1.6204379562043796,-1.2992700729927007,-0.8235294117647058
2,1,0,0,-0.5503022994858395,-0.5571428571428572,-0.5050194019819078,1,0,6,5,4,3,2,1,0,6,1,1,0,0,1,1,1,1,0,0,0,0,1,1,0,0,0,0,0,1,0,0,0,0,0,0,0,0,1,0,-0.7520320453976466,-0.6742367147331222,-0.8685122845802139,-0.7272091280086614,-0.8813253615685227,-0.48051037108787875,-0.6875981161695448,-0.5807141187080398,-0.8813253615685227,-0.325186502068553,-0.7142857142857143,-0.6571428571428571,-1.3714285714285714,-0.6423357664233577,-0.7647058823529411,-0.6176470588235294,-0.4233576642335766,-0.7445255474452555,-1.6204379562043796,-1.3235294117647058
3,1,0,0,-0.3024334689912742,-0.8142857142857143,-0.2436293216436372,2,1,0,6,5,4,3,2,1,0,1,1,1,0,0,1,1,1,1,0,0,0,0,1,1,0,0,0,0,0,0,0,0,0,0,0,0,0,0,1,-0.5517483101059834,-0.7546266057043325,-0.6742367147331222,-0.8604647289081367,-0.7209993653762652,-0.8813253615685227,-0.4671498714051906,-0.6875981161695448,-0.5807141187080398,-0.8900925449017228,-0.5428571428571428,-0.7142857142857143,-0.6571428571428571,-1.4014598540145986,-0.6470588235294118,-0.7647058823529411,-0.5985401459854015,-0.4233576642335766,-0.7445255474452555,-1.6470588235294117
4,1,0,0,-0.24214105076286643,-0.6428571428571429,-0.21033899567184686,3,2,1,0,6,5,4,3,2,1,1,1,1,1,0,0,1,1,1,1,0,0,0,0,1,1,0,0,0,0,0,0,0,0,0,0,0,0,0,0,-0.3047317032462654,-0.5536518782763066,-0.7546266057043325,-0.6672441076038976,-0.8546043622031465,-0.7209993653762652,-0.8679648618858347,-0.4671498714051906,-0.6875981161695448,-0.5910246398723976,-0.8,-0.5428571428571428,-0.7142857142857143,-0.6715328467153284,-1.411764705882353,-0.6470588235294118,-0.7445255474452555,-0.5985401459854015,-0.4233576642335766,-0.7647058823529411
5,0,1,0,-0.6239930328761156,-0.5857142857142857,-0.5534555871526904,4,3,2,1,0,6,5,4,3,2,1,1,1,1,1,0,0,1,1,1,0,0,0,0,0,1,1,0,0,0,0,0,0,0,0,0,0,0,0,0,-0.2446465826587665,-0.3057830477817413,-0.5536518782763066,-0.7471974681435828,-0.6608771168041685,-0.8546043622031465,-0.707638865693577,-0.8679648618858347,-0.4671498714051906,-0.6973598949939355,-0.6285714285714286,-0.8,-0.5428571428571428,-0.7299270072992701,-0.6764705882352942,-1.411764705882353,-0.6277372262773723,-0.7445255474452555,-0.5985401459854015,-0.4411764705882353
6,0,1,0,-0.938853439180023,-1.4428571428571428,-0.8186177262035531,5,4,3,2,1,0,6,5,4,3,0,1,1,1,1,1,0,0,1,1,1,0,0,0,0,0,1,1,0,0,0,0,0,0,0,0,0,0,0,0,-0.6251856797129266,-0.24549062955333353,-0.3057830477817413,-0.5473140667943698,-0.7410401149002973,-0.6608771168041685,-0.8412438625204584,-0.707638865693577,-0.8679648618858347,-0.47804343130576366,-0.5714285714285714,-0.6285714285714286,-0.8,-0.5547445255474452,-0.7352941176470589,-0.6764705882352942,-1.3868613138686132,-0.6277372262773723,-0.7445255474452555,-0.6176470588235294
0,1,0,0,-0.8182686027232073,-0.5285714285714286,-0.7086490545761958,6,5,4,3,2,1,0,6,5,4,0,0,1,1,1,1,1,0,0,1,1,1,0,0,0,0,0,1,1,0,0,0,0,0,0,0,0,0,0,0,-0.9389635316698656,-0.6273426116665828,-0.24549062955333353,-0.3007912051303405,-0.5406326196599753,-0.7410401149002973,-0.6475166171214805,-0.8412438625204584,-0.707638865693577,-0.8768006380115306,-1.4285714285714286,-0.5714285714285714,-0.6285714285714286,-0.8175182481751825,-0.5588235294117647,-0.7352941176470589,-0.656934306569343,-1.3868613138686132,-0.6277372262773723,-0.7647058823529411
1,1,0,0,-0.36942504480061616,-0.24285714285714285,-0.2097691765217768,0,6,5,4,3,2,1,0,6,5,1,0,0,1,1,1,1,1,0,0,0,1,1,0,0,0,0,0,1,1,0,0,0,0,0,0,0,0,0,0,-0.8187932904948676,-0.94220301797049,-0.6273426116665828,-0.24082618472557663,-0.2934633755302449,-0.5406326196599753,-0.7276796152176093,-0.6475166171214805,-0.8412438625204584,-0.7172977553292238,-0.5142857142857142,-1.4285714285714286,-0.5714285714285714,-0.6423357664233577,-0.8235294117647058,-0.5588235294117647,-0.7153284671532847,-0.656934306569343,-1.3868613138686132,-0.6470588235294118
2,1,0,0,-0.9187559664372204,-0.6428571428571429,-0.7942984989927906,1,0,6,5,4,3,2,1,0,6,1,1,0,0,1,1,1,1,1,0,0,0,1,1,0,0,0,0,0,1,0,0,0,0,0,0,0,0,0,0,-0.3714929483434865,-0.8216181815136745,-0.94220301797049,-0.6206046472890813,-0.2333411269581483,-0.2934633755302449,-0.5272721199772872,-0.7276796152176093,-0.6475166171214805,-0.8502168242311461,-0.22857142857142856,-0.5142857142857142,-1.4285714285714286,-0.583941605839416,-0.6470588235294118,-0.8235294117647058,-0.5401459854014599,-0.7153284671532847,-0.656934306569343,-1.411764705882353
3,1,0,0,-0.6976837662663918,-0.6428571428571429,-0.506453197007622,2,1,0,6,5,4,3,2,1,0,1,1,1,0,0,1,1,1,1,1,0,0,0,1,1,0,0,0,0,0,0,0,0,0,0,0,0,0,0,0,-0.9189351581406993,-0.37277462359108327,-0.8216181815136745,-0.9337553094028482,-0.6141153679147601,-0.2333411269581483,-0.2801028758475568,-0.5272721199772872,-0.7276796152176093,-0.6574841743233588,-0.6285714285714286,-0.22857142857142856,-0.5142857142857142,-1.4598540145985401,-0.5882352941176471,-0.6470588235294118,-0.8029197080291971,-0.5401459854014599,-0.7153284671532847,-0.6764705882352942
4,1,0,0,-0.4967090388383659,-0.15714285714285714,-0.3893291776314349,3,2,1,0,6,5,4,3,2,1,1,1,1,1,0,0,1,1,1,1,0,0,0,0,1,1,0,0,0,0,0,0,0,0,0,0,0,0,0,0,-0.6986230493198697,-0.9221055452276874,-0.37277462359108327,-0.8138252685933204,-0.9280871104579312,-0.6141153679147601,-0.21998062727546017,-0.2801028758475568,-0.5272721199772872,-0.7372356156645121,-0.6285714285714286,-0.6285714285714286,-0.22857142857142856,-0.5255474452554745,-1.4705882352941178,-0.5882352941176471,-0.6277372262773723,-0.8029197080291971,-0.5401459854014599,-0.7352941176470589
5,0,1,0,-0.42301830544808977,-0.7571428571428571,-0.24668847371886812,4,3,2,1,0,6,5,4,3,2,1,1,1,1,1,0,0,1,1,1,0,0,0,0,0,1,1,0,0,0,0,0,0,0,0,0,0,0,0,0,-0.4983393140282065,-0.701033345056859,-0.9221055452276874,-0.3674190055800782,-0.807842613313738,-0.9280871104579312,-0.6007548682320719,-0.21998062727546017,-0.2801028758475568,-0.5378570123116287,-0.14285714285714285,-0.6285714285714286,-0.6285714285714286,-0.23357664233576642,-0.5294117647058824,-1.4705882352941178,-0.5693430656934306,-0.6277372262773723,-0.8029197080291971,-0.5588235294117647
6,0,1,0,-0.6038955601333131,-1.2142857142857142,-0.4140998604653653,5,4,3,2,1,0,6,5,4,3,0,1,1,1,1,1,0,0,1,1,1,0,0,0,0,0,1,1,0,0,0,0,0,0,0,0,0,0,0,0,-0.42490194442126333,-0.5000586176288331,-0.701033345056859,-0.9137669692679269,-0.36026587394368553,-0.807842613313738,-0.9147266107752431,-0.6007548682320719,-0.21998062727546017,-0.2919567348430724,-0.7428571428571429,-0.14285714285714285,-0.6285714285714286,-0.6423357664233577,-0.23529411764705882,-0.5294117647058824,-1.4452554744525548,-0.5693430656934306,-0.6277372262773723,-0.8235294117647058
0,1,0,0,-0.737878711751997,-0.5285714285714286,-0.5766910483202551,6,5,4,3,2,1,0,6,5,4,0,0,1,1,1,1,1,0,0,1,1,1,0,0,0,0,0,1,1,0,0,0,0,0,0,0,0,0,0,0,-0.6051573061837602,-0.42636788423855687,-0.5000586176288331,-0.6938952277837926,-0.908046360933899,-0.36026587394368553,-0.7944821136310499,-0.9147266107752431,-0.6007548682320719,-0.23214315383720738,-1.2,-0.7428571428571429,-0.14285714285714285,-0.6423357664233577,-0.6470588235294118,-0.23529411764705882,-0.5109489051094891,-1.4452554744525548,-0.5693430656934306,-0.6470588235294118
1,1,0,0,0.09951598586477763,-0.04285714285714286,0.17894462757587895,0,6,5,4,3,2,1,0,6,5,1,0,0,1,1,1,1,1,0,0,0,1,1,0,0,0,0,0,1,1,0,0,0,0,0,0,0,0,0,0,-0.7386797963782024,-0.6072451389237802,-0.42636788423855687,-0.4940118264345797,-0.6875981161695448,-0.908046360933899,-0.34690537426099743,-0.7944821136310499,-0.9147266107752431,-0.6109625002076859,-0.5142857142857142,-1.2,-0.7428571428571429,-0.145985401459854,-0.6470588235294118,-0.6470588235294118,-0.21897810218978103,-0.5109489051094891,-1.4452554744525548,-0.5882352941176471
2,1,0,0,-0.5503022994858395,-0.38571428571428573,-0.39802072043089776,1,0,6,5,4,3,2,1,0,6,1,1,0,0,1,1,1,1,1,0,0,0,1,1,0,0,0,0,0,1,0,0,0,0,0,0,0,0,0,0,0.09583576733706096,-0.7412282905424641,-0.6072451389237802,-0.42072124593986826,-0.48719062092922283,-0.6875981161695448,-0.8946858612512109,-0.34690537426099743,-0.7944821136310499,-0.9233223121272034,-0.02857142857142857,-0.5142857142857142,-1.2,-0.7591240875912408,-0.14705882352941177,-0.6470588235294118,-0.6277372262773723,-0.21897810218978103,-0.5109489051094891,-1.4705882352941178
3,1,0,0,0.23349913748346157,0.15714285714285714,0.08515204505601097,2,1,0,6,5,4,3,2,1,0,1,1,1,0,0,1,1,1,1,1,0,0,0,1,1,0,0,0,0,0,0,0,0,0,0,0,0,0,0,0,-0.5517483101059834,0.09616640707431053,-0.7412282905424641,-0.6006163071541599,-0.4137078726744381,-0.48719062092922283,-0.6742376164868567,-0.8946858612512109,-0.34690537426099743,-0.8036951501154733,-0.37142857142857144,-0.02857142857142857,-0.5142857142857142,-1.2262773722627738,-0.7647058823529411,-0.14705882352941177,-0.6277372262773723,-0.6277372262773723,-0.21897810218978103,-0.5294117647058824
4,1,0,0,-0.4967090388383659,0.07142857142857142,-0.6372328242695846,3,2,1,0,6,5,4,3,2,1,1,1,1,1,0,0,1,1,1,1,0,0,0,0,1,1,0,0,0,0,0,0,0,0,0,0,0,0,0,0,0.2293582575315031,-0.5536518782763066,0.09616640707431053,-0.7338719080536352,-0.5940746183907278,-0.4137078726744381,-0.4738301212465347,-0.6742376164868567,-0.8946858612512109,-0.3584162692940336,0.17142857142857143,-0.37142857142857144,-0.02857142857142857,-0.5255474452554745,-1.2352941176470589,-0.7647058823529411,-0.13138686131386862,-0.6277372262773723,-0.6277372262773723,-0.23529411764705882
5,0,1,0,0.36748228910214553,-0.24285714285714285,0.23788460237496029,4,3,2,1,0,6,5,4,3,2,1,1,1,1,1,0,0,1,1,1,0,0,0,0,0,1,1,0,0,0,0,0,0,0,0,0,0,0,0,0,-0.4983393140282065,0.23014955869299447,-0.5536518782763066,0.0989755975680854,-0.7276796152176093,-0.5940746183907278,-0.40034737299174994,-0.4738301212465347,-0.6742376164868567,-0.9033844517919151,0.08571428571428572,0.17142857142857143,-0.37142857142857144,-0.029197080291970802,-0.5294117647058824,-1.2352941176470589,-0.7445255474452555,-0.13138686131386862,-0.6277372262773723,-0.6470588235294118
6,0,1,0,-0.5904972449714447,-1.3,-0.47194244184150674,5,4,3,2,1,0,6,5,4,3,0,1,1,1,1,1,0,0,1,1,1,0,0,0,0,0,1,1,0,0,0,0,0,0,0,0,0,0,0,0,0.3628807477259452,-0.5000586176288331,0.23014955869299447,-0.5473140667943698,0.1073516149503991,-0.7276796152176093,-0.5807141187080398,-0.40034737299174994,-0.4738301212465347,-0.6840679881037433,-0.22857142857142856,0.08571428571428572,0.17142857142857143,-0.3795620437956204,-0.029411764705882353,-0.5294117647058824,-1.2116788321167884,-0.7445255474452555,-0.13138686131386862,-0.6470588235294118
0,1,0,0,-0.06796295365857731,-0.12857142857142856,-0.19133133173081837,6,5,4,3,2,1,0,6,5,4,0,0,1,1,1,1,1,0,0,1,1,1,0,0,0,0,0,1,1,0,0,0,0,0,0,0,0,0,0,0,-0.591805057164316,0.36413271031167843,-0.5000586176288331,0.2322311984675607,-0.5406326196599753,0.1073516149503991,-0.7143191155349211,-0.5807141187080398,-0.40034737299174994,-0.48468938475085976,-1.2857142857142858,-0.22857142857142856,0.08571428571428572,0.17518248175182483,-0.38235294117647056,-0.029411764705882353,-0.5109489051094891,-1.2116788321167884,-0.7445255474452555,-0.14705882352941177
1,1,0,0,-0.262238523505669,0.24285714285714285,-0.2820846192145081,0,6,5,4,3,2,1,0,6,5,1,0,0,1,1,1,1,1,0,0,0,1,1,0,0,0,0,0,1,1,0,0,0,0,0,0,0,0,0,0,-0.0710673454059917,-0.5938468237619118,0.36413271031167843,-0.4940118264345797,0.24095661177728045,-0.5406326196599753,0.12071211463308723,-0.7143191155349211,-0.5807141187080398,-0.4115838968548025,-0.11428571428571428,-1.2857142857142858,-0.22857142857142856,0.08759124087591241,0.17647058823529413,-0.38235294117647056,-0.014598540145985401,-0.5109489051094891,-1.2116788321167884,-0.7647058823529411
2,1,0,0,-0.5302048267430369,0.15714285714285714,-0.5660402776675961,1,0,6,5,4,3,2,1,0,6,1,1,0,0,1,1,1,1,1,0,0,0,1,1,0,0,0,0,0,1,0,0,0,0,0,0,0,0,0,0,-0.2646749561879328,-0.07131253244904441,-0.5938468237619118,0.365486799367036,-0.48719062092922283,0.24095661177728045,-0.5272721199772872,0.12071211463308723,-0.7143191155349211,-0.5910246398723976,0.2571428571428571,-0.11428571428571428,-1.2857142857142858,-0.23357664233576642,0.08823529411764706,0.17647058823529413,-0.36496350364963503,-0.014598540145985401,-0.5109489051094891,-1.2352941176470589
3,1,0,0,0.22679997990252737,0.35714285714285715,0.07480107675767647,2,1,0,6,5,4,3,2,1,0,1,1,1,0,0,1,1,1,1,1,0,0,0,1,1,0,0,0,0,0,0,0,0,0,0,0,0,0,0,0,-0.531719936576817,-0.2655881022961361,-0.07131253244904441,-0.5872907470642124,0.37456160860416177,-0.48719062092922283,0.25431711145996855,-0.5272721199772872,0.12071211463308723,-0.7239437087743199,0.17142857142857143,0.2571428571428571,-0.11428571428571428,-1.313868613138686,-0.23529411764705882,0.08823529411764706,0.1897810218978102,-0.36496350364963503,-0.014598540145985401,-0.5294117647058824
4,1,0,0,-0.5904972449714447,-0.15714285714285714,-0.5353021652446334,3,2,1,0,6,5,4,3,2,1,1,1,1,1,0,0,1,1,1,1,0,0,0,0,1,1,0,0,0,0,0,0,0,0,0,0,0,0,0,0,0.222682133021781,-0.533554405533504,-0.2655881022961361,-0.06759390355625873,-0.5807141187080398,0.37456160860416177,-0.4738301212465347,0.25431711145996855,-0.5272721199772872,0.10680047186269453,0.37142857142857144,0.17142857142857143,0.2571428571428571,-0.11678832116788321,-1.3235294117647058,-0.23529411764705882,0.10218978102189781,0.1897810218978102,-0.36496350364963503,-0.029411764705882353
5,0,1,0,-0.8182686027232073,-0.5571428571428572,-0.7500554585686287,4,3,2,1,0,6,5,4,3,2,1,1,1,1,1,0,0,1,1,1,0,0,0,0,0,1,1,0,0,0,0,0,0,0,0,0,0,0,0,0,-0.591805057164316,0.22345040111206027,-0.533554405533504,-0.2608145248604979,-0.05965463108320256,-0.5807141187080398,0.3879221082868499,-0.4738301212465347,0.25431711145996855,-0.5378570123116287,-0.14285714285714285,0.37142857142857144,0.17142857142857143,0.26277372262773724,-0.11764705882352941,-1.3235294117647058,-0.21897810218978103,0.10218978102189781,0.1897810218978102,-0.38235294117647056
6,0,1,0,-0.4632132509336949,-1.1571428571428573,-0.3831199593904084,5,4,3,2,1,0,6,5,4,3,0,1,1,1,1,1,0,0,1,1,1,0,0,0,0,0,1,1,0,0,0,0,0,0,0,0,0,0,0,0,-0.8187932904948676,-0.5938468237619118,0.22345040111206027,-0.5273257266594485,-0.25338187648218047,-0.05965463108320256,-0.5673536190253516,0.3879221082868499,-0.4738301212465347,0.23971954076461685,-0.5428571428571428,-0.14285714285714285,0.37142857142857144,0.17518248175182483,0.2647058823529412,-0.11764705882352941,-1.2992700729927007,-0.21897810218978103,0.10218978102189781,0.17647058823529413
0,1,0,0,0.2602957678071984,-0.07142857142857142,0.07138196718040266,6,5,4,3,2,1,0,6,5,4,0,0,1,1,1,1,1,0,0,1,1,1,0,0,0,0,0,1,1,0,0,0,0,0,0,0,0,0,0,0,-0.464958691479596,-0.8216181815136745,-0.5938468237619118,0.22556841842258693,-0.5205918701359431,-0.25338187648218047,-0.04629413140051443,-0.5673536190253516,0.3879221082868499,-0.48468938475085976,-1.1428571428571428,-0.5428571428571428,-0.14285714285714285,0.3795620437956204,0.17647058823529413,0.2647058823529412,-0.10218978102189781,-1.2992700729927007,-0.21897810218978103,0.08823529411764706
1,1,0,0,-0.3426284144768794,-0.15714285714285714,-0.3192110525836782,0,6,5,4,3,2,1,0,6,5,1,0,0,1,1,1,1,1,0,0,0,1,1,0,0,0,0,0,1,1,0,0,0,0,0,0,0,0,0,0,0.25606275557039154,-0.466562829724162,-0.8216181815136745,-0.5872907470642124,0.23427636193593637,-0.5205918701359431,-0.24002137679949237,-0.04629413140051443,-0.5673536190253516,0.37263860966653917,-0.05714285714285714,-1.1428571428571428,-0.5428571428571428,-0.145985401459854,0.38235294117647056,0.17647058823529413,0.2773722627737226,-0.10218978102189781,-1.2992700729927007,-0.23529411764705882
2,1,0,0,-0.22874273560099803,-0.2714285714285714,-0.14023118849732344,1,0,6,5,4,3,2,1,0,6,1,1,0,0,1,1,1,1,1,0,0,0,1,1,0,0,0,0,0,1,0,0,0,0,0,0,0,0,0,0,-0.3447884503045981,0.2569461890167313,-0.466562829724162,-0.8138252685933204,-0.5807141187080398,0.23427636193593637,-0.5072313704532551,-0.24002137679949237,-0.04629413140051443,-0.5777327329822054,-0.14285714285714285,-0.05714285714285714,-1.1428571428571428,-0.5547445255474452,-0.14705882352941177,0.38235294117647056,0.1897810218978102,0.2773722627737226,-0.10218978102189781,-1.3235294117647058
3,1,0,0,-0.5904972449714447,-0.5857142857142857,-0.6467527170805091,2,1,0,6,5,4,3,2,1,0,1,1,1,0,0,1,1,1,1,1,0,0,0,1,1,0,0,0,0,0,0,0,0,0,0,0,0,0,0,0,-0.23129433363932225,-0.3459779932673465,0.2569461890167313,-0.46069792620971084,-0.807842613313738,-0.5807141187080398,0.2476368616186245,-0.5072313704532551,-0.24002137679949237,-0.05934836426470836,-0.2571428571428571,-0.14285714285714285,-0.05714285714285714,-1.167883211678832,-0.5588235294117647,-0.14705882352941177,0.39416058394160586,0.1897810218978102,0.2773722627737226,-0.11764705882352941
4,1,0,0,-0.22874273560099803,-0.04285714285714286,-0.12606260710268766,3,2,1,0,6,5,4,3,2,1,1,1,1,1,0,0,1,1,1,1,0,0,0,0,1,1,0,0,0,0,0,0,0,0,0,0,0,0,0,0,-0.591805057164316,-0.23209231439146513,-0.3459779932673465,0.25888231864745576,-0.4537893717225025,-0.807842613313738,-0.5673536190253516,0.2476368616186245,-0.5072313704532551,-0.25208101417249573,-0.5714285714285714,-0.2571428571428571,-0.14285714285714285,-0.058394160583941604,-1.1764705882352942,-0.5588235294117647,-0.13138686131386862,0.39416058394160586,0.1897810218978102,0.2647058823529412
5,0,1,0,0.1933041919978564,-0.15714285714285714,0.07117989260651379,4,3,2,1,0,6,5,4,3,2,1,1,1,1,1,0,0,1,1,1,0,0,0,0,0,1,1,0,0,0,0,0,0,0,0,0,0,0,0,0,-0.23129433363932225,-0.5938468237619118,-0.23209231439146513,-0.3407678854001831,0.2676776111426567,-0.4537893717225025,-0.7944821136310499,-0.5673536190253516,0.2476368616186245,-0.5179191519763403,-0.02857142857142857,-0.5714285714285714,-0.2571428571428571,-0.145985401459854,-0.058823529411764705,-1.1764705882352942,-0.5401459854014599,-0.13138686131386862,0.39416058394160586,0.17647058823529413
6,0,1,0,-0.4498149357718266,-1.1285714285714286,-0.3979405135672733,5,4,3,2,1,0,6,5,4,3,0,1,1,1,1,1,0,0,1,1,1,0,0,0,0,0,1,1,0,0,0,0,0,0,0,0,0,0,0,0,0.18930151047317045,-0.23209231439146513,-0.5938468237619118,-0.2275006246356291,-0.3335448745783093,0.2676776111426567,-0.44042887203981435,-0.7944821136310499,-0.5673536190253516,0.23307358731952074,-0.14285714285714285,-0.02857142857142857,-0.5714285714285714,-0.26277372262773724,-0.14705882352941177,-0.058823529411764705,-1.1532846715328466,-0.5401459854014599,-0.13138686131386862,0.38235294117647056
0,1,0,0,-0.12825537188698508,0.18571428571428572,-0.1740132682009474,6,5,4,3,2,1,0,6,5,4,0,0,1,1,1,1,1,0,0,1,1,1,0,0,0,0,0,1,1,0,0,0,0,0,0,0,0,0,0,0,-0.4516064424601518,0.1899546132073893,-0.23209231439146513,-0.5872907470642124,-0.21998062727546017,-0.3335448745783093,0.28103811082534486,-0.44042887203981435,-0.7944821136310499,-0.5777327329822054,-1.1142857142857143,-0.14285714285714285,-0.02857142857142857,-0.583941605839416,-0.2647058823529412,-0.14705882352941177,-0.043795620437956206,-1.1532846715328466,-0.5401459854014599,-0.14705882352941177
1,1,0,0,-0.34932757205781356,0.18571428571428572,-0.3569528594866274,0,6,5,4,3,2,1,0,6,5,1,0,0,1,1,1,1,1,0,0,0,1,1,0,0,0,0,0,1,1,0,0,0,0,0,0,0,0,0,0,-0.13115246599349067,-0.4531645145622936,0.1899546132073893,-0.2275006246356291,-0.5807141187080398,-0.21998062727546017,-0.3201843748956212,0.28103811082534486,-0.44042887203981435,-0.8036951501154733,0.2,-1.1142857142857143,-0.14285714285714285,-0.029197080291970802,-0.5882352941176471,-0.2647058823529412,-0.13138686131386862,-0.043795620437956206,-1.1532846715328466,-0.5588235294117647
2,1,0,0,-0.6172938752951814,-0.07142857142857142,-0.5315135589994973,1,0,6,5,4,3,2,1,0,6,1,1,0,0,1,1,1,1,1,0,0,0,1,1,0,0,0,0,0,1,0,0,0,0,0,0,0,0,0,0,-0.3514645748143202,-0.13160495067745218,-0.4531645145622936,0.1922545181977181,-0.21998062727546017,-0.5807141187080398,-0.206620127592772,-0.3201843748956212,0.28103811082534486,-0.45145961752537916,0.2,0.2,-1.1142857142857143,-0.145985401459854,-0.029411764705882353,-0.5882352941176471,-0.24817518248175183,-0.13138686131386862,-0.043795620437956206,-1.1764705882352942
3,1,0,0,0.146410088931317,-0.35714285714285715,0.2999818463834151,2,1,0,6,5,4,3,2,1,0,1,1,1,0,0,1,1,1,1,1,0,0,0,1,1,0,0,0,0,0,0,0,0,0,0,0,0,0,0,0,-0.6185095552032044,-0.35267715084828066,-0.13160495067745218,-0.44737236611976333,0.20087511272921604,-0.21998062727546017,-0.5673536190253516,-0.206620127592772,-0.3201843748956212,0.2663033545450013,-0.05714285714285714,0.2,0.2,-1.1386861313868613,-0.14705882352941177,-0.029411764705882353,-0.5693430656934306,-0.24817518248175183,-0.13138686131386862,-0.058823529411764705
4,1,0,0,-0.06796295365857731,-0.07142857142857142,-0.09757456975198656,3,2,1,0,6,5,4,3,2,1,1,1,1,1,0,0,1,1,1,1,0,0,0,0,1,1,0,0,0,0,0,0,0,0,0,0,0,0,0,0,0.1425686389051157,-0.6206434540856486,-0.35267715084828066,-0.1275589239610226,-0.44042887203981435,0.20087511272921604,-0.206620127592772,-0.5673536190253516,-0.206620127592772,-0.3318324555136491,-0.34285714285714286,-0.05714285714285714,0.2,0.20437956204379562,-1.1470588235294117,-0.14705882352941177,-0.014598540145985401,-0.5693430656934306,-0.24817518248175183,-0.14705882352941177
5,0,1,0,-0.2890351538294058,-0.4142857142857143,-0.29637584702682207,4,3,2,1,0,6,5,4,3,2,1,1,1,1,1,0,0,1,1,1,0,0,0,0,0,1,1,0,0,0,0,0,0,0,0,0,0,0,0,0,-0.0710673454059917,0.1430605101408499,-0.6206434540856486,-0.3474306654451569,-0.11977687965529916,-0.44042887203981435,0.21423561241190417,-0.206620127592772,-0.5673536190253516,-0.21885124694701513,-0.05714285714285714,-0.34285714285714286,-0.05714285714285714,0.20437956204379562,0.20588235294117646,-1.1470588235294117,-0.13138686131386862,-0.014598540145985401,-0.5693430656934306,-0.2647058823529412
6,0,1,0,-0.5637006146477079,-1.1571428571428573,-0.43890889463942684,5,4,3,2,1,0,6,5,4,3,0,1,1,1,1,1,0,0,1,1,1,0,0,0,0,0,1,1,0,0,0,0,0,0,0,0,0,0,0,0,-0.2913794542268212,-0.07131253244904441,0.1430605101408499,-0.6139418672441075,-0.34022512441965336,-0.11977687965529916,-0.42706837235712625,0.21423561241190417,-0.206620127592772,-0.5777327329822054,-0.4,-0.05714285714285714,-0.34285714285714286,-0.058394160583941604,0.20588235294117646,0.20588235294117646,-1.1240875912408759,-0.13138686131386862,-0.014598540145985401,-0.5882352941176471
0,1,0,0,0.08611767070290922,-0.21428571428571427,-0.12768329190772124,6,5,4,3,2,1,0,6,5,4,0,0,1,1,1,1,1,0,0,1,1,1,0,0,0,0,0,1,1,0,0,0,0,0,0,0,0,0,0,0,-0.5651005591254276,-0.2923847326198729,-0.07131253244904441,0.14561505788290174,-0.607435118073416,-0.34022512441965336,-0.10641637997261102,-0.42706837235712625,0.21423561241190417,-0.21885124694701513,-1.1428571428571428,-0.4,-0.05714285714285714,-0.35036496350364965,-0.058823529411764705,0.20588235294117646,0.21897810218978103,-1.1240875912408759,-0.13138686131386862,-0.029411764705882353
1,1,0,0,-0.3225309417340768,-0.44285714285714284,-0.26821817629643835,0,6,5,4,3,2,1,0,6,5,1,0,0,1,1,1,1,1,0,0,0,1,1,0,0,0,0,0,1,1,0,0,0,0,0,0,0,0,0,0,0.08248351831761674,-0.567050193438175,-0.2923847326198729,-0.06759390355625873,0.15411336383980756,-0.607435118073416,-0.3268646247369652,-0.10641637997261102,-0.42706837235712625,0.19984382009404017,-0.2,-1.1428571428571428,-0.4,-0.058394160583941604,-0.35294117647058826,-0.058823529411764705,0.21897810218978103,0.21897810218978103,-1.1240875912408759,-0.14705882352941177
2,1,0,0,-0.5503022994858395,-0.38571428571428573,-0.5273574028550334,1,0,6,5,4,3,2,1,0,6,1,1,0,0,1,1,1,1,1,0,0,0,1,1,0,0,0,0,0,1,0,0,0,0,0,0,0,0,0,0,-0.3247600767754317,0.08276809191244212,-0.567050193438175,-0.28746564504039296,-0.05965463108320256,0.15411336383980756,-0.5940746183907278,-0.3268646247369652,-0.10641637997261102,-0.43816771063518695,-0.42857142857142855,-0.2,-1.1428571428571428,-0.40875912408759124,-0.058823529411764705,-0.35294117647058826,-0.043795620437956206,0.21897810218978103,0.21897810218978103,-1.1470588235294117
3,1,0,0,-0.5235056691621027,0.15714285714285714,-0.487803154446395,2,1,0,6,5,4,3,2,1,0,1,1,1,0,0,1,1,1,1,1,0,0,0,1,1,0,0,0,0,0,0,0,0,0,0,0,0,0,0,0,-0.5517483101059834,-0.3258805205245439,0.08276809191244212,-0.5606396268843173,-0.2801028758475568,-0.05965463108320256,0.16747386352249571,-0.5940746183907278,-0.3268646247369652,-0.1191619452705734,-0.37142857142857144,-0.42857142857142855,-0.2,-1.167883211678832,-0.4117647058823529,-0.058823529411764705,-0.3357664233576642,-0.043795620437956206,0.21897810218978103,0.20588235294117646
4,1,0,0,0.36748228910214553,0.15714285714285714,0.23163119248819894,3,2,1,0,6,5,4,3,2,1,1,1,1,1,0,0,1,1,1,1,0,0,0,0,1,1,0,0,0,0,0,0,0,0,0,0,0,0,0,0,-0.5250438120670949,-0.5536518782763066,-0.3258805205245439,0.08565003747813787,-0.5539931193426635,-0.2801028758475568,-0.04629413140051443,0.16747386352249571,-0.5940746183907278,-0.3384784089587452,0.17142857142857143,-0.37142857142857144,-0.42857142857142855,-0.20437956204379562,-1.1764705882352942,-0.4117647058823529,-0.043795620437956206,-0.3357664233576642,-0.043795620437956206,0.20588235294117646
5,0,1,0,-0.5369039843239711,-0.6142857142857143,-0.5340009451561235,4,3,2,1,0,6,5,4,3,2,1,1,1,1,1,0,0,1,1,1,0,0,0,0,0,1,1,0,0,0,0,0,0,0,0,0,0,0,0,0,0.3628807477259452,-0.5268552479525698,-0.5536518782763066,-0.3207795452652618,0.09399111526771096,-0.5539931193426635,-0.2667423761648686,-0.04629413140051443,0.16747386352249571,-0.6043165467625898,0.17142857142857143,0.17142857142857143,-0.37142857142857144,-0.43795620437956206,-0.20588235294117646,-1.1764705882352942,-0.39416058394160586,-0.043795620437956206,-0.3357664233576642,-0.058823529411764705
6,0,1,0,-0.871861863370681,-1.4428571428571428,-0.7506657705042179,5,4,3,2,1,0,6,5,4,3,0,1,1,1,1,1,0,0,1,1,1,0,0,0,0,0,1,1,0,0,0,0,0,0,0,0,0,0,0,0,-0.5383960610865391,0.36413271031167843,-0.5268552479525698,-0.5473140667943698,-0.3135041250542771,0.09399111526771096,-0.5406326196599753,-0.2667423761648686,-0.04629413140051443,0.15332214597836735,-0.6,0.17142857142857143,0.17142857142857143,-0.3795620437956204,-0.4411764705882353,-0.20588235294117646,-1.1532846715328466,-0.39416058394160586,-0.043795620437956206,-0.35294117647058826
0,1,0,0,0.4143763921686849,0.014285714285714285,0.207675621639695,6,5,4,3,2,1,0,6,5,4,0,0,1,1,1,1,1,0,0,1,1,1,0,0,0,0,0,1,1,0,0,0,0,0,0,0,0,0,0,0,-0.8722022865726445,-0.5402535631144382,0.36413271031167843,-0.5206629466144748,-0.5406326196599753,-0.3135041250542771,0.1073516149503991,-0.5406326196599753,-0.2667423761648686,-0.05934836426470836,-1.4285714285714286,-0.6,0.17142857142857143,0.17518248175182483,-0.38235294117647056,-0.4411764705882353,-0.1897810218978102,-1.1532846715328466,-0.39416058394160586,-0.058823529411764705
1,1,0,0,-0.6976837662663918,-0.32857142857142857,-0.7056202720901043,0,6,5,4,3,2,1,0,6,5,1,0,0,1,1,1,1,1,0,0,0,1,1,0,0,0,0,0,1,1,0,0,0,0,0,0,0,0,0,0,0.409613619294,-0.8752114421611481,-0.5402535631144382,0.365486799367036,-0.5139116202945991,-0.5406326196599753,-0.30014362537158895,0.1073516149503991,-0.5406326196599753,-0.27866482795288017,0.02857142857142857,-1.4285714285714286,-0.6,0.17518248175182483,0.17647058823529413,-0.38235294117647056,-0.4233576642335766,-0.1897810218978102,-1.1532846715328466,-0.4117647058823529
2,1,0,0,0.22010082232159317,-0.04285714285714286,0.1177244027922501,1,0,6,5,4,3,2,1,0,6,1,1,0,0,1,1,1,1,1,0,0,0,1,1,0,0,0,0,0,1,0,0,0,0,0,0,0,0,0,0,-0.6986230493198697,0.4110268133782178,-0.8752114421611481,-0.5339885067044223,0.37456160860416177,-0.5139116202945991,-0.5272721199772872,-0.30014362537158895,0.1073516149503991,-0.551148919201821,-0.3142857142857143,0.02857142857142857,-1.4285714285714286,-0.6131386861313869,0.17647058823529413,0.17647058823529413,-0.36496350364963503,-0.4233576642335766,-0.1897810218978102,-1.1764705882352942
3,1,0,0,-0.5637006146477079,-0.24285714285714285,-0.4884455880628047,2,1,0,6,5,4,3,2,1,0,1,1,1,0,0,1,1,1,1,1,0,0,0,1,1,0,0,0,0,0,0,0,0,0,0,0,0,0,0,0,0.21600600851205887,-0.701033345056859,0.4110268133782178,-0.8671275089531105,-0.5272721199772872,0.37456160860416177,-0.500551120611911,-0.5272721199772872,-0.30014362537158895,0.0935085649725023,-0.02857142857142857,-0.3142857142857143,0.02857142857142857,-1.4598540145985401,-0.6176470588235294,0.17647058823529413,0.1897810218978102,-0.36496350364963503,-0.4233576642335766,-0.20588235294117646
4,1,0,0,-0.15505200221072188,-0.6428571428571429,-0.20510686055832347,3,2,1,0,6,5,4,3,2,1,1,1,1,1,0,0,1,1,1,1,0,0,0,0,1,1,0,0,0,0,0,0,0,0,0,0,0,0,0,0,-0.5651005591254276,0.21675124353112607,-0.701033345056859,0.41212625968185235,-0.8612846120444906,-0.5272721199772872,0.3879221082868499,-0.500551120611911,-0.5272721199772872,-0.31189459517836077,-0.22857142857142856,-0.02857142857142857,-0.3142857142857143,0.029197080291970802,-1.4705882352941178,-0.6176470588235294,0.1897810218978102,0.1897810218978102,-0.36496350364963503,-0.4411764705882353
5,0,1,0,-0.2555393659247348,-0.4714285714285714,-0.12497475284556724,4,3,2,1,0,6,5,4,3,2,1,1,1,1,1,0,0,1,1,1,0,0,0,0,0,1,1,0,0,0,0,0,0,0,0,0,0,0,0,0,-0.1578569640323791,-0.567050193438175,0.21675124353112607,-0.6938952277837926,0.42132335749357025,-0.8612846120444906,-0.5139116202945991,0.3879221082868499,-0.500551120611911,-0.5378570123116287,-0.6285714285714286,-0.22857142857142856,-0.02857142857142857,-0.32116788321167883,0.029411764705882353,-1.4705882352941178,-0.5985401459854015,0.1897810218978102,0.1897810218978102,-0.38235294117647056
6,0,1,0,-0.8383660754660099,-1.4714285714285715,-0.7303037396936857,5,4,3,2,1,0,6,5,4,3,0,1,1,1,1,1,0,0,1,1,1,0,0,0,0,0,1,1,0,0,0,0,0,0,0,0,0,0,0,0,-0.2579988316782107,-0.15840158100118898,-0.567050193438175,0.21890563837761318,-0.6875981161695448,0.42132335749357025,-0.8479241123618024,-0.5139116202945991,0.3879221082868499,-0.5112731985312442,-0.45714285714285713,-0.6285714285714286,-0.22857142857142856,-0.029197080291970802,-0.3235294117647059,0.029411764705882353,-1.4452554744525548,-0.5985401459854015,0.1897810218978102,0.17647058823529413
0,1,0,0,-0.39622167512435297,-0.3,-0.26860694597279294,6,5,4,3,2,1,0,6,5,4,0,0,1,1,1,1,1,0,0,1,1,1,0,0,0,0,0,1,1,0,0,0,0,0,0,0,0,0,0,0,-0.8388216640240339,-0.2588889447152019,-0.15840158100118898,-0.5606396268843173,0.2275961120945923,-0.6875981161695448,0.43468385717625835,-0.8479241123618024,-0.5139116202945991,0.37263860966653917,-1.457142857142857,-0.45714285714285713,-0.6285714285714286,-0.23357664233576642,-0.029411764705882353,-0.3235294117647059,0.043795620437956206,-1.4452554744525548,-0.5985401459854015,0.17647058823529413
1,1,0,0,-0.36272588721968196,-0.1,-0.48614528636235105,0,6,5,4,3,2,1,0,6,5,1,0,0,1,1,1,1,1,0,0,0,1,1,0,0,0,0,0,1,1,0,0,0,0,0,0,0,0,0,0,-0.3981974463823749,-0.8417156542564771,-0.2588889447152019,-0.15421004414091768,-0.5539931193426635,0.2275961120945923,-0.6742376164868567,0.43468385717625835,-0.8479241123618024,-0.5245651054214364,-0.2857142857142857,-1.457142857142857,-0.45714285714285713,-0.6423357664233577,-0.23529411764705882,-0.029411764705882353,-0.30656934306569344,0.043795620437956206,-1.4452554744525548,-0.6176470588235294
2,1,0,0,-0.6574888207807866,-0.15714285714285714,-0.5904971414137531,1,0,6,5,4,3,2,1,0,6,1,1,0,0,1,1,1,1,1,0,0,0,1,1,0,0,0,0,0,1,0,0,0,0,0,0,0,0,0,0,-0.3648168238337644,-0.39957125391482007,-0.8417156542564771,-0.25415174481552416,-0.14649787902067543,-0.5539931193426635,0.24095661177728045,-0.6742376164868567,0.43468385717625835,-0.8568627776762423,-0.08571428571428572,-0.2857142857142857,-1.457142857142857,-0.46715328467153283,-0.6470588235294118,-0.23529411764705882,-0.014598540145985401,-0.30656934306569344,0.043795620437956206,-1.4705882352941178
3,1,0,0,-0.5904972449714447,0.12857142857142856,-0.6056328774163656,2,1,0,6,5,4,3,2,1,0,1,1,1,0,0,1,1,1,1,1,0,0,0,1,1,0,0,0,0,0,0,0,0,0,0,0,0,0,0,0,-0.6585663022615371,-0.36607546601014906,-0.39957125391482007,-0.8338136087282417,-0.24670162664083642,-0.14649787902067543,-0.5406326196599753,0.24095661177728045,-0.6742376164868567,0.419160283782212,-0.14285714285714285,-0.08571428571428572,-0.2857142857142857,-1.489051094890511,-0.47058823529411764,-0.6470588235294118,-0.21897810218978103,-0.014598540145985401,-0.30656934306569344,0.029411764705882353
4,1,0,0,-0.42301830544808977,-0.04285714285714286,-0.38714451398193495,3,2,1,0,6,5,4,3,2,1,1,1,1,1,0,0,1,1,1,1,0,0,0,0,1,1,0,0,0,0,0,0,0,0,0,0,0,0,0,0,-0.591805057164316,-0.6608383995712538,-0.36607546601014906,-0.3940701257599732,-0.8278833628377702,-0.24670162664083642,-0.1331373793379873,-0.5406326196599753,0.24095661177728045,-0.6840679881037433,0.14285714285714285,-0.14285714285714285,-0.08571428571428572,-0.291970802919708,-1.5,-0.47058823529411764,-0.6277372262773723,-0.21897810218978103,-0.014598540145985401,-0.3235294117647059
5,0,1,0,0.6689443802441843,-0.3,0.6267389631608123,4,3,2,1,0,6,5,4,3,2,1,1,1,1,1,0,0,1,1,1,0,0,0,0,0,1,1,0,0,0,0,0,0,0,0,0,0,0,0,0,-0.42490194442126333,-0.5938468237619118,-0.6608383995712538,-0.3607562255351044,-0.38698687330906184,-0.8278833628377702,-0.2333411269581483,-0.1331373793379873,-0.5406326196599753,0.22642763387442463,-0.02857142857142857,0.14285714285714285,-0.14285714285714285,-0.08759124087591241,-0.29411764705882354,-1.5,-0.45255474452554745,-0.6277372262773723,-0.21897810218978103,-0.029411764705882353
6,0,1,0,-0.37612420238155037,-1.3,-0.3181101549773761,5,4,3,2,1,0,6,5,4,3,0,1,1,1,1,1,0,0,1,1,1,0,0,0,0,0,1,1,0,0,0,0,0,0,0,0,0,0,0,0,0.66330635066344,-0.42636788423855687,-0.5938468237619118,-0.6539185475139501,-0.3535856241023415,-0.38698687330906184,-0.814522863155082,-0.2333411269581483,-0.1331373793379873,-0.551148919201821,-0.2857142857142857,-0.02857142857142857,0.14285714285714285,-0.145985401459854,-0.08823529411764706,-0.29411764705882354,-1.4744525547445255,-0.45255474452554745,-0.6277372262773723,-0.23529411764705882
0,1,0,0,-0.3359292568959452,-0.5,-0.3205257053750766,6,5,4,3,2,1,0,6,5,4,0,0,1,1,1,1,1,0,0,1,1,1,0,0,0,0,0,1,1,0,0,0,0,0,0,0,0,0,0,0,-0.3781690728532086,0.6655948014537173,-0.42636788423855687,-0.5872907470642124,-0.6475166171214805,-0.3535856241023415,-0.3736263736263737,-0.814522863155082,-0.2333411269581483,-0.14574575905095785,-1.2857142857142858,-0.2857142857142857,-0.02857142857142857,0.145985401459854,-0.14705882352941177,-0.08823529411764706,-0.2773722627737226,-1.4744525547445255,-0.45255474452554745,-0.6470588235294118
1,1,0,0,-0.18184863253445865,-0.4714285714285714,-0.0896118970918685,0,6,5,4,3,2,1,0,6,5,1,0,0,1,1,1,1,1,0,0,0,1,1,0,0,0,0,0,1,1,0,0,0,0,0,0,0,0,0,0,-0.338112325794876,-0.37947378117201747,0.6655948014537173,-0.42072124593986826,-0.5807141187080398,-0.6475166171214805,-0.34022512441965336,-0.3736263736263737,-0.814522863155082,-0.2454350607273996,-0.4857142857142857,-1.2857142857142858,-0.2857142857142857,-0.029197080291970802,0.14705882352941177,-0.14705882352941177,-0.072992700729927,-0.2773722627737226,-1.4744525547445255,-0.47058823529411764
2,1,0,0,0.09281682828384342,-0.38571428571428573,-0.005403645421419418,1,0,6,5,4,3,2,1,0,6,1,1,0,0,1,1,1,1,1,0,0,0,1,1,0,0,0,0,0,1,0,0,0,0,0,0,0,0,0,0,-0.1845614620712675,-0.3392788356864123,-0.37947378117201747,0.6653119013908554,-0.4137078726744381,-0.5807141187080398,-0.6341561174387923,-0.34022512441965336,-0.3736263736263737,-0.8236330104507616,-0.45714285714285713,-0.4857142857142857,-1.2857142857142858,-0.291970802919708,-0.029411764705882353,0.14705882352941177,-0.13138686131386862,-0.072992700729927,-0.2773722627737226,-1.5
3,1,0,0,0.00572777973169886,-0.32857142857142857,0.02873994919907509,2,1,0,6,5,4,3,2,1,0,1,1,1,0,0,1,1,1,1,1,0,0,0,1,1,0,0,0,0,0,0,0,0,0,0,0,0,0,0,0,0.08915964282733886,-0.18519821132492575,-0.3392788356864123,-0.3740817856250519,0.6751728514646448,-0.4137078726744381,-0.5673536190253516,-0.6341561174387923,-0.34022512441965336,-0.385000083074418,-0.37142857142857144,-0.45714285714285713,-0.4857142857142857,-1.313868613138686,-0.29411764705882354,-0.029411764705882353,0.16058394160583941,-0.13138686131386862,-0.072992700729927,-0.29411764705882354
4,1,0,0,-0.0880604264013799,0.04285714285714286,0.11101992663602778,3,2,1,0,6,5,4,3,2,1,1,1,1,1,0,0,1,1,1,1,0,0,0,0,1,1,0,0,0,0,0,0,0,0,0,0,0,0,0,0,0.002370024200951469,0.08946724949337632,-0.18519821132492575,-0.3341051053552093,-0.3669461237850296,0.6751728514646448,-0.40034737299174994,-0.5673536190253516,-0.6341561174387923,-0.3517703158489375,-0.3142857142857143,-0.37142857142857144,-0.45714285714285713,-0.49635036496350365,-1.3235294117647058,-0.29411764705882354,-0.014598540145985401,0.16058394160583941,-0.13138686131386862,-0.08823529411764706
5,0,1,0,-0.5503022994858395,-0.4714285714285714,-0.48428845853407354,4,3,2,1,0,6,5,4,3,2,1,1,1,1,1,0,0,1,1,1,0,0,0,0,0,1,1,0,0,0,0,0,0,0,0,0,0,0,0,0,-0.09109571893515803,0.002378200941231762,0.08946724949337632,-0.18086116432081273,-0.3268646247369652,-0.3669461237850296,0.6885333511473329,-0.40034737299174994,-0.5673536190253516,-0.6441922674331666,0.05714285714285714,-0.3142857142857143,-0.37142857142857144,-0.46715328467153283,-0.5,-1.3235294117647058,-0.2773722627737226,-0.014598540145985401,0.16058394160583941,-0.14705882352941177
6,0,1,0,0.2937915557118693,-1.1571428571428573,0.3327887897280705,5,4,3,2,1,0,6,5,4,3,0,1,1,1,1,1,0,0,1,1,1,0,0,0,0,0,1,1,0,0,0,0,0,0,0,0,0,0,0,0,-0.5517483101059834,-0.091410005191847,0.002378200941231762,0.09231281752311164,-0.17321887838605168,-0.3268646247369652,-0.3535856241023415,0.6885333511473329,-0.40034737299174994,-0.5777327329822054,-0.45714285714285713,0.05714285714285714,-0.3142857142857143,-0.3795620437956204,-0.47058823529411764,-0.5,-1.2992700729927007,-0.2773722627737226,-0.014598540145985401,0.14705882352941177
0,0,0,1,-0.03446716575390632,-1.4142857142857144,0.27731678839648083,6,5,4,3,2,1,0,6,5,4,0,0,1,1,1,1,1,0,0,1,1,1,0,0,0,0,0,1,1,0,0,0,0,0,0,0,0,0,0,0,0.28944337811900206,-0.5536518782763066,-0.091410005191847,0.00569667693845269,0.10067136510905504,-0.17321887838605168,-0.3135041250542771,-0.3535856241023415,0.6885333511473329,-0.4115838968548025,-1.1428571428571428,-0.45714285714285713,0.05714285714285714,-0.32116788321167883,-0.38235294117647056,-0.47058823529411764,-0.48175182481751827,-1.2992700729927007,-0.2773722627737226,-0.029411764705882353
1,1,0,0,0.21340166474065897,0.07142857142857142,0.33823896291746625,0,6,5,4,3,2,1,0,6,5,0,0,0,1,1,1,1,1,0,0,0,1,1,0,0,0,0,0,1,1,1,0,0,0,0,0,0,0,0,0,-0.03768672285738117,0.2904419769214022,-0.5536518782763066,-0.08758224369118002,0.013828117171582173,0.10067136510905504,-0.15985837870336356,-0.3135041250542771,-0.3535856241023415,0.6717065146958644,-1.4,-1.1428571428571428,-0.45714285714285713,0.058394160583941604,-0.3235294117647059,-0.38235294117647056,-0.45255474452554745,-0.48175182481751827,-1.2992700729927007,-0.29411764705882354
2,1,0,0,0.1598084040931854,0.24285714285714285,0.16700606953759867,1,0,6,5,4,3,2,1,0,6,1,0,0,0,1,1,1,1,1,0,0,0,1,1,0,0,0,0,0,1,0,1,0,0,0,0,0,0,0,0,0.20932988400233676,-0.03781674454437342,0.2904419769214022,-0.5473140667943698,-0.07969538060723476,0.013828117171582173,0.11403186479174317,-0.15985837870336356,-0.3135041250542771,-0.3650622227391297,0.08571428571428572,-1.4,-1.1428571428571428,-0.46715328467153283,0.058823529411764705,-0.3235294117647059,-0.36496350364963503,-0.45255474452554745,-0.48175182481751827,-1.3235294117647058
3,1,0,0,-0.06796295365857731,0.15714285714285714,0.11092219885559211,2,1,0,6,5,4,3,2,1,0,1,1,0,0,0,1,1,1,1,1,0,0,0,1,1,0,0,0,0,0,0,0,1,0,0,0,0,0,0,0,0.1559208879245599,0.21005208595019187,-0.03781674454437342,0.2921962188723246,-0.5406326196599753,-0.07969538060723476,0.027188616854270306,0.11403186479174317,-0.15985837870336356,-0.325186502068553,0.2571428571428571,0.08571428571428572,-1.4,-1.167883211678832,-0.47058823529411764,0.058823529411764705,-0.30656934306569344,-0.36496350364963503,-0.45255474452554745,-0.5
4,1,0,0,-0.13495452946791928,0.04285714285714286,-0.290661692024138,3,2,1,0,6,5,4,3,2,1,1,1,1,0,0,0,1,1,1,1,0,0,0,0,1,1,0,0,0,0,0,0,0,1,0,0,0,0,0,0,-0.0710673454059917,0.1564588253027183,0.21005208595019187,-0.0342800033313899,0.30107886034937703,-0.5406326196599753,-0.06633488092454663,0.027188616854270306,0.11403186479174317,-0.17232957283134231,0.17142857142857143,0.2571428571428571,0.08571428571428572,-1.4306569343065694,-1.1764705882352942,-0.47058823529411764,0.072992700729927,-0.30656934306569344,-0.36496350364963503,-0.47058823529411764
5,0,1,0,0.09951598586477763,-0.18571428571428572,0.14499921399220417,4,3,2,1,0,6,5,4,3,2,1,1,1,1,0,0,0,1,1,1,0,0,0,0,0,1,1,0,0,0,0,0,0,0,1,0,0,0,0,0,-0.13782859050321278,-0.07131253244904441,0.1564588253027183,0.2122428583326394,-0.026253381876482226,0.30107886034937703,-0.5272721199772872,-0.06633488092454663,0.027188616854270306,0.10015451841759843,0.05714285714285714,0.17142857142857143,0.2571428571428571,0.08759124087591241,-1.4411764705882353,-1.1764705882352942,-0.45255474452554745,0.072992700729927,-0.30656934306569344,-0.38235294117647056
6,0,1,0,0.4478721800733559,-1.0714285714285714,0.6002599909377925,5,4,3,2,1,0,6,5,4,3,0,1,1,1,1,0,0,0,1,1,1,0,0,0,0,0,1,1,0,0,0,0,0,0,0,1,0,0,0,0,0.09583576733706096,-0.13830410825838638,-0.07131253244904441,0.15894061797284928,0.22091586225324825,-0.026253381876482226,0.3144393600320652,-0.5272721199772872,-0.06633488092454663,0.013757123631348914,-0.17142857142857143,0.05714285714285714,0.17142857142857143,0.26277372262773724,0.08823529411764706,-1.4411764705882353,-1.1532846715328466,-0.45255474452554745,0.072992700729927,-0.3235294117647059
0,1,0,0,1.0909913078430389,0.18571428571428572,0.9472679780423977,6,5,4,3,2,1,0,6,5,4,0,0,1,1,1,1,0,0,0,1,1,1,0,0,0,0,0,1,1,0,0,0,0,0,0,0,1,0,0,0,0.4429942418426105,0.09616640707431053,-0.13830410825838638,-0.06759390355625873,0.16747386352249571,0.22091586225324825,-0.012892882193794093,0.3144393600320652,-0.5272721199772872,-0.07928622459999671,-1.0571428571428572,-0.17142857142857143,0.05714285714285714,0.17518248175182483,0.2647058823529412,0.08823529411764706,-1.416058394160584,-1.1532846715328466,-0.45255474452554745,0.058823529411764705
1,1,0,0,0.1732067192550538,0.21428571428571427,0.06486613289518063,0,6,5,4,3,2,1,0,6,5,1,0,0,1,1,1,1,0,0,0,0,1,1,0,0,0,0,0,1,1,0,0,0,0,0,0,0,1,0,0,1.0839021947759326,0.4445226012828888,0.09616640707431053,-0.13422170400599637,-0.05965463108320256,0.16747386352249571,0.23427636193593637,-0.012892882193794093,0.3144393600320652,-0.5378570123116287,0.2,-1.0571428571428572,-0.17142857142857143,0.058394160583941604,0.17647058823529413,0.2647058823529412,0.10218978102189781,-1.416058394160584,-1.1532846715328466,-0.47058823529411764
2,1,0,0,0.22010082232159317,-0.07142857142857142,0.062320149005663635,1,0,6,5,4,3,2,1,0,6,1,1,0,0,1,1,1,1,0,0,0,0,1,1,0,0,0,0,0,1,0,0,0,0,0,0,0,0,1,0,0.16927313694400414,1.0876417290525717,0.4445226012828888,0.0989755975680854,-0.12645712949664323,-0.05965463108320256,0.18083436320518384,0.23427636193593637,-0.012892882193794093,0.2995331217704819,0.22857142857142856,0.2,-1.0571428571428572,-0.17518248175182483,0.058823529411764705,0.17647058823529413,0.2773722627737226,0.10218978102189781,-1.416058394160584,-1.1764705882352942
3,1,0,0,0.5416603862064346,-0.15714285714285714,0.07573610968483277,2,1,0,6,5,4,3,2,1,0,1,1,1,0,0,1,1,1,1,0,0,0,0,1,1,0,0,0,0,0,0,0,0,0,0,0,0,0,0,1,0.21600600851205887,0.1698571404645867,1.0876417290525717,0.4454401599067212,0.1073516149503991,-0.12645712949664323,-0.04629413140051443,0.18083436320518384,0.23427636193593637,-0.02611859703922778,-0.05714285714285714,0.22857142857142856,0.2,-1.0802919708029197,-0.17647058823529413,0.058823529411764705,0.1897810218978102,0.2773722627737226,0.10218978102189781,-1.4411764705882353
4,1,0,0,-0.5101073540002343,-0.1,-0.46087136386223304,3,2,1,0,6,5,4,3,2,1,1,1,1,1,0,0,1,1,1,1,0,0,0,0,1,1,0,0,0,0,0,0,0,0,0,0,0,0,0,0,0.53645998497872,0.21675124353112607,0.1698571404645867,1.0850670442242025,0.4547246067002906,0.1073516149503991,-0.11309662981395509,-0.04629413140051443,0.18083436320518384,0.2197816804293285,-0.14285714285714285,-0.05714285714285714,0.22857142857142856,0.20437956204379562,-1.088235294117647,-0.17647058823529413,0.072992700729927,0.1897810218978102,0.2773722627737226,0.08823529411764706
5,0,1,0,-0.36272588721968196,-0.1,-0.38448075059607617,4,3,2,1,0,6,5,4,3,2,1,1,1,1,1,0,0,1,1,1,0,0,0,0,0,1,1,0,0,0,0,0,0,0,0,0,0,0,0,0,-0.5116915630476507,0.5383108074159675,0.21675124353112607,0.17226617806279682,1.0960285914693209,0.4547246067002906,0.12071211463308723,-0.11309662981395509,-0.04629413140051443,0.16661405286855957,-0.08571428571428572,-0.14285714285714285,-0.05714285714285714,0.23357664233576642,0.20588235294117646,-1.088235294117647,-0.16058394160583941,0.072992700729927,0.1897810218978102,0.2647058823529412
6,0,1,0,0.34068565877840873,-0.9285714285714286,0.2913666169105075,5,4,3,2,1,0,6,5,4,3,0,1,1,1,1,1,0,0,1,1,1,0,0,0,0,0,1,1,0,0,0,0,0,0,0,0,0,0,0,0,-0.3648168238337644,-0.5134569327907014,0.5383108074159675,0.21890563837761318,0.18083436320518384,1.0960285914693209,0.4680851063829787,0.12071211463308723,-0.11309662981395509,-0.05934836426470836,-0.08571428571428572,-0.08571428571428572,-0.14285714285714285,-0.058394160583941604,0.23529411764705882,0.20588235294117646,-1.0656934306569343,-0.16058394160583941,0.072992700729927,0.17647058823529413
0,1,0,0,-0.20194610527726126,-0.1,-0.13748819163210746,6,5,4,3,2,1,0,6,5,4,0,0,1,1,1,1,1,0,0,1,1,1,0,0,0,0,0,1,1,0,0,0,0,0,0,0,0,0,0,0,0.3361762496870568,-0.36607546601014906,-0.5134569327907014,0.5387190805363539,0.2275961120945923,0.18083436320518384,1.109389091152009,0.4680851063829787,0.12071211463308723,-0.12580789871566952,-0.9142857142857143,-0.08571428571428572,-0.08571428571428572,-0.145985401459854,-0.058823529411764705,0.23529411764705882,0.21897810218978103,-1.0656934306569343,-0.16058394160583941,0.058823529411764705
1,1,0,0,0.5818553316920398,-0.04285714285714286,0.5291063797064954,0,6,5,4,3,2,1,0,6,5,1,0,0,1,1,1,1,1,0,0,0,1,1,0,0,0,0,0,1,1,0,0,0,0,0,0,0,0,0,0,-0.20458983560043384,0.33733607998794163,-0.36607546601014906,-0.5073373865245272,0.5482481044791075,0.2275961120945923,0.19419486288787197,1.109389091152009,0.4680851063829787,0.10680047186269453,-0.08571428571428572,-0.9142857142857143,-0.08571428571428572,-0.08759124087591241,-0.14705882352941177,-0.058823529411764705,0.24817518248175183,0.21897810218978103,-1.0656934306569343,-0.17647058823529413
2,1,0,0,-0.14835284462978768,-0.15714285714285714,-0.0902607550444423,1,0,6,5,4,3,2,1,0,6,1,1,0,0,1,1,1,1,1,0,0,0,1,1,0,0,0,0,0,1,0,0,0,0,0,0,0,0,0,0,0.5765167320370527,-0.20529568406772836,0.33733607998794163,-0.3607562255351044,-0.500551120611911,0.5482481044791075,0.24095661177728045,0.19419486288787197,1.109389091152009,0.4523900510076926,-0.02857142857142857,-0.08571428571428572,-0.9142857142857143,-0.08759124087591241,-0.08823529411764706,-0.14705882352941177,-0.043795620437956206,0.24817518248175183,0.21897810218978103,-1.088235294117647
3,1,0,0,-0.14835284462978768,-0.4142857142857143,-0.28788092784935126,2,1,0,6,5,4,3,2,1,0,1,1,1,0,0,1,1,1,1,1,0,0,0,1,1,0,0,0,0,0,0,0,0,0,0,0,0,0,0,0,-0.15118083952265698,0.5785057529015727,-0.20529568406772836,0.33883567918714097,-0.3535856241023415,-0.500551120611911,0.5616086041617956,0.24095661177728045,0.19419486288787197,1.0904015817369197,-0.14285714285714285,-0.02857142857142857,-0.08571428571428572,-0.9343065693430657,-0.08823529411764706,-0.08823529411764706,-0.13138686131386862,-0.043795620437956206,0.24817518248175183,0.20588235294117646
4,1,0,0,-0.262238523505669,-0.1,-0.2592141771471762,3,2,1,0,6,5,4,3,2,1,1,1,1,1,0,0,1,1,1,1,0,0,0,0,1,1,0,0,0,0,0,0,0,0,0,0,0,0,0,0,-0.15118083952265698,-0.15170242342025478,0.5785057529015727,-0.20084950445573402,0.3478406092387855,-0.3535856241023415,-0.48719062092922283,0.5616086041617956,0.24095661177728045,0.17990595975875182,-0.4,-0.14285714285714285,-0.02857142857142857,-0.08759124087591241,-0.9411764705882353,-0.08823529411764706,-0.072992700729927,-0.13138686131386862,-0.043795620437956206,0.23529411764705882
5,0,1,0,0.23349913748346157,-0.2714285714285714,0.2527882835682515,4,3,2,1,0,6,5,4,3,2,1,1,1,1,1,0,0,1,1,1,0,0,0,0,0,1,1,0,0,0,0,0,0,0,0,0,0,0,0,0,-0.2646749561879328,-0.15170242342025478,-0.15170242342025478,0.5786957608061964,-0.1932596279100839,0.3478406092387855,-0.34022512441965336,-0.48719062092922283,0.5616086041617956,0.22642763387442463,-0.08571428571428572,-0.4,-0.14285714285714285,-0.029197080291970802,-0.08823529411764706,-0.9411764705882353,-0.072992700729927,-0.072992700729927,-0.13138686131386862,-0.058823529411764705
6,0,1,0,-0.0009713778492353367,-0.9857142857142858,0.14821060336683883,5,4,3,2,1,0,6,5,4,3,0,1,1,1,1,1,0,0,1,1,1,0,0,0,0,0,1,1,0,0,0,0,0,0,0,0,0,0,0,0,0.2293582575315031,-0.2655881022961361,-0.15170242342025478,-0.1475472640959439,0.5883296035271719,-0.1932596279100839,0.3612011089214736,-0.34022512441965336,-0.48719062092922283,0.5454333992390382,-0.2571428571428571,-0.08571428571428572,-0.4,-0.145985401459854,-0.029411764705882353,-0.08823529411764706,-0.9197080291970803,-0.072992700729927,-0.072992700729927,-0.14705882352941177
0,1,0,0,0.019126094893567255,0.15714285714285714,0.06615508834192264,6,5,4,3,2,1,0,6,5,4,0,0,1,1,1,1,1,0,0,1,1,1,0,0,0,0,0,1,1,0,0,0,0,0,0,0,0,0,0,0,-0.004306100308770637,0.23014955869299447,-0.2655881022961361,-0.1475472640959439,-0.13981762917933135,0.5883296035271719,-0.17989912822739576,0.3612011089214736,-0.34022512441965336,-0.497981291641052,-0.9714285714285714,-0.2571428571428571,-0.08571428571428572,-0.40875912408759124,-0.14705882352941177,-0.029411764705882353,-0.072992700729927,-0.9197080291970803,-0.072992700729927,-0.08823529411764706
1,1,0,0,-0.7177812390091944,0.3,-0.5528844052646461,0,6,5,4,3,2,1,0,6,5,1,0,0,1,1,1,1,1,0,0,0,1,1,0,0,0,0,0,1,1,0,0,0,0,0,0,0,0,0,0,0.015722273220395683,-0.004320956639702435,0.23014955869299447,-0.2608145248604979,-0.13981762917933135,-0.13981762917933135,0.60169010320986,-0.17989912822739576,0.3612011089214736,-0.3517703158489375,0.17142857142857143,-0.9714285714285714,-0.2571428571428571,-0.08759124087591241,-0.4117647058823529,-0.14705882352941177,-0.014598540145985401,-0.072992700729927,-0.9197080291970803,-0.08823529411764706
2,1,0,0,-0.4900098812574317,-0.32857142857142857,-0.47809715056356517,1,0,6,5,4,3,2,1,0,6,1,1,0,0,1,1,1,1,1,0,0,0,1,1,0,0,0,0,0,1,0,0,0,0,0,0,0,0,0,0,-0.718651422849036,0.015776516103100158,-0.004320956639702435,0.2322311984675607,-0.25338187648218047,-0.13981762917933135,-0.12645712949664323,0.60169010320986,-0.17989912822739576,0.34605479588615473,0.3142857142857143,0.17142857142857143,-0.9714285714285714,-0.26277372262773724,-0.08823529411764706,-0.4117647058823529,-0.13138686131386862,-0.014598540145985401,-0.072992700729927,-0.9411764705882353
3,0,0,1,-0.6574888207807866,-0.9857142857142858,-0.5465836889024946,2,1,0,6,5,4,3,2,1,0,1,1,1,0,0,1,1,1,1,1,0,0,0,1,1,0,0,0,0,0,0,0,0,0,0,0,0,0,0,0,-0.4916631895184844,-0.7211308177996615,0.015776516103100158,-0.0009661031065210748,0.24095661177728045,-0.25338187648218047,-0.12645712949664323,-0.12645712949664323,0.60169010320986,-0.19226743316663067,-0.3142857142857143,0.3142857142857143,0.17142857142857143,-0.9927007299270073,-0.2647058823529412,-0.08823529411764706,-0.39416058394160586,-0.13138686131386862,-0.014598540145985401,-0.08823529411764706
4,0,0,1,-0.047865480915774715,-0.8428571428571429,0.03687315878282191,3,2,1,0,6,5,4,3,2,1,0,1,1,1,0,0,1,1,1,1,0,0,0,0,1,1,0,0,0,0,1,0,0,0,0,0,0,0,0,0,-0.6585663022615371,-0.4933594600478988,-0.7211308177996615,0.01902223702840022,0.0071478673302381055,0.24095661177728045,-0.24002137679949237,-0.12645712949664323,-0.12645712949664323,0.5853091199096149,-0.9714285714285714,-0.3142857142857143,0.3142857142857143,0.17518248175182483,-1.0,-0.2647058823529412,-0.072992700729927,-0.39416058394160586,-0.13138686131386862,-0.029411764705882353
5,0,1,0,-0.670887135942655,-0.9,-0.5594226273880157,4,3,2,1,0,6,5,4,3,2,0,0,1,1,1,0,0,1,1,1,0,0,0,0,0,1,1,0,0,0,1,1,0,0,0,0,0,0,0,0,-0.051038971876825386,-0.6608383995712538,-0.4933594600478988,-0.713883567918714,0.027188616854270306,0.0071478673302381055,0.25431711145996855,-0.24002137679949237,-0.12645712949664323,-0.13909980560586174,-0.8285714285714286,-0.9714285714285714,-0.3142857142857143,0.32116788321167883,0.17647058823529413,-1.0,-0.24817518248175183,-0.072992700729927,-0.39416058394160586,-0.14705882352941177
6,0,1,0,-0.1014587415632483,-0.9,0.11150408797057654,5,4,3,2,1,0,6,5,4,3,0,0,0,1,1,1,0,0,1,1,1,0,0,0,0,0,1,1,0,0,0,1,1,0,0,0,0,0,0,0,-0.6719185512809813,-0.051215059706241815,-0.6608383995712538,-0.4873490463896059,-0.707638865693577,0.027188616854270306,0.02050836701292624,0.25431711145996855,-0.24002137679949237,-0.13909980560586174,-0.8857142857142857,-0.8285714285714286,-0.9714285714285714,-0.32116788321167883,0.3235294117647059,0.17647058823529413,-0.9781021897810219,-0.24817518248175183,-0.072992700729927,-0.4117647058823529
0,1,0,0,0.5349612286255004,0.35714285714285715,0.4168066474358382,6,5,4,3,2,1,0,6,5,4,0,0,0,0,1,1,1,0,0,1,1,1,0,0,0,0,0,1,1,0,0,0,1,1,0,0,0,0,0,0,-0.10444796795460223,-0.6742367147331222,-0.051215059706241815,-0.6539185475139501,-0.48051037108787875,-0.707638865693577,0.04054911653695844,0.02050836701292624,0.25431711145996855,-0.25208101417249573,-0.8857142857142857,-0.8857142857142857,-0.8285714285714286,-0.9927007299270073,-0.3235294117647059,0.3235294117647059,0.1897810218978102,-0.9781021897810219,-0.24817518248175183,-0.08823529411764706
1,1,0,0,-0.027768008172972126,-0.04285714285714286,-0.010820334192020487,0,6,5,4,3,2,1,0,6,5,1,0,0,0,0,1,1,1,0,0,0,1,1,0,0,0,0,0,1,1,0,0,0,1,1,0,0,0,0,0,0.5297838604689978,-0.10480832035371539,-0.6742367147331222,-0.04760556342133743,-0.6475166171214805,-0.48051037108787875,-0.6942783660108889,0.04054911653695844,0.02050836701292624,0.23971954076461685,0.37142857142857144,-0.8857142857142857,-0.8857142857142857,-0.8467153284671532,-1.0,-0.3235294117647059,0.3357664233576642,0.1897810218978102,-0.9781021897810219,-0.2647058823529412
2,1,0,0,-0.7780736572376022,0.12857142857142856,-0.692183870341322,1,0,6,5,4,3,2,1,0,6,1,1,0,0,0,0,1,1,1,0,0,0,1,1,0,0,0,0,0,1,0,0,0,0,1,1,0,0,0,0,-0.031010598347659065,0.5316116498350333,-0.10480832035371539,-0.6672441076038976,-0.03961388155917036,-0.6475166171214805,-0.4671498714051906,-0.6942783660108889,0.04054911653695844,0.007111170186252799,-0.02857142857142857,0.37142857142857144,-0.8857142857142857,-0.9051094890510949,-0.8529411764705882,-1.0,-0.30656934306569344,0.3357664233576642,0.1897810218978102,-1.0
3,1,0,0,-0.06126379607764311,0.38571428571428573,-0.0466402911976374,2,1,0,6,5,4,3,2,1,0,1,1,1,0,0,0,0,1,1,1,0,0,0,1,1,0,0,0,0,0,0,0,0,0,0,1,1,0,0,0,-0.778736543436535,-0.031117586963439223,0.5316116498350333,-0.10090780378112756,-0.6608771168041685,-0.03961388155917036,-0.6341561174387923,-0.4671498714051906,-0.6942783660108889,0.027049030521541145,0.14285714285714285,-0.02857142857142857,0.37142857142857144,-0.9051094890510949,-0.9117647058823529,-0.8529411764705882,-0.9781021897810219,-0.30656934306569344,0.3357664233576642,0.17647058823529413
4,1,0,0,0.49476628313989524,0.3,0.16645318727377942,3,2,1,0,6,5,4,3,2,1,1,1,1,1,0,0,0,0,1,1,0,0,0,0,1,1,0,0,0,0,0,0,0,0,0,0,1,1,0,0,-0.0643912208962696,-0.7814232360280693,-0.031117586963439223,0.5320563004913801,-0.0930558802899229,-0.6608771168041685,-0.026253381876482226,-0.6341561174387923,-0.4671498714051906,-0.7040058484390316,0.4,0.14285714285714285,-0.02857142857142857,0.3795620437956204,-0.9117647058823529,-0.9117647058823529,-0.8321167883211679,-0.9781021897810219,-0.30656934306569344,0.3235294117647059
5,0,1,0,0.6488469075013817,0.014285714285714285,0.39321453827273933,4,3,2,1,0,6,5,4,3,2,1,1,1,1,1,0,0,0,0,1,0,0,0,0,0,1,1,0,0,0,0,0,0,0,0,0,0,1,1,0,0.48972711341066527,-0.06461337486811021,-0.7814232360280693,-0.027617223286416134,0.5415678546377635,-0.0930558802899229,-0.6475166171214805,-0.026253381876482226,-0.6341561174387923,-0.47804343130576366,0.3142857142857143,0.4,0.14285714285714285,-0.029197080291970802,0.38235294117647056,-0.9117647058823529,-0.8905109489051095,-0.8321167883211679,-0.9781021897810219,-0.3235294117647059
6,0,1,0,0.11291430102664601,-0.9,0.32368823085949344,5,4,3,2,1,0,6,5,4,3,0,1,1,1,1,1,0,0,0,0,1,0,0,0,0,0,1,1,0,0,0,0,0,0,0,0,0,0,1,1,0.6432779771342737,0.49141670434942814,-0.06461337486811021,-0.7738485883234778,-0.01957313203513816,0.5415678546377635,-0.07969538060723476,-0.6475166171214805,-0.026253381876482226,-0.6441922674331666,0.02857142857142857,0.3142857142857143,0.4,0.145985401459854,-0.029411764705882353,0.38235294117647056,-0.8905109489051095,-0.8905109489051095,-0.8321167883211679,-1.0
0,1,0,0,0.48136796797802683,0.07142857142857142,0.5126480091614928,6,5,4,3,2,1,0,6,5,4,0,0,1,1,1,1,1,0,0,0,1,1,0,0,0,0,0,1,1,0,0,0,0,0,0,0,0,0,0,1,0.10918801635650517,0.6454973287109147,0.49141670434942814,-0.06093112351128496,-0.7677611142656736,-0.01957313203513816,0.5549283543204515,-0.07969538060723476,-0.6475166171214805,-0.03941050392942001,-0.8857142857142857,0.02857142857142857,0.3142857142857143,0.40875912408759124,0.14705882352941177,-0.029411764705882353,0.39416058394160586,-0.8905109489051095,-0.8905109489051095,-0.8529411764705882
1,1,0,0,-0.4431157781908924,0.4714285714285714,-0.3492786979233333,0,6,5,4,3,2,1,0,6,5,1,0,0,1,1,1,1,1,0,0,0,1,1,0,0,0,0,0,1,1,0,0,0,0,0,0,0,0,0,0,0.476374864391221,0.10956472223617891,0.6454973287109147,0.49207962022153756,-0.05297438124185849,-0.7677611142656736,-0.0062126323524500275,0.5549283543204515,-0.07969538060723476,-0.6574841743233588,0.08571428571428572,-0.8857142857142857,0.02857142857142857,0.32116788321167883,0.4117647058823529,0.14705882352941177,-0.014598540145985401,0.39416058394160586,-0.8905109489051095,-0.9117647058823529
2,1,0,0,-0.2689376810866032,0.18571428571428572,-0.25691192867818796,1,0,6,5,4,3,2,1,0,6,1,1,0,0,1,1,1,1,1,0,0,0,1,1,0,0,0,0,0,1,0,0,0,0,0,0,0,0,0,0,-0.44493031795042964,0.47801838918755973,0.10956472223617891,0.6453235612559342,0.501486355589699,-0.05297438124185849,-0.7544006145829855,-0.0062126323524500275,0.5549283543204515,-0.09257813149018894,0.4857142857142857,0.08571428571428572,-0.8857142857142857,0.029197080291970802,0.3235294117647059,0.4117647058823529,0.16058394160583941,-0.014598540145985401,0.39416058394160586,-0.9117647058823529
3,0,0,1,-0.24884020834380063,-1.1571428571428573,-0.2911108115250644,2,1,0,6,5,4,3,2,1,0,1,1,1,0,0,1,1,1,1,1,0,0,0,1,1,0,0,0,0,0,0,0,0,0,0,0,0,0,0,0,-0.2713510806976549,-0.4464653569813595,0.47801838918755973,0.11230115765803293,0.6551321019406126,0.501486355589699,-0.03961388155917036,-0.7544006145829855,-0.0062126323524500275,0.5387874457939421,0.2,0.4857142857142857,0.08571428571428572,-0.9051094890510949,0.029411764705882353,0.3235294117647059,0.4233576642335766,0.16058394160583941,-0.014598540145985401,0.38235294117647056
4,1,0,0,0.8297241621866052,0.15714285714285714,0.3766819958465693,3,2,1,0,6,5,4,3,2,1,0,1,1,1,0,0,1,1,1,1,0,0,0,0,1,1,0,0,0,0,1,0,0,0,0,0,0,0,0,0,-0.2513227071684886,-0.2722872598770703,-0.4464653569813595,0.47875406013159,0.12071211463308723,0.6551321019406126,0.5148468552723872,-0.03961388155917036,-0.7544006145829855,-0.019472643594131665,-1.1428571428571428,0.2,0.4857142857142857,0.08759124087591241,-0.9117647058823529,0.029411764705882353,0.3357664233576642,0.4233576642335766,0.16058394160583941,-0.029411764705882353
5,0,1,0,-0.5034081964193001,-0.8428571428571429,-0.5291789941728351,4,3,2,1,0,6,5,4,3,2,1,0,1,1,1,0,0,1,1,1,0,0,0,0,0,1,1,0,0,0,0,1,0,0,0,0,0,0,0,0,0.8235333388967706,-0.2521897871342677,-0.2722872598770703,-0.44070958607478955,0.4881258559070109,0.12071211463308723,0.6684926016233007,0.5148468552723872,-0.03961388155917036,-0.7638194294448967,0.17142857142857143,-1.1428571428571428,0.2,0.49635036496350365,0.08823529411764706,-0.9117647058823529,0.043795620437956206,0.3357664233576642,0.4233576642335766,0.14705882352941177
6,0,1,0,-0.24884020834380063,-0.8142857142857143,-0.16007888306102097,5,4,3,2,1,0,6,5,4,3,0,1,0,1,1,1,0,0,1,1,1,0,0,0,0,0,1,1,0,0,0,0,1,0,0,0,0,0,0,0,-0.5050154385379286,0.826374583396138,-0.2521897871342677,-0.26747730490547167,-0.43374862219847027,0.4881258559070109,0.13407261431577536,0.6684926016233007,0.5148468552723872,-0.052702410819612244,-0.8285714285714286,0.17142857142857143,-1.1428571428571428,0.20437956204379562,0.5,0.08823529411764706,-0.8905109489051095,0.043795620437956206,0.3357664233576642,0.4117647058823529
0,1,0,0,0.3875797618449481,0.24285714285714285,0.14812728167355904,6,5,4,3,2,1,0,6,5,4,0,0,1,0,1,1,1,0,0,1,1,1,0,0,0,0,0,1,1,0,0,0,0,1,0,0,0,0,0,0,-0.2513227071684886,-0.5067577752097672,0.826374583396138,-0.24748896477055038,-0.26006212632352455,-0.43374862219847027,0.501486355589699,0.13407261431577536,0.6684926016233007,0.49891172512336535,-0.8,-0.8285714285714286,0.17142857142857143,-1.167883211678832,0.20588235294117646,0.5,0.10218978102189781,-0.8905109489051095,0.043795620437956206,0.3235294117647059
1,1,0,0,0.6555460650823159,0.21428571428571427,0.675200650999398,0,6,5,4,3,2,1,0,6,5,1,0,0,1,0,1,1,1,0,0,0,1,1,0,0,0,0,0,1,1,0,0,0,0,1,0,0,0,0,0,0.38290912125511156,-0.2521897871342677,-0.5067577752097672,0.8252186224702258,-0.24002137679949237,-0.26006212632352455,-0.42038812251578217,0.501486355589699,0.13407261431577536,0.6517686543605761,0.2571428571428571,-0.8,-0.8285714285714286,0.17518248175182483,-1.1764705882352942,0.20588235294117646,0.5109489051094891,0.10218978102189781,-0.8905109489051095,0.029411764705882353
2,1,0,0,0.5282620710445662,0.014285714285714285,0.29763287546959705,1,0,6,5,4,3,2,1,0,6,1,1,0,0,1,0,1,1,1,0,0,0,1,1,0,0,0,0,0,1,0,0,0,0,0,1,0,0,0,0,0.6499541016439958,0.384230183054481,-0.2521897871342677,-0.5006746064795534,0.8354988476569024,-0.24002137679949237,-0.24670162664083642,-0.42038812251578217,0.501486355589699,0.12009237875288677,0.22857142857142856,0.2571428571428571,-0.8,-0.8467153284671532,0.17647058823529413,-1.1764705882352942,0.21897810218978103,0.5109489051094891,0.10218978102189781,-0.9117647058823529
3,1,0,0,0.6421477499204475,0.32857142857142857,0.3245093778273771,2,1,0,6,5,4,3,2,1,0,1,1,1,0,0,1,0,1,1,1,0,0,0,1,1,0,0,0,0,0,0,0,0,0,0,0,1,0,0,0,0.5231077359592757,0.6521964862918489,0.384230183054481,-0.24748896477055038,-0.4938708707705669,0.8354988476569024,-0.22666087711680422,-0.24670162664083642,-0.42038812251578217,0.48561981823317313,0.02857142857142857,0.22857142857142856,0.2571428571428571,-0.8175182481751825,-0.8529411764705882,0.17647058823529413,-1.1532846715328466,0.21897810218978103,0.5109489051094891,0.08823529411764706
4,1,0,0,0.9838047865480917,0.12857142857142856,1.0214048173760772,3,2,1,0,6,5,4,3,2,1,1,1,1,1,0,0,1,0,1,1,0,0,0,0,1,1,0,0,0,0,0,0,0,0,0,0,0,1,0,0,0.6366018526245516,0.5249124922540992,0.6521964862918489,0.3854751395019573,-0.24002137679949237,-0.4938708707705669,0.8488593473395905,-0.22666087711680422,-0.24670162664083642,-0.43152175719009084,0.34285714285714286,0.02857142857142857,0.22857142857142856,0.26277372262773724,-0.8235294117647058,-0.8529411764705882,0.1897810218978102,-1.1532846715328466,0.21897810218978103,0.5
5,0,1,0,0.5818553316920398,0.2714285714285714,0.4246636105645288,4,3,2,1,0,6,5,4,3,2,1,1,1,1,1,0,0,1,0,1,0,0,0,0,0,1,1,0,0,0,0,0,0,0,0,0,0,0,1,0,0.977084202620379,0.6387981711299805,0.5249124922540992,0.6519863413009079,0.39460235812819394,-0.24002137679949237,-0.48051037108787875,0.8488593473395905,-0.22666087711680422,-0.25872696761759184,0.14285714285714285,0.34285714285714286,0.02857142857142857,0.23357664233576642,0.2647058823529412,-0.8235294117647058,-0.8321167883211679,0.1897810218978102,-1.1532846715328466,0.20588235294117646
6,0,1,0,0.13971093135038282,-0.7857142857142857,0.2504389233007266,5,4,3,2,1,0,6,5,4,3,0,1,1,1,1,1,0,0,1,0,1,0,0,0,0,0,1,1,0,0,0,0,0,0,0,0,0,0,0,1,0.5765167320370527,0.9804552077576245,0.6387981711299805,0.5253935204464064,0.6618123517819566,0.39460235812819394,-0.22666087711680422,-0.48051037108787875,0.8488593473395905,-0.2387891072823035,0.2857142857142857,0.14285714285714285,0.34285714285714286,0.029197080291970802,0.23529411764705882,0.2647058823529412,-0.8029197080291971,-0.8321167883211679,0.1897810218978102,-1.1764705882352942
0,1,0,0,0.8967157379959471,0.5857142857142857,0.8246610797654339,6,5,4,3,2,1,0,6,5,4,0,0,1,1,1,1,1,0,0,1,1,1,0,0,0,0,0,1,1,0,0,0,0,0,0,0,0,0,0,0,0.1358925143953936,0.5785057529015727,0.9804552077576245,0.6386607812109604,0.5348876047964194,0.6618123517819566,0.4079628578108821,-0.22666087711680422,-0.48051037108787875,0.8312093973781711,-0.7714285714285715,0.2857142857142857,0.14285714285714285,0.35036496350364965,0.029411764705882353,0.23529411764705882,0.2773722627737226,-0.8029197080291971,-0.8321167883211679,0.17647058823529413
1,1,0,0,1.0239997320336969,0.014285714285714285,1.1678820180397307,0,6,5,4,3,2,1,0,6,5,1,0,0,1,1,1,1,1,0,0,0,1,1,0,0,0,0,0,1,1,0,0,0,0,0,0,0,0,0,0,0.8902945839939916,0.13636135255991572,0.5785057529015727,0.9784625635046224,0.6484518520992685,0.5348876047964194,0.6751728514646448,0.4079628578108821,-0.22666087711680422,-0.4913353381959559,0.6,-0.7714285714285715,0.2857142857142857,0.145985401459854,0.35294117647058826,0.029411764705882353,0.24817518248175183,0.2773722627737226,-0.8029197080291971,-0.8529411764705882
2,1,0,0,1.372355926242275,0.24285714285714285,1.2982423113593458,1,0,6,5,4,3,2,1,0,6,1,1,0,0,1,1,1,1,1,0,0,0,1,1,0,0,0,0,0,1,0,0,0,0,0,0,0,0,0,0,1.0171409496787116,0.89336615920548,0.13636135255991572,0.5786957608061964,0.9891445940078158,0.6484518520992685,0.5482481044791075,0.6751728514646448,0.4079628578108821,-0.2387891072823035,0.02857142857142857,0.6,-0.7714285714285715,0.291970802919708,0.14705882352941177,0.35294117647058826,0.043795620437956206,0.24817518248175183,0.2773722627737226,-0.8235294117647058
3,1,0,0,0.6622452226632501,0.32857142857142857,0.2349323278922775,2,1,0,6,5,4,3,2,1,0,1,1,1,0,0,1,1,1,1,1,0,0,0,1,1,0,0,0,0,0,0,0,0,0,0,0,0,0,0,0,1.3642994241842612,1.0206501532432297,0.89336615920548,0.138952277837928,0.5883296035271719,0.9891445940078158,0.6618123517819566,0.5482481044791075,0.6751728514646448,0.3925764700018275,0.2571428571428571,0.02857142857142857,0.6,-0.7883211678832117,0.29411764705882354,0.14705882352941177,0.36496350364963503,0.043795620437956206,0.24817518248175183,0.2647058823529412
4,1,0,0,1.4326483444706828,-0.1,0.9252443802876058,3,2,1,0,6,5,4,3,2,1,1,1,1,1,0,0,1,1,1,1,0,0,0,0,1,1,0,0,0,0,0,0,0,0,0,0,0,0,0,0,0.6566302261537179,1.369006347451808,1.0206501532432297,0.8918464229199634,0.1474331139984635,0.5883296035271719,1.002505093690504,0.6618123517819566,0.5482481044791075,0.6584146078056722,0.34285714285714286,0.2571428571428571,0.02857142857142857,0.6131386861313869,-0.7941176470588235,0.29411764705882354,0.16058394160583941,0.36496350364963503,0.043795620437956206,0.23529411764705882
5,0,1,0,1.3790550838232092,-0.2714285714285714,0.7759945918770109,4,3,2,1,0,6,5,4,3,2,1,1,1,1,1,0,0,1,1,1,0,0,0,0,0,1,1,0,0,0,0,0,0,0,0,0,0,0,0,0,1.4243845447717602,0.6588956438727831,1.369006347451808,1.018439243774465,0.9023013460703431,0.1474331139984635,0.60169010320986,1.002505093690504,0.6618123517819566,0.532141492348846,-0.08571428571428572,0.34285714285714286,0.2571428571428571,0.029197080291970802,0.6176470588235294,-0.7941176470588235,0.30656934306569344,0.16058394160583941,0.36496350364963503,0.029411764705882353
6,0,1,0,2.1628565207925106,-1.1285714285714286,1.9308030858228042,5,4,3,2,1,0,6,5,4,3,0,1,1,1,1,1,0,0,1,1,1,0,0,0,0,0,1,1,0,0,0,0,0,0,0,0,0,0,0,0,1.3709755486939834,1.4292987656802159,0.6588956438727831,1.3649038061131007,1.0292260930558803,0.9023013460703431,0.16079361368115164,0.60169010320986,1.002505093690504,0.64512270091548,-0.2571428571428571,-0.08571428571428572,0.34285714285714286,0.26277372262773724,0.029411764705882353,0.6176470588235294,-0.7737226277372263,0.30656934306569344,0.16058394160583941,0.35294117647058826
0,1,0,0,0.09281682828384342,0.35714285714285715,-0.005241090248782418,6,5,4,3,2,1,0,6,5,4,0,0,1,1,1,1,1,0,0,1,1,1,0,0,0,0,0,1,1,0,0,0,0,0,0,0,0,0,0,0,2.15208211633147,1.3757055050327422,1.4292987656802159,0.6586491213458817,1.3765990848057716,1.0292260930558803,0.9156618457530311,0.16079361368115164,0.60169010320986,0.9840663266153818,-1.1142857142857143,-0.2571428571428571,-0.08571428571428572,0.35036496350364965,0.2647058823529412,0.029411764705882353,0.6277372262773723,-0.7737226277372263,0.30656934306569344,0.14705882352941177
1,1,0,0,0.1732067192550538,0.38571428571428573,0.1319835089237436,0,6,5,4,3,2,1,0,6,5,1,0,0,1,1,1,1,1,0,0,0,1,1,0,0,0,0,0,1,1,0,0,0,0,0,0,0,0,0,0,0.08915964282733886,2.1595069420020434,1.3757055050327422,1.4248688265178646,0.6684926016233007,1.3765990848057716,1.0425865927385685,0.9156618457530311,0.16079361368115164,0.5853091199096149,0.37142857142857144,-1.1142857142857143,-0.2571428571428571,-0.08759124087591241,0.35294117647058826,0.2647058823529412,0.043795620437956206,0.6277372262773723,-0.7737226277372263,0.29411764705882354
2,1,0,0,-0.10815789914418249,0.44285714285714284,-0.15807390614726233,1,0,6,5,4,3,2,1,0,6,1,1,0,0,1,1,1,1,1,0,0,0,1,1,0,0,0,0,0,1,0,0,0,0,0,0,0,0,0,0,0.16927313694400414,0.08946724949337632,2.1595069420020434,1.3715665861580746,1.4367213333778683,0.6684926016233007,1.3899595844884598,1.0425865927385685,0.9156618457530311,0.14667619253327124,0.4,0.37142857142857144,-1.1142857142857143,-0.26277372262773724,-0.08823529411764706,0.35294117647058826,0.2773722627737226,0.043795620437956206,0.6277372262773723,-0.7941176470588235
3,1,0,0,0.5751561741111056,0.5,0.3029568980579524,2,1,0,6,5,4,3,2,1,0,1,1,1,0,0,1,1,1,1,1,0,0,0,1,1,0,0,0,0,0,0,0,0,0,0,0,0,0,0,0,-0.11112409246432434,0.1698571404645867,0.08946724949337632,2.151111851420005,1.3832793346471157,1.4367213333778683,0.6818531013059889,1.3899595844884598,1.0425865927385685,0.8976689318291323,0.45714285714285713,0.4,0.37142857142857144,-1.1386861313868613,-0.2647058823529412,-0.08823529411764706,0.36496350364963503,0.2773722627737226,0.043795620437956206,0.6176470588235294
4,1,0,0,1.164682041233315,0.24285714285714285,1.062909922533213,3,2,1,0,6,5,4,3,2,1,1,1,1,1,0,0,1,1,1,1,0,0,0,0,1,1,0,0,0,0,0,0,0,0,0,0,0,0,0,0,0.5698406075273306,-0.11150747793464959,0.1698571404645867,0.09231281752311164,2.1648685660843716,1.3832793346471157,1.4500818330605565,0.6818531013059889,1.3899595844884598,1.0239420472859586,0.5142857142857142,0.45714285714285713,0.4,0.3795620437956204,-1.1470588235294117,-0.2647058823529412,-0.072992700729927,0.36496350364963503,0.2773722627737226,0.029411764705882353
5,0,1,0,0.756033428796329,0.04285714285714286,0.5890094208996309,4,3,2,1,0,6,5,4,3,2,1,1,1,1,1,0,0,1,1,1,0,0,0,0,0,1,1,0,0,0,0,0,0,0,0,0,0,0,0,0,1.1573395643828759,0.5718065953206385,-0.11150747793464959,0.17226617806279682,0.10067136510905504,2.1648685660843716,1.3966398343298039,1.4500818330605565,0.6818531013059889,1.3695316264309565,0.2571428571428571,0.5142857142857142,0.45714285714285713,0.40875912408759124,0.38235294117647056,-1.1470588235294117,-0.24817518248175183,-0.072992700729927,0.36496350364963503,0.2647058823529412
6,0,1,0,0.019126094893567255,-1.1857142857142857,0.0071789036480982265,5,4,3,2,1,0,6,5,4,3,0,1,1,1,1,1,0,0,1,1,1,0,0,0,0,0,1,1,0,0,0,0,0,0,0,0,0,0,0,0,0.7500959692898274,1.1613324624428478,0.5718065953206385,-0.10757058382610131,0.18083436320518384,0.10067136510905504,2.1782290657670598,1.3966398343298039,1.4500818330605565,0.6650605612507683,0.05714285714285714,0.2571428571428571,0.5142857142857142,0.46715328467153283,0.4117647058823529,0.38235294117647056,-1.1240875912408759,-0.24817518248175183,-0.072992700729927,0.35294117647058826
0,1,0,0,0.3071898708737377,0.5571428571428572,-0.0980996132257614,6,5,4,3,2,1,0,6,5,4,0,0,1,1,1,1,1,0,0,1,1,1,0,0,0,0,0,1,1,0,0,0,0,0,0,0,0,0,0,0,0.015722273220395683,0.7526838500058618,1.1613324624428478,0.5720329807612227,-0.09973613013126696,0.18083436320518384,0.11403186479174317,2.1782290657670598,1.3966398343298039,1.4293452074368216,-1.1714285714285715,0.05714285714285714,0.2571428571428571,0.5255474452554745,0.47058823529411764,0.4117647058823529,0.39416058394160586,-1.1240875912408759,-0.24817518248175183,-0.08823529411764706
1,1,0,0,1.3790550838232092,0.32857142857142857,1.0684698934679588,0,6,5,4,3,2,1,0,6,5,1,0,0,1,1,1,1,1,0,0,0,1,1,0,0,0,0,0,1,1,0,0,0,0,0,0,0,0,0,0,0.30279562713844627,0.015776516103100158,0.7526838500058618,1.158357624718914,0.5816493536858278,-0.09973613013126696,0.19419486288787197,0.11403186479174317,2.1782290657670598,1.3761775798760527,0.5714285714285714,-1.1714285714285715,0.05714285714285714,0.26277372262773724,0.5294117647058824,0.47058823529411764,0.4233576642335766,0.39416058394160586,-1.1240875912408759,-0.2647058823529412
2,1,0,0,0.6153511195967108,-0.18571428571428572,0.6748379680214067,1,0,6,5,4,3,2,1,0,6,1,1,0,0,1,1,1,1,1,0,0,0,1,1,0,0,0,0,0,1,0,0,0,0,0,0,0,0,0,0,1.3709755486939834,0.3038402920832706,0.015776516103100158,0.7519280419755143,1.1695113397241057,0.5816493536858278,-0.08637563044857882,0.19419486288787197,0.11403186479174317,2.1537541329522982,0.34285714285714286,0.5714285714285714,-1.1714285714285715,0.058394160583941604,0.2647058823529412,0.5294117647058824,0.48175182481751827,0.4233576642335766,0.39416058394160586,-1.1470588235294117
3,1,0,0,0.032524410055435646,-0.1,0.028140733844132952,2,1,0,6,5,4,3,2,1,0,1,1,1,0,0,1,1,1,1,1,0,0,0,1,1,0,0,0,0,0,0,0,0,0,0,0,0,0,0,0,0.6098973545856632,1.3757055050327422,0.3038402920832706,0.01902223702840022,0.7620160994021177,1.1695113397241057,0.595009853368516,-0.08637563044857882,0.19419486288787197,0.10015451841759843,-0.17142857142857143,0.34285714285714286,0.5714285714285714,-1.197080291970803,0.058823529411764705,0.2647058823529412,0.5401459854014599,0.48175182481751827,0.4233576642335766,0.38235294117647056
4,1,0,0,0.5014654407208294,-0.014285714285714285,0.25041906626167393,3,2,1,0,6,5,4,3,2,1,1,1,1,1,0,0,1,1,1,1,0,0,0,0,1,1,0,0,0,0,0,0,0,0,0,0,0,0,0,0,0.029074522239839896,0.6120015408062437,1.3757055050327422,0.3055217789622721,0.027188616854270306,0.7620160994021177,1.1828718394067939,0.595009853368516,-0.08637563044857882,0.17990595975875182,-0.08571428571428572,-0.17142857142857143,0.34285714285714286,0.583941605839416,-1.2058823529411764,0.058823529411764705,0.2773722627737226,0.5401459854014599,0.48175182481751827,0.4117647058823529
5,0,1,0,0.08611767070290922,-0.21428571428571427,0.09001565688593932,4,3,2,1,0,6,5,4,3,2,1,1,1,1,1,0,0,1,1,1,0,0,0,0,0,1,1,0,0,0,0,0,0,0,0,0,0,0,0,0,0.4964032379203874,0.02917483126496855,0.6120015408062437,1.3715665861580746,0.3144393600320652,0.027188616854270306,0.7753765990848057,1.1828718394067939,0.595009853368516,-0.09922408493528505,0.0,-0.08571428571428572,-0.17142857142857143,0.35036496350364965,0.5882352941176471,-1.2058823529411764,0.072992700729927,0.2773722627737226,0.5401459854014599,0.47058823529411764
6,0,1,0,-0.21534442043912966,-1.042857142857143,-0.4209051792316786,5,4,3,2,1,0,6,5,4,3,0,1,1,1,1,1,0,0,1,1,1,0,0,0,0,0,1,1,0,0,0,0,0,0,0,0,0,0,0,0,0.08248351831761674,0.49811586193036234,0.02917483126496855,0.6120096610310654,1.3832793346471157,0.3144393600320652,0.04054911653695844,0.7753765990848057,1.1828718394067939,0.5786631664645188,-0.2,0.0,-0.08571428571428572,-0.17518248175182483,0.35294117647058826,0.5882352941176471,-1.1824817518248176,0.072992700729927,0.2773722627737226,0.5294117647058824
0,0,0,1,-0.18854779011539285,-1.3285714285714285,-0.3352347097149104,6,5,4,3,2,1,0,6,5,4,0,0,1,1,1,1,1,0,0,1,1,1,0,0,0,0,0,1,1,0,0,0,0,0,0,0,0,0,0,0,-0.21794208461987805,0.08276809191244212,0.49811586193036234,0.03234779711834775,0.6217308527338923,1.3832793346471157,0.3277998597147533,0.04054911653695844,0.7753765990848057,1.163507069632977,-1.0285714285714285,-0.2,0.0,-0.08759124087591241,-0.17647058823529413,0.35294117647058826,0.5985401459854015,-1.1824817518248176,0.072992700729927,0.2647058823529412
1,1,0,0,0.3071898708737377,1.0714285714285714,0.10071957431959223,0,6,5,4,3,2,1,0,6,5,0,0,0,1,1,1,1,1,0,0,0,1,1,0,0,0,0,0,1,1,1,0,0,0,0,0,0,0,0,0,-0.19123758658098963,-0.21869399922959676,0.08276809191244212,0.4987424002665113,0.04054911653695844,0.6217308527338923,1.3966398343298039,0.3277998597147533,0.04054911653695844,0.7581039094821139,-1.3142857142857143,-1.0285714285714285,-0.2,0.0,-0.08823529411764706,-0.17647058823529413,0.36496350364963503,0.5985401459854015,-1.1824817518248176,0.058823529411764705
2,1,0,0,0.2937915557118693,-0.12857142857142856,0.1596850517864765,1,0,6,5,4,3,2,1,0,6,1,0,0,0,1,1,1,1,1,0,0,0,1,1,0,0,0,0,0,1,0,1,0,0,0,0,0,0,0,0,0.30279562713844627,-0.19189736890585996,-0.21869399922959676,0.08565003747813787,0.5081666054310431,0.04054911653695844,0.6350913524165803,1.3966398343298039,0.3277998597147533,0.027049030521541145,1.0857142857142856,-1.3142857142857143,-1.0285714285714285,-0.20437956204379562,0.0,-0.08823529411764706,-0.16058394160583941,0.36496350364963503,0.5985401459854015,-1.2058823529411764
3,1,0,0,0.019126094893567255,-0.21428571428571427,-0.07565045186931148,2,1,0,6,5,4,3,2,1,0,1,1,0,0,0,1,1,1,1,1,0,0,0,1,1,0,0,0,0,0,0,0,1,0,0,0,0,0,0,0,0.28944337811900206,0.3038402920832706,-0.19189736890585996,-0.21417506454568155,0.09399111526771096,0.5081666054310431,0.05390961621964657,0.6350913524165803,1.3966398343298039,0.31282502866067413,-0.11428571428571428,1.0857142857142856,-1.3142857142857143,-1.051094890510949,-0.20588235294117646,0.0,-0.072992700729927,-0.16058394160583941,0.36496350364963503,0.5882352941176471
4,1,0,0,1.238372774623591,-0.15714285714285714,1.0142813966312143,3,2,1,0,6,5,4,3,2,1,1,1,1,0,0,0,1,1,1,1,0,0,0,0,1,1,0,0,0,0,0,0,0,1,0,0,0,0,0,0,0.015722273220395683,0.2904419769214022,0.3038402920832706,-0.18752394436578648,-0.206620127592772,0.09399111526771096,0.5215271051137312,0.05390961621964657,0.6350913524165803,1.3761775798760527,-0.2,-0.11428571428571428,1.0857142857142856,-1.3430656934306568,-1.0588235294117647,-0.20588235294117646,0.014598540145985401,-0.072992700729927,-0.16058394160583941,0.35294117647058826
5,0,1,0,1.472843289956288,0.3,1.8369750721156068,4,3,2,1,0,6,5,4,3,2,1,1,1,1,0,0,0,1,1,1,0,0,0,0,0,1,1,0,0,0,0,0,0,0,1,0,0,0,0,0,1.2307769339898191,0.015776516103100158,0.2904419769214022,0.3055217789622721,-0.17989912822739576,-0.206620127592772,0.1073516149503991,0.5215271051137312,0.05390961621964657,0.6185388871350954,-0.14285714285714285,-0.2,-0.11428571428571428,1.1094890510948905,-1.3529411764705883,-1.0588235294117647,-0.1897810218978102,0.014598540145985401,-0.072992700729927,-0.17647058823529413
6,0,1,0,0.9570081562243549,-1.0142857142857142,1.297625380410739,5,4,3,2,1,0,6,5,4,3,0,1,1,1,1,0,0,0,1,1,1,0,0,0,0,0,1,1,0,0,0,0,0,0,0,1,0,0,0,0,1.4644412918300929,1.2350231958331241,0.015776516103100158,0.2921962188723246,0.3144393600320652,-0.17989912822739576,-0.1932596279100839,0.1073516149503991,0.5215271051137312,0.04034093741173338,0.3142857142857143,-0.14285714285714285,-0.2,-0.11678832116788321,1.1176470588235294,-1.3529411764705883,-1.0364963503649636,-0.1897810218978102,0.014598540145985401,-0.08823529411764706
0,1,0,0,1.1445845684905125,0.04285714285714286,0.46135513584307486,6,5,4,3,2,1,0,6,5,4,0,0,1,1,1,1,0,0,0,1,1,1,0,0,0,0,0,1,1,0,0,0,0,0,0,0,1,0,0,0,0.9503797045814906,1.4694937111658208,1.2350231958331241,0.01902223702840022,0.30107886034937703,0.3144393600320652,-0.16653862854470763,-0.1932596279100839,0.1073516149503991,0.5055576785684615,-1.0,0.3142857142857143,-0.14285714285714285,-0.20437956204379562,-0.11764705882352941,1.1176470588235294,-1.3284671532846715,-1.0364963503649636,-0.1897810218978102,0.0
1,1,0,0,0.7359359560535264,0.12857142857142856,0.05318883119424029,0,6,5,4,3,2,1,0,6,5,1,0,0,1,1,1,1,0,0,0,0,1,1,0,0,0,0,0,1,1,0,0,0,0,0,0,0,1,0,0,1.1373111908537097,0.9536585774338877,1.4694937111658208,1.2316482052136255,0.027188616854270306,0.30107886034937703,0.3277998597147533,-0.16653862854470763,-0.1932596279100839,0.0935085649725023,0.05714285714285714,-1.0,0.3142857142857143,-0.145985401459854,-0.20588235294117646,-0.11764705882352941,1.1240875912408759,-1.3284671532846715,-1.0364963503649636,-0.20588235294117646
2,1,0,0,1.1981778291379859,0.3,0.6953666422184985,1,0,6,5,4,3,2,1,0,6,1,1,0,0,1,1,1,1,0,0,0,0,1,1,0,0,0,0,0,1,0,0,0,0,0,0,0,0,1,0,0.730067595760661,1.1412349897000453,0.9536585774338877,1.4648455067877073,1.2429940879788903,0.027188616854270306,0.3144393600320652,0.3277998597147533,-0.16653862854470763,-0.20555934005682291,0.14285714285714285,0.05714285714285714,-1.0,0.32116788321167883,-0.14705882352941177,-0.20588235294117646,-0.10218978102189781,1.1240875912408759,-1.3284671532846715,-1.0588235294117647
3,1,0,0,0.3808806042640139,0.3,-0.12494204713418637,2,1,0,6,5,4,3,2,1,0,1,1,1,0,0,1,1,1,1,0,0,0,0,1,1,0,0,0,0,0,0,0,0,0,0,0,0,0,0,1,1.1907201869314865,0.7325863772630593,1.1412349897000453,0.9518114433247273,1.4768028324259328,1.2429940879788903,0.04054911653695844,0.3144393600320652,0.3277998597147533,-0.17897552627643845,0.3142857142857143,0.14285714285714285,0.05714285714285714,-1.0218978102189782,0.3235294117647059,-0.14705882352941177,-0.1897810218978102,-0.10218978102189781,1.1240875912408759,-1.3529411764705883
4,1,0,0,1.0239997320336969,-0.014285714285714285,0.6987598597742625,3,2,1,0,6,5,4,3,2,1,1,1,1,1,0,0,1,1,1,1,0,0,0,0,1,1,0,0,0,0,0,0,0,0,0,0,0,0,0,0,0.37623299674538946,1.194828250347519,0.7325863772630593,1.1383692845839928,0.9624235946424397,1.4768028324259328,1.2563545876615785,0.04054911653695844,0.3144393600320652,0.31282502866067413,0.3142857142857143,0.3142857142857143,0.14285714285714285,0.058394160583941604,-1.0294117647058822,0.3235294117647059,-0.13138686131386862,-0.1897810218978102,-0.10218978102189781,1.1176470588235294
5,0,1,0,0.08611767070290922,0.014285714285714285,0.13906838365162189,4,3,2,1,0,6,5,4,3,2,1,1,1,1,1,0,0,1,1,1,0,0,0,0,0,1,1,0,0,0,0,0,0,0,0,0,0,0,0,0,1.0171409496787116,0.3775310254735468,1.194828250347519,0.7319397018405931,1.1494705902000735,0.9624235946424397,1.490163332108621,1.2563545876615785,0.04054911653695844,0.2995331217704819,0.0,0.3142857142857143,0.3142857142857143,0.145985401459854,0.058823529411764705,-1.0294117647058822,0.3357664233576642,-0.13138686131386862,-0.1897810218978102,-0.11764705882352941
6,0,1,0,-0.5971964025523789,-1.4142857142857144,-0.4923140118178584,5,4,3,2,1,0,6,5,4,3,0,1,1,1,1,1,0,0,1,1,1,0,0,0,0,0,1,1,0,0,0,0,0,0,0,0,0,0,0,0,0.08248351831761674,1.0206501532432297,0.3775310254735468,1.1916715249437828,0.7419753498780854,1.1494705902000735,0.9757840943251278,1.490163332108621,1.2563545876615785,0.027049030521541145,0.02857142857142857,0.0,0.3142857142857143,0.32116788321167883,0.14705882352941177,0.058823529411764705,-1.0072992700729928,0.3357664233576642,-0.13138686131386862,-0.20588235294117646
0,1,0,0,0.1866050344169222,0.18571428571428572,0.18642800582278468,6,5,4,3,2,1,0,6,5,4,0,0,1,1,1,1,1,0,0,1,1,1,0,0,0,0,0,1,1,0,0,0,0,0,0,0,0,0,0,0,-0.5984811816740381,0.08276809191244212,1.0206501532432297,0.37881235945698355,1.202912588930826,0.7419753498780854,1.1628310898827616,0.9757840943251278,1.490163332108621,1.2366125575290343,-1.4,0.02857142857142857,0.0,0.32116788321167883,0.3235294117647059,0.14705882352941177,0.072992700729927,-1.0072992700729928,0.3357664233576642,-0.14705882352941177
1,1,0,0,-0.37612420238155037,0.32857142857142857,-0.3195275971474001,0,6,5,4,3,2,1,0,6,5,1,0,0,1,1,1,1,1,0,0,0,1,1,0,0,0,0,0,1,1,0,0,0,0,0,0,0,0,0,0,0.18262538596344835,-0.600545981342846,0.08276809191244212,1.018439243774465,0.3879221082868499,1.202912588930826,0.7553358495607736,1.1628310898827616,0.9757840943251278,1.4692209281073982,0.2,-1.4,0.02857142857142857,0.0,0.3235294117647059,0.3235294117647059,0.16058394160583941,0.072992700729927,-1.0072992700729928,0.3235294117647059
2,1,0,0,0.07271935554104084,0.15714285714285714,0.1981356771128644,1,0,6,5,4,3,2,1,0,6,1,1,0,0,1,1,1,1,1,0,0,0,1,1,0,0,0,0,0,1,0,0,0,0,0,0,0,0,0,0,-0.3781690728532086,0.1832554556264551,-0.600545981342846,0.08565003747813787,1.0292260930558803,0.3879221082868499,1.2162730886135142,0.7553358495607736,1.1628310898827616,0.9574825128349974,0.34285714285714286,0.2,-1.4,0.029197080291970802,0.0,0.3235294117647059,0.3357664233576642,0.16058394160583941,0.072992700729927,-1.0294117647058822
3,1,0,0,0.4746688103970927,-0.014285714285714285,0.5168833987853138,2,1,0,6,5,4,3,2,1,0,1,1,1,0,0,1,1,1,1,1,0,0,0,1,1,0,0,0,0,0,0,0,0,0,0,0,0,0,0,0,0.06913126929817254,-0.37947378117201747,0.1832554556264551,-0.5939535271091861,0.09399111526771096,1.0292260930558803,0.401282607969538,1.2162730886135142,0.7553358495607736,1.1435692092976886,0.17142857142857143,0.34285714285714286,0.2,-1.4306569343065694,0.029411764705882353,0.0,0.3357664233576642,0.3357664233576642,0.16058394160583941,0.058823529411764705
4,1,0,0,0.622050277177645,0.04285714285714286,0.8516547775889953,3,2,1,0,6,5,4,3,2,1,1,1,1,1,0,0,1,1,1,1,0,0,0,0,1,1,0,0,0,0,0,0,0,0,0,0,0,0,0,0,0.4696987398814989,0.06936977675057374,-0.37947378117201747,0.18559173815274435,-0.5873943685493839,0.09399111526771096,1.0425865927385685,0.401282607969538,1.2162730886135142,0.7381660491468255,0.0,0.17142857142857143,0.34285714285714286,0.20437956204379562,-1.4411764705882353,0.029411764705882353,0.014598540145985401,0.3357664233576642,0.3357664233576642,0.14705882352941177
5,0,1,0,0.8565207925103419,0.2714285714285714,0.8931896683047101,4,3,2,1,0,6,5,4,3,2,1,1,1,1,1,0,0,1,1,1,0,0,0,0,0,1,1,0,0,0,0,0,0,0,0,0,0,0,0,0,0.6165734790953853,0.4713192316066256,0.06936977675057374,-0.3740817856250519,0.19419486288787197,-0.5873943685493839,0.1073516149503991,1.0425865927385685,0.401282607969538,1.1967368368584574,0.05714285714285714,0.0,0.17142857142857143,0.35036496350364965,0.20588235294117646,-1.4411764705882353,0.043795620437956206,0.014598540145985401,0.3357664233576642,0.3235294117647059
6,0,1,0,0.4344738649114875,-1.3285714285714285,0.2432282873255148,5,4,3,2,1,0,6,5,4,3,0,1,1,1,1,1,0,0,1,1,1,0,0,0,0,0,1,1,0,0,0,0,0,0,0,0,0,0,0,0,0.850237836935659,0.6187006983871779,0.4713192316066256,0.07232447738819034,-0.3669461237850296,0.19419486288787197,-0.5740338688666957,0.1073516149503991,1.0425865927385685,0.3859305165567314,0.2857142857142857,0.05714285714285714,0.0,0.17518248175182483,0.35294117647058826,0.20588235294117646,-1.416058394160584,0.043795620437956206,0.014598540145985401,0.3235294117647059
0,0,0,1,0.3004907132928035,-0.9857142857142858,0.5831494529337071,6,5,4,3,2,1,0,6,5,4,0,0,1,1,1,1,1,0,0,1,1,1,0,0,0,0,0,1,1,0,0,0,0,0,0,0,0,0,0,0,0.4296419928231663,0.8531712137198748,0.6187006983871779,0.4720912800866162,0.08063061558502284,-0.3669461237850296,0.2075553625705601,-0.5740338688666957,0.1073516149503991,1.0239420472859586,-1.3142857142857143,0.2857142857142857,0.05714285714285714,0.0,0.17647058823529413,0.35294117647058826,0.21897810218978103,-1.416058394160584,0.043795620437956206,0.0
1,1,0,0,-0.2689376810866032,0.4142857142857143,-0.09585576781281042,0,6,5,4,3,2,1,0,6,5,0,0,0,1,1,1,1,1,0,0,0,1,1,0,0,0,0,0,1,1,1,0,0,0,0,0,0,0,0,0,0.29611950262872416,0.4311242861210204,0.8531712137198748,0.618672441076039,0.48144560606566683,0.08063061558502284,-0.3535856241023415,0.2075553625705601,-0.5740338688666957,0.0935085649725023,-0.9714285714285714,-1.3142857142857143,0.2857142857142857,0.058394160583941604,0.0,0.17647058823529413,0.36496350364963503,0.21897810218978103,-1.416058394160584,0.029411764705882353
2,1,0,0,0.36078313152121133,0.8142857142857143,0.45603890032885785,1,0,6,5,4,3,2,1,0,6,1,0,0,0,1,1,1,1,1,0,0,0,1,1,0,0,0,0,0,1,0,1,0,0,0,0,0,0,0,0,-0.2713510806976549,0.2971411345023364,0.4311242861210204,0.8518697426501208,0.6284111025752362,0.48144560606566683,0.09399111526771096,-0.3535856241023415,0.2075553625705601,-0.5843786864273015,0.42857142857142855,-0.9714285714285714,-1.3142857142857143,0.291970802919708,0.058823529411764705,0.0,0.1897810218978102,0.36496350364963503,0.21897810218978103,-1.4411764705882353
3,1,0,0,0.13971093135038282,0.2714285714285714,0.12325147333876157,2,1,0,6,5,4,3,2,1,0,1,1,0,0,0,1,1,1,1,1,0,0,0,1,1,0,0,0,0,0,0,0,1,0,0,0,0,0,0,0,0.3562046232162231,-0.2722872598770703,0.2971411345023364,0.43211459981677364,0.8622198470222786,0.6284111025752362,0.494806105748355,0.09399111526771096,-0.3535856241023415,0.19319786664894403,0.8285714285714286,0.42857142857142855,-0.9714285714285714,-1.3430656934306568,0.29411764705882354,0.058823529411764705,0.014598540145985401,0.1897810218978102,0.36496350364963503,0.20588235294117646
4,1,0,0,0.7158384833107237,0.6714285714285714,0.8318283028023247,3,2,1,0,6,5,4,3,2,1,1,1,1,0,0,0,1,1,1,1,0,0,0,0,1,1,0,0,0,0,0,0,0,1,0,0,0,0,0,0,0.1358925143953936,0.35743355273074423,-0.2722872598770703,0.29885899891729834,0.4413641070176024,0.8622198470222786,0.6417716022579244,0.494806105748355,0.09399111526771096,-0.3650622227391297,0.2857142857142857,0.8285714285714286,0.42857142857142855,-0.9927007299270073,-1.3529411764705883,0.29411764705882354,0.072992700729927,0.014598540145985401,0.1897810218978102,0.35294117647058826
5,0,1,0,0.7024401681488553,0.014285714285714285,0.7715181923086095,4,3,2,1,0,6,5,4,3,2,1,1,1,1,0,0,0,1,1,1,0,0,0,0,0,1,1,0,0,0,0,0,0,0,1,0,0,0,0,0,0.7100392222314947,0.13636135255991572,0.35743355273074423,-0.26747730490547167,0.3077591101907211,0.4413641070176024,0.8755803467049668,0.6417716022579244,0.494806105748355,0.08021665808231007,0.6857142857142857,0.2857142857142857,0.8285714285714286,0.43795620437956206,-1.0,-1.3529411764705883,0.30656934306569344,0.072992700729927,0.014598540145985401,0.17647058823529413
6,0,1,0,-0.40292083270528717,-0.9285714285714286,-0.2702365859130855,5,4,3,2,1,0,6,5,4,3,0,1,1,1,1,0,0,0,1,1,1,0,0,0,0,0,1,1,0,0,0,0,0,0,0,1,0,0,0,0,0.6966869732120505,0.7124889045202567,0.13636135255991572,0.35882401932206226,-0.26006212632352455,0.3077591101907211,0.4547246067002906,0.8755803467049668,0.6417716022579244,0.478973864788077,0.02857142857142857,0.6857142857142857,0.2857142857142857,0.8467153284671532,0.4411764705882353,-1.0,-1.3284671532846715,0.30656934306569344,0.072992700729927,0.0
0,0,0,1,0.48806712555896103,-1.2714285714285714,0.5118323131455058,6,5,4,3,2,1,0,6,5,4,0,0,1,1,1,1,0,0,0,1,1,1,0,0,0,0,0,1,1,0,0,0,0,0,0,0,1,0,0,0,-0.404873570892097,0.6990905893583883,0.7124889045202567,0.138952277837928,0.3678813587628177,-0.26006212632352455,0.32111960987340926,0.4547246067002906,0.8755803467049668,0.6251848405801915,-0.9142857142857143,0.02857142857142857,0.6857142857142857,0.291970802919708,0.8529411764705882,0.4411764705882353,-0.9781021897810219,-1.3284671532846715,0.30656934306569344,0.058823529411764705
1,1,0,0,-0.06019193086469366,0.5,0.0987827343045437,0,6,5,4,3,2,1,0,6,5,0,0,0,1,1,1,1,0,0,0,0,1,1,0,0,0,0,0,1,1,1,0,0,0,0,0,0,1,0,0,0.48305098890094317,-0.40627041149575427,0.6990905893583883,0.7119513617056717,0.1474331139984635,0.3678813587628177,-0.24670162664083642,0.32111960987340926,0.4547246067002906,0.8577932111585557,-1.2571428571428571,-0.9142857142857143,0.02857142857142857,0.7007299270072993,0.29411764705882354,0.8529411764705882,0.45255474452554745,-0.9781021897810219,-1.3284671532846715,0.29411764705882354
2,1,0,0,0.042104205396171594,0.6428571428571429,0.20403652721801424,1,0,6,5,4,3,2,1,0,6,1,0,0,0,1,1,1,1,0,0,0,0,1,1,0,0,0,0,0,1,0,1,0,0,0,0,0,0,1,0,-0.06332304097471408,0.48471754676849393,-0.40627041149575427,0.6986258016157243,0.7219346003540532,0.1474331139984635,0.38124185844550584,-0.24670162664083642,0.32111960987340926,0.4390981441175003,0.5142857142857142,-1.2571428571428571,-0.9142857142857143,0.029197080291970802,0.7058823529411765,0.29411764705882354,0.8613138686131386,0.45255474452554745,-0.9781021897810219,-1.3529411764705883
3,1,0,0,-0.14848682778140643,0.24285714285714285,-0.06471214350409575,2,1,0,6,5,4,3,2,1,0,1,1,0,0,0,1,1,1,1,0,0,0,0,1,1,0,0,0,0,0,0,0,1,0,0,0,0,0,0,1,0.038621380288742554,-0.06354150965516075,0.48471754676849393,-0.40073290580494697,0.7085741006713651,0.7219346003540532,0.16079361368115164,0.38124185844550584,-0.24670162664083642,0.306179075215578,0.6571428571428571,0.5142857142857142,-1.2571428571428571,-0.9343065693430657,0.029411764705882353,0.7058823529411765,0.30656934306569344,0.8613138686131386,0.45255474452554745,-1.0
4,1,0,0,-0.2674638664187977,0.014285714285714285,-0.10198419515965206,3,2,1,0,6,5,4,3,2,1,1,1,1,0,0,0,1,1,1,1,0,0,0,0,1,1,0,0,0,0,0,0,0,1,0,0,0,0,0,0,-0.1513143620128515,0.0387546266057045,-0.06354150965516075,0.4854168401765638,-0.39366712315040586,0.7085741006713651,0.7352951000367414,0.16079361368115164,0.38124185844550584,-0.25872696761759184,0.2571428571428571,0.6571428571428571,0.5142857142857142,-1.2846715328467153,-0.9411764705882353,0.029411764705882353,0.7153284671532847,0.30656934306569344,0.8613138686131386,0.4411764705882353
5,0,1,0,-0.13837109983419565,0.4142857142857143,0.04898381115955861,4,3,2,1,0,6,5,4,3,2,1,1,1,1,0,0,0,1,1,1,0,0,0,0,0,1,1,0,0,0,0,0,0,0,1,0,0,0,0,0,-0.26988233330551603,-0.15183640657187353,0.0387546266057045,-0.05986507870408918,0.494806105748355,-0.39366712315040586,0.7219346003540532,0.7352951000367414,0.16079361368115164,0.36599265622144306,0.02857142857142857,0.2571428571428571,0.6571428571428571,0.5255474452554745,-1.2941176470588236,-0.9411764705882353,0.043795620437956206,0.7153284671532847,0.30656934306569344,0.8529411764705882
6,0,1,0,0.17220184561791363,-0.18571428571428572,0.45236262262816673,5,4,3,2,1,0,6,5,4,3,0,1,1,1,1,0,0,0,1,1,1,0,0,0,0,0,1,1,0,0,0,0,0,0,0,1,0,0,0,0,-0.141233414003171,-0.2708134452092648,-0.15183640657187353,0.04187557258266028,-0.05190554126724346,0.494806105748355,-0.38030662346771776,0.7219346003540532,0.7352951000367414,0.14667619253327124,0.42857142857142855,0.02857142857142857,0.2571428571428571,0.6715328467153284,0.5294117647058824,-1.2941176470588236,-0.9197080291970803,0.043795620437956206,0.7153284671532847,0.29411764705882354
0,1,0,0,2.210219564889715,0.8142857142857143,2.3080595730639266,6,5,4,3,2,1,0,6,5,4,0,0,1,1,1,1,0,0,0,1,1,1,0,0,0,0,0,1,1,0,0,0,0,0,0,0,1,0,0,0,0.16827171826754578,-0.14172067862466275,-0.2708134452092648,-0.14768051969684345,0.0501018738100805,-0.05190554126724346,0.5081666054310431,-0.38030662346771776,0.7219346003540532,0.7182281888115372,-0.17142857142857143,0.42857142857142855,0.02857142857142857,0.26277372262773724,0.6764705882352942,0.5294117647058824,-1.27007299270073,-0.9197080291970803,0.043795620437956206,0.7058823529411765
1,1,0,0,0.3036393173558426,0.5571428571428572,0.5385417827630193,0,6,5,4,3,2,1,0,6,5,1,0,0,1,1,1,1,0,0,0,0,1,1,0,0,0,0,0,1,1,0,0,0,0,0,0,0,1,0,0,2.199282316615205,0.16885226682744653,-0.14172067862466275,-0.26601149329557744,-0.13995123417615832,0.0501018738100805,-0.03854504158455533,0.5081666054310431,-0.38030662346771776,0.7049362819213449,0.8285714285714286,-0.17142857142857143,0.42857142857142855,0.029197080291970802,0.2647058823529412,0.6764705882352942,0.5401459854014599,-1.27007299270073,-0.9197080291970803,0.029411764705882353
2,1,0,0,0.9158753286774189,0.04285714285714286,1.0301162172145928,1,0,6,5,4,3,2,1,0,6,1,1,0,0,1,1,1,1,0,0,0,0,1,1,0,0,0,0,0,1,0,0,0,0,0,0,0,0,1,0,0.29925728114829353,2.206869986099248,0.16885226682744653,-0.13761972182893292,-0.2585924713584289,-0.13995123417615832,0.06346237349276863,-0.03854504158455533,0.5081666054310431,-0.39164603651951413,0.5714285714285714,0.8285714285714286,-0.17142857142857143,0.43795620437956206,0.029411764705882353,0.2647058823529412,0.6861313868613139,0.5401459854014599,-1.27007299270073,-0.9411764705882353
3,1,0,0,-0.1783650705923728,0.38571428571428573,-0.02910146411594564,2,1,0,6,5,4,3,2,1,0,1,1,1,0,0,1,1,1,1,0,0,0,0,1,1,0,0,0,0,0,0,0,0,0,0,0,0,0,0,1,0.9093883000917969,0.3002897385653755,2.206869986099248,0.1712667610560507,-0.12986405691572864,-0.2585924713584289,-0.12659073449347016,0.06346237349276863,-0.03854504158455533,0.49226577167826924,0.05714285714285714,0.5714285714285714,0.8285714285714286,-0.17518248175182483,0.4411764705882353,0.029411764705882353,0.2773722627737226,0.6861313868613139,0.5401459854014599,-1.2941176470588236
4,1,0,0,0.32400475640188253,0.18571428571428572,0.3443849111811191,3,2,1,0,6,5,4,3,2,1,1,1,1,1,0,0,1,1,1,1,0,0,0,0,1,1,0,0,0,0,0,0,0,0,0,0,0,0,0,0,-0.18108987732621196,0.9125257498869519,0.3002897385653755,2.1982177063379695,0.1798323257289822,-0.12986405691572864,-0.24523197167574073,-0.12659073449347016,0.06346237349276863,-0.05163905826839689,0.4,0.05714285714285714,0.5714285714285714,0.8467153284671532,-0.17647058823529413,0.4411764705882353,0.043795620437956206,0.2773722627737226,0.6861313868613139,0.5294117647058824
5,0,1,0,0.32681840258587497,0.35714285714285715,0.710706594240388,4,3,2,1,0,6,5,4,3,2,1,1,1,1,1,0,0,1,1,1,0,0,0,0,0,1,1,0,0,0,0,0,0,0,0,0,0,0,0,0,0.3195526996578487,-0.1817146493828399,0.9125257498869519,0.30199050553843604,2.212097932462674,0.1798323257289822,-0.11650355723304051,-0.24523197167574073,-0.12659073449347016,0.049844650838220865,0.2,0.4,0.05714285714285714,0.583941605839416,0.8529411764705882,-0.17647058823529413,0.45255474452554745,0.043795620437956206,0.2773722627737226,0.6764705882352942
6,0,1,0,-0.14453432480865522,-0.9571428571428572,0.09336078925889929,5,4,3,2,1,0,6,5,4,3,0,1,1,1,1,1,0,0,1,1,1,0,0,0,0,0,1,1,0,0,0,0,0,0,0,0,0,0,0,0,0.32235667195193207,0.32065517761141543,-0.1817146493828399,0.9109019738485885,0.3108988276161528,2.212097932462674,0.19319282541167032,-0.11650355723304051,-0.24523197167574073,-0.13923272467476375,0.37142857142857144,0.2,0.4,0.058394160583941604,0.5882352941176471,0.8529411764705882,-0.16058394160583941,0.45255474452554745,0.043795620437956206,0.2647058823529412
0,1,0,0,0.5563315413086805,0.21428571428571427,0.8024223640875715,6,5,4,3,2,1,0,6,5,4,0,0,1,1,1,1,1,0,0,1,1,1,0,0,0,0,0,1,1,0,0,0,0,0,0,0,0,0,0,0,-0.14737544855211543,0.32346882379540787,0.32065517761141543,-0.17739651869742631,0.9214068606165872,0.3108988276161528,2.2254584321453623,0.19319282541167032,-0.11650355723304051,-0.2572648578596707,-0.9428571428571428,0.37142857142857144,0.2,0.40875912408759124,0.058823529411764705,0.5882352941176471,0.8613138686131386,-0.16058394160583941,0.45255474452554745,0.029411764705882353
1,1,0,0,0.6341757523991359,0.15714285714285714,0.9797864102902292,0,6,5,4,3,2,1,0,6,5,1,0,0,1,1,1,1,1,0,0,0,1,1,0,0,0,0,0,1,1,0,0,0,0,0,0,0,0,0,0,0.5510806976550114,-0.14788390359912232,0.32346882379540787,0.3222453568751562,-0.1697451484685527,0.9214068606165872,0.32425932729884094,2.2254584321453623,0.19319282541167032,-0.12919733497266847,0.22857142857142856,-0.9428571428571428,0.37142857142857144,0.20437956204379562,0.4117647058823529,0.058823529411764705,0.5985401459854015,0.8613138686131386,-0.16058394160583941,0.4411764705882353
2,1,0,0,0.4372205195196705,0.7,0.8097562305110219,1,0,6,5,4,3,2,1,0,6,1,1,0,0,1,1,1,1,1,0,0,0,1,1,0,0,0,0,0,1,0,0,0,0,0,0,0,0,0,0,0.6286572644579823,0.5529819625182134,-0.14788390359912232,0.3250437244940453,0.3312067871338387,-0.1697451484685527,0.9347673602992753,0.32425932729884094,2.2254584321453623,0.17890906674198737,0.17142857142857143,0.22857142857142856,-0.9428571428571428,0.3795620437956204,0.20588235294117646,0.4117647058823529,0.072992700729927,0.5985401459854015,0.8613138686131386,-0.17647058823529413
3,1,0,0,0.4379574268535733,0.6714285714285714,0.6808963117010036,2,1,0,6,5,4,3,2,1,0,1,1,1,0,0,1,1,1,1,1,0,0,0,1,1,0,0,0,0,0,0,0,0,0,0,0,0,0,0,0,0.43237920387215234,0.6308261736086688,0.5529819625182134,-0.14374947947030892,0.33401249206720335,0.3312067871338387,-0.15638464878586458,0.9347673602992753,0.32425932729884094,2.200741023809128,0.7142857142857143,0.17142857142857143,0.22857142857142856,-0.9635036496350365,0.38235294117647056,0.20588235294117646,0.4233576642335766,0.072992700729927,0.5985401459854015,0.8529411764705882
4,1,0,0,0.7230065819223233,0.6714285714285714,0.8772970286958549,3,2,1,0,6,5,4,3,2,1,1,1,1,1,0,0,1,1,1,1,0,0,0,0,1,1,0,0,0,0,0,0,0,0,0,0,0,0,0,0,0.43311357756822183,0.4338709407292034,0.6308261736086688,0.5533105688348464,-0.13600988676976528,0.33401249206720335,0.3445672868165269,-0.15638464878586458,0.9347673602992753,0.3093026733347732,0.6857142857142857,0.7142857142857143,0.17142857142857143,0.23357664233576642,-0.9705882352941176,0.38235294117647056,0.21897810218978103,0.4233576642335766,0.072992700729927,0.5882352941176471
5,0,1,0,0.3680852132844296,0.4714285714285714,0.7015377037962474,4,3,2,1,0,6,5,4,3,2,1,1,1,1,1,0,0,1,1,1,0,0,0,0,0,1,1,0,0,0,0,0,0,0,0,0,0,0,0,0,0.7171826754568974,0.4346078480631062,0.4338709407292034,0.6307320729574416,0.5628778516316509,-0.13600988676976528,0.34737299174989145,0.3445672868165269,-0.15638464878586458,0.9166763586821073,0.6857142857142857,0.6857142857142857,0.7142857142857143,0.17518248175182483,0.23529411764705882,-0.9705882352941176,0.39416058394160586,0.21897810218978103,0.4233576642335766,0.058823529411764705
6,0,0,1,-0.1297291865547906,-0.9285714285714286,0.2183108181440774,5,4,3,2,1,0,6,5,4,3,0,1,1,1,1,1,0,0,1,1,1,0,0,0,0,0,1,1,0,0,0,0,0,0,0,0,0,0,0,0,0.36348159893182025,0.7196570031318562,0.4346078480631062,0.43484633963521285,0.640502354788069,0.5628778516316509,-0.12264938708707715,0.34737299174989145,0.3445672868165269,-0.16887367703989228,0.4857142857142857,0.6857142857142857,0.6857142857142857,0.7299270072992701,0.17647058823529413,0.23529411764705882,-0.948905109489051,0.39416058394160586,0.21897810218978103,0.4117647058823529
0,1,0,0,1.118658828652297,0.24285714285714285,1.1408548357973745,6,5,4,3,2,1,0,6,5,4,0,0,1,1,1,1,1,0,0,1,0,1,0,0,0,0,0,1,1,0,1,0,0,0,0,0,0,0,0,0,-0.13262121338562952,0.3647356344939625,0.7196570031318562,0.4355792454401601,0.4441030094525535,0.640502354788069,0.5762383513143391,-0.12264938708707715,0.34737299174989145,0.3295063718078653,-0.9142857142857143,0.4857142857142857,0.6857142857142857,0.7007299270072993,0.7352941176470589,0.17647058823529413,0.24817518248175183,-0.948905109489051,0.39416058394160586,0.20588235294117646
1,1,0,0,0.6115995913513876,0.7857142857142857,0.8872084166590823,0,6,5,4,3,2,1,0,6,5,1,0,0,1,1,1,1,1,0,0,0,0,1,0,0,0,0,0,1,1,0,1,0,0,0,0,0,0,0,0,1.111474589001085,-0.1330787653452577,0.3647356344939625,0.7190805363537937,0.4448378369351014,0.4441030094525535,0.6538628544707572,0.5762383513143391,-0.12264938708707715,0.3322976722548058,0.2571428571428571,-0.9142857142857143,0.4857142857142857,0.7007299270072993,0.7058823529411765,0.7352941176470589,0.1897810218978102,0.24817518248175183,-0.948905109489051,0.38235294117647056
2,1,0,0,0.5020683649031136,0.6142857142857143,0.6932538143279244,1,0,6,5,4,3,2,1,0,6,1,1,0,0,1,1,1,1,1,0,0,0,0,1,0,0,0,0,0,1,0,0,1,0,0,0,0,0,0,0,0.6061587248602188,1.11530924986183,-0.1330787653452577,0.36608644957108366,0.7290824676842913,0.4448378369351014,0.4574635091352416,0.6538628544707572,0.5762383513143391,-0.135311612142157,0.8,0.2571428571428571,-0.9142857142857143,0.49635036496350365,0.7058823529411765,0.7058823529411765,0.7445255474452555,0.1897810218978102,0.24817518248175183,-0.9705882352941176
3,1,0,0,-0.3428963807801168,-0.9,-0.1288167005485507,2,1,0,6,5,4,3,2,1,0,1,1,1,0,0,1,1,1,1,1,0,0,0,0,1,0,0,0,0,0,0,0,0,1,0,0,0,0,0,0,0.49700408912626237,0.6082500125609205,1.11530924986183,-0.12902473557091684,0.37516283108988274,0.7290824676842913,0.4581983366177895,0.4574635091352416,0.6538628544707572,0.5599880372837986,0.6285714285714286,0.8,0.2571428571428571,-0.9343065693430657,0.5,0.7058823529411765,0.7153284671532847,0.7445255474452555,0.1897810218978102,0.23529411764705882
4,1,0,0,0.06206769498735543,0.5857142857142857,0.08450649660994594,3,2,1,0,6,5,4,3,2,1,1,1,1,1,0,0,1,1,1,1,0,0,0,0,0,1,0,0,0,0,0,0,0,0,1,0,0,0,0,0,-0.345055495284987,0.4987187861126465,0.6082500125609205,1.1125843258099442,-0.12124653462039485,0.37516283108988274,0.7424429673669795,0.4581983366177895,0.4574635091352416,0.6372140163158155,-0.8857142857142857,0.6285714285714286,0.8,0.26277372262773724,-0.9411764705882353,0.5,0.7153284671532847,0.7153284671532847,0.7445255474452555,0.17647058823529413
5,0,1,0,0.43695255321643317,0.014285714285714285,0.7766008155986776,4,3,2,1,0,6,5,4,3,2,1,1,1,1,1,0,0,1,1,1,0,0,0,0,0,0,1,0,0,0,0,0,0,0,0,1,0,0,0,0,0.058516231327714364,-0.3462459595705839,0.4987187861126465,0.60827850420588,1.123618023314072,-0.12124653462039485,0.3885233307725709,0.7424429673669795,0.4581983366177895,0.44182298502998973,0.6,-0.8857142857142857,0.6285714285714286,0.8175182481751825,0.2647058823529412,-0.9411764705882353,0.5109489051094891,0.7153284671532847,0.7153284671532847,0.7352941176470589
6,0,1,0,-0.26672695908489497,-1.1,-0.09506927332484218,5,4,3,2,1,0,6,5,4,3,0,1,1,1,1,1,0,0,1,1,1,0,0,0,0,0,0,1,0,0,0,0,0,0,0,0,1,0,0,0,0.4321121588917635,0.05871811619688834,-0.3462459595705839,0.49934205047055896,0.6179899128227395,1.123618023314072,-0.10788603493770671,0.3885233307725709,0.7424429673669795,0.44255403990895037,0.02857142857142857,0.6,-0.8857142857142857,0.6423357664233577,0.8235294117647058,0.2647058823529412,-0.9197080291970803,0.5109489051094891,0.7153284671532847,0.7058823529411765
0,1,0,0,0.5140598569729857,0.6142857142857143,0.6063619422325639,6,5,4,3,2,1,0,6,5,4,0,0,1,1,1,1,1,0,0,1,1,1,0,0,0,0,0,0,1,0,0,0,0,0,0,0,0,1,0,0,-0.2691479596094466,0.43360297442596607,0.05871811619688834,-0.3410343966019821,0.5087678279167641,0.6179899128227395,1.13697852299676,-0.10788603493770671,0.3885233307725709,0.72533935899779,-1.0857142857142856,0.02857142857142857,0.6,-0.9051094890510949,0.6470588235294118,0.8235294117647058,0.2773722627737226,-0.9197080291970803,0.5109489051094891,0.7058823529411765
1,1,0,0,0.3903934080289404,0.6714285714285714,0.8044033957483548,0,6,5,4,3,2,1,0,6,5,1,0,0,1,1,1,1,1,0,0,0,1,1,0,0,0,0,0,0,1,0,0,0,0,0,0,0,0,1,0,0.5089543519986649,-0.27007653787536207,0.43360297442596607,0.06173065711668203,-0.3338120845719631,0.5087678279167641,0.6313504125054277,1.13697852299676,-0.10788603493770671,0.37323674547659785,0.6285714285714286,-1.0857142857142856,0.02857142857142857,0.6131386861313869,-0.9117647058823529,0.6470588235294118,0.8321167883211679,0.2773722627737226,-0.9197080291970803,0.5
2,1,0,0,0.047664506188346875,0.6714285714285714,0.1942594662836724,1,0,6,5,4,3,2,1,0,6,1,1,0,0,1,1,1,1,1,0,0,0,1,1,0,0,0,0,0,0,0,0,0,0,0,0,0,0,0,1,0.38571309354919475,0.5107102781825186,-0.27007653787536207,0.434579828433414,0.07000901833728575,-0.3338120845719631,0.5221283275994523,0.6313504125054277,1.13697852299676,-0.12062405502849453,0.6857142857142857,0.6285714285714286,-1.0857142857142856,0.029197080291970802,0.6176470588235294,-0.9117647058823529,0.656934306569343,0.8321167883211679,0.2773722627737226,-0.9411764705882353
3,1,0,0,1.2241035689762014,1.2428571428571429,1.4600836039747174,2,1,0,6,5,4,3,2,1,0,1,1,1,0,0,1,1,1,1,1,0,0,0,1,1,0,0,0,0,0,0,0,0,0,0,0,0,0,0,0,0.04416256363181179,0.3870438292384733,0.5107102781825186,-0.2652785874906303,0.4438357994588998,0.07000901833728575,-0.32045158488927494,0.5221283275994523,0.6313504125054277,1.1178493694651666,0.6857142857142857,0.6857142857142857,0.6285714285714286,-1.1094890510948905,0.029411764705882353,0.6176470588235294,-0.8905109489051095,0.656934306569343,0.8321167883211679,0.2647058823529412
4,1,0,0,-0.13602639468086872,1.4142857142857144,-0.0005339986090338821,3,2,1,0,6,5,4,3,2,1,1,1,1,1,0,0,1,1,1,1,0,0,0,0,1,1,0,0,0,0,0,0,0,0,0,0,0,0,0,0,1.216556788784111,0.044314927397879775,0.3870438292384733,0.511268426751062,-0.257857643875881,0.4438357994588998,0.08336951801997389,-0.32045158488927494,0.5221283275994523,0.6148171532058416,1.2571428571428571,0.6857142857142857,0.6857142857142857,0.6423357664233577,-1.1176470588235294,0.029411764705882353,0.6277372262773723,-0.8905109489051095,0.656934306569343,0.8235294117647058
5,0,1,0,0.13984491450200157,0.7285714285714285,0.2961778606668558,4,3,2,1,0,6,5,4,3,2,1,1,1,1,1,0,0,1,1,1,0,0,0,0,0,1,1,0,0,0,0,0,0,0,0,0,0,0,0,0,-0.13889677042476828,1.2207539901857343,0.044314927397879775,0.3882735071208462,0.5207254751327699,-0.257857643875881,0.4571962991415879,0.08336951801997389,-0.32045158488927494,0.5061558143785202,1.4285714285714286,1.2571428571428571,0.6857142857142857,0.7007299270072993,0.6470588235294118,-1.1176470588235294,0.043795620437956206,0.6277372262773723,-0.8905109489051095,0.6470588235294118
6,0,1,0,0.2743639987271601,-0.8428571428571429,0.4862007692655864,5,4,3,2,1,0,6,5,4,3,0,1,1,1,1,1,0,0,1,1,1,0,0,0,0,0,1,1,0,0,0,0,0,0,0,0,0,0,0,0,0.13602603688558812,-0.13937597347133582,1.2207539901857343,0.0474056800199884,0.3974080630615584,0.5207254751327699,-0.2444971441931929,0.4571962991415879,0.08336951801997389,-0.332098293651453,0.7428571428571429,1.4285714285714286,1.2571428571428571,0.7007299270072993,0.7058823529411765,0.6470588235294118,-1.094890510948905,0.043795620437956206,0.6277372262773723,-0.9117647058823529
0,1,0,0,0.8506925254149291,0.32857142857142857,0.7294868756165781,6,5,4,3,2,1,0,6,5,4,0,0,1,1,1,1,1,0,0,1,1,1,0,0,0,0,0,1,1,0,0,0,0,0,0,0,0,0,0,0,0.2700826170408079,0.13649533571153447,-0.13937597347133582,1.2174564837178314,0.05564648117839597,0.3974080630615584,0.534085974815458,-0.2444971441931929,0.4571962991415879,0.06964959210460722,-0.8285714285714286,0.7428571428571429,1.4285714285714286,1.2846715328467153,0.7058823529411765,0.7058823529411765,0.656934306569343,-1.094890510948905,0.043795620437956206,0.6176470588235294
1,1,0,0,0.12503977624813692,0.9857142857142858,0.20609562429703404,0,6,5,4,3,2,1,0,6,5,1,0,0,1,1,1,1,1,0,0,0,1,1,0,0,0,0,0,1,1,0,0,0,0,0,0,0,0,0,0,0.8444296086122007,0.271014419936693,0.13649533571153447,-0.13528774881319217,1.2287651558168275,0.05564648117839597,0.4107685627442465,0.534085974815458,-0.2444971441931929,0.4415571468921859,0.34285714285714286,-0.8285714285714286,0.7428571428571429,1.4598540145985401,1.2941176470588236,0.7058823529411765,0.7153284671532847,0.656934306569343,-1.094890510948905,0.029411764705882353
2,1,0,0,1.251637106633841,0.9285714285714286,1.2586469861346279,1,0,6,5,4,3,2,1,0,6,1,1,0,0,1,1,1,1,1,0,0,0,1,1,0,0,0,0,0,1,0,0,0,0,0,0,0,0,0,0,0.1212718017191022,0.847342946624462,0.271014419936693,0.13908553343882754,-0.12752596947125824,1.2287651558168275,0.0690069808610841,0.4107685627442465,0.534085974815458,-0.2565338029807101,1.0,0.34285714285714286,-0.8285714285714286,0.7591240875912408,1.4705882352941178,1.2941176470588236,0.7153284671532847,0.7153284671532847,0.656934306569343,-1.1176470588235294
3,0,0,1,0.5316116498350333,-1.0142857142857142,0.4250809977383417,2,1,0,6,5,4,3,2,1,0,1,1,1,0,0,1,1,1,1,1,0,0,0,1,1,0,0,0,0,0,0,0,0,0,0,0,0,0,0,0,1.243995660519069,0.12169019745766983,0.847342946624462,0.27287415674190063,0.14756671899529045,-0.12752596947125824,1.2421256554995157,0.0690069808610841,0.4107685627442465,0.5180520710452422,0.9428571428571428,1.0,0.34285714285714286,-0.8467153284671532,0.7647058823529411,1.4705882352941178,1.2992700729927007,0.7153284671532847,0.7153284671532847,0.6470588235294118
4,1,0,0,0.3838282335996249,0.6714285714285714,0.6973023141724263,3,2,1,0,6,5,4,3,2,1,0,1,1,1,0,0,1,1,1,1,0,0,0,0,1,1,0,0,0,0,1,0,0,0,0,0,0,0,0,0,0.5264457982141368,1.2482875278433738,0.12169019745766983,0.8460731240109937,0.28170613580947923,0.14756671899529045,-0.11416546978857012,1.2421256554995157,0.0690069808610841,0.3953677704487678,-1.0,0.9428571428571428,1.0,0.35036496350364965,-0.8529411764705882,0.7647058823529411,1.4744525547445255,1.2992700729927007,0.7153284671532847,0.7058823529411765
5,0,1,0,-0.015307575072434427,-0.44285714285714284,0.1941348730974596,4,3,2,1,0,6,5,4,3,2,1,0,1,1,1,0,0,1,1,1,0,0,0,0,0,1,1,0,0,0,0,1,0,0,0,0,0,0,0,0,0.37917049152966714,0.5282620710445662,1.2482875278433738,0.12436078953943547,0.8564080296603093,0.28170613580947923,0.16092721867797857,-0.11416546978857012,1.2421256554995157,0.05536079219765054,0.6857142857142857,-1.0,0.9428571428571428,1.0218978102189782,0.35294117647058826,-0.8529411764705882,0.7737226277372263,1.4744525547445255,1.2992700729927007,0.7058823529411765
6,0,1,0,-0.31770754827580416,-1.1857142857142857,-0.03433223649149481,5,4,3,2,1,0,6,5,4,3,0,1,0,1,1,1,0,0,1,1,1,0,0,0,0,0,1,1,0,0,0,0,1,0,0,0,0,0,0,0,-0.018593006759575856,0.3804786548091578,0.5282620710445662,1.2448405097026736,0.13280336684592,0.8564080296603093,0.29506663549216733,0.16092721867797857,-0.11416546978857012,1.2224566766909795,-0.42857142857142855,0.6857142857142857,-1.0,0.9635036496350365,1.0294117647058822,0.35294117647058826,-0.8321167883211679,0.7737226277372263,1.4744525547445255,1.2941176470588236
0,1,0,0,0.4562461270495236,0.4714285714285714,0.7623056942492944,6,5,4,3,2,1,0,6,5,4,0,0,1,0,1,1,1,0,0,1,1,1,0,0,0,0,0,1,1,0,0,0,0,1,0,0,0,0,0,0,-0.31995326712843186,-0.018657153862901527,0.3804786548091578,0.5287249104688932,1.2562209826647517,0.13280336684592,0.8697685293429974,0.29506663549216733,0.16092721867797857,-0.12687125126688487,-1.1714285714285715,-0.42857142857142855,0.6857142857142857,-1.0218978102189782,0.9705882352941176,1.0294117647058822,0.36496350364963503,-0.8321167883211679,0.7737226277372263,1.4705882352941178
1,1,0,0,-0.27804853539667373,-0.12857142857142856,0.0005339986090338821,0,6,5,4,3,2,1,0,6,5,1,0,0,1,0,1,1,1,0,0,0,1,1,0,0,0,0,0,1,1,0,0,0,0,1,0,0,0,0,0,0.45133939747976315,-0.32105712706627126,-0.018657153862901527,0.38174398267677195,0.5382277297170914,1.2562209826647517,0.14616386652860813,0.8697685293429974,0.29506663549216733,0.14680911160217322,0.4857142857142857,-1.1714285714285715,-0.42857142857142855,0.7007299270072993,-1.0294117647058822,0.9705882352941176,1.0364963503649636,0.36496350364963503,-0.8321167883211679,0.7647058823529411
2,1,0,0,-0.3258805205245439,0.04285714285714286,-0.2291948116671785,1,0,6,5,4,3,2,1,0,6,1,1,0,0,1,0,1,1,1,0,0,0,1,1,0,0,0,0,0,1,0,0,0,0,0,1,0,0,0,0,-0.28043061003087694,0.4528965482590565,-0.32105712706627126,-0.015224452402764842,0.3908614182170413,0.5382277297170914,1.2695814823474398,0.14616386652860813,0.8697685293429974,0.2802598567797031,-0.11428571428571428,0.4857142857142857,-1.1714285714285715,-0.43795620437956206,0.7058823529411765,-1.0294117647058822,0.9781021897810219,1.0364963503649636,0.36496350364963503,-0.8529411764705882
3,1,0,0,1.1450535095211778,0.8714285714285714,1.4864504423301457,2,1,0,6,5,4,3,2,1,0,1,1,1,0,0,1,0,1,1,1,0,0,0,1,1,0,0,0,0,0,0,0,0,0,0,0,1,0,0,0,-0.3280981390302928,-0.28139811418714084,0.4528965482590565,-0.3159823436328807,-0.0071478673302381055,0.3908614182170413,0.5515882293997796,1.2695814823474398,0.14616386652860813,0.852011231661322,0.05714285714285714,-0.11428571428571428,0.4857142857142857,-1.197080291970803,-0.4411764705882353,0.7058823529411765,-1.0072992700729928,0.9781021897810219,1.0364963503649636,0.35294117647058826
4,1,0,0,0.3416235408397394,0.5571428571428572,0.42580539031005693,3,2,1,0,6,5,4,3,2,1,1,1,1,1,0,0,1,0,1,1,0,0,0,0,1,1,0,0,0,0,0,0,0,0,0,0,0,1,0,0,1.1377785195693901,-0.329230099315011,-0.28139811418714084,0.4537686349629384,-0.30869434516850935,-0.0071478673302381055,0.4042219178997294,0.5515882293997796,1.2695814823474398,0.13212155448851076,0.8857142857142857,0.05714285714285714,-0.11428571428571428,0.49635036496350365,-1.2058823529411764,-0.4411764705882353,0.7153284671532847,-1.0072992700729928,0.9781021897810219,1.0294117647058822
5,0,1,0,-0.0719154566313285,0.2714285714285714,0.15165210078226027,4,3,2,1,0,6,5,4,3,2,1,1,1,1,1,0,0,1,0,1,0,0,0,0,0,1,1,0,0,0,0,0,0,0,0,0,0,0,1,0,0.3371109071184178,1.1417039307307106,-0.329230099315011,-0.276538685766636,0.4630749190019707,-0.30869434516850935,0.0062126323524500275,0.4042219178997294,0.5515882293997796,1.2497715453503246,0.5714285714285714,0.8857142857142857,0.05714285714285714,-0.11678832116788321,0.5,-1.2058823529411764,-0.4233576642335766,0.7153284671532847,-1.0072992700729928,0.9705882352941176
6,0,1,0,0.23135540705756266,-1.0714285714285714,0.5161011871881216,5,4,3,2,1,0,6,5,4,3,0,1,1,1,1,1,0,0,1,0,1,0,0,0,0,0,1,1,0,0,0,0,0,0,0,0,0,0,0,1,-0.07500625886672777,0.3382739620492723,1.1417039307307106,-0.3241109352877487,-0.26914726610775247,0.4630749190019707,-0.29533384548582126,0.0062126323524500275,0.4042219178997294,0.535464469071394,0.2857142857142857,0.5714285714285714,0.8857142857142857,0.058394160583941604,-0.11764705882352941,0.5,-1.1824817518248176,-0.4233576642335766,0.7153284671532847,-1.0294117647058822
0,0,0,1,0.5172084610360248,-1.2142857142857142,0.837990214567961,6,5,4,3,2,1,0,6,5,4,0,0,1,1,1,1,1,0,0,1,1,1,0,0,0,0,0,1,1,0,0,0,0,0,0,0,0,0,0,0,0.22722189768839207,-0.0752650354217956,0.3382739620492723,1.1388356791871408,-0.31684424997494914,-0.26914726610775247,0.4764354186846588,-0.29533384548582126,0.0062126323524500275,0.38885473607257365,-1.0571428571428572,0.2857142857142857,0.5714285714285714,0.9051094890510949,0.058823529411764705,-0.11764705882352941,0.5109489051094891,-1.1824817518248176,-0.4233576642335766,0.7058823529411765
1,1,0,0,0.7530188078849086,0.4142857142857143,1.0202186513079607,0,6,5,4,3,2,1,0,6,5,0,0,0,1,1,1,1,1,0,0,0,1,1,0,0,0,0,0,1,1,1,0,0,0,0,0,0,0,0,0,0.5120921305182343,0.22800582826709556,-0.0752650354217956,0.33976846839343716,1.1499382076889675,-0.31684424997494914,-0.25578676642506437,0.4764354186846588,-0.29533384548582126,-0.007111170186252799,-1.2,-1.0571428571428572,0.2857142857142857,0.583941605839416,0.9117647058823529,0.058823529411764705,-0.10218978102189781,0.5109489051094891,-1.1824817518248176,-0.4411764705882353
2,1,0,0,1.22423755212782,0.07142857142857142,1.667035222396404,1,0,6,5,4,3,2,1,0,6,1,0,0,0,1,1,1,1,1,0,0,0,1,1,0,0,0,0,0,1,0,1,0,0,0,0,0,0,0,0,0.7470917132604525,0.5138588822455576,0.22800582826709556,-0.07152494378279327,0.3487758442165736,1.1499382076889675,-0.303483750292261,-0.25578676642506437,0.4764354186846588,-0.30710950869789155,0.42857142857142855,-1.2,-1.0571428571428572,0.291970802919708,0.5882352941176471,0.9117647058823529,0.072992700729927,-0.10218978102189781,0.5109489051094891,-1.2058823529411764
3,1,0,0,2.749635733306537,0.4142857142857143,3.5769862757685233,2,1,0,6,5,4,3,2,1,0,1,1,0,0,0,1,1,1,1,1,0,0,0,1,1,0,0,0,0,0,0,0,1,0,0,0,0,0,0,0,1.2166903112743053,0.7496692290944416,0.5138588822455576,0.23009910885316914,-0.06359597848959558,0.3487758442165736,1.1632987073716556,-0.303483750292261,-0.25578676642506437,0.4606974928140627,0.08571428571428572,0.42857142857142855,-1.2,-1.0802919708029197,0.29411764705882354,0.5882352941176471,0.9197080291970803,0.072992700729927,-0.10218978102189781,0.5
4,1,0,0,0.057244301529082824,0.07142857142857142,0.2324706390803076,3,2,1,0,6,5,4,3,2,1,1,1,1,0,0,0,1,1,1,1,0,0,0,0,1,1,0,0,0,0,0,0,0,1,0,0,0,0,0,0,2.7368438621380293,1.2208879733373528,0.7496692290944416,0.5143999333721996,0.2388189318280504,-0.06359597848959558,0.3621363438992617,1.1632987073716556,-0.303483750292261,-0.26776546430292253,0.42857142857142855,0.08571428571428572,0.42857142857142855,-1.2262773722627738,-1.088235294117647,0.29411764705882354,0.5985401459854015,0.9197080291970803,0.072992700729927,-0.11764705882352941
5,0,1,0,0.08886432531109223,-0.12857142857142856,0.3316501248121977,4,3,2,1,0,6,5,4,3,2,1,1,1,1,0,0,0,1,1,1,0,0,0,0,0,1,1,0,0,0,0,0,0,0,1,0,0,0,0,0,0.05370942168071445,2.7462861545160697,1.2208879733373528,0.7489297909552762,0.5238651925582016,0.2388189318280504,-0.05023547880690745,0.3621363438992617,1.1632987073716556,-0.3152175719009088,0.08571428571428572,0.42857142857142855,0.08571428571428572,0.43795620437956206,-1.2352941176470589,-1.088235294117647,0.30656934306569344,0.5985401459854015,0.9197080291970803,0.058823529411764705
6,0,1,0,-0.35971126630826156,-1.1,-0.0764270178377534,5,4,3,2,1,0,6,5,4,3,0,1,1,1,1,0,0,0,1,1,1,0,0,0,0,0,1,1,0,0,0,0,0,0,0,1,0,0,0,0,0.08522072936660278,0.05389472273861572,2.7462861545160697,1.2175897393187307,0.7590099869735129,0.5238651925582016,0.2521794315107385,-0.05023547880690745,0.3621363438992617,1.1440344260388453,-0.11428571428571428,0.08571428571428572,0.42857142857142855,0.08759124087591241,0.4411764705882353,-1.2352941176470589,-1.0656934306569343,0.30656934306569344,0.5985401459854015,0.9117647058823529
0,1,0,0,-0.24917516622284733,0.44285714285714284,-0.01745900957177419,6,5,4,3,2,1,0,6,5,4,0,0,1,1,1,1,0,0,0,1,1,1,0,0,0,0,0,1,1,0,0,0,0,0,0,0,1,0,0,0,-0.3618125678043894,0.08551474652062513,0.05389472273861572,2.734704755559257,1.2288987608136543,0.7590099869735129,0.5372256922408898,0.2521794315107385,-0.05023547880690745,0.3469852293684681,-1.0857142857142856,-0.11428571428571428,0.08571428571428572,0.43795620437956206,0.08823529411764706,0.4411764705882353,-1.2116788321167884,-1.0656934306569343,0.30656934306569344,0.5882352941176471
1,1,0,0,0.6177628163258472,0.9857142857142858,1.088932766888582,0,6,5,4,3,2,1,0,6,5,1,0,0,1,1,1,1,0,0,0,0,1,1,0,0,0,0,0,1,1,0,0,0,0,0,0,0,1,0,0,-0.25165651339397466,-0.36306084509872866,0.08551474652062513,0.05693345548430093,2.749991649687699,1.2288987608136543,0.772370486656201,0.5372256922408898,0.2521794315107385,-0.0632694767973151,0.45714285714285713,-1.0857142857142856,-0.11428571428571428,0.08759124087591241,0.4411764705882353,0.08823529411764706,0.45255474452554745,-1.2116788321167884,-1.0656934306569343,0.29411764705882354
2,1,0,0,1.2707966973153124,0.7285714285714285,1.4412992343846045,1,0,6,5,4,3,2,1,0,6,1,1,0,0,1,1,1,1,0,0,0,0,1,1,0,0,0,0,0,1,0,0,0,0,0,0,0,0,1,0,0.6123007594091632,-0.2525247450133144,-0.36306084509872866,0.08838177729657709,0.06519923845151802,2.749991649687699,1.2422592604963425,0.772370486656201,0.5372256922408898,0.23759283566218614,1.0,0.45714285714285713,-1.0857142857142856,-0.11678832116788321,0.08823529411764706,0.4411764705882353,0.10218978102189781,0.45255474452554745,-1.2116788321167884,-1.088235294117647
3,1,0,0,1.1514847007988744,0.8714285714285714,1.9266619197960566,2,1,0,6,5,4,3,2,1,0,1,1,1,0,0,1,1,1,1,0,0,0,0,1,1,0,0,0,0,0,0,0,0,0,0,0,0,0,0,1,1.2630893766168738,0.6144132375353801,-0.2525247450133144,-0.3577579745148662,0.09673001770266201,0.06519923845151802,2.7633521493703865,1.2422592604963425,0.772370486656201,0.5211756691644374,0.7428571428571429,1.0,0.45714285714285713,-1.1094890510948905,-0.11764705882352941,0.08823529411764706,0.45255474452554745,0.10218978102189781,0.45255474452554745,-1.2352941176470589
4,1,0,0,0.48779915925572376,0.8714285714285714,0.7499515011288824,3,2,1,0,6,5,4,3,2,1,1,1,1,1,0,0,1,1,1,1,0,0,0,0,1,1,0,0,0,0,0,0,0,0,0,0,0,0,0,0,1.1441875990987231,1.2674471185248455,0.6144132375353801,-0.24782210377279906,-0.35057951167373663,0.09673001770266201,0.07855973813420616,2.7633521493703865,1.2422592604963425,0.7551132304318207,0.8857142857142857,0.7428571428571429,1.0,0.46715328467153283,-1.1176470588235294,-0.11764705882352941,0.10218978102189781,0.45255474452554745,0.10218978102189781,0.4411764705882353
5,0,1,0,0.5902962702440169,0.18571428571428572,1.0825787090685832,4,3,2,1,0,6,5,4,3,2,1,1,1,1,1,0,0,1,1,1,0,0,0,0,0,1,1,0,0,0,0,0,0,0,0,0,0,0,0,0,0.4827839439205543,1.1481351220084073,1.2674471185248455,0.6144082618472559,-0.24035538929155953,-0.35057951167373663,0.11009051738535015,0.07855973813420616,2.7633521493703865,1.2225895957598814,0.8857142857142857,0.8857142857142857,0.7428571428571429,1.0218978102189782,0.47058823529411764,-1.1176470588235294,-0.10218978102189781,0.10218978102189781,0.45255474452554745,0.08823529411764706
6,0,1,0,-0.4041266810698554,-0.7285714285714285,-0.1761973478198869,5,4,3,2,1,0,6,5,4,3,0,1,1,1,1,1,0,0,1,1,1,0,0,0,0,0,1,1,0,0,0,0,0,0,0,0,0,0,0,0,0.5849286489193024,0.48444958046525666,1.1481351220084073,1.2638960606312983,0.6241357426767762,-0.24035538929155953,-0.33721901199104853,0.11009051738535015,0.07855973813420616,2.735873195208267,0.2,0.8857142857142857,0.8857142857142857,0.7591240875912408,1.0294117647058822,0.47058823529411764,-1.094890510948905,-0.10218978102189781,0.10218978102189781,0.4411764705882353
0,1,0,0,1.413153795910164,0.21428571428571427,1.3997113915647492,6,5,4,3,2,1,0,6,5,4,0,0,1,1,1,1,1,0,0,1,1,1,0,0,0,0,0,1,1,0,0,0,0,0,0,0,0,0,0,0,-0.4060752733038471,0.5869466914535497,0.48444958046525666,1.1452319480303155,1.2753264972109954,0.6241357426767762,-0.2269948896088714,-0.33721901199104853,0.11009051738535015,0.06486450562413804,-0.7142857142857143,0.2,0.8857142857142857,0.9051094890510949,0.7647058823529411,1.0294117647058822,0.48175182481751827,-1.094890510948905,-0.10218978102189781,0.08823529411764706
1,1,0,0,0.7745231037197072,0.7857142857142857,1.0159933848805196,0,6,5,4,3,2,1,0,6,5,1,0,0,1,1,1,1,1,0,0,0,1,1,0,0,0,0,0,1,1,0,0,0,0,0,0,0,0,0,0,1.4049570224484687,-0.4074762598603225,0.5869466914535497,0.4851503289747649,1.1563512475366577,1.2753264972109954,0.6374962423594643,-0.2269948896088714,-0.33721901199104853,0.09623340588499169,0.22857142857142856,-0.7142857142857143,0.2,0.9051094890510949,0.9117647058823529,0.7647058823529411,1.0364963503649636,0.48175182481751827,-1.094890510948905,-0.11764705882352941
2,1,0,0,1.038000971377849,0.32857142857142857,1.3917841500919605,1,0,6,5,4,3,2,1,0,6,1,1,0,0,1,1,1,1,1,0,0,0,1,1,0,0,0,0,0,1,0,0,0,0,0,0,0,0,0,0,0.7685220729366603,1.4098042171196972,-0.4074762598603225,0.5870908636628633,0.4945388957547013,1.1563512475366577,1.2886869968936836,0.6374962423594643,-0.2269948896088714,-0.3487796367986442,0.8,0.22857142857142856,-0.7142857142857143,0.20437956204379562,0.9117647058823529,0.9117647058823529,0.7737226277372263,1.0364963503649636,0.48175182481751827,-1.1176470588235294
3,1,0,0,2.067594499991626,0.8428571428571429,3.0673666597394154,2,1,0,6,5,4,3,2,1,0,1,1,1,0,0,1,1,1,1,1,0,0,0,1,1,0,0,0,0,0,0,0,0,0,0,0,0,0,0,0,1.0310940499040306,0.7711735249292402,1.4098042171196972,-0.4019322062130423,0.5967467183272653,0.4945388957547013,1.169711747219346,1.2886869968936836,0.6374962423594643,-0.23912140495455828,0.34285714285714286,0.8,0.22857142857142856,-0.7299270072992701,0.20588235294117646,0.9117647058823529,0.9197080291970803,0.7737226277372263,1.0364963503649636,0.47058823529411764
4,1,0,0,0.7301076889581136,0.8714285714285714,1.1245159968403946,3,2,1,0,6,5,4,3,2,1,1,1,1,1,0,0,1,1,1,1,0,0,0,0,1,1,0,0,0,0,0,0,0,0,0,0,0,0,0,0,2.0571476258032213,1.0346513925873821,0.7711735249292402,1.405480136586991,-0.39486956812184787,0.5967467183272653,0.5078993954373894,1.169711747219346,1.2886869968936836,0.6209314303753302,0.8571428571428571,0.34285714285714286,0.8,0.23357664233576642,-0.7352941176470589,0.20588235294117646,0.9197080291970803,0.9197080291970803,0.7737226277372263,1.0294117647058822
5,0,1,0,-0.09187894622251234,-0.04285714285714286,0.2298822156367369,4,3,2,1,0,6,5,4,3,2,1,1,1,1,1,0,0,1,1,1,0,0,0,0,0,1,1,0,0,0,0,0,0,0,0,0,0,0,0,0,0.7242593674372029,2.064244921201159,1.0346513925873821,0.770317314899642,1.417281806339557,-0.39486956812184787,0.6101072180099535,0.5078993954373894,1.169711747219346,1.2687789722032992,0.8857142857142857,0.8571428571428571,0.34285714285714286,0.8175182481751825,0.23529411764705882,-0.7352941176470589,0.21897810218978103,0.9197080291970803,0.9197080291970803,0.7647058823529411
6,0,1,0,-0.5051499773903431,-0.8428571428571429,-0.17446375043984802,5,4,3,2,1,0,6,5,4,3,0,1,1,1,1,1,0,0,1,1,1,0,0,0,0,0,1,1,0,0,0,0,0,0,0,0,0,0,0,0,-0.09490110990569958,0.7267581101676465,2.064244921201159,1.03236445406846,0.7804535889642272,1.417281806339557,-0.3815090684391597,0.6101072180099535,0.5078993954373894,1.1504145413461375,-0.02857142857142857,0.8857142857142857,0.8571428571428571,0.35036496350364965,0.8235294117647058,0.23529411764705882,-0.7153284671532847,0.21897810218978103,0.9197080291970803,0.9117647058823529
0,1,0,0,0.6028236949203638,0.9285714285714286,1.2282018623761186,6,5,4,3,2,1,0,6,5,4,0,0,1,1,1,1,1,0,0,1,1,1,0,0,0,0,0,1,1,0,0,0,0,0,0,0,0,0,0,0,-0.5067512309104564,-0.09522852501297945,0.7267581101676465,2.0563671191804778,1.0431878152242893,0.7804535889642272,1.430642306022245,-0.3815090684391597,0.6101072180099535,0.49199993354046545,-0.8285714285714286,-0.02857142857142857,0.8857142857142857,0.8759124087591241,0.35294117647058826,0.8235294117647058,0.24817518248175183,-0.7153284671532847,0.21897810218978103,0.9117647058823529
1,1,0,0,1.8017719271801573,0.8428571428571429,2.7491067982617303,0,6,5,4,3,2,1,0,6,5,1,0,0,1,1,1,1,1,0,0,0,1,1,0,0,0,0,0,1,1,0,0,0,0,0,0,0,0,0,0,0.5974130017524828,-0.5084995561808101,-0.09522852501297945,0.7261430832014659,2.069875413340459,1.0431878152242893,0.7938140886469153,1.430642306022245,-0.3815090684391597,0.5936830212504359,0.9428571428571428,-0.8285714285714286,-0.02857142857142857,0.9051094890510949,0.8823529411764706,0.35294117647058826,0.8321167883211679,0.24817518248175183,-0.7153284671532847,0.20588235294117646
2,1,0,0,1.0041702255941318,0.8714285714285714,1.6696164427963966,1,0,6,5,4,3,2,1,0,6,1,1,0,0,1,1,1,1,1,0,0,0,1,1,0,0,0,0,0,1,0,0,0,0,0,0,0,0,0,0,1.7922390052574484,0.5994741161298968,-0.5084995561808101,-0.09138002831681502,0.7361635325161161,2.069875413340459,1.0565483149069774,0.7938140886469153,1.430642306022245,-0.3928423081396315,0.8571428571428571,0.9428571428571428,-0.8285714285714286,-0.029197080291970802,0.9117647058823529,0.8823529411764706,0.36496350364963503,0.8321167883211679,0.24817518248175183,-0.7352941176470589
3,1,0,0,1.6413271031167829,0.35714285714285715,2.459047047068483,2,1,0,6,5,4,3,2,1,0,1,1,1,0,0,1,1,1,1,1,0,0,0,1,1,0,0,0,0,0,0,0,0,0,0,0,0,0,0,0,0.9973796211299344,1.7984223483896902,0.5994741161298968,-0.5024069292912466,-0.08350312301680084,0.7361635325161161,2.083235913023147,1.0565483149069774,0.7938140886469153,1.4100054829115918,0.8857142857142857,0.8571428571428571,0.9428571428571428,-0.8467153284671532,-0.029411764705882353,0.9117647058823529,0.8905109489051095,0.36496350364963503,0.8321167883211679,0.23529411764705882
4,1,0,0,1.197976854410558,0.6714285714285714,2.142671073501706,3,2,1,0,6,5,4,3,2,1,1,1,1,1,0,0,1,1,1,1,0,0,0,0,1,1,0,0,0,0,0,0,0,0,0,0,0,0,0,0,1.6323458232496035,1.0008206468036647,1.7984223483896902,0.5995502623469643,-0.4956077357293164,-0.08350312301680084,0.7495240321988041,2.083235913023147,1.0565483149069774,0.7764467409905791,0.37142857142857144,0.8857142857142857,0.8571428571428571,0.9635036496350365,-0.8529411764705882,-0.029411764705882353,0.9197080291970803,0.8905109489051095,0.36496350364963503,0.8235294117647058
5,0,1,0,0.35910834212597775,-0.12857142857142856,0.9744117717199748,4,3,2,1,0,6,5,4,3,2,1,1,1,1,1,0,0,1,1,1,0,0,0,0,0,1,1,0,0,0,0,0,0,0,0,0,0,0,0,0,1.190519903196195,1.637977524326316,1.0008206468036647,1.7919880069959193,0.6092387855305788,-0.4956077357293164,-0.0701426233341127,0.7495240321988041,2.083235913023147,1.0378320899862092,0.6857142857142857,0.37142857142857144,0.8857142857142857,0.8759124087591241,0.9705882352941176,-0.8529411764705882,-0.014598540145985401,0.9197080291970803,0.8905109489051095,0.35294117647058826
6,0,1,0,-0.27851747642733915,-1.0142857142857142,0.20700048231190443,5,4,3,2,1,0,6,5,4,3,0,1,1,1,1,1,0,0,1,1,1,0,0,0,0,0,1,1,0,0,0,0,0,0,0,0,0,0,0,0,0.3545355920887926,1.194627275620091,1.637977524326316,0.9987174148413428,1.8048030996359266,0.6092387855305788,-0.4822472360466282,-0.0701426233341127,0.7495240321988041,2.0592486749630314,-0.11428571428571428,0.6857142857142857,0.37142857142857144,0.9051094890510949,0.8823529411764706,0.9705882352941176,-0.8321167883211679,-0.014598540145985401,0.9197080291970803,0.8823529411764706
0,1,0,0,0.07030765881190443,0.44285714285714284,0.6702272414241196,6,5,4,3,2,1,0,6,5,4,0,0,1,1,1,1,1,0,0,1,1,1,0,0,0,0,0,1,1,0,0,0,0,0,0,0,0,0,0,0,-0.28089793874655755,0.35575876333551065,1.194627275620091,1.6324144249187973,1.009452553525502,1.8048030996359266,0.6225992852132669,-0.4822472360466282,-0.0701426233341127,0.7323840696495919,-1.0,-0.11428571428571428,0.6857142857142857,0.3795620437956204,0.9117647058823529,0.8823529411764706,0.9781021897810219,-0.8321167883211679,-0.014598540145985401,0.9117647058823529
1,1,0,0,0.7356679897502888,0.5857142857142857,1.6240529092752327,0,6,5,4,3,2,1,0,6,5,1,0,0,1,1,1,1,1,0,0,0,1,1,0,0,0,0,0,1,1,0,0,0,0,0,0,0,0,0,0,0.06672786447467248,-0.28186705521780625,0.35575876333551065,1.1914716415424338,1.644811115935736,1.009452553525502,1.8181635993186147,0.6225992852132669,-0.4822472360466282,-0.08307441806370144,0.45714285714285713,-1.0,-0.11428571428571428,0.7007299270072993,0.38235294117647056,0.9117647058823529,0.8905109489051095,0.9781021897810219,-0.8321167883211679,-0.029411764705882353
2,1,0,0,0.16932120785811186,0.4142857142857143,0.4885438998738007,1,0,6,5,4,3,2,1,0,6,1,1,0,0,1,1,1,1,1,0,0,0,1,1,0,0,0,0,0,1,0,0,0,0,0,0,0,0,0,0,0.7298005507802721,0.06695808002143733,-0.28186705521780625,0.3571583243108188,1.202712181435586,1.644811115935736,1.02281305320819,1.8181635993186147,0.6225992852132669,-0.49306328609168093,0.6,0.45714285714285713,-1.0,-0.11678832116788321,0.7058823529411765,0.38235294117647056,0.9197080291970803,0.8905109489051095,0.9781021897810219,-0.8529411764705882
3,1,0,0,0.3514043109079034,0.35714285714285715,0.6624347163339234,2,1,0,6,5,4,3,2,1,0,1,1,1,0,0,1,1,1,1,1,0,0,0,1,1,0,0,0,0,0,0,0,0,0,0,0,0,0,0,0,0.16540098472836523,0.7323184109598218,0.06695808002143733,-0.2770050803697842,0.36621129630248167,1.202712181435586,1.658171615618424,1.02281305320819,1.8181635993186147,0.6061109541927657,0.42857142857142855,0.6,0.45714285714285713,-1.0218978102189782,-0.11764705882352941,0.7058823529411765,0.39416058394160586,0.9197080291970803,0.8905109489051095,0.9705882352941176
4,1,0,0,1.3406689108844563,0.9571428571428572,2.1295371995831966,3,2,1,0,6,5,4,3,2,1,1,1,1,1,0,0,1,1,1,1,0,0,0,0,1,1,0,0,0,0,0,0,0,0,0,0,0,0,0,0,0.3468580489026121,0.16597162906764476,0.7323184109598218,0.0699258765719997,-0.2696148835966466,0.36621129630248167,1.216072681118274,1.658171615618424,1.02281305320819,1.7955372422616178,0.37142857142857144,0.42857142857142855,0.6,0.46715328467153283,-1.0294117647058822,-0.11764705882352941,0.7153284671532847,0.39416058394160586,0.9197080291970803,0.8823529411764706
5,0,1,0,0.298614949170142,-0.24285714285714285,0.45438550981244347,4,3,2,1,0,6,5,4,3,2,1,1,1,1,1,0,0,1,1,1,0,0,0,0,0,1,1,0,0,0,0,0,0,0,0,0,0,0,0,0,1.3327213552532755,0.3480547321174363,0.16597162906764476,0.731673190638794,0.07822572564213888,-0.2696148835966466,0.3795717959851698,1.216072681118274,1.658171615618424,1.0042700250884742,0.9714285714285714,0.37142857142857144,0.42857142857142855,0.6131386861313869,0.47058823529411764,-1.0294117647058822,-0.10218978102189781,0.7153284671532847,0.39416058394160586,0.9117647058823529
6,0,1,0,-0.03419919945066901,-0.9857142857142858,0.39052040529774124,5,4,3,2,1,0,6,5,4,3,0,1,1,1,1,1,0,0,1,1,1,0,0,0,0,0,1,1,0,0,0,0,0,0,0,0,0,0,0,0,0.294250187766002,1.3373193320939891,0.3480547321174363,0.16840176563671194,0.7417081398844315,0.07822572564213888,-0.2562543839139585,0.3795717959851698,1.216072681118274,1.6363666572515654,-0.22857142857142856,0.9714285714285714,0.37142857142857144,0.43795620437956206,0.6176470588235294,0.47058823529411764,-1.0072992700729928,-0.10218978102189781,0.7153284671532847,0.38235294117647056
0,1,0,0,0.8979885779363246,0.6428571428571429,1.5224931096561178,6,5,4,3,2,1,0,6,5,4,0,0,1,1,1,1,1,0,0,1,1,1,0,0,0,0,0,1,1,0,0,0,0,0,0,0,0,0,0,0,-0.03741967787699234,0.2952653703796749,1.3373193320939891,0.34949612725909895,0.1769598182972042,0.7417081398844315,0.09158622532482702,-0.2562543839139585,0.3795717959851698,1.1965374582551047,-0.9714285714285714,-0.22857142857142856,0.9714285714285714,0.3795620437956204,0.4411764705882353,0.6176470588235294,0.48175182481751827,-1.0072992700729928,-0.10218978102189781,0.7058823529411765
1,1,0,0,0.7841698906362525,0.8142857142857143,1.826122616242766,0,6,5,4,3,2,1,0,6,5,1,0,0,1,1,1,1,1,0,0,0,1,1,0,0,0,0,0,1,1,0,0,0,0,0,0,0,0,0,0,0.8915630476508388,-0.03754877824113611,0.2952653703796749,1.3333888565003746,0.35852900898493595,0.1769598182972042,0.7550686395671197,0.09158622532482702,-0.2562543839139585,0.364331167860169,0.6571428571428571,-0.9714285714285714,-0.22857142857142856,0.9927007299270073,0.38235294117647056,0.4411764705882353,0.6277372262773723,0.48175182481751827,-1.0072992700729928,-0.11764705882352941
2,1,0,0,0.0009713778492355271,0.32857142857142857,0.36103056085914786,1,0,6,5,4,3,2,1,0,6,1,1,0,0,1,1,1,1,1,0,0,0,1,1,0,0,0,0,0,1,0,0,0,0,0,0,0,0,0,0,0.7781356922306601,0.8946389991458574,-0.03754877824113611,0.2969934205047057,1.3450015030562141,0.35852900898493595,0.19032031797989232,0.7550686395671197,0.09158622532482702,-0.2682306810440793,0.8285714285714286,0.6571428571428571,-0.9714285714285714,-0.23357664233576642,1.0,0.38235294117647056,0.45255474452554745,0.6277372262773723,0.48175182481751827,-1.0294117647058822
3,1,0,0,1.898708737376275,0.6428571428571429,2.420487208027305,2,1,0,6,5,4,3,2,1,0,1,1,1,0,0,1,1,1,1,1,0,0,0,1,1,0,0,0,0,0,0,0,0,0,0,0,0,0,0,0,-0.0023700242009512796,0.7808203118457854,0.8946389991458574,-0.034013492129591004,0.3058886402351448,1.3450015030562141,0.3718895086676241,0.19032031797989232,0.7550686395671197,0.07782411484207538,0.34285714285714286,0.8285714285714286,0.6571428571428571,-0.9927007299270073,-0.23529411764705882,1.0,0.39416058394160586,0.45255474452554745,0.6277372262773723,0.47058823529411764
4,1,0,0,0.6542062335661292,0.9571428571428572,1.235823850542686,3,2,1,0,6,5,4,3,2,1,1,1,1,1,0,0,1,1,1,1,0,0,0,0,1,1,0,0,0,0,0,0,0,0,0,0,0,0,0,0,1.888842526913127,-0.0023782009412315714,0.7808203118457854,0.8931123511285084,-0.025986171882828518,0.3058886402351448,1.3583620027389023,0.3718895086676241,0.19032031797989232,0.7379002110090216,0.6571428571428571,0.34285714285714286,0.8285714285714286,0.6715328467153284,-1.0,-0.23529411764705882,1.0072992700729928,0.39416058394160586,0.45255474452554745,0.6176470588235294
5,0,1,0,0.35495486442579854,0.4714285714285714,0.8360407205574377,4,3,2,1,0,6,5,4,3,2,1,1,1,1,1,0,0,1,1,1,0,0,0,0,0,1,1,0,0,0,0,0,0,0,0,0,0,0,0,0,0.6486188767420514,1.8953591585858078,-0.0023782009412315714,0.7799117181644041,0.9035705935401984,-0.025986171882828518,0.3192491399178329,1.3583620027389023,0.3718895086676241,0.17605130676059597,0.9714285714285714,0.6571428571428571,0.34285714285714286,0.8467153284671532,0.6764705882352942,-1.0,-0.21897810218978103,1.0072992700729928,0.39416058394160586,0.4411764705882353
6,0,1,0,-0.5105762950308996,-0.7857142857142857,-0.2973028982029866,5,4,3,2,1,0,6,5,4,3,0,1,1,1,1,1,0,0,1,1,1,0,0,0,0,0,1,1,0,0,0,0,0,0,0,0,0,0,0,0,0.35039639489276486,0.6508566547756621,1.8953591585858078,0.0009661031065212641,0.7900731487357626,0.9035705935401984,-0.012625672200140384,0.3192491399178329,1.3583620027389023,0.35668832139830847,0.4857142857142857,0.9714285714285714,0.6571428571428571,0.35036496350364965,0.8529411764705882,0.6764705882352942,-0.9781021897810219,-0.21897810218978103,1.0072992700729928,0.38235294117647056
0,1,0,0,0.7300406973823043,0.5857142857142857,1.2700581645768918,6,5,4,3,2,1,0,6,5,4,0,0,1,1,1,1,1,0,0,1,1,1,0,0,0,0,0,1,1,0,0,0,0,0,0,0,0,0,0,0,-0.5121588917633313,0.35160528563533144,0.6508566547756621,1.8883984342466895,0.009085139784227831,0.7900731487357626,0.9169310932228865,-0.012625672200140384,0.3192491399178329,1.3380962666356517,-0.7714285714285715,0.4857142857142857,0.9714285714285714,0.6715328467153284,0.35294117647058826,0.8529411764705882,0.6861313868613139,-0.9781021897810219,-0.21897810218978103,1.0
1,1,0,0,-0.11324925890569242,0.12857142857142856,0.19999892927730598,0,6,5,4,3,2,1,0,6,5,1,0,0,1,1,1,1,1,0,0,0,1,1,0,0,0,0,0,1,1,0,0,0,0,0,0,0,0,0,0,0.7241926061921057,-0.5139258738213668,0.35160528563533144,0.6506537852919132,1.901466314840175,0.009085139784227831,0.8034336484184508,0.9169310932228865,-0.012625672200140384,0.30431820825095107,0.6,-0.7714285714285715,0.4857142857142857,0.9927007299270073,0.6764705882352942,0.35294117647058826,0.8613138686131386,0.6861313868613139,-0.9781021897810219,-0.23529411764705882
