DIA_SEMANA,LABORAL,FIN_DE_SEMANA,FESTIVO,PORCENTAJE_USO,NUMERO_CONEXIONES,USAGE_KB,DIA_SEMANA_lag_1,DIA_SEMANA_lag_2,DIA_SEMANA_lag_3,DIA_SEMANA_lag_4,DIA_SEMANA_lag_5,DIA_SEMANA_lag_6,DIA_SEMANA_lag_7,DIA_SEMANA_lag_8,DIA_SEMANA_lag_9,DIA_SEMANA_lag_10,LABORAL_lag_1,LABORAL_lag_2,LABORAL_lag_3,LABORAL_lag_4,LABORAL_lag_5,LABORAL_lag_6,LABORAL_lag_7,LABORAL_lag_8,LABORAL_lag_9,LABORAL_lag_10,FIN_DE_SEMANA_lag_1,FIN_DE_SEMANA_lag_2,FIN_DE_SEMANA_lag_3,FIN_DE_SEMANA_lag_4,FIN_DE_SEMANA_lag_5,FIN_DE_SEMANA_lag_6,FIN_DE_SEMANA_lag_7,FIN_DE_SEMANA_lag_8,FIN_DE_SEMANA_lag_9,FIN_DE_SEMANA_lag_10,FESTIVO_lag_1,FESTIVO_lag_2,FESTIVO_lag_3,FESTIVO_lag_4,FESTIVO_lag_5,FESTIVO_lag_6,FESTIVO_lag_7,FESTIVO_lag_8,FESTIVO_lag_9,FESTIVO_lag_10,PORCENTAJE_USO_lag_1,PORCENTAJE_USO_lag_2,PORCENTAJE_USO_lag_3,PORCENTAJE_USO_lag_4,PORCENTAJE_USO_lag_5,PORCENTAJE_USO_lag_6,PORCENTAJE_USO_lag_7,PORCENTAJE_USO_lag_8,PORCENTAJE_USO_lag_9,PORCENTAJE_USO_lag_10,NUMERO_CONEXIONES_lag_1,NUMERO_CONEXIONES_lag_2,NUMERO_CONEXIONES_lag_3,NUMERO_CONEXIONES_lag_4,NUMERO_CONEXIONES_lag_5,NUMERO_CONEXIONES_lag_6,NUMERO_CONEXIONES_lag_7,NUMERO_CONEXIONES_lag_8,NUMERO_CONEXIONES_lag_9,NUMERO_CONEXIONES_lag_10
0,0,0,1,0.8280691642651298,-1.9375,-0.6366610956435137,6,5,4,3,2,1,0,6,5,4,0,0,1,1,1,1,1,0,0,1,1,1,0,0,0,0,0,1,1,0,0,0,0,0,0,0,0,0,0,0,0.7792485549132948,2.7912442396313364,1.253022452504318,1.2535091208728757,-0.90259703358527,-1.1475819742001476,1.8581179366677856,-0.32080116370146583,-0.444500391630301,0.7664764462347543,-1.6875,-1.0625,-1.4375,-0.4375,-0.7878787878787878,-1.2941176470588236,0.17647058823529413,-0.8823529411764706,-0.8235294117647058,-1.1176470588235294
1,1,0,0,1.904092219020173,0.75,-0.3690565952782723,0,6,5,4,3,2,1,0,6,5,0,0,0,1,1,1,1,1,0,0,0,1,1,0,0,0,0,0,1,1,1,0,0,0,0,0,0,0,0,0,0.8145086705202313,0.7765552995391705,2.7896373056994825,1.2354946865943057,1.2535091208728757,-0.90259703358527,-1.146525679758308,1.8748461452388945,-0.32080116370146583,-0.444500391630301,-1.9375,-1.6875,-1.0625,-1.4375,-0.42424242424242425,-0.7647058823529411,-1.2941176470588236,0.17647058823529413,-0.8823529411764706,-0.8235294117647058
2,1,0,0,6.134755043227666,-0.5,0.3104145204115165,1,0,6,5,4,3,2,1,0,6,1,0,0,0,1,1,1,1,1,0,0,0,1,1,0,0,0,0,0,1,0,1,0,0,0,0,0,0,0,0,1.8936416184971099,0.8116935483870968,0.7761082325849166,2.7522873217025627,1.2354946865943057,1.2535091208728757,-0.9053373615307149,-1.1297974711871992,1.8748461452388945,-0.32080116370146583,0.75,-1.9375,-1.6875,-1.0625,-1.393939393939394,-0.4117647058823529,-0.7647058823529411,-1.2941176470588236,0.17647058823529413,-0.8823529411764706
3,1,0,0,6.621152737752161,0.1875,0.9955769503453161,2,1,0,6,5,4,3,2,1,0,1,1,0,0,0,1,1,1,1,1,0,0,0,1,1,0,0,0,0,0,0,0,1,0,0,0,0,0,0,0,6.136531791907515,1.8870967741935483,0.8112262521588949,0.7647326248792407,2.7522873217025627,1.2354946865943057,1.217354817052702,-0.888609152959606,-1.1297974711871992,1.8748461452388945,-0.5,0.75,-1.9375,-1.6875,-1.0303030303030303,-1.3529411764705883,-0.4117647058823529,-0.7647058823529411,-1.2941176470588236,0.17647058823529413
4,1,0,0,6.328414985590778,0.25,1.6770303489718472,3,2,1,0,6,5,4,3,2,1,1,1,1,0,0,0,1,1,1,1,0,0,0,0,1,1,0,0,0,0,0,0,0,1,0,0,0,0,0,0,6.624335260115607,6.115322580645161,1.8860103626943008,0.7993976245951014,0.7647326248792407,2.7522873217025627,1.1996195591361756,1.234083025623811,-0.888609152959606,-1.1297974711871992,0.1875,-0.5,0.75,-1.9375,-1.6363636363636365,-1.0,-1.3529411764705883,-0.4117647058823529,-0.7647058823529411,-1.2941176470588236
5,0,1,0,4.37850144092219,0.75,1.66495016655948,4,3,2,1,0,6,5,4,3,2,1,1,1,1,0,0,0,1,1,1,0,0,0,0,0,1,1,0,0,0,0,0,0,0,1,0,0,0,0,0,6.3307514450867055,6.601440092165897,6.111801957397813,1.8603170995055973,0.7993976245951014,0.7647326248792407,2.6929058968333894,1.2163477677072845,1.234083025623811,-0.888609152959606,0.25,0.1875,-0.5,0.75,-1.878787878787879,-1.588235294117647,-1.0,-1.3529411764705883,-0.4117647058823529,-0.7647058823529411
6,0,1,0,4.660461095100865,-0.125,2.2628150332950954,5,4,3,2,1,0,6,5,4,3,0,1,1,1,1,0,0,0,1,1,1,0,0,0,0,0,1,1,0,0,0,0,0,0,0,1,0,0,0,0,4.375202312138728,6.308870967741935,6.597639608520438,6.031596294822981,1.8603170995055973,0.7993976245951014,0.7361530715005034,2.7096341054044983,1.2163477677072845,1.234083025623811,0.75,0.25,0.1875,-0.5,0.7272727272727273,-1.8235294117647058,-1.588235294117647,-1.0,-1.3529411764705883,-0.4117647058823529
0,0,0,1,6.19314121037464,-0.3125,2.7408019316464354,6,5,4,3,2,1,0,6,5,4,0,0,1,1,1,1,0,0,0,1,1,1,0,0,0,0,0,1,1,0,0,0,0,0,0,0,1,0,0,0,4.657976878612717,4.36008064516129,6.305238917674151,6.511166676137977,6.031596294822981,1.8603170995055973,0.7702808548729999,0.7528812800716124,2.7096341054044983,1.2163477677072845,-0.125,0.75,0.25,0.1875,-0.48484848484848486,0.7058823529411765,-1.8235294117647058,-1.588235294117647,-1.0,-1.3529411764705883
1,1,0,0,3.89463976945245,1.0,1.7925536454584736,0,6,5,4,3,2,1,0,6,5,0,0,0,1,1,1,1,0,0,0,0,1,1,0,0,0,0,0,1,1,1,0,0,0,0,0,0,1,0,0,6.195086705202312,4.641877880184332,4.357570523891767,6.2225379326021475,6.511166676137977,6.031596294822981,1.814758867628958,0.7870090634441088,0.7528812800716124,2.7096341054044983,-0.3125,-0.125,0.75,0.25,0.18181818181818182,-0.47058823529411764,0.7058823529411765,-1.8235294117647058,-1.588235294117647,-1.0
2,1,0,0,3.095965417867435,0.8125,0.9867202667639747,1,0,6,5,4,3,2,1,0,6,1,0,0,0,1,1,1,1,0,0,0,0,1,1,0,0,0,0,0,1,0,1,0,0,0,0,0,0,1,0,3.889942196531792,6.173675115207373,4.6392055267702945,4.2999943172131605,6.2225379326021475,6.511166676137977,5.921394203871546,1.831487076200067,0.7870090634441088,0.7528812800716124,1.0,-0.3125,-0.125,0.75,0.24242424242424243,0.17647058823529413,-0.47058823529411764,0.7058823529411765,-1.8235294117647058,-1.588235294117647
3,1,0,0,0.7367723342939481,0.75,0.03760558231304312,2,1,0,6,5,4,3,2,1,0,1,1,0,0,0,1,1,1,1,0,0,0,0,1,1,0,0,0,0,0,0,0,1,0,0,0,0,0,0,1,3.0889595375722543,3.8764976958525343,6.170120898100173,4.577996249360686,4.2999943172131605,6.2225379326021475,6.393532505314982,5.938122412442654,1.831487076200067,0.7870090634441088,0.8125,1.0,-0.3125,-0.125,0.7272727272727273,0.23529411764705882,0.17647058823529413,-0.47058823529411764,0.7058823529411765,-1.8235294117647058
4,1,0,0,0.252449567723343,1.0,-0.27356378149492927,3,2,1,0,6,5,4,3,2,1,1,1,1,0,0,0,1,1,1,1,0,0,0,0,1,1,0,0,0,0,0,0,0,1,0,0,0,0,0,0,0.7229479768786127,3.0782834101382486,3.8742659758203803,6.0891629254986634,4.577996249360686,4.2999943172131605,6.109376748349558,6.410260713886091,5.938122412442654,1.831487076200067,0.75,0.8125,1.0,-0.3125,-0.12121212121212122,0.7058823529411765,0.23529411764705882,0.17647058823529413,-0.47058823529411764,0.7058823529411765
5,0,1,0,1.14657060518732,0.4375,0.21438711689135564,4,3,2,1,0,6,5,4,3,2,1,1,1,1,0,0,0,1,1,1,0,0,0,0,0,1,1,0,0,0,0,0,0,0,1,0,0,0,0,0,0.2372254335260117,0.7204493087557602,3.0765112262521592,3.822924362107177,6.0891629254986634,4.577996249360686,4.216627503636567,6.126104956920667,6.410260713886091,5.938122412442654,1.0,0.75,0.8125,1.0,-0.30303030303030304,-0.11764705882352941,0.7058823529411765,0.23529411764705882,0.17647058823529413,-0.47058823529411764
6,0,1,0,-0.4096253602305475,-0.75,-0.6475689439315833,5,4,3,2,1,0,6,5,4,3,0,1,1,1,1,0,0,0,1,1,1,0,0,0,0,0,1,1,0,0,0,0,0,0,0,1,0,0,0,0,1.1339306358381505,0.23640552995391714,0.7200345423143351,3.0354605898732734,3.822924362107177,6.0891629254986634,4.490321136846816,4.2333557122076755,6.126104956920667,6.410260713886091,0.4375,1.0,0.75,0.8125,0.9696969696969697,-0.29411764705882354,-0.11764705882352941,0.7058823529411765,0.23529411764705882,0.17647058823529413
0,1,0,0,-0.059596541786743534,0.6875,-0.5075060968766654,6,5,4,3,2,1,0,6,5,4,0,0,1,1,1,1,0,0,0,1,1,1,0,0,0,0,0,1,1,0,0,0,0,0,0,0,1,0,0,0,-0.4267630057803467,1.1300115207373271,0.2362694300518136,0.7093822810706368,3.0354605898732734,3.822924362107177,5.978068703144231,4.507049345417926,4.2333557122076755,6.126104956920667,-0.75,0.4375,1.0,0.75,0.7878787878787878,0.9411764705882353,-0.29411764705882354,-0.11764705882352941,0.7058823529411765,0.23529411764705882
1,1,0,0,-0.26547550432276656,0.6875,-0.6065098648774879,0,6,5,4,3,2,1,0,6,5,1,0,0,1,1,1,1,0,0,0,0,1,1,0,0,0,0,0,1,1,0,0,0,0,0,0,0,1,0,0,-0.07572254335260112,-0.4252880184331796,1.1293609671848015,0.23185770301755984,0.7093822810706368,3.0354605898732734,3.746950878370818,5.994796911715341,4.507049345417926,4.2333557122076755,0.6875,-0.75,0.4375,1.0,0.7272727272727273,0.7647058823529411,0.9411764705882353,-0.29411764705882354,-0.11764705882352941,0.7058823529411765
2,1,0,0,1.686512968299712,-0.375,0.5596178439401179,1,0,6,5,4,3,2,1,0,6,1,1,0,0,1,1,1,1,0,0,0,0,1,1,0,0,0,0,0,1,0,0,0,0,0,0,0,0,1,0,-0.28219653179190746,-0.07546082949308751,-0.4250431778929188,1.1134284252997668,0.23185770301755984,0.7093822810706368,2.9716907239565846,3.7636790869419268,5.994796911715341,4.507049345417926,0.6875,0.6875,-0.75,0.4375,0.9696969696969697,0.7058823529411765,0.7647058823529411,0.9411764705882353,-0.29411764705882354,-0.11764705882352941
3,1,0,0,0.2526224783861672,0.625,-0.28004286798153566,2,1,0,6,5,4,3,2,1,0,1,1,1,0,0,1,1,1,1,0,0,0,0,1,1,0,0,0,0,0,0,0,0,0,0,0,0,0,0,1,1.675433526011561,-0.28122119815668195,-0.07541738629821529,-0.4209240211399669,1.1134284252997668,0.23185770301755984,0.6816605124762223,2.9884189325276935,3.7636790869419268,5.994796911715341,-0.375,0.6875,0.6875,-0.75,0.42424242424242425,0.9411764705882353,0.7058823529411765,0.7647058823529411,0.9411764705882353,-0.29411764705882354
4,1,0,0,-0.8585014409221902,0.5625,-0.8465478808943475,3,2,1,0,6,5,4,3,2,1,1,1,1,1,0,0,1,1,1,1,0,0,0,0,1,1,0,0,0,0,0,0,0,0,0,0,0,0,0,0,0.23739884393063596,1.669642857142857,-0.2810592976396085,-0.0758083764278002,-0.4209240211399669,1.1134284252997668,0.2115363097236209,0.6983887210473312,2.9884189325276935,3.7636790869419268,0.625,-0.375,0.6875,0.6875,-0.7272727272727273,0.4117647058823529,0.9411764705882353,0.7058823529411765,0.7647058823529411,0.9411764705882353
5,0,1,0,-0.7314697406340057,0.75,-0.7843590668905828,4,3,2,1,0,6,5,4,3,2,1,1,1,1,1,0,0,1,1,1,0,0,0,0,0,1,1,0,0,0,0,0,0,0,0,0,0,0,0,0,-0.876936416184971,0.23657834101382497,1.6686816350028788,-0.2787975223049383,-0.0758083764278002,-0.4209240211399669,1.079445003916303,0.22826451829472982,0.6983887210473312,2.9884189325276935,0.5625,0.625,-0.375,0.6875,0.6666666666666666,-0.7058823529411765,0.4117647058823529,0.9411764705882353,0.7058823529411765,0.7647058823529411
6,0,1,0,0.21025936599423625,-0.8125,-0.7255417635211554,5,4,3,2,1,0,6,5,4,3,0,1,1,1,1,1,0,0,1,1,1,0,0,0,0,0,1,1,0,0,0,0,0,0,0,0,0,0,0,0,-0.7495375722543351,-0.8739055299539168,0.23644214162348892,1.645791896345968,-0.2787975223049383,-0.0758083764278002,-0.4311290142105852,1.096173212487412,0.22826451829472982,0.6983887210473312,0.75,0.5625,0.625,-0.375,0.6666666666666666,0.6470588235294118,-0.7058823529411765,0.4117647058823529,0.9411764705882353,0.7058823529411765
0,1,0,0,-1.1527377521613833,-3.0,-1.019690609969914,6,5,4,3,2,1,0,6,5,4,0,0,1,1,1,1,1,0,0,1,1,1,0,0,0,0,0,1,1,0,0,0,0,0,0,0,0,0,0,0,0.19491329479768785,-0.7469470046082948,-0.8734024179620034,0.23202818662271982,1.645791896345968,-0.2787975223049383,-0.09136175450374853,-0.4144008056394763,1.096173212487412,0.22826451829472982,-0.8125,0.75,0.5625,0.625,-0.36363636363636365,0.6470588235294118,0.6470588235294118,-0.7058823529411765,0.4117647058823529,0.9411764705882353
1,1,0,0,0.12115273775216144,-1.875,-0.7272675038657793,0,6,5,4,3,2,1,0,6,5,1,0,0,1,1,1,1,1,0,0,0,1,1,0,0,0,0,0,1,1,0,0,0,0,0,0,0,0,0,0,-1.1720231213872832,0.1942396313364055,-0.7465169833045481,-0.8634994601352501,0.23202818662271982,1.645791896345968,-0.2912051023833502,-0.0746335459326396,-0.4144008056394763,1.096173212487412,-3.0,-0.8125,0.75,0.5625,0.6060606060606061,-0.35294117647058826,0.6470588235294118,0.6470588235294118,-0.7058823529411765,0.4117647058823529
2,1,0,0,-0.4522766570605187,0.3125,-0.6231626207867037,1,0,6,5,4,3,2,1,0,6,1,1,0,0,1,1,1,1,1,0,0,0,1,1,0,0,0,0,0,1,0,0,0,0,0,0,0,0,0,0,0.10554913294797699,-1.1679723502304145,0.19412780656303974,-0.7382508382110585,-0.8634994601352501,0.23202818662271982,1.6035582410204765,-0.2744768938122412,-0.0746335459326396,-0.4144008056394763,-1.875,-3.0,-0.8125,0.75,0.5454545454545454,0.5882352941176471,-0.35294117647058826,0.6470588235294118,0.6470588235294118,-0.7058823529411765
3,1,0,0,-0.44224783861671474,1.4375,-0.5836372531428567,2,1,0,6,5,4,3,2,1,0,1,1,1,0,0,1,1,1,1,1,0,0,0,1,1,0,0,0,0,0,0,0,0,0,0,0,0,0,0,0,-0.4695375722543352,0.10518433179723512,-1.167299942429476,0.19025970335852693,-0.7382508382110585,-0.8634994601352501,0.21170415128119058,1.6202864495915856,-0.2744768938122412,-0.0746335459326396,0.3125,-1.875,-3.0,-0.8125,0.7272727272727273,0.5294117647058824,0.5882352941176471,-0.35294117647058826,0.6470588235294118,0.6470588235294118
4,1,0,0,-0.145014409221902,0.4375,-0.3668681710445232,3,2,1,0,6,5,4,3,2,1,1,1,1,1,0,0,1,1,1,1,0,0,0,0,1,1,0,0,0,0,0,0,0,0,0,0,0,0,0,0,-0.4594797687861271,-0.4679147465437787,0.10512377662636742,-1.1536057282491332,0.19025970335852693,-0.7382508382110585,-0.8668456976614076,0.22843235985229948,1.6202864495915856,-0.2744768938122412,1.4375,0.3125,-1.875,-3.0,-0.7878787878787878,0.7058823529411765,0.5294117647058824,0.5882352941176471,-0.35294117647058826,0.6470588235294118
5,0,1,0,0.06270893371757923,0.5625,-0.212174836044587,4,3,2,1,0,6,5,4,3,2,1,1,1,1,1,0,0,1,1,1,0,0,0,0,0,1,1,0,0,0,0,0,0,0,0,0,0,0,0,0,-0.16138728323699414,-0.45789170506912436,-0.4676453655728267,0.10240381883275562,-1.1536057282491332,0.19025970335852693,-0.7435381000335683,-0.8501174890902986,0.22843235985229948,1.6202864495915856,0.4375,1.4375,0.3125,-1.875,-2.909090909090909,-0.7647058823529411,0.7058823529411765,0.5294117647058824,0.5882352941176471,-0.35294117647058826
6,0,1,0,0.9569452449567721,-0.1875,0.46640535275194434,5,4,3,2,1,0,6,5,4,3,0,1,1,1,1,1,0,0,1,1,1,0,0,0,0,0,1,1,0,0,0,0,0,0,0,0,0,0,0,0,0.04693641618497112,-0.1608294930875575,-0.45762809441565916,-0.462976643746093,0.10240381883275562,-1.1536057282491332,0.17058296967662515,-0.7268098914624593,-0.8501174890902986,0.22843235985229948,0.5625,0.4375,1.4375,0.3125,-1.8181818181818181,-2.823529411764706,-0.7647058823529411,0.7058823529411765,0.5294117647058824,0.5882352941176471
0,1,0,0,0.6152161383285303,0.625,0.055596324603157006,6,5,4,3,2,1,0,6,5,4,0,0,1,1,1,1,1,0,0,1,1,1,0,0,0,0,0,1,1,0,0,0,0,0,0,0,0,0,0,0,0.9437572254335259,0.04677419354838712,-0.16073690270581456,-0.4530885946468147,-0.462976643746093,0.10240381883275562,-1.1524560814591025,0.18731117824773408,-0.7268098914624593,-0.8501174890902986,-0.1875,0.5625,0.4375,1.4375,0.30303030303030304,-1.7647058823529411,-2.823529411764706,-0.7647058823529411,0.7058823529411765,0.5294117647058824
1,1,0,0,-0.7954466858789625,-0.0625,-0.8252419094161043,0,6,5,4,3,2,1,0,6,5,1,0,0,1,1,1,1,1,0,0,0,1,1,0,0,0,0,0,1,1,0,0,0,0,0,0,0,0,0,0,0.6010404624277458,0.9404953917050689,0.04674726540011517,-0.16002727737682554,-0.4530885946468147,-0.462976643746093,0.08408862034239678,-1.1357278728879936,0.18731117824773408,-0.7268098914624593,0.625,-0.1875,0.5625,0.4375,1.393939393939394,0.29411764705882354,-1.7647058823529411,-2.823529411764706,-0.7647058823529411,0.7058823529411765
2,1,0,0,-0.4688184438040346,0.0,-0.5592389942051951,1,0,6,5,4,3,2,1,0,6,1,1,0,0,1,1,1,1,1,0,0,0,1,1,0,0,0,0,0,1,0,0,0,0,0,0,0,0,0,0,-0.8136994219653179,0.598963133640553,0.9399539435808866,0.04478036028868554,-0.16002727737682554,-0.4530885946468147,-0.47252993174443325,0.1008168289135057,-1.1357278728879936,0.18731117824773408,-0.0625,0.625,-0.1875,0.5625,0.42424242424242425,1.3529411764705883,0.29411764705882354,-1.7647058823529411,-2.823529411764706,-0.7647058823529411
3,1,0,0,-0.9044956772334294,0.25,-0.8536848722864783,2,1,0,6,5,4,3,2,1,0,1,1,1,0,0,1,1,1,1,1,0,0,0,1,1,0,0,0,0,0,0,0,0,0,0,0,0,0,0,0,-0.48612716763005775,-0.8108870967741933,0.5986183074265977,0.9264647383076657,0.04478036028868554,-0.16002727737682554,-0.46279512140539336,-0.45580172317332435,0.1008168289135057,-1.1357278728879936,0.0,-0.0625,0.625,-0.1875,0.5454545454545454,0.4117647058823529,1.3529411764705883,0.29411764705882354,-1.7647058823529411,-2.823529411764706
4,1,0,0,-0.6919884726224784,0.25,-0.7177344349040393,3,2,1,0,6,5,4,3,2,1,1,1,1,1,0,0,1,1,1,1,0,0,0,0,1,1,0,0,0,0,0,0,0,0,0,0,0,0,0,0,-0.9230635838150288,-0.4844470046082948,-0.8104202648244099,0.5895323066431778,0.9264647383076657,0.04478036028868554,-0.17427548394315767,-0.44606691283428446,-0.45580172317332435,0.1008168289135057,0.25,0.0,-0.0625,0.625,-0.18181818181818182,0.5294117647058824,0.4117647058823529,1.3529411764705883,0.29411764705882354,-1.7647058823529411
5,0,1,0,0.35175792507204595,0.5,-0.1200237961314654,4,3,2,1,0,6,5,4,3,2,1,1,1,1,1,0,0,1,1,1,0,0,0,0,0,1,1,0,0,0,0,0,0,0,0,0,0,0,0,0,-0.7099421965317919,-0.9198732718894008,-0.48416810592976395,-0.8013297721202476,0.5895323066431778,0.9264647383076657,0.027358173883853563,-0.15754727537204877,-0.44606691283428446,-0.45580172317332435,0.25,0.25,0.0,-0.0625,0.6060606060606061,-0.17647058823529413,0.5294117647058824,0.4117647058823529,1.3529411764705883,0.29411764705882354
6,0,0,1,0.5510662824207494,0.0,0.2991822557872447,5,4,3,2,1,0,6,5,4,3,0,1,1,1,1,1,0,0,1,1,1,0,0,0,0,0,1,1,0,0,0,0,0,0,0,0,0,0,0,0,0.3368208092485548,-0.7074884792626727,-0.9193436960276339,-0.4792862419730635,-0.8013297721202476,0.5895323066431778,0.8953787624482487,0.044086382454962485,-0.15754727537204877,-0.44606691283428446,0.5,0.25,0.25,0.0,-0.06060606060606061,0.5882352941176471,-0.17647058823529413,0.5294117647058824,0.4117647058823529,1.3529411764705883
0,1,0,0,0.5832853025936598,0.5625,0.3450931315131074,6,5,4,3,2,1,0,6,5,4,0,0,1,1,1,1,1,0,0,1,0,1,0,0,0,0,0,1,1,0,1,0,0,0,0,0,0,0,0,0,0.5367052023121388,0.33565668202764964,-0.7070811744386875,-0.9088480991078024,-0.4792862419730635,-0.8013297721202476,0.5636678975047554,0.9121069710193576,0.044086382454962485,-0.15754727537204877,0.0,0.5,0.25,0.25,0.0,-0.058823529411764705,0.5882352941176471,-0.17647058823529413,0.5294117647058824,0.4117647058823529
1,1,0,0,0.6473775216138328,0.3125,0.5693703265399108,0,6,5,4,3,2,1,0,6,5,1,0,0,1,1,1,1,1,0,0,0,0,1,0,0,0,0,0,1,1,0,1,0,0,0,0,0,0,0,0,0.5690173410404624,0.5348502304147466,0.33546344271732864,-0.6993237483661987,-0.9088480991078024,-0.4792862419730635,-0.8056394763343403,0.5803961060758644,0.9121069710193576,0.044086382454962485,0.5625,0.0,0.5,0.25,0.24242424242424243,0.0,-0.058823529411764705,0.5882352941176471,-0.17647058823529413,0.5294117647058824
2,1,0,0,0.6855907780979826,1.25,0.5960030428941903,1,0,6,5,4,3,2,1,0,6,1,1,0,0,1,1,1,1,1,0,0,0,0,1,0,0,0,0,0,1,0,0,1,0,0,0,0,0,0,0,0.6332947976878612,0.5670506912442396,0.5345423143350606,0.3297721202477693,-0.6993237483661987,-0.9088480991078024,-0.4885867740852636,-0.7889112677632314,0.5803961060758644,0.9121069710193576,0.3125,0.5625,0.0,0.5,0.24242424242424243,0.23529411764705882,0.0,-0.058823529411764705,0.5882352941176471,-0.17647058823529413
3,1,0,0,-0.004899135446685846,0.0,0.1284204838927541,2,1,0,6,5,4,3,2,1,0,1,1,1,0,0,1,1,1,1,1,0,0,0,0,1,0,0,0,0,0,0,0,0,1,0,0,0,0,0,0,0.6716184971098266,0.6311059907834101,0.5667242371905584,0.5262828891288288,0.3297721202477693,-0.6993237483661987,-0.9114915519749357,-0.4718585655141546,-0.7889112677632314,0.5803961060758644,1.25,0.3125,0.5625,0.0,0.48484848484848486,0.23529411764705882,0.23529411764705882,0.0,-0.058823529411764705,0.5882352941176471
4,1,0,0,0.03452449567723348,-0.125,0.1544142798293345,3,2,1,0,6,5,4,3,2,1,1,1,1,1,0,0,1,1,1,1,0,0,0,0,0,1,0,0,0,0,0,0,0,0,1,0,0,0,0,0,-0.0208670520231213,0.6692972350230414,0.6307426597582039,0.5580496675569698,0.5262828891288288,0.3297721202477693,-0.7052142777218307,-0.8947633434038268,-0.4718585655141546,-0.7889112677632314,0.0,1.25,0.3125,0.5625,0.0,0.47058823529411764,0.23529411764705882,0.23529411764705882,0.0,-0.058823529411764705
5,0,1,0,1.5525072046109512,1.375,1.3756215319708855,4,3,2,1,0,6,5,4,3,2,1,1,1,1,1,0,0,1,1,1,0,0,0,0,0,0,1,0,0,0,0,0,0,0,0,1,0,0,0,0,0.018670520231213978,-0.020794930875575948,0.6689119170984457,0.6212422572029321,0.5580496675569698,0.5262828891288288,0.30793331095445875,-0.6884860691507217,-0.8947633434038268,-0.4718585655141546,-0.125,0.0,1.25,0.3125,0.5454545454545454,0.0,0.47058823529411764,0.23529411764705882,0.23529411764705882,0.0
6,0,1,0,-0.5540057636887609,-0.25,-0.5026321236350489,5,4,3,2,1,0,6,5,4,3,0,1,1,1,1,1,0,0,1,1,1,0,0,0,0,0,0,1,0,0,0,0,0,0,0,0,1,0,0,0,1.5410404624277458,0.018605990783410242,-0.020782959124927954,0.6589191339432856,0.6212422572029321,0.5580496675569698,0.5013986796464138,0.3246615195255677,-0.6884860691507217,-0.8947633434038268,1.375,-0.125,0.0,1.25,0.30303030303030304,0.5294117647058824,0.0,0.47058823529411764,0.23529411764705882,0.23529411764705882
0,1,0,0,-0.290028818443804,1.0625,-0.18343820162802904,6,5,4,3,2,1,0,6,5,4,0,0,1,1,1,1,1,0,0,1,1,1,0,0,0,0,0,0,1,0,0,0,0,0,0,0,0,1,0,0,-0.5715606936416184,1.5357142857142856,0.01859527921704098,-0.02187872932886284,0.6589191339432856,0.6212422572029321,0.5326731565402258,0.5181268882175227,0.3246615195255677,-0.6884860691507217,-0.25,1.375,-0.125,0.0,1.2121212121212122,0.29411764705882354,0.5294117647058824,0.0,0.47058823529411764,0.23529411764705882
1,1,0,0,0.47262247838616717,0.5,0.43701568555505604,0,6,5,4,3,2,1,0,6,5,1,0,0,1,1,1,1,1,0,0,0,1,1,0,0,0,0,0,0,1,0,0,0,0,0,0,0,0,1,0,-0.3068208092485548,-0.5695852534562211,1.5348301669545195,0.016991532647610438,-0.02187872932886284,0.6589191339432856,0.5948864272127111,0.5494013651113349,0.5181268882175227,0.3246615195255677,1.0625,-0.25,1.375,-0.125,0.0,1.1764705882352942,0.29411764705882354,0.5294117647058824,0.0,0.47058823529411764
2,1,0,0,0.8069164265129684,1.0,0.7850364602968838,1,0,6,5,4,3,2,1,0,6,1,1,0,0,1,1,1,1,1,0,0,0,1,1,0,0,0,0,0,0,0,0,0,0,0,0,0,0,0,1,0.4580346820809249,-0.30576036866359435,-0.5692573402417962,1.5136671023469908,0.016991532647610438,-0.02187872932886284,0.6319794114356047,0.61161463578382,0.5494013651113349,0.5181268882175227,0.5,1.0625,-0.25,1.375,-0.12121212121212122,0.0,1.1764705882352942,0.29411764705882354,0.5294117647058824,0.0
3,1,0,0,0.7953890489913544,0.3125,0.596550232954786,2,1,0,6,5,4,3,2,1,0,1,1,1,0,0,1,1,1,1,1,0,0,0,1,1,0,0,0,0,0,0,0,0,0,0,0,0,0,0,0,0.7932947976878614,0.4564516129032258,-0.30558434081750135,-0.5632778314485423,1.5136671023469908,0.016991532647610438,-0.03826787512588119,0.6487076200067136,0.61161463578382,0.5494013651113349,1.0,0.5,1.0625,-0.25,1.3333333333333333,-0.11764705882352941,0.0,1.1764705882352942,0.29411764705882354,0.5294117647058824
4,1,0,0,-0.29394812680115273,0.3125,-0.2602640557451764,3,2,1,0,6,5,4,3,2,1,1,1,1,1,0,0,1,1,1,1,0,0,0,0,1,1,0,0,0,0,0,0,0,0,0,0,0,0,0,0,0.7817341040462428,0.790552995391705,0.4561888313183651,-0.30300619423765407,-0.5632778314485423,1.5136671023469908,0.0,-0.021539666554772262,0.6487076200067136,0.61161463578382,0.3125,1.0,0.5,1.0625,-0.24242424242424243,1.2941176470588236,-0.11764705882352941,0.0,1.1764705882352942,0.29411764705882354
5,0,1,0,-0.2132564841498559,0.125,-0.3056892309904795,4,3,2,1,0,6,5,4,3,2,1,1,1,1,1,0,0,1,1,1,0,0,0,0,0,1,1,0,0,0,0,0,0,0,0,0,0,0,0,0,-0.31075144508670516,0.779032258064516,0.7900978698906161,0.44894016025458877,-0.30300619423765407,-0.5632778314485423,1.4734810339039945,0.016728208571108922,-0.021539666554772262,0.6487076200067136,0.3125,0.3125,1.0,0.5,1.0303030303030303,-0.23529411764705882,1.2941176470588236,-0.11764705882352941,0.0,1.1764705882352942
6,0,1,0,-0.2017291066282421,0.4375,-0.1331385491281584,5,4,3,2,1,0,6,5,4,3,0,1,1,1,1,1,0,0,1,1,1,0,0,0,0,0,1,1,0,0,0,0,0,0,0,0,0,0,0,0,-0.22982658959537566,-0.3096774193548386,0.7785837651122626,0.7785417968971983,0.44894016025458877,-0.30300619423765407,-0.5712767147812465,1.4902092424751034,0.016728208571108922,-0.021539666554772262,0.125,0.3125,0.3125,1.0,0.48484848484848486,1.0,-0.23529411764705882,1.2941176470588236,-0.11764705882352941,0.0
0,1,0,0,-0.4265129682997118,1.25,-0.489642701858867,6,5,4,3,2,1,0,6,5,4,0,0,1,1,1,1,1,0,0,1,1,1,0,0,0,0,0,1,1,0,0,0,0,0,0,0,0,0,0,0,-0.21826589595375717,-0.22903225806451605,-0.3094991364421416,0.7671762232198669,0.7785417968971983,0.44894016025458877,-0.31503860355824104,-0.5545485062101376,1.4902092424751034,0.016728208571108922,0.4375,0.125,0.3125,0.3125,0.9696969696969697,0.47058823529411764,1.0,-0.23529411764705882,1.2941176470588236,-0.11764705882352941
1,1,0,0,-0.5590778097982709,-0.25,-0.6058768246108852,0,6,5,4,3,2,1,0,6,5,1,0,0,1,1,1,1,1,0,0,0,1,1,0,0,0,0,0,1,1,0,0,0,0,0,0,0,0,0,0,-0.44369942196531786,-0.2175115207373271,-0.2289004029936672,-0.30687048928794675,0.7671762232198669,0.7785417968971983,0.42525455969564724,-0.2983103949871321,-0.5545485062101376,1.4902092424751034,1.25,0.4375,0.125,0.3125,0.30303030303030304,0.9411764705882353,0.47058823529411764,1.0,-0.23529411764705882,1.2941176470588236
2,0,0,1,0.5706051873198847,-1.0,0.39839905326207264,1,0,6,5,4,3,2,1,0,6,1,1,0,0,1,1,1,1,1,0,0,0,1,1,0,0,0,0,0,1,0,0,0,0,0,0,0,0,0,0,-0.5766473988439306,-0.44216589861751143,-0.21738629821531372,-0.22731147354662723,-0.30687048928794675,0.7671762232198669,0.7497482376636454,0.44198276826675614,-0.2983103949871321,-0.5545485062101376,-0.25,1.25,0.4375,0.125,0.30303030303030304,0.29411764705882354,0.9411764705882353,0.47058823529411764,1.0,-0.23529411764705882
3,1,0,0,-0.005763688760806916,-1.125,-0.1030091589233477,2,1,0,6,5,4,3,2,1,0,0,1,1,0,0,1,1,1,1,1,0,0,0,1,1,0,0,0,0,0,1,0,0,0,0,0,0,0,0,0,0.5563005780346821,-0.5746543778801843,-0.44191134139320665,-0.21594589986929588,-0.22731147354662723,-0.30687048928794675,0.7385588004923351,0.7664764462347543,0.44198276826675614,-0.2983103949871321,-1.0,-0.25,1.25,0.4375,0.12121212121212122,0.29411764705882354,0.29411764705882354,0.9411764705882353,0.47058823529411764,1.0
4,1,0,0,1.095100864553314,0.0625,1.1172293803261568,3,2,1,0,6,5,4,3,2,1,1,0,1,1,0,0,1,1,1,1,0,0,0,0,1,1,0,0,0,0,0,1,0,0,0,0,0,0,0,0,-0.021734104046242722,0.5543778801843318,-0.5743235463442717,-0.4375745865772574,-0.21594589986929588,-0.22731147354662723,-0.31884301219648653,0.755287009063444,0.7664764462347543,0.44198276826675614,-1.125,-1.0,-0.25,1.25,0.42424242424242425,0.11764705882352941,0.29411764705882354,0.29411764705882354,0.9411764705882353,0.47058823529411764
5,0,1,0,1.0489913544668588,-0.75,0.4903110230320478,4,3,2,1,0,6,5,4,3,2,1,1,0,1,1,0,0,1,1,1,0,0,0,0,0,1,1,0,0,0,0,0,1,0,0,0,0,0,0,0,1.0823121387283237,-0.021658986175115153,0.5540587219343697,-0.5682786838665681,-0.4375745865772574,-0.21594589986929588,-0.24051695199731457,-0.3021148036253776,0.755287009063444,0.7664764462347543,0.0625,-1.125,-1.0,-0.25,1.2121212121212122,0.4117647058823529,0.11764705882352941,0.29411764705882354,0.29411764705882354,0.9411764705882353
6,0,1,0,0.5763688760806917,-0.9375,0.6111098230780138,5,4,3,2,1,0,6,5,4,3,0,1,1,0,1,1,0,0,1,1,1,0,0,0,0,0,1,1,0,0,0,0,0,1,0,0,0,0,0,0,1.0360693641618497,1.0785714285714285,-0.021646516983304498,0.5455475365119054,-0.5682786838665681,-0.4375745865772574,-0.2293275148260043,-0.22378874342620564,-0.3021148036253776,0.755287009063444,-0.75,0.0625,-1.125,-1.0,-0.24242424242424243,1.1764705882352942,0.4117647058823529,0.11764705882352941,0.29411764705882354,0.29411764705882354
0,1,0,0,2.086455331412104,-0.4375,1.2889612091472302,6,5,4,3,2,1,0,6,5,4,0,0,1,1,0,1,1,0,0,1,1,1,0,0,0,0,0,1,1,0,0,0,0,0,1,0,0,0,0,0,0.5620809248554914,1.0324884792626727,1.0779504893494531,-0.022731147354662723,0.5455475365119054,-0.5682786838665681,-0.4475215396665548,-0.21259930625489537,-0.22378874342620564,-0.3021148036253776,-0.9375,-0.75,0.0625,-1.125,-0.9696969696969697,-0.23529411764705882,1.1764705882352942,0.4117647058823529,0.11764705882352941,0.29411764705882354
1,1,0,0,0.7780979827089337,0.6875,0.025602849890830795,0,6,5,4,3,2,1,0,6,5,1,0,0,1,1,0,1,1,0,0,0,1,1,0,0,0,0,0,1,1,0,0,0,0,0,1,0,0,0,0,2.0765317919075144,0.5601382488479263,1.0318940702360393,1.0626811388304822,-0.022731147354662723,0.5455475365119054,-0.5762000671366231,-0.4307933310954459,-0.21259930625489537,-0.22378874342620564,-0.4375,-0.9375,-0.75,0.0625,-1.0909090909090908,-0.9411764705882353,-0.23529411764705882,1.1764705882352942,0.4117647058823529,0.11764705882352941
2,0,0,1,0.040345821325648415,-0.875,-0.5082041548139621,1,0,6,5,4,3,2,1,0,6,1,1,0,0,1,1,0,1,1,0,0,0,1,1,0,0,0,0,0,1,0,0,0,0,0,0,1,0,0,0,0.7643930635838151,2.0693548387096774,0.5598157743235465,1.017218844121157,1.0626811388304822,-0.022731147354662723,0.5203647756517846,-0.5594718585655142,-0.4307933310954459,-0.21259930625489537,0.6875,-0.4375,-0.9375,-0.75,0.06060606060606061,-1.0588235294117647,-0.9411764705882353,-0.23529411764705882,1.1764705882352942,0.4117647058823529
3,1,0,0,2.1729106628242074,-1.125,1.6793741771988573,2,1,0,6,5,4,3,2,1,0,0,1,1,0,0,1,1,0,1,1,0,0,0,1,1,0,0,0,0,0,1,0,0,0,0,0,0,1,0,0,0.024508670520231268,0.7617511520737327,2.0681635002878527,0.551230323350571,1.017218844121157,1.0626811388304822,-0.03910708291372949,0.5370929842228935,-0.5594718585655142,-0.4307933310954459,-0.875,0.6875,-0.4375,-0.9375,-0.7272727272727273,0.058823529411764705,-1.0588235294117647,-0.9411764705882353,-0.23529411764705882,1.1764705882352942
4,1,0,0,0.23631123919308358,-0.375,0.06624931034227856,3,2,1,0,6,5,4,3,2,1,1,0,1,1,0,0,1,1,0,1,0,0,0,0,1,1,0,0,0,0,0,1,0,0,0,0,0,0,1,0,2.163236994219653,0.024423963133640602,0.7613126079447324,2.0401204750809794,0.551230323350571,1.017218844121157,1.0294841669464025,-0.022378874342620564,0.5370929842228935,-0.5594718585655142,-1.125,-0.875,0.6875,-0.4375,-0.9090909090909091,-0.7058823529411765,0.058823529411764705,-1.0588235294117647,-0.9411764705882353,-0.23529411764705882
5,0,1,0,0.29971181556195964,-0.25,0.11982622305462762,4,3,2,1,0,6,5,4,3,2,1,1,0,1,1,0,0,1,1,0,0,0,0,0,0,1,1,0,0,0,0,0,1,0,0,0,0,0,0,1,0.22104046242774572,2.155760368663594,0.024409902130109438,0.7501278627038699,2.0401204750809794,0.551230323350571,0.9847264182611614,1.0462123755175115,-0.022378874342620564,0.5370929842228935,-0.375,-1.125,-0.875,0.6875,-0.42424242424242425,-0.8823529411764706,-0.7058823529411765,0.058823529411764705,-1.0588235294117647,-0.9411764705882353
6,0,1,0,-0.4322766570605187,-0.5,-0.33419217140203633,5,4,3,2,1,0,6,5,4,3,0,1,1,0,1,1,0,0,1,1,1,0,0,0,0,0,1,1,0,0,0,0,0,1,0,0,0,0,0,0,0.2846242774566475,0.22027649769585256,2.154519286125504,0.022731147354662723,0.7501278627038699,2.0401204750809794,0.5259594942374398,1.0014546268322704,1.0462123755175115,-0.022378874342620564,-0.25,-0.375,-1.125,-0.875,0.6666666666666666,-0.4117647058823529,-0.8823529411764706,-0.7058823529411765,0.058823529411764705,-1.0588235294117647
0,0,0,1,-0.4322766570605187,-1.0,-0.23674361936404317,6,5,4,3,2,1,0,6,5,4,0,0,1,1,0,1,1,0,0,1,1,1,0,0,0,0,0,1,1,0,0,0,0,0,1,0,0,0,0,0,-0.4494797687861271,0.2836405529953917,0.22014968336211865,2.1253622776609644,0.022731147354662723,0.7501278627038699,1.9917757636790867,0.5426877028085487,1.0014546268322704,1.0462123755175115,-0.5,-0.25,-0.375,-1.125,-0.8484848484848485,0.6470588235294118,-0.4117647058823529,-0.8823529411764706,-0.7058823529411765,0.058823529411764705
1,1,0,0,-0.3976945244956772,-0.3125,-0.28811379537208587,0,6,5,4,3,2,1,0,6,5,0,0,0,1,1,0,1,1,0,0,0,1,1,0,0,0,0,0,1,1,1,0,0,0,0,1,0,0,0,0,-0.4494797687861271,-0.4479262672811059,0.2834772596430628,0.21594589986929588,2.1253622776609644,0.022731147354662723,0.7217746447353697,2.0085039722501956,0.5426877028085487,1.0014546268322704,-1.0,-0.5,-0.25,-0.375,-1.0909090909090908,-0.8235294117647058,0.6470588235294118,-0.4117647058823529,-0.8823529411764706,-0.7058823529411765
2,1,0,0,4.109510086455331,-0.875,4.282161738428031,1,0,6,5,4,3,2,1,0,6,1,0,0,0,1,1,0,1,1,0,0,0,1,1,0,0,0,0,0,1,0,1,0,0,0,0,1,0,0,0,-0.41479768786127164,-0.4479262672811059,-0.4476683937823834,0.27845655509461836,0.21594589986929588,2.1253622776609644,0.005650665771511642,0.7385028533064787,2.0085039722501956,0.5426877028085487,-0.3125,-1.0,-0.5,-0.25,-0.36363636363636365,-1.0588235294117647,-0.8235294117647058,0.6470588235294118,-0.4117647058823529,-0.8823529411764706
3,1,0,0,2.2536023054755043,-0.4375,2.445356427878771,2,1,0,6,5,4,3,2,1,0,1,1,0,0,0,1,1,0,1,1,0,0,0,1,1,0,0,0,0,0,0,0,1,0,0,0,0,1,0,0,4.105433526011561,-0.41336405529953907,-0.4476683937823834,-0.4432573734159231,0.27845655509461836,0.21594589986929588,2.075696542463914,0.022378874342620564,0.7385028533064787,2.0085039722501956,-0.875,-0.3125,-1.0,-0.5,-0.24242424242424243,-0.35294117647058826,-1.0588235294117647,-0.8235294117647058,0.6470588235294118,-0.4117647058823529
4,1,0,0,-0.4207492795389049,-0.0625,-0.25068562561783586,3,2,1,0,6,5,4,3,2,1,1,1,1,0,0,0,1,1,0,1,0,0,0,0,1,1,0,0,0,0,0,0,0,1,0,0,0,0,1,0,2.2441618497109825,4.091244239631336,-0.41312607944732294,-0.4432573734159231,-0.4432573734159231,0.27845655509461836,0.19587109768378644,2.092424751035023,0.022378874342620564,0.7385028533064787,-0.4375,-0.875,-0.3125,-1.0,-0.48484848484848486,-0.23529411764705882,-0.35294117647058826,-1.0588235294117647,-0.8235294117647058,0.6470588235294118
5,0,1,0,0.3804034582132565,-0.3125,0.5041404663934245,4,3,2,1,0,6,5,4,3,2,1,1,1,1,0,0,0,1,1,0,0,0,0,0,0,1,1,0,0,0,0,0,0,0,1,0,0,0,0,1,-0.4379190751445086,2.2364055299539167,4.0888888888888895,-0.409160652383929,-0.4432573734159231,-0.4432573734159231,0.257413002125993,0.21259930625489537,2.092424751035023,0.022378874342620564,-0.0625,-0.4375,-0.875,-0.3125,-0.9696969696969697,-0.47058823529411764,-0.23529411764705882,-0.35294117647058826,-1.0588235294117647,-0.8235294117647058
6,0,1,0,1.037463976945245,-0.3125,1.3678375559538378,5,4,3,2,1,0,6,5,4,3,0,1,1,1,1,0,0,0,1,1,1,0,0,0,0,0,1,1,0,0,0,0,0,0,0,1,0,0,0,0,0.3655491329479769,-0.43640552995391696,2.2351180195739784,4.034778655452634,-0.409160652383929,-0.4432573734159231,-0.45311625825220997,0.2741412106971019,0.21259930625489537,2.092424751035023,-0.3125,-0.0625,-0.4375,-0.875,-0.30303030303030304,-0.9411764705882353,-0.47058823529411764,-0.23529411764705882,-0.35294117647058826,-1.0588235294117647
0,1,0,0,0.11527377521613832,0.375,0.09128564967605407,6,5,4,3,2,1,0,6,5,4,0,0,1,1,1,1,0,0,0,1,1,1,0,0,0,0,0,1,1,0,0,0,0,0,0,0,1,0,0,0,1.0245086705202313,0.36428571428571427,-0.4361542890040299,2.204921293402284,4.034778655452634,-0.409160652383929,-0.45311625825220997,-0.436388049681101,0.2741412106971019,0.21259930625489537,-0.3125,-0.3125,-0.0625,-0.4375,-0.8484848484848485,-0.29411764705882354,-0.9411764705882353,-0.47058823529411764,-0.23529411764705882,-0.35294117647058826
1,1,0,0,-0.3976945244956772,-0.3125,-0.3501035242601594,0,6,5,4,3,2,1,0,6,5,1,0,0,1,1,1,1,0,0,0,0,1,1,0,0,0,0,0,1,1,0,0,0,0,0,0,0,1,0,0,0.09965317919075149,1.020967741935484,0.3640759930915372,-0.43189179973859176,2.204921293402284,4.034778655452634,-0.4195479467382791,-0.436388049681101,-0.436388049681101,0.2741412106971019,0.375,-0.3125,-0.3125,-0.0625,-0.42424242424242425,-0.8235294117647058,-0.29411764705882354,-0.9411764705882353,-0.47058823529411764,-0.23529411764705882
2,1,0,0,-0.21902017291066284,0.5,-0.23265103420097483,1,0,6,5,4,3,2,1,0,6,1,1,0,0,1,1,1,1,0,0,0,0,1,1,0,0,0,0,0,1,0,0,0,0,0,0,0,0,1,0,-0.41479768786127164,0.0993087557603687,1.0203799654576857,0.3580155708359379,-0.43189179973859176,2.204921293402284,3.9555219872440412,-0.40281973816717015,-0.436388049681101,-0.436388049681101,-0.3125,0.375,-0.3125,-0.3125,-0.06060606060606061,-0.4117647058823529,-0.8235294117647058,-0.29411764705882354,-0.9411764705882353,-0.47058823529411764
3,1,0,0,0.4899135446685879,0.375,0.48537757626219963,2,1,0,6,5,4,3,2,1,0,1,1,1,0,0,1,1,1,1,0,0,0,0,1,1,0,0,0,0,0,0,0,0,0,0,0,0,0,0,1,-0.2356069364161849,-0.41336405529953907,0.09925158318940708,1.0058532704438254,0.3580155708359379,-0.43189179973859176,2.154022602663086,3.97225019581515,-0.40281973816717015,-0.436388049681101,0.5,-0.3125,0.375,-0.3125,-0.30303030303030304,-0.058823529411764705,-0.4117647058823529,-0.8235294117647058,-0.29411764705882354,-0.9411764705882353
4,1,0,0,2.610951008645533,-0.0625,2.322237488214497,3,2,1,0,6,5,4,3,2,1,1,1,1,1,0,0,1,1,1,1,0,0,0,0,1,1,0,0,0,0,0,0,0,0,0,0,0,0,0,0,0.47537572254335264,-0.23479262672811052,-0.41312607944732294,0.09660737625731658,1.0058532704438254,0.3580155708359379,-0.44192682108089965,2.170750811234195,3.97225019581515,-0.40281973816717015,0.375,0.5,-0.3125,0.375,-0.30303030303030304,-0.29411764705882354,-0.058823529411764705,-0.4117647058823529,-0.8235294117647058,-0.29411764705882354
5,0,1,0,0.09798270893371758,0.125,0.08451205162167848,4,3,2,1,0,6,5,4,3,2,1,1,1,1,1,0,0,1,1,1,0,0,0,0,0,1,1,0,0,0,0,0,0,0,0,0,0,0,0,0,2.602543352601156,0.4737327188940092,-0.23465745538284394,-0.409160652383929,0.09660737625731658,1.0058532704438254,0.335739062325165,-0.42519861250979074,2.170750811234195,3.97225019581515,-0.0625,0.375,0.5,-0.3125,0.36363636363636365,-0.29411764705882354,-0.29411764705882354,-0.058823529411764705,-0.4117647058823529,-0.8235294117647058
6,0,1,0,1.8443804034582132,-0.1875,1.8124243560562532,5,4,3,2,1,0,6,5,4,3,0,1,1,1,1,1,0,0,1,1,1,0,0,0,0,0,1,1,0,0,0,0,0,0,0,0,0,0,0,0,0.08231213872832376,2.593548387096774,0.4734599884858953,-0.23299426038529292,-0.409160652383929,0.09660737625731658,0.9735369810898511,0.3524672708962739,-0.42519861250979074,2.170750811234195,0.125,-0.0625,0.375,0.5,-0.30303030303030304,0.35294117647058826,-0.29411764705882354,-0.29411764705882354,-0.058823529411764705,-0.4117647058823529
0,1,0,0,0.7665706051873199,-0.1875,0.7889207201068239,6,5,4,3,2,1,0,6,5,4,0,0,1,1,1,1,1,0,0,1,1,1,0,0,0,0,0,1,1,0,0,0,0,0,0,0,0,0,0,0,1.8337572254335262,0.08202764976958529,2.5920552677029365,0.46598852077058583,-0.23299426038529292,-0.409160652383929,0.07838200738502848,0.99026518966096,0.3524672708962739,-0.42519861250979074,-0.1875,0.125,-0.0625,0.375,0.48484848484848486,-0.29411764705882354,0.35294117647058826,-0.29411764705882354,-0.29411764705882354,-0.058823529411764705
1,1,0,0,0.43804034582132567,-0.125,0.6511959891321367,0,6,5,4,3,2,1,0,6,5,1,0,0,1,1,1,1,1,0,0,0,1,1,0,0,0,0,0,1,1,0,0,0,0,0,0,0,0,0,0,0.7528323699421966,1.8274193548387094,0.08198042602187686,2.5572540773995565,0.46598852077058583,-0.23299426038529292,-0.4195479467382791,0.0951102159561374,0.99026518966096,0.3524672708962739,-0.1875,-0.1875,0.125,-0.0625,0.36363636363636365,0.47058823529411764,-0.29411764705882354,0.35294117647058826,-0.29411764705882354,-0.29411764705882354
2,1,0,0,0.12103746397694524,0.9375,0.2272634717621704,1,0,6,5,4,3,2,1,0,6,1,1,0,0,1,1,1,1,1,0,0,0,1,1,0,0,0,0,0,1,0,0,0,0,0,0,0,0,0,0,0.42335260115606943,0.7502304147465437,1.8263672999424296,0.07955901574131953,2.5572540773995565,0.46598852077058583,-0.2461116705829697,-0.40281973816717015,0.0951102159561374,0.99026518966096,-0.125,-0.1875,-0.1875,0.125,-0.06060606060606061,0.35294117647058826,0.47058823529411764,-0.29411764705882354,0.35294117647058826,-0.29411764705882354
3,1,0,0,-0.6628242074927954,-0.875,-0.4498859922704574,2,1,0,6,5,4,3,2,1,0,1,1,1,0,0,1,1,1,1,1,0,0,0,1,1,0,0,0,0,0,0,0,0,0,0,0,0,0,0,0,0.10543352601156075,0.421889400921659,0.7497985031663789,1.8014434278570208,0.07955901574131953,2.5572540773995565,0.44203871545261264,-0.2293834620118608,-0.40281973816717015,0.0951102159561374,0.9375,-0.125,-0.1875,-0.1875,0.12121212121212122,-0.058823529411764705,0.35294117647058826,0.47058823529411764,-0.29411764705882354,0.35294117647058826
4,1,0,0,-0.7319884726224783,-0.375,-0.613406442091936,3,2,1,0,6,5,4,3,2,1,1,1,1,1,0,0,1,1,1,1,0,0,0,0,1,1,0,0,0,0,0,0,0,0,0,0,0,0,0,0,-0.6806936416184971,0.10506912442396317,0.42164651698330463,0.7387622890265385,1.8014434278570208,0.07955901574131953,2.500895154973705,0.4587669240237216,-0.2293834620118608,-0.40281973816717015,-0.875,0.9375,-0.125,-0.1875,-0.18181818181818182,0.11764705882352941,-0.058823529411764705,0.35294117647058826,0.47058823529411764,-0.29411764705882354
5,0,1,0,0.7435158501440923,0.25,1.0328090590615817,4,3,2,1,0,6,5,4,3,2,1,1,1,1,1,0,0,1,1,1,0,0,0,0,0,1,1,0,0,0,0,0,0,0,0,0,0,0,0,0,-0.750057803468208,-0.6783410138248847,0.10500863557858382,0.4148434392225947,0.7387622890265385,1.8014434278570208,0.061597851628063055,2.5176233635448138,0.4587669240237216,-0.2293834620118608,-0.375,-0.875,0.9375,-0.125,-0.18181818181818182,-0.17647058823529413,0.11764705882352941,-0.058823529411764705,0.35294117647058826,0.47058823529411764
6,0,1,0,-0.19020172910662825,-1.125,0.0812833446568243,5,4,3,2,1,0,6,5,4,3,0,1,1,1,1,1,0,0,1,1,1,0,0,0,0,0,1,1,0,0,0,0,0,0,0,0,0,0,0,0,0.7297109826589596,-0.7474654377880183,-0.6779504893494531,0.10229016309598225,0.4148434392225947,0.7387622890265385,1.7567975830815707,0.07832606019917197,2.5176233635448138,0.4587669240237216,0.25,-0.375,-0.875,0.9375,-0.12121212121212122,-0.17647058823529413,-0.17647058823529413,0.11764705882352941,-0.058823529411764705,0.35294117647058826
0,1,0,0,0.3573487031700288,0.4375,0.6513172882490389,6,5,4,3,2,1,0,6,5,4,0,0,1,1,1,1,1,0,0,1,1,1,0,0,0,0,0,1,1,0,0,0,0,0,0,0,0,0,0,0,-0.20670520231213868,0.7271889400921658,-0.747035118019574,-0.6705688469625504,0.10229016309598225,0.4148434392225947,0.7105852075640594,1.7735257916526799,0.07832606019917197,2.5176233635448138,-1.125,0.25,-0.375,-0.875,0.9090909090909091,-0.11764705882352941,-0.17647058823529413,-0.17647058823529413,0.11764705882352941,-0.058823529411764705
1,1,0,0,0.069164265129683,-0.1875,0.1552156604216102,0,6,5,4,3,2,1,0,6,5,1,0,0,1,1,1,1,1,0,0,0,1,1,0,0,0,0,0,1,1,0,0,0,0,0,0,0,0,0,0,0.34242774566473994,-0.20599078341013816,0.7267702936096719,-0.7387622890265385,-0.6705688469625504,0.10229016309598225,0.3916862481817164,0.7273134161351683,1.7735257916526799,0.07832606019917197,0.4375,-1.125,0.25,-0.375,-0.8484848484848485,0.8823529411764706,-0.11764705882352941,-0.17647058823529413,-0.17647058823529413,0.11764705882352941
2,1,0,0,-0.5072046109510087,-0.5,-0.33529007961388574,1,0,6,5,4,3,2,1,0,6,1,1,0,0,1,1,1,1,1,0,0,0,1,1,0,0,0,0,0,1,0,0,0,0,0,0,0,0,0,0,0.053410404624277506,0.34124423963133643,-0.20587219343696023,0.7160311416718758,-0.7387622890265385,-0.6705688469625504,0.08397672597068362,0.40841445675282534,0.7273134161351683,1.7735257916526799,-0.1875,0.4375,-1.125,0.25,-0.36363636363636365,-0.8235294117647058,0.8823529411764706,-0.11764705882352941,-0.17647058823529413,-0.17647058823529413
3,1,0,0,-0.3804034582132565,-0.5625,-0.41000008736224486,2,1,0,6,5,4,3,2,1,0,1,1,1,0,0,1,1,1,1,1,0,0,0,1,1,0,0,0,0,0,0,0,0,0,0,0,0,0,0,0,-0.5246242774566473,0.05322580645161295,0.34104778353483023,-0.2045803261919645,0.7160311416718758,-0.7387622890265385,-0.6769050016784156,0.10070493454179254,0.40841445675282534,0.7273134161351683,-0.5,-0.1875,0.4375,-1.125,0.24242424242424243,-0.35294117647058826,-0.8235294117647058,0.8823529411764706,-0.11764705882352941,-0.17647058823529413
4,1,0,0,-0.5014409221902018,-0.375,-0.6707394273203244,3,2,1,0,6,5,4,3,2,1,1,1,1,1,0,0,1,1,1,1,0,0,0,0,1,1,0,0,0,0,0,0,0,0,0,0,0,0,0,0,-0.3974566473988439,-0.5228110599078339,0.053195164075993145,0.3352844234812752,-0.2045803261919645,0.7160311416718758,-0.7440416247062773,-0.6601767931073067,0.10070493454179254,0.40841445675282534,-0.5625,-0.5,-0.1875,0.4375,-1.0909090909090908,0.23529411764705882,-0.35294117647058826,-0.8235294117647058,0.8823529411764706,-0.11764705882352941
5,0,1,0,-0.15561959654178675,0.6875,-0.19545689446036005,4,3,2,1,0,6,5,4,3,2,1,1,1,1,1,0,0,1,1,1,0,0,0,0,0,1,1,0,0,0,0,0,0,0,0,0,0,0,0,0,-0.5188439306358381,-0.39608294930875565,-0.522510074841681,0.05114508154799113,0.3352844234812752,-0.2045803261919645,0.6882063332214389,-0.7273134161351683,-0.6601767931073067,0.10070493454179254,-0.375,-0.5625,-0.5,-0.1875,0.42424242424242425,-1.0588235294117647,0.23529411764705882,-0.35294117647058826,-0.8235294117647058,0.8823529411764706
6,0,1,0,-0.23054755043227665,-0.1875,-0.10962332088085336,5,4,3,2,1,0,6,5,4,3,0,1,1,1,1,1,0,0,1,1,1,0,0,0,0,0,1,1,0,0,0,0,0,0,0,0,0,0,0,0,-0.17202312138728318,-0.5170506912442395,-0.39585492227979274,-0.517133602318577,0.05114508154799113,0.3352844234812752,-0.218138077654694,0.7049345417925478,-0.7273134161351683,-0.6601767931073067,0.6875,-0.375,-0.5625,-0.5,-0.18181818181818182,0.4117647058823529,-1.0588235294117647,0.23529411764705882,-0.35294117647058826,-0.8235294117647058
0,1,0,0,0.05763688760806916,0.4375,-0.10900758505890568,6,5,4,3,2,1,0,6,5,4,0,0,1,1,1,1,1,0,0,1,1,1,0,0,0,0,0,1,1,0,0,0,0,0,0,0,0,0,0,0,-0.24716763005780343,-0.17142857142857135,-0.5167530224525043,-0.39211229186793195,-0.517133602318577,0.05114508154799113,0.3133601879825444,-0.20140986908358507,0.7049345417925478,-0.7273134161351683,-0.1875,0.6875,-0.375,-0.5625,-0.48484848484848486,-0.17647058823529413,0.4117647058823529,-1.0588235294117647,0.23529411764705882,-0.35294117647058826
1,1,0,0,-0.5706051873198847,-0.0625,-0.5415481396209957,0,6,5,4,3,2,1,0,6,5,1,0,0,1,1,1,1,1,0,0,0,1,1,0,0,0,0,0,1,1,0,0,0,0,0,0,0,0,0,0,0.041849710982659015,-0.24631336405529947,-0.17132987910189978,-0.5114508154799112,-0.39211229186793195,-0.517133602318577,0.03362425869978735,0.33008839655365335,-0.20140986908358507,0.7049345417925478,0.4375,-0.1875,0.6875,-0.375,-0.5454545454545454,-0.47058823529411764,-0.17647058823529413,0.4117647058823529,-1.0588235294117647,0.23529411764705882
2,1,0,0,1.2507204610951008,0.125,0.6801962223221288,1,0,6,5,4,3,2,1,0,6,1,1,0,0,1,1,1,1,1,0,0,0,1,1,0,0,0,0,0,1,0,0,0,0,0,0,0,0,0,0,-0.5882080924855491,0.04170506912442401,-0.24617156016119743,-0.17048360515997044,-0.5114508154799112,-0.39211229186793195,-0.5258475998657268,0.05035246727089627,0.33008839655365335,-0.20140986908358507,-0.0625,0.4375,-0.1875,0.6875,-0.36363636363636365,-0.5294117647058824,-0.47058823529411764,-0.17647058823529413,0.4117647058823529,-1.0588235294117647
3,1,0,0,0.9337175792507204,-0.5625,0.629481767163489,2,1,0,6,5,4,3,2,1,0,1,1,1,0,0,1,1,1,1,1,0,0,0,1,1,0,0,0,0,0,0,0,0,0,0,0,0,0,0,0,1.2383815028901735,-0.5861751152073731,0.04168105929763966,-0.24435983406262426,-0.17048360515997044,-0.5114508154799112,-0.40276379098131365,-0.5091193912946178,0.05035246727089627,0.33008839655365335,0.125,-0.0625,0.4375,-0.1875,0.6666666666666666,-0.35294117647058826,-0.5294117647058824,-0.47058823529411764,-0.17647058823529413,0.4117647058823529
4,1,0,0,0.11527377521613832,-0.4375,0.061892790397142045,3,2,1,0,6,5,4,3,2,1,1,1,1,1,0,0,1,1,1,1,0,0,0,0,1,1,0,0,0,0,0,0,0,0,0,0,0,0,0,0,0.9204624277456648,1.2341013824884792,-0.5858376511226252,0.039779507870659765,-0.24435983406262426,-0.17048360515997044,-0.5202528812800716,-0.38603558241020475,-0.5091193912946178,0.05035246727089627,-0.5625,0.125,-0.0625,0.4375,-0.18181818181818182,0.6470588235294118,-0.35294117647058826,-0.5294117647058824,-0.47058823529411764,-0.17647058823529413
5,0,1,0,-0.0345821325648415,-0.25,-0.1478824399871779,4,3,2,1,0,6,5,4,3,2,1,1,1,1,1,0,0,1,1,1,0,0,0,0,0,1,1,0,0,0,0,0,0,0,0,0,0,0,0,0,0.09965317919075149,0.9172811059907834,1.2333909038572253,-0.5796442575438995,0.039779507870659765,-0.24435983406262426,-0.18456976614076315,-0.5035246727089627,-0.38603558241020475,-0.5091193912946178,-0.4375,-0.5625,0.125,-0.0625,0.42424242424242425,-0.17647058823529413,0.6470588235294118,-0.35294117647058826,-0.5294117647058824,-0.47058823529411764
6,0,1,0,-0.25936599423631124,-0.75,-0.19494716936246395,5,4,3,2,1,0,6,5,4,3,0,1,1,1,1,1,0,0,1,1,1,0,0,0,0,0,1,1,0,0,0,0,0,0,0,0,0,0,0,0,-0.050635838150288964,0.0993087557603687,0.9167530224525045,1.2161163834744557,-0.5796442575438995,0.039779507870659765,-0.25730110775428,-0.16784155756965424,-0.5035246727089627,-0.38603558241020475,-0.25,-0.4375,-0.5625,0.125,-0.06060606060606061,0.4117647058823529,-0.17647058823529413,0.6470588235294118,-0.35294117647058826,-0.5294117647058824
0,1,0,0,0.5417867435158501,0.4375,0.28017844746538606,6,5,4,3,2,1,0,6,5,4,0,0,1,1,1,1,1,0,0,1,1,1,0,0,0,0,0,1,1,0,0,0,0,0,0,0,0,0,0,0,-0.2760693641618497,-0.0504608294930875,0.09925158318940708,0.9035631073478433,1.2161163834744557,-0.5796442575438995,0.022434821528477065,-0.24057289918317107,-0.16784155756965424,-0.5035246727089627,-0.75,-0.25,-0.4375,-0.5625,0.12121212121212122,-0.058823529411764705,0.4117647058823529,-0.17647058823529413,0.6470588235294118,-0.35294117647058826
1,1,0,0,-0.3170028818443804,-0.125,-0.29696745487572046,0,6,5,4,3,2,1,0,6,5,1,0,0,1,1,1,1,1,0,0,0,1,1,0,0,0,0,0,1,1,0,0,0,0,0,0,0,0,0,0,0.5273988439306359,-0.2751152073732718,-0.05043177892918821,0.09660737625731658,0.9035631073478433,1.2161163834744557,-0.5873895043079334,0.03916303009958599,-0.24057289918317107,-0.16784155756965424,0.4375,-0.75,-0.25,-0.4375,-0.5454545454545454,0.11764705882352941,-0.058823529411764705,0.4117647058823529,-0.17647058823529413,0.6470588235294118
2,1,0,0,0.08069164265129683,0.625,0.16801137322024626,1,0,6,5,4,3,2,1,0,6,1,1,0,0,1,1,1,1,1,0,0,0,1,1,0,0,0,0,0,1,0,0,0,0,0,0,0,0,0,0,-0.33387283236994214,0.5255760368663595,-0.27495682210708117,-0.05114508154799113,0.09660737625731658,0.9035631073478433,1.1805415687590912,-0.5706612957368244,0.03916303009958599,-0.24057289918317107,-0.125,0.4375,-0.75,-0.25,-0.42424242424242425,-0.5294117647058824,0.11764705882352941,-0.058823529411764705,0.4117647058823529,-0.17647058823529413
3,1,0,0,-0.26512968299711814,-0.75,-0.46779592448407553,2,1,0,6,5,4,3,2,1,0,1,1,1,0,0,1,1,1,1,1,0,0,0,1,1,0,0,0,0,0,0,0,0,0,0,0,0,0,0,0,0.064971098265896,-0.3327188940092165,0.525273459988486,-0.2727737682559527,-0.05114508154799113,0.09660737625731658,0.8728320465480586,1.1972697773302001,-0.5706612957368244,0.03916303009958599,0.625,-0.125,0.4375,-0.75,-0.24242424242424243,-0.4117647058823529,-0.5294117647058824,0.11764705882352941,-0.058823529411764705,0.4117647058823529
4,1,0,0,-0.7550432276657061,0.4375,-0.6310791522098952,3,2,1,0,6,5,4,3,2,1,1,1,1,1,0,0,1,1,1,1,0,0,0,0,1,1,0,0,0,0,0,0,0,0,0,0,0,0,0,0,-0.28184971098265893,0.06474654377880189,-0.33252734599884853,0.517133602318577,-0.2727737682559527,-0.05114508154799113,0.07838200738502848,0.8895602551191675,1.1972697773302001,-0.5706612957368244,-0.75,0.625,-0.125,0.4375,-0.7272727272727273,-0.23529411764705882,-0.4117647058823529,-0.5294117647058824,0.11764705882352941,-0.058823529411764705
5,0,1,0,-0.4034582132564842,0.0,-0.41295494729032556,4,3,2,1,0,6,5,4,3,2,1,1,1,1,1,0,0,1,1,1,0,0,0,0,0,1,1,0,0,0,0,0,0,0,0,0,0,0,0,0,-0.773179190751445,-0.28087557603686625,0.06470926885434664,-0.3296016366426095,0.517133602318577,-0.2727737682559527,-0.0670806758420052,0.0951102159561374,0.8895602551191675,1.1972697773302001,0.4375,-0.75,0.625,-0.125,0.42424242424242425,-0.7058823529411765,-0.23529411764705882,-0.4117647058823529,-0.5294117647058824,0.11764705882352941
6,0,1,0,-0.33429394812680113,-0.5,-0.2954411356554218,5,4,3,2,1,0,6,5,4,3,0,1,1,1,1,1,0,0,1,1,1,0,0,0,0,0,1,1,0,0,0,0,0,0,0,0,0,0,0,0,-0.4205780346820809,-0.7705069124423961,-0.2807138744962579,0.0625106552253225,-0.3296016366426095,0.517133602318577,-0.2852747006825557,-0.05035246727089627,0.0951102159561374,0.8895602551191675,0.0,0.4375,-0.75,0.625,-0.12121212121212122,0.4117647058823529,-0.7058823529411765,-0.23529411764705882,-0.4117647058823529,-0.5294117647058824
0,1,0,0,0.47262247838616717,0.6875,0.3127706129536705,6,5,4,3,2,1,0,6,5,4,0,0,1,1,1,1,1,0,0,1,1,1,0,0,0,0,0,1,1,0,0,0,0,0,0,0,0,0,0,0,-0.3512138728323699,-0.41912442396313354,-0.7700633275762809,-0.27845655509461836,0.0625106552253225,-0.3296016366426095,0.49239118272350896,-0.26854649211144677,-0.05035246727089627,0.0951102159561374,-0.5,0.0,0.4375,-0.75,0.6060606060606061,-0.11764705882352941,0.4117647058823529,-0.7058823529411765,-0.23529411764705882,-0.4117647058823529
1,1,0,0,1.2334293948126802,0.125,0.9362067447685136,0,6,5,4,3,2,1,0,6,5,1,0,0,1,1,1,1,1,0,0,0,1,1,0,0,0,0,0,1,1,0,0,0,0,0,0,0,0,0,0,0.4580346820809249,-0.3499999999999999,-0.41888313183649967,-0.7614934363812013,-0.27845655509461836,0.0625106552253225,-0.3412218865391071,0.5091193912946178,-0.26854649211144677,-0.05035246727089627,0.6875,-0.5,0.0,0.4375,-0.7272727272727273,0.5882352941176471,-0.11764705882352941,0.4117647058823529,-0.7058823529411765,-0.23529411764705882
2,1,0,0,-0.207492795389049,0.5625,-0.15596848776626165,1,0,6,5,4,3,2,1,0,6,1,1,0,0,1,1,1,1,1,0,0,0,1,1,0,0,0,0,0,1,0,0,0,0,0,0,0,0,0,0,1.2210404624277458,0.4564516129032258,-0.3497985031663788,-0.4148434392225947,-0.7614934363812013,-0.27845655509461836,0.04481369587109763,-0.3244936779679982,0.5091193912946178,-0.26854649211144677,0.125,0.6875,-0.5,0.0,0.42424242424242425,-0.7058823529411765,0.5882352941176471,-0.11764705882352941,0.4117647058823529,-0.7058823529411765
3,1,0,0,2.4956772334293946,0.3125,2.7314160344664216,2,1,0,6,5,4,3,2,1,0,1,1,1,0,0,1,1,1,1,1,0,0,0,1,1,0,0,0,0,0,0,0,0,0,0,0,0,0,0,0,-0.22404624277456642,1.2168202764976956,0.4561888313183651,-0.3466499971586065,-0.4148434392225947,-0.7614934363812013,-0.29086941926821086,0.06154190444220655,-0.3244936779679982,0.5091193912946178,0.5625,0.125,0.6875,-0.5,0.0,0.4117647058823529,-0.7058823529411765,0.5882352941176471,-0.11764705882352941,0.4117647058823529
4,1,0,0,-0.3227665706051873,0.1875,-0.31299926682916046,3,2,1,0,6,5,4,3,2,1,1,1,1,1,0,0,1,1,1,1,0,0,0,0,1,1,0,0,0,0,0,0,0,0,0,0,0,0,0,0,2.486936416184971,-0.22327188940092157,1.216119746689695,0.44894016025458877,-0.3466499971586065,-0.4148434392225947,-0.7664204990488979,-0.2741412106971019,0.06154190444220655,-0.3244936779679982,0.3125,0.5625,0.125,0.6875,-0.48484848484848486,0.0,0.4117647058823529,-0.7058823529411765,0.5882352941176471,-0.11764705882352941
5,0,1,0,3.9827089337175794,0.5625,3.2342205305307523,4,3,2,1,0,6,5,4,3,2,1,1,1,1,1,0,0,1,1,1,0,0,0,0,0,1,1,0,0,0,0,0,0,0,0,0,0,0,0,0,-0.3396531791907514,2.4783410138248847,-0.22314335060449048,1.1990680229584587,0.44894016025458877,-0.3466499971586065,-0.42514266532393424,-0.749692290477789,-0.2741412106971019,0.06154190444220655,0.1875,0.3125,0.5625,0.125,0.6666666666666666,-0.47058823529411764,0.0,0.4117647058823529,-0.7058823529411765,0.5882352941176471
6,0,1,0,0.5244956772334294,-1.0625,0.6584069024237647,5,4,3,2,1,0,6,5,4,3,0,1,1,1,1,1,0,0,1,1,1,0,0,0,0,0,1,1,0,0,0,0,0,0,0,0,0,0,0,0,3.9782658959537573,-0.338479262672811,2.4769142199194016,-0.22162868670796154,1.1990680229584587,0.44894016025458877,-0.3580060422960725,-0.40841445675282534,-0.749692290477789,-0.2741412106971019,0.5625,0.1875,0.3125,0.5625,0.12121212121212122,0.6470588235294118,-0.47058823529411764,0.0,0.4117647058823529,-0.7058823529411765
0,1,0,0,-0.11527377521613832,0.375,-0.2838342214041532,6,5,4,3,2,1,0,6,5,4,0,0,1,1,1,1,1,0,0,1,1,1,0,0,0,0,0,1,1,0,0,0,0,0,0,0,0,0,0,0,0.5100578034682082,3.9645161290322575,-0.3382843983880253,2.443598340626243,-0.22162868670796154,1.1990680229584587,0.42525455969564724,-0.3412778337249636,-0.40841445675282534,-0.749692290477789,-1.0625,0.5625,0.1875,0.3125,0.5454545454545454,0.11764705882352941,0.6470588235294118,-0.47058823529411764,0.0,0.4117647058823529
1,1,0,0,-0.4783861671469741,-0.125,-0.4074343254324263,0,6,5,4,3,2,1,0,6,5,1,0,0,1,1,1,1,1,0,0,0,1,1,0,0,0,0,0,1,1,0,0,0,0,0,0,0,0,0,0,-0.13156069364161843,0.508294930875576,3.962233736327001,-0.3352844234812752,2.443598340626243,-0.22162868670796154,1.163757413002126,0.44198276826675614,-0.3412778337249636,-0.40841445675282534,0.375,-1.0625,0.5625,0.1875,0.30303030303030304,0.5294117647058824,0.11764705882352941,0.6470588235294118,-0.47058823529411764,0.0
2,1,0,0,-0.16714697406340057,0.5,-0.22236832997660708,1,0,6,5,4,3,2,1,0,6,1,1,0,0,1,1,1,1,1,0,0,0,1,1,0,0,0,0,0,1,0,0,0,0,0,0,0,0,0,0,-0.49572254335260113,-0.13110599078341006,0.5080023028209557,3.9097573450019882,-0.3352844234812752,2.443598340626243,-0.23492223341165944,1.1804856215732349,0.44198276826675614,-0.3412778337249636,-0.125,0.375,-1.0625,0.5625,0.18181818181818182,0.29411764705882354,0.5294117647058824,0.11764705882352941,0.6470588235294118,-0.47058823529411764
3,1,0,0,-0.16138328530259366,-0.8125,-0.19148611242714492,2,1,0,6,5,4,3,2,1,0,1,1,1,0,0,1,1,1,1,1,0,0,0,1,1,0,0,0,0,0,0,0,0,0,0,0,0,0,0,0,-0.18358381502890167,-0.49400921658986163,-0.13103051237766258,0.50008524180258,3.9097573450019882,-0.3352844234812752,2.389000783260602,-0.2181940248405505,1.1804856215732349,0.44198276826675614,0.5,-0.125,0.375,-1.0625,0.5454545454545454,0.17647058823529413,0.29411764705882354,0.5294117647058824,0.11764705882352941,0.6470588235294118
4,1,0,0,-0.30547550432276654,0.3125,-0.3238189128507846,3,2,1,0,6,5,4,3,2,1,1,1,1,1,0,0,1,1,1,1,0,0,0,0,1,1,0,0,0,0,0,0,0,0,0,0,0,0,0,0,-0.17780346820809242,-0.1829493087557603,-0.49372481289579734,-0.13070409728931065,0.50008524180258,3.9097573450019882,-0.34681660512476226,2.405728991831711,-0.2181940248405505,1.1804856215732349,-0.8125,0.5,-0.125,0.375,-1.0303030303030303,0.5294117647058824,0.17647058823529413,0.29411764705882354,0.5294117647058824,0.11764705882352941
5,0,1,0,0.2420749279538905,-0.4375,0.0621174121690231,4,3,2,1,0,6,5,4,3,2,1,1,1,1,1,0,0,1,1,1,0,0,0,0,0,1,1,0,0,0,0,0,0,0,0,0,0,0,0,0,-0.32231213872832365,-0.17718894009216582,-0.18284398388025327,-0.48871966812524853,-0.13070409728931065,0.50008524180258,3.832438178359628,-0.33008839655365335,2.405728991831711,-0.2181940248405505,0.3125,-0.8125,0.5,-0.125,0.36363636363636365,-1.0,0.5294117647058824,0.17647058823529413,0.29411764705882354,0.5294117647058824
6,0,1,0,-0.547550432276657,-0.4375,-0.422295483304739,5,4,3,2,1,0,6,5,4,3,0,1,1,1,1,1,0,0,1,1,1,0,0,0,0,0,1,1,0,0,0,0,0,0,0,0,0,0,0,0,0.22682080924855497,-0.32119815668202756,-0.17708693149107652,-0.18184917883730178,-0.48871966812524853,-0.13070409728931065,0.4756070269665435,3.849166386930737,-0.33008839655365335,2.405728991831711,-0.4375,0.3125,-0.8125,0.5,-0.12121212121212122,0.35294117647058826,-1.0,0.5294117647058824,0.17647058823529413,0.29411764705882354
0,1,0,0,-0.2017291066282421,1.0,-0.2810399736031617,6,5,4,3,2,1,0,6,5,4,0,0,1,1,1,1,1,0,0,1,1,1,0,0,0,0,0,1,1,0,0,0,0,0,0,0,0,0,0,0,-0.5650867052023121,0.22603686635944703,-0.32101324122049507,-0.1761663919986361,-0.18184917883730178,-0.48871966812524853,-0.14540673604117718,0.4923352355376524,3.849166386930737,-0.33008839655365335,-0.4375,-0.4375,0.3125,-0.8125,0.48484848484848486,-0.11764705882352941,0.35294117647058826,-1.0,0.5294117647058824,0.17647058823529413
1,1,0,0,3.2564841498559076,-1.6875,1.8185156885791338,0,6,5,4,3,2,1,0,6,5,1,0,0,1,1,1,1,1,0,0,0,1,1,0,0,0,0,0,1,1,0,0,0,0,0,0,0,0,0,0,-0.21826589595375717,-0.5631336405529953,0.2259067357512954,-0.3182360629652781,-0.1761663919986361,-0.18184917883730178,-0.4978740069374511,-0.12867852747006825,0.4923352355376524,3.849166386930737,1.0,-0.4375,-0.4375,0.3125,-0.7878787878787878,0.47058823529411764,-0.11764705882352941,0.35294117647058826,-1.0,0.5294117647058824
2,1,0,0,0.3861671469740634,0.125,0.24756931354108075,1,0,6,5,4,3,2,1,0,6,1,1,0,0,1,1,1,1,1,0,0,0,1,1,0,0,0,0,0,1,0,0,0,0,0,0,0,0,0,0,3.249942196531792,-0.2175115207373271,-0.5628094415659183,0.22162868670796154,-0.3182360629652781,-0.1761663919986361,-0.19575920331207344,-0.48114579836634214,-0.12867852747006825,0.4923352355376524,-1.6875,1.0,-0.4375,-0.4375,0.30303030303030304,-0.7647058823529411,0.47058823529411764,-0.11764705882352941,0.35294117647058826,-1.0
3,1,0,0,-0.7838616714697406,0.3125,-0.6867194939441164,2,1,0,6,5,4,3,2,1,0,1,1,1,0,0,1,1,1,1,1,0,0,0,1,1,0,0,0,0,0,0,0,0,0,0,0,0,0,0,0,0.37132947976878616,3.2387096774193544,-0.21738629821531372,-0.5569131101892367,0.22162868670796154,-0.3182360629652781,-0.1901644847264183,-0.1790309947409645,-0.48114579836634214,-0.12867852747006825,0.125,-1.6875,1.0,-0.4375,-0.42424242424242425,0.29411764705882354,-0.7647058823529411,0.47058823529411764,-0.11764705882352941,0.35294117647058826
4,1,0,0,-0.33429394812680113,0.5625,-0.35375896219029246,3,2,1,0,6,5,4,3,2,1,1,1,1,1,0,0,1,1,1,1,0,0,0,0,1,1,0,0,0,0,0,0,0,0,0,0,0,0,0,0,-0.8020809248554913,0.37004608294930874,3.2368451352907313,-0.21594589986929588,-0.5569131101892367,0.22162868670796154,-0.33003244936779685,-0.17343627615530938,-0.1790309947409645,-0.48114579836634214,0.3125,0.125,-1.6875,1.0,-0.42424242424242425,-0.4117647058823529,0.29411764705882354,-0.7647058823529411,0.47058823529411764,-0.11764705882352941
5,0,1,0,-0.9740634005763689,-0.375,-0.8408473264128995,4,3,2,1,0,6,5,4,3,2,1,1,1,1,1,0,0,1,1,1,0,0,0,0,0,1,1,0,0,0,0,0,0,0,0,0,0,0,0,0,-0.3512138728323699,-0.7993087557603685,0.36983304548071394,3.1937262033301126,-0.21594589986929588,-0.5569131101892367,0.20146581626944157,-0.3133042407966879,-0.17343627615530938,-0.1790309947409645,0.5625,0.3125,0.125,-1.6875,0.9696969696969697,-0.4117647058823529,-0.4117647058823529,0.29411764705882354,-0.7647058823529411,0.47058823529411764
6,0,1,0,0.138328530259366,-0.875,0.18685641746250312,5,4,3,2,1,0,6,5,4,3,0,1,1,1,1,1,0,0,1,1,1,0,0,0,0,0,1,1,0,0,0,0,0,0,0,0,0,0,0,0,-0.9928323699421965,-0.3499999999999999,-0.7988485895221646,0.36369835767460357,3.1937262033301126,-0.21594589986929588,-0.5650106299653128,0.2181940248405505,-0.3133042407966879,-0.17343627615530938,-0.375,0.5625,0.3125,0.125,-1.6363636363636365,0.9411764705882353,-0.4117647058823529,-0.4117647058823529,0.29411764705882354,-0.7647058823529411
0,1,0,0,-0.5821325648414986,0.5,-0.4465368262102863,6,5,4,3,2,1,0,6,5,4,0,0,1,1,1,1,1,0,0,1,1,1,0,0,0,0,0,1,1,0,0,0,0,0,0,0,0,0,0,0,0.12277456647398849,-0.989400921658986,-0.3497985031663788,-0.7899073705745296,0.36369835767460357,3.1937262033301126,-0.2293275148260043,-0.5482824213942038,0.2181940248405505,-0.3133042407966879,-0.875,-0.375,0.5625,0.3125,0.12121212121212122,-1.588235294117647,0.9411764705882353,-0.4117647058823529,-0.4117647058823529,0.29411764705882354
1,1,0,0,-0.5360230547550432,-0.8125,-0.6196699790397814,0,6,5,4,3,2,1,0,6,5,1,0,0,1,1,1,1,1,0,0,0,1,1,0,0,0,0,0,1,1,0,0,0,0,0,0,0,0,0,0,-0.5997687861271676,0.12235023041474657,-0.9888313183649972,-0.3466499971586065,-0.7899073705745296,0.36369835767460357,3.1275036365670803,-0.21259930625489537,-0.5482824213942038,0.2181940248405505,0.5,-0.875,-0.375,0.5625,0.30303030303030304,0.11764705882352941,-1.588235294117647,0.9411764705882353,-0.4117647058823529,-0.4117647058823529
2,1,0,0,3.2795389048991352,0.375,2.8021767647341465,1,0,6,5,4,3,2,1,0,6,1,1,0,0,1,1,1,1,1,0,0,0,1,1,0,0,0,0,0,1,0,0,0,0,0,0,0,0,0,0,-0.5535260115606936,-0.597695852534562,0.12227979274611404,-0.9774393362504971,-0.3466499971586065,-0.7899073705745296,0.3413337809108201,3.144231845138189,-0.21259930625489537,-0.5482824213942038,-0.8125,0.5,-0.875,-0.375,0.5454545454545454,0.29411764705882354,0.11764705882352941,-1.588235294117647,0.9411764705882353,-0.4117647058823529
3,1,0,0,-0.3112391930835735,-0.75,-0.4261090132972057,2,1,0,6,5,4,3,2,1,0,1,1,1,0,0,1,1,1,1,1,0,0,0,1,1,0,0,0,0,0,0,0,0,0,0,0,0,0,0,0,3.273063583815029,-0.5516129032258064,-0.5973517559009787,0.1193385236119793,-0.9774393362504971,-0.3466499971586065,-0.7943940919771736,0.358061989481929,3.144231845138189,-0.21259930625489537,0.375,-0.8125,0.5,-0.875,-0.36363636363636365,0.5294117647058824,0.29411764705882354,0.11764705882352941,-1.588235294117647,0.9411764705882353
4,1,0,0,0.01729106628242075,0.5,-0.012162168519082266,3,2,1,0,6,5,4,3,2,1,1,1,1,1,0,0,1,1,1,1,0,0,0,0,1,1,0,0,0,0,0,0,0,0,0,0,0,0,0,0,-0.3280924855491329,3.2617511520737326,-0.5512953367875647,-0.5910098312212309,0.1193385236119793,-0.9774393362504971,-0.3580060422960725,-0.7776658834060647,0.358061989481929,3.144231845138189,-0.75,0.375,-0.8125,0.5,-0.8484848484848485,-0.35294117647058826,0.5294117647058824,0.29411764705882354,0.11764705882352941,-1.588235294117647
5,0,1,0,-0.6051873198847262,-0.0625,-0.5250605319554291,4,3,2,1,0,6,5,4,3,2,1,1,1,1,1,0,0,1,1,1,0,0,0,0,0,1,1,0,0,0,0,0,0,0,0,0,0,0,0,0,0.0013872832369942723,-0.32695852534562203,3.2598733448474384,-0.5455475365119054,-0.5910098312212309,0.1193385236119793,-0.9790198053037932,-0.3412778337249636,-0.7776658834060647,0.358061989481929,0.5,-0.75,0.375,-0.8125,0.48484848484848486,-0.8235294117647058,-0.35294117647058826,0.5294117647058824,0.29411764705882354,0.11764705882352941
6,0,1,0,-0.5706051873198847,-0.6875,-0.49346967219669674,5,4,3,2,1,0,6,5,4,3,0,1,1,1,1,1,0,0,1,1,1,0,0,0,0,0,1,1,0,0,0,0,0,0,0,0,0,0,0,0,-0.6228901734104045,0.001382488479262725,-0.3267702936096718,3.216457350684775,-0.5455475365119054,-0.5910098312212309,0.10076088172764905,-0.9622915967326843,-0.3412778337249636,-0.7776658834060647,-0.0625,0.5,-0.75,0.375,-0.7878787878787878,0.47058823529411764,-0.8235294117647058,-0.35294117647058826,0.5294117647058824,0.29411764705882354
0,1,0,0,-0.3573487031700288,-0.1875,-0.3455627035792312,6,5,4,3,2,1,0,6,5,4,0,0,1,1,1,1,1,0,0,1,1,1,0,0,0,0,0,1,1,0,0,0,0,0,0,0,0,0,0,0,-0.5882080924855491,-0.6207373271889399,0.0013816925734024704,-0.3239188498039438,3.216457350684775,-0.5455475365119054,-0.5985789414792436,0.11748909029875797,-0.9622915967326843,-0.3412778337249636,-0.6875,-0.0625,0.5,-0.75,0.36363636363636365,-0.7647058823529411,0.47058823529411764,-0.8235294117647058,-0.35294117647058826,0.5294117647058824
1,1,0,0,-0.3285302593659942,-0.9375,-0.2239418584099937,0,6,5,4,3,2,1,0,6,5,1,0,0,1,1,1,1,1,0,0,0,1,1,0,0,0,0,0,1,1,0,0,0,0,0,0,0,0,0,0,-0.37433526011560686,-0.5861751152073731,-0.6203799654576857,0.0,-0.3239188498039438,3.216457350684775,-0.5538211927940024,-0.5818507329081347,0.11748909029875797,-0.9622915967326843,-0.1875,-0.6875,-0.0625,0.5,-0.7272727272727273,0.35294117647058826,-0.7647058823529411,0.47058823529411764,-0.8235294117647058,-0.35294117647058826
2,1,0,0,-0.3861671469740634,-0.4375,-0.3989889164191963,1,0,6,5,4,3,2,1,0,6,1,1,0,0,1,1,1,1,1,0,0,0,1,1,0,0,0,0,0,1,0,0,0,0,0,0,0,0,0,0,-0.34543352601156063,-0.37304147465437776,-0.5858376511226252,-0.6137409785758935,0.0,-0.3239188498039438,3.149882510909701,-0.5370929842228935,-0.5818507329081347,0.11748909029875797,-0.9375,-0.1875,-0.6875,-0.0625,0.48484848484848486,-0.7058823529411765,0.35294117647058826,-0.7647058823529411,0.47058823529411764,-0.8235294117647058
3,1,0,0,-0.484149855907781,-0.9375,-0.4149647829350623,2,1,0,6,5,4,3,2,1,0,1,1,1,0,0,1,1,1,1,1,0,0,0,1,1,0,0,0,0,0,0,0,0,0,0,0,0,0,0,0,-0.40323699421965314,-0.34423963133640545,-0.37282671272308576,-0.5796442575438995,-0.6137409785758935,0.0,-0.335627167953452,3.16661071948081,-0.5370929842228935,-0.5818507329081347,-0.4375,-0.9375,-0.1875,-0.6875,-0.06060606060606061,0.47058823529411764,-0.7058823529411765,0.35294117647058826,-0.7647058823529411,0.47058823529411764
4,1,0,0,3.4697406340057637,0.1875,3.9460375173800464,3,2,1,0,6,5,4,3,2,1,1,1,1,1,0,0,1,1,1,1,0,0,0,0,1,1,0,0,0,0,0,0,0,0,0,0,0,0,0,0,-0.5015028901734103,-0.4018433179723501,-0.34404145077720205,-0.36938114451326926,-0.5796442575438995,-0.6137409785758935,-0.016728208571108922,-0.31889895938234303,3.16661071948081,-0.5370929842228935,-0.9375,-0.4375,-0.9375,-0.1875,-0.6666666666666666,-0.058823529411764705,0.47058823529411764,-0.7058823529411765,0.35294117647058826,-0.7647058823529411
5,0,1,0,-0.3400576368876081,-0.75,-0.3004802571406875,4,3,2,1,0,6,5,4,3,2,1,1,1,1,1,0,0,1,1,1,0,0,0,0,0,1,1,0,0,0,0,0,0,0,0,0,0,0,0,0,3.463815028901734,-0.4997695852534561,-0.4016119746689695,-0.34096721031994087,-0.36938114451326926,-0.5796442575438995,-0.6209578158218642,0.0,-0.31889895938234303,3.16661071948081,0.1875,-0.9375,-0.4375,-0.9375,-0.18181818181818182,-0.6470588235294118,-0.058823529411764705,0.47058823529411764,-0.7058823529411765,0.35294117647058826
6,0,1,0,-0.7319884726224783,-0.6875,-0.6265148109245815,5,4,3,2,1,0,6,5,4,3,0,1,1,1,1,1,0,0,1,1,1,0,0,0,0,0,1,1,0,0,0,0,0,0,0,0,0,0,0,0,-0.3569942196531791,3.45184331797235,-0.49948186528497407,-0.39779507870659764,-0.34096721031994087,-0.36938114451326926,-0.5873895043079334,-0.6042296072507553,0.0,-0.31889895938234303,-0.75,0.1875,-0.9375,-0.4375,-0.9090909090909091,-0.17647058823529413,-0.6470588235294118,-0.058823529411764705,0.47058823529411764,-0.7058823529411765
0,0,0,1,2.5878962536023056,-0.25,3.396118394658269,6,5,4,3,2,1,0,6,5,4,0,0,1,1,1,1,1,0,0,1,1,1,0,0,0,0,0,1,1,0,0,0,0,0,0,0,0,0,0,0,-0.750057803468208,-0.3557603686635944,3.449856073690271,-0.4944024549639142,-0.39779507870659764,-0.34096721031994087,-0.3803849166386931,-0.5706612957368244,-0.6042296072507553,0.0,-0.6875,-0.75,0.1875,-0.9375,-0.42424242424242425,-0.8823529411764706,-0.17647058823529413,-0.6470588235294118,-0.058823529411764705,0.47058823529411764
1,1,0,0,-0.12680115273775217,0.0625,0.007466951870795272,0,6,5,4,3,2,1,0,6,5,0,0,0,1,1,1,1,1,0,0,0,1,1,0,0,0,0,0,1,1,1,0,0,0,0,0,0,0,0,0,2.5794219653179193,-0.7474654377880183,-0.3555555555555555,3.4039893163607426,-0.4944024549639142,-0.39779507870659764,-0.3524113237104174,-0.36365670806758416,-0.5706612957368244,-0.6042296072507553,-0.25,-0.6875,-0.75,0.1875,-0.9090909090909091,-0.4117647058823529,-0.8823529411764706,-0.17647058823529413,-0.6470588235294118,-0.058823529411764705
2,1,0,0,-0.30547550432276654,-0.9375,-0.25378278520244857,1,0,6,5,4,3,2,1,0,6,1,0,0,0,1,1,1,1,1,0,0,0,1,1,0,0,0,0,0,1,0,1,0,0,0,0,0,0,0,0,-0.14312138728323695,2.570506912442396,-0.747035118019574,-0.3523327839972722,3.4039893163607426,-0.4944024549639142,-0.4083585095669688,-0.3356831151393085,-0.36365670806758416,-0.5706612957368244,0.0625,-0.25,-0.6875,-0.75,0.18181818181818182,-0.8823529411764706,-0.4117647058823529,-0.8823529411764706,-0.17647058823529413,-0.6470588235294118
3,1,0,0,-0.760806916426513,-0.75,-0.6093000805748705,2,1,0,6,5,4,3,2,1,0,1,1,0,0,0,1,1,1,1,1,0,0,0,1,1,0,0,0,0,0,0,0,1,0,0,0,0,0,0,0,-0.32231213872832365,-0.142626728110599,2.5690270581462293,-0.7387622890265385,-0.3523327839972722,3.4039893163607426,-0.5034687255231062,-0.3916303009958599,-0.3356831151393085,-0.36365670806758416,-0.9375,0.0625,-0.25,-0.6875,-0.7272727272727273,0.17647058823529413,-0.8823529411764706,-0.4117647058823529,-0.8823529411764706,-0.17647058823529413
4,1,0,0,-0.6743515850144092,-1.0625,-0.6844484115863841,3,2,1,0,6,5,4,3,2,1,1,1,1,0,0,0,1,1,1,1,0,0,0,0,1,1,0,0,0,0,0,0,0,1,0,0,0,0,0,0,-0.7789595375722543,-0.32119815668202756,-0.14254461715601607,2.5345229300448935,-0.7387622890265385,-0.3523327839972722,3.3345082242363207,-0.48674051695199727,-0.3916303009958599,-0.3356831151393085,-0.75,-0.9375,0.0625,-0.25,-0.6666666666666666,-0.7058823529411765,0.17647058823529413,-0.8823529411764706,-0.4117647058823529,-0.8823529411764706
5,0,1,0,0.0,-0.1875,0.056631903213384974,4,3,2,1,0,6,5,4,3,2,1,1,1,1,0,0,0,1,1,1,0,0,0,0,0,1,1,0,0,0,0,0,0,0,1,0,0,0,0,0,-0.6922543352601156,-0.7762672811059906,-0.32101324122049507,-0.14206967096664203,2.5345229300448935,-0.7387622890265385,-0.36360076088172766,3.3512364328074296,-0.48674051695199727,-0.3916303009958599,-1.0625,-0.75,-0.9375,0.0625,-0.24242424242424243,-0.6470588235294118,-0.7058823529411765,0.17647058823529413,-0.8823529411764706,-0.4117647058823529
6,0,1,0,0.1844380403458213,-0.75,0.34286505826053704,5,4,3,2,1,0,6,5,4,3,0,1,1,1,1,0,0,0,1,1,1,0,0,0,0,0,1,1,0,0,0,0,0,0,0,1,0,0,0,0,-0.015953757225433473,-0.6898617511520736,-0.7758203799654577,-0.3182360629652781,-0.14206967096664203,2.5345229300448935,-0.7440416247062773,-0.34687255231061875,3.3512364328074296,-0.48674051695199727,-0.1875,-1.0625,-0.75,-0.9375,0.06060606060606061,-0.23529411764705882,-0.6470588235294118,-0.7058823529411765,0.17647058823529413,-0.8823529411764706
0,1,0,0,3.936599423631124,0.125,3.4445311906734757,6,5,4,3,2,1,0,6,5,4,0,0,1,1,1,1,0,0,0,1,1,1,0,0,0,0,0,1,1,0,0,0,0,0,0,0,1,0,0,0,0.16901734104046248,-0.015898617511520684,-0.6894645941278066,-0.7671762232198669,-0.3182360629652781,-0.14206967096664203,2.478516280631084,-0.7273134161351683,-0.34687255231061875,3.3512364328074296,-0.75,-0.1875,-1.0625,-0.75,-0.9090909090909091,0.058823529411764705,-0.23529411764705882,-0.6470588235294118,-0.7058823529411765,0.17647058823529413
1,1,0,0,-0.14985590778097982,-0.25,-0.20288083722599337,0,6,5,4,3,2,1,0,6,5,1,0,0,1,1,1,1,0,0,0,0,1,1,0,0,0,0,0,1,1,0,0,0,0,0,0,0,1,0,0,3.9320231213872834,0.16843317972350233,-0.015889464594127756,-0.6819344206398817,-0.7671762232198669,-0.3182360629652781,-0.15659617321248745,2.495244489202193,-0.7273134161351683,-0.34687255231061875,0.125,-0.75,-0.1875,-1.0625,-0.7272727272727273,-0.8823529411764706,0.058823529411764705,-0.23529411764705882,-0.6470588235294118,-0.7058823529411765
2,1,0,0,0.5821325648414986,-0.1875,0.3398559329380528,1,0,6,5,4,3,2,1,0,6,1,1,0,0,1,1,1,1,0,0,0,0,1,1,0,0,0,0,0,1,0,0,0,0,0,0,0,0,1,0,-0.16624277456647393,3.9184331797235017,0.168336211859528,-0.017048360515997042,-0.6819344206398817,-0.7671762232198669,-0.33003244936779685,-0.13986796464137854,2.495244489202193,-0.7273134161351683,-0.25,0.125,-0.75,-0.1875,-1.0303030303030303,-0.7058823529411765,-0.8823529411764706,0.058823529411764705,-0.23529411764705882,-0.6470588235294118
3,1,0,0,-0.005763688760806916,-0.5,-0.2901520237464022,2,1,0,6,5,4,3,2,1,0,1,1,1,0,0,1,1,1,1,0,0,0,0,1,1,0,0,0,0,0,0,0,0,0,0,0,0,0,0,1,0.5678612716763006,-0.16566820276497687,3.9161773172135868,0.16480081832130475,-0.017048360515997042,-0.6819344206398817,-0.7720152176345529,-0.3133042407966879,-0.13986796464137854,2.495244489202193,-0.1875,-0.25,0.125,-0.75,-0.18181818181818182,-1.0,-0.7058823529411765,-0.8823529411764706,0.058823529411764705,-0.23529411764705882
4,1,0,0,-0.22478386167146974,0.3125,-0.2135701118975953,3,2,1,0,6,5,4,3,2,1,1,1,1,1,0,0,1,1,1,1,0,0,0,0,1,1,0,0,0,0,0,0,0,0,0,0,0,0,0,0,-0.021734104046242722,0.5658986175115207,-0.16557282671272305,3.8642950502926627,0.16480081832130475,-0.017048360515997042,-0.6880944388497259,-0.755287009063444,-0.3133042407966879,-0.13986796464137854,-0.5,-0.1875,-0.25,0.125,-0.7272727272727273,-0.17647058823529413,-1.0,-0.7058823529411765,-0.8823529411764706,0.058823529411764705
5,0,1,0,-0.4034582132564842,-0.5625,-0.4283312063986796,4,3,2,1,0,6,5,4,3,2,1,1,1,1,1,0,0,1,1,1,0,0,0,0,0,1,1,0,0,0,0,0,0,0,0,0,0,0,0,0,-0.24138728323699415,-0.021658986175115153,0.5655728267127231,-0.16480081832130475,3.8642950502926627,0.16480081832130475,-0.03351236432807435,-0.671366230278617,-0.755287009063444,-0.3133042407966879,0.3125,-0.5,-0.1875,-0.25,0.12121212121212122,-0.7058823529411765,-0.17647058823529413,-1.0,-0.7058823529411765,-0.8823529411764706
6,0,1,0,-0.06340057636887608,-0.875,-0.06320339207436275,5,4,3,2,1,0,6,5,4,3,0,1,1,1,1,1,0,0,1,1,1,0,0,0,0,0,1,1,0,0,0,0,0,0,0,0,0,0,0,0,-0.4205780346820809,-0.240552995391705,-0.021646516983304498,0.5569131101892367,-0.16480081832130475,3.8642950502926627,0.14551863041289018,-0.016784155756965423,-0.671366230278617,-0.755287009063444,-0.5625,0.3125,-0.5,-0.1875,-0.24242424242424243,0.11764705882352941,-0.7058823529411765,-0.17647058823529413,-1.0,-0.7058823529411765
0,1,0,0,5.855907780979827,0.1875,5.5208933528755955,6,5,4,3,2,1,0,6,5,4,0,0,1,1,1,1,1,0,0,1,1,1,0,0,0,0,0,1,1,0,0,0,0,0,0,0,0,0,0,0,-0.0795375722543352,-0.41912442396313354,-0.2404145077720207,-0.022731147354662723,0.5569131101892367,-0.16480081832130475,3.787680429674387,0.1622468389839991,-0.016784155756965423,-0.671366230278617,-0.875,-0.5625,0.3125,-0.5,-0.18181818181818182,-0.23529411764705882,0.11764705882352941,-0.7058823529411765,-0.17647058823529413,-1.0
1,1,0,0,-0.069164265129683,-0.875,-0.05312145300885652,0,6,5,4,3,2,1,0,6,5,1,0,0,1,1,1,1,1,0,0,0,1,1,0,0,0,0,0,1,1,0,0,0,0,0,0,0,0,0,0,5.856878612716763,-0.07926267281105985,-0.41888313183649967,-0.2386770472239586,-0.022731147354662723,0.5569131101892367,-0.178975047555108,3.804408638245496,0.1622468389839991,-0.016784155756965423,0.1875,-0.875,-0.5625,0.3125,-0.48484848484848486,-0.17647058823529413,-0.23529411764705882,0.11764705882352941,-0.7058823529411765,-0.17647058823529413
2,1,0,0,-0.30547550432276654,0.3125,-0.22974422350756726,1,0,6,5,4,3,2,1,0,6,1,1,0,0,1,1,1,1,1,0,0,0,1,1,0,0,0,0,0,1,0,0,0,0,0,0,0,0,0,0,-0.08531791907514445,5.83663594470046,-0.07921704087507192,-0.4148434392225947,-0.2386770472239586,-0.022731147354662723,0.5315542128230949,-0.1622468389839991,3.804408638245496,0.1622468389839991,-0.875,0.1875,-0.875,-0.5625,0.30303030303030304,-0.47058823529411764,-0.17647058823529413,-0.23529411764705882,0.11764705882352941,-0.7058823529411765
3,1,0,0,-0.12103746397694524,-1.125,-0.282262373013937,2,1,0,6,5,4,3,2,1,0,1,1,1,0,0,1,1,1,1,1,0,0,0,1,1,0,0,0,0,0,0,0,0,0,0,0,0,0,0,0,-0.32231213872832365,-0.08502304147465431,5.833275762809442,-0.07955901574131953,-0.4148434392225947,-0.2386770472239586,-0.03910708291372949,0.5482824213942038,-0.1622468389839991,3.804408638245496,0.3125,-0.875,0.1875,-0.875,-0.5454545454545454,0.29411764705882354,-0.47058823529411764,-0.17647058823529413,-0.23529411764705882,0.11764705882352941
4,1,0,0,-0.7896253602305475,-0.125,-0.7094316615559754,3,2,1,0,6,5,4,3,2,1,1,1,1,1,0,0,1,1,1,1,0,0,0,0,1,1,0,0,0,0,0,0,0,0,0,0,0,0,0,0,-0.1373410404624277,-0.32119815668202756,-0.08497409326424865,5.756663067568335,-0.07955901574131953,-0.4148434392225947,-0.25170638916862487,-0.022378874342620564,0.5482824213942038,-0.1622468389839991,-1.125,0.3125,-0.875,0.1875,-0.8484848484848485,-0.5294117647058824,0.29411764705882354,-0.47058823529411764,-0.17647058823529413,-0.23529411764705882
5,0,1,0,-0.5244956772334294,-0.125,-0.4387064810017358,4,3,2,1,0,6,5,4,3,2,1,1,1,1,1,0,0,1,1,1,0,0,0,0,0,1,1,0,0,0,0,0,0,0,0,0,0,0,0,0,-0.8078612716763005,-0.13686635944700454,-0.32101324122049507,-0.08524180257998522,5.756663067568335,-0.07955901574131953,-0.42514266532393424,-0.23497818059751593,-0.022378874342620564,0.5482824213942038,-0.125,-1.125,0.3125,-0.875,0.18181818181818182,-0.8235294117647058,-0.5294117647058824,0.29411764705882354,-0.47058823529411764,-0.17647058823529413
6,0,1,0,-0.4265129682997118,-0.5,-0.2764845365466511,5,4,3,2,1,0,6,5,4,3,0,1,1,1,1,1,0,0,1,1,1,0,0,0,0,0,1,1,0,0,0,0,0,0,0,0,0,0,0,0,-0.5419653179190751,-0.805069124423963,-0.13678756476683934,-0.3182360629652781,-0.08524180257998522,5.756663067568335,-0.0950542687702809,-0.40841445675282534,-0.23497818059751593,-0.022378874342620564,-0.125,-0.125,-1.125,0.3125,-0.8484848484848485,0.17647058823529413,-0.8235294117647058,-0.5294117647058824,0.29411764705882354,-0.47058823529411764
0,1,0,0,0.414985590778098,-0.3125,0.4422076909688271,6,5,4,3,2,1,0,6,5,4,0,0,1,1,1,1,1,0,0,1,1,1,0,0,0,0,0,1,1,0,0,0,0,0,0,0,0,0,0,0,-0.44369942196531786,-0.5400921658986174,-0.8046056419113414,-0.13638688412797634,-0.3182360629652781,-0.08524180257998522,5.650721718697549,-0.07832606019917197,-0.40841445675282534,-0.23497818059751593,-0.5,-0.125,-0.125,-1.125,0.30303030303030304,-0.8235294117647058,0.17647058823529413,-0.8235294117647058,-0.5294117647058824,0.29411764705882354
1,1,0,0,0.553314121037464,-1.125,0.884496360018467,0,6,5,4,3,2,1,0,6,5,1,0,0,1,1,1,1,1,0,0,0,1,1,0,0,0,0,0,1,1,0,0,0,0,0,0,0,0,0,0,0.40023121387283245,-0.44216589861751143,-0.5397812320092112,-0.7955901574131953,-0.13638688412797634,-0.3182360629652781,-0.10064898735593604,5.667449927268658,-0.07832606019917197,-0.40841445675282534,-0.3125,-0.5,-0.125,-0.125,-1.0909090909090908,0.29411764705882354,-0.8235294117647058,0.17647058823529413,-0.8235294117647058,-0.5294117647058824
2,1,0,0,-0.4783861671469741,-0.9375,-0.4759594222533142,1,0,6,5,4,3,2,1,0,6,1,1,0,0,1,1,1,1,1,0,0,0,1,1,0,0,0,0,0,1,0,0,0,0,0,0,0,0,0,0,0.5389595375722543,0.3988479262672811,-0.44191134139320665,-0.534181962834574,-0.7955901574131953,-0.13638688412797634,-0.33003244936779685,-0.08392077878482712,5.667449927268658,-0.07832606019917197,-1.125,-0.3125,-0.5,-0.125,-0.12121212121212122,-1.0588235294117647,0.29411764705882354,-0.8235294117647058,0.17647058823529413,-0.8235294117647058
3,0,0,1,5.6023054755043225,-0.875,5.5503362774409855,2,1,0,6,5,4,3,2,1,0,1,1,1,0,0,1,1,1,1,1,0,0,0,1,1,0,0,0,0,0,0,0,0,0,0,0,0,0,0,0,-0.49572254335260113,0.5370967741935484,0.39861830742659765,-0.4375745865772574,-0.534181962834574,-0.7955901574131953,-0.15100145462683232,-0.3133042407966879,-0.08392077878482712,5.667449927268658,-0.9375,-1.125,-0.3125,-0.5,-0.12121212121212122,-0.11764705882352941,-1.0588235294117647,0.29411764705882354,-0.8235294117647058,0.17647058823529413
4,0,0,1,0.09798270893371758,-1.1875,0.18604327656803468,3,2,1,0,6,5,4,3,2,1,0,1,1,1,0,0,1,1,1,1,0,0,0,0,1,1,0,0,0,0,1,0,0,0,0,0,0,0,0,0,5.602543352601156,-0.49400921658986163,0.5367875647668394,0.39211229186793195,-0.4375745865772574,-0.534181962834574,-0.7999888105628287,-0.13427324605572338,-0.3133042407966879,-0.08392077878482712,-0.875,-0.9375,-1.125,-0.3125,-0.48484848484848486,-0.11764705882352941,-0.11764705882352941,-1.0588235294117647,0.29411764705882354,-0.8235294117647058
5,0,1,0,-0.5821325648414986,-1.1875,-0.4728148854512966,4,3,2,1,0,6,5,4,3,2,0,0,1,1,1,0,0,1,1,1,0,0,0,0,0,1,1,0,0,0,1,1,0,0,0,0,0,0,0,0,0.08231213872832376,5.583179723502304,-0.49372481289579734,0.5284991759959083,0.39211229186793195,-0.4375745865772574,-0.5426317556226922,-0.7832606019917198,-0.13427324605572338,-0.3133042407966879,-1.1875,-0.875,-0.9375,-1.125,-0.30303030303030304,-0.47058823529411764,-0.11764705882352941,-0.11764705882352941,-1.0588235294117647,0.29411764705882354
6,0,1,0,-0.414985590778098,-1.5,-0.2134021075805564,5,4,3,2,1,0,6,5,4,3,0,0,0,1,1,1,0,0,1,1,1,0,0,0,0,0,1,1,0,0,0,1,1,0,0,0,0,0,0,0,-0.5997687861271676,0.08202764976958529,5.579965457685665,-0.48871966812524853,0.5284991759959083,0.39211229186793195,-0.4475215396665548,-0.5259035470515833,-0.7832606019917198,-0.13427324605572338,-1.1875,-1.1875,-0.875,-0.9375,-1.0909090909090908,-0.29411764705882354,-0.47058823529411764,-0.11764705882352941,-0.11764705882352941,-1.0588235294117647
0,1,0,0,-0.414985590778098,0.0,-0.3949054034892481,6,5,4,3,2,1,0,6,5,4,0,0,0,0,1,1,1,0,0,1,1,1,0,0,0,0,0,1,1,0,0,0,1,1,0,0,0,0,0,0,-0.4321387283236994,-0.597695852534562,0.08198042602187686,5.5066204466670445,-0.48871966812524853,0.5284991759959083,0.36930737383909584,-0.4307933310954459,-0.5259035470515833,-0.7832606019917198,-1.5,-1.1875,-1.1875,-0.875,-0.9090909090909091,-1.0588235294117647,-0.29411764705882354,-0.47058823529411764,-0.11764705882352941,-0.11764705882352941
1,1,0,0,-0.8242074927953891,-0.3125,-0.7219841041035391,0,6,5,4,3,2,1,0,6,5,1,0,0,0,0,1,1,1,0,0,0,1,1,0,0,0,0,0,1,1,0,0,0,1,1,0,0,0,0,0,-0.4321387283236994,-0.4306451612903225,-0.5973517559009787,0.07955901574131953,5.5066204466670445,-0.48871966812524853,0.5035806198948192,0.38603558241020475,-0.4307933310954459,-0.5259035470515833,0.0,-1.5,-1.1875,-1.1875,-0.8484848484848485,-0.8823529411764706,-1.0588235294117647,-0.29411764705882354,-0.47058823529411764,-0.11764705882352941
2,1,0,0,-0.414985590778098,0.25,-0.38420168044638076,1,0,6,5,4,3,2,1,0,6,1,1,0,0,0,0,1,1,1,0,0,0,1,1,0,0,0,0,0,1,0,0,0,0,1,1,0,0,0,0,-0.842543352601156,-0.4306451612903225,-0.4303972366148532,-0.5910098312212309,0.07955901574131953,5.5066204466670445,-0.4978740069374511,0.5203088284659282,0.38603558241020475,-0.4307933310954459,-0.3125,0.0,-1.5,-1.1875,-1.1515151515151516,-0.8235294117647058,-0.8823529411764706,-1.0588235294117647,-0.29411764705882354,-0.47058823529411764
3,1,0,0,-0.6801152737752162,-0.125,-0.59805639165704,2,1,0,6,5,4,3,2,1,0,1,1,1,0,0,0,0,1,1,1,0,0,0,1,1,0,0,0,0,0,0,0,0,0,0,1,1,0,0,0,-0.4321387283236994,-0.8396313364055298,-0.4303972366148532,-0.4262090128999261,-0.5910098312212309,0.07955901574131953,5.404554100928723,-0.48114579836634214,0.5203088284659282,0.38603558241020475,0.25,-0.3125,0.0,-1.5,-1.1515151515151516,-1.1176470588235294,-0.8235294117647058,-0.8823529411764706,-1.0588235294117647,-0.29411764705882354
4,1,0,0,-0.6282420749279539,-0.0625,-0.6477722291552004,3,2,1,0,6,5,4,3,2,1,1,1,1,1,0,0,0,0,1,1,0,0,0,0,1,1,0,0,0,0,0,0,0,0,0,0,1,1,0,0,-0.6980346820809248,-0.4306451612903225,-0.8391479562464018,-0.4262090128999261,-0.4262090128999261,-0.5910098312212309,0.061597851628063055,5.421282309499832,-0.48114579836634214,0.5203088284659282,-0.125,0.25,-0.3125,0.0,-1.4545454545454546,-1.1176470588235294,-1.1176470588235294,-0.8235294117647058,-0.8823529411764706,-1.0588235294117647
5,0,1,0,-0.4668587896253602,-1.25,-0.48298502678324823,4,3,2,1,0,6,5,4,3,2,1,1,1,1,1,0,0,0,0,1,0,0,0,0,0,1,1,0,0,0,0,0,0,0,0,0,0,1,1,0,-0.6460115606936415,-0.695622119815668,-0.4303972366148532,-0.8296868784451894,-0.4262090128999261,-0.4262090128999261,-0.5985789414792436,0.07832606019917197,5.421282309499832,-0.48114579836634214,-0.0625,-0.125,0.25,-0.3125,0.0,-1.411764705882353,-1.1176470588235294,-1.1176470588235294,-0.8235294117647058,-0.8823529411764706
6,0,1,0,-0.3861671469740634,-0.9375,-0.1961976254941847,5,4,3,2,1,0,6,5,4,3,0,1,1,1,1,1,0,0,0,0,1,0,0,0,0,0,1,1,0,0,0,0,0,0,0,0,0,0,1,1,-0.4841618497109826,-0.6437788018433178,-0.6952216465169833,-0.4262090128999261,-0.8296868784451894,-0.4262090128999261,-0.4363321024952445,-0.5818507329081347,0.07832606019917197,5.421282309499832,-1.25,-0.0625,-0.125,0.25,-0.30303030303030304,0.0,-1.411764705882353,-1.1176470588235294,-1.1176470588235294,-0.8235294117647058
0,1,0,0,4.593659942363113,-0.3125,4.3967640352486494,6,5,4,3,2,1,0,6,5,4,0,0,1,1,1,1,1,0,0,0,1,1,0,0,0,0,0,1,1,0,0,0,0,0,0,0,0,0,0,1,-0.40323699421965314,-0.4824884792626727,-0.6434081750143926,-0.6876172074785474,-0.4262090128999261,-0.8296868784451894,-0.4363321024952445,-0.4196038939241356,-0.5818507329081347,0.07832606019917197,-0.9375,-1.25,-0.0625,-0.125,0.24242424242424243,-0.29411764705882354,0.0,-1.411764705882353,-1.1176470588235294,-1.1176470588235294
1,1,0,0,-0.5821325648414986,-0.375,-0.47774010000960987,0,6,5,4,3,2,1,0,6,5,1,0,0,1,1,1,1,1,0,0,0,1,1,0,0,0,0,0,1,1,0,0,0,0,0,0,0,0,0,0,4.590982658959538,-0.4018433179723501,-0.4822107081174438,-0.6364721259305562,-0.6876172074785474,-0.4262090128999261,-0.8335571220767596,-0.4196038939241356,-0.4196038939241356,-0.5818507329081347,-0.3125,-0.9375,-1.25,-0.0625,-0.12121212121212122,0.23529411764705882,-0.29411764705882354,0.0,-1.411764705882353,-1.1176470588235294
2,1,0,0,0.25936599423631124,-0.5625,0.19930940145437978,1,0,6,5,4,3,2,1,0,6,1,1,0,0,1,1,1,1,1,0,0,0,1,1,0,0,0,0,0,1,0,0,0,0,0,0,0,0,0,0,-0.5997687861271676,4.575115207373272,-0.4016119746689695,-0.4773540944479172,-0.6364721259305562,-0.6876172074785474,-0.4363321024952445,-0.8168289135056507,-0.4196038939241356,-0.4196038939241356,-0.375,-0.3125,-0.9375,-1.25,-0.06060606060606061,-0.11764705882352941,0.23529411764705882,-0.29411764705882354,0.0,-1.411764705882353
3,0,0,1,-0.5878962536023055,-1.125,-0.5689839166107212,2,1,0,6,5,4,3,2,1,0,1,1,1,0,0,1,1,1,1,1,0,0,0,1,1,0,0,0,0,0,0,0,0,0,0,0,0,0,0,0,0.2441618497109827,-0.597695852534562,4.572481289579735,-0.39779507870659764,-0.4773540944479172,-0.6364721259305562,-0.6936891574353811,-0.4196038939241356,-0.8168289135056507,-0.4196038939241356,-0.5625,-0.375,-0.3125,-0.9375,-1.2121212121212122,-0.058823529411764705,-0.11764705882352941,0.23529411764705882,-0.29411764705882354,0.0
4,1,0,0,-0.8472622478386167,-0.4375,-0.8077743325692497,3,2,1,0,6,5,4,3,2,1,0,1,1,1,0,0,1,1,1,1,0,0,0,0,1,1,0,0,0,0,1,0,0,0,0,0,0,0,0,0,-0.6055491329479769,0.24331797235023042,-0.5973517559009787,4.512132749900551,-0.39779507870659764,-0.4773540944479172,-0.6433366901644847,-0.676960948864272,-0.4196038939241356,-0.8168289135056507,-1.125,-0.5625,-0.375,-0.3125,-0.9090909090909091,-1.1764705882352942,-0.058823529411764705,-0.11764705882352941,0.23529411764705882,-0.29411764705882354
5,0,1,0,3.9827089337175794,-0.5625,2.7423626917517274,4,3,2,1,0,6,5,4,3,2,1,0,1,1,1,0,0,1,1,1,0,0,0,0,0,1,1,0,0,0,0,1,0,0,0,0,0,0,0,0,-0.865664739884393,-0.6034562211981566,0.24317789291882563,-0.5910098312212309,4.512132749900551,-0.39779507870659764,-0.4866845697661408,-0.6266084815933758,-0.676960948864272,-0.4196038939241356,-0.4375,-1.125,-0.5625,-0.375,-0.30303030303030304,-0.8823529411764706,-1.1764705882352942,-0.058823529411764705,-0.11764705882352941,0.23529411764705882
6,0,1,0,-0.899135446685879,-1.8125,-0.7793726987608673,5,4,3,2,1,0,6,5,4,3,0,1,0,1,1,1,0,0,1,1,1,0,0,0,0,0,1,1,0,0,0,0,1,0,0,0,0,0,0,0,3.9782658959537573,-0.8626728110599077,-0.6031088082901555,0.2386770472239586,-0.5910098312212309,4.512132749900551,-0.4083585095669688,-0.46995636119503187,-0.6266084815933758,-0.676960948864272,-0.5625,-0.4375,-1.125,-0.5625,-0.36363636363636365,-0.29411764705882354,-0.8823529411764706,-1.1764705882352942,-0.058823529411764705,-0.11764705882352941
0,1,0,0,-0.7896253602305475,-0.25,-0.7471511507959708,6,5,4,3,2,1,0,6,5,4,0,0,1,0,1,1,1,0,0,1,1,1,0,0,0,0,0,1,1,0,0,0,0,1,0,0,0,0,0,0,-0.9176878612716762,3.9645161290322575,-0.8621761658031089,-0.5966926180598965,0.2386770472239586,-0.5910098312212309,4.425478348439073,-0.3916303009958599,-0.46995636119503187,-0.6266084815933758,-1.8125,-0.5625,-0.4375,-1.125,-0.5454545454545454,-0.35294117647058826,-0.29411764705882354,-0.8823529411764706,-1.1764705882352942,-0.058823529411764705
1,1,0,0,-0.6397694524495677,-0.8125,-0.539628858303143,0,6,5,4,3,2,1,0,6,5,1,0,0,1,0,1,1,1,0,0,0,1,1,0,0,0,0,0,1,1,0,0,0,0,1,0,0,0,0,0,-0.8078612716763005,-0.9145161290322579,3.962233736327001,-0.8524180257998522,-0.5966926180598965,0.2386770472239586,-0.5985789414792436,4.4422065570101825,-0.3916303009958599,-0.46995636119503187,-0.25,-1.8125,-0.5625,-0.4375,-1.0909090909090908,-0.5294117647058824,-0.35294117647058826,-0.29411764705882354,-0.8823529411764706,-1.1764705882352942
2,1,0,0,-0.29394812680115273,-1.0,-0.3487463853871189,1,0,6,5,4,3,2,1,0,6,1,1,0,0,1,0,1,1,1,0,0,0,1,1,0,0,0,0,0,1,0,0,0,0,0,1,0,0,0,0,-0.65757225433526,-0.805069124423963,-0.9139896373056995,3.9097573450019882,-0.8524180257998522,-0.5966926180598965,0.218249972026407,-0.5818507329081347,4.4422065570101825,-0.3916303009958599,-0.8125,-0.25,-1.8125,-0.5625,-0.42424242424242425,-1.0588235294117647,-0.5294117647058824,-0.35294117647058826,-0.29411764705882354,-0.8823529411764706
3,1,0,0,-0.9855907780979827,-1.1875,-0.8941087270178495,2,1,0,6,5,4,3,2,1,0,1,1,1,0,0,1,0,1,1,1,0,0,0,1,1,0,0,0,0,0,0,0,0,0,0,0,1,0,0,0,-0.31075144508670516,-0.6552995391705068,-0.8046056419113414,-0.9035631073478433,3.9097573450019882,-0.8524180257998522,-0.6041736600648988,0.23497818059751593,-0.5818507329081347,4.4422065570101825,-1.0,-0.8125,-0.25,-1.8125,-0.5454545454545454,-0.4117647058823529,-1.0588235294117647,-0.5294117647058824,-0.35294117647058826,-0.29411764705882354
4,1,0,0,2.409221902017291,-1.0625,2.39629765526455,3,2,1,0,6,5,4,3,2,1,1,1,1,1,0,0,1,0,1,1,0,0,0,0,1,1,0,0,0,0,0,0,0,0,0,0,0,1,0,0,-1.004393063583815,-0.3096774193548386,-0.6549222797927461,-0.7955901574131953,-0.9035631073478433,3.9097573450019882,-0.8559359964193801,-0.5874454514937898,0.23497818059751593,-0.5818507329081347,-1.1875,-1.0,-0.8125,-0.25,-1.7575757575757576,-0.5294117647058824,-0.4117647058823529,-1.0588235294117647,-0.5294117647058824,-0.35294117647058826
5,0,1,0,-0.5936599423631124,-0.75,-0.5569450632603455,4,3,2,1,0,6,5,4,3,2,1,1,1,1,1,0,0,1,0,1,0,0,0,0,0,1,1,0,0,0,0,0,0,0,0,0,0,0,1,0,2.4002312138728326,-1.000921658986175,-0.3094991364421416,-0.6478376996078876,-0.7955901574131953,-0.9035631073478433,3.832438178359628,-0.8392077878482712,-0.5874454514937898,0.23497818059751593,-1.0625,-1.1875,-1.0,-0.8125,-0.24242424242424243,-1.7058823529411764,-0.5294117647058824,-0.4117647058823529,-1.0588235294117647,-0.5294117647058824
6,0,1,0,-0.25936599423631124,-0.8125,-0.1360774486461204,5,4,3,2,1,0,6,5,4,3,0,1,1,1,1,1,0,0,1,0,1,0,0,0,0,0,1,1,0,0,0,0,0,0,0,0,0,0,0,1,-0.611329479768786,2.3919354838709674,-1.0003454231433506,-0.30687048928794675,-0.6478376996078876,-0.7955901574131953,-0.9062884636902764,3.849166386930737,-0.8392077878482712,-0.5874454514937898,-0.75,-1.0625,-1.1875,-1.0,-0.7878787878787878,-0.23529411764705882,-1.7058823529411764,-0.5294117647058824,-0.4117647058823529,-1.0588235294117647
0,1,0,0,0.06340057636887608,0.0,0.07798491590039898,6,5,4,3,2,1,0,6,5,4,0,0,1,1,1,1,1,0,0,1,1,1,0,0,0,0,0,1,1,0,0,0,0,0,0,0,0,0,0,0,-0.2760693641618497,-0.609216589861751,2.3905584340817505,-0.9888049099278284,-0.30687048928794675,-0.6478376996078876,-0.7999888105628287,-0.8895602551191675,3.849166386930737,-0.8392077878482712,-0.8125,-0.75,-1.0625,-1.1875,-0.9696969696969697,-0.7647058823529411,-0.23529411764705882,-1.7058823529411764,-0.5294117647058824,-0.4117647058823529
1,1,0,0,-0.1037463976945245,0.125,0.040091542192268174,0,6,5,4,3,2,1,0,6,5,1,0,0,1,1,1,1,1,0,0,0,1,1,0,0,0,0,0,1,1,0,0,0,0,0,0,0,0,0,0,0.04763005780346826,-0.2751152073732718,-0.6088658606793321,2.3583565380462574,-0.9888049099278284,-0.30687048928794675,-0.6545261273357951,-0.7832606019917198,-0.8895602551191675,3.849166386930737,0.0,-0.8125,-0.75,-1.0625,-1.1515151515151516,-0.9411764705882353,-0.7647058823529411,-0.23529411764705882,-1.7058823529411764,-0.5294117647058824
2,1,0,0,0.19596541786743515,0.125,0.22151066793812335,1,0,6,5,4,3,2,1,0,6,1,1,0,0,1,1,1,1,1,0,0,0,1,1,0,0,0,0,0,1,0,0,0,0,0,0,0,0,0,0,-0.11999999999999995,0.047465437788018476,-0.27495682210708117,-0.6023754048985621,2.3583565380462574,-0.9888049099278284,-0.31884301219648653,-0.6377979187646861,-0.7832606019917198,-0.8895602551191675,0.125,0.0,-0.8125,-0.75,-1.0303030303030303,-1.1176470588235294,-0.9411764705882353,-0.7647058823529411,-0.23529411764705882,-1.7058823529411764
3,1,0,0,-0.07492795389048991,-1.25,-0.28385774200853864,2,1,0,6,5,4,3,2,1,0,1,1,1,0,0,1,1,1,1,1,0,0,0,1,1,0,0,0,0,0,0,0,0,0,0,0,0,0,0,0,0.18057803468208097,-0.11958525345622113,0.04743811168681641,-0.2727737682559527,-0.6023754048985621,2.3583565380462574,-0.9902092424751036,-0.3021148036253776,-0.6377979187646861,-0.7832606019917198,0.125,0.125,0.0,-0.8125,-0.7272727272727273,-1.0,-1.1176470588235294,-0.9411764705882353,-0.7647058823529411,-0.23529411764705882
4,1,0,0,-0.484149855907781,-1.375,-0.5188421881688672,3,2,1,0,6,5,4,3,2,1,1,1,1,1,0,0,1,1,1,1,0,0,0,0,1,1,0,0,0,0,0,0,0,0,0,0,0,0,0,0,-0.0910982658959537,0.17995391705069128,-0.11951640759930911,0.045462294709325446,-0.2727737682559527,-0.6023754048985621,2.3050800044757747,-0.9734810339039945,-0.3021148036253776,-0.6377979187646861,-1.25,0.125,0.125,0.0,-0.7878787878787878,-0.7058823529411765,-1.0,-1.1176470588235294,-0.9411764705882353,-0.7647058823529411
5,0,1,0,0.11527377521613832,-0.6875,-0.12832656947952933,4,3,2,1,0,6,5,4,3,2,1,1,1,1,1,0,0,1,1,1,0,0,0,0,0,1,1,0,0,0,0,0,0,0,0,0,0,0,0,0,-0.5015028901734103,-0.09078341013824878,0.17985031663788148,-0.1193385236119793,0.045462294709325446,-0.2727737682559527,-0.6097683786505539,2.3218082130468836,-0.9734810339039945,-0.3021148036253776,-1.375,-1.25,0.125,0.125,0.0,-0.7647058823529411,-0.7058823529411765,-1.0,-1.1176470588235294,-0.9411764705882353
6,0,1,0,-0.3631123919308357,-0.8125,-0.315513115425014,5,4,3,2,1,0,6,5,4,3,0,1,1,1,1,1,0,0,1,1,1,0,0,0,0,0,1,1,0,0,0,0,0,0,0,0,0,0,0,0,0.09965317919075149,-0.4997695852534561,-0.0907311456534254,0.1761663919986361,-0.1193385236119793,0.045462294709325446,-0.2852747006825557,-0.593040170079445,2.3218082130468836,-0.9734810339039945,-0.6875,-1.375,-1.25,0.125,0.12121212121212122,0.0,-0.7647058823529411,-0.7058823529411765,-1.0,-1.1176470588235294
0,1,0,0,0.14985590778097982,0.75,0.033145403704293586,6,5,4,3,2,1,0,6,5,4,0,0,1,1,1,1,1,0,0,1,1,1,0,0,0,0,0,1,1,0,0,0,0,0,0,0,0,0,0,0,-0.3801156069364161,0.0993087557603687,-0.49948186528497407,-0.09092458941865089,0.1761663919986361,-0.1193385236119793,0.028029540114132206,-0.26854649211144677,-0.593040170079445,2.3218082130468836,-0.8125,-0.6875,-1.375,-1.25,0.12121212121212122,0.11764705882352941,0.0,-0.7647058823529411,-0.7058823529411765,-1.0
1,1,0,0,-0.4092219020172911,-0.1875,-0.3721989480241684,0,6,5,4,3,2,1,0,6,5,1,0,0,1,1,1,1,1,0,0,0,1,1,0,0,0,0,0,1,1,0,0,0,0,0,0,0,0,0,0,0.13433526011560698,-0.37880184331797223,0.09925158318940708,-0.4944024549639142,-0.09092458941865089,0.1761663919986361,-0.13421729886986689,0.04475774868524113,-0.26854649211144677,-0.593040170079445,0.75,-0.8125,-0.6875,-1.375,-1.2121212121212122,0.11764705882352941,0.11764705882352941,0.0,-0.7647058823529411,-0.7058823529411765
2,1,0,0,0.7838616714697406,0.875,0.5697666487238056,1,0,6,5,4,3,2,1,0,6,1,1,0,0,1,1,1,1,1,0,0,0,1,1,0,0,0,0,0,1,0,0,0,0,0,0,0,0,0,0,-0.4263583815028901,0.13387096774193552,-0.3785837651122625,0.09660737625731658,-0.4944024549639142,-0.09092458941865089,0.15670806758420044,-0.11748909029875797,0.04475774868524113,-0.26854649211144677,-0.1875,0.75,-0.8125,-0.6875,-1.3333333333333333,-1.1764705882352942,0.11764705882352941,0.11764705882352941,0.0,-0.7647058823529411
3,1,0,0,-0.9337175792507204,-2.125,-0.8529364130540699,2,1,0,6,5,4,3,2,1,0,1,1,1,0,0,1,1,1,1,1,0,0,0,1,1,0,0,0,0,0,0,0,0,0,0,0,0,0,0,0,0.7701734104046243,-0.424884792626728,0.13379389752446752,-0.37506393135193494,0.09660737625731658,-0.4944024549639142,-0.10624370594159119,0.17343627615530938,-0.11748909029875797,0.04475774868524113,0.875,-0.1875,0.75,-0.8125,-0.6666666666666666,-1.2941176470588236,-1.1764705882352942,0.11764705882352941,0.11764705882352941,0.0
4,1,0,0,-0.4522766570605187,0.3125,-0.6231626207867037,3,2,1,0,6,5,4,3,2,1,1,1,1,1,0,0,1,1,1,1,0,0,0,0,1,1,0,0,0,0,0,0,0,0,0,0,0,0,0,0,-0.9523699421965317,0.7675115207373271,-0.42464018422567645,0.13070409728931065,-0.37506393135193494,0.09660737625731658,-0.5034687255231062,-0.08951549737048226,0.17343627615530938,-0.11748909029875797,-2.125,0.875,-0.1875,0.75,-0.7878787878787878,-0.6470588235294118,-1.2941176470588236,-1.1764705882352942,0.11764705882352941,0.11764705882352941
5,0,1,0,-0.44224783861671474,1.4375,-0.5836372531428567,4,3,2,1,0,6,5,4,3,2,1,1,1,1,1,0,0,1,1,1,0,0,0,0,0,1,1,0,0,0,0,0,0,0,0,0,0,0,0,0,-0.4695375722543352,-0.9490783410138247,0.7670696603339091,-0.4205262260612604,0.13070409728931065,-0.37506393135193494,0.07838200738502848,-0.48674051695199727,-0.08951549737048226,0.17343627615530938,0.3125,-2.125,0.875,-0.1875,0.7272727272727273,-0.7647058823529411,-0.6470588235294118,-1.2941176470588236,-1.1764705882352942,0.11764705882352941
6,0,1,0,-0.145014409221902,0.4375,-0.3668681710445232,5,4,3,2,1,0,6,5,4,3,0,1,1,1,1,1,0,0,1,1,1,0,0,0,0,0,1,1,0,0,0,0,0,0,0,0,0,0,0,0,-0.4594797687861271,-0.4679147465437787,-0.94853195164076,0.7558106495425355,-0.4205262260612604,0.13070409728931065,-0.38597963522434825,0.0951102159561374,-0.48674051695199727,-0.08951549737048226,1.4375,0.3125,-2.125,0.875,-0.18181818181818182,0.7058823529411765,-0.7647058823529411,-0.6470588235294118,-1.2941176470588236,-1.1764705882352942
0,1,0,0,0.06270893371757923,0.5625,-0.212174836044587,6,5,4,3,2,1,0,6,5,4,0,0,1,1,1,1,1,0,0,1,1,1,0,0,0,0,0,1,1,0,0,0,0,0,0,0,0,0,0,0,-0.16138728323699414,-0.45789170506912436,-0.4676453655728267,-0.9376598283798373,0.7558106495425355,-0.4205262260612604,0.11195031889895933,-0.36925142665323935,0.0951102159561374,-0.48674051695199727,0.4375,1.4375,0.3125,-2.125,0.8484848484848485,-0.17647058823529413,0.7058823529411765,-0.7647058823529411,-0.6470588235294118,-1.2941176470588236
1,1,0,0,0.9569452449567721,-0.1875,0.46640535275194434,0,6,5,4,3,2,1,0,6,5,1,0,0,1,1,1,1,1,0,0,0,1,1,0,0,0,0,0,1,1,0,0,0,0,0,0,0,0,0,0,0.04693641618497112,-0.1608294930875575,-0.45762809441565916,-0.462976643746093,-0.9376598283798373,0.7558106495425355,-0.4307373839095894,0.12867852747006825,-0.36925142665323935,0.0951102159561374,0.5625,0.4375,1.4375,0.3125,-2.0606060606060606,0.8235294117647058,-0.17647058823529413,0.7058823529411765,-0.7647058823529411,-0.6470588235294118
2,1,0,0,0.6152161383285303,0.625,0.055596324603157006,1,0,6,5,4,3,2,1,0,6,1,1,0,0,1,1,1,1,1,0,0,0,1,1,0,0,0,0,0,1,0,0,0,0,0,0,0,0,0,0,0.9437572254335259,0.04677419354838712,-0.16073690270581456,-0.4530885946468147,-0.462976643746093,-0.9376598283798373,0.7273693633210249,-0.4140091753384805,0.12867852747006825,-0.36925142665323935,-0.1875,0.5625,0.4375,1.4375,0.30303030303030304,-2.0,0.8235294117647058,-0.17647058823529413,0.7058823529411765,-0.7647058823529411
3,1,0,0,-0.7954466858789625,-0.0625,-0.8252419094161043,2,1,0,6,5,4,3,2,1,0,1,1,1,0,0,1,1,1,1,1,0,0,0,1,1,0,0,0,0,0,0,0,0,0,0,0,0,0,0,0,0.6010404624277458,0.9404953917050689,0.04674726540011517,-0.16002727737682554,-0.4530885946468147,-0.462976643746093,-0.9398567752042072,0.7440975718921338,-0.4140091753384805,0.12867852747006825,0.625,-0.1875,0.5625,0.4375,1.393939393939394,0.29411764705882354,-2.0,0.8235294117647058,-0.17647058823529413,0.7058823529411765
4,1,0,0,-0.4688184438040346,0.0,-0.5592389942051951,3,2,1,0,6,5,4,3,2,1,1,1,1,1,0,0,1,1,1,1,0,0,0,0,1,1,0,0,0,0,0,0,0,0,0,0,0,0,0,0,-0.8136994219653179,0.598963133640553,0.9399539435808866,0.04478036028868554,-0.16002727737682554,-0.4530885946468147,-0.47252993174443325,-0.9231285666330983,0.7440975718921338,-0.4140091753384805,-0.0625,0.625,-0.1875,0.5625,0.42424242424242425,1.3529411764705883,0.29411764705882354,-2.0,0.8235294117647058,-0.17647058823529413
5,0,1,0,-0.9044956772334294,0.25,-0.8536848722864783,4,3,2,1,0,6,5,4,3,2,1,1,1,1,1,0,0,1,1,1,0,0,0,0,0,1,1,0,0,0,0,0,0,0,0,0,0,0,0,0,-0.48612716763005775,-0.8108870967741933,0.5986183074265977,0.9264647383076657,0.04478036028868554,-0.16002727737682554,-0.46279512140539336,-0.45580172317332435,-0.9231285666330983,0.7440975718921338,0.0,-0.0625,0.625,-0.1875,0.5454545454545454,0.4117647058823529,1.3529411764705883,0.29411764705882354,-2.0,0.8235294117647058
6,0,1,0,-0.6919884726224784,0.25,-0.7177344349040393,5,4,3,2,1,0,6,5,4,3,0,1,1,1,1,1,0,0,1,1,1,0,0,0,0,0,1,1,0,0,0,0,0,0,0,0,0,0,0,0,-0.9230635838150288,-0.4844470046082948,-0.8104202648244099,0.5895323066431778,0.9264647383076657,0.04478036028868554,-0.17427548394315767,-0.44606691283428446,-0.45580172317332435,-0.9231285666330983,0.25,0.0,-0.0625,0.625,-0.18181818181818182,0.5294117647058824,0.4117647058823529,1.3529411764705883,0.29411764705882354,-2.0
0,0,0,1,0.35175792507204595,0.5,-0.1200237961314654,6,5,4,3,2,1,0,6,5,4,0,0,1,1,1,1,1,0,0,1,1,1,0,0,0,0,0,1,1,0,0,0,0,0,0,0,0,0,0,0,-0.7099421965317919,-0.9198732718894008,-0.48416810592976395,-0.8013297721202476,0.5895323066431778,0.9264647383076657,0.027358173883853563,-0.15754727537204877,-0.44606691283428446,-0.45580172317332435,0.25,0.25,0.0,-0.0625,0.6060606060606061,-0.17647058823529413,0.5294117647058824,0.4117647058823529,1.3529411764705883,0.29411764705882354
1,1,0,0,0.5510662824207494,0.0,0.2991822557872447,0,6,5,4,3,2,1,0,6,5,0,0,0,1,1,1,1,1,0,0,0,1,1,0,0,0,0,0,1,1,1,0,0,0,0,0,0,0,0,0,0.3368208092485548,-0.7074884792626727,-0.9193436960276339,-0.4792862419730635,-0.8013297721202476,0.5895323066431778,0.8953787624482487,0.044086382454962485,-0.15754727537204877,-0.44606691283428446,0.5,0.25,0.25,0.0,-0.06060606060606061,0.5882352941176471,-0.17647058823529413,0.5294117647058824,0.4117647058823529,1.3529411764705883
2,1,0,0,0.5832853025936598,0.5625,0.3450931315131074,1,0,6,5,4,3,2,1,0,6,1,0,0,0,1,1,1,1,1,0,0,0,1,1,0,0,0,0,0,1,0,1,0,0,0,0,0,0,0,0,0.5367052023121388,0.33565668202764964,-0.7070811744386875,-0.9088480991078024,-0.4792862419730635,-0.8013297721202476,0.5636678975047554,0.9121069710193576,0.044086382454962485,-0.15754727537204877,0.0,0.5,0.25,0.25,0.0,-0.058823529411764705,0.5882352941176471,-0.17647058823529413,0.5294117647058824,0.4117647058823529
3,1,0,0,0.6473775216138328,0.3125,0.5693703265399108,2,1,0,6,5,4,3,2,1,0,1,1,0,0,0,1,1,1,1,1,0,0,0,1,1,0,0,0,0,0,0,0,1,0,0,0,0,0,0,0,0.5690173410404624,0.5348502304147466,0.33546344271732864,-0.6993237483661987,-0.9088480991078024,-0.4792862419730635,-0.8056394763343403,0.5803961060758644,0.9121069710193576,0.044086382454962485,0.5625,0.0,0.5,0.25,0.24242424242424243,0.0,-0.058823529411764705,0.5882352941176471,-0.17647058823529413,0.5294117647058824
4,1,0,0,0.6855907780979826,1.25,0.5960030428941903,3,2,1,0,6,5,4,3,2,1,1,1,1,0,0,0,1,1,1,1,0,0,0,0,1,1,0,0,0,0,0,0,0,1,0,0,0,0,0,0,0.6332947976878612,0.5670506912442396,0.5345423143350606,0.3297721202477693,-0.6993237483661987,-0.9088480991078024,-0.4885867740852636,-0.7889112677632314,0.5803961060758644,0.9121069710193576,0.3125,0.5625,0.0,0.5,0.24242424242424243,0.23529411764705882,0.0,-0.058823529411764705,0.5882352941176471,-0.17647058823529413
5,0,1,0,-0.004899135446685846,0.0,0.1284204838927541,4,3,2,1,0,6,5,4,3,2,1,1,1,1,0,0,0,1,1,1,0,0,0,0,0,1,1,0,0,0,0,0,0,0,1,0,0,0,0,0,0.6716184971098266,0.6311059907834101,0.5667242371905584,0.5262828891288288,0.3297721202477693,-0.6993237483661987,-0.9114915519749357,-0.4718585655141546,-0.7889112677632314,0.5803961060758644,1.25,0.3125,0.5625,0.0,0.48484848484848486,0.23529411764705882,0.23529411764705882,0.0,-0.058823529411764705,0.5882352941176471
6,0,1,0,0.03452449567723348,-0.125,0.1544142798293345,5,4,3,2,1,0,6,5,4,3,0,1,1,1,1,0,0,0,1,1,1,0,0,0,0,0,1,1,0,0,0,0,0,0,0,1,0,0,0,0,-0.0208670520231213,0.6692972350230414,0.6307426597582039,0.5580496675569698,0.5262828891288288,0.3297721202477693,-0.7052142777218307,-0.8947633434038268,-0.4718585655141546,-0.7889112677632314,0.0,1.25,0.3125,0.5625,0.0,0.47058823529411764,0.23529411764705882,0.23529411764705882,0.0,-0.058823529411764705
0,1,0,0,1.5525072046109512,1.375,1.3756215319708855,6,5,4,3,2,1,0,6,5,4,0,0,1,1,1,1,0,0,0,1,1,1,0,0,0,0,0,1,1,0,0,0,0,0,0,0,1,0,0,0,0.018670520231213978,-0.020794930875575948,0.6689119170984457,0.6212422572029321,0.5580496675569698,0.5262828891288288,0.30793331095445875,-0.6884860691507217,-0.8947633434038268,-0.4718585655141546,-0.125,0.0,1.25,0.3125,0.5454545454545454,0.0,0.47058823529411764,0.23529411764705882,0.23529411764705882,0.0
1,1,0,0,-0.5540057636887609,-0.25,-0.5026321236350489,0,6,5,4,3,2,1,0,6,5,1,0,0,1,1,1,1,0,0,0,0,1,1,0,0,0,0,0,1,1,0,0,0,0,0,0,0,1,0,0,1.5410404624277458,0.018605990783410242,-0.020782959124927954,0.6589191339432856,0.6212422572029321,0.5580496675569698,0.5013986796464138,0.3246615195255677,-0.6884860691507217,-0.8947633434038268,1.375,-0.125,0.0,1.25,0.30303030303030304,0.5294117647058824,0.0,0.47058823529411764,0.23529411764705882,0.23529411764705882
2,1,0,0,-0.290028818443804,1.0625,-0.18343820162802904,1,0,6,5,4,3,2,1,0,6,1,1,0,0,1,1,1,1,0,0,0,0,1,1,0,0,0,0,0,1,0,0,0,0,0,0,0,0,1,0,-0.5715606936416184,1.5357142857142856,0.01859527921704098,-0.02187872932886284,0.6589191339432856,0.6212422572029321,0.5326731565402258,0.5181268882175227,0.3246615195255677,-0.6884860691507217,-0.25,1.375,-0.125,0.0,1.2121212121212122,0.29411764705882354,0.5294117647058824,0.0,0.47058823529411764,0.23529411764705882
3,1,0,0,0.47262247838616717,0.5,0.43701568555505604,2,1,0,6,5,4,3,2,1,0,1,1,1,0,0,1,1,1,1,0,0,0,0,1,1,0,0,0,0,0,0,0,0,0,0,0,0,0,0,1,-0.3068208092485548,-0.5695852534562211,1.5348301669545195,0.016991532647610438,-0.02187872932886284,0.6589191339432856,0.5948864272127111,0.5494013651113349,0.5181268882175227,0.3246615195255677,1.0625,-0.25,1.375,-0.125,0.0,1.1764705882352942,0.29411764705882354,0.5294117647058824,0.0,0.47058823529411764
4,1,0,0,0.8069164265129684,1.0,0.7850364602968838,3,2,1,0,6,5,4,3,2,1,1,1,1,1,0,0,1,1,1,1,0,0,0,0,1,1,0,0,0,0,0,0,0,0,0,0,0,0,0,0,0.4580346820809249,-0.30576036866359435,-0.5692573402417962,1.5136671023469908,0.016991532647610438,-0.02187872932886284,0.6319794114356047,0.61161463578382,0.5494013651113349,0.5181268882175227,0.5,1.0625,-0.25,1.375,-0.12121212121212122,0.0,1.1764705882352942,0.29411764705882354,0.5294117647058824,0.0
5,0,1,0,0.7953890489913544,0.3125,0.596550232954786,4,3,2,1,0,6,5,4,3,2,1,1,1,1,1,0,0,1,1,1,0,0,0,0,0,1,1,0,0,0,0,0,0,0,0,0,0,0,0,0,0.7932947976878614,0.4564516129032258,-0.30558434081750135,-0.5632778314485423,1.5136671023469908,0.016991532647610438,-0.03826787512588119,0.6487076200067136,0.61161463578382,0.5494013651113349,1.0,0.5,1.0625,-0.25,1.3333333333333333,-0.11764705882352941,0.0,1.1764705882352942,0.29411764705882354,0.5294117647058824
6,0,1,0,-0.29394812680115273,0.3125,-0.2602640557451764,5,4,3,2,1,0,6,5,4,3,0,1,1,1,1,1,0,0,1,1,1,0,0,0,0,0,1,1,0,0,0,0,0,0,0,0,0,0,0,0,0.7817341040462428,0.790552995391705,0.4561888313183651,-0.30300619423765407,-0.5632778314485423,1.5136671023469908,0.0,-0.021539666554772262,0.6487076200067136,0.61161463578382,0.3125,1.0,0.5,1.0625,-0.24242424242424243,1.2941176470588236,-0.11764705882352941,0.0,1.1764705882352942,0.29411764705882354
0,1,0,0,-0.2132564841498559,0.125,-0.3056892309904795,6,5,4,3,2,1,0,6,5,4,0,0,1,1,1,1,1,0,0,1,1,1,0,0,0,0,0,1,1,0,0,0,0,0,0,0,0,0,0,0,-0.31075144508670516,0.779032258064516,0.7900978698906161,0.44894016025458877,-0.30300619423765407,-0.5632778314485423,1.4734810339039945,0.016728208571108922,-0.021539666554772262,0.6487076200067136,0.3125,0.3125,1.0,0.5,1.0303030303030303,-0.23529411764705882,1.2941176470588236,-0.11764705882352941,0.0,1.1764705882352942
1,1,0,0,-0.2017291066282421,0.4375,-0.1331385491281584,0,6,5,4,3,2,1,0,6,5,1,0,0,1,1,1,1,1,0,0,0,1,1,0,0,0,0,0,1,1,0,0,0,0,0,0,0,0,0,0,-0.22982658959537566,-0.3096774193548386,0.7785837651122626,0.7785417968971983,0.44894016025458877,-0.30300619423765407,-0.5712767147812465,1.4902092424751034,0.016728208571108922,-0.021539666554772262,0.125,0.3125,0.3125,1.0,0.48484848484848486,1.0,-0.23529411764705882,1.2941176470588236,-0.11764705882352941,0.0
2,1,0,0,-0.4265129682997118,1.25,-0.489642701858867,1,0,6,5,4,3,2,1,0,6,1,1,0,0,1,1,1,1,1,0,0,0,1,1,0,0,0,0,0,1,0,0,0,0,0,0,0,0,0,0,-0.21826589595375717,-0.22903225806451605,-0.3094991364421416,0.7671762232198669,0.7785417968971983,0.44894016025458877,-0.31503860355824104,-0.5545485062101376,1.4902092424751034,0.016728208571108922,0.4375,0.125,0.3125,0.3125,0.9696969696969697,0.47058823529411764,1.0,-0.23529411764705882,1.2941176470588236,-0.11764705882352941
3,1,0,0,-0.5590778097982709,-0.25,-0.6058768246108852,2,1,0,6,5,4,3,2,1,0,1,1,1,0,0,1,1,1,1,1,0,0,0,1,1,0,0,0,0,0,0,0,0,0,0,0,0,0,0,0,-0.44369942196531786,-0.2175115207373271,-0.2289004029936672,-0.30687048928794675,0.7671762232198669,0.7785417968971983,0.42525455969564724,-0.2983103949871321,-0.5545485062101376,1.4902092424751034,1.25,0.4375,0.125,0.3125,0.30303030303030304,0.9411764705882353,0.47058823529411764,1.0,-0.23529411764705882,1.2941176470588236
4,1,0,0,0.5706051873198847,-1.0,0.39839905326207264,3,2,1,0,6,5,4,3,2,1,1,1,1,1,0,0,1,1,1,1,0,0,0,0,1,1,0,0,0,0,0,0,0,0,0,0,0,0,0,0,-0.5766473988439306,-0.44216589861751143,-0.21738629821531372,-0.22731147354662723,-0.30687048928794675,0.7671762232198669,0.7497482376636454,0.44198276826675614,-0.2983103949871321,-0.5545485062101376,-0.25,1.25,0.4375,0.125,0.30303030303030304,0.29411764705882354,0.9411764705882353,0.47058823529411764,1.0,-0.23529411764705882
5,0,1,0,-0.005763688760806916,-1.125,-0.1030091589233477,4,3,2,1,0,6,5,4,3,2,1,1,1,1,1,0,0,1,1,1,0,0,0,0,0,1,1,0,0,0,0,0,0,0,0,0,0,0,0,0,0.5563005780346821,-0.5746543778801843,-0.44191134139320665,-0.21594589986929588,-0.22731147354662723,-0.30687048928794675,0.7385588004923351,0.7664764462347543,0.44198276826675614,-0.2983103949871321,-1.0,-0.25,1.25,0.4375,0.12121212121212122,0.29411764705882354,0.29411764705882354,0.9411764705882353,0.47058823529411764,1.0
6,0,1,0,1.095100864553314,0.0625,1.1172293803261568,5,4,3,2,1,0,6,5,4,3,0,1,1,1,1,1,0,0,1,1,1,0,0,0,0,0,1,1,0,0,0,0,0,0,0,0,0,0,0,0,-0.021734104046242722,0.5543778801843318,-0.5743235463442717,-0.4375745865772574,-0.21594589986929588,-0.22731147354662723,-0.31884301219648653,0.755287009063444,0.7664764462347543,0.44198276826675614,-1.125,-1.0,-0.25,1.25,0.42424242424242425,0.11764705882352941,0.29411764705882354,0.29411764705882354,0.9411764705882353,0.47058823529411764
0,0,0,1,1.0489913544668588,-0.75,0.4903110230320478,6,5,4,3,2,1,0,6,5,4,0,0,1,1,1,1,1,0,0,1,1,1,0,0,0,0,0,1,1,0,0,0,0,0,0,0,0,0,0,0,1.0823121387283237,-0.021658986175115153,0.5540587219343697,-0.5682786838665681,-0.4375745865772574,-0.21594589986929588,-0.24051695199731457,-0.3021148036253776,0.755287009063444,0.7664764462347543,0.0625,-1.125,-1.0,-0.25,1.2121212121212122,0.4117647058823529,0.11764705882352941,0.29411764705882354,0.29411764705882354,0.9411764705882353
1,1,0,0,0.5763688760806917,-0.9375,0.6111098230780138,0,6,5,4,3,2,1,0,6,5,0,0,0,1,1,1,1,1,0,0,0,1,1,0,0,0,0,0,1,1,1,0,0,0,0,0,0,0,0,0,1.0360693641618497,1.0785714285714285,-0.021646516983304498,0.5455475365119054,-0.5682786838665681,-0.4375745865772574,-0.2293275148260043,-0.22378874342620564,-0.3021148036253776,0.755287009063444,-0.75,0.0625,-1.125,-1.0,-0.24242424242424243,1.1764705882352942,0.4117647058823529,0.11764705882352941,0.29411764705882354,0.29411764705882354
2,1,0,0,2.086455331412104,-0.4375,1.2889612091472302,1,0,6,5,4,3,2,1,0,6,1,0,0,0,1,1,1,1,1,0,0,0,1,1,0,0,0,0,0,1,0,1,0,0,0,0,0,0,0,0,0.5620809248554914,1.0324884792626727,1.0779504893494531,-0.022731147354662723,0.5455475365119054,-0.5682786838665681,-0.4475215396665548,-0.21259930625489537,-0.22378874342620564,-0.3021148036253776,-0.9375,-0.75,0.0625,-1.125,-0.9696969696969697,-0.23529411764705882,1.1764705882352942,0.4117647058823529,0.11764705882352941,0.29411764705882354
3,1,0,0,0.7780979827089337,0.6875,0.025602849890830795,2,1,0,6,5,4,3,2,1,0,1,1,0,0,0,1,1,1,1,1,0,0,0,1,1,0,0,0,0,0,0,0,1,0,0,0,0,0,0,0,2.0765317919075144,0.5601382488479263,1.0318940702360393,1.0626811388304822,-0.022731147354662723,0.5455475365119054,-0.5762000671366231,-0.4307933310954459,-0.21259930625489537,-0.22378874342620564,-0.4375,-0.9375,-0.75,0.0625,-1.0909090909090908,-0.9411764705882353,-0.23529411764705882,1.1764705882352942,0.4117647058823529,0.11764705882352941
4,1,0,0,-0.9798270893371758,-1.5625,-0.8482781573555314,3,2,1,0,6,5,4,3,2,1,1,1,1,0,0,0,1,1,1,1,0,0,0,0,1,1,0,0,0,0,0,0,0,1,0,0,0,0,0,0,0.7643930635838151,2.0693548387096774,0.5598157743235465,1.017218844121157,1.0626811388304822,-0.022731147354662723,0.5203647756517846,-0.5594718585655142,-0.4307933310954459,-0.21259930625489537,0.6875,-0.4375,-0.9375,-0.75,0.06060606060606061,-1.0588235294117647,-0.9411764705882353,-0.23529411764705882,1.1764705882352942,0.4117647058823529
5,0,1,0,-0.7665706051873199,-0.875,-0.6450416549903666,4,3,2,1,0,6,5,4,3,2,1,1,1,1,0,0,0,1,1,1,0,0,0,0,0,1,1,0,0,0,0,0,0,0,1,0,0,0,0,0,-0.9986127167630058,0.7617511520737327,2.0681635002878527,0.551230323350571,1.017218844121157,1.0626811388304822,-0.03910708291372949,0.5370929842228935,-0.5594718585655142,-0.4307933310954459,-1.5625,0.6875,-0.4375,-0.9375,-0.7272727272727273,0.058823529411764705,-1.0588235294117647,-0.9411764705882353,-0.23529411764705882,1.1764705882352942
6,0,1,0,-0.9279538904899135,-0.9375,-0.7924494827819095,5,4,3,2,1,0,6,5,4,3,0,1,1,1,1,0,0,0,1,1,1,0,0,0,0,0,1,1,0,0,0,0,0,0,0,1,0,0,0,0,-0.7847398843930635,-0.9951612903225805,0.7613126079447324,2.0401204750809794,0.551230323350571,1.017218844121157,1.0294841669464025,-0.022378874342620564,0.5370929842228935,-0.5594718585655142,-0.875,-1.5625,0.6875,-0.4375,-0.9090909090909091,-0.7058823529411765,0.058823529411764705,-1.0588235294117647,-0.9411764705882353,-0.23529411764705882
0,0,0,1,-0.5129682997118156,-1.375,-0.4165692241627841,6,5,4,3,2,1,0,6,5,4,0,0,1,1,1,1,0,0,0,1,1,1,0,0,0,0,0,1,1,0,0,0,0,0,0,0,1,0,0,0,-0.9465895953757225,-0.782027649769585,-0.9945883707541738,0.7501278627038699,2.0401204750809794,0.551230323350571,0.9847264182611614,1.0462123755175115,-0.022378874342620564,0.5370929842228935,-0.9375,-0.875,-1.5625,0.6875,-0.42424242424242425,-0.8823529411764706,-0.7058823529411765,0.058823529411764705,-1.0588235294117647,-0.9411764705882353
1,1,0,0,-0.8447838616714697,-0.9375,-0.7008493290243586,0,6,5,4,3,2,1,0,6,5,0,0,0,1,1,1,1,0,0,0,0,1,1,0,0,0,0,0,1,1,1,0,0,0,0,0,0,1,0,0,-0.5304046242774566,-0.9433179723502303,-0.7815774323546344,-0.9831221230891628,0.7501278627038699,2.0401204750809794,0.5259594942374398,1.0014546268322704,1.0462123755175115,-0.022378874342620564,-1.375,-0.9375,-0.875,-1.5625,0.6666666666666666,-0.4117647058823529,-0.8823529411764706,-0.7058823529411765,0.058823529411764705,-1.0588235294117647
2,1,0,0,-0.5881268011527377,-0.375,-0.435375627412122,1,0,6,5,4,3,2,1,0,6,1,0,0,0,1,1,1,1,0,0,0,0,1,1,0,0,0,0,0,1,0,1,0,0,0,0,0,0,1,0,-0.863179190751445,-0.5285714285714285,-0.9427748992515832,-0.7728590100585326,-0.9831221230891628,0.7501278627038699,1.9917757636790867,0.5426877028085487,1.0014546268322704,1.0462123755175115,-0.9375,-1.375,-0.9375,-0.875,-1.5151515151515151,0.6470588235294118,-0.4117647058823529,-0.8823529411764706,-0.7058823529411765,0.058823529411764705
3,1,0,0,-0.6870317002881845,-1.4375,-0.5740972960041181,2,1,0,6,5,4,3,2,1,0,1,1,0,0,0,1,1,1,1,0,0,0,0,1,1,0,0,0,0,0,0,0,1,0,0,0,0,0,0,1,-0.6057803468208093,-0.860195852534562,-0.5282671272308578,-0.9319770415411717,-0.7728590100585326,-0.9831221230891628,0.7217746447353697,2.0085039722501956,0.5426877028085487,1.0014546268322704,-0.375,-0.9375,-1.375,-0.9375,-0.8484848484848485,-1.4705882352941178,0.6470588235294118,-0.4117647058823529,-0.8823529411764706,-0.7058823529411765
4,1,0,0,-0.8481844380403458,-0.1875,-0.6994350686835249,3,2,1,0,6,5,4,3,2,1,1,1,1,0,0,0,1,1,1,1,0,0,0,0,1,1,0,0,0,0,0,0,0,1,0,0,0,0,0,0,-0.7049710982658959,-0.6036866359447004,-0.8597006332757627,-0.5228163891572426,-0.9319770415411717,-0.7728590100585326,-0.9846145238894484,0.7385028533064787,2.0085039722501956,0.5426877028085487,-1.4375,-0.375,-0.9375,-1.375,-0.9090909090909091,-0.8235294117647058,-1.4705882352941178,0.6470588235294118,-0.4117647058823529,-0.8823529411764706
5,0,1,0,-0.6956772334293948,-1.9375,-0.5313141566485693,4,3,2,1,0,6,5,4,3,2,1,1,1,1,0,0,0,1,1,1,0,0,0,0,0,1,1,0,0,0,0,0,0,0,1,0,0,0,0,0,-0.8665895953757224,-0.7025345622119814,-0.6033390903857225,-0.8499744274592258,-0.5228163891572426,-0.9319770415411717,-0.7776099362202081,-0.9678863153183395,0.7385028533064787,2.0085039722501956,-0.1875,-1.4375,-0.375,-0.9375,-1.3333333333333333,-0.8823529411764706,-0.8235294117647058,-1.4705882352941178,0.6470588235294118,-0.4117647058823529
6,0,1,0,-1.0210374639769453,-1.75,-0.8712599718962378,5,4,3,2,1,0,6,5,4,3,0,1,1,1,1,0,0,0,1,1,1,0,0,0,0,0,1,1,0,0,0,0,0,0,0,1,0,0,0,0,-0.7136416184971098,-0.8635944700460828,-0.7021301093839954,-0.5969199295334432,-0.8499744274592258,-0.5228163891572426,-0.9342620566185521,-0.7608817276490992,-0.9678863153183395,0.7385028533064787,-1.9375,-0.1875,-1.4375,-0.375,-0.9090909090909091,-1.2941176470588236,-0.8823529411764706,-0.8235294117647058,-1.4705882352941178,0.6470588235294118
0,1,0,0,-0.4386167146974063,0.125,-0.30964186855745446,6,5,4,3,2,1,0,6,5,4,0,0,1,1,1,1,0,0,0,1,1,1,0,0,0,0,0,1,1,0,0,0,0,0,0,0,1,0,0,0,-1.0399421965317919,-0.7111751152073731,-0.8630972941853771,-0.6944365516849462,-0.5969199295334432,-0.8499744274592258,-0.5314423184513819,-0.9175338480474432,-0.7608817276490992,-0.9678863153183395,-1.75,-1.9375,-0.1875,-1.4375,-0.36363636363636365,-0.8823529411764706,-1.2941176470588236,-0.8823529411764706,-0.8235294117647058,-1.4705882352941178
1,1,0,0,0.3273198847262249,-0.8125,0.5818747198528014,0,6,5,4,3,2,1,0,6,5,1,0,0,1,1,1,1,0,0,0,0,1,1,0,0,0,0,0,1,1,0,0,0,0,0,0,0,1,0,0,-0.45583815028901725,-1.036347926267281,-0.7107656879677605,-0.8533272716940387,-0.6944365516849462,-0.5969199295334432,-0.8535302674275483,-0.514714109880273,-0.9175338480474432,-0.7608817276490992,0.125,-1.75,-1.9375,-0.1875,-1.393939393939394,-0.35294117647058826,-0.8823529411764706,-1.2941176470588236,-0.8823529411764706,-0.8235294117647058
2,1,0,0,0.5177521613832852,0.875,0.6456337022036118,1,0,6,5,4,3,2,1,0,6,1,1,0,0,1,1,1,1,0,0,0,0,1,1,0,0,0,0,0,1,0,0,0,0,0,0,0,0,1,0,0.31231213872832386,-0.45426267281105975,-1.0357512953367876,-0.7029607319429447,-0.8533272716940387,-0.6944365516849462,-0.604397448808325,-0.8368020588564394,-0.514714109880273,-0.9175338480474432,-0.8125,0.125,-1.75,-1.9375,-0.18181818181818182,-1.3529411764705883,-0.35294117647058826,-0.8823529411764706,-1.2941176470588236,-0.8823529411764706
3,1,0,0,-0.39014409221902013,-0.3125,-0.23530583841882402,2,1,0,6,5,4,3,2,1,0,1,1,1,0,0,1,1,1,1,0,0,0,0,1,1,0,0,0,0,0,0,0,0,0,0,0,0,0,0,1,0.5032947976878612,0.31123271889400933,-0.45400115141047775,-1.0237540489856225,-0.7029607319429447,-0.8533272716940387,-0.7004028197381672,-0.5876692402372161,-0.8368020588564394,-0.514714109880273,0.875,-0.8125,0.125,-1.75,-1.878787878787879,-0.17647058823529413,-1.3529411764705883,-0.35294117647058826,-0.8823529411764706,-1.2941176470588236
4,1,0,0,-0.34484149855907786,-0.375,-0.2708516878049698,3,2,1,0,6,5,4,3,2,1,1,1,1,1,0,0,1,1,1,1,0,0,0,0,1,1,0,0,0,0,0,0,0,0,0,0,0,0,0,0,-0.4072254335260115,0.5015552995391704,0.3110535405872195,-0.4495084389384553,-1.0237540489856225,-0.7029607319429447,-0.856831151393085,-0.6836746111670583,-0.5876692402372161,-0.8368020588564394,-0.3125,0.875,-0.8125,0.125,-1.696969696969697,-1.8235294117647058,-0.17647058823529413,-1.3529411764705883,-0.35294117647058826,-0.8823529411764706
5,0,1,0,-0.138328530259366,0.0,0.1849537685720372,4,3,2,1,0,6,5,4,3,2,1,1,1,1,1,0,0,1,1,1,0,0,0,0,0,1,1,0,0,0,0,0,0,0,0,0,0,0,0,0,-0.3617919075144509,-0.4058179723502303,0.5012665515256188,0.3056771040518271,-0.4495084389384553,-1.0237540489856225,-0.7087948976166499,-0.840102942821976,-0.6836746111670583,-0.5876692402372161,-0.375,-0.3125,0.875,-0.8125,0.12121212121212122,-1.6470588235294117,-1.8235294117647058,-0.17647058823529413,-1.3529411764705883,-0.35294117647058826
6,0,1,0,-0.47193083573487027,0.1875,-0.25480979559250755,5,4,3,2,1,0,6,5,4,3,0,1,1,1,1,1,0,0,1,1,1,0,0,0,0,0,1,1,0,0,0,0,0,0,0,0,0,0,0,0,-0.15468208092485544,-0.36054147465437786,-0.4055843408175014,0.493436381201341,0.3056771040518271,-0.4495084389384553,-1.0246167617768827,-0.692066689045541,-0.840102942821976,-0.6836746111670583,0.0,-0.375,-0.3125,0.875,-0.7878787878787878,0.11764705882352941,-1.6470588235294117,-1.8235294117647058,-0.17647058823529413,-1.3529411764705883
0,1,0,0,-0.5843804034582133,0.5,-0.40771640468073467,6,5,4,3,2,1,0,6,5,4,0,0,1,1,1,1,1,0,0,1,1,1,0,0,0,0,0,1,1,0,0,0,0,0,0,0,0,0,0,0,-0.4892485549132947,-0.15414746543778796,-0.3603339090385723,-0.40171620162527694,0.493436381201341,0.3056771040518271,-0.4592704486964306,-1.0078885532057738,-0.692066689045541,-0.840102942821976,0.1875,0.0,-0.375,-0.3125,0.8484848484848485,-0.7647058823529411,0.11764705882352941,-1.6470588235294117,-1.8235294117647058,-0.17647058823529413
1,1,0,0,-0.5127377521613833,-0.8125,-0.2953366369702236,0,6,5,4,3,2,1,0,6,5,1,0,0,1,1,1,1,1,0,0,0,1,1,0,0,0,0,0,1,1,0,0,0,0,0,0,0,0,0,0,-0.6020231213872832,-0.4875576036866358,-0.15405872193436956,-0.3570494970733648,-0.40171620162527694,0.493436381201341,0.2842117041512812,-0.4425422401253216,-1.0078885532057738,-0.692066689045541,0.5,0.1875,0.0,-0.375,-0.30303030303030304,0.8235294117647058,-0.7647058823529411,0.11764705882352941,-1.6470588235294117,-1.8235294117647058
2,1,0,0,0.17533141210374634,1.25,0.529578168040606,1,0,6,5,4,3,2,1,0,6,1,1,0,0,1,1,1,1,1,0,0,0,1,1,0,0,0,0,0,1,0,0,0,0,0,0,0,0,0,0,-0.5301734104046242,-0.5999423963133639,-0.48727691421991937,-0.15343524464397337,-0.3570494970733648,-0.40171620162527694,0.4690612062213269,0.3009399127223902,-0.4425422401253216,-1.0078885532057738,-0.8125,0.5,0.1875,0.0,-0.36363636363636365,-0.29411764705882354,0.8235294117647058,-0.7647058823529411,0.11764705882352941,-1.6470588235294117
3,1,0,0,0.4956772334293948,0.625,0.7613145867396208,2,1,0,6,5,4,3,2,1,0,1,1,1,0,0,1,1,1,1,1,0,0,0,1,1,0,0,0,0,0,0,0,0,0,0,0,0,0,0,0,0.1598843930635838,-0.5283410138248846,-0.5995970063327576,-0.48235494686594294,-0.15343524464397337,-0.3570494970733648,-0.41221886539107083,0.4857894147924358,0.3009399127223902,-0.4425422401253216,1.25,-0.8125,0.5,0.1875,0.0,-0.35294117647058826,-0.29411764705882354,0.8235294117647058,-0.7647058823529411,0.11764705882352941
4,1,0,0,-0.11216138328530265,-0.6875,0.04025517839706409,3,2,1,0,6,5,4,3,2,1,1,1,1,1,0,0,1,1,1,1,0,0,0,0,1,1,0,0,0,0,0,0,0,0,0,0,0,0,0,0,0.4811560693641619,0.159331797235023,-0.5280368451352907,-0.5932261180883104,-0.48235494686594294,-0.15343524464397337,-0.3682443773078215,-0.3954906568199619,0.4857894147924358,0.3009399127223902,0.625,1.25,-0.8125,0.5,0.18181818181818182,0.0,-0.35294117647058826,-0.29411764705882354,0.8235294117647058,-0.7647058823529411
5,0,1,0,1.9497406340057635,-0.25,2.5393272905540583,4,3,2,1,0,6,5,4,3,2,1,1,1,1,1,0,0,1,1,1,0,0,0,0,0,1,1,0,0,0,0,0,0,0,0,0,0,0,0,0,-0.1284393063583815,0.47949308755760367,0.15924006908462865,-0.522589077683696,-0.5932261180883104,-0.48235494686594294,-0.16778561038379775,-0.3515161687367126,-0.3954906568199619,0.4857894147924358,-0.6875,0.625,1.25,-0.8125,0.48484848484848486,0.17647058823529413,0.0,-0.35294117647058826,-0.29411764705882354,0.8235294117647058
6,0,0,1,-0.473371757925072,-0.8125,-0.17818470663422167,5,4,3,2,1,0,6,5,4,3,0,1,1,1,1,1,0,0,1,1,1,0,0,0,0,0,1,1,0,0,0,0,0,0,0,0,0,0,0,0,1.939421965317919,-0.1279953917050691,0.47921704087507205,0.1558220151162129,-0.522589077683696,-0.5932261180883104,-0.49160792212151727,-0.1510574018126888,-0.3515161687367126,-0.3954906568199619,-0.25,-0.6875,0.625,1.25,-0.7878787878787878,0.47058823529411764,0.17647058823529413,0.0,-0.35294117647058826,-0.29411764705882354
0,1,0,0,2.1136599423631126,-0.0625,2.100852151496885,6,5,4,3,2,1,0,6,5,4,0,0,1,1,1,1,1,0,0,1,0,1,0,0,0,0,0,1,1,0,1,0,0,0,0,0,0,0,0,0,-0.49069364161849705,1.9327188940092161,-0.1279217040875072,0.4716713076092515,0.1558220151162129,-0.522589077683696,-0.6007608817276491,-0.47487971355040837,-0.1510574018126888,-0.3515161687367126,-0.8125,-0.25,-0.6875,0.625,1.2121212121212122,-0.7647058823529411,0.47058823529411764,0.17647058823529413,0.0,-0.35294117647058826
1,1,0,0,-0.29066282420749284,-0.4375,-0.07843029534486919,0,6,5,4,3,2,1,0,6,5,1,0,0,1,1,1,1,1,0,0,0,0,1,0,0,0,0,0,1,1,0,1,0,0,0,0,0,0,0,0,2.1038150289017343,-0.48899769585253444,1.9316062176165802,-0.12763539239643124,0.4716713076092515,0.1558220151162129,-0.5312185297079557,-0.5840326731565402,-0.47487971355040837,-0.1510574018126888,-0.0625,-0.8125,-0.25,-0.6875,0.6060606060606061,1.1764705882352942,-0.7647058823529411,0.47058823529411764,0.17647058823529413,0.0
2,1,0,0,0.45602305475504323,1.0,0.6602949349386482,1,0,6,5,4,3,2,1,0,6,1,1,0,0,1,1,1,1,1,0,0,0,0,1,0,0,0,0,0,1,0,0,1,0,0,0,0,0,0,0,-0.30745664739884393,2.096543778801843,-0.48871617731721356,1.9053247712678294,-0.12763539239643124,0.4716713076092515,0.13667897504755497,-0.5144903211368468,-0.5840326731565402,-0.47487971355040837,-0.4375,-0.0625,-0.8125,-0.25,-0.6666666666666666,0.5882352941176471,1.1764705882352942,-0.7647058823529411,0.47058823529411764,0.17647058823529413
3,1,0,0,-0.47193083573487027,0.1875,-0.25480979559250755,2,1,0,6,5,4,3,2,1,0,1,1,1,0,0,1,1,1,1,1,0,0,0,0,1,0,0,0,0,0,0,0,0,1,0,0,0,0,0,0,0.4413872832369943,-0.3063940092165898,2.0953367875647673,-0.48377564357560937,1.9053247712678294,-0.12763539239643124,0.4476334340382678,0.1534071836186639,-0.5144903211368468,-0.5840326731565402,1.0,-0.4375,-0.0625,-0.8125,-0.24242424242424243,-0.6470588235294118,0.5882352941176471,1.1764705882352942,-0.7647058823529411,0.47058823529411764
4,1,0,0,-0.12115273775216144,0.0625,-0.07979297836037196,3,2,1,0,6,5,4,3,2,1,1,1,1,1,0,0,1,1,1,1,0,0,0,0,0,1,0,0,0,0,0,0,0,0,1,0,0,0,0,0,-0.4892485549132947,0.43986175115207377,-0.3062176165803109,2.0669432289594813,-0.48377564357560937,1.9053247712678294,-0.14238558800492343,0.46436164260937673,0.1534071836186639,-0.5144903211368468,0.1875,1.0,-0.4375,-0.0625,-0.7878787878787878,-0.23529411764705882,-0.6470588235294118,0.5882352941176471,1.1764705882352942,-0.7647058823529411
5,0,1,0,0.11792507204610955,0.6875,0.43485178995159457,4,3,2,1,0,6,5,4,3,2,1,1,1,1,1,0,0,1,1,1,0,0,0,0,0,0,1,0,0,0,0,0,0,0,0,1,0,0,0,0,-0.13745664739884395,-0.4875576036866358,0.43960852043753607,-0.30363130078990735,2.0669432289594813,-0.48377564357560937,1.8590690388273468,-0.12565737943381453,0.46436164260937673,0.1534071836186639,0.0625,0.1875,1.0,-0.4375,-0.06060606060606061,-0.7647058823529411,-0.23529411764705882,-0.6470588235294118,0.5882352941176471,1.1764705882352942
6,0,1,0,-0.01268011527377515,0.1875,0.18801833531914436,5,4,3,2,1,0,6,5,4,3,0,1,1,1,1,1,0,0,1,1,1,0,0,0,0,0,0,1,0,0,0,0,0,0,0,0,1,0,0,0,0.1023121387283238,-0.13698156682027648,-0.48727691421991937,0.43257373415923167,-0.30363130078990735,2.0669432289594813,-0.4930066017679311,1.8757972473984557,-0.12565737943381453,0.46436164260937673,0.6875,0.0625,0.1875,1.0,-0.42424242424242425,-0.058823529411764705,-0.7647058823529411,-0.23529411764705882,-0.6470588235294118,0.5882352941176471
0,1,0,0,0.1727377521613833,1.25,0.28121268204107774,6,5,4,3,2,1,0,6,5,4,0,0,1,1,1,1,1,0,0,1,1,1,0,0,0,0,0,0,1,0,0,0,0,0,0,0,0,1,0,0,-0.028670520231213754,0.1019585253456222,-0.13690270581462294,-0.48235494686594294,0.43257373415923167,-0.30363130078990735,2.0181828354033793,-0.47627839319682214,1.8757972473984557,-0.12565737943381453,0.1875,0.6875,0.0625,0.1875,0.9696969696969697,-0.4117647058823529,-0.058823529411764705,-0.7647058823529411,-0.23529411764705882,-0.6470588235294118
1,1,0,0,0.6927377521613832,0.875,1.195284690035395,0,6,5,4,3,2,1,0,6,5,1,0,0,1,1,1,1,1,0,0,0,1,1,0,0,0,0,0,0,1,0,0,0,0,0,0,0,0,1,0,0.1572832369942197,-0.02857142857142845,0.10189982728842843,-0.13650053986474972,-0.48235494686594294,0.43257373415923167,-0.3156540226026632,2.034911043974488,-0.47627839319682214,1.8757972473984557,1.25,0.1875,0.6875,0.0625,0.18181818181818182,0.9411764705882353,-0.4117647058823529,-0.058823529411764705,-0.7647058823529411,-0.23529411764705882
2,1,0,0,0.38570605187319895,0.5,0.5511722669225708,1,0,6,5,4,3,2,1,0,6,1,1,0,0,1,1,1,1,1,0,0,0,1,1,0,0,0,0,0,0,0,0,0,0,0,0,0,0,0,1,0.6787861271676301,0.15673963133640556,-0.028554979850316523,0.09922145820310282,-0.13650053986474972,-0.48235494686594294,0.4091417701689605,-0.2989258140315542,2.034911043974488,-0.47627839319682214,0.875,1.25,0.1875,0.6875,0.06060606060606061,0.17647058823529413,0.9411764705882353,-0.4117647058823529,-0.058823529411764705,-0.7647058823529411
3,1,0,0,-0.1229394812680116,1.125,0.06249424585214142,2,1,0,6,5,4,3,2,1,0,1,1,1,0,0,1,1,1,1,1,0,0,0,1,1,0,0,0,0,0,0,0,0,0,0,0,0,0,0,0,0.37086705202312154,0.6764400921658986,0.1566493955094992,-0.029550491561061477,0.09922145820310282,-0.13650053986474972,-0.49160792212151727,0.4258699787400694,-0.2989258140315542,2.034911043974488,0.5,0.875,1.25,0.1875,0.6666666666666666,0.058823529411764705,0.17647058823529413,0.9411764705882353,-0.4117647058823529,-0.058823529411764705
4,1,0,0,-0.22213256484149851,1.1875,-0.07722486437011486,3,2,1,0,6,5,4,3,2,1,1,1,1,1,0,0,1,1,1,1,0,0,0,0,1,1,0,0,0,0,0,0,0,0,0,0,0,0,0,0,-0.13924855491329483,0.3695852534562213,0.6760506620610248,0.1532647610388134,-0.029550491561061477,0.09922145820310282,-0.15111334899854548,-0.47487971355040837,0.4258699787400694,-0.2989258140315542,1.125,0.5,0.875,1.25,0.18181818181818182,0.6470588235294118,0.058823529411764705,0.17647058823529413,0.9411764705882353,-0.4117647058823529
5,0,1,0,-0.138328530259366,1.1875,0.022893612274261,4,3,2,1,0,6,5,4,3,2,1,1,1,1,1,0,0,1,1,1,0,0,0,0,0,1,1,0,0,0,0,0,0,0,0,0,0,0,0,0,-0.23872832369942187,-0.1387672811059908,0.3693724812895799,0.6659657896232312,0.1532647610388134,-0.029550491561061477,0.08095557793442988,-0.13438514042743654,-0.47487971355040837,0.4258699787400694,1.1875,1.125,0.5,0.875,1.2121212121212122,0.17647058823529413,0.6470588235294118,0.058823529411764705,0.17647058823529413,0.9411764705882353
6,0,1,0,0.3466858789625359,-0.0625,0.5796812554895411,5,4,3,2,1,0,6,5,4,3,0,1,1,1,1,1,0,0,1,1,1,0,0,0,0,0,1,1,0,0,0,0,0,0,0,0,0,0,0,0,-0.15468208092485544,-0.23790322580645148,-0.13868739205526773,0.3632437347275104,0.6659657896232312,0.1532647610388134,-0.04582074521651559,0.09768378650553881,-0.13438514042743654,-0.47487971355040837,1.1875,1.1875,1.125,0.5,0.8484848484848485,1.1764705882352942,0.17647058823529413,0.6470588235294118,0.058823529411764705,0.17647058823529413
0,1,0,0,0.4422478386167148,1.5625,0.37417988692637444,6,5,4,3,2,1,0,6,5,4,0,0,1,1,1,1,1,0,0,1,1,1,0,0,0,0,0,1,1,0,0,0,0,0,0,0,0,0,0,0,0.3317341040462427,-0.15414746543778796,-0.23776626367299933,-0.13826220378473608,0.3632437347275104,0.6659657896232312,0.13416135168401022,-0.02909253664540667,0.09768378650553881,-0.13438514042743654,-0.0625,1.1875,1.1875,1.125,0.48484848484848486,0.8235294117647058,1.1764705882352942,0.17647058823529413,0.6470588235294118,0.058823529411764705
1,1,0,0,-0.22668587896253609,0.5625,-0.12599634960219938,0,6,5,4,3,2,1,0,6,5,1,0,0,1,1,1,1,1,0,0,0,1,1,0,0,0,0,0,1,1,0,0,0,0,0,0,0,0,0,0,0.42757225433526025,0.3305875576036865,-0.15405872193436956,-0.23606296527817233,-0.13826220378473608,0.3632437347275104,0.6389168624818171,0.15088956025511915,-0.02909253664540667,0.09768378650553881,1.5625,-0.0625,1.1875,1.1875,1.0909090909090908,0.47058823529411764,0.8235294117647058,1.1764705882352942,0.17647058823529413,0.6470588235294118
2,1,0,0,0.25412103746397696,0.5625,0.31898559665389165,1,0,6,5,4,3,2,1,0,6,1,1,0,0,1,1,1,1,1,0,0,0,1,1,0,0,0,0,0,1,0,0,0,0,0,0,0,0,0,0,-0.2432947976878613,0.42609447004608303,0.33039723661485315,-0.15343524464397337,-0.23606296527817233,-0.13826220378473608,0.3408862034239678,0.655645071052926,0.15088956025511915,-0.02909253664540667,0.5625,1.5625,-0.0625,1.1875,1.1515151515151516,1.0588235294117647,0.47058823529411764,0.8235294117647058,1.1764705882352942,0.17647058823529413
3,0,0,1,0.1785014409221902,0.125,0.12175356857969823,2,1,0,6,5,4,3,2,1,0,1,1,1,0,0,1,1,1,1,1,0,0,0,1,1,0,0,0,0,0,0,0,0,0,0,0,0,0,0,0,0.2389017341040463,-0.24245391705069122,0.42584916522740374,0.3247712678297435,-0.15343524464397337,-0.23606296527817233,-0.1528477117600986,0.3576144119950767,0.655645071052926,0.15088956025511915,0.5625,0.5625,1.5625,-0.0625,1.1515151515151516,1.1176470588235294,1.0588235294117647,0.47058823529411764,0.8235294117647058,1.1764705882352942
4,1,0,0,-0.01902017291066289,0.5,0.2635035149863211,3,2,1,0,6,5,4,3,2,1,0,1,1,1,0,0,1,1,1,1,0,0,0,0,1,1,0,0,0,0,1,0,0,0,0,0,0,0,0,0,0.16306358381502895,0.23807603686635948,-0.24231433506044908,0.41899187361482076,0.3247712678297435,-0.15343524464397337,-0.24913281861922346,-0.13611950318898966,0.3576144119950767,0.655645071052926,0.125,0.5625,0.5625,1.5625,-0.06060606060606061,1.1176470588235294,1.1176470588235294,1.0588235294117647,0.47058823529411764,0.8235294117647058
5,0,1,0,-0.3800576368876081,-0.5,-0.1838402359587032,4,3,2,1,0,6,5,4,3,2,1,0,1,1,1,0,0,1,1,1,0,0,0,0,0,1,1,0,0,0,0,1,0,0,0,0,0,0,0,0,-0.035028901734104056,0.16250000000000003,0.2379389752446748,-0.24055236688071835,0.41899187361482076,0.3247712678297435,-0.16778561038379775,-0.23240461004811452,-0.13611950318898966,0.3576144119950767,0.5,0.125,0.5625,0.5625,1.5151515151515151,-0.058823529411764705,1.1176470588235294,1.1176470588235294,1.0588235294117647,0.47058823529411764
6,0,1,0,-0.3110662824207493,-0.375,0.0,5,4,3,2,1,0,6,5,4,3,0,1,0,1,1,1,0,0,1,1,1,0,0,0,0,0,1,1,0,0,0,0,1,0,0,0,0,0,0,0,-0.3971098265895953,-0.0349078341013825,0.16240644789867592,0.23350571120077285,-0.24055236688071835,0.41899187361482076,0.30300995859908225,-0.1510574018126888,-0.23240461004811452,-0.13611950318898966,-0.5,0.5,0.125,0.5625,0.5454545454545454,1.4705882352941178,-0.058823529411764705,1.1176470588235294,1.1176470588235294,1.0588235294117647
0,1,0,0,0.09590778097982701,0.375,0.37988111342509057,6,5,4,3,2,1,0,6,5,4,0,0,1,0,1,1,1,0,0,1,1,1,0,0,0,0,0,1,1,0,0,0,0,1,0,0,0,0,0,0,-0.32791907514450863,-0.39573732718894,-0.03488773747841107,0.15894754787747908,0.23350571120077285,-0.24055236688071835,0.39577039274924475,0.3197381671701912,-0.1510574018126888,-0.23240461004811452,-0.375,-0.5,0.5,0.125,0.5454545454545454,0.5294117647058824,1.4705882352941178,-0.058823529411764705,1.1176470588235294,1.1176470588235294
1,1,0,0,-0.7422478386167147,-0.25,-0.5291564772048383,0,6,5,4,3,2,1,0,6,5,1,0,0,1,0,1,1,1,0,0,0,1,1,0,0,0,0,0,1,1,0,0,0,0,1,0,0,0,0,0,0.08023121387283234,-0.3267857142857142,-0.3955094991364421,-0.03580155708359385,0.15894754787747908,0.23350571120077285,-0.2535526463018911,0.41249860132035365,0.3197381671701912,-0.1510574018126888,0.375,-0.375,-0.5,0.5,0.12121212121212122,0.5294117647058824,0.5294117647058824,1.4705882352941178,-0.058823529411764705,1.1176470588235294
2,1,0,0,-0.06726224783861665,-0.3125,0.025768334143114142,1,0,6,5,4,3,2,1,0,6,1,1,0,0,1,0,1,1,1,0,0,0,1,1,0,0,0,0,0,1,0,0,0,0,0,1,0,0,0,0,-0.7603468208092485,0.07995391705069121,-0.3265975820379965,-0.391771324657612,-0.03580155708359385,0.15894754787747908,0.21315877811346085,-0.2368244377307822,0.41249860132035365,0.3197381671701912,-0.25,0.375,-0.375,-0.5,0.48484848484848486,0.11764705882352941,0.5294117647058824,0.5294117647058824,1.4705882352941178,-0.058823529411764705
3,1,0,0,0.9982708933717579,0.1875,1.3469346268321711,2,1,0,6,5,4,3,2,1,0,1,1,1,0,0,1,0,1,1,1,0,0,0,1,1,0,0,0,0,0,0,0,0,0,0,0,1,0,0,0,-0.08341040462427733,-0.7577188940092164,0.07990788716177315,-0.32374836619878383,-0.391771324657612,-0.03580155708359385,0.13975607026966538,0.22988698668456978,-0.2368244377307822,0.41249860132035365,-0.3125,-0.25,0.375,-0.375,-0.48484848484848486,0.47058823529411764,0.11764705882352941,0.5294117647058824,0.5294117647058824,1.4705882352941178
4,1,0,0,-0.22051873198847258,0.375,-0.11255365217864638,3,2,1,0,6,5,4,3,2,1,1,1,1,1,0,0,1,0,1,1,0,0,0,0,1,1,0,0,0,0,0,0,0,0,0,0,0,1,0,0,0.9852023121387283,-0.08312211981566807,-0.7572826712723085,0.07751321247939981,-0.32374836619878383,-0.391771324657612,-0.051974935660736375,0.1564842788407743,0.22988698668456978,-0.2368244377307822,0.1875,-0.3125,-0.25,0.375,-0.36363636363636365,-0.47058823529411764,0.47058823529411764,0.11764705882352941,0.5294117647058824,0.5294117647058824
5,0,1,0,0.07948126801152733,0.4375,0.33626803274336936,4,3,2,1,0,6,5,4,3,2,1,1,1,1,1,0,0,1,0,1,0,0,0,0,0,1,1,0,0,0,0,0,0,0,0,0,0,0,1,0,-0.23710982658959526,0.9817972350230413,-0.08307426597582027,-0.7488776495993634,0.07751321247939981,-0.32374836619878383,-0.40242810786617433,-0.03524672708962746,0.1564842788407743,0.22988698668456978,0.375,0.1875,-0.3125,-0.25,0.36363636363636365,-0.35294117647058826,-0.47058823529411764,0.47058823529411764,0.11764705882352941,0.5294117647058824
6,0,1,0,-0.03884726224783867,-0.375,0.23322510495229684,5,4,3,2,1,0,6,5,4,3,0,1,1,1,1,1,0,0,1,0,1,0,0,0,0,0,1,1,0,0,0,0,0,0,0,0,0,0,0,1,0.06375722543352602,-0.23629032258064503,0.9812320092112838,-0.08336648292322546,-0.7488776495993634,0.07751321247939981,-0.33545932639588233,-0.38569989929506543,-0.03524672708962746,0.1564842788407743,0.4375,0.375,0.1875,-0.3125,-0.24242424242424243,0.35294117647058826,-0.35294117647058826,-0.47058823529411764,0.47058823529411764,0.11764705882352941
0,0,0,1,0.06893371757925076,0.0,0.3554583258571412,6,5,4,3,2,1,0,6,5,4,0,0,1,1,1,1,1,0,0,1,1,1,0,0,0,0,0,1,1,0,0,0,0,0,0,0,0,0,0,0,-0.05491329479768786,0.063536866359447,-0.23615428900402985,0.9672103199408988,-0.08336648292322546,-0.7488776495993634,0.059583752937227126,-0.31873111782477337,-0.38569989929506543,-0.03524672708962746,-0.375,0.4375,0.375,0.1875,-0.30303030303030304,-0.23529411764705882,0.35294117647058826,-0.35294117647058826,-0.47058823529411764,0.47058823529411764
1,1,0,0,0.5726224783861673,0.125,0.8443529044922339,0,6,5,4,3,2,1,0,6,5,0,0,0,1,1,1,1,1,0,0,0,1,1,0,0,0,0,0,1,1,1,0,0,0,0,0,0,0,0,0,0.053179190751445185,-0.05472350230414746,0.06350028785261946,-0.23447178496334595,0.9672103199408988,-0.08336648292322546,-0.7540002237887434,0.07631196150833605,-0.31873111782477337,-0.38569989929506543,0.0,-0.375,0.4375,0.375,0.18181818181818182,-0.29411764705882354,-0.23529411764705882,0.35294117647058826,-0.35294117647058826,-0.47058823529411764
2,1,0,0,0.6348126801152737,1.0625,1.0202672007859914,1,0,6,5,4,3,2,1,0,6,1,0,0,0,1,1,1,1,1,0,0,0,1,1,0,0,0,0,0,1,0,1,0,0,0,0,0,0,0,0,0.5583236994219655,0.052995391705069214,-0.05469199769717905,0.06131726998920265,-0.23447178496334595,0.9672103199408988,-0.09880273022266978,-0.7372720152176345,0.07631196150833605,-0.31873111782477337,0.125,0.0,-0.375,0.4375,0.36363636363636365,0.17647058823529413,-0.29411764705882354,-0.23529411764705882,0.35294117647058826,-0.35294117647058826
3,1,0,0,0.5722766570605189,-0.25,1.0278709081708564,2,1,0,6,5,4,3,2,1,0,1,1,0,0,0,1,1,1,1,1,0,0,0,1,1,0,0,0,0,0,0,0,1,0,0,0,0,0,0,0,0.620693641618497,0.55639400921659,0.05296488198042612,-0.055350343808603784,0.06131726998920265,-0.23447178496334595,0.935492894707396,-0.08207452165156086,-0.7372720152176345,0.07631196150833605,1.0625,0.125,0.0,-0.375,0.42424242424242425,0.35294117647058826,0.17647058823529413,-0.29411764705882354,-0.23529411764705882,0.35294117647058826
4,1,0,0,0.3734293948126802,0.8125,0.5772204962578719,3,2,1,0,6,5,4,3,2,1,1,1,1,0,0,0,1,1,1,1,0,0,0,0,1,1,0,0,0,0,0,0,0,1,0,0,0,0,0,0,0.5579768786127169,0.6185483870967741,0.5560736902705817,0.05091777007444454,-0.055350343808603784,0.06131726998920265,-0.24756629741524,0.952221103278505,-0.08207452165156086,-0.7372720152176345,-0.25,1.0625,0.125,0.0,-0.36363636363636365,0.4117647058823529,0.35294117647058826,0.17647058823529413,-0.29411764705882354,-0.23529411764705882
5,0,1,0,0.08691642651296837,0.4375,0.34821649977117813,4,3,2,1,0,6,5,4,3,2,1,1,1,1,0,0,0,1,1,1,0,0,0,0,0,1,1,0,0,0,0,0,0,0,1,0,0,0,0,0,0.3585549132947979,0.5560483870967743,0.6181922855497985,0.5475365119054385,0.05091777007444454,-0.055350343808603784,0.043638804968110005,-0.23083808884413107,0.952221103278505,-0.08207452165156086,0.8125,-0.25,1.0625,0.125,0.0,-0.35294117647058826,0.4117647058823529,0.35294117647058826,0.17647058823529413,-0.29411764705882354
6,0,1,0,0.272449567723343,0.1875,0.724214697420865,5,4,3,2,1,0,6,5,4,3,0,1,1,1,1,0,0,0,1,1,1,0,0,0,0,0,1,1,0,0,0,0,0,0,0,1,0,0,0,0,0.07121387283237007,0.3573156682027651,0.5557282671272311,0.608853781894641,0.5475365119054385,0.05091777007444454,-0.07122076759539005,0.06036701353921893,-0.23083808884413107,0.952221103278505,0.4375,0.8125,-0.25,1.0625,0.12121212121212122,0.0,-0.35294117647058826,0.4117647058823529,0.35294117647058826,0.17647058823529413
0,1,0,0,0.9904899135446688,1.875,1.4048957802019681,6,5,4,3,2,1,0,6,5,4,0,0,1,1,1,1,0,0,0,1,1,1,0,0,0,0,0,1,1,0,0,0,0,0,0,0,1,0,0,0,0.2572832369942198,0.07096774193548398,0.3571099597006335,0.5471955446951186,0.608853781894641,0.5475365119054385,0.03340046995636119,-0.05449255902428113,0.06036701353921893,-0.23083808884413107,0.1875,0.4375,0.8125,-0.25,1.0303030303030303,0.11764705882352941,0.0,-0.35294117647058826,0.4117647058823529,0.35294117647058826
1,1,0,0,0.35475504322766577,1.3125,0.8007255434435643,0,6,5,4,3,2,1,0,6,5,1,0,0,1,1,1,1,0,0,0,0,1,1,0,0,0,0,0,1,1,0,0,0,0,0,0,0,1,0,0,0.977398843930636,0.25639400921658995,0.07092688543465758,0.3511393987611525,0.5471955446951186,0.608853781894641,0.5223229271567641,0.05012867852747011,-0.05449255902428113,0.06036701353921893,1.875,0.1875,0.4375,0.8125,-0.24242424242424243,1.0,0.11764705882352941,0.0,-0.35294117647058826,0.4117647058823529
2,1,0,0,0.7126224783861671,0.6875,0.8865344203884663,1,0,6,5,4,3,2,1,0,6,1,1,0,0,1,1,1,1,0,0,0,0,1,1,0,0,0,0,0,1,0,0,0,0,0,0,0,0,1,0,0.3398265895953758,0.974020737327189,0.2562464018422569,0.06864806501108149,0.3511393987611525,0.5471955446951186,0.5826899406959828,0.539051135727873,0.05012867852747011,-0.05449255902428113,1.3125,1.875,0.1875,0.4375,0.7878787878787878,-0.23529411764705882,1.0,0.11764705882352941,0.0,-0.35294117647058826
3,1,0,0,0.814293948126801,1.0,1.5287866997030355,2,1,0,6,5,4,3,2,1,0,1,1,1,0,0,1,1,1,1,0,0,0,0,1,1,0,0,0,0,0,0,0,0,0,0,0,0,0,0,1,0.698728323699422,0.338652073732719,0.9734599884858954,0.25157697334772977,0.06864806501108149,0.3511393987611525,0.5219872440416248,0.5994181492670918,0.539051135727873,0.05012867852747011,0.6875,1.3125,1.875,0.1875,0.42424242424242425,0.7647058823529411,-0.23529411764705882,1.0,0.11764705882352941,0.0
4,1,0,0,0.63342939481268,1.25,0.9277534395523828,3,2,1,0,6,5,4,3,2,1,1,1,1,1,0,0,1,1,1,1,0,0,0,0,1,1,0,0,0,0,0,0,0,0,0,0,0,0,0,0,0.800693641618497,0.6963133640552994,0.3384571099597008,0.9595385577087003,0.25157697334772977,0.06864806501108149,0.32896945283652235,0.5387154526127337,0.5994181492670918,0.539051135727873,1.0,0.6875,1.3125,1.875,0.18181818181818182,0.4117647058823529,0.7647058823529411,-0.23529411764705882,1.0,0.11764705882352941
5,0,1,0,0.5380403458213258,0.5,1.0493188432969973,4,3,2,1,0,6,5,4,3,2,1,1,1,1,1,0,0,1,1,1,0,0,0,0,0,1,1,0,0,0,0,0,0,0,0,0,0,0,0,0,0.6193063583815028,0.7979262672811058,0.6959124928036845,0.3327271694038757,0.9595385577087003,0.25157697334772977,0.05085599194360525,0.3456976614076313,0.5387154526127337,0.5994181492670918,1.25,1.0,0.6875,1.3125,1.8181818181818181,0.17647058823529413,0.4117647058823529,0.7647058823529411,-0.23529411764705882,1.0
6,0,1,0,-0.13187319884726223,0.125,0.15972036017437505,5,4,3,2,1,0,6,5,4,3,0,1,1,1,1,1,0,0,1,1,1,0,0,0,0,0,1,1,0,0,0,0,0,0,0,0,0,0,0,0,0.52364161849711,0.6171658986175114,0.7974668969487622,0.6855714042166277,0.3327271694038757,0.9595385577087003,0.23094998321584423,0.06758420051471417,0.3456976614076313,0.5387154526127337,0.5,1.25,1.0,0.6875,1.2727272727272727,1.7647058823529411,0.17647058823529413,0.4117647058823529,0.7647058823529411,-0.23529411764705882
0,1,0,0,0.5170605187319883,0.875,0.5609704466965983,6,5,4,3,2,1,0,6,5,4,0,0,1,1,1,1,1,0,0,1,1,1,0,0,0,0,0,1,1,0,0,0,0,0,0,0,0,0,0,0,-0.14820809248554906,0.5218317972350232,0.6168105929763961,0.7858157640506902,0.6855714042166277,0.3327271694038757,0.9279400246167618,0.24767819178695316,0.06758420051471417,0.3456976614076313,0.125,0.5,1.25,1.0,0.6666666666666666,1.2352941176470589,1.7647058823529411,0.17647058823529413,0.4117647058823529,0.7647058823529411
1,1,0,0,0.6980403458213257,1.75,0.9522840858918711,0,6,5,4,3,2,1,0,6,5,1,0,0,1,1,1,1,1,0,0,0,1,1,0,0,0,0,0,1,1,0,0,0,0,0,0,0,0,0,0,0.5026011560693641,-0.1476958525345621,0.5215313759355212,0.6074899130533612,0.7858157640506902,0.6855714042166277,0.3108425646189997,0.9446682331878707,0.24767819178695316,0.06758420051471417,0.875,0.125,0.5,1.25,0.9696969696969697,0.6470588235294118,1.2352941176470589,1.7647058823529411,0.17647058823529413,0.4117647058823529
2,1,0,0,0.9676080691642651,1.1875,1.3361915907791166,1,0,6,5,4,3,2,1,0,6,1,1,0,0,1,1,1,1,1,0,0,0,1,1,0,0,0,0,0,1,0,0,0,0,0,0,0,0,0,0,0.6841040462427747,0.500864055299539,-0.1476108232584916,0.5134397908734444,0.6074899130533612,0.7858157640506902,0.6582186416023272,0.3275707731901086,0.9446682331878707,0.24767819178695316,1.75,0.875,0.125,0.5,1.2121212121212122,0.9411764705882353,0.6470588235294118,1.2352941176470589,1.7647058823529411,0.17647058823529413
3,1,0,0,0.5021902017291066,0.75,1.101918810905765,2,1,0,6,5,4,3,2,1,0,1,1,1,0,0,1,1,1,1,1,0,0,0,1,1,0,0,0,0,0,0,0,0,0,0,0,0,0,0,0,0.9544508670520232,0.6817396313364056,0.5005757052389176,-0.1470705233846678,0.5134397908734444,0.6074899130533612,0.7569094774532839,0.6749468501734361,0.3275707731901086,0.9446682331878707,1.1875,1.75,0.875,0.125,0.48484848484848486,1.1764705882352942,0.9411764705882353,0.6470588235294118,1.2352941176470589,1.7647058823529411
4,1,0,0,0.14224783861671475,-0.0625,0.4722967601375485,3,2,1,0,6,5,4,3,2,1,1,1,1,1,0,0,1,1,1,1,0,0,0,0,1,1,0,0,0,0,0,0,0,0,0,0,0,0,0,0,0.48768786127167635,0.9511520737327188,0.6813471502590676,0.49275444678070107,-0.1470705233846678,0.5134397908734444,0.5813472082354255,0.7736376860243928,0.6749468501734361,0.3275707731901086,0.75,1.1875,1.75,0.875,0.12121212121212122,0.47058823529411764,1.1764705882352942,0.9411764705882353,0.6470588235294118,1.2352941176470589
5,0,1,0,0.39417867435158493,0.9375,0.8408888234792081,4,3,2,1,0,6,5,4,3,2,1,1,1,1,1,0,0,1,1,1,0,0,0,0,0,1,1,0,0,0,0,0,0,0,0,0,0,0,0,0,0.12670520231213883,0.4860023041474654,0.9506044905008636,0.6711939535148036,0.49275444678070107,-0.1470705233846678,0.48875461564283323,0.5980754168065344,0.7736376860243928,0.6749468501734361,-0.0625,0.75,1.1875,1.75,0.8484848484848485,0.11764705882352941,0.47058823529411764,1.1764705882352942,0.9411764705882353,0.6470588235294118
6,0,1,0,0.24610951008645526,0.125,0.8883216503131265,5,4,3,2,1,0,6,5,4,3,0,1,1,1,1,1,0,0,1,1,1,0,0,0,0,0,1,1,0,0,0,0,0,0,0,0,0,0,0,0,0.37936416184971095,0.12626728110599086,0.48572251007484174,0.9369778939591974,0.6711939535148036,0.49275444678070107,-0.16151952556786395,0.5054828242139422,0.5980754168065344,0.7736376860243928,0.9375,-0.0625,0.75,1.1875,1.696969696969697,0.8235294117647058,0.11764705882352941,0.47058823529411764,1.1764705882352942,0.9411764705882353
0,1,0,0,0.6632853025936598,1.9375,1.344263190186935,6,5,4,3,2,1,0,6,5,4,0,0,1,1,1,1,1,0,0,1,1,1,0,0,0,0,0,1,1,0,0,0,0,0,0,0,0,0,0,0,0.23086705202312138,0.378052995391705,0.12619458837075428,0.4780928567369437,0.9369778939591974,0.6711939535148036,0.4683898399910483,-0.14479131699675504,0.5054828242139422,0.5980754168065344,0.125,0.9375,-0.0625,0.75,1.1515151515151516,1.6470588235294117,0.8235294117647058,0.11764705882352941,0.47058823529411764,1.1764705882352942
1,1,0,0,1.071585014409222,0.625,1.848574684975105,0,6,5,4,3,2,1,0,6,5,1,0,0,1,1,1,1,1,0,0,0,1,1,0,0,0,0,0,1,1,0,0,0,0,0,0,0,0,0,0,0.6492485549132948,0.2300691244239631,0.37783534830166954,0.12320281866227199,0.4780928567369437,0.9369778939591974,0.6440640035806199,0.4851180485621572,-0.14479131699675504,0.5054828242139422,1.9375,0.125,0.9375,-0.0625,0.7272727272727273,1.1176470588235294,1.6470588235294117,0.8235294117647058,0.11764705882352941,0.47058823529411764
2,1,0,0,0.8454755043227665,1.75,1.5047058009202605,1,0,6,5,4,3,2,1,0,6,1,1,0,0,1,1,1,1,1,0,0,0,1,1,0,0,0,0,0,1,0,0,0,0,0,0,0,0,0,0,1.058728323699422,0.6470046082949308,0.22993667242371907,0.3715974313803488,0.12320281866227199,0.4780928567369437,0.9057289918317107,0.6607922121517288,0.4851180485621572,-0.14479131699675504,0.625,1.9375,0.125,0.9375,-0.06060606060606061,0.7058823529411765,1.1176470588235294,1.6470588235294117,0.8235294117647058,0.11764705882352941
3,1,0,0,0.11469740634005766,1.125,0.5753937853187076,2,1,0,6,5,4,3,2,1,0,1,1,1,0,0,1,1,1,1,1,0,0,0,1,1,0,0,0,0,0,0,0,0,0,0,0,0,0,0,0,0.8319653179190751,1.0550691244239632,0.6466321243523316,0.22560663749502746,0.3715974313803488,0.12320281866227199,0.4539554660400581,0.9224572004028196,0.6607922121517288,0.4851180485621572,1.75,0.625,1.9375,0.125,0.9090909090909091,-0.058823529411764705,0.7058823529411765,1.1176470588235294,1.6470588235294117,0.8235294117647058
4,1,0,0,0.015907780979827035,1.0,0.5749504219260418,3,2,1,0,6,5,4,3,2,1,1,1,1,1,0,0,1,1,1,1,0,0,0,0,1,1,0,0,0,0,0,0,0,0,0,0,0,0,0,0,0.09907514450867061,0.829089861751152,1.0544617156016123,0.6369267488776494,0.22560663749502746,0.3715974313803488,0.10456529036589458,0.470683674611167,0.9224572004028196,0.6607922121517288,1.125,1.75,0.625,1.9375,0.12121212121212122,0.8823529411764706,-0.058823529411764705,0.7058823529411765,1.1176470588235294,1.6470588235294117
5,0,1,0,0.09210374639769446,1.0,0.6552240606374622,4,3,2,1,0,6,5,4,3,2,1,1,1,1,1,0,0,1,1,1,0,0,0,0,0,1,1,0,0,0,0,0,0,0,0,0,0,0,0,0,0.0,0.0987327188940093,0.8286125503742084,1.0394953685287265,0.6369267488776494,0.22560663749502746,0.3491104397448807,0.1212934989370035,0.470683674611167,0.9224572004028196,1.0,1.125,1.75,0.625,1.878787878787879,0.11764705882352941,0.8823529411764706,-0.058823529411764705,0.7058823529411765,1.1176470588235294
6,0,1,0,0.8118155619596543,0.1875,1.8417019643736765,5,4,3,2,1,0,6,5,4,3,0,1,1,1,1,1,0,0,1,1,1,0,0,0,0,0,1,1,0,0,0,0,0,0,0,0,0,0,0,0,0.07641618497109826,0.0,0.09867587795048945,0.8165596408478717,1.0394953685287265,0.6369267488776494,0.20538211927940012,0.3658386483159896,0.1212934989370035,0.470683674611167,1.0,1.0,1.125,1.75,0.6060606060606061,1.8235294117647058,0.11764705882352941,0.8823529411764706,-0.058823529411764705,0.7058823529411765
0,1,0,0,0.39965417867435143,2.25,1.1823085406002594,6,5,4,3,2,1,0,6,5,4,0,0,1,1,1,1,1,0,0,1,1,1,0,0,0,0,0,1,1,0,0,0,0,0,0,0,0,0,0,0,0.7982080924855494,0.07615207373271887,0.0,0.09603909757345004,0.8165596408478717,1.0394953685287265,0.6103278505091192,0.22211032785050905,0.3658386483159896,0.1212934989370035,0.1875,1.0,1.0,1.125,1.696969696969697,0.5882352941176471,1.8235294117647058,0.11764705882352941,0.8823529411764706,-0.058823529411764705
1,1,0,0,0.8561383285302595,1.4375,1.8442272372630888,0,6,5,4,3,2,1,0,6,5,1,0,0,1,1,1,1,1,0,0,0,1,1,0,0,0,0,0,1,1,0,0,0,0,0,0,0,0,0,0,0.38485549132947966,0.7954493087557605,0.07610823258491652,-0.001363868841279815,0.09603909757345004,0.8165596408478717,1.0066577151169296,0.6270560590802281,0.22211032785050905,0.3658386483159896,2.25,0.1875,1.0,1.0,1.0909090909090908,1.6470588235294117,0.5882352941176471,1.8235294117647058,0.11764705882352941,0.8823529411764706
2,1,0,0,1.020806916426513,1.0625,1.4989044438485892,1,0,6,5,4,3,2,1,0,6,1,1,0,0,1,1,1,1,1,0,0,0,1,1,0,0,0,0,0,1,0,0,0,0,0,0,0,0,0,0,0.8426589595375724,0.38352534562211965,0.7949913644214165,0.07376257316588047,-0.001363868841279815,0.09603909757345004,0.7871769050016784,1.0233859236880385,0.6270560590802281,0.22211032785050905,1.4375,2.25,0.1875,1.0,0.9696969696969697,1.0588235294117647,1.6470588235294117,0.5882352941176471,1.8235294117647058,0.11764705882352941
3,1,0,0,0.1247262247838616,0.375,0.42777544811791485,2,1,0,6,5,4,3,2,1,0,1,1,1,0,0,1,1,1,1,1,0,0,0,1,1,0,0,0,0,0,0,0,0,0,0,0,0,0,0,0,1.0078034682080925,0.8397465437788019,0.38330454807138736,0.7833721657100642,0.07376257316588047,-0.001363868841279815,0.077822535526463,0.8039051135727873,1.0233859236880385,0.6270560590802281,1.0625,1.4375,2.25,0.1875,0.9696969696969697,0.9411764705882353,1.0588235294117647,1.6470588235294117,0.5882352941176471,1.8235294117647058
4,1,0,0,1.275792507204611,2.0,2.084888885304797,3,2,1,0,6,5,4,3,2,1,1,1,1,1,0,0,1,1,1,1,0,0,0,0,1,1,0,0,0,0,0,0,0,0,0,0,0,0,0,0,0.10913294797687859,1.004320276497696,0.8392630972941856,0.37699607887708114,0.7833721657100642,0.07376257316588047,-0.018070941031666208,0.09455074409757191,0.8039051135727873,1.0233859236880385,0.375,1.0625,1.4375,2.25,0.18181818181818182,0.9411764705882353,0.9411764705882353,1.0588235294117647,1.6470588235294117,0.5882352941176471
5,0,1,0,1.9798847262247838,1.1875,2.189617568413038,4,3,2,1,0,6,5,4,3,2,1,1,1,1,1,0,0,1,1,1,0,0,0,0,0,1,1,0,0,0,0,0,0,0,0,0,0,0,0,0,1.2635260115606939,0.10875576036866355,1.0037420840529652,0.8270727964994032,0.37699607887708114,0.7833721657100642,0.05589123867069475,-0.0013427324605572847,0.09455074409757191,0.8039051135727873,2.0,0.375,1.0625,1.4375,2.1818181818181817,0.17647058823529413,0.9411764705882353,0.9411764705882353,1.0588235294117647,1.6470588235294117
6,0,1,0,0.6165994236311241,0.75,1.2646692969422542,5,4,3,2,1,0,6,5,4,3,0,1,1,1,1,1,0,0,1,1,1,0,0,0,0,0,1,1,0,0,0,0,0,0,0,0,0,0,0,0,1.9696531791907514,1.2591589861751151,0.10869314910765686,0.9894300164800818,0.8270727964994032,0.37699607887708114,0.7545037484614524,0.07261944724180368,-0.0013427324605572847,0.09455074409757191,1.1875,2.0,0.375,1.0625,1.393939393939394,2.1176470588235294,0.17647058823529413,0.9411764705882353,0.9411764705882353,1.0588235294117647
0,1,0,0,-0.9531412103746398,-3.0,-0.7688665487948378,6,5,4,3,2,1,0,6,5,4,0,0,1,1,1,1,1,0,0,1,1,1,0,0,0,0,0,1,1,0,0,0,0,0,0,0,0,0,0,0,0.60242774566474,1.9628456221198154,1.2584340817501443,0.1059271466727282,0.9894300164800818,0.8270727964994032,0.354425422401253,0.7712319570325613,0.07261944724180368,-0.0013427324605572847,0.75,1.1875,2.0,0.375,1.0303030303030303,1.3529411764705883,2.1176470588235294,0.17647058823529413,0.9411764705882353,0.9411764705882353
1,1,0,0,0.12115273775216144,-1.875,-0.7272675038657793,0,6,5,4,3,2,1,0,6,5,1,0,0,1,1,1,1,1,0,0,0,1,1,0,0,0,0,0,1,1,0,0,0,0,0,0,0,0,0,0,-0.9718497109826589,0.6003456221198158,1.9617156016119748,1.2408365062226516,0.1059271466727282,0.9894300164800818,0.7975271343851404,0.3711536309723619,0.7712319570325613,0.07261944724180368,-3.0,0.75,1.1875,2.0,0.36363636363636365,1.0,1.3529411764705883,2.1176470588235294,0.17647058823529413,0.9411764705882353
2,1,0,0,-0.4522766570605187,0.3125,-0.6231626207867037,1,0,6,5,4,3,2,1,0,6,1,1,0,0,1,1,1,1,1,0,0,0,1,1,0,0,0,0,0,1,0,0,0,0,0,0,0,0,0,0,0.10554913294797699,-0.9684907834101381,0.6000000000000002,1.935045746434051,1.2408365062226516,0.1059271466727282,0.9573682443773078,0.8142553429562494,0.3711536309723619,0.7712319570325613,-1.875,-3.0,0.75,1.1875,1.9393939393939394,0.35294117647058826,1.0,1.3529411764705883,2.1176470588235294,0.17647058823529413
3,1,0,0,-0.44224783861671474,1.4375,-0.5836372531428567,2,1,0,6,5,4,3,2,1,0,1,1,1,0,0,1,1,1,1,1,0,0,0,1,1,0,0,0,0,0,0,0,0,0,0,0,0,0,0,0,-0.4695375722543352,0.10518433179723512,-0.9679332181922856,0.5908961754844576,1.935045746434051,1.2408365062226516,0.08755734586550283,0.9740964529484167,0.8142553429562494,0.3711536309723619,0.3125,-1.875,-3.0,0.75,1.1515151515151516,1.8823529411764706,0.35294117647058826,1.0,1.3529411764705883,2.1176470588235294
4,1,0,0,-0.667550432276657,-0.5,-0.41212214989076357,3,2,1,0,6,5,4,3,2,1,1,1,1,1,0,0,1,1,1,1,0,0,0,0,1,1,0,0,0,0,0,0,0,0,0,0,0,0,0,0,-0.4594797687861271,-0.4679147465437787,0.10512377662636742,-0.9568108200261407,0.5908961754844576,1.935045746434051,1.2048785946066913,0.10428555443661176,0.9740964529484167,0.8142553429562494,1.4375,0.3125,-1.875,-3.0,0.7272727272727273,1.1176470588235294,1.8823529411764706,0.35294117647058826,1.0,1.3529411764705883
5,0,1,0,-0.667550432276657,-0.5,-0.41212214989076357,4,3,2,1,0,6,5,4,3,2,1,1,1,1,1,0,0,1,1,1,0,0,0,0,0,1,1,0,0,0,0,0,0,0,0,0,0,0,0,0,-0.6854335260115606,-0.45789170506912436,-0.4676453655728267,0.10240381883275562,-0.9568108200261407,0.5908961754844576,1.888329417030323,1.2216068031778002,0.10428555443661176,0.9740964529484167,-0.5,1.4375,0.3125,-1.875,-2.909090909090909,0.7058823529411765,1.1176470588235294,1.8823529411764706,0.35294117647058826,1.0
6,0,1,0,0.2628818443804035,-0.25,0.6194542614967035,5,4,3,2,1,0,6,5,4,3,0,1,1,1,1,1,0,0,1,1,1,0,0,0,0,0,1,1,0,0,0,0,0,0,0,0,0,0,0,0,-0.6854335260115606,-0.6830645161290321,-0.45762809441565916,-0.462976643746093,0.10240381883275562,-0.9568108200261407,0.5650106299653128,1.905057625601432,1.2216068031778002,0.10428555443661176,-0.5,-0.5,1.4375,0.3125,-1.8181818181818181,-2.823529411764706,0.7058823529411765,1.1176470588235294,1.8823529411764706,0.35294117647058826
0,1,0,0,0.23244956772334302,0.8125,0.688405417265602,6,5,4,3,2,1,0,6,5,4,0,0,1,1,1,1,1,0,0,1,1,1,0,0,0,0,0,1,1,0,0,0,0,0,0,0,0,0,0,0,0.24768786127167644,-0.6830645161290321,-0.6826712723085779,-0.4530885946468147,-0.462976643746093,0.10240381883275562,-0.9587109768378651,0.5817388385364217,1.905057625601432,1.2216068031778002,-0.25,-0.5,-0.5,1.4375,0.30303030303030304,-1.7647058823529411,-2.823529411764706,0.7058823529411765,1.1176470588235294,1.8823529411764706
1,1,0,0,-0.47095100864553313,1.0625,-0.2026694877951584,0,6,5,4,3,2,1,0,6,5,1,0,0,1,1,1,1,1,0,0,0,1,1,0,0,0,0,0,1,1,0,0,0,0,0,0,0,0,0,0,0.2171676300578036,0.24683179723502313,-0.6826712723085779,-0.6752287321702561,-0.4530885946468147,-0.462976643746093,0.08408862034239678,-0.9419827682667562,0.5817388385364217,1.905057625601432,0.8125,-0.25,-0.5,-0.5,1.393939393939394,0.29411764705882354,-1.7647058823529411,-2.823529411764706,0.7058823529411765,1.1176470588235294
