DIA_SEMANA,LABORAL,FIN_DE_SEMANA,FESTIVO,PORCENTAJE_USO,NUMERO_CONEXIONES,USAGE_KB,DIA_SEMANA_lag_1,DIA_SEMANA_lag_2,DIA_SEMANA_lag_3,DIA_SEMANA_lag_4,DIA_SEMANA_lag_5,DIA_SEMANA_lag_6,DIA_SEMANA_lag_7,DIA_SEMANA_lag_8,DIA_SEMANA_lag_9,DIA_SEMANA_lag_10,LABORAL_lag_1,LABORAL_lag_2,LABORAL_lag_3,LABORAL_lag_4,LABORAL_lag_5,LABORAL_lag_6,LABORAL_lag_7,LABORAL_lag_8,LABORAL_lag_9,LABORAL_lag_10,FIN_DE_SEMANA_lag_1,FIN_DE_SEMANA_lag_2,FIN_DE_SEMANA_lag_3,FIN_DE_SEMANA_lag_4,FIN_DE_SEMANA_lag_5,FIN_DE_SEMANA_lag_6,FIN_DE_SEMANA_lag_7,FIN_DE_SEMANA_lag_8,FIN_DE_SEMANA_lag_9,FIN_DE_SEMANA_lag_10,FESTIVO_lag_1,FESTIVO_lag_2,FESTIVO_lag_3,FESTIVO_lag_4,FESTIVO_lag_5,FESTIVO_lag_6,FESTIVO_lag_7,FESTIVO_lag_8,FESTIVO_lag_9,FESTIVO_lag_10,PORCENTAJE_USO_lag_1,PORCENTAJE_USO_lag_2,PORCENTAJE_USO_lag_3,PORCENTAJE_USO_lag_4,PORCENTAJE_USO_lag_5,PORCENTAJE_USO_lag_6,PORCENTAJE_USO_lag_7,PORCENTAJE_USO_lag_8,PORCENTAJE_USO_lag_9,PORCENTAJE_USO_lag_10,NUMERO_CONEXIONES_lag_1,NUMERO_CONEXIONES_lag_2,NUMERO_CONEXIONES_lag_3,NUMERO_CONEXIONES_lag_4,NUMERO_CONEXIONES_lag_5,NUMERO_CONEXIONES_lag_6,NUMERO_CONEXIONES_lag_7,NUMERO_CONEXIONES_lag_8,NUMERO_CONEXIONES_lag_9,NUMERO_CONEXIONES_lag_10
1,1,0,0,0.29867291081537195,-0.8063241106719368,-0.28865421564424343,0,6,5,4,3,2,1,0,6,5,0,0,0,1,1,1,1,1,0,0,0,1,1,0,0,0,0,0,1,1,1,0,0,0,0,0,0,0,0,0,0.3124784826765984,-1.09604737913898,-1.0989135284248364,-1.0839160839160837,-0.5117382617382616,-0.3354822399191,0.43268443268443274,0.7239967239967238,-1.0351555076962058,-0.5698979591836734,-0.4,-0.11244979919678715,-1.2439024390243902,-1.1147540983606556,-0.29508196721311475,-1.1967213114754098,-1.278688524590164,-1.0,-0.7510204081632653,-0.6935483870967742
2,1,0,0,-0.08793289200819546,-0.7430830039525692,-0.39863131400282537,1,0,6,5,4,3,2,1,0,6,1,0,0,0,1,1,1,1,1,0,0,0,1,1,0,0,0,0,0,1,0,1,0,0,0,0,0,0,0,0,0.2929485775093111,0.31810284162738106,-1.0996675861982292,-1.0854145854145851,-1.0839160839160837,-0.5116925799519657,-0.3344043344043343,0.43268443268443274,0.731614619623741,-1.0316326530612245,-0.816,-0.3855421686746988,-0.10569105691056911,-1.2459016393442623,-1.1147540983606556,-0.29508196721311475,-1.180327868852459,-1.2622950819672132,-0.9959183673469387,-0.7419354838709677
3,1,0,0,0.6257434128175265,-0.9802371541501976,-0.2723863222689249,2,1,0,6,5,4,3,2,1,0,1,1,0,0,0,1,1,1,1,1,0,0,0,1,1,0,0,0,0,0,0,0,1,0,0,0,0,0,0,0,-0.09564645863979214,0.29867291081537195,0.3272610736525929,-1.086163836163836,-1.0854145854145851,-1.0908861079509544,-0.51004851004851,-0.3344043344043343,0.4387153987458036,0.7471938775510204,-0.752,-0.8032128514056225,-0.3821138211382114,-0.09836065573770492,-1.2459016393442623,-1.1147540983606556,-0.2786885245901639,-1.1639344262295082,-1.2571428571428571,-0.9838709677419355
4,1,0,0,-0.4536141539572915,-0.7114624505928854,-0.6202405181588345,3,2,1,0,6,5,4,3,2,1,1,1,1,0,0,0,1,1,1,1,0,0,0,0,1,1,0,0,0,0,0,0,0,1,0,0,0,0,0,0,0.6217019811586489,-0.08793289200819546,0.3076555715443731,0.3316683316683315,-1.086163836163836,-1.0924029831879662,-1.0873810873810872,-0.51004851004851,-0.33255209982897327,0.4522959183673471,-0.992,-0.7389558232931727,-0.8048780487804879,-0.3770491803278688,-0.09836065573770492,-1.2459016393442623,-1.098360655737705,-0.26229508196721313,-1.1591836734693877,-1.2419354838709677
5,0,1,0,-1.0945527690765178,-0.6798418972332015,-0.7896668538866465,4,3,2,1,0,6,5,4,3,2,1,1,1,1,0,0,0,1,1,1,0,0,0,0,0,1,1,0,0,0,0,0,0,0,1,0,0,0,0,0,-0.4632092892241244,0.6257434128175265,-0.08244364989097584,0.3121878121878121,0.3316683316683315,-1.0931614208064722,-1.0888930888930888,-1.0873810873810872,-0.5091531006524357,-0.32423469387755094,-0.72,-0.9799196787148594,-0.7398373983739838,-0.8032786885245902,-0.3770491803278688,-0.09836065573770492,-1.2295081967213115,-1.0819672131147542,-0.2612244897959184,-1.1451612903225807
6,0,1,0,0.9974031150164716,-0.6007905138339921,-0.19216909443631577,5,4,3,2,1,0,6,5,4,3,0,1,1,1,1,0,0,0,1,1,1,0,0,0,0,0,1,1,0,0,0,0,0,0,0,1,0,0,0,0,-1.1074457763450283,-0.4536141539572915,0.6376815236994073,-0.07542457542457538,0.3121878121878121,0.3420553659461509,-1.0896490896490896,-1.0888930888930888,-1.0896307088110473,-0.5020408163265305,-0.688,-0.7068273092369478,-0.983739837398374,-0.7377049180327869,-0.8032786885245902,-0.3770491803278688,-0.08196721311475409,-1.2131147540983607,-1.0775510204081633,-0.25806451612903225
0,1,0,0,1.4990938926496322,-0.7905138339920948,0.07665329992777946,6,5,4,3,2,1,0,6,5,4,0,0,1,1,1,1,0,0,0,1,1,1,0,0,0,0,0,1,1,0,0,0,0,0,0,0,1,0,0,0,0.9952740133329159,-1.0945527690765178,-0.45142925367131886,0.6401098901098898,-0.07542457542457538,0.3223359878649981,0.3409563409563408,-1.0896490896490896,-1.091150946981694,-1.0864795918367347,-0.608,-0.6746987951807228,-0.7073170731707317,-0.9836065573770492,-0.7377049180327869,-0.8032786885245902,-0.36065573770491804,-0.06557377049180328,-1.2081632653061225,-1.064516129032258
1,1,0,0,-0.23216276303580222,-0.33201581027667987,-0.4434514529142028,0,6,5,4,3,2,1,0,6,5,1,0,0,1,1,1,1,0,0,0,0,1,1,0,0,0,0,0,1,1,0,0,0,0,0,0,0,1,0,0,1.4995461800882601,0.9974031150164716,-1.0981594706514433,-0.44205794205794197,0.6401098901098898,-0.0700290734420427,0.32130032130032127,0.3409563409563408,-1.0919110660670173,-1.0880102040816326,-0.8,-0.5943775100401606,-0.6747967479674797,-0.7049180327868853,-0.9836065573770492,-0.7377049180327869,-0.7868852459016393,-0.3442622950819672,-0.0653061224489796,-1.1935483870967742
2,1,0,0,-0.3851111927611053,-0.7272727272727273,-0.424674609499598,1,0,6,5,4,3,2,1,0,6,1,1,0,0,1,1,1,1,0,0,0,0,1,1,0,0,0,0,0,1,0,0,0,0,0,0,0,0,1,0,-0.24061844699696414,1.4990938926496322,1.012699589666895,-1.0846653346653345,-0.44205794205794197,0.6542788522310706,-0.06980406980406977,0.32130032130032127,0.34648761639323483,-1.0887755102040815,-0.336,-0.7871485943775101,-0.5934959349593496,-0.6721311475409836,-0.7049180327868853,-0.9836065573770492,-0.7213114754098361,-0.7704918032786885,-0.34285714285714286,-0.06451612903225806
3,1,0,0,0.23191366135872513,-0.6007905138339921,-0.21530652411398465,2,1,0,6,5,4,3,2,1,0,1,1,1,0,0,1,1,1,1,0,0,0,0,1,1,0,0,0,0,0,0,0,0,0,0,0,0,0,0,1,-0.39435385433945724,-0.23216276303580222,1.5189237082047773,1.0127372627372626,-1.0846653346653345,-0.441157881430919,0.652176652176652,-0.06980406980406977,0.3267245201748274,0.35943877551020403,-0.736,-0.321285140562249,-0.7886178861788617,-0.5901639344262295,-0.6721311475409836,-0.7049180327868853,-0.9672131147540983,-0.7049180327868853,-0.7673469387755102,-0.3387096774193548
4,1,0,0,0.6048188719430552,-0.8695652173913043,-0.05425823744700844,3,2,1,0,6,5,4,3,2,1,1,1,1,1,0,0,1,1,1,1,0,0,0,0,1,1,0,0,0,0,0,0,0,0,0,0,0,0,0,0,0.22584582642170833,-0.3851111927611053,-0.22797680015583874,1.5157342657342656,1.0127372627372626,-1.0916445455694603,-0.4397404397404397,0.652176652176652,-0.06651041996579465,0.33954081632653066,-0.608,-0.7228915662650602,-0.3170731707317073,-0.7868852459016393,-0.5901639344262295,-0.6721311475409836,-0.6885245901639344,-0.9508196721311475,-0.7020408163265306,-0.7580645161290323
5,0,1,0,-0.4003063950628048,-0.18972332015810275,-0.5460432905083046,4,3,2,1,0,6,5,4,3,2,1,1,1,1,1,0,0,1,1,1,0,0,0,0,0,1,1,0,0,0,0,0,0,0,0,0,0,0,0,0,0.600669775593878,0.23191366135872513,-0.38230729111028733,-0.22002997002997005,1.5157342657342656,1.031475161167994,-1.088137088137088,-0.4397404397404397,0.659403306518021,-0.056377551020408076,-0.88,-0.5943775100401606,-0.7235772357723578,-0.3114754098360656,-0.7868852459016393,-0.5901639344262295,-0.6557377049180327,-0.6721311475409836,-0.9469387755102041,-0.6935483870967742
6,0,1,0,-0.3721579055530992,-0.7747035573122529,-0.5285768345268174,5,4,3,2,1,0,6,5,4,3,0,1,1,1,1,1,0,0,1,1,1,0,0,0,0,0,1,1,0,0,0,0,0,0,0,0,0,0,0,0,-0.4096272417138744,0.6048188719430552,0.24029307712125886,-0.3733766233766233,-0.22002997002997005,1.5406396157249405,1.028161028161028,-1.088137088137088,-0.4384620257173625,0.6744897959183673,-0.192,-0.8674698795180723,-0.5934959349593496,-0.7213114754098361,-0.3114754098360656,-0.7868852459016393,-0.5737704918032787,-0.639344262295082,-0.6693877551020408,-0.9354838709677419
0,1,0,0,0.26579148944120246,-0.7114624505928854,-0.22084813020367375,6,5,4,3,2,1,0,6,5,4,0,0,1,1,1,1,1,0,0,1,1,1,0,0,0,0,0,1,1,0,0,0,0,0,0,0,0,0,0,0,-0.38133391756126567,-0.4003063950628048,0.6165679060444014,0.2452547452547453,-0.3733766233766233,-0.21640753381367725,1.5356895356895357,1.028161028161028,-1.0903908278963705,-0.43086734693877543,-0.784,-0.17670682730923695,-0.8699186991869918,-0.5901639344262295,-0.7213114754098361,-0.3114754098360656,-0.7704918032786885,-0.5573770491803278,-0.636734693877551,-0.6612903225806451
1,1,0,0,-0.6705817146913942,-0.8063241106719368,-0.5767271916117578,0,6,5,4,3,2,1,0,6,5,1,0,0,1,1,1,1,1,0,0,0,1,1,0,0,0,0,0,1,1,0,0,0,0,0,0,0,0,0,0,0.25989796876467075,-0.3721579055530992,-0.39763979916927983,0.6191308691308689,0.2452547452547453,-0.3716344330678802,-0.21571221571221574,1.5356895356895357,1.037435864952176,-1.0872448979591836,-0.72,-0.7710843373493976,-0.17073170731707318,-0.8688524590163934,-0.5901639344262295,-0.7213114754098361,-0.29508196721311475,-0.7540983606557377,-0.5551020408163265,-0.6290322580645161
2,1,0,0,-1.0367611799946443,-0.5217391304347826,-0.7618632942737665,1,0,6,5,4,3,2,1,0,6,1,1,0,0,1,1,1,1,1,0,0,0,1,1,0,0,0,0,0,1,0,0,0,0,0,0,0,0,0,0,-0.6812932302588338,0.26579148944120246,-0.36923695637147413,-0.38861138861138855,0.6191308691308689,0.2545822272784732,-0.3704403704403704,-0.21571221571221574,1.5477291442325969,1.0551020408163265,-0.816,-0.7068273092369478,-0.7723577235772358,-0.16393442622950818,-0.8688524590163934,-0.5901639344262295,-0.7049180327868853,-0.2786885245901639,-0.7510204081632653,-0.5483870967741935
3,1,0,0,0.6197649725676776,-0.7430830039525692,-0.07850443730474564,2,1,0,6,5,4,3,2,1,0,1,1,1,0,0,1,1,1,1,1,0,0,0,1,1,0,0,0,0,0,0,0,0,0,0,0,0,0,0,0,-1.0493568276423273,-0.6705817146913942,0.27447702951507785,-0.3603896103896103,-0.38861138861138855,0.633042598912906,0.2537642537642538,-0.3704403704403704,-0.21321340343320463,1.5688775510204085,-0.528,-0.8032128514056225,-0.7073170731707317,-0.7704918032786885,-0.16393442622950818,-0.8688524590163934,-0.5737704918032787,-0.6885245901639344,-0.27755102040816326,-0.7419354838709677
4,1,0,0,0.7316116255752689,-0.8853754940711462,-0.16253884094024143,3,2,1,0,6,5,4,3,2,1,1,1,1,1,0,0,1,1,1,1,0,0,0,0,1,1,0,0,0,0,0,0,0,0,0,0,0,0,0,0,0.6156927795687145,-1.0367611799946443,-0.6703573605464407,0.27922077922077904,-0.3603896103896103,-0.3870559979774998,0.6310086310086309,0.2537642537642538,-0.3687844428960538,-0.20408163265306123,-0.752,-0.5140562248995983,-0.8048780487804879,-0.7049180327868853,-0.7704918032786885,-0.16393442622950818,-0.8524590163934426,-0.5573770491803278,-0.6857142857142857,-0.27419354838709675
5,0,0,1,0.31934835001276624,-0.26877470355731226,-0.23959163402303202,4,3,2,1,0,6,5,4,3,2,1,1,1,1,1,0,0,1,1,1,0,0,0,0,0,1,1,0,0,0,0,0,0,0,0,0,0,0,0,0,0.7281149259804073,0.6197649725676776,-1.0398456695090457,-0.6595904095904095,0.27922077922077904,-0.35848818101377833,-0.3858123858123858,0.6310086310086309,0.25882054855260667,-0.36071428571428565,-0.896,-0.7389558232931727,-0.5121951219512195,-0.8032786885245902,-0.7049180327868853,-0.7704918032786885,-0.14754098360655737,-0.8360655737704918,-0.5551020408163265,-0.6774193548387096
6,0,1,0,0.8997552576022715,-0.015810276679841896,-0.18683450977346908,5,4,3,2,1,0,6,5,4,3,0,1,1,1,1,1,0,0,1,1,0,0,0,0,0,0,1,1,0,0,1,0,0,0,0,0,0,0,0,0,0.31373039967450145,0.7316116255752689,0.6316490615122629,-1.0267232767232766,-0.6595904095904095,0.2889647326507394,-0.3573363573363573,-0.3858123858123858,0.6381199721289669,0.2711734693877553,-0.272,-0.8835341365461847,-0.7398373983739838,-0.5081967213114754,-0.8032786885245902,-0.7049180327868853,-0.7540983606557377,-0.13114754098360656,-0.8326530612244898,-0.5483870967741935
0,1,0,0,0.6127901256095206,-0.758893280632411,-0.19384937678028555,6,5,4,3,2,1,0,6,5,4,0,0,1,1,1,1,1,0,0,1,1,0,0,0,0,0,0,1,1,0,0,1,0,0,0,0,0,0,0,0,0.8971237206973176,0.31934835001276624,0.7445063749300924,0.6341158841158839,-1.0267232767232766,-0.6613576033371257,0.2880362880362879,-0.3573363573363573,-0.3842401976309623,0.6530612244897959,-0.016,-0.2570281124497992,-0.8861788617886179,-0.7377049180327869,-0.5081967213114754,-0.8032786885245902,-0.6885245901639344,-0.7377049180327869,-0.1306122448979592,-0.8225806451612904
1,1,0,0,1.1371491558566917,0.6956521739130435,0.24771227812904675,0,6,5,4,3,2,1,0,6,5,1,0,0,1,1,1,1,1,0,0,0,1,0,0,0,0,0,0,1,1,0,0,1,0,0,0,0,0,0,0,0.6086820443804576,0.8997552576022715,0.328517836608248,0.746253746253746,0.6341158841158839,-1.0329920364050058,-0.6592326592326592,0.2880362880362879,-0.35560904541711547,-0.3762755102040816,-0.768,0.0,-0.25203252032520324,-0.8852459016393442,-0.7377049180327869,-0.5081967213114754,-0.7868852459016393,-0.6721311475409836,-0.7346938775510204,-0.12903225806451613
2,1,0,0,-0.12330533015313525,-0.7430830039525692,-0.47955083500512835,1,0,6,5,4,3,2,1,0,6,1,1,0,0,1,1,1,1,1,0,0,0,1,0,0,0,0,0,0,1,0,0,0,1,0,0,0,0,0,0,1.135739100497637,0.6127901256095206,0.9141693739435336,0.3329170829170827,0.746253746253746,0.6482113512830237,-1.0296730296730296,-0.6592326592326592,0.29327928042059914,-0.3474489795918367,0.704,-0.7550200803212851,0.008130081300813009,-0.2459016393442623,-0.8852459016393442,-0.7377049180327869,-0.4918032786885246,-0.7704918032786885,-0.6693877551020408,-0.7258064516129032
3,1,0,0,0.09814606076835405,-0.33201581027667987,-0.08142651564522863,2,1,0,6,5,4,3,2,1,0,1,1,1,0,0,1,1,1,1,1,0,0,0,1,0,0,0,0,0,0,0,0,0,0,1,0,0,0,0,0,-0.1312009013802384,1.1371491558566917,0.6246111889605942,0.9148351648351645,0.3329170829170827,0.7617241815194034,0.646128646128646,-1.0296730296730296,-0.6591499334895801,0.30586734693877543,-0.752,0.7228915662650602,-0.7560975609756098,0.01639344262295082,-0.2459016393442623,-0.8852459016393442,-0.7213114754098361,-0.47540983606557374,-0.7673469387755102,-0.6612903225806451
4,1,0,0,0.26056035422258483,-0.8537549407114624,-0.06473011285868696,3,2,1,0,6,5,4,3,2,1,1,1,1,1,0,0,1,1,1,1,0,0,0,0,1,0,0,0,0,0,0,0,0,0,0,1,0,0,0,0,0.09138994084692184,-0.12330533015313525,1.1537083932913994,0.6271228771228771,0.9148351648351645,0.34331942864366066,0.7592767592767591,0.646128646128646,-1.0316082852980302,-0.6530612244897959,-0.336,-0.7389558232931727,0.7398373983739838,-0.7540983606557377,0.01639344262295082,-0.2459016393442623,-0.8688524590163934,-0.7049180327868853,-0.47346938775510206,-0.7580645161290323
5,0,1,0,-0.21572205234871747,-0.5533596837944664,-0.3466566309773644,4,3,2,1,0,6,5,4,3,2,1,1,1,1,1,0,0,1,1,1,0,0,0,0,0,1,0,0,0,0,0,0,0,0,0,0,1,0,0,0,0.25463991737347824,0.09814606076835405,-0.11813571783158121,1.1528471528471527,0.6271228771228771,0.9323726456832259,0.34221634221634206,0.7592767592767591,0.6533223538354342,-1.028061224489796,-0.864,-0.321285140562249,-0.7398373983739838,0.7540983606557377,-0.7540983606557377,0.01639344262295082,-0.22950819672131148,-0.8524590163934426,-0.7020408163265306,-0.46774193548387094
6,0,1,0,0.4822608468211512,-0.5375494071146245,-0.0018007538489876798,5,4,3,2,1,0,6,5,4,3,0,1,1,1,1,1,0,0,1,1,1,0,0,0,0,0,1,0,0,0,0,0,0,0,0,0,0,1,0,0,-0.22409314262464397,0.26056035422258483,0.10531673568389893,-0.11088911088911081,1.1528471528471527,0.6411326001769689,0.9293769293769292,0.34221634221634206,0.7670868436054982,0.6683673469387755,-0.56,-0.8514056224899599,-0.3170731707317073,-0.7377049180327869,0.7540983606557377,-0.7540983606557377,0.03278688524590164,-0.21311475409836064,-0.8489795918367347,-0.6935483870967742
0,1,0,0,-0.7976235700006851,-0.26877470355731226,-0.6243268218166164,6,5,4,3,2,1,0,6,5,4,0,0,1,1,1,1,1,0,0,1,1,1,0,0,0,0,0,1,0,0,0,0,0,0,0,0,0,0,1,0,0.47748114300021915,-0.21572205234871747,0.2691986251013266,0.11113886113886111,-0.11088911088911081,1.1733029958285932,0.639072639072639,0.9293769293769292,0.3477544815354405,0.7829081632653061,-0.544,-0.5461847389558233,-0.8536585365853658,-0.3114754098360656,-0.7377049180327869,0.7540983606557377,-0.7377049180327869,0.04918032786885246,-0.21224489795918366,-0.8387096774193549
1,1,0,0,-0.22394240769225984,-0.1422924901185771,-0.39361308135971174,0,6,5,4,3,2,1,0,6,5,1,0,0,1,1,1,1,1,0,0,0,1,1,0,0,0,0,0,1,0,0,0,0,0,0,0,0,0,0,1,-0.8089887640449438,0.4822608468211512,-0.2113875291411911,0.27397602397602405,0.11113886113886111,-0.1059284540513209,1.1695331695331694,0.639072639072639,0.9381136378032559,0.36071428571428565,-0.272,-0.5301204819277109,-0.5447154471544715,-0.8524590163934426,-0.3114754098360656,-0.7377049180327869,0.7704918032786885,-0.7213114754098361,0.04897959183673469,-0.20967741935483872
2,1,0,0,-0.8813217334985707,0.12648221343873517,-0.703117680332395,1,0,6,5,4,3,2,1,0,6,1,1,0,0,1,1,1,1,1,0,0,0,1,1,0,0,0,0,0,1,0,0,0,0,0,0,0,0,0,0,-0.23235579481080404,-0.7976235700006851,0.4929024312079378,-0.2035464535464535,0.27397602397602405,0.11882189356592088,-0.10558810558810552,1.1695331695331694,0.6462279090390829,0.9551020408163264,-0.144,-0.2570281124497992,-0.5284552845528455,-0.5409836065573771,-0.8524590163934426,-0.3114754098360656,-0.7213114754098361,0.7868852459016393,-0.7183673469387755,0.04838709677419355
3,1,0,0,-0.5881290595788936,-0.015810276679841896,-0.5180896611462477,2,1,0,6,5,4,3,2,1,0,1,1,1,0,0,1,1,1,1,1,0,0,0,1,1,0,0,0,0,0,0,0,0,0,0,0,0,0,0,0,-0.8931175863040279,-0.22394240769225984,-0.7985471820232629,0.49625374625374624,-0.2035464535464535,0.28365566932119846,0.11844011844011842,-0.10558810558810552,1.1795781339076457,0.6612244897959185,0.128,-0.1285140562248996,-0.25203252032520324,-0.5245901639344263,-0.5409836065573771,-0.8524590163934426,-0.29508196721311475,-0.7049180327868853,0.7836734693877551,-0.7096774193548387
4,1,0,0,-0.36045012673047827,-0.7905138339920948,-0.4592431138666485,3,2,1,0,6,5,4,3,2,1,1,1,1,1,0,0,1,1,1,1,0,0,0,0,1,1,0,0,0,0,0,0,0,0,0,0,0,0,0,0,-0.5984163249976526,-0.8813217334985707,-0.21968216464851492,-0.7869630369630368,0.49625374625374624,-0.19972190620654787,0.2827442827442828,0.11844011844011842,-0.10248939000443401,1.198214285714286,-0.016,0.14457831325301204,-0.12195121951219512,-0.2459016393442623,-0.5245901639344263,-0.5409836065573771,-0.8360655737704918,-0.2786885245901639,-0.7020408163265306,0.7741935483870968
5,0,1,0,0.3644357535637107,-0.3952569169960474,-0.28486131705285794,4,3,2,1,0,6,5,4,3,2,1,1,1,1,1,0,0,1,1,1,0,0,0,0,0,1,1,0,0,0,0,0,0,0,0,0,0,0,0,0,-0.36956589778097715,-0.5881290595788936,-0.8830016526432868,-0.21178821178821178,-0.7869630369630368,0.5086588294779423,-0.19908019908019906,0.2827442827442828,0.12275923227972381,-0.09260204081632642,-0.8,0.0,0.15447154471544716,-0.11475409836065574,-0.2459016393442623,-0.5245901639344263,-0.5245901639344263,-0.819672131147541,-0.27755102040816326,-0.6935483870967742
6,0,1,0,-0.9784713875586166,0.26877470355731226,-0.7558182686099688,5,4,3,2,1,0,6,5,4,3,0,1,1,1,1,1,0,0,1,1,1,0,0,0,0,0,1,1,0,0,0,0,0,0,0,0,0,0,0,0,0.3590497949985915,-0.36045012673047827,-0.5871596528820717,-0.8708791208791207,-0.21178821178821178,-0.7902919984831249,0.5070245070245071,-0.19908019908019906,0.28795844682333577,0.1341836734693878,-0.4,-0.7871485943775101,0.008130081300813009,0.16393442622950818,-0.11475409836065574,-0.2459016393442623,-0.5081967213114754,-0.5081967213114754,-0.8163265306122449,-0.27419354838709675
0,1,0,0,-0.9946629965686243,-0.15810276679841898,-0.7643840503542623,6,5,4,3,2,1,0,6,5,4,0,0,1,1,1,1,1,0,0,1,1,1,0,0,0,0,0,1,1,0,0,0,0,0,0,0,0,0,0,0,-0.990767112140465,0.3644357535637107,-0.357423384588316,-0.5769230769230768,-0.8708791208791207,-0.20806472001011256,-0.7877527877527877,0.5070245070245071,-0.1964907835560905,0.3005102040816328,0.272,-0.3855421686746988,-0.7886178861788617,0.01639344262295082,0.16393442622950818,-0.11475409836065574,-0.22950819672131148,-0.4918032786885246,-0.5061224489795918,-0.8064516129032258
1,1,0,0,-0.8394726517496278,-0.17391304347826086,-0.6894282429854551,0,6,5,4,3,2,1,0,6,5,1,0,0,1,1,1,1,1,0,0,0,1,1,0,0,0,0,0,1,1,0,0,0,0,0,0,0,0,0,0,-1.0070420331132044,-0.9784713875586166,0.3740126556029634,-0.3486513486513486,-0.5769230769230768,-0.8752370117557832,-0.2073962073962074,-0.7877527877527877,0.5134604421359348,-0.18724489795918361,-0.16,0.2891566265060241,-0.3821138211382114,-0.7868852459016393,0.01639344262295082,0.16393442622950818,-0.09836065573770492,-0.21311475409836064,-0.4897959183673469,-0.5
2,0,0,1,-0.9964067083081636,0.03162055335968379,-0.7545016455917053,1,0,6,5,4,3,2,1,0,6,1,1,0,0,1,1,1,1,1,0,0,0,1,1,0,0,0,0,0,1,0,0,0,0,0,0,0,0,0,0,-0.8510531751744858,-0.9946629965686243,-0.981029163184386,0.378121878121878,-0.3486513486513486,-0.5776766527619771,-0.8724248724248723,-0.2073962073962074,-0.7883701779945526,0.5275510204081635,-0.176,-0.14457831325301204,0.3008130081300813,-0.3770491803278688,-0.7868852459016393,0.01639344262295082,0.18032786885245902,-0.08196721311475409,-0.21224489795918366,-0.4838709677419355
3,1,0,0,-1.0285408246511019,0.4268774703557312,-0.7657503086302868,2,1,0,6,5,4,3,2,1,0,0,1,1,0,0,1,1,1,1,1,0,0,0,1,1,0,0,0,0,0,1,0,0,0,0,0,0,0,0,0,-1.0087947169102687,-0.8394726517496278,-0.9973670816079027,-0.968281718281718,0.378121878121878,-0.3466059916571863,-0.5758205758205758,-0.8724248724248723,-0.20485209349464759,-0.7831632653061225,0.032,-0.1606425702811245,-0.13821138211382114,0.3114754098360656,-0.3770491803278688,-0.7868852459016393,0.03278688524590164,0.19672131147540983,-0.08163265306122448,-0.20967741935483872
4,1,0,0,-1.0928090573369784,-0.3952569169960474,-0.7878865527569372,3,2,1,0,6,5,4,3,2,1,1,0,1,1,0,0,1,1,1,1,0,0,0,0,1,1,0,0,0,0,0,1,0,0,0,0,0,0,0,0,-1.0410941754561671,-0.9964067083081636,-0.8407744173332747,-0.9845154845154843,-0.968281718281718,0.3890784982935153,-0.34549234549234553,-0.5758205758205758,-0.8735035155507698,-0.1956632653061224,0.432,0.04819277108433735,-0.15447154471544716,-0.13114754098360656,0.3114754098360656,-0.3770491803278688,-0.7704918032786885,0.04918032786885246,0.19591836734693877,-0.08064516129032258
5,0,1,0,-0.791396028073759,-0.5059288537549407,-0.640029355472044,4,3,2,1,0,6,5,4,3,2,1,1,0,1,1,0,0,1,1,1,0,0,0,0,0,1,1,0,0,0,0,0,1,0,0,0,0,0,0,0,-1.105693092547964,-1.0285408246511019,-0.9991265497458198,-0.8289210789210787,-0.9845154845154843,-0.9738339021615473,0.38782838782838774,-0.34549234549234553,-0.5752834610755686,-0.8688775510204081,-0.4,0.4497991967871486,0.056910569105691054,-0.14754098360655737,-0.13114754098360656,0.3114754098360656,-0.36065573770491804,-0.7540983606557377,0.04897959183673469,0.1935483870967742
6,0,1,0,-0.026155676093089292,-0.6798418972332015,-0.3532651872560769,5,4,3,2,1,0,6,5,4,3,0,1,1,0,1,1,0,0,1,1,1,0,0,0,0,0,1,1,0,0,0,0,0,1,0,0,0,0,0,0,-0.8027291790554286,-1.0928090573369784,-1.031551034001722,-0.986263736263736,-0.8289210789210787,-0.9902667172291747,-0.9707049707049705,0.38782838782838774,-0.34370051308038274,-0.5686224489795918,-0.512,-0.3855421686746988,0.4634146341463415,0.06557377049180328,-0.14754098360655737,-0.13114754098360656,0.32786885245901637,-0.3442622950819672,-0.7510204081632653,0.04838709677419355
0,1,0,0,0.419985427551891,-0.4743083003952569,-0.20562133012430722,6,5,4,3,2,1,0,6,5,4,0,0,1,1,0,1,1,0,0,1,1,1,0,0,0,0,0,1,1,0,0,0,0,0,1,0,0,0,0,0,-0.03355137554380139,-0.791396028073759,-1.096400002513526,-1.0184815184815184,-0.986263736263736,-0.832764505119454,-0.9870849870849869,-0.9707049707049705,0.3936149996832837,-0.3354591836734694,-0.688,-0.4979919678714859,-0.3821138211382114,0.47540983606557374,0.06557377049180328,-0.14754098360655737,-0.11475409836065574,0.3442622950819672,-0.34285714285714286,-0.7419354838709677
1,1,0,0,-0.7545289798663569,-0.8537549407114624,-0.6144420891022715,0,6,5,4,3,2,1,0,6,5,1,0,0,1,1,0,1,1,0,0,0,1,1,0,0,0,0,0,1,1,0,0,0,0,0,1,0,0,0,0,0.4148852931050672,-0.026155676093089292,-0.7922633672449872,-1.0829170829170827,-1.0184815184815184,-0.9920364050056883,-0.8300888300888299,-0.9870849870849869,-0.9723189966428075,0.40688775510204084,-0.48,-0.6746987951807228,-0.4959349593495935,-0.3770491803278688,0.47540983606557374,0.06557377049180328,-0.13114754098360656,-0.09836065573770492,0.34285714285714286,-0.3387096774193548
2,1,0,0,-0.38536029443818237,-0.22134387351778656,-0.4516501665462437,1,0,6,5,4,3,2,1,0,6,1,1,0,0,1,1,0,1,1,0,0,0,1,1,0,0,0,0,0,1,0,0,0,0,0,0,1,0,0,0,-0.7656724359174986,0.419985427551891,-0.02010820729048191,-0.7807192807192807,-1.0829170829170827,-1.0246492226014412,-0.9888489888489886,-0.8300888300888299,-0.9887882434914804,-0.9683673469387755,-0.864,-0.46586345381526106,-0.6747967479674797,-0.4918032786885246,-0.3770491803278688,0.47540983606557374,0.08196721311475409,-0.11475409836065574,-0.09795918367346938,0.3387096774193548
3,1,0,0,1.2514868256350533,-0.17391304347826086,0.19475079296897035,2,1,0,6,5,4,3,2,1,0,1,1,1,0,0,1,1,0,1,1,0,0,0,1,1,0,0,0,0,0,0,0,0,0,0,0,0,1,0,0,-0.3946042377390379,-0.7545289798663569,0.4300642834251818,-0.013486513486513427,-0.7807192807192807,-1.0898748577929467,-1.0213570213570213,-0.9888489888489886,-0.8309368467726612,-0.9849489795918367,-0.224,-0.8514056224899599,-0.4634146341463415,-0.6721311475409836,-0.4918032786885246,-0.3770491803278688,0.4918032786885246,0.09836065573770492,-0.11428571428571428,-0.0967741935483871
4,1,0,0,1.3934747815689668,-0.4743083003952569,0.6707778572376083,3,2,1,0,6,5,4,3,2,1,1,1,1,1,0,0,1,1,0,1,0,0,0,0,1,1,0,0,0,0,0,0,0,0,0,0,0,0,1,0,1.2506650809051358,-0.38536029443818237,-0.7550631837575957,0.4338161838161838,-0.013486513486513427,-0.7839716849955759,-1.0863730863730863,-1.0213570213570213,-0.9905618546905682,-0.8260204081632652,-0.176,-0.20883534136546184,-0.8536585365853658,-0.45901639344262296,-0.6721311475409836,-0.4918032786885246,-0.36065573770491804,0.5081967213114754,0.09795918367346938,-0.11290322580645161
5,0,1,0,0.9707492355692282,-0.15810276679841898,-0.02155375733289224,4,3,2,1,0,6,5,4,3,2,1,1,1,1,1,0,0,1,1,0,0,0,0,0,0,1,1,0,0,0,0,0,0,0,0,0,0,0,0,1,1.3933836186660822,1.2514868256350533,-0.3825586437014184,-0.7437562437562436,0.4338161838161838,-0.007331563645556763,-0.7814527814527814,-1.0863730863730863,-1.023246975359473,-0.9867346938775509,-0.48,-0.1606425702811245,-0.2032520325203252,-0.8524590163934426,-0.45901639344262296,-0.6721311475409836,-0.47540983606557374,-0.3442622950819672,0.5061224489795918,0.0967741935483871
6,0,1,0,-0.9024953760501192,0.09486166007905138,-0.7143316735175655,5,4,3,2,1,0,6,5,4,3,0,1,1,1,1,1,0,0,1,1,1,0,0,0,0,0,1,1,0,0,0,0,0,0,0,0,0,0,0,0,0.9684829895777908,1.3934747815689668,1.2690792326205393,-0.3736263736263736,-0.7437562437562436,0.44545569460245243,-0.00730800730800725,-0.7814527814527814,-1.0886172166972827,-1.019642857142857,-0.16,-0.46586345381526106,-0.15447154471544716,-0.19672131147540983,-0.8524590163934426,-0.45901639344262296,-0.6557377049180327,-0.45901639344262296,-0.34285714285714286,0.5
0,0,0,1,-1.096545582493134,-0.15810276679841898,-0.7889223250202314,6,5,4,3,2,1,0,6,5,4,0,0,1,1,1,1,1,0,0,1,1,1,0,0,0,0,0,1,1,0,0,0,0,0,0,0,0,0,0,0,-0.9144001752683796,0.9707492355692282,1.412350209565223,1.2674825174825173,-0.3736263736263736,-0.746555429149286,0.4440244440244441,-0.00730800730800725,-0.7820358522835245,-1.0854591836734695,0.096,-0.14457831325301204,-0.4634146341463415,-0.14754098360655737,-0.19672131147540983,-0.8524590163934426,-0.4426229508196721,-0.639344262295082,-0.45714285714285713,-0.3387096774193548
1,1,0,0,-1.095549175784826,-0.07905138339920949,-0.7897805078185716,0,6,5,4,3,2,1,0,6,5,0,0,0,1,1,1,1,1,0,0,0,1,1,0,0,0,0,0,1,1,1,0,0,0,0,0,0,0,0,0,-1.1094488435416732,-0.9024953760501192,0.9858048624158753,1.4098401598401595,1.2674825174825173,-0.37188724560738223,-0.7441567441567442,0.4440244440244441,-0.003673908912396247,-0.7767857142857143,-0.16,0.11244979919678715,-0.13821138211382114,-0.45901639344262296,-0.14754098360655737,-0.19672131147540983,-0.8360655737704918,-0.4262295081967213,-0.636734693877551,-0.45161290322580644
2,1,0,0,-1.0940545657223637,-0.26877470355731226,-0.7885270720631194,1,0,6,5,4,3,2,1,0,6,1,0,0,0,1,1,1,1,1,0,0,0,1,1,0,0,0,0,0,1,0,1,0,0,0,0,0,0,0,0,-1.1084473099433505,-1.096545582493134,-0.9043666228894238,0.9860139860139857,1.4098401598401595,1.2893439514599925,-0.3706923706923707,-0.7441567441567442,0.4501171850256542,0.006887755102040933,-0.08,-0.14457831325301204,0.12195121951219512,-0.13114754098360656,-0.45901639344262296,-0.14754098360655737,-0.18032786885245902,-0.819672131147541,-0.42448979591836733,-0.6290322580645161
3,1,0,0,-0.6230032943696793,-0.25296442687747034,-0.627125601853482,2,1,0,6,5,4,3,2,1,0,1,1,0,0,0,1,1,1,1,1,0,0,0,1,1,0,0,0,0,0,0,0,1,0,0,0,0,0,0,0,-1.106945009545867,-1.095549175784826,-1.1001702913804914,-0.8921078921078919,0.9860139860139857,1.4334470989761094,1.285201285201285,-0.3706923706923707,-0.7445366440742385,0.4637755102040818,-0.272,-0.0642570281124498,-0.13821138211382114,0.13114754098360656,-0.13114754098360656,-0.45901639344262296,-0.13114754098360656,-0.16393442622950818,-0.8163265306122449,-0.41935483870967744
4,1,0,0,-0.005978440249849067,-0.8379446640316206,-0.2819512941769903,3,2,1,0,6,5,4,3,2,1,1,1,1,0,0,0,1,1,1,1,0,0,0,0,1,1,0,0,0,0,0,0,0,1,0,0,0,0,0,0,-0.6334700009389377,-1.0940545657223637,-1.0991648810159673,-1.0866633366633365,-0.8921078921078919,1.0044242194412842,1.4288414288414286,1.285201285201285,-0.36903781592449497,-0.739030612244898,-0.256,-0.2570281124497992,-0.056910569105691054,-0.13114754098360656,0.13114754098360656,-0.13114754098360656,-0.4426229508196721,-0.11475409836065574,-0.16326530612244897,-0.8064516129032258
5,0,1,0,0.8285121779582381,-0.18972332015810275,0.12423256055449483,4,3,2,1,0,6,5,4,3,2,1,1,1,1,0,0,0,1,1,1,0,0,0,0,0,1,1,0,0,0,0,0,0,0,1,0,0,0,0,0,-0.01327032017777224,-0.6230032943696793,-1.0976567654691813,-1.0856643356643354,-1.0866633366633365,-0.8967260776134497,1.001197001197001,1.4288414288414286,1.2958763539621208,-0.36096938775510207,-0.848,-0.24096385542168675,-0.25203252032520324,-0.04918032786885246,-0.13114754098360656,0.13114754098360656,-0.11475409836065574,-0.4262295081967213,-0.11428571428571428,-0.16129032258064516
6,0,1,0,1.224583844510733,-0.45849802371541504,0.2784093986730093,5,4,3,2,1,0,6,5,4,3,0,1,1,1,1,0,0,0,1,1,1,0,0,0,0,0,1,1,0,0,0,0,0,0,0,1,0,0,0,0,0.8255140684172639,-0.005978440249849067,-0.6223490156404151,-1.084165834165834,-1.0856643356643354,-1.093667045885476,-0.8938448938448937,1.001197001197001,1.4402989801735608,1.3153061224489797,-0.192,-0.8353413654618473,-0.23577235772357724,-0.2459016393442623,-0.04918032786885246,-0.13114754098360656,0.14754098360655737,-0.09836065573770492,-0.42448979591836733,-0.11290322580645161
0,1,0,0,-0.2022705617865573,-0.26877470355731226,-0.42832442219716993,6,5,4,3,2,1,0,6,5,4,0,0,1,1,1,1,0,0,0,1,1,1,0,0,0,0,0,1,1,0,0,0,0,0,0,0,1,0,0,0,1.2236236737504302,0.8285121779582381,0.00025135259113093813,-0.6118881118881118,-1.084165834165834,-1.092655795727468,-1.09015309015309,-0.8938448938448937,1.0103249509089758,1.4607142857142859,-0.464,-0.17670682730923695,-0.8373983739837398,-0.22950819672131148,-0.2459016393442623,-0.04918032786885246,-0.11475409836065574,0.16393442622950818,-0.09795918367346938,-0.41935483870967744
1,1,0,0,-0.03960716665524958,-0.45849802371541504,-0.412824503488415,0,6,5,4,3,2,1,0,6,5,1,0,0,1,1,1,1,0,0,0,0,1,1,0,0,0,0,0,1,1,0,0,0,0,0,0,0,1,0,0,-0.2105724390472912,1.224583844510733,0.8422825328800609,0.0067432567432567135,-0.6118881118881118,-1.0911389204904565,-1.089145089145089,-1.09015309015309,-0.8950402229682651,1.0278061224489796,-0.272,-0.4497991967871486,-0.17073170731707318,-0.8360655737704918,-0.22950819672131148,-0.2459016393442623,-0.03278688524590164,-0.09836065573770492,0.16326530612244897,-0.0967741935483871
2,1,0,0,1.1799946443139424,0.015810276679841896,0.02304505987637495,1,0,6,5,4,3,2,1,0,6,1,1,0,0,1,1,1,1,0,0,0,0,1,1,0,0,0,0,0,1,0,0,0,0,0,0,0,0,1,0,-0.04707207912115429,-0.2022705617865573,1.2419331527783888,0.8434065934065933,0.0067432567432567135,-0.6130704082922513,-1.0876330876330875,-1.089145089145089,-1.0924178121238997,-0.8905612244897958,-0.464,-0.2570281124497992,-0.44715447154471544,-0.16393442622950818,-0.8360655737704918,-0.22950819672131148,-0.22950819672131148,-0.01639344262295082,-0.09795918367346938,0.16129032258064516
3,1,0,0,0.9137049515185859,0.8063241106719368,-0.12653423974353287,2,1,0,6,5,4,3,2,1,0,1,1,1,0,0,1,1,1,1,0,0,0,0,1,1,0,0,0,0,0,0,0,0,0,0,0,0,0,0,1,1.1788050452255012,-0.03960716665524958,-0.19781448922011588,1.2405094905094904,0.8434065934065933,0.013146252054101856,-0.611100611100611,-1.0876330876330875,-1.091404320010135,-1.0892857142857142,0.016,-0.4497991967871486,-0.25203252032520324,-0.4426229508196721,-0.16393442622950818,-0.8360655737704918,-0.21311475409836064,-0.21311475409836064,-0.0163265306122449,-0.0967741935483871
4,1,0,0,-0.5206225050910155,-0.26877470355731226,-0.6063774821214342,3,2,1,0,6,5,4,3,2,1,1,1,1,1,0,0,1,1,1,1,0,0,0,0,1,1,0,0,0,0,0,0,0,0,0,0,0,0,0,0,0.9111451910738316,1.1799946443139424,-0.03368124721155728,-0.19005994005994006,1.2405094905094904,0.8600682593856658,0.013104013104013074,-0.611100611100611,-1.0898840818394884,-1.088265306122449,0.816,0.0321285140562249,-0.44715447154471544,-0.2459016393442623,-0.4426229508196721,-0.16393442622950818,-0.819672131147541,-0.19672131147540983,-0.21224489795918366,-0.016129032258064516
5,0,1,0,-1.042490518567416,0.5059288537549407,-0.7728990328649009,4,3,2,1,0,6,5,4,3,2,1,1,1,1,1,0,0,1,1,1,0,0,0,0,0,1,1,0,0,0,0,0,0,0,0,0,0,0,0,0,-0.5305624237113079,0.9137049515185859,1.1969410389659354,-0.026973026973026996,-0.19005994005994006,1.2620401971937811,0.8573048573048573,0.013104013104013074,-0.6107556850573257,-1.086734693877551,-0.272,0.8353413654618473,0.04065040650406504,-0.4426229508196721,-0.2459016393442623,-0.4426229508196721,-0.14754098360655737,-0.8032786885245902,-0.19591836734693877,-0.20967741935483872
6,0,1,0,-1.0945527690765178,0.06324110671936758,-0.7893468436569612,5,4,3,2,1,0,6,5,4,3,0,1,1,1,1,1,0,0,1,1,1,0,0,0,0,0,1,1,0,0,0,0,0,0,0,0,0,0,0,0,-1.0551156458326811,-0.5206225050910155,0.9282451190468709,1.1958041958041954,-0.026973026973026996,-0.1860700290734421,1.257985257985258,0.8573048573048573,0.016849306391334588,-0.6043367346938775,0.512,-0.2570281124497992,0.8536585365853658,0.04918032786885246,-0.4426229508196721,-0.2459016393442623,-0.4262295081967213,-0.13114754098360656,-0.8,-0.1935483870967742
0,1,0,0,-1.095798277461903,-0.25296442687747034,-0.7899124528002579,6,5,4,3,2,1,0,6,5,4,0,0,1,1,1,1,1,0,0,1,1,1,0,0,0,0,0,1,1,0,0,0,0,0,0,0,0,0,0,0,-1.1074457763450283,-1.042490518567416,-0.5190431006855643,0.9288211788211785,1.1958041958041954,-0.020983440778662654,-0.1854721854721855,1.257985257985258,0.8656489516690951,0.027551020408163294,0.064,0.5301204819277109,-0.25203252032520324,0.8688524590163934,0.04918032786885246,-0.4426229508196721,-0.22950819672131148,-0.4098360655737705,-0.1306122448979592,-0.7903225806451613
1,1,0,0,-1.0317791464531034,-0.25296442687747034,-0.7688681012032144,0,6,5,4,3,2,1,0,6,5,1,0,0,1,1,1,1,1,0,0,0,1,1,0,0,0,0,0,1,1,0,0,0,0,0,0,0,0,0,0,-1.1086976933429313,-1.0945527690765178,-1.045626779105059,-0.5092407592407592,0.9288211788211785,1.2167867526229301,-0.020916020916020944,-0.1854721854721855,1.2685120668904797,0.8821428571428573,-0.256,0.08032128514056225,0.5447154471544715,-0.2459016393442623,0.8688524590163934,0.04918032786885246,-0.4262295081967213,-0.21311475409836064,-0.40816326530612246,-0.12903225806451613
2,1,0,0,-0.6444260385983049,-0.4268774703557312,-0.5928071028802127,1,0,6,5,4,3,2,1,0,6,1,1,0,0,1,1,1,1,1,0,0,0,1,1,0,0,0,0,0,1,0,0,0,0,0,0,0,0,0,0,-1.044349159650715,-1.095798277461903,-1.0981594706514433,-1.032467532467532,-0.5092407592407592,0.9465301478953356,1.2128772128772127,-0.020916020916020944,-0.18280864002026995,1.2877551020408164,-0.256,-0.24096385542168675,0.08943089430894309,0.5573770491803278,-0.2459016393442623,0.8688524590163934,0.06557377049180328,-0.4098360655737705,-0.21224489795918366,-0.4032258064516129
3,1,0,0,1.5147872983054858,-0.17391304347826086,0.19603823344875124,2,1,0,6,5,4,3,2,1,0,1,1,1,0,0,1,1,1,1,1,0,0,0,1,1,0,0,0,0,0,0,0,0,0,0,0,0,0,0,0,-0.65500297330287,-1.0317791464531034,-1.0994162336070983,-1.0846653346653345,-1.032467532467532,-0.5091644545569461,0.9434889434889433,1.2128772128772127,-0.017356052448216946,-0.17346938775510204,-0.432,-0.24096385542168675,-0.23577235772357724,0.09836065573770492,0.5573770491803278,-0.2459016393442623,0.8852459016393442,0.08196721311475409,-0.40816326530612246,-0.20967741935483872
4,1,0,0,-0.11981790667405673,-0.7272727272727273,-0.36729575268106257,3,2,1,0,6,5,4,3,2,1,1,1,1,1,0,0,1,1,1,1,0,0,0,0,1,1,0,0,0,0,0,0,0,0,0,0,0,0,0,0,1.5153203342618384,-0.6444260385983049,-1.0348186176864254,-1.0859140859140857,-1.0846653346653345,-1.0388067248135509,-0.5075285075285075,0.9434889434889433,1.2231582947995185,-0.006887755102040787,-0.176,-0.41767068273092367,-0.23577235772357724,-0.22950819672131148,0.09836065573770492,0.5573770491803278,-0.22950819672131148,0.9016393442622951,0.08163265306122448,-0.4032258064516129
5,0,1,0,-0.09166941716435108,-0.8221343873517787,-0.38691298669105806,4,3,2,1,0,6,5,4,3,2,1,1,1,1,1,0,0,1,1,1,0,0,0,0,0,1,1,0,0,0,0,0,0,0,0,0,0,0,0,0,-0.12769553378610995,1.5147872983054858,-0.6439653384776832,-1.0217282717282716,-1.0859140859140857,-1.0916445455694603,-1.0354690354690352,-0.5075285075285075,0.9523025273959588,1.2420918367346938,-0.736,-0.1606425702811245,-0.4146341463414634,-0.22950819672131148,-0.22950819672131148,0.09836065573770492,0.5737704918032787,-0.21311475409836064,0.8979591836734694,0.08064516129032258
6,0,1,0,0.3913387346880313,-0.45849802371541504,-0.4157672839715822,5,4,3,2,1,0,6,5,4,3,0,1,1,1,1,1,0,0,1,1,1,0,0,0,0,0,1,1,0,0,0,0,0,0,0,0,0,0,0,0,-0.09940220963350126,-0.11981790667405673,1.5347589214460315,-0.6333666333666332,-1.0217282717282716,-1.0929086082669701,-1.088137088137088,-1.0354690354690352,-0.5066193703680244,0.9693877551020408,-0.832,-0.7228915662650602,-0.15447154471544716,-0.4098360655737705,-0.22950819672131148,-0.22950819672131148,0.11475409836065574,0.5901639344262295,-0.21224489795918366,0.8870967741935484
0,1,0,0,-1.0933072606911325,-0.45849802371541504,-0.7894638232342974,6,5,4,3,2,1,0,6,5,4,0,0,1,1,1,1,1,0,0,1,1,1,0,0,0,0,0,1,1,0,0,0,0,0,0,0,0,0,0,0,0.3860912021532973,-0.09166941716435108,-0.11461678155574694,1.5314685314685312,-0.6333666333666332,-1.0279357856149667,-1.0893970893970892,-1.088137088137088,-1.037435864952176,-0.4994897959183673,-0.464,-0.8192771084337349,-0.7235772357723578,-0.14754098360655737,-0.4098360655737705,-0.22950819672131148,-0.21311475409836064,0.13114754098360656,0.5877551020408164,-0.20967741935483872
1,1,0,0,0.06028260585264387,-0.4268774703557312,-0.4527891169584179,0,6,5,4,3,2,1,0,6,5,1,0,0,1,1,1,1,1,0,0,0,1,1,0,0,0,0,0,1,1,0,0,0,0,0,0,0,0,0,0,-1.1061938593471252,0.3913387346880313,-0.0862139387579412,-0.10739260739260736,1.5314685314685312,-0.6348122866894198,-1.0246330246330246,-1.0893970893970892,-1.0903908278963705,-1.0339285714285713,-0.464,-0.4497991967871486,-0.8211382113821138,-0.7213114754098361,-0.14754098360655737,-0.4098360655737705,-0.21311475409836064,-0.19672131147540983,0.1306122448979592,0.5806451612903226
2,1,0,0,-0.8185481108751564,-0.2845849802371542,-0.6993153036515878,1,0,6,5,4,3,2,1,0,6,1,1,0,0,1,1,1,1,1,0,0,0,1,1,0,0,0,0,0,1,0,0,0,0,0,0,0,0,0,0,0.05333166411066949,-1.0933072606911325,0.4011587354451141,-0.07917082917082913,-0.10739260739260736,1.5565668057135638,-0.6327726327726327,-1.0246330246330246,-1.0916576930385762,-1.0872448979591836,-0.432,-0.4497991967871486,-0.44715447154471544,-0.819672131147541,-0.7213114754098361,-0.14754098360655737,-0.39344262295081966,-0.19672131147540983,-0.19591836734693877,0.12903225806451613
3,1,0,0,-1.0878270237954377,0.12648221343873517,-0.7877634207355904,2,1,0,6,5,4,3,2,1,0,1,1,1,0,0,1,1,1,1,1,0,0,0,1,1,0,0,0,0,0,0,0,0,0,0,0,0,0,0,0,-0.8300209696097148,0.06028260585264387,-1.0969027076957882,0.4050949050949051,-0.07917082917082913,-0.10238907849829353,1.5515655515655515,-0.6327726327726327,-1.0265408247292078,-1.0885204081632653,-0.288,-0.41767068273092367,-0.44715447154471544,-0.4426229508196721,-0.819672131147541,-0.7213114754098361,-0.13114754098360656,-0.3770491803278688,-0.19591836734693877,-0.1935483870967742
4,1,0,0,-1.0128474189952483,-0.5849802371541502,-0.7644977874273227,3,2,1,0,6,5,4,3,2,1,1,1,1,1,0,0,1,1,1,1,0,0,0,0,1,1,0,0,0,0,0,0,0,0,0,0,0,0,0,0,-1.1006854245563518,-0.8185481108751564,0.06711114183198334,-1.0834165834165832,0.4050949050949051,-0.0738212615345721,-0.10206010206010205,1.5515655515655515,-0.6325457655032622,-1.0229591836734695,0.128,-0.27309236947791166,-0.4146341463414634,-0.4426229508196721,-0.4426229508196721,-0.819672131147541,-0.7049180327868853,-0.11475409836065574,-0.37551020408163266,-0.1935483870967742
5,0,1,0,3.4734737851622586,-0.8853754940711462,0.2802042495013922,4,3,2,1,0,6,5,4,3,2,1,1,1,1,1,0,0,1,1,1,0,0,0,0,0,1,1,0,0,0,0,0,0,0,0,0,0,0,0,0,-1.0253200212825888,-1.0878270237954377,-0.8196607996782688,0.07317682317682318,-1.0834165834165832,0.4163822525597271,-0.07358407358407355,-0.10206010206010205,1.5636916450243876,-0.6262755102040816,-0.592,0.14457831325301204,-0.2682926829268293,-0.4098360655737705,-0.4426229508196721,-0.4426229508196721,-0.8032786885245902,-0.6885245901639344,-0.11428571428571428,-0.3709677419354839
6,0,1,0,-0.8001145867714554,-0.4743083003952569,-0.7130399928398854,5,4,3,2,1,0,6,5,4,3,0,1,1,1,1,1,0,0,1,1,1,0,0,0,0,0,1,1,0,0,0,0,0,0,0,0,0,0,0,0,3.4840850051641574,-1.0128474189952483,-1.0913729506909056,-0.8079420579420578,0.07317682317682318,-1.0903804828719506,0.41504441504441514,-0.07358407358407355,-0.09894216760625836,1.584948979591837,-0.896,-0.5783132530120482,0.15447154471544716,-0.26229508196721313,-0.4098360655737705,-0.4426229508196721,-0.4262295081967213,-0.7868852459016393,-0.6857142857142857,-0.11290322580645161
0,1,0,0,-1.0913144472745162,-0.18972332015810275,-0.7886264257197767,6,5,4,3,2,1,0,6,5,4,0,0,1,1,1,1,1,0,0,1,1,1,0,0,0,0,0,1,1,0,0,0,0,0,0,0,0,0,0,0,-0.8114925980407499,3.4734737851622586,-1.0157158207604675,-1.0779220779220777,-0.8079420579420578,0.08039438756162309,-1.0868770868770867,0.41504441504441514,-0.07031101539241148,-0.0890306122448979,-0.48,-0.8835341365461847,-0.5772357723577236,0.16393442622950818,-0.26229508196721313,-0.4098360655737705,-0.4262295081967213,-0.4098360655737705,-0.7836734693877551,-0.6774193548387096
1,1,0,0,-1.0766174483269708,-0.1422924901185771,-0.785951692256746,0,6,5,4,3,2,1,0,6,5,1,0,0,1,1,1,1,1,0,0,0,1,1,0,0,0,0,0,1,1,0,0,0,0,0,0,0,0,0,0,-1.1041907921504803,-0.8001145867714554,3.511144345509272,-1.0027472527472525,-1.0779220779220777,-0.8115282518012894,0.08013608013608016,-1.0868770868770867,0.4209792867549251,-0.06020408163265297,-0.192,-0.46586345381526106,-0.8861788617886179,-0.5737704918032787,0.16393442622950818,-0.26229508196721313,-0.39344262295081966,-0.4098360655737705,-0.40816326530612246,-0.7741935483870968
2,1,0,0,-1.0788593634206642,-0.30039525691699603,-0.7839715198378282,1,0,6,5,4,3,2,1,0,6,1,1,0,0,1,1,1,1,1,0,0,0,1,1,0,0,0,0,0,1,0,0,0,0,0,0,0,0,0,0,-1.0894181715752245,-1.0913144472745162,-0.8010607079345731,3.4952547452547447,-1.0027472527472525,-1.0848186070029076,-0.8089208089208089,0.08013608013608016,-1.089123962754165,0.43443877551020427,-0.144,-0.17670682730923695,-0.4634146341463415,-0.8852459016393442,-0.5737704918032787,0.16393442622950818,-0.2459016393442623,-0.3770491803278688,-0.40816326530612246,-0.4032258064516129
3,1,0,0,-1.0880761254725146,-0.03162055335968379,-0.7884824252734751,2,1,0,6,5,4,3,2,1,0,1,1,1,0,0,1,1,1,1,1,0,0,0,1,1,0,0,0,0,0,0,0,0,0,0,0,0,0,0,0,-1.09167162217145,-1.0766174483269708,-1.09489188696674,-0.7894605394605393,3.4952547452547447,-1.0087220326128177,-1.0813330813330813,-0.8089208089208089,0.08424653195667323,-1.085969387755102,-0.304,-0.1285140562248996,-0.17073170731707318,-0.45901639344262296,-0.8852459016393442,-0.5737704918032787,0.18032786885245902,-0.22950819672131148,-0.37551020408163266,-0.4032258064516129
4,1,0,0,-1.01608574079725,-0.5849802371541502,-0.769611881799412,3,2,1,0,6,5,4,3,2,1,1,1,1,1,0,0,1,1,1,1,0,0,0,0,1,1,0,0,0,0,0,0,0,0,0,0,0,0,0,0,-1.1009358079559324,-1.0788593634206642,-1.0800620840900095,-1.0814185814185813,-0.7894605394605393,3.54443180381747,-1.0054810054810053,-1.0813330813330813,-0.8096535123836068,0.09540816326530621,-0.032,-0.2891566265060241,-0.12195121951219512,-0.16393442622950818,-0.45901639344262296,-0.8852459016393442,-0.5573770491803278,0.19672131147540983,-0.22857142857142856,-0.3709677419354839
5,0,1,0,0.2767519632325925,-0.5217391304347826,-0.3089200336505431,4,3,2,1,0,6,5,4,3,2,1,1,1,1,1,0,0,1,1,1,0,0,0,0,0,1,1,0,0,0,0,0,0,0,0,0,0,0,0,0,-1.0285750054771368,-1.0880761254725146,-1.0823242574101888,-1.0666833166833165,-1.0814185814185813,-0.7928201238781445,3.5330435330435326,-1.0054810054810053,-1.0835497561284604,-0.8045918367346938,-0.592,-0.01606425702811245,-0.2845528455284553,-0.11475409836065574,-0.16393442622950818,-0.45901639344262296,-0.8688524590163934,-0.5409836065573771,0.19591836734693877,-0.22580645161290322
6,0,1,0,-0.17661308904762207,-0.6324110671936759,-0.5741296131222652,5,4,3,2,1,0,6,5,4,3,0,1,1,1,1,1,0,0,1,1,1,0,0,0,0,0,1,1,0,0,0,0,0,0,0,0,0,0,0,0,0.2709148383462177,-1.01608574079725,-1.0916243032820365,-1.0689310689310687,-1.0666833166833165,-1.0883579825559349,-0.7902727902727903,3.5330435330435326,-1.0072844745676823,-1.0803571428571428,-0.528,-0.5783132530120482,-0.008130081300813009,-0.2786885245901639,-0.11475409836065574,-0.16393442622950818,-0.4426229508196721,-0.8524590163934426,-0.5387755102040817,0.1935483870967742
0,1,0,0,-0.8262702628645447,-0.6324110671936759,-0.7086017527564716,6,5,4,3,2,1,0,6,5,4,0,0,1,1,1,1,1,0,0,1,1,1,0,0,0,0,0,1,1,0,0,0,0,0,0,0,0,0,0,0,-0.18478294889048857,0.2767519632325925,-1.0189834044451707,-1.078171828171828,-1.0689310689310687,-1.0734420427253193,-1.0848610848610847,-0.7902727902727903,3.5559637676569333,-1.0035714285714286,-0.64,-0.5140562248995983,-0.5772357723577236,0.0,-0.2786885245901639,-0.11475409836065574,-0.14754098360655737,-0.4262295081967213,-0.8489795918367347,-0.532258064516129
1,1,0,0,-0.20650529029686698,-0.4901185770750988,-0.44811758284941383,0,6,5,4,3,2,1,0,6,5,1,0,0,1,1,1,1,1,0,0,0,1,1,0,0,0,0,0,1,1,0,0,0,0,0,0,0,0,0,0,-0.8377828549967137,-0.17661308904762207,0.28553654352484314,-1.0059940059940058,-1.078171828171828,-1.075717355580837,-1.06999306999307,-1.0848610848610847,-0.7909039082789637,3.590816326530612,-0.64,-0.6265060240963856,-0.5121951219512195,-0.5737704918032787,0.0,-0.2786885245901639,-0.09836065573770492,-0.13114754098360656,-0.42448979591836733,-0.8387096774193549
2,1,0,0,0.1402442441943739,-0.758893280632411,-0.32583750871578915,1,0,6,5,4,3,2,1,0,6,1,1,0,0,1,1,1,1,1,0,0,0,1,1,0,0,0,0,0,1,0,0,0,0,0,0,0,0,0,0,-0.2148289568401615,-0.8262702628645447,-0.1719251723336204,0.29020979020979026,-1.0059940059940058,-1.0850714195424094,-1.0722610722610721,-1.06999306999307,-1.087096978526636,-0.7857142857142857,-0.496,-0.6265060240963856,-0.6260162601626016,-0.5081967213114754,-0.5737704918032787,0.0,-0.26229508196721313,-0.08196721311475409,-0.1306122448979592,-0.41935483870967744
3,1,0,0,-0.18284063097454809,-0.5375494071146245,-0.4224851708431854,2,1,0,6,5,4,3,2,1,0,1,1,1,0,0,1,1,1,1,1,0,0,0,1,1,0,0,0,0,0,0,0,0,0,0,0,0,0,0,0,0.1337047353760445,-0.20650529029686698,-0.8274527300033306,-0.16433566433566432,0.29020979020979026,-1.0120085956263432,-1.0815850815850814,-1.0722610722610721,-1.0721479698486098,-1.0839285714285714,-0.768,-0.4819277108433735,-0.6260162601626016,-0.6229508196721312,-0.5081967213114754,-0.5737704918032787,0.01639344262295082,-0.2459016393442623,-0.08163265306122448,-0.12903225806451613
4,1,0,0,0.21995678085902698,-1.0276679841897234,-0.2639773447057658,3,2,1,0,6,5,4,3,2,1,1,1,1,1,0,0,1,1,1,1,0,0,0,0,1,1,0,0,0,0,0,0,0,0,0,0,0,0,0,0,-0.19104253388000375,0.1402442441943739,-0.20208748326934325,-0.8156843156843155,-0.16433566433566432,0.30008848438882585,-1.0087570087570086,-1.0815850815850814,-1.0744283271045798,-1.0688775510204083,-0.544,-0.7550200803212851,-0.4796747967479675,-0.6229508196721312,-0.6229508196721312,-0.5081967213114754,-0.5573770491803278,0.03278688524590164,-0.24489795918367346,-0.08064516129032258
5,0,1,0,-0.7884068079488344,-0.5375494071146245,-0.7173551009019524,4,3,2,1,0,6,5,4,3,2,1,1,1,1,1,0,0,1,1,1,0,0,0,0,0,1,1,0,0,0,0,0,0,0,0,0,0,0,0,0,0.21382742324183898,-0.18284063097454809,0.1477953235850419,-0.19430569430569428,-0.8156843156843155,-0.16003033750474027,0.2991242991242992,-1.0087570087570086,-1.0838031291569015,-1.071173469387755,-1.04,-0.5301204819277109,-0.7560975609756098,-0.47540983606557374,-0.6229508196721312,-0.6229508196721312,-0.4918032786885246,-0.5409836065573771,0.0326530612244898,-0.24193548387096775
6,0,1,0,-1.0930581590140553,-0.17391304347826086,-0.7891704181679011,5,4,3,2,1,0,6,5,4,3,0,1,1,1,1,1,0,0,1,1,1,0,0,0,0,0,1,1,0,0,0,0,0,0,0,0,0,0,0,0,-0.7997245782604612,0.21995678085902698,-0.17820898711189598,0.15334665334665326,-0.19430569430569428,-0.8193654405258503,-0.15951615951615952,0.2991242991242992,-1.010578323937417,-1.0806122448979592,-0.544,-1.0281124497991967,-0.5284552845528455,-0.7540983606557377,-0.47540983606557374,-0.6229508196721312,-0.6065573770491803,-0.47540983606557374,-0.5387755102040817,0.03225806451612903
0,1,0,0,-1.0818485835455887,-0.06324110671936758,-0.7883849838629292,6,5,4,3,2,1,0,6,5,4,0,0,1,1,1,1,1,0,0,1,1,1,0,0,0,0,0,1,1,0,0,0,0,0,0,0,0,0,0,0,-1.1059434759475446,-0.7884068079488344,0.22822815274696953,-0.17057942057942058,0.15334665334665326,-0.1903678422449754,-0.8167328167328167,-0.15951615951615952,0.3044276936720087,-1.0068877551020408,-0.176,-0.5301204819277109,-1.032520325203252,-0.5245901639344263,-0.7540983606557377,-0.47540983606557374,-0.6065573770491803,-0.5901639344262295,-0.47346938775510206,-0.532258064516129
1,1,0,0,-1.066404279566812,-0.22134387351778656,-0.7860185377295096,0,6,5,4,3,2,1,0,6,5,1,0,0,1,1,1,1,1,0,0,0,1,1,0,0,0,0,0,1,1,0,0,0,0,0,0,0,0,0,0,-1.094676222966417,-1.0930581590140553,-0.7892471361514148,0.23326673326673317,-0.17057942057942058,0.16154721274175196,-0.18975618975618977,-0.8167328167328167,-0.1567112180908343,0.31709183673469404,-0.064,-0.1606425702811245,-0.5284552845528455,-1.0327868852459017,-0.5245901639344263,-0.7540983606557377,-0.45901639344262296,-0.5901639344262295,-0.5877551020408164,-0.46774193548387094
2,1,0,0,1.3944711882772747,-0.1422924901185771,-0.22565269012912276,1,0,6,5,4,3,2,1,0,6,1,1,0,0,1,1,1,1,1,0,0,0,1,1,0,0,0,0,0,1,0,0,0,0,0,0,0,0,0,0,-1.0791524521924196,-1.0818485835455887,-1.096651355104657,-0.7777222777222775,0.23326673326673317,-0.16635065099228927,0.16102816102816095,-0.18975618975618977,-0.8175080762652815,-0.14719387755102037,-0.224,-0.04819277108433735,-0.15447154471544716,-0.5245901639344263,-1.0327868852459017,-0.5245901639344263,-0.7377049180327869,-0.4426229508196721,-0.5877551020408164,-0.5806451612903226
3,1,0,0,-0.9523157114655273,0.11067193675889328,-0.7489901365929869,2,1,0,6,5,4,3,2,1,0,1,1,1,0,0,1,1,1,1,1,0,0,0,1,1,0,0,0,0,0,0,0,0,0,0,0,0,0,0,0,1.3943851522644046,-1.066404279566812,-1.085340488503761,-1.083166833166833,-0.7777222777222775,0.24244722538237895,-0.16581616581616582,0.16102816102816095,-0.187115981503769,-0.8125,-0.144,-0.20883534136546184,-0.04065040650406504,-0.14754098360655737,-0.5245901639344263,-1.0327868852459017,-0.5081967213114754,-0.7213114754098361,-0.44081632653061226,-0.5806451612903226
4,1,0,0,-1.0943036673994406,-0.45849802371541504,-0.7896537175872725,3,2,1,0,6,5,4,3,2,1,1,1,1,1,0,0,1,1,1,1,0,0,0,0,1,1,0,0,0,0,0,0,0,0,0,0,0,0,0,0,-0.9644768551845011,1.3944711882772747,-1.0697566278536375,-1.0719280719280717,-1.083166833166833,-0.7809379345215522,0.24166824166824158,-0.16581616581616582,0.16557927408627346,-0.17780612244897956,0.112,-0.1285140562248996,-0.2032520325203252,-0.03278688524590164,-0.14754098360655737,-0.5245901639344263,-1.0163934426229508,-0.4918032786885246,-0.7183673469387755,-0.43548387096774194
5,0,1,0,0.3557171948660143,0.09486166007905138,-0.5964694698892116,4,3,2,1,0,6,5,4,3,2,1,1,1,1,1,0,0,1,1,1,0,0,0,0,0,1,1,0,0,0,0,0,0,0,0,0,0,0,0,0,-1.1071953929454477,-0.9523157114655273,1.413355619929747,-1.0564435564435561,-1.0719280719280717,-1.0901276703324485,-0.7784287784287783,0.24166824166824158,-0.16304554380186237,0.17729591836734693,-0.464,0.1285140562248996,-0.12195121951219512,-0.19672131147540983,-0.03278688524590164,-0.14754098360655737,-0.5081967213114754,-1.0,-0.4897959183673469,-0.7096774193548387
6,0,1,0,4.436002665387945,-0.4268774703557312,-0.006180130008624646,5,4,3,2,1,0,6,5,4,3,0,1,1,1,1,1,0,0,1,1,1,0,0,0,0,0,1,1,0,0,0,0,0,0,0,0,0,0,0,0,0.35028637601327023,-1.0943036673994406,-0.9546371411156286,1.4108391608391604,-1.0564435564435561,-1.0787511060548605,-1.0866250866250864,-0.7784287784287783,0.24665864318743264,-0.15357142857142855,0.096,-0.4497991967871486,0.13821138211382114,-0.11475409836065574,-0.19672131147540983,-0.03278688524590164,-0.13114754098360656,-0.4918032786885246,-0.9959183673469387,-0.4838709677419355
0,1,0,0,0.7507924547102012,-0.2845849802371542,-0.5605535802838447,6,5,4,3,2,1,0,6,5,4,0,0,1,1,1,1,1,0,0,1,1,1,0,0,0,0,0,1,1,0,0,0,0,0,0,0,0,0,0,0,4.451566461143626,0.3557171948660143,-1.097908118060312,-0.9420579420579418,1.4108391608391604,-1.063076728605739,-1.075285075285075,-1.0866250866250864,-0.7789953759422311,0.25892857142857145,-0.432,0.11244979919678715,-0.44715447154471544,0.14754098360655737,-0.11475409836065574,-0.19672131147540983,-0.01639344262295082,-0.11475409836065574,-0.4897959183673469,-0.9838709677419355
1,1,0,0,-1.0691443980146595,-0.616600790513834,-0.787957970992141,0,6,5,4,3,2,1,0,6,5,1,0,0,1,1,1,1,1,0,0,0,1,1,0,0,0,0,0,1,1,0,0,0,0,0,0,0,0,0,0,0.7473944477481143,4.436002665387945,0.36521531491337755,-1.084415584415584,-0.9420579420579418,1.4344583491341172,-1.0596610596610596,-1.075285075285075,-1.0888705897257238,-0.7737244897959182,-0.288,-0.41767068273092367,0.12195121951219512,-0.4426229508196721,0.14754098360655737,-0.11475409836065574,-0.18032786885245902,0.0,-0.11428571428571428,-0.4838709677419355
2,1,0,0,-0.9640234902881483,-1.0118577075098814,-0.7725494243910567,1,0,6,5,4,3,2,1,0,6,1,1,0,0,1,1,1,1,1,0,0,0,1,1,0,0,0,0,0,1,0,0,0,0,0,0,0,0,0,0,-1.0819066695878063,0.7507924547102012,4.482370757639549,0.3693806193806192,-1.084415584415584,-0.9472885855138415,1.4298494298494295,-1.0596610596610596,-1.0774688034458733,-1.0857142857142856,-0.624,-0.27309236947791166,-0.4146341463414634,0.13114754098360656,-0.4426229508196721,0.14754098360655737,-0.09836065573770492,-0.16393442622950818,0.0,-0.11290322580645161
3,1,0,0,0.48250994849822804,-0.22134387351778656,-0.3781548163597311,2,1,0,6,5,4,3,2,1,0,1,1,1,0,0,1,1,1,1,1,0,0,0,1,1,0,0,0,0,0,0,0,0,0,0,0,0,0,0,0,-0.9762448749647896,-1.0691443980146595,0.7638605244471814,4.460289710289709,0.3693806193806192,-1.0913917330299583,-0.9442449442449441,1.4298494298494295,-1.0617596756825238,-1.0742346938775509,-1.024,-0.6104417670682731,-0.2682926829268293,-0.4098360655737705,0.13114754098360656,-0.4426229508196721,0.16393442622950818,-0.08196721311475409,-0.16326530612244897,0.0
4,1,0,0,-0.9916737764436998,-0.9802371541501976,-0.7685813474276403,3,2,1,0,6,5,4,3,2,1,1,1,1,1,0,0,1,1,1,1,0,0,0,0,1,1,0,0,0,0,0,0,0,0,0,0,0,0,0,0,0.47773152639979954,-0.9640234902881483,-1.072521506356079,0.7654845154845153,4.460289710289709,0.3802300594109468,-1.0878850878850876,-0.9442449442449441,1.441312472287325,-1.0584183673469387,-0.224,-1.0120481927710843,-0.6097560975609756,-0.26229508196721313,-0.4098360655737705,0.13114754098360656,-0.4262295081967213,0.18032786885245902,-0.08163265306122448,-0.16129032258064516
5,0,1,0,-1.0925599556599015,-0.6798418972332015,-0.7898029559250966,4,3,2,1,0,6,5,4,3,2,1,1,1,1,1,0,0,1,1,1,0,0,0,0,0,1,1,0,0,0,0,0,0,0,0,0,0,0,0,0,-1.0040374323182373,0.48250994849822804,-0.9664507128987867,-1.059190809190809,0.7654845154845153,4.521299456453041,0.3790083790083789,-1.0878850878850876,-0.9457148286564896,1.461734693877551,-0.992,-0.20883534136546184,-1.016260162601626,-0.6065573770491803,-0.26229508196721313,-0.4098360655737705,0.14754098360655737,-0.4098360655737705,0.17959183673469387,-0.08064516129032258
6,0,1,0,-0.6257434128175268,-0.5059288537549407,-0.5004117772577484,5,4,3,2,1,0,6,5,4,3,0,1,1,1,1,1,0,0,1,1,1,0,0,0,0,0,1,1,0,0,0,0,0,0,0,0,0,0,0,0,-1.1054427091483834,-0.9916737764436998,0.4931537837990686,-0.9537962037962036,-1.059190809190809,0.7811907470610543,4.506772506772506,0.3790083790083789,-1.0901374548679295,-0.9415816326530612,-0.688,-0.9799196787148594,-0.2032520325203252,-1.0163934426229508,-0.6065573770491803,-0.26229508196721313,-0.39344262295081966,0.16393442622950818,-0.40816326530612246,0.1774193548387097
0,0,0,1,-0.5639661969024207,-0.4743083003952569,-0.4623152619563084,6,5,4,3,2,1,0,6,5,4,0,0,1,1,1,1,1,0,0,1,1,1,0,0,0,0,0,1,1,0,0,0,0,0,0,0,0,0,0,0,-0.6362242183343243,-1.0925599556599015,-0.9943508505143304,0.4965034965034963,-0.9537962037962036,-1.0658576665402606,0.7786807786807786,4.506772506772506,0.3847469436878444,-1.0869897959183672,-0.512,-0.6746987951807228,-0.983739837398374,-0.19672131147540983,-1.0163934426229508,-0.6065573770491803,-0.2459016393442623,-0.3770491803278688,0.16326530612244897,-0.4032258064516129
1,1,0,0,-0.980464200975233,-0.31620553359683795,-0.7435667571976632,0,6,5,4,3,2,1,0,6,5,0,0,0,1,1,1,1,1,0,0,0,1,1,0,0,0,0,0,1,1,1,0,0,0,0,0,0,0,0,0,-0.5741291352383336,-0.6257434128175268,-1.0961486499223951,-0.9815184815184813,0.4965034965034963,-0.9591707748704337,-1.0624330624330625,0.7786807786807786,4.534997149553431,0.3979591836734694,-0.48,-0.4979919678714859,-0.6747967479674797,-0.9836065573770492,-0.19672131147540983,-1.0163934426229508,-0.5901639344262295,-0.22950819672131148,-0.37551020408163266,0.16129032258064516
2,1,0,0,-0.7341026423460396,-0.6324110671936759,-0.6685747834350101,1,0,6,5,4,3,2,1,0,6,1,0,0,0,1,1,1,1,1,0,0,0,1,1,0,0,0,0,0,1,0,1,0,0,0,0,0,0,0,0,-0.9927701793371099,-0.5639661969024207,-0.6251138941428563,-1.0826673326673324,-0.9815184815184813,0.508911642017444,-0.9560889560889559,-1.0624330624330625,0.7865965667954646,4.576530612244898,-0.32,-0.46586345381526106,-0.4959349593495935,-0.6721311475409836,-0.9836065573770492,-0.19672131147540983,-1.0,-0.5737704918032787,-0.22857142857142856,-0.3709677419354839
3,1,0,0,0.7869121978863721,-0.06324110671936758,-0.022585621962828345,2,1,0,6,5,4,3,2,1,0,1,1,0,0,0,1,1,1,1,1,0,0,0,1,1,0,0,0,0,0,0,0,1,0,0,0,0,0,0,0,-0.7451409971518888,-0.980464200975233,-0.5627784515423625,-0.6146353646353645,-1.0826673326673324,-0.9872329667551512,0.5072765072765071,-0.9560889560889559,-1.0645467789953762,0.8025510204081633,-0.64,-0.30522088353413657,-0.4634146341463415,-0.4918032786885246,-0.6721311475409836,-0.9836065573770492,-0.18032786885245902,-0.9836065573770492,-0.5714285714285714,-0.22580645161290322
4,1,0,0,-0.9416043393512146,-1.2173913043478262,-0.7519109678164406,3,2,1,0,6,5,4,3,2,1,1,1,1,0,0,0,1,1,1,1,0,0,0,0,1,1,0,0,0,0,0,0,0,1,0,0,0,0,0,0,0.7837000406873024,-0.7341026423460396,-0.9830399839134343,-0.5526973026973026,-0.6146353646353645,-1.0896220452534446,-0.984060984060984,0.5072765072765071,-0.9576233609932223,-1.0612244897959184,-0.064,-0.6265060240963856,-0.3008130081300813,-0.45901639344262296,-0.4918032786885246,-0.6721311475409836,-0.9672131147540983,-0.16393442622950818,-0.9795918367346939,-0.5645161290322581
5,0,1,0,-0.1788550041413154,-0.5533596837944664,-0.5447913512932874,4,3,2,1,0,6,5,4,3,2,1,1,1,1,0,0,0,1,1,1,0,0,0,0,0,1,1,0,0,0,0,0,0,0,1,0,0,0,0,0,-0.9537103690025349,0.7869121978863721,-0.7344522712848518,-0.9702797202797201,-0.5526973026973026,-0.615851346226773,-1.086121086121086,-0.984060984060984,0.5137138151643756,-0.9535714285714284,-1.232,-0.04819277108433735,-0.6260162601626016,-0.29508196721311475,-0.45901639344262296,-0.4918032786885246,-0.6557377049180327,-0.9508196721311475,-0.16326530612244897,-0.967741935483871
6,0,1,0,-0.7899014180112968,-0.22134387351778656,-0.725728327776942,5,4,3,2,1,0,6,5,4,3,0,1,1,1,1,0,0,0,1,1,1,0,0,0,0,0,1,1,0,0,0,0,0,0,0,1,0,0,0,0,-0.187036399486714,-0.9416043393512146,0.8003066501611799,-0.7232767232767232,-0.9702797202797201,-0.553153836430287,-0.6138726138726138,-1.086121086121086,-0.985747767150187,0.5278061224489795,-0.56,-1.2208835341365463,-0.04065040650406504,-0.6229508196721312,-0.29508196721311475,-0.45901639344262296,-0.47540983606557374,-0.639344262295082,-0.9469387755102041,-0.16129032258064516
0,1,0,0,-1.089819837212054,0.7114624505928854,-0.7891861318424687,6,5,4,3,2,1,0,6,5,4,0,0,1,1,1,1,0,0,0,1,1,1,0,0,0,0,0,1,1,0,0,0,0,0,0,0,1,0,0,0,-0.8012268786579448,-0.1788550041413154,-0.9438289796969945,0.8016983016983015,-0.7232767232767232,-0.975856402477563,-0.5513765513765514,-0.6138726138726138,-1.0883638436688416,-0.9818877551020407,-0.224,-0.5461847389558233,-1.2276422764227641,-0.03278688524590164,-0.6229508196721312,-0.29508196721311475,-0.4426229508196721,-0.45901639344262296,-0.636734693877551,-0.9354838709677419
1,1,0,0,-1.091065345597439,-0.26877470355731226,-0.7894101140609078,0,6,5,4,3,2,1,0,6,5,1,0,0,1,1,1,1,0,0,0,0,1,1,0,0,0,0,0,1,1,0,0,0,0,0,0,0,1,0,0,-1.1026884917529967,-0.7899014180112968,-0.17418734565379956,-0.931318681318681,0.8016983016983015,-0.7258248009101252,-0.9727209727209726,-0.5513765513765514,-0.6135427883701781,-1.085204081632653,0.72,-0.20883534136546184,-0.5447154471544715,-1.2295081967213115,-0.03278688524590164,-0.6229508196721312,-0.2786885245901639,-0.4262295081967213,-0.45714285714285713,-0.6290322580645161
2,1,0,0,-1.0310318414218724,-1.1541501976284585,-0.7803937905045424,1,0,6,5,4,3,2,1,0,6,1,1,0,0,1,1,1,1,0,0,0,0,1,1,0,0,0,0,0,1,0,0,0,0,0,0,0,0,1,0,-1.1039404087508997,-1.089819837212054,-0.790755251698201,-0.16658341658341652,-0.931318681318681,0.8178485652888384,-0.7234927234927234,-0.9727209727209726,-0.5507062773167798,-0.6071428571428571,-0.272,0.7389558232931727,-0.2032520325203252,-0.5409836065573771,-1.2295081967213115,-0.03278688524590164,-0.6065573770491803,-0.26229508196721313,-0.42448979591836733,-0.45161290322580644
3,1,0,0,0.2498489821082719,-0.2845849802371542,-0.4656761592087891,2,1,0,6,5,4,3,2,1,0,1,1,1,0,0,1,1,1,1,0,0,0,0,1,1,0,0,0,0,0,0,0,0,0,0,0,0,0,0,1,-1.0435980094519732,-1.091065345597439,-1.0933837714199537,-0.779220779220779,-0.16658341658341652,-0.9364176463152573,0.8152208152208151,-0.7234927234927234,-0.9743459808703365,-0.5438775510204081,-1.168,-0.2570281124497992,0.7560975609756098,-0.19672131147540983,-0.5409836065573771,-1.2295081967213115,-0.01639344262295082,-0.5901639344262295,-0.2612244897959184,-0.41935483870967744
4,1,0,0,-0.9142031548727401,-0.5375494071146245,-0.7527403837819747,3,2,1,0,6,5,4,3,2,1,1,1,1,1,0,0,1,1,1,1,0,0,0,0,1,1,0,0,0,0,0,0,0,0,0,0,0,0,0,0,0.24387343119151192,-1.0310318414218724,-1.094640534375609,-1.0799200799200797,-0.779220779220779,-0.16230565036025785,-0.9334089334089333,0.8152208152208151,-0.7237600557420663,-0.9704081632653061,-0.288,-1.1566265060240963,-0.25203252032520324,0.7704918032786885,-0.19672131147540983,-0.5409836065573771,-1.2131147540983607,0.0,-0.5877551020408164,-0.25806451612903225
5,0,1,0,-1.0888234305037459,-0.6007905138339921,-0.7891567830217155,4,3,2,1,0,6,5,4,3,2,1,1,1,1,1,0,0,1,1,1,0,0,0,0,0,1,1,0,0,0,0,0,0,0,0,0,0,0,0,0,-0.9261681950486681,0.2498489821082719,-1.0340645599130323,-1.0811688311688308,-1.0799200799200797,-0.7824548097585641,-0.16178416178416175,-0.9334089334089333,0.8233356559194275,-0.7181122448979592,-0.544,-0.27309236947791166,-1.1626016260162602,-0.2459016393442623,0.7704918032786885,-0.19672131147540983,-0.5245901639344263,-1.1967213114754098,0.0,-0.5806451612903226
6,0,1,0,-0.8083349421149977,-0.5533596837944664,-0.7319068781039964,5,4,3,2,1,0,6,5,4,3,0,1,1,1,1,1,0,0,1,1,1,0,0,0,0,0,1,1,0,0,0,0,0,0,0,0,0,0,0,0,-1.1016869581546742,-0.9142031548727401,0.2583904636826924,-1.0209790209790208,-1.0811688311688308,-1.086841107318923,-0.7799407799407798,-0.16178416178416175,-0.9348197884335213,0.8395408163265307,-0.608,-0.5301204819277109,-0.2682926829268293,-1.1639344262295082,-0.2459016393442623,0.7704918032786885,-0.18032786885245902,-0.5081967213114754,-1.1918367346938776,0.0
0,1,0,0,0.5878799579018165,-0.8695652173913043,-0.344648772560399,6,5,4,3,2,1,0,6,5,4,0,0,1,1,1,1,1,0,0,1,1,1,0,0,0,0,0,1,1,0,0,0,0,0,0,0,0,0,0,0,-0.8197552502269098,-1.0888234305037459,-0.9161801946725819,0.2632367632367631,-1.0209790209790208,-1.0881051700164328,-1.083349083349083,-0.7799407799407798,-0.15899157534680436,-0.930612244897959,-0.56,-0.5943775100401606,-0.5284552845528455,-0.26229508196721313,-1.1639344262295082,-0.2459016393442623,0.7868852459016393,-0.16393442622950818,-0.5061224489795918,-1.1774193548387097
1,1,0,0,0.6349601748693772,-0.8221343873517787,-0.28070492541803677,0,6,5,4,3,2,1,0,6,5,1,0,0,1,1,1,1,1,0,0,0,1,1,0,0,0,0,0,1,1,0,0,0,0,0,0,0,0,0,0,0.5836437044223968,-0.8083349421149977,-1.0923783610554296,-0.9038461538461536,0.2632367632367631,-1.0271773479964608,-1.0846090846090843,-1.083349083349083,-0.7805156141128778,-0.14948979591836725,-0.88,-0.5461847389558233,-0.5934959349593496,-0.5245901639344263,-0.26229508196721313,-1.1639344262295082,-0.22950819672131148,0.8032786885245902,-0.16326530612244897,-0.5
2,1,0,0,0.30365494435691276,-0.6798418972332015,-0.4213140448116585,1,0,6,5,4,3,2,1,0,6,1,1,0,0,1,1,1,1,1,0,0,0,1,1,0,0,0,0,0,1,0,0,0,0,0,0,0,0,0,0,0.6309661669431316,0.5878799579018165,-0.8093553434418967,-1.0789210789210786,-0.9038461538461536,0.27278473012261406,-1.0238770238770238,-1.0846090846090843,-1.0855767403559893,-0.7752551020408163,-0.832,-0.8674698795180723,-0.5447154471544715,-0.5901639344262295,-0.5245901639344263,-0.26229508196721313,-1.1475409836065573,-0.21311475409836064,0.8,-0.16129032258064516
3,1,0,0,-0.4042920218960374,-0.06324110671936758,-0.6179354301832501,2,1,0,6,5,4,3,2,1,0,1,1,1,0,0,1,1,1,1,1,0,0,0,1,1,0,0,0,0,0,0,0,0,0,0,0,0,0,0,0,0.29795624550092326,0.6349601748693772,0.5994759298474919,-0.7977022977022975,-1.0789210789210786,-0.9086082669700417,0.2719082719082718,-1.0238770238770238,-1.086843605498195,-1.0823979591836734,-0.688,-0.8192771084337349,-0.8699186991869918,-0.5409836065573771,-0.5901639344262295,-0.5245901639344263,-0.2459016393442623,-1.1311475409836065,-0.21224489795918366,0.7903225806451613
4,1,0,0,1.4704471997857724,-0.8853754940711462,-0.4370674608418763,3,2,1,0,6,5,4,3,2,1,1,1,1,1,0,0,1,1,1,1,0,0,0,0,1,1,0,0,0,0,0,0,0,0,0,0,0,0,0,0,-0.413633376107164,0.30365494435691276,0.6469815695712553,0.602147852147852,-0.7977022977022975,-1.0858298571609153,-0.9056889056889055,0.2719082719082718,-1.0257807056438843,-1.083673469387755,-0.064,-0.6746987951807228,-0.8211382113821138,-0.8688524590163934,-0.5409836065573771,-0.5901639344262295,-0.5081967213114754,-0.22950819672131148,-1.126530612244898,-0.20967741935483872
5,0,1,0,0.7370918624709639,-0.8063241106719368,-0.44787414560531963,4,3,2,1,0,6,5,4,3,2,1,1,1,1,1,0,0,1,1,1,0,0,0,0,0,1,1,0,0,0,0,0,0,0,0,0,0,0,0,0,1.4707520891364902,-0.4042920218960374,0.3126826233669936,0.6493506493506492,0.602147852147852,-0.8011629376817091,-1.0823410823410822,-0.9056889056889055,0.2770634066003673,-1.0221938775510204,-0.896,-0.04819277108433735,-0.6747967479674797,-0.819672131147541,-0.8688524590163934,-0.5409836065573771,-0.5737704918032787,-0.4918032786885246,-0.22857142857142856,-1.1129032258064515
6,0,1,0,-0.4249674610934318,-0.5691699604743083,-0.7421024755231459,5,4,3,2,1,0,6,5,4,3,0,1,1,1,1,1,0,0,1,1,1,0,0,0,0,0,1,1,0,0,0,0,0,0,0,0,0,0,0,0,0.7336233607711807,1.4704471997857724,-0.40166144062737613,0.3171828171828171,0.6493506493506492,0.615851346226773,-0.7985887985887984,-1.0823410823410822,-0.906948755304998,0.2895408163265306,-0.816,-0.8835341365461847,-0.04065040650406504,-0.6721311475409836,-0.819672131147541,-0.8688524590163934,-0.5245901639344263,-0.5573770491803278,-0.4897959183673469,-0.22580645161290322
0,0,0,1,0.1487137012149934,-0.9169960474308301,-0.5334006831956509,6,5,4,3,2,1,0,6,5,4,0,0,1,1,1,1,1,0,0,1,1,1,0,0,0,0,0,1,1,0,0,0,0,0,0,0,0,0,0,0,-0.4344151982723545,0.7370918624709639,1.4900181602247096,-0.39260739260739247,0.3171828171828171,0.6636329161926432,0.6138726138726138,-0.7985887985887984,-1.0845632482422247,-0.9025510204081632,-0.576,-0.8032128514056225,-0.8861788617886179,-0.03278688524590164,-0.6721311475409836,-0.819672131147541,-0.8524590163934426,-0.5081967213114754,-0.5551020408163265,-0.4838709677419355
1,1,0,0,-0.28596872528444295,-0.36363636363636365,-0.5691820504441378,0,6,5,4,3,2,1,0,6,5,0,0,0,1,1,1,1,1,0,0,0,1,1,0,0,0,0,0,1,1,1,0,0,0,0,0,0,0,0,0,0.14221777096178526,-0.4249674610934318,0.7500361319349751,1.487012987012987,-0.39260739260739247,0.3273922386550373,0.6615006615006614,0.6138726138726138,-0.799265218217521,-1.081377551020408,-0.928,-0.5622489959839357,-0.8048780487804879,-0.8852459016393442,-0.03278688524590164,-0.6721311475409836,-0.8032786885245902,-0.8360655737704918,-0.5061224489795918,-0.5483870967741935
2,1,0,0,-0.30240943597152775,-0.25296442687747034,-0.5141640693029584,1,0,6,5,4,3,2,1,0,6,1,0,0,0,1,1,1,1,1,0,0,0,1,1,0,0,0,0,0,1,0,1,0,0,0,0,0,0,0,0,-0.2947012613063753,0.1487137012149934,-0.42252370569125114,0.7517482517482516,1.487012987012987,-0.39110099860953107,0.3263403263403263,0.6615006615006614,0.6208906061949706,-0.7941326530612244,-0.368,-0.9156626506024096,-0.5609756097560976,-0.8032786885245902,-0.8852459016393442,-0.03278688524590164,-0.6557377049180327,-0.7868852459016393,-0.8326530612244898,-0.5
3,1,0,0,-0.8519277356034798,-0.4743083003952569,-0.7000211718900986,2,1,0,6,5,4,3,2,1,0,1,1,0,0,0,1,1,1,1,1,0,0,0,1,1,0,0,0,0,0,0,0,1,0,0,0,0,0,0,0,-0.3112265656786955,-0.28596872528444295,0.1563413116834968,-0.41333666333666325,0.7517482517482516,1.511566173682215,-0.3898443898443898,0.3263403263403263,0.6687781085703427,0.6357142857142858,-0.256,-0.3534136546184739,-0.9186991869918699,-0.5573770491803278,-0.8032786885245902,-0.8852459016393442,-0.01639344262295082,-0.639344262295082,-0.7836734693877551,-0.8225806451612904
4,1,0,0,-0.9951611999227784,-0.4268774703557312,-0.7499832574538834,3,2,1,0,6,5,4,3,2,1,1,1,1,0,0,0,1,1,1,1,0,0,0,0,1,1,0,0,0,0,0,0,0,1,0,0,0,0,0,0,-0.8635723451535162,-0.30240943597152775,-0.2822689598401398,0.16183816183816183,-0.41333666333666325,0.7672860573884466,1.5067095067095069,-0.3898443898443898,0.33179198074364985,0.6839285714285714,-0.48,-0.24096385542168675,-0.34959349593495936,-0.9180327868852459,-0.5573770491803278,-0.8032786885245902,-0.8688524590163934,0.0,-0.636734693877551,-0.7741935483870968
5,0,1,0,0.6750655448787808,-0.34782608695652173,-0.3738395420153935,4,3,2,1,0,6,5,4,3,2,1,1,1,1,0,0,0,1,1,1,0,0,0,0,0,1,1,0,0,0,0,0,0,0,1,0,0,0,0,0,-1.0075427999123656,-0.8519277356034798,-0.2988582308547874,-0.2739760239760239,0.16183816183816183,-0.4120844393881937,0.7648207648207648,1.5067095067095069,-0.3882941660860202,0.3446428571428572,-0.432,-0.46586345381526106,-0.23577235772357724,-0.3442622950819672,-0.9180327868852459,-0.5573770491803278,-0.7868852459016393,-0.8524590163934426,0.0,-0.6290322580645161
6,0,1,0,1.5135417899201005,-0.45849802371541504,-0.11342063789952901,5,4,3,2,1,0,6,5,4,3,0,1,1,1,1,0,0,0,1,1,1,0,0,0,0,0,1,1,0,0,0,0,0,0,0,1,0,0,0,0,0.6712778942756095,-0.9951611999227784,-0.853342046889826,-0.2904595404595404,-0.2739760239760239,0.17014283908481864,-0.4107604107604107,0.7648207648207648,1.5185912459618678,-0.3803571428571428,-0.352,-0.41767068273092367,-0.4634146341463415,-0.22950819672131148,-0.3442622950819672,-0.9180327868852459,-0.5409836065573771,-0.7704918032786885,-0.8489795918367347,0.0
0,0,0,1,-0.797872671677762,-0.7272727272727273,-0.7649868235850283,6,5,4,3,2,1,0,6,5,4,0,0,1,1,1,1,0,0,0,1,1,1,0,0,0,0,0,1,1,0,0,0,0,0,0,0,1,0,0,0,1.5140684172639354,0.6750655448787808,-0.9978697867901647,-0.8414085914085911,-0.2904595404595404,-0.27101504234610035,0.1695961695961696,-0.4107604107604107,0.7726610502312029,1.539540816326531,-0.464,-0.3373493975903614,-0.4146341463414634,-0.45901639344262296,-0.22950819672131148,-0.3442622950819672,-0.9016393442622951,-0.5245901639344263,-0.7673469387755102,-0.8387096774193549
1,1,0,0,-1.090567142243285,-0.6640316205533597,-0.7892910559551896,0,6,5,4,3,2,1,0,6,5,0,0,0,1,1,1,1,0,0,0,0,1,1,0,0,0,0,0,1,1,1,0,0,0,0,0,0,1,0,0,-0.8092391474445243,1.5135417899201005,0.6874493367433502,-0.9850149850149847,-0.8414085914085911,-0.28770066995322974,-0.27014427014427006,0.1695961695961696,-0.4093241274466334,0.7885204081632654,-0.736,-0.4497991967871486,-0.3333333333333333,-0.4098360655737705,-0.45901639344262296,-0.22950819672131148,-0.32786885245901637,-0.8852459016393442,-0.5224489795918368,-0.7580645161290323
2,1,0,0,-1.0880761254725146,-0.5533596837944664,-0.7890617527040926,1,0,6,5,4,3,2,1,0,6,1,0,0,0,1,1,1,1,0,0,0,0,1,1,0,0,0,0,0,1,0,1,0,0,0,0,0,0,1,0,-1.1034396419517385,-0.797872671677762,1.5335021584903765,0.6895604395604394,-0.9850149850149847,-0.8454051320945519,-0.28677628677628675,-0.27014427014427006,0.1741939570532717,-0.4015306122448979,-0.672,-0.7228915662650602,-0.44715447154471544,-0.32786885245901637,-0.4098360655737705,-0.45901639344262296,-0.21311475409836064,-0.3114754098360656,-0.8816326530612245,-0.5161290322580645
3,1,0,0,-1.090318040566208,-0.3794466403162055,-0.7886457144631612,2,1,0,6,5,4,3,2,1,0,1,1,0,0,0,1,1,1,1,0,0,0,0,1,1,0,0,0,0,0,0,0,1,0,0,0,0,0,0,1,-1.1009358079559324,-1.090567142243285,-0.7987985346143938,1.53021978021978,0.6895604395604394,-0.9907723423081786,-0.8426888426888426,-0.28677628677628675,-0.267941977576487,0.18596938775510213,-0.56,-0.6586345381526104,-0.7235772357723578,-0.4426229508196721,-0.32786885245901637,-0.4098360655737705,-0.4426229508196721,-0.19672131147540983,-0.31020408163265306,-0.8709677419354839
4,1,0,0,-0.8556642607596354,-1.2964426877470356,-0.7345841058010855,3,2,1,0,6,5,4,3,2,1,1,1,1,0,0,0,1,1,1,1,0,0,0,0,1,1,0,0,0,0,0,0,0,1,0,0,0,0,0,0,-1.1031892585521579,-1.0880761254725146,-1.0941378291933468,-0.787212787212787,1.53021978021978,0.7043357350524587,-0.9875889875889874,-0.8426888426888426,-0.2846645974536012,-0.25918367346938764,-0.384,-0.5461847389558233,-0.6585365853658537,-0.7213114754098361,-0.4426229508196721,-0.32786885245901637,-0.39344262295081966,-0.4262295081967213,-0.19591836734693877,-0.3064516129032258
5,0,1,0,1.2868592637799934,-0.6798418972332015,-0.11361618584970302,4,3,2,1,0,6,5,4,3,2,1,1,1,1,0,0,0,1,1,1,0,0,0,0,0,1,1,0,0,0,0,0,0,0,1,0,0,0,0,0,-0.8673280961472253,-1.090318040566208,-1.0916243032820365,-1.0806693306693305,-0.787212787212787,1.555302743016054,0.702072702072702,-0.9875889875889874,-0.8436054981947174,-0.2760204081632653,-1.312,-0.36947791164658633,-0.5447154471544715,-0.6557377049180327,-0.7213114754098361,-0.4426229508196721,-0.3114754098360656,-0.3770491803278688,-0.42448979591836733,-0.1935483870967742
6,0,1,0,-0.7104379830237207,-0.09486166007905138,-0.694105680115064,5,4,3,2,1,0,6,5,4,3,0,1,1,1,1,0,0,0,1,1,1,0,0,0,0,0,1,1,0,0,0,0,0,0,0,1,0,0,0,0,1.2862195236455822,-0.8556642607596354,-1.0938864766022158,-1.078171828171828,-1.0806693306693305,-0.7905448110226267,1.5503055503055503,0.702072702072702,-0.9892949895483627,-0.8387755102040815,-0.688,-1.3012048192771084,-0.36585365853658536,-0.5409836065573771,-0.6557377049180327,-0.7213114754098361,-0.4262295081967213,-0.29508196721311475,-0.37551020408163266,-0.41935483870967744
0,1,0,0,-1.096296480816057,-1.1541501976284585,-0.7903536828051786,6,5,4,3,2,1,0,6,5,4,0,0,1,1,1,1,0,0,0,1,1,1,0,0,0,0,0,1,1,0,0,0,0,0,0,0,1,0,0,0,-0.7213545741917311,1.2868592637799934,-0.8571123357567914,-1.0804195804195802,-1.078171828171828,-1.087599544937429,-0.7880047880047879,1.5503055503055503,0.7095711661493636,-0.9854591836734693,-0.096,-0.6746987951807228,-1.3089430894308942,-0.36065573770491804,-0.5409836065573771,-0.6557377049180327,-0.7049180327868853,-0.4098360655737705,-0.2938775510204082,-0.3709677419354839
1,1,0,0,-1.096296480816057,-0.758893280632411,-0.7895095508587003,0,6,5,4,3,2,1,0,6,5,1,0,0,1,1,1,1,0,0,0,0,1,1,0,0,0,0,0,1,1,0,0,0,0,0,0,0,1,0,0,-1.1091984601420926,-0.7104379830237207,1.3047713005611448,-0.845154845154845,-1.0804195804195802,-1.0850714195424094,-1.0841050841050839,-0.7880047880047879,1.562424779882182,0.7250000000000001,-1.168,-0.08032128514056225,-0.6747967479674797,-1.3114754098360655,-0.36065573770491804,-0.5409836065573771,-0.639344262295082,-0.6885245901639344,-0.40816326530612246,-0.2903225806451613
2,1,0,0,0.1915591896722444,-0.4426877470355731,-0.39019016082031366,1,0,6,5,4,3,2,1,0,6,1,1,0,0,1,1,1,1,0,0,0,0,1,1,0,0,0,0,0,1,0,0,0,0,0,0,0,0,1,0,-1.1091984601420926,-1.096296480816057,-0.7105737751274045,1.3029470529470528,-0.845154845154845,-1.0873467323979271,-1.0815850815850814,-1.0841050841050839,-0.7886235510229936,1.5836734693877552,-0.768,-1.1566265060240963,-0.07317073170731707,-0.6721311475409836,-1.3114754098360655,-0.36065573770491804,-0.5245901639344263,-0.6229508196721312,-0.6857142857142857,-0.4032258064516129
3,1,0,0,-0.7051072071342721,0.22134387351778656,-0.5529599678343576,2,1,0,6,5,4,3,2,1,0,1,1,1,0,0,1,1,1,1,0,0,0,0,1,1,0,0,0,0,0,0,0,0,0,0,0,0,0,0,1,0.18528371568964974,-1.096296480816057,-1.0999189387893604,-0.6995504495504494,1.3029470529470528,-0.8491973201870813,-1.0838530838530838,-1.0815850815850814,-1.0863368594413125,-0.7834183673469387,-0.448,-0.7550200803212851,-1.1626016260162602,-0.06557377049180328,-0.6721311475409836,-1.3114754098360655,-0.3442622950819672,-0.5081967213114754,-0.6204081632653061,-0.6774193548387096
4,1,0,0,-0.7744571140325202,-0.23715415019762845,-0.5715966352948835,3,2,1,0,6,5,4,3,2,1,1,1,1,1,0,0,1,1,1,1,0,0,0,0,1,1,0,0,0,0,0,0,0,0,0,0,0,0,0,0,-0.7159963694407061,0.1915591896722444,-1.0999189387893604,-1.0864135864135862,-0.6995504495504494,1.325243332069271,-0.8464688464688463,-1.0838530838530838,-1.0838031291569015,-1.0831632653061223,0.224,-0.43373493975903615,-0.7560975609756098,-1.1639344262295082,-0.06557377049180328,-0.6721311475409836,-1.2950819672131149,-0.32786885245901637,-0.5061224489795918,-0.6129032258064516
5,0,1,0,-0.6644538134352989,0.22134387351778656,-0.5123491814609735,4,3,2,1,0,6,5,4,3,2,1,1,1,1,1,0,0,1,1,1,0,0,0,0,0,1,1,0,0,0,0,0,0,0,0,0,0,0,0,0,-0.7857031078839473,-0.7051072071342721,0.19957395735803288,-1.0864135864135862,-1.0864135864135862,-0.7018076096574392,1.3209853209853208,-0.8464688464688463,-1.0860834864128717,-1.0806122448979592,-0.24,0.24096385542168675,-0.43089430894308944,-0.7540983606557377,-1.1639344262295082,-0.06557377049180328,-0.6557377049180327,-1.278688524590164,-0.32653061224489793,-0.5
6,0,1,0,-0.996456528643579,-1.3122529644268774,-0.7653669448555196,5,4,3,2,1,0,6,5,4,3,0,1,1,1,1,1,0,0,1,1,1,0,0,0,0,0,1,1,0,0,0,0,0,0,0,0,0,0,0,0,-0.6751337986291508,-0.7744571140325202,-0.7051948296772006,0.20479520479520474,-1.0864135864135862,-1.093414233345974,-0.6995526995526995,1.3209853209853208,-0.8474060936213342,-1.0829081632653061,0.224,-0.2248995983935743,0.25203252032520324,-0.4262295081967213,-0.7540983606557377,-1.1639344262295082,-0.04918032786885246,-0.639344262295082,-1.273469387755102,-0.3225806451612903
0,1,0,0,-0.9921968899655615,-2.308300395256917,-0.7761577496621248,6,5,4,3,2,1,0,6,5,4,0,0,1,1,1,1,1,0,0,1,1,1,0,0,0,0,0,1,1,0,0,0,0,0,0,0,0,0,0,0,-1.008844793590185,-0.6644538134352989,-0.7751713910480776,-0.6942057942057941,0.20479520479520474,-1.093414233345974,-1.0899010899010897,-0.6995526995526995,1.3318553240007605,-0.8426020408163264,-1.328,0.24096385542168675,-0.21951219512195122,0.26229508196721313,-0.4262295081967213,-0.7540983606557377,-1.1475409836065573,-0.03278688524590164,-0.636734693877551,-1.2580645161290323
1,1,0,0,-0.5456821338049659,-1.865612648221344,-0.6452509513320478,0,6,5,4,3,2,1,0,6,5,1,0,0,1,1,1,1,1,0,0,0,1,1,0,0,0,0,0,1,1,0,0,0,0,0,0,0,0,0,0,-1.0045632374573563,-0.996456528643579,-0.6641740868046174,-0.7637362637362636,-0.6942057942057941,0.21362659587915564,-1.0899010899010897,-1.0899010899010897,-0.6996896180401596,1.3515306122448982,-2.336,-1.3172690763052208,0.25203252032520324,-0.21311475409836064,0.26229508196721313,-0.4262295081967213,-0.7377049180327869,-1.1311475409836065,-0.0326530612244898,-0.6290322580645161
2,1,0,0,-0.1774102144142686,0.26877470355731226,-0.1929151198431659,1,0,6,5,4,3,2,1,0,6,1,1,0,0,1,1,1,1,1,0,0,0,1,1,0,0,0,0,0,1,0,0,0,0,0,0,0,0,0,0,-0.5557509937091171,-0.9921968899655615,-0.9991768202640461,-0.6534465534465532,-0.7637362637362636,-0.6963974213120973,0.21294021294021293,-1.0899010899010897,-1.0921644390954584,-0.6938775510204082,-1.888,-2.3293172690763053,-1.3252032520325203,0.26229508196721313,-0.21311475409836064,0.26229508196721313,-0.4098360655737705,-0.7213114754098361,-1.126530612244898,-0.03225806451612903
3,1,0,0,-0.7339531813397933,0.36363636363636365,-0.5336940882620472,2,1,0,6,5,4,3,2,1,0,1,1,1,0,0,1,1,1,1,1,0,0,0,1,1,0,0,0,0,0,0,0,0,0,0,0,0,0,0,0,-0.1855841757691465,-0.5456821338049659,-0.9948786909557055,-0.9863136863136861,-0.6534465534465532,-0.7667804323094427,-0.6941598941598942,0.21294021294021293,-1.0921644390954584,-1.0890306122448978,0.272,-1.8795180722891567,-2.3495934959349594,-1.3278688524590163,0.26229508196721313,-0.21311475409836064,0.2786885245901639,-0.39344262295081966,-0.7183673469387755,-1.1129032258064515
4,1,0,0,-0.5161386749036287,0.8853754940711462,-0.3578481760560099,3,2,1,0,6,5,4,3,2,1,1,1,1,1,0,0,1,1,1,1,0,0,0,0,1,1,0,0,0,0,0,0,0,0,0,0,0,0,0,0,-0.7449907671121403,-0.1774102144142686,-0.5443291713533454,-0.9820429570429567,-0.9863136863136861,-0.6551384148653774,-0.7643167643167642,-0.6941598941598942,0.21777411794514473,-1.0890306122448978,0.368,0.2891566265060241,-1.8943089430894309,-2.360655737704918,-1.3278688524590163,0.26229508196721313,-0.19672131147540983,0.29508196721311475,-0.39183673469387753,-0.7096774193548387
5,0,1,0,-0.4544361894916457,1.4545454545454546,-0.29982938191923914,4,3,2,1,0,6,5,4,3,2,1,1,1,1,1,0,0,1,1,1,0,0,0,0,0,1,1,0,0,0,0,0,0,0,0,0,0,0,0,0,-0.5260555225188569,-0.7339531813397933,-0.17272950062523965,-0.5343656343656342,-0.9820429570429567,-0.9920869675135888,-0.653033453033453,-0.7643167643167642,-0.6942674352315197,0.22984693877551027,0.896,0.3855421686746988,0.3008130081300813,-1.901639344262295,-2.360655737704918,-1.3278688524590163,0.2786885245901639,-0.18032786885245902,0.2938775510204082,-0.3870967741935484
6,0,1,0,-0.5906698966850794,0.30039525691699603,-0.38011661458775237,5,4,3,2,1,0,6,5,4,3,0,1,1,1,1,1,0,0,1,1,1,0,0,0,0,0,1,1,0,0,0,0,0,0,0,0,0,0,0,0,-0.46403555444274036,-0.5161386749036287,-0.734301459730173,-0.1651348651348651,-0.5343656343656342,-0.9877638730881052,-0.9888993888993888,-0.653033453033453,-0.7648064863495282,-0.6884183673469388,1.472,0.9156626506024096,0.3983739837398374,0.3114754098360656,-1.901639344262295,-2.360655737704918,-1.3114754098360655,0.29508196721311475,-0.17959183673469387,0.2903225806451613
0,1,0,0,-0.4654963039538664,0.8537549407114624,-0.3490569986939775,6,5,4,3,2,1,0,6,5,4,0,0,1,1,1,1,1,0,0,1,1,1,0,0,0,0,0,1,1,0,0,0,0,0,0,0,0,0,0,0,-0.6009702356733748,-0.4544361894916457,-0.5145187540452059,-0.7231268731268728,-0.1651348651348651,-0.5345973960308432,-0.9845901845901844,-0.9888993888993888,-0.6529169569899285,-0.759438775510204,0.304,1.4939759036144578,0.9349593495934959,0.4098360655737705,0.3114754098360656,-1.901639344262295,-2.3442622950819674,-1.2950819672131149,0.2938775510204082,-0.1774193548387097
1,1,0,0,-0.8148863162221238,0.8695652173913043,-0.613273457304803,0,6,5,4,3,2,1,0,6,5,1,0,0,1,1,1,1,1,0,0,0,1,1,0,0,0,0,0,1,1,0,0,0,0,0,0,0,0,0,0,-0.4751525773841194,-0.5906698966850794,-0.45225871722205124,-0.5047452547452547,-0.7231268731268728,-0.16083933763114652,-0.5328797328797329,-0.9845901845901844,-0.9906125292962566,-0.6467857142857142,0.864,0.321285140562249,1.5203252032520325,0.9508196721311475,0.4098360655737705,0.3114754098360656,-1.8852459016393444,-2.3278688524590163,-1.2897959183673469,0.2903225806451613
2,1,0,0,-0.5541515908255853,1.5494071146245059,-0.3701612119084212,1,0,6,5,4,3,2,1,0,6,1,1,0,0,1,1,1,1,1,0,0,0,1,1,0,0,0,0,0,1,0,0,0,0,0,0,0,0,0,0,-0.8263403336358798,-0.4654963039538664,-0.5897234493116082,-0.44288211788211773,-0.5047452547452547,-0.7256731133864239,-0.16032256032256031,-0.5328797328797329,-0.9862798505099133,-0.9867857142857143,0.88,0.8835341365461847,0.3333333333333333,1.540983606557377,0.9508196721311475,0.4098360655737705,0.32786885245901637,-1.8688524590163935,-2.3183673469387753,-1.2741935483870968
3,1,0,0,-0.7547531713757262,0.932806324110672,-0.5265708052148281,2,1,0,6,5,4,3,2,1,0,1,1,1,0,0,1,1,1,1,1,0,0,0,1,1,0,0,0,0,0,0,0,0,0,0,0,0,0,0,0,-0.5642640292948577,-0.8148863162221238,-0.4634187722682687,-0.5794705294705293,-0.44288211788211773,-0.5046138288459108,-0.7233415233415231,-0.16032256032256031,-0.5321086970292014,-0.982423469387755,1.568,0.8995983935742972,0.9024390243902439,0.3442622950819672,1.540983606557377,0.9508196721311475,0.4262295081967213,0.3442622950819672,-1.8612244897959183,-2.2903225806451615
4,1,0,0,-0.47615785573276376,0.616600790513834,-0.3227904692489832,3,2,1,0,6,5,4,3,2,1,1,1,1,1,0,0,1,1,1,1,0,0,0,0,1,1,0,0,0,0,0,0,0,0,0,0,0,0,0,0,-0.7658977809771211,-0.5541515908255853,-0.8159659165886427,-0.45397102897102887,-0.5794705294705293,-0.44199216281127546,-0.5029925029925029,-0.7233415233415231,-0.15752201178184588,-0.5251530612244898,0.944,1.5903614457831325,0.9186991869918699,0.9180327868852459,0.3442622950819672,1.540983606557377,0.9672131147540983,0.4426229508196721,0.34285714285714286,-1.8387096774193548
5,0,1,0,-0.5110819108589648,2.3715415019762847,-0.3876990029839769,4,3,2,1,0,6,5,4,3,2,1,1,1,1,1,0,0,1,1,1,0,0,0,0,0,1,1,0,0,0,0,0,0,0,0,0,0,0,0,0,-0.4858689868861694,-0.7547531713757262,-0.5528751594518001,-0.8042707292707291,-0.45397102897102887,-0.580255340664897,-0.44057204057204047,-0.5029925029925029,-0.7236080319250018,-0.1480102040816326,0.624,0.963855421686747,1.6178861788617886,0.9344262295081968,0.9180327868852459,0.3442622950819672,1.5573770491803278,0.9836065573770492,0.44081632653061226,0.3387096774193548
6,0,0,1,-0.12245838445107336,0.616600790513834,0.07549988295806681,5,4,3,2,1,0,6,5,4,3,0,1,1,1,1,1,0,0,1,1,1,0,0,0,0,0,1,1,0,0,0,0,0,0,0,0,0,0,0,0,-0.5209727395073706,-0.47615785573276376,-0.7552894010896136,-0.5428571428571428,-0.8042707292707291,-0.4532170395651625,-0.5783909783909783,-0.44057204057204047,-0.5020586558560842,-0.7179591836734692,2.4,0.642570281124498,0.983739837398374,1.639344262295082,0.9344262295081968,0.9180327868852459,0.36065573770491804,1.5737704918032787,0.9795918367346939,0.43548387096774194
0,1,0,0,0.3615461741096171,0.8853754940711462,0.5247360466415117,6,5,4,3,2,1,0,6,5,4,0,0,1,1,1,1,1,0,0,1,0,1,0,0,0,0,0,1,1,0,1,0,0,0,0,0,0,0,0,0,-0.13034959782166441,-0.5110819108589648,-0.47417666316867657,-0.7439810189810188,-0.5428571428571428,-0.8078119074706106,-0.45176085176085173,-0.5783909783909783,-0.43929815671121814,-0.4948979591836734,0.624,2.42570281124498,0.6585365853658537,1.0,1.639344262295082,0.9344262295081968,0.9344262295081968,0.3770491803278688,1.5673469387755101,0.967741935483871
1,1,0,0,-0.11005312093263668,0.932806324110672,0.20968044663085306,0,6,5,4,3,2,1,0,6,5,1,0,0,1,1,1,1,1,0,0,0,0,1,0,0,0,0,0,1,1,0,1,0,0,0,0,0,0,0,0,0.3561453475634565,-0.12245838445107336,-0.5094162964452461,-0.4646603396603396,-0.7439810189810188,-0.5431930223739099,-0.805216405216405,-0.45176085176085173,-0.5778678659656681,-0.4317091836734693,0.896,0.642570281124498,2.4634146341463414,0.6721311475409836,1.0,1.639344262295082,0.9508196721311475,0.9508196721311475,0.37551020408163266,1.5483870967741935
2,1,0,0,-0.054179614764256395,0.616600790513834,0.26155103695494597,1,0,6,5,4,3,2,1,0,6,1,1,0,0,1,1,1,1,1,0,0,0,0,1,0,0,0,0,0,1,0,0,1,0,0,0,0,0,0,0,-0.1178805045225501,0.3615461741096171,-0.11728111902173578,-0.49967532467532455,-0.4646603396603396,-0.7467829604348376,-0.5414477414477414,-0.805216405216405,-0.45054791917400405,-0.5712244897959183,0.944,0.9156626506024096,0.6585365853658537,2.4918032786885247,0.6721311475409836,1.0,1.6557377049180328,0.9672131147540983,0.9469387755102041,0.3709677419354839
3,1,0,0,-0.23423030695554162,0.8221343873517787,0.2006583031950182,2,1,0,6,5,4,3,2,1,0,1,1,1,0,0,1,1,1,1,1,0,0,0,0,1,0,0,0,0,0,0,0,0,1,0,0,0,0,0,0,-0.06171950799661976,-0.11005312093263668,0.3710969655458436,-0.11003996003996003,-0.49967532467532455,-0.4640374162558464,-0.7443835443835443,-0.5414477414477414,-0.8059289288655225,-0.44303571428571425,0.624,0.963855421686747,0.9349593495934959,0.6721311475409836,2.4918032786885247,0.6721311475409836,1.0163934426229508,1.6721311475409837,0.963265306122449,0.9354838709677419
4,1,0,0,-0.20052685004701792,0.8063241106719368,0.22756543508733,3,2,1,0,6,5,4,3,2,1,1,1,1,1,0,0,1,1,1,1,0,0,0,0,0,1,0,0,0,0,0,0,0,0,1,0,0,0,0,0,-0.24269662921348314,-0.054179614764256395,-0.10476375998341075,0.37522477522477515,-0.11003996003996003,-0.49948173429402104,-0.46254646254646253,-0.7443835443835443,-0.5407233799961996,-0.8008418367346938,0.832,0.642570281124498,0.983739837398374,0.9508196721311475,0.6721311475409836,2.4918032786885247,0.6885245901639344,1.0327868852459017,1.6653061224489796,0.9516129032258065
5,0,1,0,-0.6073098887138257,1.4703557312252964,-0.29142547596533197,4,3,2,1,0,6,5,4,3,2,1,1,1,1,1,0,0,1,1,1,0,0,0,0,0,0,1,0,0,0,0,0,0,0,0,1,0,0,0,0,-0.20881975525022684,-0.23423030695554162,-0.04838537379272209,-0.09760239760239754,0.37522477522477515,-0.1050688914170143,-0.4978768978768978,-0.46254646254646253,-0.7447646797998354,-0.5338265306122448,0.816,0.8514056224899599,0.6585365853658537,1.0,0.9508196721311475,0.6721311475409836,2.5081967213114753,0.7049180327868853,1.0285714285714285,1.6451612903225807
6,0,1,0,-0.43722326360562225,0.7747035573122529,-0.13557176428939416,5,4,3,2,1,0,6,5,4,3,0,1,1,1,1,1,0,0,1,1,1,0,0,0,0,0,0,1,0,0,0,0,0,0,0,0,1,0,0,0,-0.6176958467653594,-0.20052685004701792,-0.2300630266622262,-0.041583416583416515,-0.09760239760239754,0.3861458728352927,-0.10473130473130472,-0.4978768978768978,-0.4613922847912841,-0.7392602040816325,1.488,0.8353413654618473,0.8699186991869918,0.6721311475409836,1.0,0.9508196721311475,0.6885245901639344,2.5245901639344264,0.7020408163265306,1.0161290322580645
0,1,0,0,-0.2760793887044845,1.2964426877470356,0.12358530681635507,6,5,4,3,2,1,0,6,5,4,0,0,1,1,1,1,1,0,0,1,1,1,0,0,0,0,0,0,1,0,0,0,0,0,0,0,0,1,0,0,-0.44673406153172046,-0.6073098887138257,-0.1960550210821986,-0.22210289710289707,-0.041583416583416515,-0.09247882694981668,0.3849051849051849,-0.10473130473130472,-0.4969151833787294,-0.45395408163265305,0.784,1.5100401606425702,0.8536585365853658,0.8852459016393442,0.6721311475409836,1.0,0.9672131147540983,0.7049180327868853,2.5142857142857142,0.6935483870967742
1,1,0,0,-0.34525492442877875,1.359683794466403,-0.01823334981329203,0,6,5,4,3,2,1,0,6,5,1,0,0,1,1,1,1,1,0,0,0,1,1,0,0,0,0,0,0,1,0,0,0,0,0,0,0,0,1,0,-0.2847610403430253,-0.43722326360562225,-0.6065138023991605,-0.1883116883116882,-0.22210289710289707,-0.03577297433952719,-0.09218169218169213,0.3849051849051849,-0.10162792170773426,-0.489719387755102,1.312,0.8032128514056225,1.5365853658536586,0.8688524590163934,0.8852459016393442,0.6721311475409836,1.0163934426229508,0.9836065573770492,0.7020408163265306,2.4838709677419355
2,1,0,0,0.12056521170528774,1.075098814229249,0.49423422462431743,1,0,6,5,4,3,2,1,0,6,1,1,0,0,1,1,1,1,1,0,0,0,1,1,0,0,0,0,0,0,0,0,0,0,0,0,0,0,0,1,-0.35429251040656,-0.2760793887044845,-0.43489025317489755,-0.596153846153846,-0.1883116883116882,-0.21850587789154347,-0.035658035658035596,-0.09218169218169213,0.3906758725533667,-0.09173469387755097,1.376,1.3333333333333333,0.8211382113821138,1.5573770491803278,0.8688524590163934,0.8852459016393442,0.6885245901639344,1.0327868852459017,0.9795918367346939,0.6935483870967742
3,1,0,0,-0.5918655847350492,1.2806324110671936,-0.30800173981139684,2,1,0,6,5,4,3,2,1,0,1,1,1,0,0,1,1,1,1,1,0,0,0,1,1,0,0,0,0,0,0,0,0,0,0,0,0,0,0,0,0.11392444680917654,-0.34525492442877875,-0.2722902619722382,-0.42562437562437555,-0.596153846153846,-0.1843003412969283,-0.2178038178038178,-0.035658035658035596,-0.08900994489136631,0.4039285714285715,1.088,1.3975903614457832,1.3577235772357723,0.8360655737704918,1.5573770491803278,0.8688524590163934,0.9016393442622951,0.7049180327868853,1.0285714285714285,0.967741935483871
4,1,0,0,-0.5594823667150339,1.849802371541502,-0.2425534538261779,3,2,1,0,6,5,4,3,2,1,1,1,1,1,0,0,1,1,1,1,0,0,0,0,1,1,0,0,0,0,0,0,0,0,0,0,0,0,0,0,-0.6021720759913617,0.12056521170528774,-0.3420908765293235,-0.264060939060939,-0.42562437562437555,-0.5971432183036279,-0.18370818370818362,-0.2178038178038178,-0.032178374612022526,-0.07903061224489787,1.296,1.108433734939759,1.4227642276422765,1.3770491803278688,0.8360655737704918,1.5573770491803278,0.8852459016393442,0.9180327868852459,0.7020408163265306,1.0161290322580645
5,0,1,0,-0.7911469263966819,1.0592885375494072,-0.5216993998166156,4,3,2,1,0,6,5,4,3,2,1,1,1,1,1,0,0,1,1,1,0,0,0,0,0,1,1,0,0,0,0,0,0,0,0,0,0,0,0,0,-0.5696222340458827,-0.5918655847350492,0.12793846888569108,-0.33341658341658337,-0.264060939060939,-0.42452281633169014,-0.5952245952245951,-0.18370818370818362,-0.21531639956926593,-0.0218112244897958,1.872,1.3172690763052208,1.1300813008130082,1.4426229508196722,1.3770491803278688,0.8360655737704918,1.5737704918032787,0.9016393442622951,0.9142857142857143,0.6935483870967742
6,0,1,0,0.2799902850345939,1.2964426877470356,0.6836844376547698,5,4,3,2,1,0,6,5,4,3,0,1,1,1,1,1,0,0,1,1,1,0,0,0,0,0,1,1,0,0,0,0,0,0,0,0,0,0,0,0,-0.8024787956558479,-0.5594823667150339,-0.5909299417490371,0.1336163836163836,-0.33341658341658337,-0.26097838452787264,-0.42315882315882314,-0.5952245952245951,-0.18103502882118197,-0.2061989795918367,1.072,1.895582329317269,1.3414634146341464,1.1475409836065573,1.4426229508196722,1.3770491803278688,0.8524590163934426,1.5901639344262295,0.8979591836734694,0.9032258064516129
0,1,0,0,-0.24063222005642154,2.3715415019762847,-0.07132079379331471,6,5,4,3,2,1,0,6,5,4,0,0,1,1,1,1,1,0,0,1,1,1,0,0,0,0,0,1,1,0,0,0,0,0,0,0,0,0,0,0,0.2741698225407655,-0.7911469263966819,-0.558254104902004,-0.5806693306693306,0.1336163836163836,-0.3311844267475667,-0.2601398601398602,-0.42315882315882314,-0.594793184265535,-0.17168367346938765,1.312,1.0923694779116466,1.9268292682926829,1.360655737704918,1.1475409836065573,1.4426229508196722,1.3934426229508197,0.8688524590163934,1.583673469387755,0.8870967741935484
1,1,0,0,0.07323589306064997,-0.17391304347826086,0.14418161083538508,0,6,5,4,3,2,1,0,6,5,1,0,0,1,1,1,1,1,0,0,0,1,1,0,0,0,0,0,1,1,0,0,0,0,0,0,0,0,0,0,-0.24913148258270473,0.2799902850345939,-0.7920120146538562,-0.548201798201798,-0.5806693306693306,0.1415750221210972,-0.3301203301203301,-0.2601398601398602,-0.42179008044593663,-0.5882653061224489,2.4,1.3333333333333333,1.113821138211382,1.9508196721311475,1.360655737704918,1.1475409836065573,1.459016393442623,1.4098360655737705,0.8653061224489796,1.564516129032258
2,0,0,1,-0.6416859201504573,-0.8063241106719368,-0.3581735904594882,1,0,6,5,4,3,2,1,0,6,1,1,0,0,1,1,1,1,1,0,0,0,1,1,0,0,0,0,0,1,0,0,0,0,0,0,0,0,0,0,0.06635160088886106,-0.24063222005642154,0.28880412720954635,-0.7804695304695303,-0.548201798201798,-0.5814688408545065,0.1411201411201411,-0.3301203301203301,-0.2578830683473745,-0.4140816326530612,-0.176,2.42570281124498,1.3577235772357723,1.1311475409836065,1.9508196721311475,1.360655737704918,1.1639344262295082,1.4754098360655739,1.4040816326530612,0.8548387096774194
3,1,0,0,-0.4100213604688094,-0.8695652173913043,-0.16181925441440975,2,1,0,6,5,4,3,2,1,0,0,1,1,0,0,1,1,1,1,1,0,0,0,1,1,0,0,0,0,0,1,0,0,0,0,0,0,0,0,0,-0.6522487559074832,0.07323589306064997,-0.2365227882542935,0.2934565434565434,-0.7804695304695303,-0.5486032107192518,-0.5796005796005795,0.1411201411201411,-0.3282447583454742,-0.24905612244897957,-0.816,-0.1606425702811245,2.4634146341463414,1.3770491803278688,1.1311475409836065,1.9508196721311475,1.3770491803278688,1.180327868852459,1.469387755102041,1.3870967741935485
4,1,0,0,-0.4473866120303655,-0.5059288537549407,-0.08075581610694045,3,2,1,0,6,5,4,3,2,1,1,0,1,1,0,0,1,1,1,1,0,0,0,0,1,1,0,0,0,0,0,1,0,0,0,0,0,0,0,0,-0.419392194297518,-0.6416859201504573,0.08018147657079655,-0.22852147852147847,0.2934565434565434,-0.7837188724560739,-0.5468405468405467,-0.5796005796005795,0.14556280483942483,-0.3198979591836734,-0.88,-0.8032128514056225,-0.15447154471544716,2.4918032786885247,1.3770491803278688,1.1311475409836065,1.9672131147540983,1.3934426229508197,1.1755102040816328,1.4516129032258065
5,0,1,0,0.13052927878836937,-0.4743083003952569,0.17498506889136825,4,3,2,1,0,6,5,4,3,2,1,1,0,1,1,0,0,1,1,1,0,0,0,0,0,1,1,0,0,0,0,0,1,0,0,0,0,0,0,0,-0.4569497042346092,-0.4100213604688094,-0.6412004599752419,0.08616383616383615,-0.22852147852147847,0.3033750474023512,-0.7812007812007811,-0.5468405468405467,-0.5790840565021854,0.1571428571428572,-0.512,-0.8674698795180723,-0.8048780487804879,-0.14754098360655737,2.4918032786885247,1.3770491803278688,1.1475409836065573,1.9836065573770492,1.3877551020408163,1.1612903225806452
6,0,1,0,-0.15344663307945725,0.33201581027667987,0.23123594992758614,5,4,3,2,1,0,6,5,4,3,0,1,1,0,1,1,0,0,1,1,1,0,0,0,0,0,1,1,0,0,0,0,0,1,0,0,0,0,0,0,0.12393978279240085,-0.4473866120303655,-0.4074425502233897,-0.6306193806193805,0.08616383616383615,-0.2250031601567438,0.30240030240030236,-0.7812007812007811,-0.5461455628048395,-0.5724489795918367,-0.48,-0.4979919678714859,-0.8699186991869918,-0.8032786885245902,-0.14754098360655737,2.4918032786885247,1.3934426229508197,1.1639344262295082,1.9755102040816326,1.3709677419354838
0,1,0,0,-0.7388355742105034,-0.9802371541501976,-0.4964155985906081,6,5,4,3,2,1,0,6,5,4,0,0,1,1,0,1,1,0,0,1,1,1,0,0,0,0,0,1,1,0,0,0,0,0,1,0,0,0,0,0,-0.161497292729492,0.13052927878836937,-0.44514543889304325,-0.39835164835164827,-0.6306193806193805,0.09354063961572495,-0.22428022428022426,0.30240030240030236,-0.7817824792550834,-0.5392857142857143,0.336,-0.46586345381526106,-0.4959349593495935,-0.8688524590163934,-0.8032786885245902,-0.14754098360655737,2.5081967213114753,1.4098360655737705,1.1591836734693877,1.9516129032258065
1,1,0,0,0.040852675040634646,0.12648221343873517,-0.08374881383581563,0,6,5,4,3,2,1,0,6,5,1,0,0,1,1,0,1,1,0,0,0,1,1,0,0,0,0,0,1,1,0,0,0,0,0,1,0,0,0,0,-0.7498982817439203,-0.15344663307945725,0.13799257253093203,-0.43581418581418574,-0.39835164835164827,-0.6320313487548983,0.09324009324009323,-0.22428022428022426,0.3077215430417432,-0.7765306122448979,-0.992,0.3534136546184739,-0.4634146341463415,-0.4918032786885246,-0.8688524590163934,-0.8032786885245902,-0.13114754098360656,2.5245901639344264,1.4040816326530612,1.1451612903225807
2,0,0,1,-0.13102748214252358,-1.075098814229249,-0.31576437818890424,1,0,6,5,4,3,2,1,0,6,1,1,0,0,1,1,0,1,1,0,0,0,1,1,0,0,0,0,0,1,0,0,0,0,0,0,1,0,0,0,0.03380175894338205,-0.7388355742105034,-0.14854938135843515,0.14360639360639357,-0.43581418581418574,-0.39691568701807617,-0.6300006300006299,0.09324009324009323,-0.22182808640020274,0.3204081632653062,0.128,-0.9799196787148594,0.36585365853658536,-0.45901639344262296,-0.4918032786885246,-0.8688524590163934,-0.7868852459016393,-0.11475409836065574,2.5142857142857142,1.3870967741935485
3,1,0,0,0.810576857208691,-0.4743083003952569,0.9835676950296691,2,1,0,6,5,4,3,2,1,0,0,1,1,0,0,1,1,0,1,1,0,0,0,1,1,0,0,0,0,0,1,0,0,0,0,0,0,1,0,0,-0.1389627867672373,0.040852675040634646,-0.7392279705163411,-0.14110889110889108,0.14360639360639357,-0.43483756794337003,-0.3956403956403956,-0.6300006300006299,0.09742192943561157,-0.21275510204081627,-1.088,0.14457831325301204,-0.983739837398374,0.3770491803278688,-0.45901639344262296,-0.4918032786885246,-0.8524590163934426,-0.7704918032786885,-0.11428571428571428,2.4838709677419355
4,1,0,0,0.13052927878836937,-0.34782608695652173,0.3076203714238763,3,2,1,0,6,5,4,3,2,1,1,0,1,1,0,0,1,1,0,1,0,0,0,0,1,1,0,0,0,0,0,1,0,0,0,0,0,0,1,0,0.8074864636474601,-0.13102748214252358,0.04750563972376345,-0.7280219780219779,-0.14110889110889108,0.1516875237011756,-0.43344043344043337,-0.3956403956403956,-0.6297586621904099,0.10867346938775516,-0.48,-1.0763052208835342,0.15447154471544716,-0.9836065573770492,0.3770491803278688,-0.45901639344262296,-0.47540983606557374,-0.8360655737704918,-0.7673469387755102,-0.11290322580645161
5,0,1,0,-0.20077595172409501,-0.23715415019762845,0.017048422353309004,4,3,2,1,0,6,5,4,3,2,1,1,0,1,1,0,0,1,1,0,0,0,0,0,0,1,1,0,0,0,0,0,1,0,0,0,0,0,0,1,0.12393978279240085,0.810576857208691,-0.125927648156643,0.05369630369630368,-0.7280219780219779,-0.13651877133105803,0.15120015120015118,-0.43344043344043337,-0.394121745740166,-0.623469387755102,-0.352,-0.46586345381526106,-1.08130081300813,0.16393442622950818,-0.9836065573770492,0.3770491803278688,-0.4426229508196721,-0.45901639344262296,-0.8326530612244898,-0.7580645161290323
6,0,1,0,0.0807089433729612,-0.12648221343873517,0.5001479704355112,5,4,3,2,1,0,6,5,4,3,0,1,1,0,1,1,0,0,1,1,1,0,0,0,0,0,1,1,0,0,0,0,0,1,0,0,0,0,0,0,-0.2090701386498075,0.13052927878836937,0.8241851463186272,-0.11863136863136861,0.05369630369630368,-0.7306282391606624,-0.13608013608013605,0.15120015120015118,-0.4321277000063344,-0.38622448979591834,-0.24,-0.3373493975903614,-0.4634146341463415,-1.0819672131147542,0.16393442622950818,-0.9836065573770492,0.39344262295081966,-0.4262295081967213,-0.45714285714285713,-0.8225806451612904
0,0,0,1,-0.14846459953791644,-0.34782608695652173,0.39802671166708326,6,5,4,3,2,1,0,6,5,4,0,0,1,1,0,1,1,0,0,1,1,1,0,0,0,0,0,1,1,0,0,0,0,0,1,0,0,0,0,0,0.0738631028762793,-0.20077595172409501,0.13799257253093203,0.8254245754245753,-0.11863136863136861,0.060675009480470235,-0.7282807282807282,-0.13608013608013605,0.15569772597706974,-0.4244897959183673,-0.128,-0.2248995983935743,-0.3333333333333333,-0.45901639344262296,-1.0819672131147542,0.16393442622950818,-0.9672131147540983,0.4098360655737705,-0.42448979591836733,-0.45161290322580644
1,1,0,0,-0.46731474619652874,-0.6798418972332015,-0.09221116800782325,0,6,5,4,3,2,1,0,6,5,0,0,0,1,1,0,1,1,0,0,0,1,1,0,0,0,0,0,1,1,1,0,0,0,0,1,0,0,0,0,-0.15648962473787986,0.0807089433729612,-0.19630637367332968,0.14360639360639357,0.8254245754245753,-0.11376564277588169,0.06048006048006047,-0.7282807282807282,-0.13314752644580988,0.16734693877551027,-0.352,-0.11244979919678715,-0.21951219512195122,-0.32786885245901637,-0.45901639344262296,-1.0819672131147542,0.18032786885245902,-0.9508196721311475,0.40816326530612246,-0.41935483870967744
2,1,0,0,0.07821792660219078,-0.23715415019762845,0.5671277161325521,1,0,6,5,4,3,2,1,0,6,1,0,0,0,1,1,0,1,1,0,0,0,1,1,0,0,0,0,0,1,0,1,0,0,0,0,1,0,0,0,-0.4769803762010578,-0.14846459953791644,0.08772205430472726,-0.18856143856143853,0.14360639360639357,0.8418657565415245,-0.11340011340011338,0.06048006048006047,-0.7285741432824477,-0.12346938775510198,-0.688,-0.3373493975903614,-0.10569105691056911,-0.21311475409836064,-0.32786885245901637,-0.45901639344262296,-1.0655737704918034,0.19672131147540983,-0.9469387755102041,0.4032258064516129
3,1,0,0,0.12803826201759896,-0.18972332015810275,0.6369167176495036,2,1,0,6,5,4,3,2,1,0,1,1,0,0,0,1,1,0,1,1,0,0,0,1,1,0,0,0,0,0,0,0,1,0,0,0,0,1,0,0,0.07135926888047321,-0.46731474619652874,-0.14352232953581467,0.09365634365634364,-0.18856143856143853,0.1516875237011756,0.8391608391608391,-0.11340011340011338,0.06448343573826563,-0.7229591836734693,-0.24,-0.6746987951807228,-0.3333333333333333,-0.09836065573770492,-0.21311475409836064,-0.32786885245901637,-0.4426229508196721,-1.0491803278688525,0.19591836734693877,-0.9354838709677419
4,1,0,0,-0.1659017169333093,0.15810276679841898,0.33660362060521676,3,2,1,0,6,5,4,3,2,1,1,1,1,0,0,0,1,1,0,1,0,0,0,0,1,1,0,0,0,0,0,0,0,1,0,0,0,0,1,0,0.12143594879659478,0.07821792660219078,-0.4652536461835252,-0.13611388611388608,0.09365634365634364,-0.1845531538364303,0.15120015120015118,0.8391608391608391,-0.11034395388610886,0.07551020408163271,-0.192,-0.2248995983935743,-0.6747967479674797,-0.32786885245901637,-0.09836065573770492,-0.21311475409836064,-0.3114754098360656,-0.4262295081967213,-1.0448979591836736,0.1935483870967742
5,0,1,0,0.07323589306064997,0.3952569169960474,0.5444293547902866,4,3,2,1,0,6,5,4,3,2,1,1,1,1,0,0,0,1,1,0,0,0,0,0,0,1,1,0,0,0,0,0,0,0,1,0,0,0,0,1,-0.17401646270852242,0.12803826201759896,0.08520852839341703,-0.4557942057942057,-0.13611388611388608,0.10112501580078373,-0.18396018396018393,0.15120015120015118,0.8474060936213341,-0.1005102040816326,0.16,-0.17670682730923695,-0.21951219512195122,-0.6721311475409836,-0.32786885245901637,-0.09836065573770492,-0.19672131147540983,-0.29508196721311475,-0.42448979591836733,-1.032258064516129
6,0,1,0,-0.1135903647471307,0.15810276679841898,0.440635878368011,5,4,3,2,1,0,6,5,4,3,0,1,1,1,1,0,0,0,1,1,1,0,0,0,0,0,1,1,0,0,0,0,0,0,0,1,0,0,0,0,0.06635160088886106,-0.1659017169333093,0.1354790466196218,0.09115884115884114,-0.4557942057942057,-0.13146252054101884,0.1008001008001008,-0.18396018396018393,0.15569772597706974,0.8637755102040817,0.4,0.17670682730923695,-0.17073170731707318,-0.21311475409836064,-0.6721311475409836,-0.32786885245901637,-0.08196721311475409,-0.18032786885245902,-0.2938775510204082,-0.41935483870967744
0,1,0,0,-0.00647664360400312,-0.09486166007905138,0.30628287998065806,6,5,4,3,2,1,0,6,5,4,0,0,1,1,1,1,0,0,0,1,1,1,0,0,0,0,0,1,1,0,0,0,0,0,0,0,1,0,0,0,-0.12143594879659478,0.07323589306064997,-0.16111701091498634,0.14110889110889108,0.09115884115884114,-0.45506257110352677,-0.131040131040131,0.1008001008001008,-0.18128840184962317,0.16734693877551027,0.16,0.41767068273092367,0.18699186991869918,-0.16393442622950818,-0.21311475409836064,-0.6721311475409836,-0.3114754098360656,-0.06557377049180328,-0.17959183673469387,-0.2903225806451613
1,1,0,0,0.1678945303499255,-0.31620553359683795,0.4933570856471338,0,6,5,4,3,2,1,0,6,5,1,0,0,1,1,1,1,0,0,0,0,1,1,0,0,0,0,0,1,1,0,0,0,0,0,0,0,1,0,0,-0.013771086976933428,-0.1135903647471307,0.08018147657079655,-0.15359640359640356,0.14110889110889108,0.09859689040576414,-0.45360045360045353,-0.131040131040131,0.10502312028884524,-0.17193877551020403,-0.096,0.17670682730923695,0.43089430894308944,0.19672131147540983,-0.16393442622950818,-0.21311475409836064,-0.6557377049180327,-0.29508196721311475,-0.0653061224489796,-0.1774193548387097
2,1,0,0,-0.15842866662099805,-0.33201581027667987,0.1158741328015848,1,0,6,5,4,3,2,1,0,6,1,1,0,0,1,1,1,1,0,0,0,0,1,1,0,0,0,0,0,1,0,0,0,0,0,0,0,0,1,0,0.161497292729492,-0.00647664360400312,-0.10833296677747133,0.08616383616383615,-0.15359640359640356,0.14915939830615602,0.09828009828009827,-0.45360045360045353,-0.12808006587698745,0.11632653061224496,-0.32,-0.08032128514056225,0.18699186991869918,0.4426229508196721,0.19672131147540983,-0.16393442622950818,-0.19672131147540983,-0.639344262295082,-0.2938775510204082,-0.06451612903225806
3,1,0,0,0.5988404316932062,0.3794466403162055,0.9924795101789899,2,1,0,6,5,4,3,2,1,0,1,1,1,0,0,1,1,1,1,0,0,0,0,1,1,0,0,0,0,0,0,0,0,0,0,0,0,0,0,1,-0.16650496072110418,0.1678945303499255,-0.000251352591131081,-0.10114885114885112,0.08616383616383615,-0.14915939830615602,0.14868014868014867,0.09828009828009827,-0.4523975422816242,-0.11836734693877546,-0.336,-0.30522088353413657,-0.07317073170731707,0.19672131147540983,0.4426229508196721,0.19672131147540983,-0.14754098360655737,-0.18032786885245902,-0.636734693877551,-0.2903225806451613
4,1,0,0,-0.14846459953791644,0.4901185770750988,0.1778341493150771,3,2,1,0,6,5,4,3,2,1,1,1,1,1,0,0,1,1,1,1,0,0,0,0,1,1,0,0,0,0,0,0,0,0,0,0,0,0,0,0,0.5946605740039435,-0.15842866662099805,0.1756954612005856,0.006243756243756242,-0.10114885114885112,0.09354063961572495,-0.14868014868014867,0.14868014868014867,0.10248939000443401,-0.4448979591836734,0.384,-0.321285140562249,-0.3008130081300813,-0.06557377049180328,0.19672131147540983,0.4426229508196721,0.21311475409836064,-0.13114754098360656,-0.17959183673469387,-0.6290322580645161
5,0,1,0,0.14547537941299182,0.6482213438735178,0.46807236986863826,4,3,2,1,0,6,5,4,3,2,1,1,1,1,1,0,0,1,1,1,0,0,0,0,0,1,1,0,0,0,0,0,0,0,0,0,0,0,0,0,-0.15648962473787986,0.5988404316932062,-0.15357643318105563,0.18106893106893102,0.006243756243756242,-0.09606876501074454,0.09324009324009323,-0.14868014868014867,0.1531639956926585,0.11377551020408169,0.496,0.40160642570281124,-0.3170731707317073,-0.29508196721311475,-0.06557377049180328,0.19672131147540983,0.45901639344262296,0.22950819672131148,-0.1306122448979592,-0.1774193548387097
6,0,1,0,0.5191278950285532,-0.17391304347826086,0.961766093972513,5,4,3,2,1,0,6,5,4,3,0,1,1,1,1,1,0,0,1,1,1,0,0,0,0,0,1,1,0,0,0,0,0,0,0,0,0,0,0,0,0.1389627867672373,-0.14846459953791644,0.6105354438572569,-0.14610389610389607,0.18106893106893102,0.012640626975097966,-0.09576009576009575,0.09324009324009323,-0.14581617786786602,0.164795918367347,0.656,0.5140562248995983,0.4146341463414634,-0.3114754098360656,-0.29508196721311475,-0.06557377049180328,0.21311475409836064,0.47540983606557374,0.22857142857142856,-0.12903225806451613
0,1,0,0,-0.21074001880717666,-0.18972332015810275,0.16753628829953557,6,5,4,3,2,1,0,6,5,4,0,0,1,1,1,1,1,0,0,1,1,1,0,0,0,0,0,1,1,0,0,0,0,0,0,0,0,0,0,0,0.514537886138149,0.14547537941299182,-0.14352232953581467,0.613136863136863,-0.14610389610389607,0.1896094046264695,0.0126000126000126,-0.09576009576009575,0.09742192943561157,-0.1362244897959183,-0.176,0.6746987951807228,0.5284552845528455,0.4262295081967213,-0.3114754098360656,-0.29508196721311475,-0.04918032786885246,0.22950819672131148,0.47346938775510206,0.22580645161290322
1,1,0,0,0.11558317816374691,-0.07905138339920949,0.6711179876220309,0,6,5,4,3,2,1,0,6,5,1,0,0,1,1,1,1,1,0,0,0,1,1,0,0,0,0,0,1,1,0,0,0,0,0,0,0,0,0,0,-0.2190854746330318,0.5191278950285532,0.15307372799879346,-0.13611388611388608,0.613136863136863,-0.1415750221210972,0.18900018900018897,0.0126000126000126,-0.09260784189523029,0.10867346938775516,-0.192,-0.1606425702811245,0.6910569105691057,0.5409836065573771,0.4262295081967213,-0.3114754098360656,-0.2786885245901639,-0.03278688524590164,0.22857142857142856,0.46774193548387094
2,1,0,0,-0.18582985109947256,0.23715415019762845,0.23388308053370457,1,0,6,5,4,3,2,1,0,6,1,1,0,0,1,1,1,1,1,0,0,0,1,1,0,0,0,0,0,1,0,0,0,0,0,0,0,0,0,0,0.10891677881756438,-0.21074001880717666,0.5301026146953293,0.15859140859140855,-0.13611388611388608,0.6269750979648592,-0.1411201411201411,0.18900018900018897,0.01634256033445237,-0.08265306122448973,-0.08,-0.17670682730923695,-0.15447154471544716,0.7049180327868853,0.5409836065573771,0.4262295081967213,-0.29508196721311475,-0.26229508196721313,-0.0326530612244898,0.22580645161290322
3,1,0,0,-0.5769194841104267,-0.4268774703557312,-0.09032561020085193,2,1,0,6,5,4,3,2,1,0,1,1,1,0,0,1,1,1,1,1,0,0,0,1,1,0,0,0,0,0,0,0,0,0,0,0,0,0,0,0,-0.19404713467497103,0.11558317816374691,-0.20636047731857063,0.5332167832167831,0.15859140859140855,-0.13146252054101884,0.6249606249606249,-0.1411201411201411,0.1937036802432381,0.02704081632653067,0.24,-0.0642570281124498,-0.17073170731707318,-0.14754098360655737,0.7049180327868853,0.5409836065573771,0.4426229508196721,-0.2786885245901639,-0.2612244897959184,-0.03225806451612903
4,1,0,0,0.1106011446222061,0.6007905138339921,0.555241443727523,3,2,1,0,6,5,4,3,2,1,1,1,1,1,0,0,1,1,1,1,0,0,0,0,1,1,0,0,0,0,0,0,0,0,0,0,0,0,0,0,-0.5871490720165252,-0.18582985109947256,0.1229114170630706,-0.19855144855144852,0.5332167832167831,0.16685627607129316,-0.131040131040131,0.6249606249606249,-0.13821498701463233,0.20561224489795923,-0.432,0.2570281124497992,-0.056910569105691054,-0.16393442622950818,-0.14754098360655737,0.7049180327868853,0.5573770491803278,0.45901639344262296,-0.27755102040816326,-0.25806451612903225
5,0,1,0,0.2874633353469051,0.8853754940711462,0.9282890664293929,4,3,2,1,0,6,5,4,3,2,1,1,1,1,1,0,0,1,1,1,0,0,0,0,0,1,1,0,0,0,0,0,0,0,0,0,0,0,0,0,0.10390911082595222,-0.5769194841104267,-0.18122521820546825,0.1286213786213786,-0.19855144855144852,0.5460750853242321,0.1663201663201663,-0.131040131040131,0.63203901944638,-0.1285714285714285,0.608,-0.41767068273092367,0.2682926829268293,-0.04918032786885246,-0.16393442622950818,-0.14754098360655737,0.7213114754098361,0.5737704918032787,0.45714285714285713,-0.27419354838709675
6,0,1,0,0.25757113409766025,0.41106719367588934,0.9924312051793934,5,4,3,2,1,0,6,5,4,3,0,1,1,1,1,1,0,0,1,1,1,0,0,0,0,0,1,1,0,0,0,0,0,0,0,0,0,0,0,0,0.28168132452818373,0.1106011446222061,-0.5758487862811756,-0.17357642357642353,0.1286213786213786,-0.19466565541650868,0.5443205443205442,0.1663201663201663,-0.12808006587698745,0.6469387755102042,0.896,0.6265060240963856,-0.4146341463414634,0.2786885245901639,-0.04918032786885246,-0.16393442622950818,-0.13114754098360656,0.7377049180327869,0.5714285714285714,0.45161290322580644
0,1,0,0,0.050816742123716285,0.6324110671936759,0.6641735411567949,6,5,4,3,2,1,0,6,5,4,0,0,1,1,1,1,1,0,0,1,1,1,0,0,0,0,0,1,1,0,0,0,0,0,0,0,0,0,0,0,0.2516353165785108,0.2874633353469051,0.11788436524045012,-0.5656843156843155,-0.17357642357642353,0.13651877133105803,-0.19404019404019401,0.5443205443205442,0.17090010768353708,-0.11836734693877546,0.416,0.9156626506024096,0.6422764227642277,-0.4098360655737705,0.2786885245901639,-0.04918032786885246,-0.14754098360655737,-0.11475409836065574,0.7346938775510204,0.5645161290322581
1,1,0,0,0.3372836707623133,0.6482213438735178,0.7896835652548373,0,6,5,4,3,2,1,0,6,5,1,0,0,1,1,1,1,1,0,0,0,1,1,0,0,0,0,0,1,1,0,0,0,0,0,0,0,0,0,0,0.04381709492660636,0.25757113409766025,0.29634470494347703,0.1236263736263736,-0.5656843156843155,-0.16938440146631276,0.13608013608013605,-0.19404019404019401,0.5509596503452208,0.18265306122448985,0.64,0.43373493975903615,0.9349593495934959,0.6557377049180327,-0.4098360655737705,0.2786885245901639,-0.03278688524590164,-0.13114754098360656,-0.11428571428571428,0.7258064516129032
2,1,0,0,0.40454112357311434,1.0276679841897234,1.0296445953419098,1,0,6,5,4,3,2,1,0,6,1,1,0,0,1,1,1,1,1,0,0,0,1,1,0,0,0,0,0,1,0,0,0,0,0,0,0,0,0,0,0.3317580044443053,0.050816742123716285,0.2661823940077542,0.3009490509490509,0.1236263736263736,-0.5663000884843888,-0.1688401688401688,0.13608013608013605,-0.19142332298726805,0.5653061224489796,0.656,0.6586345381526104,0.44715447154471544,0.9508196721311475,0.6557377049180327,-0.4098360655737705,0.29508196721311475,-0.01639344262295082,-0.1306122448979592,-0.11290322580645161
3,1,0,0,-0.925661832018284,-1.5494071146245059,-0.6328199382086769,2,1,0,6,5,4,3,2,1,0,1,1,1,0,0,1,1,1,1,1,0,0,0,1,1,0,0,0,0,0,0,0,0,0,0,0,0,0,0,0,0.3993615223310694,0.3372836707623133,0.0575597433690044,0.27097902097902093,0.3009490509490509,0.13146252054101884,-0.5644805644805644,-0.1688401688401688,0.14049534427060237,-0.18214285714285708,1.04,0.6746987951807228,0.6747967479674797,0.45901639344262296,0.9508196721311475,0.6557377049180327,-0.39344262295081966,0.3114754098360656,-0.0163265306122449,-0.12903225806451613
4,1,0,0,0.9998941317872421,0.5059288537549407,0.5011385970623493,3,2,1,0,6,5,4,3,2,1,1,1,1,1,0,0,1,1,1,1,0,0,0,0,1,1,0,0,0,0,0,0,0,0,0,0,0,0,0,0,-0.9376858314293761,0.40454112357311434,0.3466152231696818,0.06368631368631367,0.27097902097902093,0.31095942358740997,0.131040131040131,-0.5644805644805644,-0.16608602014315582,0.15204081632653066,-1.568,1.0602409638554218,0.6910569105691057,0.6885245901639344,0.45901639344262296,0.9508196721311475,0.6721311475409836,-0.3770491803278688,0.31020408163265306,-0.016129032258064516
5,0,1,0,0.15045741295453263,0.9169960474308301,0.39268506000773795,4,3,2,1,0,6,5,4,3,2,1,1,1,1,1,0,0,1,1,1,0,0,0,0,0,1,1,0,0,0,0,0,0,0,0,0,0,0,0,0,0.997777847328722,-0.925661832018284,0.41448042277505825,0.3508991008991008,0.06368631368631367,0.28062191884717486,0.30996030996030993,0.131040131040131,-0.563881674795718,-0.15663265306122442,0.512,-1.5582329317269077,1.08130081300813,0.7049180327868853,0.6885245901639344,0.45901639344262296,0.9672131147540983,0.6885245901639344,-0.37551020408163266,0.3064516129032258
6,0,1,0,0.9401097292887522,0.5849802371541502,1.5121406219231284,5,4,3,2,1,0,6,5,4,3,0,1,1,1,1,1,0,0,1,1,1,0,0,0,0,0,1,1,0,0,0,0,0,0,0,0,0,0,0,0,0.14397045475884948,0.9998941317872421,-0.9277424138646091,0.41833166833166824,0.3508991008991008,0.0707875110605486,0.2797202797202797,0.30996030996030993,0.13542788370177994,-0.557142857142857,0.928,0.5301204819277109,-1.5691056910569106,1.098360655737705,0.7049180327868853,0.6885245901639344,0.47540983606557374,0.9836065573770492,0.6857142857142857,-0.3709677419354839
0,1,0,0,1.4034388486520484,0.20553359683794467,1.3677149918557023,6,5,4,3,2,1,0,6,5,4,0,0,1,1,1,1,1,0,0,1,1,1,0,0,0,0,0,1,1,0,0,0,0,0,0,0,0,0,0,0,0.9376858314293761,0.15045741295453263,1.0152131155782051,-0.9153346653346651,0.41833166833166824,0.3615219314878018,0.07056007056007055,0.2797202797202797,0.3153227338949769,0.14693877551020415,0.592,0.9477911646586346,0.5447154471544715,-1.5737704918032787,1.098360655737705,0.7049180327868853,0.7049180327868853,0.4918032786885246,0.9795918367346939,0.6774193548387096
1,1,0,0,0.6760619515870889,0.5059288537549407,0.8799879744661934,0,6,5,4,3,2,1,0,6,5,1,0,0,1,1,1,1,1,0,0,0,1,1,0,0,0,0,0,1,1,0,0,0,0,0,0,0,0,0,0,1.4033989546493066,0.9401097292887522,0.15810077982141393,1.015234765234765,-0.9153346653346651,0.42978131715333084,0.36036036036036034,0.07056007056007055,0.2849179704820422,0.32806122448979597,0.208,0.6104417670682731,0.967479674796748,0.5573770491803278,-1.5737704918032787,1.098360655737705,0.7213114754098361,0.7213114754098361,0.4897959183673469,0.967741935483871
2,1,0,0,0.8952714274148849,0.25296442687747034,0.8247150826042514,1,0,6,5,4,3,2,1,0,6,1,1,0,0,1,1,1,1,1,0,0,0,1,1,0,0,0,0,0,1,0,0,0,0,0,0,0,0,0,0,0.6722794278739319,1.4034388486520484,0.9548884937067595,0.16358641358641354,1.015234765234765,-0.9202376437871319,0.42840042840042836,0.36036036036036034,0.07461835687591054,0.2974489795918368,0.512,0.2248995983935743,0.6260162601626016,0.9836065573770492,0.5573770491803278,-1.5737704918032787,1.1147540983606556,0.7377049180327869,0.7183673469387755,0.4838709677419355
3,1,0,0,0.06576284274833874,0.25296442687747034,0.262487206138177,2,1,0,6,5,4,3,2,1,0,1,1,1,0,0,1,1,1,1,1,0,0,0,1,1,0,0,0,0,0,0,0,0,0,0,0,0,0,0,0,0.8926168195048667,0.6760619515870889,1.4224043132104638,0.9552947052947051,0.16358641358641354,1.0340032865630135,-0.9172809172809172,0.42840042840042836,0.3659973395832014,0.08571428571428577,0.256,0.5301204819277109,0.23577235772357724,0.639344262295082,0.9836065573770492,0.5573770491803278,-1.5573770491803278,1.1311475409836065,0.7346938775510204,0.7096774193548387
4,1,0,0,-0.6591230375458502,-0.9802371541501976,-0.3605068632799319,3,2,1,0,6,5,4,3,2,1,1,1,1,1,0,0,1,1,1,1,0,0,0,0,1,1,0,0,0,0,0,0,0,0,0,0,0,0,0,0,0.05884009890144283,0.8952714274148849,0.6884547471078742,1.4198301698301694,0.9552947052947051,0.17191252686133235,1.0306810306810306,-0.9172809172809172,0.43440805726230447,0.3790816326530613,0.256,0.27309236947791166,0.5447154471544715,0.2459016393442623,0.639344262295082,0.9836065573770492,0.5737704918032787,-1.540983606557377,1.126530612244898,0.7258064516129032
5,0,1,0,-0.1110993479763603,-0.12648221343873517,0.09299967853480044,4,3,2,1,0,6,5,4,3,2,1,1,1,1,1,0,0,1,1,1,0,0,0,0,0,1,1,0,0,0,0,0,0,0,0,0,0,0,0,0,-0.6697755938781258,0.06576284274833874,0.9096450273031752,0.6905594405594404,1.4198301698301694,0.9733282770825434,0.17136017136017134,1.0306810306810306,-0.9186039146132895,0.44795918367346943,-0.992,0.27309236947791166,0.2845528455284553,0.5573770491803278,0.2459016393442623,0.639344262295082,1.0,0.5901639344262295,-1.5346938775510204,1.1129032258064515
6,0,1,0,0.10063707753912446,-0.30039525691699603,0.48081241859183776,5,4,3,2,1,0,6,5,4,3,0,1,1,1,1,1,0,0,1,1,1,0,0,0,0,0,1,1,0,0,0,0,0,0,0,0,0,0,0,0,-0.11893211480078869,-0.6591230375458502,0.07264089883686584,0.9103396603396602,0.6905594405594404,1.4435596005561877,0.9702009702009701,0.17136017136017134,1.039969595236587,-0.9142857142857143,-0.128,-0.9799196787148594,0.2845528455284553,0.29508196721311475,0.5573770491803278,0.2459016393442623,0.6557377049180327,1.0163934426229508,0.5877551020408164,-1.5161290322580645
0,1,0,0,0.09565504399758365,0.20553359683794467,0.2587686357217301,6,5,4,3,2,1,0,6,5,4,0,0,1,1,1,1,1,0,0,1,1,1,0,0,0,0,0,1,1,0,0,0,0,0,0,0,0,0,0,0,0.09389377484272791,-0.1110993479763603,-0.6587951413544135,0.07867132867132866,0.9103396603396602,0.7053469852104666,1.4389214389214389,0.9702009702009701,0.17596756825235954,1.0576530612244899,-0.304,-0.11244979919678715,-0.983739837398374,0.29508196721311475,0.29508196721311475,0.5573770491803278,0.26229508196721313,0.6721311475409836,1.0122448979591836,0.5806451612903226
1,1,0,0,0.3073914695130684,0.3794466403162055,0.6027842053958513,0,6,5,4,3,2,1,0,6,5,1,0,0,1,1,1,1,1,0,0,0,1,1,0,0,0,0,0,1,1,0,0,0,0,0,0,0,0,0,0,0.08888610685111577,0.10063707753912446,-0.10581944086616109,-0.648101898101898,0.07867132867132866,0.9278220199721907,0.703080703080703,1.4389214389214389,0.9791600684107178,0.18775510204081639,0.208,-0.2891566265060241,-0.10569105691056911,-0.9836065573770492,0.29508196721311475,0.29508196721311475,0.5737704918032787,0.2786885245901639,0.6693877551020408,1.0
2,1,0,0,-0.018931727457855166,0.5059288537549407,0.3988454024261664,1,0,6,5,4,3,2,1,0,6,1,1,0,0,1,1,1,1,1,0,0,0,1,1,0,0,0,0,0,1,0,0,0,0,0,0,0,0,0,0,0.3017119964946324,0.09565504399758365,0.10783026159520917,-0.09865134865134863,-0.648101898101898,0.08595626343066617,0.9248409248409247,0.703080703080703,1.4504339013112058,0.9964285714285714,0.384,0.2248995983935743,-0.2845528455284553,-0.09836065573770492,-0.9836065573770492,0.29508196721311475,0.3114754098360656,0.5901639344262295,0.27755102040816326,0.6612903225806451
3,1,0,0,0.6312236497132215,-0.18972332015810275,0.43788166197965445,2,1,0,6,5,4,3,2,1,0,1,1,1,0,0,1,1,1,1,1,0,0,0,1,1,0,0,0,0,0,0,0,0,0,0,0,0,0,0,0,-0.026290256955963816,0.3073914695130684,0.1028032097725887,0.1136363636363636,-0.09865134865134863,-0.6497282265200355,0.08568008568008567,0.9248409248409247,0.7105846582631279,1.4709183673469388,0.512,0.40160642570281124,0.23577235772357724,-0.2786885245901639,-0.09836065573770492,-0.9836065573770492,0.3114754098360656,0.32786885245901637,0.5877551020408164,0.27419354838709675
4,1,0,0,-0.1708837504748501,0.18972332015810275,0.24380323137167784,3,2,1,0,6,5,4,3,2,1,1,1,1,1,0,0,1,1,1,1,0,0,0,0,1,1,0,0,0,0,0,0,0,0,0,0,0,0,0,0,0.6272104159494225,-0.018931727457855166,0.31645291223395894,0.10864135864135861,0.1136363636363636,-0.09354063961572495,-0.6476406476406475,0.08568008568008567,0.9335529232913157,0.7260204081632654,-0.192,0.5301204819277109,0.4146341463414634,0.2459016393442623,-0.2786885245901639,-0.09836065573770492,-0.9672131147540983,0.32786885245901637,0.32653061224489793,0.5806451612903226
5,0,1,0,-0.26803340453489605,-0.06324110671936758,-0.02313385460885193,4,3,2,1,0,6,5,4,3,2,1,1,1,1,1,0,0,1,1,1,0,0,0,0,0,1,1,0,0,0,0,0,0,0,0,0,0,0,0,0,-0.17902413070013456,0.6312236497132215,-0.012818982147682272,0.32092907092907086,0.10864135864135861,0.12135001896094047,-0.09324009324009323,-0.6476406476406475,0.0898207385823779,0.9505102040816327,0.192,-0.17670682730923695,0.5447154471544715,0.4262295081967213,0.2459016393442623,-0.2786885245901639,-0.08196721311475409,-0.9508196721311475,0.32653061224489793,0.3225806451612903
6,0,1,0,0.04334369181140506,-0.17391304347826086,0.36623354153675,5,4,3,2,1,0,6,5,4,3,0,1,1,1,1,1,0,0,1,1,1,0,0,0,0,0,1,1,0,0,0,0,0,0,0,0,0,0,0,0,-0.2766736565365716,-0.1708837504748501,0.6432112807042899,-0.006243756243756242,0.32092907092907086,0.11629376817090128,0.12096012096012095,-0.09324009324009323,-0.6474947741812885,0.10102040816326537,-0.064,0.20883534136546184,-0.17073170731707318,0.5573770491803278,0.4262295081967213,0.2459016393442623,-0.26229508196721313,-0.06557377049180328,-0.9469387755102041,0.3225806451612903
0,1,0,0,0.2750082514930531,0.09486166007905138,0.5010444812972146,6,5,4,3,2,1,0,6,5,4,0,0,1,1,1,1,1,0,0,1,1,1,0,0,0,0,0,1,1,0,0,0,0,0,0,0,0,0,0,0,0.03630559293918813,-0.26803340453489605,-0.16614406273760682,0.6456043956043954,-0.006243756243756242,0.3311844267475667,0.1159201159201159,0.12096012096012095,-0.09007411161081907,-0.6413265306122449,-0.176,-0.04819277108433735,0.21951219512195122,-0.16393442622950818,0.5573770491803278,0.4262295081967213,0.26229508196721313,-0.2459016393442623,-0.0653061224489796,-0.9354838709677419
1,1,0,0,-0.1982849349533246,0.12648221343873517,0.05544432888288536,0,6,5,4,3,2,1,0,6,5,1,0,0,1,1,1,1,1,0,0,0,1,1,0,0,0,0,0,1,1,0,0,0,0,0,0,0,0,0,0,0.2691621545491534,0.04334369181140506,-0.2641715732787061,-0.15859140859140855,0.6456043956043954,0.0,0.3301203301203301,0.1159201159201159,0.12529296256413502,-0.08010204081632648,0.096,-0.1606425702811245,-0.04065040650406504,0.22950819672131148,-0.16393442622950818,0.5573770491803278,0.4426229508196721,0.2786885245901639,-0.24489795918367346,-0.06451612903225806
2,1,0,0,0.2799902850345939,0.616600790513834,0.6556420967013713,1,0,6,5,4,3,2,1,0,6,1,1,0,0,1,1,1,1,1,0,0,0,1,1,0,0,0,0,0,1,0,0,0,0,0,0,0,0,0,0,-0.20656630465400141,0.2750082514930531,0.050019165635073685,-0.25599400599400596,-0.15859140859140855,0.6598407281001138,0.0,0.3301203301203301,0.12022550199531258,0.13673469387755108,0.128,0.11244979919678715,-0.15447154471544716,-0.03278688524590164,0.22950819672131148,-0.16393442622950818,0.5737704918032787,0.45901639344262296,0.27755102040816326,-0.24193548387096775
3,1,0,0,0.23016994961918572,0.4426877470355731,0.7735404667235712,2,1,0,6,5,4,3,2,1,0,1,1,1,0,0,1,1,1,1,1,0,0,0,1,1,0,0,0,0,0,0,0,0,0,0,0,0,0,0,0,0.2741698225407655,-0.1982849349533246,0.28377707538692587,0.05619380619380618,-0.25599400599400596,-0.1542156490961952,0.6577206577206577,0.0,0.33559257617026667,0.13163265306122454,0.624,0.14457831325301204,0.12195121951219512,-0.14754098360655737,-0.03278688524590164,0.22950819672131148,-0.14754098360655737,0.5901639344262295,0.45714285714285713,0.27419354838709675
4,1,0,0,0.050816742123716285,0.6640316205533597,0.3286410277973656,3,2,1,0,6,5,4,3,2,1,1,1,1,1,0,0,1,1,1,1,0,0,0,0,1,1,0,0,0,0,0,0,0,0,0,0,0,0,0,0,0.22409314262464397,0.2799902850345939,-0.19379284776201944,0.2884615384615384,0.05619380619380618,-0.2528125395019593,-0.1537201537201537,0.6577206577206577,0.003673908912396247,0.3484693877551021,0.448,0.642570281124498,0.15447154471544716,0.13114754098360656,-0.14754098360655737,-0.03278688524590164,0.2459016393442623,-0.13114754098360656,0.5877551020408164,0.45161290322580644
5,0,1,0,-0.29294357224260015,-0.22134387351778656,-0.02486094541198324,4,3,2,1,0,6,5,4,3,2,1,1,1,1,1,0,0,1,1,1,0,0,0,0,0,1,1,0,0,0,0,0,0,0,0,0,0,0,0,0,0.04381709492660636,0.23016994961918572,0.28880412720954635,-0.186063936063936,0.2884615384615384,0.06320313487548983,-0.25200025200025195,-0.1537201537201537,0.6649775131437259,0.014285714285714344,0.672,0.46586345381526106,0.6585365853658537,0.16393442622950818,0.13114754098360656,-0.14754098360655737,-0.01639344262295082,0.26229508196721313,-0.1306122448979592,0.5806451612903226
6,0,1,0,-0.37763814244879407,-0.758893280632411,0.03616805666866524,5,4,3,2,1,0,6,5,4,3,0,1,1,1,1,1,0,0,1,1,1,0,0,0,0,0,1,1,0,0,0,0,0,0,0,0,0,0,0,0,-0.3017119964946324,0.050816742123716285,0.23853360898334156,0.2934565434565434,-0.186063936063936,0.29831879661231203,0.06300006300006299,-0.25200025200025195,-0.15088363843668845,0.6801020408163266,-0.224,0.6907630522088354,0.4796747967479675,0.6721311475409836,0.16393442622950818,0.13114754098360656,-0.13114754098360656,0.0,0.2612244897959184,-0.12903225806451613
0,1,0,0,0.5266009453408644,0.18972332015810275,0.5285340999832845,6,5,4,3,2,1,0,6,5,4,0,0,1,1,1,1,1,0,0,1,1,1,0,0,0,0,0,1,1,0,0,0,0,0,0,0,0,0,0,0,-0.386842352352039,-0.29294357224260015,0.0575597433690044,0.24350649350649345,0.2934565434565434,-0.18202502844141072,0.29736029736029734,0.06300006300006299,-0.24969911952872623,-0.14132653061224484,-0.768,-0.20883534136546184,0.7073170731707317,0.4918032786885246,0.6721311475409836,0.16393442622950818,0.14754098360655737,-0.11475409836065574,0.0,0.25806451612903225
1,1,0,0,0.7507924547102012,0.5691699604743083,1.132535242176201,0,6,5,4,3,2,1,0,6,5,1,0,0,1,1,1,1,1,0,0,0,1,1,0,0,0,0,0,1,1,0,0,0,0,0,0,0,0,0,0,0.5220493881255672,-0.37763814244879407,-0.2893068323918085,0.06368631368631367,0.24350649350649345,0.3033750474023512,-0.18144018144018143,0.29736029736029734,0.06701716602267686,-0.2408163265306122,0.192,-0.7550200803212851,-0.2032520325203252,0.7213114754098361,0.4918032786885246,0.6721311475409836,0.18032786885245902,0.16393442622950818,-0.11428571428571428,0.0
2,1,0,0,-0.15842866662099805,0.4743083003952569,0.07995300530469543,1,0,6,5,4,3,2,1,0,6,1,1,0,0,1,1,1,1,1,0,0,0,1,1,0,0,0,0,0,1,0,0,0,0,0,0,0,0,0,0,0.7473944477481143,0.5266009453408644,-0.3747667133763566,-0.2809690309690309,0.06368631368631367,0.2528125395019593,0.30240030240030236,-0.18144018144018143,0.30265408247292075,0.07806122448979598,0.576,0.20883534136546184,-0.7560975609756098,-0.19672131147540983,0.7213114754098361,0.4918032786885246,0.6885245901639344,0.19672131147540983,0.16326530612244897,-0.11290322580645161
3,1,0,0,0.24013401670226736,0.4901185770750988,0.49074919765686664,2,1,0,6,5,4,3,2,1,0,1,1,1,0,0,1,1,1,1,1,0,0,0,1,1,0,0,0,0,0,0,0,0,0,0,0,0,0,0,0,-0.16650496072110418,0.7507924547102012,0.53764319242926,-0.3658841158841158,-0.2809690309690309,0.0707875110605486,0.25200025200025195,0.30240030240030236,-0.17875467156521194,0.31530612244897965,0.48,0.5943775100401606,0.21951219512195122,-0.7540983606557377,-0.19672131147540983,0.7213114754098361,0.5081967213114754,0.7049180327868853,0.19591836734693877,0.16129032258064516
4,1,0,0,0.27002621795151227,0.5533596837944664,0.49684809877632463,3,2,1,0,6,5,4,3,2,1,1,1,1,1,0,0,1,1,1,1,0,0,0,0,1,1,0,0,0,0,0,0,0,0,0,0,0,0,0,0,0.23410847860786826,-0.15842866662099805,0.7638605244471814,0.5407092907092906,-0.3658841158841158,-0.27809379345215524,0.07056007056007055,0.25200025200025195,0.3077215430417432,-0.16938775510204077,0.496,0.4979919678714859,0.6097560975609756,0.22950819672131148,-0.7540983606557377,-0.19672131147540983,0.7377049180327869,0.5245901639344263,0.7020408163265306,0.1935483870967742
5,0,1,0,-0.20575798526563582,0.616600790513834,0.0018007538489876798,4,3,2,1,0,6,5,4,3,2,1,1,1,1,1,0,0,1,1,1,0,0,0,0,0,1,1,0,0,0,0,0,0,0,0,0,0,0,0,0,0.2641544865575412,0.24013401670226736,-0.15357643318105563,0.7654845154845153,0.5407092907092906,-0.36405005688282144,-0.2772002772002772,0.07056007056007055,0.25704693735351875,0.3204081632653062,0.56,0.5140562248995983,0.5121951219512195,0.6229508196721312,0.22950819672131148,-0.7540983606557377,-0.18032786885245902,0.7540983606557377,0.5224489795918368,0.6935483870967742
6,0,1,0,-0.15593764985022765,-0.5849802371541502,0.2773250719867127,5,4,3,2,1,0,6,5,4,3,0,1,1,1,1,1,0,0,1,1,1,0,0,0,0,0,1,1,0,0,0,0,0,0,0,0,0,0,0,0,-0.21407780664141965,0.27002621795151227,0.24858771262858254,-0.14610389610389607,0.7654845154845153,0.5536594615092909,-0.36288036288036285,-0.2772002772002772,0.07461835687591054,0.2693877551020409,0.624,0.5783132530120482,0.5284552845528455,0.5245901639344263,0.6229508196721312,0.22950819672131148,-0.7377049180327869,-0.16393442622950818,0.7510204081632653,0.5161290322580645
0,1,0,0,0.8404690584579358,0.4268774703557312,0.9376853449739792,6,5,4,3,2,1,0,6,5,4,0,0,1,1,1,1,1,0,0,1,1,1,0,0,0,0,0,1,1,0,0,0,0,0,0,0,0,0,0,0,-0.1640011267252981,-0.20575798526563582,0.2787500235643054,0.25349650349650343,-0.14610389610389607,0.7811907470610543,0.5518805518805519,-0.36288036288036285,-0.2750364223728385,0.08571428571428577,-0.592,0.642570281124498,0.5934959349593496,0.5409836065573771,0.5245901639344263,0.6229508196721312,0.2459016393442623,-0.7213114754098361,-0.16326530612244897,0.7419354838709677
1,1,0,0,0.5689482304439614,-0.09486166007905138,0.4397512566886524,0,6,5,4,3,2,1,0,6,5,1,0,0,1,1,1,1,1,0,0,0,1,1,0,0,0,0,0,1,1,0,0,0,0,0,0,0,0,0,0,0.8375324715971331,-0.15593764985022765,-0.20133342549595015,0.2834665334665334,0.25349650349650343,-0.1415750221210972,0.7786807786807786,0.5518805518805519,-0.3611832520428201,-0.2663265306122448,0.432,-0.5783132530120482,0.6585365853658537,0.6065573770491803,0.5409836065573771,0.5245901639344263,0.639344262295082,0.26229508196721313,-0.7183673469387755,-0.16129032258064516
2,1,0,0,0.5091638279454715,0.30039525691699603,0.7268341048761403,1,0,6,5,4,3,2,1,0,6,1,1,0,0,1,1,1,1,1,0,0,0,1,1,0,0,0,0,0,1,0,0,0,0,0,0,0,0,0,0,0.5646145660542705,0.8404690584579358,-0.1510629072697454,-0.19355644355644352,0.2834665334665334,0.2629250410820377,-0.1411201411201411,0.7786807786807786,0.5585608411984545,-0.3530612244897959,-0.096,0.4497991967871486,-0.5772357723577236,0.6721311475409836,0.6065573770491803,0.5409836065573771,0.5409836065573771,0.6557377049180327,0.2612244897959184,-0.7096774193548387
3,1,0,0,0.013451490562160152,0.03162055335968379,0.36690989467223706,2,1,0,6,5,4,3,2,1,0,1,1,1,0,0,1,1,1,1,1,0,0,0,1,1,0,0,0,0,0,0,0,0,0,0,0,0,0,0,0,0.5045225501549246,0.5689482304439614,0.85434745725435,-0.14360639360639357,-0.19355644355644352,0.2932625458222728,0.262080262080262,-0.1411201411201411,0.7865965667954646,0.5729591836734694,0.304,-0.08032128514056225,0.4634146341463415,-0.5737704918032787,0.6721311475409836,0.6065573770491803,0.5573770491803278,0.5573770491803278,0.6530612244897959,0.25806451612903225
4,1,0,0,0.21273283222379286,0.015810276679841896,0.42878801716748044,3,2,1,0,6,5,4,3,2,1,1,1,1,1,0,0,1,1,1,1,0,0,0,0,1,1,0,0,0,0,0,0,0,0,0,0,0,0,0,0,0.006259584989515194,0.5091638279454715,0.580373132921534,0.8553946053946052,-0.14360639360639357,-0.1896094046264695,0.2923202923202923,0.262080262080262,-0.13821498701463233,0.8025510204081633,0.032,0.321285140562249,-0.07317073170731707,0.47540983606557374,-0.5737704918032787,0.6721311475409836,0.6229508196721312,0.5737704918032787,0.5551020408163265,0.6451612903225806
5,0,1,0,0.06825385951910914,0.4268774703557312,0.5534539093190446,4,3,2,1,0,6,5,4,3,2,1,1,1,1,1,0,0,1,1,1,0,0,0,0,0,1,1,0,0,0,0,0,0,0,0,0,0,0,0,0,0.20656630465400141,0.013451490562160152,0.5200485110500883,0.583166833166833,0.8553946053946052,-0.13904689672607762,-0.18900018900018897,0.2923202923202923,0.2671818584911636,-0.1285714285714285,0.016,0.04819277108433735,0.3333333333333333,-0.06557377049180328,0.47540983606557374,-0.5737704918032787,0.6885245901639344,0.639344262295082,0.5714285714285714,0.5483870967741935
6,0,1,0,0.1106011446222061,0.11067193675889328,0.5052909979226772,5,4,3,2,1,0,6,5,4,3,0,1,1,1,1,1,0,0,1,1,1,0,0,0,0,0,1,1,0,0,0,0,0,0,0,0,0,0,0,0,0.061343932897248904,0.21273283222379286,0.019856854699350827,0.5232267732267731,0.583166833166833,0.8722032612817596,-0.1386001386001386,-0.18900018900018897,0.2975866219040983,0.27959183673469395,0.432,0.0321285140562249,0.056910569105691054,0.3442622950819672,-0.06557377049180328,0.47540983606557374,-0.5573770491803278,0.7049180327868853,0.636734693877551,0.5645161290322581
0,1,0,0,-0.5794105008811972,-0.36363636363636365,-0.19012939296453893,6,5,4,3,2,1,0,6,5,4,0,0,1,1,1,1,1,0,0,1,1,1,0,0,0,0,0,1,1,0,0,0,0,0,0,0,0,0,0,0,0.10390911082595222,0.06825385951910914,0.2209389276041699,0.026223776223776217,0.5232267732267731,0.5966375932246241,0.8694008694008692,-0.1386001386001386,-0.1863558624184456,0.3102040816326531,0.112,0.4497991967871486,0.04065040650406504,0.06557377049180328,0.3442622950819672,-0.06557377049180328,0.4918032786885246,-0.5409836065573771,0.7020408163265306,0.6290322580645161
1,1,0,0,-0.1634107001625389,-0.22134387351778656,-0.09561097531161401,0,6,5,4,3,2,1,0,6,5,1,0,0,1,1,1,1,1,0,0,0,1,1,0,0,0,0,0,1,1,0,0,0,0,0,0,0,0,0,0,-0.5896529060123313,0.1106011446222061,0.07515442474817607,0.22602397602397598,0.026223776223776217,0.5359625837441537,0.5947205947205947,0.8694008694008692,-0.1356812567302211,-0.17704081632653054,-0.368,0.1285140562248996,0.4634146341463415,0.04918032786885246,0.06557377049180328,0.3442622950819672,-0.04918032786885246,0.5081967213114754,-0.5387755102040817,0.6935483870967742
2,1,0,0,-0.21572205234871747,0.33201581027667987,0.081594959585302,1,0,6,5,4,3,2,1,0,6,1,1,0,0,1,1,1,1,1,0,0,0,1,1,0,0,0,0,0,1,0,0,0,0,0,0,0,0,0,0,-0.17151262871271633,-0.5794105008811972,0.11788436524045012,0.08116883116883115,0.22602397602397598,0.03286563013525471,0.5342405342405342,0.5947205947205947,0.8778108570342688,-0.12602040816326524,-0.224,-0.3534136546184739,0.13821138211382114,0.47540983606557374,0.04918032786885246,0.06557377049180328,0.36065573770491804,-0.03278688524590164,0.5061224489795918,-0.532258064516129
3,1,0,0,0.9301456622056706,0.20553359683794467,0.8515395722080967,2,1,0,6,5,4,3,2,1,0,1,1,1,0,0,1,1,1,1,1,0,0,0,1,1,0,0,0,0,0,0,0,0,0,0,0,0,0,0,0,-0.22409314262464397,-0.1634107001625389,-0.5783623121924859,0.1236263736263736,0.08116883116883115,0.23511566173682216,0.03276003276003275,0.5342405342405342,0.6016342560334452,0.8943877551020408,0.336,-0.20883534136546184,-0.34959349593495936,0.14754098360655737,0.47540983606557374,0.04918032786885246,0.08196721311475409,0.3770491803278688,-0.0326530612244898,0.5
4,1,0,0,-0.26056035422258483,0.3794466403162055,0.03801836263427865,3,2,1,0,6,5,4,3,2,1,1,1,1,1,0,0,1,1,1,1,0,0,0,0,1,1,0,0,0,0,0,0,0,0,0,0,0,0,0,0,0.9276704954461518,-0.21572205234871747,-0.1586034850036761,-0.568181818181818,0.1236263736263736,0.08848438882568577,0.23436023436023434,0.03276003276003275,0.5408247292075758,0.616326530612245,0.208,0.3534136546184739,-0.2032520325203252,-0.3442622950819672,0.14754098360655737,0.47540983606557374,0.06557377049180328,0.09836065573770492,0.37551020408163266,-0.03225806451612903
5,0,1,0,0.25757113409766025,0.932806324110672,0.6176767781114001,4,3,2,1,0,6,5,4,3,2,1,1,1,1,1,0,0,1,1,1,0,0,0,0,0,1,1,0,0,0,0,0,0,0,0,0,0,0,0,0,-0.2691621545491534,0.9301456622056706,-0.2113875291411911,-0.15109890109890106,-0.568181818181818,0.13146252054101884,0.08820008820008819,0.23436023436023434,0.03661240260974217,0.5551020408163266,0.384,0.2248995983935743,0.36585365853658536,-0.19672131147540983,-0.3442622950819672,0.14754098360655737,0.4918032786885246,0.08196721311475409,0.09795918367346938,0.3709677419354839
6,0,1,0,-0.1733747672456205,0.06324110671936758,0.16700659612667898,5,4,3,2,1,0,6,5,4,3,0,1,1,1,1,1,0,0,1,1,1,0,0,0,0,0,1,1,0,0,0,0,0,0,0,0,0,0,0,0,0.2516353165785108,-0.26056035422258483,0.9448343900615186,-0.2035464535464535,-0.15109890109890106,-0.5688282138794085,0.131040131040131,0.08820008820008819,0.23931082536264014,0.04744897959183679,0.944,0.40160642570281124,0.23577235772357724,0.3770491803278688,-0.19672131147540983,-0.3442622950819672,0.16393442622950818,0.5081967213114754,0.08163265306122448,0.0967741935483871
0,1,0,0,-0.5769194841104267,-0.7272727272727273,-0.2827651627502273,6,5,4,3,2,1,0,6,5,4,0,0,1,1,1,1,1,0,0,1,1,1,0,0,0,0,0,1,1,0,0,0,0,0,0,0,0,0,0,0,-0.18152796469594065,0.25757113409766025,-0.2566309955447754,0.9453046953046951,-0.2035464535464535,-0.1466312729111364,-0.5670005670005669,0.131040131040131,0.09235446886678911,0.25153061224489803,0.064,0.963855421686747,0.4146341463414634,0.2459016393442623,0.3770491803278688,-0.19672131147540983,-0.32786885245901637,0.18032786885245902,0.5061224489795918,0.08064516129032258
1,1,0,0,-0.3402728908872379,-0.09486166007905138,0.04743168511159681,0,6,5,4,3,2,1,0,6,5,1,0,0,1,1,1,1,1,0,0,0,1,1,0,0,0,0,0,1,1,0,0,0,0,0,0,0,0,0,0,-0.5871490720165252,-0.1733747672456205,0.2661823940077542,-0.24850149850149844,0.9453046953046951,-0.19972190620654787,-0.14616014616014614,-0.5670005670005669,0.13542788370177994,0.10357142857142863,-0.736,0.08032128514056225,0.983739837398374,0.4262295081967213,0.2459016393442623,0.3770491803278688,-0.18032786885245902,-0.3114754098360656,0.17959183673469387,0.5
2,1,0,0,0.07074487628987955,0.4268774703557312,0.2956936092859669,1,0,6,5,4,3,2,1,0,6,1,1,0,0,1,1,1,1,1,0,0,0,1,1,0,0,0,0,0,1,0,0,0,0,0,0,0,0,0,0,-0.34928484241494784,-0.5769194841104267,-0.16865758864891706,0.27097902097902093,-0.24850149850149844,0.9632157755024651,-0.19908019908019906,-0.14616014616014614,-0.5664154050801293,0.14693877551020415,-0.096,-0.7228915662650602,0.08943089430894309,1.0,0.4262295081967213,0.2459016393442623,0.39344262295081966,-0.16393442622950818,-0.31020408163265306,0.1774193548387097
3,1,0,0,0.6536428006501552,0.36363636363636365,1.0267431360029757,2,1,0,6,5,4,3,2,1,0,1,1,1,0,0,1,1,1,1,1,0,0,0,1,1,0,0,0,0,0,0,0,0,0,0,0,0,0,0,0,0.06384776689305498,-0.3402728908872379,-0.5758487862811756,-0.16108891108891105,0.27097902097902093,-0.24522816331690053,0.96012096012096,-0.19908019908019906,-0.1432824475834548,-0.5596938775510204,0.432,-0.08032128514056225,-0.7235772357723578,0.09836065573770492,1.0,0.4262295081967213,0.26229508196721313,0.4098360655737705,-0.16326530612244897,-0.3064516129032258
4,1,0,0,0.17785859743300714,0.31620553359683795,0.7807756577388746,3,2,1,0,6,5,4,3,2,1,1,1,1,1,0,0,1,1,1,1,0,0,0,0,1,1,0,0,0,0,0,0,0,0,0,0,0,0,0,0,0.6497449219116772,0.07074487628987955,-0.33706382470670304,-0.5656843156843155,-0.16108891108891105,0.28062191884717486,-0.24444024444024443,0.96012096012096,-0.1964907835560905,-0.13367346938775504,0.368,0.4497991967871486,-0.07317073170731707,-0.7213114754098361,0.09836065573770492,1.0,0.4426229508196721,0.2786885245901639,0.40816326530612246,-0.16129032258064516
5,0,1,0,0.1903136812868592,0.6007905138339921,0.5179637854674367,4,3,2,1,0,6,5,4,3,2,1,1,1,1,1,0,0,1,1,1,0,0,0,0,0,1,1,0,0,0,0,0,0,0,0,0,0,0,0,0,0.17151262871271633,0.6536428006501552,0.07766795065948631,-0.3284215784215783,-0.5656843156843155,-0.1567437744912148,0.2797202797202797,-0.24444024444024443,0.9690251472730729,-0.18724489795918361,0.32,0.3855421686746988,0.4634146341463415,-0.06557377049180328,-0.7213114754098361,0.09836065573770492,1.0163934426229508,0.45901639344262296,0.27755102040816326,0.4032258064516129
6,0,1,0,0.372157905553099,0.12648221343873517,0.7933426066184252,5,4,3,2,1,0,6,5,4,3,0,1,1,1,1,1,0,0,1,1,1,0,0,0,0,0,1,1,0,0,0,0,0,0,0,0,0,0,0,0,0.1840317986917467,0.17785859743300714,0.6658330139060821,0.08366633366633365,-0.3284215784215783,-0.5663000884843888,-0.15624015624015622,0.2797202797202797,-0.24209792867549254,0.9862244897959185,0.608,0.3373493975903614,0.3983739837398374,0.47540983606557374,-0.06557377049180328,-0.7213114754098361,0.11475409836065574,1.0327868852459017,0.45714285714285713,0.27419354838709675
0,0,0,1,0.4219782409685072,0.06324110671936758,1.2668029377587586,6,5,4,3,2,1,0,6,5,4,0,0,1,1,1,1,1,0,0,1,1,1,0,0,0,0,0,1,1,0,0,0,0,0,0,0,0,0,0,0,0.36681168038559037,0.1903136812868592,0.18574956484582655,0.668081918081918,0.08366633366633365,-0.3261281759575275,-0.5644805644805644,-0.15624015624015622,0.2849179704820422,-0.23316326530612239,0.128,0.6265060240963856,0.34959349593495936,0.4098360655737705,0.47540983606557374,-0.06557377049180328,-0.7049180327868853,0.13114754098360656,1.0285714285714285,0.45161290322580644
1,1,0,0,0.07074487628987955,0.5059288537549407,0.5539824375160073,0,6,5,4,3,2,1,0,6,5,0,0,0,1,1,1,1,1,0,0,0,1,1,0,0,0,0,0,1,1,1,0,0,0,0,0,0,0,0,0,0.41688836030171195,0.372157905553099,0.19831719440237774,0.19105894105894103,0.668081918081918,0.09101251422070536,-0.325080325080325,-0.5644805644805644,-0.15341736872109968,0.2974489795918368,0.064,0.14457831325301204,0.6422764227642277,0.36065573770491804,0.4098360655737705,0.47540983606557374,-0.04918032786885246,-0.6885245901639344,0.1306122448979592,1.0161290322580645
2,1,0,0,-0.20824900203640623,-0.03162055335968379,0.13096616110066558,1,0,6,5,4,3,2,1,0,6,1,0,0,0,1,1,1,1,1,0,0,0,1,1,0,0,0,0,0,1,0,1,0,0,0,0,0,0,0,0,0.06384776689305498,0.4219782409685072,0.3818045859280252,0.2035464535464535,0.19105894105894103,0.6825938566552902,0.09072009072009071,-0.325080325080325,-0.563881674795718,-0.1438775510204081,0.512,0.08032128514056225,0.15447154471544716,0.6557377049180327,0.36065573770491804,0.4098360655737705,0.4918032786885246,-0.03278688524590164,-0.6857142857142857,0.12903225806451613
3,1,0,0,-0.8359852282705493,-0.23715415019762845,-0.4725689750290173,2,1,0,6,5,4,3,2,1,0,1,1,0,0,0,1,1,1,1,1,0,0,0,1,1,0,0,0,0,0,0,0,1,0,0,0,0,0,0,0,-0.21658164063722574,0.07074487628987955,0.43207510415422995,0.38586413586413576,0.2035464535464535,0.19972190620654787,0.6804006804006804,0.09072009072009071,-0.3231772977766517,-0.557142857142857,-0.032,0.5301204819277109,0.08943089430894309,0.16393442622950818,0.6557377049180327,0.36065573770491804,0.4262295081967213,0.5081967213114754,-0.0326530612244898,-0.6774193548387096
4,1,0,0,0.005978440249848924,-0.15810276679841898,0.10002535388920304,3,2,1,0,6,5,4,3,2,1,1,1,1,0,0,0,1,1,1,1,0,0,0,0,1,1,0,0,0,0,0,0,0,1,0,0,0,0,0,0,-0.8475478075803573,-0.20824900203640623,0.07766795065948631,0.43581418581418574,0.38586413586413576,0.21236253318164583,0.19908019908019906,0.6804006804006804,0.09488819915120034,-0.3147959183673469,-0.24,-0.01606425702811245,0.5447154471544715,0.09836065573770492,0.16393442622950818,0.6557377049180327,0.3770491803278688,0.4426229508196721,0.5061224489795918,-0.03225806451612903
5,0,1,0,1.0372593833487982,0.6007905138339921,1.4885342762424913,4,3,2,1,0,6,5,4,3,2,1,1,1,1,0,0,0,1,1,1,0,0,0,0,0,1,1,0,0,0,0,0,0,0,1,0,0,0,0,0,-0.001251916997903039,-0.8359852282705493,-0.2038469514072604,0.08366633366633365,0.43581418581418574,0.39691568701807617,0.21168021168021164,0.19908019908019906,0.6877810857034269,0.10612244897959189,-0.16,-0.2248995983935743,-0.008130081300813009,0.5573770491803278,0.09836065573770492,0.16393442622950818,0.6721311475409836,0.39344262295081966,0.44081632653061226,0.5
6,0,1,0,0.8952714274148849,-0.09486166007905138,1.5362912926164312,5,4,3,2,1,0,6,5,4,3,0,1,1,1,1,0,0,0,1,1,1,0,0,0,0,0,1,1,0,0,0,0,0,0,0,1,0,0,0,0,1.035335357265813,0.005978440249848924,-0.8372554810574405,-0.19605394605394602,0.08366633366633365,0.447478194918468,0.3956403956403956,0.21168021168021164,0.203838601380883,0.703061224489796,0.608,-0.14457831325301204,-0.21951219512195122,0.0,0.5573770491803278,0.09836065573770492,0.18032786885245902,0.6885245901639344,0.39183673469387753,0.43548387096774194
0,1,0,0,-0.10362629766404907,0.4901185770750988,0.20891696158559456,6,5,4,3,2,1,0,6,5,4,0,0,1,1,1,1,0,0,0,1,1,1,0,0,0,0,0,1,1,0,0,0,0,0,0,0,1,0,0,0,0.8926168195048667,1.0372593833487982,0.012316276965420111,-0.8254245754245753,-0.19605394605394602,0.09101251422070536,0.446040446040446,0.3956403956403956,0.21650725280293912,0.2158163265306123,-0.096,0.6265060240963856,-0.13821138211382114,-0.21311475409836064,0.0,0.5573770491803278,0.11475409836065574,0.19672131147540983,0.6857142857142857,0.3870967741935484
1,1,0,0,0.2002777483699408,0.6007905138339921,0.4218330949191995,0,6,5,4,3,2,1,0,6,5,1,0,0,1,1,1,1,0,0,0,0,1,1,0,0,0,0,0,1,1,0,0,0,0,0,0,0,1,0,0,-0.11142061281337046,0.8952714274148849,1.052916004247859,0.01873126873126873,-0.8254245754245753,-0.1921375300214891,0.09072009072009071,0.446040446040446,0.40146956356495855,0.22857142857142862,0.496,-0.08032128514056225,0.6422764227642277,-0.13114754098360656,-0.21311475409836064,0.0,0.5737704918032787,0.13114754098360656,0.19591836734693877,0.6774193548387096
2,1,0,0,0.8155588907502318,0.5059288537549407,0.9265744467965533,1,0,6,5,4,3,2,1,0,6,1,1,0,0,1,1,1,1,0,0,0,0,1,1,0,0,0,0,0,1,0,0,0,0,0,0,0,0,1,0,0.19404713467497103,-0.10362629766404907,0.9096450273031752,1.0526973026973026,0.01873126873126873,-0.8292251295664266,-0.1915201915201915,0.09072009072009071,0.452144169253183,0.41479591836734697,0.608,0.5140562248995983,-0.07317073170731707,0.6557377049180327,-0.13114754098360656,-0.21311475409836064,0.01639344262295082,0.5901639344262295,0.1306122448979592,0.1935483870967742
3,1,0,0,0.050816742123716285,-0.18972332015810275,0.04462093275125116,2,1,0,6,5,4,3,2,1,0,1,1,1,0,0,1,1,1,1,0,0,0,0,1,1,0,0,0,0,0,0,0,0,0,0,0,0,0,0,1,0.8124941316390722,0.2002777483699408,-0.09827886313223037,0.9103396603396602,1.0526973026973026,0.025281253950195932,-0.8265608265608264,-0.1915201915201915,0.09488819915120034,0.4658163265306123,0.512,0.6265060240963856,0.5284552845528455,-0.06557377049180328,0.6557377049180327,-0.13114754098360656,-0.19672131147540983,0.03278688524590164,0.5877551020408164,0.12903225806451613
4,1,0,0,0.20276876514071124,0.6956521739130435,0.5048747102583399,3,2,1,0,6,5,4,3,2,1,1,1,1,1,0,0,1,1,1,1,0,0,0,0,1,1,0,0,0,0,0,0,0,0,0,0,0,0,0,0,0.04381709492660636,0.8155588907502318,0.2083712980476187,-0.09115884115884114,0.9103396603396602,1.0719251674883075,0.0252000252000252,-0.8265608265608264,-0.18888959270285682,0.10612244897959189,-0.192,0.5301204819277109,0.6422764227642277,0.5409836065573771,-0.06557377049180328,0.6557377049180327,-0.11475409836065574,-0.18032786885245902,0.0326530612244898,0.5806451612903226
5,0,1,0,0.17536758066223673,0.8537549407114624,0.36633347718135423,4,3,2,1,0,6,5,4,3,2,1,1,1,1,1,0,0,1,1,1,0,0,0,0,0,1,1,0,0,0,0,0,0,0,0,0,0,0,0,0,0.1965509686707771,0.050816742123716285,0.8292121981412476,0.2135364635364635,-0.09115884115884114,0.9278220199721907,1.0684810684810684,0.0252000252000252,-0.8273896243744855,-0.1795918367346938,0.704,-0.17670682730923695,0.5447154471544715,0.6557377049180327,0.5409836065573771,-0.06557377049180328,0.6721311475409836,-0.09836065573770492,-0.17959183673469387,0.03225806451612903
6,0,1,0,0.372157905553099,0.25296442687747034,0.6931685963793449,5,4,3,2,1,0,6,5,4,3,0,1,1,1,1,1,0,0,1,1,1,0,0,0,0,0,1,1,0,0,0,0,0,0,0,0,0,0,0,0,0.16900879471691024,0.20276876514071124,0.0575597433690044,0.8304195804195802,0.2135364635364635,-0.08595626343066617,0.9248409248409247,1.0684810684810684,0.029011211756508493,-0.8224489795918367,0.864,0.7228915662650602,-0.17073170731707318,0.5573770491803278,0.6557377049180327,0.5409836065573771,-0.04918032786885246,0.6885245901639344,-0.09795918367346938,-0.1774193548387097
0,1,0,0,0.008469457020619334,0.41106719367588934,0.39393641723480816,6,5,4,3,2,1,0,6,5,4,0,0,1,1,1,1,1,0,0,1,1,1,0,0,0,0,0,1,1,0,0,0,0,0,0,0,0,0,0,0,0.36681168038559037,0.17536758066223673,0.21088482395892894,0.06368631368631367,0.8304195804195802,0.2224750347617242,-0.08568008568008567,0.9248409248409247,1.0779755495027554,0.039795918367347,0.256,0.8835341365461847,0.7398373983739838,-0.16393442622950818,0.5573770491803278,0.6557377049180327,0.5573770491803278,-0.03278688524590164,0.6857142857142857,-0.0967741935483871
1,1,0,0,-0.20575798526563582,0.45849802371541504,0.12525070689711007,0,6,5,4,3,2,1,0,6,5,1,0,0,1,1,1,1,1,0,0,0,1,1,0,0,0,0,0,1,1,0,0,0,0,0,0,0,0,0,0,0.001251916997903039,0.372157905553099,0.18323603893451632,0.216033966033966,0.06368631368631367,0.8469220073315638,0.22176022176022173,-0.08568008568008567,0.9335529232913157,1.0959183673469388,0.416,0.27309236947791166,0.9024390243902439,0.7540983606557377,-0.16393442622950818,0.5573770491803278,0.6721311475409836,0.5737704918032787,-0.0326530612244898,0.6774193548387096
2,1,0,0,-0.20077595172409501,0.6324110671936759,0.16637555490991845,1,0,6,5,4,3,2,1,0,6,1,1,0,0,1,1,1,1,1,0,0,0,1,1,0,0,0,0,0,1,0,0,0,0,0,0,0,0,0,0,-0.21407780664141965,0.008469457020619334,0.3818045859280252,0.18856143856143853,0.216033966033966,0.0707875110605486,0.8442008442008441,0.22176022176022173,-0.08247292075758539,0.9505102040816327,0.464,0.43373493975903615,0.2845528455284553,0.9180327868852459,0.7540983606557377,-0.16393442622950818,0.5737704918032787,0.6885245901639344,0.5714285714285714,-0.03225806451612903
3,1,0,0,-0.15593764985022765,-0.09486166007905138,-0.016926953154667745,2,1,0,6,5,4,3,2,1,0,1,1,1,0,0,1,1,1,1,1,0,0,0,1,1,0,0,0,0,0,0,0,0,0,0,0,0,0,0,0,-0.2090701386498075,-0.20575798526563582,0.01482980287673035,0.38586413586413576,0.18856143856143853,0.2250031601567438,0.07056007056007055,0.8442008442008441,0.22664217394058403,-0.07244897959183667,0.64,0.4819277108433735,0.44715447154471544,0.29508196721311475,0.9180327868852459,0.7540983606557377,-0.14754098360655737,0.5901639344262295,0.6857142857142857,0.5645161290322581
4,1,0,0,-0.7338535406689625,-0.2845849802371542,-0.43397311406909717,3,2,1,0,6,5,4,3,2,1,1,1,1,1,0,0,1,1,1,1,0,0,0,0,1,1,0,0,0,0,0,0,0,0,0,0,0,0,0,0,-0.1640011267252981,-0.20077595172409501,-0.20133342549595015,0.021228771228771225,0.38586413586413576,0.19719378081152827,0.22428022428022426,0.07056007056007055,0.8524735541901566,0.2387755102040817,-0.096,0.6586345381526104,0.4959349593495935,0.45901639344262296,0.29508196721311475,0.9180327868852459,0.7704918032786885,-0.13114754098360656,0.5877551020408164,0.6774193548387096
5,0,1,0,0.3945770564900327,1.0434782608695652,0.7889295582990006,4,3,2,1,0,6,5,4,3,2,1,1,1,1,1,0,0,1,1,1,0,0,0,0,0,1,1,0,0,0,0,0,0,0,0,0,0,0,0,0,-0.7448906137523081,-0.15593764985022765,-0.19630637367332968,-0.19355644355644352,0.021228771228771225,0.39691568701807617,0.19656019656019655,0.22428022428022426,0.07461835687591054,0.8688775510204082,-0.288,-0.08032128514056225,0.6747967479674797,0.5081967213114754,0.45901639344262296,0.29508196721311475,0.9344262295081968,0.7868852459016393,-0.1306122448979592,0.5806451612903226
6,0,1,0,0.18284063097454795,0.31620553359683795,0.7126892203901473,5,4,3,2,1,0,6,5,4,3,0,1,1,1,1,1,0,0,1,1,1,0,0,0,0,0,1,1,0,0,0,0,0,0,0,0,0,0,0,0,0.38934618634784507,-0.7338535406689625,-0.1510629072697454,-0.18856143856143853,-0.19355644355644352,0.027809379345215525,0.3956403956403956,0.19656019656019655,0.22917590422499526,0.08571428571428577,1.056,-0.27309236947791166,-0.07317073170731707,0.6885245901639344,0.5081967213114754,0.45901639344262296,0.3114754098360656,0.9508196721311475,0.7836734693877551,-0.12903225806451613
0,1,0,0,-0.1385005324548348,0.6640316205533597,0.23324962822402096,6,5,4,3,2,1,0,6,5,4,0,0,1,1,1,1,1,0,0,1,1,1,0,0,0,0,0,1,1,0,0,0,0,0,0,0,0,0,0,0,0.17652029670432848,0.3945770564900327,-0.7342009186937207,-0.14360639360639357,-0.18856143856143853,-0.1896094046264695,0.027720027720027716,0.3956403956403956,0.20130487109647177,0.24132653061224496,0.32,1.0763052208835342,-0.2682926829268293,-0.06557377049180328,0.6885245901639344,0.5081967213114754,0.47540983606557374,0.32786885245901637,0.9469387755102041,0.7741935483870968
1,1,0,0,0.15294842972530304,0.45849802371541504,0.811238652845894,0,6,5,4,3,2,1,0,6,5,1,0,0,1,1,1,1,1,0,0,0,1,1,0,0,0,0,0,1,1,0,0,0,0,0,0,0,0,0,0,-0.14647428875465554,0.18284063097454795,0.4044263191298173,-0.7230269730269728,-0.14360639360639357,-0.1845531538364303,-0.18900018900018897,0.027720027720027716,0.40146956356495855,0.21326530612244904,0.672,0.3373493975903614,1.0975609756097562,-0.26229508196721313,-0.06557377049180328,0.6885245901639344,0.5245901639344263,0.4918032786885246,0.32653061224489793,0.9354838709677419
2,1,0,0,0.21024181545302245,0.4743083003952569,0.4229615695483287,1,0,6,5,4,3,2,1,0,6,1,1,0,0,1,1,1,1,1,0,0,0,1,1,0,0,0,0,0,1,0,0,0,0,0,0,0,0,0,0,0.14647428875465554,-0.1385005324548348,0.19077661666844703,0.40834165834165825,-0.7230269730269728,-0.13904689672607762,-0.18396018396018393,-0.18900018900018897,0.03154494204091972,0.41479591836734697,0.464,0.6907630522088354,0.34959349593495936,1.1147540983606556,-0.26229508196721313,-0.06557377049180328,0.7049180327868853,0.5409836065573771,0.4897959183673469,0.3225806451612903
3,0,0,1,-0.5794105008811972,0.5533596837944664,-0.21141859520497636,2,1,0,6,5,4,3,2,1,0,1,1,1,0,0,1,1,1,1,1,0,0,0,1,1,0,0,0,0,0,0,0,0,0,0,0,0,0,0,0,0.20406247065819533,0.15294842972530304,-0.13346822589057372,0.19605394605394602,0.40834165834165825,-0.7255719883706233,-0.1386001386001386,-0.18396018396018393,-0.1863558624184456,0.04234693877551026,0.48,0.4819277108433735,0.7073170731707317,0.36065573770491804,1.1147540983606556,-0.26229508196721313,-0.04918032786885246,0.7213114754098361,0.5387755102040817,0.4838709677419355
4,0,0,1,0.3472477378453949,0.30039525691699603,0.8068571150167398,3,2,1,0,6,5,4,3,2,1,0,1,1,1,0,0,1,1,1,1,0,0,0,0,1,1,0,0,0,0,1,0,0,0,0,0,0,0,0,0,-0.5896529060123313,0.21024181545302245,0.16061430573272417,-0.1261238761238761,0.19605394605394602,0.4196688155732525,-0.7232407232407232,-0.1386001386001386,-0.18128840184962317,-0.17704081632653054,0.56,0.4979919678714859,0.4959349593495935,0.7213114754098361,0.36065573770491804,1.1147540983606556,-0.2459016393442623,-0.03278688524590164,0.7183673469387755,0.532258064516129
5,0,1,0,1.29134309396738,0.5059288537549407,1.8399637903727637,4,3,2,1,0,6,5,4,3,2,0,0,1,1,1,0,0,1,1,1,0,0,0,0,0,1,1,0,0,0,1,1,0,0,0,0,0,0,0,0,0.3417733404275296,-0.5794105008811972,0.21842540169285965,0.16608391608391604,-0.1261238761238761,0.20477815699658705,0.4183204183204183,-0.7232407232407232,-0.1356812567302211,-0.17193877551020403,0.304,0.5783132530120482,0.5121951219512195,0.5081967213114754,0.7213114754098361,0.36065573770491804,1.1311475409836065,-0.22950819672131148,-0.0326530612244898,0.7096774193548387
6,0,1,0,0.6536428006501552,0.41106719367588934,1.4039858941087064,5,4,3,2,1,0,6,5,4,3,0,0,0,1,1,1,0,0,1,1,1,0,0,0,0,0,1,1,0,0,0,1,1,0,0,0,0,0,0,0,1.290726424838033,0.3472477378453949,-0.5783623121924859,0.22352647352647348,0.16608391608391604,-0.12135001896094047,0.2041202041202041,0.4183204183204183,-0.7235066827136253,-0.12602040816326524,0.512,0.321285140562249,0.5934959349593496,0.5245901639344263,0.5081967213114754,0.7213114754098361,0.3770491803278688,1.1475409836065573,-0.22857142857142856,-0.03225806451612903
0,1,0,0,0.12803826201759896,0.7272727272727273,0.4031408060391725,6,5,4,3,2,1,0,6,5,4,0,0,0,0,1,1,1,0,0,1,1,1,0,0,0,0,0,1,1,0,0,0,1,1,0,0,0,0,0,0,0.6497449219116772,1.29134309396738,0.35666932681492275,-0.568181818181818,0.22352647352647348,0.17444065225635194,-0.12096012096012095,0.2041202041202041,0.42427313612465956,-0.7178571428571427,0.416,0.5301204819277109,0.3333333333333333,0.6065573770491803,0.5245901639344263,0.5081967213114754,0.7377049180327869,0.39344262295081966,1.1428571428571428,-0.22580645161290322
1,1,0,0,0.46930755961314496,0.4268774703557312,0.8279346399267593,0,6,5,4,3,2,1,0,6,5,1,0,0,0,0,1,1,1,0,0,0,1,1,0,0,0,0,0,1,1,0,0,0,1,1,0,0,0,0,0,0.12143594879659478,0.6536428006501552,1.3092956472015032,0.3608891108891108,-0.568181818181818,0.23258753634180257,0.17388017388017385,-0.12096012096012095,0.20890606194970546,0.43775510204081636,0.736,0.43373493975903615,0.5447154471544715,0.3442622950819672,0.6065573770491803,0.5245901639344263,0.5245901639344263,0.7540983606557377,0.39183673469387753,1.1290322580645162
2,1,0,0,0.6561338174209257,1.075098814229249,0.9384464189263145,1,0,6,5,4,3,2,1,0,6,1,1,0,0,0,0,1,1,1,0,0,0,1,1,0,0,0,0,0,1,0,0,0,0,1,1,0,0,0,0,0.4644612062220274,0.12803826201759896,0.6658330139060821,1.3074425574425572,0.3608891108891108,-0.5688282138794085,0.2318402318402318,0.17388017388017385,-0.11794514473934253,0.22091836734693884,0.432,0.7550200803212851,0.44715447154471544,0.5573770491803278,0.3442622950819672,0.6065573770491803,0.5409836065573771,0.5409836065573771,0.7510204081632653,0.3870967741935484
3,1,0,0,0.8703612597071808,0.9644268774703557,1.2246385761315686,2,1,0,6,5,4,3,2,1,0,1,1,1,0,0,0,0,1,1,1,0,0,0,1,1,0,0,0,0,0,0,0,0,0,0,1,1,0,0,0,0.6522487559074832,0.46930755961314496,0.1354790466196218,0.668081918081918,1.3074425574425572,0.3716344330678802,-0.5670005670005669,0.2318402318402318,0.17850129853677074,-0.10816326530612239,1.088,0.4497991967871486,0.7723577235772358,0.45901639344262296,0.5573770491803278,0.3442622950819672,0.6229508196721312,0.5573770491803278,0.5387755102040817,0.7419354838709677
4,1,0,0,0.8927804106441145,0.8063241106719368,0.8329748218295864,3,2,1,0,6,5,4,3,2,1,1,1,1,1,0,0,0,0,1,1,0,0,0,0,1,1,0,0,0,0,0,0,0,0,0,0,1,1,0,0,0.867578479546806,0.6561338174209257,0.47983209646912445,0.14110889110889108,0.668081918081918,1.329793957780306,0.3704403704403704,-0.5670005670005669,0.23677709507822892,0.19030612244897965,0.976,1.108433734939759,0.4634146341463415,0.7868852459016393,0.45901639344262296,0.5573770491803278,0.36065573770491804,0.639344262295082,0.5551020408163265,0.532258064516129
5,0,1,0,-0.1758657840163909,0.30039525691699603,0.036261341022447234,4,3,2,1,0,6,5,4,3,2,1,1,1,1,1,0,0,0,0,1,0,0,0,0,0,1,1,0,0,0,0,0,0,0,0,0,0,1,1,0,0.8901129855090606,0.8703612597071808,0.6683465398173923,0.48326673326673314,0.14110889110889108,0.6825938566552902,1.3255213255213254,0.3704403704403704,-0.5664154050801293,0.24897959183673476,0.816,0.9959839357429718,1.1300813008130082,0.47540983606557374,0.7868852459016393,0.45901639344262296,0.5737704918032787,0.3770491803278688,0.636734693877551,0.5483870967741935
6,0,1,0,0.7657385553348236,0.6007905138339921,1.5050865123004609,5,4,3,2,1,0,6,5,4,3,0,1,1,1,1,1,0,0,0,0,1,0,0,0,0,0,1,1,0,0,0,0,0,0,0,0,0,0,1,1,-0.1840317986917467,0.8927804106441145,0.8845097681900729,0.6705794205794204,0.48326673326673314,0.14915939830615602,0.6804006804006804,1.3255213255213254,0.37613226072084627,-0.5596938775510204,0.304,0.8353413654618473,1.016260162601626,1.1475409836065573,0.47540983606557374,0.7868852459016393,0.47540983606557374,0.5901639344262295,0.37551020408163266,0.6290322580645161
0,1,0,0,0.7358463540855787,0.4268774703557312,1.1897938769131242,6,5,4,3,2,1,0,6,5,4,0,0,1,1,1,1,1,0,0,0,1,1,0,0,0,0,0,1,1,0,0,0,0,0,0,0,0,0,0,1,0.7624174517229507,-0.1758657840163909,0.9071315013918649,0.8853646353646352,0.6705794205794204,0.4955125774238403,0.14868014868014867,0.6804006804006804,1.3364160385127006,0.38928571428571435,0.608,0.321285140562249,0.8536585365853658,1.0327868852459017,1.1475409836065573,0.47540983606557374,0.8032786885245902,0.4918032786885246,0.5877551020408164,0.3709677419354839
1,1,0,0,-0.32283577349184506,1.0118577075098814,0.0592187701422391,0,6,5,4,3,2,1,0,6,5,1,0,0,1,1,1,1,1,0,0,0,1,1,0,0,0,0,0,1,1,0,0,0,0,0,0,0,0,0,0,0.7323714437732778,0.7657385553348236,-0.1711711145602273,0.9078421578421576,0.8853646353646352,0.6851219820503097,0.49392049392049386,0.14868014868014867,0.6877810857034269,1.356122448979592,0.432,0.6265060240963856,0.3333333333333333,0.8688524590163934,1.0327868852459017,1.1475409836065573,0.4918032786885246,0.819672131147541,0.4897959183673469,0.5806451612903226
2,1,0,0,0.7483014379394308,0.8537549407114624,1.0326172234926418,1,0,6,5,4,3,2,1,0,6,1,1,0,0,1,1,1,1,1,0,0,0,1,1,0,0,0,0,0,1,0,0,0,0,0,0,0,0,0,0,-0.3317580044443053,0.7358463540855787,0.7789416799150428,-0.16358641358641354,0.9078421578421576,0.9025407660219948,0.6829206829206829,0.49392049392049386,0.1531639956926585,0.703061224489796,1.024,0.4497991967871486,0.6422764227642277,0.3442622950819672,0.8688524590163934,1.0327868852459017,1.1639344262295082,0.5081967213114754,0.8163265306122449,0.4838709677419355
3,0,0,1,0.10811012785143569,0.07905138339920949,0.3112419161354537,2,1,0,6,5,4,3,2,1,0,1,1,1,0,0,1,1,1,1,1,0,0,0,1,1,0,0,0,0,0,0,0,0,0,0,0,0,0,0,0,0.7448906137523081,-0.32283577349184506,0.74877936897932,0.7804695304695303,-0.16358641358641354,0.9252938945771711,0.8996408996408995,0.6829206829206829,0.5002850446569963,0.164795918367347,0.864,1.0441767068273093,0.4634146341463415,0.6557377049180327,0.3442622950819672,0.8688524590163934,1.0491803278688525,1.180327868852459,0.5061224489795918,0.8064516129032258
4,1,0,0,0.18782266451608878,0.18972332015810275,0.23593001528425062,3,2,1,0,6,5,4,3,2,1,0,1,1,1,0,0,1,1,1,1,0,0,0,0,1,1,0,0,0,0,1,0,0,0,0,0,0,0,0,0,0.10140527683014615,0.7483014379394308,-0.31946914332753135,0.7504995004995003,0.7804695304695303,-0.15927189988623439,0.9223209223209222,0.8996408996408995,0.6903148159878382,0.5142857142857143,0.08,0.8835341365461847,1.065040650406504,0.47540983606557374,0.6557377049180327,0.3442622950819672,0.8852459016393442,1.0655737704918034,1.1755102040816328,0.5
5,0,1,0,-0.32034475672107465,-0.2845849802371542,-0.1379288154745274,4,3,2,1,0,6,5,4,3,2,1,0,1,1,1,0,0,1,1,1,0,0,0,0,0,1,1,0,0,0,0,1,0,0,0,0,0,0,0,0,0.18152796469594065,0.10811012785143569,0.7613469985358712,-0.3109390609390609,0.7504995004995003,0.7963594994311719,-0.15876015876015875,0.9223209223209222,0.9082156204472035,0.7056122448979593,0.192,0.0963855421686747,0.9024390243902439,1.0819672131147542,0.47540983606557374,0.6557377049180327,0.36065573770491804,0.9016393442622951,1.0612244897959184,1.1612903225806452
6,0,1,0,1.0073671820995533,-0.1422924901185771,1.50979545992034,5,4,3,2,1,0,6,5,4,3,0,1,0,1,1,1,0,0,1,1,1,0,0,0,0,0,1,1,0,0,0,0,1,0,0,0,0,0,0,0,-0.32925417044849925,0.18782266451608878,0.11537083932913988,0.7629870129870128,-0.3109390609390609,0.7660219946909368,0.7938007938007937,-0.15876015876015875,0.9310191930069045,0.925,-0.288,0.20883534136546184,0.10569105691056911,0.9180327868852459,1.0819672131147542,0.47540983606557374,0.6721311475409836,0.3770491803278688,0.8979591836734694,1.0483870967741935
0,1,0,0,0.3871040061777215,0.3952569169960474,0.4887741799883361,6,5,4,3,2,1,0,6,5,4,0,0,1,0,1,1,1,0,0,1,1,1,0,0,0,0,0,1,1,0,0,0,0,1,0,0,0,0,0,0,1.0052893493161403,-0.32034475672107465,0.1958036684910675,0.12112887112887111,0.7629870129870128,-0.3084312981923904,0.7635607635607635,0.7938007938007937,-0.1559510990055109,0.9479591836734694,-0.144,-0.27309236947791166,0.21951219512195122,0.11475409836065574,0.9180327868852459,1.0819672131147542,0.4918032786885246,0.6885245901639344,0.37551020408163266,0.8870967741935484
1,1,0,0,0.5141458614870124,0.9486166007905138,0.9466845414564772,0,6,5,4,3,2,1,0,6,5,1,0,0,1,0,1,1,1,0,0,0,1,1,0,0,0,0,0,1,1,0,0,0,0,1,0,0,0,0,0,0.38183468436042683,1.0073671820995533,-0.31695561741622114,0.201048951048951,0.12112887112887111,0.7786626216660347,-0.3074403074403074,0.7635607635607635,0.801798948501932,-0.14642857142857138,0.4,-0.1285140562248996,-0.2682926829268293,0.22950819672131148,0.11475409836065574,0.9180327868852459,1.098360655737705,0.5081967213114754,0.6857142857142857,0.3709677419354839
2,1,0,0,-0.05131494547787048,0.3794466403162055,0.14596490504596438,1,0,6,5,4,3,2,1,0,6,1,1,0,0,1,0,1,1,1,0,0,0,1,1,0,0,0,0,0,1,0,0,0,0,0,1,0,0,0,0,0.5095302181465369,0.3871040061777215,1.022753693312136,-0.30844155844155835,0.201048951048951,0.12893439514599925,0.7761607761607761,-0.3074403074403074,0.7713941850889974,0.817857142857143,0.96,0.41767068273092367,-0.12195121951219512,-0.26229508196721313,0.22950819672131148,0.11475409836065574,0.9344262295081968,1.1147540983606556,0.5061224489795918,0.6774193548387096
3,1,0,0,0.15045741295453263,0.31620553359683795,0.2736676103046952,2,1,0,6,5,4,3,2,1,0,1,1,1,0,0,1,0,1,1,1,0,0,0,1,1,0,0,0,0,0,0,0,0,0,0,0,1,0,0,0,-0.05884009890144283,0.5141458614870124,0.3968857413958866,1.0227272727272725,-0.30844155844155835,0.20983440778662624,0.1285201285201285,0.7761607761607761,-0.3054411857857732,0.7872448979591837,0.384,0.9799196787148594,0.43089430894308944,-0.11475409836065574,-0.26229508196721313,0.22950819672131148,0.13114754098360656,0.9508196721311475,1.110204081632653,0.5
4,1,0,0,0.3621938384700174,0.5375494071146245,0.8140959642419954,3,2,1,0,6,5,4,3,2,1,1,1,1,1,0,0,1,0,1,1,0,0,0,0,1,1,0,0,0,0,0,0,0,0,0,0,0,1,0,0,0.14397045475884948,-0.05131494547787048,0.5250755628727087,0.40084915084915074,1.0227272727272725,-0.3059031727973708,0.20916020916020914,0.1285201285201285,0.7840628365110535,-0.29693877551020403,0.32,0.40160642570281124,1.0,0.4426229508196721,-0.11475409836065574,-0.26229508196721313,0.2459016393442623,0.14754098360655737,0.9469387755102041,1.096774193548387
5,0,1,0,-0.20326696849486542,0.7114624505928854,0.06298157164265392,4,3,2,1,0,6,5,4,3,2,1,1,1,1,1,0,0,1,0,1,0,0,0,0,0,1,1,0,0,0,0,0,0,0,0,0,0,0,1,0,0.3567963444023661,0.15045741295453263,-0.04549481899471537,0.5282217782217781,0.40084915084915074,1.0415876627480725,-0.30492030492030486,0.20916020916020914,0.1328941534173687,0.8,0.544,0.3373493975903614,0.4146341463414634,1.0163934426229508,0.4426229508196721,-0.11475409836065574,-0.2459016393442623,0.26229508196721313,0.1469387755102041,0.9354838709677419
6,0,1,0,-0.018931727457855166,0.2845849802371542,0.43270970137741166,5,4,3,2,1,0,6,5,4,3,0,1,1,1,1,1,0,0,1,0,1,0,0,0,0,0,1,1,0,0,0,0,0,0,0,0,0,0,0,1,-0.21157397264561356,0.3621938384700174,0.15810077982141393,-0.038711288711288705,0.5282217782217781,0.4120844393881937,1.038241038241038,-0.30492030492030486,0.2139735225185279,0.14438775510204088,0.72,0.5622489959839357,0.34959349593495936,0.4262295081967213,1.0163934426229508,0.4426229508196721,-0.09836065573770492,-0.22950819672131148,0.2612244897959184,0.14516129032258066
0,1,0,0,0.3024094359715276,0.7272727272727273,0.6581397395462597,6,5,4,3,2,1,0,6,5,4,0,0,1,1,1,1,1,0,0,1,1,1,0,0,0,0,0,1,1,0,0,0,0,0,0,0,0,0,0,0,-0.026290256955963816,-0.20326696849486542,0.3717504822827842,0.16358641358641354,-0.038711288711288705,0.541018834534193,0.4107604107604107,1.038241038241038,-0.30290745550136194,0.22602040816326535,0.288,0.7389558232931727,0.5772357723577236,0.36065573770491804,0.4262295081967213,1.0163934426229508,0.45901639344262296,-0.08196721311475409,-0.22857142857142856,0.25806451612903225
1,1,0,0,0.9675109137672268,1.3754940711462451,1.6031765899837962,0,6,5,4,3,2,1,0,6,5,1,0,0,1,1,1,1,1,0,0,0,1,1,0,0,0,0,0,1,1,0,0,0,0,0,0,0,0,0,0,0.2967043285030202,-0.018931727457855166,-0.19881989958463991,0.3758741258741258,0.16358641358641354,-0.03286563013525471,0.5392805392805392,0.4107604107604107,1.047570786089821,-0.29438775510204074,0.736,0.30522088353413657,0.7560975609756098,0.5901639344262295,0.36065573770491804,0.4262295081967213,1.0327868852459017,0.47540983606557374,-0.08163265306122448,-0.22580645161290322
2,1,0,0,1.3262173287581656,0.8537549407114624,1.7664583801088825,1,0,6,5,4,3,2,1,0,6,1,1,0,0,1,1,1,1,1,0,0,0,1,1,0,0,0,0,0,1,0,0,0,0,0,0,0,0,0,0,0.9652280053832429,0.3024094359715276,-0.012818982147682272,-0.19105894105894103,0.3758741258741258,0.17191252686133235,-0.03276003276003275,0.5392805392805392,0.41667194527142587,1.0653061224489797,1.392,0.7550200803212851,0.3170731707317073,0.7704918032786885,0.5901639344262295,0.36065573770491804,0.4426229508196721,1.0491803278688525,0.47346938775510206,-0.08064516129032258
3,1,0,0,0.49172671055007866,0.20553359683794467,0.45590275247458156,2,1,0,6,5,4,3,2,1,0,1,1,1,0,0,1,1,1,1,1,0,0,0,1,1,0,0,0,0,0,0,0,0,0,0,0,0,0,0,0,1.3257801007793182,0.9675109137672268,0.31142586041133846,-0.006243756243756242,-0.19105894105894103,0.38680318543799774,0.17136017136017134,-0.03276003276003275,0.5458921897763983,0.4301020408163266,0.864,1.4136546184738956,0.7723577235772358,0.32786885245901637,0.7704918032786885,0.5901639344262295,0.3770491803278688,0.45901639344262296,1.0448979591836736,0.46774193548387094
4,1,0,0,0.3522297713869358,0.3952569169960474,0.4550363387038488,3,2,1,0,6,5,4,3,2,1,1,1,1,1,0,0,1,1,1,1,0,0,0,0,1,1,0,0,0,0,0,0,0,0,0,0,0,0,0,0,0.4869957121842821,1.3262173287581656,0.9825372787311721,0.31593406593406587,-0.006243756243756242,-0.1870812792314499,0.3855603855603855,0.17136017136017134,-0.029264584784949674,0.5602040816326531,0.208,0.8835341365461847,1.4390243902439024,0.7868852459016393,0.32786885245901637,0.7704918032786885,0.6065573770491803,0.39344262295081966,0.45714285714285713,1.032258064516129
5,0,1,0,0.5863853478393541,0.9486166007905138,0.5689944840429505,4,3,2,1,0,6,5,4,3,2,1,1,1,1,1,0,0,1,1,1,0,0,0,0,0,1,1,0,0,0,0,0,0,0,0,0,0,0,0,0,0.3467810084191418,0.49172671055007866,1.3444850099598464,0.9827672327672325,0.31593406593406587,0.0,-0.18648018648018647,0.3855603855603855,0.17596756825235954,-0.018877551020408105,0.4,0.2248995983935743,0.9024390243902439,1.459016393442623,0.7868852459016393,0.32786885245901637,0.7868852459016393,0.6229508196721312,0.39183673469387753,0.45161290322580644
6,0,1,0,-0.145973582767146,-0.18972332015810275,0.1817270666922021,5,4,3,2,1,0,6,5,4,3,0,1,1,1,1,1,0,0,1,1,1,0,0,0,0,0,1,1,0,0,0,0,0,0,0,0,0,0,0,0,0.5821414040249131,0.3522297713869358,0.5024538296709166,1.342407592407592,0.9827672327672325,0.3261281759575275,0.0,-0.18648018648018647,0.39133464242731364,0.18775510204081639,0.96,0.41767068273092367,0.23577235772357724,0.9180327868852459,1.459016393442623,0.7868852459016393,0.3442622950819672,0.8032786885245902,0.6204081632653061,0.3870967741935484
0,1,0,0,0.21273283222379286,1.1067193675889329,0.4243888534176473,6,5,4,3,2,1,0,6,5,4,0,0,1,1,1,1,1,0,0,1,1,1,0,0,0,0,0,1,1,0,0,0,0,0,0,0,0,0,0,0,-0.15398579074207377,0.5863853478393541,0.3616963786375432,0.5057442557442556,1.342407592407592,1.001137656427759,0.325080325080325,0.0,-0.1838221321340344,0.40459183673469395,-0.192,0.9799196787148594,0.43089430894308944,0.2459016393442623,0.9180327868852459,1.459016393442623,0.8032786885245902,0.36065573770491804,0.8,0.6129032258064516
1,1,0,0,0.7383373708563491,1.1699604743083003,1.04021715466841,0,6,5,4,3,2,1,0,6,5,1,0,0,1,1,1,1,1,0,0,0,1,1,0,0,0,0,0,1,1,0,0,0,0,0,0,0,0,0,0,0.20656630465400141,-0.145973582767146,0.5979678143007057,0.3658841158841158,0.5057442557442556,1.3651877133105803,0.9979209979209978,0.325080325080325,0.003673908912396247,-0.1744897959183673,1.12,-0.17670682730923695,1.0,0.4426229508196721,0.2459016393442623,0.9180327868852459,1.4754098360655739,0.819672131147541,0.35918367346938773,0.7903225806451613
2,1,0,0,1.7197979785398902,0.932806324110672,1.8600876033200084,1,0,6,5,4,3,2,1,0,6,1,1,0,0,1,1,1,1,1,0,0,0,1,1,0,0,0,0,0,1,0,0,0,0,0,0,0,0,0,0,0.7348752777690838,0.21273283222379286,-0.14100880362450444,0.6006493506493505,0.3658841158841158,0.5182657059790167,1.3608013608013607,0.9979209979209978,0.3305251156014442,0.014285714285714344,1.184,1.140562248995984,-0.17073170731707318,1.0163934426229508,0.4426229508196721,0.2459016393442623,0.9344262295081968,1.4918032786885247,0.8163265306122449,0.3548387096774194
3,1,0,0,1.1319180206380737,1.0276679841897234,1.1525475628610378,2,1,0,6,5,4,3,2,1,0,1,1,1,0,0,1,1,1,1,1,0,0,0,1,1,0,0,0,0,0,0,0,0,0,0,0,0,0,0,0,1.7213858721166784,0.7383373708563491,0.2209389276041699,-0.1336163836163836,0.6006493506493505,0.3766906838579194,0.5166005166005165,1.3608013608013607,1.0070311015392412,0.3433673469387756,0.944,1.2048192771084338,1.1626016260162602,-0.16393442622950818,1.0163934426229508,0.4426229508196721,0.26229508196721313,0.9508196721311475,1.4857142857142858,0.8064516129032258
4,1,0,0,0.7283733037732675,0.8695652173913043,1.0928341861050295,3,2,1,0,6,5,4,3,2,1,1,1,1,1,0,0,1,1,1,1,0,0,0,0,1,1,0,0,0,0,0,0,0,0,0,0,0,0,0,0,1.130481049106444,1.7197979785398902,0.7512928948906302,0.22602397602397598,-0.1336163836163836,0.6143344709897611,0.37548037548037544,0.5166005166005165,1.3718882624944577,1.0244897959183674,1.04,0.963855421686747,1.2276422764227641,1.180327868852459,-0.16393442622950818,1.0163934426229508,0.45901639344262296,0.2786885245901639,0.9469387755102041,1.467741935483871
5,0,1,0,0.3696668887823286,1.0592885375494072,0.6257630017874097,4,3,2,1,0,6,5,4,3,2,1,1,1,1,1,0,0,1,1,1,0,0,0,0,0,1,1,0,0,0,0,0,0,0,0,0,0,0,0,0,0.7248599417858596,1.1319180206380737,1.7416221039468642,0.7529970029970028,0.22602397602397598,-0.12893439514599925,0.6123606123606123,0.37548037548037544,0.5230886172166973,1.3918367346938776,0.88,1.0602409638554218,0.983739837398374,1.2459016393442623,1.180327868852459,-0.16393442622950818,1.0327868852459017,0.47540983606557374,0.27755102040816326,0.9354838709677419
6,0,1,0,0.7408283876271196,0.22134387351778656,1.0583756774599518,5,4,3,2,1,0,6,5,4,3,0,1,1,1,1,1,0,0,1,1,1,0,0,0,0,0,1,1,0,0,0,0,0,0,0,0,0,0,0,0,0.3643078463897843,0.7283733037732675,1.148429988877648,1.7370129870129867,0.7529970029970028,0.23511566173682216,-0.1285201285201285,0.6123606123606123,0.3811997212896687,0.5372448979591837,1.072,0.8995983935742972,1.08130081300813,1.0,1.2459016393442623,1.180327868852459,-0.14754098360655737,1.0491803278688525,0.47346938775510206,0.27419354838709675
0,1,0,0,-0.35272797474108997,-0.2845849802371542,-0.2615037296489727,6,5,4,3,2,1,0,6,5,4,0,0,1,1,1,1,1,0,0,1,1,1,0,0,0,0,0,1,1,0,0,0,0,0,0,0,0,0,0,0,0.7373791117648899,0.3696668887823286,0.7412387912453893,1.1476023976023972,1.7370129870129867,0.7685501200859564,0.23436023436023434,-0.1285201285201285,0.6193703680243239,0.3943877551020409,0.224,1.0923694779116466,0.9186991869918699,1.098360655737705,1.0,1.2459016393442623,1.1967213114754098,-0.13114754098360656,1.0448979591836736,0.46774193548387094
1,1,0,0,-0.2505962871395032,-0.03162055335968379,0.010311745585132969,0,6,5,4,3,2,1,0,6,5,1,0,0,1,1,1,1,1,0,0,0,1,1,0,0,0,0,0,1,1,0,0,0,0,0,0,0,0,0,0,-0.36180401239397825,0.7408283876271196,0.3792910600167149,0.7430069930069928,1.1476023976023972,1.764631525723676,0.766080766080766,0.23436023436023434,-0.12554633559257622,0.6341836734693879,-0.288,0.24096385542168675,1.113821138211382,0.9344262295081968,1.098360655737705,1.0,1.2622950819672132,1.2131147540983607,-0.1306122448979592,1.032258064516129
2,1,0,0,-0.5918655847350492,0.3952569169960474,-0.22960272546618377,1,0,6,5,4,3,2,1,0,6,1,1,0,0,1,1,1,1,1,0,0,0,1,1,0,0,0,0,0,1,0,0,0,0,0,0,0,0,0,0,-0.259146818565929,-0.35272797474108997,0.7538064208019405,0.3833666333666333,0.7430069930069928,1.167993932499052,1.7589617589617588,0.766080766080766,0.23931082536264014,-0.11581632653061219,-0.032,-0.27309236947791166,0.25203252032520324,1.1311475409836065,0.9344262295081968,1.098360655737705,1.0163934426229508,1.278688524590164,1.2081632653061225,-0.12903225806451613
3,1,0,0,0.5266009453408644,0.5691699604743083,0.8600416678427673,2,1,0,6,5,4,3,2,1,0,1,1,1,0,0,1,1,1,1,1,0,0,0,1,1,0,0,0,0,0,0,0,0,0,0,0,0,0,0,0,-0.6021720759913617,-0.2505962871395032,-0.3496314542632542,0.7554945054945054,0.3833666333666333,0.758437618505878,1.164241164241164,1.7589617589617588,0.7739279153734085,0.25153061224489803,0.4,-0.01606425702811245,-0.2682926829268293,0.26229508196721313,1.1311475409836065,0.9344262295081968,1.1147540983606556,1.0327868852459017,1.273469387755102,1.1935483870967742
4,1,0,0,-0.3577100082826308,0.3794466403162055,-0.14249983195098032,3,2,1,0,6,5,4,3,2,1,1,1,1,1,0,0,1,1,1,1,0,0,0,0,1,1,0,0,0,0,0,0,0,0,0,0,0,0,0,0,0.5220493881255672,-0.5918655847350492,-0.24657689189953444,-0.34090909090909083,0.7554945054945054,0.39438756162305655,0.7560007560007559,1.164241164241164,1.7722176474314313,0.789795918367347,0.576,0.41767068273092367,-0.008130081300813009,-0.26229508196721313,0.26229508196721313,1.1311475409836065,0.9508196721311475,1.1311475409836065,1.0285714285714285,1.2580645161290323
5,0,1,0,1.2415227585519717,1.5968379446640317,1.6149905296011333,4,3,2,1,0,6,5,4,3,2,1,1,1,1,1,0,0,1,1,1,0,0,0,0,0,1,1,0,0,0,0,0,0,0,0,0,0,0,0,0,-0.36681168038559037,0.5266009453408644,-0.5909299417490371,-0.23851148851148846,-0.34090909090909083,0.7710782454809759,0.3931203931203931,0.7560007560007559,1.174257300310382,1.7948979591836736,0.384,0.5943775100401606,0.43089430894308944,0.0,-0.26229508196721313,0.26229508196721313,1.1475409836065573,0.9672131147540983,1.126530612244898,1.0161290322580645
6,0,1,0,-0.0861891802686562,-0.12648221343873517,-0.08031242443250251,5,4,3,2,1,0,6,5,4,3,0,1,1,1,1,1,0,0,1,1,1,0,0,0,0,0,1,1,0,0,0,0,0,0,0,0,0,0,0,0,1.2406497449219116,-0.3577100082826308,0.53764319242926,-0.5806693306693306,-0.23851148851148846,-0.3387688029326255,0.7686007686007685,0.3931203931203931,0.7637929942357636,1.1928571428571428,1.616,0.40160642570281124,0.6097560975609756,0.4426229508196721,0.0,-0.26229508196721313,0.2786885245901639,1.1639344262295082,0.963265306122449,1.1129032258064515
0,0,0,1,1.5603729052105841,0.07905138339920949,1.3124642986768795,6,5,4,3,2,1,0,6,5,4,0,0,1,1,1,1,1,0,0,1,1,1,0,0,0,0,0,1,1,0,0,0,0,0,0,0,0,0,0,0,-0.09389377484272791,1.2415227585519717,-0.3546585060858747,0.5407092907092906,-0.5806693306693306,-0.23511566173682216,-0.3376803376803376,0.7686007686007685,0.3989358332805473,0.7795918367346939,-0.128,1.6385542168674698,0.4146341463414634,0.6229508196721312,0.4426229508196721,0.0,-0.2459016393442623,0.29508196721311475,1.1591836734693877,0.9516129032258065
1,1,0,0,2.242911500401676,1.2648221343873518,2.1279579485440343,0,6,5,4,3,2,1,0,6,5,0,0,0,1,1,1,1,1,0,0,0,1,1,0,0,0,0,0,1,1,1,0,0,0,0,0,0,0,0,0,1.5611404963850894,-0.0861891802686562,1.2590251289752983,-0.3459040959040958,0.5407092907092906,-0.5814688408545065,-0.23436023436023434,-0.3376803376803376,0.7764616456578198,0.41224489795918373,0.08,-0.11244979919678715,1.6666666666666667,0.4262295081967213,0.6229508196721312,0.4426229508196721,0.01639344262295082,-0.22950819672131148,0.2938775510204082,1.1451612903225807
2,1,0,0,-0.056296979019411296,0.31620553359683795,0.17900635618136257,1,0,6,5,4,3,2,1,0,6,1,0,0,0,1,1,1,1,1,0,0,0,1,1,0,0,0,0,0,1,0,1,0,0,0,0,0,0,0,0,2.2471910112359548,1.5603729052105841,-0.0806841817530587,1.2574925074925072,-0.3459040959040958,0.5536594615092909,-0.5796005796005795,-0.23436023436023434,-0.33584594919870786,0.7923469387755102,1.28,0.0963855421686747,-0.10569105691056911,1.6885245901639345,0.4262295081967213,0.6229508196721312,0.45901639344262296,0.03278688524590164,-0.22857142857142856,0.2903225806451613
3,1,0,0,0.932636678976441,0.18972332015810275,1.0703830033579458,2,1,0,6,5,4,3,2,1,0,1,1,0,0,0,1,1,1,1,1,0,0,0,1,1,0,0,0,0,0,0,0,1,0,0,0,0,0,0,0,-0.06384776689305498,2.242911500401676,1.580756445623009,-0.07367632367632367,1.2574925074925072,-0.3438250537226647,0.5518805518805519,-0.5796005796005795,-0.23196300753784765,-0.3275510204081632,0.32,1.3012048192771084,0.10569105691056911,-0.09836065573770492,1.6885245901639345,0.4262295081967213,0.639344262295082,0.47540983606557374,0.0326530612244898,-0.22580645161290322
4,1,0,0,0.048325725352945874,0.5849802371541502,0.3262353390480947,3,2,1,0,6,5,4,3,2,1,1,1,1,0,0,0,1,1,1,1,0,0,0,0,1,1,0,0,0,0,0,0,0,1,0,0,0,0,0,0,0.9301743294419579,-0.056296979019411296,2.269462545322014,1.577172827172827,-0.07367632367632367,1.2792314498799142,-0.3427203427203427,0.5518805518805519,-0.5790840565021854,-0.22295918367346934,0.192,0.3373493975903614,1.3252032520325203,0.11475409836065574,-0.09836065573770492,1.6885245901639345,0.4426229508196721,0.6557377049180327,0.47346938775510206,0.03225806451612903
5,0,1,0,0.8977624441856553,1.8181818181818181,1.714929998697594,4,3,2,1,0,6,5,4,3,2,1,1,1,1,0,0,0,1,1,1,0,0,0,0,0,1,1,0,0,0,0,0,0,0,1,0,0,0,0,0,0.04131326093080028,0.932636678976441,-0.05052187081733585,2.261488511488511,1.577172827172827,-0.06825938566552901,1.275121275121275,-0.3427203427203427,0.5585608411984545,-0.5724489795918367,0.592,0.20883534136546184,0.34959349593495936,1.3442622950819672,0.11475409836065574,-0.09836065573770492,1.7049180327868851,0.45901639344262296,0.6530612244897959,0.46774193548387094
6,0,1,0,0.48674467700853785,0.6007905138339921,1.221653227387139,5,4,3,2,1,0,6,5,4,3,0,1,1,1,1,0,0,0,1,1,1,0,0,0,0,0,1,1,0,0,0,0,0,0,0,1,0,0,0,0,0.8951206535006728,0.048325725352945874,0.9473479159728289,-0.0437062937062937,2.261488511488511,1.602831500442422,-0.06804006804006803,1.275121275121275,-0.3409134097675303,0.5729591836734694,1.84,0.6104417670682731,0.21951219512195122,0.36065573770491804,1.3442622950819672,0.11475409836065574,-0.08196721311475409,1.721311475409836,0.45714285714285713,0.6451612903225806
0,1,0,0,0.700972119294793,0.3952569169960474,0.5221575074719977,6,5,4,3,2,1,0,6,5,4,0,0,1,1,1,1,0,0,0,1,1,1,0,0,0,0,0,1,1,0,0,0,0,0,0,0,1,0,0,0,0.48198804419267,0.8977624441856553,0.05504621745769416,0.9478021978021975,-0.0437062937062937,2.2955378586777906,1.5976815976815975,-0.06804006804006803,1.285741432824476,-0.33265306122448973,0.608,1.8634538152610443,0.6260162601626016,0.22950819672131148,0.36065573770491804,1.3442622950819672,0.13114754098360656,-0.06557377049180328,1.7142857142857142,0.45161290322580644
1,1,0,0,0.09565504399758365,-0.03162055335968379,-0.033174975798654784,0,6,5,4,3,2,1,0,6,5,1,0,0,1,1,1,1,0,0,0,0,1,1,0,0,0,0,0,1,1,0,0,0,0,0,0,0,1,0,0,0.6973177678319926,0.48674467700853785,0.9121585532144855,0.06118881118881118,0.9478021978021975,-0.0379218809252939,2.288162288162288,1.5976815976815975,-0.06473680876670682,1.3051020408163265,0.4,0.6265060240963856,1.8943089430894309,0.639344262295082,0.22950819672131148,0.36065573770491804,1.360655737704918,0.14754098360655737,-0.0653061224489796,1.6935483870967742
2,1,0,0,-0.6217577859842941,-0.5849802371541502,-0.39435877420202076,1,0,6,5,4,3,2,1,0,6,1,1,0,0,1,1,1,1,0,0,0,0,1,1,0,0,0,0,0,1,0,0,0,0,0,0,0,0,1,0,0.08888610685111577,0.700972119294793,0.49742677784829614,0.9128371628371627,0.06118881118881118,0.9657439008974846,-0.037800037800037795,2.288162288162288,1.6100589092291129,-0.05459183673469382,-0.032,0.41767068273092367,0.6422764227642277,1.9180327868852458,0.639344262295082,0.22950819672131148,0.3770491803278688,1.3770491803278688,0.1469387755102041,-0.06451612903225806
3,1,0,0,-0.0836981634978858,-0.11067193675889328,-0.12997603332063906,2,1,0,6,5,4,3,2,1,0,1,1,1,0,0,1,1,1,1,0,0,0,0,1,1,0,0,0,0,0,0,0,0,0,0,0,0,0,0,1,-0.6322180839410346,0.09565504399758365,0.7135900062209767,0.5007492507492506,0.9128371628371627,0.06825938566552901,0.9626409626409625,-0.037800037800037795,2.3043010071577883,1.6316326530612246,-0.592,-0.01606425702811245,0.43089430894308944,0.6557377049180327,1.9180327868852458,0.639344262295082,0.2459016393442623,0.39344262295081966,1.3714285714285714,0.14516129032258066
4,1,0,0,0.3347926539915429,0.07905138339920949,0.5033629549955788,3,2,1,0,6,5,4,3,2,1,1,1,1,1,0,0,1,1,1,1,0,0,0,0,1,1,0,0,0,0,0,0,0,0,0,0,0,0,0,0,-0.09138994084692184,-0.6217577859842941,0.1028032097725887,0.7155344655344654,0.5007492507492506,0.9303501453672103,0.06804006804006803,0.9626409626409625,-0.03433204535377212,2.330612244897959,-0.112,-0.5783132530120482,-0.008130081300813009,0.4426229508196721,0.6557377049180327,1.9180327868852458,0.6557377049180327,0.26229508196721313,0.39183673469387753,1.3548387096774193
5,0,1,0,0.20525978191148164,0.7430830039525692,0.6153218885957841,4,3,2,1,0,6,5,4,3,2,1,1,1,1,1,0,0,1,1,1,0,0,0,0,0,1,1,0,0,0,0,0,0,0,0,0,0,0,0,0,0.32925417044849925,-0.0836981634978858,-0.62109225268476,0.10864135864135861,0.7155344655344654,0.5132094551889774,0.9273609273609272,0.06804006804006803,0.971558877557484,-0.023979591836734634,0.08,-0.0963855421686747,-0.5772357723577236,0.0,0.4426229508196721,0.6557377049180327,1.9344262295081966,0.6721311475409836,0.2612244897959184,0.3870967741935484
6,0,1,0,0.9724929473087676,0.3794466403162055,1.4774970411109218,5,4,3,2,1,0,6,5,4,3,0,1,1,1,1,1,0,0,1,1,1,0,0,0,0,0,1,1,0,0,0,0,0,0,0,0,0,0,0,0,0.19905480266658318,0.3347926539915429,-0.07817065584174847,-0.6106393606393605,0.10864135864135861,0.7306282391606624,0.5115605115605115,0.9273609273609272,0.07208462659149932,0.9887755102040817,0.752,0.0963855421686747,-0.08943089430894309,-0.5737704918032787,0.0,0.4426229508196721,0.6721311475409836,1.9508196721311475,0.6693877551020408,0.25806451612903225
0,1,0,0,0.8280139746040839,0.22134387351778656,1.1973497432871951,6,5,4,3,2,1,0,6,5,4,0,0,1,1,1,1,1,0,0,1,1,1,0,0,0,0,0,1,1,0,0,0,0,0,0,0,0,0,0,0,0.9702356733748552,0.20525978191148164,0.3441016972583716,-0.07117882117882117,-0.6106393606393605,0.11629376817090128,0.7282807282807282,0.5115605115605115,0.936086653575727,0.0831632653061225,0.384,0.7710843373493976,0.10569105691056911,-0.08196721311475409,-0.5737704918032787,0.0,0.45901639344262296,0.6885245901639344,1.9428571428571428,0.6612903225806451
1,1,0,0,0.47927162669622664,0.5849802371541502,0.8420392009621425,0,6,5,4,3,2,1,0,6,5,1,0,0,1,1,1,1,1,0,0,0,1,1,0,0,0,0,0,1,1,0,0,0,0,0,0,0,0,0,0,0.8250133016181026,0.9724929473087676,0.21339834987023917,0.34840159840159834,-0.07117882117882117,-0.6118063455947416,0.1159201159201159,0.7282807282807282,0.5180211566478748,0.953061224489796,0.224,0.40160642570281124,0.7886178861788617,0.11475409836065574,-0.08196721311475409,-0.5737704918032787,0.01639344262295082,0.47540983606557374,0.6857142857142857,1.9193548387096775
2,1,0,0,0.6835350018994002,0.5849802371541502,1.2576704660364098,1,0,6,5,4,3,2,1,0,6,1,1,0,0,1,1,1,1,1,0,0,0,1,1,0,0,0,0,0,1,0,0,0,0,0,0,0,0,0,0,0.47447654220525176,0.8280139746040839,0.9875643305537927,0.2185314685314685,0.34840159840159834,-0.06573126027050942,-0.6098406098406097,0.1159201159201159,0.7359219611072402,0.5321428571428573,0.592,0.24096385542168675,0.4146341463414634,0.8032786885245902,0.11475409836065574,-0.08196721311475409,-0.5573770491803278,0.03278688524590164,0.47346938775510206,0.6774193548387096
3,1,0,0,0.633714666483992,0.5849802371541502,1.088024970276005,2,1,0,6,5,4,3,2,1,0,1,1,1,0,0,1,1,1,1,1,0,0,0,1,1,0,0,0,0,0,0,0,0,0,0,0,0,0,0,0,0.6797909298613501,0.47927162669622664,0.8417798276977988,0.9877622377622375,0.2185314685314685,0.35899380609278225,-0.0655200655200655,-0.6098406098406097,0.12022550199531258,0.751530612244898,0.592,0.6104417670682731,0.25203252032520324,0.4262295081967213,0.8032786885245902,0.11475409836065574,-0.06557377049180328,-0.5409836065573771,0.0326530612244898,0.46774193548387094
4,1,0,0,0.0831999601437316,0.6324110671936759,0.6476632082310056,3,2,1,0,6,5,4,3,2,1,1,1,1,1,0,0,1,1,1,1,0,0,0,0,1,1,0,0,0,0,0,0,0,0,0,0,0,0,0,0,0.6297142499452285,0.6835350018994002,0.4898862001143654,0.8429070929070928,0.9877622377622375,0.22753128555176338,0.3578403578403578,-0.0655200655200655,-0.6094888199151202,0.13163265306122454,0.592,0.6104417670682731,0.6260162601626016,0.26229508196721313,0.4262295081967213,0.8032786885245902,0.13114754098360656,-0.04918032786885246,-0.5387755102040817,0.03225806451612903
5,0,1,0,1.248995808864283,3.652173913043478,1.7837271264706784,4,3,2,1,0,6,5,4,3,2,1,1,1,1,1,0,0,1,1,1,0,0,0,0,0,1,1,0,0,0,0,0,0,0,0,0,0,0,0,0,0.07636693687208537,0.633714666483992,0.6959953248418049,0.4932567432567431,0.8429070929070928,1.0061939072177981,0.22680022680022677,0.3578403578403578,-0.062203078482295594,-0.6030612244897958,0.64,0.6104417670682731,0.6260162601626016,0.639344262295082,0.26229508196721313,0.4262295081967213,0.819672131147541,0.14754098360655737,-0.04897959183673469,-0.532258064516129
6,0,1,0,0.7507924547102012,0.5375494071146245,0.8848251257166714,5,4,3,2,1,0,6,5,4,3,0,1,1,1,1,1,0,0,1,1,1,0,0,0,0,0,1,1,0,0,0,0,0,0,0,0,0,0,0,0,1.2481612469093297,0.0831999601437316,0.6457248066156002,0.6980519480519479,0.4932567432567431,0.8595626343066617,1.0029610029610028,0.22680022680022677,0.3634636092987902,-0.052040816326530556,3.696,0.6586345381526104,0.6260162601626016,0.639344262295082,0.639344262295082,0.26229508196721313,0.4426229508196721,0.8360655737704918,0.1469387755102041,-0.04838709677419355
0,0,0,1,0.29493638565921637,0.3952569169960474,0.9940755705529231,6,5,4,3,2,1,0,6,5,4,0,0,1,1,1,1,1,0,0,1,1,1,0,0,0,0,0,1,1,0,0,0,0,0,0,0,0,0,0,0,0.7473944477481143,1.248995808864283,0.0902355802160375,0.648101898101898,0.6980519480519479,0.5056250790039186,0.8568008568008567,1.0029610029610028,0.23170963450940646,0.37653061224489803,0.544,3.7269076305220885,0.6747967479674797,0.639344262295082,0.639344262295082,0.639344262295082,0.2786885245901639,0.45901639344262296,0.8326530612244898,0.14516129032258066
1,1,0,0,0.8230319410625431,1.407114624505929,1.5479929917011428,0,6,5,4,3,2,1,0,6,5,0,0,0,1,1,1,1,1,0,0,0,1,1,0,0,0,0,0,1,1,1,0,0,0,0,0,0,0,0,0,0.28919282651560196,0.7507924547102012,1.266565706709229,0.09615384615384613,0.648101898101898,0.7129313613955253,0.5040005040005039,0.8568008568008567,1.0120985621080636,0.24387755102040823,0.4,0.5622489959839357,3.7804878048780486,0.6885245901639344,0.639344262295082,0.639344262295082,0.6557377049180327,0.29508196721311475,0.45714285714285713,0.8225806451612904
2,1,0,0,0.7981217733548389,1.4229249011857708,1.3431353960455,1,0,6,5,4,3,2,1,0,6,1,0,0,0,1,1,1,1,1,0,0,0,1,1,0,0,0,0,0,1,0,1,0,0,0,0,0,0,0,0,0.8200056336264905,0.29493638565921637,0.7638605244471814,1.2649850149850146,0.09615384615384613,0.6623688534951334,0.7106407106407105,0.5040005040005039,0.8651422056122127,1.029591836734694,1.424,0.41767068273092367,0.5772357723577236,3.819672131147541,0.6885245901639344,0.639344262295082,0.6557377049180327,0.6721311475409836,0.2938775510204082,0.45161290322580644
3,1,0,0,0.372157905553099,0.9960474308300395,0.7012724459760334,2,1,0,6,5,4,3,2,1,0,1,1,0,0,0,1,1,1,1,1,0,0,0,1,1,0,0,0,0,0,0,0,1,0,0,0,0,0,0,0,0.7949672936684297,0.8230319410625431,0.3038852826774078,0.7654845154845153,1.2649850149850146,0.10365314119580332,0.6602406602406602,0.7106407106407105,0.5104199657946412,0.8816326530612245,1.44,1.4457831325301205,0.43089430894308944,0.5901639344262295,3.819672131147541,0.6885245901639344,0.6557377049180327,0.6721311475409836,0.6693877551020408,0.2903225806451613
4,1,0,0,-0.6566320207750799,0.18972332015810275,-0.2844224981408603,3,2,1,0,6,5,4,3,2,1,1,1,1,0,0,0,1,1,1,1,0,0,0,0,1,1,0,0,0,0,0,0,0,1,0,0,0,0,0,0,0.36681168038559037,0.7981217733548389,0.8367527758751783,0.30844155844155835,0.7654845154845153,1.286815826064973,0.1033201033201033,0.6602406602406602,0.7181858491163616,0.5244897959183674,1.008,1.461847389558233,1.4715447154471544,0.4426229508196721,0.5901639344262295,3.819672131147541,0.7049180327868853,0.6721311475409836,0.6693877551020408,0.6612903225806451
5,0,1,0,1.0422414168903391,1.6284584980237153,1.5894949679035726,4,3,2,1,0,6,5,4,3,2,1,1,1,1,0,0,0,1,1,1,0,0,0,0,0,1,1,0,0,0,0,0,0,0,1,0,0,0,0,0,-0.6672717598823197,0.372157905553099,0.8116175167620759,0.8379120879120877,0.30844155844155835,0.7811907470610543,1.2826812826812826,0.1033201033201033,0.6675112434281372,0.7336734693877551,0.192,1.0281124497991967,1.4878048780487805,1.4918032786885247,0.4426229508196721,0.5901639344262295,3.8360655737704916,0.7213114754098361,0.6693877551020408,0.6612903225806451
6,0,1,0,0.8155588907502318,0.7430830039525692,1.4357935307965781,5,4,3,2,1,0,6,5,4,3,0,1,1,1,1,0,0,0,1,1,1,0,0,0,0,0,1,1,0,0,0,0,0,0,0,1,0,0,0,0,1.0403430252574253,-0.6566320207750799,0.3818045859280252,0.8129370629370628,0.8379120879120877,0.31854379977246877,0.7786807786807786,1.2826812826812826,0.10755685057325647,0.6826530612244899,1.648,0.20883534136546184,1.048780487804878,1.5081967213114753,1.4918032786885247,0.4426229508196721,0.6065573770491803,3.8524590163934427,0.7183673469387755,0.6612903225806451
0,0,0,1,0.7333553373148083,0.4743083003952569,1.181146533715123,6,5,4,3,2,1,0,6,5,4,0,0,1,1,1,1,0,0,0,1,1,1,0,0,0,0,0,1,1,0,0,0,0,0,0,0,1,0,0,0,0.8124941316390722,1.0422414168903391,-0.6562816154431033,0.38586413586413576,0.8129370629370628,0.8545063835166226,0.3175203175203175,0.7786807786807786,1.2933426236777097,0.11887755102040821,0.752,1.6706827309236947,0.21951219512195122,1.0655737704918034,1.5081967213114753,1.4918032786885247,0.45901639344262296,0.6229508196721312,3.836734693877551,0.7096774193548387
1,1,0,0,0.7769979511387058,0.9644268774703557,1.4341697012834622,0,6,5,4,3,2,1,0,6,5,0,0,0,1,1,1,1,0,0,0,0,1,1,0,0,0,0,0,1,1,1,0,0,0,0,0,0,1,0,0,0.7298676097774717,0.8155588907502318,1.0579430560704792,-0.6456043956043954,0.38586413586413576,0.8292251295664266,0.8517608517608517,0.3175203175203175,0.7865965667954646,1.3127551020408164,0.48,0.7710843373493976,1.6991869918699187,0.22950819672131148,1.0655737704918034,1.5081967213114753,1.5081967213114753,0.47540983606557374,0.6204081632653061,3.7903225806451615
2,1,0,0,0.2938403382800772,1.2806324110671936,0.860879065357288,1,0,6,5,4,3,2,1,0,6,1,0,0,0,1,1,1,1,0,0,0,0,1,1,0,0,0,0,0,1,0,1,0,0,0,0,0,0,1,0,0.7737347813839941,0.7333553373148083,0.8292121981412476,1.0576923076923075,-0.6456043956043954,0.39691568701807617,0.8265608265608264,0.8517608517608517,0.3229239247482106,0.8025510204081633,0.976,0.4979919678714859,0.7886178861788617,1.721311475409836,0.22950819672131148,1.0655737704918034,1.5245901639344261,1.5245901639344261,0.47346938775510206,0.6129032258064516
3,1,0,0,0.42942638111311077,0.8537549407114624,0.8846139472330651,2,1,0,6,5,4,3,2,1,0,1,1,0,0,0,1,1,1,1,0,0,0,0,1,1,0,0,0,0,0,0,0,1,0,0,0,0,0,0,1,0.2880911395574472,0.7769979511387058,0.7462658430680097,0.8304195804195802,1.0576923076923075,-0.6472001011250159,0.3956403956403956,0.8265608265608264,0.8600747450433902,0.3357142857142858,1.296,0.9959839357429718,0.5121951219512195,0.8032786885245902,1.721311475409836,0.22950819672131148,1.0819672131147542,1.540983606557377,1.5183673469387755,0.46774193548387094
4,1,0,0,-0.14213741694015955,0.5533596837944664,0.362502084244335,3,2,1,0,6,5,4,3,2,1,1,1,1,0,0,0,1,1,1,1,0,0,0,0,1,1,0,0,0,0,0,0,0,1,0,0,0,0,0,0,0.42437482394917214,0.2938403382800772,0.790302817034165,0.7480019980019978,0.8304195804195802,1.0769814182783468,-0.645120645120645,0.3956403956403956,0.8347374421992779,0.876530612244898,0.864,1.3172690763052208,1.016260162601626,0.5245901639344263,0.8032786885245902,1.721311475409836,0.2459016393442623,1.098360655737705,1.5346938775510204,1.5
5,0,1,0,0.9160465072831102,2.0711462450592886,1.675560675756182,4,3,2,1,0,6,5,4,3,2,1,1,1,1,0,0,0,1,1,1,0,0,0,0,0,1,1,0,0,0,0,0,0,0,1,0,0,0,0,0,-0.15012988638853236,0.42942638111311077,0.30277933127643114,0.7917582417582415,0.7480019980019978,0.8469220073315638,1.0735210735210734,-0.645120645120645,0.40146956356495855,0.8510204081632654,0.56,0.8835341365461847,1.3414634146341464,1.0327868852459017,0.5245901639344263,0.8032786885245902,1.7377049180327868,0.26229508196721313,1.0938775510204082,1.5161290322580645
6,0,1,0,0.5027120945091761,1.1857707509881423,1.2771056209601463,5,4,3,2,1,0,6,5,4,3,0,1,1,1,1,0,0,0,1,1,1,0,0,0,0,0,1,1,0,0,0,0,0,0,0,1,0,0,0,0,0.9134987950298895,-0.14213741694015955,0.43959054662904756,0.30734265734265714,0.7917582417582415,0.7634938692959171,0.8442008442008441,1.0735210735210734,-0.6449610438968773,0.41479591836734697,2.096,0.5783132530120482,0.9024390243902439,1.360655737704918,1.0327868852459017,0.5245901639344263,0.819672131147541,1.7540983606557377,0.2612244897959184,1.0806451612903225
0,1,0,0,0.3229354141626758,0.9011857707509882,0.8291521587117714,6,5,4,3,2,1,0,6,5,4,0,0,1,1,1,1,0,0,0,1,1,1,0,0,0,0,0,1,1,0,0,0,0,0,0,0,1,0,0,0,0.49803762010578684,0.9160465072831102,-0.1371379737210866,0.4432817182817182,0.30734265734265714,0.8077866262166604,0.7610407610407609,0.8442008442008441,1.083043010071578,-0.6387755102040815,1.2,2.1204819277108435,0.5934959349593496,0.9180327868852459,1.360655737704918,1.0327868852459017,0.5409836065573771,0.8360655737704918,1.7469387755102042,0.25806451612903225
1,1,0,0,-0.9621303175423628,-1.8814229249011858,-0.620089035010358,0,6,5,4,3,2,1,0,6,5,1,0,0,1,1,1,1,0,0,0,0,1,1,0,0,0,0,0,1,1,0,0,0,0,0,0,0,1,0,0,0.31733592062846233,0.5027120945091761,0.9306078334035027,-0.1297702297702297,0.4432817182817182,0.31743142459866,0.805191205191205,0.7610407610407609,0.8524735541901566,1.1010204081632653,0.912,1.2208835341365463,2.154471544715447,0.6065573770491803,0.9180327868852459,1.360655737704918,1.0491803278688525,0.5573770491803278,0.8326530612244898,1.7258064516129032
