DIA_SEMANA,LABORAL,FIN_DE_SEMANA,FESTIVO,PORCENTAJE_USO,NUMERO_CONEXIONES,USAGE_KB,DIA_SEMANA_lag_1,DIA_SEMANA_lag_2,DIA_SEMANA_lag_3,DIA_SEMANA_lag_4,DIA_SEMANA_lag_5,DIA_SEMANA_lag_6,DIA_SEMANA_lag_7,DIA_SEMANA_lag_8,DIA_SEMANA_lag_9,DIA_SEMANA_lag_10,LABORAL_lag_1,LABORAL_lag_2,LABORAL_lag_3,LABORAL_lag_4,LABORAL_lag_5,LABORAL_lag_6,LABORAL_lag_7,LABORAL_lag_8,LABORAL_lag_9,LABORAL_lag_10,FIN_DE_SEMANA_lag_1,FIN_DE_SEMANA_lag_2,FIN_DE_SEMANA_lag_3,FIN_DE_SEMANA_lag_4,FIN_DE_SEMANA_lag_5,FIN_DE_SEMANA_lag_6,FIN_DE_SEMANA_lag_7,FIN_DE_SEMANA_lag_8,FIN_DE_SEMANA_lag_9,FIN_DE_SEMANA_lag_10,FESTIVO_lag_1,FESTIVO_lag_2,FESTIVO_lag_3,FESTIVO_lag_4,FESTIVO_lag_5,FESTIVO_lag_6,FESTIVO_lag_7,FESTIVO_lag_8,FESTIVO_lag_9,FESTIVO_lag_10,PORCENTAJE_USO_lag_1,PORCENTAJE_USO_lag_2,PORCENTAJE_USO_lag_3,PORCENTAJE_USO_lag_4,PORCENTAJE_USO_lag_5,PORCENTAJE_USO_lag_6,PORCENTAJE_USO_lag_7,PORCENTAJE_USO_lag_8,PORCENTAJE_USO_lag_9,PORCENTAJE_USO_lag_10,NUMERO_CONEXIONES_lag_1,NUMERO_CONEXIONES_lag_2,NUMERO_CONEXIONES_lag_3,NUMERO_CONEXIONES_lag_4,NUMERO_CONEXIONES_lag_5,NUMERO_CONEXIONES_lag_6,NUMERO_CONEXIONES_lag_7,NUMERO_CONEXIONES_lag_8,NUMERO_CONEXIONES_lag_9,NUMERO_CONEXIONES_lag_10
4,1,0,0,-1.352472830824664,0.5,-1.5374967288893868,3,2,1,0,6,5,4,3,2,1,1,1,1,1,0,0,1,1,1,1,0,0,0,0,1,1,0,0,0,0,0,0,0,0,0,0,0,0,0,0,-1.3395114695955606,-0.6799389174820427,-1.350036762626548,-0.3583507720151575,0.37237712799049805,-0.9116059379217273,-1.0818693693693693,-0.8969325153374232,0.04923146730191144,0.028359140150870626,0.875,-0.0625,-0.25,-0.25,0.1875,0.5625,0.75,0.4375,0.0625,-1.2121212121212122
5,0,1,0,-1.6693206253269015,0.8125,-1.6007871909585054,4,3,2,1,0,6,5,4,3,2,1,1,1,1,1,0,0,1,1,1,0,0,0,0,0,1,1,0,0,0,0,0,0,0,0,0,0,0,0,0,-1.3312739545792573,-1.3243594819297548,-0.6799389174820427,-1.350036762626548,-0.3709066229285676,0.38270355375618526,-0.9128378378378379,-1.0716118237590628,-0.9121433838126027,0.04923146730191144,0.5,0.875,-0.0625,-0.25,-0.25,0.1875,0.5625,0.75,0.4375,0.06060606060606061
6,0,1,0,-0.1430813041204161,0.5,-1.296007168922566,5,4,3,2,1,0,6,5,4,3,0,1,1,1,1,1,0,0,1,1,1,0,0,0,0,0,1,1,0,0,0,0,0,0,0,0,0,0,0,0,-1.643155425890967,-1.3162151462021376,-1.3243594819297548,-0.6799389174820427,-1.362592613539958,-0.35627530364372473,0.3832207207207207,-0.9041829336307864,-1.0897850377176563,-0.9121433838126027,0.8125,0.5,0.875,-0.0625,-0.25,-0.25,0.1875,0.5625,0.75,0.42424242424242425
0,0,0,1,-1.3966409019585049,-0.375,-1.5565766463463504,6,5,4,3,2,1,0,6,5,4,0,0,1,1,1,1,1,0,0,1,1,1,0,0,0,0,0,1,1,0,0,0,0,0,0,0,0,0,0,0,-0.140838624792632,-1.6245687461116451,-1.3162151462021376,-1.3243594819297548,-0.6924947683954528,-1.3422177237966708,-0.35675675675675683,0.3795872838817624,-0.9195167602518292,-1.0897850377176563,0.5,0.8125,0.5,0.875,-0.0625,-0.25,-0.25,0.1875,0.5625,0.7272727272727273
1,1,0,0,-1.4445283896088796,-0.0625,-1.553982933251962,0,6,5,4,3,2,1,0,6,5,0,0,0,1,1,1,1,1,0,0,0,1,1,0,0,0,0,0,1,1,1,0,0,0,0,0,0,0,0,0,-1.374749728276414,-0.13924551778745548,-1.6245687461116451,-1.3162151462021376,-1.3369153328431649,-0.6760008996851101,-1.3440315315315314,-0.3533742331288344,0.386024615733651,-0.9195167602518292,-0.375,0.5,0.8125,0.5,0.875,-0.0625,-0.25,-0.25,0.1875,0.5454545454545454
2,1,0,0,1.788225722089847,0.375,-0.8055620950944445,1,0,6,5,4,3,2,1,0,6,1,0,0,0,1,1,1,1,1,0,0,0,1,1,0,0,0,0,0,1,0,1,0,0,0,0,0,0,0,0,-1.4218866197585949,-1.3591991403201173,-0.13924551778745548,-1.6245687461116451,-1.3287709971155477,-1.3166891587944216,-0.6769144144144145,-1.331288343558282,-0.3593670239918326,0.386024615733651,-0.0625,-0.375,0.5,0.8125,0.5,0.875,-0.0625,-0.25,-0.25,0.18181818181818182
3,1,0,0,1.5768001394781193,0.4375,-0.47978168776754304,2,1,0,6,5,4,3,2,1,0,1,1,0,0,0,1,1,1,1,1,0,0,0,1,1,0,0,0,0,0,0,0,1,0,0,0,0,0,0,0,1.760196785080945,-1.405802839205927,-1.3591991403201173,-0.13924551778745548,-1.637124597025055,-1.308591992802519,-1.3184684684684684,-0.6704963747908532,-1.3538653508025635,-0.3593670239918326,0.375,-0.0625,-0.375,0.5,0.8125,0.5,0.875,-0.0625,-0.25,-0.24242424242424243
4,1,0,0,-0.21212297320857784,0.0,-1.1934243675772345,3,2,1,0,6,5,4,3,2,1,1,1,1,0,0,0,1,1,1,1,0,0,0,0,1,1,0,0,0,0,0,0,0,1,0,0,0,0,0,0,1.5520851209885018,1.7402861829082066,-1.405802839205927,-1.3591991403201173,-0.1518013687008655,-1.6151596941070623,-1.3103603603603604,-1.3059676519799217,-0.6818671657875333,-1.3538653508025635,0.4375,0.375,-0.0625,-0.375,0.5,0.8125,0.5,0.875,-0.0625,-0.24242424242424243
5,0,1,0,1.2971465101412212,1.25,-0.8148616090870728,4,3,2,1,0,6,5,4,3,2,1,1,1,1,0,0,0,1,1,1,0,0,0,0,0,1,1,0,0,0,0,0,0,0,1,0,0,0,0,0,-0.20879812367713513,1.5345285900118772,1.7402861829082066,-1.405802839205927,-1.3717549912335274,-0.13843904633378318,-1.6173423423423425,-1.2979364194088119,-1.3281152515455732,-0.6818671657875333,0.0,0.4375,0.375,-0.0625,-0.375,0.5,0.8125,0.5,0.875,-0.06060606060606061
6,0,1,0,0.3983262625675597,1.5,-1.228657922460918,5,4,3,2,1,0,6,5,4,3,0,1,1,1,1,0,0,0,1,1,1,0,0,0,0,0,1,1,0,0,0,0,0,0,0,1,0,0,0,0,1.276814827527029,-0.20643628754029747,1.5345285900118772,1.7402861829082066,-1.418358690119337,-1.3513270355375615,-0.13862612612612615,-1.6020078081427773,-1.3199478191821223,-1.3281152515455732,1.25,0.0,0.4375,0.375,-0.0625,-0.375,0.5,0.8125,0.5,0.8484848484848485
0,1,0,0,2.6425292032312426,-0.125,-0.8439629541291314,6,5,4,3,2,1,0,6,5,4,0,0,1,1,1,1,0,0,0,1,1,1,0,0,0,0,0,1,1,0,0,0,0,0,0,0,1,0,0,0,0.3920828327898862,1.2623720377806682,-0.20643628754029747,1.5345285900118772,1.7277303319947965,-1.39766081871345,-1.353153153153153,-0.13731176798661462,-1.6291758833872156,-1.3199478191821223,1.5,1.25,0.0,0.4375,0.375,-0.0625,-0.375,0.5,0.8125,0.48484848484848486
1,1,0,0,0.537223223106875,-0.5625,-1.1783966681505358,0,6,5,4,3,2,1,0,6,5,1,0,0,1,1,1,1,0,0,0,0,1,1,0,0,0,0,0,1,1,0,0,0,0,0,0,0,1,0,0,2.601109776328585,0.3876477574797806,1.2623720377806682,-0.20643628754029747,1.5219727390984672,1.7302069275753487,-1.3995495495495496,-1.3403234802007806,-0.13964040610288697,-1.6291758833872156,-0.125,1.5,1.25,0.0,0.4375,0.375,-0.0625,-0.375,0.5,0.7878787878787878
2,1,0,0,1.5862149125355958,0.0625,-1.0963843484961582,1,0,6,5,4,3,2,1,0,6,1,1,0,0,1,1,1,1,0,0,0,0,1,1,0,0,0,0,0,1,0,0,0,0,0,0,0,0,1,0,0.5288027000743664,2.5716871217691306,0.3876477574797806,1.2623720377806682,-0.2189921384537075,1.5256410256410255,1.7325450450450453,-1.3862799776910206,-1.3630537122114457,-0.13964040610288697,-0.5625,-0.125,1.5,1.25,0.0,0.4375,0.375,-0.0625,-0.375,0.48484848484848486
3,1,0,0,0.29999418841169284,1.0625,-1.0222732939287222,2,1,0,6,5,4,3,2,1,0,1,1,1,0,0,1,1,1,1,0,0,0,0,1,1,0,0,0,0,0,0,0,0,0,0,0,0,0,0,1,1.561352325381843,0.5228211074034274,2.5716871217691306,0.3876477574797806,1.2498161868672581,-0.20524066576698152,1.527702702702703,1.7161182375906303,-1.4097895751800806,-1.3630537122114457,0.0625,-0.5625,-0.125,1.5,1.25,0.0,0.4375,0.375,-0.0625,-0.36363636363636365
4,1,0,0,-0.02650084268030453,2.0,-1.189313052286591,3,2,1,0,6,5,4,3,2,1,1,1,1,1,0,0,1,1,1,1,0,0,0,0,1,1,0,0,0,0,0,0,0,0,0,0,0,0,0,0,0.295292031348321,1.5436909677054467,0.5228211074034274,2.5716871217691306,0.3750919065663706,1.255060728744939,-0.20551801801801803,1.5132180702732851,1.7452214848845786,-1.4097895751800806,1.0625,0.0625,-0.5625,-0.125,1.5,1.25,0.0,0.4375,0.375,-0.06060606060606061
5,0,1,0,0.9493810658452954,2.0625,-1.021129588124927,4,3,2,1,0,6,5,4,3,2,1,1,1,1,1,0,0,1,1,1,0,0,0,0,0,1,1,0,0,0,0,0,0,0,0,0,0,0,0,0,-0.026085464218294156,0.29195181268027826,1.5436909677054467,0.5228211074034274,2.5591312708557203,0.38540260908681967,1.2567567567567568,-0.20356943669827104,1.538880381146844,1.7452214848845786,2.0,1.0625,0.0625,-0.5625,-0.125,1.5,1.25,0.0,0.4375,0.36363636363636365
6,0,1,0,1.5103155692450743,0.6875,-0.8251812267702865,5,4,3,2,1,0,6,5,4,3,0,1,1,1,1,1,0,0,1,1,1,0,0,0,0,0,1,1,0,0,0,0,0,0,0,0,0,0,0,0,0.9345003146273095,-0.02579039647078786,0.29195181268027826,1.5436909677054467,0.5102652564900173,2.5567926225820963,0.38592342342342356,1.24484104852203,-0.20702172310135555,1.538880381146844,2.0625,2.0,1.0625,0.0625,-0.5625,-0.125,1.5,1.25,0.0,0.42424242424242425
0,1,0,0,0.7126169582146799,0.0,-1.0549938633482074,6,5,4,3,2,1,0,6,5,4,0,0,1,1,1,1,1,0,0,1,1,1,0,0,0,0,0,1,1,0,0,0,0,0,0,0,0,0,0,0,1.486642640581202,0.9239296419885752,-0.02579039647078786,0.29195181268027826,1.5311351167920366,0.5197930724246512,2.560247747747748,0.38226436140546577,1.2659520163348645,-0.20702172310135555,0.6875,2.0625,2.0,1.0625,0.0625,-0.5625,-0.125,1.5,1.25,0.0
1,1,0,0,1.6301505201371531,-0.25,-0.8762192431108721,0,6,5,4,3,2,1,0,6,5,1,0,0,1,1,1,1,1,0,0,0,1,1,0,0,0,0,0,1,1,0,0,0,0,0,0,0,0,0,0,0.7014472856243921,1.4698263672869178,0.9239296419885752,-0.02579039647078786,0.2793959617668682,1.5347503373819165,0.5204954954954955,2.535973229224763,0.38874709318813466,1.2659520163348645,0.0,0.6875,2.0625,2.0,1.0625,0.0625,-0.5625,-0.125,1.5,1.2121212121212122
2,1,0,0,1.246469460103446,-0.8125,-0.894831790077261,1,0,6,5,4,3,2,1,0,6,1,1,0,0,1,1,1,1,1,0,0,0,1,1,0,0,0,0,0,1,0,0,0,0,0,0,0,0,0,0,1.6045992792174357,0.6935128103614048,1.4698263672869178,0.9239296419885752,-0.03834624738419789,0.2902609086819613,1.5368243243243247,0.5155605131065253,2.578980205320175,0.38874709318813466,-0.25,0.0,0.6875,2.0625,2.0,1.0625,0.0625,-0.5625,-0.125,1.4545454545454546
3,1,0,0,8.44818969024234,0.625,-0.24318329517439968,2,1,0,6,5,4,3,2,1,0,1,1,1,0,0,1,1,1,1,1,0,0,0,1,1,0,0,0,0,0,0,0,0,0,0,0,0,0,0,0,1.2269320977060807,1.5864487302754366,0.6935128103614048,1.4698263672869178,0.9113737910751653,-0.02564102564102565,0.2906531531531532,1.522253206915784,0.5243037831092962,2.578980205320175,-0.8125,-0.25,0.0,0.6875,2.0625,2.0,1.0625,0.0625,-0.5625,-0.12121212121212122
4,1,0,0,-1.6589759981402912,1.3125,-1.6000803413735865,3,2,1,0,6,5,4,3,2,1,1,1,1,1,0,0,1,1,1,1,0,0,0,0,1,1,0,0,0,0,0,0,0,0,0,0,0,0,0,0,8.315771408958296,1.2130535603189865,1.5864487302754366,0.6935128103614048,1.4572705163735078,0.9185784975258658,-0.02567567567567569,0.2878973786949247,1.548068742555726,0.5243037831092962,0.625,-0.8125,-0.25,0.0,0.6875,2.0625,2.0,1.0625,0.0625,-0.5454545454545454
5,0,1,0,-0.6969256697855521,0.4375,-1.4797702931977315,4,3,2,1,0,6,5,4,3,2,1,1,1,1,1,0,0,1,1,1,0,0,0,0,0,1,1,0,0,0,0,0,0,0,0,0,0,0,0,0,-1.6329729420513697,8.221706917029579,1.2130535603189865,1.5864487302754366,0.6809569594479947,1.4613135402609083,0.91981981981982,-0.025432236475181273,0.29277976291758834,1.548068742555726,1.3125,0.625,-0.8125,-0.25,0.0,0.6875,2.0625,2.0,1.0625,0.06060606060606061
6,0,1,0,1.1588307084326142,1.125,-1.370738937852278,5,4,3,2,1,0,6,5,4,3,0,1,1,1,1,1,0,0,1,1,1,0,0,0,0,0,1,1,0,0,0,0,0,0,0,0,0,0,0,0,-0.686001944968823,-1.6145014422261181,8.221706917029579,1.2130535603189865,1.5738928793620266,0.6894961763382815,1.4632882882882883,0.9110987172336866,-0.025863535817594024,0.29277976291758834,0.4375,1.3125,0.625,-0.8125,-0.25,0.0,0.6875,2.0625,2.0,1.0303030303030303
0,0,0,1,4.510838612192711,0.25,-1.2985147467943117,6,5,4,3,2,1,0,6,5,4,0,0,1,1,1,1,1,0,0,1,1,1,0,0,0,0,0,1,1,0,0,0,0,0,0,0,0,0,0,0,1.1406670098964586,-0.6782421808721224,-1.6145014422261181,8.221706917029579,1.2004977094055764,1.577260458839406,0.690427927927928,1.4494143892916898,0.9265498270092452,-0.025863535817594024,1.125,0.4375,1.3125,0.625,-0.8125,-0.25,0.0,0.6875,2.0625,1.9393939393939394
1,1,0,0,1.30737490556169,0.25,-1.4982237024433627,0,6,5,4,3,2,1,0,6,5,0,0,0,1,1,1,1,1,0,0,0,1,1,0,0,0,0,0,1,1,1,0,0,0,0,0,0,0,0,0,4.440135003718322,1.1277642667269947,-0.6782421808721224,-1.6145014422261181,8.209151066116169,1.2060278902384165,1.5793918918918919,0.6838817624093697,1.4739946684816516,0.9265498270092452,0.25,1.125,0.4375,1.3125,0.625,-0.8125,-0.25,0.0,0.6875,2.0
2,1,0,0,13.779624571395358,0.8125,-1.2174448932531594,1,0,6,5,4,3,2,1,0,6,1,0,0,0,1,1,1,1,1,0,0,0,1,1,0,0,0,0,0,1,0,1,0,0,0,0,0,0,0,0,1.2868829014358447,4.389910072959673,1.1277642667269947,-0.6782421808721224,-1.627057293139528,8.17408906882591,1.2076576576576579,1.5644171779141103,0.6954795530599512,1.4739946684816516,0.25,0.25,1.125,0.4375,1.3125,0.625,-0.8125,-0.25,0.0,0.6666666666666666
3,1,0,0,2.8608124600453295,1.125,-1.4613717323898372,2,1,0,6,5,4,3,2,1,0,1,1,0,0,0,1,1,1,1,1,0,0,0,1,1,0,0,0,0,0,0,0,1,0,0,0,0,0,0,0,13.56364052399748,1.2723262258922006,4.389910072959673,1.1277642667269947,-0.6907980317855325,-1.60515069725596,8.185135135135136,1.196207473508087,1.5909477624638422,0.6954795530599512,0.8125,0.25,0.25,1.125,0.4375,1.3125,0.625,-0.8125,-0.25,0.0
4,1,0,0,24.15958621491253,1.6875,-1.117900386353168,3,2,1,0,6,5,4,3,2,1,1,1,1,0,0,0,1,1,1,1,0,0,0,0,1,1,0,0,0,0,0,0,0,1,0,0,0,0,0,0,2.8159716263371655,13.410214354391718,1.2723262258922006,4.389910072959673,1.1152084158135847,-0.6743139901034636,-1.6073198198198198,8.107529280535415,1.2164936759117464,1.5909477624638422,1.125,0.8125,0.25,0.25,1.125,0.4375,1.3125,0.625,-0.8125,-0.24242424242424243
5,0,1,0,20.352298483175446,1.4375,-1.3455380119951987,4,3,2,1,0,6,5,4,3,2,1,1,1,1,0,0,0,1,1,1,0,0,0,0,0,1,1,0,0,0,0,0,0,0,1,0,0,0,0,0,23.78090498255248,2.784118545331146,13.410214354391718,1.2723262258922006,4.377354222046264,1.1212325686009894,-0.6752252252252252,-1.5920803123257108,8.245022970903522,1.2164936759117464,1.6875,1.125,0.8125,0.25,0.25,1.125,0.4375,1.3125,0.625,-0.7878787878787878
6,0,1,0,26.35752891265182,1.9375,-1.2150311757361327,5,4,3,2,1,0,6,5,4,3,0,1,1,1,1,0,0,0,1,1,1,0,0,0,0,0,1,1,0,0,0,0,0,0,0,1,0,0,0,0,20.033293289857557,23.511905435212938,2.784118545331146,13.410214354391718,1.2597703749787905,4.364484930274403,1.1227477477477477,-0.6688232013385387,-1.6190800294935057,8.245022970903522,1.4375,1.6875,1.125,0.8125,0.25,0.25,1.125,0.4375,1.3125,0.6060606060606061
0,0,0,1,49.9830301621433,0.0625,-0.39931902960753435,6,5,4,3,2,1,0,6,5,4,0,0,1,1,1,1,0,0,0,1,1,1,0,0,0,0,0,1,1,0,0,0,0,0,0,0,1,0,0,0,25.944396773639948,19.806685142243083,23.511905435212938,2.784118545331146,13.397658503478308,1.264957264957265,4.3703828828828835,1.112102621305075,-0.680165617378481,-1.6190800294935057,1.9375,1.4375,1.6875,1.125,0.8125,0.25,0.25,1.125,0.4375,1.2727272727272727
1,1,0,0,5.382111931190792,-0.25,-1.5004516305339708,0,6,5,4,3,2,1,0,6,5,0,0,0,1,1,1,1,0,0,0,0,1,1,0,0,0,0,0,1,1,1,0,0,0,0,0,0,1,0,0,49.199588124249175,25.6509247214524,19.806685142243083,23.511905435212938,2.771562694417736,13.332546108861896,1.2666666666666668,4.328945900725042,1.1309625092167204,-0.680165617378481,0.0625,1.9375,1.4375,1.6875,1.125,0.8125,0.25,0.25,1.125,0.42424242424242425
2,1,0,0,4.55000871738246,0.5,-1.4968528777565444,1,0,6,5,4,3,2,1,0,6,1,0,0,0,1,1,1,1,0,0,0,0,1,1,0,0,0,0,0,1,0,1,0,0,0,0,0,0,1,0,5.297751844860133,48.64306317515977,25.6509247214524,19.806685142243083,23.499349584299527,2.767993702204228,13.350563063063063,1.2546569994422756,4.402359480460553,1.1309625092167204,-0.25,0.0625,1.9375,1.4375,1.6875,1.125,0.8125,0.25,0.25,1.0909090909090908
3,1,0,0,74.66159121287846,0.8125,-1.1388018899535624,2,1,0,6,5,4,3,2,1,0,1,1,0,0,0,1,1,1,1,0,0,0,0,1,1,0,0,0,0,0,0,0,1,0,0,0,0,0,0,1,4.478691150391854,5.237825914823821,48.64306317515977,25.6509247214524,19.794129291329675,23.375730994152043,2.771734234234234,13.223982152816507,1.2759344336679714,4.402359480460553,0.5,-0.25,0.0625,1.9375,1.4375,1.6875,1.125,0.8125,0.25,0.24242424242424243
4,1,0,0,-0.6025454756785028,-1.9375,-1.6015060144981417,3,2,1,0,6,5,4,3,2,1,1,1,1,0,0,0,1,1,1,1,0,0,0,0,1,1,0,0,0,0,0,0,0,1,0,0,0,0,0,0,73.49133344774326,4.428030088795882,5.237825914823821,48.64306317515977,25.63836887053899,19.69197031039136,23.407319819819822,2.745454545454545,13.448244569224661,1.2759344336679714,0.8125,0.5,-0.25,0.0625,1.9375,1.4375,1.6875,1.125,0.8125,0.24242424242424243
5,0,1,0,-1.5172894752135753,-1.5,-1.5784936185580847,4,3,2,1,0,6,5,4,3,2,1,1,1,1,0,0,0,1,1,1,0,0,0,0,0,1,1,0,0,0,0,0,0,0,1,0,0,0,0,0,-0.5931010811738459,72.66003054125896,4.428030088795882,5.237825914823821,48.63050732424636,25.502361673414303,19.71858108108108,23.185387618516454,2.7920140661335147,13.448244569224661,-1.9375,0.8125,0.5,-0.25,0.0625,1.9375,1.4375,1.6875,1.125,0.7878787878787878
6,0,1,0,-1.341779508339629,-1.5,-1.5165701186097467,5,4,3,2,1,0,6,5,4,3,0,1,1,1,1,0,0,0,1,1,1,0,0,0,0,0,1,1,0,0,0,0,0,0,0,1,0,0,0,0,-1.4935072364281217,-0.5863921723884395,72.66003054125896,4.428030088795882,5.22527006391041,48.36133603238866,25.536824324324325,19.531622978248745,23.578583177358063,2.7920140661335147,-1.5,-1.9375,0.8125,0.5,-0.25,0.0625,1.9375,1.4375,1.6875,1.0909090909090908
0,1,0,0,3.111989306677514,-1.1875,-0.018580873924878883,6,5,4,3,2,1,0,6,5,4,0,0,1,1,1,1,0,0,0,1,1,1,0,0,0,0,0,1,1,0,0,0,0,0,0,0,1,0,0,0,-1.320748240947314,-1.4766133137265989,-0.5863921723884395,72.66003054125896,4.4154742378824725,5.207489878542509,48.42668918918919,25.294701617401003,19.86285519823039,23.578583177358063,-1.5,-1.5,-1.9375,0.8125,0.5,-0.25,0.0625,1.9375,1.4375,1.6363636363636365
1,1,0,0,-1.1584820131341893,-0.5,-1.4986543785565785,0,6,5,4,3,2,1,0,6,5,1,0,0,1,1,1,1,0,0,0,0,1,1,0,0,0,0,0,1,1,0,0,0,0,0,0,0,1,0,0,3.06321148675705,-1.3058084949946267,-1.4766133137265989,-0.5863921723884395,72.64747469034556,4.40238416554206,5.214527027027026,47.96754043502509,25.723668538369918,19.86285519823039,-1.1875,-1.5,-1.5,-1.9375,0.8125,0.5,-0.25,0.0625,1.9375,1.393939393939394
2,1,0,0,-1.6473528215261224,-0.375,-1.5962170028225702,1,0,6,5,4,3,2,1,0,6,1,1,0,0,1,1,1,1,0,0,0,0,1,1,0,0,0,0,0,1,0,0,0,0,0,0,0,0,1,0,-1.1403237801041128,3.028561732933657,-1.3058084949946267,-1.4766133137265989,-0.5989480233018495,72.23920377867745,4.408333333333334,5.165086447295035,48.781010719754974,25.723668538369918,-0.5,-1.1875,-1.5,-1.5,-1.9375,0.8125,0.5,-0.25,0.0625,1.878787878787879
3,1,0,0,0.7158714476666471,0.25,-1.2127155673964662,2,1,0,6,5,4,3,2,1,0,1,1,1,0,0,1,1,1,1,0,0,0,0,1,1,0,0,0,0,0,0,0,0,0,0,0,0,0,0,1,-1.6215319489731705,-1.1274249194050108,3.028561732933657,-1.3058084949946267,-1.489169164640009,-0.582995951417004,72.33682432432433,4.366536530953709,5.252679938744257,48.781010719754974,-0.375,-0.5,-1.1875,-1.5,-1.5,-1.9375,0.8125,0.5,-0.25,0.06060606060606061
4,1,0,0,0.7049456616493286,-0.6875,-1.2309155923100172,3,2,1,0,6,5,4,3,2,1,1,1,1,1,0,0,1,1,1,1,0,0,0,0,1,1,0,0,0,0,0,0,0,0,0,0,0,0,0,0,0.7046507636862879,-1.6031898648266496,-1.1274249194050108,3.028561732933657,-1.3183643459080367,-1.468061178587494,-0.5837837837837838,71.65097601784719,4.4405876013839265,5.252679938744257,0.25,-0.375,-0.5,-1.1875,-1.5,-1.5,-1.9375,0.8125,0.5,-0.24242424242424243
5,0,1,0,1.43697332480967,-1.1875,-1.0301208693477382,4,3,2,1,0,6,5,4,3,2,1,1,1,1,1,0,0,1,1,1,0,0,0,0,0,1,1,0,0,0,0,0,0,0,0,0,0,0,0,0,0.6938962301927807,0.696680052033256,-1.6031898648266496,-1.1274249194050108,3.0160058820202473,-1.2982456140350875,-1.470045045045045,-0.5782487451199108,72.8660881402076,4.4405876013839265,-0.6875,0.25,-0.375,-0.5,-1.1875,-1.5,-1.5,-1.9375,0.8125,0.48484848484848486
6,0,1,0,-0.06892543732202017,-1.0625,-1.2703771119786864,5,4,3,2,1,0,6,5,4,3,0,1,1,1,1,1,0,0,1,1,1,0,0,0,0,0,1,1,0,0,0,0,0,0,0,0,0,0,0,0,1.4144499742577652,0.6860471692777558,0.696680052033256,-1.6031898648266496,-1.1399807703184208,3.0110211426000895,-1.3,-1.456107083100948,-0.5880551301684533,72.8660881402076,-1.1875,-0.6875,0.25,-0.375,-0.5,-1.1875,-1.5,-1.5,-1.9375,0.7878787878787878
0,1,0,0,0.1696983785668622,-1.375,-1.2414086392083286,6,5,4,3,2,1,0,6,5,4,0,0,1,1,1,1,1,0,0,1,1,1,0,0,0,0,0,1,1,0,0,0,0,0,0,0,0,0,0,0,-0.06784508895372125,1.3984503138962725,0.6860471692777558,0.696680052033256,-1.6157457157400597,-1.1208951866846601,3.0150900900900903,-1.2876742889012827,-1.4808008621178606,-0.5880551301684533,-1.0625,-1.1875,-0.6875,0.25,-0.375,-0.5,-1.1875,-1.5,-1.5,-1.878787878787879
1,1,0,0,0.08496542104957285,-1.5625,-1.2140446763700763,0,6,5,4,3,2,1,0,6,5,1,0,0,1,1,1,1,1,0,0,0,1,1,0,0,0,0,0,1,1,0,0,0,0,0,0,0,0,0,0,0.16703849894170805,-0.06707765397884742,1.3984503138962725,0.6860471692777558,0.684124201119846,-1.5939046333783171,-1.12240990990991,2.9865030674846627,-1.309511655606602,-1.4808008621178606,-1.375,-1.0625,-1.1875,-0.6875,0.25,-0.375,-0.5,-1.1875,-1.5,-1.4545454545454546
2,1,0,0,-1.31841692334515,-0.25,-1.5155322471153874,1,0,6,5,4,3,2,1,0,6,1,1,0,0,1,1,1,1,1,0,0,0,1,1,0,0,0,0,0,1,0,0,0,0,0,0,0,0,0,0,0.08363365940163607,0.1651490300322379,-0.06707765397884742,1.3984503138962725,0.6734913183643457,0.6926450742240216,-1.5960585585585585,-1.1117679866146124,3.0371504735976407,-1.309511655606602,-1.5625,-1.375,-1.0625,-1.1875,-0.6875,0.25,-0.375,-0.5,-1.1875,-1.4545454545454546
3,1,0,0,-0.605451269832045,0.0,-1.3794810835656506,2,1,0,6,5,4,3,2,1,0,1,1,1,0,0,1,1,1,1,1,0,0,0,1,1,0,0,0,0,0,0,0,0,0,0,0,0,0,0,0,-1.2977518448601337,0.0826876307901137,0.1651490300322379,-0.06707765397884742,1.3858944629828625,0.6820737741790373,0.6935810810810812,-1.5809258226436138,-1.1306221995349102,3.0371504735976407,-0.25,-1.5625,-1.375,-1.0625,-1.1875,-0.6875,0.25,-0.375,-0.5,-1.1515151515151516
4,1,0,0,-1.028069971523217,-0.375,-1.4109521128719047,3,2,1,0,6,5,4,3,2,1,1,1,1,1,0,0,1,1,1,1,0,0,0,0,1,1,0,0,0,0,0,0,0,0,0,0,0,0,0,0,-0.5959613294433956,-1.2830722244216954,0.0826876307901137,0.1651490300322379,-0.07963350489225744,1.3903508771929822,0.6829954954954955,0.687005019520357,-1.6077363734331573,-1.1306221995349102,0.0,-0.25,-1.5625,-1.375,-1.0625,-1.1875,-0.6875,0.25,-0.375,-0.48484848484848486
5,0,1,0,-0.3715929563549717,0.3125,-1.066617869582389,4,3,2,1,0,6,5,4,3,2,1,1,1,1,1,0,0,1,1,1,0,0,0,0,0,1,1,0,0,0,0,0,0,0,0,0,0,0,0,0,-1.011955837766718,-0.5892200667383066,-1.2830722244216954,0.0826876307901137,0.1525931791188279,-0.06668915879442201,1.3922297297297297,0.6765197992191857,0.6986557767568488,-1.6077363734331573,-0.375,0.0,-0.25,-1.5625,-1.375,-1.0625,-1.1875,-0.6875,0.25,-0.36363636363636365
6,0,1,0,-0.8507002963910034,0.4375,-1.1463543653272896,5,4,3,2,1,0,6,5,4,3,0,1,1,1,1,1,0,0,1,1,1,0,0,0,0,0,1,1,0,0,0,0,0,0,0,0,0,0,0,0,-0.36576854871002795,-1.000509020982976,-0.5892200667383066,-1.2830722244216954,0.07013177987670366,0.16419253261358516,-0.06677927927927936,1.3790295593976574,0.6879927400601215,0.6986557767568488,0.3125,-0.375,0.0,-0.25,-1.5625,-1.375,-1.0625,-1.1875,-0.6875,0.24242424242424243
0,1,0,0,0.24699250305108378,-0.375,-0.36525003838425,6,5,4,3,2,1,0,6,5,4,0,0,1,1,1,1,1,0,0,1,1,1,0,0,0,0,0,1,1,0,0,0,0,0,0,0,0,0,0,0,-0.8373662833933984,-0.3616311294610033,-1.000509020982976,-0.5892200667383066,-1.2956280753351055,0.08220872694556906,0.16441441441441434,-0.06614612381483555,1.402416198740854,0.6879927400601215,0.4375,0.3125,-0.375,0.0,-0.25,-1.5625,-1.375,-1.0625,-1.1875,-0.6666666666666666
1,1,0,0,-0.778171674318591,-0.9375,-1.0791206095901722,0,6,5,4,3,2,1,0,6,5,1,0,0,1,1,1,1,1,0,0,0,1,1,0,0,0,0,0,1,1,0,0,0,0,0,0,0,0,0,0,0.2431211029117327,-0.8278943498670888,-0.3616311294610033,-1.000509020982976,-0.6017759176517167,-1.2756410256410255,0.08231981981981985,0.16285554935861676,-0.0672678804378652,1.402416198740854,-0.375,0.4375,0.3125,-0.375,0.0,-0.25,-1.5625,-1.375,-1.0625,-1.1515151515151516
2,1,0,0,0.41855058987621296,0.8125,-0.2727091362240134,1,0,6,5,4,3,2,1,0,6,1,1,0,0,1,1,1,1,1,0,0,0,1,1,0,0,0,0,0,1,0,0,0,0,0,0,0,0,0,0,-0.7659744865854355,0.2403710197387025,-0.8278943498670888,-0.3616311294610033,-1.013064871896386,-0.5858074673864146,-1.277364864864865,0.08153931957612941,0.16561737848108438,-0.0672678804378652,-0.9375,-0.375,0.4375,0.3125,-0.375,0.0,-0.25,-1.5625,-1.375,-1.0303030303030303
3,1,0,0,0.7685244377288312,0.9375,-0.286889002405413,2,1,0,6,5,4,3,2,1,0,1,1,1,0,0,1,1,1,1,1,0,0,0,1,1,0,0,0,0,0,0,0,0,0,0,0,0,0,0,0,0.41199016074595257,-0.7573101068944064,0.2403710197387025,-0.8278943498670888,-0.3741869803744133,-0.9947143499775077,-0.5865990990990991,-1.2652537646402677,0.08292212580114573,0.16561737848108438,0.8125,-0.9375,-0.375,0.4375,0.3125,-0.375,0.0,-0.25,-1.5625,-1.3333333333333333
4,1,0,0,5.195792410065669,0.5,2.7806655394411446,3,2,1,0,6,5,4,3,2,1,1,1,1,1,0,0,1,1,1,1,0,0,0,0,1,1,0,0,0,0,0,0,0,0,0,0,0,0,0,0,0.7564784623305302,0.4073299021548553,-0.7573101068944064,0.2403710197387025,-0.8404502007804988,-0.35953666216824104,-0.9960585585585586,-0.581037367540435,-1.286710906925302,0.08292212580114573,0.9375,0.8125,-0.9375,-0.375,0.4375,0.3125,-0.375,0.0,-0.25,-1.5151515151515151
5,0,1,0,7.901319230545705,0.75,4.194573287845181,4,3,2,1,0,6,5,4,3,2,1,1,1,1,1,0,0,1,1,1,0,0,0,0,0,1,1,0,0,0,0,0,0,0,0,0,0,0,0,0,5.1143527258166,0.7479214976528477,0.4073299021548553,-0.7573101068944064,0.22781516882529249,-0.8230994152046782,-0.36002252252252254,-0.9866146123814835,-0.5908910441835404,-1.286710906925302,0.5,0.9375,0.8125,-0.9375,-0.375,0.4375,0.3125,-0.375,0.0,-0.24242424242424243
6,0,0,1,1.6642064276166673,0.25,0.4406805455102015,5,4,3,2,1,0,6,5,4,3,0,1,1,1,1,1,0,0,1,1,1,0,0,0,0,0,1,1,0,0,0,0,0,0,0,0,0,0,0,0,7.777472684629024,5.056501329110343,0.7479214976528477,0.4073299021548553,-0.7698659578078163,0.23897885739990998,-0.8242117117117117,-0.35660903513664244,-1.0033463785378027,-0.5908910441835404,0.75,0.5,0.9375,0.8125,-0.9375,-0.375,0.4375,0.3125,-0.375,0.0
0,1,0,0,1.1319811704538845,0.0,0.0,6,5,4,3,2,1,0,6,5,4,0,0,1,1,1,1,1,0,0,1,0,1,0,0,0,0,0,1,1,0,1,0,0,0,0,0,0,0,0,0,1.6381213889365596,7.689497200384592,5.056501329110343,0.7479214976528477,0.39477405124144527,-0.752923976608187,0.2393018018018018,-0.8163970998326826,-0.36265668424933356,-1.0033463785378027,0.25,0.75,0.5,0.9375,0.8125,-0.9375,-0.375,0.4375,0.3125,-0.36363636363636365
1,1,0,0,0.10216772243854233,-0.0625,-0.6531340378010025,0,6,5,4,3,2,1,0,6,5,1,0,0,1,1,1,1,1,0,0,0,0,1,0,0,0,0,0,1,1,0,1,0,0,0,0,0,0,0,0,1.1142383158858185,1.619591652055879,7.689497200384592,5.056501329110343,0.7353656467394376,0.404970760233918,-0.7539414414414415,0.23703290574456218,-0.8302421870568883,-0.36265668424933356,0.0,0.25,0.75,0.5,0.9375,0.8125,-0.9375,-0.375,0.4375,0.30303030303030304
2,1,0,0,0.47562038705178095,2.0625,-0.46062336022001177,1,0,6,5,4,3,2,1,0,6,1,1,0,0,1,1,1,1,1,0,0,0,0,1,0,0,0,0,0,1,0,0,1,0,0,0,0,0,0,0,0.10056632915737075,1.1016345229342228,1.619591652055879,7.689497200384592,5.0439454781969335,0.7435897435897435,0.40551801801801796,-0.7467930842163971,0.2410526912824003,-0.8302421870568883,-0.0625,0.0,0.25,0.75,0.5,0.9375,0.8125,-0.9375,-0.375,0.42424242424242425
3,1,0,0,0.2074737025629103,2.375,-0.4088236458567703,2,1,0,6,5,4,3,2,1,0,1,1,1,0,0,1,1,1,1,1,0,0,0,0,1,0,0,0,0,0,0,0,0,1,0,0,0,0,0,0,0.4681654367599105,0.09942876534132675,1.1016345229342228,1.619591652055879,7.676941349471182,5.027215474583895,0.7445945945945946,0.4016731734523144,-0.7594577732403154,0.2410526912824003,2.0625,-0.0625,0.0,0.25,0.75,0.5,0.9375,0.8125,-0.9375,-0.36363636363636365
4,1,0,0,1.7642819782646595,0.1875,0.46116334695209743,3,2,1,0,6,5,4,3,2,1,1,1,1,1,0,0,1,1,1,1,0,0,0,0,0,1,0,0,0,0,0,0,0,0,1,0,0,0,0,0,0.2042217264458554,0.4628697471862449,0.09942876534132675,1.1016345229342228,1.607035801142469,7.644961763382814,5.034009009009009,0.7375348577802565,0.4084850547331404,-0.7594577732403154,2.375,2.0625,-0.0625,0.0,0.25,0.75,0.5,0.9375,0.8125,-0.9090909090909091
5,0,1,0,0.8897541698146102,1.1875,0.11801877400222677,4,3,2,1,0,6,5,4,3,2,1,1,1,1,1,0,0,1,1,1,0,0,0,0,0,0,1,0,0,0,0,0,0,0,0,1,0,0,0,0,1.7366283393398547,0.20191165658051005,0.4628697471862449,0.09942876534132675,1.0890786720208128,1.6102114260008995,7.6552927927927925,4.98627997769102,0.7500425387102263,0.4084850547331404,0.1875,2.375,2.0625,-0.0625,0.0,0.25,0.75,0.5,0.9375,0.7878787878787878
6,0,1,0,1.6214331376765265,0.125,0.4967615280697502,5,4,3,2,1,0,6,5,4,3,0,1,1,1,1,1,0,0,1,1,1,0,0,0,0,0,0,1,0,0,0,0,0,0,0,0,1,0,0,0,0.8758080201361478,1.7169843334653017,0.20191165658051005,0.4628697471862449,0.08687291442791671,1.0952541610436344,1.6123873873873875,7.582710540992749,5.0708411320968745,0.7500425387102263,1.1875,0.1875,2.375,2.0625,-0.0625,0.0,0.25,0.75,0.5,0.9090909090909091
0,1,0,0,2.6076596733887367,0.625,-0.5483600027424219,6,5,4,3,2,1,0,6,5,4,0,0,1,1,1,1,1,0,0,1,1,1,0,0,0,0,0,0,1,0,0,0,0,0,0,0,0,1,0,0,1.5960185344087865,0.8659012499293026,1.7169843334653017,0.20191165658051005,0.45031389627283486,0.09885290148448032,1.096734234234234,1.5970998326826547,7.711303953264136,5.0708411320968745,0.125,1.1875,0.1875,2.375,2.0625,-0.0625,0.0,0.25,0.75,0.48484848484848486
1,1,0,0,-0.5409426396234089,-0.875,-1.4469404131593762,0,6,5,4,3,2,1,0,6,5,1,0,0,1,1,1,1,1,0,0,0,1,1,0,0,0,0,0,0,1,0,0,0,0,0,0,0,0,1,0,2.5667867970939877,1.5779650472258353,0.8659012499293026,1.7169843334653017,0.18935580566710003,0.4601889338731442,0.0989864864864864,1.0863357501394308,1.6241846747206625,7.711303953264136,0.625,0.125,1.1875,0.1875,2.375,2.0625,-0.0625,0.0,0.25,0.7272727272727273
2,1,0,0,7.632010228395418,-1.125,0.8336078008383699,1,0,6,5,4,3,2,1,0,6,1,1,0,0,1,1,1,1,1,0,0,0,1,1,0,0,0,0,0,0,0,0,0,0,0,0,0,0,0,1,-0.5324638178593901,2.5377523895707252,1.5779650472258353,0.8659012499293026,1.7044284825518916,0.20074224021592432,0.4608108108108107,0.09804796430563292,1.104758663717316,1.6241846747206625,-0.875,0.625,0.125,1.1875,0.1875,2.375,2.0625,-0.0625,0.0,0.24242424242424243
3,1,0,0,0.6606613587493461,1.5625,-0.09521766042443806,2,1,0,6,5,4,3,2,1,0,1,1,1,0,0,1,1,1,1,1,0,0,0,1,1,0,0,0,0,0,0,0,0,0,0,0,0,0,0,0,7.512384875007149,-0.5264408121712573,2.5377523895707252,1.5779650472258353,0.8533453990158926,1.7070400359874043,0.20101351351351346,0.45644171779141085,0.09971073677046102,1.104758663717316,-1.125,-0.875,0.625,0.125,1.1875,0.1875,2.375,2.0625,-0.0625,0.0
4,1,0,0,0.3022025919683849,1.625,-0.21921761793621164,3,2,1,0,6,5,4,3,2,1,1,1,1,1,0,0,1,1,1,1,0,0,0,0,1,1,0,0,0,0,0,0,0,0,0,0,0,0,0,0,0.6503060465648417,7.4274079520389105,-0.5264408121712573,2.5377523895707252,1.5654091963124253,0.8608861898335582,1.7093468468468471,0.19910764082543217,0.46418240598945026,0.09971073677046102,1.5625,-1.125,-0.875,0.625,0.125,1.1875,0.1875,2.375,2.0625,-0.06060606060606061
5,0,1,0,-1.1395362352530942,1.375,-1.2072314961359856,4,3,2,1,0,6,5,4,3,2,1,1,1,1,1,0,0,1,1,1,0,0,0,0,0,1,1,0,0,0,0,0,0,0,0,0,0,0,0,0,0.29746582003317884,0.6429500593857813,7.4274079520389105,-0.5264408121712573,2.5251965386573154,1.5688259109311737,0.8620495495495497,1.6931399888455105,0.2024842606772162,0.46418240598945026,1.625,1.5625,-1.125,-0.875,0.625,0.125,1.1875,0.1875,2.375,2.0
6,0,1,0,-0.6407857267391176,1.0625,-0.8193429582041385,5,4,3,2,1,0,6,5,4,3,0,1,1,1,1,1,0,0,1,1,1,0,0,0,0,0,1,1,0,0,0,0,0,0,0,0,0,0,0,0,-1.1216749613866481,0.2941010123861772,0.6429500593857813,7.4274079520389105,-0.5389966630846673,2.5230544309491676,1.570945945945946,0.8538761851645288,1.721853553400261,0.2024842606772162,1.375,1.625,1.5625,-1.125,-0.875,0.625,0.125,1.1875,0.1875,2.303030303030303
0,1,0,0,1.184517928749927,0.0625,0.6936535143074274,6,5,4,3,2,1,0,6,5,4,0,0,1,1,1,1,1,0,0,1,1,1,0,0,0,0,0,1,1,0,0,0,0,0,0,0,0,0,0,0,-0.6307419484011211,-1.1089870482438773,0.2941010123861772,0.6429500593857813,7.414852101125501,-0.5233918128654971,2.5264639639639643,1.5560513106525375,0.8683568714196587,1.721853553400261,1.0625,1.375,1.625,1.5625,-1.125,-0.875,0.625,0.125,1.1875,0.18181818181818182
1,1,0,0,0.04254082640785722,0.4375,-0.4116896698568243,0,6,5,4,3,2,1,0,6,5,1,0,0,1,1,1,1,1,0,0,0,1,1,0,0,0,0,0,1,1,0,0,0,0,0,0,0,0,0,0,1.165951604599279,-0.6236072620326903,-1.1089870482438773,0.2941010123861772,0.6303942084723713,7.38439046333783,-0.5240990990990992,2.502509760178472,1.582440020418581,0.8683568714196587,0.0625,1.0625,1.375,1.625,1.5625,-1.125,-0.875,0.625,0.125,1.1515151515151516
2,0,0,1,0.2844191317487068,1.625,-0.3868363749431479,1,0,6,5,4,3,2,1,0,6,1,1,0,0,1,1,1,1,1,0,0,0,1,1,0,0,0,0,0,1,0,0,0,0,0,0,0,0,0,0,0.04187403466620898,1.15276285277982,-0.6236072620326903,-1.1089870482438773,0.28154516147276715,0.6392262708052181,7.39436936936937,-0.5191299498047964,2.54494923713913,1.582440020418581,0.4375,0.0625,1.0625,1.375,1.625,1.5625,-1.125,-0.875,0.625,0.12121212121212122
3,1,0,0,0.7050618934154702,1.5625,0.22401028987592472,2,1,0,6,5,4,3,2,1,0,0,1,1,0,0,1,1,1,1,1,0,0,0,1,1,0,0,0,0,0,1,0,0,0,0,0,0,0,0,0,0.2799611006235341,0.041400373282054134,1.15276285277982,-0.6236072620326903,-1.1215428991572873,0.2923976608187134,0.6400900900900901,7.3242610150585605,-0.5279337530486077,2.54494923713913,1.625,0.4375,0.0625,1.0625,1.375,1.625,1.5625,-1.125,-0.875,0.6060606060606061
4,1,0,0,-0.04393560760155751,0.9375,-0.3592387268596083,3,2,1,0,6,5,4,3,2,1,1,0,1,1,0,0,1,1,1,1,0,0,0,0,1,1,0,0,0,0,0,1,0,0,0,0,0,0,0,0,0.6940106401235626,0.2767942989649906,0.041400373282054134,1.15276285277982,-0.6361631129461003,-1.1025641025641022,0.2927927927927928,0.634021193530396,7.448471442345868,-0.5279337530486077,1.5625,1.625,0.4375,0.0625,1.0625,1.375,1.625,1.5625,-1.125,-0.8484848484848485
5,0,1,0,1.1301214621956177,1.3125,0.4931392136394932,4,3,2,1,0,6,5,4,3,2,1,1,0,1,1,0,0,1,1,1,0,0,0,0,0,1,1,0,0,0,0,0,1,0,0,0,0,0,0,0,-0.04324695383559293,0.6861602850517503,0.2767942989649906,0.041400373282054134,1.1402070018664099,-0.6199955015744488,-1.104054054054054,0.29001673173452314,0.6447734104701945,7.448471442345868,0.9375,1.5625,1.625,0.4375,0.0625,1.0625,1.375,1.625,1.5625,-1.0909090909090908
6,0,1,0,1.1941651653396872,1.3125,0.3534147497878003,5,4,3,2,1,0,6,5,4,3,0,1,1,0,1,1,0,0,1,1,1,0,0,0,0,0,1,1,0,0,0,0,0,1,0,0,0,0,0,0,1.1124077569933066,-0.04275776256999039,0.6861602850517503,0.2767942989649906,0.02884452236864411,1.14608636977058,-0.6208333333333333,-1.093586168432794,0.2949350575690545,0.6447734104701945,1.3125,0.9375,1.5625,1.625,0.4375,0.0625,1.0625,1.375,1.625,1.5151515151515151
0,1,0,0,0.35601789969198566,-0.0625,0.1894507527658387,6,5,4,3,2,1,0,6,5,4,0,0,1,1,0,1,1,0,0,1,1,1,0,0,0,0,0,1,1,0,0,0,0,0,1,0,0,0,0,0,1.1754476288541844,1.0998246705503079,-0.04275776256999039,0.6861602850517503,0.2642384480515806,0.04116059379217269,1.147635135135135,-0.6149470161740099,-1.1121320401565424,0.2949350575690545,1.3125,1.3125,0.9375,1.5625,1.625,0.4375,0.0625,1.0625,1.375,1.5757575757575757
1,1,0,0,0.4788748765037482,1.0625,0.3275892470024073,0,6,5,4,3,2,1,0,6,5,1,0,0,1,1,0,1,1,0,0,0,1,1,0,0,0,0,0,1,1,0,0,0,0,0,1,0,0,0,0,0.350437617985241,1.1621514620213789,1.0998246705503079,-0.04275776256999039,0.6736044341383403,0.2751911830859199,0.04121621621621618,1.1367540435025096,-0.625375758606999,-1.1121320401565424,-0.0625,1.3125,1.3125,0.9375,1.5625,1.625,0.4375,0.0625,1.0625,1.3333333333333333
2,0,0,1,-0.14250014528970753,0.5625,-0.06072571822001369,1,0,6,5,4,3,2,1,0,6,1,1,0,0,1,1,0,1,1,0,0,0,1,1,0,0,0,0,0,1,0,0,0,0,0,0,1,0,0,0,0.4713689148218063,0.3464736157457156,1.1621514620213789,1.0998246705503079,-0.055313613483400415,0.6821862348178136,0.27556306306306305,0.04082543223647514,1.15603198911009,-0.625375758606999,1.0625,-0.0625,1.3125,1.3125,0.9375,1.5625,1.625,0.4375,0.0625,1.0303030303030303
3,1,0,0,0.8681350613122564,1.625,0.9451845872027393,2,1,0,6,5,4,3,2,1,0,0,1,1,0,0,1,1,0,1,1,0,0,0,1,1,0,0,0,0,0,1,0,0,0,0,0,0,1,0,0,-0.1402665751387219,0.4660369888580961,0.3464736157457156,1.1621514620213789,1.0872688196368978,-0.042510121457489884,0.6831081081081081,0.27295036252091465,0.041517781180874555,1.15603198911009,0.5625,1.0625,-0.0625,1.3125,1.3125,0.9375,1.5625,1.625,0.4375,0.06060606060606061
4,1,0,0,1.6449119544371469,0.9375,2.1826240535506156,3,2,1,0,6,5,4,3,2,1,1,0,1,1,0,0,1,1,0,1,0,0,0,0,1,1,0,0,0,0,0,1,0,0,0,0,0,0,1,0,0.8545277730106972,-0.13867993891748193,0.4660369888580961,0.3464736157457156,1.1495956111079688,1.0934547908232115,-0.042567567567567584,0.6766313441160066,0.27757926379672165,0.041517781180874555,1.625,0.5625,1.0625,-0.0625,1.3125,1.3125,0.9375,1.5625,1.625,0.42424242424242425
5,0,1,0,1.8455279827976978,0.6875,2.365965771871056,4,3,2,1,0,6,5,4,3,2,1,1,0,1,1,0,0,1,1,0,0,0,0,0,0,1,1,0,0,0,0,0,1,0,0,0,0,0,0,1,1.6191293404267486,0.8448617159662913,-0.13867993891748193,0.4660369888580961,0.3339177648323056,1.1554206027890237,1.0949324324324323,-0.04216397099832684,0.6881061766207248,0.27757926379672165,0.9375,1.625,0.5625,1.0625,-0.0625,1.3125,1.3125,0.9375,1.5625,1.5757575757575757
6,0,1,0,-0.06846051025745319,0.0625,0.018626065947521246,5,4,3,2,1,0,6,5,4,3,0,1,1,0,1,1,0,0,1,1,1,0,0,0,0,0,1,1,0,0,0,0,0,1,0,0,0,0,0,0,1.8166008809564664,1.6008144335727612,0.8448617159662913,-0.13867993891748193,0.45348113794468603,0.3444669365721996,1.1569819819819822,1.0845510317902953,-0.0428790199081164,0.6881061766207248,0.6875,0.9375,1.625,0.5625,1.0625,-0.0625,1.3125,1.3125,0.9375,1.5151515151515151
0,0,0,1,-0.051955599465333846,0.5625,-0.005120217539719249,6,5,4,3,2,1,0,6,5,4,0,0,1,1,0,1,1,0,0,1,1,1,0,0,0,0,0,1,1,0,0,0,0,0,1,0,0,0,0,0,-0.06738744923059305,1.796052259487585,1.6008144335727612,0.8448617159662913,-0.15123578983089195,0.46333783175888416,0.3449324324324324,1.1460122699386504,1.1029436787476603,-0.0428790199081164,0.0625,0.6875,0.9375,1.625,0.5625,1.0625,-0.0625,1.3125,1.3125,0.9090909090909091
1,1,0,0,0.24025106061486584,0.375,0.5134930053757263,0,6,5,4,3,2,1,0,6,5,0,0,0,1,1,0,1,1,0,0,0,1,1,0,0,0,0,0,1,1,1,0,0,0,0,1,0,0,0,0,-0.05114123905955035,-0.06662519088286845,1.796052259487585,1.6008144335727612,0.8323058650528813,-0.13787674313990092,0.46396396396396383,0.3416620189626324,1.1654472236401794,1.1029436787476603,0.5625,0.0625,0.6875,0.9375,1.625,0.5625,1.0625,-0.0625,1.3125,1.2727272727272727
2,1,0,0,1.0577090718893472,0.75,1.183711172761957,1,0,6,5,4,3,2,1,0,6,1,0,0,0,1,1,0,1,1,0,0,0,1,1,0,0,0,0,0,1,0,1,0,0,0,0,1,0,0,0,0.23648532692637703,-0.05056275097562353,-0.06662519088286845,1.796052259487585,1.5882585826593512,0.8399685110211424,-0.13806306306306296,0.45956497490239806,0.3474561851284668,1.1654472236401794,0.375,0.5625,0.0625,0.6875,0.9375,1.625,0.5625,1.0625,-0.0625,1.2727272727272727
3,1,0,0,-0.11623176614168648,0.875,0.03524128001575927,2,1,0,6,5,4,3,2,1,0,1,1,0,0,0,1,1,0,1,1,0,0,0,1,1,0,0,0,0,0,0,0,1,0,0,0,0,1,0,0,1.0411303701161259,0.23381030484701074,-0.05056275097562353,-0.06662519088286845,1.783496408574175,1.591542959964012,0.8411036036036036,-0.13675404350250964,0.4673586296863478,0.3474561851284668,0.75,0.375,0.5625,0.0625,0.6875,0.9375,1.625,0.5625,1.0625,-0.06060606060606061
4,1,0,0,0.9182309525193233,0.3125,0.8506791839556732,3,2,1,0,6,5,4,3,2,1,1,1,1,0,0,0,1,1,0,1,0,0,0,0,1,1,0,0,0,0,0,0,0,1,0,0,0,0,1,0,-0.11440993078199185,1.02935354335162,0.23381030484701074,-0.05056275097562353,-0.07918104179627848,1.7856500224921272,1.5936936936936936,0.8331288343558282,-0.13907322329986943,0.4673586296863478,0.875,0.75,0.375,0.5625,0.0625,0.6875,0.9375,1.625,0.5625,1.0303030303030303
5,0,1,0,-0.3138257685825535,-0.5,-0.22790839152128128,4,3,2,1,0,6,5,4,3,2,1,1,1,1,0,0,0,1,1,0,0,0,0,0,0,1,1,0,0,0,0,0,0,0,1,0,0,0,0,1,0.9038384531777357,-0.11311577399468353,1.02935354335162,0.23381030484701074,-0.06311860188903355,-0.06623931623931607,1.7880630630630627,1.5785833798103734,0.8472576711474108,-0.13907322329986943,0.3125,0.875,0.75,0.375,0.5625,0.0625,0.6875,0.9375,1.625,0.5454545454545454
6,0,1,0,0.4765502411809146,-0.125,0.26630152542389246,5,4,3,2,1,0,6,5,4,3,0,1,1,1,1,0,0,0,1,1,1,0,0,0,0,0,1,1,0,0,0,0,0,0,0,1,0,0,0,0,-0.308906813111378,0.893614614558,-0.11311577399468353,1.02935354335162,0.22125445393360071,-0.0502699055330634,-0.06632882882882868,1.7711098717233682,1.6053542056604841,0.8472576711474108,-0.5,0.3125,0.875,0.75,0.375,0.5625,0.0625,0.6875,0.9375,1.5757575757575757
0,1,0,0,0.2905794153542162,0.1875,0.4927811537677883,6,5,4,3,2,1,0,6,5,4,0,0,1,1,1,1,0,0,0,1,1,1,0,0,0,0,0,1,1,0,0,0,0,0,0,0,1,0,0,0,0.4690807162061666,-0.30541258978564556,0.893614614558,-0.11311577399468353,1.0167976924382103,0.232456140350877,-0.05033783783783782,-0.06569994422755143,1.8011457092620948,1.6053542056604841,-0.125,-0.5,0.3125,0.875,0.75,0.375,0.5625,0.0625,0.6875,0.9090909090909091
1,1,0,0,0.37194165165339677,0.4375,0.099702099594334,0,6,5,4,3,2,1,0,6,5,1,0,0,1,1,1,1,0,0,0,0,1,1,0,0,0,0,0,1,1,0,0,0,0,0,0,0,1,0,0,0.28602482695497966,0.4637746733782025,-0.30541258978564556,0.893614614558,-0.12567162490809355,1.0233918128654969,0.23277027027027014,-0.04986056887897377,-0.06681413419545104,1.8011457092620948,0.1875,-0.125,-0.5,0.3125,0.875,0.75,0.375,0.5625,0.0625,0.6666666666666666
2,1,0,0,0.18597082582669838,-0.9375,-0.1206572928626539,1,0,6,5,4,3,2,1,0,6,1,1,0,0,1,1,1,1,0,0,0,0,1,1,0,0,0,0,0,1,0,0,0,0,0,0,0,0,1,0,0.3661117785023739,0.28278943498670883,0.4637746733782025,-0.30541258978564556,0.8810587636445899,-0.11246063877642823,1.0247747747747749,0.23056330172894574,-0.05070614258975666,-0.06681413419545104,0.4375,0.1875,-0.125,-0.5,0.3125,0.875,0.75,0.375,0.5625,0.06060606060606061
3,1,0,0,-0.11623176614168648,-0.75,-0.1439555186895086,2,1,0,6,5,4,3,2,1,0,1,1,1,0,0,1,1,1,1,0,0,0,0,1,1,0,0,0,0,0,0,0,0,0,0,0,0,0,0,1,0.18305588925118696,0.3619704767829873,0.28278943498670883,0.4637746733782025,-0.3179684406990556,0.888439046333783,-0.11261261261261261,1.015058561070831,0.2344733707673982,-0.05070614258975666,-0.9375,0.4375,0.1875,-0.125,-0.5,0.3125,0.875,0.75,0.375,0.5454545454545454
4,1,0,0,-0.9496135293775787,-0.625,-0.9433881077385545,3,2,1,0,6,5,4,3,2,1,1,1,1,1,0,0,1,1,1,1,0,0,0,0,1,1,0,0,0,0,0,0,0,0,0,0,0,0,0,0,-0.11440993078199185,0.18098523839149366,0.3619704767829873,0.28278943498670883,0.4512188224647925,-0.3036437246963562,0.8896396396396397,-0.11154489682097044,1.0322727014916908,0.2344733707673982,-0.75,-0.9375,0.4375,0.1875,-0.125,-0.5,0.3125,0.875,0.75,0.36363636363636365
5,0,1,0,0.44168071133840864,-0.4375,0.6864088854469134,4,3,2,1,0,6,5,4,3,2,1,1,1,1,1,0,0,1,1,1,0,0,0,0,0,1,1,0,0,0,0,0,0,0,0,0,0,0,0,0,-0.9347291344888735,-0.11311577399468353,0.18098523839149366,0.3619704767829873,0.27023358407329884,0.46108861898335574,-0.30405405405405406,0.8812046848856664,-0.1134365606034825,1.0322727014916908,-0.625,-0.75,-0.9375,0.4375,0.1875,-0.125,-0.5,0.3125,0.875,0.7272727272727273
6,0,1,0,0.3022025919683849,-1.125,-0.05847654601619767,5,4,3,2,1,0,6,5,4,3,0,1,1,1,1,1,0,0,1,1,1,0,0,0,0,0,1,1,0,0,0,0,0,0,0,0,0,0,0,0,0.43475773697156905,-0.9241558735365646,-0.11311577399468353,0.18098523839149366,0.3494146258695773,0.28115159694107056,0.4617117117117117,-0.30117122141662017,0.8961488287675118,-0.1134365606034825,-0.4375,-0.625,-0.75,-0.9375,0.4375,0.1875,-0.125,-0.5,0.3125,0.8484848484848485
0,1,0,0,0.19759400244086703,-1.0,0.40384209443780833,6,5,4,3,2,1,0,6,5,4,0,0,1,1,1,1,1,0,0,1,1,1,0,0,0,0,0,1,1,0,0,0,0,0,0,0,0,0,0,0,0.29746582003317884,0.42983994117979746,-0.9241558735365646,-0.11311577399468353,0.16842938747808364,0.35987404408457035,0.28153153153153154,0.4573340769659788,-0.30627871362940273,0.8961488287675118,-1.125,-0.4375,-0.625,-0.75,-0.9375,0.4375,0.1875,-0.125,-0.5,0.30303030303030304
1,1,0,0,0.39518800488173406,-0.9375,0.08309345188836026,0,6,5,4,3,2,1,0,6,5,1,0,0,1,1,1,1,1,0,0,0,1,1,0,0,0,0,0,1,1,0,0,0,0,0,0,0,0,0,0,0.19449688232938617,0.2941010123861772,0.42983994117979746,-0.9241558735365646,-0.12567162490809355,0.17993702204228518,0.3603603603603604,0.2788622420524261,0.46508989847427823,-0.30627871362940273,-1.0,-1.125,-0.4375,-0.625,-0.75,-0.9375,0.4375,0.1875,-0.125,-0.48484848484848486
2,1,0,0,-0.8287324925902246,-0.8125,-1.0801314431222666,1,0,6,5,4,3,2,1,0,6,1,1,0,0,1,1,1,1,1,0,0,0,1,1,0,0,0,0,0,1,0,0,0,0,0,0,0,0,0,0,0.38899376465877233,0.19229681579096203,0.2941010123861772,0.42983994117979746,-0.9367117244499745,-0.11246063877642823,0.1801801801801802,0.3569436698271054,0.28359140150870626,0.46508989847427823,-0.9375,-1.0,-1.125,-0.4375,-0.625,-0.75,-0.9375,0.4375,0.1875,-0.12121212121212122
3,1,0,0,-0.17434764921252974,-0.5625,-0.8702623937673635,2,1,0,6,5,4,3,2,1,0,1,1,1,0,0,1,1,1,1,1,0,0,0,1,1,0,0,0,0,0,0,0,0,0,0,0,0,0,0,0,-0.8157428064756019,0.38459363158192406,0.19229681579096203,0.2941010123861772,0.4172840902663874,-0.9188034188034186,-0.11261261261261261,0.1784718349135527,0.362996993931144,0.28359140150870626,-0.8125,-0.9375,-1.0,-1.125,-0.4375,-0.625,-0.75,-0.9375,0.4375,0.18181818181818182
4,1,0,0,-0.26733306212587893,-0.875,-0.3050252949793401,3,2,1,0,6,5,4,3,2,1,1,1,1,1,0,0,1,1,1,1,0,0,0,0,1,1,0,0,0,0,0,0,0,0,0,0,0,0,0,0,-0.17161489617298778,-0.8065154685820936,0.38459363158192406,0.19229681579096203,0.28154516147276715,0.4273504273504273,-0.9200450450450451,-0.11154489682097044,0.181498496965572,0.362996993931144,-0.5625,-0.8125,-0.9375,-1.0,-1.125,-0.4375,-0.625,-0.75,-0.9375,0.42424242424242425
5,0,1,0,-0.23246353228337296,-1.5625,-0.3242029353570604,4,3,2,1,0,6,5,4,3,2,1,1,1,1,1,0,0,1,1,1,0,0,0,0,0,1,1,0,0,0,0,0,0,0,0,0,0,0,0,0,-0.26314284079858125,-0.1696736609920253,-0.8065154685820936,0.38459363158192406,0.17974096487755198,0.2923976608187134,0.42792792792792794,-0.9113218070273285,-0.1134365606034825,0.181498496965572,-0.875,-0.5625,-0.8125,-0.9375,-1.0,-1.125,-0.4375,-0.625,-0.75,-0.9090909090909091
6,0,1,0,-0.17434764921252974,-1.1875,-0.25912680900866275,5,4,3,2,1,0,6,5,4,3,0,1,1,1,1,1,0,0,1,1,1,0,0,0,0,0,1,1,0,0,0,0,0,0,0,0,0,0,0,0,-0.2288198615639837,-0.26016628018777216,-0.1696736609920253,-0.8065154685820936,0.372037780668514,0.191183085919928,0.2927927927927928,0.42387060791968767,-0.9267767001304521,-0.1134365606034825,-1.5625,-0.875,-0.5625,-0.8125,-0.9375,-1.0,-1.125,-0.4375,-0.625,-0.7272727272727273
0,1,0,0,0.3486952984250595,-0.8125,0.5934546887206312,6,5,4,3,2,1,0,6,5,4,0,0,1,1,1,1,1,0,0,1,1,1,0,0,0,0,0,1,1,0,0,0,0,0,0,0,0,0,0,0,-0.17161489617298778,-0.22623154798936707,-0.26016628018777216,-0.1696736609920253,-0.8190713194955036,0.382366171839856,0.19144144144144146,0.29001673173452314,0.4310589302932335,-0.9267767001304521,-1.1875,-1.5625,-0.875,-0.5625,-0.8125,-0.9375,-1.0,-1.125,-0.4375,-0.6060606060606061
1,1,0,0,-0.15110129598419245,-0.8125,0.29713639010371956,0,6,5,4,3,2,1,0,6,5,1,0,0,1,1,1,1,1,0,0,0,1,1,0,0,0,0,0,1,1,0,0,0,0,0,0,0,0,0,0,0.34322979234597556,-0.1696736609920253,-0.22623154798936707,-0.26016628018777216,-0.18222951190543535,-0.8018443544759333,0.3828828828828829,0.18962632459564974,0.2949350575690545,0.4310589302932335,-0.8125,-1.1875,-1.5625,-0.875,-0.5625,-0.8125,-0.9375,-1.0,-1.125,-0.42424242424242425
2,1,0,0,0.3254489451967222,0.25,0.604648405098201,1,0,6,5,4,3,2,1,0,6,1,1,0,0,1,1,1,1,1,0,0,0,1,1,0,0,0,0,0,1,0,0,0,0,0,0,0,0,0,0,-0.14873291001658942,0.3393473219840506,-0.1696736609920253,-0.22623154798936707,-0.27272213110118215,-0.16869095816464236,-0.8029279279279279,0.3792526491912995,0.19284215302592025,0.2949350575690545,-0.8125,-0.8125,-1.1875,-1.5625,-0.875,-0.5625,-0.8125,-0.9375,-1.0,-1.0909090909090908
3,1,0,0,0.18597082582669838,0.25,0.5295948844175395,2,1,0,6,5,4,3,2,1,0,1,1,1,0,0,1,1,1,1,1,0,0,0,1,1,0,0,0,0,0,0,0,0,0,0,0,0,0,0,0,0.3203478061895772,-0.1470505061930886,0.3393473219840506,-0.1696736609920253,-0.23878739890277711,-0.2586594691857849,-0.16891891891891891,-0.7953151143335192,0.3856843060518405,0.19284215302592025,0.25,-0.8125,-0.8125,-1.1875,-1.5625,-0.875,-0.5625,-0.8125,-0.9375,-0.9696969696969697
4,1,0,0,0.20921717905503567,-0.75,0.5776517722901444,3,2,1,0,6,5,4,3,2,1,1,1,1,1,0,0,1,1,1,1,0,0,0,0,1,1,0,0,0,0,0,0,0,0,0,0,0,0,0,0,0.18305588925118696,0.3167241671851139,-0.1470505061930886,0.3393473219840506,-0.18222951190543535,-0.22492127755285646,-0.25900900900900903,-0.16731734523145564,-0.8088026771028302,0.3856843060518405,0.25,0.25,-0.8125,-0.8125,-1.1875,-1.5625,-0.875,-0.5625,-0.8125,-0.9090909090909091
5,0,1,0,-0.5811588307084324,-1.0,-0.2886986145941264,4,3,2,1,0,6,5,4,3,2,1,1,1,1,1,0,0,1,1,1,0,0,0,0,0,1,1,0,0,0,0,0,0,0,0,0,0,0,0,0,0.20593787540758535,0.18098523839149366,0.3167241671851139,-0.1470505061930886,0.3267914710706406,-0.16869095816464236,-0.22522522522522523,-0.256553262688232,-0.17015484090522376,-0.8088026771028302,-0.75,0.25,0.25,-0.8125,-0.8125,-1.1875,-1.5625,-0.875,-0.5625,-0.7878787878787878
6,0,1,0,-0.15110129598419245,-0.625,0.12059201549661494,5,4,3,2,1,0,6,5,4,3,0,1,1,1,1,1,0,0,1,1,1,0,0,0,0,0,1,1,0,0,0,0,0,0,0,0,0,0,0,0,-0.5720496539099593,0.20360839319043036,0.18098523839149366,0.3167241671851139,-0.15960635710649862,0.3373819163292847,-0.16891891891891891,-0.22308979364194087,-0.26090408938800974,-0.17015484090522376,-1.0,-0.75,0.25,0.25,-0.8125,-0.8125,-1.1875,-1.5625,-0.875,-0.5454545454545454
0,1,0,0,-0.3022025919683849,-0.6875,0.1063781587340826,6,5,4,3,2,1,0,6,5,4,0,0,1,1,1,1,1,0,0,1,1,1,0,0,0,0,0,1,1,0,0,0,0,0,0,0,0,0,0,0,-0.14873291001658942,-0.5655788699734177,0.20360839319043036,0.18098523839149366,0.3041683162717039,-0.1461988304093567,0.33783783783783783,-0.16731734523145564,-0.226873121206965,-0.26090408938800974,-0.625,-1.0,-0.75,0.25,0.25,-0.8125,-0.8125,-1.1875,-1.5625,-0.8484848484848485
1,1,0,0,-0.7555064799209622,-0.25,-0.6826235707298608,0,6,5,4,3,2,1,0,6,5,1,0,0,1,1,1,1,1,0,0,0,1,1,0,0,0,0,0,1,1,0,0,0,0,0,0,0,0,0,0,-0.29746582003317884,-0.1470505061930886,-0.5655788699734177,0.20360839319043036,0.16842938747808364,0.314889788573999,-0.1463963963963964,0.3346346904629113,-0.17015484090522376,-0.226873121206965,-0.6875,-0.625,-1.0,-0.75,0.25,0.25,-0.8125,-0.8125,-1.1875,-1.5151515151515151
2,1,0,0,-0.7090137734642876,-0.25,-0.6263927206080452,1,0,6,5,4,3,2,1,0,6,1,1,0,0,1,1,1,1,1,0,0,0,1,1,0,0,0,0,0,1,0,0,0,0,0,0,0,0,0,0,-0.7436645500829471,-0.2941010123861772,-0.1470505061930886,-0.5655788699734177,0.19105254227702034,0.17993702204228518,0.3153153153153153,-0.14500836586726157,0.3403096818104475,-0.17015484090522376,-0.25,-0.6875,-0.625,-1.0,-0.75,0.25,0.25,-0.8125,-0.8125,-1.1515151515151516
3,1,0,0,-0.17434764921252974,0.0,-0.1672251615276835,2,1,0,6,5,4,3,2,1,0,1,1,1,0,0,1,1,1,1,1,0,0,0,1,1,0,0,0,0,0,0,0,0,0,0,0,0,0,0,0,-0.6979005777701504,-0.735252530965443,-0.2941010123861772,-0.1470505061930886,-0.5781347208868277,0.20242914979757082,0.1801801801801802,0.3123257110987172,-0.14746752878452726,0.3403096818104475,-0.25,-0.25,-0.6875,-0.625,-1.0,-0.75,0.25,0.25,-0.8125,-0.7878787878787878
4,1,0,0,0.13947811937002377,0.125,0.2913112542621002,3,2,1,0,6,5,4,3,2,1,1,1,1,1,0,0,1,1,1,1,0,0,0,0,1,1,0,0,0,0,0,0,0,0,0,0,0,0,0,0,-0.17161489617298778,-0.6900062213675696,-0.735252530965443,-0.2941010123861772,-0.15960635710649862,-0.5623031938821411,0.20270270270270271,0.1784718349135527,0.317622369689751,-0.14746752878452726,0.0,-0.25,-0.25,-0.6875,-0.625,-1.0,-0.75,0.25,0.25,-0.7878787878787878
5,0,1,0,-0.5346661242517579,-0.25,-0.45287543900477123,4,3,2,1,0,6,5,4,3,2,1,1,1,1,1,0,0,1,1,1,0,0,0,0,0,1,1,0,0,0,0,0,0,0,0,0,0,0,0,0,0.13729191693839024,-0.1696736609920253,-0.6900062213675696,-0.735252530965443,-0.30665686329958725,-0.1461988304093567,-0.5630630630630631,0.20078081427774677,0.181498496965572,0.317622369689751,0.125,0.0,-0.25,-0.25,-0.6875,-0.625,-1.0,-0.75,0.25,0.24242424242424243
6,0,1,0,-0.13947811937002377,0.0,-0.05612192575954947,5,4,3,2,1,0,6,5,4,3,0,1,1,1,1,1,0,0,1,1,1,0,0,0,0,0,1,1,0,0,0,0,0,0,0,0,0,0,0,0,-0.5262856815971625,0.13573892879362023,-0.1696736609920253,-0.6900062213675696,-0.747808381878853,-0.2923976608187134,-0.1463963963963964,-0.5577244841048522,0.2041858090862685,0.181498496965572,-0.25,0.125,0.0,-0.25,-0.25,-0.6875,-0.625,-1.0,-0.75,0.24242424242424243
0,1,0,0,-0.18597082582669838,-1.1875,0.002649334045333006,6,5,4,3,2,1,0,6,5,4,0,0,1,1,1,1,1,0,0,1,1,1,0,0,0,0,0,1,1,0,0,0,0,0,0,0,0,0,0,0,-0.13729191693839024,-0.5203325603755443,0.13573892879362023,-0.1696736609920253,-0.7025620722809797,-0.7309941520467835,-0.2927927927927928,-0.14500836586726157,-0.5671828030174125,0.2041858090862685,0.0,-0.25,0.125,0.0,-0.25,-0.25,-0.6875,-0.625,-1.0,-0.7272727272727273
1,1,0,0,1.0809554251176843,-0.125,1.3596854326218808,0,6,5,4,3,2,1,0,6,5,1,0,0,1,1,1,1,1,0,0,0,1,1,0,0,0,0,0,1,1,0,0,0,0,0,0,0,0,0,0,-0.18305588925118696,-0.13573892879362023,-0.5203325603755443,0.13573892879362023,-0.18222951190543535,-0.6860098965362122,-0.731981981981982,-0.29001673173452314,-0.14746752878452726,-0.5671828030174125,-1.1875,0.0,-0.25,0.125,0.0,-0.25,-0.25,-0.6875,-0.625,-0.9696969696969697
2,1,0,0,0.09298541291334919,0.6875,0.5145857253078223,1,0,6,5,4,3,2,1,0,6,1,1,0,0,1,1,1,1,1,0,0,0,1,1,0,0,0,0,0,1,0,0,0,0,0,0,0,0,0,0,1.0640123562725243,-0.18098523839149366,-0.13573892879362023,-0.5203325603755443,0.12318307788021023,-0.16869095816464236,-0.6869369369369369,-0.7250418293363078,-0.2949350575690545,-0.14746752878452726,-0.125,-1.1875,0.0,-0.25,0.125,0.0,-0.25,-0.25,-0.6875,-0.6060606060606061
3,1,0,0,-0.11623176614168648,0.75,0.13543431175349877,2,1,0,6,5,4,3,2,1,0,1,1,1,0,0,1,1,1,1,1,0,0,0,1,1,0,0,0,0,0,0,0,0,0,0,0,0,0,0,0,0.09152794462559348,1.051976698150557,-0.18098523839149366,-0.13573892879362023,-0.5328884112889543,0.13495276653171387,-0.16891891891891891,-0.6804238706079196,-0.7373376439226362,-0.2949350575690545,0.6875,-0.125,-1.1875,0.0,-0.25,0.125,0.0,-0.25,-0.25,-0.6666666666666666
4,1,0,0,-0.8019991863776368,-0.5,-0.4460077965895473,3,2,1,0,6,5,4,3,2,1,1,1,1,1,0,0,1,1,1,1,0,0,0,0,1,1,0,0,0,0,0,0,0,0,0,0,0,0,0,0,-0.11440993078199185,0.09049261919574683,1.051976698150557,-0.18098523839149366,-0.14829477970703028,-0.5173189383715698,0.13513513513513514,-0.16731734523145564,-0.6919630196812433,-0.7373376439226362,0.75,0.6875,-0.125,-1.1875,0.0,-0.25,0.125,0.0,-0.25,-0.24242424242424243
5,0,1,0,-0.023246353228337298,0.5625,0.2230133615815663,4,3,2,1,0,6,5,4,3,2,1,1,1,1,1,0,0,1,1,1,0,0,0,0,0,1,1,0,0,0,0,0,0,0,0,0,0,0,0,0,-0.7894285223957438,-0.11311577399468353,0.09049261919574683,1.051976698150557,-0.19354108930490369,-0.13495276653171387,-0.5180180180180181,0.13385387618516453,-0.17015484090522376,-0.6919630196812433,-0.5,0.75,0.6875,-0.125,-1.1875,0.0,-0.25,0.125,0.0,-0.24242424242424243
6,0,1,0,-0.5114197710234205,0.25,-0.1612215751351174,5,4,3,2,1,0,6,5,4,3,0,1,1,1,1,1,0,0,1,1,1,0,0,0,0,0,1,1,0,0,0,0,0,0,0,0,0,0,0,0,-0.02288198615639837,-0.7804988405633164,-0.11311577399468353,0.09049261919574683,1.039420847237147,-0.17993702204228518,-0.13513513513513514,-0.513106525376464,0.136123872724179,-0.17015484090522376,0.5625,-0.5,0.75,0.6875,-0.125,-1.1875,0.0,-0.25,0.125,0.0
0,1,0,0,-0.7787528331492994,-0.5625,-0.43674613574408955,6,5,4,3,2,1,0,6,5,4,0,0,1,1,1,1,1,0,0,1,1,1,0,0,0,0,0,1,1,0,0,0,0,0,0,0,0,0,0,0,-0.5034036954407641,-0.022623154798936708,-0.7804988405633164,-0.11311577399468353,0.07793676828233681,1.0458839406207825,-0.1801801801801802,-0.13385387618516453,-0.5218081787760195,0.136123872724179,0.25,0.5625,-0.5,0.75,0.6875,-0.125,-1.1875,0.0,-0.25,0.12121212121212122
1,1,0,0,-0.627651537165107,0.25,-0.2821133257562663,0,6,5,4,3,2,1,0,6,5,1,0,0,1,1,1,1,1,0,0,0,1,1,0,0,0,0,0,1,1,0,0,0,0,0,0,0,0,0,0,-0.7665465362393454,-0.4977094055766076,-0.022623154798936708,-0.7804988405633164,-0.12567162490809355,0.08996851102114259,1.0472972972972974,-0.1784718349135527,-0.136123872724179,-0.5218081787760195,-0.5625,0.25,0.5625,-0.5,0.75,0.6875,-0.125,-1.1875,0.0,-0.24242424242424243
2,1,0,0,0.15110129598419245,-0.4375,0.39631009066408135,1,0,6,5,4,3,2,1,0,6,1,1,0,0,1,1,1,1,1,0,0,0,1,1,0,0,0,0,0,1,0,0,0,0,0,0,0,0,0,0,-0.617813626222756,-0.7578756857643797,-0.4977094055766076,-0.022623154798936708,-0.7930546914767265,-0.11246063877642823,0.0900900900900901,1.037367540435025,-0.181498496965572,-0.136123872724179,0.25,-0.5625,0.25,0.5625,-0.5,0.75,0.6875,-0.125,-1.1875,0.0
3,1,0,0,-0.6741442436217816,0.375,-0.4033442096755348,2,1,0,6,5,4,3,2,1,0,1,1,1,0,0,1,1,1,1,1,0,0,0,1,1,0,0,0,0,0,0,0,0,0,0,0,0,0,0,0,0.14873291001658942,-0.6108251795712911,-0.7578756857643797,-0.4977094055766076,-0.035179005712346736,-0.7759784075573548,-0.11261261261261261,0.08923591745677635,1.0549600136123873,-0.181498496965572,-0.4375,0.25,-0.5625,0.25,0.5625,-0.5,0.75,0.6875,-0.125,-1.1515151515151516
4,1,0,0,-0.046492706456674596,0.6875,-0.12935077024395,3,2,1,0,6,5,4,3,2,1,1,1,1,1,0,0,1,1,1,1,0,0,0,0,1,1,0,0,0,0,0,0,0,0,0,0,0,0,0,0,-0.6635775985355528,0.1470505061930886,-0.6108251795712911,-0.7578756857643797,-0.5102652564900176,-0.022492127755285647,-0.7770270270270271,-0.11154489682097044,0.090749248482786,1.0549600136123873,0.375,-0.4375,0.25,-0.5625,0.25,0.5625,-0.5,0.75,0.6875,-0.12121212121212122
5,0,1,0,-0.18597082582669838,0.25,-0.6888210579375249,4,3,2,1,0,6,5,4,3,2,1,1,1,1,1,0,0,1,1,1,0,0,0,0,0,1,1,0,0,0,0,0,0,0,0,0,0,0,0,0,-0.04576397231279674,-0.6560714891691646,0.1470505061930886,-0.6108251795712911,-0.7704315366777897,-0.4948268106162842,-0.022522522522522525,-0.769659788064696,-0.1134365606034825,0.090749248482786,0.6875,0.375,-0.4375,0.25,-0.5625,0.25,0.5625,-0.5,0.75,0.6666666666666666
6,0,1,0,-0.011623176614168649,0.125,-0.034935751042168596,5,4,3,2,1,0,6,5,4,3,0,1,1,1,1,1,0,0,1,1,1,0,0,0,0,0,1,1,0,0,0,0,0,0,0,0,0,0,0,0,-0.18305588925118696,-0.045246309597873416,-0.6560714891691646,0.1470505061930886,-0.6233810304847012,-0.7534862798020692,-0.4954954954954955,-0.022308979364194088,-0.7827122681640293,-0.1134365606034825,0.25,0.6875,0.375,-0.4375,0.25,-0.5625,0.25,0.5625,-0.5,0.7272727272727273
0,1,0,0,-0.19759400244086703,-0.625,0.057386529880328045,6,5,4,3,2,1,0,6,5,4,0,0,1,1,1,1,1,0,0,1,1,1,0,0,0,0,0,1,1,0,0,0,0,0,0,0,0,0,0,0,-0.011440993078199185,-0.18098523839149366,-0.045246309597873416,-0.6560714891691646,0.13449465527967858,-0.6072874493927124,-0.7545045045045046,-0.4907975460122699,-0.0226873121206965,-0.7827122681640293,0.125,0.25,0.6875,0.375,-0.4375,0.25,-0.5625,0.25,0.5625,-0.48484848484848486
1,1,0,0,-0.046492706456674596,-0.4375,-0.20753876326429319,0,6,5,4,3,2,1,0,6,5,1,0,0,1,1,1,1,1,0,0,0,1,1,0,0,0,0,0,1,1,0,0,0,0,0,0,0,0,0,0,-0.19449688232938617,-0.011311577399468354,-0.18098523839149366,-0.045246309597873416,-0.6686273400825745,0.1461988304093567,-0.6081081081081081,-0.7473508087005019,-0.499120866655323,-0.0226873121206965,-0.625,0.125,0.25,0.6875,0.375,-0.4375,0.25,-0.5625,0.25,0.5454545454545454
2,1,0,0,0.06973905968501189,0.8125,0.03430576652140199,1,0,6,5,4,3,2,1,0,6,1,1,0,0,1,1,1,1,1,0,0,0,1,1,0,0,0,0,0,1,0,0,0,0,0,0,0,0,0,0,-0.04576397231279674,-0.19229681579096203,-0.011311577399468354,-0.18098523839149366,-0.057802160511283444,-0.6522717049032838,0.1463963963963964,-0.6023424428332403,-0.7600249560433328,-0.499120866655323,-0.4375,-0.625,0.125,0.25,0.6875,0.375,-0.4375,0.25,-0.5625,0.24242424242424243
3,1,0,0,0.8484918928343114,0.25,0.434487307125179,2,1,0,6,5,4,3,2,1,0,1,1,1,0,0,1,1,1,1,1,0,0,0,1,1,0,0,0,0,0,0,0,0,0,0,0,0,0,0,0,0.06864595846919512,-0.045246309597873416,-0.19229681579096203,-0.011311577399468354,-0.19354108930490369,-0.044984255510571294,-0.6531531531531531,0.14500836586726157,-0.6125574272588055,-0.7600249560433328,0.8125,-0.4375,-0.625,0.125,0.25,0.6875,0.375,-0.4375,0.25,-0.5454545454545454
4,1,0,0,0.18597082582669838,0.125,0.0697363122730139,3,2,1,0,6,5,4,3,2,1,1,1,1,1,0,0,1,1,1,1,0,0,0,0,1,1,0,0,0,0,0,0,0,0,0,0,0,0,0,0,0.8351924947085405,0.06786946439681012,-0.045246309597873416,-0.19229681579096203,-0.023867428312878382,-0.17993702204228518,-0.04504504504504505,-0.6469604015616285,0.14746752878452726,-0.6125574272588055,0.25,0.8125,-0.4375,-0.625,0.125,0.25,0.6875,0.375,-0.4375,0.24242424242424243
5,0,1,0,-0.1627244725983611,-0.8125,-0.12582772376086468,4,3,2,1,0,6,5,4,3,2,1,1,1,1,1,0,0,1,1,1,0,0,0,0,0,1,1,0,0,0,0,0,0,0,0,0,0,0,0,0,0.18305588925118696,0.8257451501611899,0.06786946439681012,-0.045246309597873416,-0.20485266670437205,-0.011246063877642824,-0.1801801801801802,-0.044617958728388175,-0.6579320515001985,0.14746752878452726,0.125,0.25,0.8125,-0.4375,-0.625,0.125,0.25,0.6875,0.375,-0.42424242424242425
6,0,1,0,0.17434764921252974,-0.9375,0.03734560599315746,5,4,3,2,1,0,6,5,4,3,0,1,1,1,1,1,0,0,1,1,1,0,0,0,0,0,1,1,0,0,0,0,0,0,0,0,0,0,0,0,-0.1601739030947886,0.18098523839149366,0.8257451501611899,0.06786946439681012,-0.057802160511283444,-0.191183085919928,-0.011261261261261262,-0.1784718349135527,-0.045374624241393,-0.6579320515001985,-0.8125,0.125,0.25,0.8125,-0.4375,-0.625,0.125,0.25,0.6875,0.36363636363636365
0,1,0,0,1.2436798977160455,-0.625,1.4773306964882515,6,5,4,3,2,1,0,6,5,4,0,0,1,1,1,1,1,0,0,1,1,1,0,0,0,0,0,1,1,0,0,0,0,0,0,0,0,0,0,0,0.17161489617298778,-0.15836208359255696,0.18098523839149366,0.8257451501611899,0.055313613483400095,-0.044984255510571294,-0.19144144144144146,-0.011154489682097044,-0.181498496965572,-0.045374624241393,-0.9375,-0.8125,0.125,0.25,0.8125,-0.4375,-0.625,0.125,0.25,0.6666666666666666
1,1,0,0,-0.38356482826756544,-0.75,-0.47014381299000274,0,6,5,4,3,2,1,0,6,5,1,0,0,1,1,1,1,1,0,0,0,1,1,0,0,0,0,0,1,1,0,0,0,0,0,0,0,0,0,0,1.224186259367313,0.1696736609920253,-0.15836208359255696,0.18098523839149366,0.8131892992477798,0.06747638326585693,-0.04504504504504505,-0.18962632459564974,-0.01134365606034825,-0.181498496965572,-0.625,-0.9375,-0.8125,0.125,0.25,0.8125,-0.4375,-0.625,0.125,0.24242424242424243
2,1,0,0,0.11623176614168648,0.0,0.16906451547488802,1,0,6,5,4,3,2,1,0,6,1,1,0,0,1,1,1,1,1,0,0,0,1,1,0,0,0,0,0,1,0,0,0,0,0,0,0,0,0,0,-0.37755277158057315,1.210338781743114,0.1696736609920253,-0.15836208359255696,0.16842938747808364,0.8209626630679261,0.06756756756756757,-0.044617958728388175,-0.19284215302592025,-0.01134365606034825,-0.75,-0.625,-0.9375,-0.8125,0.125,0.25,0.8125,-0.4375,-0.625,0.12121212121212122
3,1,0,0,1.2204335444877081,0.6875,1.573377649841007,2,1,0,6,5,4,3,2,1,0,1,1,1,0,0,1,1,1,1,1,0,0,0,1,1,0,0,0,0,0,0,0,0,0,0,0,0,0,0,0,0.11440993078199185,-0.3732820541824557,1.210338781743114,0.1696736609920253,-0.17091793450596698,0.17993702204228518,0.8220720720720721,0.06692693809258227,-0.045374624241393,-0.19284215302592025,0.0,-0.75,-0.625,-0.9375,-0.8125,0.125,0.25,0.8125,-0.4375,-0.6060606060606061
4,1,0,0,1.0577090718893472,-0.25,0.32708286459485064,3,2,1,0,6,5,4,3,2,1,1,1,1,1,0,0,1,1,1,1,0,0,0,0,1,1,0,0,0,0,0,0,0,0,0,0,0,0,0,0,1.2013042732109145,0.11311577399468353,-0.3732820541824557,1.210338781743114,0.15711781007861528,-0.1574448942869995,0.1801801801801802,0.8142777467930842,0.0680619363620895,-0.045374624241393,0.6875,0.0,-0.75,-0.625,-0.9375,-0.8125,0.125,0.25,0.8125,-0.42424242424242425
5,0,1,0,0.8368687162201427,0.0625,1.1904262438186872,4,3,2,1,0,6,5,4,3,2,1,1,1,1,1,0,0,1,1,1,0,0,0,0,0,1,1,0,0,0,0,0,0,0,0,0,0,0,0,0,1.0411303701161259,1.187715626944177,0.11311577399468353,-0.3732820541824557,1.1977829308297039,0.16869095816464236,-0.15765765765765766,0.1784718349135527,0.8280868924054222,0.0680619363620895,-0.25,0.6875,0.0,-0.75,-0.625,-0.9375,-0.8125,0.125,0.25,0.7878787878787878
6,0,1,0,0.4997965944092519,-0.625,0.395743065969731,5,4,3,2,1,0,6,5,4,3,0,1,1,1,1,1,0,0,1,1,1,0,0,0,0,0,1,1,0,0,0,0,0,0,0,0,0,0,0,0,0.8237515016303414,1.02935354335162,1.187715626944177,0.11311577399468353,-0.3858379050958657,1.203328834907782,0.16891891891891891,-0.1561628555493586,0.181498496965572,0.8280868924054222,0.0625,-0.25,0.6875,0.0,-0.75,-0.625,-0.9375,-0.8125,0.125,0.24242424242424243
0,1,0,0,-0.12785494275585513,-0.5625,-0.04501357209141535,6,5,4,3,2,1,0,6,5,4,0,0,1,1,1,1,1,0,0,1,1,1,0,0,0,0,0,1,1,0,0,0,0,0,0,0,0,0,0,0,0.491962702362565,0.8144335727617215,1.02935354335162,1.187715626944177,0.10055992308127351,-0.3711201079622132,1.204954954954955,0.16731734523145564,-0.1588111848448755,0.181498496965572,-0.625,0.0625,-0.25,0.6875,0.0,-0.75,-0.625,-0.9375,-0.8125,0.12121212121212122
1,1,0,0,-0.4997965944092519,-0.625,-0.502376154062309,0,6,5,4,3,2,1,0,6,5,1,0,0,1,1,1,1,1,0,0,0,1,1,0,0,0,0,0,1,1,0,0,0,0,0,0,0,0,0,0,-0.12585092386019103,0.4863978281771392,0.8144335727617215,1.02935354335162,1.175159776030767,0.11246063877642823,-0.37162162162162166,1.1935303959843837,0.17015484090522376,-0.1588111848448755,-0.5625,-0.625,0.0625,-0.25,0.6875,0.0,-0.75,-0.625,-0.9375,-0.7878787878787878
2,1,0,0,-0.1627244725983611,0.1875,-0.18870180121110758,1,0,6,5,4,3,2,1,0,6,1,1,0,0,1,1,1,1,1,0,0,0,1,1,0,0,0,0,0,1,0,0,0,0,0,0,0,0,0,0,-0.491962702362565,-0.1244273513941519,0.4863978281771392,0.8144335727617215,1.0167976924382103,1.1808367071524963,0.11261261261261261,-0.36809815950920244,1.2137711984572628,0.17015484090522376,-0.625,-0.5625,-0.625,0.0625,-0.25,0.6875,0.0,-0.75,-0.625,-0.9090909090909091
3,1,0,0,0.3370721218108908,0.5625,0.4974621975490087,2,1,0,6,5,4,3,2,1,0,1,1,1,0,0,1,1,1,1,1,0,0,0,1,1,0,0,0,0,0,0,0,0,0,0,0,0,0,0,0,-0.1601739030947886,-0.4863978281771392,-0.1244273513941519,0.4863978281771392,0.8018777218483114,1.0233918128654969,1.1824324324324325,0.11154489682097044,-0.37434064999149225,1.2137711984572628,0.1875,-0.625,-0.5625,-0.625,0.0625,-0.25,0.6875,0.0,-0.75,-0.6060606060606061
4,1,0,0,-0.12785494275585513,0.125,0.20862028175487962,3,2,1,0,6,5,4,3,2,1,1,1,1,1,0,0,1,1,1,1,0,0,0,0,1,1,0,0,0,0,0,0,0,0,0,0,0,0,0,0,0.3317887992677764,-0.15836208359255696,-0.4863978281771392,-0.1244273513941519,0.4738419772637292,0.8097165991902833,1.0247747747747749,1.1712214166201895,0.1134365606034825,-0.37434064999149225,0.5625,0.1875,-0.625,-0.5625,-0.625,0.0625,-0.25,0.6875,0.0,-0.7272727272727273
5,0,1,0,0.46492706456674593,0.9375,0.4750979401900962,4,3,2,1,0,6,5,4,3,2,1,1,1,1,1,0,0,1,1,1,0,0,0,0,0,1,1,0,0,0,0,0,0,0,0,0,0,0,0,0,-0.12585092386019103,0.3280357445845823,-0.15836208359255696,-0.4863978281771392,-0.13698320230756192,0.4835807467386414,0.8108108108108109,1.015058561070831,1.1910838863365663,0.1134365606034825,0.125,0.5625,0.1875,-0.625,-0.5625,-0.625,0.0625,-0.25,0.6875,0.0
6,0,1,0,-0.19759400244086703,-0.5,-0.20510805045670016,5,4,3,2,1,0,6,5,4,3,0,1,1,1,1,1,0,0,1,1,1,0,0,0,0,0,1,1,0,0,0,0,0,0,0,0,0,0,0,0,0.4576397231279674,-0.1244273513941519,0.3280357445845823,-0.15836208359255696,-0.4989536790905492,-0.12370670265407105,0.48423423423423423,0.8031232571109871,1.0322727014916908,1.1910838863365663,0.9375,0.125,0.5625,0.1875,-0.625,-0.5625,-0.625,0.0625,-0.25,0.6666666666666666
0,1,0,0,-0.023246353228337298,-1.125,0.27805647264675576,6,5,4,3,2,1,0,6,5,4,0,0,1,1,1,1,1,0,0,1,1,1,0,0,0,0,0,1,1,0,0,0,0,0,0,0,0,0,0,0,-0.19449688232938617,0.45246309597873413,-0.1244273513941519,0.3280357445845823,-0.17091793450596698,-0.4835807467386414,-0.12387387387387387,0.47964305633017285,0.816743236345074,1.0322727014916908,-0.5,0.9375,0.125,0.5625,0.1875,-0.625,-0.5625,-0.625,0.0625,-0.24242424242424243
1,1,0,0,-0.9879700122043351,-0.8125,-1.0453706663216107,0,6,5,4,3,2,1,0,6,5,1,0,0,1,1,1,1,1,0,0,0,1,1,0,0,0,0,0,1,1,0,0,0,0,0,0,0,0,0,0,-0.02288198615639837,-0.19229681579096203,0.45246309597873413,-0.1244273513941519,0.31547989367117224,-0.1574448942869995,-0.48423423423423423,-0.12269938650306747,0.48777721059497475,0.816743236345074,-1.125,-0.5,0.9375,0.125,0.5625,0.1875,-0.625,-0.5625,-0.625,0.06060606060606061
2,1,0,0,-0.8484918928343114,0.3125,-0.7473794903537242,1,0,6,5,4,3,2,1,0,6,1,1,0,0,1,1,1,1,1,0,0,0,1,1,0,0,0,0,0,1,0,0,0,0,0,0,0,0,0,0,-0.9724844116469308,-0.022623154798936708,-0.19229681579096203,0.45246309597873413,-0.13698320230756192,0.3261358524516419,-0.15765765765765766,-0.47964305633017285,-0.12478021666383075,0.48777721059497475,-0.8125,-1.125,-0.5,0.9375,0.125,0.5625,0.1875,-0.625,-0.5625,-0.6060606060606061
3,1,0,0,-0.6160283605509383,0.625,-0.6335813422610109,2,1,0,6,5,4,3,2,1,0,1,1,1,0,0,1,1,1,1,1,0,0,0,1,1,0,0,0,0,0,0,0,0,0,0,0,0,0,0,0,-0.8351924947085405,-0.96148407895481,-0.022623154798936708,-0.19229681579096203,0.43990724506532414,-0.12370670265407105,0.32657657657657657,-0.1561628555493586,-0.48777721059497475,-0.12478021666383075,0.3125,-0.8125,-1.125,-0.5,0.9375,0.125,0.5625,0.1875,-0.625,-0.5454545454545454
4,1,0,0,-0.40681118149590273,0.1875,-0.4008949565509603,3,2,1,0,6,5,4,3,2,1,1,1,1,1,0,0,1,1,1,1,0,0,0,0,1,1,0,0,0,0,0,0,0,0,0,0,0,0,0,0,-0.6063726331445568,-0.8257451501611899,-0.96148407895481,-0.022623154798936708,-0.20485266670437205,0.4498425551057129,-0.12387387387387387,0.32348020078081424,-0.1588111848448755,-0.48777721059497475,0.625,0.3125,-0.8125,-1.125,-0.5,0.9375,0.125,0.5625,0.1875,-0.6060606060606061
5,0,1,0,0.3138257685825535,1.0,0.25534535685764803,4,3,2,1,0,6,5,4,3,2,1,1,1,1,1,0,0,1,1,1,0,0,0,0,0,1,1,0,0,0,0,0,0,0,0,0,0,0,0,0,-0.4004347577369715,-0.5995136021718227,-0.8257451501611899,-0.96148407895481,-0.035179005712346736,-0.191183085919928,0.45045045045045046,-0.12269938650306747,0.32896602575009926,-0.1588111848448755,0.1875,0.625,0.3125,-0.8125,-1.125,-0.5,0.9375,0.125,0.5625,0.18181818181818182
6,0,1,0,-0.3138257685825535,0.0625,-0.4036767766113901,5,4,3,2,1,0,6,5,4,3,0,1,1,1,1,1,0,0,1,1,1,0,0,0,0,0,1,1,0,0,0,0,0,0,0,0,0,0,0,0,0.308906813111378,-0.39590520898139236,-0.5995136021718227,-0.8257451501611899,-0.9740399298682201,-0.022492127755285647,-0.19144144144144146,0.44617958728388174,-0.12478021666383075,0.32896602575009926,1.0,0.1875,0.625,0.3125,-0.8125,-1.125,-0.5,0.9375,0.125,0.5454545454545454
0,0,0,1,1.72023013889696,0.5,2.2284727124194053,6,5,4,3,2,1,0,6,5,4,0,0,1,1,1,1,1,0,0,1,1,1,0,0,0,0,0,1,1,0,0,0,0,0,0,0,0,0,0,0,-0.308906813111378,0.30541258978564556,-0.39590520898139236,-0.5995136021718227,-0.8383010010745998,-0.9559154295996399,-0.022522522522522525,-0.18962632459564974,0.45374624241393,-0.12478021666383075,0.0625,1.0,0.1875,0.625,0.3125,-0.8125,-1.125,-0.5,0.9375,0.12121212121212122
1,1,0,0,-1.0344627186610098,-0.0625,-1.0357312465176554,0,6,5,4,3,2,1,0,6,5,0,0,0,1,1,1,1,1,0,0,0,1,1,0,0,0,0,0,1,1,1,0,0,0,0,0,0,0,0,0,1.6932669755734795,-0.30541258978564556,0.30541258978564556,-0.39590520898139236,-0.6120694530852328,-0.8209626630679261,-0.9572072072072072,-0.022308979364194088,-0.19284215302592025,0.45374624241393,0.5,0.0625,1.0,0.1875,0.625,0.3125,-0.8125,-1.125,-0.5,0.9090909090909091
2,1,0,0,0.05811588307084324,-0.25,-0.32839497827789427,1,0,6,5,4,3,2,1,0,6,1,0,0,0,1,1,1,1,1,0,0,0,1,1,0,0,0,0,0,1,0,1,0,0,0,0,0,0,0,0,-1.0182483839597276,1.6741134551213164,-0.30541258978564556,0.30541258978564556,-0.4084610598948024,-0.5960413855150696,-0.8220720720720721,-0.9481316229782487,-0.0226873121206965,-0.19284215302592025,-0.0625,0.5,0.0625,1.0,0.1875,0.625,0.3125,-0.8125,-1.125,-0.48484848484848486
3,1,0,0,0.9531004823618292,-0.4375,0.8626720652464656,2,1,0,6,5,4,3,2,1,0,1,1,0,0,0,1,1,1,1,1,0,0,0,1,1,0,0,0,0,0,0,0,1,0,0,0,0,0,0,0,0.05720496539099593,-1.0067303885526835,1.6741134551213164,-0.30541258978564556,0.2928567388722355,-0.3936122357174988,-0.5968468468468469,-0.8142777467930842,-0.9642107651296012,-0.0226873121206965,-0.25,-0.0625,0.5,0.0625,1.0,0.1875,0.625,0.3125,-0.8125,-1.0909090909090908
4,1,0,0,3.1963735688963784,0.4375,3.4407456297479384,3,2,1,0,6,5,4,3,2,1,1,1,1,0,0,0,1,1,1,1,0,0,0,0,1,1,0,0,0,0,0,0,0,1,0,0,0,0,0,0,0.9381614324123332,0.056557886997341766,-1.0067303885526835,1.6741134551213164,-0.3179684406990556,0.3036437246963562,-0.39414414414414417,-0.5911879531511433,-0.8280868924054222,-0.9642107651296012,-0.4375,-0.25,-0.0625,0.5,0.0625,1.0,0.1875,0.625,0.3125,-0.7878787878787878
5,0,1,0,0.5811588307084324,0.25,0.4863569339337048,4,3,2,1,0,6,5,4,3,2,1,1,1,1,0,0,0,1,1,1,0,0,0,0,0,1,1,0,0,0,0,0,0,0,1,0,0,0,0,0,3.146273096504776,0.927549346756405,0.056557886997341766,-1.0067303885526835,1.6615576042079063,-0.3036437246963562,0.30405405405405406,-0.3904071388733965,-0.6012137711984572,-0.8280868924054222,0.4375,-0.4375,-0.25,-0.0625,0.5,0.0625,1.0,0.1875,0.625,0.30303030303030304
6,0,1,0,0.3254489451967222,0.4375,0.6914854559904053,5,4,3,2,1,0,6,5,4,3,0,1,1,1,1,0,0,0,1,1,1,0,0,0,0,0,1,1,0,0,0,0,0,0,0,1,0,0,0,0,0.5720496539099593,3.1106837848537974,0.927549346756405,0.056557886997341766,-1.0192862394660935,1.6644174538911378,-0.30405405405405406,0.30117122141662017,-0.39702796211218877,-0.6012137711984572,0.25,0.4375,-0.4375,-0.25,-0.0625,0.5,0.0625,1.0,0.1875,0.6060606060606061
0,1,0,0,1.2436798977160455,-0.0625,1.5032527634245896,6,5,4,3,2,1,0,6,5,4,0,0,1,1,1,1,0,0,0,1,1,1,0,0,0,0,0,1,1,0,0,0,0,0,0,0,1,0,0,0,0.3203478061895772,0.5655788699734177,3.1106837848537974,0.927549346756405,0.044002036083931745,-1.0008996851102112,1.6666666666666667,-0.30117122141662017,0.30627871362940273,-0.39702796211218877,0.4375,0.25,0.4375,-0.4375,-0.25,-0.0625,0.5,0.0625,1.0,0.18181818181818182
1,1,0,0,-0.7555064799209622,-0.125,-0.5452355730744384,0,6,5,4,3,2,1,0,6,5,1,0,0,1,1,1,1,0,0,0,0,1,1,0,0,0,0,0,1,1,0,0,0,0,0,0,0,1,0,0,1.224186259367313,0.3167241671851139,0.5655788699734177,3.1106837848537974,0.9149934958429949,0.056230319388214114,-1.0022522522522523,1.6508644729503623,-0.30627871362940273,0.30627871362940273,-0.0625,0.4375,0.25,0.4375,-0.4375,-0.25,-0.0625,0.5,0.0625,0.9696969696969697
2,1,0,0,-0.06973905968501189,-1.125,-0.41671795832484376,1,0,6,5,4,3,2,1,0,6,1,1,0,0,1,1,1,1,0,0,0,0,1,1,0,0,0,0,0,1,0,0,0,0,0,0,0,0,1,0,-0.7436645500829471,1.210338781743114,0.3167241671851139,0.5655788699734177,3.098127933940387,0.9221772379667115,0.05630630630630631,-0.9927495817066369,1.678861096931541,-0.30627871362940273,-0.125,-0.0625,0.4375,0.25,0.4375,-0.4375,-0.25,-0.0625,0.5,0.06060606060606061
3,1,0,0,1.6156215493694421,0.4375,1.6352466876082121,2,1,0,6,5,4,3,2,1,0,1,1,1,0,0,1,1,1,1,0,0,0,0,1,1,0,0,0,0,0,0,0,0,0,0,0,0,0,0,1,-0.06864595846919512,-0.735252530965443,1.210338781743114,0.3167241671851139,0.5530230190600076,3.092667566351776,0.9234234234234234,0.05577244841048522,-1.0095853893709943,1.678861096931541,-1.125,-0.125,-0.0625,0.4375,0.25,0.4375,-0.4375,-0.25,-0.0625,0.48484848484848486
4,1,0,0,-0.24408670889754164,-0.125,-0.4484257629292156,3,2,1,0,6,5,4,3,2,1,1,1,1,1,0,0,1,1,1,1,0,0,0,0,1,1,0,0,0,0,0,0,0,0,0,0,0,0,0,0,1.5902980378696867,-0.06786946439681012,-0.735252530965443,1.210338781743114,0.3041683162717039,0.5623031938821411,3.096846846846847,0.9146681539319576,0.05671828030174125,-1.0095853893709943,0.4375,-1.125,-0.125,-0.0625,0.4375,0.25,0.4375,-0.4375,-0.25,-0.06060606060606061
5,0,1,0,0.5230429476375892,0.5,0.5599368856709422,4,3,2,1,0,6,5,4,3,2,1,1,1,1,1,0,0,1,1,1,0,0,0,0,0,1,1,0,0,0,0,0,0,0,0,0,0,0,0,0,-0.24026085464218289,1.5723092585261012,-0.06786946439681012,-0.735252530965443,1.1977829308297039,0.314889788573999,0.5630630630630631,3.0674846625766867,0.9301797969485565,0.05671828030174125,-0.125,0.4375,-1.125,-0.125,-0.0625,0.4375,0.25,0.4375,-0.4375,-0.24242424242424243
6,0,1,0,-0.3138257685825535,-0.5625,-0.19558450763387894,5,4,3,2,1,0,6,5,4,3,0,1,1,1,1,1,0,0,1,1,1,0,0,0,0,0,1,1,0,0,0,0,0,0,0,0,0,0,0,0,0.5148446885189634,-0.23754312538883543,1.5723092585261012,-0.06786946439681012,-0.747808381878853,1.203328834907782,0.3153153153153153,0.5577244841048522,3.1195054165957687,0.9301797969485565,0.5,-0.125,0.4375,-1.125,-0.125,-0.0625,0.4375,0.25,0.4375,-0.42424242424242425
0,1,0,0,-0.10460858952751784,-0.5625,0.010104859011511412,6,5,4,3,2,1,0,6,5,4,0,0,1,1,1,1,1,0,0,1,1,1,0,0,0,0,0,1,1,0,0,0,0,0,0,0,0,0,0,0,-0.308906813111378,0.5090209829760759,-0.23754312538883543,1.5723092585261012,-0.08042531531022015,-0.7309941520467835,1.204954954954955,0.3123257110987172,0.5671828030174125,3.1195054165957687,-0.5625,0.5,-0.125,0.4375,-1.125,-0.125,-0.0625,0.4375,0.25,0.42424242424242425
1,1,0,0,-0.26733306212587893,-1.3125,-0.2362484441101179,0,6,5,4,3,2,1,0,6,5,1,0,0,1,1,1,1,1,0,0,0,1,1,0,0,0,0,0,1,1,0,0,0,0,0,0,0,0,0,0,-0.10296893770379267,-0.30541258978564556,0.5090209829760759,-0.23754312538883543,1.559753407612691,-0.06747638326585693,-0.731981981981982,1.1935303959843837,0.317622369689751,0.5671828030174125,-0.5625,-0.5625,0.5,-0.125,0.4375,-1.125,-0.125,-0.0625,0.4375,0.24242424242424243
2,1,0,0,-0.7555064799209622,-0.8125,-0.5888590076488464,1,0,6,5,4,3,2,1,0,6,1,1,0,0,1,1,1,1,1,0,0,0,1,1,0,0,0,0,0,1,0,0,0,0,0,0,0,0,0,0,-0.26314284079858125,-0.10180419659521518,-0.30541258978564556,0.5090209829760759,-0.2500989763022455,1.5632028789923524,-0.06756756756756757,-0.7250418293363078,1.2137711984572628,0.317622369689751,-1.3125,-0.5625,-0.5625,0.5,-0.125,0.4375,-1.125,-0.125,-0.0625,0.42424242424242425
3,1,0,0,0.22084035566920432,0.5625,0.15241106200287569,2,1,0,6,5,4,3,2,1,0,1,1,1,0,0,1,1,1,1,1,0,0,0,1,1,0,0,0,0,0,0,0,0,0,0,0,0,0,0,0,-0.7436645500829471,-0.26016628018777216,-0.10180419659521518,-0.30541258978564556,0.4964651320626659,-0.23616734143049928,1.5653153153153154,-0.06692693809258227,-0.7373376439226362,1.2137711984572628,-0.8125,-1.3125,-0.5625,-0.5625,0.5,-0.125,0.4375,-1.125,-0.125,-0.06060606060606061
4,1,0,0,0.3022025919683849,0.0,0.43575268375916515,3,2,1,0,6,5,4,3,2,1,1,1,1,1,0,0,1,1,1,1,0,0,0,0,1,1,0,0,0,0,0,0,0,0,0,0,0,0,0,0,0.21737886848578453,-0.735252530965443,-0.26016628018777216,-0.10180419659521518,-0.3179684406990556,0.506072874493927,-0.23648648648648649,1.550474065811489,-0.0680619363620895,-0.7373376439226362,0.5625,-0.8125,-1.3125,-0.5625,-0.5625,0.5,-0.125,0.4375,-1.125,-0.12121212121212122
5,0,1,0,-0.3022025919683849,0.9375,0.07144974656738584,4,3,2,1,0,6,5,4,3,2,1,1,1,1,1,0,0,1,1,1,0,0,0,0,0,1,1,0,0,0,0,0,0,0,0,0,0,0,0,0,0.29746582003317884,0.21491997058989873,-0.735252530965443,-0.26016628018777216,-0.11436004750862522,-0.3036437246963562,0.5067567567567568,-0.2342442833240379,1.5767681923884067,-0.0680619363620895,0.0,0.5625,-0.8125,-1.3125,-0.5625,-0.5625,0.5,-0.125,0.4375,-1.0909090909090908
6,0,1,0,1.1855640146452022,-0.4375,1.2887227556318628,5,4,3,2,1,0,6,5,4,3,0,1,1,1,1,1,0,0,1,1,1,0,0,0,0,0,1,1,0,0,0,0,0,0,0,0,0,0,0,0,-0.29746582003317884,0.2941010123861772,0.21491997058989873,-0.735252530965443,-0.27272213110118215,-0.10121457489878541,-0.30405405405405406,0.501952035694367,-0.23821677726731325,1.5767681923884067,0.9375,0.0,0.5625,-0.8125,-1.3125,-0.5625,-0.5625,0.5,-0.125,0.42424242424242425
0,1,0,0,1.5110129598419244,-0.0625,1.8137891676266753,6,5,4,3,2,1,0,6,5,4,0,0,1,1,1,1,1,0,0,1,1,1,0,0,0,0,0,1,1,0,0,0,0,0,0,0,0,0,0,0,1.166981293976317,-0.2941010123861772,0.2941010123861772,0.21491997058989873,-0.747808381878853,-0.2586594691857849,-0.10135135135135136,-0.30117122141662017,0.5104645227156712,-0.23821677726731325,-0.4375,0.9375,0.0,0.5625,-0.8125,-1.3125,-0.5625,-0.5625,0.5,-0.12121212121212122
1,1,0,0,-0.5927820073226011,-1.25,-0.1546946110444282,0,6,5,4,3,2,1,0,6,5,1,0,0,1,1,1,1,1,0,0,0,1,1,0,0,0,0,0,1,1,0,0,0,0,0,0,0,0,0,0,1.4873291001658941,1.1537808947457722,-0.2941010123861772,0.2941010123861772,0.2023641196764887,-0.7309941520467835,-0.25900900900900903,-0.10039040713887339,-0.30627871362940273,0.5104645227156712,-0.0625,-0.4375,0.9375,0.0,0.5625,-0.8125,-1.3125,-0.5625,-0.5625,0.48484848484848486
2,1,0,0,-0.046492706456674596,-0.1875,0.25422405393687214,1,0,6,5,4,3,2,1,0,6,1,1,0,0,1,1,1,1,1,0,0,0,1,1,0,0,0,0,0,1,0,0,0,0,0,0,0,0,0,0,-0.5834906469881584,1.470505061930886,1.1537808947457722,-0.2941010123861772,0.28154516147276715,0.21367521367521364,-0.731981981981982,-0.256553262688232,-0.10209290454313424,-0.30627871362940273,-1.25,-0.0625,-0.4375,0.9375,0.0,0.5625,-0.8125,-1.3125,-0.5625,-0.5454545454545454
3,0,0,1,0.3486952984250595,0.0625,0.48439861295253583,2,1,0,6,5,4,3,2,1,0,1,1,1,0,0,1,1,1,1,1,0,0,0,1,1,0,0,0,0,0,0,0,0,0,0,0,0,0,0,0,-0.04576397231279674,-0.5768904473728861,1.470505061930886,1.1537808947457722,-0.30665686329958725,0.2923976608187134,0.21396396396396397,-0.7250418293363078,-0.26090408938800974,-0.10209290454313424,-0.1875,-1.25,-0.0625,-0.4375,0.9375,0.0,0.5625,-0.8125,-1.3125,-0.5454545454545454
4,0,0,1,-0.20921717905503567,-0.125,0.15895811143696148,3,2,1,0,6,5,4,3,2,1,0,1,1,1,0,0,1,1,1,1,0,0,0,0,1,1,0,0,0,0,1,0,0,0,0,0,0,0,0,0,0.34322979234597556,-0.045246309597873416,-0.5768904473728861,1.470505061930886,1.1412250438323621,-0.2923976608187134,0.2927927927927928,0.21193530395984383,-0.7373376439226362,-0.26090408938800974,0.0625,-0.1875,-1.25,-0.0625,-0.4375,0.9375,0.0,0.5625,-0.8125,-1.2727272727272727
5,0,1,0,1.092578601731853,-1.3125,0.6158301475210534,4,3,2,1,0,6,5,4,3,2,0,0,1,1,1,0,0,1,1,1,0,0,0,0,0,1,1,0,0,0,1,1,0,0,0,0,0,0,0,0,-0.20593787540758535,0.3393473219840506,-0.045246309597873416,-0.5768904473728861,1.4579492110174759,1.1470985155195679,-0.2927927927927928,0.29001673173452314,0.21552946514661675,-0.7373376439226362,-0.125,0.0625,-0.1875,-1.25,-0.0625,-0.4375,0.9375,0.0,0.5625,-0.7878787878787878
6,0,1,0,0.05811588307084324,0.0,0.23357941097799206,5,4,3,2,1,0,6,5,4,3,0,0,0,1,1,1,0,0,1,1,1,0,0,0,0,0,1,1,0,0,0,1,1,0,0,0,0,0,0,0,1.0754533493507235,-0.20360839319043036,0.3393473219840506,-0.045246309597873416,-0.589446298286296,1.461988304093567,1.1486486486486487,-0.29001673173452314,0.2949350575690545,0.21552946514661675,-1.3125,-0.125,0.0625,-0.1875,-1.25,-0.0625,-0.4375,0.9375,0.0,0.5454545454545454
0,1,0,0,2.1270413203928626,-0.5625,2.815735707781429,6,5,4,3,2,1,0,6,5,4,0,0,0,0,1,1,1,0,0,1,1,1,0,0,0,0,0,1,1,0,0,0,1,1,0,0,0,0,0,0,0.05720496539099593,1.0632882755500253,-0.20360839319043036,0.3393473219840506,-0.057802160511283444,-0.5735492577597839,1.463963963963964,1.1377579475738984,-0.2949350575690545,0.2949350575690545,0.0,-1.3125,-0.125,0.0625,-0.1875,-1.25,-0.0625,-0.4375,0.9375,0.0
1,1,0,0,0.5114197710234205,0.5,0.580386469044913,0,6,5,4,3,2,1,0,6,5,1,0,0,0,0,1,1,1,0,0,0,1,1,0,0,0,0,0,1,1,0,0,0,1,1,0,0,0,0,0,2.093701733310451,0.056557886997341766,1.0632882755500253,-0.20360839319043036,0.3267914710706406,-0.044984255510571294,-0.5743243243243243,1.4500836586726156,1.1570529181555216,-0.2949350575690545,-0.5625,0.0,-1.3125,-0.125,0.0625,-0.1875,-1.25,-0.0625,-0.4375,0.9090909090909091
2,1,0,0,-0.697390596850119,-0.125,-0.6956454396131254,1,0,6,5,4,3,2,1,0,6,1,1,0,0,0,0,1,1,1,0,0,0,1,1,0,0,0,0,0,1,0,0,0,0,1,1,0,0,0,0,0.5034036954407641,2.070018664102709,0.056557886997341766,1.0632882755500253,-0.2161642441038404,0.3373819163292847,-0.04504504504504505,-0.5688789737869492,1.4746752878452725,1.1570529181555216,0.5,-0.5625,0.0,-1.3125,-0.125,0.0625,-0.1875,-1.25,-0.0625,-0.42424242424242425
3,1,0,0,-0.023246353228337298,0.4375,-0.12440127812310191,2,1,0,6,5,4,3,2,1,0,1,1,1,0,0,0,0,1,1,1,0,0,0,1,1,0,0,0,0,0,0,0,0,0,0,1,1,0,0,0,-0.6864595846919511,0.4977094055766076,2.070018664102709,0.056557886997341766,1.0507324246366152,-0.20242914979757082,0.33783783783783783,-0.044617958728388175,-0.5785264590777608,1.4746752878452725,-0.125,0.5,-0.5625,0.0,-1.3125,-0.125,0.0625,-0.1875,-1.25,-0.06060606060606061
4,1,0,0,-0.15110129598419245,-0.0625,-0.5034001203189321,3,2,1,0,6,5,4,3,2,1,1,1,1,1,0,0,0,0,1,1,0,0,0,0,1,1,0,0,0,0,0,0,0,0,0,0,1,1,0,0,-0.02288198615639837,-0.6786946439681012,0.4977094055766076,2.070018664102709,0.044002036083931745,1.0571300044984253,-0.20270270270270271,0.3346346904629113,-0.045374624241393,-0.5785264590777608,0.4375,-0.125,0.5,-0.5625,0.0,-1.3125,-0.125,0.0625,-0.1875,-1.2121212121212122
5,0,1,0,-0.4997965944092519,-0.1875,-0.44102508640077404,4,3,2,1,0,6,5,4,3,2,1,1,1,1,1,0,0,0,0,1,0,0,0,0,0,1,1,0,0,0,0,0,0,0,0,0,0,1,1,0,-0.14873291001658942,-0.022623154798936708,-0.6786946439681012,0.4977094055766076,2.0574628131892987,0.056230319388214114,1.0585585585585586,-0.20078081427774677,0.3403096818104475,-0.045374624241393,-0.0625,0.4375,-0.125,0.5,-0.5625,0.0,-1.3125,-0.125,0.0625,-0.18181818181818182
6,0,1,0,-0.3138257685825535,-1.1875,-0.37427917275423167,5,4,3,2,1,0,6,5,4,3,0,1,1,1,1,1,0,0,0,0,1,0,0,0,0,0,1,1,0,0,0,0,0,0,0,0,0,0,1,1,-0.491962702362565,-0.1470505061930886,-0.022623154798936708,-0.6786946439681012,0.48515355466319754,2.0580296896086367,0.05630630630630631,1.048522030117122,-0.2041858090862685,0.3403096818104475,-0.1875,-0.0625,0.4375,-0.125,0.5,-0.5625,0.0,-1.3125,-0.125,0.06060606060606061
0,1,0,0,0.9066077759051546,0.3125,0.9848821096563185,6,5,4,3,2,1,0,6,5,4,0,0,1,1,1,1,1,0,0,0,1,1,0,0,0,0,0,1,1,0,0,0,0,0,0,0,0,0,0,1,-0.308906813111378,-0.4863978281771392,-0.1470505061930886,-0.022623154798936708,-0.6912504948815112,0.4948268106162842,2.060810810810811,0.05577244841048522,1.0663036696727355,-0.2041858090862685,-1.1875,-0.1875,-0.0625,0.4375,-0.125,0.5,-0.5625,0.0,-1.3125,-0.12121212121212122
1,1,0,0,0.7206369500784562,-0.4375,0.9415684528781428,0,6,5,4,3,2,1,0,6,5,1,0,0,1,1,1,1,1,0,0,0,1,1,0,0,0,0,0,1,1,0,0,0,0,0,0,0,0,0,0,0.8923974600995365,-0.30541258978564556,-0.4863978281771392,-0.1470505061930886,-0.035179005712346736,-0.6747638326585694,0.4954954954954955,2.041271611823759,0.05671828030174125,1.0663036696727355,0.3125,-1.1875,-0.1875,-0.0625,0.4375,-0.125,0.5,-0.5625,0.0,-1.2727272727272727
2,1,0,0,0.23246353228337296,0.0625,0.34591944039143246,1,0,6,5,4,3,2,1,0,6,1,1,0,0,1,1,1,1,1,0,0,0,1,1,0,0,0,0,0,1,0,0,0,0,0,0,0,0,0,0,0.7093415708483495,0.8823030371585316,-0.30541258978564556,-0.4863978281771392,-0.15960635710649862,-0.022492127755285647,-0.6756756756756757,0.4907975460122699,2.0758890590437296,0.05671828030174125,-0.4375,0.3125,-1.1875,-0.1875,-0.0625,0.4375,-0.125,0.5,-0.5625,0.0
3,0,0,1,-0.6044051839367698,-0.5,-0.4713361871258743,2,1,0,6,5,4,3,2,1,0,1,1,1,0,0,1,1,1,1,1,0,0,0,1,1,0,0,0,0,0,0,0,0,0,0,0,0,0,0,0,0.2288198615639837,0.7013177987670379,0.8823030371585316,-0.30541258978564556,-0.4989536790905492,-0.1461988304093567,-0.022522522522522525,-0.6692693809258226,0.499120866655323,2.0758890590437296,0.0625,-0.4375,0.3125,-1.1875,-0.1875,-0.0625,0.4375,-0.125,0.5,-0.5454545454545454
4,1,0,0,0.3370721218108908,-1.125,0.039869020385657906,3,2,1,0,6,5,4,3,2,1,0,1,1,1,0,0,1,1,1,1,0,0,0,0,1,1,0,0,0,0,1,0,0,0,0,0,0,0,0,0,-0.5949316400663577,0.22623154798936707,0.7013177987670379,0.8823030371585316,-0.3179684406990556,-0.4835807467386414,-0.1463963963963964,-0.022308979364194088,-0.680619363620895,0.499120866655323,-0.5,0.0625,-0.4375,0.3125,-1.1875,-0.1875,-0.0625,0.4375,-0.125,0.48484848484848486
5,0,1,0,-0.3370721218108908,-0.5625,-0.29679957434522264,4,3,2,1,0,6,5,4,3,2,1,0,1,1,1,0,0,1,1,1,0,0,0,0,0,1,1,0,0,0,0,1,0,0,0,0,0,0,0,0,0.3317887992677764,-0.5882020247723544,0.22623154798936707,0.7013177987670379,0.8697471862451216,-0.3036437246963562,-0.48423423423423423,-0.14500836586726157,-0.0226873121206965,-0.680619363620895,-1.125,-0.5,0.0625,-0.4375,0.3125,-1.1875,-0.1875,-0.0625,0.4375,-0.12121212121212122
6,0,1,0,-0.10460858952751784,-0.75,0.04589539591784708,5,4,3,2,1,0,6,5,4,3,0,1,0,1,1,1,0,0,1,1,1,0,0,0,0,0,1,1,0,0,0,0,1,0,0,0,0,0,0,0,-0.3317887992677764,0.3280357445845823,-0.5882020247723544,0.22623154798936707,0.6887619478536279,0.8771929824561402,-0.30405405405405406,-0.47964305633017285,-0.14746752878452726,-0.0226873121206965,-0.5625,-1.125,-0.5,0.0625,-0.4375,0.3125,-1.1875,-0.1875,-0.0625,0.42424242424242425
0,1,0,0,0.6392747137792757,-0.6875,1.0974411465641027,6,5,4,3,2,1,0,6,5,4,0,0,1,0,1,1,1,0,0,1,1,1,0,0,0,0,0,1,1,0,0,0,0,1,0,0,0,0,0,0,-0.10296893770379267,-0.3280357445845823,0.3280357445845823,-0.5882020247723544,0.21367569707595704,0.6972559604138551,0.8783783783783784,-0.30117122141662017,-0.48777721059497475,-0.14746752878452726,-0.75,-0.5625,-1.125,-0.5,0.0625,-0.4375,0.3125,-1.1875,-0.1875,-0.06060606060606061
1,1,0,0,-0.9647236589759979,-1.3125,-0.8468529260386198,0,6,5,4,3,2,1,0,6,5,1,0,0,1,0,1,1,1,0,0,0,1,1,0,0,0,0,0,1,1,0,0,0,0,1,0,0,0,0,0,0.6292546193009552,-0.10180419659521518,-0.3280357445845823,0.3280357445845823,-0.6007578756857644,0.22492127755285646,0.6981981981981982,0.8700501952035694,-0.30627871362940273,-0.48777721059497475,-0.6875,-0.75,-0.5625,-1.125,-0.5,0.0625,-0.4375,0.3125,-1.1875,-0.18181818181818182
2,1,0,0,0.9763468355901666,-0.5,1.766131282825776,1,0,6,5,4,3,2,1,0,6,1,1,0,0,1,0,1,1,1,0,0,0,1,1,0,0,0,0,0,1,0,0,0,0,0,1,0,0,0,0,-0.9496024254905324,0.6221367569707594,-0.10180419659521518,-0.3280357445845823,0.31547989367117224,-0.5847953216374268,0.22522522522522523,0.6915783602900167,0.8848051727071635,-0.30627871362940273,-1.3125,-0.6875,-0.75,-0.5625,-1.125,-0.5,0.0625,-0.4375,0.3125,-1.1515151515151516
3,1,0,0,0.5462893008659265,-1.125,0.4423661693291012,2,1,0,6,5,4,3,2,1,0,1,1,1,0,0,1,0,1,1,1,0,0,0,1,1,0,0,0,0,0,0,0,0,0,0,0,1,0,0,0,0.9610434185687315,-0.9388609241558734,0.6221367569707594,-0.10180419659521518,-0.3405915954979923,0.3261358524516419,-0.5855855855855856,0.22308979364194087,0.7033066757415916,0.8848051727071635,-0.5,-1.3125,-0.6875,-0.75,-0.5625,-1.125,-0.5,0.0625,-0.4375,0.30303030303030304
4,1,0,0,-1.1390713081885275,-1.125,-1.0120147047889059,3,2,1,0,6,5,4,3,2,1,1,1,1,1,0,0,1,0,1,1,0,0,0,0,1,1,0,0,0,0,0,0,0,0,0,0,0,1,0,0,0.5377266746753617,0.9501725015553417,-0.9388609241558734,0.6221367569707594,-0.11436004750862522,-0.3261358524516419,0.32657657657657657,-0.5800334634690463,0.226873121206965,0.7033066757415916,-1.125,-0.5,-1.3125,-0.6875,-0.75,-0.5625,-1.125,-0.5,0.0625,-0.42424242424242425
5,0,1,0,-0.5346661242517579,-0.8125,-0.3538037101878076,4,3,2,1,0,6,5,4,3,2,1,1,1,1,1,0,0,1,0,1,0,0,0,0,0,1,1,0,0,0,0,0,0,0,0,0,0,0,1,0,-1.1212173216635202,0.5316441377750126,0.9501725015553417,-0.9388609241558734,0.6095809060573495,-0.10121457489878541,-0.32657657657657657,0.32348020078081424,-0.589870115138109,0.226873121206965,-1.125,-1.125,-0.5,-1.3125,-0.6875,-0.75,-0.5625,-1.125,-0.5,0.06060606060606061
6,0,1,0,0.6044051839367698,-0.5625,0.8998577610056577,5,4,3,2,1,0,6,5,4,3,0,1,1,1,1,1,0,0,1,0,1,0,0,0,0,0,1,1,0,0,0,0,0,0,0,0,0,0,0,1,-0.5262856815971625,-1.1085345851478987,0.5316441377750126,0.9501725015553417,-0.9514167750692833,0.6185335132703552,-0.10135135135135136,-0.32348020078081424,0.32896602575009926,-0.589870115138109,-0.8125,-1.125,-1.125,-0.5,-1.3125,-0.6875,-0.75,-0.5625,-1.125,-0.48484848484848486
0,1,0,0,0.9647236589759979,-0.1875,1.67816211382789,6,5,4,3,2,1,0,6,5,4,0,0,1,1,1,1,1,0,0,1,1,1,0,0,0,0,0,1,1,0,0,0,0,0,0,0,0,0,0,0,0.5949316400663577,-0.5203325603755443,-1.1085345851478987,0.5316441377750126,0.9376166506419317,-0.9334233018443543,0.6193693693693694,-0.10039040713887339,-0.32896602575009926,0.32896602575009926,-0.5625,-0.8125,-1.125,-1.125,-0.5,-1.3125,-0.6875,-0.75,-0.5625,-1.0909090909090908
1,1,0,0,-0.10460858952751784,0.5625,-0.07659931960899244,0,6,5,4,3,2,1,0,6,5,1,0,0,1,1,1,1,1,0,0,0,1,1,0,0,0,0,0,1,1,0,0,0,0,0,0,0,0,0,0,0.9496024254905324,0.5882020247723544,-0.5203325603755443,-1.1085345851478987,0.5190882868616026,0.9446693657219971,-0.9346846846846847,0.6134969325153374,-0.10209290454313424,-0.32896602575009926,-0.1875,-0.5625,-0.8125,-1.125,-1.125,-0.5,-1.3125,-0.6875,-0.75,-0.5454545454545454
2,1,0,0,-0.41843435811007135,-0.4375,-0.30713734608881393,1,0,6,5,4,3,2,1,0,6,1,1,0,0,1,1,1,1,1,0,0,0,1,1,0,0,0,0,0,1,0,0,0,0,0,0,0,0,0,0,-0.10296893770379267,0.9388609241558734,0.5882020247723544,-0.5203325603755443,-1.1210904360613088,0.5285650022492127,0.9459459459459459,-0.9258226436140546,0.6239010833191537,-0.10209290454313424,0.5625,-0.1875,-0.5625,-0.8125,-1.125,-1.125,-0.5,-1.3125,-0.6875,-0.7272727272727273
3,1,0,0,-0.5695356540942638,-0.5625,-0.5141855634663054,2,1,0,6,5,4,3,2,1,0,1,1,1,0,0,1,1,1,1,1,0,0,0,1,1,0,0,0,0,0,0,0,0,0,0,0,0,0,0,0,-0.4118757508151707,-0.10180419659521518,0.9388609241558734,0.5882020247723544,-0.5328884112889543,-1.1021142600089966,0.5292792792792793,0.9369771332961516,-0.9415234530089047,0.6239010833191537,-0.4375,0.5625,-0.1875,-0.5625,-0.8125,-1.125,-1.125,-0.5,-1.3125,-0.6666666666666666
4,1,0,0,0.7206369500784562,-0.625,0.8377013483252397,3,2,1,0,6,5,4,3,2,1,1,1,1,1,0,0,1,1,1,1,0,0,0,0,1,1,0,0,0,0,0,0,0,0,0,0,0,0,0,0,-0.5606086608317601,-0.40721678638086073,-0.10180419659521518,0.9388609241558734,0.5756461738589443,-0.5173189383715698,-1.1036036036036037,0.524261015058561,0.952867109069253,-0.9415234530089047,-0.5625,-0.4375,0.5625,-0.1875,-0.5625,-0.8125,-1.125,-1.125,-0.5,-1.2727272727272727
5,0,1,0,-0.3254489451967222,0.5625,-0.5057307926661458,4,3,2,1,0,6,5,4,3,2,1,1,1,1,1,0,0,1,1,1,0,0,0,0,0,1,1,0,0,0,0,0,0,0,0,0,0,0,0,0,0.7093415708483495,-0.5542672925739494,-0.40721678638086073,-0.10180419659521518,0.9263050732424634,0.5847953216374268,-0.5180180180180181,-1.0931399888455102,0.5331518348363677,0.952867109069253,-0.625,-0.5625,-0.4375,0.5625,-0.1875,-0.5625,-0.8125,-1.125,-1.125,-0.48484848484848486
6,0,1,0,-0.3022025919683849,-0.375,-0.37490761224858316,5,4,3,2,1,0,6,5,4,3,0,1,1,1,1,1,0,0,1,1,1,0,0,0,0,0,1,1,0,0,0,0,0,0,0,0,0,0,0,0,-0.3203478061895772,0.7013177987670379,-0.5542672925739494,-0.40721678638086073,-0.11436004750862522,0.9334233018443543,0.5855855855855856,-0.513106525376464,-1.1116782939141285,0.5331518348363677,0.5625,-0.625,-0.5625,-0.4375,0.5625,-0.1875,-0.5625,-0.8125,-1.125,-1.0909090909090908
0,1,0,0,-0.20921717905503567,-0.875,0.18508721191292618,6,5,4,3,2,1,0,6,5,4,0,0,1,1,1,1,1,0,0,1,1,1,0,0,0,0,0,1,1,0,0,0,0,0,0,0,0,0,0,0,-0.29746582003317884,-0.3167241671851139,0.7013177987670379,-0.5542672925739494,-0.4197726372942708,-0.10121457489878541,0.9346846846846847,0.5800334634690463,-0.5218081787760195,-1.1116782939141285,-0.375,0.5625,-0.625,-0.5625,-0.4375,0.5625,-0.1875,-0.5625,-0.8125,-1.0909090909090908
1,1,0,0,-0.6044051839367698,-0.5,-0.4581327776388327,0,6,5,4,3,2,1,0,6,5,1,0,0,1,1,1,1,1,0,0,0,1,1,0,0,0,0,0,1,1,0,0,0,0,0,0,0,0,0,0,-0.20593787540758535,-0.2941010123861772,-0.3167241671851139,0.7013177987670379,-0.5668231434873594,-0.40485829959514164,-0.10135135135135136,0.9258226436140546,0.589870115138109,-0.5218081787760195,-0.875,-0.375,0.5625,-0.625,-0.5625,-0.4375,0.5625,-0.1875,-0.5625,-0.7878787878787878
2,1,0,0,-0.41843435811007135,0.75,-0.23358095600440718,1,0,6,5,4,3,2,1,0,6,1,1,0,0,1,1,1,1,1,0,0,0,1,1,0,0,0,0,0,1,0,0,0,0,0,0,0,0,0,0,-0.5949316400663577,-0.20360839319043036,-0.2941010123861772,-0.3167241671851139,0.6887619478536279,-0.5510571300044983,-0.40540540540540543,-0.10039040713887339,0.9415234530089047,0.589870115138109,-0.5,-0.875,-0.375,0.5625,-0.625,-0.5625,-0.4375,0.5625,-0.1875,-0.5454545454545454
3,1,0,0,-0.43005753472424,-0.0625,-0.38439561946385653,2,1,0,6,5,4,3,2,1,0,1,1,1,0,0,1,1,1,1,1,0,0,0,1,1,0,0,0,0,0,0,0,0,0,0,0,0,0,0,0,-0.4118757508151707,-0.5882020247723544,-0.20360839319043036,-0.2941010123861772,-0.3292800180985239,0.6972559604138551,-0.5518018018018018,-0.40156162855549354,-0.10209290454313424,0.9415234530089047,0.75,-0.5,-0.875,-0.375,0.5625,-0.625,-0.5625,-0.4375,0.5625,-0.18181818181818182
4,1,0,0,-0.7322601266926249,-1.25,-0.7407764337120901,3,2,1,0,6,5,4,3,2,1,1,1,1,1,0,0,1,1,1,1,0,0,0,0,1,1,0,0,0,0,0,0,0,0,0,0,0,0,0,0,-0.4233167438933699,-0.40721678638086073,-0.5882020247723544,-0.20360839319043036,-0.30665686329958725,-0.314889788573999,0.6981981981981982,-0.5465699944227551,-0.408371618172537,-0.10209290454313424,-0.0625,0.75,-0.5,-0.875,-0.375,0.5625,-0.625,-0.5625,-0.4375,0.5454545454545454
5,0,1,0,-0.8484918928343114,-0.1875,-0.9472433349008914,4,3,2,1,0,6,5,4,3,2,1,1,1,1,1,0,0,1,1,1,0,0,0,0,0,1,1,0,0,0,0,0,0,0,0,0,0,0,0,0,-0.7207825639265487,-0.4185283637803291,-0.40721678638086073,-0.5882020247723544,-0.2161642441038404,-0.2923976608187134,-0.3153153153153153,0.6915783602900167,-0.5558391469570643,-0.408371618172537,-1.25,-0.0625,0.75,-0.5,-0.875,-0.375,0.5625,-0.625,-0.5625,-0.42424242424242425
6,0,1,0,0.3486952984250595,-0.8125,0.08510739382047372,5,4,3,2,1,0,6,5,4,3,0,1,1,1,1,1,0,0,1,1,1,0,0,0,0,0,1,1,0,0,0,0,0,0,0,0,0,0,0,0,-0.8351924947085405,-0.7126293761665063,-0.4185283637803291,-0.40721678638086073,-0.6007578756857644,-0.20242914979757082,-0.2927927927927928,-0.3123257110987172,0.7033066757415916,-0.5558391469570643,-0.1875,-1.25,-0.0625,0.75,-0.5,-0.875,-0.375,0.5625,-0.625,-0.5454545454545454
0,1,0,0,0.08136223629918055,-0.9375,0.30598746017935824,6,5,4,3,2,1,0,6,5,4,0,0,1,1,1,1,1,0,0,1,1,1,0,0,0,0,0,1,1,0,0,0,0,0,0,0,0,0,0,0,0.34322979234597556,-0.8257451501611899,-0.7126293761665063,-0.4185283637803291,-0.4197726372942708,-0.5847953216374268,-0.20270270270270271,-0.29001673173452314,-0.317622369689751,0.7033066757415916,-0.8125,-0.1875,-1.25,-0.0625,0.75,-0.5,-0.875,-0.375,0.5625,-0.6060606060606061
1,1,0,0,0.5346661242517579,-0.6875,0.29397642482818825,0,6,5,4,3,2,1,0,6,5,1,0,0,1,1,1,1,1,0,0,0,1,1,0,0,0,0,0,1,1,0,0,0,0,0,0,0,0,0,0,0.0800869515473943,0.3393473219840506,-0.8257451501611899,-0.7126293761665063,-0.43108421469373914,-0.40485829959514164,-0.5855855855855856,-0.20078081427774677,-0.2949350575690545,-0.317622369689751,-0.9375,-0.8125,-0.1875,-1.25,-0.0625,0.75,-0.5,-0.875,-0.375,0.5454545454545454
2,1,0,0,-0.17434764921252974,0.125,0.010867329547374856,1,0,6,5,4,3,2,1,0,6,1,1,0,0,1,1,1,1,1,0,0,0,1,1,0,0,0,0,0,1,0,0,0,0,0,0,0,0,0,0,0.5262856815971625,0.07918104179627848,0.3393473219840506,-0.8257451501611899,-0.7251852270799163,-0.41610436347278446,-0.40540540540540543,-0.5800334634690463,-0.2041858090862685,-0.2949350575690545,-0.6875,-0.9375,-0.8125,-0.1875,-1.25,-0.0625,0.75,-0.5,-0.875,-0.36363636363636365
3,1,0,0,-0.37194165165339677,-0.4375,-0.44465821601593697,2,1,0,6,5,4,3,2,1,0,1,1,1,0,0,1,1,1,1,1,0,0,0,1,1,0,0,0,0,0,0,0,0,0,0,0,0,0,0,0,-0.17161489617298778,0.5203325603755443,0.07918104179627848,0.3393473219840506,-0.8383010010745998,-0.7085020242914979,-0.4166666666666667,-0.40156162855549354,-0.589870115138109,-0.2041858090862685,0.125,-0.6875,-0.9375,-0.8125,-0.1875,-1.25,-0.0625,0.75,-0.5,-0.8484848484848485
4,1,0,0,-0.22084035566920432,-0.25,-0.3688831679994129,3,2,1,0,6,5,4,3,2,1,1,1,1,1,0,0,1,1,1,1,0,0,0,0,1,1,0,0,0,0,0,0,0,0,0,0,0,0,0,0,-0.3661117785023739,-0.1696736609920253,0.5203325603755443,0.07918104179627848,0.3267914710706406,-0.8209626630679261,-0.7094594594594594,-0.4127161182375906,-0.408371618172537,-0.589870115138109,-0.4375,0.125,-0.6875,-0.9375,-0.8125,-0.1875,-1.25,-0.0625,0.75,-0.48484848484848486
5,0,1,0,0.6741442436217816,0.625,0.9625591817540106,4,3,2,1,0,6,5,4,3,2,1,1,1,1,1,0,0,1,1,1,0,0,0,0,0,1,1,0,0,0,0,0,0,0,0,0,0,0,0,0,-0.21737886848578453,-0.3619704767829873,-0.1696736609920253,0.5203325603755443,0.06662519088286845,0.3373819163292847,-0.8220720720720721,-0.7027328499721137,-0.41971527423288524,-0.408371618172537,-0.25,-0.4375,0.125,-0.6875,-0.9375,-0.8125,-0.1875,-1.25,-0.0625,0.7272727272727273
6,0,1,0,0.24408670889754164,0.125,0.21165625866059729,5,4,3,2,1,0,6,5,4,3,0,1,1,1,1,1,0,0,1,1,1,0,0,0,0,0,1,1,0,0,0,0,0,0,0,0,0,0,0,0,0.6635775985355528,-0.21491997058989873,-0.3619704767829873,-0.1696736609920253,0.5077767094621343,0.07872244714349975,0.33783783783783783,-0.8142777467930842,-0.7146503318019397,-0.41971527423288524,0.625,-0.25,-0.4375,0.125,-0.6875,-0.9375,-0.8125,-0.1875,-1.25,-0.06060606060606061
0,0,0,1,-0.7090137734642876,-0.625,-0.5096385507265969,6,5,4,3,2,1,0,6,5,4,0,0,1,1,1,1,1,0,0,1,1,1,0,0,0,0,0,1,1,0,0,0,0,0,0,0,0,0,0,0,0.24026085464218289,0.6560714891691646,-0.21491997058989873,-0.3619704767829873,-0.18222951190543535,0.5173189383715698,0.07882882882882883,0.3346346904629113,-0.8280868924054222,-0.7146503318019397,0.125,0.625,-0.25,-0.4375,0.125,-0.6875,-0.9375,-0.8125,-0.1875,-1.2121212121212122
1,1,0,0,-0.5346661242517579,0.0,-0.4312276876458722,0,6,5,4,3,2,1,0,6,5,0,0,0,1,1,1,1,1,0,0,0,1,1,0,0,0,0,0,1,1,1,0,0,0,0,0,0,0,0,0,-0.6979005777701504,0.23754312538883543,0.6560714891691646,-0.21491997058989873,-0.3745263276963974,-0.16869095816464236,0.5180180180180181,0.0780814277746793,0.3403096818104475,-0.8280868924054222,-0.625,0.125,0.625,-0.25,-0.4375,0.125,-0.6875,-0.9375,-0.8125,-0.18181818181818182
2,1,0,0,-1.092578601731853,0.0,-0.9286153376703512,1,0,6,5,4,3,2,1,0,6,1,0,0,0,1,1,1,1,1,0,0,0,1,1,0,0,0,0,0,1,0,1,0,0,0,0,0,0,0,0,-0.5262856815971625,-0.6900062213675696,0.23754312538883543,0.6560714891691646,-0.22747582150330875,-0.35987404408457035,-0.16891891891891891,0.513106525376464,0.07940559242243775,0.3403096818104475,0.0,-0.625,0.125,0.625,-0.25,-0.4375,0.125,-0.6875,-0.9375,-0.7878787878787878
3,1,0,0,-0.11623176614168648,0.1875,0.03111683200058711,2,1,0,6,5,4,3,2,1,0,1,1,0,0,0,1,1,1,1,1,0,0,0,1,1,0,0,0,0,0,0,0,1,0,0,0,0,0,0,0,-1.0754533493507235,-0.5203325603755443,-0.6900062213675696,0.23754312538883543,0.6435156382557545,-0.21367521367521364,-0.3603603603603604,-0.16731734523145564,0.5218081787760195,0.07940559242243775,0.0,0.0,-0.625,0.125,0.625,-0.25,-0.4375,0.125,-0.6875,-0.9090909090909091
4,1,0,0,-0.4765502411809146,-1.125,-0.6699933660428301,3,2,1,0,6,5,4,3,2,1,1,1,1,0,0,0,1,1,1,1,0,0,0,0,1,1,0,0,0,0,0,0,0,1,0,0,0,0,0,0,-0.11440993078199185,-1.0632882755500253,-0.5203325603755443,-0.6900062213675696,0.2249872744754254,0.6522717049032838,-0.21396396396396397,-0.3569436698271054,-0.17015484090522376,0.5218081787760195,0.1875,0.0,0.0,-0.625,0.125,0.625,-0.25,-0.4375,0.125,-0.6666666666666666
5,0,1,0,-1.2088103678735396,-0.5625,-1.2013229288679494,4,3,2,1,0,6,5,4,3,2,1,1,1,1,0,0,0,1,1,1,0,0,0,0,0,1,1,0,0,0,0,0,0,0,1,0,0,0,0,0,-0.4690807162061666,-0.11311577399468353,-1.0632882755500253,-0.5203325603755443,-0.7025620722809797,0.23616734143049928,0.6531531531531531,-0.21193530395984383,-0.362996993931144,-0.17015484090522376,-1.125,0.1875,0.0,0.0,-0.625,0.125,0.625,-0.25,-0.4375,0.12121212121212122
6,0,1,0,-0.40681118149590273,-0.75,-0.5891274559884742,5,4,3,2,1,0,6,5,4,3,0,1,1,1,1,0,0,0,1,1,1,0,0,0,0,0,1,1,0,0,0,0,0,0,0,1,0,0,0,0,-1.1898632801327154,-0.4637746733782025,-0.11311577399468353,-1.0632882755500253,-0.5328884112889543,-0.6860098965362122,0.23648648648648649,0.6469604015616285,-0.21552946514661675,-0.362996993931144,-0.5625,-1.125,0.1875,0.0,0.0,-0.625,0.125,0.625,-0.25,-0.42424242424242425
0,1,0,0,-0.5927820073226011,-1.0,-0.4979859615037356,6,5,4,3,2,1,0,6,5,4,0,0,1,1,1,1,0,0,0,1,1,1,0,0,0,0,0,1,1,0,0,0,0,0,0,0,1,0,0,0,-0.4004347577369715,-1.1764040495447088,-0.4637746733782025,-0.11311577399468353,-1.0758441264634353,-0.5173189383715698,-0.6869369369369369,0.2342442833240379,0.6579320515001985,-0.21552946514661675,-0.75,-0.5625,-1.125,0.1875,0.0,0.0,-0.625,0.125,0.625,-0.24242424242424243
1,1,0,0,-0.17434764921252974,0.25,-0.2199437803513197,0,6,5,4,3,2,1,0,6,5,1,0,0,1,1,1,1,0,0,0,0,1,1,0,0,0,0,0,1,1,0,0,0,0,0,0,0,1,0,0,-0.5834906469881584,-0.39590520898139236,-1.1764040495447088,-0.4637746733782025,-0.12567162490809355,-1.0571300044984253,-0.5180180180180181,-0.6804238706079196,0.23821677726731325,0.6579320515001985,-1.0,-0.75,-0.5625,-1.125,0.1875,0.0,0.0,-0.625,0.125,0.6060606060606061
2,1,0,0,-0.23246353228337296,0.25,-0.17507080566368058,1,0,6,5,4,3,2,1,0,6,1,1,0,0,1,1,1,1,0,0,0,0,1,1,0,0,0,0,0,1,0,0,0,0,0,0,0,0,1,0,-0.17161489617298778,-0.5768904473728861,-0.39590520898139236,-1.1764040495447088,-0.47633052429161254,-0.11246063877642823,-1.0585585585585586,-0.513106525376464,-0.6919630196812433,0.23821677726731325,0.25,-1.0,-0.75,-0.5625,-1.125,0.1875,0.0,0.0,-0.625,0.12121212121212122
3,1,0,0,-0.11623176614168648,0.0625,-0.1434020129762906,2,1,0,6,5,4,3,2,1,0,1,1,1,0,0,1,1,1,1,0,0,0,0,1,1,0,0,0,0,0,0,0,0,0,0,0,0,0,0,1,-0.2288198615639837,-0.1696736609920253,-0.5768904473728861,-0.39590520898139236,-1.1889599004581188,-0.46108861898335574,-0.11261261261261261,-1.048522030117122,-0.5218081787760195,-0.6919630196812433,0.25,0.25,-1.0,-0.75,-0.5625,-1.125,0.1875,0.0,0.0,-0.6060606060606061
4,1,0,0,0.05811588307084324,0.25,-0.09599210491501872,3,2,1,0,6,5,4,3,2,1,1,1,1,1,0,0,1,1,1,1,0,0,0,0,1,1,0,0,0,0,0,0,0,0,0,0,0,0,0,0,-0.11440993078199185,-0.22623154798936707,-0.1696736609920253,-0.5768904473728861,-0.4084610598948024,-1.1695906432748535,-0.4617117117117117,-0.11154489682097044,-1.0663036696727355,-0.5218081787760195,0.0625,0.25,0.25,-1.0,-0.75,-0.5625,-1.125,0.1875,0.0,0.0
5,0,1,0,-0.9763468355901666,0.125,-0.8869227998582438,4,3,2,1,0,6,5,4,3,2,1,1,1,1,1,0,0,1,1,1,0,0,0,0,0,1,1,0,0,0,0,0,0,0,0,0,0,0,0,0,0.05720496539099593,-0.11311577399468353,-0.22623154798936707,-0.1696736609920253,-0.589446298286296,-0.3936122357174988,-1.1711711711711712,-0.4573340769659788,-0.1134365606034825,-1.0663036696727355,0.25,0.0625,0.25,0.25,-1.0,-0.75,-0.5625,-1.125,0.1875,0.0
6,0,1,0,-0.4533038879525773,0.0,-0.43313734029496487,5,4,3,2,1,0,6,5,4,3,0,1,1,1,1,1,0,0,1,1,1,0,0,0,0,0,1,1,0,0,0,0,0,0,0,0,0,0,0,0,-0.9610434185687315,0.056557886997341766,-0.11311577399468353,-0.22623154798936707,-0.18222951190543535,-0.5735492577597839,-0.39414414414414417,-1.1600669269380925,-0.46508989847427823,-0.1134365606034825,0.125,0.25,0.0625,0.25,0.25,-1.0,-0.75,-0.5625,-1.125,0.18181818181818182
0,1,0,0,-0.24408670889754164,-0.5625,-0.16612394395030422,6,5,4,3,2,1,0,6,5,4,0,0,1,1,1,1,1,0,0,1,1,1,0,0,0,0,0,1,1,0,0,0,0,0,0,0,0,0,0,0,-0.44619873004976823,-0.9501725015553417,0.056557886997341766,-0.11311577399468353,-0.23878739890277711,-0.16869095816464236,-0.5743243243243243,-0.3904071388733965,-1.179740230276218,-0.46508989847427823,0.0,0.125,0.25,0.0625,0.25,0.25,-1.0,-0.75,-0.5625,-1.0909090909090908
1,1,0,0,0.6508978903934444,-0.4375,0.03632163973653437,0,6,5,4,3,2,1,0,6,5,1,0,0,1,1,1,1,1,0,0,0,1,1,0,0,0,0,0,1,1,0,0,0,0,0,0,0,0,0,0,-0.24026085464218289,-0.4411515185792658,-0.9501725015553417,0.056557886997341766,-0.12567162490809355,-0.22492127755285646,-0.16891891891891891,-0.5688789737869492,-0.39702796211218877,-1.179740230276218,-0.5625,0.0,0.125,0.25,0.0625,0.25,0.25,-1.0,-0.75,-0.5454545454545454
2,1,0,0,0.7090137734642876,0.1875,0.6393176390837607,1,0,6,5,4,3,2,1,0,6,1,1,0,0,1,1,1,1,1,0,0,0,1,1,0,0,0,0,0,1,0,0,0,0,0,0,0,0,0,0,0.6406956123791544,-0.23754312538883543,-0.4411515185792658,-0.9501725015553417,0.044002036083931745,-0.11246063877642823,-0.22522522522522523,-0.16731734523145564,-0.5785264590777608,-0.39702796211218877,-0.4375,-0.5625,0.0,0.125,0.25,0.0625,0.25,0.25,-1.0,-0.7272727272727273
3,1,0,0,0.023246353228337298,0.1875,0.2618097473785247,2,1,0,6,5,4,3,2,1,0,1,1,1,0,0,1,1,1,1,1,0,0,0,1,1,0,0,0,0,0,0,0,0,0,0,0,0,0,0,0,0.6979005777701504,0.6334483343702279,-0.23754312538883543,-0.4411515185792658,-0.9627283524687518,0.056230319388214114,-0.11261261261261261,-0.22308979364194087,-0.17015484090522376,-0.5785264590777608,0.1875,-0.4375,-0.5625,0.0,0.125,0.25,0.0625,0.25,0.25,-0.9696969696969697
4,1,0,0,-0.3370721218108908,-0.25,-0.2537250104047873,3,2,1,0,6,5,4,3,2,1,1,1,1,1,0,0,1,1,1,1,0,0,0,0,1,1,0,0,0,0,0,0,0,0,0,0,0,0,0,0,0.02288198615639837,0.6900062213675696,0.6334483343702279,-0.23754312538883543,-0.4537073694926758,-0.9446693657219971,0.05630630630630631,-0.11154489682097044,-0.226873121206965,-0.17015484090522376,0.1875,0.1875,-0.4375,-0.5625,0.0,0.125,0.25,0.0625,0.25,0.24242424242424243
5,0,1,0,1.127448131574359,0.375,0.8353529081742519,4,3,2,1,0,6,5,4,3,2,1,1,1,1,1,0,0,1,1,1,0,0,0,0,0,1,1,0,0,0,0,0,0,0,0,0,0,0,0,0,-0.3317887992677764,0.022623154798936708,0.6900062213675696,0.6334483343702279,-0.2500989763022455,-0.4385964912280701,-0.9459459459459459,0.05577244841048522,-0.1134365606034825,-0.226873121206965,-0.25,0.1875,0.1875,-0.4375,-0.5625,0.0,0.125,0.25,0.0625,0.24242424242424243
6,0,1,0,1.3482884872435632,0.4375,1.4924534150394801,5,4,3,2,1,0,6,5,4,3,0,1,1,1,1,1,0,0,1,1,1,0,0,0,0,0,1,1,0,0,0,0,0,0,0,0,0,0,0,0,1.109776328585321,-0.3280357445845823,0.022623154798936708,0.6900062213675696,0.6208924834568178,-0.23616734143049928,-0.4391891891891892,-0.9369771332961516,0.05671828030174125,-0.1134365606034825,0.375,-0.25,0.1875,0.1875,-0.4375,-0.5625,0.0,0.125,0.25,0.06060606060606061
0,0,0,1,1.4993897832277556,-1.1875,0.612728506992693,6,5,4,3,2,1,0,6,5,4,0,0,1,1,1,1,1,0,0,1,1,1,0,0,0,0,0,1,1,0,0,0,0,0,0,0,0,0,0,0,1.3271551970711055,1.0972230077484304,-0.3280357445845823,0.022623154798936708,0.6774503704541596,0.629779577147998,-0.23648648648648649,-0.4350250976017847,-0.952867109069253,0.05671828030174125,0.4375,0.375,-0.25,0.1875,0.1875,-0.4375,-0.5625,0.0,0.125,0.24242424242424243
1,1,0,0,0.41843435811007135,-1.125,0.05050691351038692,0,6,5,4,3,2,1,0,6,5,0,0,0,1,1,1,1,1,0,0,0,1,1,0,0,0,0,0,1,1,1,0,0,0,0,0,0,0,0,0,1.475888107087695,1.3121429783383292,1.0972230077484304,-0.3280357445845823,0.010067303885526681,0.6860098965362122,0.6306306306306306,-0.2342442833240379,-0.44240258635358176,-0.952867109069253,-1.1875,0.4375,0.375,-0.25,0.1875,0.1875,-0.4375,-0.5625,0.0,0.12121212121212122
2,1,0,0,1.4296507235427438,0.3125,1.0976304122999554,1,0,6,5,4,3,2,1,0,6,1,0,0,0,1,1,1,1,1,0,0,0,1,1,0,0,0,0,0,1,0,1,0,0,0,0,0,0,0,0,0.4118757508151707,1.4591934845314176,1.3121429783383292,1.0972230077484304,-0.3405915954979923,0.022492127755285647,0.6869369369369369,0.6246514221974344,-0.23821677726731325,-0.44240258635358176,-1.125,-1.1875,0.4375,0.375,-0.25,0.1875,0.1875,-0.4375,-0.5625,0.0
3,1,0,0,0.46492706456674593,0.625,0.3818598448600351,2,1,0,6,5,4,3,2,1,0,1,1,0,0,0,1,1,1,1,1,0,0,0,1,1,0,0,0,0,0,0,0,1,0,0,0,0,0,0,0,1.4072421486184998,0.40721678638086073,1.4591934845314176,1.3121429783383292,1.0846671568350204,-0.3261358524516419,0.022522522522522525,0.6804238706079196,0.635244739379502,-0.23821677726731325,0.3125,-1.125,-1.1875,0.4375,0.375,-0.25,0.1875,0.1875,-0.4375,-0.5454545454545454
4,1,0,0,0.8019991863776368,0.4375,0.6567103876954097,3,2,1,0,6,5,4,3,2,1,1,1,1,0,0,0,1,1,1,1,0,0,0,0,1,1,0,0,0,0,0,0,0,1,0,0,0,0,0,0,0.4576397231279674,1.3913240201346075,0.40721678638086073,1.4591934845314176,1.299587127424919,1.0908681961313538,-0.32657657657657657,0.022308979364194088,0.6919630196812433,0.635244739379502,0.625,0.3125,-1.125,-1.1875,0.4375,0.375,-0.25,0.1875,0.1875,-0.42424242424242425
5,0,1,0,-0.3370721218108908,0.0,-0.30583836513029883,4,3,2,1,0,6,5,4,3,2,1,1,1,1,0,0,0,1,1,1,0,0,0,0,0,1,1,0,0,0,0,0,0,0,1,0,0,0,0,0,0.7894285223957438,0.45246309597873413,1.3913240201346075,0.40721678638086073,1.4466376336180076,1.3045434098065676,1.0923423423423424,-0.32348020078081424,0.0226873121206965,0.6919630196812433,0.4375,0.625,0.3125,-1.125,-1.1875,0.4375,0.375,-0.25,0.1875,0.18181818181818182
6,0,1,0,-0.3486952984250595,0.125,0.0596492210652764,5,4,3,2,1,0,6,5,4,3,0,1,1,1,1,0,0,0,1,1,1,0,0,0,0,0,1,1,0,0,0,0,0,0,0,1,0,0,0,0,-0.3317887992677764,0.7804988405633164,0.45246309597873413,1.3913240201346075,0.39466093546745074,1.4507422402159242,1.3063063063063063,1.0819854991634132,-0.32896602575009926,0.0226873121206965,0.0,0.4375,0.625,0.3125,-1.125,-1.1875,0.4375,0.375,-0.25,0.18181818181818182
0,0,0,1,-0.41843435811007135,-0.625,-0.015145507690851802,6,5,4,3,2,1,0,6,5,4,0,0,1,1,1,1,0,0,0,1,1,1,0,0,0,0,0,1,1,0,0,0,0,0,0,0,1,0,0,0,-0.34322979234597556,-0.3280357445845823,0.7804988405633164,0.45246309597873413,1.3787681692211975,0.40485829959514164,1.4527027027027029,1.293920803123257,1.1003346378537802,-0.32896602575009926,0.125,0.0,0.4375,0.625,0.3125,-1.125,-1.1875,0.4375,0.375,-0.24242424242424243
1,1,0,0,-0.26733306212587893,0.1875,-0.5837596479657313,0,6,5,4,3,2,1,0,6,5,0,0,0,1,1,1,1,0,0,0,0,1,1,0,0,0,0,0,1,1,1,0,0,0,0,0,0,1,0,0,-0.4118757508151707,-0.3393473219840506,-0.3280357445845823,0.7804988405633164,0.43990724506532414,1.3832658569500673,0.40540540540540543,1.4389291689905186,1.315864103000397,1.1003346378537802,-0.625,0.125,0.0,0.4375,0.625,0.3125,-1.125,-1.1875,0.4375,0.36363636363636365
2,1,0,0,-0.7322601266926249,-0.625,-1.0099837675662262,1,0,6,5,4,3,2,1,0,6,1,0,0,0,1,1,1,1,0,0,0,0,1,1,0,0,0,0,0,1,0,1,0,0,0,0,0,0,1,0,-0.26314284079858125,-0.40721678638086073,-0.3393473219840506,-0.3280357445845823,0.7679429896499064,0.4498425551057129,1.385135135135135,0.40156162855549354,1.4633316317849243,1.315864103000397,0.1875,-0.625,0.125,0.0,0.4375,0.625,0.3125,-1.125,-1.1875,0.42424242424242425
3,1,0,0,-0.43005753472424,-0.9375,-0.5763863956561582,2,1,0,6,5,4,3,2,1,0,1,1,0,0,0,1,1,1,1,0,0,0,0,1,1,0,0,0,0,0,0,0,1,0,0,0,0,0,0,1,-0.7207825639265487,-0.26016628018777216,-0.40721678638086073,-0.3393473219840506,-0.3405915954979923,0.7759784075573548,0.45045045045045046,1.3720022308979363,0.408371618172537,1.4633316317849243,-0.625,0.1875,-0.625,0.125,0.0,0.4375,0.625,0.3125,-1.125,-1.1515151515151516
4,1,0,0,0.5927820073226011,-0.0625,-0.1313909776251206,3,2,1,0,6,5,4,3,2,1,1,1,1,0,0,0,1,1,1,1,0,0,0,0,1,1,0,0,0,0,0,0,0,1,0,0,0,0,0,0,-0.4233167438933699,-0.7126293761665063,-0.26016628018777216,-0.40721678638086073,-0.35190317289746065,-0.3261358524516419,0.7770270270270271,0.44617958728388174,1.3952696954228347,0.408371618172537,-0.9375,-0.625,0.1875,-0.625,0.125,0.0,0.4375,0.625,0.3125,-1.0909090909090908
5,0,1,0,-0.22084035566920432,-0.25,-0.29566320741689933,4,3,2,1,0,6,5,4,3,2,1,1,1,1,0,0,0,1,1,1,0,0,0,0,0,1,1,0,0,0,0,0,0,0,1,0,0,0,0,0,0.5834906469881584,-0.4185283637803291,-0.7126293761665063,-0.26016628018777216,-0.4197726372942708,-0.3373819163292847,-0.32657657657657657,0.769659788064696,0.45374624241393,1.3952696954228347,-0.0625,-0.9375,-0.625,0.1875,-0.625,0.125,0.0,0.4375,0.625,0.30303030303030304
6,0,1,0,0.1627244725983611,0.0625,0.37318297651270155,5,4,3,2,1,0,6,5,4,3,0,1,1,1,1,0,0,0,1,1,1,0,0,0,0,0,1,1,0,0,0,0,0,0,0,1,0,0,0,0,-0.21737886848578453,0.5768904473728861,-0.4185283637803291,-0.7126293761665063,-0.27272213110118215,-0.40485829959514164,-0.33783783783783783,-0.32348020078081424,0.7827122681640293,0.45374624241393,-0.25,-0.0625,-0.9375,-0.625,0.1875,-0.625,0.125,0.0,0.4375,0.6060606060606061
0,1,0,0,-0.5462893008659265,-0.9375,-0.3736348967391252,6,5,4,3,2,1,0,6,5,4,0,0,1,1,1,1,0,0,0,1,1,1,0,0,0,0,0,1,1,0,0,0,0,0,0,0,1,0,0,0,0.1601739030947886,-0.21491997058989873,0.5768904473728861,-0.4185283637803291,-0.7251852270799163,-0.2586594691857849,-0.40540540540540543,-0.3346346904629113,-0.32896602575009926,0.7827122681640293,0.0625,-0.25,-0.0625,-0.9375,-0.625,0.1875,-0.625,0.125,0.0,0.42424242424242425
1,1,0,0,-0.10460858952751784,-0.0625,0.005090862037831903,0,6,5,4,3,2,1,0,6,5,1,0,0,1,1,1,1,0,0,0,0,1,1,0,0,0,0,0,1,1,0,0,0,0,0,0,0,1,0,0,-0.5377266746753617,0.15836208359255696,-0.21491997058989873,0.5768904473728861,-0.43108421469373914,-0.7085020242914979,-0.25900900900900903,-0.40156162855549354,-0.3403096818104475,-0.32896602575009926,-0.9375,0.0625,-0.25,-0.0625,-0.9375,-0.625,0.1875,-0.625,0.125,0.0
2,1,0,0,0.09298541291334919,0.8125,0.2132252329851552,1,0,6,5,4,3,2,1,0,6,1,1,0,0,1,1,1,1,0,0,0,0,1,1,0,0,0,0,0,1,0,0,0,0,0,0,0,0,1,0,-0.10296893770379267,-0.5316441377750126,0.15836208359255696,-0.21491997058989873,0.564334596459476,-0.41610436347278446,-0.7094594594594594,-0.256553262688232,-0.408371618172537,-0.3403096818104475,-0.0625,-0.9375,0.0625,-0.25,-0.0625,-0.9375,-0.625,0.1875,-0.625,0.12121212121212122
3,1,0,0,-0.5114197710234205,0.6875,-0.2781526505410972,2,1,0,6,5,4,3,2,1,0,1,1,1,0,0,1,1,1,1,0,0,0,0,1,1,0,0,0,0,0,0,0,0,0,0,0,0,0,0,1,0.09152794462559348,-0.10180419659521518,-0.5316441377750126,0.15836208359255696,-0.22747582150330875,0.5735492577597839,-0.4166666666666667,-0.7027328499721137,-0.26090408938800974,-0.408371618172537,0.8125,-0.0625,-0.9375,0.0625,-0.25,-0.0625,-0.9375,-0.625,0.1875,-0.6060606060606061
4,1,0,0,-0.6741442436217816,0.0625,-0.52351636424384,3,2,1,0,6,5,4,3,2,1,1,1,1,1,0,0,1,1,1,1,0,0,0,0,1,1,0,0,0,0,0,0,0,0,0,0,0,0,0,0,-0.5034036954407641,0.09049261919574683,-0.10180419659521518,-0.5316441377750126,0.14580623267914694,-0.21367521367521364,0.5743243243243243,-0.4127161182375906,-0.7146503318019397,-0.26090408938800974,0.6875,0.8125,-0.0625,-0.9375,0.0625,-0.25,-0.0625,-0.9375,-0.625,0.18181818181818182
5,0,1,0,0.05811588307084324,-0.0625,0.49090201539039435,4,3,2,1,0,6,5,4,3,2,1,1,1,1,1,0,0,1,1,1,0,0,0,0,0,1,1,0,0,0,0,0,0,0,0,0,0,0,0,0,-0.6635775985355528,-0.4977094055766076,0.09049261919574683,-0.10180419659521518,-0.5441999886884227,0.1574448942869995,-0.21396396396396397,0.5688789737869492,-0.41971527423288524,-0.7146503318019397,0.0625,0.6875,0.8125,-0.0625,-0.9375,0.0625,-0.25,-0.0625,-0.9375,-0.6060606060606061
6,0,1,0,0.7903760097634681,0.25,1.0936890499149752,5,4,3,2,1,0,6,5,4,3,0,1,1,1,1,1,0,0,1,1,1,0,0,0,0,0,1,1,0,0,0,0,0,0,0,0,0,0,0,0,0.05720496539099593,-0.6560714891691646,-0.4977094055766076,0.09049261919574683,-0.11436004750862522,-0.5285650022492127,0.15765765765765766,-0.21193530395984383,0.5785264590777608,-0.41971527423288524,-0.0625,0.0625,0.6875,0.8125,-0.0625,-0.9375,0.0625,-0.25,-0.0625,-0.9090909090909091
0,1,0,0,0.3603184750392281,-0.75,0.23475324479688214,6,5,4,3,2,1,0,6,5,4,0,0,1,1,1,1,1,0,0,1,1,1,0,0,0,0,0,1,1,0,0,0,0,0,0,0,0,0,0,0,0.7779875293175447,0.056557886997341766,-0.6560714891691646,-0.4977094055766076,0.07793676828233681,-0.10121457489878541,-0.5292792792792793,0.1561628555493586,-0.21552946514661675,0.5785264590777608,0.25,-0.0625,0.0625,0.6875,0.8125,-0.0625,-0.9375,0.0625,-0.25,-0.06060606060606061
1,1,0,0,1.4645202533852497,-0.625,2.4049576035095277,0,6,5,4,3,2,1,0,6,5,1,0,0,1,1,1,1,1,0,0,0,1,1,0,0,0,0,0,1,1,0,0,0,0,0,0,0,0,0,0,0.35467078542417474,0.7691872631638481,0.056557886997341766,-0.6560714891691646,-0.5102652564900176,0.08996851102114259,-0.10135135135135136,-0.524261015058561,0.1588111848448755,-0.21552946514661675,-0.75,0.25,-0.0625,0.0625,0.6875,0.8125,-0.0625,-0.9375,0.0625,-0.24242424242424243
2,1,0,0,0.5695356540942638,0.125,1.1127399981266555,1,0,6,5,4,3,2,1,0,6,1,1,0,0,1,1,1,1,1,0,0,0,1,1,0,0,0,0,0,1,0,0,0,0,0,0,0,0,0,0,1.4415651278530974,0.35065889938351896,0.7691872631638481,0.056557886997341766,-0.6686273400825745,-0.4948268106162842,0.0900900900900901,-0.10039040713887339,-0.5331518348363677,0.1588111848448755,-0.625,-0.75,0.25,-0.0625,0.0625,0.6875,0.8125,-0.0625,-0.9375,0.06060606060606061
3,1,0,0,0.0,0.9375,0.26724321902391024,2,1,0,6,5,4,3,2,1,0,1,1,1,0,0,1,1,1,1,1,0,0,0,1,1,0,0,0,0,0,0,0,0,0,0,0,0,0,0,0,0.5606086608317601,1.4252587523330127,0.35065889938351896,0.7691872631638481,0.044002036083931745,-0.6522717049032838,-0.4954954954954955,0.08923591745677635,-0.10209290454313424,-0.5331518348363677,0.125,-0.625,-0.75,0.25,-0.0625,0.0625,0.6875,0.8125,-0.0625,-0.9090909090909091
4,1,0,0,-0.03486952984250594,0.875,0.05208284045381288,3,2,1,0,6,5,4,3,2,1,1,1,1,1,0,0,1,1,1,1,0,0,0,0,1,1,0,0,0,0,0,0,0,0,0,0,0,0,0,0,0.0,0.5542672925739494,1.4252587523330127,0.35065889938351896,0.7566314122504381,0.056230319388214114,-0.6531531531531531,-0.4907975460122699,0.090749248482786,-0.10209290454313424,0.9375,0.125,-0.625,-0.75,0.25,-0.0625,0.0625,0.6875,0.8125,-0.06060606060606061
5,0,1,0,-0.9763468355901666,-0.4375,-0.8013094098868172,4,3,2,1,0,6,5,4,3,2,1,1,1,1,1,0,0,1,1,1,0,0,0,0,0,1,1,0,0,0,0,0,0,0,0,0,0,0,0,0,-0.03432297923459756,0.0,0.5542672925739494,1.4252587523330127,0.33810304847010897,0.764732343679712,0.05630630630630631,-0.6469604015616285,-0.499120866655323,0.090749248482786,0.875,0.9375,0.125,-0.625,-0.75,0.25,-0.0625,0.0625,0.6875,0.7878787878787878
6,0,0,1,0.0,-0.25,0.24858548003487896,5,4,3,2,1,0,6,5,4,3,0,1,1,1,1,1,0,0,1,1,1,0,0,0,0,0,1,1,0,0,0,0,0,0,0,0,0,0,0,0,-0.9610434185687315,-0.03393473219840506,0.0,0.5542672925739494,1.4127029014196026,0.34862798020692753,0.7657657657657658,0.05577244841048522,-0.6579320515001985,-0.499120866655323,-0.4375,0.875,0.9375,0.125,-0.625,-0.75,0.25,-0.0625,0.0625,0.6666666666666666
0,1,0,0,-0.8019991863776368,-0.625,-0.5922267789772119,6,5,4,3,2,1,0,6,5,4,0,0,1,1,1,1,1,0,0,1,0,1,0,0,0,0,0,1,1,0,1,0,0,0,0,0,0,0,0,0,0.0,-0.9501725015553417,-0.03393473219840506,0.0,0.5417114416605393,1.4170040485829958,0.3490990990990991,0.758505298382599,0.05671828030174125,-0.6579320515001985,-0.25,-0.4375,0.875,0.9375,0.125,-0.625,-0.75,0.25,-0.0625,0.06060606060606061
1,1,0,0,0.3022025919683849,-0.375,0.5158804574436958,0,6,5,4,3,2,1,0,6,5,1,0,0,1,1,1,1,1,0,0,0,0,1,0,0,0,0,0,1,1,0,1,0,0,0,0,0,0,0,0,-0.7894285223957438,0.0,-0.9501725015553417,-0.03393473219840506,-0.012555850913410027,0.5510571300044983,1.4189189189189189,0.34578918014500837,0.771368612103681,0.05671828030174125,-0.625,-0.25,-0.4375,0.875,0.9375,0.125,-0.625,-0.75,0.25,-0.06060606060606061
2,1,0,0,-0.5651188469808798,-0.0625,-0.29331129095647757,1,0,6,5,4,3,2,1,0,6,1,1,0,0,1,1,1,1,1,0,0,0,0,1,0,0,0,0,0,1,0,0,1,0,0,0,0,0,0,0,0.29746582003317884,-0.7804988405633164,0.0,-0.9501725015553417,-0.04649058311181509,0.0,0.5518018018018018,1.4054656999442274,0.3516533378707958,0.771368612103681,-0.375,-0.625,-0.25,-0.4375,0.875,0.9375,0.125,-0.625,-0.75,0.24242424242424243
3,1,0,0,0.8937060498634273,0.25,1.427559988064671,2,1,0,6,5,4,3,2,1,0,1,1,1,0,0,1,1,1,1,1,0,0,0,0,1,0,0,0,0,0,0,0,0,1,0,0,0,0,0,0,-0.5562610834620445,0.2941010123861772,-0.7804988405633164,0.0,-0.9627283524687518,-0.03373819163292847,0.0,0.5465699944227551,1.4293006636038794,0.3516533378707958,-0.0625,-0.375,-0.625,-0.25,-0.4375,0.875,0.9375,0.125,-0.625,-0.7272727272727273
4,1,0,0,-0.04451676643226607,-0.1875,0.17537092704481833,3,2,1,0,6,5,4,3,2,1,1,1,1,1,0,0,1,1,1,1,0,0,0,0,0,1,0,0,0,0,0,0,0,0,1,0,0,0,0,0,0.8796979577827352,-0.5499688931621515,0.2941010123861772,-0.7804988405633164,-0.012555850913410027,-0.9446693657219971,-0.033783783783783786,0.0,0.5558391469570643,1.4293006636038794,0.25,-0.0625,-0.375,-0.625,-0.25,-0.4375,0.875,0.9375,0.125,-0.6060606060606061
5,0,1,0,-0.18352995873772288,0.3125,0.18490180874311135,4,3,2,1,0,6,5,4,3,2,1,1,1,1,1,0,0,1,1,1,0,0,0,0,0,0,1,0,0,0,0,0,0,0,0,1,0,0,0,0,-0.043819003489503024,0.8697471862451216,-0.5499688931621515,0.2941010123861772,-0.7930546914767265,0.0,-0.9459459459459459,-0.03346346904629113,0.0,0.5558391469570643,-0.1875,0.25,-0.0625,-0.375,-0.625,-0.25,-0.4375,0.875,0.9375,0.12121212121212122
6,0,1,0,-0.5389666995990003,0.125,-0.21953550712112332,5,4,3,2,1,0,6,5,4,3,0,1,1,1,1,1,0,0,1,1,1,0,0,0,0,0,0,1,0,0,0,0,0,0,0,0,1,0,0,0,-0.18065328070476505,-0.043323341439963935,0.8697471862451216,-0.5499688931621515,0.28154516147276715,-0.7759784075573548,0.0,-0.9369771332961516,-0.03403096818104475,0.0,0.3125,-0.1875,0.25,-0.0625,-0.375,-0.625,-0.25,-0.4375,0.875,0.9090909090909091
0,1,0,0,0.5070029639100365,-0.375,1.1998227082188646,6,5,4,3,2,1,0,6,5,4,0,0,1,1,1,1,1,0,0,1,1,1,0,0,0,0,0,0,1,0,0,0,0,0,0,0,0,1,0,0,-0.5305188490360963,-0.17860980713760521,-0.043323341439963935,0.8697471862451216,-0.5625247440755614,0.2923976608187134,-0.7770270270270271,0.0,-0.952867109069253,-0.03403096818104475,0.125,0.3125,-0.1875,0.25,-0.0625,-0.375,-0.625,-0.25,-0.4375,0.8484848484848485
1,1,0,0,0.38089149764630675,-1.0625,0.7273451328288179,0,6,5,4,3,2,1,0,6,5,1,0,0,1,1,1,1,1,0,0,0,1,1,0,0,0,0,0,0,1,0,0,0,0,0,0,0,0,1,0,0.49905611807104855,-0.5245178440133477,-0.17860980713760521,-0.043323341439963935,0.8571913353317115,-0.5467836257309941,0.2927927927927928,-0.769659788064696,0.0,-0.952867109069253,-0.375,0.125,0.3125,-0.1875,0.25,-0.0625,-0.375,-0.625,-0.25,-0.42424242424242425
2,1,0,0,-0.5915034578950426,-1.125,-0.2666684691974843,1,0,6,5,4,3,2,1,0,6,1,1,0,0,1,1,1,1,1,0,0,0,1,1,0,0,0,0,0,0,0,0,0,0,0,0,0,0,0,1,0.3749213431725874,0.49341100616480965,-0.5245178440133477,-0.17860980713760521,-0.05587919235337396,0.8647098515519565,-0.5475225225225225,0.29001673173452314,-0.7827122681640293,0.0,-1.0625,-0.375,0.125,0.3125,-0.1875,0.25,-0.0625,-0.375,-0.625,-0.24242424242424243
3,1,0,0,-0.06880920555587826,-0.875,0.22228488162683557,2,1,0,6,5,4,3,2,1,0,1,1,1,0,0,1,1,1,1,1,0,0,0,1,1,0,0,0,0,0,0,0,0,0,0,0,0,0,0,0,-0.5822321377495565,0.37068039138057807,0.49341100616480965,-0.5245178440133477,-0.19116565805101524,-0.043072424651372156,0.8658783783783782,-0.5423312883435583,0.2949350575690545,-0.7827122681640293,-1.125,-1.0625,-0.375,0.125,0.3125,-0.1875,0.25,-0.0625,-0.375,-0.6060606060606061
4,1,0,0,0.5824373801359911,-1.0,1.0439612159744143,3,2,1,0,6,5,4,3,2,1,1,1,1,1,0,0,1,1,1,1,0,0,0,0,1,1,0,0,0,0,0,0,0,0,0,0,0,0,0,0,-0.06773067902293904,-0.5756461738589446,0.37068039138057807,0.49341100616480965,-0.5370736949267576,-0.17757534862798008,-0.04313063063063077,0.8576687116564415,-0.551528557654132,0.2949350575690545,-0.875,-1.125,-1.0625,-0.375,0.125,0.3125,-0.1875,0.25,-0.0625,-0.36363636363636365
5,0,1,0,-0.09263671761492412,-1.3125,0.0690352565371516,4,3,2,1,0,6,5,4,3,2,1,1,1,1,1,0,0,1,1,1,0,0,0,0,0,1,1,0,0,0,0,0,0,0,0,0,0,0,0,0,0.5733081631485614,-0.06696453820485251,-0.5756461738589446,0.37068039138057807,0.4808551552513996,-0.5214799820062977,-0.17781531531531522,-0.042721695482431814,0.8722137144801768,-0.551528557654132,-1.0,-0.875,-1.125,-1.0625,-0.375,0.125,0.3125,-0.1875,0.25,-0.06060606060606061
6,0,1,0,-0.5380368454698669,-1.25,-0.06416494702007858,5,4,3,2,1,0,6,5,4,3,0,1,1,1,1,1,0,0,1,1,1,0,0,0,0,0,1,1,0,0,0,0,0,0,0,0,0,0,0,0,-0.0911847148332475,0.5668231434873594,-0.06696453820485251,-0.5756461738589446,0.3581245404671681,0.49055330634278,-0.5221846846846847,-0.17612939208031222,-0.04344620271113394,0.8722137144801768,-1.3125,-1.0,-0.875,-1.125,-1.0625,-0.375,0.125,0.3125,-0.1875,0.24242424242424243
0,1,0,0,0.14517347591096652,-0.625,0.7278746906326015,6,5,4,3,2,1,0,6,5,4,0,0,1,1,1,1,1,0,0,1,1,1,0,0,0,0,0,1,1,0,0,0,0,0,0,0,0,0,0,0,-0.5296035695898403,-0.09015327187376276,0.5668231434873594,-0.06696453820485251,-0.5882020247723546,0.36853351327035544,0.4912162162162163,-0.51723368655884,-0.17911632919289877,-0.04344620271113394,-1.25,-1.3125,-1.0,-0.875,-1.125,-1.0625,-0.375,0.125,0.3125,-0.18181818181818182
1,1,0,0,-0.035566920439356095,-1.0625,0.4091380587322479,0,6,5,4,3,2,1,0,6,5,1,0,0,1,1,1,1,1,0,0,0,1,1,0,0,0,0,0,1,1,0,0,0,0,0,0,0,0,0,0,0.14289800354670792,-0.5236129178213902,-0.09015327187376276,0.5668231434873594,-0.07952038911826254,-0.5723121907332432,0.3690315315315317,0.4865588399330731,-0.5260053315183484,-0.17911632919289877,-0.625,-1.25,-1.3125,-1.0,-0.875,-1.125,-1.0625,-0.375,0.125,0.30303030303030304
2,1,0,0,-0.07601557505666287,0.1875,0.45983810054452523,1,0,6,5,4,3,2,1,0,6,1,1,0,0,1,1,1,1,1,0,0,0,1,1,0,0,0,0,0,1,0,0,0,0,0,0,0,0,0,0,-0.035009438819289536,0.14128160171935986,-0.5236129178213902,-0.09015327187376276,0.5542672925739494,-0.06657669815564538,-0.5730855855855856,0.36553262688232024,0.49481027735239075,-0.5260053315183484,-1.0625,-0.625,-1.25,-1.3125,-1.0,-0.875,-1.125,-1.0625,-0.375,0.12121212121212122
3,0,0,1,0.07694542918579651,0.5625,0.7265641219759729,2,1,0,6,5,4,3,2,1,0,1,1,1,0,0,1,1,1,1,1,0,0,0,1,1,0,0,0,0,0,0,0,0,0,0,0,0,0,0,0,-0.07482409473142258,-0.03461342684237319,0.14128160171935986,-0.5236129178213902,-0.1027091227871728,0.563540260908682,-0.06666666666666653,-0.5676519799219185,0.37173160909761227,0.49481027735239075,0.1875,-1.0625,-0.625,-1.25,-1.3125,-1.0,-0.875,-1.125,-1.0625,-0.36363636363636365
4,1,0,0,0.04428430289998258,-0.125,0.5144702345832919,3,2,1,0,6,5,4,3,2,1,0,1,1,1,0,0,1,1,1,1,0,0,0,0,1,1,0,0,0,0,1,0,0,0,0,0,0,0,0,0,0.07573937417767866,-0.07397771619252294,-0.03461342684237319,0.14128160171935986,-0.5361687687348002,-0.08963112910481329,0.564301801801802,-0.06603457891801436,-0.5772786569111225,0.37173160909761227,0.5625,0.1875,-1.0625,-0.625,-1.25,-1.3125,-1.0,-0.875,-1.125,-1.0303030303030303
5,0,1,0,-0.33974545243214965,-0.1875,-0.05262939354816282,4,3,2,1,0,6,5,4,3,2,1,0,1,1,1,0,0,1,1,1,0,0,0,0,0,1,1,0,0,0,0,1,0,0,0,0,0,0,0,0,0.04359018362793892,0.07488264238448056,-0.07397771619252294,-0.03461342684237319,0.1287257508059498,-0.5205802968960863,-0.08975225225225224,0.558951477969883,-0.0671544438772615,-0.5772786569111225,-0.125,0.5625,0.1875,-1.0625,-0.625,-1.25,-1.3125,-1.0,-0.875,-1.0909090909090908
6,0,1,0,-0.48980066252106685,0.1875,-0.053372164997233434,5,4,3,2,1,0,6,5,4,3,0,1,0,1,1,1,0,0,1,1,1,0,0,0,0,0,1,1,0,0,0,0,1,0,0,0,0,0,0,0,-0.33442022767576224,0.043097109891974454,0.07488264238448056,-0.07397771619252294,-0.047169277755783216,0.14046333783175896,-0.5212837837837838,-0.08890128276631343,0.568430605184051,-0.0671544438772615,-0.1875,-0.125,0.5625,0.1875,-1.0625,-0.625,-1.25,-1.3125,-1.0,-0.8484848484848485
0,1,0,0,0.07985122333933867,-0.1875,0.8746641740240503,6,5,4,3,2,1,0,6,5,4,0,0,1,0,1,1,1,0,0,1,1,1,0,0,0,0,0,1,1,0,0,0,0,1,0,0,0,0,0,0,-0.4821234483153137,-0.33063740738646,0.043097109891974454,0.07488264238448056,-0.08653356710593298,-0.034412955465587064,0.14065315315315327,-0.5163413273842722,-0.09040893880097554,0.568430605184051,0.1875,-0.1875,-0.125,0.5625,0.1875,-1.0625,-0.625,-1.25,-1.3125,-0.9696969696969697
1,1,0,0,-0.10495728482594291,0.0625,0.10682583013786463,0,6,5,4,3,2,1,0,6,5,1,0,0,1,0,1,1,1,0,0,0,1,1,0,0,0,0,0,1,1,0,0,0,0,1,0,0,0,0,0,0.07859962244722846,-0.4766698716135964,-0.33063740738646,0.043097109891974454,0.06232679147107053,-0.07354925775978398,-0.03445945945945949,0.13931957612939216,-0.5250978390335206,-0.09040893880097554,-0.1875,0.1875,-0.1875,-0.125,0.5625,0.1875,-1.0625,-0.625,-1.25,-1.2727272727272727
2,1,0,0,0.5565176962863948,0.8125,1.1745074504070663,1,0,6,5,4,3,2,1,0,6,1,1,0,0,1,0,1,1,1,0,0,0,1,1,0,0,0,0,0,1,0,0,0,0,0,1,0,0,0,0,-0.10331216749613865,0.07771053673434765,-0.4766698716135964,-0.33063740738646,0.030541258978564426,0.07444894286999554,-0.07364864864864856,-0.03413273842721698,0.14168226419374974,-0.5250978390335206,0.0625,-0.1875,0.1875,-0.1875,-0.125,0.5625,0.1875,-1.0625,-0.625,-1.2121212121212122
3,1,0,0,2.103213808333817,1.3125,2.894805524628204,2,1,0,6,5,4,3,2,1,0,1,1,1,0,0,1,0,1,1,1,0,0,0,1,1,0,0,0,0,0,0,0,0,0,0,0,1,0,0,0,0.547794748584177,-0.10214354391719925,0.07771053673434765,-0.4766698716135964,-0.3431932582998701,0.04284750337381918,0.0745495495495496,-0.07295036252091458,-0.03471158754466567,0.14168226419374974,0.8125,0.0625,-0.1875,0.1875,-0.1875,-0.125,0.5625,0.1875,-1.0625,-0.6060606060606061
4,1,0,0,0.14517347591096652,-0.625,0.7278746906326015,3,2,1,0,6,5,4,3,2,1,1,1,1,1,0,0,1,0,1,1,0,0,0,0,1,1,0,0,0,0,0,0,0,0,0,0,0,1,0,0,2.0702476975001427,0.5415983258865448,-0.10214354391719925,0.07771053673434765,-0.48922572252700647,-0.32872244714349974,0.04290540540540543,0.07384272169548248,-0.07418751063467746,-0.03471158754466567,1.3125,0.8125,0.0625,-0.1875,0.1875,-0.1875,-0.125,0.5625,0.1875,-1.0303030303030303
5,0,1,0,0.012901726041727358,0.5,0.15020824059151336,4,3,2,1,0,6,5,4,3,2,1,1,1,1,1,0,0,1,0,1,0,0,0,0,0,1,1,0,0,0,0,0,0,0,0,0,0,0,1,0,0.14289800354670792,2.0468299304337987,0.5415983258865448,-0.10214354391719925,0.06515468582093761,-0.47390913180386857,-0.3291666666666667,0.04249860568878976,0.07509500311950547,-0.07418751063467746,-0.625,1.3125,0.8125,0.0625,-0.1875,0.1875,-0.1875,-0.125,0.5625,0.18181818181818182
6,0,1,0,0.46771662695414656,0.3125,1.1929446368753385,5,4,3,2,1,0,6,5,4,3,0,1,1,1,1,1,0,0,1,0,1,0,0,0,0,0,1,1,0,0,0,0,0,0,0,0,0,0,0,1,0.012699502316801252,0.14128160171935986,2.0468299304337987,0.5415983258865448,-0.11469939483060927,0.07726045883940624,-0.4745495495495496,-0.3260457334076966,0.04321932958992686,0.07509500311950547,0.5,-0.625,1.3125,0.8125,0.0625,-0.1875,0.1875,-0.1875,-0.125,0.5454545454545454
0,0,0,1,-0.04230836287557373,-0.0625,0.3685343782861988,6,5,4,3,2,1,0,6,5,4,0,0,1,1,1,1,1,0,0,1,1,1,0,0,0,0,0,1,1,0,0,0,0,0,0,0,0,0,0,0,0.4603855614667353,0.012555850913410027,0.14128160171935986,2.0468299304337987,0.5290424749731347,-0.10155195681511471,0.07736486486486492,-0.4700501952035694,-0.3315750666439794,0.04321932958992686,0.3125,0.5,-0.625,1.3125,0.8125,0.0625,-0.1875,0.1875,-0.1875,-0.12121212121212122
1,1,0,0,1.8099610623583424,0.875,2.296304007122572,0,6,5,4,3,2,1,0,6,5,0,0,0,1,1,1,1,1,0,0,0,1,1,0,0,0,0,0,1,1,1,0,0,0,0,0,0,0,0,0,-0.04164521480464488,0.4551778745546067,0.012555850913410027,0.14128160171935986,2.0342740795203884,0.5384615384615383,-0.1016891891891892,0.07663134411600674,-0.47802166638307525,-0.3315750666439794,-0.0625,0.3125,0.5,-0.625,1.3125,0.8125,0.0625,-0.1875,0.1875,-0.18181818181818182
2,1,0,0,0.7864241297146507,1.3125,1.7645796900483883,1,0,6,5,4,3,2,1,0,6,1,0,0,0,1,1,1,1,1,0,0,0,1,1,0,0,0,0,0,1,0,1,0,0,0,0,0,0,0,0,1.7815914421371775,-0.041174141734064654,0.4551778745546067,0.012555850913410027,0.1287257508059498,2.0349752586594687,0.5391891891891891,-0.10072504182933631,0.07793091713459253,-0.47802166638307525,0.875,-0.0625,0.3125,0.5,-0.625,1.3125,0.8125,0.0625,-0.1875,0.18181818181818182
3,1,0,0,1.4103562503632237,0.3125,1.9884026454714794,2,1,0,6,5,4,3,2,1,0,1,1,0,0,0,1,1,1,1,1,0,0,0,1,1,0,0,0,0,0,0,0,1,0,0,0,0,0,0,0,0.7740975916709568,1.7614388326452124,-0.041174141734064654,0.4551778745546067,0.0,0.14046333783175896,2.037725225225225,0.5340769659788064,-0.10243321422494471,0.07793091713459253,1.3125,0.875,-0.0625,0.3125,0.5,-0.625,1.3125,0.8125,0.0625,-0.18181818181818182
4,1,0,0,-0.0731097809031207,0.0,0.31599498252671687,3,2,1,0,6,5,4,3,2,1,1,1,1,0,0,0,1,1,1,1,0,0,0,0,1,1,0,0,0,0,0,0,0,1,0,0,0,0,0,0,1.3882501001086889,0.7653413268480288,1.7614388326452124,-0.041174141734064654,0.4426220236411966,0.012483130904183687,0.14065315315315327,2.01840490797546,0.5431342521694742,-0.10243321422494471,0.3125,1.3125,0.875,-0.0625,0.3125,0.5,-0.625,1.3125,0.8125,0.06060606060606061
5,0,1,0,0.4071598767943278,0.8125,0.8009610064302068,4,3,2,1,0,6,5,4,3,2,1,1,1,1,0,0,0,1,1,1,0,0,0,0,0,1,1,0,0,0,0,0,0,0,1,0,0,0,0,0,-0.07196384646187279,1.3725468016514897,0.7653413268480288,1.7614388326452124,-0.05372999264747468,0.4525416104363473,0.012500000000000153,0.13931957612939216,2.052634564120016,0.5431342521694742,0.0,0.3125,1.3125,0.875,-0.0625,0.3125,0.5,-0.625,1.3125,0.7878787878787878
6,0,1,0,0.46353228337304564,0.875,0.9025167514660852,5,4,3,2,1,0,6,5,4,3,0,1,1,1,1,0,0,0,1,1,1,0,0,0,0,0,1,1,0,0,0,0,0,0,0,1,0,0,0,0,0.4007779875293175,-0.07114982184265585,1.3725468016514897,0.7653413268480288,1.7488829817318023,-0.04093567251461972,0.45315315315315324,0.01238148354712787,0.14168226419374974,2.052634564120016,0.8125,0.0,0.3125,1.3125,0.875,-0.0625,0.3125,0.5,-0.625,1.2727272727272727
0,1,0,0,-0.39053873423606655,-0.5625,-0.04131400634040215,6,5,4,3,2,1,0,6,5,4,0,0,1,1,1,1,0,0,0,1,1,1,0,0,0,0,0,1,1,0,0,0,0,0,0,0,1,0,0,0,0.4562668039585835,0.39624455630337646,-0.07114982184265585,1.3725468016514897,0.7527854759346188,1.7512370670265407,-0.040990990990990836,0.4488566648075851,0.012591458226986712,0.14168226419374974,0.875,0.8125,0.0,0.3125,1.3125,0.875,-0.0625,0.3125,0.5,-0.6060606060606061
1,1,0,0,1.637240657871796,0.75,1.6969708791489995,0,6,5,4,3,2,1,0,6,5,1,0,0,1,1,1,1,0,0,0,0,1,1,0,0,0,0,0,1,1,0,0,0,0,0,0,0,1,0,0,-0.38441736742749255,0.4511057066907979,0.39624455630337646,-0.07114982184265585,1.3599909507380799,0.7609086819613133,1.753603603603604,-0.04060234244283308,0.4564687198684137,0.012591458226986712,-0.5625,0.875,0.8125,0.0,0.3125,1.3125,0.875,-0.0625,0.3125,0.48484848484848486
2,1,0,0,0.2976695530888593,0.75,0.5672158913691927,1,0,6,5,4,3,2,1,0,6,1,1,0,0,1,1,1,1,0,0,0,0,1,1,0,0,0,0,0,1,0,0,0,0,0,0,0,0,1,0,1.6115782849951374,-0.3800690006221366,0.4511057066907979,0.39624455630337646,-0.08370567275606589,1.3645973909131799,0.7619369369369369,1.7369771332961519,-0.041290908059667474,0.4564687198684137,0.75,-0.5625,0.875,0.8125,0.0,0.3125,1.3125,0.875,-0.0625,0.30303030303030304
3,1,0,0,0.61614459231708,0.375,0.8823197799109872,2,1,0,6,5,4,3,2,1,0,1,1,1,0,0,1,1,1,1,0,0,0,0,1,1,0,0,0,0,0,0,0,0,0,0,0,0,0,0,1,0.2930038327326813,1.5933487924891125,-0.3800690006221366,0.4511057066907979,0.3836887053899664,-0.07073774179037327,1.3664414414414412,0.7547127718906859,1.7664341217174298,-0.041290908059667474,0.75,0.75,-0.5625,0.875,0.8125,0.0,0.3125,1.3125,0.875,-0.06060606060606061
4,1,0,0,1.3452664613238796,-1.0625,1.3493685187348938,3,2,1,0,6,5,4,3,2,1,1,1,1,1,0,0,1,1,1,1,0,0,0,0,1,1,0,0,0,0,0,0,0,0,0,0,0,0,0,0,0.6064870430753387,0.28968949720038467,1.5933487924891125,-0.3800690006221366,0.43854985577738786,0.3939496176338281,-0.07083333333333325,1.353485778025655,0.7675117690431625,1.7664341217174298,0.375,0.75,0.75,-0.5625,0.875,0.8125,0.0,0.3125,1.3125,0.8484848484848485
5,0,1,0,1.649793688615098,0.1875,2.6868669857789973,4,3,2,1,0,6,5,4,3,2,1,1,1,1,1,0,0,1,1,1,0,0,0,0,0,1,1,0,0,0,0,0,0,0,0,0,0,0,0,0,1.324180538870774,0.5996267179458173,0.28968949720038467,1.5933487924891125,-0.39262485153554666,0.4484930274403957,0.39448198198198203,-0.07016174010039031,1.3764392263626564,0.7675117690431625,-1.0625,0.375,0.75,0.75,-0.5625,0.875,0.8125,0.0,0.3125,1.2727272727272727
6,0,1,0,-0.4336607194746323,-0.6875,-0.072371354824007,5,4,3,2,1,0,6,5,4,3,0,1,1,1,1,1,0,0,1,1,1,0,0,0,0,0,1,1,0,0,0,0,0,0,0,0,0,0,0,0,1.6239345575195925,1.3092019682144673,0.5996267179458173,0.28968949720038467,1.5807929415757025,-0.37786774628879877,0.44909909909909906,0.3907417735638594,-0.0713515966195904,1.3764392263626564,0.1875,-1.0625,0.375,0.75,0.75,-0.5625,0.875,0.8125,0.0,0.30303030303030304
0,1,0,0,-0.3278898122856975,0.3125,0.11804928827392545,6,5,4,3,2,1,0,6,5,4,0,0,1,1,1,1,1,0,0,1,1,1,0,0,0,0,0,1,1,0,0,0,0,0,0,0,0,0,0,0,-0.42686345174761164,1.6055652960805382,1.3092019682144673,0.5996267179458173,0.2771336462869747,1.5841205578047681,-0.37837837837837834,0.44484104852203005,0.3973682717939992,-0.0713515966195904,-0.6875,0.1875,-1.0625,0.375,0.75,0.75,-0.5625,0.875,0.8125,0.0
1,1,0,0,1.0449235776137615,1.0625,2.102242123020797,0,6,5,4,3,2,1,0,6,5,1,0,0,1,1,1,1,1,0,0,0,1,1,0,0,0,0,0,1,1,0,0,0,0,0,0,0,0,0,0,-0.32275041473599897,-0.4220349527741643,1.6055652960805382,1.3092019682144673,0.5870708670324073,0.28801169590643283,1.5862612612612614,-0.37479085331846057,0.45238500368668816,0.3973682717939992,0.3125,-0.6875,0.1875,-1.0625,0.375,0.75,0.75,-0.5625,0.875,0.7878787878787878
2,1,0,0,0.2080548613936189,0.5,0.46449056133706584,1,0,6,5,4,3,2,1,0,6,1,1,0,0,1,1,1,1,1,0,0,0,1,1,0,0,0,0,0,1,0,0,0,0,0,0,0,0,0,0,1.028545277730107,-0.3190995984390022,-0.4220349527741643,1.6055652960805382,1.2966461173010573,0.5961538461538459,0.28840090090090104,1.5712214166201897,-0.3811468436277011,0.45238500368668816,1.0625,0.3125,-0.6875,0.1875,-1.0625,0.375,0.75,0.75,-0.5625,0.8484848484848485
3,1,0,0,-1.3492183413726968,-1.0625,-1.1947391850565046,2,1,0,6,5,4,3,2,1,0,1,1,1,0,0,1,1,1,1,1,0,0,0,1,1,0,0,0,0,0,0,0,0,0,0,0,0,0,0,0,0.20479377609976548,1.0169108082122051,-0.3190995984390022,-0.4220349527741643,1.5930094451671282,1.3016194331983804,0.5969594594594594,0.2856664807585054,1.5978673926606546,-0.3811468436277011,0.5,1.0625,0.3125,-0.6875,0.1875,-1.0625,0.375,0.75,0.75,-0.5454545454545454
4,1,0,0,-0.23781019352589047,0.25,-0.00882905344922319,3,2,1,0,6,5,4,3,2,1,1,1,1,1,0,0,1,1,1,1,0,0,0,0,1,1,0,0,0,0,0,0,0,0,0,0,0,0,0,0,-1.3280704765173614,0.2024772354504836,1.0169108082122051,-0.3190995984390022,-0.43459080368757436,1.5962663067926224,1.3033783783783786,0.5912994980479641,0.29051103170551884,1.5978673926606546,-1.0625,0.5,1.0625,0.3125,-0.6875,0.1875,-1.0625,0.375,0.75,0.7272727272727273
5,0,1,0,0.9678619166618235,0.1875,1.7122110197077776,4,3,2,1,0,6,5,4,3,2,1,1,1,1,1,0,0,1,1,1,0,0,0,0,0,1,1,0,0,0,0,0,0,0,0,0,0,0,0,0,-0.23408271837995526,-1.3130479045302865,0.2024772354504836,1.0169108082122051,-0.3316554493524122,-0.41959064327485374,1.5984234234234234,1.291020635805912,0.6013272077590607,0.29051103170551884,0.25,-1.0625,0.5,1.0625,0.3125,-0.6875,0.1875,-1.0625,0.375,0.7272727272727273
6,0,1,0,0.6141686522926715,0.1875,1.3320885570515488,5,4,3,2,1,0,6,5,4,3,0,1,1,1,1,1,0,0,1,1,1,0,0,0,0,0,1,1,0,0,0,0,0,0,0,0,0,0,0,0,0.9526914936216463,-0.23143487359312245,-1.3130479045302865,0.2024772354504836,1.004354957298795,-0.31725146198830395,-0.4201576576576577,1.5832682654768544,1.3129147524247067,0.6013272077590607,0.1875,0.25,-1.0625,0.5,1.0625,0.3125,-0.6875,0.1875,-1.0625,0.36363636363636365
0,1,0,0,-0.3137095368164118,0.0625,0.14355497059138783,6,5,4,3,2,1,0,6,5,4,0,0,1,1,1,1,1,0,0,1,1,1,0,0,0,0,0,1,1,0,0,0,0,0,0,0,0,0,0,0,0.604542074252045,0.94191505005373,-0.23143487359312245,-1.3130479045302865,0.18992138453707358,1.01102114260009,-0.3176801801801801,-0.4161740100390407,1.6101185412058305,1.3129147524247067,0.1875,0.1875,0.25,-1.0625,0.5,1.0625,0.3125,-0.6875,0.1875,-1.0303030303030303
1,1,0,0,0.7429534491776599,0.6875,1.3749058740938662,0,6,5,4,3,2,1,0,6,5,1,0,0,1,1,1,1,1,0,0,0,1,1,0,0,0,0,0,1,1,0,0,0,0,0,0,0,0,0,0,-0.308792403180596,0.5977037497879079,0.94191505005373,-0.23143487359312245,-1.3256037554436966,0.2013045434098066,1.0123873873873874,-0.3146681539319575,-0.42323180761159324,1.6101185412058305,0.0625,0.1875,0.1875,0.25,-1.0625,0.5,1.0625,0.3125,-0.6875,0.18181818181818182
2,1,0,0,-0.8142035218225139,-1.0,-0.48352953559402884,1,0,6,5,4,3,2,1,0,6,1,1,0,0,1,1,1,1,1,0,0,0,1,1,0,0,0,0,0,1,0,0,0,0,0,0,0,0,0,0,0.7313082775584918,-0.3052994740116508,0.5977037497879079,0.94191505005373,-0.24399072450653247,-1.3054430949167788,0.20157657657657665,1.0027886224205242,-0.3200045374624241,-0.42323180761159324,0.6875,0.0625,0.1875,0.1875,0.25,-1.0625,0.5,1.0625,0.3125,-0.6666666666666666
3,1,0,0,-0.40332422851165217,-0.875,0.22105310931737837,2,1,0,6,5,4,3,2,1,0,1,1,1,0,0,1,1,1,1,1,0,0,0,1,1,0,0,0,0,0,0,0,0,0,0,0,0,0,0,0,-0.8014415651278529,0.7230360273740171,-0.3052994740116508,0.5977037497879079,0.92935919914032,-0.2300944669365721,-1.3072072072072072,0.19966536530953713,1.0197946798253077,-0.3200045374624241,-1.0,0.6875,0.0625,0.1875,0.1875,0.25,-1.0625,0.5,1.0625,0.30303030303030304
4,1,0,0,-1.0323705468704594,-0.6875,-0.6039496669019613,3,2,1,0,6,5,4,3,2,1,1,1,1,1,0,0,1,1,1,1,0,0,0,0,1,1,0,0,0,0,0,0,0,0,0,0,0,0,0,0,-0.3970024598135118,-0.7923759968327582,0.7230360273740171,-0.3052994740116508,0.5851478988744978,0.936459739091318,-0.23040540540540536,-1.2948131622978247,0.20305144348023374,1.0197946798253077,-0.875,-1.0,0.6875,0.0625,0.1875,0.1875,0.25,-1.0625,0.5,1.0303030303030303
5,0,1,0,0.4738769105596559,0.0625,1.6925849354130675,4,3,2,1,0,6,5,4,3,2,1,1,1,1,1,0,0,1,1,1,0,0,0,0,0,1,1,0,0,0,0,0,0,0,0,0,0,0,0,0,-1.0161890052056517,-0.3925117357615519,-0.7923759968327582,0.7230360273740171,-0.31785532492506086,0.5942420152946468,0.9377252252252254,-0.22822085889570543,-1.3167715954852248,0.20305144348023374,-0.6875,-0.875,-1.0,0.6875,0.0625,0.1875,0.1875,0.25,-1.0625,0.48484848484848486
6,0,1,0,-0.23002266519439762,-1.0625,0.7955881770716149,5,4,3,2,1,0,6,5,4,3,0,1,1,1,1,1,0,0,1,1,1,0,0,0,0,0,1,1,0,0,0,0,0,0,0,0,0,0,0,0,0.4664492877981809,-1.004694304620779,-0.3925117357615519,-0.7923759968327582,0.710480176460607,-0.30353126405757974,0.5950450450450451,0.9288343558282209,-0.23209120299472513,-1.3167715954852248,0.0625,-0.6875,-0.875,-1.0,0.6875,0.0625,0.1875,0.1875,0.25,-1.0303030303030303
0,1,0,0,-0.4970070320218515,-0.5625,0.301170454073607,6,5,4,3,2,1,0,6,5,4,0,0,1,1,1,1,1,0,0,1,1,1,0,0,0,0,0,1,1,0,0,0,0,0,0,0,0,0,0,0,-0.22641725301756196,0.4611730105763249,-1.004694304620779,-0.3925117357615519,-0.8049318477461682,0.718848403058929,-0.3039414414414414,0.5894032348020078,0.9445862401451989,-0.23209120299472513,-1.0625,0.0625,-0.6875,-0.875,-1.0,0.6875,0.0625,0.1875,0.1875,0.24242424242424243
1,1,0,0,-0.4175045039809379,0.125,0.43997408218188633,0,6,5,4,3,2,1,0,6,5,1,0,0,1,1,1,1,1,0,0,0,1,1,0,0,0,0,0,1,1,0,0,0,0,0,0,0,0,0,0,-0.4892168640237972,-0.22385611673547878,0.4611730105763249,-1.004694304620779,-0.40506758667496195,-0.7877867746288797,0.7198198198198197,-0.30105967651979915,0.5993987862288016,0.9445862401451989,-0.5625,-1.0625,0.0625,-0.6875,-0.875,-1.0,0.6875,0.0625,0.1875,0.18181818181818182
2,1,0,0,-0.4061137908990526,0.3125,0.07277692425797692,1,0,6,5,4,3,2,1,0,6,1,1,0,0,1,1,1,1,1,0,0,0,1,1,0,0,0,0,0,1,0,0,0,0,0,0,0,0,0,0,-0.4109604713689148,-0.48368304960126685,-0.22385611673547878,0.4611730105763249,-1.017250155534189,-0.390238416554206,-0.7888513513513513,0.7129949804796428,-0.3061652770687992,0.5993987862288016,0.125,-0.5625,-1.0625,0.0625,-0.6875,-0.875,-1.0,0.6875,0.0625,0.18181818181818182
3,1,0,0,-0.9326436915208925,0.125,-0.6444347665706497,2,1,0,6,5,4,3,2,1,0,1,1,1,0,0,1,1,1,1,1,0,0,0,1,1,0,0,0,0,0,0,0,0,0,0,0,0,0,0,0,-0.3997482981522795,-0.4063118601889033,-0.48368304960126685,-0.22385611673547878,0.4486171596629149,-0.9988753936122354,-0.3907657657657658,-0.7813720022308979,0.72508649537746,-0.3061652770687992,0.3125,0.125,-0.5625,-1.0625,0.0625,-0.6875,-0.875,-1.0,0.6875,0.06060606060606061
4,1,0,0,-0.040797349915731855,0.5,0.778149463924116,3,2,1,0,6,5,4,3,2,1,1,1,1,1,0,0,1,1,1,1,0,0,0,0,1,1,0,0,0,0,0,0,0,0,0,0,0,0,0,0,-0.9180252845947028,-0.3952265143374243,-0.4063118601889033,-0.48368304960126685,-0.23641196764888883,0.458502024291498,-1.0002252252252253,-0.3870607919687674,-0.7946231070273949,0.72508649537746,0.125,0.3125,0.125,-0.5625,-1.0625,0.0625,-0.6875,-0.875,-1.0,0.6666666666666666
5,0,1,0,-0.18283256814087273,-0.9375,0.13953519811584028,4,3,2,1,0,6,5,4,3,2,1,1,1,1,1,0,0,1,1,1,0,0,0,0,0,1,1,0,0,0,0,0,0,0,0,0,0,0,0,0,-0.040157885704479035,-0.9076409705333408,-0.3952265143374243,-0.4063118601889033,-0.4962389005146769,-0.22255960413855153,0.45912162162162173,-0.9907417735638593,-0.3936248652940843,-0.7946231070273949,0.5,0.125,0.3125,0.125,-0.5625,-1.0625,0.0625,-0.6875,-0.875,-0.9696969696969697
6,0,1,0,-0.13889696053931522,-0.4375,0.657406035838819,5,4,3,2,1,0,6,5,4,3,0,1,1,1,1,1,0,0,1,1,1,0,0,0,0,0,1,1,0,0,0,0,0,0,0,0,0,0,0,0,-0.17996682112007306,-0.03970363667213382,-0.9076409705333408,-0.3952265143374243,-0.4188677111023133,-0.4808816914080072,-0.22286036036036044,0.4547685443390966,-1.0075435312801315,-0.3936248652940843,-0.9375,0.5,0.125,0.3125,0.125,-0.5625,-1.0625,0.0625,-0.6875,-0.8484848484848485
0,1,0,0,0.693671180333585,-0.0625,1.7897670969243353,6,5,4,3,2,1,0,6,5,4,0,0,1,1,1,1,1,0,0,1,1,1,0,0,0,0,0,1,1,0,0,0,0,0,0,0,0,0,0,0,-0.13671986728448013,-0.17793111249363708,-0.03970363667213382,-0.9076409705333408,-0.4077823652508343,-0.4039586144849302,-0.4815315315315316,-0.22074735080870056,0.46248085758039825,-1.0075435312801315,-0.4375,-0.9375,0.5,0.125,0.3125,0.125,-0.5625,-1.0625,0.0625,-0.6666666666666666
1,1,0,0,-0.25803452083454403,0.375,0.8152996240757604,0,6,5,4,3,2,1,0,6,5,1,0,0,1,1,1,1,1,0,0,0,1,1,0,0,0,0,0,1,1,0,0,0,0,0,0,0,0,0,0,0.6827984669069275,-0.1351733499236467,-0.17793111249363708,-0.03970363667213382,-0.9201968214467509,-0.3929374718848402,-0.40450450450450454,-0.4769659788064696,-0.22449095343429193,0.46248085758039825,-0.0625,-0.4375,-0.9375,0.5,0.125,0.3125,0.125,-0.5625,-1.0625,0.06060606060606061
2,1,0,0,0.9270645667460913,1.3125,2.019382742634328,1,0,6,5,4,3,2,1,0,6,1,1,0,0,1,1,1,1,1,0,0,0,1,1,0,0,0,0,0,1,0,0,0,0,0,0,0,0,0,0,-0.25399004633602196,0.6750749392002714,-0.1351733499236467,-0.17793111249363708,-0.05225948758554385,-0.9023841655420602,-0.39346846846846845,-0.40066926938092584,-0.48505473314049125,-0.22449095343429193,0.375,-0.0625,-0.4375,-0.9375,0.5,0.125,0.3125,0.125,-0.5625,-1.0303030303030303
3,1,0,0,0.3586912303132447,0.6875,1.0315616064798407,2,1,0,6,5,4,3,2,1,0,1,1,1,0,0,1,1,1,1,1,0,0,0,1,1,0,0,0,0,0,0,0,0,0,0,0,0,0,0,0,0.912533607917167,-0.2511170182681975,0.6750749392002714,-0.1351733499236467,-0.19048696340704713,-0.03947368421052621,-0.9036036036036037,-0.3897378694924707,-0.4074641256877092,-0.48505473314049125,1.3125,0.375,-0.0625,-0.4375,-0.9375,0.5,0.125,0.3125,0.125,-0.5454545454545454
4,1,0,0,-0.21828325681408725,0.5625,0.5012158392245513,3,2,1,0,6,5,4,3,2,1,1,1,1,1,0,0,1,1,1,1,0,0,0,0,1,1,0,0,0,0,0,0,0,0,0,0,0,0,0,0,0.353069046393227,0.9022114133815958,-0.2511170182681975,0.6750749392002714,-0.14772920083705673,-0.1769005847953215,-0.03952702702702693,-0.8950362520914669,-0.3963473427485678,-0.4074641256877092,0.6875,1.3125,0.375,-0.0625,-0.4375,-0.9375,0.5,0.125,0.3125,0.12121212121212122
5,0,1,0,-0.10286511303539247,-0.1875,0.6408074308045435,4,3,2,1,0,6,5,4,3,2,1,1,1,1,1,0,0,1,1,1,0,0,0,0,0,1,1,0,0,0,0,0,0,0,0,0,0,0,0,0,-0.2148618500085807,0.34907527854759357,0.9022114133815958,-0.2511170182681975,0.6625190882868615,-0.1343904633378316,-0.17713963963963952,-0.039152258784160524,-0.9102149622823437,-0.3963473427485678,0.5625,0.6875,1.3125,0.375,-0.0625,-0.4375,-0.9375,0.5,0.125,0.30303030303030304
6,0,1,0,-0.385192072993549,-0.5625,0.09927837609998638,5,4,3,2,1,0,6,5,4,3,0,1,1,1,1,1,0,0,1,1,1,0,0,0,0,0,1,1,0,0,0,0,0,0,0,0,0,0,0,0,-0.10125278874206273,-0.2124314235620157,0.34907527854759357,0.9022114133815958,-0.26367286918160754,0.6711650922177238,-0.13457207207207195,-0.17546012269938638,-0.03981623277182225,-0.9102149622823437,-0.1875,0.5625,0.6875,1.3125,0.375,-0.0625,-0.4375,-0.9375,0.5,0.12121212121212122
0,1,0,0,-0.14889289242750042,0.3125,0.5419408042441876,6,5,4,3,2,1,0,6,5,4,0,0,1,1,1,1,1,0,0,1,1,1,0,0,0,0,0,1,1,0,0,0,0,0,0,0,0,0,0,0,-0.379154510611521,-0.10010745998529487,-0.2124314235620157,0.34907527854759357,0.8896555624681858,-0.2496626180836707,0.6720720720720722,-0.13329615170105955,-0.17843570982927787,-0.03981623277182225,-0.5625,-0.1875,0.5625,0.6875,1.3125,0.375,-0.0625,-0.4375,-0.9375,0.48484848484848486
1,1,0,0,-0.13017957807868874,0.9375,0.5071383117303233,0,6,5,4,3,2,1,0,6,5,1,0,0,1,1,1,1,1,0,0,0,1,1,0,0,0,0,0,1,1,0,0,0,0,0,0,0,0,0,0,-0.1465591213317316,-0.37486567501838125,-0.10010745998529487,-0.2124314235620157,0.3365194276341835,0.8969860548807914,-0.25000000000000006,0.6656999442275516,-0.13555668992116146,-0.17843570982927787,0.3125,-0.5625,-0.1875,0.5625,0.6875,1.3125,0.375,-0.0625,-0.4375,-0.9090909090909091
