DIA_SEMANA,LABORAL,FIN_DE_SEMANA,FESTIVO,PORCENTAJE_USO,NUMERO_CONEXIONES,USAGE_KB,DIA_SEMANA_lag_1,DIA_SEMANA_lag_2,DIA_SEMANA_lag_3,DIA_SEMANA_lag_4,DIA_SEMANA_lag_5,DIA_SEMANA_lag_6,DIA_SEMANA_lag_7,DIA_SEMANA_lag_8,DIA_SEMANA_lag_9,DIA_SEMANA_lag_10,LABORAL_lag_1,LABORAL_lag_2,LABORAL_lag_3,LABORAL_lag_4,LABORAL_lag_5,LABORAL_lag_6,LABORAL_lag_7,LABORAL_lag_8,LABORAL_lag_9,LABORAL_lag_10,FIN_DE_SEMANA_lag_1,FIN_DE_SEMANA_lag_2,FIN_DE_SEMANA_lag_3,FIN_DE_SEMANA_lag_4,FIN_DE_SEMANA_lag_5,FIN_DE_SEMANA_lag_6,FIN_DE_SEMANA_lag_7,FIN_DE_SEMANA_lag_8,FIN_DE_SEMANA_lag_9,FIN_DE_SEMANA_lag_10,FESTIVO_lag_1,FESTIVO_lag_2,FESTIVO_lag_3,FESTIVO_lag_4,FESTIVO_lag_5,FESTIVO_lag_6,FESTIVO_lag_7,FESTIVO_lag_8,FESTIVO_lag_9,FESTIVO_lag_10,PORCENTAJE_USO_lag_1,PORCENTAJE_USO_lag_2,PORCENTAJE_USO_lag_3,PORCENTAJE_USO_lag_4,PORCENTAJE_USO_lag_5,PORCENTAJE_USO_lag_6,PORCENTAJE_USO_lag_7,PORCENTAJE_USO_lag_8,PORCENTAJE_USO_lag_9,PORCENTAJE_USO_lag_10,NUMERO_CONEXIONES_lag_1,NUMERO_CONEXIONES_lag_2,NUMERO_CONEXIONES_lag_3,NUMERO_CONEXIONES_lag_4,NUMERO_CONEXIONES_lag_5,NUMERO_CONEXIONES_lag_6,NUMERO_CONEXIONES_lag_7,NUMERO_CONEXIONES_lag_8,NUMERO_CONEXIONES_lag_9,NUMERO_CONEXIONES_lag_10
0,0,0,1,1.3975140288420924,-1.1304347826086956,-0.29395167605063593,6,5,4,3,2,1,0,6,5,4,0,0,1,1,1,1,1,0,0,1,1,1,0,0,0,0,0,1,1,0,0,0,0,0,0,0,0,0,0,0,0.9275930730706567,2.425752730344536,2.575239008601313,1.4068390925165586,1.2673599664339021,-0.2348428087631492,-0.7306840624812976,0.32898437967562394,-0.37428930516488124,-0.7277731243269117,-0.34782608695652173,-0.9166666666666666,-0.9166666666666666,-0.5833333333333334,-1.0833333333333333,-1.25,-0.8333333333333334,1.0833333333333333,-1.3333333333333333,-1.25
1,1,0,0,4.8004585772038855,0.2608695652173913,0.5796128814403543,0,6,5,4,3,2,1,0,6,5,0,0,0,1,1,1,1,1,0,0,0,1,1,0,0,0,0,0,1,1,1,0,0,0,0,0,0,0,0,0,1.3975140288420924,0.9275930730706567,2.409386519615189,2.575239008601313,1.4068390925165586,1.2676596637396231,-0.22879885091866656,-0.7306840624812976,0.3291040756478545,-0.3741773363647242,-1.1304347826086956,-0.3333333333333333,-0.9166666666666666,-0.9166666666666666,-0.5833333333333334,-1.0833333333333333,-1.25,-0.8333333333333334,1.0833333333333333,-1.3333333333333333
2,1,0,0,3.692753273396488,-0.9565217391304348,0.15703268324306288,1,0,6,5,4,3,2,1,0,6,1,0,0,0,1,1,1,1,1,0,0,0,1,1,0,0,0,0,0,1,0,1,0,0,0,0,0,0,0,0,4.8004585772038855,1.3975140288420924,0.9211496388647465,2.409386519615189,2.575239008601313,1.4071387898222796,1.2714106170327373,-0.22879885091866656,-0.7305643665090671,0.3290056240277612,0.2608695652173913,-1.0833333333333333,-0.3333333333333333,-0.9166666666666666,-0.9166666666666666,-0.5833333333333334,-1.0833333333333333,-1.25,-0.8333333333333334,1.0833333333333333
3,1,0,0,5.3170820008447475,0.0,1.0260753298893475,2,1,0,6,5,4,3,2,1,0,1,1,0,0,0,1,1,1,1,1,0,0,0,1,1,0,0,0,0,0,0,0,1,0,0,0,0,0,0,0,3.692753273396488,4.8004585772038855,1.3879581622561217,0.9211496388647465,2.409386519615189,2.575538705907034,1.410676880722964,1.2714106170327373,-0.22867915494643604,-0.7303458178772287,-0.9565217391304348,0.25,-1.0833333333333333,-0.3333333333333333,-0.9166666666666666,-0.9166666666666666,-0.5833333333333334,-1.0833333333333333,-1.25,-0.8333333333333334
4,1,0,0,1.0022928860194291,0.0,-0.046405380654819854,3,2,1,0,6,5,4,3,2,1,1,1,1,0,0,0,1,1,1,1,0,0,0,0,1,1,0,0,0,0,0,0,0,1,0,0,0,0,0,0,5.3170820008447475,3.692753273396488,4.768363952408068,1.3879581622561217,0.9211496388647465,2.4096862169209103,2.577293674067868,1.410676880722964,1.2715303130049678,-0.22861074548282875,0.0,-0.9166666666666666,0.25,-1.0833333333333333,-0.3333333333333333,-0.9166666666666666,-0.9166666666666666,-0.5833333333333334,-1.0833333333333333,-1.25
5,0,1,0,0.8776322934894103,0.43478260869565216,0.1347776471505906,4,3,2,1,0,6,5,4,3,2,1,1,1,1,0,0,0,1,1,1,0,0,0,0,0,1,1,0,0,0,0,0,0,0,1,0,0,0,0,0,1.0022928860194291,5.3170820008447475,3.667995324722031,4.768363952408068,1.3879581622561217,0.9214493361704678,2.4116942964869237,2.577293674067868,1.4107965766951944,1.2711499341869095,0.0,0.0,-0.9166666666666666,0.25,-1.0833333333333333,-0.3333333333333333,-0.9166666666666666,-0.9166666666666666,-0.5833333333333334,-1.0833333333333333
6,0,1,0,2.6689193266155793,0.6086956521739131,1.4355291333495486,5,4,3,2,1,0,6,5,4,3,0,1,1,1,1,0,0,0,1,1,1,0,0,0,0,0,1,1,0,0,0,0,0,0,0,1,0,0,0,0,0.8776322934894103,1.0022928860194291,5.281565618725089,3.667995324722031,4.768363952408068,1.3882578595618429,0.9257286492309534,2.4116942964869237,2.5774133700400985,1.4103745363168603,0.43478260869565216,0.0,0.0,-0.9166666666666666,0.25,-1.0833333333333333,-0.3333333333333333,-0.9166666666666666,-0.9166666666666666,-0.5833333333333334
0,0,0,1,2.3954624992457605,0.8695652173913043,1.0700696664220999,6,5,4,3,2,1,0,6,5,4,0,0,1,1,1,1,0,0,0,1,1,1,0,0,0,0,0,1,1,0,0,0,0,0,0,0,1,0,0,0,2.6689193266155793,0.8776322934894103,0.9953546917613214,5.281565618725089,3.667995324722031,4.7686636497137895,1.3918247650966549,0.9257286492309534,2.4118139924591544,2.5766423357664237,0.6086956521739131,0.4166666666666667,0.0,0.0,-0.9166666666666666,0.25,-1.0833333333333333,-0.3333333333333333,-0.9166666666666666,-0.9166666666666666
1,1,0,0,1.9832860677004764,1.1304347826086956,0.9707408245875168,0,6,5,4,3,2,1,0,6,5,0,0,0,1,1,1,1,0,0,0,0,1,1,0,0,0,0,0,1,1,1,0,0,0,0,0,0,1,0,0,2.3954624992457605,2.6689193266155793,0.8715197650373124,0.9953546917613214,5.281565618725089,3.6682950220277526,4.767071638039381,1.3918247650966549,0.9258483452031839,2.411092497307647,0.8695652173913043,0.5833333333333334,0.4166666666666667,0.0,0.0,-0.9166666666666666,0.25,-1.0833333333333333,-0.3333333333333333,-0.9166666666666666
2,1,0,0,1.5204851264104264,0.5217391304347826,0.4564781872092345,1,0,6,5,4,3,2,1,0,6,1,0,0,0,1,1,1,1,0,0,0,0,1,1,0,0,0,0,0,1,0,1,0,0,0,0,0,0,1,0,1.9832860677004764,2.3954624992457605,2.6509425480264937,0.8715197650373124,0.9953546917613214,5.28186531603081,3.6683823089353043,4.767071638039381,1.3919444610688856,0.9255713772885007,1.1304347826086956,0.8333333333333334,0.5833333333333334,0.4166666666666667,0.0,0.0,-0.9166666666666666,0.25,-1.0833333333333333,-0.3333333333333333
3,1,0,0,2.0439268690038013,0.43478260869565216,1.0169013711710588,2,1,0,6,5,4,3,2,1,0,1,1,0,0,0,1,1,1,1,0,0,0,0,1,1,0,0,0,0,0,0,0,1,0,0,0,0,0,0,1,1.5204851264104264,1.9832860677004764,2.379296910120778,2.6509425480264937,0.8715197650373124,0.9956543890670425,5.279490095158298,3.6683823089353043,4.767191334011611,1.3915280603087237,0.5217391304347826,1.0833333333333333,0.8333333333333334,0.5833333333333334,0.4166666666666667,0.0,0.0,-0.9166666666666666,0.25,-1.0833333333333333
4,1,0,0,1.9277740903879803,1.391304347826087,0.8553868809442695,3,2,1,0,6,5,4,3,2,1,1,1,1,0,0,0,1,1,1,1,0,0,0,0,1,1,0,0,0,0,0,0,0,1,0,0,0,0,0,0,2.0439268690038013,1.5204851264104264,1.9698504510444452,2.379296910120778,2.6509425480264937,0.8718194623430335,0.9998204560416545,5.279490095158298,3.668502004907535,4.765765226756013,0.43478260869565216,0.5,1.0833333333333333,0.8333333333333334,0.5833333333333334,0.4166666666666667,0.0,0.0,-0.9166666666666666,0.25
5,0,1,0,2.033307186387497,2.869565217391304,0.9375077575906081,4,3,2,1,0,6,5,4,3,2,1,1,1,1,0,0,0,1,1,1,0,0,0,0,0,1,1,0,0,0,0,0,0,0,1,0,0,0,0,0,1.9277740903879803,2.0439268690038013,1.5101147840680915,1.9698504510444452,2.379296910120778,2.651242245332215,0.8761745167275122,0.9998204560416545,5.279609791130529,3.6674045710183076,1.391304347826087,0.4166666666666667,0.5,1.0833333333333333,0.8333333333333334,0.5833333333333334,0.4166666666666667,0.0,0.0,-0.9166666666666666
6,0,1,0,0.8582031014300365,2.0869565217391304,0.15233612008379302,5,4,3,2,1,0,6,5,4,3,0,1,1,1,1,0,0,0,1,1,1,0,0,0,0,0,1,1,0,0,0,0,0,0,0,1,0,0,0,0,2.033307186387497,1.9277740903879803,2.030089609494411,1.5101147840680915,1.9698504510444452,2.379596607426499,2.6528816805314506,0.8761745167275122,0.9999401520138851,5.278030393681943,2.869565217391304,1.3333333333333333,0.4166666666666667,0.5,1.0833333333333333,0.8333333333333334,0.5833333333333334,0.4166666666666667,0.0,0.0
0,1,0,0,1.6433355457672114,0.8695652173913043,0.5124934555511864,6,5,4,3,2,1,0,6,5,4,0,0,1,1,1,1,0,0,0,1,1,1,0,0,0,0,0,1,1,0,0,0,0,0,0,0,1,0,0,0,0.8582031014300365,2.033307186387497,1.914706146791741,2.030089609494411,1.5101147840680915,1.9701501483501667,2.381650607457059,2.6528816805314506,0.8762942126997428,0.9996410195046073,2.0869565217391304,2.75,1.3333333333333333,0.4166666666666667,0.5,1.0833333333333333,0.8333333333333334,0.5833333333333334,0.4166666666666667,0.0
1,1,0,0,1.0498401013696976,0.34782608695652173,0.18960403653381527,0,6,5,4,3,2,1,0,6,5,1,0,0,1,1,1,1,0,0,0,0,1,1,0,0,0,0,0,1,1,0,0,0,0,0,0,0,1,0,0,1.6433355457672114,0.8582031014300365,2.0195402643330236,1.914706146791741,2.030089609494411,1.5104144813738127,1.9728290143036689,2.381650607457059,2.6530013765036813,0.8760320689242553,0.8695652173913043,2.0,2.75,1.3333333333333333,0.4166666666666667,0.5,1.0833333333333333,0.8333333333333334,0.5833333333333334,0.4166666666666667
2,1,0,0,1.769987328787787,0.5217391304347826,0.8325802162440288,1,0,6,5,4,3,2,1,0,6,1,1,0,0,1,1,1,1,0,0,0,0,1,1,0,0,0,0,0,1,0,0,0,0,0,0,0,0,1,0,1.0498401013696976,1.6433355457672114,0.8522192585488656,2.0195402643330236,1.914706146791741,2.030389306800132,1.5137949607995695,1.9728290143036689,2.3817703034292896,2.6522077300466678,0.34782608695652173,0.8333333333333334,2.0,2.75,1.3333333333333333,0.4166666666666667,0.5,1.0833333333333333,0.8333333333333334,0.5833333333333334
3,1,0,0,2.8604959874494655,0.782608695652174,1.4007749269057004,2,1,0,6,5,4,3,2,1,0,1,1,1,0,0,1,1,1,1,0,0,0,0,1,1,0,0,0,0,0,0,0,0,0,0,0,0,0,0,1,1.769987328787787,1.0498401013696976,1.6321515269577727,0.8522192585488656,2.0195402643330236,1.9150058440974618,2.032976240349513,1.5137949607995695,1.9729487102758996,2.3810577958597583,0.5217391304347826,0.3333333333333333,0.8333333333333334,2.0,2.75,1.3333333333333333,0.4166666666666667,0.5,1.0833333333333333,0.8333333333333334
4,1,0,0,0.6751945936161224,1.1304347826086956,0.19076624642499143,3,2,1,0,6,5,4,3,2,1,1,1,1,1,0,0,1,1,1,1,0,0,0,0,1,1,0,0,0,0,0,0,0,0,0,0,0,0,0,0,2.8604959874494655,1.769987328787787,1.0425869871429858,1.6321515269577727,0.8522192585488656,2.019839961638745,1.9177688670776234,2.032976240349513,1.5139146567718,1.972358501854733,0.782608695652174,0.5,0.3333333333333333,0.8333333333333334,2.0,2.75,1.3333333333333333,0.4166666666666667,0.5,1.0833333333333333
5,0,1,0,0.25873408556085203,0.9565217391304348,-0.12306150468483278,4,3,2,1,0,6,5,4,3,2,1,1,1,1,1,0,0,1,1,1,0,0,0,0,0,1,1,0,0,0,0,0,0,0,0,0,0,0,0,0,0.6751945936161224,2.8604959874494655,1.7579644558995415,1.0425869871429858,1.6321515269577727,0.8525189558545867,2.0224429947932254,1.9177688670776234,2.033095936321743,1.513461768577241,1.1304347826086956,0.75,0.5,0.3333333333333333,0.8333333333333334,2.0,2.75,1.3333333333333333,0.4166666666666667,0.5
6,0,1,0,-0.4287093465274844,-1.565217391304348,-0.6882245639757845,5,4,3,2,1,0,6,5,4,3,0,1,1,1,1,1,0,0,1,1,1,0,0,0,0,0,1,1,0,0,0,0,0,0,0,0,0,0,0,0,0.25873408556085203,0.6751945936161224,2.8412503371594693,1.7579644558995415,1.0425869871429858,1.6324512242634939,0.8569034651983961,2.0224429947932254,1.917888563049854,2.0324877348330745,0.9565217391304348,1.0833333333333333,0.75,0.5,0.3333333333333333,0.8333333333333334,2.0,2.75,1.3333333333333333,0.4166666666666667
0,1,0,0,0.7230435044952633,0.6086956521739131,-0.5664395651859185,6,5,4,3,2,1,0,6,5,4,0,0,1,1,1,1,1,0,0,1,1,1,0,0,0,0,0,1,1,0,0,0,0,0,0,0,0,0,0,0,-0.4287093465274844,0.25873408556085203,0.6704228728983727,2.8412503371594693,1.7579644558995415,1.042886684448707,1.635645460530253,0.8569034651983961,2.022562690765456,1.9173148258944601,-1.565217391304348,0.9166666666666666,1.0833333333333333,0.75,0.5,0.3333333333333333,0.8333333333333334,2.0,2.75,1.3333333333333333
1,1,0,0,0.0,0.8695652173913043,-0.5709251820364379,0,6,5,4,3,2,1,0,6,5,1,0,0,1,1,1,1,1,0,0,0,1,1,0,0,0,0,0,1,1,0,0,0,0,0,0,0,0,0,0,0.7230435044952633,-0.4287093465274844,0.2567207120807985,0.6704228728983727,2.8412503371594693,1.7582641532052627,1.046980669100485,1.635645460530253,0.8570231611706267,2.021957640301544,0.6086956521739131,-1.5,0.9166666666666666,1.0833333333333333,0.75,0.5,0.3333333333333333,0.8333333333333334,2.0,2.75
2,1,0,0,0.4567066916068304,0.08695652173913043,0.013356791418415411,1,0,6,5,4,3,2,1,0,6,1,1,0,0,1,1,1,1,1,0,0,0,1,1,0,0,0,0,0,1,0,0,0,0,0,0,0,0,0,0,0.0,0.7230435044952633,-0.4261695687355771,0.2567207120807985,0.6704228728983727,2.8415500344651905,1.761266383386199,1.046980669100485,1.635765156502484,0.8567667823381596,0.8695652173913043,0.5833333333333334,-1.5,0.9166666666666666,1.0833333333333333,0.75,0.5,0.3333333333333333,0.8333333333333334,2.0
3,1,0,0,0.3164182706812285,0.34782608695652173,-0.019018052953539075,2,1,0,6,5,4,3,2,1,0,1,1,1,0,0,1,1,1,1,1,0,0,0,1,1,0,0,0,0,0,0,0,0,0,0,0,0,0,0,0,0.4567066916068304,0.0,0.7179548655857585,-0.4261695687355771,0.2567207120807985,0.6707225702040939,2.842899036447424,1.761266383386199,1.0471003650727158,1.6352758166806272,0.08695652173913043,0.8333333333333334,0.5833333333333334,-1.5,0.9166666666666666,1.0833333333333333,0.75,0.5,0.3333333333333333,0.8333333333333334
4,1,0,0,0.2275991069812346,0.6086956521739131,-0.0430264298480204,3,2,1,0,6,5,4,3,2,1,1,1,1,1,0,0,1,1,1,1,0,0,0,0,1,1,0,0,0,0,0,0,0,0,0,0,0,0,0,0,0.3164182706812285,0.4567066916068304,-0.00029969730572120456,0.7179548655857585,-0.4261695687355771,0.2570204093865197,0.6753845233107907,2.842899036447424,1.76138607935843,1.0467871245662321,0.34782608695652173,0.08333333333333333,0.8333333333333334,0.5833333333333334,-1.5,0.9166666666666666,1.0833333333333333,0.75,0.5,0.3333333333333333
5,0,1,0,0.6934773426657815,0.5217391304347826,0.32842896533442306,4,3,2,1,0,6,5,4,3,2,1,1,1,1,1,0,0,1,1,1,0,0,0,0,0,1,1,0,0,0,0,0,0,0,0,0,0,0,0,0,0.2275991069812346,0.3164182706812285,0.45338208409506414,-0.00029969730572120456,0.7179548655857585,-0.4258698714298559,0.2623137231432163,0.6753845233107907,2.8430187324196545,1.760859159985641,0.6086956521739131,0.3333333333333333,0.08333333333333333,0.8333333333333334,0.5833333333333334,-1.5,0.9166666666666666,1.0833333333333333,0.75,0.5
6,0,1,0,0.24503710855005126,-0.2608695652173913,0.03438344624909591,5,4,3,2,1,0,6,5,4,3,0,1,1,1,1,1,0,0,1,1,1,0,0,0,0,0,1,1,0,0,0,0,0,0,0,0,0,0,0,0,0.6934773426657815,0.2275991069812346,0.31402283693469607,0.45338208409506414,-0.00029969730572120456,0.7182545628914797,-0.41953438266802323,0.2623137231432163,0.6755042192830212,2.842168242192175,0.5217391304347826,0.5833333333333334,0.3333333333333333,0.08333333333333333,0.8333333333333334,0.5833333333333334,-1.5,0.9166666666666666,1.0833333333333333,0.75
0,1,0,0,0.6948048029928195,0.9565217391304348,0.23659232680796727,6,5,4,3,2,1,0,6,5,4,0,0,1,1,1,1,1,0,0,1,1,1,0,0,0,0,0,1,1,0,0,0,0,0,0,0,0,0,0,0,0.24503710855005126,0.6934773426657815,0.22579195013036846,0.31402283693469607,0.45338208409506414,0.0,0.7228439763001976,-0.41953438266802323,0.2624334191154469,0.6753021419169558,-0.2608695652173913,0.5,0.5833333333333334,0.3333333333333333,0.08333333333333333,0.8333333333333334,0.5833333333333334,-1.5,0.9166666666666666,1.0833333333333333
1,1,0,0,0.75701442104628,1.6521739130434783,0.16949495804233805,0,6,5,4,3,2,1,0,6,5,1,0,0,1,1,1,1,1,0,0,0,1,1,0,0,0,0,0,1,1,0,0,0,0,0,0,0,0,0,0,0.6948048029928195,0.24503710855005126,0.6885845296250788,0.22579195013036846,0.31402283693469607,0.45368178140078536,0.005685558680950404,0.7228439763001976,-0.41941468669579274,0.2623549120497787,0.9565217391304348,-0.25,0.5,0.5833333333333334,0.3333333333333333,0.08333333333333333,0.8333333333333334,0.5833333333333334,-1.5,0.9166666666666666
2,1,0,0,-0.187654618958547,0.2608695652173913,-0.3333027875592209,1,0,6,5,4,3,2,1,0,6,1,1,0,0,1,1,1,1,1,0,0,0,1,1,0,0,0,0,0,1,0,0,0,0,0,0,0,0,0,0,0.75701442104628,0.6948048029928195,0.24311445440105497,0.6885845296250788,0.22579195013036846,0.3143225342404173,0.45867496558740817,0.005685558680950404,0.7229636722724281,-0.4192892186191217,1.6521739130434783,0.9166666666666666,-0.25,0.5,0.5833333333333334,0.3333333333333333,0.08333333333333333,0.8333333333333334,0.5833333333333334,-1.5
3,1,0,0,0.3678271888010619,-0.17391304347826086,0.0873191391064579,2,1,0,6,5,4,3,2,1,0,1,1,1,0,0,1,1,1,1,1,0,0,0,1,1,0,0,0,0,0,0,0,0,0,0,0,0,0,0,0,-0.187654618958547,0.75701442104628,0.6899031977702521,0.24311445440105497,0.6885845296250788,0.22609164743608964,0.31952839786941184,0.45867496558740817,0.005805254653180915,0.7227473973914085,0.2608695652173913,1.5833333333333333,0.9166666666666666,-0.25,0.5,0.5833333333333334,0.3333333333333333,0.08333333333333333,0.8333333333333334,0.5833333333333334
4,1,0,0,0.3321667772883605,0.34782608695652173,0.04356342054653141,3,2,1,0,6,5,4,3,2,1,1,1,1,1,0,0,1,1,1,1,0,0,0,0,1,1,0,0,0,0,0,0,0,0,0,0,0,0,0,0,0.3678271888010619,-0.187654618958547,0.751700782209968,0.6899031977702521,0.24311445440105497,0.6888842269308,0.23143216230773847,0.31952839786941184,0.45879466155963866,0.005803518008854846,-0.17391304347826086,0.25,1.5833333333333333,0.9166666666666666,-0.25,0.5,0.5833333333333334,0.3333333333333333,0.08333333333333333,0.8333333333333334
5,0,1,0,-0.30766910034393286,0.5217391304347826,-0.4637289652742673,4,3,2,1,0,6,5,4,3,2,1,1,1,1,1,0,0,1,1,1,0,0,0,0,0,1,1,0,0,0,0,0,0,0,0,0,0,0,0,0,0.3321667772883605,0.3678271888010619,-0.18671142146432101,0.751700782209968,0.6899031977702521,0.2434141517067762,0.6935184631037167,0.23143216230773847,0.31964809384164233,0.45865741294722995,0.34782608695652173,-0.16666666666666666,0.25,1.5833333333333333,0.9166666666666666,-0.25,0.5,0.5833333333333334,0.3333333333333333,0.08333333333333333
6,0,0,1,0.3400712001448138,0.17391304347826086,0.19760676199220742,5,4,3,2,1,0,6,5,4,3,0,1,1,1,1,1,0,0,1,1,1,0,0,0,0,0,1,1,0,0,0,0,0,0,0,0,0,0,0,0,-0.30766910034393286,0.3321667772883605,0.3650912578295921,-0.18671142146432101,0.751700782209968,0.6902028950759733,0.24872823029505062,0.6935184631037167,0.231551858279969,0.31955247098241,0.5217391304347826,0.3333333333333333,-0.16666666666666666,0.25,1.5833333333333333,0.9166666666666666,-0.25,0.5,0.5833333333333334,0.3333333333333333
0,1,0,0,-0.5837205092620527,-2.0,-0.615274638258161,6,5,4,3,2,1,0,6,5,4,0,0,1,1,1,1,1,0,0,1,0,1,0,0,0,0,0,1,1,0,1,0,0,0,0,0,0,0,0,0,0.3400712001448138,-0.30766910034393286,0.32966703629334376,0.3650912578295921,-0.18671142146432101,0.7520004795156892,0.6948351187982525,0.24872823029505062,0.6936381590759472,0.23148258944597352,0.17391304347826086,0.5,0.3333333333333333,-0.16666666666666666,0.25,1.5833333333333333,0.9166666666666666,-0.25,0.5,0.5833333333333334
1,1,0,0,-0.1281602606649369,0.0,-0.13798515395170413,0,6,5,4,3,2,1,0,6,5,1,0,0,1,1,1,1,1,0,0,0,0,1,0,0,0,0,0,1,1,0,1,0,0,0,0,0,0,0,0,-0.5837205092620527,0.3400712001448138,-0.30593100968022297,0.32966703629334376,0.3650912578295921,-0.1864117241585998,0.7565383924830931,0.6948351187982525,0.24884792626728114,0.6934306569343066,-2.0,0.16666666666666666,0.5,0.3333333333333333,-0.16666666666666666,0.25,1.5833333333333333,0.9166666666666666,-0.25,0.5
2,1,0,0,0.5197007180353587,0.5217391304347826,0.5083942394012012,1,0,6,5,4,3,2,1,0,6,1,1,0,0,1,1,1,1,1,0,0,0,0,1,0,0,0,0,0,1,0,0,1,0,0,0,0,0,0,0,-0.1281602606649369,-0.5837205092620527,0.3375191057032398,-0.30593100968022297,0.32966703629334376,0.36539095513531333,-0.18044167813753065,0.7565383924830931,0.694954814770483,0.24877348330740698,0.0,-1.9166666666666667,0.16666666666666666,0.5,0.3333333333333333,-0.16666666666666666,0.25,1.5833333333333333,0.9166666666666666,-0.25
3,1,0,0,1.3971519942074457,0.5217391304347826,1.6852911670644635,2,1,0,6,5,4,3,2,1,0,1,1,1,0,0,1,1,1,1,1,0,0,0,0,1,0,0,0,0,0,0,0,0,1,0,0,0,0,0,0,0.5197007180353587,-0.1281602606649369,-0.5801540444151407,0.3375191057032398,-0.30593100968022297,0.329966733599065,0.3705188820396194,-0.18044167813753065,0.7566580884553236,0.6947469187507479,0.5217391304347826,0.0,-1.9166666666666667,0.16666666666666666,0.5,0.3333333333333333,-0.16666666666666666,0.25,1.5833333333333333,0.9166666666666666
4,1,0,0,1.4005309841308151,0.34782608695652173,1.6613321179189866,3,2,1,0,6,5,4,3,2,1,1,1,1,1,0,0,1,1,1,1,0,0,0,0,0,1,0,0,0,0,0,0,0,0,1,0,0,0,0,0,1.3971519942074457,0.5197007180353587,-0.1276111127760961,-0.5801540444151407,0.3375191057032398,-0.30563131237450175,0.33514872224549647,0.3705188820396194,-0.18032198216530013,0.7564317338757928,0.5217391304347826,0.5,0.0,-1.9166666666666667,0.16666666666666666,0.5,0.3333333333333333,-0.16666666666666666,0.25,1.5833333333333333
5,0,1,0,0.775417848307488,2.0869565217391304,0.7760764828753506,4,3,2,1,0,6,5,4,3,2,1,1,1,1,1,0,0,1,1,1,0,0,0,0,0,0,1,0,0,0,0,0,0,0,0,1,0,0,0,0,1.4005309841308151,1.3971519942074457,0.5159588815296552,-0.1276111127760961,-0.5801540444151407,0.337818803008961,-0.2994793225207972,0.33514872224549647,0.3706385780118499,-0.1802680387698935,0.34782608695652173,0.5,0.5,0.0,-1.9166666666666667,0.16666666666666666,0.5,0.3333333333333333,-0.16666666666666666,0.25
6,0,1,0,1.8636336209497375,0.6086956521739131,1.8093269950517852,5,4,3,2,1,0,6,5,4,3,0,1,1,1,1,1,0,0,1,1,1,0,0,0,0,0,0,1,0,0,0,0,0,0,0,0,1,0,0,0,0.775417848307488,1.4005309841308151,1.3875985254892562,0.5159588815296552,-0.1276111127760961,-0.5798543471094195,0.3429888084265965,-0.2994793225207972,0.335268418217727,0.3705277013282278,2.0869565217391304,0.3333333333333333,0.5,0.5,0.0,-1.9166666666666667,0.16666666666666666,0.5,0.3333333333333333,-0.16666666666666666
0,1,0,0,0.9071381162131175,2.608695652173913,1.068046627155006,6,5,4,3,2,1,0,6,5,4,0,0,1,1,1,1,1,0,0,1,1,1,0,0,0,0,0,0,1,0,0,0,0,0,0,0,0,1,0,0,1.8636336209497375,0.775417848307488,1.3909551353133338,1.3875985254892562,0.5159588815296552,-0.12731141547037492,-0.5732838589981447,0.3429888084265965,-0.2993596265485667,0.3351681225320091,0.6086956521739131,2.0,0.3333333333333333,0.5,0.5,0.0,-1.9166666666666667,0.16666666666666666,0.5,0.3333333333333333
1,1,0,0,0.13244433717492307,1.9130434782608696,0.13788710001161006,0,6,5,4,3,2,1,0,6,5,1,0,0,1,1,1,1,1,0,0,0,1,1,0,0,0,0,0,0,1,0,0,0,0,0,0,0,0,1,0,0.9071381162131175,1.8636336209497375,0.7699823178589625,1.3909551353133338,1.3875985254892562,0.5162585788353764,-0.12143156382787716,-0.5732838589981447,0.343108504398827,-0.29927007299270075,2.608695652173913,0.5833333333333334,2.0,0.3333333333333333,0.5,0.5,0.0,-1.9166666666666667,0.16666666666666666,0.5
2,1,0,0,0.16261389006214927,0.9565217391304348,0.19525968352840187,1,0,6,5,4,3,2,1,0,6,1,1,0,0,1,1,1,1,1,0,0,0,1,1,0,0,0,0,0,0,0,0,0,0,0,0,0,0,0,1,0.13244433717492307,0.9071381162131175,1.8509904995954092,0.7699823178589625,1.3909551353133338,1.3878982227949772,0.5211562630917471,-0.12143156382787716,-0.5731641630259142,0.3430058633480914,1.9130434782608696,2.5,0.5833333333333334,2.0,0.3333333333333333,0.5,0.5,0.0,-1.9166666666666667,0.16666666666666666
3,1,0,0,0.5608519881735352,1.0434782608695652,0.47260816061435906,2,1,0,6,5,4,3,2,1,0,1,1,1,0,0,1,1,1,1,1,0,0,0,1,1,0,0,0,0,0,0,0,0,0,0,0,0,0,0,0,0.16261389006214927,0.13244433717492307,0.9008301615368478,1.8509904995954092,0.7699823178589625,1.391254832619055,1.3914656771799632,0.5211562630917471,-0.12131186785564665,-0.572992700729927,0.9565217391304348,1.8333333333333333,2.5,0.5833333333333334,2.0,0.3333333333333333,0.5,0.5,0.0,-1.9166666666666667
4,1,0,0,0.09020696313280638,1.9130434782608696,0.08611903106665643,3,2,1,0,6,5,4,3,2,1,1,1,1,1,0,0,1,1,1,1,0,0,0,0,1,1,0,0,0,0,0,0,0,0,0,0,0,0,0,0,0.5608519881735352,0.16261389006214927,0.1312674199058951,0.9008301615368478,1.8509904995954092,0.7702820151646838,1.3948171644024183,1.3914656771799632,0.5212759590639776,-0.12127557736029675,1.0434782608695652,0.9166666666666666,1.8333333333333333,2.5,0.5833333333333334,2.0,0.3333333333333333,0.5,0.5,0.0
5,0,1,0,-0.48965184335968137,-0.2608695652173913,-0.5386854876759832,4,3,2,1,0,6,5,4,3,2,1,1,1,1,1,0,0,1,1,1,0,0,0,0,0,1,1,0,0,0,0,0,0,0,0,0,0,0,0,0,0.09020696313280638,0.5608519881735352,0.16123715047801726,0.1312674199058951,0.9008301615368478,1.8512901969011302,0.7747920282482497,1.3948171644024183,1.3915853731521939,0.5211200191456266,1.9130434782608696,1.0,0.9166666666666666,1.8333333333333333,2.5,0.5833333333333334,2.0,0.3333333333333333,0.5,0.5
6,0,1,0,-0.3146684366137693,1.3043478260869565,-0.2999578307901804,5,4,3,2,1,0,6,5,4,3,0,1,1,1,1,1,0,0,1,1,1,0,0,0,0,0,1,1,0,0,0,0,0,0,0,0,0,0,0,0,-0.48965184335968137,0.09020696313280638,0.5568375940300297,0.16123715047801726,0.1312674199058951,0.901129858842569,1.8541504578370944,0.7747920282482497,1.3949368603746488,1.3911690798133305,-0.2608695652173913,1.8333333333333333,1.0,0.9166666666666666,1.8333333333333333,2.5,0.5833333333333334,2.0,0.3333333333333333,0.5
0,1,0,0,-0.3170820008447474,1.3043478260869565,-0.4039431319230543,6,5,4,3,2,1,0,6,5,4,0,0,1,1,1,1,1,0,0,1,1,1,0,0,0,0,0,1,1,0,0,0,0,0,0,0,0,0,0,0,-0.3146684366137693,-0.48965184335968137,0.08930979710492407,0.5568375940300297,0.16123715047801726,0.1315671172116163,0.9054401819378779,1.8541504578370944,0.7749117242204802,1.3945195644369992,1.3043478260869565,-0.25,1.8333333333333333,1.0,0.9166666666666666,1.8333333333333333,2.5,0.5833333333333334,2.0,0.3333333333333333
1,1,0,0,-0.38164484402341153,-0.08695652173913043,-0.4720561309679809,0,6,5,4,3,2,1,0,6,5,1,0,0,1,1,1,1,1,0,0,0,1,1,0,0,0,0,0,1,1,0,0,0,0,0,0,0,0,0,0,-0.3170820008447474,-0.3146684366137693,-0.48670842449126384,0.08930979710492407,0.5568375940300297,0.16153684778373847,0.137051888203962,0.9054401819378779,1.854270153809325,0.7746799090582747,1.3043478260869565,1.25,-0.25,1.8333333333333333,1.0,0.9166666666666666,1.8333333333333333,2.5,0.5833333333333334,2.0
2,0,0,1,0.0359017679357992,0.6086956521739131,-0.026508251068617504,1,0,6,5,4,3,2,1,0,6,1,1,0,0,1,1,1,1,1,0,0,0,1,1,0,0,0,0,0,1,0,0,0,0,0,0,0,0,0,0,-0.38164484402341153,-0.3170820008447474,-0.3128839871729553,-0.48670842449126384,0.08930979710492407,0.557137291335751,0.1669758812615956,0.137051888203962,0.9055598779101085,1.8537154481273188,-0.08695652173913043,1.25,1.25,-0.25,1.8333333333333333,1.0,0.9166666666666666,1.8333333333333333,2.5,0.5833333333333334
3,1,0,0,-0.6127436191395643,-1.3043478260869565,-0.6395823904748518,2,1,0,6,5,4,3,2,1,0,0,1,1,0,0,1,1,1,1,1,0,0,0,1,1,0,0,0,0,0,1,0,0,0,0,0,0,0,0,0,0.0359017679357992,-0.38164484402341153,-0.3152815656187251,-0.3128839871729553,-0.48670842449126384,0.08960949441064528,0.5619725896223593,0.1669758812615956,0.1371715841761925,0.9052889792987915,0.6086956521739131,-0.08333333333333333,1.25,1.25,-0.25,1.8333333333333333,1.0,0.9166666666666666,1.8333333333333333,2.5
4,1,0,0,-0.4160381343148493,0.43478260869565216,-0.40164919107504615,3,2,1,0,6,5,4,3,2,1,1,0,1,1,0,0,1,1,1,1,0,0,0,0,1,1,0,0,0,0,0,1,0,0,0,0,0,0,0,0,-0.6127436191395643,0.0359017679357992,-0.3794167890430665,-0.3152815656187251,-0.3128839871729553,-0.4864087271855427,0.09515829792327493,0.5619725896223593,0.16709557723382612,0.13713054924015797,-1.3043478260869565,0.5833333333333334,-0.08333333333333333,1.25,1.25,-0.25,1.8333333333333333,1.0,0.9166666666666666,1.8333333333333333
5,0,1,0,-0.40397031315995885,-0.6956521739130435,-0.49421993077672555,4,3,2,1,0,6,5,4,3,2,1,1,0,1,1,0,0,1,1,1,0,0,0,0,0,1,1,0,0,0,0,0,1,0,0,0,0,0,0,0,-0.4160381343148493,-0.6127436191395643,0.035364282075104184,-0.3794167890430665,-0.3152815656187251,-0.3125842898672341,-0.4799808486444431,0.09515829792327493,0.5620922855945898,0.16704559052291496,0.43478260869565216,-1.25,0.5833333333333334,-0.08333333333333333,1.25,1.25,-0.25,1.8333333333333333,1.0,0.9166666666666666
6,0,1,0,-0.6151571833705423,-0.5217391304347826,-0.6184414396403807,5,4,3,2,1,0,6,5,4,3,0,1,1,0,1,1,0,0,1,1,1,0,0,0,0,0,1,1,0,0,0,0,0,1,0,0,0,0,0,0,-0.40397031315995885,-0.4160381343148493,-0.6089849252255223,0.035364282075104184,-0.3794167890430665,-0.3149818683130039,-0.30642168891016813,-0.4799808486444431,0.09527799389550544,0.561924135455307,-0.6956521739130435,0.4166666666666667,-1.25,0.5833333333333334,-0.08333333333333333,1.25,1.25,-0.25,1.8333333333333333,1.0
0,1,0,0,-0.5083569661497616,-1.1304347826086956,-0.5685528381402155,6,5,4,3,2,1,0,6,5,4,0,0,1,1,0,1,1,0,0,1,1,1,0,0,0,0,0,1,1,0,0,0,0,0,1,0,0,0,0,0,-0.6151571833705423,-0.40397031315995885,-0.4135822818952858,-0.6089849252255223,0.035364282075104184,-0.3791170917373453,-0.3088156083547789,-0.30642168891016813,-0.4798611526722127,0.09524949144429821,-0.5217391304347826,-0.6666666666666666,0.4166666666666667,-1.25,0.5833333333333334,-0.08333333333333333,1.25,1.25,-0.25,1.8333333333333333
1,1,0,0,-0.6857539371266517,-0.6086956521739131,-0.7259965859583148,0,6,5,4,3,2,1,0,6,5,1,0,0,1,1,0,1,1,0,0,0,1,1,0,0,0,0,0,1,1,0,0,0,0,0,1,0,0,0,0,-0.5083569661497616,-0.6151571833705423,-0.40159438966643696,-0.4135822818952858,-0.6089849252255223,0.03566397938082539,-0.3728529534981148,-0.3088156083547789,-0.30630199293793764,-0.47971760201029084,-1.1304347826086956,-0.5,-0.6666666666666666,0.4166666666666667,-1.25,0.5833333333333334,-0.08333333333333333,1.25,1.25,-0.25
2,0,0,1,-0.7304048753997465,-1.565217391304348,-0.7557432238009998,1,0,6,5,4,3,2,1,0,6,1,1,0,0,1,1,0,1,1,0,0,0,1,1,0,0,0,0,0,1,0,0,0,0,0,0,1,0,0,0,-0.6857539371266517,-0.5083569661497616,-0.6113825036712921,-0.40159438966643696,-0.4135822818952858,-0.6086852279198011,0.041295110419534424,-0.3728529534981148,-0.30869591238254834,-0.3062103625703003,-0.6086956521739131,-1.0833333333333333,-0.5,-0.6666666666666666,0.4166666666666667,-1.25,0.5833333333333334,-0.08333333333333333,1.25,1.25
3,1,0,0,-0.3864719724853677,-0.6956521739130435,-0.4305157496885434,2,1,0,6,5,4,3,2,1,0,0,1,1,0,0,1,1,0,1,1,0,0,0,1,1,0,0,0,0,0,1,0,0,0,0,0,0,1,0,0,-0.7304048753997465,-0.6857539371266517,-0.5052896574459796,-0.6113825036712921,-0.40159438966643696,-0.4132825845895645,-0.6020707403195883,0.041295110419534424,-0.3727332575258843,-0.3086035658729209,-1.565217391304348,-0.5833333333333334,-1.0833333333333333,-0.5,-0.6666666666666666,0.4166666666666667,-1.25,0.5833333333333334,-0.08333333333333333,1.25
4,1,0,0,-0.5976588426959512,-1.826086956521739,-0.6282055266729777,3,2,1,0,6,5,4,3,2,1,1,0,1,1,0,0,1,1,0,1,0,0,0,0,1,1,0,0,0,0,0,1,0,0,0,0,0,0,1,0,-0.3864719724853677,-0.7304048753997465,-0.6815116732100579,-0.5052896574459796,-0.6113825036712921,-0.40129469236071563,-0.4069663055838172,-0.6020707403195883,0.04141480639176493,-0.37262175421802085,-0.6956521739130435,-1.5,-0.5833333333333334,-1.0833333333333333,-0.5,-0.6666666666666666,0.4166666666666667,-1.25,0.5833333333333334,-0.08333333333333333
5,0,1,0,-0.6097266638508416,-0.9565217391304348,-0.64127958587149,4,3,2,1,0,6,5,4,3,2,1,1,0,1,1,0,0,1,1,0,0,0,0,0,0,1,1,0,0,0,0,0,1,0,0,0,0,0,0,1,-0.5976588426959512,-0.3864719724853677,-0.7258668744567986,-0.6815116732100579,-0.5052896574459796,-0.6110828063655708,-0.3949967083607637,-0.4069663055838172,-0.6019510443473578,0.04140241713533566,-1.826086956521739,-0.6666666666666666,-1.5,-0.5833333333333334,-1.0833333333333333,-0.5,-0.6666666666666666,0.4166666666666667,-1.25,0.5833333333333334
6,0,1,0,-0.5373197369214987,0.08695652173913043,-0.5351142388557887,5,4,3,2,1,0,6,5,4,3,0,1,1,0,1,1,0,0,1,1,1,0,0,0,0,0,1,1,0,0,0,0,0,1,0,0,0,0,0,0,-0.6097266638508416,-0.5976588426959512,-0.38421194593460606,-0.7258668744567986,-0.6815116732100579,-0.5049899601402584,-0.604464659764199,-0.3949967083607637,-0.4068466096115866,-0.6017709704439392,-0.9565217391304348,-1.75,-0.6666666666666666,-1.5,-0.5833333333333334,-1.0833333333333333,-0.5,-0.6666666666666666,0.4166666666666667,-1.25
0,0,0,1,-0.5192180051891631,-0.34782608695652173,-0.4722267728964472,6,5,4,3,2,1,0,6,5,4,0,0,1,1,0,1,1,0,0,1,1,1,0,0,0,0,0,1,1,0,0,0,0,0,1,0,0,0,0,0,-0.5373197369214987,-0.6097266638508416,-0.5940000599394611,-0.38421194593460606,-0.7258668744567986,-0.6812119759043367,-0.498533724340176,-0.604464659764199,-0.3948770123885331,-0.40672490128036376,0.08695652173913043,-0.9166666666666666,-1.75,-0.6666666666666666,-1.5,-0.5833333333333334,-1.0833333333333333,-0.5,-0.6666666666666666,0.4166666666666667
1,1,0,0,-0.5373197369214987,-1.4782608695652173,-0.5304814408354758,0,6,5,4,3,2,1,0,6,5,0,0,0,1,1,0,1,1,0,0,0,1,1,0,0,0,0,0,1,1,1,0,0,0,0,1,0,0,0,0,-0.5192180051891631,-0.5373197369214987,-0.60598795216831,-0.5940000599394611,-0.38421194593460606,-0.7255671771510774,-0.6744868035190617,-0.498533724340176,-0.6043449637919684,-0.39475888476726095,-0.34782608695652173,0.08333333333333333,-0.9166666666666666,-1.75,-0.6666666666666666,-1.5,-0.5833333333333334,-1.0833333333333333,-0.5,-0.6666666666666666
2,1,0,0,-0.048572980148434176,-0.34782608695652173,0.04540799763226805,1,0,6,5,4,3,2,1,0,6,1,0,0,0,1,1,0,1,1,0,0,0,1,1,0,0,0,0,0,1,0,1,0,0,0,0,1,0,0,0,-0.5373197369214987,-0.5192180051891631,-0.5340605987952168,-0.60598795216831,-0.5940000599394611,-0.38391224862888484,-0.7187743132443594,-0.6744868035190617,-0.4984140283679455,-0.6041641737465597,-1.4782608695652173,-0.3333333333333333,0.08333333333333333,-0.9166666666666666,-1.75,-0.6666666666666666,-1.5,-0.5833333333333334,-1.0833333333333333,-0.5
3,1,0,0,-0.14511554938755805,-0.43478260869565216,-0.05951212450003018,2,1,0,6,5,4,3,2,1,0,1,1,0,0,0,1,1,0,1,1,0,0,0,1,1,0,0,0,0,0,0,0,1,0,0,0,0,1,0,0,-0.048572980148434176,-0.5373197369214987,-0.5160787604519436,-0.5340605987952168,-0.60598795216831,-0.5937003626337399,-0.37764079238733617,-0.7187743132443594,-0.6743671075468312,-0.49826492760560015,-0.34782608695652173,-1.4166666666666667,-0.3333333333333333,0.08333333333333333,-0.9166666666666666,-1.75,-0.6666666666666666,-1.5,-0.5833333333333334,-1.0833333333333333
4,1,0,0,-0.0666747118807699,0.17391304347826086,0.05909484382654198,3,2,1,0,6,5,4,3,2,1,1,1,1,0,0,0,1,1,0,1,0,0,0,0,1,1,0,0,0,0,0,0,0,1,0,0,0,0,1,0,-0.14511554938755805,-0.048572980148434176,-0.5340605987952168,-0.5160787604519436,-0.5340605987952168,-0.6056882548625888,-0.5871087437907715,-0.37764079238733617,-0.7186546172721289,-0.6741653703482111,-0.43478260869565216,-0.3333333333333333,-1.4166666666666667,-0.3333333333333333,0.08333333333333333,-0.9166666666666666,-1.75,-0.6666666666666666,-1.5,-0.5833333333333334
5,0,1,0,0.11434260544258734,0.43478260869565216,0.21436837120775384,4,3,2,1,0,6,5,4,3,2,1,1,1,1,0,0,0,1,1,0,0,0,0,0,0,1,1,0,0,0,0,0,0,0,1,0,0,0,0,1,-0.0666747118807699,-0.14511554938755805,-0.04855096352683787,-0.5340605987952168,-0.5160787604519436,-0.5337609014894956,-0.599078341013825,-0.5871087437907715,-0.3775210964151057,-0.7184396314466914,0.17391304347826086,-0.4166666666666667,-0.3333333333333333,-1.4166666666666667,-0.3333333333333333,0.08333333333333333,-0.9166666666666666,-1.75,-0.6666666666666666,-1.5
6,0,1,0,-0.3744041513304772,-0.9565217391304348,-0.29402907650232574,5,4,3,2,1,0,6,5,4,3,0,1,1,1,1,0,0,0,1,1,1,0,0,0,0,0,1,1,0,0,0,0,0,0,0,1,0,0,0,0,0.11434260544258734,-0.0666747118807699,-0.1444541013576288,-0.04855096352683787,-0.5340605987952168,-0.5157790631462223,-0.5272607576755043,-0.599078341013825,-0.586989047818541,-0.37740816082326195,0.43478260869565216,0.16666666666666666,-0.4166666666666667,-0.3333333333333333,-1.4166666666666667,-0.3333333333333333,0.08333333333333333,-0.9166666666666666,-1.75,-0.6666666666666666
0,1,0,0,-0.14511554938755805,0.08695652173913043,-0.15731300923130723,6,5,4,3,2,1,0,6,5,4,0,0,1,1,1,1,0,0,0,1,1,1,0,0,0,0,0,1,1,0,0,0,0,0,0,0,1,0,0,0,-0.3744041513304772,0.11434260544258734,-0.06653280187011117,-0.1444541013576288,-0.04855096352683787,-0.5337609014894956,-0.5093063618409241,-0.5272607576755043,-0.5989586450415945,-0.5868134498025608,-0.9565217391304348,0.4166666666666667,0.16666666666666666,-0.4166666666666667,-0.3333333333333333,-1.4166666666666667,-0.3333333333333333,0.08333333333333333,-0.9166666666666666,-1.75
1,1,0,0,-0.14511554938755805,-0.2608695652173913,-0.15567637066474757,0,6,5,4,3,2,1,0,6,5,1,0,0,1,1,1,1,0,0,0,0,1,1,0,0,0,0,0,1,1,0,0,0,0,0,0,0,1,0,0,-0.14511554938755805,-0.3744041513304772,0.1132855815626218,-0.06653280187011117,-0.1444541013576288,-0.04825126622111666,-0.5272607576755043,-0.5093063618409241,-0.5271410617032738,-0.5987794663156636,0.08695652173913043,-0.9166666666666666,0.4166666666666667,0.16666666666666666,-0.4166666666666667,-0.3333333333333333,-1.4166666666666667,-0.3333333333333333,0.08333333333333333,-0.9166666666666666
2,1,0,0,0.17468171121703976,-0.43478260869565216,0.12267129411750552,1,0,6,5,4,3,2,1,0,6,1,1,0,0,1,1,1,1,0,0,0,0,1,1,0,0,0,0,0,1,0,0,0,0,0,0,0,0,1,0,-0.14511554938755805,-0.14511554938755805,-0.3722240537057572,0.1132855815626218,-0.06653280187011117,-0.14415440405190758,-0.0424920701418397,-0.5272607576755043,-0.5091866658686935,-0.5269833672370469,-0.2608695652173913,0.08333333333333333,-0.9166666666666666,0.4166666666666667,0.16666666666666666,-0.4166666666666667,-0.3333333333333333,-1.4166666666666667,-0.3333333333333333,0.08333333333333333
3,1,0,0,-0.36233633017558675,-1.3043478260869565,-0.35623798513389976,2,1,0,6,5,4,3,2,1,0,1,1,1,0,0,1,1,1,1,0,0,0,0,1,1,0,0,0,0,0,0,0,0,0,0,0,0,0,0,1,0.17468171121703976,-0.14511554938755805,-0.1444541013576288,-0.3722240537057572,0.1132855815626218,-0.06623310456438995,-0.13824884792626727,-0.0424920701418397,-0.5271410617032738,-0.5090343424673927,-0.43478260869565216,-0.25,0.08333333333333333,-0.9166666666666666,0.4166666666666667,0.16666666666666666,-0.4166666666666667,-0.3333333333333333,-1.4166666666666667,-0.3333333333333333
4,1,0,0,0.060037410245580174,-0.5217391304347826,0.05816283009738621,3,2,1,0,6,5,4,3,2,1,1,1,1,1,0,0,1,1,1,1,0,0,0,0,1,1,0,0,0,0,0,0,0,0,0,0,0,0,0,0,-0.36233633017558675,0.17468171121703976,-0.1444541013576288,-0.1444541013576288,-0.3722240537057572,0.113585278868343,-0.060446465976419866,-0.13824884792626727,-0.04237237416960919,-0.5269833672370469,-1.3043478260869565,-0.4166666666666667,-0.25,0.08333333333333333,-0.9166666666666666,0.4166666666666667,0.16666666666666666,-0.4166666666666667,-0.3333333333333333,-1.4166666666666667
5,0,1,0,-0.17528510227478425,-1.2173913043478262,-0.18783926613142718,4,3,2,1,0,6,5,4,3,2,1,1,1,1,1,0,0,1,1,1,0,0,0,0,0,1,1,0,0,0,0,0,0,0,0,0,0,0,0,0,0.060037410245580174,-0.36233633017558675,0.17322504270686612,-0.1444541013576288,-0.1444541013576288,-0.371924356400036,0.11909749236938182,-0.060446465976419866,-0.13812915195403674,-0.04235969845638386,-0.5217391304347826,-1.25,-0.4166666666666667,-0.25,0.08333333333333333,-0.9166666666666666,0.4166666666666667,0.16666666666666666,-0.4166666666666667,-0.3333333333333333
6,0,1,0,-0.2537259397815724,-0.6956521739130435,-0.23055970352017655,5,4,3,2,1,0,6,5,4,3,0,1,1,1,1,1,0,0,1,1,1,0,0,0,0,0,1,1,0,0,0,0,0,0,0,0,0,0,0,0,-0.17528510227478425,0.060037410245580174,-0.36023616147690835,0.17322504270686612,-0.1444541013576288,-0.14415440405190758,-0.36567119516428276,0.11909749236938182,-0.06032677000418936,-0.1380878305612062,-1.2173913043478262,-0.5,-1.25,-0.4166666666666667,-0.25,0.08333333333333333,-0.9166666666666666,0.4166666666666667,0.16666666666666666,-0.4166666666666667
0,1,0,0,-0.15718337054244852,0.34782608695652173,-0.12655414993750816,6,5,4,3,2,1,0,6,5,4,0,0,1,1,1,1,1,0,0,1,1,1,0,0,0,0,0,1,1,0,0,0,0,0,0,0,0,0,0,0,-0.2537259397815724,-0.17528510227478425,0.05934006653280191,-0.36023616147690835,0.17322504270686612,-0.14415440405190758,-0.13824884792626727,-0.36567119516428276,0.11921718834161234,-0.060308723226038044,-0.6956521739130435,-1.1666666666666667,-0.5,-1.25,-0.4166666666666667,-0.25,0.08333333333333333,-0.9166666666666666,0.4166666666666667,0.16666666666666666
1,1,0,0,-0.3502685090206963,0.2608695652173913,-0.28636542918851243,0,6,5,4,3,2,1,0,6,5,1,0,0,1,1,1,1,1,0,0,0,1,1,0,0,0,0,0,1,1,0,0,0,0,0,0,0,0,0,0,-0.15718337054244852,-0.2537259397815724,-0.17442383192975094,0.05934006653280191,-0.36023616147690835,0.17352474001258733,-0.13824884792626727,-0.13824884792626727,-0.3655514991920522,0.11918152447050379,0.34782608695652173,-0.6666666666666666,-1.1666666666666667,-0.5,-1.25,-0.4166666666666667,-0.25,0.08333333333333333,-0.9166666666666666,0.4166666666666667
2,1,0,0,0.060037410245580174,0.2608695652173913,0.1402405950931723,1,0,6,5,4,3,2,1,0,6,1,1,0,0,1,1,1,1,1,0,0,0,1,1,0,0,0,0,0,1,0,0,0,0,0,0,0,0,0,0,-0.3502685090206963,-0.15718337054244852,-0.25234513141726855,-0.17442383192975094,0.05934006653280191,-0.35993646417118713,0.17894547848464906,-0.13824884792626727,-0.13812915195403674,-0.36544214431015914,0.2608695652173913,0.3333333333333333,-0.6666666666666666,-1.1666666666666667,-0.5,-1.25,-0.4166666666666667,-0.25,0.08333333333333333,-0.9166666666666666
3,1,0,0,-0.3140650455560248,-0.782608695652174,-0.1797330727117088,2,1,0,6,5,4,3,2,1,0,1,1,1,0,0,1,1,1,1,1,0,0,0,1,1,0,0,0,0,0,0,0,0,0,0,0,0,0,0,0,0.060037410245580174,-0.3502685090206963,-0.15644199358647765,-0.25234513141726855,-0.17442383192975094,0.05963976383852312,-0.3537015979412293,0.17894547848464906,-0.13812915195403674,-0.1380878305612062,0.2608695652173913,0.25,0.3333333333333333,-0.6666666666666666,-1.1666666666666667,-0.5,-1.25,-0.4166666666666667,-0.25,0.08333333333333333
4,1,0,0,-0.28992940324624383,0.17391304347826086,-0.2527106700934079,3,2,1,0,6,5,4,3,2,1,1,1,1,1,0,0,1,1,1,1,0,0,0,0,1,1,0,0,0,0,0,0,0,0,0,0,0,0,0,0,-0.3140650455560248,0.060037410245580174,-0.34824826924805946,-0.15644199358647765,-0.25234513141726855,-0.17412413462402973,0.06523430486564132,-0.3537015979412293,0.17906517445687956,-0.1380878305612062,-0.782608695652174,0.25,0.25,0.3333333333333333,-0.6666666666666666,-1.1666666666666667,-0.5,-1.25,-0.4166666666666667,-0.25
5,0,1,0,-0.16321728111989378,0.6086956521739131,-0.036850635776534066,4,3,2,1,0,6,5,4,3,2,1,1,1,1,1,0,0,1,1,1,0,0,0,0,0,1,1,0,0,0,0,0,0,0,0,0,0,0,0,0,-0.28992940324624383,-0.3140650455560248,0.05934006653280191,-0.34824826924805946,-0.15644199358647765,-0.25204543411154734,-0.1681728409839009,0.06523430486564132,-0.3535819019689988,0.17901160703601773,0.17391304347826086,-0.75,0.25,0.25,0.3333333333333333,-0.6666666666666666,-1.1666666666666667,-0.5,-1.25,-0.4166666666666667
6,0,1,0,-0.2416581186266819,-0.6956521739130435,-0.09487450599562748,5,4,3,2,1,0,6,5,4,3,0,1,1,1,1,1,0,0,1,1,1,0,0,0,0,0,1,1,0,0,0,0,0,0,0,0,0,0,0,0,-0.16321728111989378,-0.28992940324624383,-0.31228459256151286,0.05934006653280191,-0.34824826924805946,-0.15614229628075643,-0.2459752229337483,-0.1681728409839009,0.06535400083787182,-0.3534761277970564,0.6086956521739131,0.16666666666666666,-0.75,0.25,0.25,0.3333333333333333,-0.6666666666666666,-1.1666666666666667,-0.5,-1.25
0,1,0,0,-0.3140650455560248,-0.17391304347826086,-0.21650350076628452,6,5,4,3,2,1,0,6,5,4,0,0,1,1,1,1,1,0,0,1,1,1,0,0,0,0,0,1,1,0,0,0,0,0,0,0,0,0,0,0,-0.2416581186266819,-0.16321728111989378,-0.28830880810381515,-0.31228459256151286,0.05934006653280191,-0.34794857194233825,-0.1502184451493207,-0.2459752229337483,-0.16805314501167037,0.06533445016154124,-0.6956521739130435,0.5833333333333334,0.16666666666666666,-0.75,0.25,0.25,0.3333333333333333,-0.6666666666666666,-1.1666666666666667,-0.5
1,1,0,0,-0.09684426476799611,0.6086956521739131,-0.04957559086522276,0,6,5,4,3,2,1,0,6,5,1,0,0,1,1,1,1,1,0,0,0,1,1,0,0,0,0,0,1,1,0,0,0,0,0,0,0,0,0,0,-0.3140650455560248,-0.2416581186266819,-0.1624359397009021,-0.28830880810381515,-0.31228459256151286,0.05963976383852312,-0.34173200071817583,-0.1502184451493207,-0.24585552696151777,-0.16800287184396315,-0.17391304347826086,-0.6666666666666666,0.5833333333333334,0.16666666666666666,-0.75,0.25,0.25,0.3333333333333333,-0.6666666666666666,-1.1666666666666667
2,1,0,0,-0.22959029747179144,-0.2608695652173913,-0.13940282543731755,1,0,6,5,4,3,2,1,0,6,1,1,0,0,1,1,1,1,1,0,0,0,1,1,0,0,0,0,0,1,0,0,0,0,0,0,0,0,0,0,-0.09684426476799611,-0.3140650455560248,-0.2403572391884197,-0.1624359397009021,-0.28830880810381515,-0.31198489525579165,0.06523430486564132,-0.34173200071817583,-0.1500987491770902,-0.24578197917913128,0.6086956521739131,-0.16666666666666666,-0.6666666666666666,0.5833333333333334,0.16666666666666666,-0.75,0.25,0.25,0.3333333333333333,-0.6666666666666666
3,1,0,0,-0.2657937609364629,0.2608695652173913,-0.32947527506736946,2,1,0,6,5,4,3,2,1,0,1,1,1,0,0,1,1,1,1,1,0,0,0,1,1,0,0,0,0,0,0,0,0,0,0,0,0,0,0,0,-0.22959029747179144,-0.09684426476799611,-0.31228459256151286,-0.2403572391884197,-0.1624359397009021,-0.28800911079809394,-0.3058232090490155,0.06523430486564132,-0.34161230474594534,-0.15005384707430897,-0.2608695652173913,0.5833333333333334,-0.16666666666666666,-0.6666666666666666,0.5833333333333334,0.16666666666666666,-0.75,0.25,0.25,0.3333333333333333
4,1,0,0,-0.3744041513304772,0.17391304347826086,-0.5352144985082367,3,2,1,0,6,5,4,3,2,1,1,1,1,1,0,0,1,1,1,1,0,0,0,0,1,1,0,0,0,0,0,0,0,0,0,0,0,0,0,0,-0.2657937609364629,-0.22959029747179144,-0.09650253244223332,-0.31228459256151286,-0.2403572391884197,-0.16213624239518087,-0.28188401460290863,-0.3058232090490155,0.06535400083787182,-0.3415101112839536,0.2608695652173913,-0.25,0.5833333333333334,-0.16666666666666666,-0.6666666666666666,0.5833333333333334,0.16666666666666666,-0.75,0.25,0.25
5,0,1,0,-0.29596331382368907,-0.5217391304347826,-0.33911684480467513,4,3,2,1,0,6,5,4,3,2,1,1,1,1,1,0,0,1,1,1,0,0,0,0,0,1,1,0,0,0,0,0,0,0,0,0,0,0,0,0,-0.3744041513304772,-0.2657937609364629,-0.22836934695957084,-0.09650253244223332,-0.31228459256151286,-0.24005754188269848,-0.15620324376084743,-0.28188401460290863,-0.305703513076785,0.06533445016154124,0.17391304347826086,0.25,-0.25,0.5833333333333334,-0.16666666666666666,-0.6666666666666666,0.5833333333333334,0.16666666666666666,-0.75,0.25
6,0,1,0,0.029867857358353962,-0.43478260869565216,0.11047691310957117,5,4,3,2,1,0,6,5,4,3,0,1,1,1,1,1,0,0,1,1,1,0,0,0,0,0,1,1,0,0,0,0,0,0,0,0,0,0,0,0,-0.29596331382368907,-0.3744041513304772,-0.26433302364611744,-0.22836934695957084,-0.09650253244223332,-0.31198489525579165,-0.23400562571069483,-0.15620324376084743,-0.28176431863067813,-0.3056120617446452,-0.5217391304347826,0.16666666666666666,0.25,-0.25,0.5833333333333334,-0.16666666666666666,-0.6666666666666666,0.5833333333333334,0.16666666666666666,-0.75
0,1,0,0,-0.4166415253725939,-1.2173913043478262,-0.4783289763830368,6,5,4,3,2,1,0,6,5,4,0,0,1,1,1,1,1,0,0,1,1,1,0,0,0,0,0,1,1,0,0,0,0,0,0,0,0,0,0,0,0.029867857358353962,-0.29596331382368907,-0.3722240537057572,-0.26433302364611744,-0.22836934695957084,-0.09620283513651212,-0.3058232090490155,-0.23400562571069483,-0.15608354778861694,-0.28168002871843967,-0.43478260869565216,-0.5,0.16666666666666666,0.25,-0.25,0.5833333333333334,-0.16666666666666666,-0.6666666666666666,0.5833333333333334,0.16666666666666666
1,1,0,0,-0.12701381765522232,0.08695652173913043,-0.1796175735920888,0,6,5,4,3,2,1,0,6,5,1,0,0,1,1,1,1,1,0,0,0,1,1,0,0,0,0,0,1,1,0,0,0,0,0,0,0,0,0,0,-0.4166415253725939,0.029867857358353962,-0.2943027542182396,-0.3722240537057572,-0.26433302364611744,-0.22806964965384963,-0.09037045903405348,-0.3058232090490155,-0.23388592973846434,-0.15603685533086037,-1.2173913043478262,-0.4166666666666667,-0.5,0.16666666666666666,0.25,-0.25,0.5833333333333334,-0.16666666666666666,-0.6666666666666666,0.5833333333333334
2,1,0,0,-0.3140650455560248,-1.1304347826086956,-0.41406775266585405,1,0,6,5,4,3,2,1,0,6,1,1,0,0,1,1,1,1,1,0,0,0,1,1,0,0,0,0,0,1,0,0,0,0,0,0,0,0,0,0,-0.12701381765522232,-0.4166415253725939,0.029370335960679752,-0.2943027542182396,-0.3722240537057572,-0.2640333263403962,-0.2220360284876414,-0.09037045903405348,-0.305703513076785,-0.2338159626660285,0.08695652173913043,-1.1666666666666667,-0.4166666666666667,-0.5,0.16666666666666666,0.25,-0.25,0.5833333333333334,-0.16666666666666666,-0.6666666666666666
3,1,0,0,-0.10891208592288659,-0.782608695652174,-0.18760445802539416,2,1,0,6,5,4,3,2,1,0,1,1,1,0,0,1,1,1,1,1,0,0,0,1,1,0,0,0,0,0,0,0,0,0,0,0,0,0,0,0,-0.3140650455560248,-0.12701381765522232,-0.4141816765067282,0.029370335960679752,-0.2943027542182396,-0.371924356400036,-0.2579448201568017,-0.2220360284876414,-0.09025076306182298,-0.3056120617446452,-1.1304347826086956,0.08333333333333333,-1.1666666666666667,-0.4166666666666667,-0.5,0.16666666666666666,0.25,-0.25,0.5833333333333334,-0.16666666666666666
4,1,0,0,-0.4287093465274844,-0.08695652173913043,-0.4490373168431604,3,2,1,0,6,5,4,3,2,1,1,1,1,1,0,0,1,1,1,1,0,0,0,0,1,1,0,0,0,0,0,0,0,0,0,0,0,0,0,0,-0.10891208592288659,-0.3140650455560248,-0.1264722630143555,-0.4141816765067282,0.029370335960679752,-0.2940030569125184,-0.36567119516428276,-0.2579448201568017,-0.22191633251541087,-0.09022376450879502,-0.782608695652174,-1.0833333333333333,0.08333333333333333,-1.1666666666666667,-0.4166666666666667,-0.5,0.16666666666666666,0.25,-0.25,0.5833333333333334
5,0,1,0,-0.3261328667109153,-0.6956521739130435,-0.38646025476779766,4,3,2,1,0,6,5,4,3,2,1,1,1,1,1,0,0,1,1,1,0,0,0,0,0,1,1,0,0,0,0,0,0,0,0,0,0,0,0,0,-0.4287093465274844,-0.10891208592288659,-0.31228459256151286,-0.1264722630143555,-0.4141816765067282,0.029670033266400955,-0.28786881321443536,-0.36567119516428276,-0.2578251241845712,-0.2218499461529257,-0.08695652173913043,-0.75,-1.0833333333333333,0.08333333333333333,-1.1666666666666667,-0.4166666666666667,-0.5,0.16666666666666666,0.25,-0.25
6,0,1,0,-0.3744041513304772,-0.6086956521739131,-0.3674794984049692,5,4,3,2,1,0,6,5,4,3,0,1,1,1,1,1,0,0,1,1,1,0,0,0,0,0,1,1,0,0,0,0,0,0,0,0,0,0,0,0,-0.3261328667109153,-0.4287093465274844,-0.10849042467108219,-0.31228459256151286,-0.1264722630143555,-0.413881979201007,0.0353103118080077,-0.28786881321443536,-0.3655514991920522,-0.25774799569223406,-0.6956521739130435,-0.08333333333333333,-0.75,-1.0833333333333333,0.08333333333333333,-1.1666666666666667,-0.4166666666666667,-0.5,0.16666666666666666,0.25
0,1,0,0,-0.13304772823266756,-0.782608695652174,-0.2245292859447397,6,5,4,3,2,1,0,6,5,4,0,0,1,1,1,1,1,0,0,1,1,1,0,0,0,0,0,1,1,0,0,0,0,0,0,0,0,0,0,0,-0.3744041513304772,-0.3261328667109153,-0.4261695687355771,-0.10849042467108219,-0.31228459256151286,-0.12617256570863428,-0.4075647854449698,0.0353103118080077,-0.2877491172422048,-0.36544214431015914,-0.6086956521739131,-0.6666666666666666,-0.08333333333333333,-0.75,-1.0833333333333333,0.08333333333333333,-1.1666666666666667,-0.4166666666666667,-0.5,0.16666666666666666
1,1,0,0,-0.27786158209135337,-0.43478260869565216,-0.2974250714500413,0,6,5,4,3,2,1,0,6,5,1,0,0,1,1,1,1,1,0,0,0,1,1,0,0,0,0,0,1,1,0,0,0,0,0,0,0,0,0,0,-0.13304772823266756,-0.3744041513304772,-0.32427248479036175,-0.4261695687355771,-0.10849042467108219,-0.31198489525579165,-0.1202944520916871,-0.4075647854449698,0.035430007780238214,-0.287663036974991,-0.782608695652174,-0.5833333333333334,-0.6666666666666666,-0.08333333333333333,-0.75,-1.0833333333333333,0.08333333333333333,-1.1666666666666667,-0.4166666666666667,-0.5
2,1,0,0,-0.29596331382368907,-0.43478260869565216,-0.26878610224760086,1,0,6,5,4,3,2,1,0,6,1,1,0,0,1,1,1,1,1,0,0,0,1,1,0,0,0,0,0,1,0,0,0,0,0,0,0,0,0,0,-0.27786158209135337,-0.13304772823266756,-0.3722240537057572,-0.32427248479036175,-0.4261695687355771,-0.10819072736536098,-0.3058232090490155,-0.1202944520916871,-0.4074450894727393,0.03541940887878427,-0.43478260869565216,-0.75,-0.5833333333333334,-0.6666666666666666,-0.08333333333333333,-0.75,-1.0833333333333333,0.08333333333333333,-1.1666666666666667,-0.4166666666666667
3,1,0,0,-0.20545465516201045,-0.8695652173913043,-0.37798430374985137,2,1,0,6,5,4,3,2,1,0,1,1,1,0,0,1,1,1,1,1,0,0,0,1,1,0,0,0,0,0,0,0,0,0,0,0,0,0,0,0,-0.29596331382368907,-0.27786158209135337,-0.1324662091287799,-0.3722240537057572,-0.32427248479036175,-0.4258698714298559,-0.10234005625710693,-0.3058232090490155,-0.12017475611945659,-0.4073232021060189,-0.43478260869565216,-0.4166666666666667,-0.75,-0.5833333333333334,-0.6666666666666666,-0.08333333333333333,-0.75,-1.0833333333333333,0.08333333333333333,-1.1666666666666667
4,1,0,0,-0.12097990707777707,-0.34782608695652173,-0.06250968758891778,3,2,1,0,6,5,4,3,2,1,1,1,1,1,0,0,1,1,1,1,0,0,0,0,1,1,0,0,0,0,0,0,0,0,0,0,0,0,0,0,-0.20545465516201045,-0.29596331382368907,-0.27632091587496627,-0.1324662091287799,-0.3722240537057572,-0.32397278748464053,-0.41953438266802323,-0.10234005625710693,-0.305703513076785,-0.12013880579155199,-0.8695652173913043,-0.4166666666666667,-0.4166666666666667,-0.75,-0.5833333333333334,-0.6666666666666666,-0.08333333333333333,-0.75,-1.0833333333333333,0.08333333333333333
5,0,1,0,-0.3563024195981415,-1.1304347826086956,-0.40423548906959245,4,3,2,1,0,6,5,4,3,2,1,1,1,1,1,0,0,1,1,1,0,0,0,0,0,1,1,0,0,0,0,0,0,0,0,0,0,0,0,0,-0.12097990707777707,-0.20545465516201045,-0.2943027542182396,-0.27632091587496627,-0.1324662091287799,-0.371924356400036,-0.31779280627206896,-0.41953438266802323,-0.10222036028487642,-0.3056120617446452,-0.34782608695652173,-0.8333333333333334,-0.4166666666666667,-0.4166666666666667,-0.75,-0.5833333333333334,-0.6666666666666666,-0.08333333333333333,-0.75,-1.0833333333333333
6,0,1,0,-0.32009895613347006,-0.782608695652174,-0.33047366068644574,5,4,3,2,1,0,6,5,4,3,0,1,1,1,1,1,0,0,1,1,1,0,0,0,0,0,1,1,0,0,0,0,0,0,0,0,0,0,0,0,-0.3563024195981415,-0.12097990707777707,-0.2043935625018731,-0.2943027542182396,-0.27632091587496627,-0.13216651182305872,-0.36567119516428276,-0.31779280627206896,-0.41941468669579274,-0.10218978102189781,-1.1304347826086956,-0.3333333333333333,-0.8333333333333334,-0.4166666666666667,-0.4166666666666667,-0.75,-0.5833333333333334,-0.6666666666666666,-0.08333333333333333,-0.75
0,1,0,0,-0.4769806311470463,-1.4782608695652173,-0.5077012446834813,6,5,4,3,2,1,0,6,5,4,0,0,1,1,1,1,1,0,0,1,1,1,0,0,0,0,0,1,1,0,0,0,0,0,0,0,0,0,0,0,-0.32009895613347006,-0.3563024195981415,-0.12047831689993105,-0.2043935625018731,-0.2943027542182396,-0.27602121856924505,-0.12627925070321383,-0.36567119516428276,-0.31767311029983847,-0.4192892186191217,-0.782608695652174,-1.0833333333333333,-0.3333333333333333,-0.8333333333333334,-0.4166666666666667,-0.4166666666666667,-0.75,-0.5833333333333334,-0.6666666666666666,-0.08333333333333333
1,1,0,0,-0.6640318590478488,-1.391304347826087,-0.685575302919501,0,6,5,4,3,2,1,0,6,5,1,0,0,1,1,1,1,1,0,0,0,1,1,0,0,0,0,0,1,1,0,0,0,0,0,0,0,0,0,0,-0.4769806311470463,-0.32009895613347006,-0.3542422153624839,-0.12047831689993105,-0.2043935625018731,-0.2940030569125184,-0.26991441737985516,-0.12627925070321383,-0.3655514991920522,-0.31757807825774803,-1.4782608695652173,-0.75,-1.0833333333333333,-0.3333333333333333,-0.8333333333333334,-0.4166666666666667,-0.4166666666666667,-0.75,-0.5833333333333334,-0.6666666666666666
2,1,0,0,-0.3744041513304772,-0.782608695652174,-0.3731379526698243,1,0,6,5,4,3,2,1,0,6,1,1,0,0,1,1,1,1,1,0,0,0,1,1,0,0,0,0,0,1,0,0,0,0,0,0,0,0,0,0,-0.6640318590478488,-0.4769806311470463,-0.3182785386759373,-0.3542422153624839,-0.12047831689993105,-0.20409386519615189,-0.28786881321443536,-0.26991441737985516,-0.1261595547309833,-0.36544214431015914,-1.391304347826087,-1.4166666666666667,-0.75,-1.0833333333333333,-0.3333333333333333,-0.8333333333333334,-0.4166666666666667,-0.4166666666666667,-0.75,-0.5833333333333334
3,1,0,0,-0.4769806311470463,-0.17391304347826086,-0.4434532552404216,2,1,0,6,5,4,3,2,1,0,1,1,1,0,0,1,1,1,1,1,0,0,0,1,1,0,0,0,0,0,0,0,0,0,0,0,0,0,0,0,-0.3744041513304772,-0.6640318590478488,-0.4741211376509725,-0.3182785386759373,-0.3542422153624839,-0.12017861959420985,-0.1980968340415345,-0.28786881321443536,-0.26979472140762467,-0.12612181404810338,-0.782608695652174,-1.3333333333333333,-1.4166666666666667,-0.75,-1.0833333333333333,-0.3333333333333333,-0.8333333333333334,-0.4166666666666667,-0.4166666666666667,-0.75
4,1,0,0,-0.3563024195981415,-0.8695652173913043,-0.3807979906361495,3,2,1,0,6,5,4,3,2,1,1,1,1,1,0,0,1,1,1,1,0,0,0,0,1,1,0,0,0,0,0,0,0,0,0,0,0,0,0,0,-0.4769806311470463,-0.3744041513304772,-0.65993346719813,-0.4741211376509725,-0.3182785386759373,-0.3539425180567627,-0.11430965348016038,-0.1980968340415345,-0.2877491172422048,-0.26971401220533686,-0.17391304347826086,-0.75,-1.3333333333333333,-1.4166666666666667,-0.75,-1.0833333333333333,-0.3333333333333333,-0.8333333333333334,-0.4166666666666667,-0.4166666666666667
5,0,1,0,0.10830869486514211,-0.08695652173913043,0.04421891815423584,4,3,2,1,0,6,5,4,3,2,1,1,1,1,1,0,0,1,1,1,0,0,0,0,0,1,1,0,0,0,0,0,0,0,0,0,0,0,0,0,-0.3563024195981415,-0.4769806311470463,-0.3722240537057572,-0.65993346719813,-0.4741211376509725,-0.3179788413702161,-0.34771679932970256,-0.11430965348016038,-0.19797713806930398,-0.287663036974991,-0.8695652173913043,-0.16666666666666666,-0.75,-1.3333333333333333,-1.4166666666666667,-0.75,-1.0833333333333333,-0.3333333333333333,-0.8333333333333334,-0.4166666666666667
6,0,1,0,-0.5373197369214987,-1.2173913043478262,-0.5179179037872281,5,4,3,2,1,0,6,5,4,3,0,1,1,1,1,1,0,0,1,1,1,0,0,0,0,0,1,1,0,0,0,0,0,0,0,0,0,0,0,0,0.10830869486514211,-0.3563024195981415,-0.4741211376509725,-0.3722240537057572,-0.65993346719813,-0.4738214403452513,-0.31180800766054223,-0.34771679932970256,-0.11418995750792986,-0.1979179131267201,-0.08695652173913043,-0.8333333333333334,-0.16666666666666666,-0.75,-1.3333333333333333,-1.4166666666666667,-0.75,-1.0833333333333333,-0.3333333333333333,-0.8333333333333334
0,1,0,0,-0.45284498883726537,-1.9130434782608696,-0.5241963637428212,6,5,4,3,2,1,0,6,5,4,0,0,1,1,1,1,1,0,0,1,1,1,0,0,0,0,0,1,1,0,0,0,0,0,0,0,0,0,0,0,-0.5373197369214987,0.10830869486514211,-0.3542422153624839,-0.4741211376509725,-0.3722240537057572,-0.6596337698924087,-0.46741277156023703,-0.31180800766054223,-0.34759710335747207,-0.1141557975350006,-1.2173913043478262,-0.08333333333333333,-0.8333333333333334,-0.16666666666666666,-0.75,-1.3333333333333333,-1.4166666666666667,-0.75,-1.0833333333333333,-0.3333333333333333
1,1,0,0,-0.27786158209135337,-0.2608695652173913,-0.2771088565166067,0,6,5,4,3,2,1,0,6,5,1,0,0,1,1,1,1,1,0,0,0,1,1,0,0,0,0,0,1,1,0,0,0,0,0,0,0,0,0,0,-0.45284498883726537,-0.5373197369214987,0.10729163544819736,-0.3542422153624839,-0.4741211376509725,-0.371924356400036,-0.6529415285175655,-0.46741277156023703,-0.31168831168831174,-0.347493119540505,-1.9130434782608696,-1.1666666666666667,-0.08333333333333333,-0.8333333333333334,-0.16666666666666666,-0.75,-1.3333333333333333,-1.4166666666666667,-0.75,-1.0833333333333333
2,1,0,0,-0.46491280999215584,-1.0434782608695652,-0.4992150671809853,1,0,6,5,4,3,2,1,0,6,1,1,0,0,1,1,1,1,1,0,0,0,1,1,0,0,0,0,0,1,0,0,0,0,0,0,0,0,0,0,-0.27786158209135337,-0.45284498883726537,-0.5340605987952168,0.10729163544819736,-0.3542422153624839,-0.4738214403452513,-0.36567119516428276,-0.6529415285175655,-0.46729307558800653,-0.31159507000119663,-0.2608695652173913,-1.8333333333333333,-1.1666666666666667,-0.08333333333333333,-0.8333333333333334,-0.16666666666666666,-0.75,-1.3333333333333333,-1.4166666666666667,-0.75
3,1,0,0,-0.5735232003861702,-0.782608695652174,-0.5945908714388524,2,1,0,6,5,4,3,2,1,0,1,1,1,0,0,1,1,1,1,1,0,0,0,1,1,0,0,0,0,0,0,0,0,0,0,0,0,0,0,0,-0.46491280999215584,-0.27786158209135337,-0.4501453531932748,-0.5340605987952168,0.10729163544819736,-0.3539425180567627,-0.46741277156023703,-0.36567119516428276,-0.652821832545335,-0.4671532846715329,-1.0434782608695652,-0.25,-1.8333333333333333,-1.1666666666666667,-0.08333333333333333,-0.8333333333333334,-0.16666666666666666,-0.75,-1.3333333333333333,-1.4166666666666667
4,1,0,0,-0.6036927532733964,-1.3043478260869565,-0.6283605280956621,3,2,1,0,6,5,4,3,2,1,1,1,1,1,0,0,1,1,1,1,0,0,0,0,1,1,0,0,0,0,0,0,0,0,0,0,0,0,0,0,-0.5735232003861702,-0.46491280999215584,-0.27632091587496627,-0.4501453531932748,-0.5340605987952168,0.10759133275391858,-0.34771679932970256,-0.46741277156023703,-0.3655514991920522,-0.6526265406246261,-0.782608695652174,-1.0,-0.25,-1.8333333333333333,-1.1666666666666667,-0.08333333333333333,-0.8333333333333334,-0.16666666666666666,-0.75,-1.3333333333333333
5,0,1,0,-0.6700657696252941,0.2608695652173913,-0.6913540687672936,4,3,2,1,0,6,5,4,3,2,1,1,1,1,1,0,0,1,1,1,0,0,0,0,0,1,1,0,0,0,0,0,0,0,0,0,0,0,0,0,-0.6036927532733964,-0.5735232003861702,-0.4621332454221237,-0.27632091587496627,-0.4501453531932748,-0.5337609014894956,0.1131126937578551,-0.34771679932970256,-0.46729307558800653,-0.36544214431015914,-1.3043478260869565,-0.75,-1.0,-0.25,-1.8333333333333333,-1.1666666666666667,-0.08333333333333333,-0.8333333333333334,-0.16666666666666666,-0.75
6,0,1,0,-0.4106076147951487,0.0,-0.37798971777108353,5,4,3,2,1,0,6,5,4,3,0,1,1,1,1,1,0,0,1,1,1,0,0,0,0,0,1,1,0,0,0,0,0,0,0,0,0,0,0,0,-0.6700657696252941,-0.6036927532733964,-0.5700242754817635,-0.4621332454221237,-0.27632091587496627,-0.4498456558875536,-0.5272607576755043,0.1131126937578551,-0.34759710335747207,-0.4671532846715329,0.2608695652173913,-1.25,-0.75,-1.0,-0.25,-1.8333333333333333,-1.1666666666666667,-0.08333333333333333,-0.8333333333333334,-0.16666666666666666
0,1,0,0,-0.6760996802027393,-0.6956521739130435,-0.6967875403720556,6,5,4,3,2,1,0,6,5,4,0,0,1,1,1,1,1,0,0,1,1,1,0,0,0,0,0,1,1,0,0,0,0,0,0,0,0,0,0,0,-0.4106076147951487,-0.6700657696252941,-0.5999940060538856,-0.5700242754817635,-0.4621332454221237,-0.27602121856924505,-0.44347357711413016,-0.5272607576755043,0.1132323897300856,-0.347493119540505,0.0,0.25,-1.25,-0.75,-1.0,-0.25,-1.8333333333333333,-1.1666666666666667,-0.08333333333333333,-0.8333333333333334
1,1,0,0,-0.5131840946117178,-1.1304347826086956,-0.5901804493276688,0,6,5,4,3,2,1,0,6,5,1,0,0,1,1,1,1,1,0,0,0,1,1,0,0,0,0,0,1,1,0,0,0,0,0,0,0,0,0,0,-0.6760996802027393,-0.4106076147951487,-0.6659274133125543,-0.5999940060538856,-0.5700242754817635,-0.4618335481164025,-0.26991441737985516,-0.44347357711413016,-0.5271410617032738,0.1131985162139524,-0.6956521739130435,0.0,0.25,-1.25,-0.75,-1.0,-0.25,-1.8333333333333333,-1.1666666666666667,-0.08333333333333333
2,1,0,0,-0.5373197369214987,-0.5217391304347826,-0.564816160893482,1,0,6,5,4,3,2,1,0,6,1,1,0,0,1,1,1,1,1,0,0,0,1,1,0,0,0,0,0,1,0,0,0,0,0,0,0,0,0,0,-0.5131840946117178,-0.6760996802027393,-0.40818773039230377,-0.6659274133125543,-0.5999940060538856,-0.5697245781760423,-0.45544317433718357,-0.26991441737985516,-0.4433538811418996,-0.5269833672370469,-1.1304347826086956,-0.6666666666666666,0.0,0.25,-1.25,-0.75,-1.0,-0.25,-1.8333333333333333,-1.1666666666666667
3,1,0,0,-0.5192180051891631,-1.2173913043478262,-0.5232272539422597,2,1,0,6,5,4,3,2,1,0,1,1,1,0,0,1,1,1,1,1,0,0,0,1,1,0,0,0,0,0,0,0,0,0,0,0,0,0,0,0,-0.5373197369214987,-0.5131840946117178,-0.6719213594269788,-0.40818773039230377,-0.6659274133125543,-0.5996943087481644,-0.5631695493446646,-0.45544317433718357,-0.26979472140762467,-0.4432212516453273,-0.5217391304347826,-1.0833333333333333,-0.6666666666666666,0.0,0.25,-1.25,-0.75,-1.0,-0.25,-1.8333333333333333
4,1,0,0,-0.20545465516201045,-0.782608695652174,-0.26241720808549984,3,2,1,0,6,5,4,3,2,1,1,1,1,1,0,0,1,1,1,1,0,0,0,0,1,1,0,0,0,0,0,0,0,0,0,0,0,0,0,0,-0.5192180051891631,-0.5373197369214987,-0.5100848143375192,-0.6719213594269788,-0.40818773039230377,-0.6656277160068331,-0.5930935424022982,-0.5631695493446646,-0.45532347836495307,-0.26971401220533686,-1.2173913043478262,-0.5,-1.0833333333333333,-0.6666666666666666,0.0,0.25,-1.25,-0.75,-1.0,-0.25
5,0,1,0,-0.23562420804923667,-0.6086956521739131,-0.17657750041056328,4,3,2,1,0,6,5,4,3,2,1,1,1,1,1,0,0,1,1,1,0,0,0,0,0,1,1,0,0,0,0,0,0,0,0,0,0,0,0,0,-0.20545465516201045,-0.5192180051891631,-0.5340605987952168,-0.5100848143375192,-0.6719213594269788,-0.40788803308658256,-0.6589263271290922,-0.5930935424022982,-0.5630498533724341,-0.4551872681584301,-0.782608695652174,-1.1666666666666667,-0.5,-1.0833333333333333,-0.6666666666666666,0.0,0.25,-1.25,-0.75,-1.0
6,0,1,0,0.3979364025825137,-0.43478260869565216,0.4604877712299313,5,4,3,2,1,0,6,5,4,3,0,1,1,1,1,1,0,0,1,1,1,0,0,0,0,0,1,1,0,0,0,0,0,0,0,0,0,0,0,0,-0.23562420804923667,-0.20545465516201045,-0.5160787604519436,-0.5340605987952168,-0.5100848143375192,-0.6716216621212576,-0.4015799868334431,-0.6589263271290922,-0.5929738464300677,-0.5628814167763552,-0.6086956521739131,-0.75,-1.1666666666666667,-0.5,-1.0833333333333333,-0.6666666666666666,0.0,0.25,-1.25,-0.75
0,1,0,0,-0.3864719724853677,-0.8695652173913043,-0.3487892945149348,6,5,4,3,2,1,0,6,5,4,0,0,1,1,1,1,1,0,0,1,1,1,0,0,0,0,0,1,1,0,0,0,0,0,0,0,0,0,0,0,0.3979364025825137,-0.23562420804923667,-0.2043935625018731,-0.5160787604519436,-0.5340605987952168,-0.509785117031798,-0.664911125740619,-0.4015799868334431,-0.6588066311568617,-0.5927964580591122,-0.43478260869565216,-0.5833333333333334,-0.75,-1.1666666666666667,-0.5,-1.0833333333333333,-0.6666666666666666,0.0,0.25,-1.25
1,1,0,0,-0.46491280999215584,-1.1304347826086956,-0.5543833419790574,0,6,5,4,3,2,1,0,6,5,1,0,0,1,1,1,1,1,0,0,0,1,1,0,0,0,0,0,1,1,0,0,0,0,0,0,0,0,0,0,-0.3864719724853677,0.3979364025825137,-0.23436329307399525,-0.2043935625018731,-0.5160787604519436,-0.5337609014894956,-0.5033215632293974,-0.664911125740619,-0.40146029086121254,-0.6586095488811775,-0.8695652173913043,-0.4166666666666667,-0.5833333333333334,-0.75,-1.1666666666666667,-0.5,-1.0833333333333333,-0.6666666666666666,0.0,0.25
2,1,0,0,-0.344234598443251,0.34782608695652173,-0.36565056182501443,1,0,6,5,4,3,2,1,0,6,1,1,0,0,1,1,1,1,1,0,0,0,1,1,0,0,0,0,0,1,0,0,0,0,0,0,0,0,0,0,-0.46491280999215584,-0.3864719724853677,0.3950010489405701,-0.23436329307399525,-0.2043935625018731,-0.5157790631462223,-0.5272607576755043,-0.5033215632293974,-0.6647914297683883,-0.4013401938494675,-1.1304347826086956,-0.8333333333333334,-0.4166666666666667,-0.5833333333333334,-0.75,-1.1666666666666667,-0.5,-1.0833333333333333,-0.6666666666666666,0.0
3,1,0,0,-0.4106076147951487,-1.0434782608695652,-0.49276355906526725,2,1,0,6,5,4,3,2,1,0,1,1,1,0,0,1,1,1,1,1,0,0,0,1,1,0,0,0,0,0,0,0,0,0,0,0,0,0,0,0,-0.344234598443251,-0.46491280999215584,-0.38421194593460606,0.3950010489405701,-0.23436329307399525,-0.20409386519615189,-0.5093063618409241,-0.5272607576755043,-0.5032018672571669,-0.6645925571377289,0.34782608695652173,-1.0833333333333333,-0.8333333333333334,-0.4166666666666667,-0.5833333333333334,-0.75,-1.1666666666666667,-0.5,-1.0833333333333333,-0.6666666666666666
4,1,0,0,-0.5554214686538345,-0.6086956521739131,-0.5735876773668447,3,2,1,0,6,5,4,3,2,1,1,1,1,1,0,0,1,1,1,1,0,0,0,0,1,1,0,0,0,0,0,0,0,0,0,0,0,0,0,0,-0.4106076147951487,-0.344234598443251,-0.4621332454221237,-0.38421194593460606,0.3950010489405701,-0.23406359576827407,-0.1980968340415345,-0.5093063618409241,-0.5271410617032738,-0.5030513342108413,-1.0434782608695652,0.3333333333333333,-1.0833333333333333,-0.8333333333333334,-0.4166666666666667,-0.5833333333333334,-0.75,-1.1666666666666667,-0.5,-1.0833333333333333
5,0,1,0,-0.48904845230193683,-0.5217391304347826,-0.49580503588192704,4,3,2,1,0,6,5,4,3,2,1,1,1,1,1,0,0,1,1,1,0,0,0,0,0,1,1,0,0,0,0,0,0,0,0,0,0,0,0,0,-0.5554214686538345,-0.4106076147951487,-0.342254323133635,-0.4621332454221237,-0.38421194593460606,0.3953007462462913,-0.2280208270991681,-0.1980968340415345,-0.5091866658686935,-0.5269833672370469,-0.6086956521739131,-1.0,0.3333333333333333,-1.0833333333333333,-0.8333333333333334,-0.4166666666666667,-0.5833333333333334,-0.75,-1.1666666666666667,-0.5
6,0,1,0,-0.10287817534544136,-0.43478260869565216,-0.09700462257153576,5,4,3,2,1,0,6,5,4,3,0,1,1,1,1,1,0,0,1,1,1,0,0,0,0,0,1,1,0,0,0,0,0,0,0,0,0,0,0,0,-0.48904845230193683,-0.5554214686538345,-0.40818773039230377,-0.342254323133635,-0.4621332454221237,-0.38391224862888484,0.4003830271111378,-0.2280208270991681,-0.19797713806930398,-0.5090343424673927,-0.5217391304347826,-0.5833333333333334,-1.0,0.3333333333333333,-1.0833333333333333,-0.8333333333333334,-0.4166666666666667,-0.5833333333333334,-0.75,-1.1666666666666667
0,1,0,0,-0.3321667772883605,-0.6086956521739131,-0.35831135474652254,6,5,4,3,2,1,0,6,5,4,0,0,1,1,1,1,1,0,0,1,1,1,0,0,0,0,0,1,1,0,0,0,0,0,0,0,0,0,0,0,-0.10287817534544136,-0.48904845230193683,-0.5520424371384901,-0.40818773039230377,-0.342254323133635,-0.4618335481164025,-0.37764079238733617,0.4003830271111378,-0.2279011311269376,-0.1979179131267201,-0.43478260869565216,-0.5,-0.5833333333333334,-1.0,0.3333333333333333,-1.0833333333333333,-0.8333333333333334,-0.4166666666666667,-0.5833333333333334,-0.75
1,1,0,0,-0.28992940324624383,0.08695652173913043,-0.2556667256861821,0,6,5,4,3,2,1,0,6,5,1,0,0,1,1,1,1,1,0,0,0,1,1,0,0,0,0,0,1,1,0,0,0,0,0,0,0,0,0,0,-0.3321667772883605,-0.10287817534544136,-0.4861090298798214,-0.5520424371384901,-0.40818773039230377,-0.3419546258279138,-0.45544317433718357,-0.37764079238733617,0.4005027230833683,-0.2278329544094771,-0.6086956521739131,-0.4166666666666667,-0.5,-0.5833333333333334,-1.0,0.3333333333333333,-1.0833333333333333,-0.8333333333333334,-0.4166666666666667,-0.5833333333333334
2,1,0,0,-0.33820068786580576,-0.08695652173913043,-0.3822317036661546,1,0,6,5,4,3,2,1,0,6,1,1,0,0,1,1,1,1,1,0,0,0,1,1,0,0,0,0,0,1,0,0,0,0,0,0,0,0,0,0,-0.28992940324624383,-0.3321667772883605,-0.10249647855665775,-0.4861090298798214,-0.5520424371384901,-0.40788803308658256,-0.3357472021066491,-0.45544317433718357,-0.3775210964151057,0.40038291252841934,0.08695652173913043,-0.5833333333333334,-0.4166666666666667,-0.5,-0.5833333333333334,-1.0,0.3333333333333333,-1.0833333333333333,-0.8333333333333334,-0.4166666666666667
3,1,0,0,-0.6217944850057321,-0.6086956521739131,-0.6310244270612031,2,1,0,6,5,4,3,2,1,0,1,1,1,0,0,1,1,1,1,1,0,0,0,1,1,0,0,0,0,0,0,0,0,0,0,0,0,0,0,0,-0.33820068786580576,-0.28992940324624383,-0.3302664309047862,-0.10249647855665775,-0.4861090298798214,-0.551742739832769,-0.4015799868334431,-0.3357472021066491,-0.45532347836495307,-0.37740816082326195,-0.08695652173913043,0.08333333333333333,-0.5833333333333334,-0.4166666666666667,-0.5,-0.5833333333333334,-1.0,0.3333333333333333,-1.0833333333333333,-0.8333333333333334
4,1,0,0,-0.4407771676823749,0.17391304347826086,-0.3821372590735487,3,2,1,0,6,5,4,3,2,1,1,1,1,1,0,0,1,1,1,1,0,0,0,0,1,1,0,0,0,0,0,0,0,0,0,0,0,0,0,0,-0.6217944850057321,-0.33820068786580576,-0.28830880810381515,-0.3302664309047862,-0.10249647855665775,-0.4858093325741002,-0.5452151535100844,-0.4015799868334431,-0.3356275061344186,-0.4551872681584301,-0.6086956521739131,-0.08333333333333333,0.08333333333333333,-0.5833333333333334,-0.4166666666666667,-0.5,-0.5833333333333334,-1.0,0.3333333333333333,-1.0833333333333333
5,0,1,0,0.24708863814638266,0.0,0.24348217012418763,4,3,2,1,0,6,5,4,3,2,1,1,1,1,1,0,0,1,1,1,0,0,0,0,0,1,1,0,0,0,0,0,0,0,0,0,0,0,0,0,-0.4407771676823749,-0.6217944850057321,-0.3362603770192106,-0.28830880810381515,-0.3302664309047862,-0.10219678125093655,-0.4793823687832905,-0.5452151535100844,-0.40146029086121254,-0.3355271030274022,0.17391304347826086,-0.5833333333333334,-0.08333333333333333,0.08333333333333333,-0.5833333333333334,-0.4166666666666667,-0.5,-0.5833333333333334,-1.0,0.3333333333333333
6,0,1,0,-0.22959029747179144,-0.8695652173913043,-0.20356739884954053,5,4,3,2,1,0,6,5,4,3,0,1,1,1,1,1,0,0,1,1,1,0,0,0,0,0,1,1,0,0,0,0,0,0,0,0,0,0,0,0,0.24708863814638266,-0.4407771676823749,-0.6179758443971589,-0.3362603770192106,-0.28830880810381515,-0.329966733599065,-0.0963552576455802,-0.4793823687832905,-0.5450954575378539,-0.4013401938494675,0.0,0.16666666666666666,-0.5833333333333334,-0.08333333333333333,0.08333333333333333,-0.5833333333333334,-0.4166666666666667,-0.5,-0.5833333333333334,-1.0
0,0,0,1,-0.4347432571049296,-1.391304347826087,-0.3351668150175324,6,5,4,3,2,1,0,6,5,4,0,0,1,1,1,1,1,0,0,1,1,1,0,0,0,0,0,1,1,0,0,0,0,0,0,0,0,0,0,0,-0.22959029747179144,0.24708863814638266,-0.4381574609644259,-0.6179758443971589,-0.3362603770192106,-0.28800911079809394,-0.3237776048835957,-0.0963552576455802,-0.47926267281105994,-0.544932392006701,-0.8695652173913043,0.0,0.16666666666666666,-0.5833333333333334,-0.08333333333333333,0.08333333333333333,-0.5833333333333334,-0.4166666666666667,-0.5,-0.5833333333333334
1,1,0,0,-0.42267543595003915,-1.4782608695652173,-0.3862621416945606,0,6,5,4,3,2,1,0,6,5,0,0,0,1,1,1,1,1,0,0,0,1,1,0,0,0,0,0,1,1,1,0,0,0,0,0,0,0,0,0,-0.4347432571049296,-0.22959029747179144,0.2451523960799593,-0.4381574609644259,-0.6179758443971589,-0.3359606797134894,-0.28188401460290863,-0.3237776048835957,-0.09623556167334969,-0.47911930118463564,-1.391304347826087,-0.8333333333333334,0.0,0.16666666666666666,-0.5833333333333334,-0.08333333333333333,0.08333333333333333,-0.5833333333333334,-0.4166666666666667,-0.5
2,1,0,0,-0.10287817534544136,-0.17391304347826086,-0.09891557154719292,1,0,6,5,4,3,2,1,0,6,1,0,0,0,1,1,1,1,1,0,0,0,1,1,0,0,0,0,0,1,0,1,0,0,0,0,0,0,0,0,-0.42267543595003915,-0.4347432571049296,-0.22836934695957084,0.2451523960799593,-0.4381574609644259,-0.6176761470914377,-0.3297624034951224,-0.28188401460290863,-0.32365790891136514,-0.09620677276534641,-1.4782608695652173,-1.3333333333333333,-0.8333333333333334,0.0,0.16666666666666666,-0.5833333333333334,-0.08333333333333333,0.08333333333333333,-0.5833333333333334,-0.4166666666666667
3,1,0,0,-0.22355638689434618,0.2608695652173913,-0.13300605909183605,2,1,0,6,5,4,3,2,1,0,1,1,0,0,0,1,1,1,1,1,0,0,0,1,1,0,0,0,0,0,0,0,1,0,0,0,0,0,0,0,-0.10287817534544136,-0.42267543595003915,-0.43216351485000154,-0.22836934695957084,0.2451523960799593,-0.43785776365870477,-0.6110479382368784,-0.3297624034951224,-0.28176431863067813,-0.3235610865142994,-0.17391304347826086,-1.4166666666666667,-1.3333333333333333,-0.8333333333333334,0.0,0.16666666666666666,-0.5833333333333334,-0.08333333333333333,0.08333333333333333,-0.5833333333333334
4,1,0,0,-0.36233633017558675,-0.08695652173913043,-0.4543226046816044,3,2,1,0,6,5,4,3,2,1,1,1,1,0,0,0,1,1,1,1,0,0,0,0,1,1,0,0,0,0,0,0,0,1,0,0,0,0,0,0,-0.22355638689434618,-0.10287817534544136,-0.42017562262115266,-0.43216351485000154,-0.22836934695957084,0.2454520933856805,-0.4315039798910767,-0.6110479382368784,-0.3296427075228919,-0.28168002871843967,0.2608695652173913,-0.16666666666666666,-1.4166666666666667,-1.3333333333333333,-0.8333333333333334,0.0,0.16666666666666666,-0.5833333333333334,-0.08333333333333333,0.08333333333333333
5,0,1,0,-0.006335606106317487,-0.17391304347826086,0.02389127362042217,4,3,2,1,0,6,5,4,3,2,1,1,1,1,0,0,0,1,1,1,0,0,0,0,0,1,1,0,0,0,0,0,0,0,1,0,0,0,0,0,-0.36233633017558675,-0.22355638689434618,-0.10249647855665775,-0.42017562262115266,-0.43216351485000154,-0.22806964965384963,0.2507630618229697,-0.4315039798910767,-0.6109282422646479,-0.3295440947708508,-0.08695652173913043,0.25,-0.16666666666666666,-1.4166666666666667,-1.3333333333333333,-0.8333333333333334,0.0,0.16666666666666666,-0.5833333333333334,-0.08333333333333333
6,0,1,0,1.2185482411150665,-0.08695652173913043,1.520651583470873,5,4,3,2,1,0,6,5,4,3,0,1,1,1,1,0,0,0,1,1,1,0,0,0,0,0,1,1,0,0,0,0,0,0,0,1,0,0,0,0,-0.006335606106317487,-0.36233633017558675,-0.2223754008451464,-0.10249647855665775,-0.42017562262115266,-0.4318638175442803,-0.2220360284876414,0.2507630618229697,-0.4313842839188462,-0.6107454828287664,-0.17391304347826086,-0.08333333333333333,0.25,-0.16666666666666666,-1.4166666666666667,-1.3333333333333333,-0.8333333333333334,0.0,0.16666666666666666,-0.5833333333333334
0,1,0,0,-0.2597598503590176,0.0,-0.27459274027877395,6,5,4,3,2,1,0,6,5,4,0,0,1,1,1,1,0,0,0,1,1,1,0,0,0,0,0,1,1,0,0,0,0,0,0,0,1,0,0,0,1.2185482411150665,-0.006335606106317487,-0.36023616147690835,-0.2223754008451464,-0.10249647855665775,-0.41987592531543144,-0.42551918127954996,-0.2220360284876414,0.25088275779520025,-0.4312552351322245,-0.08695652173913043,-0.16666666666666666,-0.08333333333333333,0.25,-0.16666666666666666,-1.4166666666666667,-1.3333333333333333,-0.8333333333333334,0.0,0.16666666666666666
1,1,0,0,-0.18735292342967474,0.0,-0.24043367513185648,0,6,5,4,3,2,1,0,6,5,1,0,0,1,1,1,1,0,0,0,0,1,1,0,0,0,0,0,1,1,0,0,0,0,0,0,0,1,0,0,-0.2597598503590176,1.2185482411150665,-0.006593340725866841,-0.36023616147690835,-0.2223754008451464,-0.10219678125093655,-0.4135495840564965,-0.42551918127954996,-0.22191633251541087,0.2508077061146345,0.0,-0.08333333333333333,-0.16666666666666666,-0.08333333333333333,0.25,-0.16666666666666666,-1.4166666666666667,-1.3333333333333333,-0.8333333333333334,0.0
2,1,0,0,0.37380076027273273,-0.43478260869565216,0.23766851391734314,1,0,6,5,4,3,2,1,0,6,1,1,0,0,1,1,1,1,0,0,0,0,1,1,0,0,0,0,0,1,0,0,0,0,0,0,0,0,1,0,-0.18735292342967474,-0.2597598503590176,1.2101777205022928,-0.006593340725866841,-0.36023616147690835,-0.22207570353942518,-0.0963552576455802,-0.4135495840564965,-0.42539948530731947,-0.2218499461529257,0.0,0.0,-0.08333333333333333,-0.16666666666666666,-0.08333333333333333,0.25,-0.16666666666666666,-1.4166666666666667,-1.3333333333333333,-0.8333333333333334
3,1,0,0,-0.024437337838653213,-0.43478260869565216,-0.24239675912678654,2,1,0,6,5,4,3,2,1,0,1,1,1,0,0,1,1,1,1,0,0,0,0,1,1,0,0,0,0,0,0,0,0,0,0,0,0,0,0,1,0.37380076027273273,-0.18735292342967474,-0.258339077531693,1.2101777205022928,-0.006593340725866841,-0.35993646417118713,-0.21605122987611466,-0.0963552576455802,-0.413429888084266,-0.4252722268756731,-0.43478260869565216,0.0,0.0,-0.08333333333333333,-0.16666666666666666,-0.08333333333333333,0.25,-0.16666666666666666,-1.4166666666666667,-1.3333333333333333
4,1,0,0,0.02383394678090872,0.0,-0.000718661188746616,3,2,1,0,6,5,4,3,2,1,1,1,1,1,0,0,1,1,1,1,0,0,0,0,1,1,0,0,0,0,0,0,0,0,0,0,0,0,0,0,-0.024437337838653213,0.37380076027273273,-0.1864117241585998,-0.258339077531693,1.2101777205022928,-0.006293643420145637,-0.3537015979412293,-0.21605122987611466,-0.09623556167334969,-0.4133062103625703,-0.43478260869565216,-0.4166666666666667,0.0,0.0,-0.08333333333333333,-0.16666666666666666,-0.08333333333333333,0.25,-0.16666666666666666,-1.4166666666666667
5,0,1,0,0.20485126410426596,-0.782608695652174,0.09656588633242372,4,3,2,1,0,6,5,4,3,2,1,1,1,1,1,0,0,1,1,1,0,0,0,0,0,1,1,0,0,0,0,0,0,0,0,0,0,0,0,0,0.02383394678090872,-0.024437337838653213,0.3710252644828724,-0.1864117241585998,-0.258339077531693,1.210477417808014,-0.0005984798611526383,-0.3537015979412293,-0.21593153390388414,-0.09620677276534641,0.0,-0.4166666666666667,-0.4166666666666667,0.0,0.0,-0.08333333333333333,-0.16666666666666666,-0.08333333333333333,0.25,-0.16666666666666666
6,0,1,0,0.2953599227659446,-0.782608695652174,0.2873834656994685,5,4,3,2,1,0,6,5,4,3,0,1,1,1,1,1,0,0,1,1,1,0,0,0,0,0,1,1,0,0,0,0,0,0,0,0,0,0,0,0,0.20485126410426596,0.02383394678090872,-0.024575179069140137,0.3710252644828724,-0.1864117241585998,-0.2580393802259718,1.214315638278772,-0.0005984798611526383,-0.3535819019689988,-0.21586693789637432,-0.782608695652174,0.0,-0.4166666666666667,-0.4166666666666667,0.0,0.0,-0.08333333333333333,-0.16666666666666666,-0.08333333333333333,0.25
0,1,0,0,0.029867857358353962,-0.08695652173913043,0.06355639836047396,6,5,4,3,2,1,0,6,5,4,0,0,1,1,1,1,1,0,0,1,1,1,0,0,0,0,0,1,1,0,0,0,0,0,0,0,0,0,0,0,0.2953599227659446,0.20485126410426596,0.02337638984625532,-0.024575179069140137,0.3710252644828724,-0.1861120268528786,-0.251960021545275,1.214315638278772,-0.0004787838889221276,-0.3534761277970564,-0.782608695652174,-0.75,0.0,-0.4166666666666667,-0.4166666666666667,0.0,0.0,-0.08333333333333333,-0.16666666666666666,-0.08333333333333333
1,1,0,0,0.4582755083569661,-0.34782608695652173,0.46607484062224347,0,6,5,4,3,2,1,0,6,5,1,0,0,1,1,1,1,1,0,0,0,1,1,0,0,0,0,0,1,1,0,0,0,0,0,0,0,0,0,0,0.029867857358353962,0.2953599227659446,0.20319477327898827,0.02337638984625532,-0.024575179069140137,0.3713249617885936,-0.18014243820695433,-0.251960021545275,1.2144353342510028,-0.00047864066052410136,-0.08695652173913043,-0.75,-0.75,0.0,-0.4166666666666667,-0.4166666666666667,0.0,0.0,-0.08333333333333333,-0.16666666666666666
2,1,0,0,-0.3925058830628129,0.08695652173913043,-0.38102297329624263,1,0,6,5,4,3,2,1,0,6,1,1,0,0,1,1,1,1,1,0,0,0,1,1,0,0,0,0,0,1,0,0,0,0,0,0,0,0,0,0,0.4582755083569661,0.029867857358353962,0.29310396499535474,0.20319477327898827,0.02337638984625532,-0.024275481763418934,0.3764438326650309,-0.18014243820695433,-0.2518403255730445,1.214072035419409,-0.34782608695652173,-0.08333333333333333,-0.75,-0.75,0.0,-0.4166666666666667,-0.4166666666666667,0.0,0.0,-0.08333333333333333
3,1,0,0,-0.048572980148434176,-0.17391304347826086,-0.19487047555759907,2,1,0,6,5,4,3,2,1,0,1,1,1,0,0,1,1,1,1,1,0,0,0,1,1,0,0,0,0,0,0,0,0,0,0,0,0,0,0,0,-0.3925058830628129,0.4582755083569661,0.029370335960679752,0.29310396499535474,0.20319477327898827,0.023676087151976524,-0.018552875695732808,0.3764438326650309,-0.1800227422347238,-0.25176498743568265,0.08695652173913043,-0.3333333333333333,-0.08333333333333333,-0.75,-0.75,0.0,-0.4166666666666667,-0.4166666666666667,0.0,0.0
4,1,0,0,-0.10287817534544136,-0.17391304347826086,-0.13320176593341435,3,2,1,0,6,5,4,3,2,1,1,1,1,1,0,0,1,1,1,1,0,0,0,0,1,1,0,0,0,0,0,0,0,0,0,0,0,0,0,0,-0.048572980148434176,-0.3925058830628129,0.45494051008481445,0.029370335960679752,0.29310396499535474,0.20349447058470949,0.02932551319648098,-0.018552875695732808,0.37656352863726145,-0.17996888835706593,-0.17391304347826086,0.08333333333333333,-0.3333333333333333,-0.08333333333333333,-0.75,-0.75,0.0,-0.4166666666666667,-0.4166666666666667,0.0
5,0,1,0,0.011766125626018238,0.0,0.03980248046390542,4,3,2,1,0,6,5,4,3,2,1,1,1,1,1,0,0,1,1,1,0,0,0,0,0,1,1,0,0,0,0,0,0,0,0,0,0,0,0,0,-0.10287817534544136,-0.048572980148434176,-0.3902058920490305,0.45494051008481445,0.029370335960679752,0.29340366230107595,0.20886947154228266,0.02932551319648098,-0.018433179723502297,0.37645087950221373,-0.17391304347826086,-0.16666666666666666,0.08333333333333333,-0.3333333333333333,-0.08333333333333333,-0.75,-0.75,0.0,-0.4166666666666667,-0.4166666666666667
6,0,1,0,0.09624087371025163,0.08695652173913043,0.22830646809106223,5,4,3,2,1,0,6,5,4,3,0,1,1,1,1,1,0,0,1,1,1,0,0,0,0,0,1,1,0,0,0,0,0,0,0,0,0,0,0,0,0.011766125626018238,-0.10287817534544136,-0.04855096352683787,-0.3902058920490305,0.45494051008481445,0.029670033266400955,0.2986414507151835,0.20886947154228266,0.02944520916871149,-0.018427665430178285,0.0,-0.16666666666666666,-0.16666666666666666,0.08333333333333333,-0.3333333333333333,-0.08333333333333333,-0.75,-0.75,0.0,-0.4166666666666667
0,1,0,0,-0.06064080130332466,-0.2608695652173913,-0.031330740351361956,6,5,4,3,2,1,0,6,5,4,0,0,1,1,1,1,1,0,0,1,1,1,0,0,0,0,0,1,1,0,0,0,0,0,0,0,0,0,0,0,0.09624087371025163,0.011766125626018238,-0.10249647855665775,-0.04855096352683787,-0.3902058920490305,0.4552402073905356,0.0353103118080077,0.2986414507151835,0.20898916751451319,0.02943640062223287,0.08695652173913043,0.0,-0.16666666666666666,-0.16666666666666666,0.08333333333333333,-0.3333333333333333,-0.08333333333333333,-0.75,-0.75,0.0
1,1,0,0,-0.1994207445845652,0.17391304347826086,-0.06419565390448183,0,6,5,4,3,2,1,0,6,5,1,0,0,1,1,1,1,1,0,0,0,1,1,0,0,0,0,0,1,1,0,0,0,0,0,0,0,0,0,0,-0.06064080130332466,0.09624087371025163,0.011388497617406455,-0.10249647855665775,-0.04855096352683787,-0.3899061947433093,0.46023101322640503,0.0353103118080077,0.29876114668741405,0.2089266483187747,-0.2608695652173913,0.08333333333333333,0.0,-0.16666666666666666,-0.16666666666666666,0.08333333333333333,-0.3333333333333333,-0.08333333333333333,-0.75,-0.75
2,1,0,0,0.41603813431484943,-1.3043478260869565,0.31220033643128975,1,0,6,5,4,3,2,1,0,6,1,1,0,0,1,1,1,1,1,0,0,0,1,1,0,0,0,0,0,1,0,0,0,0,0,0,0,0,0,0,-0.1994207445845652,-0.06064080130332466,0.09530374321934851,0.011388497617406455,-0.10249647855665775,-0.04825126622111666,-0.3836255909988629,0.46023101322640503,0.035430007780238214,0.2986717721670456,0.17391304347826086,-0.25,0.08333333333333333,0.0,-0.16666666666666666,-0.16666666666666666,0.08333333333333333,-0.3333333333333333,-0.08333333333333333,-0.75
3,0,0,1,0.6573945574126591,-0.6956521739130435,0.798490931815215,2,1,0,6,5,4,3,2,1,0,1,1,1,0,0,1,1,1,1,1,0,0,0,1,1,0,0,0,0,0,0,0,0,0,0,0,0,0,0,0,0.41603813431484943,-0.1994207445845652,-0.06053885575568673,0.09530374321934851,0.011388497617406455,-0.10219678125093655,-0.0424920701418397,-0.3836255909988629,0.4603507091986355,0.03541940887878427,-1.3043478260869565,0.16666666666666666,-0.25,0.08333333333333333,0.0,-0.16666666666666666,-0.16666666666666666,0.08333333333333333,-0.3333333333333333,-0.08333333333333333
4,0,0,1,0.6332589151028781,-0.43478260869565216,0.7553265446854264,3,2,1,0,6,5,4,3,2,1,0,1,1,1,0,0,1,1,1,1,0,0,0,0,1,1,0,0,0,0,1,0,0,0,0,0,0,0,0,0,0.6573945574126591,0.41603813431484943,-0.19839961638744866,-0.06053885575568673,0.09530374321934851,0.01168819492312766,-0.0963552576455802,-0.0424920701418397,-0.3835058950266324,0.46021299509393326,-0.6956521739130435,-1.25,0.16666666666666666,-0.25,0.08333333333333333,0.0,-0.16666666666666666,-0.16666666666666666,0.08333333333333333,-0.3333333333333333
5,0,1,0,0.6332589151028781,-0.17391304347826086,0.7524585170675014,4,3,2,1,0,6,5,4,3,2,0,0,1,1,1,0,0,1,1,1,0,0,0,0,0,1,1,0,0,0,1,1,0,0,0,0,0,0,0,0,0.6332589151028781,0.6573945574126591,0.4129828872838434,-0.19839961638744866,-0.06053885575568673,0.09560344052506971,0.01735591597342753,-0.0963552576455802,-0.04237237416960919,-0.38339116907981335,-0.43478260869565216,-0.6666666666666666,-1.25,0.16666666666666666,-0.25,0.08333333333333333,0.0,-0.16666666666666666,-0.16666666666666666,0.08333333333333333
6,0,1,0,0.8444457853134615,-0.08695652173913043,1.2249247100139942,5,4,3,2,1,0,6,5,4,3,0,0,0,1,1,1,0,0,1,1,1,0,0,0,0,0,1,1,0,0,0,1,1,0,0,0,0,0,0,0,0.6332589151028781,0.6332589151028781,0.6527407318608207,0.4129828872838434,-0.19839961638744866,-0.060239158449965524,0.10114309653480165,0.01735591597342753,-0.09623556167334969,-0.04235969845638386,-0.17391304347826086,-0.4166666666666667,-0.6666666666666666,-1.25,0.16666666666666666,-0.25,0.08333333333333333,0.0,-0.16666666666666666,-0.16666666666666666
0,1,0,0,0.6453267362577686,0.43478260869565216,0.5890254581314689,6,5,4,3,2,1,0,6,5,4,0,0,0,0,1,1,1,0,0,1,1,1,0,0,0,0,0,1,1,0,0,0,1,1,0,0,0,0,0,0,0.8444457853134615,0.6332589151028781,0.6287649474031229,0.6527407318608207,0.4129828872838434,-0.19809991908172747,-0.05446166736489315,0.10114309653480165,0.01747561194565804,-0.09620677276534641,-0.08695652173913043,-0.16666666666666666,-0.4166666666666667,-0.6666666666666666,-1.25,0.16666666666666666,-0.25,0.08333333333333333,0.0,-0.16666666666666666
1,1,0,0,1.4900742171001022,-0.08695652173913043,1.535046262811429,0,6,5,4,3,2,1,0,6,5,1,0,0,0,0,1,1,1,0,0,0,1,1,0,0,0,0,0,1,1,0,0,0,1,1,0,0,0,0,0,0.6453267362577686,0.8444457853134615,0.6287649474031229,0.6287649474031229,0.6527407318608207,0.4132825845895646,-0.19211203543000777,-0.05446166736489315,0.10126279250703217,0.017470384109130082,0.43478260869565216,-0.08333333333333333,-0.16666666666666666,-0.4166666666666667,-0.6666666666666666,-1.25,0.16666666666666666,-0.25,0.08333333333333333,0.0
2,1,0,0,1.7434984613528024,1.0434782608695652,1.6821111314081207,1,0,6,5,4,3,2,1,0,6,1,1,0,0,0,0,1,1,1,0,0,0,1,1,0,0,0,0,0,1,0,0,0,0,1,1,0,0,0,0,1.4900742171001022,0.6453267362577686,0.838553061407978,0.6287649474031229,0.6287649474031229,0.6530404291665419,0.41833742294571796,-0.19211203543000777,-0.054341971392662634,0.1012324997008496,-0.08695652173913043,0.4166666666666667,-0.08333333333333333,-0.16666666666666666,-0.4166666666666667,-0.6666666666666666,-1.25,0.16666666666666666,-0.25,0.08333333333333333
3,1,0,0,0.19881735352682073,1.4782608695652173,0.20536164558974834,2,1,0,6,5,4,3,2,1,0,1,1,1,0,0,0,0,1,1,1,0,0,0,1,1,0,0,0,0,0,0,0,0,0,0,1,1,0,0,0,1.7434984613528024,1.4900742171001022,0.6407528396319718,0.838553061407978,0.6287649474031229,0.6290646447088442,0.6577293674067869,0.41833742294571796,-0.19199233945777727,-0.054325714969486655,1.0434782608695652,-0.08333333333333333,0.4166666666666667,-0.08333333333333333,-0.16666666666666666,-0.4166666666666667,-0.6666666666666666,-1.25,0.16666666666666666,-0.25
4,1,0,0,-0.05460689072587942,-0.17391304347826086,-0.19842367764035299,3,2,1,0,6,5,4,3,2,1,1,1,1,1,0,0,0,0,1,1,0,0,0,0,1,1,0,0,0,0,0,0,0,0,0,0,1,1,0,0,0.19881735352682073,1.7434984613528024,1.4799052956513923,0.6407528396319718,0.838553061407978,0.6290646447088442,0.63379017296068,0.6577293674067869,0.41845711891794846,-0.19193490487016873,1.4782608695652173,1.0,-0.08333333333333333,0.4166666666666667,-0.08333333333333333,-0.16666666666666666,-0.4166666666666667,-0.6666666666666666,-1.25,0.16666666666666666
5,0,1,0,0.1927834429493755,-1.1304347826086956,0.07447928645606391,4,3,2,1,0,6,5,4,3,2,1,1,1,1,1,0,0,0,0,1,0,0,0,0,0,1,1,0,0,0,0,0,0,0,0,0,0,1,1,0,-0.05460689072587942,0.19881735352682073,1.7316510324572183,1.4799052956513923,0.6407528396319718,0.8388527587136992,0.63379017296068,0.63379017296068,0.6578490633790174,0.4183319372980735,-0.17391304347826086,1.4166666666666667,1.0,-0.08333333333333333,0.4166666666666667,-0.08333333333333333,-0.16666666666666666,-0.4166666666666667,-0.6666666666666666,-1.25
6,0,1,0,1.0013274603270377,0.6086956521739131,1.3789113044963848,5,4,3,2,1,0,6,5,4,3,0,1,1,1,1,1,0,0,0,0,1,0,0,0,0,0,1,1,0,0,0,0,0,0,0,0,0,0,1,1,0.1927834429493755,-0.05460689072587942,0.19720082716456386,1.7316510324572183,1.4799052956513923,0.641052536937693,0.8432581243641153,0.63379017296068,0.6339098689329105,0.6576522675601293,-1.1304347826086956,-0.16666666666666666,1.4166666666666667,1.0,-0.08333333333333333,0.4166666666666667,-0.08333333333333333,-0.16666666666666666,-0.4166666666666667,-0.6666666666666666
0,1,0,0,0.7418693054968925,-0.34782608695652173,0.8428760804732095,6,5,4,3,2,1,0,6,5,4,0,0,1,1,1,1,1,0,0,0,1,1,0,0,0,0,0,1,1,0,0,0,0,0,0,0,0,0,0,1,1.0013274603270377,0.1927834429493755,-0.054544909641262296,0.19720082716456386,1.7316510324572183,1.4802049929571135,0.6457597701837334,0.8432581243641153,0.6339098689329105,0.6337202345339237,0.6086956521739131,-1.0833333333333333,-0.16666666666666666,1.4166666666666667,1.0,-0.08333333333333333,0.4166666666666667,-0.08333333333333333,-0.16666666666666666,-0.4166666666666667
1,1,0,0,0.1505460689072588,0.43478260869565216,0.21497855145255182,0,6,5,4,3,2,1,0,6,5,1,0,0,1,1,1,1,1,0,0,0,1,1,0,0,0,0,0,1,1,0,0,0,0,0,0,0,0,0,0,0.7418693054968925,1.0013274603270377,0.19120688105013942,-0.054544909641262296,0.19720082716456386,1.7319507297629395,1.4836315757974747,0.6457597701837334,0.8433778203363459,0.6337202345339237,-0.34782608695652173,0.5833333333333334,-1.0833333333333333,-0.16666666666666666,1.4166666666666667,1.0,-0.08333333333333333,0.4166666666666667,-0.08333333333333333,-0.16666666666666666
2,1,0,0,0.8263440535811257,-0.34782608695652173,0.7860641489329064,1,0,6,5,4,3,2,1,0,6,1,1,0,0,1,1,1,1,1,0,0,0,1,1,0,0,0,0,0,1,0,0,0,0,0,0,0,0,0,0,0.1505460689072588,0.7418693054968925,0.9943956603830133,0.19120688105013942,-0.054544909641262296,0.19750052447028504,1.734993117481597,1.4836315757974747,0.6458794661559639,0.8431255235132226,0.43478260869565216,-0.3333333333333333,0.5833333333333334,-1.0833333333333333,-0.16666666666666666,1.4166666666666667,1.0,-0.08333333333333333,0.4166666666666667,-0.08333333333333333
3,0,0,1,1.2185482411150665,-0.9565217391304348,1.0248722140599724,2,1,0,6,5,4,3,2,1,0,1,1,1,0,0,1,1,1,1,1,0,0,0,1,1,0,0,0,0,0,0,0,0,0,0,0,0,0,0,0,0.8263440535811257,0.1505460689072588,0.7366559774627627,0.9943956603830133,0.19120688105013942,-0.054245212335541096,0.20288467293075593,1.734993117481597,1.4837512717697052,0.6456862510470265,-0.34782608695652173,0.4166666666666667,-0.3333333333333333,0.5833333333333334,-1.0833333333333333,-0.16666666666666666,1.4166666666666667,1.0,-0.08333333333333333,0.4166666666666667
4,1,0,0,1.556447233452,-0.43478260869565216,1.067186599856308,3,2,1,0,6,5,4,3,2,1,0,1,1,1,0,0,1,1,1,1,0,0,0,0,1,1,0,0,0,0,1,0,0,0,0,0,0,0,0,0,1.2185482411150665,0.8263440535811257,0.1492492582491684,0.7366559774627627,0.9943956603830133,0.19150657835586063,-0.048476868753366424,0.20288467293075593,1.7351128134538276,1.4833074069642218,-0.9565217391304348,-0.3333333333333333,0.4166666666666667,-0.3333333333333333,0.5833333333333334,-1.0833333333333333,-0.16666666666666666,1.4166666666666667,1.0,-0.08333333333333333
5,0,1,0,0.029867857358353962,-0.43478260869565216,-0.11289878527410287,4,3,2,1,0,6,5,4,3,2,1,0,1,1,1,0,0,1,1,1,0,0,0,0,0,1,1,0,0,0,0,1,0,0,0,0,0,0,0,0,1.556447233452,1.2185482411150665,0.8205712230647048,0.1492492582491684,0.7366559774627627,0.9946953576887344,0.19689987431922923,-0.048476868753366424,0.20300436890298645,1.7345937537393803,-0.43478260869565216,-0.9166666666666666,-0.3333333333333333,0.4166666666666667,-0.3333333333333333,0.5833333333333334,-1.0833333333333333,-0.16666666666666666,1.4166666666666667,1.0
6,0,1,0,0.4281059554697399,0.2608695652173913,0.5203860959111908,5,4,3,2,1,0,6,5,4,3,0,1,0,1,1,1,0,0,1,1,1,0,0,0,0,0,1,1,0,0,0,0,1,0,0,0,0,0,0,0,0.029867857358353962,1.556447233452,1.2101777205022928,0.8205712230647048,0.1492492582491684,0.7369556747684839,0.9988628882638101,0.19689987431922923,-0.04835717278113591,0.20294364006222332,-0.43478260869565216,-0.4166666666666667,-0.9166666666666666,-0.3333333333333333,0.4166666666666667,-0.3333333333333333,0.5833333333333334,-1.0833333333333333,-0.16666666666666666,1.4166666666666667
0,1,0,0,-0.14511554938755805,0.0,-0.2447626864052523,6,5,4,3,2,1,0,6,5,4,0,0,1,0,1,1,1,0,0,1,1,1,0,0,0,0,0,1,1,0,0,0,0,1,0,0,0,0,0,0,0.4281059554697399,0.029867857358353962,1.5458387029100609,1.2101777205022928,0.8205712230647048,0.1495489555548896,0.741516547968161,0.9988628882638101,0.19701957029145972,-0.04834270671293526,0.2608695652173913,-0.4166666666666667,-0.4166666666666667,-0.9166666666666666,-0.3333333333333333,0.4166666666666667,-0.3333333333333333,0.5833333333333334,-1.0833333333333333,-0.16666666666666666
1,1,0,0,-0.3321667772883605,-0.08695652173913043,-0.31506234847006775,0,6,5,4,3,2,1,0,6,5,1,0,0,1,0,1,1,1,0,0,0,1,1,0,0,0,0,0,1,1,0,0,0,0,1,0,0,0,0,0,-0.14511554938755805,0.4281059554697399,0.029370335960679752,1.5458387029100609,1.2101777205022928,0.8208709203704259,0.15500628403854216,0.741516547968161,0.9989825842360407,0.19696063180567192,0.0,0.25,-0.4166666666666667,-0.4166666666666667,-0.9166666666666666,-0.3333333333333333,0.4166666666666667,-0.3333333333333333,0.5833333333333334,-1.0833333333333333
2,1,0,0,0.5910215410607614,0.0,0.42970605273537404,1,0,6,5,4,3,2,1,0,6,1,1,0,0,1,0,1,1,1,0,0,0,1,1,0,0,0,0,0,1,0,0,0,0,0,1,0,0,0,0,-0.3321667772883605,-0.14511554938755805,0.42497077951269224,0.029370335960679752,1.5458387029100609,1.210477417808014,0.8253037285295352,0.15500628403854216,0.7416362439403915,0.9986837381835588,-0.08695652173913043,0.0,0.25,-0.4166666666666667,-0.4166666666666667,-0.9166666666666666,-0.3333333333333333,0.4166666666666667,-0.3333333333333333,0.5833333333333334
3,1,0,0,0.8866831593555782,0.0,0.6215964103836115,2,1,0,6,5,4,3,2,1,0,1,1,1,0,0,1,0,1,1,1,0,0,0,1,1,0,0,0,0,0,0,0,0,0,0,0,1,0,0,0,0.5910215410607614,-0.3321667772883605,-0.1444541013576288,0.42497077951269224,0.029370335960679752,1.546138400215782,1.214315638278772,0.8253037285295352,0.15512598001077266,0.7414143831518488,0.0,-0.08333333333333333,0.0,0.25,-0.4166666666666667,-0.4166666666666667,-0.9166666666666666,-0.3333333333333333,0.4166666666666667,-0.3333333333333333
4,1,0,0,0.9349544439751402,0.43478260869565216,1.0808784590332041,3,2,1,0,6,5,4,3,2,1,1,1,1,1,0,0,1,0,1,1,0,0,0,0,1,1,0,0,0,0,0,0,0,0,0,0,0,1,0,0,0.8866831593555782,0.5910215410607614,-0.3302664309047862,-0.1444541013576288,0.42497077951269224,0.029670033266400955,1.5494643605242684,1.214315638278772,0.8254234245017658,0.15507957400981215,0.0,0.0,-0.08333333333333333,0.0,0.25,-0.4166666666666667,-0.4166666666666667,-0.9166666666666666,-0.3333333333333333,0.4166666666666667
5,0,1,0,1.3271586315090809,-0.2608695652173913,1.2062278889868983,4,3,2,1,0,6,5,4,3,2,1,1,1,1,1,0,0,1,0,1,0,0,0,0,0,1,1,0,0,0,0,0,0,0,0,0,0,0,1,0,0.9349544439751402,0.8866831593555782,0.5868073246021519,-0.3302664309047862,-0.1444541013576288,0.42527047681841346,0.0353103118080077,1.5494643605242684,1.2144353342510028,0.8251764987435685,0.43478260869565216,0.0,0.0,-0.08333333333333333,0.0,0.25,-0.4166666666666667,-0.4166666666666667,-0.9166666666666666,-0.3333333333333333
6,0,1,0,1.381463826706088,1.0434782608695652,1.6372016247678236,5,4,3,2,1,0,6,5,4,3,0,1,1,1,1,1,0,0,1,0,1,0,0,0,0,0,1,1,0,0,0,0,0,0,0,0,0,0,0,1,1.3271586315090809,0.9349544439751402,0.8805106842089491,0.5868073246021519,-0.3302664309047862,-0.14415440405190758,0.4303070201687714,0.0353103118080077,1.5495840564964993,1.214072035419409,-0.2608695652173913,0.4166666666666667,0.0,0.0,-0.08333333333333333,0.0,0.25,-0.4166666666666667,-0.4166666666666667,-0.9166666666666666
0,1,0,0,0.9711579074398116,0.0,1.0068246745421292,6,5,4,3,2,1,0,6,5,4,0,0,1,1,1,1,1,0,0,1,1,1,0,0,0,0,0,1,1,0,0,0,0,0,0,0,0,0,0,0,1.381463826706088,1.3271586315090809,0.9284622531243446,0.8805106842089491,0.5868073246021519,-0.329966733599065,-0.13824884792626727,0.4303070201687714,0.035430007780238214,1.5491204977862871,1.0434782608695652,-0.25,0.4166666666666667,0.0,0.0,-0.08333333333333333,0.0,0.25,-0.4166666666666667,-0.4166666666666667
1,1,0,0,1.7736680142400287,0.08695652173913043,2.1496040445545876,0,6,5,4,3,2,1,0,6,5,1,0,0,1,1,1,1,1,0,0,0,1,1,0,0,0,0,0,1,1,0,0,0,0,0,0,0,0,0,0,0.9711579074398116,1.381463826706088,1.3180687505619326,0.9284622531243446,0.8805106842089491,0.5871070219078731,-0.3237776048835957,-0.13824884792626727,0.4304267161410019,0.03541940887878427,0.0,1.0,-0.25,0.4166666666666667,0.0,0.0,-0.08333333333333333,0.0,0.25,-0.4166666666666667
2,1,0,0,0.6634284679901044,-0.2608695652173913,0.7185537103991918,1,0,6,5,4,3,2,1,0,6,1,1,0,0,1,1,1,1,1,0,0,0,1,1,0,0,0,0,0,1,0,0,0,0,0,0,0,0,0,0,1.7736680142400287,0.9711579074398116,1.3720142655917524,1.3180687505619326,0.9284622531243446,0.8808103815146702,0.5918965826799929,-0.3237776048835957,-0.13812915195403674,0.4302979538111763,0.08695652173913043,0.0,1.0,-0.25,0.4166666666666667,0.0,0.0,-0.08333333333333333,0.0,0.25
3,1,0,0,1.381463826706088,0.17391304347826086,0.8949437252596775,2,1,0,6,5,4,3,2,1,0,1,1,1,0,0,1,1,1,1,1,0,0,0,1,1,0,0,0,0,0,0,0,0,0,0,0,0,0,0,0,0.6634284679901044,1.7736680142400287,0.9644259298108911,1.3720142655917524,1.3180687505619326,0.9287619504300657,0.8851517146448024,0.5918965826799929,-0.32365790891136514,-0.1380878305612062,-0.2608695652173913,0.08333333333333333,0.0,1.0,-0.25,0.4166666666666667,0.0,0.0,-0.08333333333333333,0.0
4,1,0,0,3.776926325951849,-0.6956521739130435,3.1073546270130383,3,2,1,0,6,5,4,3,2,1,1,1,1,1,0,0,1,1,1,1,0,0,0,0,1,1,0,0,0,0,0,0,0,0,0,0,0,0,0,0,1.381463826706088,0.6634284679901044,1.7616207630293403,0.9644259298108911,1.3720142655917524,1.3183684478676538,0.9330301035370161,0.8851517146448024,0.5920162786522235,-0.3235610865142994,0.17391304347826086,-0.25,0.08333333333333333,0.0,1.0,-0.25,0.4166666666666667,0.0,0.0,-0.08333333333333333
5,0,1,0,0.9711579074398116,-0.5217391304347826,0.6191977984584477,4,3,2,1,0,6,5,4,3,2,1,1,1,1,1,0,0,1,1,1,0,0,0,0,0,1,1,0,0,0,0,0,0,0,0,0,0,0,0,0,3.776926325951849,1.381463826706088,0.6587346779752451,1.7616207630293403,0.9644259298108911,1.3723139628974736,1.3220420132862531,0.9330301035370161,0.885271410617033,0.591839176738064,-0.6956521739130435,0.16666666666666666,-0.25,0.08333333333333333,0.0,1.0,-0.25,0.4166666666666667,0.0,0.0
6,0,1,0,2.7330597960538223,-0.8695652173913043,2.7771522689461166,5,4,3,2,1,0,6,5,4,3,0,1,1,1,1,1,0,0,1,1,1,0,0,0,0,0,1,1,0,0,0,0,0,0,0,0,0,0,0,0,0.9711579074398116,3.776926325951849,1.3720142655917524,0.6587346779752451,1.7616207630293403,0.9647256271166122,1.3759052007899937,1.3220420132862531,0.9331497995092467,0.8850065813090824,-0.5217391304347826,-0.6666666666666666,0.16666666666666666,-0.25,0.08333333333333333,0.0,1.0,-0.25,0.4166666666666667,0.0
0,1,0,0,1.0133952814819283,-0.6086956521739131,0.8621341550347089,6,5,4,3,2,1,0,6,5,4,0,0,1,1,1,1,1,0,0,1,1,1,0,0,0,0,0,1,1,0,0,0,0,0,0,0,0,0,0,0,2.7330597960538223,0.9711579074398116,3.751610873018252,1.3720142655917524,0.6587346779752451,1.7619204603350618,0.9689388952061765,1.3759052007899937,1.3221617092584836,0.9328706473614935,-0.8695652173913043,-0.5,-0.6666666666666666,0.16666666666666666,-0.25,0.08333333333333333,0.0,1.0,-0.25,0.4166666666666667
1,1,0,0,-0.4347432571049296,0.2608695652173913,-0.44866234574300523,0,6,5,4,3,2,1,0,6,5,1,0,0,1,1,1,1,1,0,0,0,1,1,0,0,0,0,0,1,1,0,0,0,0,0,0,0,0,0,0,1.0133952814819283,2.7330597960538223,0.9644259298108911,3.751610873018252,1.3720142655917524,0.6590343752809663,1.7649171105392305,0.9689388952061765,1.3760248967622242,1.3217661840373343,-0.6086956521739131,-0.8333333333333334,-0.5,-0.6666666666666666,0.16666666666666666,-0.25,0.08333333333333333,0.0,1.0,-0.25
2,1,0,0,-0.3080311349785796,0.9565217391304348,-0.3525023104836907,1,0,6,5,4,3,2,1,0,6,1,1,0,0,1,1,1,1,1,0,0,0,1,1,0,0,0,0,0,1,0,0,0,0,0,0,0,0,0,0,-0.4347432571049296,1.0133952814819283,2.714658195222825,0.9644259298108911,3.751610873018252,1.3723139628974736,0.6637141660183136,1.7649171105392305,0.9690585911784071,1.3756132583462968,0.2608695652173913,-0.5833333333333334,-0.8333333333333334,-0.5,-0.6666666666666666,0.16666666666666666,-0.25,0.08333333333333333,0.0,1.0
3,1,0,0,1.6650576238460144,-0.2608695652173913,1.3267277595516869,2,1,0,6,5,4,3,2,1,0,1,1,1,0,0,1,1,1,1,1,0,0,0,1,1,0,0,0,0,0,0,0,0,0,0,0,0,0,0,0,-0.3080311349785796,-0.4347432571049296,1.006383552611862,2.714658195222825,0.9644259298108911,3.7519105703239735,1.3759052007899937,0.6637141660183136,1.7650368065114612,0.9687686969008019,0.9565217391304348,0.25,-0.5833333333333334,-0.8333333333333334,-0.5,-0.6666666666666666,0.16666666666666666,-0.25,0.08333333333333333,0.0
4,1,0,0,1.0194291920593734,-0.17391304347826086,1.0530118901932224,3,2,1,0,6,5,4,3,2,1,1,1,1,1,0,0,1,1,1,1,0,0,0,0,1,1,0,0,0,0,0,0,0,0,0,0,0,0,0,0,1.6650576238460144,-0.3080311349785796,-0.43216351485000154,1.006383552611862,2.714658195222825,0.9647256271166122,3.7518702495661027,1.3759052007899937,0.6638338619905442,1.7645087950221374,-0.2608695652173913,0.9166666666666666,0.25,-0.5833333333333334,-0.8333333333333334,-0.5,-0.6666666666666666,0.16666666666666666,-0.25,0.08333333333333333
5,0,1,0,1.4055994690158689,0.34782608695652173,1.3054737158292546,4,3,2,1,0,6,5,4,3,2,1,1,1,1,1,0,0,1,1,1,0,0,0,0,0,1,1,0,0,0,0,0,0,0,0,0,0,0,0,0,1.0194291920593734,1.6650576238460144,-0.3062906464470884,-0.43216351485000154,1.006383552611862,2.7149578925285462,0.9689388952061765,3.7518702495661027,1.3760248967622242,0.6636352758166807,-0.17391304347826086,-0.25,0.9166666666666666,0.25,-0.5833333333333334,-0.8333333333333334,-0.5,-0.6666666666666666,0.16666666666666666,-0.25
6,0,1,0,0.39190249200506844,0.43478260869565216,0.37641724538209054,5,4,3,2,1,0,6,5,4,3,0,1,1,1,1,1,0,0,1,1,1,0,0,0,0,0,1,1,0,0,0,0,0,0,0,0,0,0,0,0,1.4055994690158689,1.0194291920593734,1.6537297329697007,-0.3062906464470884,-0.43216351485000154,1.0066832499175833,2.7165000897719795,0.9689388952061765,3.751989945538333,1.3756132583462968,0.34782608695652173,-0.16666666666666666,-0.25,0.9166666666666666,0.25,-0.5833333333333334,-0.8333333333333334,-0.5,-0.6666666666666666,0.16666666666666666
0,1,0,0,1.628854160381343,-0.782608695652174,0.9113125171569331,6,5,4,3,2,1,0,6,5,4,0,0,1,1,1,1,1,0,0,1,1,1,0,0,0,0,0,1,1,0,0,0,0,0,0,0,0,0,0,0,0.39190249200506844,1.4055994690158689,1.0123774987262866,1.6537297329697007,-0.3062906464470884,-0.4318638175442803,1.0108324854868636,2.7165000897719795,0.9690585911784071,3.7508675361972,0.43478260869565216,0.3333333333333333,-0.16666666666666666,-0.25,0.9166666666666666,0.25,-0.5833333333333334,-0.8333333333333334,-0.5,-0.6666666666666666
1,1,0,0,0.0781391419779159,-0.43478260869565216,0.013815780107321943,0,6,5,4,3,2,1,0,6,5,1,0,0,1,1,1,1,1,0,0,0,1,1,0,0,0,0,0,1,1,0,0,0,0,0,0,0,0,0,0,1.628854160381343,0.39190249200506844,1.3959900500494502,1.0123774987262866,1.6537297329697007,-0.30599094914136726,-0.42551918127954996,1.0108324854868636,2.7166197857442103,0.9687686969008019,-0.782608695652174,0.4166666666666667,0.3333333333333333,-0.16666666666666666,-0.25,0.9166666666666666,0.25,-0.5833333333333334,-0.8333333333333334,-0.5
2,1,0,0,0.3979364025825137,0.34782608695652173,0.4957135990788945,1,0,6,5,4,3,2,1,0,6,1,1,0,0,1,1,1,1,1,0,0,0,1,1,0,0,0,0,0,1,0,0,0,0,0,0,0,0,0,0,0.0781391419779159,1.628854160381343,0.3890071028261457,1.3959900500494502,1.0123774987262866,1.654029430275422,-0.29983841043748877,-0.42551918127954996,1.010952181459094,2.7158071078138093,-0.43478260869565216,-0.75,0.4166666666666667,0.3333333333333333,-0.16666666666666666,-0.25,0.9166666666666666,0.25,-0.5833333333333334,-0.8333333333333334
3,1,0,0,0.48241115066674706,0.6086956521739131,0.48243982265270596,2,1,0,6,5,4,3,2,1,0,1,1,1,0,0,1,1,1,1,1,0,0,0,1,1,0,0,0,0,0,0,0,0,0,0,0,0,0,0,0,0.3979364025825137,0.0781391419779159,1.6177660562831542,0.3890071028261457,1.3959900500494502,1.0126771960320078,1.6571907355317494,-0.29983841043748877,-0.42539948530731947,1.0106497546966617,0.34782608695652173,-0.4166666666666667,-0.75,0.4166666666666667,0.3333333333333333,-0.16666666666666666,-0.25,0.9166666666666666,0.25,-0.5833333333333334
4,1,0,0,0.578953719905871,-0.43478260869565216,0.38930582422357424,3,2,1,0,6,5,4,3,2,1,1,1,1,1,0,0,1,1,1,1,0,0,0,0,1,1,0,0,0,0,0,0,0,0,0,0,0,0,0,0,0.48241115066674706,0.3979364025825137,0.07732190487607521,1.6177660562831542,0.3890071028261457,1.3962897473551714,1.0168172840983902,1.6571907355317494,-0.2997187144652583,-0.4252722268756731,0.6086956521739131,0.3333333333333333,-0.4166666666666667,-0.75,0.4166666666666667,0.3333333333333333,-0.16666666666666666,-0.25,0.9166666666666666,0.25
5,0,1,0,-0.12701381765522232,0.43478260869565216,-0.12662533429074618,4,3,2,1,0,6,5,4,3,2,1,1,1,1,1,0,0,1,1,1,0,0,0,0,0,1,1,0,0,0,0,0,0,0,0,0,0,0,0,0,0.578953719905871,0.48241115066674706,0.3950010489405701,0.07732190487607521,1.6177660562831542,0.38930680013186686,1.3998443952361006,1.0168172840983902,1.6573104315039802,-0.2996290534880938,-0.43478260869565216,0.5833333333333334,0.3333333333333333,-0.4166666666666667,-0.75,0.4166666666666667,0.3333333333333333,-0.16666666666666666,-0.25,0.9166666666666666
6,0,1,0,-0.3925058830628129,-0.8695652173913043,-0.5156135359353654,5,4,3,2,1,0,6,5,4,3,0,1,1,1,1,1,0,0,1,1,1,0,0,0,0,0,1,1,0,0,0,0,0,0,0,0,0,0,0,0,-0.12701381765522232,0.578953719905871,0.47891629454251217,0.3950010489405701,0.07732190487607521,1.6180657535888754,0.3943982284996111,1.3998443952361006,1.016936980070621,1.6568146464042122,0.43478260869565216,-0.4166666666666667,0.5833333333333334,0.3333333333333333,-0.4166666666666667,-0.75,0.4166666666666667,0.3333333333333333,-0.16666666666666666,-0.25
0,0,0,1,-0.1390816388101128,-0.782608695652174,-0.2830795193391846,6,5,4,3,2,1,0,6,5,4,0,0,1,1,1,1,1,0,0,1,1,1,0,0,0,0,0,1,1,0,0,0,0,0,0,0,0,0,0,0,-0.3925058830628129,-0.12701381765522232,0.574819432373303,0.47891629454251217,0.3950010489405701,0.07762160218179641,1.6212819438625892,0.3943982284996111,1.399964091208331,1.016632762953213,-0.8695652173913043,0.4166666666666667,-0.4166666666666667,0.5833333333333334,0.3333333333333333,-0.4166666666666667,-0.75,0.4166666666666667,0.3333333333333333,-0.16666666666666666
1,1,0,0,-0.38043806190792245,-0.9565217391304348,-0.44510192496527506,0,6,5,4,3,2,1,0,6,5,0,0,0,1,1,1,1,1,0,0,0,1,1,0,0,0,0,0,1,1,1,0,0,0,0,0,0,0,0,0,-0.1390816388101128,-0.3925058830628129,-0.1264722630143555,0.574819432373303,0.47891629454251217,0.3953007462462913,0.08318870070022148,1.6212819438625892,0.3945179244718416,1.3995452913725024,-0.782608695652174,-0.8333333333333334,0.4166666666666667,-0.4166666666666667,0.5833333333333334,0.3333333333333333,-0.4166666666666667,-0.75,0.4166666666666667,0.3333333333333333
2,1,0,0,0.047969589090689685,-0.2608695652173913,-0.026115032711716803,1,0,6,5,4,3,2,1,0,6,1,0,0,0,1,1,1,1,1,0,0,0,1,1,0,0,0,0,0,1,0,1,0,0,0,0,0,0,0,0,-0.38043806190792245,-0.1390816388101128,-0.3902058920490305,-0.1264722630143555,0.574819432373303,0.4792159918482334,0.4003830271111378,0.08318870070022148,1.6214016398348199,0.39439990427186794,-0.9565217391304348,-0.75,-0.8333333333333334,0.4166666666666667,-0.4166666666666667,0.5833333333333334,0.3333333333333333,-0.4166666666666667,-0.75,0.4166666666666667
3,1,0,0,0.09020696313280638,0.08695652173913043,0.0,2,1,0,6,5,4,3,2,1,0,1,1,0,0,0,1,1,1,1,1,0,0,0,1,1,0,0,0,0,0,0,0,1,0,0,0,0,0,0,0,0.047969589090689685,-0.38043806190792245,-0.13846015524320435,-0.3902058920490305,-0.1264722630143555,0.5751191296790242,0.48417020767251195,0.4003830271111378,0.08330839667245199,1.620916596864904,-0.2608695652173913,-0.9166666666666666,-0.75,-0.8333333333333334,0.4166666666666667,-0.4166666666666667,0.5833333333333334,0.3333333333333333,-0.4166666666666667,-0.75
4,1,0,0,1.580582875761781,-0.08695652173913043,1.4971763874081094,3,2,1,0,6,5,4,3,2,1,1,1,1,0,0,0,1,1,1,1,0,0,0,0,1,1,0,0,0,0,0,0,0,1,0,0,0,0,0,0,0.09020696313280638,0.047969589090689685,-0.3782179998201816,-0.13846015524320435,-0.3902058920490305,-0.12617256570863428,0.5799269854569395,0.48417020767251195,0.4005027230833683,0.08328347493119542,0.08695652173913043,-0.25,-0.9166666666666666,-0.75,-0.8333333333333334,0.4166666666666667,-0.4166666666666667,0.5833333333333334,0.3333333333333333,-0.4166666666666667
5,0,1,0,1.5021420382549928,0.0,2.0507323867351666,4,3,2,1,0,6,5,4,3,2,1,1,1,1,0,0,0,1,1,1,0,0,0,0,0,1,1,0,0,0,0,0,0,0,1,0,0,0,0,0,1.580582875761781,0.09020696313280638,0.04735217430395305,-0.3782179998201816,-0.13846015524320435,-0.3899061947433093,-0.1202944520916871,0.5799269854569395,0.48428990364474245,0.40038291252841934,-0.08695652173913043,0.08333333333333333,-0.25,-0.9166666666666666,-0.75,-0.8333333333333334,0.4166666666666667,-0.4166666666666667,0.5833333333333334,0.3333333333333333
6,0,1,0,4.935437156821336,0.5217391304347826,6.42395997153428,5,4,3,2,1,0,6,5,4,3,0,1,1,1,1,0,0,0,1,1,1,0,0,0,0,0,1,1,0,0,0,0,0,0,0,1,0,0,0,0,1.5021420382549928,1.580582875761781,0.08930979710492407,0.04735217430395305,-0.3782179998201816,-0.13816045793748313,-0.3836255909988629,-0.1202944520916871,0.58004668142917,0.4841450281201389,0.0,-0.08333333333333333,0.08333333333333333,-0.25,-0.9166666666666666,-0.75,-0.8333333333333334,0.4166666666666667,-0.4166666666666667,0.5833333333333334
0,1,0,0,0.1384782477523683,-0.6086956521739131,-0.1195498100981923,6,5,4,3,2,1,0,6,5,4,0,0,1,1,1,1,0,0,0,1,1,1,0,0,0,0,0,1,1,0,0,0,0,0,0,0,1,0,0,0,4.935437156821336,1.5021420382549928,1.5698144873677586,0.08930979710492407,0.04735217430395305,-0.3779183025144604,-0.13226404931474053,-0.3836255909988629,-0.12017475611945659,0.5798731602249612,0.5217391304347826,0.0,-0.08333333333333333,0.08333333333333333,-0.25,-0.9166666666666666,-0.75,-0.8333333333333334,0.4166666666666667,-0.4166666666666667
1,1,0,0,0.180715621794485,-0.6086956521739131,-0.17970500000902337,0,6,5,4,3,2,1,0,6,5,1,0,0,1,1,1,1,0,0,0,0,1,1,0,0,0,0,0,1,1,0,0,0,0,0,0,0,1,0,0,0.1384782477523683,4.935437156821336,1.4918931878802413,1.5698144873677586,0.08930979710492407,0.047651871609674254,-0.3716559937758095,-0.13226404931474053,-0.3835058950266324,-0.12013880579155199,-0.6086956521739131,0.5,0.0,-0.08333333333333333,0.08333333333333333,-0.25,-0.9166666666666666,-0.75,-0.8333333333333334,0.4166666666666667
2,1,0,0,0.13244433717492307,0.43478260869565216,-0.03671708991947345,1,0,6,5,4,3,2,1,0,6,1,1,0,0,1,1,1,1,0,0,0,0,1,1,0,0,0,0,0,1,0,0,0,0,0,0,0,0,1,0,0.180715621794485,0.1384782477523683,4.902448526987743,1.4918931878802413,1.5698144873677586,0.08960949441064528,0.053264707642587866,-0.3716559937758095,-0.13214435334251004,-0.38339116907981335,-0.6086956521739131,-0.5833333333333334,0.5,0.0,-0.08333333333333333,0.08333333333333333,-0.25,-0.9166666666666666,-0.75,-0.8333333333333334
3,1,0,0,0.3677668496952875,1.3043478260869565,-0.04122696960588532,2,1,0,6,5,4,3,2,1,0,1,1,1,0,0,1,1,1,1,0,0,0,0,1,1,0,0,0,0,0,0,0,0,0,0,0,0,0,0,1,0.13244433717492307,0.180715621794485,0.13726136602031952,4.902448526987743,1.4918931878802413,1.5701141846734799,0.09515829792327493,0.053264707642587866,-0.37153629780357894,-0.13210482230465478,0.43478260869565216,-0.5833333333333334,-0.5833333333333334,0.5,0.0,-0.08333333333333333,0.08333333333333333,-0.25,-0.9166666666666666,-0.75
4,1,0,0,5.255234417425934,-0.43478260869565216,4.628852802989181,3,2,1,0,6,5,4,3,2,1,1,1,1,1,0,0,1,1,1,1,0,0,0,0,1,1,0,0,0,0,0,0,0,0,0,0,0,0,0,0,0.3677668496952875,0.13244433717492307,0.17921898882129056,0.13726136602031952,4.902448526987743,1.4921928851859623,1.5734035549703753,0.09515829792327493,0.05338440361481838,-0.37142515256671055,1.3043478260869565,0.4166666666666667,-0.5833333333333334,-0.5833333333333334,0.5,0.0,-0.08333333333333333,0.08333333333333333,-0.25,-0.9166666666666666
5,0,1,0,1.4055994690158689,-0.782608695652174,1.5511337261239158,4,3,2,1,0,6,5,4,3,2,1,1,1,1,1,0,0,1,1,1,0,0,0,0,0,1,1,0,0,0,0,0,0,0,0,0,0,0,0,0,5.255234417425934,0.3677668496952875,0.1312674199058951,0.17921898882129056,0.13726136602031952,4.902748224293465,1.495601173020528,1.5734035549703753,0.09527799389550544,0.05336843364843845,-0.43478260869565216,1.25,0.4166666666666667,-0.5833333333333334,-0.5833333333333334,0.5,0.0,-0.08333333333333333,0.08333333333333333,-0.25
6,0,1,0,-0.01840342726120797,0.0,0.03210253915590597,5,4,3,2,1,0,6,5,4,3,0,1,1,1,1,1,0,0,1,1,1,0,0,0,0,0,1,1,0,0,0,0,0,0,0,0,0,0,0,0,1.4055994690158689,5.255234417425934,0.36503131836844793,0.1312674199058951,0.17921898882129056,0.13756106332604073,4.900951582979233,1.495601173020528,1.573523250942606,0.09524949144429821,-0.782608695652174,-0.4166666666666667,1.25,0.4166666666666667,-0.5833333333333334,-0.5833333333333334,0.5,0.0,-0.08333333333333333,0.08333333333333333
0,1,0,0,-0.15114945996500329,0.5217391304347826,-0.147152896571541,6,5,4,3,2,1,0,6,5,4,0,0,1,1,1,1,1,0,0,1,1,1,0,0,0,0,0,1,1,0,0,0,0,0,0,0,0,0,0,0,-0.01840342726120797,1.4055994690158689,5.2201276710522375,0.36503131836844793,0.1312674199058951,0.17951868612701175,0.1430366868154887,4.900951582979233,1.4957208689927588,1.5730525308124927,0.0,-0.75,-0.4166666666666667,1.25,0.4166666666666667,-0.5833333333333334,-0.5833333333333334,0.5,0.0,-0.08333333333333333
1,1,0,0,2.2865504133228742,0.43478260869565216,2.3616814827039065,0,6,5,4,3,2,1,0,6,5,1,0,0,1,1,1,1,1,0,0,0,1,1,0,0,0,0,0,1,1,0,0,0,0,0,0,0,0,0,0,-0.15114945996500329,-0.01840342726120797,1.3959900500494502,5.2201276710522375,0.36503131836844793,0.1315671172116163,0.18493027709617577,0.1430366868154887,4.901071278951464,1.4952734234773246,0.5217391304347826,0.0,-0.75,-0.4166666666666667,1.25,0.4166666666666667,-0.5833333333333334,-0.5833333333333334,0.5,0.0
2,1,0,0,1.5866167863392262,-0.08695652173913043,1.9126545928646008,1,0,6,5,4,3,2,1,0,6,1,1,0,0,1,1,1,1,1,0,0,0,1,1,0,0,0,0,0,1,0,0,0,0,0,0,0,0,0,0,2.2865504133228742,-0.15114945996500329,-0.018581232954715705,1.3959900500494502,5.2201276710522375,0.36533101567416915,0.137051888203962,0.18493027709617577,0.14315638278771922,4.8996051214550675,0.43478260869565216,0.5,0.0,-0.75,-0.4166666666666667,1.25,0.4166666666666667,-0.5833333333333334,-0.5833333333333334,0.5
3,1,0,0,-0.07874253303566038,1.4782608695652173,-0.03707481635940759,2,1,0,6,5,4,3,2,1,0,1,1,1,0,0,1,1,1,1,1,0,0,0,1,1,0,0,0,0,0,0,0,0,0,0,0,0,0,0,0,1.5866167863392262,2.2865504133228742,-0.1504480474720532,-0.018581232954715705,1.3959900500494502,5.220427368357959,0.37045903405350417,0.137051888203962,0.1850499730684063,0.14311355749670937,-0.08695652173913043,0.4166666666666667,0.5,0.0,-0.75,-0.4166666666666667,1.25,0.4166666666666667,-0.5833333333333334,-0.5833333333333334
4,1,0,0,-0.24769202920412714,0.782608695652174,-0.15707338866195675,3,2,1,0,6,5,4,3,2,1,1,1,1,1,0,0,1,1,1,1,0,0,0,0,1,1,0,0,0,0,0,0,0,0,0,0,0,0,0,0,-0.07874253303566038,1.5866167863392262,2.271106182755417,-0.1504480474720532,-0.018581232954715705,1.3962897473551714,5.21814590939015,0.37045903405350417,0.1371715841761925,0.18499461529256914,1.4782608695652173,-0.08333333333333333,0.4166666666666667,0.5,0.0,-0.75,-0.4166666666666667,1.25,0.4166666666666667,-0.5833333333333334
5,0,1,0,2.4675677306462314,0.6086956521739131,2.7474832320744262,4,3,2,1,0,6,5,4,3,2,1,1,1,1,1,0,0,1,1,1,0,0,0,0,0,1,1,0,0,0,0,0,0,0,0,0,0,0,0,0,-0.24769202920412714,-0.07874253303566038,1.5758084334821831,2.271106182755417,-0.1504480474720532,-0.018281535648994502,1.3998443952361006,5.21814590939015,0.3705787300257347,0.13713054924015797,0.782608695652174,1.4166666666666667,-0.08333333333333333,0.4166666666666667,0.5,0.0,-0.75,-0.4166666666666667,1.25,0.4166666666666667
6,0,1,0,3.0347553249260844,-0.6956521739130435,2.648739104532919,5,4,3,2,1,0,6,5,4,3,0,1,1,1,1,1,0,0,1,1,1,0,0,0,0,0,1,1,0,0,0,0,0,0,0,0,0,0,0,0,2.4675677306462314,-0.24769202920412714,-0.07852069409896002,1.5758084334821831,2.271106182755417,-0.15014835016633202,-0.012568077084206083,1.3998443952361006,5.21826560536238,0.3704678712456624,0.6086956521739131,0.75,1.4166666666666667,-0.08333333333333333,0.4166666666666667,0.5,0.0,-0.75,-0.4166666666666667,1.25
0,0,0,1,3.7527906836420684,1.0434782608695652,4.9761229632502255,6,5,4,3,2,1,0,6,5,4,0,0,1,1,1,1,1,0,0,1,1,1,0,0,0,0,0,1,1,0,0,0,0,0,0,0,0,0,0,0,3.0347553249260844,2.4675677306462314,-0.2463511853028441,-0.07852069409896002,1.5758084334821831,2.2714058800611383,-0.144233646537794,-0.012568077084206083,1.399964091208331,5.216704559052292,-0.6956521739130435,0.5833333333333334,0.75,1.4166666666666667,-0.08333333333333333,0.4166666666666667,0.5,0.0,-0.75,-0.4166666666666667
1,1,0,0,0.6996319314547758,2.0,0.9918109921073597,0,6,5,4,3,2,1,0,6,5,0,0,0,1,1,1,1,1,0,0,0,1,1,0,0,0,0,0,1,1,1,0,0,0,0,0,0,0,0,0,3.7527906836420684,3.0347553249260844,2.4509245661881502,-0.2463511853028441,-0.07852069409896002,1.5761081307879043,2.273624992519002,-0.144233646537794,-0.012448381111975574,1.3995452913725024,1.0434782608695652,-0.6666666666666666,0.5833333333333334,0.75,1.4166666666666667,-0.08333333333333333,0.4166666666666667,0.5,0.0,-0.75
2,1,0,0,-0.4347432571049296,-0.2608695652173913,-0.4091526234642477,1,0,6,5,4,3,2,1,0,6,1,0,0,0,1,1,1,1,1,0,0,0,1,1,0,0,0,0,0,1,0,1,0,0,0,0,0,0,0,0,0.6996319314547758,3.7527906836420684,3.014355500944047,2.4509245661881502,-0.2463511853028441,-0.07822099679323882,1.579388353581902,2.273624992519002,-0.14411395056556348,-0.01244465717362689,2.0,1.0,-0.6666666666666666,0.5833333333333334,0.75,1.4166666666666667,-0.08333333333333333,0.4166666666666667,0.5,0.0
3,1,0,0,-0.4830145417244916,-0.6086956521739131,-0.4937184319951811,2,1,0,6,5,4,3,2,1,0,1,1,0,0,0,1,1,1,1,1,0,0,0,1,1,0,0,0,0,0,0,0,1,0,0,0,0,0,0,0,-0.4347432571049296,0.6996319314547758,3.7276350885605543,3.014355500944047,2.4509245661881502,-0.24605148799712293,-0.07241606319947332,1.579388353581902,2.2737446884912327,-0.14407083881775756,-0.2608695652173913,1.9166666666666667,1.0,-0.6666666666666666,0.5833333333333334,0.75,1.4166666666666667,-0.08333333333333333,0.4166666666666667,0.5
4,1,0,0,2.5641102998853555,0.08695652173913043,3.008328368809543,3,2,1,0,6,5,4,3,2,1,1,1,1,0,0,0,1,1,1,1,0,0,0,0,1,1,0,0,0,0,0,0,0,1,0,0,0,0,0,0,-0.4830145417244916,-0.4347432571049296,0.6946983546617918,3.7276350885605543,3.014355500944047,2.4512242634938715,-0.23999042432222156,-0.07241606319947332,1.579508049554133,2.2730644968290057,-0.6086956521739131,-0.25,1.9166666666666667,1.0,-0.6666666666666666,0.5833333333333334,0.75,1.4166666666666667,-0.08333333333333333,0.4166666666666667
5,0,1,0,4.543232969287395,0.43478260869565216,5.090089714342203,4,3,2,1,0,6,5,4,3,2,1,1,1,1,0,0,0,1,1,1,0,0,0,0,0,1,1,0,0,0,0,0,0,0,1,0,0,0,0,0,2.5641102998853555,-0.4830145417244916,-0.43216351485000154,0.6946983546617918,3.7276350885605543,3.014655198249768,2.4531689508648036,-0.23999042432222156,-0.07229636722724281,1.579035539069044,0.08695652173913043,-0.5833333333333334,-0.25,1.9166666666666667,1.0,-0.6666666666666666,0.5833333333333334,0.75,1.4166666666666667,-0.08333333333333333
6,0,1,0,0.43413986604718513,0.34782608695652173,0.6098858824583907,5,4,3,2,1,0,6,5,4,3,0,1,1,1,1,0,0,0,1,1,1,0,0,0,0,0,1,1,0,0,0,0,0,0,0,1,0,0,0,0,4.543232969287395,2.5641102998853555,-0.48011508376539697,-0.43216351485000154,0.6946983546617918,3.727934785866276,3.0157400203483156,2.4531689508648036,-0.23987072834999104,-0.07227473973914084,0.43478260869565216,0.08333333333333333,-0.5833333333333334,-0.25,1.9166666666666667,1.0,-0.6666666666666666,0.5833333333333334,0.75,1.4166666666666667
0,0,0,1,0.6754962891449948,-0.08695652173913043,0.7615308124982079,6,5,4,3,2,1,0,6,5,4,0,0,1,1,1,1,0,0,0,1,1,1,0,0,0,0,0,1,1,0,0,0,0,0,0,0,1,0,0,0,0.43413986604718513,4.543232969287395,2.546827704018941,-0.48011508376539697,-0.43216351485000154,0.694998051967513,3.7279310551199956,3.0157400203483156,2.4532886468370343,-0.23979897092257987,0.34782608695652173,0.4166666666666667,0.08333333333333333,-0.5833333333333334,-0.25,1.9166666666666667,1.0,-0.6666666666666666,0.5833333333333334,0.75
1,1,0,0,-0.10987751161527781,1.1304347826086956,-0.007500023561018325,0,6,5,4,3,2,1,0,6,5,0,0,0,1,1,1,1,0,0,0,0,1,1,0,0,0,0,0,1,1,1,0,0,0,0,0,0,1,0,0,0.6754962891449948,0.43413986604718513,4.512842029550154,2.546827704018941,-0.48011508376539697,-0.4318638175442803,0.699622957687474,3.7279310551199956,3.0158597163205463,2.4525547445255476,-0.08695652173913043,0.3333333333333333,0.4166666666666667,0.08333333333333333,-0.5833333333333334,-0.25,1.9166666666666667,1.0,-0.6666666666666666,0.5833333333333334
2,1,0,0,0.5208471610450733,0.782608695652174,0.7365062037665145,1,0,6,5,4,3,2,1,0,6,1,0,0,0,1,1,1,1,0,0,0,0,1,1,0,0,0,0,0,1,0,1,0,0,0,0,0,0,1,0,-0.10987751161527781,0.6754962891449948,0.4309647256271167,4.512842029550154,2.546827704018941,-0.47981538645967575,-0.42551918127954996,0.699622957687474,3.7280507510922263,3.014957520641379,1.1304347826086956,-0.08333333333333333,0.3333333333333333,0.4166666666666667,0.08333333333333333,-0.5833333333333334,-0.25,1.9166666666666667,1.0,-0.6666666666666666
3,1,0,0,0.9200506848488502,0.5217391304347826,1.0582677016938467,2,1,0,6,5,4,3,2,1,0,1,1,0,0,0,1,1,1,1,0,0,0,0,1,1,0,0,0,0,0,0,0,1,0,0,0,0,0,0,1,0.5208471610450733,-0.10987751161527781,0.670722570204094,0.4309647256271167,4.512842029550154,2.5471274013246625,-0.47339757017176376,-0.42551918127954996,0.6997426536597044,3.7269355031709943,0.782608695652174,1.0833333333333333,-0.08333333333333333,0.3333333333333333,0.4166666666666667,0.08333333333333333,-0.5833333333333334,-0.25,1.9166666666666667,1.0
4,1,0,0,-0.13304772823266756,0.6086956521739131,-0.023274275719257734,3,2,1,0,6,5,4,3,2,1,1,1,1,0,0,0,1,1,1,1,0,0,0,0,1,1,0,0,0,0,0,0,0,1,0,0,0,0,0,0,0.9200506848488502,0.5208471610450733,-0.10944945604939008,0.670722570204094,0.4309647256271167,4.513141726855876,2.5489257286492313,-0.47339757017176376,-0.42539948530731947,0.6995333253559891,0.5217391304347826,0.75,1.0833333333333333,-0.08333333333333333,0.3333333333333333,0.4166666666666667,0.08333333333333333,-0.5833333333333334,-0.25,1.9166666666666667
5,0,1,0,2.8801061968261625,0.6086956521739131,3.659094522995654,4,3,2,1,0,6,5,4,3,2,1,1,1,1,0,0,0,1,1,1,0,0,0,0,0,1,1,0,0,0,0,0,0,0,1,0,0,0,0,0,-0.13304772823266756,0.9200506848488502,0.5170977312913958,-0.10944945604939008,0.670722570204094,0.4312644229328379,4.511939673229996,2.5489257286492313,-0.47327787419953327,-0.4252722268756731,0.6086956521739131,0.5,0.75,1.0833333333333333,-0.08333333333333333,0.3333333333333333,0.4166666666666667,0.08333333333333333,-0.5833333333333334,-0.25
6,0,1,0,2.3152718276715136,0.9565217391304348,3.1755295865231776,5,4,3,2,1,0,6,5,4,3,0,1,1,1,1,0,0,0,1,1,1,0,0,0,0,0,1,1,0,0,0,0,0,0,0,1,0,0,0,0,2.8801061968261625,-0.13304772823266756,0.9136572062217161,0.5170977312913958,-0.10944945604939008,0.6710222675098152,0.43629181878029816,4.511939673229996,2.549045424621462,-0.4731362929280843,0.6086956521739131,0.5833333333333334,0.5,0.75,1.0833333333333333,-0.08333333333333333,0.3333333333333333,0.4166666666666667,0.08333333333333333,-0.5833333333333334
0,1,0,0,1.7424123574488624,1.9130434782608696,2.062197479031195,6,5,4,3,2,1,0,6,5,4,0,0,1,1,1,1,0,0,0,1,1,1,0,0,0,0,0,1,1,0,0,0,0,0,0,0,1,0,0,0,2.3152718276715136,2.8801061968261625,-0.1324662091287799,0.9136572062217161,0.5170977312913958,-0.10914975874366888,0.675683763241367,0.43629181878029816,4.512059369202227,2.54828287663037,0.9565217391304348,0.5833333333333334,0.5833333333333334,0.5,0.75,1.0833333333333333,-0.08333333333333333,0.3333333333333333,0.4166666666666667,0.08333333333333333
1,1,0,0,-0.07741507270862244,0.6086956521739131,0.06694617720973778,0,6,5,4,3,2,1,0,6,5,1,0,0,1,1,1,1,0,0,0,0,1,1,0,0,0,0,0,1,1,0,0,0,0,0,0,0,1,0,0,1.7424123574488624,2.3152718276715136,2.8607306620313486,-0.1324662091287799,0.9136572062217161,0.517397428597117,-0.10329762403495119,0.675683763241367,0.43641151475252865,4.510709584779227,1.9130434782608696,0.9166666666666666,0.5833333333333334,0.5833333333333334,0.5,0.75,1.0833333333333333,-0.08333333333333333,0.3333333333333333,0.4166666666666667
2,1,0,0,-0.005852893260121878,0.8695652173913043,0.08249604826579876,1,0,6,5,4,3,2,1,0,6,1,1,0,0,1,1,1,1,0,0,0,0,1,1,0,0,0,0,0,1,0,0,0,0,0,0,0,0,1,0,-0.07741507270862244,1.7424123574488624,2.2996373662600775,2.8607306620313486,-0.1324662091287799,0.9139569035274372,0.5222933748279371,-0.10329762403495119,0.6758034592135975,0.4362809620677277,0.6086956521739131,1.8333333333333333,0.9166666666666666,0.5833333333333334,0.5833333333333334,0.5,0.75,1.0833333333333333,-0.08333333333333333,0.3333333333333333
3,1,0,0,1.8471610450733118,1.9130434782608696,2.2826331633664867,2,1,0,6,5,4,3,2,1,0,1,1,1,0,0,1,1,1,1,0,0,0,0,1,1,0,0,0,0,0,0,0,0,0,0,0,0,0,0,1,-0.005852893260121878,-0.07741507270862244,1.7305721221566222,2.2996373662600775,2.8607306620313486,-0.13216651182305872,0.918247650966545,0.5222933748279371,-0.10317792806272068,0.6756012923297835,0.8695652173913043,0.5833333333333334,1.8333333333333333,0.9166666666666666,0.5833333333333334,0.5833333333333334,0.5,0.75,1.0833333333333333,-0.08333333333333333
4,1,0,0,0.20810957581608636,-0.43478260869565216,0.24886350670967672,3,2,1,0,6,5,4,3,2,1,1,1,1,1,0,0,1,1,1,1,0,0,0,0,1,1,0,0,0,0,0,0,0,0,0,0,0,0,0,0,1.8471610450733118,-0.005852893260121878,-0.07720202595378665,1.7305721221566222,2.2996373662600775,2.86103035933707,-0.12627925070321383,0.918247650966545,0.5224130708001677,-0.10314706234294602,1.9130434782608696,0.8333333333333334,0.5833333333333334,1.8333333333333333,0.9166666666666666,0.5833333333333334,0.5833333333333334,0.5,0.75,1.0833333333333333
5,0,1,0,3.05448621251433,1.9130434782608696,4.388704266308887,4,3,2,1,0,6,5,4,3,2,1,1,1,1,1,0,0,1,1,1,0,0,0,0,0,1,1,0,0,0,0,0,0,0,0,0,0,0,0,0,0.20810957581608636,1.8471610450733118,-0.006113825036712896,-0.07720202595378665,1.7305721221566222,2.2999370635657987,2.862349631934886,-0.12627925070321383,0.9183673469387755,0.5222567907143713,-0.43478260869565216,1.8333333333333333,0.8333333333333334,0.5833333333333334,1.8333333333333333,0.9166666666666666,0.5833333333333334,0.5833333333333334,0.5,0.75
6,0,1,0,2.8693658359983103,0.43478260869565216,3.873311301608907,5,4,3,2,1,0,6,5,4,3,0,1,1,1,1,1,0,0,1,1,1,0,0,0,0,0,1,1,0,0,0,0,0,0,0,0,0,0,0,0,3.05448621251433,0.20810957581608636,1.8346270267030305,-0.006113825036712896,-0.07720202595378665,1.7308718194623431,2.302112633909869,2.862349631934886,-0.1261595547309833,0.9180926169678114,1.9130434782608696,-0.4166666666666667,1.8333333333333333,0.8333333333333334,0.5833333333333334,1.8333333333333333,0.9166666666666666,0.5833333333333334,0.5833333333333334,0.5
0,1,0,0,0.026549206540759013,0.5217391304347826,0.1904237594522294,6,5,4,3,2,1,0,6,5,4,0,0,1,1,1,1,1,0,0,1,1,1,0,0,0,0,0,1,1,0,0,0,0,0,0,0,0,0,0,0,2.8693658359983103,3.05448621251433,0.20643150418077744,1.8346270267030305,-0.006113825036712896,-0.07690232864806545,1.7339158537315225,2.302112633909869,2.8624693279071165,-0.12612181404810338,0.43478260869565216,1.8333333333333333,-0.4166666666666667,1.8333333333333333,0.8333333333333334,0.5833333333333334,1.8333333333333333,0.9166666666666666,0.5833333333333334,0.5833333333333334
1,1,0,0,0.6814698606166657,0.34782608695652173,1.084618545108121,0,6,5,4,3,2,1,0,6,5,1,0,0,1,1,1,1,1,0,0,0,1,1,0,0,0,0,0,1,1,0,0,0,0,0,0,0,0,0,0,0.026549206540759013,2.8693658359983103,3.0339557047382146,0.20643150418077744,1.8346270267030305,-0.005814127730991692,-0.07109940750493744,1.7339158537315225,2.3022323298821,2.8616130190259668,0.5217391304347826,0.4166666666666667,1.8333333333333333,-0.4166666666666667,1.8333333333333333,0.8333333333333334,0.5833333333333334,1.8333333333333333,0.9166666666666666,0.5833333333333334
2,1,0,0,2.6579376093646285,1.3043478260869565,3.7700460652999137,1,0,6,5,4,3,2,1,0,6,1,1,0,0,1,1,1,1,1,0,0,0,1,1,0,0,0,0,0,1,0,0,0,0,0,0,0,0,0,0,0.6814698606166657,0.026549206540759013,2.8500614379476734,3.0339557047382146,0.20643150418077744,1.8349267240087515,-0.00011969597223051064,-0.07109940750493744,1.7340355497037527,2.3015436161301905,0.34782608695652173,0.5,0.4166666666666667,1.8333333333333333,-0.4166666666666667,1.8333333333333333,0.8333333333333334,0.5833333333333334,1.8333333333333333,0.9166666666666666
3,1,0,0,1.6103300549085862,1.1304347826086956,2.144572012598227,2,1,0,6,5,4,3,2,1,0,1,1,1,0,0,1,1,1,1,1,0,0,0,1,1,0,0,0,0,0,0,0,0,0,0,0,0,0,0,0,2.6579376093646285,0.6814698606166657,0.026073665597746244,2.8500614379476734,3.0339557047382146,0.20673120148649862,1.8378119576276264,-0.00011969597223051064,-0.07097971153270694,1.7335168122532012,1.3043478260869565,0.3333333333333333,0.5,0.4166666666666667,1.8333333333333333,-0.4166666666666667,1.8333333333333333,0.8333333333333334,0.5833333333333334,1.8333333333333333
4,1,0,0,0.7777710734326915,2.1739130434782608,1.0111045585858256,3,2,1,0,6,5,4,3,2,1,1,1,1,1,0,0,1,1,1,1,0,0,0,0,1,1,0,0,0,0,0,0,0,0,0,0,0,0,0,0,1.6103300549085862,2.6579376093646285,0.6766565768573742,0.026073665597746244,2.8500614379476734,3.034255402043936,0.21210126279250704,1.8378119576276264,0.0,-0.07095847792269953,1.1304347826086956,1.25,0.3333333333333333,0.5,0.4166666666666667,1.8333333333333333,-0.4166666666666667,1.8333333333333333,0.8333333333333334,0.5833333333333334
5,0,1,0,0.6012188499366439,1.6521739130434783,1.0046939564083062,4,3,2,1,0,6,5,4,3,2,1,1,1,1,1,0,0,1,1,1,0,0,0,0,0,1,1,0,0,0,0,0,0,0,0,0,0,0,0,0,0.7777710734326915,1.6103300549085862,2.6400335660982406,0.6766565768573742,0.026073665597746244,2.8503611352533946,3.035310311808008,0.21210126279250704,1.8379316535998569,0.0,2.1739130434782608,1.0833333333333333,1.25,0.3333333333333333,0.5,0.4166666666666667,1.8333333333333333,-0.4166666666666667,1.8333333333333333,0.8333333333333334
6,0,0,1,0.7816327762022567,0.9565217391304348,1.4010678856101533,5,4,3,2,1,0,6,5,4,3,0,1,1,1,1,1,0,0,1,1,1,0,0,0,0,0,1,1,0,0,0,0,0,0,0,0,0,0,0,0,0.6012188499366439,0.7777710734326915,1.5993646417118714,2.6400335660982406,0.6766565768573742,0.02637336290346745,2.8516966904063685,3.035310311808008,0.21222095876473757,1.8373818355869334,1.6521739130434783,2.0833333333333335,1.0833333333333333,1.25,0.3333333333333333,0.5,0.4166666666666667,1.8333333333333333,-0.4166666666666667,1.8333333333333333
0,1,0,0,-0.315814879623484,0.9565217391304348,-0.2905719231666169,6,5,4,3,2,1,0,6,5,4,0,0,1,1,1,1,1,0,0,1,0,1,0,0,0,0,0,1,1,0,1,0,0,0,0,0,0,0,0,0,0.7816327762022567,0.6012188499366439,0.772319956843588,1.5993646417118714,2.6400335660982406,0.6769562741630955,0.03201867257166793,2.8516966904063685,3.0354300077802385,0.21215747277731242,0.9565217391304348,1.5833333333333333,2.0833333333333335,1.0833333333333333,1.25,0.3333333333333333,0.5,0.4166666666666667,1.8333333333333333,-0.4166666666666667
1,1,0,0,3.5689374283473114,0.0,4.613599499985061,0,6,5,4,3,2,1,0,6,5,1,0,0,1,1,1,1,1,0,0,0,0,1,0,0,0,0,0,1,1,0,1,0,0,0,0,0,0,0,0,-0.315814879623484,0.7816327762022567,0.5969370935355293,0.772319956843588,1.5993646417118714,2.640333263403962,0.6816087138667786,0.03201867257166793,2.8518163863785992,3.034521957640302,0.9565217391304348,0.9166666666666666,1.5833333333333333,2.0833333333333335,1.0833333333333333,1.25,0.3333333333333333,0.5,0.4166666666666667,1.8333333333333333
2,1,0,0,1.0754238822180653,0.34782608695652173,1.4102560811990894,1,0,6,5,4,3,2,1,0,6,1,1,0,0,1,1,1,1,1,0,0,0,0,1,0,0,0,0,0,1,0,0,1,0,0,0,0,0,0,0,3.5689374283473114,-0.315814879623484,0.7761560823568198,0.5969370935355293,0.772319956843588,1.5996643390175924,2.6419893470584714,0.6816087138667786,0.03213836854389845,2.8509632643293052,0.0,0.9166666666666666,0.9166666666666666,1.5833333333333333,2.0833333333333335,1.0833333333333333,1.25,0.3333333333333333,0.5,0.4166666666666667
3,1,0,0,2.8693658359983103,0.43478260869565216,3.873311301608907,2,1,0,6,5,4,3,2,1,0,1,1,1,0,0,1,1,1,1,1,0,0,0,0,1,0,0,0,0,0,0,0,0,1,0,0,0,0,0,0,1.0754238822180653,3.5689374283473114,-0.314022836934696,0.7761560823568198,0.5969370935355293,0.7726196541493091,1.6029086121252025,2.6419893470584714,0.6817284098390091,0.032128754337680934,0.34782608695652173,0.0,0.9166666666666666,0.9166666666666666,1.5833333333333333,2.0833333333333335,1.0833333333333333,1.25,0.3333333333333333,0.5
4,1,0,0,0.6613769383937729,-0.08695652173913043,0.7024271458222504,3,2,1,0,6,5,4,3,2,1,1,1,1,1,0,0,1,1,1,1,0,0,0,0,0,1,0,0,0,0,0,0,0,0,1,0,0,0,0,0,2.8693658359983103,1.0754238822180653,3.5449995504540417,-0.314022836934696,0.7761560823568198,0.5972367908412504,0.777126099706745,1.6029086121252025,2.642109043030702,0.6815244705037694,0.43478260869565216,0.3333333333333333,0.0,0.9166666666666666,0.9166666666666666,1.5833333333333333,2.0833333333333335,1.0833333333333333,1.25,0.3333333333333333
5,0,1,0,-0.23302962650093517,1.565217391304348,-0.08781121348067225,4,3,2,1,0,6,5,4,3,2,1,1,1,1,1,0,0,1,1,1,0,0,0,0,0,0,1,0,0,0,0,0,0,0,0,1,0,0,0,0,0.6613769383937729,2.8693658359983103,1.0680013186681452,3.5449995504540417,-0.314022836934696,0.7764557796625411,0.602010892333473,0.777126099706745,1.6030283080974328,2.641318655019744,-0.08695652173913043,0.4166666666666667,0.3333333333333333,0.0,0.9166666666666666,0.9166666666666666,1.5833333333333333,2.0833333333333335,1.0833333333333333,1.25
6,0,1,0,-0.5978398600132745,-0.5217391304347826,-0.5791432652282882,5,4,3,2,1,0,6,5,4,3,0,1,1,1,1,1,0,0,1,1,1,0,0,0,0,0,0,1,0,0,0,0,0,0,0,0,1,0,0,0,-0.23302962650093517,0.6613769383937729,2.8500614379476734,1.0680013186681452,3.5449995504540417,-0.3137231396289748,0.7809563708181222,0.602010892333473,0.7772457956789756,1.602548761517291,1.565217391304348,-0.08333333333333333,0.4166666666666667,0.3333333333333333,0.0,0.9166666666666666,0.9166666666666666,1.5833333333333333,2.0833333333333335,1.0833333333333333
0,1,0,0,-0.10782598201894641,0.5217391304347826,-0.04476433066355247,6,5,4,3,2,1,0,6,5,4,0,0,1,1,1,1,1,0,0,1,1,1,0,0,0,0,0,0,1,0,0,0,0,0,0,0,0,1,0,0,-0.5978398600132745,-0.23302962650093517,0.6566967362963408,2.8500614379476734,1.0680013186681452,3.5452992477597634,-0.3075588006463583,0.7809563708181222,0.6021305883057037,0.7770132822783297,-0.5217391304347826,1.5,-0.08333333333333333,0.4166666666666667,0.3333333333333333,0.0,0.9166666666666666,0.9166666666666666,1.5833333333333333,2.0833333333333335
1,1,0,0,-0.4839799674168828,0.5217391304347826,-0.3981798060617387,0,6,5,4,3,2,1,0,6,5,1,0,0,1,1,1,1,1,0,0,0,1,1,0,0,0,0,0,0,1,0,0,0,0,0,0,0,0,1,0,-0.10782598201894641,-0.5978398600132745,-0.2317858962447927,0.6566967362963408,2.8500614379476734,1.0683010159738664,3.545574241426776,-0.3075588006463583,0.7810760667903526,0.6019504606916358,0.5217391304347826,-0.5,1.5,-0.08333333333333333,0.4166666666666667,0.3333333333333333,0.0,0.9166666666666666,0.9166666666666666,1.5833333333333333
2,1,0,0,-0.45616363965486023,0.2608695652173913,-0.4210384052619474,1,0,6,5,4,3,2,1,0,6,1,1,0,0,1,1,1,1,1,0,0,0,1,1,0,0,0,0,0,0,0,0,0,0,0,0,0,0,0,1,-0.4839799674168828,-0.10782598201894641,-0.5941798783228939,-0.2317858962447927,0.6566967362963408,2.8503611352533946,1.072356215213358,3.545574241426776,-0.30743910467412777,0.7808424075625224,0.5217391304347826,0.5,-0.5,1.5,-0.08333333333333333,0.4166666666666667,0.3333333333333333,0.0,0.9166666666666666,0.9166666666666666
3,1,0,0,-0.005732215048572997,0.6086956521739131,0.12877931266393705,2,1,0,6,5,4,3,2,1,0,1,1,1,0,0,1,1,1,1,1,0,0,0,1,1,0,0,0,0,0,0,0,0,0,0,0,0,0,0,0,-0.45616363965486023,-0.4839799674168828,-0.10741151437048575,-0.5941798783228939,-0.2317858962447927,0.656996433602062,2.8516966904063685,1.072356215213358,3.545693937399007,-0.3073471341390452,0.2608695652173913,0.5,0.5,-0.5,1.5,-0.08333333333333333,0.4166666666666667,0.3333333333333333,0.0,0.9166666666666666
4,1,0,0,-0.1567006576962529,1.1304347826086956,-0.07808983706001804,3,2,1,0,6,5,4,3,2,1,1,1,1,1,0,0,1,1,1,1,0,0,0,0,1,1,0,0,0,0,0,0,0,0,0,0,0,0,0,0,-0.005732215048572997,-0.45616363965486023,-0.48107411514370485,-0.10741151437048575,-0.5941798783228939,-0.23148619893907152,0.6616793344903945,2.8516966904063685,1.0724759111855886,3.5446332415938735,0.6086956521739131,0.25,0.5,0.5,-0.5,1.5,-0.08333333333333333,0.4166666666666667,0.3333333333333333,0.0
5,0,1,0,-0.14324503710855,1.0434782608695652,-0.05209090502583591,4,3,2,1,0,6,5,4,3,2,1,1,1,1,1,0,0,1,1,1,0,0,0,0,0,1,1,0,0,0,0,0,0,0,0,0,0,0,0,0,-0.1567006576962529,-0.005732215048572997,-0.4534420235562082,-0.48107411514370485,-0.10741151437048575,-0.5938801810171728,-0.22544736369621157,0.6616793344903945,2.8518163863785992,1.0721550795740098,1.1304347826086956,0.5833333333333334,0.25,0.5,0.5,-0.5,1.5,-0.08333333333333333,0.4166666666666667,0.3333333333333333
6,0,1,0,-0.20563567247933381,0.2608695652173913,-0.10088828046875799,5,4,3,2,1,0,6,5,4,3,0,1,1,1,1,1,0,0,1,1,1,0,0,0,0,0,1,1,0,0,0,0,0,0,0,0,0,0,0,0,-0.14324503710855,-0.1567006576962529,-0.005993946114424432,-0.4534420235562082,-0.48107411514370485,-0.10711181706476454,-0.5872882877491173,-0.22544736369621157,0.661799030462625,2.8509632643293052,1.0434782608695652,1.0833333333333333,0.5833333333333334,0.25,0.5,0.5,-0.5,1.5,-0.08333333333333333,0.4166666666666667
0,1,0,0,0.33820068786580576,0.34782608695652173,0.3203213682795704,6,5,4,3,2,1,0,6,5,4,0,0,1,1,1,1,1,0,0,1,1,1,0,0,0,0,0,1,1,0,0,0,0,0,0,0,0,0,0,0,-0.20563567247933381,-0.14324503710855,-0.1559624778973237,-0.005993946114424432,-0.4534420235562082,-0.48077441783798364,-0.10126279250703207,-0.5872882877491173,-0.22532766772398108,0.6616010530094532,0.2608695652173913,1.0,1.0833333333333333,0.5833333333333334,0.25,0.5,0.5,-0.5,1.5,-0.08333333333333333
1,1,0,0,0.355035298376878,2.0,0.45241205674455703,0,6,5,4,3,2,1,0,6,5,1,0,0,1,1,1,1,1,0,0,0,1,1,0,0,0,0,0,1,1,0,0,0,0,0,0,0,0,0,0,0.33820068786580576,-0.20563567247933381,-0.14259597806215718,-0.1559624778973237,-0.005993946114424432,-0.453142326250487,-0.474355137949608,-0.10126279250703207,-0.5871685917768867,-0.22526026085915996,0.34782608695652173,0.25,1.0,1.0833333333333333,0.5833333333333334,0.25,0.5,0.5,-0.5,1.5
2,1,0,0,0.028721414348639382,1.7391304347826086,0.08127729193064198,1,0,6,5,4,3,2,1,0,6,1,1,0,0,1,1,1,1,1,0,0,0,1,1,0,0,0,0,0,1,0,0,0,0,0,0,0,0,0,0,0.355035298376878,0.33820068786580576,-0.20457338088530583,-0.14259597806215718,-0.1559624778973237,-0.0056942488087032275,-0.44676521635046984,-0.474355137949608,-0.10114309653480157,-0.5869929400502573,2.0,0.3333333333333333,0.25,1.0,1.0833333333333333,0.5833333333333334,0.25,0.5,0.5,-0.5
3,0,0,1,-0.39443673444759547,-0.43478260869565216,-0.41638274804087627,2,1,0,6,5,4,3,2,1,0,1,1,1,0,0,1,1,1,1,1,0,0,0,1,1,0,0,0,0,0,0,0,0,0,0,0,0,0,0,0,0.028721414348639382,0.355035298376878,0.3356609824077682,-0.20457338088530583,-0.14259597806215718,-0.1556627805916025,0.0,-0.44676521635046984,-0.4742354419773775,-0.10111283953571852,1.7391304347826086,1.9166666666666667,0.3333333333333333,0.25,1.0,1.0833333333333333,0.5833333333333334,0.25,0.5,0.5
4,1,0,0,-0.11609243951004641,1.4782608695652173,0.055443988842303796,3,2,1,0,6,5,4,3,2,1,0,1,1,1,0,0,1,1,1,1,0,0,0,0,1,1,0,0,0,0,1,0,0,0,0,0,0,0,0,0,-0.39443673444759547,0.028721414348639382,0.3523840920670123,0.3356609824077682,-0.20457338088530583,-0.142296280756436,-0.1497396612603986,0.0,-0.4466455203782393,-0.47409357424913245,-0.43478260869565216,1.6666666666666667,1.9166666666666667,0.3333333333333333,0.25,1.0,1.0833333333333333,0.5833333333333334,0.25,0.5
5,0,1,0,2.3864116333795926,0.08695652173913043,3.105377105628156,4,3,2,1,0,6,5,4,3,2,1,0,1,1,1,0,0,1,1,1,0,0,0,0,0,1,1,0,0,0,0,1,0,0,0,0,0,0,0,0,-0.11609243951004641,-0.39443673444759547,0.028231486198939122,0.3523840920670123,0.3356609824077682,-0.20427368357958464,-0.13639356035669398,-0.1497396612603986,0.00011969597223051064,-0.44651190618643055,1.4782608695652173,-0.4166666666666667,1.6666666666666667,1.9166666666666667,0.3333333333333333,0.25,1.0,1.0833333333333333,0.5833333333333334,0.25
6,0,1,0,0.3129789416520846,1.2173913043478262,0.7061187062253825,5,4,3,2,1,0,6,5,4,3,0,1,0,1,1,1,0,0,1,1,1,0,0,0,0,0,1,1,0,0,0,0,1,0,0,0,0,0,0,0,2.3864116333795926,-0.11609243951004641,-0.39212395480564627,0.028231486198939122,0.3523840920670123,0.3359606797134894,-0.1982763779998803,-0.13639356035669398,-0.14961996528816807,0.00011966016513100409,0.08695652173913043,1.4166666666666667,-0.4166666666666667,1.6666666666666667,1.9166666666666667,0.3333333333333333,0.25,1.0,1.0833333333333333,0.5833333333333334
0,1,0,0,-0.3161165751523562,0.9565217391304348,-0.20813903848186033,6,5,4,3,2,1,0,6,5,4,0,0,1,0,1,1,1,0,0,1,1,1,0,0,0,0,0,1,1,0,0,0,0,1,0,0,0,0,0,0,0.3129789416520846,2.3864116333795926,-0.11562322054724725,-0.39212395480564627,0.028231486198939122,0.35268378937273354,0.3411335208570232,-0.1982763779998803,-0.13627386438446346,-0.14957520641378486,1.2173913043478262,0.08333333333333333,1.4166666666666667,-0.4166666666666667,1.6666666666666667,1.9166666666666667,0.3333333333333333,0.25,1.0,1.0833333333333333
1,1,0,0,-0.18524105472756894,1.391304347826087,0.0072724341499615704,0,6,5,4,3,2,1,0,6,5,1,0,0,1,0,1,1,1,0,0,0,1,1,0,0,0,0,0,1,1,0,0,0,0,1,0,0,0,0,0,-0.3161165751523562,0.3129789416520846,2.370305990949141,-0.11562322054724725,-0.39212395480564627,0.028531183504660326,0.3578311089831827,0.3411335208570232,-0.1981566820276498,-0.13623309800167524,0.9565217391304348,1.1666666666666667,0.08333333333333333,1.4166666666666667,-0.4166666666666667,1.6666666666666667,1.9166666666666667,0.3333333333333333,0.25,1.0
2,1,0,0,-0.18421528992940323,0.2608695652173913,-0.1421687887290505,1,0,6,5,4,3,2,1,0,6,1,1,0,0,1,0,1,1,1,0,0,0,1,1,0,0,0,0,0,1,0,0,0,0,0,1,0,0,0,0,-0.18524105472756894,-0.3161165751523562,0.310606287649474,2.370305990949141,-0.11562322054724725,-0.39182425749992517,0.034173200071817636,0.3578311089831827,0.34125321682925375,-0.19809740337441667,1.391304347826087,0.9166666666666666,1.1666666666666667,0.08333333333333333,1.4166666666666667,-0.4166666666666667,1.6666666666666667,1.9166666666666667,0.3333333333333333,0.25
3,1,0,0,-0.3109877511615277,0.08695652173913043,-0.21200725639260556,2,1,0,6,5,4,3,2,1,0,1,1,1,0,0,1,0,1,1,1,0,0,0,1,1,0,0,0,0,0,0,0,0,0,0,0,1,0,0,0,-0.18421528992940323,-0.18524105472756894,-0.31432253424041723,0.310606287649474,2.370305990949141,-0.11532352324152605,-0.3855407265545514,0.034173200071817636,0.35795080495541326,0.3411511307885605,0.2608695652173913,1.3333333333333333,0.9166666666666666,1.1666666666666667,0.08333333333333333,1.4166666666666667,-0.4166666666666667,1.6666666666666667,1.9166666666666667,0.3333333333333333
4,1,0,0,-0.38846316297592465,-0.43478260869565216,-0.3622866499660822,3,2,1,0,6,5,4,3,2,1,1,1,1,1,0,0,1,0,1,1,0,0,0,0,1,1,0,0,0,0,0,0,0,0,0,0,0,1,0,0,-0.3109877511615277,-0.18421528992940323,-0.18431384301855128,-0.31432253424041723,0.310606287649474,2.3706056882548627,-0.10946196660482371,-0.3855407265545514,0.03429289604404814,0.3578437238243388,0.08695652173913043,0.25,1.3333333333333333,0.9166666666666666,1.1666666666666667,0.08333333333333333,1.4166666666666667,-0.4166666666666667,1.6666666666666667,1.9166666666666667
5,0,1,0,-0.21166958305677908,0.08695652173913043,-0.0873582403709126,4,3,2,1,0,6,5,4,3,2,1,1,1,1,1,0,0,1,0,1,0,0,0,0,0,1,1,0,0,0,0,0,0,0,0,0,0,0,1,0,-0.38846316297592465,-0.3109877511615277,-0.18329487217909912,-0.18431384301855128,-0.31432253424041723,0.3109059849551952,2.372673409539769,-0.10946196660482371,-0.385421030582321,0.03428263731003951,-0.43478260869565216,0.08333333333333333,0.25,1.3333333333333333,0.9166666666666666,1.1666666666666667,0.08333333333333333,1.4166666666666667,-0.4166666666666667,1.6666666666666667
6,0,1,0,-0.10794666023049537,0.5217391304347826,0.06075494315177447,5,4,3,2,1,0,6,5,4,3,0,1,1,1,1,1,0,0,1,0,1,0,0,0,0,0,1,1,0,0,0,0,0,0,0,0,0,0,0,1,-0.21166958305677908,-0.38846316297592465,-0.30922768004315637,-0.18329487217909912,-0.18431384301855128,-0.314022836934696,0.3161170626608415,2.372673409539769,-0.1093422706325932,-0.38530573172190985,0.08695652173913043,-0.4166666666666667,0.08333333333333333,0.25,1.3333333333333333,0.9166666666666666,1.1666666666666667,0.08333333333333333,1.4166666666666667,-0.4166666666666667
0,0,0,1,0.1312375550594341,0.782608695652174,0.36839607214764797,6,5,4,3,2,1,0,6,5,4,0,0,1,1,1,1,1,0,0,1,1,1,0,0,0,0,0,1,1,0,0,0,0,0,0,0,0,0,0,0,-0.10794666023049537,-0.21166958305677908,-0.3861899481523661,-0.30922768004315637,-0.18329487217909912,-0.1840141457128301,-0.3078580405769346,0.3161170626608415,2.3727931055119997,-0.10930956084719395,0.5217391304347826,0.08333333333333333,-0.4166666666666667,0.08333333333333333,0.25,1.3333333333333333,0.9166666666666666,1.1666666666666667,0.08333333333333333,1.4166666666666667
1,1,0,0,-0.2183672237977433,0.08695652173913043,-0.10795337765745729,0,6,5,4,3,2,1,0,6,5,0,0,0,1,1,1,1,1,0,0,0,1,1,0,0,0,0,0,1,1,1,0,0,0,0,0,0,0,0,0,0.1312375550594341,-0.10794666023049537,-0.21056732699973027,-0.3861899481523661,-0.30922768004315637,-0.1829951748733779,-0.17804775869292,-0.3078580405769346,0.316236758633072,2.372083283474931,0.782608695652174,0.5,0.08333333333333333,-0.4166666666666667,0.08333333333333333,0.25,1.3333333333333333,0.9166666666666666,1.1666666666666667,0.08333333333333333
2,1,0,0,-0.24177879683823078,0.0,-0.10127829051678036,1,0,6,5,4,3,2,1,0,6,1,0,0,0,1,1,1,1,1,0,0,0,1,1,0,0,0,0,0,1,0,1,0,0,0,0,0,0,0,0,-0.2183672237977433,0.1312375550594341,-0.1075313932927743,-0.21056732699973027,-0.3861899481523661,-0.30892798273743516,-0.17703034292896044,-0.17804775869292,-0.3077383446047041,0.31614215627617565,0.08695652173913043,0.75,0.5,0.08333333333333333,-0.4166666666666667,0.08333333333333333,0.25,1.3333333333333333,0.9166666666666666,1.1666666666666667
3,1,0,0,-0.21951366680745787,0.5217391304347826,-0.04437071126804198,2,1,0,6,5,4,3,2,1,0,1,1,0,0,0,1,1,1,1,1,0,0,0,1,1,0,0,0,0,0,0,0,1,0,0,0,0,0,0,0,-0.24177879683823078,-0.2183672237977433,0.13006863068301028,-0.1075313932927743,-0.21056732699973027,-0.3858902508466449,-0.30277096175713686,-0.17703034292896044,-0.1779280627206895,-0.3076462845518727,0.0,0.08333333333333333,0.75,0.5,0.08333333333333333,-0.4166666666666667,0.08333333333333333,0.25,1.3333333333333333,0.9166666666666666
4,1,0,0,-0.289144994871176,0.43478260869565216,-0.2132003462567357,3,2,1,0,6,5,4,3,2,1,1,1,1,0,0,0,1,1,1,1,0,0,0,0,1,1,0,0,0,0,0,0,0,1,0,0,0,0,0,0,-0.21951366680745787,-0.24177879683823078,-0.21722060718674138,0.13006863068301028,-0.1075313932927743,-0.21026762969400906,-0.37961577592914,-0.30277096175713686,-0.17691064695672995,-0.17787483546727298,0.5217391304347826,0.0,0.08333333333333333,0.75,0.5,0.08333333333333333,-0.4166666666666667,0.08333333333333333,0.25,1.3333333333333333
5,0,1,0,-0.1936281904302178,0.43478260869565216,-0.0627292562277787,4,3,2,1,0,6,5,4,3,2,1,1,1,1,0,0,0,1,1,1,0,0,0,0,0,1,1,0,0,0,0,0,0,0,1,0,0,0,0,0,-0.289144994871176,-0.21951366680745787,-0.24047711811070815,-0.21722060718674138,0.13006863068301028,-0.1072316959870531,-0.20426117661140702,-0.37961577592914,-0.30265126578490636,-0.17685772406365924,0.43478260869565216,0.5,0.0,0.08333333333333333,0.75,0.5,0.08333333333333333,-0.4166666666666667,0.08333333333333333,0.25
6,0,1,0,-0.23568454715501114,0.782608695652174,-0.0445371422911055,5,4,3,2,1,0,6,5,4,3,0,1,1,1,1,0,0,0,1,1,1,0,0,0,0,0,1,1,0,0,0,0,0,0,0,1,0,0,0,0,-0.1936281904302178,-0.289144994871176,-0.21835945694848202,-0.24047711811070815,-0.21722060718674138,0.1303683279887315,-0.10138248847926268,-0.20426117661140702,-0.3794960799569095,-0.302560727533804,0.43478260869565216,0.4166666666666667,0.5,0.0,0.08333333333333333,0.75,0.5,0.08333333333333333,-0.4166666666666667,0.08333333333333333
0,1,0,0,-0.22192723103843598,0.6086956521739131,-0.08146417592280487,6,5,4,3,2,1,0,6,5,4,0,0,1,1,1,1,0,0,0,1,1,1,0,0,0,0,0,1,1,0,0,0,0,0,0,0,1,0,0,0,-0.23568454715501114,-0.1936281904302178,-0.28752959510894,-0.21835945694848202,-0.24047711811070815,-0.2169209098810202,0.13585492848165673,-0.10138248847926268,-0.20414148063917653,-0.3793825535479239,0.782608695652174,0.4166666666666667,0.4166666666666667,0.5,0.0,0.08333333333333333,0.75,0.5,0.08333333333333333,-0.4166666666666667
1,1,0,0,-0.30640197912266937,-0.08695652173913043,-0.15141794218667506,0,6,5,4,3,2,1,0,6,5,1,0,0,1,1,1,1,0,0,0,0,1,1,0,0,0,0,0,1,1,0,0,0,0,0,0,0,1,0,0,-0.22192723103843598,-0.23568454715501114,-0.19264542811760124,-0.28752959510894,-0.21835945694848202,-0.24017742080498694,-0.2109043030702017,0.13585492848165673,-0.10126279250703217,-0.20408041163096807,0.6086956521739131,0.75,0.4166666666666667,0.4166666666666667,0.5,0.0,0.08333333333333333,0.75,0.5,0.08333333333333333
2,1,0,0,-0.2948168708139745,0.8695652173913043,-0.23275077796477317,1,0,6,5,4,3,2,1,0,6,1,1,0,0,1,1,1,1,0,0,0,0,1,1,0,0,0,0,0,1,0,0,0,0,0,0,0,0,1,0,-0.30640197912266937,-0.22192723103843598,-0.23442323253513953,-0.19264542811760124,-0.28752959510894,-0.2180597596427608,-0.23412532168292535,-0.2109043030702017,0.13597462445388722,-0.1012324997008496,-0.08695652173913043,0.5833333333333334,0.75,0.4166666666666667,0.4166666666666667,0.5,0.0,0.08333333333333333,0.75,0.5
3,1,0,0,-0.3751885597055451,-0.2608695652173913,-0.20807146347611044,2,1,0,6,5,4,3,2,1,0,1,1,1,0,0,1,1,1,1,0,0,0,0,1,1,0,0,0,0,0,0,0,0,0,0,0,0,0,0,1,-0.2948168708139745,-0.30640197912266937,-0.22075703539425182,-0.23442323253513953,-0.19264542811760124,-0.2872298978032188,-0.21204141480639174,-0.23412532168292535,-0.21078460709797117,0.13593394758884778,0.8695652173913043,-0.08333333333333333,0.5833333333333334,0.75,0.4166666666666667,0.4166666666666667,0.5,0.0,0.08333333333333333,0.75
4,1,0,0,-0.19350751221866885,-0.08695652173913043,-0.07097661523814375,3,2,1,0,6,5,4,3,2,1,1,1,1,1,0,0,1,1,1,1,0,0,0,0,1,1,0,0,0,0,0,0,0,0,0,0,0,0,0,0,-0.3751885597055451,-0.2948168708139745,-0.30467228099619387,-0.22075703539425182,-0.23442323253513953,-0.19234573081188006,-0.2811059907834102,-0.21204141480639174,-0.23400562571069483,-0.21072155079574012,-0.2608695652173913,0.8333333333333334,-0.08333333333333333,0.5833333333333334,0.75,0.4166666666666667,0.4166666666666667,0.5,0.0,0.08333333333333333
5,0,1,0,0.0003016955288722449,0.43478260869565216,0.2847253817937695,4,3,2,1,0,6,5,4,3,2,1,1,1,1,1,0,0,1,1,1,0,0,0,0,0,1,1,0,0,0,0,0,0,0,0,0,0,0,0,0,-0.19350751221866885,-0.3751885597055451,-0.2931639044564989,-0.30467228099619387,-0.22075703539425182,-0.23412353522941834,-0.18636662876294216,-0.2811059907834102,-0.21192171883416125,-0.23393562283115948,-0.08695652173913043,-0.25,0.8333333333333334,-0.08333333333333333,0.5833333333333334,0.75,0.4166666666666667,0.4166666666666667,0.5,0.0
6,0,1,0,-0.4500090508658661,0.6086956521739131,-0.36730103622361193,5,4,3,2,1,0,6,5,4,3,0,1,1,1,1,1,0,0,1,1,1,0,0,0,0,0,1,1,0,0,0,0,0,0,0,0,0,0,0,0,0.0003016955288722449,-0.19350751221866885,-0.3730032667006324,-0.2931639044564989,-0.30467228099619387,-0.22045733808853063,-0.2280806750852834,-0.18636662876294216,-0.28098629481117965,-0.21185832236448485,0.43478260869565216,-0.08333333333333333,-0.25,0.8333333333333334,-0.08333333333333333,0.5833333333333334,0.75,0.4166666666666667,0.4166666666666667,0.5
0,1,0,0,0.38948892777409033,0.43478260869565216,0.46625430540012525,6,5,4,3,2,1,0,6,5,4,0,0,1,1,1,1,1,0,0,1,1,1,0,0,0,0,0,1,1,0,0,0,0,0,0,0,0,0,0,0,-0.4500090508658661,0.0003016955288722449,-0.1925255491953127,-0.3730032667006324,-0.2931639044564989,-0.30437258369047265,-0.21443533425100247,-0.2280806750852834,-0.18624693279071164,-0.280902237645088,0.6086956521739131,0.4166666666666667,-0.08333333333333333,-0.25,0.8333333333333334,-0.08333333333333333,0.5833333333333334,0.75,0.4166666666666667,0.4166666666666667
1,1,0,0,-0.5365956676522053,1.0434782608695652,-0.50367140821299,0,6,5,4,3,2,1,0,6,5,1,0,0,1,1,1,1,1,0,0,0,1,1,0,0,0,0,0,1,1,0,0,0,0,0,0,0,0,0,0,0.38948892777409033,-0.4500090508658661,0.0,-0.1925255491953127,-0.3730032667006324,-0.29286420715077777,-0.2982225148123766,-0.21443533425100247,-0.2279609791130529,-0.1861912169438794,0.43478260869565216,0.5833333333333334,0.4166666666666667,-0.08333333333333333,-0.25,0.8333333333333334,-0.08333333333333333,0.5833333333333334,0.75,0.4166666666666667
2,1,0,0,0.20744584565256746,0.8695652173913043,0.45016924831929733,1,0,6,5,4,3,2,1,0,6,1,1,0,0,1,1,1,1,1,0,0,0,1,1,0,0,0,0,0,1,0,0,0,0,0,0,0,0,0,0,-0.5365956676522053,0.38948892777409033,-0.44732819851949535,0.0,-0.1925255491953127,-0.37270356939491117,-0.2867317014782453,-0.2982225148123766,-0.21431563827877195,-0.22789278449204264,1.0434782608695652,0.4166666666666667,0.5833333333333334,0.4166666666666667,-0.08333333333333333,-0.25,0.8333333333333334,-0.08333333333333333,0.5833333333333334,0.75
3,1,0,0,0.11802329089482902,1.2173913043478262,0.506958922216757,2,1,0,6,5,4,3,2,1,0,1,1,1,0,0,1,1,1,1,1,0,0,0,1,1,0,0,0,0,0,0,0,0,0,0,0,0,0,0,0,0.20744584565256746,-0.5365956676522053,0.3866095243803759,-0.44732819851949535,0.0,-0.1922258518895915,-0.36644921898378124,-0.2867317014782453,-0.2981028188401461,-0.21425152566710545,0.8695652173913043,1.0,0.4166666666666667,0.5833333333333334,0.4166666666666667,-0.08333333333333333,-0.25,0.8333333333333334,-0.08333333333333333,0.5833333333333334
4,1,0,0,-0.07620829059313337,-0.5217391304347826,0.1226382084321977,3,2,1,0,6,5,4,3,2,1,1,1,1,1,0,0,1,1,1,1,0,0,0,0,1,1,0,0,0,0,0,0,0,0,0,0,0,0,0,0,0.11802329089482902,0.20744584565256746,-0.5333413252614859,0.3866095243803759,-0.44732819851949535,0.00029969730572120456,-0.18624693279071156,-0.36644921898378124,-0.2866120055060148,-0.29801364125882496,1.2173913043478262,0.8333333333333334,1.0,0.4166666666666667,0.5833333333333334,0.4166666666666667,-0.08333333333333333,-0.25,0.8333333333333334,-0.08333333333333333
5,0,1,0,-0.06486453870753635,0.43478260869565216,0.1773240337826904,4,3,2,1,0,6,5,4,3,2,1,1,1,1,1,0,0,1,1,1,0,0,0,0,0,1,1,0,0,0,0,0,0,0,0,0,0,0,0,0,-0.07620829059313337,0.11802329089482902,0.20577217010819082,-0.5333413252614859,0.3866095243803759,-0.44702850121377413,0.005984798611526723,-0.18624693279071156,-0.3663295230115507,-0.28652626540624626,-0.5217391304347826,1.1666666666666667,0.8333333333333334,1.0,0.4166666666666667,0.5833333333333334,0.4166666666666667,-0.08333333333333333,-0.25,0.8333333333333334
6,0,1,0,-0.5770228685210884,-0.17391304347826086,-0.4923380571002783,5,4,3,2,1,0,6,5,4,3,0,1,1,1,1,1,0,0,1,1,1,0,0,0,0,0,1,1,0,0,0,0,0,0,0,0,0,0,0,0,-0.06486453870753635,-0.07620829059313337,0.11694188869242078,0.20577217010819082,-0.5333413252614859,0.3869092216860971,-0.4406607217667126,0.005984798611526723,-0.18612723681848106,-0.3662199353835109,0.43478260869565216,-0.5,1.1666666666666667,0.8333333333333334,1.0,0.4166666666666667,0.5833333333333334,0.4166666666666667,-0.08333333333333333,-0.25
0,1,0,0,0.2592771375128221,0.782608695652174,0.7361837687242421,6,5,4,3,2,1,0,6,5,4,0,0,1,1,1,1,1,0,0,1,1,1,0,0,0,0,0,1,1,0,0,0,0,0,0,0,0,0,0,0,-0.5770228685210884,-0.06486453870753635,-0.07600323673090176,0.11694188869242078,0.20577217010819082,-0.5330416279557648,0.39200430905500033,-0.4406607217667126,0.006104494583757234,-0.18607155677874834,-0.17391304347826086,0.4166666666666667,-0.5,1.1666666666666667,0.8333333333333334,1.0,0.4166666666666667,0.5833333333333334,0.4166666666666667,-0.08333333333333333
1,1,0,0,-0.1901285222952995,0.2608695652173913,0.06132983199891078,0,6,5,4,3,2,1,0,6,5,1,0,0,1,1,1,1,1,0,0,0,1,1,0,0,0,0,0,1,1,0,0,0,0,0,0,0,0,0,0,0.2592771375128221,-0.5770228685210884,-0.06473461803578386,-0.07600323673090176,0.11694188869242078,0.20607186741391204,-0.526542581842121,0.39200430905500033,-0.44054102579448207,0.0061026684216823985,0.782608695652174,-0.16666666666666666,0.4166666666666667,-0.5,1.1666666666666667,0.8333333333333334,1.0,0.4166666666666667,0.5833333333333334,0.4166666666666667
2,1,0,0,0.029566161829481633,1.7391304347826086,0.3609568059360131,1,0,6,5,4,3,2,1,0,6,1,1,0,0,1,1,1,1,1,0,0,0,1,1,0,0,0,0,0,1,0,0,0,0,0,0,0,0,0,0,-0.1901285222952995,0.2592771375128221,-0.5735007642281296,-0.06473461803578386,-0.07600323673090176,0.117241585998142,0.2114429349452392,-0.526542581842121,0.3921240050272309,-0.44040923776474816,0.2608695652173913,0.75,-0.16666666666666666,0.4166666666666667,-0.5,1.1666666666666667,0.8333333333333334,1.0,0.4166666666666667,0.5833333333333334
3,1,0,0,-0.38659265069691656,0.8695652173913043,-0.24045472965887055,2,1,0,6,5,4,3,2,1,0,1,1,1,0,0,1,1,1,1,1,0,0,0,1,1,0,0,0,0,0,0,0,0,0,0,0,0,0,0,0,0.029566161829481633,-0.1901285222952995,0.25726016723109674,-0.5735007642281296,-0.06473461803578386,-0.07570353942518054,0.1227482195224132,0.2114429349452392,-0.5264228858698906,0.39200670096924733,1.7391304347826086,0.25,0.75,-0.16666666666666666,0.4166666666666667,-0.5,1.1666666666666667,0.8333333333333334,1.0,0.4166666666666667
4,1,0,0,0.05388282145658596,-0.6086956521739131,0.4892019351717077,3,2,1,0,6,5,4,3,2,1,1,1,1,1,0,0,1,1,1,1,0,0,0,0,1,1,0,0,0,0,0,0,0,0,0,0,0,0,0,0,-0.38659265069691656,0.029566161829481633,-0.189168939371235,0.25726016723109674,-0.5735007642281296,-0.06443492073006264,-0.06990244778263208,0.1227482195224132,0.2115626309174697,-0.5262654062462607,0.8695652173913043,1.6666666666666667,0.25,0.75,-0.16666666666666666,0.4166666666666667,-0.5,1.1666666666666667,0.8333333333333334,1.0
5,0,1,0,-0.6762203584142882,-0.5217391304347826,-0.6482716940332072,4,3,2,1,0,6,5,4,3,2,1,1,1,1,1,0,0,1,1,1,0,0,0,0,0,1,1,0,0,0,0,0,0,0,0,0,0,0,0,0,0.05388282145658596,-0.38659265069691656,0.029070638654958462,-0.189168939371235,0.25726016723109674,-0.5732010669224085,-0.058651026392961866,-0.06990244778263208,0.12286791549464371,0.21149934186909186,-0.6086956521739131,0.8333333333333334,1.6666666666666667,0.25,0.75,-0.16666666666666666,0.4166666666666667,-0.5,1.1666666666666667,0.8333333333333334
6,0,1,0,0.28624871779400235,0.34782608695652173,0.959904159793032,5,4,3,2,1,0,6,5,4,3,0,1,1,1,1,1,0,0,1,1,1,0,0,0,0,0,1,1,0,0,0,0,0,0,0,0,0,0,0,0,-0.6762203584142882,0.05388282145658596,-0.3843318248568946,0.029070638654958462,-0.189168939371235,0.25755986453681795,-0.5666407325393501,-0.058651026392961866,-0.06978275181040157,0.12283115950700021,-0.5217391304347826,-0.5833333333333334,0.8333333333333334,1.6666666666666667,0.25,0.75,-0.16666666666666666,0.4166666666666667,-0.5,1.1666666666666667
0,1,0,0,0.13564230978096906,0.17391304347826086,0.6711932562951531,6,5,4,3,2,1,0,6,5,4,0,0,1,1,1,1,1,0,0,1,1,1,0,0,0,0,0,1,1,0,0,0,0,0,0,0,0,0,0,0,0.28624871779400235,-0.6762203584142882,0.05322624149608893,-0.3843318248568946,0.029070638654958462,-0.1888692420655138,0.26285235501825377,-0.5666407325393501,-0.05853133042073136,-0.06976187627138924,0.34782608695652173,-0.5,-0.5833333333333334,0.8333333333333334,1.6666666666666667,0.25,0.75,-0.16666666666666666,0.4166666666666667,-0.5
1,1,0,0,-0.3656549809931816,0.34782608695652173,-0.13631081775582404,0,6,5,4,3,2,1,0,6,5,1,0,0,1,1,1,1,1,0,0,0,1,1,0,0,0,0,0,1,1,0,0,0,0,0,0,0,0,0,0,0.13564230978096906,0.28624871779400235,-0.6720412383492672,0.05322624149608893,-0.3843318248568946,0.029370335960679665,-0.18289544556825657,0.26285235501825377,-0.5665210365671196,-0.058513820749072645,0.17391304347826086,0.3333333333333333,-0.5,-0.5833333333333334,0.8333333333333334,1.6666666666666667,0.25,0.75,-0.16666666666666666,0.4166666666666667
2,1,0,0,0.22639232486574545,0.2608695652173913,0.5274556045245978,1,0,6,5,4,3,2,1,0,6,1,1,0,0,1,1,1,1,1,0,0,0,1,1,0,0,0,0,0,1,0,0,0,0,0,0,0,0,0,0,-0.3656549809931816,0.13564230978096906,0.2840531063625739,-0.6720412383492672,0.05322624149608893,-0.38403212755117333,0.0350110718774313,-0.18289544556825657,0.26297205099048426,-0.566351561565155,0.34782608695652173,0.16666666666666666,0.3333333333333333,-0.5,-0.5833333333333334,0.8333333333333334,1.6666666666666667,0.25,0.75,-0.16666666666666666
3,1,0,0,0.40946117178543406,-0.6956521739130435,0.7352669944622584,2,1,0,6,5,4,3,2,1,0,1,1,1,0,0,1,1,1,1,1,0,0,0,1,1,0,0,0,0,0,0,0,0,0,0,0,0,0,0,0,0.22639232486574545,-0.3656549809931816,0.13444421134654005,0.2840531063625739,-0.6720412383492672,0.053525938801810134,-0.3777604883595667,0.0350110718774313,-0.18277574959602608,0.26289338279286834,0.2608695652173913,0.3333333333333333,0.16666666666666666,0.3333333333333333,-0.5,-0.5833333333333334,0.8333333333333334,1.6666666666666667,0.25,0.75
4,1,0,0,-0.5330356604115126,-0.8695652173913043,-0.445575551563439,3,2,1,0,6,5,4,3,2,1,1,1,1,1,0,0,1,1,1,1,0,0,0,0,1,1,0,0,0,0,0,0,0,0,0,0,0,0,0,0,0.40946117178543406,0.22639232486574545,-0.36353283183984175,0.13444421134654005,0.2840531063625739,-0.6717415410435461,0.05912981028188399,-0.3777604883595667,0.035130767849661806,-0.18272107215507954,-0.6956521739130435,0.25,0.3333333333333333,0.16666666666666666,0.3333333333333333,-0.5,-0.5833333333333334,0.8333333333333334,1.6666666666666667,0.25
5,0,1,0,-0.04103059192662763,0.0,0.06496043453335448,4,3,2,1,0,6,5,4,3,2,1,1,1,1,1,0,0,1,1,1,0,0,0,0,0,1,1,0,0,0,0,0,0,0,0,0,0,0,0,0,-0.5330356604115126,0.40946117178543406,0.22459316090748346,-0.36353283183984175,0.13444421134654005,0.28435280366829513,-0.6650308217128494,0.05912981028188399,-0.3776407923873362,0.03512025846595663,-0.8695652173913043,-0.6666666666666666,0.25,0.3333333333333333,0.16666666666666666,0.3333333333333333,-0.5,-0.5833333333333334,0.8333333333333334,1.6666666666666667
6,0,1,0,-0.20961805346044765,0.08695652173913043,0.03373897720316075,5,4,3,2,1,0,6,5,4,3,0,1,1,1,1,1,0,0,1,1,1,0,0,0,0,0,1,1,0,0,0,0,0,0,0,0,0,0,0,0,-0.04103059192662763,-0.5330356604115126,0.40644948601912073,0.22459316090748346,-0.36353283183984175,0.13474390865226127,0.28960440481177824,-0.6650308217128494,0.05924950625411451,-0.377527820988393,0.0,-0.8333333333333334,-0.6666666666666666,0.25,0.3333333333333333,0.16666666666666666,0.3333333333333333,-0.5,-0.5833333333333334,0.8333333333333334
0,1,0,0,0.2870934652748446,-0.17391304347826086,0.7237960871063881,6,5,4,3,2,1,0,6,5,4,0,0,1,1,1,1,1,0,0,1,1,1,0,0,0,0,0,1,1,0,0,0,0,0,0,0,0,0,0,0,-0.20961805346044765,-0.04103059192662763,-0.5298048970539755,0.40644948601912073,0.22459316090748346,-0.36323313453412054,0.14022383146807116,0.28960440481177824,-0.664911125740619,0.059231781739858755,0.08695652173913043,0.0,-0.8333333333333334,-0.6666666666666666,0.25,0.3333333333333333,0.16666666666666666,0.3333333333333333,-0.5,-0.5833333333333334
1,1,0,0,0.5307427743920834,0.782608695652174,1.4260130886971079,0,6,5,4,3,2,1,0,6,5,1,0,0,1,1,1,1,1,0,0,0,1,1,0,0,0,0,0,1,1,0,0,0,0,0,0,0,0,0,0,0.2870934652748446,-0.20961805346044765,-0.04105853088380733,-0.5298048970539755,0.40644948601912073,0.22489285821320468,-0.356993237177569,0.14022383146807116,0.28972410078400873,-0.6647122173028599,-0.17391304347826086,0.08333333333333333,0.0,-0.8333333333333334,-0.6666666666666666,0.25,0.3333333333333333,0.16666666666666666,0.3333333333333333,-0.5
2,1,0,0,0.4014964098232064,0.8695652173913043,0.8412320226923687,1,0,6,5,4,3,2,1,0,6,1,1,0,0,1,1,1,1,1,0,0,0,1,1,0,0,0,0,0,1,0,0,0,0,0,0,0,0,0,0,0.5307427743920834,0.2870934652748446,-0.20852938532082593,-0.04105853088380733,-0.5298048970539755,0.40674918332484195,0.23023520258543304,-0.356993237177569,0.14034352744030168,0.28963742969965306,0.782608695652174,-0.16666666666666666,0.08333333333333333,0.0,-0.8333333333333334,-0.6666666666666666,0.25,0.3333333333333333,0.16666666666666666,0.3333333333333333
3,1,0,0,0.1883786882278405,0.6086956521739131,0.45332261490808895,2,1,0,6,5,4,3,2,1,0,1,1,1,0,0,1,1,1,1,1,0,0,0,1,1,0,0,0,0,0,0,0,0,0,0,0,0,0,0,0,0.4014964098232064,0.5307427743920834,0.28489225881859326,-0.20852938532082593,-0.04105853088380733,-0.5295051997482544,0.41181399245915384,0.23023520258543304,-0.3568735412053385,0.14030154361613023,0.8695652173913043,0.75,-0.16666666666666666,0.08333333333333333,0.0,-0.8333333333333334,-0.6666666666666666,0.25,0.3333333333333333,0.16666666666666666
4,1,0,0,0.9902250648645387,0.9565217391304348,1.7527163848935974,3,2,1,0,6,5,4,3,2,1,1,1,1,1,0,0,1,1,1,1,0,0,0,0,1,1,0,0,0,0,0,0,0,0,0,0,0,0,0,0,0.1883786882278405,0.4014964098232064,0.5269278029190518,0.28489225881859326,-0.20852938532082593,-0.04075883357808612,-0.5230115506613202,0.41181399245915384,0.23035489855766353,-0.3567667823381596,0.6086956521739131,0.8333333333333334,0.75,-0.16666666666666666,0.08333333333333333,0.0,-0.8333333333333334,-0.6666666666666666,0.25,0.3333333333333333
5,0,1,0,1.0444095818499968,-0.8695652173913043,1.7998005233954897,4,3,2,1,0,6,5,4,3,2,1,1,1,1,1,0,0,1,1,1,0,0,0,0,0,1,1,0,0,0,0,0,0,0,0,0,0,0,0,0,0.9902250648645387,0.1883786882278405,0.3985374771480805,0.5269278029190518,0.28489225881859326,-0.20822968801510475,-0.0350110718774313,-0.5230115506613202,0.41193368843138434,0.23028598779466314,0.9565217391304348,0.5833333333333334,0.8333333333333334,0.75,-0.16666666666666666,0.08333333333333333,0.0,-0.8333333333333334,-0.6666666666666666,0.25
6,0,1,0,-0.28932601218849935,-0.782608695652174,-0.1542837640922461,5,4,3,2,1,0,6,5,4,3,0,1,1,1,1,1,0,0,1,1,1,0,0,0,0,0,1,1,0,0,0,0,0,0,0,0,0,0,0,0,1.0444095818499968,0.9902250648645387,0.18683130038660964,0.3985374771480805,0.5269278029190518,0.28519195612431447,-0.2022263450834879,-0.0350110718774313,-0.5228918546890898,0.4118104582984325,-0.8695652173913043,0.9166666666666666,0.5833333333333334,0.8333333333333334,0.75,-0.16666666666666666,0.08333333333333333,0.0,-0.8333333333333334,-0.6666666666666666
0,1,0,0,1.7412659144391478,0.43478260869565216,2.7404038980150793,6,5,4,3,2,1,0,6,5,4,0,0,1,1,1,1,1,0,0,1,1,1,0,0,0,0,0,1,1,0,0,0,0,0,0,0,0,0,0,0,-0.28932601218849935,1.0444095818499968,0.9833667995324725,0.18683130038660964,0.3985374771480805,0.527227500224773,0.29044227661739186,-0.2022263450834879,-0.034891375905200785,-0.5227354313748954,-0.782608695652174,-0.8333333333333334,0.9166666666666666,0.5833333333333334,0.8333333333333334,0.75,-0.16666666666666666,0.08333333333333333,0.0,-0.8333333333333334
1,1,0,0,0.8586858142762324,-0.34782608695652173,1.4356121483417756,0,6,5,4,3,2,1,0,6,5,1,0,0,1,1,1,1,1,0,0,0,1,1,0,0,0,0,0,1,1,0,0,0,0,0,0,0,0,0,0,1.7412659144391478,-0.28932601218849935,1.0371924356400037,0.9833667995324725,0.18683130038660964,0.39883717445380173,0.5321084445508409,0.29044227661739186,-0.20210664911125742,-0.03488093813569462,0.43478260869565216,-0.75,-0.8333333333333334,0.9166666666666666,0.5833333333333334,0.8333333333333334,0.75,-0.16666666666666666,0.08333333333333333,0.0
