DIA_SEMANA,LABORAL,FIN_DE_SEMANA,FESTIVO,PORCENTAJE_USO,NUMERO_CONEXIONES,USAGE_KB,DIA_SEMANA_lag_1,DIA_SEMANA_lag_2,DIA_SEMANA_lag_3,DIA_SEMANA_lag_4,DIA_SEMANA_lag_5,DIA_SEMANA_lag_6,DIA_SEMANA_lag_7,DIA_SEMANA_lag_8,DIA_SEMANA_lag_9,DIA_SEMANA_lag_10,LABORAL_lag_1,LABORAL_lag_2,LABORAL_lag_3,LABORAL_lag_4,LABORAL_lag_5,LABORAL_lag_6,LABORAL_lag_7,LABORAL_lag_8,LABORAL_lag_9,LABORAL_lag_10,FIN_DE_SEMANA_lag_1,FIN_DE_SEMANA_lag_2,FIN_DE_SEMANA_lag_3,FIN_DE_SEMANA_lag_4,FIN_DE_SEMANA_lag_5,FIN_DE_SEMANA_lag_6,FIN_DE_SEMANA_lag_7,FIN_DE_SEMANA_lag_8,FIN_DE_SEMANA_lag_9,FIN_DE_SEMANA_lag_10,FESTIVO_lag_1,FESTIVO_lag_2,FESTIVO_lag_3,FESTIVO_lag_4,FESTIVO_lag_5,FESTIVO_lag_6,FESTIVO_lag_7,FESTIVO_lag_8,FESTIVO_lag_9,FESTIVO_lag_10,PORCENTAJE_USO_lag_1,PORCENTAJE_USO_lag_2,PORCENTAJE_USO_lag_3,PORCENTAJE_USO_lag_4,PORCENTAJE_USO_lag_5,PORCENTAJE_USO_lag_6,PORCENTAJE_USO_lag_7,PORCENTAJE_USO_lag_8,PORCENTAJE_USO_lag_9,PORCENTAJE_USO_lag_10,NUMERO_CONEXIONES_lag_1,NUMERO_CONEXIONES_lag_2,NUMERO_CONEXIONES_lag_3,NUMERO_CONEXIONES_lag_4,NUMERO_CONEXIONES_lag_5,NUMERO_CONEXIONES_lag_6,NUMERO_CONEXIONES_lag_7,NUMERO_CONEXIONES_lag_8,NUMERO_CONEXIONES_lag_9,NUMERO_CONEXIONES_lag_10
3,1,0,0,-0.5455100794135614,-0.9855072463768116,-0.6464632879578036,2,1,0,6,5,4,3,2,1,0,1,1,1,0,0,1,1,1,1,1,0,0,0,1,1,0,0,0,0,0,0,0,0,0,0,0,0,0,0,0,-0.1704454016187816,-0.6219047619047618,-0.5026028667189617,-0.22496375002971306,-0.6090904791183843,-0.599050251612446,-0.6031626150578239,-0.5817600451414197,-0.539681061576068,-0.5815853800488884,-0.5797101449275363,-0.8695652173913043,-0.5217391304347826,-0.7536231884057971,-0.34782608695652173,-0.4057971014492754,-0.9411764705882353,-0.35294117647058826,-0.7058823529411765,-0.5882352941176471
4,1,0,0,-0.02015882712278568,-0.6376811594202898,-0.38229491903028123,3,2,1,0,6,5,4,3,2,1,1,1,1,1,0,0,1,1,1,1,0,0,0,0,1,1,0,0,0,0,0,0,0,0,0,0,0,0,0,0,-0.544374497089033,-0.16476190476190475,-0.6147994960659868,-0.5007012289334188,-0.22314714089769666,-0.6056654145108322,-0.5984422940759971,-0.596807185009287,-0.5732045163543242,-0.539681061576068,-0.927536231884058,-0.5797101449275363,-0.8695652173913043,-0.5217391304347826,-0.7536231884057971,-0.34782608695652173,-0.4117647058823529,-0.9411764705882353,-0.35294117647058826,-0.7058823529411765
5,0,1,0,-0.5379916357314037,-0.5217391304347826,-0.6494084455056394,4,3,2,1,0,6,5,4,3,2,1,1,1,1,1,0,0,1,1,1,0,0,0,0,0,1,1,0,0,0,0,0,0,0,0,0,0,0,0,0,-0.015193827803284933,-0.540952380952381,-0.1584064275357151,-0.612897858280444,-0.4974696116918129,-0.22009591986202653,-0.6050507434505545,-0.5921049538005784,-0.5881038295891049,-0.5732045163543242,-0.5797101449275363,-0.927536231884058,-0.5797101449275363,-0.8695652173913043,-0.5217391304347826,-0.7536231884057971,-0.35294117647058826,-0.4117647058823529,-0.9411764705882353,-0.35294117647058826
6,0,1,0,-0.6244537380762184,-0.5797101449275363,-0.6828393007452154,5,4,3,2,1,0,6,5,4,3,0,1,1,1,1,1,0,0,1,1,1,0,0,0,0,0,1,1,0,0,0,0,0,0,0,0,0,0,0,0,-0.536801249585838,-0.008571428571428626,-0.5339798901804178,-0.1565047897501723,-0.6090904791183843,-0.494152668509462,-0.2198725513334906,-0.5986880774927703,-0.5834477942032359,-0.5881038295891049,-0.463768115942029,-0.5797101449275363,-0.927536231884058,-0.5797101449275363,-0.8695652173913043,-0.5217391304347826,-0.7647058823529411,-0.35294117647058826,-0.4117647058823529,-0.9411764705882353
0,1,0,0,-0.6216343216954092,-0.9855072463768116,-0.6822836409867021,6,5,4,3,2,1,0,6,5,4,0,0,1,1,1,1,1,0,0,1,1,1,0,0,0,0,0,1,1,0,0,0,0,0,0,0,0,0,0,0,-0.6238935958725801,-0.5333333333333333,-0.002472129121205687,-0.532078252394875,-0.1550394929763988,-0.6056654145108322,-0.49365116827944294,-0.2149860108621541,-0.5899662437434524,-0.5834477942032359,-0.5217391304347826,-0.463768115942029,-0.5797101449275363,-0.927536231884058,-0.5797101449275363,-0.8695652173913043,-0.5294117647058824,-0.7647058823529411,-0.35294117647058826,-0.4117647058823529
1,1,0,0,-0.6235139326159486,-0.8115942028985508,-0.6826374619617323,0,6,5,4,3,2,1,0,6,5,1,0,0,1,1,1,1,1,0,0,0,1,1,0,0,0,0,0,1,1,0,0,0,0,0,0,0,0,0,0,-0.621053628058882,-0.620952380952381,-0.5263733390382467,-0.0005704913356628612,-0.5286856169890743,-0.15205424433576667,-0.6050507434505545,-0.48771542096724896,-0.21003375625654755,-0.5899662437434524,-0.927536231884058,-0.5217391304347826,-0.463768115942029,-0.5797101449275363,-0.927536231884058,-0.5797101449275363,-0.8823529411764706,-0.5294117647058824,-0.7647058823529411,-0.35294117647058826
2,1,0,0,0.30313425120999954,-0.2898550724637681,-0.28593057027296687,1,0,6,5,4,3,2,1,0,6,1,1,0,0,1,1,1,1,1,0,0,0,1,1,0,0,0,0,0,1,0,0,0,0,0,0,0,0,0,0,-0.6229469399346806,-0.6180952380952381,-0.6138486771732155,-0.5244717012527038,9.459395544616094e-05,-0.5253384364589977,-0.15189992919518516,-0.5986880774927703,-0.4800838086369456,-0.21003375625654755,-0.7536231884057971,-0.927536231884058,-0.5217391304347826,-0.463768115942029,-0.5797101449275363,-0.927536231884058,-0.5882352941176471,-0.8823529411764706,-0.5294117647058824,-0.7647058823529411
3,1,0,0,-0.3443917109158405,-0.9855072463768116,-0.5389853419609362,2,1,0,6,5,4,3,2,1,0,1,1,1,0,0,1,1,1,1,1,0,0,0,1,1,0,0,0,0,0,0,0,0,0,0,0,0,0,0,0,0.31045581483409856,-0.62,-0.6109962204949013,-0.6119470393876726,-0.5211181005533747,0.0029295721407139865,-0.5248052867594996,-0.14727388145675122,-0.5899662437434524,-0.4800838086369456,-0.2318840579710145,-0.7536231884057971,-0.927536231884058,-0.5217391304347826,-0.463768115942029,-0.5797101449275363,-0.9411764705882353,-0.5882352941176471,-0.8823529411764706,-0.5294117647058824
4,1,0,0,-0.5088576664630422,-0.6956521739130435,-0.6061956465143508,3,2,1,0,6,5,4,3,2,1,1,1,1,1,0,0,1,1,1,1,0,0,0,0,1,1,0,0,0,0,0,0,0,0,0,0,0,0,0,0,-0.34179012637856765,0.319047619047619,-0.612897858280444,-0.6090945827093585,-0.6081445395639219,-0.5177782502894134,0.0029265990087326155,-0.5187501469447252,-0.1429868467000349,-0.5899662437434524,-0.927536231884058,-0.2318840579710145,-0.7536231884057971,-0.927536231884058,-0.5217391304347826,-0.463768115942029,-0.5882352941176471,-0.9411764705882353,-0.5882352941176471,-0.8823529411764706
5,0,1,0,-0.5727644377613835,-0.927536231884058,-0.6537596393599299,4,3,2,1,0,6,5,4,3,2,1,1,1,1,1,0,0,1,1,1,0,0,0,0,0,1,1,0,0,0,0,0,0,0,0,0,0,0,0,0,-0.5074549155109574,-0.33714285714285713,0.32460956999215573,-0.6109962204949011,-0.6053067209005345,-0.6047203912396343,-0.5172527731885768,0.00695930218888858,-0.5108136421836806,-0.1429868467000349,-0.6376811594202898,-0.927536231884058,-0.2318840579710145,-0.7536231884057971,-0.927536231884058,-0.5217391304347826,-0.47058823529411764,-0.5882352941176471,-0.9411764705882353,-0.5882352941176471
6,0,1,0,-0.3998402330717542,-0.9855072463768116,-0.5578319378513458,5,4,3,2,1,0,6,5,4,3,0,1,1,1,1,1,0,0,1,1,1,0,0,0,0,0,1,1,0,0,0,0,0,0,0,0,0,0,0,0,-0.5718275192881147,-0.5038095238095238,-0.3305046471273384,0.3265112077776986,-0.6071986000094594,-0.60188532142604,-0.6041066792541893,-0.5112265770107917,0.009731113956466019,-0.5108136421836806,-0.8695652173913043,-0.6376811594202898,-0.927536231884058,-0.2318840579710145,-0.7536231884057971,-0.927536231884058,-0.5294117647058824,-0.47058823529411764,-0.5882352941176471,-0.9411764705882353
0,1,0,0,-0.48912175179737805,-0.34782608695652173,-0.6219410819724795,6,5,4,3,2,1,0,6,5,4,0,0,1,1,1,1,1,0,0,1,1,1,0,0,0,0,0,1,1,0,0,0,0,0,0,0,0,0,0,0,-0.3976428267146305,-0.5685714285714286,-0.4968979533623333,-0.3286030093417956,0.32549780069053585,-0.6037753679684362,-0.6012744866650932,-0.5977476312510287,-0.5033639855662903,0.009731113956466019,-0.927536231884058,-0.8695652173913043,-0.6376811594202898,-0.927536231884058,-0.2318840579710145,-0.7536231884057971,-0.9411764705882353,-0.5294117647058824,-0.47058823529411764,-0.5882352941176471
1,1,0,0,-0.6235139326159486,-0.5217391304347826,-0.6822490630277788,0,6,5,4,3,2,1,0,6,5,1,0,0,1,1,1,1,1,0,0,0,1,1,0,0,0,0,0,1,1,0,0,0,0,0,0,0,0,0,0,-0.4875751408150707,-0.3933333333333333,-0.5615536380707885,-0.49499631557679047,-0.3262545523341059,0.3280175774328444,-0.6031626150578239,-0.5949262925258035,-0.5890350366662787,-0.5033639855662903,-0.2898550724637681,-0.927536231884058,-0.8695652173913043,-0.6376811594202898,-0.927536231884058,-0.2318840579710145,-0.7647058823529411,-0.9411764705882353,-0.5294117647058824,-0.47058823529411764
2,1,0,0,-0.625393543536488,-0.5797101449275363,-0.6830576243695805,1,0,6,5,4,3,2,1,0,6,1,1,0,0,1,1,1,1,1,0,0,0,1,1,0,0,0,0,0,1,0,0,0,0,0,0,0,0,0,0,-0.6229469399346806,-0.4838095238095238,-0.38660296180085096,-0.5596520002852456,-0.4917939743650381,-0.32310345642261434,0.32768468255841404,-0.596807185009287,-0.5862414154347573,-0.5890350366662787,-0.463768115942029,-0.2898550724637681,-0.927536231884058,-0.8695652173913043,-0.6376811594202898,-0.927536231884058,-0.23529411764705882,-0.7647058823529411,-0.9411764705882353,-0.5294117647058824
3,1,0,0,-0.6197547107748698,0.11594202898550725,-0.6789247541396551,2,1,0,6,5,4,3,2,1,0,1,1,1,0,0,1,1,1,1,1,0,0,0,1,1,0,0,0,0,0,0,0,0,0,0,0,0,0,0,0,-0.6248402518104794,-0.62,-0.47693075661413387,-0.3847013240153081,-0.5561178640684861,-0.48848252888227367,-0.32277554873731407,0.33047280934803563,-0.5881038295891049,-0.5862414154347573,-0.5217391304347826,-0.463768115942029,-0.2898550724637681,-0.927536231884058,-0.8695652173913043,-0.6376811594202898,-0.9411764705882353,-0.23529411764705882,-0.7647058823529411,-0.9411764705882353
4,1,0,0,-0.6216343216954092,-0.11594202898550725,-0.6805752485743125,3,2,1,0,6,5,4,3,2,1,1,1,1,1,0,0,1,1,1,1,0,0,0,0,1,1,0,0,0,0,0,0,0,0,0,0,0,0,0,0,-0.6191603161830832,-0.6219047619047618,-0.612897858280444,-0.47502911882859106,-0.3820649860473916,-0.5527441113237413,-0.4879867831012508,-0.3174946512120001,0.33006634850424865,-0.5881038295891049,0.17391304347826086,-0.5217391304347826,-0.463768115942029,-0.2898550724637681,-0.927536231884058,-0.8695652173913043,-0.6470588235294118,-0.9411764705882353,-0.23529411764705882,-0.7647058823529411
5,0,1,0,-0.6216343216954092,-0.34782608695652173,-0.6810613503456892,4,3,2,1,0,6,5,4,3,2,1,1,1,1,1,0,0,1,1,1,0,0,0,0,0,1,1,0,0,0,0,0,0,0,0,0,0,0,0,0,-0.621053628058882,-0.6161904761904762,-0.6147994960659868,-0.6109962204949011,-0.4719292437213262,-0.3788598294232995,-0.5521831484540949,-0.48207274351679874,-0.31153532766849024,0.33006634850424865,-0.057971014492753624,0.17391304347826086,-0.5217391304347826,-0.463768115942029,-0.2898550724637681,-0.927536231884058,-0.8823529411764706,-0.6470588235294118,-0.9411764705882353,-0.23529411764705882
6,0,1,0,-0.5577275503970679,0.4057971014492754,-0.653282383112929,5,4,3,2,1,0,6,5,4,3,0,1,1,1,1,1,0,0,1,1,1,0,0,0,0,0,1,1,0,0,0,0,0,0,0,0,0,0,0,0,-0.621053628058882,-0.6180952380952381,-0.6090945827093585,-0.612897858280444,-0.6071986000094594,-0.46863704018711455,-0.37847533632286984,-0.5460230879552348,-0.4744965661739029,-0.31153532766849024,-0.2898550724637681,-0.057971014492753624,0.17391304347826086,-0.5217391304347826,-0.463768115942029,-0.2898550724637681,-0.9411764705882353,-0.8823529411764706,-0.6470588235294118,-0.9411764705882353
0,1,0,0,-0.5896809360462385,0.927536231884058,-0.6651747885668381,6,5,4,3,2,1,0,6,5,4,0,0,1,1,1,1,1,0,0,1,1,1,0,0,0,0,0,1,1,0,0,0,0,0,0,0,0,0,0,0,-0.5566810242817247,-0.6180952380952381,-0.6109962204949013,-0.6071929449238156,-0.6090904791183843,-0.6037753679684362,-0.4681614349775784,-0.3729809794747608,-0.5378186474217204,-0.4744965661739029,0.463768115942029,-0.2898550724637681,-0.057971014492753624,0.17391304347826086,-0.5217391304347826,-0.463768115942029,-0.29411764705882354,-0.9411764705882353,-0.8823529411764706,-0.6470588235294118
1,1,0,0,-0.44589070062497077,0.6956521739130435,-0.6138136533483225,0,6,5,4,3,2,1,0,6,5,1,0,0,1,1,1,1,1,0,0,0,1,1,0,0,0,0,0,1,1,0,0,0,0,0,0,0,0,0,0,-0.5888673261703034,-0.5533333333333333,-0.6109962204949013,-0.6090945827093585,-0.6034148417916095,-0.6056654145108322,-0.6031626150578239,-0.46232337244022287,-0.3664765452217437,-0.5378186474217204,0.9855072463768116,0.463768115942029,-0.2898550724637681,-0.057971014492753624,0.17391304347826086,-0.5217391304347826,-0.47058823529411764,-0.29411764705882354,-0.9411764705882353,-0.8823529411764706
2,1,0,0,0.219491565245994,0.6956521739130435,-0.30560261441535,1,0,6,5,4,3,2,1,0,6,1,1,0,0,1,1,1,1,1,0,0,0,1,1,0,0,0,0,0,1,0,0,0,0,0,0,0,0,0,0,-0.4440289676716997,-0.5857142857142857,-0.546340535786446,-0.6090945827093585,-0.6053067209005345,-0.599995274883644,-0.6050507434505545,-0.596807185009287,-0.45494121755325345,-0.3664765452217437,0.7536231884057971,0.9855072463768116,0.463768115942029,-0.2898550724637681,-0.057971014492753624,0.17391304347826086,-0.5294117647058824,-0.47058823529411764,-0.29411764705882354,-0.9411764705882353
3,1,0,0,-0.6150556834735211,0.5217391304347826,-0.6766168764161634,2,1,0,6,5,4,3,2,1,0,1,1,1,0,0,1,1,1,1,1,0,0,0,1,1,0,0,0,0,0,0,0,0,0,0,0,0,0,0,0,0.22620343636105453,-0.44,-0.5786683781406736,-0.5444388980009033,-0.6053067209005345,-0.60188532142604,-0.5993863582723625,-0.5986880774927703,-0.5881038295891049,-0.45494121755325345,0.7536231884057971,0.7536231884057971,0.9855072463768116,0.463768115942029,-0.2898550724637681,-0.057971014492753624,0.17647058823529413,-0.5294117647058824,-0.47058823529411764,-0.29411764705882354
4,1,0,0,-0.6188149053145999,-0.11594202898550725,-0.6805398664768095,3,2,1,0,6,5,4,3,2,1,1,1,1,1,0,0,1,1,1,1,0,0,0,0,1,1,0,0,0,0,0,0,0,0,0,0,0,0,0,0,-0.6144270364935864,0.23428571428571424,-0.4331930875466496,-0.5767667403551309,-0.5409828311970866,-0.60188532142604,-0.6012744866650932,-0.5930454000423201,-0.5899662437434524,-0.5881038295891049,0.5797101449275363,0.7536231884057971,0.7536231884057971,0.9855072463768116,0.463768115942029,-0.2898550724637681,-0.058823529411764705,0.17647058823529413,-0.5294117647058824,-0.47058823529411764
5,0,1,0,-0.612236267092712,0.11594202898550725,-0.6726042249038904,4,3,2,1,0,6,5,4,3,2,1,1,1,1,1,0,0,1,1,1,0,0,0,0,0,1,1,0,0,0,0,0,0,0,0,0,0,0,0,0,-0.6182136602451838,-0.6114285714285714,0.23998668853550115,-0.4312914497611067,-0.5731447760488105,-0.5376237389845725,-0.6012744866650932,-0.5949262925258035,-0.5843790012804098,-0.5899662437434524,-0.057971014492753624,0.5797101449275363,0.7536231884057971,0.7536231884057971,0.9855072463768116,0.463768115942029,-0.29411764705882354,-0.058823529411764705,0.17647058823529413,-0.5294117647058824
6,0,1,0,-0.6244537380762184,-0.5797101449275363,-0.6818003537003542,5,4,3,2,1,0,6,5,4,3,0,1,1,1,1,1,0,0,1,1,1,0,0,0,0,0,1,1,0,0,0,0,0,0,0,0,0,0,0,0,-0.6115870686798883,-0.6152380952380951,-0.6043404882455015,0.24188832632104398,-0.4284160242160526,-0.5697545302053063,-0.5370781213122492,-0.5949262925258035,-0.5862414154347573,-0.5843790012804098,0.17391304347826086,-0.057971014492753624,0.5797101449275363,0.7536231884057971,0.7536231884057971,0.9855072463768116,0.47058823529411764,-0.29411764705882354,-0.058823529411764705,0.17647058823529413
0,1,0,0,-0.6263333489967579,-0.6956521739130435,-0.683039933320829,6,5,4,3,2,1,0,6,5,4,0,0,1,1,1,1,1,0,0,1,1,1,0,0,0,0,0,1,1,0,0,0,0,0,0,0,0,0,0,0,-0.6238935958725801,-0.6085714285714285,-0.6081437638165871,-0.6024388504599586,0.24130918034337595,-0.42516596971200415,-0.5691763039886711,-0.5309759480873675,-0.5862414154347573,-0.5862414154347573,-0.5217391304347826,0.17391304347826086,-0.057971014492753624,0.5797101449275363,0.7536231884057971,0.7536231884057971,1.0,0.47058823529411764,-0.29411764705882354,-0.058823529411764705
1,1,0,0,-0.6103566561721725,-0.2318840579710145,-0.6729693038190351,0,6,5,4,3,2,1,0,6,5,1,0,0,1,1,1,1,1,0,0,0,1,1,0,0,0,0,0,1,1,0,0,0,0,0,0,0,0,0,0,-0.6257869077483789,-0.620952380952381,-0.6014880315671872,-0.6062421260310442,-0.5986851440192972,0.24391050629621758,-0.4247344819447722,-0.5629511203065855,-0.5229193341869398,-0.5862414154347573,-0.6376811594202898,-0.5217391304347826,0.17391304347826086,-0.057971014492753624,0.5797101449275363,0.7536231884057971,0.7647058823529411,1.0,0.47058823529411764,-0.29411764705882354
2,1,0,0,-0.6188149053145999,0.057971014492753624,-0.6778777657089979,1,0,6,5,4,3,2,1,0,6,1,1,0,0,1,1,1,1,1,0,0,0,1,1,0,0,0,0,0,1,0,0,0,0,0,0,0,0,0,0,-0.6096937568040895,-0.6228571428571429,-0.6138486771732155,-0.5995863937816444,-0.6024689022371471,-0.5952701585276537,0.2436629690818976,-0.4190628453201044,-0.5545803748108485,-0.5229193341869398,-0.17391304347826086,-0.6376811594202898,-0.5217391304347826,0.17391304347826086,-0.057971014492753624,0.5797101449275363,0.7647058823529411,0.7647058823529411,1.0,0.47058823529411764
3,1,0,0,-0.38198392932662945,-0.9855072463768116,-0.5414371604901788,2,1,0,6,5,4,3,2,1,0,1,1,1,0,0,1,1,1,1,1,0,0,0,1,1,0,0,0,0,0,0,0,0,0,0,0,0,0,0,0,-0.6182136602451838,-0.6066666666666667,-0.6157503149587583,-0.6119470393876726,-0.5958473253559098,-0.599050251612446,-0.5946660372905357,0.24677309383302373,-0.4121056920032592,-0.5545803748108485,0.11594202898550725,-0.17391304347826086,-0.6376811594202898,-0.5217391304347826,0.17391304347826086,-0.057971014492753624,0.5882352941176471,0.7647058823529411,0.7647058823529411,1.0
4,1,0,0,-0.608477045251633,-0.11594202898550725,-0.6741843572128315,3,2,1,0,6,5,4,3,2,1,1,1,1,1,0,0,1,1,1,1,0,0,0,0,1,1,0,0,0,0,0,0,0,0,0,0,0,0,0,0,-0.3796563638945425,-0.6152380952380951,-0.5995863937816445,-0.6138486771732155,-0.6081445395639219,-0.5924350887140595,-0.5984422940759971,-0.5883431688336116,0.24718891863578157,-0.4121056920032592,-0.927536231884058,0.11594202898550725,-0.17391304347826086,-0.6376811594202898,-0.5217391304347826,0.17391304347826086,-0.058823529411764705,0.5882352941176471,0.7647058823529411,0.7647058823529411
5,0,1,0,-0.15079178610027727,-0.927536231884058,-0.3583183210712252,4,3,2,1,0,6,5,4,3,2,1,1,1,1,1,0,0,1,1,1,0,0,0,0,0,1,1,0,0,0,0,0,0,0,0,0,0,0,0,0,-0.6078004449282908,-0.3752380952380952,-0.6081437638165871,-0.5976847559961016,-0.6100364186728469,-0.6047203912396343,-0.5918338447014396,-0.5921049538005784,-0.5797229658945408,0.24718891863578157,-0.057971014492753624,-0.927536231884058,0.11594202898550725,-0.17391304347826086,-0.6376811594202898,-0.5217391304347826,0.17647058823529413,-0.058823529411764705,0.5882352941176471,0.7647058823529411
6,0,1,0,0.24392650721300693,-0.463768115942029,-0.1832473005570469,5,4,3,2,1,0,6,5,4,3,0,1,1,1,1,1,0,0,1,1,1,0,0,0,0,0,1,1,0,0,0,0,0,0,0,0,0,0,0,0,-0.14677900317129733,-0.6047619047619047,-0.36853740283819436,-0.6062421260310442,-0.5939554462469848,-0.6066104377820304,-0.6041066792541893,-0.5855218301083864,-0.5834477942032359,-0.5797229658945408,-0.8695652173913043,-0.057971014492753624,-0.927536231884058,0.11594202898550725,-0.17391304347826086,-0.6376811594202898,-0.5294117647058824,0.17647058823529413,-0.058823529411764705,0.5882352941176471
0,0,0,1,0.7645787322024341,-0.2318840579710145,-0.06751446997115354,6,5,4,3,2,1,0,6,5,4,0,0,1,1,1,1,1,0,0,1,1,1,0,0,0,0,0,1,1,0,0,0,0,0,0,0,0,0,0,0,0.25081649074643825,-0.1409523809523809,-0.5976847559961016,-0.36663576505265155,-0.6024689022371471,-0.5905450421716635,-0.6059948076469199,-0.5977476312510287,-0.5769293446630194,-0.5834477942032359,-0.4057971014492754,-0.8695652173913043,-0.057971014492753624,-0.927536231884058,0.11594202898550725,-0.17391304347826086,-0.6470588235294118,-0.5294117647058824,0.17647058823529413,-0.058823529411764705
1,1,0,0,0.5972933602744234,0.057971014492753624,-0.23024276742683897,0,6,5,4,3,2,1,0,6,5,0,0,0,1,1,1,1,1,0,0,0,1,1,0,0,0,0,0,1,1,1,0,0,0,0,0,0,0,0,0,0.7752638803426893,0.2590476190476191,-0.13463595521643013,-0.5957831182105588,-0.36409213451260464,-0.599050251612446,-0.589945716308709,-0.599628523734512,-0.5890350366662787,-0.5769293446630194,-0.17391304347826086,-0.4057971014492754,-0.8695652173913043,-0.057971014492753624,-0.927536231884058,0.11594202898550725,-0.17647058823529413,-0.6470588235294118,-0.5294117647058824,0.17647058823529413
2,1,0,0,1.11982519618439,-0.34782608695652173,-0.11949720431171065,1,0,6,5,4,3,2,1,0,6,1,0,0,0,1,1,1,1,1,0,0,0,1,1,0,0,0,0,0,1,0,1,0,0,0,0,0,0,0,0,0.6067591233966017,0.7866666666666666,0.2647079797475576,-0.1327343174308873,-0.5920635671380599,-0.3609043872705365,-0.5984422940759971,-0.5836409376249031,-0.5908974508206262,-0.5890350366662787,0.11594202898550725,-0.17391304347826086,-0.4057971014492754,-0.8695652173913043,-0.057971014492753624,-0.927536231884058,0.11764705882352941,-0.17647058823529413,-0.6470588235294118,-0.5294117647058824
3,1,0,0,-0.20530050279592132,0.6956521739130435,-0.4733398910834501,2,1,0,6,5,4,3,2,1,0,1,1,0,0,0,1,1,1,1,1,0,0,0,1,1,0,0,0,0,0,0,0,1,0,0,0,0,0,0,0,1.1330998248686515,0.6171428571428572,0.7914616463429128,0.2666096175331004,-0.13139100411483706,-0.5886549956292674,-0.3605381165919282,-0.5921049538005784,-0.5750669305086719,-0.5908974508206262,-0.2898550724637681,0.11594202898550725,-0.17391304347826086,-0.4057971014492754,-0.8695652173913043,-0.057971014492753624,-0.9411764705882353,0.11764705882352941,-0.17647058823529413,-0.6470588235294118
4,1,0,0,0.12081199191767296,-0.057971014492753624,-0.34657548539312427,3,2,1,0,6,5,4,3,2,1,1,1,1,0,0,0,1,1,1,1,0,0,0,0,1,1,0,0,0,0,0,0,0,1,0,0,0,0,0,0,-0.20168504756946087,1.1466666666666667,0.6222158834296039,0.7933632841284556,0.2659036087594003,-0.12842866255581534,-0.5880575879159782,-0.35511250088166835,-0.5834477942032359,-0.5750669305086719,0.7536231884057971,-0.2898550724637681,0.11594202898550725,-0.17391304347826086,-0.4057971014492754,-0.8695652173913043,-0.058823529411764705,-0.9411764705882353,0.11764705882352941,-0.17647058823529413
5,0,1,0,-0.14045392603731036,0.2318840579710145,-0.4635836797662852,4,3,2,1,0,6,5,4,3,2,1,1,1,1,0,0,0,1,1,1,0,0,0,0,0,1,1,0,0,0,0,0,0,0,1,0,0,0,0,0,0.12680456288162062,-0.1961904761904762,1.1508711878105018,0.6241175212151467,0.7899541219316084,0.268481111347367,-0.12829832428605134,-0.5817600451414197,-0.34878361075544173,-0.5834477942032359,0.0,0.7536231884057971,-0.2898550724637681,0.11594202898550725,-0.17391304347826086,-0.4057971014492754,-0.8823529411764706,-0.058823529411764705,-0.9411764705882353,0.11764705882352941
6,0,1,0,-0.05963065645411406,-0.34782608695652173,-0.36939854655972426,5,4,3,2,1,0,6,5,4,3,0,1,1,1,1,0,0,0,1,1,1,0,0,0,0,0,1,1,0,0,0,0,0,0,0,1,0,0,0,0,-0.1363657878544043,0.13428571428571423,-0.1897834509971713,1.1527728255960448,0.621576881237289,0.7920240035910885,0.2682086381873969,-0.12376272541320854,-0.5732045163543242,-0.34878361075544173,0.2898550724637681,0.0,0.7536231884057971,-0.2898550724637681,0.11594202898550725,-0.17391304347826086,-0.4117647058823529,-0.8823529411764706,-0.058823529411764705,-0.9411764705882353
0,1,0,0,-0.20342089187538184,0.057971014492753624,-0.4183955143541752,6,5,4,3,2,1,0,6,5,4,0,0,1,1,1,1,0,0,0,1,1,1,0,0,0,0,0,1,1,0,0,0,0,0,0,0,1,0,0,0,-0.05495337719505845,-0.1304761904761905,0.14015070479450423,-0.1878818132116285,1.147519273518422,0.6238098613178351,0.7912202029738022,0.2712246961183082,-0.11970666977069022,-0.5732045163543242,-0.2898550724637681,0.2898550724637681,0.0,0.7536231884057971,-0.2898550724637681,0.11594202898550725,-0.17647058823529413,-0.4117647058823529,-0.8823529411764706,-0.058823529411764705
1,1,0,0,-0.5210751374465487,0.5217391304347826,-0.6284288720328041,0,6,5,4,3,2,1,0,6,5,1,0,0,1,1,1,1,0,0,0,0,1,1,0,0,0,0,0,1,1,0,0,0,0,0,0,0,1,0,0,-0.1997917356936621,-0.048571428571428585,-0.12417694739594477,0.14205234258004704,-0.18625549827366036,1.1492428001039527,0.6231767760207696,0.7922319140432135,0.2714003026423001,-0.11970666977069022,0.11594202898550725,-0.2898550724637681,0.2898550724637681,0.0,0.7536231884057971,-0.2898550724637681,0.11764705882352941,-0.17647058823529413,-0.4117647058823529,-0.8823529411764706
2,1,0,0,1.034302899299845,0.17391304347826086,0.13596355000646326,1,0,6,5,4,3,2,1,0,6,1,1,0,0,1,1,1,1,0,0,0,0,1,1,0,0,0,0,0,1,0,0,0,0,0,0,0,0,1,0,-0.5197614427036493,-0.19428571428571428,-0.04240652261760442,-0.12227530961040195,0.14198552712481663,-0.18324001228530248,1.1480764691999057,0.6248324830131899,0.7872890233965777,0.2714003026423001,0.5797101449275363,0.11594202898550725,-0.2898550724637681,0.2898550724637681,0.0,0.7536231884057971,-0.29411764705882354,0.11764705882352941,-0.17647058823529413,-0.4117647058823529
3,1,0,0,1.3190639537615714,0.5797101449275363,0.5907055250552493,2,1,0,6,5,4,3,2,1,0,1,1,1,0,0,1,1,1,1,0,0,0,0,1,1,0,0,0,0,0,0,0,0,0,0,0,0,0,0,1,1.0469541345198088,-0.5161904761904762,-0.1878818132116285,-0.04050488483206159,-0.12098566901574995,0.14468306282042198,-0.18305404767524186,1.1477205934215786,0.6215341636596439,0.7872890233965777,0.2318840579710145,0.5797101449275363,0.11594202898550725,-0.2898550724637681,0.2898550724637681,0.0,0.7647058823529411,-0.29411764705882354,0.11764705882352941,-0.17647058823529413
4,1,0,0,0.18659837413655367,0.463768115942029,-0.18835157019114576,3,2,1,0,6,5,4,3,2,1,1,1,1,1,0,0,1,1,1,1,0,0,0,0,1,1,0,0,0,0,0,0,0,0,0,0,0,0,0,0,1.3337908837033179,1.06,-0.5092585989683616,-0.18598017542608566,-0.03963486733197753,-0.1180334065726368,0.14453622846353553,-0.17830860743422755,1.139285298568269,0.6215341636596439,0.6376811594202898,0.2318840579710145,0.5797101449275363,0.11594202898550725,-0.2898550724637681,0.2898550724637681,0.0,0.7647058823529411,-0.29411764705882354,0.11764705882352941
5,0,1,0,1.4045862506461162,0.6376811594202898,0.4076940381366742,4,3,2,1,0,6,5,4,3,2,1,1,1,1,1,0,0,1,1,1,0,0,0,0,0,1,1,0,0,0,0,0,0,0,0,0,0,0,0,0,0.19307047853457657,1.3485714285714285,1.0643466685683045,-0.5073569611828187,-0.1843636191647354,-0.03676140524960421,-0.11791361812603253,0.14802623845014454,-0.1737166802467699,1.139285298568269,0.5217391304347826,0.6376811594202898,0.2318840579710145,0.5797101449275363,0.11594202898550725,-0.2898550724637681,0.29411764705882354,0.0,0.7647058823529411,-0.29411764705882354
6,0,1,0,0.15464498848738312,0.5797101449275363,-0.09644978848139836,5,4,3,2,1,0,6,5,4,3,0,1,1,1,1,1,0,0,1,1,1,0,0,0,0,0,1,1,0,0,0,0,0,0,0,0,0,0,0,0,1.4199365740521608,0.2009523809523809,1.3524447930780386,1.0662483063538475,-0.5040911885730502,-0.18134996574290635,-0.03672409723861216,-0.11341781675404983,0.149412175532534,-0.1737166802467699,0.6956521739130435,0.5217391304347826,0.6376811594202898,0.2318840579710145,0.5797101449275363,0.11594202898550725,-0.29411764705882354,0.29411764705882354,0.0,0.7647058823529411
0,1,0,0,-0.24759174850805893,0.5217391304347826,-0.5029201287345452,6,5,4,3,2,1,0,6,5,4,0,0,1,1,1,1,1,0,0,1,1,1,0,0,0,0,0,1,1,0,0,0,0,0,0,0,0,0,0,0,0.16088417664599805,1.4352380952380952,0.20670802728850218,1.3543464308635813,1.0614387740623374,-0.5007678314078484,-0.18116591928251113,-0.032539439964263055,-0.10946339192177863,0.149412175532534,0.6376811594202898,0.6956521739130435,0.5217391304347826,0.6376811594202898,0.2318840579710145,0.5797101449275363,0.11764705882352941,-0.29411764705882354,0.29411764705882354,0.0
1,1,0,0,-0.6131760725529817,0.463768115942029,-0.6769377277094294,0,6,5,4,3,2,1,0,6,5,1,0,0,1,1,1,1,1,0,0,0,1,1,0,0,0,0,0,1,1,0,0,0,0,0,0,0,0,0,0,-0.24428456477493254,0.1685714285714286,1.4389693123202356,0.208609665074045,1.3480584590644658,1.06324568242493,-0.5002596176540004,-0.1764277149507441,-0.029379583284832974,-0.10946339192177863,0.5797101449275363,0.6376811594202898,0.6956521739130435,0.5217391304347826,0.6376811594202898,0.2318840579710145,0.5882352941176471,0.11764705882352941,-0.29411764705882354,0.29411764705882354
2,1,0,0,-0.6235139326159486,0.6376811594202898,-0.6813560671351176,1,0,6,5,4,3,2,1,0,6,1,1,0,0,1,1,1,1,1,0,0,0,1,1,0,0,0,0,0,1,0,0,0,0,0,0,0,0,0,0,-0.6125337246177877,-0.23904761904761906,0.17438018493427468,1.4408709501057786,0.20820129593718953,1.3495877335979398,1.0621666273306587,-0.49429854465944095,-0.17185426609242227,-0.029379583284832974,0.5217391304347826,0.5797101449275363,0.6376811594202898,0.6956521739130435,0.5217391304347826,0.6376811594202898,0.23529411764705882,0.5882352941176471,0.11764705882352941,-0.29411764705882354
3,1,0,0,1.2504581551618816,0.8695652173913043,-0.0478335803043946,2,1,0,6,5,4,3,2,1,0,1,1,1,0,0,1,1,1,1,1,0,0,0,1,1,0,0,0,0,0,0,0,0,0,0,0,0,0,0,0,-0.6229469399346806,-0.6095238095238096,-0.2325703011718843,0.17628182271981752,1.4341389585205504,0.2108346918042857,1.3482180788293605,1.0621399854230833,-0.4866022581771621,-0.17185426609242227,0.6956521739130435,0.5217391304347826,0.5797101449275363,0.6376811594202898,0.6956521739130435,0.5217391304347826,0.6470588235294118,0.23529411764705882,0.5882352941176471,0.11764705882352941
4,1,0,0,0.6113904421784692,0.7536231884057971,-0.04831847586790174,3,2,1,0,6,5,4,3,2,1,1,1,1,1,0,0,1,1,1,1,0,0,0,0,1,1,0,0,0,0,0,0,0,0,0,0,0,0,0,0,1.264685000236664,-0.62,-0.6024388504599586,-0.23066866338634148,0.17603935108546562,1.4355848512769627,0.21062072220911024,1.3470951966708204,1.0545454545454545,-0.4866022581771621,0.927536231884058,0.6956521739130435,0.5217391304347826,0.5797101449275363,0.6376811594202898,0.6956521739130435,0.5294117647058824,0.6470588235294118,0.23529411764705882,0.5882352941176471
5,0,1,0,0.014613974907194143,0.5797101449275363,-0.40148086140128786,4,3,2,1,0,6,5,4,3,2,1,1,1,1,1,0,0,1,1,1,0,0,0,0,0,1,1,0,0,0,0,0,0,0,0,0,0,0,0,0,0.6209589624650922,1.2790476190476192,-0.612897858280444,-0.6005372126744158,-0.2288227782244715,0.17870390058355198,1.4341279206986075,0.213857475372064,1.3367011989291118,1.0545454545454545,0.8115942028985508,0.927536231884058,0.6956521739130435,0.5217391304347826,0.5797101449275363,0.6376811594202898,0.7058823529411765,0.5294117647058824,0.6470588235294118,0.23529411764705882
6,0,1,0,0.17720031953385643,0.34782608695652173,-0.20409218081779687,5,4,3,2,1,0,6,5,4,3,0,1,1,1,1,1,0,0,1,1,1,0,0,0,0,0,1,1,0,0,0,0,0,0,0,0,0,0,0,0,0.0198324418989918,0.6314285714285716,1.2830350139057263,-0.6109962204949011,-0.5967932649103722,-0.22576605948921488,0.17852253953268832,1.4326758046693153,0.21459667093469906,1.3367011989291118,0.6376811594202898,0.8115942028985508,0.927536231884058,0.6956521739130435,0.5217391304347826,0.5797101449275363,0.6470588235294118,0.7058823529411765,0.5294117647058824,0.6470588235294118
0,0,0,1,0.8002913396926837,0.463768115942029,0.18434012488674212,6,5,4,3,2,1,0,6,5,4,0,0,1,1,1,1,1,0,0,1,1,1,0,0,0,0,0,1,1,0,0,0,0,0,0,0,0,0,0,0,0.18360391915558286,0.02666666666666664,0.6364781668211749,1.2849366516912692,-0.6071986000094594,-0.5933801119852576,-0.22553693651168275,0.18188230315284606,1.4214410429519262,0.21459667093469906,0.4057971014492754,0.6376811594202898,0.8115942028985508,0.927536231884058,0.6956521739130435,0.5217391304347826,0.5882352941176471,0.6470588235294118,0.7058823529411765,0.5294117647058824
1,1,0,0,0.20445467788167848,0.8115942028985508,-0.19339271494674493,0,6,5,4,3,2,1,0,6,5,0,0,0,1,1,1,1,1,0,0,0,1,1,0,0,0,0,0,1,1,1,0,0,0,0,0,0,0,0,0,0.8112368059828655,0.19142857142857136,0.03270816991133612,0.6383798046067177,1.2790048715887055,-0.6037753679684362,-0.592777908897805,-0.22062868831260435,0.18293563031079038,1.4214410429519262,0.5217391304347826,0.4057971014492754,0.6376811594202898,0.8115942028985508,0.927536231884058,0.6956521739130435,0.5294117647058824,0.5882352941176471,0.6470588235294118,0.7058823529411765
2,1,0,0,1.4731920492458062,0.057971014492753624,0.4035330230564624,1,0,6,5,4,3,2,1,0,6,1,0,0,0,1,1,1,1,1,0,0,0,1,1,0,0,0,0,0,1,0,1,0,0,0,0,0,0,0,0,0.21105694135466466,0.822857142857143,0.1971998383607882,0.03460980769687894,0.635765974554226,1.2806010348004822,-0.6031626150578239,-0.5864622763501282,-0.21562099871959028,0.18293563031079038,0.8695652173913043,0.5217391304347826,0.4057971014492754,0.6376811594202898,0.8115942028985508,0.927536231884058,0.7058823529411765,0.5294117647058824,0.5882352941176471,0.6470588235294118
3,1,0,0,2.531412997509516,3.420289855072464,0.7596864020367222,2,1,0,6,5,4,3,2,1,0,1,1,0,0,0,1,1,1,1,1,0,0,0,1,1,0,0,0,0,0,0,0,1,0,0,0,0,0,0,0,1.4890424575188148,0.21904761904761905,0.827592764268226,0.199101476146331,0.03509435747055757,0.6379852103858059,1.2793013924946899,-0.596807185009287,-0.5778605517401932,-0.21562099871959028,0.11594202898550725,0.8695652173913043,0.5217391304347826,0.4057971014492754,0.6376811594202898,0.8115942028985508,0.9411764705882353,0.7058823529411765,0.5294117647058824,0.5882352941176471
4,1,0,0,0.7777360086462103,0.5217391304347826,-0.04096462855733317,3,2,1,0,6,5,4,3,2,1,1,1,1,0,0,0,1,1,1,1,0,0,0,0,1,1,0,0,0,0,0,0,0,1,0,0,0,0,0,0,2.554977043593506,1.5047619047619047,0.2247735862511588,0.8294944020537689,0.1987419003925648,0.03789543317504199,0.6373377389662499,1.2784426210236757,-0.5881038295891049,-0.5778605517401932,3.4782608695652173,0.11594202898550725,0.8695652173913043,0.5217391304347826,0.4057971014492754,0.6376811594202898,0.8235294117647058,0.9411764705882353,0.7058823529411765,0.5294117647058824
5,0,1,0,-0.16582867346459287,0.2318840579710145,-0.4888062904544529,4,3,2,1,0,6,5,4,3,2,1,1,1,1,0,0,0,1,1,1,0,0,0,0,0,1,1,0,0,0,0,0,0,0,1,0,0,0,0,0,0.7885170634732807,2.5771428571428574,1.508379091492548,0.22667522403670165,0.8258998250011824,0.20138445909230518,0.0378569742742507,0.6389391766393155,1.2687230822954254,-0.5881038295891049,0.5797101449275363,3.4782608695652173,0.11594202898550725,0.8695652173913043,0.5217391304347826,0.4057971014492754,0.6470588235294118,0.8235294117647058,0.9411764705882353,0.7058823529411765
6,0,1,0,2.998496311263569,-0.2318840579710145,0.7962791301713398,5,4,3,2,1,0,6,5,4,3,0,1,1,1,1,0,0,0,1,1,1,0,0,0,0,0,1,1,0,0,0,0,0,0,0,1,0,0,0,0,-0.16192549817768728,0.8,2.579001164753144,1.5102807292780909,0.2261741474719765,0.8279348878966146,0.20118008024545672,0.041755813133331744,0.6355022698172507,1.2687230822954254,0.2898550724637681,0.5797101449275363,3.4782608695652173,0.11594202898550725,0.8695652173913043,0.5217391304347826,0.4117647058823529,0.6470588235294118,0.8235294117647058,0.9411764705882353
0,0,0,1,0.4234293501245242,0.5217391304347826,-0.2615313974903237,6,5,4,3,2,1,0,6,5,4,0,0,1,1,1,1,0,0,0,1,1,1,0,0,0,0,0,1,1,0,0,0,0,0,0,0,1,0,0,0,3.025465044729493,-0.15619047619047619,0.8047731108417124,2.580902802538687,1.5031925459963107,0.22879013395704878,0.8270946424356858,0.20445301295464693,0.044185775811896144,0.6355022698172507,-0.17391304347826086,0.2898550724637681,0.5797101449275363,3.4782608695652173,0.11594202898550725,0.8695652173913043,0.5294117647058824,0.4117647058823529,0.6470588235294118,0.8235294117647058
1,1,0,0,3.732484375734223,0.9855072463768116,0.960607261331167,0,6,5,4,3,2,1,0,6,5,0,0,0,1,1,1,1,0,0,0,0,1,1,0,0,0,0,0,1,1,1,0,0,0,0,0,0,1,0,0,0.4316277748852179,3.0504761904761906,-0.14984905750077251,0.8066747486272553,2.5683204843210516,1.5045715500744208,0.228557941940052,0.8279688712293984,0.20528460016296118,0.044185775811896144,0.5797101449275363,-0.17391304347826086,0.2898550724637681,0.5797101449275363,3.4782608695652173,0.11594202898550725,0.8823529411764706,0.5294117647058824,0.4117647058823529,0.6470588235294118
2,1,0,0,-0.30961890888586074,0.8695652173913043,-0.5833942970894003,1,0,6,5,4,3,2,1,0,6,1,0,0,0,1,1,1,1,0,0,0,0,1,1,0,0,0,0,0,1,0,1,0,0,0,0,0,0,1,0,3.764803332228901,0.44095238095238093,3.0515581544605292,-0.1479474197152297,0.8031972756940831,2.568667753443429,1.5030446070332784,0.23172595396515647,0.8226748923291817,0.20528460016296118,1.0434782608695652,0.5797101449275363,-0.17391304347826086,0.2898550724637681,0.5797101449275363,3.4782608695652173,0.11764705882352941,0.8823529411764706,0.5294117647058824,0.4117647058823529
3,1,0,0,-0.5915605469667781,0.4057971014492754,-0.6691082324290192,2,1,0,6,5,4,3,2,1,0,1,1,0,0,0,1,1,1,1,0,0,0,0,1,1,0,0,0,0,0,0,0,1,0,0,0,0,0,0,1,-0.306763856676291,3.794285714285714,0.44631438826689485,3.053459792246072,-0.1465260369862366,0.8052543293878612,2.566060892140666,1.50132838031646,0.23228960540100105,0.8226748923291817,0.927536231884058,1.0434782608695652,0.5797101449275363,-0.17391304347826086,0.2898550724637681,0.5797101449275363,3.5294117647058822,0.11764705882352941,0.8823529411764706,0.5294117647058824
4,1,0,0,-0.13199567689488279,0.7536231884057971,-0.4077390698971326,3,2,1,0,6,5,4,3,2,1,1,1,1,0,0,0,1,1,1,1,0,0,0,0,1,1,0,0,0,0,0,0,0,1,0,0,0,0,0,0,-0.5907606380461021,-0.30190476190476195,3.794147709714992,0.44821602605243765,3.0384524428888997,-0.14354903489498422,0.8044371017229173,2.560270848517622,1.4894191595856128,0.23228960540100105,0.463768115942029,0.927536231884058,1.0434782608695652,0.5797101449275363,-0.17391304347826086,0.2898550724637681,0.5882352941176471,3.5294117647058822,0.11764705882352941,0.8823529411764706
5,0,1,0,-0.6206945162351394,0.4057971014492754,-0.680938719212298,4,3,2,1,0,6,5,4,3,2,1,1,1,1,0,0,0,1,1,1,0,0,0,0,0,1,1,0,0,0,0,0,0,0,1,0,0,0,0,0,-0.12784588441330993,-0.5876190476190476,-0.2953243480947967,3.796049347500535,0.4465780636617319,3.038344319228861,-0.143403351427897,0.8053981614275975,2.5379583284832967,1.4894191595856128,0.8115942028985508,0.463768115942029,0.927536231884058,1.0434782608695652,0.5797101449275363,-0.17391304347826086,0.29411764705882354,0.5882352941176471,3.5294117647058822,0.11764705882352941
6,0,1,0,-0.5737042432216533,0.2898550724637681,-0.6544033522929107,5,4,3,2,1,0,6,5,4,3,0,1,1,1,1,0,0,0,1,1,1,0,0,0,0,0,1,1,0,0,0,0,0,0,0,1,0,0,0,0,-0.6201069721209825,-0.12190476190476188,-0.5805700159262165,-0.2934227103092538,3.7772312349240877,0.44898055614619514,3.035260797734246,-0.13880986528107586,0.8003259224770107,2.5379583284832967,0.463768115942029,0.8115942028985508,0.463768115942029,0.927536231884058,1.0434782608695652,0.5797101449275363,-0.17647058823529413,0.29411764705882354,0.5882352941176471,3.5294117647058822
0,1,0,0,0.3942953808561628,-0.4057971014492754,-0.1594033854636271,6,5,4,3,2,1,0,6,5,4,0,0,1,1,1,1,0,0,0,1,1,1,0,0,0,0,0,1,1,0,0,0,0,0,0,0,1,0,0,0,-0.572774175226014,-0.6171428571428571,-0.11561957736100213,-0.5786683781406736,-0.2912547888189945,3.7764074940345407,0.4485248996931792,3.02767263066325,-0.13460598300547083,0.8003259224770107,0.34782608695652173,0.463768115942029,0.8115942028985508,0.463768115942029,0.927536231884058,1.0434782608695652,0.5882352941176471,-0.17647058823529413,0.29411764705882354,0.5882352941176471
1,1,0,0,4.76533057657065,0.5797101449275363,1.0548655711484727,0,6,5,4,3,2,1,0,6,5,1,0,0,1,1,1,1,0,0,0,0,1,1,0,0,0,0,0,1,1,0,0,0,0,0,0,0,1,0,0,0.4022814408103375,-0.5695238095238095,-0.6100454016021298,-0.11371793957545931,-0.5750366551577355,-0.2881375953882864,3.772574935095587,0.4508499282909741,3.0007682458386684,-0.13460598300547083,-0.34782608695652173,0.34782608695652173,0.463768115942029,0.8115942028985508,0.463768115942029,0.927536231884058,1.0588235294117647,0.5882352941176471,-0.17647058823529413,0.29411764705882354
2,1,0,0,1.1188853907241203,0.5217391304347826,-0.19413975968720618,1,0,6,5,4,3,2,1,0,6,1,1,0,0,1,1,1,1,0,0,0,0,1,1,0,0,0,0,0,1,0,0,0,0,0,0,0,0,1,0,4.805178207980309,0.4114285714285715,-0.5625044569635599,-0.608143763816587,-0.11247221302558767,-0.5716445767477024,-0.28784517347179606,3.7621611454635224,0.44926085438249325,3.0007682458386684,0.6376811594202898,-0.34782608695652173,0.34782608695652173,0.463768115942029,0.8115942028985508,0.463768115942029,0.9411764705882353,1.0588235294117647,0.5882352941176471,-0.17647058823529413
3,1,0,0,-0.6037780179502844,0.6956521739130435,-0.6752868312054822,2,1,0,6,5,4,3,2,1,0,1,1,1,0,0,1,1,1,1,0,0,0,0,1,1,0,0,0,0,0,0,0,0,0,0,0,0,0,0,1,1.1321531689307522,4.8409523809523805,0.4168390025909815,-0.560602819178017,-0.604360781346072,-0.10952819713185427,-0.5710644323814019,-0.28269814026755696,3.7280409731113955,0.44926085438249325,0.5797101449275363,0.6376811594202898,-0.34782608695652173,0.34782608695652173,0.463768115942029,0.8115942028985508,0.47058823529411764,0.9411764705882353,1.0588235294117647,0.5882352941176471
4,1,0,0,1.0390019266011938,0.2898550724637681,0.01131041015691357,3,2,1,0,6,5,4,3,2,1,1,1,1,1,0,0,1,1,1,1,0,0,0,0,1,1,0,0,0,0,0,0,0,0,0,0,0,0,0,0,-0.6030671652387939,1.145714285714286,4.83909767287076,0.41874064037652436,-0.5570638036229485,-0.600940298154842,-0.10941704035874429,-0.5648320127900689,-0.2770806658130602,3.7280409731113955,0.7536231884057971,0.5797101449275363,0.6376811594202898,-0.34782608695652173,0.34782608695652173,0.463768115942029,0.8235294117647058,0.47058823529411764,0.9411764705882353,1.0588235294117647
5,0,1,0,0.6367651896057517,0.463768115942029,-0.262082634486649,4,3,2,1,0,6,5,4,3,2,1,1,1,1,1,0,0,1,1,1,0,0,0,0,0,1,1,0,0,0,0,0,0,0,0,0,0,0,0,0,1.0516874142093058,-0.6,1.1499203689177304,4.8409993106563025,0.41725393747339545,-0.5536891345949393,-0.6003304224687278,-0.1049538005783744,-0.5564427889651962,-0.2770806658130602,0.34782608695652173,0.7536231884057971,0.5797101449275363,0.6376811594202898,-0.34782608695652173,0.34782608695652173,0.47058823529411764,0.8235294117647058,0.47058823529411764,0.9411764705882353
6,0,1,0,0.7025515718246323,0.057971014492753624,-0.16635074072220088,5,4,3,2,1,0,6,5,4,3,0,1,1,1,1,1,0,0,1,1,1,0,0,0,0,0,1,1,0,0,0,0,0,0,0,0,0,0,0,0,0.646518672788375,1.0647619047619048,-0.5929306615322446,1.1518220067032734,4.816818805278341,0.41968483473905555,-0.5531272126504602,-0.5939858462840618,-0.10108252822721449,-0.5564427889651962,0.5217391304347826,0.34782608695652173,0.7536231884057971,0.5797101449275363,0.6376811594202898,-0.34782608695652173,0.35294117647058826,0.47058823529411764,0.8235294117647058,0.47058823529411764
0,1,0,0,1.8368967623701895,-0.6376811594202898,0.05592039993028119,6,5,4,3,2,1,0,6,5,4,0,0,1,1,1,1,1,0,0,1,1,1,0,0,0,0,0,1,1,0,0,0,0,0,0,0,0,0,0,0,0.712784588441331,0.6571428571428571,1.0691007630321616,-0.5910290237467019,1.1465733339639597,4.814988069081201,0.4192589096058533,-0.5469635341969764,-0.5853102083575835,-0.10108252822721449,0.11594202898550725,0.5217391304347826,0.34782608695652173,0.7536231884057971,0.5797101449275363,0.6376811594202898,-0.35294117647058826,0.35294117647058826,0.47058823529411764,0.8235294117647058
1,1,0,0,-0.6235139326159486,-0.463768115942029,-0.6827596910258336,0,6,5,4,3,2,1,0,6,5,1,0,0,1,1,1,1,1,0,0,0,1,1,0,0,0,0,0,1,1,0,0,0,0,0,0,0,0,0,0,1.8553983054858711,0.7238095238095238,0.6621502769260025,1.0710024008177044,-0.5873338693657475,1.1482977768327547,4.810101486901109,0.4216960947969812,-0.5387498544988941,-0.5853102083575835,-0.5797101449275363,0.11594202898550725,0.5217391304347826,0.34782608695652173,0.7536231884057971,0.5797101449275363,0.6470588235294118,-0.35294117647058826,0.35294117647058826,0.47058823529411764
2,1,0,0,-0.5765236596024624,-0.17391304347826086,-0.6664955861838538,1,0,6,5,4,3,2,1,0,6,1,1,0,0,1,1,1,1,1,0,0,0,1,1,0,0,0,0,0,1,0,0,0,0,0,0,0,0,0,0,-0.6229469399346806,1.8733333333333333,0.7287075994200005,0.6640519147115453,1.0661684718346498,-0.5839298792732771,1.1471324050035405,4.795711565137657,0.42039343499010595,-0.5387498544988941,-0.4057971014492754,-0.5797101449275363,0.11594202898550725,0.5217391304347826,0.34782608695652173,0.7536231884057971,0.5882352941176471,0.6470588235294118,-0.35294117647058826,0.35294117647058826
3,1,0,0,-0.608477045251633,-0.5217391304347826,-0.6787908650661495,2,1,0,6,5,4,3,2,1,0,1,1,1,0,0,1,1,1,1,1,0,0,0,1,1,0,0,0,0,0,0,0,0,0,0,0,0,0,0,0,-0.5756141430397121,-0.62,1.8763460029950794,0.7306092372055433,0.6613063425247127,1.0679707987809202,-0.5833372669341514,1.146780147179837,4.751437550925386,0.42039343499010595,-0.11594202898550725,-0.4057971014492754,-0.5797101449275363,0.11594202898550725,0.5217391304347826,0.34782608695652173,0.7647058823529411,0.5882352941176471,0.6470588235294118,-0.35294117647058826
4,1,0,0,-0.6216343216954092,-0.6956521739130435,-0.6816206287278106,3,2,1,0,6,5,4,3,2,1,1,1,1,1,0,0,1,1,1,1,0,0,0,0,1,1,0,0,0,0,0,0,0,0,0,0,0,0,0,0,-0.6078004449282908,-0.5723809523809524,-0.612897858280444,1.8782476407806223,0.7275221113370856,0.6635008387081532,1.0668869483124854,-0.577057813932711,1.1383540914910955,4.751437550925386,-0.463768115942029,-0.11594202898550725,-0.4057971014492754,-0.5797101449275363,0.11594202898550725,0.5217391304347826,0.35294117647058826,0.7647058823529411,0.5882352941176471,0.6470588235294118
5,0,1,0,-0.6188149053145999,-0.4057971014492754,-0.6816503818552563,4,3,2,1,0,6,5,4,3,2,1,1,1,1,1,0,0,1,1,1,0,0,0,0,0,1,1,0,0,0,0,0,0,0,0,0,0,0,0,0,-0.621053628058882,-0.6047619047619047,-0.5653569136418741,-0.6109962204949011,1.8692711535732864,0.729652467692017,0.6628274722681143,1.066842216631792,-0.5685484809684553,1.1383540914910955,-0.6376811594202898,-0.463768115942029,-0.11594202898550725,-0.4057971014492754,-0.5797101449275363,0.11594202898550725,0.5294117647058824,0.35294117647058826,0.7647058823529411,0.5882352941176471
6,0,1,0,1.5502560969879235,-0.2898550724637681,0.025612014795345726,5,4,3,2,1,0,6,5,4,3,0,1,1,1,1,1,0,0,1,1,1,0,0,0,0,0,1,1,0,0,0,0,0,0,0,0,0,0,0,0,-0.6182136602451838,-0.6180952380952381,-0.5976847559961016,-0.5634552758563313,-0.6071986000094594,1.8702955560280672,0.728911966013689,0.6643312251663415,1.0592014899313236,-0.5685484809684553,-0.34782608695652173,-0.6376811594202898,-0.463768115942029,-0.11594202898550725,-0.4057971014492754,-0.5797101449275363,0.11764705882352941,0.5294117647058824,0.35294117647058826,0.7647058823529411
0,1,0,0,0.8209670598186175,0.5217391304347826,-0.03391957046133631,6,5,4,3,2,1,0,6,5,4,0,0,1,1,1,1,1,0,0,1,1,1,0,0,0,0,0,1,1,0,0,0,0,0,0,0,0,0,0,0,1.5666682444265632,-0.6152380952380951,-0.6109962204949013,-0.5957831182105588,-0.5599016222863359,-0.6037753679684362,1.8683974510266699,0.730162462088261,0.6606448609009428,1.0592014899313236,-0.2318840579710145,-0.34782608695652173,-0.6376811594202898,-0.463768115942029,-0.11594202898550725,-0.4057971014492754,-0.5882352941176471,0.11764705882352941,0.5294117647058824,0.35294117647058826
1,1,0,0,6.312250364174616,0.463768115942029,1.4049633845549505,0,6,5,4,3,2,1,0,6,5,1,0,0,1,1,1,1,1,0,0,0,1,1,0,0,0,0,0,1,1,0,0,0,0,0,0,0,0,0,0,0.8320632366166516,1.5828571428571427,-0.6081437638165871,-0.6090945827093585,-0.5920635671380599,-0.5565242044085336,-0.6031626150578239,1.8652810758705003,0.7258293563031079,0.6606448609009428,0.5797101449275363,-0.2318840579710145,-0.34782608695652173,-0.6376811594202898,-0.463768115942029,-0.11594202898550725,-0.4117647058823529,-0.5882352941176471,0.11764705882352941,0.5294117647058824
2,1,0,0,2.531412997509516,0.7536231884057971,0.533700543215714,1,0,6,5,4,3,2,1,0,6,1,1,0,0,1,1,1,1,1,0,0,0,1,1,0,0,0,0,0,1,0,0,0,0,0,0,0,0,0,0,6.363373881762673,0.8438095238095238,1.5863462406998026,-0.6062421260310442,-0.6053067209005345,-0.5886549956292674,-0.5559594052395562,-0.596807185009287,1.849796298451868,0.7258293563031079,0.5217391304347826,0.5797101449275363,-0.2318840579710145,-0.34782608695652173,-0.6376811594202898,-0.463768115942029,-0.11764705882352941,-0.4117647058823529,-0.5882352941176471,0.11764705882352941
3,1,0,0,-0.39890042761148453,0.4057971014492754,-0.57160843999729,2,1,0,6,5,4,3,2,1,0,1,1,1,0,0,1,1,1,1,1,0,0,0,1,1,0,0,0,0,0,0,0,0,0,0,0,0,0,0,0,2.554977043593506,6.408571428571428,0.8485107799091968,1.5882478784853455,-0.6024689022371471,-0.60188532142604,-0.5880575879159782,-0.5497848729222016,-0.5881038295891049,1.849796298451868,0.8115942028985508,0.5217391304347826,0.5797101449275363,-0.2318840579710145,-0.34782608695652173,-0.6376811594202898,-0.47058823529411764,-0.11764705882352941,-0.4117647058823529,-0.5882352941176471
4,1,0,0,1.6743104177435273,0.7536231884057971,0.4227241923282365,3,2,1,0,6,5,4,3,2,1,1,1,1,1,0,0,1,1,1,1,0,0,0,0,1,1,0,0,0,0,0,0,0,0,0,0,0,0,0,0,-0.3966961707767312,2.5771428571428574,6.404145570372483,0.8504124176947396,1.5807595894622333,-0.599050251612446,-0.6012744866650932,-0.5817600451414197,-0.5415434757304155,-0.5881038295891049,0.463768115942029,0.8115942028985508,0.5217391304347826,0.5797101449275363,-0.2318840579710145,-0.34782608695652173,-0.6470588235294118,-0.47058823529411764,-0.11764705882352941,-0.4117647058823529
5,0,1,0,0.4826370941215168,0.6956521739130435,-0.11263709808902497,4,3,2,1,0,6,5,4,3,2,1,1,1,1,1,0,0,1,1,1,0,0,0,0,0,1,1,0,0,0,0,0,0,0,0,0,0,0,0,0,1.69162682822928,-0.3923809523809524,2.579001164753144,6.406047208158026,0.8467104951993566,1.582063458312661,-0.5984422940759971,-0.5949262925258035,-0.5732045163543242,-0.5415434757304155,0.8115942028985508,0.463768115942029,0.8115942028985508,0.5217391304347826,0.5797101449275363,-0.2318840579710145,-0.35294117647058826,-0.6470588235294118,-0.47058823529411764,-0.11764705882352941
6,0,0,1,1.0596776467271276,-0.11594202898550725,0.17951368513189983,5,4,3,2,1,0,6,5,4,3,0,1,1,1,1,1,0,0,1,1,1,0,0,0,0,0,1,1,0,0,0,0,0,0,0,0,0,0,0,0,0.49126709897287824,1.7085714285714286,-0.3856521429080796,2.580902802538687,6.373835311923568,0.8487253998629717,1.5804578711352373,-0.5921049538005784,-0.5862414154347573,-0.5732045163543242,0.7536231884057971,0.8115942028985508,0.463768115942029,0.8115942028985508,0.5217391304347826,0.5797101449275363,-0.23529411764705882,-0.35294117647058826,-0.6470588235294118,-0.47058823529411764
0,1,0,0,4.247497767962033,0.8115942028985508,0.7920381033024564,6,5,4,3,2,1,0,6,5,4,0,0,1,1,1,1,1,0,0,1,0,1,0,0,0,0,0,1,1,0,1,0,0,0,0,0,0,0,0,0,1.0725138448430918,0.5009523809523809,1.7118543345456276,-0.3837505051225368,2.5683204843210516,6.370496373473197,0.8478640547557235,1.57844497213928,-0.5834477942032359,-0.5862414154347573,-0.057971014492753624,0.7536231884057971,0.8115942028985508,0.463768115942029,0.8115942028985508,0.5217391304347826,0.5882352941176471,-0.23529411764705882,-0.35294117647058826,-0.6470588235294118
1,1,0,0,1.1677552746581459,0.6376811594202898,-0.09640556085951961,0,6,5,4,3,2,1,0,6,5,1,0,0,1,1,1,1,1,0,0,0,0,1,0,0,0,0,0,1,1,0,1,0,0,0,0,0,0,0,0,4.283570786197757,1.0857142857142856,0.506215978511493,1.7137559723311704,-0.38111904649292916,2.568667753443429,6.36403115411848,0.8486586885477159,1.565778139913863,-0.5834477942032359,0.8695652173913043,-0.057971014492753624,0.7536231884057971,0.8115942028985508,0.463768115942029,0.8115942028985508,0.5294117647058824,0.5882352941176471,-0.23529411764705882,-0.35294117647058826
2,1,0,0,-0.42239556411822765,0.9855072463768116,-0.6467161895410922,1,0,6,5,4,3,2,1,0,6,1,1,0,0,1,1,1,1,1,0,0,0,0,1,0,0,0,0,0,1,0,0,1,0,0,0,0,0,0,0,1.1813792777015193,4.316190476190477,1.0900187786731323,0.5081176162970358,1.7056236106512794,-0.3779148061521015,2.566060892140666,6.343686079044507,0.8431614480270049,1.565778139913863,0.6956521739130435,0.8695652173913043,-0.057971014492753624,0.7536231884057971,0.8115942028985508,0.463768115942029,0.8235294117647058,0.5294117647058824,0.5882352941176471,-0.23529411764705882
3,1,0,0,2.734410976927776,1.3333333333333333,-0.048780855551179704,2,1,0,6,5,4,3,2,1,0,1,1,1,0,0,1,1,1,1,1,0,0,0,0,1,0,0,0,0,0,0,0,0,1,0,0,0,0,0,0,-0.42036256922421544,1.1952380952380952,4.315196462953719,1.091920416458675,0.5061722555928675,1.7068065301108042,-0.37753127212650456,2.560270848517622,6.28420439995344,0.8431614480270049,1.0434782608695652,0.6956521739130435,0.8695652173913043,-0.057971014492753624,0.7536231884057971,0.8115942028985508,0.47058823529411764,0.8235294117647058,0.5294117647058824,0.5882352941176471
4,1,0,0,-0.42615478595930656,0.5217391304347826,-0.6255870462924488,3,2,1,0,6,5,4,3,2,1,1,1,1,1,0,0,1,1,1,1,0,0,0,0,0,1,0,0,0,0,0,0,0,0,1,0,0,0,0,0,2.75945472617977,-0.4161904761904762,1.1993629513418431,4.317098100739263,1.086979142032824,0.5085170222316725,1.705074345055464,-0.3720405332330191,2.5379583284832967,6.28420439995344,1.391304347826087,1.0434782608695652,0.6956521739130435,0.8695652173913043,-0.057971014492753624,0.7536231884057971,0.8235294117647058,0.47058823529411764,0.8235294117647058,0.5294117647058824
5,0,1,0,-0.33123443447206435,-0.2318840579710145,-0.5762953617085693,4,3,2,1,0,6,5,4,3,2,1,1,1,1,1,0,0,1,1,1,0,0,0,0,0,0,1,0,0,0,0,0,0,0,0,1,0,0,0,0,-0.42414919297581294,2.782857142857143,-0.4094226152273646,1.201264589127386,4.295606110769522,1.0887613107472773,0.5080009440641964,1.7025838760491856,-0.36554533814456985,2.5379583284832967,0.5797101449275363,1.391304347826087,1.0434782608695652,0.6956521739130435,0.8695652173913043,-0.057971014492753624,0.7647058823529411,0.8235294117647058,0.47058823529411764,0.8235294117647058
6,0,1,0,4.062356092288897,0.057971014492753624,0.6998210992695004,5,4,3,2,1,0,6,5,4,3,0,1,1,1,1,1,0,0,1,1,1,0,0,0,0,0,0,1,0,0,0,0,0,0,0,0,1,0,0,0,-0.3285369432479765,-0.42000000000000004,2.7843780455917657,-0.40752097744182175,1.195762190796008,4.294280246651074,1.0876563606325231,0.5100980415207016,1.6886974741008032,-0.36554533814456985,-0.17391304347826086,0.5797101449275363,1.391304347826087,1.0434782608695652,0.6956521739130435,0.8695652173913043,-0.058823529411764705,0.7647058823529411,0.8235294117647058,0.47058823529411764
0,1,0,0,6.361120248108643,0.8695652173913043,0.5127688159883658,6,5,4,3,2,1,0,6,5,4,0,0,1,1,1,1,1,0,0,1,1,1,0,0,0,0,0,0,1,0,0,0,0,0,0,0,0,1,0,0,4.097079566431581,-0.3238095238095238,-0.4132258907984502,2.7862796833773085,-0.4047675353544909,1.1974389869350535,4.289922114703801,1.0875320339501093,0.5079269002444418,1.6886974741008032,0.11594202898550725,-0.17391304347826086,0.5797101449275363,1.391304347826087,1.0434782608695652,0.6956521739130435,0.8823529411764706,-0.058823529411764705,0.7647058823529411,0.8235294117647058
1,1,0,0,7.097927728960106,1.2173913043478262,0.7197311684314492,0,6,5,4,3,2,1,0,6,5,1,0,0,1,1,1,1,1,0,0,0,1,1,0,0,0,0,0,0,1,0,0,0,0,0,0,0,0,1,0,6.41259999053344,4.128571428571429,-0.31719318262853885,-0.41132425301290737,2.7726434280849452,-0.4015403879320528,1.1962237432145386,4.277525685937978,1.0796880456291467,0.5079269002444418,0.927536231884058,0.11594202898550725,-0.17391304347826086,0.5797101449275363,1.391304347826087,1.0434782608695652,0.7058823529411765,0.8823529411764706,-0.058823529411764705,0.7647058823529411
2,1,0,0,1.396128001503689,0.9855072463768116,-0.36108134123077834,1,0,6,5,4,3,2,1,0,6,1,1,0,0,1,1,1,1,1,0,0,0,1,1,0,0,0,0,0,0,0,0,0,0,0,0,0,0,0,1,7.154778245846546,6.458095238095238,4.127885141077753,-0.315291544842996,-0.40855129357234077,2.772792780022208,-0.4011328770356384,1.1956833517504055,4.238342451402631,1.0796880456291467,1.2753623188405796,0.927536231884058,0.11594202898550725,-0.17391304347826086,0.5797101449275363,1.391304347826087,1.0588235294117647,0.7058823529411765,0.8823529411764706,-0.058823529411764705
3,1,0,0,-0.6159954889337907,1.1014492753623188,-0.6824882942552138,2,1,0,6,5,4,3,2,1,0,1,1,1,0,0,1,1,1,1,1,0,0,0,1,1,0,0,0,0,0,0,0,0,0,0,0,0,0,0,0,1.4114166706110667,7.204761904761905,6.453588152796597,4.129786778863297,-0.3130113985716313,-0.405320481016845,2.7699787585555815,-0.39555168927656176,1.1867768595041321,4.238342451402631,1.0434782608695652,1.2753623188405796,0.927536231884058,0.11594202898550725,-0.17391304347826086,0.5797101449275363,1.411764705882353,1.0588235294117647,0.7058823529411765,0.8823529411764706
4,1,0,0,6.7567783468821965,0.6376811594202898,0.5974635056783241,3,2,1,0,6,5,4,3,2,1,1,1,1,1,0,0,1,1,1,1,0,0,0,0,1,1,0,0,0,0,0,0,0,0,0,0,0,0,0,0,-0.6153736924314857,1.4266666666666667,7.199030164729373,6.455489790582139,4.109256018540415,-0.3098731306258416,-0.4049091338210998,2.7634072367338303,-0.3888255150739145,1.1867768595041321,1.1594202898550725,1.0434782608695652,1.2753623188405796,0.927536231884058,0.11594202898550725,-0.17391304347826086,0.5882352941176471,1.411764705882353,1.0588235294117647,0.7058823529411765
5,0,1,0,2.705277007659415,0.8115942028985508,0.4304157778422429,4,3,2,1,0,6,5,4,3,2,1,1,1,1,1,0,0,1,1,1,0,0,0,0,0,1,1,0,0,0,0,0,0,0,0,0,0,0,0,0,6.811142140389076,-0.6123809523809524,1.4304119422852932,7.2009318025149165,6.423024168755616,4.108110662225058,-0.30955864998819915,-0.3993134742435286,2.739099057152834,-0.3888255150739145,0.6956521739130435,1.1594202898550725,1.0434782608695652,1.2753623188405796,0.927536231884058,0.11594202898550725,-0.17647058823529413,0.5882352941176471,1.411764705882353,1.0588235294117647
6,0,1,0,5.085804238522626,-0.057971014492753624,0.8284418588708647,5,4,3,2,1,0,6,5,4,3,0,1,1,1,1,1,0,0,1,1,1,0,0,0,0,0,1,1,0,0,0,0,0,0,0,0,0,0,0,0,2.73010839210489,6.85904761904762,-0.6052913071382728,1.4323135800708362,7.164640779454192,6.419637583575496,4.103941468019825,-0.3043284038276162,-0.3925503433826097,2.739099057152834,0.8695652173913043,0.6956521739130435,1.1594202898550725,1.0434782608695652,1.2753623188405796,0.927536231884058,0.11764705882352941,-0.17647058823529413,0.5882352941176471,1.411764705882353
0,1,0,0,-0.33405385085287354,0.057971014492753624,-0.6256570063488751,6,5,4,3,2,1,0,6,5,4,0,0,1,1,1,1,1,0,0,1,1,1,0,0,0,0,0,1,1,0,0,0,0,0,0,0,0,0,0,0,5.127987882803994,2.7533333333333334,6.8538829066533555,-0.60338966935273,1.4256255025303883,7.16053582819477,6.413122492329479,4.092257776314861,-0.29849842858805725,-0.3925503433826097,0.0,0.8695652173913043,0.6956521739130435,1.1594202898550725,1.0434782608695652,1.2753623188405796,0.9411764705882353,0.11764705882352941,-0.17647058823529413,0.5882352941176471
1,1,0,0,0.10389549363281796,0.463768115942029,-0.10975265300395012,0,6,5,4,3,2,1,0,6,5,1,0,0,1,1,1,1,1,0,0,0,1,1,0,0,0,0,0,1,1,0,0,0,0,0,0,0,0,0,0,-0.33137691106167455,5.1657142857142855,2.7549026599158526,6.855784544438899,-0.5996310835737596,1.4270796418361804,7.153268822279916,6.3925892836150755,4.0548946571993945,-0.29849842858805725,0.11594202898550725,0.0,0.8695652173913043,0.6956521739130435,1.1594202898550725,1.0434782608695652,1.2941176470588236,0.9411764705882353,0.11764705882352941,-0.17647058823529413
2,0,0,1,1.0098679573328322,0.7536231884057971,0.6028122334406255,1,0,6,5,4,3,2,1,0,6,1,1,0,0,1,1,1,1,1,0,0,0,1,1,0,0,0,0,0,1,0,0,0,0,0,0,0,0,0,0,0.10976475599943199,-0.32666666666666666,5.163326915305807,2.756804297701396,6.821264721184316,-0.5962151817988517,1.4256313429313197,7.1298991371405736,6.332627167966477,4.0548946571993945,0.5217391304347826,0.11594202898550725,0.0,0.8695652173913043,0.6956521739130435,1.1594202898550725,1.0588235294117647,1.2941176470588236,0.9411764705882353,0.11764705882352941
3,1,0,0,2.830271133875288,0.5797101449275363,1.0714774659261355,2,1,0,6,5,4,3,2,1,0,0,1,1,0,0,1,1,1,1,1,0,0,0,1,1,0,0,0,0,0,1,0,0,0,0,0,0,0,0,0,1.022341080134425,0.11714285714285712,-0.320045639306853,5.16522855309135,2.7433193018966087,6.817492380749877,-0.5956101014869011,1.4242117884936403,7.062693516470725,6.332627167966477,0.8115942028985508,0.5217391304347826,0.11594202898550725,0.0,0.8695652173913043,0.6956521739130435,1.1764705882352942,1.0588235294117647,1.2941176470588236,0.9411764705882353
4,1,0,0,2.854706075842301,0.7536231884057971,0.8085768214693743,3,2,1,0,6,5,4,3,2,1,1,0,1,1,0,0,1,1,1,1,0,0,0,0,1,1,0,0,0,0,0,1,0,0,0,0,0,0,0,0,2.8560136318455056,1.035238095238095,0.12303596472461906,-0.31814400152131017,5.139384193350044,2.743497058615069,6.810573518999293,-0.5892836150753532,1.4130601792573623,7.062693516470725,0.6376811594202898,0.8115942028985508,0.5217391304347826,0.11594202898550725,0.0,0.8695652173913043,0.7058823529411765,1.1764705882352942,1.0588235294117647,1.2941176470588236
5,0,1,0,0.8078097833748413,0.2898550724637681,0.06518287015956321,4,3,2,1,0,6,5,4,3,2,1,1,0,1,1,0,0,1,1,1,0,0,0,0,0,1,1,0,0,0,0,0,1,0,0,0,0,0,0,0,2.8806266862308894,2.88,1.039625377356248,0.12493760251016188,-0.3158492172350187,5.137241004559738,2.7407127684682564,6.7885171513883344,-0.5806541729717145,1.4130601792573623,0.8115942028985508,0.6376811594202898,0.8115942028985508,0.5217391304347826,0.11594202898550725,0.0,0.8823529411764706,0.7058823529411765,1.1764705882352942,1.0588235294117647
6,0,1,0,0.48921573234340493,-0.11594202898550725,-0.33099168178949784,5,4,3,2,1,0,6,5,4,3,0,1,1,0,1,1,0,0,1,1,1,0,0,0,0,0,1,1,0,0,0,0,0,1,0,0,0,0,0,0,0.8188100534860604,2.9047619047619047,2.8813615726544484,1.0415270151417908,0.1249586151444922,-0.31270820043943576,5.132027377861695,2.7342534032398373,6.724665347456641,-0.5806541729717145,0.34782608695652173,0.8115942028985508,0.6376811594202898,0.8115942028985508,0.5217391304347826,0.11594202898550725,0.0,0.8823529411764706,0.7058823529411765,1.1764705882352942
0,1,0,0,7.735115831022979,0.927536231884058,2.180475032803828,6,5,4,3,2,1,0,6,5,4,0,0,1,1,0,1,1,0,0,1,1,1,0,0,0,0,0,1,1,0,0,0,0,0,1,0,0,0,0,0,0.49789369053817384,0.8304761904761904,2.906082863866505,2.8832632104399916,1.036844345646313,0.12767264393885705,-0.31239084257729516,5.1164037335715795,2.710231637760447,6.724665347456641,-0.057971014492753624,0.34782608695652173,0.8115942028985508,0.6376811594202898,0.8115942028985508,0.5217391304347826,0.11764705882352941,0.0,0.8823529411764706,0.7058823529411765
1,1,0,0,-0.33405385085287354,-0.7536231884057971,-0.6044048298975507,0,6,5,4,3,2,1,0,6,5,1,0,0,1,1,0,1,1,0,0,0,1,1,0,0,0,0,0,1,1,0,0,0,0,0,1,0,0,0,0,7.796610971742319,0.5076190476190476,0.8351993154103972,2.9079845016520482,2.869129262640117,1.0386750773737803,0.12754307292895922,-0.3071497425528413,5.068979164241648,2.710231637760447,0.9855072463768116,-0.057971014492753624,0.34782608695652173,0.8115942028985508,0.6376811594202898,0.8115942028985508,0.5294117647058824,0.11764705882352941,0.0,0.8823529411764706
2,0,0,1,0.43837225694281284,-0.057971014492753624,-0.46057941803284785,1,0,6,5,4,3,2,1,0,6,1,1,0,0,1,1,0,1,1,0,0,0,1,1,0,0,0,0,0,1,0,0,0,0,0,0,1,0,0,0,-0.33137691106167455,7.85047619047619,0.5128717107608928,0.8371009531959399,2.8937236910561412,2.8691851536844095,1.0376209582251592,0.13109820609879386,-0.30129204981957863,5.068979164241648,-0.6956521739130435,0.9855072463768116,-0.057971014492753624,0.34782608695652173,0.8115942028985508,0.6376811594202898,0.8235294117647058,0.5294117647058824,0.11764705882352941,0.0
3,1,0,0,2.9076171232554864,-0.7536231884057971,0.025555725094772757,2,1,0,6,5,4,3,2,1,0,0,1,1,0,0,1,1,0,1,1,0,0,0,1,1,0,0,0,0,0,1,0,0,0,0,0,0,1,0,0,0.44667960429781794,-0.32666666666666666,7.843685374028381,0.5147733485464356,0.8334673414368821,2.8937557587355593,2.866273306584848,1.0376883831377988,0.13265044814340587,-0.30129204981957863,0.0,-0.6956521739130435,0.9855072463768116,-0.057971014492753624,0.34782608695652173,0.8115942028985508,0.6470588235294118,0.8235294117647058,0.5294117647058824,0.11764705882352941
4,1,0,0,-0.6224801466096519,-0.6956521739130435,-0.682796279331206,3,2,1,0,6,5,4,3,2,1,1,0,1,1,0,0,1,1,0,1,0,0,0,0,1,1,0,0,0,0,0,1,0,0,0,0,0,0,1,0,2.933923415534624,0.4560952380952381,-0.320045639306853,7.845587011813925,0.5127938324741048,0.8354950740661988,2.8908189756903475,2.859332753391484,1.0303340705389359,0.13265044814340587,-0.6956521739130435,0.0,-0.6956521739130435,0.9855072463768116,-0.057971014492753624,0.34782608695652173,0.8235294117647058,0.6470588235294118,0.8235294117647058,0.5294117647058824
5,0,1,0,-0.6236079131619756,-0.5217391304347826,-0.6829663546407944,4,3,2,1,0,6,5,4,3,2,1,1,0,1,1,0,0,1,1,0,0,0,0,0,0,1,1,0,0,0,0,0,1,0,0,0,0,0,0,1,-0.6219056184029913,2.9583809523809523,0.4614324086619601,-0.31814400152131017,7.805987797379746,0.5151321851300589,0.8346471560066084,2.8837843556767684,2.83408217902456,1.0303340705389359,-0.6376811594202898,-0.6956521739130435,0.0,-0.6956521739130435,0.9855072463768116,-0.057971014492753624,0.35294117647058826,0.8235294117647058,0.6470588235294118,0.8235294117647058
6,0,1,0,-0.6248296602603262,-1.4492753623188406,-0.6833266087244613,5,4,3,2,1,0,6,5,4,3,0,1,1,0,1,1,0,0,1,1,1,0,0,0,0,0,1,1,0,0,0,0,0,1,0,0,0,0,0,0,-0.6230416055284707,-0.6189523809523809,2.9596139675295348,0.463334046447503,-0.3158492172350187,7.801261606067049,0.5146093934387539,0.8354924411633319,2.858293563031079,2.83408217902456,-0.463768115942029,-0.6376811594202898,-0.6956521739130435,0.0,-0.6956521739130435,0.9855072463768116,-0.058823529411764705,0.35294117647058826,0.8235294117647058,0.6470588235294118
0,0,0,1,-0.6208824773271934,-1.681159420289855,-0.6821123594692444,6,5,4,3,2,1,0,6,5,4,0,0,1,1,0,1,1,0,0,1,1,1,0,0,0,0,0,1,1,0,0,0,0,0,1,0,0,0,0,0,-0.6242722582477398,-0.6200952380952381,-0.6118519574983955,2.961515605315078,0.4616185025776852,-0.31270820043943576,7.7933443474156245,0.5166811652128935,0.8301245489465718,2.858293563031079,-1.391304347826087,-0.463768115942029,-0.6376811594202898,-0.6956521739130435,0.0,-0.6956521739130435,1.0,-0.058823529411764705,0.35294117647058826,0.8235294117647058
1,1,0,0,0.0542737653305765,1.6231884057971016,-0.4710147243804967,0,6,5,4,3,2,1,0,6,5,0,0,0,1,1,0,1,1,0,0,0,1,1,0,0,0,0,0,1,1,1,0,0,0,0,1,0,0,0,0,-0.6202963033085624,-0.6213333333333333,-0.6129929401697212,-0.6099503197128526,2.946980087972378,0.4640064261582442,-0.31239084257729516,7.76752168904145,0.5144453497846583,0.8301245489465718,-1.6231884057971016,-1.391304347826087,-0.463768115942029,-0.6376811594202898,-0.6956521739130435,0.0,-0.7058823529411765,1.0,-0.058823529411764705,0.35294117647058826
2,1,0,0,15.82514919411682,0.5797101449275363,3.7234416648724324,1,0,6,5,4,3,2,1,0,6,1,0,0,0,1,1,0,1,1,0,0,0,1,1,0,0,0,0,0,1,0,1,0,0,0,0,1,0,0,0,0.05978132247834522,-0.6173333333333333,-0.6142290047303239,-0.6110913023841783,-0.6061580664995506,2.9469605689040095,0.4635355204153883,-0.3071497425528413,7.694051914794552,0.5144453497846583,1.681159420289855,-1.6231884057971016,-1.391304347826087,-0.463768115942029,-0.6376811594202898,-0.6956521739130435,0.0,-0.7058823529411765,1.0,-0.058823529411764705
3,1,0,0,8.80790376392087,0.5797101449275363,2.9059893648652153,2,1,0,6,5,4,3,2,1,0,1,1,0,0,0,1,1,0,1,1,0,0,0,1,1,0,0,0,0,0,0,0,1,0,0,0,0,1,0,0,15.94561461636768,0.06685714285714282,-0.610235565380684,-0.6123273669447811,-0.6072931939649057,-0.6027358423701183,2.943969789945717,0.46580302353466724,-0.30129204981957863,7.694051914794552,0.6376811594202898,1.681159420289855,-1.6231884057971016,-1.391304347826087,-0.463768115942029,-0.6376811594202898,-0.7058823529411765,0.0,-0.7058823529411765,1.0
4,1,0,0,7.993844274235235,-0.7536231884057971,3.877205425442583,3,2,1,0,6,5,4,3,2,1,1,1,1,0,0,0,1,1,0,1,0,0,0,0,1,1,0,0,0,0,0,0,0,1,0,0,0,0,1,0,8.877218724854451,16.048761904761903,0.07283272718628916,-0.6083339275951413,-0.6085229153857068,-0.6038698702955559,-0.602124144441822,2.9367314790868266,0.4640670469095565,-0.30129204981957863,0.6376811594202898,0.6376811594202898,1.681159420289855,-1.6231884057971016,-1.391304347826087,-0.463768115942029,-0.6470588235294118,-0.7058823529411765,0.0,-0.7058823529411765
5,0,1,0,0.7436210704384193,0.17391304347826086,0.2926712619165799,4,3,2,1,0,6,5,4,3,2,1,1,1,1,0,0,0,1,1,0,0,0,0,0,0,1,1,0,0,0,0,0,0,0,1,0,0,0,0,1,8.057225351446016,8.937619047619048,16.02852456678314,0.07473436497183199,-0.6045499692569645,-0.6050984005481134,-0.6032570214774604,-0.5957726941433711,2.910720521475963,0.4640670469095565,-0.6956521739130435,0.6376811594202898,0.6376811594202898,1.681159420289855,-1.6231884057971016,-1.391304347826087,-0.47058823529411764,-0.6470588235294118,-0.7058823529411765,0.0
6,0,1,0,4.9465250693106535,-0.2898550724637681,3.935459636565548,5,4,3,2,1,0,6,5,4,3,0,1,1,1,1,0,0,0,1,1,1,0,0,0,0,0,1,1,0,0,0,0,0,0,0,1,0,0,0,0,0.7541534529275336,8.112666666666668,8.929045140126934,16.030426204568684,0.07501300666887378,-0.6011293028090816,-0.6044843049327353,-0.596901229633461,-0.5870795018042138,2.910720521475963,0.2318840579710145,-0.6956521739130435,0.6376811594202898,0.6376811594202898,1.681159420289855,-1.6231884057971016,-1.411764705882353,-0.47058823529411764,-0.6470588235294118,-0.7058823529411765
0,1,0,0,5.781354259668249,0.11594202898550725,4.131182946150659,6,5,4,3,2,1,0,6,5,4,0,0,1,1,1,1,0,0,0,1,1,1,0,0,0,0,0,1,1,0,0,0,0,0,0,0,1,0,0,0,4.987693472807308,0.7654285714285715,8.105445815208348,8.930946777912478,15.94882467010358,0.07777541521959982,-0.6005192353080009,-0.5981238097477253,-0.5881969502968223,-0.5870795018042138,-0.2318840579710145,0.2318840579710145,-0.6956521739130435,0.6376811594202898,0.6376811594202898,1.681159420289855,-1.6470588235294117,-1.411764705882353,-0.47058823529411764,-0.6470588235294118
1,1,0,0,5.054884638879753,1.2753623188405796,3.9627906986094636,0,6,5,4,3,2,1,0,6,5,1,0,0,1,1,1,1,0,0,0,0,1,1,0,0,0,0,0,1,1,0,0,0,0,0,0,0,1,0,0,5.828607942443318,5.024571428571429,0.7702583850341107,8.107347452993892,8.885777798798657,15.936210929194132,0.07769648336086858,-0.5941739355324102,-0.5894075194971482,-0.5881969502968223,0.17391304347826086,-0.2318840579710145,0.2318840579710145,-0.6956521739130435,0.6376811594202898,0.6376811594202898,1.7058823529411764,-1.6470588235294117,-1.411764705882353,-0.47058823529411764
2,1,0,0,5.8643390818100665,1.565217391304348,3.815539254326316,1,0,6,5,4,3,2,1,0,6,1,1,0,0,1,1,1,1,0,0,0,0,1,1,0,0,0,0,0,1,0,0,0,0,0,0,0,0,1,0,5.096842902447105,5.870571428571428,5.022415555397086,0.7721600228196535,8.066404956723265,8.880005670139628,15.920037762567855,0.08144264453483174,-0.5854964497730183,-0.5894075194971482,1.3333333333333333,0.17391304347826086,-0.2318840579710145,0.2318840579710145,-0.6956521739130435,0.6376811594202898,0.6470588235294118,1.7058823529411764,-1.6470588235294117,-1.411764705882353
3,1,0,0,1.6975236126121895,1.7391304347826086,1.2254125080137435,2,1,0,6,5,4,3,2,1,0,1,1,1,0,0,1,1,1,1,0,0,0,0,1,1,0,0,0,0,0,0,0,0,0,0,0,0,0,0,1,5.912197661759833,5.134380952380953,5.867027977845919,5.024317193182629,0.7688596698670955,8.061426512627875,8.870993627566676,15.863071027202409,0.08348271446862993,-0.5854964497730183,1.6231884057971016,1.3333333333333333,0.17391304347826086,-0.2318840579710145,0.2318840579710145,-0.6956521739130435,0.6470588235294118,0.6470588235294118,1.7058823529411764,-1.6470588235294117
4,1,0,0,3.2469808749588838,0.927536231884058,2.335405598452998,3,2,1,0,6,5,4,3,2,1,1,1,1,1,0,0,1,1,1,1,0,0,0,0,1,1,0,0,0,0,0,0,0,0,0,0,0,0,0,0,1.7150092298953947,5.954666666666666,5.1320449737336284,5.868929615631463,4.999195951378707,0.7709499846433719,8.053245220675008,8.841041073989608,15.71006867652194,0.08348271446862993,1.7971014492753623,1.6231884057971016,1.3333333333333333,0.17391304347826086,-0.2318840579710145,0.2318840579710145,-0.7058823529411765,0.6470588235294118,0.6470588235294118,1.7058823529411764
5,0,1,0,4.055495512428927,0.2898550724637681,3.0048879563561828,4,3,2,1,0,6,5,4,3,2,1,1,1,1,1,0,0,1,1,1,0,0,0,0,0,1,1,0,0,0,0,0,0,0,0,0,0,0,0,0,3.2757608747100866,1.7320952380952381,5.950985286077635,5.133946611519171,5.839474057607718,4.9971885557681865,0.770167571394855,8.026426539392942,8.75702479338843,15.71006867652194,0.9855072463768116,1.7971014492753623,1.6231884057971016,1.3333333333333333,0.17391304347826086,-0.2318840579710145,0.23529411764705882,-0.7058823529411765,0.6470588235294118,0.6470588235294118
6,0,1,0,2.1691179925755373,-0.11594202898550725,1.3713194325917768,5,4,3,2,1,0,6,5,4,3,0,1,1,1,1,1,0,0,1,1,1,0,0,0,0,0,1,1,0,0,0,0,0,0,0,0,0,0,0,0,4.090168978084915,3.3022857142857145,1.735339561197081,5.952886923863177,5.10826278200823,5.836652727573417,4.99211706396035,0.7712599628523735,7.9504132231404965,8.75702479338843,0.34782608695652173,0.9855072463768116,1.7971014492753623,1.6231884057971016,1.3333333333333333,0.17391304347826086,-0.23529411764705882,0.23529411764705882,-0.7058823529411765,0.6470588235294118
0,1,0,0,3.2919975565058035,1.0434782608695652,2.0113164411962607,6,5,4,3,2,1,0,6,5,4,0,0,1,1,1,1,1,0,0,1,1,1,0,0,0,0,0,1,1,0,0,0,0,0,0,0,0,0,0,0,2.190041179533299,4.121619047619047,3.3029546697092873,1.737241198982624,5.923000520266754,5.106149738937322,5.830729289591693,4.9770296005454595,0.7665231055756023,7.9504132231404965,-0.057971014492753624,0.34782608695652173,0.9855072463768116,1.7971014492753623,1.6231884057971016,1.3333333333333333,0.17647058823529413,-0.23529411764705882,0.23529411764705882,-0.7058823529411765
1,1,0,0,3.7928198862835396,2.0869565217391304,2.337183950921814,0,6,5,4,3,2,1,0,6,5,1,0,0,1,1,1,1,1,0,0,0,1,1,0,0,0,0,0,1,1,0,0,0,0,0,0,0,0,0,0,3.321105694135466,2.21,4.120944163160522,3.3048563074948305,1.7289883176465024,5.920098282420205,5.100967665801275,5.812427997084616,4.930974275404494,0.7665231055756023,1.1014492753623188,-0.057971014492753624,0.34782608695652173,0.9855072463768116,1.7971014492753623,1.6231884057971016,1.3529411764705883,0.17647058823529413,-0.23529411764705882,0.23529411764705882
2,1,0,0,4.979888163150228,0.6376811594202898,3.8937505767181375,1,0,6,5,4,3,2,1,0,6,1,1,0,0,1,1,1,1,1,0,0,0,1,1,0,0,0,0,0,1,0,0,0,0,0,0,0,0,0,0,3.8255786434420407,3.3479047619047617,2.212460481589769,4.122845800946065,3.288558861088776,1.7301486049093961,5.914090158130754,5.0854630522182775,5.7581655220579675,4.930974275404494,2.1449275362318843,1.1014492753623188,-0.057971014492753624,0.34782608695652173,0.9855072463768116,1.7971014492753623,1.6470588235294117,1.3529411764705883,0.17647058823529413,-0.23529411764705882
3,1,0,0,1.324796767069217,-0.2898550724637681,0.823991353901992,2,1,0,6,5,4,3,2,1,0,1,1,1,0,0,1,1,1,1,1,0,0,0,1,1,0,0,0,0,0,0,0,0,0,0,0,0,0,0,0,5.021299758602735,3.8554285714285714,3.3484988946730367,2.2143621193753122,4.1023506597928385,3.288208472133627,1.728392730705688,5.895469400230409,5.038342451402631,5.7581655220579675,0.6956521739130435,2.1449275362318843,1.1014492753623188,-0.057971014492753624,0.34782608695652173,0.9855072463768116,1.8235294117647058,1.6470588235294117,1.3529411764705883,0.17647058823529413
4,1,0,0,2.477374183544007,0.34782608695652173,1.9974683707167307,3,2,1,0,6,5,4,3,2,1,1,1,1,1,0,0,1,1,1,1,0,0,0,0,1,1,0,0,0,0,0,0,0,0,0,0,0,0,0,0,1.339565484924504,5.058380952380952,3.855190282630916,3.35040053245858,2.20366078607577,4.101211992345312,3.284871371253246,1.7258128982202054,5.8403911069724135,5.038342451402631,-0.2318840579710145,0.6956521739130435,2.1449275362318843,1.1014492753623188,-0.057971014492753624,0.34782608695652173,1.0,1.8235294117647058,1.6470588235294117,1.3529411764705883
5,0,1,0,-0.003148348291903651,0.927536231884058,-0.1721911992259362,4,3,2,1,0,6,5,4,3,2,1,1,1,1,1,0,0,1,1,1,0,0,0,0,0,1,1,0,0,0,0,0,0,0,0,0,0,0,0,0,2.500544327164292,1.3543809523809525,5.056169626090471,3.857091920416458,3.3338693657475282,2.2043612823965795,4.097049799386358,3.276326616979757,1.7116982889069956,5.8403911069724135,0.4057971014492754,-0.2318840579710145,0.6956521739130435,2.1449275362318843,1.1014492753623188,-0.057971014492753624,0.35294117647058826,1.0,1.8235294117647058,1.6470588235294117
6,0,1,0,10.12099995300973,-0.11594202898550725,2.7205847615337095,5,4,3,2,1,0,6,5,4,3,0,1,1,1,1,1,0,0,1,1,1,0,0,0,0,0,1,1,0,0,0,0,0,0,0,0,0,0,0,0,0.0019406446726936933,2.5223809523809524,1.3582447883239441,5.0580712638760135,3.837960554320579,3.3334750868240133,2.2021241444418225,4.0853925187501465,3.2469793970434173,1.7116982889069956,0.9855072463768116,0.4057971014492754,-0.2318840579710145,0.6956521739130435,2.1449275362318843,1.1014492753623188,-0.058823529411764705,0.35294117647058826,1.0,1.8235294117647058
0,1,0,0,7.223297777360088,-0.4057971014492754,0.697366868324519,6,5,4,3,2,1,0,6,5,4,0,0,1,1,1,1,1,0,0,1,1,1,0,0,0,0,0,1,1,0,0,0,0,0,0,0,0,0,0,0,10.199886401287452,0.008666666666666635,2.524329078418788,1.3601464261094869,5.032776805562124,3.8370779880454555,3.330092046259146,2.197728822326194,4.048096845536025,3.2469793970434173,-0.057971014492753624,0.9855072463768116,0.4057971014492754,-0.2318840579710145,0.6956521739130435,2.1449275362318843,1.1176470588235294,-0.058823529411764705,0.35294117647058826,1.0
1,1,0,0,1.095014332033269,0.2898550724637681,-0.1036617053326651,0,6,5,4,3,2,1,0,6,5,1,0,0,1,1,1,1,1,0,0,0,1,1,0,0,0,0,0,1,1,0,0,0,0,0,0,0,0,0,0,7.281062147962323,10.268285714285716,0.014737692837956663,2.5262307162043314,1.3538286903466867,5.030736881895717,3.833183856502242,3.3213739919591845,2.1789780002328016,4.048096845536025,-0.34782608695652173,-0.057971014492753624,0.9855072463768116,0.4057971014492754,-0.2318840579710145,0.6956521739130435,2.176470588235294,1.1176470588235294,-0.058823529411764705,0.35294117647058826
2,1,0,0,0.2788872703350406,1.0434782608695652,0.06899287874977358,1,0,6,5,4,3,2,1,0,6,1,1,0,0,1,1,1,1,1,0,0,0,1,1,0,0,0,0,0,1,0,0,0,0,0,0,0,0,0,0,1.108108108108108,7.331809523809524,10.257529297107135,0.01663933062349949,2.51392895993946,1.355352375552248,5.0256313429313195,3.82253779418334,3.2915842160400417,2.1789780002328016,0.34782608695652173,-0.34782608695652173,-0.057971014492753624,0.9855072463768116,0.4057971014492754,-0.2318840579710145,0.7058823529411765,2.176470588235294,1.1176470588235294,-0.058823529411764705
3,1,0,0,2.3618720924768577,0.11594202898550725,2.00869374321885,2,1,0,6,5,4,3,2,1,0,1,1,1,0,0,1,1,1,1,1,0,0,0,1,1,0,0,0,0,0,0,0,0,0,0,0,0,0,0,0,0.2860320916362948,1.1215238095238094,7.325869405025078,10.259430934892677,0.017216099891216887,2.514328915349541,1.3539768704271893,5.0104154421272895,3.7878244674659527,3.2915842160400417,1.1014492753623188,0.34782608695652173,-0.34782608695652173,-0.057971014492753624,0.9855072463768116,0.4057971014492754,-0.23529411764705882,0.7058823529411765,2.176470588235294,1.1176470588235294
4,1,0,0,1.0491518255721066,0.7536231884057971,0.9100056350010967,3,2,1,0,6,5,4,3,2,1,1,1,1,1,0,0,1,1,1,1,0,0,0,0,1,1,0,0,0,0,0,0,0,0,0,0,0,0,0,0,2.3842003123964597,0.2944761904761905,1.1257695690413367,7.327771042810621,10.20744454429362,0.020034493349398774,2.5117772008496586,1.352831918745445,4.964032126644163,3.7878244674659527,0.17391304347826086,1.1014492753623188,0.34782608695652173,-0.34782608695652173,-0.057971014492753624,0.9855072463768116,0.4117647058823529,-0.23529411764705882,0.7058823529411765,2.176470588235294
5,0,1,0,-0.5850758892909169,0.2898550724637681,-0.6428342105480064,4,3,2,1,0,6,5,4,3,2,1,1,1,1,1,0,0,1,1,1,0,0,0,0,0,1,1,0,0,0,0,0,0,0,0,0,0,0,0,0,1.0619112983386187,2.4053333333333335,0.3000784425586537,1.1276712068268797,7.290829116019486,10.200392184657549,0.020014160962945525,2.5061951896174737,1.342381562099872,4.964032126644163,0.8115942028985508,0.17391304347826086,1.1014492753623188,0.34782608695652173,-0.34782608695652173,-0.057971014492753624,1.0,0.4117647058823529,-0.23529411764705882,0.7058823529411765
6,0,1,0,6.281518725623797,1.0434782608695652,6.459028234712773,5,4,3,2,1,0,6,5,4,3,0,1,1,1,1,1,0,0,1,1,1,0,0,0,0,0,1,1,0,0,0,0,0,0,0,0,0,0,0,0,-0.5842287120745965,1.075047619047619,2.4074734364971833,0.3019800803441965,1.1225464692806129,7.286601932572591,10.190040122728346,0.023981379164413487,2.4844139215458036,1.342381562099872,0.34782608695652173,0.8115942028985508,0.17391304347826086,1.1014492753623188,0.34782608695652173,-0.34782608695652173,-0.058823529411764705,1.0,0.4117647058823529,-0.23529411764705882
0,1,0,0,-0.33311404539260386,0.2318840579710145,-0.42132137257610014,6,5,4,3,2,1,0,6,5,4,0,0,1,1,1,1,1,0,0,1,1,1,0,0,0,0,0,1,1,0,0,0,0,0,0,0,0,0,0,0,6.332418232593363,-0.581047619047619,1.0793696070740926,2.409375074282726,0.30109256018540415,1.124294185744324,7.279206986075054,10.155032562951122,0.026585962053311575,2.4844139215458036,1.1014492753623188,0.34782608695652173,0.8115942028985508,0.17391304347826086,1.1014492753623188,0.34782608695652173,-0.35294117647058826,-0.058823529411764705,1.0,0.4117647058823529
1,1,0,0,0.36337578121328884,0.6376811594202898,0.10737320694687277,0,6,5,4,3,2,1,0,6,5,1,0,0,1,1,1,1,1,0,0,0,1,1,0,0,0,0,0,1,1,0,0,0,0,0,0,0,0,0,0,-0.3304302551237753,6.377428571428571,-0.5740093655660938,1.0812712448596353,2.3976729886960224,0.3036359770359346,1.1231531744158603,7.255354665788917,10.058107321615644,0.026585962053311575,0.2898550724637681,1.1014492753623188,0.34782608695652173,0.8115942028985508,0.17391304347826086,1.1014492753623188,0.35294117647058826,-0.35294117647058826,-0.058823529411764705,1.0
2,1,0,0,-0.5276537756684367,0.2898550724637681,-0.5854842532578167,1,0,6,5,4,3,2,1,0,6,1,1,0,0,1,1,1,1,1,0,0,0,1,1,0,0,0,0,0,1,0,0,0,0,0,0,0,0,0,0,0.37113646045344817,-0.32571428571428573,6.373053792578858,-0.572107727780551,1.0763846190228443,2.3981855553193,0.30332782629218796,1.1228928126395974,7.186916540565709,10.058107321615644,0.6956521739130435,0.2898550724637681,1.1014492753623188,0.34782608695652173,0.8115942028985508,0.17391304347826086,1.1176470588235294,0.35294117647058826,-0.35294117647058826,-0.058823529411764705
3,1,0,0,-0.20445467788167854,-0.11594202898550725,-0.268904544126803,2,1,0,6,5,4,3,2,1,0,1,1,1,0,0,1,1,1,1,1,0,0,0,1,1,0,0,0,0,0,0,0,0,0,0,0,0,0,0,0,-0.5263880342689449,0.38009523809523804,-0.31909482041408166,6.374955430364402,-0.5685096722319444,1.078177050109859,2.395751711116356,0.30620929631109967,1.114701431730881,7.186916540565709,0.34782608695652173,0.6956521739130435,0.2898550724637681,1.1014492753623188,0.34782608695652173,0.8115942028985508,0.17647058823529413,1.1176470588235294,0.35294117647058826,-0.35294117647058826
4,1,0,0,-0.16893003148348296,-0.11594202898550725,-0.24309692262196622,3,2,1,0,6,5,4,3,2,1,1,1,1,1,0,0,1,1,1,1,0,0,0,0,1,1,0,0,0,0,0,0,0,0,0,0,0,0,0,0,-0.2008330572253514,-0.5228571428571428,0.38555706101880244,-0.31719318262853885,6.342903088492645,-0.5651239161764358,1.0770828416332312,2.3906143465074177,0.30604120591316497,1.114701431730881,-0.057971014492753624,0.34782608695652173,0.6956521739130435,0.2898550724637681,1.1014492753623188,0.34782608695652173,0.8235294117647058,0.17647058823529413,1.1176470588235294,0.35294117647058826
5,0,1,0,-0.3169493914759645,0.6376811594202898,-0.41155993435816773,4,3,2,1,0,6,5,4,3,2,1,1,1,1,1,0,0,1,1,1,0,0,0,0,0,1,1,0,0,0,0,0,0,0,0,0,0,0,0,0,-0.1650494627727552,-0.1953333333333333,-0.5159143312177613,0.38745869880434525,-0.31490327768055626,6.339594112505021,-0.564550389426481,1.0769990360426023,2.369968571761145,0.30604120591316497,-0.057971014492753624,-0.057971014492753624,0.34782608695652173,0.6956521739130435,0.2898550724637681,1.1014492753623188,0.35294117647058826,0.8235294117647058,0.17647058823529413,1.1176470588235294
6,0,1,0,-0.5081058220948265,-0.4057971014492754,-0.548504332397115,5,4,3,2,1,0,6,5,4,3,0,1,1,1,1,1,0,0,1,1,1,0,0,0,0,0,1,1,0,0,0,0,0,0,0,0,0,0,0,0,-0.31414777299190605,-0.1593333333333333,-0.18892771399367703,-0.5140126934322184,0.3861325261315801,-0.31176317716823776,6.333160254897334,-0.5583429337220511,1.0692585263648002,2.369968571761145,0.6956521739130435,-0.057971014492753624,-0.057971014492753624,0.34782608695652173,0.6956521739130435,0.2898550724637681,1.1176470588235294,0.35294117647058826,0.8235294117647058,0.17647058823529413
0,1,0,0,0.5824444340021616,-0.057971014492753624,0.711912529021864,6,5,4,3,2,1,0,6,5,4,0,0,1,1,1,1,1,0,0,1,1,1,0,0,0,0,0,1,1,0,0,0,0,0,0,0,0,0,0,0,-0.506697590760638,-0.3093333333333333,-0.15298675984691812,-0.18702607620813422,-0.5107127654542875,0.38859356911663956,-0.3114467783809299,6.312933486939553,-0.5500174601326969,1.0692585263648002,-0.34782608695652173,0.6956521739130435,-0.057971014492753624,-0.057971014492753624,0.34782608695652173,0.6956521739130435,0.29411764705882354,1.1176470588235294,0.35294117647058826,0.8235294117647058
1,1,0,0,-0.020346788214839588,0.2898550724637681,0.10236945463522565,0,6,5,4,3,2,1,0,6,5,1,0,0,1,1,1,1,1,0,0,0,1,1,0,0,0,0,0,1,1,0,0,0,0,0,0,0,0,0,0,0.5918019595777915,-0.5030476190476191,-0.3027407354584135,-0.1510851220613753,-0.1854041526746441,-0.5073829943062347,0.38819919754543314,-0.30620929631109967,6.253753928529857,-0.5500174601326969,0.0,-0.34782608695652173,0.6956521739130435,-0.057971014492753624,-0.057971014492753624,0.34782608695652173,0.7058823529411765,0.29411764705882354,1.1176470588235294,0.35294117647058826
2,1,0,0,-0.31300220854283173,0.17391304347826086,-0.27853008292478065,1,0,6,5,4,3,2,1,0,6,1,1,0,0,1,1,1,1,1,0,0,0,1,1,0,0,0,0,0,1,0,0,0,0,0,0,0,0,0,0,-0.01538315899086477,0.6020952380952381,-0.4961372982481162,-0.3008390976728707,-0.14964763751596272,-0.1823894913412242,-0.5068680670285579,0.39075541344367903,-0.30036084274240477,6.253753928529857,0.34782608695652173,0.0,-0.34782608695652173,0.6956521739130435,-0.057971014492753624,-0.057971014492753624,0.35294117647058826,0.7058823529411765,0.29411764705882354,1.1176470588235294
3,1,0,0,-0.5652459940792257,-0.34782608695652173,-0.5928167908960255,2,1,0,6,5,4,3,2,1,0,1,1,1,0,0,1,1,1,1,1,0,0,0,1,1,0,0,0,0,0,0,0,0,0,0,0,0,0,0,0,-0.31017181805272875,-0.008761904761904778,0.6071929449238156,-0.4942356604625734,-0.2986331173438017,-0.14666761168993778,-0.182204389898513,-0.5008816683516328,0.3897567221510883,-0.30036084274240477,0.2318840579710145,0.34782608695652173,0.0,-0.34782608695652173,0.6956521739130435,-0.057971014492753624,-0.058823529411764705,0.35294117647058826,0.7058823529411765,0.29411764705882354
4,1,0,0,-0.5552840562003667,-0.2318840579710145,-0.579419440090369,3,2,1,0,6,5,4,3,2,1,1,1,1,1,0,0,1,1,1,1,0,0,0,0,1,1,0,0,0,0,0,0,0,0,0,0,0,0,0,0,-0.5642542717849197,-0.30533333333333335,-0.002662292899759929,0.6090945827093585,-0.4910372227214681,-0.29550877690363114,-0.14651876327590266,-0.17746220581666,-0.49312070771737865,0.3897567221510883,-0.2898550724637681,0.2318840579710145,0.34782608695652173,0.0,-0.34782608695652173,0.6956521739130435,-0.058823529411764705,-0.058823529411764705,0.35294117647058826,0.7058823529411765
5,0,1,0,-0.5524646398195574,-0.2318840579710145,-0.5867700708466193,4,3,2,1,0,6,5,4,3,2,1,1,1,1,1,0,0,1,1,1,0,0,0,0,0,1,1,0,0,0,0,0,0,0,0,0,0,0,0,0,-0.5542197188431864,-0.560952380952381,-0.2987472961087737,-0.0007606551142171033,0.6066310362767818,-0.4877265102653152,-0.2952088742034457,-0.14191333787882346,-0.17287859387731344,-0.49312070771737865,-0.17391304347826086,-0.2898550724637681,0.2318840579710145,0.34782608695652173,0.0,-0.34782608695652173,0.7058823529411765,-0.058823529411764705,-0.058823529411764705,0.35294117647058826
6,0,1,0,-0.41703867299469016,-0.2898550724637681,-0.4174944770757179,5,4,3,2,1,0,6,5,4,3,0,1,1,1,1,1,0,0,1,1,1,0,0,0,0,0,1,1,0,0,0,0,0,0,0,0,0,0,0,0,-0.5513797510294883,-0.5508571428571429,-0.5539470869286173,-0.2968456583232309,-9.459395544629537e-05,0.6088784936329058,-0.48723153174415856,-0.2900336209531422,-0.1376789663601443,-0.17287859387731344,-0.17391304347826086,-0.17391304347826086,-0.2898550724637681,0.2318840579710145,0.34782608695652173,0.0,-0.35294117647058826,0.7058823529411765,-0.058823529411764705,-0.058823529411764705
0,1,0,0,-0.5104553357455008,0.11594202898550725,-0.5176865254719941,6,5,4,3,2,1,0,6,5,4,0,0,1,1,1,1,1,0,0,1,1,1,0,0,0,0,0,1,1,0,0,0,0,0,0,0,0,0,0,0,-0.414966630378189,-0.548,-0.5438684066652405,-0.5520454491430744,-0.2946601712150594,0.0027405674864744134,0.6082605617181969,-0.48132038652340536,-0.2843440810150157,-0.1376789663601443,-0.2318840579710145,-0.17391304347826086,-0.17391304347826086,-0.2898550724637681,0.2318840579710145,0.34782608695652173,0.0,-0.35294117647058826,0.7058823529411765,-0.058823529411764705
1,1,0,0,-0.2861237723791176,-0.11594202898550725,-0.23550424615325233,0,6,5,4,3,2,1,0,6,5,1,0,0,1,1,1,1,1,0,0,0,1,1,0,0,0,0,0,1,1,0,0,0,0,0,0,0,0,0,0,-0.5090642306053864,-0.4107619047619047,-0.5410159499869263,-0.5419667688796976,-0.5485503476327863,-0.2915396791645994,0.0027377861694595825,0.6099734323936709,-0.47375160051216386,-0.2843440810150157,0.17391304347826086,-0.2318840579710145,-0.17391304347826086,-0.17391304347826086,-0.2898550724637681,0.2318840579710145,0.35294117647058826,0.0,-0.35294117647058826,0.7058823529411765
2,1,0,0,-0.11507917861002778,0.4057971014492754,0.007079032950985542,1,0,6,5,4,3,2,1,0,6,1,1,0,0,1,1,1,1,1,0,0,0,1,1,0,0,0,0,0,1,0,0,0,0,0,0,0,0,0,0,-0.2830974582288067,-0.5054285714285714,-0.4040029475385675,-0.5391143122013834,-0.5385233883554841,-0.5451839251541568,-0.2912438045787113,0.006771212940540276,0.6068210918402979,-0.47375160051216386,-0.057971014492753624,0.17391304347826086,-0.2318840579710145,-0.17391304347826086,-0.17391304347826086,-0.2898550724637681,0.23529411764705882,0.35294117647058826,0.0,-0.35294117647058826
3,1,0,0,-0.407358676753912,0.2318840579710145,-0.4168853421016604,2,1,0,6,5,4,3,2,1,0,1,1,1,0,0,1,1,1,1,1,0,0,0,1,1,0,0,0,0,0,0,0,0,0,0,0,0,0,0,0,-0.11080607753112129,-0.2780952380952381,-0.4985143454800447,-0.4021013097530247,-0.5356855696920967,-0.5351666784794575,-0.544630634883172,-0.2860837467378271,0.009544872541031299,0.6068210918402979,0.463768115942029,-0.057971014492753624,0.17391304347826086,-0.2318840579710145,-0.17391304347826086,-0.17391304347826086,-0.29411764705882354,0.23529411764705882,0.35294117647058826,0.0
4,1,0,0,-0.5660918189934685,0.6956521739130435,-0.6044856458248019,3,2,1,0,6,5,4,3,2,1,1,1,1,1,0,0,1,1,1,1,0,0,0,0,1,1,0,0,0,0,0,0,0,0,0,0,0,0,0,0,-0.4052160742178255,-0.10476190476190476,-0.27155387577551166,-0.4966127076945019,-0.39937567989405476,-0.5323316086658634,-0.5346235544016993,-0.5384995180213011,-0.2804330112908858,0.009544872541031299,0.2898550724637681,0.463768115942029,-0.057971014492753624,0.17391304347826086,-0.2318840579710145,-0.17391304347826086,-0.17647058823529413,-0.29411764705882354,0.23529411764705882,0.35294117647058826
5,0,1,0,-0.5604529862318501,-0.463768115942029,-0.6094049635855896,4,3,2,1,0,6,5,4,3,2,1,1,1,1,1,0,0,1,1,1,0,0,0,0,0,1,1,0,0,0,0,0,0,0,0,0,0,0,0,0,-0.5651062621290291,-0.40095238095238095,-0.09850483729111698,-0.26965223798996885,-0.4934020716076243,-0.3961537552862238,-0.5317913618126032,-0.5285307878588391,-0.5303689908043301,-0.2804330112908858,0.7536231884057971,0.2898550724637681,0.463768115942029,-0.057971014492753624,0.17391304347826086,-0.2318840579710145,-0.17647058823529413,-0.17647058823529413,-0.29411764705882354,0.23529411764705882
6,0,1,0,-0.601616465391664,0.2318840579710145,-0.6487205049507797,5,4,3,2,1,0,6,5,4,3,0,1,1,1,1,1,0,0,1,1,1,0,0,0,0,0,1,1,0,0,0,0,0,0,0,0,0,0,0,0,-0.5594263265016329,-0.5618095238095239,-0.3942095129430222,-0.09660319950557414,-0.2676062999574328,-0.49008906844331035,-0.3957517111163558,-0.525709449133614,-0.520498195786288,-0.5303689908043301,-0.4057971014492754,0.7536231884057971,0.2898550724637681,0.463768115942029,-0.057971014492753624,0.17391304347826086,-0.23529411764705882,-0.17647058823529413,-0.17647058823529413,-0.29411764705882354
0,1,0,0,-0.533856491706217,-0.2898550724637681,-0.5837107256204783,6,5,4,3,2,1,0,6,5,4,0,0,1,1,1,1,1,0,0,1,1,1,0,0,0,0,0,1,1,0,0,0,0,0,0,0,0,0,0,0,-0.6008898565816254,-0.5560952380952381,-0.5548028239321116,-0.39230787515747934,-0.09544530104526323,-0.2645120136083351,-0.48959169223507193,-0.39019114569863395,-0.5177045745547666,-0.520498195786288,0.2898550724637681,-0.4057971014492754,0.7536231884057971,0.2898550724637681,0.463768115942029,-0.057971014492753624,0.17647058823529413,-0.23529411764705882,-0.17647058823529413,-0.17647058823529413
1,1,0,0,-0.45340914430712853,-0.34782608695652173,-0.5058415641942823,0,6,5,4,3,2,1,0,6,5,1,0,0,1,1,1,1,1,0,0,0,1,1,0,0,0,0,0,1,1,0,0,0,0,0,0,0,0,0,0,-0.5326359634590808,-0.5978095238095238,-0.5490979105754832,-0.5529011861465687,-0.38963250248309134,-0.09251777825028934,-0.26424356856266223,-0.4836715021277596,-0.383517634734024,-0.5177045745547666,-0.2318840579710145,0.2898550724637681,-0.4057971014492754,0.7536231884057971,0.2898550724637681,0.463768115942029,-0.058823529411764705,0.17647058823529413,-0.23529411764705882,-0.17647058823529413
2,1,0,0,-0.5135566937643908,-0.2898550724637681,-0.5462398781569224,1,0,6,5,4,3,2,1,0,6,1,1,0,0,1,1,1,1,1,0,0,0,1,1,0,0,0,0,0,1,0,0,0,0,0,0,0,0,0,0,-0.45160221517489463,-0.5291428571428571,-0.5907437780788705,-0.5471962727899403,-0.5494016932318025,-0.3864200155928839,-0.09242388482416797,-0.2591869842240143,-0.47607961820509836,-0.383517634734024,-0.2898550724637681,-0.2318840579710145,0.2898550724637681,-0.4057971014492754,0.7536231884057971,0.2898550724637681,0.47058823529411764,-0.058823529411764705,0.17647058823529413,-0.23529411764705882
3,1,0,0,0.8294253089610452,-0.7536231884057971,1.0155624939312666,2,1,0,6,5,4,3,2,1,0,1,1,1,0,0,1,1,1,1,1,0,0,0,1,1,0,0,0,0,0,0,0,0,0,0,0,0,0,0,0,-0.5121881952004543,-0.44761904761904764,-0.5221897359100526,-0.5888421402933276,-0.5437260559050276,-0.5460344460982351,-0.38602784989379274,-0.08802576822702372,-0.25380048888371554,-0.47607961820509836,-0.2318840579710145,-0.2898550724637681,-0.2318840579710145,0.2898550724637681,-0.4057971014492754,0.7536231884057971,0.29411764705882354,0.47058823529411764,-0.058823529411764705,0.17647058823529413
4,1,0,0,-0.33405385085287354,-0.463768115942029,-0.27480008612324186,3,2,1,0,6,5,4,3,2,1,1,1,1,1,0,0,1,1,1,1,0,0,0,0,1,1,0,0,0,0,0,0,0,0,0,0,0,0,0,0,0.840583140057746,-0.5085714285714286,-0.4407996386888207,-0.5202880981245097,-0.5851582083904839,-0.5403643064710468,-0.5454802926599008,-0.38050454940869444,-0.08432080083808637,-0.25380048888371554,-0.6956521739130435,-0.2318840579710145,-0.2898550724637681,-0.2318840579710145,0.2898550724637681,-0.4057971014492754,0.7647058823529411,0.29411764705882354,0.47058823529411764,-0.058823529411764705
5,0,1,0,-0.6026502513979607,-0.9855072463768116,-0.6591405326654158,4,3,2,1,0,6,5,4,3,2,1,1,1,1,1,0,0,1,1,1,0,0,0,0,0,1,1,0,0,0,0,0,0,0,0,0,0,0,0,0,-0.33137691106167455,0.8523809523809524,-0.5016520478261903,-0.4388980009032779,-0.5169559665137398,-0.5817563257495215,-0.5398159074817087,-0.5393459196388687,-0.373926201839134,-0.08432080083808637,-0.4057971014492754,-0.6956521739130435,-0.2318840579710145,-0.2898550724637681,-0.2318840579710145,0.2898550724637681,-0.4117647058823529,0.7647058823529411,0.29411764705882354,0.47058823529411764
6,0,1,0,-0.564212208072929,-1.391304347826087,-0.59674299751099,5,4,3,2,1,0,6,5,4,3,0,1,1,1,1,1,0,0,1,1,1,0,0,0,0,0,1,1,0,0,0,0,0,0,0,0,0,0,0,0,-0.6019311781133146,-0.32666666666666666,0.8570681499441394,-0.49975041004064746,-0.4359835406517524,-0.513620147896142,-0.5811659192825112,-0.5337032421884185,-0.5312070771737866,-0.373926201839134,-0.927536231884058,-0.4057971014492754,-0.6956521739130435,-0.2318840579710145,-0.2898550724637681,-0.2318840579710145,0.29411764705882354,-0.4117647058823529,0.7647058823529411,0.29411764705882354
0,1,0,0,-0.4205159531976882,-0.5797101449275363,-0.4168206089460015,6,5,4,3,2,1,0,6,5,4,0,0,1,1,1,1,1,0,0,1,1,1,0,0,0,0,0,1,1,0,0,0,0,0,0,0,0,0,0,0,-0.5632129502532304,-0.5988571428571429,-0.320045639306853,0.8589697877296822,-0.49652367213735044,-0.4327261558815885,-0.5130988907245693,-0.5748947875767052,-0.5256198347107438,-0.5312070771737866,-1.3333333333333333,-0.927536231884058,-0.4057971014492754,-0.6956521739130435,-0.2318840579710145,-0.2898550724637681,-0.23529411764705882,0.29411764705882354,-0.4117647058823529,0.7647058823529411
1,1,0,0,-0.335933461773413,0.6956521739130435,-0.2662541033683958,0,6,5,4,3,2,1,0,6,5,1,0,0,1,1,1,1,1,0,0,0,1,1,0,0,0,0,0,1,1,0,0,0,0,0,0,0,0,0,0,-0.41846925734841667,-0.5599047619047619,-0.591789678860919,-0.31814400152131017,0.8552239511895189,-0.49320764523826394,-0.432286995515695,-0.5070886135471282,-0.5664067046909557,-0.5256198347107438,-0.5217391304347826,-1.3333333333333333,-0.927536231884058,-0.4057971014492754,-0.6956521739130435,-0.2318840579710145,-0.29411764705882354,-0.23529411764705882,0.29411764705882354,-0.4117647058823529
2,1,0,0,-0.08218598750058743,0.463768115942029,-0.18585110127783652,1,0,6,5,4,3,2,1,0,6,1,1,0,0,1,1,1,1,1,0,0,0,1,1,0,0,0,0,0,1,0,0,0,0,0,0,0,0,0,0,-0.3332702229374733,-0.4142857142857143,-0.5529011861465687,-0.5898880410753762,-0.3158492172350187,0.8572306093037542,-0.49270710408307755,-0.42658641525403806,-0.4992666744267256,-0.5664067046909557,0.7536231884057971,-0.5217391304347826,-1.3333333333333333,-0.927536231884058,-0.4057971014492754,-0.6956521739130435,-0.23529411764705882,-0.29411764705882354,-0.23529411764705882,0.29411764705882354
3,1,0,0,-0.36412762558150474,0.927536231884058,-0.3045214500950592,2,1,0,6,5,4,3,2,1,0,1,1,1,0,0,1,1,1,1,1,0,0,0,1,1,0,0,0,0,0,0,0,0,0,0,0,0,0,0,0,-0.07767311970464333,-0.32857142857142857,-0.40752097744182175,-0.5509995483610259,-0.5861987419003926,-0.31270820043943576,0.8563606325230116,-0.48677497472550724,-0.4195553486206495,-0.4992666744267256,0.5217391304347826,0.7536231884057971,-0.5217391304347826,-1.3333333333333333,-0.927536231884058,-0.4057971014492754,-0.7058823529411765,-0.23529411764705882,-0.29411764705882354,-0.23529411764705882
4,1,0,0,0.74484281753677,-0.463768115942029,0.9426118461272787,3,2,1,0,6,5,4,3,2,1,1,1,1,1,0,0,1,1,1,1,0,0,0,0,1,1,0,0,0,0,0,0,0,0,0,0,0,0,0,0,-0.36166990107445446,-0.07142857142857142,-0.32194727709239584,-0.40561933965627894,-0.5475098141228776,-0.5827958513478394,-0.31239084257729516,0.8571227047233912,-0.47915260155977185,-0.4195553486206495,0.9855072463768116,0.5217391304347826,0.7536231884057971,-0.5217391304347826,-1.3333333333333333,-0.927536231884058,-0.4117647058823529,-0.7058823529411765,-0.23529411764705882,-0.29411764705882354
5,0,1,0,0.3407264696207885,-0.6376811594202898,0.5709233139274591,4,3,2,1,0,6,5,4,3,2,1,1,1,1,1,0,0,1,1,1,0,0,0,0,0,1,1,0,0,0,0,0,0,0,0,0,0,0,0,0,0.7553841056468027,-0.35714285714285715,-0.065226176044118,-0.320045639306853,-0.4028756562455659,-0.544144399555839,-0.5822043898985131,-0.3071497425528413,0.851542311721569,-0.47915260155977185,-0.4057971014492754,0.9855072463768116,0.5217391304347826,0.7536231884057971,-0.5217391304347826,-1.3333333333333333,-0.9411764705882353,-0.4117647058823529,-0.7058823529411765,-0.23529411764705882
6,0,1,0,-0.24195291574644057,-0.11594202898550725,-0.22164290738715875,5,4,3,2,1,0,6,5,4,3,0,1,1,1,1,1,0,0,1,1,1,0,0,0,0,0,1,1,0,0,0,0,0,0,0,0,0,0,0,0,0.34832205235007335,0.7666666666666667,-0.3504718438755378,-0.06332453825857516,-0.31774109634394365,-0.39965034138965666,-0.54359216426717,-0.5759292784426211,-0.30129204981957863,0.851542311721569,-0.5797101449275363,-0.4057971014492754,0.9855072463768116,0.5217391304347826,0.7536231884057971,-0.5217391304347826,-1.3529411764705883,-0.9411764705882353,-0.4117647058823529,-0.7058823529411765
0,1,0,0,0.0775809407452657,0.9855072463768116,0.167275098019467,6,5,4,3,2,1,0,6,5,4,0,0,1,1,1,1,1,0,0,1,1,1,0,0,0,0,0,1,1,0,0,0,0,0,0,0,0,0,0,0,-0.2386046291475363,0.35714285714285715,0.7714944495947135,-0.348570206089995,-0.06233741663907679,-0.31459824698183186,-0.39924474864290765,-0.5374650271553852,-0.5674310324758468,-0.30129204981957863,-0.057971014492753624,-0.5797101449275363,-0.4057971014492754,0.9855072463768116,0.5217391304347826,0.7536231884057971,-0.5294117647058824,-1.3529411764705883,-0.9411764705882353,-0.4117647058823529
1,1,0,0,-0.19496264273295436,0.2318840579710145,-0.10102654320727054,0,6,5,4,3,2,1,0,6,5,1,0,0,1,1,1,1,1,0,0,0,1,1,0,0,0,0,0,1,1,0,0,0,0,0,0,0,0,0,0,0.08325838973824964,-0.23333333333333334,0.36264232570301175,0.7733960873802563,-0.34611928297781774,-0.059441963758357474,-0.3142789709700259,-0.3936707967930783,-0.5293446630194389,-0.5674310324758468,1.0434782608695652,-0.057971014492753624,-0.5797101449275363,-0.4057971014492754,0.9855072463768116,0.5217391304347826,0.7647058823529411,-0.5294117647058824,-1.3529411764705883,-0.9411764705882353
2,1,0,0,-0.36412762558150474,0.057971014492753624,-0.2934910811984962,1,0,6,5,4,3,2,1,0,6,1,1,0,0,1,1,1,1,1,0,0,0,1,1,0,0,0,0,0,1,0,0,0,0,0,0,0,0,0,0,-0.19127183225256777,0.09047619047619047,-0.2268653878152559,0.36454396348855456,0.7700893912878967,-0.34294894511777346,-0.05938163795138062,-0.3090306350363247,-0.386963100919567,-0.5293446630194389,0.2898550724637681,1.0434782608695652,-0.057971014492753624,-0.5797101449275363,-0.4057971014492754,0.9855072463768116,0.5294117647058824,0.7647058823529411,-0.5294117647058824,-1.3529411764705883
3,1,0,0,0.09637704995066018,0.463768115942029,0.22088138815226444,2,1,0,6,5,4,3,2,1,0,1,1,1,0,0,1,1,1,1,1,0,0,0,1,1,0,0,0,0,0,0,0,0,0,0,0,0,0,0,0,-0.36166990107445446,-0.18571428571428572,0.0964130357270199,-0.22496375002971306,0.3633353828690346,0.7721785148959294,-0.3426008968609865,-0.055110149766063994,-0.3031544639739262,-0.386963100919567,0.11594202898550725,0.2898550724637681,1.0434782608695652,-0.057971014492753624,-0.5797101449275363,-0.4057971014492754,1.0,0.5294117647058824,0.7647058823529411,-0.5294117647058824
4,1,0,0,-0.27014707955453227,-0.5797101449275363,-0.24924777861743247,3,2,1,0,6,5,4,3,2,1,1,1,1,1,0,0,1,1,1,1,0,0,0,0,1,1,0,0,0,0,0,0,0,0,0,0,0,0,0,0,0.10219150849623705,-0.35714285714285715,-0.17932444317668592,0.09831467351256273,-0.22314714089769666,0.3658185082807665,0.7713948548501299,-0.3372440222885759,-0.051728553137003835,-0.3031544639739262,0.5217391304347826,0.11594202898550725,0.2898550724637681,1.0434782608695652,-0.057971014492753624,-0.5797101449275363,-0.4117647058823529,1.0,0.5294117647058824,0.7647058823529411
5,0,1,0,-0.30773929796532123,-0.7536231884057971,-0.21296182935093755,4,3,2,1,0,6,5,4,3,2,1,1,1,1,1,0,0,1,1,1,0,0,0,0,0,1,1,0,0,0,0,0,0,0,0,0,0,0,0,0,-0.2670043072845174,0.10952380952380952,-0.3504718438755378,-0.17742280539114308,0.09847230761954308,-0.22009591986202653,0.36544725041302817,0.7724825429666377,-0.3310906762891398,-0.051728553137003835,-0.5217391304347826,0.5217391304347826,0.11594202898550725,0.2898550724637681,1.0434782608695652,-0.057971014492753624,-0.5882352941176471,-0.4117647058823529,1.0,0.5294117647058824
6,0,1,0,0.02119261312908224,-0.4057971014492754,-0.010653428937369064,5,4,3,2,1,0,6,5,4,3,0,1,1,1,1,1,0,0,1,1,1,0,0,0,0,0,1,1,0,0,0,0,0,0,0,0,0,0,0,0,-0.30487054480049225,-0.2619047619047619,0.11542941358244789,-0.348570206089995,-0.17585016317457317,0.10121199234531159,-0.2198725513334906,0.36809065901770394,0.7677336747759282,-0.3310906762891398,-0.6956521739130435,-0.5217391304347826,0.5217391304347826,0.11594202898550725,0.2898550724637681,1.0434782608695652,-0.058823529411764705,-0.5882352941176471,-0.4117647058823529,1.0
0,1,0,0,0.9234058549880175,1.2173913043478262,1.3819344639119693,6,5,4,3,2,1,0,6,5,4,0,0,1,1,1,1,1,0,0,1,1,1,0,0,0,0,0,1,1,0,0,0,0,0,0,0,0,0,0,0,0.02645903346428742,-0.3,-0.25538995459839786,0.11733105136799071,-0.34611928297781774,-0.17284475630212387,0.10110927543072937,-0.2149860108621541,0.3673146315912001,0.7677336747759282,-0.34782608695652173,-0.6956521739130435,-0.5217391304347826,0.5217391304347826,0.11594202898550725,0.2898550724637681,1.0588235294117647,-0.058823529411764705,-0.5882352941176471,-0.4117647058823529
1,1,0,0,0.13396926836144915,0.6376811594202898,0.2164517907864616,0,6,5,4,3,2,1,0,6,5,1,0,0,1,1,1,1,1,0,0,0,1,1,0,0,0,0,0,1,1,0,0,0,0,0,0,0,0,0,0,0.935248733847683,0.03333333333333333,-0.2934227103092538,-0.25348831681285505,0.11739109870879247,-0.34294894511777346,-0.17266934151522295,0.1047657113300261,-0.21003375625654755,0.3673146315912001,1.2753623188405796,-0.34782608695652173,-0.6956521739130435,-0.5217391304347826,0.5217391304347826,0.11594202898550725,0.29411764705882354,1.0588235294117647,-0.058823529411764705,-0.5882352941176471
2,1,0,0,-0.14797236971946814,0.4057971014492754,-0.09325253348885373,1,0,6,5,4,3,2,1,0,6,1,1,0,0,1,1,1,1,1,0,0,0,1,1,0,0,0,0,0,1,0,0,0,0,0,0,0,0,0,0,0.14005774601221188,0.9476190476190476,0.03936390216073594,-0.291521072523711,-0.25152532753157075,0.12011245776927265,-0.3426008968609865,-0.16796369877506878,0.10657664998253986,-0.21003375625654755,0.6956521739130435,1.2753623188405796,-0.34782608695652173,-0.6956521739130435,-0.5217391304347826,0.5217391304347826,0.11764705882352941,0.29411764705882354,1.0588235294117647,-0.058823529411764705
3,1,0,0,0.19975565058032985,0.2318840579710145,0.31648461974397435,2,1,0,6,5,4,3,2,1,0,1,1,1,0,0,1,1,1,1,1,0,0,0,1,1,0,0,0,0,0,0,0,0,0,0,0,0,0,0,0,-0.14393903535759925,0.14761904761904762,0.9521500392212794,0.04126553994627877,-0.28936290971006956,-0.24844661799796813,0.11999055935803643,-0.3372440222885759,-0.1634734023978582,0.10657664998253986,0.463768115942029,0.6956521739130435,1.2753623188405796,-0.34782608695652173,-0.6956521739130435,-0.5217391304347826,0.5294117647058824,0.11764705882352941,0.29411764705882354,1.0588235294117647
4,1,0,0,-0.016399605281706732,-0.34782608695652173,0.005901774070430879,3,2,1,0,6,5,4,3,2,1,1,1,1,1,0,0,1,1,1,1,0,0,0,0,1,1,0,0,0,0,0,0,0,0,0,0,0,0,0,0,0.2063236616651678,-0.1380952380952381,0.15346216929330386,0.9540516770068221,0.04171593435179489,-0.28624754884589027,-0.2481944772244512,0.12357463616486024,-0.3310906762891398,-0.1634734023978582,0.2898550724637681,0.463768115942029,0.6956521739130435,1.2753623188405796,-0.34782608695652173,-0.6956521739130435,-0.5294117647058824,0.5294117647058824,0.11764705882352941,0.29411764705882354
5,0,1,0,0.030590667731779483,-0.6956521739130435,0.27674409113945836,4,3,2,1,0,6,5,4,3,2,1,1,1,1,1,0,0,1,1,1,0,0,0,0,0,1,1,0,0,0,0,0,0,0,0,0,0,0,0,0,-0.011407204051687398,0.21428571428571427,-0.13178349853811594,0.1553638070788467,0.9498179066357659,0.04451059607342839,-0.28595704507906533,-0.2431993981144053,0.1252007915260156,-0.3310906762891398,-0.2898550724637681,0.2898550724637681,0.463768115942029,0.6956521739130435,1.2753623188405796,-0.34782608695652173,-0.7058823529411765,-0.5294117647058824,0.5294117647058824,0.11764705882352941
6,0,1,0,0.04938677693717397,0.5217391304347826,0.09010634129611458,5,4,3,2,1,0,6,5,4,3,0,1,1,1,1,1,0,0,1,1,1,0,0,0,0,0,1,1,0,0,0,0,0,0,0,0,0,0,0,0,0.035925592843281125,-0.004761904761904762,0.22001949178730182,-0.12988186075257313,0.15522868088729128,0.9517329364235595,0.0444654236488082,-0.2808172477840735,-0.23796996857176114,0.1252007915260156,-0.6376811594202898,-0.2898550724637681,0.2898550724637681,0.463768115942029,0.6956521739130435,1.2753623188405796,-0.35294117647058826,-0.7058823529411765,-0.5294117647058824,0.5294117647058824
0,0,0,1,0.26554203279921057,0.7536231884057971,0.15540078568359922,6,5,4,3,2,1,0,6,5,4,0,0,1,1,1,1,1,0,0,1,1,1,0,0,0,0,0,1,1,0,0,0,0,0,0,0,0,0,0,0,0.05485871160126853,0.04285714285714286,0.0013311464498799645,0.22192112957284466,-0.12855318545144967,0.15791338861719478,0.9507670521595469,0.04833893682552372,-0.2752182516587126,-0.23796996857176114,0.5797101449275363,-0.6376811594202898,-0.2898550724637681,0.2898550724637681,0.463768115942029,0.6956521739130435,1.2941176470588236,-0.35294117647058826,-0.7058823529411765,-0.5294117647058824
1,1,0,0,0.3501245242234857,0.2318840579710145,0.49480154563476386,0,6,5,4,3,2,1,0,6,5,0,0,0,1,1,1,1,1,0,0,0,1,1,0,0,0,0,0,1,1,1,0,0,0,0,0,0,0,0,0,0.2725895773181237,0.06190476190476191,0.048872091088449934,0.0032327842354227905,0.22144444969966415,-0.1255935927422212,0.15775312721265053,0.951167328897562,0.05070422535211268,-0.2752182516587126,0.8115942028985508,0.5797101449275363,-0.6376811594202898,-0.2898550724637681,0.2898550724637681,0.463768115942029,0.7058823529411765,1.2941176470588236,-0.35294117647058826,-0.7058823529411765
2,1,0,0,-0.10098209670598192,0.5217391304347826,0.011778820879538634,1,0,6,5,4,3,2,1,0,6,1,0,0,0,1,1,1,1,1,0,0,0,1,1,0,0,0,0,0,1,0,1,0,0,0,0,0,0,0,0,0.35778861172906706,0.28095238095238095,0.06788846894387791,0.05077372887399276,0.003878352173296094,0.2240650176010585,-0.1254661316969553,0.1611924858345285,0.9446630194389476,0.05070422535211268,0.2898550724637681,0.8115942028985508,0.5797101449275363,-0.6376811594202898,-0.2898550724637681,0.2898550724637681,0.47058823529411764,0.7058823529411765,1.2941176470588236,-0.35294117647058826
3,1,0,0,-0.17616653352755987,0.6956521739130435,-0.14594451805663025,2,1,0,6,5,4,3,2,1,0,1,1,0,0,0,1,1,1,1,1,0,0,0,1,1,0,0,0,0,0,0,0,1,0,0,0,0,0,0,0,-0.09660623846263074,0.36666666666666664,0.2865768142812998,0.06979010672942075,0.05117532989641958,0.0067096652255062535,0.22383762095822524,-0.12094138668798345,0.16244907461296706,0.9446630194389476,0.5797101449275363,0.2898550724637681,0.8115942028985508,0.5797101449275363,-0.6376811594202898,-0.2898550724637681,0.29411764705882354,0.47058823529411764,0.7058823529411765,1.2941176470588236
4,1,0,0,-0.335933461773413,-0.927536231884058,-0.25140809691156507,3,2,1,0,6,5,4,3,2,1,1,1,1,0,0,0,1,1,1,1,0,0,0,0,1,1,0,0,0,0,0,0,0,1,0,0,0,0,0,0,-0.17233871349458038,-0.09047619047619047,0.37215051463072574,0.2884784520668426,0.07009412098566899,0.05396082878540892,0.006702855794194081,0.22702372275644794,-0.1169130485391689,0.16244907461296706,0.7536231884057971,0.5797101449275363,0.2898550724637681,0.8115942028985508,0.5797101449275363,-0.6376811594202898,-0.29411764705882354,0.29411764705882354,0.47058823529411764,0.7058823529411765
5,0,1,0,-0.4299140078003854,-0.17391304347826086,-0.41754473573694373,4,3,2,1,0,6,5,4,3,2,1,1,1,1,0,0,0,1,1,1,0,0,0,0,0,1,1,0,0,0,0,0,0,0,1,0,0,0,0,0,-0.3332702229374733,-0.16666666666666666,-0.08424255389954598,0.37405215241626855,0.28766021851203705,0.07286129420936999,0.05390606561246172,0.01072108715585546,0.22763357001513213,-0.1169130485391689,-0.8695652173913043,0.7536231884057971,0.5797101449275363,0.2898550724637681,0.8115942028985508,0.5797101449275363,-0.6470588235294118,-0.29411764705882354,0.29411764705882354,0.47058823529411764
6,0,1,0,0.12457121375875191,0.6376811594202898,0.4229549801005857,5,4,3,2,1,0,6,5,4,3,0,1,1,1,1,0,0,0,1,1,1,0,0,0,0,0,1,1,0,0,0,0,0,0,0,1,0,0,0,0,-0.4279358167274104,-0.32857142857142857,-0.16030806532125794,-0.08234091611400315,0.3727947784136593,0.29021664658492224,0.07278734953976879,0.057743399242940786,0.013455942265161218,0.22763357001513213,-0.11594202898550725,-0.8695652173913043,0.7536231884057971,0.5797101449275363,0.2898550724637681,0.8115942028985508,0.5882352941176471,-0.6470588235294118,-0.29411764705882354,0.29411764705882354
0,1,0,0,0.26554203279921057,0.927536231884058,0.16522012187926383,6,5,4,3,2,1,0,6,5,4,0,0,1,1,1,1,0,0,0,1,1,1,0,0,0,0,0,1,1,0,0,0,0,0,0,0,1,0,0,0,0.13059118663321817,-0.4238095238095238,-0.32194727709239584,-0.1584064275357151,-0.08125620772832619,0.37526874099274704,0.2899221147037999,0.07655232407777492,0.060016296123850545,0.013455942265161218,0.6956521739130435,-0.11594202898550725,-0.8695652173913043,0.7536231884057971,0.5797101449275363,0.2898550724637681,0.8235294117647058,0.5882352941176471,-0.6470588235294118,-0.29411764705882354
1,1,0,0,-0.21375875193834884,0.34782608695652173,-0.1660966329310429,0,6,5,4,3,2,1,0,6,5,1,0,0,1,1,1,1,0,0,0,0,1,1,0,0,0,0,0,1,1,0,0,0,0,0,0,0,1,0,0,0.2725895773181237,0.1380952380952381,-0.41702916636953574,-0.320045639306853,-0.15693137208532376,-0.07834242918231854,0.3748878923766817,0.2928549596783674,0.07864043766732627,0.060016296123850545,0.9855072463768116,0.6956521739130435,-0.11594202898550725,-0.8695652173913043,0.7536231884057971,0.5797101449275363,0.29411764705882354,0.8235294117647058,0.5882352941176471,-0.6470588235294118
2,1,0,0,0.22794981438842157,0.8695652173913043,0.2020894736852686,1,0,6,5,4,3,2,1,0,6,1,1,0,0,1,1,1,1,0,0,0,0,1,1,0,0,0,0,0,1,0,0,0,0,0,0,0,0,1,0,-0.2102049510105552,0.28095238095238095,0.14395398036558987,-0.41512752858399293,-0.31774109634394365,-0.1539442908781628,-0.07826292187868768,0.377495121435121,0.29281806541729716,0.07864043766732627,0.4057971014492754,0.9855072463768116,0.6956521739130435,-0.11594202898550725,-0.8695652173913043,0.7536231884057971,0.5882352941176471,0.29411764705882354,0.8235294117647058,0.5882352941176471
3,1,0,0,0.24674592359381606,0.4057971014492754,0.42217255326262143,2,1,0,6,5,4,3,2,1,0,1,1,1,0,0,1,1,1,1,0,0,0,0,1,1,0,0,0,0,0,0,0,0,0,0,0,0,0,0,1,0.2347233398021489,-0.20476190476190476,0.2865768142812998,0.1458556181511327,-0.41233505179019064,-0.31459824698183186,-0.15378805758791592,-0.07391907460089812,0.37662670236293794,0.29281806541729716,0.927536231884058,0.4057971014492754,0.9855072463768116,0.6956521739130435,-0.11594202898550725,-0.8695652173913043,0.7647058823529411,0.5882352941176471,0.29411764705882354,0.8235294117647058
4,1,0,0,-0.36412762558150474,-0.34782608695652173,-0.3319727308566267,3,2,1,0,6,5,4,3,2,1,1,1,1,1,0,0,1,1,1,1,0,0,0,0,1,1,0,0,0,0,0,0,0,0,0,0,0,0,0,0,0.2536564585601363,0.24285714285714285,-0.1983408210321139,0.2884784520668426,0.14576928534266656,-0.4091005741016372,-0.3142789709700259,-0.14915477394023463,-0.07035269468047957,0.37662670236293794,0.463768115942029,0.927536231884058,0.4057971014492754,0.9855072463768116,0.6956521739130435,-0.11594202898550725,-0.8823529411764706,0.7647058823529411,0.5882352941176471,0.29411764705882354
5,0,1,0,-0.49570039001926613,-0.057971014492753624,-0.50786638513775,4,3,2,1,0,6,5,4,3,2,1,1,1,1,1,0,0,1,1,1,0,0,0,0,0,1,1,0,0,0,0,0,0,0,0,0,0,0,0,0,-0.36166990107445446,0.2619047619047619,0.2485440585704438,-0.1964391832465711,0.28766021851203705,0.14846315590521425,-0.40868539060656117,-0.3090306350363247,-0.1448492608543825,-0.07035269468047957,-0.2898550724637681,0.463768115942029,0.927536231884058,0.4057971014492754,0.9855072463768116,0.6956521739130435,-0.11764705882352941,-0.8823529411764706,0.7647058823529411,0.5882352941176471
6,0,1,0,0.4535031248531554,1.0434782608695652,0.6592237610084059,5,4,3,2,1,0,6,5,4,3,0,1,1,1,1,1,0,0,1,1,1,0,0,0,0,0,1,1,0,0,0,0,0,0,0,0,0,0,0,0,-0.4942017323803663,-0.35714285714285715,0.2675604364258718,0.2504456963559866,-0.19476895426382257,0.29021664658492224,0.148312485248997,-0.40307525921049536,-0.3031544639739262,-0.1448492608543825,0.0,-0.2898550724637681,0.463768115942029,0.927536231884058,0.4057971014492754,0.9855072463768116,0.7058823529411765,-0.11764705882352941,-0.8823529411764706,0.7647058823529411
0,1,0,0,0.2091537051830271,-0.34782608695652173,0.49747168778837164,6,5,4,3,2,1,0,6,5,4,0,0,1,1,1,1,1,0,0,1,1,1,0,0,0,0,0,1,1,0,0,0,0,0,0,0,0,0,0,0,0.4619207648979978,-0.49047619047619045,-0.3504718438755378,0.2694620742114146,0.24982263633353824,-0.19174522172608494,0.2899221147037999,0.15178802341711142,-0.39627517169130483,-0.3031544639739262,1.1014492753623188,0.0,-0.2898550724637681,0.463768115942029,0.927536231884058,0.4057971014492754,1.0,0.7058823529411765,-0.11764705882352941,-0.8823529411764706
1,1,0,0,0.30313425120999954,0.7536231884057971,0.4228005854932998,0,6,5,4,3,2,1,0,6,5,1,0,0,1,1,1,1,1,0,0,0,1,1,0,0,0,0,0,1,1,0,0,0,0,0,0,0,0,0,0,0.2157902210441615,0.4714285714285714,-0.4835864888635337,-0.348570206089995,0.2687414274227876,0.2524157157370001,-0.19155062544253001,0.2928549596783674,0.1531370038412292,-0.39627517169130483,-0.2898550724637681,1.1014492753623188,0.0,-0.2898550724637681,0.463768115942029,0.927536231884058,0.4117647058823529,1.0,0.7058823529411765,-0.11764705882352941
2,1,0,0,0.359522578826183,0.463768115942029,0.6263336889636202,1,0,6,5,4,3,2,1,0,6,1,1,0,0,1,1,1,1,1,0,0,0,1,1,0,0,0,0,0,1,0,0,0,0,0,0,0,0,0,0,0.31045581483409856,0.22380952380952382,0.4767405928355796,-0.4816848510779909,-0.34611928297781774,0.2713161811609612,0.25215954684918584,-0.1867726236099029,0.29281806541729716,0.1531370038412292,0.8115942028985508,-0.2898550724637681,1.1014492753623188,0.0,-0.2898550724637681,0.463768115942029,0.9411764705882353,0.4117647058823529,1.0,0.7058823529411765
3,1,0,0,0.12457121375875191,0.463768115942029,0.4995371177301098,2,1,0,6,5,4,3,2,1,0,1,1,1,0,0,1,1,1,1,1,0,0,0,1,1,0,0,0,0,0,0,0,0,0,0,0,0,0,0,0,0.3672551711080608,0.319047619047619,0.2295276807150158,0.4786422306211225,-0.4785508206025635,-0.34294894511777346,0.2710408307764929,0.25523711000869914,-0.18209754394133396,0.29281806541729716,0.5217391304347826,0.8115942028985508,-0.2898550724637681,1.1014492753623188,0.0,-0.2898550724637681,0.47058823529411764,0.9411764705882353,0.4117647058823529,1.0
4,1,0,0,1.2241436022743293,0.4057971014492754,1.7277482290355544,3,2,1,0,6,5,4,3,2,1,1,1,1,1,0,0,1,1,1,1,0,0,0,0,1,1,0,0,0,0,0,0,0,0,0,0,0,0,0,0,0.13059118663321817,0.3761904761904762,0.32460956999215573,0.23142931850055865,0.47684812940453103,-0.4752522030855009,-0.3426008968609865,0.2740460348435333,0.2555697823303457,-0.18209754394133396,0.5217391304347826,0.5217391304347826,0.8115942028985508,-0.2898550724637681,1.1014492753623188,0.0,-0.29411764705882354,0.47058823529411764,0.9411764705882353,0.4117647058823529
5,0,1,0,-0.1573704243221654,-0.5797101449275363,-0.03952964326201227,4,3,2,1,0,6,5,4,3,2,1,1,1,1,1,0,0,1,1,1,0,0,0,0,0,1,1,0,0,0,0,0,0,0,0,0,0,0,0,0,1.2381786339754817,0.1380952380952381,0.3816587035584397,0.3265112077776986,0.23090384524428886,0.4792213008245329,-0.4747698843521359,-0.3372440222885759,0.2741939238738214,0.2555697823303457,0.463768115942029,0.5217391304347826,0.5217391304347826,0.8115942028985508,-0.2898550724637681,1.1014492753623188,0.0,-0.29411764705882354,0.47058823529411764,0.9411764705882353
6,0,1,0,-0.24195291574644057,-0.2318840579710145,-0.01710060999942303,5,4,3,2,1,0,6,5,4,3,0,1,1,1,1,1,0,0,1,1,1,0,0,0,0,0,1,1,0,0,0,0,0,0,0,0,0,0,0,0,-0.15340559473659296,1.2523809523809524,0.14395398036558987,0.38356034134398254,0.32549780069053585,0.23351525031303905,0.4787349539768705,-0.46890649613241486,-0.3310906762891398,0.2741939238738214,-0.5217391304347826,0.463768115942029,0.5217391304347826,0.5217391304347826,0.8115942028985508,-0.2898550724637681,1.1176470588235294,0.0,-0.29411764705882354,0.47058823529411764
0,1,0,0,0.19975565058032985,0.6376811594202898,0.5282898967827823,6,5,4,3,2,1,0,6,5,4,0,0,1,1,1,1,1,0,0,1,1,1,0,0,0,0,0,1,1,0,0,0,0,0,0,0,0,0,0,0,-0.2386046291475363,-0.14761904761904762,1.256412084908127,0.1458556181511327,0.38225417395828404,0.3280175774328444,0.23327826292187878,0.4809442080267087,-0.4614596670934699,-0.3310906762891398,-0.17391304347826086,-0.5217391304347826,0.463768115942029,0.5217391304347826,0.5217391304347826,0.8115942028985508,-0.29411764705882354,1.1176470588235294,0.0,-0.29411764705882354
1,1,0,0,0.3783186880315775,-0.11594202898550725,0.6528879531396284,0,6,5,4,3,2,1,0,6,5,1,0,0,1,1,1,1,1,0,0,0,1,1,0,0,0,0,0,1,1,0,0,0,0,0,0,0,0,0,0,0.2063236616651678,-0.23333333333333334,-0.14129168746582993,1.25831372269367,0.14576928534266656,0.3847189737047276,0.32768468255841404,0.23642818517386502,0.47905948085205446,-0.4614596670934699,0.6956521739130435,-0.17391304347826086,-0.5217391304347826,0.463768115942029,0.5217391304347826,0.5217391304347826,0.8235294117647058,-0.29411764705882354,1.1176470588235294,0.0
2,1,0,0,0.24674592359381606,0.2318840579710145,0.6677194851020261,1,0,6,5,4,3,2,1,0,6,1,1,0,0,1,1,1,1,1,0,0,0,1,1,0,0,0,0,0,1,0,0,0,0,0,0,0,0,0,0,0.3861882898660482,0.21428571428571427,-0.2268653878152559,-0.13939004968028712,1.2525185640637562,0.14846315590521425,0.3843285343403352,0.33047280934803563,0.23694564078686997,0.47905948085205446,-0.057971014492753624,0.6956521739130435,-0.17391304347826086,-0.5217391304347826,0.463768115942029,0.5217391304347826,0.5294117647058824,0.8235294117647058,-0.29411764705882354,1.1176470588235294
3,0,0,1,0.9328039095907148,0.6376811594202898,0.9298867551741794,2,1,0,6,5,4,3,2,1,0,1,1,1,0,0,1,1,1,1,1,0,0,0,1,1,0,0,0,0,0,0,0,0,0,0,0,0,0,0,0,0.2536564585601363,0.3952380952380952,0.22001949178730182,-0.22496375002971306,-0.13801258099607439,1.2541403832069367,0.148312485248997,0.38689958385253803,0.33006634850424865,0.23694564078686997,0.2898550724637681,-0.057971014492753624,0.6956521739130435,-0.17391304347826086,-0.5217391304347826,0.463768115942029,0.5294117647058824,0.5294117647058824,0.8235294117647058,-0.29411764705882354
4,0,0,1,0.011794558526384996,-0.057971014492753624,0.18598619655921164,3,2,1,0,6,5,4,3,2,1,0,1,1,1,0,0,1,1,1,1,0,0,0,0,1,1,0,0,0,0,1,0,0,0,0,0,0,0,0,0,0.9447152932266767,0.2619047619047619,0.4006750814138677,0.22192112957284466,-0.22314714089769666,-0.13504382545420174,1.2528675949964598,0.15178802341711142,0.38593877313467584,0.33006634850424865,0.6956521739130435,0.2898550724637681,-0.057971014492753624,0.6956521739130435,-0.17391304347826086,-0.5217391304347826,0.47058823529411764,0.5294117647058824,0.5294117647058824,0.8235294117647058
5,0,1,0,3.4702786523189704,-0.2318840579710145,5.440417854530125,4,3,2,1,0,6,5,4,3,2,0,0,1,1,1,0,0,1,1,1,0,0,0,0,0,1,1,0,0,0,1,1,0,0,0,0,0,0,0,0,0.016992474085293717,0.9571428571428572,0.2675604364258718,0.4025767191994105,0.22144444969966415,-0.22009591986202653,-0.13490677366060885,1.252110126254908,0.1531370038412292,0.38593877313467584,0.0,0.6956521739130435,0.2898550724637681,-0.057971014492753624,0.6956521739130435,-0.17391304347826086,-0.5294117647058824,0.47058823529411764,0.5294117647058824,0.5294117647058824
6,0,1,0,0.1903575959776326,-0.11594202898550725,0.36920635743919655,5,4,3,2,1,0,6,5,4,3,0,0,0,1,1,1,0,0,1,1,1,0,0,0,0,0,1,1,0,0,0,1,1,0,0,0,0,0,0,0,3.500686325554977,0.023809523809523808,0.9616582281489934,0.2694620742114146,0.4011729650475334,0.2240650176010585,-0.2198725513334906,-0.1303458491054005,1.2426492841345593,0.1531370038412292,-0.17391304347826086,0.0,0.6956521739130435,0.2898550724637681,-0.057971014492753624,0.6956521739130435,-0.17647058823529413,-0.5294117647058824,0.47058823529411764,0.5294117647058824
0,1,0,0,0.5286875616747333,0.11594202898550725,0.6979703743285192,6,5,4,3,2,1,0,6,5,4,0,0,0,0,1,1,1,0,0,1,1,1,0,0,0,0,0,1,1,0,0,0,1,1,0,0,0,0,0,0,0.1968571022861741,3.5285714285714285,0.029855713233021944,0.9635598659345361,0.2687414274227876,0.40361943912868864,0.22383762095822524,-0.2149860108621541,-0.12622511931090677,1.2426492841345593,-0.057971014492753624,-0.17391304347826086,0.0,0.6956521739130435,0.2898550724637681,-0.057971014492753624,0.7058823529411765,-0.17647058823529413,-0.5294117647058824,0.47058823529411764
1,1,0,0,0.011794558526384996,0.4057971014492754,0.051219405793858676,0,6,5,4,3,2,1,0,6,5,1,0,0,0,0,1,1,1,0,0,0,1,1,0,0,0,0,0,1,1,0,0,0,1,1,0,0,0,0,0,0.5376532399299474,0.20476190476190476,3.5288692386317715,0.03175735101856477,0.9592773021803906,0.2713161811609612,0.4032098182676423,0.22702372275644794,-0.21003375625654755,-0.12622511931090677,0.17391304347826086,-0.057971014492753624,-0.17391304347826086,0.0,0.6956521739130435,0.2898550724637681,-0.058823529411764705,0.7058823529411765,-0.17647058823529413,-0.5294117647058824
2,1,0,0,4.757812132888493,1.5072463768115942,4.330155779735989,1,0,6,5,4,3,2,1,0,6,1,1,0,0,0,0,1,1,1,0,0,0,1,1,0,0,0,0,0,1,0,0,0,0,1,1,0,0,0,0,0.016992474085293717,0.5476190476190477,0.21051130285958783,3.5307708764173147,0.032256538807170186,0.96118316913554,0.2710408307764929,0.4057085086873722,0.22763357001513213,-0.21003375625654755,0.463768115942029,0.17391304347826086,-0.057971014492753624,-0.17391304347826086,0.0,0.6956521739130435,0.29411764705882354,-0.058823529411764705,0.7058823529411765,-0.17647058823529413
3,1,0,0,-0.06338987829519295,-0.11594202898550725,0.0292825053419931,2,1,0,6,5,4,3,2,1,0,1,1,1,0,0,0,0,1,1,1,0,0,0,1,1,0,0,0,0,0,0,0,0,0,0,1,1,0,0,0,4.7976049604771145,0.023809523809523808,0.5528061042572916,0.21241294064513067,3.513314099229059,0.035060363361447855,0.9602076941232005,0.2740460348435333,0.40456291467815153,0.22763357001513213,1.565217391304348,0.463768115942029,0.17391304347826086,-0.057971014492753624,-0.17391304347826086,0.0,0.7058823529411765,0.29411764705882354,-0.058823529411764705,0.7058823529411765
4,1,0,0,-0.025797659884403974,-0.5797101449275363,0.009671977800950372,3,2,1,0,6,5,4,3,2,1,1,1,1,1,0,0,0,0,1,1,0,0,0,0,1,1,0,0,0,0,0,0,0,0,0,0,1,1,0,0,-0.05874000094665592,4.833333333333333,0.029855713233021944,0.5547077420428345,0.21198505415503946,3.5127460013702843,0.03502478168515467,0.960571791314979,0.2741939238738214,0.40456291467815153,-0.057971014492753624,1.565217391304348,0.463768115942029,0.17391304347826086,-0.057971014492753624,-0.17391304347826086,0.0,0.7058823529411765,0.29411764705882354,-0.058823529411764705
5,0,1,0,-0.4017198439922937,-0.8695652173913043,-0.3922224118649039,4,3,2,1,0,6,5,4,3,2,1,1,1,1,1,0,0,0,0,1,0,0,0,0,0,1,1,0,0,0,0,0,0,0,0,0,0,1,1,0,-0.020873763430681102,-0.05238095238095238,4.831491121728589,0.03175735101856477,0.5525232937615285,0.21461478488907798,3.5091810243096533,0.038934474408106656,0.9539750902106855,0.2741939238738214,-0.5217391304347826,-0.057971014492753624,1.565217391304348,0.463768115942029,0.17391304347826086,-0.057971014492753624,-0.17647058823529413,0.0,0.7058823529411765,0.29411764705882354
6,0,1,0,2.022978243503595,0.34782608695652173,2.94933524879143,5,4,3,2,1,0,6,5,4,3,0,1,1,1,1,1,0,0,0,0,1,0,0,0,0,0,1,1,0,0,0,0,0,0,0,0,0,0,1,1,-0.39953613859042925,-0.014285714285714285,-0.046209798188690004,4.8333927595141315,0.032256538807170186,0.5548231625203771,0.21439697899457172,3.499776644017586,0.04139215458037481,0.9539750902106855,-0.8115942028985508,-0.5217391304347826,-0.057971014492753624,1.565217391304348,0.463768115942029,0.17391304347826086,-0.058823529411764705,-0.17647058823529413,0.0,0.7058823529411765
0,1,0,0,1.3651144213147879,0.11594202898550725,1.92369026431432,6,5,4,3,2,1,0,6,5,4,0,0,1,1,1,1,1,0,0,0,1,1,0,0,0,0,0,1,1,0,0,0,0,0,0,0,0,0,0,1,2.0428361811899465,-0.3952380952380952,-0.00817704247783403,-0.04430816040314718,4.809251288842643,0.035060363361447855,0.5542600896860987,0.2176192603390309,3.4682341985799092,0.04139215458037481,0.4057971014492754,-0.8115942028985508,-0.5217391304347826,-0.057971014492753624,1.565217391304348,0.463768115942029,0.17647058823529413,-0.058823529411764705,-0.17647058823529413,0.0
1,1,0,0,0.19975565058032985,0.5797101449275363,0.44419991930469355,0,6,5,4,3,2,1,0,6,5,1,0,0,1,1,1,1,1,0,0,0,1,1,0,0,0,0,0,1,1,0,0,0,0,0,0,0,0,0,0,1.3801770246603873,2.0619047619047617,-0.3885045995863938,-0.006275404692291204,-0.043418625549827394,4.807427882911617,0.03502478168515467,0.5561799073660452,0.21832149924339425,3.4682341985799092,0.17391304347826086,0.4057971014492754,-0.8115942028985508,-0.5217391304347826,-0.057971014492753624,1.565217391304348,0.47058823529411764,0.17647058823529413,-0.058823529411764705,-0.17647058823529413
2,1,0,0,0.3501245242234857,0.11594202898550725,0.34473239976864933,1,0,6,5,4,3,2,1,0,6,1,1,0,0,1,1,1,1,1,0,0,0,1,1,0,0,0,0,0,1,0,0,0,0,0,0,0,0,0,0,0.2063236616651678,1.3952380952380952,2.0646081437638166,-0.38660296180085096,-0.005581043371328604,-0.04054149833439641,4.802548973330187,0.038934474408106656,0.5535560470259574,0.21832149924339425,0.6376811594202898,0.17391304347826086,0.4057971014492754,-0.8115942028985508,-0.5217391304347826,-0.057971014492753624,1.588235294117647,0.47058823529411764,0.17647058823529413,-0.058823529411764705
3,0,0,1,-0.035195714487101216,0.927536231884058,0.05545239127694593,2,1,0,6,5,4,3,2,1,0,1,1,1,0,0,1,1,1,1,1,0,0,0,1,1,0,0,0,0,0,0,0,0,0,0,0,0,0,0,0,0.35778861172906706,0.21428571428571427,1.399034918823837,2.0665097815493594,-0.38395686515631655,-0.0027405674864742794,-0.040500354024073565,4.7881879952037245,0.04139215458037481,0.5535560470259574,0.17391304347826086,0.6376811594202898,0.17391304347826086,0.4057971014492754,-0.8115942028985508,-0.5217391304347826,-0.058823529411764705,1.588235294117647,0.47058823529411764,0.17647058823529413
4,1,0,0,-0.17616653352755987,-0.2318840579710145,-0.07082872712703198,3,2,1,0,6,5,4,3,2,1,0,1,1,1,0,0,1,1,1,1,0,0,0,0,1,1,0,0,0,0,1,0,0,0,0,0,0,0,0,0,-0.030340322809674806,0.36666666666666664,0.22001949178730182,1.4009365566093799,2.0565671853568555,-0.3807498759656956,-0.002737786169459448,-0.036301224931229864,4.743987894307996,0.04139215458037481,0.9855072463768116,0.17391304347826086,0.6376811594202898,0.17391304347826086,0.4057971014492754,-0.8115942028985508,-0.5294117647058824,-0.058823529411764705,1.588235294117647,0.47058823529411764
5,0,1,0,-0.0539918236924957,0.11594202898550725,0.18140863769475984,4,3,2,1,0,6,5,4,3,2,1,0,1,1,1,0,0,1,1,1,0,0,0,0,0,1,1,0,0,0,0,1,0,0,0,0,0,0,0,0,-0.17233871349458038,-0.023809523809523808,0.37215051463072574,0.22192112957284466,1.3944094972331267,2.0574101637252817,-0.3803634647156006,0.0013166247384383944,-0.03310441159352811,4.743987894307996,-0.17391304347826086,0.9855072463768116,0.17391304347826086,0.6376811594202898,0.17391304347826086,0.4057971014492754,-0.8235294117647058,-0.5294117647058824,-0.058823529411764705,1.588235294117647
6,0,1,0,0.06818288614256846,-0.2318840579710145,0.26888484273160246,5,4,3,2,1,0,6,5,4,3,0,1,0,1,1,1,0,0,1,1,1,0,0,0,0,0,1,1,0,0,0,0,1,0,0,0,0,0,0,0,-0.04927344156766222,-0.16666666666666666,-0.01768523140554802,0.37405215241626855,0.22144444969966415,1.3958938738866447,2.05532216190701,-0.3748618719582442,0.004143871493423353,-0.03310441159352811,0.17391304347826086,-0.17391304347826086,0.9855072463768116,0.17391304347826086,0.6376811594202898,0.17391304347826086,0.4117647058823529,-0.8235294117647058,-0.5294117647058824,-0.058823529411764705
0,1,0,0,3.254123396456934,-0.463768115942029,5.674243260363788,6,5,4,3,2,1,0,6,5,4,0,0,1,0,1,1,1,0,0,1,1,1,0,0,0,0,0,1,1,0,0,0,0,1,0,0,0,0,0,0,0.07379183035925595,-0.04285714285714286,-0.16030806532125794,-0.0157835936200052,0.3727947784136593,0.2240650176010585,1.3944772244512629,2.0514894317353582,-0.36833895937609124,0.004143871493423353,-0.17391304347826086,0.17391304347826086,-0.17391304347826086,0.9855072463768116,0.17391304347826086,0.6376811594202898,0.17647058823529413,0.4117647058823529,-0.8235294117647058,-0.5294117647058824
1,1,0,0,0.5098914524693389,-0.057971014492753624,0.6648764531538014,0,6,5,4,3,2,1,0,6,5,1,0,0,1,0,1,1,1,0,0,0,1,1,0,0,0,0,0,1,1,0,0,0,0,1,0,0,0,0,0,3.2829554598381216,0.08095238095238096,-0.03670160926097601,-0.1584064275357151,-0.015040438915953303,0.37526874099274704,0.22383762095822524,1.393177062516164,2.034175299732278,-0.36833895937609124,-0.4057971014492754,-0.17391304347826086,0.17391304347826086,-0.17391304347826086,0.9855072463768116,0.17391304347826086,0.6470588235294118,0.17647058823529413,0.4117647058823529,-0.8235294117647058
2,1,0,0,0.33132841501809124,-0.9855072463768116,0.6789472700198843,1,0,6,5,4,3,2,1,0,6,1,1,0,0,1,0,1,1,1,0,0,0,1,1,0,0,0,0,0,1,0,0,0,0,0,1,0,0,0,0,0.5187201211719601,3.3095238095238093,0.08690484679930591,-0.034799971475433185,-0.15693137208532376,-0.012190800198454812,0.3748878923766817,0.22702372275644794,1.3823303457106273,2.034175299732278,0.0,-0.4057971014492754,-0.17391304347826086,0.17391304347826086,-0.17391304347826086,0.9855072463768116,0.17647058823529413,0.6470588235294118,0.17647058823529413,0.4117647058823529
3,1,0,0,-0.12917626051407363,-0.5797101449275363,0.021553929453324478,2,1,0,6,5,4,3,2,1,0,1,1,1,0,0,1,0,1,1,1,0,0,0,1,1,0,0,0,0,0,0,0,0,0,0,0,1,0,0,0,0.33885549297107964,0.5285714285714286,3.3101808932943495,0.08880648458484873,-0.0339592300052027,-0.1539442908781628,-0.012178428133112977,0.377495121435121,0.22763357001513213,1.3823303457106273,-0.927536231884058,0.0,-0.4057971014492754,-0.17391304347826086,0.17391304347826086,-0.17391304347826086,1.0,0.17647058823529413,0.6470588235294118,0.17647058823529413
4,1,0,0,2.1263568441332645,-0.11594202898550725,3.204015586618089,3,2,1,0,6,5,4,3,2,1,1,1,1,1,0,0,1,0,1,1,0,0,0,0,1,1,0,0,0,0,0,0,0,0,0,0,0,1,0,0,-0.12500591659961185,0.3476190476190476,0.5337897264018636,3.3120825310798927,0.08901291207491838,-0.03109126562241588,-0.15378805758791592,-0.00808783767897867,0.37662670236293794,0.22763357001513213,-0.5217391304347826,-0.927536231884058,0.0,-0.4057971014492754,-0.17391304347826086,0.17391304347826086,-0.17647058823529413,1.0,0.17647058823529413,0.6470588235294118
5,0,1,0,-0.2043606973356516,-0.463768115942029,-0.007783860416017073,4,3,2,1,0,6,5,4,3,2,1,1,1,1,1,0,0,1,0,1,0,0,0,0,0,1,1,0,0,0,0,0,0,0,0,0,0,0,1,0,2.1469683343588772,-0.11904761904761904,0.35313413677529776,0.5356913641874065,3.295748001702691,0.09176175963333105,-0.031059712060420033,-0.14915477394023463,-0.005168199278314512,0.37662670236293794,-0.057971014492753624,-0.5217391304347826,-0.927536231884058,0.0,-0.4057971014492754,-0.17391304347826086,0.17647058823529413,-0.17647058823529413,1.0,0.17647058823529413
6,0,1,0,0.16216343216954088,0.9855072463768116,0.2998184456121877,5,4,3,2,1,0,6,5,4,3,0,1,1,1,1,1,0,0,1,0,1,0,0,0,0,0,1,1,0,0,0,0,0,0,0,0,0,0,0,1,-0.20073839163156149,2.1666666666666665,-0.11276712068268796,0.35503577456084057,0.5336045026722792,3.295390648994732,0.09166863346707584,-0.0268967625138128,-0.1448492608543825,-0.005168199278314512,-0.4057971014492754,-0.057971014492753624,-0.5217391304347826,-0.927536231884058,0.0,-0.4057971014492754,-0.17647058823529413,0.17647058823529413,-0.17647058823529413,1.0
0,1,0,0,0.8952116911799258,1.2753623188405796,1.3334879289752641,6,5,4,3,2,1,0,6,5,4,0,0,1,1,1,1,1,0,0,1,1,1,0,0,0,0,0,1,1,0,0,0,0,0,0,0,0,0,0,0,0.16845742414919299,-0.19523809523809524,2.1691982219686703,-0.11086548289714514,0.35387598732440995,0.535922697096416,3.2920462591456223,0.09536124891260904,-0.023792340821790242,-0.1448492608543825,1.0434782608695652,-0.4057971014492754,-0.057971014492753624,-0.5217391304347826,-0.927536231884058,0.0,-0.4117647058823529,-0.17647058823529413,0.17647058823529413,-0.17647058823529413
1,1,0,0,1.0643766740284761,0.5217391304347826,1.4468943866503345,0,6,5,4,3,2,1,0,6,5,1,0,0,1,1,1,1,1,0,0,0,1,1,0,0,0,0,0,1,1,0,0,0,0,0,0,0,0,0,0,0.906849055710702,0.1761904761904762,-0.1888326321043999,2.1710998597542135,-0.10963439436220028,0.356368275568786,0.5353788057587917,3.2834740084169938,0.097264579210802,-0.023792340821790242,1.3333333333333333,1.0434782608695652,-0.4057971014492754,-0.057971014492753624,-0.5217391304347826,-0.927536231884058,0.0,-0.4117647058823529,-0.17647058823529413,0.17647058823529413
2,1,0,0,1.1113669470419625,0.7536231884057971,1.6021176587424841,1,0,6,5,4,3,2,1,0,6,1,1,0,0,1,1,1,1,1,0,0,0,1,1,0,0,0,0,0,1,0,0,0,0,0,0,0,0,0,0,1.0772471245325885,0.919047619047619,0.18198673607644583,-0.1869309943188571,2.1606205363477273,-0.10669312731826014,0.35600660844937465,0.5373709825312111,3.2540565708299383,0.097264579210802,0.5797101449275363,1.3333333333333333,1.0434782608695652,-0.4057971014492754,-0.057971014492753624,-0.5217391304347826,-0.9411764705882353,0.0,-0.4117647058823529,-0.17647058823529413
3,1,0,0,3.5078708707297594,1.565217391304348,3.634448854474438,2,1,0,6,5,4,3,2,1,0,1,1,1,0,0,1,1,1,1,1,0,0,0,1,1,0,0,0,0,0,0,0,0,0,0,0,0,0,0,0,1.1245799214275571,1.0904761904761904,0.9236254724381373,0.18388837386198867,-0.18530955871919788,2.1613627235570676,-0.10658484776964826,0.35868619660028683,0.5349319054824817,3.2540565708299383,0.8115942028985508,0.5797101449275363,1.3333333333333333,1.0434782608695652,-0.4057971014492754,-0.057971014492753624,-0.5294117647058824,-0.9411764705882353,0.0,-0.4117647058823529
4,1,0,0,-0.007001550679009489,0.057971014492753624,0.025524765759457623,3,2,1,0,6,5,4,3,2,1,1,1,1,1,0,0,1,1,1,1,0,0,0,0,1,1,0,0,0,0,0,0,0,0,0,0,0,0,0,0,3.538552563070952,1.138095238095238,1.0947728731369892,0.9255271102236802,0.18360686752116537,-0.1822949890141044,2.1591692235071984,-0.10213246185314932,0.35800256081946225,0.5349319054824817,1.6231884057971016,0.8115942028985508,0.5797101449275363,1.3333333333333333,1.0434782608695652,-0.4057971014492754,-0.058823529411764705,-0.5294117647058824,-0.9411764705882353,0.0
5,0,1,0,0.03998872233447673,-1.1594202898550725,0.3650513733983319,4,3,2,1,0,6,5,4,3,2,1,1,1,1,1,0,0,1,1,1,0,0,0,0,0,1,1,0,0,0,0,0,0,0,0,0,0,0,0,0,-0.0019406446726936933,3.566666666666667,1.1423138177755592,1.096674510922532,0.9214397200018918,0.18626408675313638,-0.1821099834788765,2.1549385183269463,-0.09828890699569316,0.35800256081946225,0.11594202898550725,1.6231884057971016,0.8115942028985508,0.5797101449275363,1.3333333333333333,1.0434782608695652,-0.4117647058823529,-0.058823529411764705,-0.5294117647058824,-0.9411764705882353
6,0,1,0,0.21855175978572433,0.2898550724637681,0.4839513037800343,5,4,3,2,1,0,6,5,4,3,0,1,1,1,1,1,0,0,1,1,1,0,0,0,0,0,1,1,0,0,0,0,0,0,0,0,0,0,0,0,0.04539215222227483,0.004761904761904762,3.5669019943426274,1.144215455561102,1.0917088398051364,0.9233822382876179,0.18607505310361114,-0.17736816119248583,2.1366080782213945,-0.09828890699569316,-1.1014492753623188,0.11594202898550725,1.6231884057971016,0.8115942028985508,0.5797101449275363,1.3333333333333333,1.0588235294117647,-0.4117647058823529,-0.058823529411764705,-0.5294117647058824
0,1,0,0,-0.11038015130867916,0.2898550724637681,0.03899207662154042,6,5,4,3,2,1,0,6,5,4,0,0,1,1,1,1,1,0,0,1,1,1,0,0,0,0,0,1,1,0,0,0,0,0,0,0,0,0,0,0,0.22525678042315522,0.05238095238095238,0.010839335377593958,3.5688036321281706,1.1390058175282598,1.0934864271032676,0.9224451262685863,0.1894058730867797,-0.17278547316959608,2.1366080782213945,0.34782608695652173,-1.1014492753623188,0.11594202898550725,1.6231884057971016,0.8115942028985508,0.5797101449275363,1.3529411764705883,1.0588235294117647,-0.4117647058823529,-0.058823529411764705
1,1,0,0,0.08697899534796294,0.17391304347826086,0.2178345070741076,0,6,5,4,3,2,1,0,6,5,1,0,0,1,1,1,1,1,0,0,0,1,1,0,0,0,0,0,1,1,0,0,0,0,0,0,0,0,0,0,-0.10607279784162445,0.23333333333333334,0.058380280016163924,0.012740973163136785,3.5511516814075574,1.1407375906631703,1.0923766816143499,0.9229539416453107,0.19038528692818066,-0.17278547316959608,0.34782608695652173,0.34782608695652173,-1.1014492753623188,0.11594202898550725,1.6231884057971016,0.8115942028985508,0.5882352941176471,1.3529411764705883,1.0588235294117647,-0.4117647058823529
2,1,0,0,0.04938677693717397,-1.3333333333333333,0.10857619826197508,1,0,6,5,4,3,2,1,0,6,1,1,0,0,1,1,1,1,1,0,0,0,1,1,0,0,0,0,0,1,0,0,0,0,0,0,0,0,0,0,0.09272494911724335,-0.1,0.2390358696427298,0.060281917801706754,0.013337747717920793,3.5505469322182064,1.1395798914326176,1.092234265158818,0.916726807123734,0.19038528692818066,0.2318840579710145,0.34782608695652173,0.34782608695652173,-1.1014492753623188,0.11594202898550725,1.6231884057971016,0.8235294117647058,0.5882352941176471,1.3529411764705883,1.0588235294117647
3,1,0,0,0.13396926836144915,0.2318840579710145,0.09814652088438357,2,1,0,6,5,4,3,2,1,0,1,1,1,0,0,1,1,1,1,1,0,0,0,1,1,0,0,0,0,0,0,0,0,0,0,0,0,0,0,0,0.05485871160126853,0.1,-0.09375074282725997,0.24093750742827263,0.060634725441044285,0.016159897937486786,3.5469435921642676,1.1392565772459031,1.0843440810150156,0.916726807123734,-1.2753623188405796,0.2318840579710145,0.34782608695652173,0.34782608695652173,-1.1014492753623188,0.11594202898550725,1.6470588235294117,0.8235294117647058,0.5882352941176471,1.3529411764705883
4,1,0,0,0.9234058549880175,0.2318840579710145,0.9839337132486052,3,2,1,0,6,5,4,3,2,1,1,1,1,1,0,0,1,1,1,1,0,0,0,0,1,1,0,0,0,0,0,0,0,0,0,0,0,0,0,0,0.14005774601221188,0.06190476190476191,0.1059212246547339,-0.09184910504171714,0.24036324078891355,0.06341106149738945,0.01614349775784761,3.5373944936872546,1.130904434873705,1.0843440810150156,0.2898550724637681,-1.2753623188405796,0.2318840579710145,0.34782608695652173,0.34782608695652173,-1.1014492753623188,0.11764705882352941,1.6470588235294117,0.8235294117647058,0.5882352941176471
5,0,1,0,-0.22315680654104608,-0.6956521739130435,-0.1201561958777042,4,3,2,1,0,6,5,4,3,2,1,1,1,1,1,0,0,1,1,1,0,0,0,0,0,1,1,0,0,0,0,0,0,0,0,0,0,0,0,0,0.935248733847683,0.14761904761904762,0.06788846894387791,0.10782286244027672,-0.09071560327295089,0.24296548302501958,0.06334670757611525,0.020125549573272523,3.5054824816668604,1.130904434873705,0.2898550724637681,0.2898550724637681,-1.2753623188405796,0.2318840579710145,0.34782608695652173,0.34782608695652173,-1.1176470588235294,0.11764705882352941,1.6470588235294117,0.8235294117647058
6,0,1,0,-0.26074902495183505,-0.5797101449275363,-0.277621406329817,5,4,3,2,1,0,6,5,4,3,0,1,1,1,1,1,0,0,1,1,1,0,0,0,0,0,1,1,0,0,0,0,0,0,0,0,0,0,0,0,-0.21967151038954888,0.9476190476190476,0.15346216929330386,0.06979010672942075,0.10793170316416778,-0.08779266189429907,0.2427189048855323,0.06714786166035784,0.02276801303689908,3.5054824816668604,-0.6376811594202898,0.2898550724637681,0.2898550724637681,-1.2753623188405796,0.2318840579710145,0.34782608695652173,0.35294117647058826,-1.1176470588235294,0.11764705882352941,1.6470588235294117
0,1,0,0,-0.08218598750058743,0.2318840579710145,0.07416590223242941,6,5,4,3,2,1,0,6,5,4,0,0,1,1,1,1,1,0,0,1,1,1,0,0,0,0,0,1,1,0,0,0,0,0,0,0,0,0,0,0,-0.2575377479055237,-0.21428571428571427,0.9521500392212794,0.1553638070788467,0.07009412098566899,0.11066222505729212,-0.08770356384234121,0.24583264759128207,0.06932836689558841,0.02276801303689908,-0.5217391304347826,-0.6376811594202898,0.2898550724637681,0.2898550724637681,-1.2753623188405796,0.2318840579710145,0.35294117647058826,0.35294117647058826,-1.1176470588235294,0.11764705882352941
1,1,0,0,0.10577510455335742,-0.7536231884057971,0.15281869670445916,0,6,5,4,3,2,1,0,6,5,1,0,0,1,1,1,1,1,0,0,0,1,1,0,0,0,0,0,1,1,0,0,0,0,0,0,0,0,0,0,-0.07767311970464333,-0.2523809523809524,-0.20784900995982789,0.9540516770068221,0.15522868088729128,0.07286129420936999,0.1105499173943829,-0.08332353701831519,0.24625771155860784,0.06932836689558841,0.2898550724637681,-0.5217391304347826,-0.6376811594202898,0.2898550724637681,0.2898550724637681,-1.2753623188405796,0.23529411764705882,0.35294117647058826,0.35294117647058826,-1.1176470588235294
2,1,0,0,-0.4111178985949909,-1.2753623188405796,-0.3786276450379523,1,0,6,5,4,3,2,1,0,6,1,1,0,0,1,1,1,1,1,0,0,0,1,1,0,0,0,0,0,1,0,0,0,0,0,0,0,0,0,0,0.11165806787523076,-0.07142857142857142,-0.24588176567068387,-0.20594737217428508,0.9498179066357659,0.15791338861719478,0.07278734953976879,0.11417017374744318,-0.07966476545221743,0.24625771155860784,-0.6956521739130435,0.2898550724637681,-0.5217391304347826,-0.6376811594202898,0.2898550724637681,0.2898550724637681,-1.2941176470588236,0.23529411764705882,0.35294117647058826,0.35294117647058826
3,1,0,0,-0.37352568018420196,-0.8695652173913043,-0.3502158207430361,2,1,0,6,5,4,3,2,1,0,1,1,1,0,0,1,1,1,1,1,0,0,0,1,1,0,0,0,0,0,0,0,0,0,0,0,0,0,0,0,-0.40900269796942296,0.11904761904761904,-0.065226176044118,-0.24398012788514103,-0.20422834980844726,0.9517329364235595,0.15775312721265053,0.07655232407777492,0.11588872075427774,-0.07966476545221743,-1.2173913043478262,-0.6956521739130435,0.2898550724637681,-0.5217391304347826,-0.6376811594202898,0.2898550724637681,0.29411764705882354,-1.2941176470588236,0.23529411764705882,0.35294117647058826
4,1,0,0,-0.5144964992246606,-0.6376811594202898,-0.5552003943495595,3,2,1,0,6,5,4,3,2,1,1,1,1,1,0,0,1,1,1,1,0,0,0,0,1,1,0,0,0,0,0,0,0,0,0,0,0,0,0,0,-0.37113646045344817,-0.40476190476190477,0.12493760251016188,-0.06332453825857516,-0.24206593198694606,-0.20119545443806547,0.9507670521595469,0.1611924858345285,0.07864043766732627,0.11588872075427774,-0.8115942028985508,-1.2173913043478262,-0.6956521739130435,0.2898550724637681,-0.5217391304347826,-0.6376811594202898,0.29411764705882354,0.29411764705882354,-1.2941176470588236,0.23529411764705882
5,0,1,0,2.257929608571026,-0.5797101449275363,3.122391098025096,4,3,2,1,0,6,5,4,3,2,1,1,1,1,1,0,0,1,1,1,0,0,0,0,0,1,1,0,0,0,0,0,0,0,0,0,0,0,0,0,-0.5131348511383538,-0.36666666666666664,-0.39801278851410776,0.1268392402957047,-0.06233741663907679,-0.2389963852859876,-0.20099126740618356,0.951167328897562,0.16244907461296706,0.07864043766732627,-0.5797101449275363,-0.8115942028985508,-1.2173913043478262,-0.6956521739130435,0.2898550724637681,-0.5217391304347826,-0.6470588235294118,0.29411764705882354,0.29411764705882354,-1.2941176470588236
6,0,1,0,2.5022790282411544,-1.2173913043478262,2.128007402899764,5,4,3,2,1,0,6,5,4,3,0,1,1,1,1,1,0,0,1,1,1,0,0,0,0,0,1,1,0,0,0,0,0,0,0,0,0,0,0,0,2.279500165664789,-0.5095238095238095,-0.3599800328032518,-0.39611115072856495,0.12685049425341716,-0.059441963758357474,-0.23875383526079766,-0.19617708602731995,0.9446630194389476,0.16244907461296706,-0.5217391304347826,-0.5797101449275363,-0.8115942028985508,-1.2173913043478262,-0.6956521739130435,0.2898550724637681,-0.5294117647058824,-0.6470588235294118,0.29411764705882354,0.29411764705882354
0,0,0,1,0.011794558526384996,-1.2173913043478262,-0.040706902142566934,6,5,4,3,2,1,0,6,5,4,0,0,1,1,1,1,1,0,0,1,1,1,0,0,0,0,0,1,1,0,0,0,0,0,0,0,0,0,0,0,2.5256307095186257,2.3,-0.5026028667189617,-0.358078395017709,-0.3934162607009412,0.12956269048125318,-0.05938163795138062,-0.23379493569698823,-0.1914096147130718,0.9446630194389476,-1.1594202898550725,-0.5217391304347826,-0.5797101449275363,-0.8115942028985508,-1.2173913043478262,-0.6956521739130435,0.29411764705882354,-0.5294117647058824,-0.6470588235294118,0.29411764705882354
1,1,0,0,-0.2513509703491378,0.057971014492753624,-0.2659364686294483,0,6,5,4,3,2,1,0,6,5,0,0,0,1,1,1,1,1,0,0,0,1,1,0,0,0,0,0,1,1,1,0,0,0,0,0,0,0,0,0,0.016992474085293717,2.5476190476190474,2.302312866956666,-0.5007012289334188,-0.35557867852244246,-0.3902001086776761,0.12943120132168995,-0.055110149766063994,-0.22865789780002327,-0.1914096147130718,-1.1594202898550725,-1.1594202898550725,-0.5217391304347826,-0.5797101449275363,-0.8115942028985508,-1.2173913043478262,-0.7058823529411765,0.29411764705882354,-0.5294117647058824,-0.6470588235294118
2,1,0,0,-0.1385743151167709,-0.057971014492753624,-0.10270116179931636,1,0,6,5,4,3,2,1,0,6,1,0,0,0,1,1,1,1,1,0,0,0,1,1,0,0,0,0,0,1,0,1,0,0,0,0,0,0,0,0,-0.24807118852653,0.023809523809523808,2.5495257790772303,2.3042145047422093,-0.4974696116918129,-0.352399177829754,-0.38980410667925414,0.1329790985822773,-0.051728553137003835,-0.22865789780002327,0.11594202898550725,-1.1594202898550725,-1.1594202898550725,-0.5217391304347826,-0.5797101449275363,-0.8115942028985508,-1.2352941176470589,-0.7058823529411765,0.29411764705882354,-0.5294117647058824
3,1,0,0,0.05878483153987121,-0.17391304347826086,0.12437149031203995,2,1,0,6,5,4,3,2,1,0,1,1,0,0,0,1,1,1,1,1,0,0,0,1,1,0,0,0,0,0,0,0,1,0,0,0,0,0,0,0,-0.13447247597860557,-0.24285714285714285,0.029855713233021944,2.5514274168627735,2.293052073972473,-0.494152668509462,-0.35204153882464,-0.38426633437566127,0.13451286229775347,-0.051728553137003835,0.0,0.11594202898550725,-1.1594202898550725,-1.1594202898550725,-0.5217391304347826,-0.5797101449275363,-0.8235294117647058,-1.2352941176470589,-0.7058823529411765,0.29411764705882354
4,1,0,0,-0.38292373478689923,-0.8115942028985508,-0.37910449921566336,3,2,1,0,6,5,4,3,2,1,1,1,1,0,0,0,1,1,1,1,0,0,0,0,1,1,0,0,0,0,0,0,0,1,0,0,0,0,0,0,0.06432527098026224,-0.12857142857142856,-0.23637357674296988,0.03175735101856477,2.538996358132715,2.293665981524795,-0.49365116827944294,-0.346648484705993,-0.37765103014782914,0.13451286229775347,-0.11594202898550725,0.0,0.11594202898550725,-1.1594202898550725,-1.1594202898550725,-0.5217391304347826,-0.5882352941176471,-0.8235294117647058,-1.2352941176470589,-0.7058823529411765
5,0,1,0,-0.5802828814435413,-0.8115942028985508,-0.6073801426421219,4,3,2,1,0,6,5,4,3,2,1,1,1,1,0,0,0,1,1,1,0,0,0,0,0,1,1,0,0,0,0,0,0,0,1,0,0,0,0,0,-0.3806030198324419,0.07142857142857142,-0.12227530961040195,-0.23447193895742705,0.032256538807170186,2.5393720320362894,2.2913382109983482,-0.48771542096724896,-0.34040274706087764,-0.37765103014782914,-0.7536231884057971,-0.11594202898550725,0.0,0.11594202898550725,-1.1594202898550725,-1.1594202898550725,-0.5294117647058824,-0.5882352941176471,-0.8235294117647058,-1.2352941176470589
6,0,1,0,-0.27954513415722954,-1.1594202898550725,-0.12471968231701273,5,4,3,2,1,0,6,5,4,3,0,1,1,1,1,0,0,0,1,1,1,0,0,0,0,0,1,1,0,0,0,0,0,0,0,1,0,0,0,0,-0.5794007667913097,-0.3761904761904762,0.07739665787159192,-0.12037367182485913,-0.23260653644232135,0.035060363361447855,2.53679490205334,2.286600992170785,-0.4800838086369456,-0.34040274706087764,-0.7536231884057971,-0.7536231884057971,-0.11594202898550725,0.0,0.11594202898550725,-1.1594202898550725,-1.1764705882352942,-0.5294117647058824,-0.5882352941176471,-0.8235294117647058
0,1,0,0,5.7540059207744,0.8115942028985508,5.280074230032284,6,5,4,3,2,1,0,6,5,4,0,0,1,1,1,1,0,0,0,1,1,1,0,0,0,0,0,1,1,0,0,0,0,0,0,0,1,0,0,0,-0.2764708666635111,-0.5761904761904761,-0.3694882217309658,0.07929829565713474,-0.11909378990682498,-0.22954615257400707,0.03502478168515467,2.5311170150236286,2.2669770690257245,-0.4800838086369456,-1.1014492753623188,-0.7536231884057971,-0.7536231884057971,-0.11594202898550725,0.0,0.11594202898550725,-1.1764705882352942,-1.1764705882352942,-0.5294117647058824,-0.5882352941176471
1,1,0,0,-0.3265354071707157,-0.5217391304347826,-0.4406842254346218,0,6,5,4,3,2,1,0,6,5,1,0,0,1,1,1,1,0,0,0,0,1,1,0,0,0,0,0,1,1,0,0,0,0,0,0,0,1,0,0,5.801060254650447,-0.2714285714285714,-0.5691601892129596,-0.367586583945423,0.07955351653029367,-0.11614336003024067,-0.22931319329714414,0.038934474408106656,2.509090909090909,2.2669770690257245,0.8695652173913043,-1.1014492753623188,-0.7536231884057971,-0.7536231884057971,-0.11594202898550725,0.0,0.11764705882352941,-1.1764705882352942,-1.1764705882352942,-0.5294117647058824
2,1,0,0,0.17156148677223812,-1.1014492753623188,0.16940405490899463,1,0,6,5,4,3,2,1,0,6,1,1,0,0,1,1,1,1,0,0,0,0,1,1,0,0,0,0,0,1,0,0,0,0,0,0,0,0,1,0,-0.3238036635584796,5.8428571428571425,-0.26489814352611185,-0.5672585514274169,-0.3650380740670671,0.08231152692135052,-0.11602548973330179,-0.22439047327957115,0.04139215458037481,2.509090909090909,-0.463768115942029,0.8695652173913043,-1.1014492753623188,-0.7536231884057971,-0.7536231884057971,-0.11594202898550725,0.0,0.11764705882352941,-1.1764705882352942,-1.1764705882352942
3,1,0,0,0.5850758892909168,-0.2898550724637681,0.32783744821096256,2,1,0,6,5,4,3,2,1,0,1,1,1,0,0,1,1,1,1,0,0,0,0,1,1,0,0,0,0,0,0,0,0,0,0,0,0,0,0,1,0.1779239835281867,-0.319047619047619,5.839359148066272,-0.26299650574056904,-0.5636853805041858,-0.36184941054173453,0.0822279915034223,-0.11153692427056638,-0.2193458270282854,0.04139215458037481,-1.0434782608695652,-0.463768115942029,0.8695652173913043,-1.1014492753623188,-0.7536231884057971,-0.7536231884057971,-0.11764705882352941,0.0,0.11764705882352941,-1.1764705882352942
4,1,0,0,2.2015412809548427,1.1594202898550725,2.5847022284891423,3,2,1,0,6,5,4,3,2,1,1,1,1,1,0,0,1,1,1,1,0,0,0,0,1,1,0,0,0,0,0,0,0,0,0,0,0,0,0,0,0.5944525962039097,0.18571428571428572,-0.31243908816468186,5.841260785851815,-0.26098472307619547,-0.5603042974933258,-0.36148218078829353,0.08595678649519198,-0.10760097776743102,-0.2193458270282854,-0.2318840579710145,-1.0434782608695652,-0.463768115942029,0.8695652173913043,-1.1014492753623188,-0.7536231884057971,-0.7647058823529411,-0.11764705882352941,0.0,0.11764705882352941
5,0,1,0,-0.1385743151167709,-0.8695652173913043,-0.0028540888536944236,4,3,2,1,0,6,5,4,3,2,1,1,1,1,1,0,0,1,1,1,0,0,0,0,0,1,1,0,0,0,0,0,0,0,0,0,0,0,0,0,2.222700809390827,0.6047619047619047,0.19149492500415985,-0.310537450379139,5.81194721657286,-0.25789685070994867,-0.5597356620250177,-0.35605294712341007,0.08795250843906413,-0.10760097776743102,1.2173913043478262,-0.2318840579710145,-1.0434782608695652,-0.463768115942029,0.8695652173913043,-1.1014492753623188,-0.7647058823529411,-0.7647058823529411,-0.11764705882352941,0.0
6,0,1,0,-0.47690428081387165,-1.2173913043478262,-0.47480623778337594,5,4,3,2,1,0,6,5,4,3,0,1,1,1,1,1,0,0,1,1,1,0,0,0,0,0,1,1,0,0,0,0,0,0,0,0,0,0,0,0,-0.13447247597860557,2.242857142857143,0.6098552378235755,0.19339656278970266,-0.30828170079931894,5.809152550381554,-0.2576351191881047,-0.5535466578891685,-0.34971481783261554,0.08795250843906413,-0.8115942028985508,1.2173913043478262,-0.2318840579710145,-1.0434782608695652,-0.463768115942029,0.8695652173913043,-1.1176470588235294,-0.7647058823529411,-0.7647058823529411,-0.11764705882352941
0,1,0,0,-0.36412762558150474,-0.2898550724637681,-0.33128398616318744,6,5,4,3,2,1,0,6,5,4,0,0,1,1,1,1,1,0,0,1,1,1,0,0,0,0,0,1,1,0,0,0,0,0,0,0,0,0,0,0,-0.47526861362237893,-0.12857142857142856,2.245263733390382,0.6117568756091184,0.19306626306579006,-0.30514801426985133,5.803257021477461,-0.2526038605318224,-0.5452683040391106,-0.34971481783261554,-1.1594202898550725,-0.8115942028985508,1.2173913043478262,-0.2318840579710145,-1.0434782608695652,-0.463768115942029,0.8823529411764706,-1.1176470588235294,-0.7647058823529411,-0.7647058823529411
1,1,0,0,-0.09158404210328468,-0.17391304347826086,0.02741971832231764,0,6,5,4,3,2,1,0,6,5,1,0,0,1,1,1,1,1,0,0,0,1,1,0,0,0,0,0,1,1,0,0,0,0,0,0,0,0,0,0,-0.36166990107445446,-0.4714285714285714,-0.12227530961040195,2.2471653711759254,0.6092796670292768,0.19571431946511691,-0.30483832900637237,5.785061011449933,-0.247282039343499,-0.5452683040391106,-0.2318840579710145,-1.1594202898550725,-0.8115942028985508,1.2173913043478262,-0.2318840579710145,-1.0434782608695652,-0.47058823529411764,0.8823529411764706,-1.1176470588235294,-0.7647058823529411
2,1,0,0,1.56247356797143,1.1014492753623188,2.539999360709829,1,0,6,5,4,3,2,1,0,6,1,1,0,0,1,1,1,1,1,0,0,0,1,1,0,0,0,0,0,1,0,0,0,0,0,0,0,0,0,0,-0.08713967908363703,-0.35714285714285715,-0.46457011100810575,-0.12037367182485913,2.236295700704725,0.6115245587922603,0.19551569506726466,-0.29962617261890767,5.731067396112211,-0.247282039343499,-0.11594202898550725,-0.2318840579710145,-1.1594202898550725,-0.8115942028985508,1.2173913043478262,-0.2318840579710145,-1.0588235294117647,-0.47058823529411764,0.8823529411764706,-1.1176470588235294
3,1,0,0,-0.30773929796532123,0.057971014492753624,-0.23379183304796466,2,1,0,6,5,4,3,2,1,0,1,1,1,0,0,1,1,1,1,1,0,0,0,1,1,0,0,0,0,0,0,0,0,0,0,0,0,0,0,0,1.578974771619255,-0.08095238095238096,-0.3504718438755378,-0.4626684732225629,-0.11909378990682498,2.236964585252912,0.61090394146802,0.19881033550419674,-0.2938423932021883,5.731067396112211,1.1594202898550725,-0.11594202898550725,-0.2318840579710145,-1.1594202898550725,-0.8115942028985508,1.2173913043478262,-0.23529411764705882,-1.0588235294117647,-0.47058823529411764,0.8823529411764706
4,1,0,0,-0.4299140078003854,0.6376811594202898,-0.3771142562311191,3,2,1,0,6,5,4,3,2,1,1,1,1,1,0,0,1,1,1,1,0,0,0,0,1,1,0,0,0,0,0,0,0,0,0,0,0,0,0,0,-0.30487054480049225,1.5952380952380953,-0.07473436497183199,-0.348570206089995,-0.4596320295133141,-0.11614336003024067,2.234694359216427,0.6126066818705476,0.1996973576999185,-0.2938423932021883,0.11594202898550725,1.1594202898550725,-0.11594202898550725,-0.2318840579710145,-1.1594202898550725,-0.8115942028985508,1.2352941176470589,-0.23529411764705882,-1.0588235294117647,-0.47058823529411764
5,0,1,0,-0.28894318875992675,-0.6376811594202898,-0.214127026152798,4,3,2,1,0,6,5,4,3,2,1,1,1,1,1,0,0,1,1,1,0,0,0,0,0,1,1,0,0,0,0,0,0,0,0,0,0,0,0,0,-0.4279358167274104,-0.3,1.5987068863058307,-0.07283272718628916,-0.34611928297781774,-0.45635173766153986,-0.11602548973330179,2.2301742176662827,0.6094284716563845,0.1996973576999185,0.6956521739130435,0.11594202898550725,1.1594202898550725,-0.11594202898550725,-0.2318840579710145,-1.1594202898550725,-0.8235294117647058,1.2352941176470589,-0.23529411764705882,-1.0588235294117647
6,0,1,0,-0.30773929796532123,-1.4492753623188406,-0.3131245266890579,5,4,3,2,1,0,6,5,4,3,0,1,1,1,1,1,0,0,1,1,1,0,0,0,0,0,1,1,0,0,0,0,0,0,0,0,0,0,0,0,-0.2859374260425048,-0.4238095238095238,-0.2934227103092538,1.6006085240913737,-0.07179681218370149,-0.34294894511777346,-0.4558886004248288,-0.11153692427056638,2.2111046443952973,0.6094284716563845,-0.5797101449275363,0.6956521739130435,0.11594202898550725,1.1594202898550725,-0.11594202898550725,-0.2318840579710145,-1.1764705882352942,-0.8235294117647058,1.2352941176470589,-0.23529411764705882
0,0,0,1,-0.5050984446219634,-1.1014492753623188,-0.482354686630211,6,5,4,3,2,1,0,6,5,4,0,0,1,1,1,1,1,0,0,1,1,1,0,0,0,0,0,1,1,0,0,0,0,0,0,0,0,0,0,0,-0.30487054480049225,-0.28095238095238095,-0.41702916636953574,-0.291521072523711,1.5930568036702455,-0.06889219647033801,-0.3426008968609865,-0.4500975712975807,-0.10760097776743102,2.2111046443952973,-1.391304347826087,-0.5797101449275363,0.6956521739130435,0.11594202898550725,1.1594202898550725,-0.11594202898550725,-0.23529411764705882,-1.1764705882352942,-0.8235294117647058,1.2352941176470589
1,1,0,0,-0.30773929796532123,-0.11594202898550725,-0.19171407566180101,0,6,5,4,3,2,1,0,6,5,0,0,0,1,1,1,1,1,0,0,0,1,1,0,0,0,0,0,1,1,1,0,0,0,0,0,0,0,0,0,-0.50366829175936,-0.3,-0.27440633245382584,-0.41512752858399293,-0.28936290971006956,1.5943487608382358,-0.06882227991503415,-0.3372440222885759,-0.44283552554999417,-0.10760097776743102,-1.0434782608695652,-1.391304347826087,-0.5797101449275363,0.6956521739130435,0.11594202898550725,1.1594202898550725,-0.11764705882352941,-0.23529411764705882,-1.1764705882352942,-0.8235294117647058
2,1,0,0,-0.4017198439922937,-0.11594202898550725,-0.3543892999712319,1,0,6,5,4,3,2,1,0,6,1,0,0,0,1,1,1,1,1,0,0,0,1,1,0,0,0,0,0,1,0,1,0,0,0,0,0,0,0,0,-0.30487054480049225,-0.5,-0.2934227103092538,-0.27250469466828303,-0.41233505179019064,-0.28624754884589027,1.592730705687987,-0.06451461218348106,-0.3310906762891398,-0.44283552554999417,-0.057971014492753624,-1.0434782608695652,-1.391304347826087,-0.5797101449275363,0.6956521739130435,0.11594202898550725,1.1764705882352942,-0.11764705882352941,-0.23529411764705882,-1.1764705882352942
3,1,0,0,2.7466284479112826,0.7536231884057971,3.698406016404025,2,1,0,6,5,4,3,2,1,0,1,1,0,0,0,1,1,1,1,1,0,0,0,1,1,0,0,0,0,0,0,0,1,0,0,0,0,0,0,0,-0.39953613859042925,-0.3,-0.4930946777912477,-0.291521072523711,-0.27044411862082013,-0.4091005741016372,-0.28595704507906533,1.5906707732819223,-0.0610406239087417,-0.3310906762891398,-0.057971014492753624,-0.057971014492753624,-1.0434782608695652,-1.391304347826087,-0.5797101449275363,0.6956521739130435,0.11764705882352941,1.1764705882352942,-0.11764705882352941,-0.23529411764705882
4,1,0,0,-0.37352568018420196,-0.5797101449275363,-0.3168488945205394,3,2,1,0,6,5,4,3,2,1,1,1,1,0,0,0,1,1,1,1,0,0,0,0,1,1,0,0,0,0,0,0,0,1,0,0,0,0,0,0,2.771761253372462,-0.3952380952380952,-0.2934227103092538,-0.4911930400057049,-0.28936290971006956,-0.2673470834219292,-0.40868539060656117,-0.2808172477840735,1.5778838319171224,-0.0610406239087417,0.8115942028985508,-0.057971014492753624,-0.057971014492753624,-1.0434782608695652,-1.391304347826087,-0.5797101449275363,0.7058823529411765,0.11764705882352941,1.1764705882352942,-0.11764705882352941
5,0,1,0,-0.4487101170057799,-1.1014492753623188,-0.42334217282666975,4,3,2,1,0,6,5,4,3,2,1,1,1,1,0,0,0,1,1,1,0,0,0,0,0,1,1,0,0,0,0,0,0,0,1,0,0,0,0,0,-0.37113646045344817,2.795238095238095,-0.3885045995863938,-0.291521072523711,-0.4880102161471882,-0.28624754884589027,-0.26707576115175824,-0.40307525921049536,-0.2752182516587126,1.5778838319171224,-0.5217391304347826,0.8115942028985508,-0.057971014492753624,-0.057971014492753624,-1.0434782608695652,-1.391304347826087,-0.5882352941176471,0.7058823529411765,0.11764705882352941,1.1764705882352942
6,0,1,0,-0.16676847892486263,-1.1014492753623188,0.0028540888536944236,5,4,3,2,1,0,6,5,4,3,0,1,1,1,1,0,0,0,1,1,1,0,0,0,0,0,1,1,0,0,0,0,0,0,0,1,0,0,0,0,-0.4468689354853978,-0.36666666666666664,2.796738691197794,-0.38660296180085096,-0.28936290971006956,-0.48470243579748146,-0.28595704507906533,-0.2620083229492394,-0.39627517169130483,-0.2752182516587126,-1.0434782608695652,-0.5217391304347826,0.8115942028985508,-0.057971014492753624,-0.057971014492753624,-1.0434782608695652,-1.411764705882353,-0.5882352941176471,0.7058823529411765,0.11764705882352941
0,0,0,1,2.4552887552276683,-0.6376811594202898,3.55843685109786,6,5,4,3,2,1,0,6,5,4,0,0,1,1,1,1,0,0,0,1,1,1,0,0,0,0,0,1,1,0,0,0,0,0,0,0,1,0,0,0,-0.16287215411558667,-0.44285714285714284,-0.3599800328032518,2.7986403289833373,-0.38395686515631655,-0.28624754884589027,-0.4842105263157894,-0.2808172477840735,-0.25659411011523686,-0.39627517169130483,-1.0434782608695652,-1.0434782608695652,-0.5217391304347826,0.8115942028985508,-0.057971014492753624,-0.057971014492753624,-1.0588235294117647,-1.411764705882353,-0.5882352941176471,0.7058823529411765
1,1,0,0,-0.2001315727644378,-0.057971014492753624,-0.03490705263710211,0,6,5,4,3,2,1,0,6,5,0,0,0,1,1,1,1,0,0,0,0,1,1,0,0,0,0,0,1,1,1,0,0,0,0,0,0,1,0,0,2.478297912623657,-0.15714285714285714,-0.4360455442249637,-0.358078395017709,2.7849406422929572,-0.3807498759656956,-0.28595704507906533,-0.4783109585498319,-0.2752182516587126,-0.25659411011523686,-0.5797101449275363,-1.0434782608695652,-1.0434782608695652,-0.5217391304347826,0.8115942028985508,-0.057971014492753624,-0.058823529411764705,-1.0588235294117647,-1.411764705882353,-0.5882352941176471
2,1,0,0,0.2678915464498849,-0.17391304347826086,0.6758171605987374,1,0,6,5,4,3,2,1,0,6,1,0,0,0,1,1,1,1,0,0,0,0,1,1,0,0,0,0,0,1,0,1,0,0,0,0,0,0,1,0,-0.1964784399110143,2.5,-0.15079987639354395,-0.4341439064394209,-0.35557867852244246,2.785078082547783,-0.3803634647156006,-0.2808172477840735,-0.47077173786520776,-0.2752182516587126,0.0,-0.5797101449275363,-1.0434782608695652,-1.0434782608695652,-0.5217391304347826,0.8115942028985508,-0.058823529411764705,-0.058823529411764705,-1.0588235294117647,-1.411764705882353
3,1,0,0,-0.26939523518631653,-0.8115942028985508,-0.18140783355618023,2,1,0,6,5,4,3,2,1,0,1,1,0,0,0,1,1,1,1,0,0,0,0,1,1,0,0,0,0,0,0,0,1,0,0,0,0,0,0,1,0.27495621716287216,-0.19095238095238093,2.50198483443866,-0.1488982386080011,-0.43125384287944,-0.352399177829754,2.782251593108332,-0.3748618719582442,-0.2752182516587126,-0.47077173786520776,-0.11594202898550725,0.0,-0.5797101449275363,-1.0434782608695652,-1.0434782608695652,-0.5217391304347826,0.8235294117647058,-0.058823529411764705,-0.058823529411764705,-1.0588235294117647
4,1,0,0,0.5857337531131056,0.11594202898550725,1.1883754933138893,3,2,1,0,6,5,4,3,2,1,1,1,1,0,0,0,1,1,1,1,0,0,0,0,1,1,0,0,0,0,0,0,0,1,0,0,0,0,0,0,-0.26624698253419793,0.2833333333333333,-0.1845539470869286,2.5038864722242034,-0.14747197654069907,-0.42800103952559826,-0.35204153882464,2.775633037876472,-0.36833895937609124,-0.2752182516587126,-0.7536231884057971,-0.11594202898550725,0.0,-0.5797101449275363,-1.0434782608695652,-1.0434782608695652,-0.5294117647058824,0.8235294117647058,-0.058823529411764705,-0.058823529411764705
5,0,1,0,0.6244537380762183,-0.5217391304347826,1.2790477471354071,4,3,2,1,0,6,5,4,3,2,1,1,1,1,0,0,0,1,1,1,0,0,0,0,0,1,1,0,0,0,0,0,0,0,1,0,0,0,0,0,0.5951152553604392,-0.2611428571428572,0.28895386151322827,-0.18265230930138576,2.4916993804095915,-0.14449405816618227,-0.42756667453386826,-0.346648484705993,2.7512047491560936,-0.36833895937609124,0.17391304347826086,-0.7536231884057971,-0.11594202898550725,0.0,-0.5797101449275363,-1.0434782608695652,-1.0588235294117647,-0.5294117647058824,0.8235294117647058,-0.058823529411764705
6,0,1,0,-0.40312955218269825,-1.0434782608695652,-0.3131651356873284,5,4,3,2,1,0,6,5,4,3,0,1,1,1,1,0,0,0,1,1,1,0,0,0,0,0,1,1,0,0,0,0,0,0,0,1,0,0,0,0,0.6341174800018933,0.6054285714285713,-0.2546292994841808,0.2908554992987711,-0.18105283072411674,2.4921208684763867,-0.14434741562426237,-0.4218841840453295,-0.34040274706087764,2.7512047491560936,-0.463768115942029,0.17391304347826086,-0.7536231884057971,-0.11594202898550725,0.0,-0.5797101449275363,-1.0588235294117647,-1.0588235294117647,-0.5294117647058824,0.8235294117647058
0,1,0,0,-0.5445702739532918,-0.2318840579710145,-0.5632936470840829,6,5,4,3,2,1,0,6,5,4,0,0,1,1,1,1,0,0,0,1,1,1,0,0,0,0,0,1,1,0,0,0,0,0,0,0,1,0,0,0,-0.4009561224972783,0.6446666666666666,0.6105208110485155,-0.2527276616986379,0.2900250673981932,-0.17804238429371314,2.4895916922350723,-0.13975031152281758,-0.4148993132347806,-0.34040274706087764,-0.9855072463768116,-0.463768115942029,0.17391304347826086,-0.7536231884057971,-0.11594202898550725,0.0,-0.5882352941176471,-1.0588235294117647,-1.0588235294117647,-0.5294117647058824
1,1,0,0,-0.48461068558808335,-0.9855072463768116,-0.45737251337734786,0,6,5,4,3,2,1,0,6,5,1,0,0,1,1,1,1,0,0,0,0,1,1,0,0,0,0,0,1,1,0,0,0,0,0,0,0,1,0,0,-0.5434278411511336,-0.39666666666666667,0.6496945494306972,0.6124224488340583,-0.2507685758880008,0.2925792047629174,-0.17786169459523238,2.4840947029365434,-0.13553719008264462,-0.4148993132347806,-0.17391304347826086,-0.9855072463768116,-0.463768115942029,0.17391304347826086,-0.7536231884057971,-0.11594202898550725,0.0,-0.5882352941176471,-1.0588235294117647,-1.0588235294117647
2,1,0,0,-0.35613927916921206,-1.2173913043478262,-0.2872610175529379,1,0,6,5,4,3,2,1,0,6,1,1,0,0,1,1,1,1,0,0,0,0,1,1,0,0,0,0,0,1,0,0,0,0,0,0,0,0,1,0,-0.4830311923131537,-0.54,-0.38993082792555084,0.65159618721624,0.6099418247174004,-0.2476905993810097,0.29228227519471334,-0.17313615310464814,2.4625305552322194,-0.13553719008264462,-0.927536231884058,-0.17391304347826086,-0.9855072463768116,-0.463768115942029,0.17391304347826086,-0.7536231884057971,-0.11764705882352941,0.0,-0.5882352941176471,-1.0588235294117647
3,1,0,0,0.0031483482919035174,-0.9855072463768116,0.2678462977560312,2,1,0,6,5,4,3,2,1,0,1,1,1,0,0,1,1,1,1,0,0,0,0,1,1,0,0,0,0,0,0,0,0,0,0,0,0,0,0,1,-0.3536233256023098,-0.47923809523809524,-0.5330290712876465,-0.38802919014000803,0.6489145343612542,0.6121860750820989,-0.24743922586735892,0.2952060752827217,-0.168595041322314,2.4625305552322194,-1.1594202898550725,-0.927536231884058,-0.17391304347826086,-0.9855072463768116,-0.463768115942029,0.17391304347826086,-0.7647058823529411,-0.11764705882352941,0.0,-0.5882352941176471
4,1,0,0,0.1835909966636906,-0.5797101449275363,0.4191405487481874,3,2,1,0,6,5,4,3,2,1,1,1,1,1,0,0,1,1,1,1,0,0,0,0,1,1,0,0,0,0,0,0,0,0,0,0,0,0,0,0,0.008283239456619492,-0.34904761904761905,-0.4723668259288312,-0.5311274335021037,-0.38537577448801025,0.6511210338554587,0.6115647864054756,-0.24244704112101195,0.2951460831102316,-0.168595041322314,-0.927536231884058,-1.1594202898550725,-0.927536231884058,-0.17391304347826086,-0.9855072463768116,-0.463768115942029,0.17647058823529413,-0.7647058823529411,-0.11764705882352941,0.0
5,0,1,0,-0.31281424745077774,-1.391304347826087,-0.13591047686020874,4,3,2,1,0,6,5,4,3,2,1,1,1,1,1,0,0,1,1,1,0,0,0,0,0,1,1,0,0,0,0,0,0,0,0,0,0,0,0,0,0.19004117953329863,0.015047619047619032,-0.3423898832869809,-0.47046518814328836,-0.5277396774346119,-0.3821674108724927,0.6504602312957282,0.6132649942397668,-0.23722500291002213,0.2951460831102316,-0.5217391304347826,-0.927536231884058,-1.1594202898550725,-0.927536231884058,-0.17391304347826086,-0.9855072463768116,-0.47058823529411764,0.17647058823529413,-0.7647058823529411,-0.11764705882352941
6,0,1,0,0.008411258869413995,-0.6956521739130435,0.36428824588627834,5,4,3,2,1,0,6,5,4,3,0,1,1,1,1,1,0,0,1,1,1,0,0,0,0,0,1,1,0,0,0,0,0,0,0,0,0,0,0,0,-0.30998248686514884,0.19790476190476192,0.021108179419525055,-0.3404882455014381,-0.46738873385990637,-0.5243934131877998,-0.3817795610101486,0.6520113793995251,0.6100803166104061,-0.23722500291002213,-1.3333333333333333,-0.5217391304347826,-0.927536231884058,-1.1594202898550725,-0.927536231884058,-0.17391304347826086,-1.0,-0.47058823529411764,0.17647058823529413,-0.7647058823529411
0,1,0,0,-0.4307598327146282,-0.5217391304347826,-0.3734031566862012,6,5,4,3,2,1,0,6,5,4,0,0,1,1,1,1,1,0,0,1,1,1,0,0,0,0,0,1,1,0,0,0,0,0,0,0,0,0,0,0,0.013584512708855988,-0.30514285714285716,0.20366540683163376,0.02300981720506788,-0.3380787967648867,-0.4641009284853639,-0.5238612225631343,-0.37627254132085675,0.6484460481899661,0.6100803166104061,-0.6376811594202898,-1.3333333333333333,-0.5217391304347826,-0.927536231884058,-1.1594202898550725,-0.927536231884058,-0.17647058823529413,-1.0,-0.47058823529411764,0.17647058823529413
1,1,0,0,-0.15417508575724828,-0.7536231884057971,0.1020297060853388,0,6,5,4,3,2,1,0,6,5,1,0,0,1,1,1,1,1,0,0,0,1,1,0,0,0,0,0,1,1,0,0,0,0,0,0,0,0,0,0,-0.42878780707151987,0.020380952380952385,-0.2985571323302194,0.2055670446171766,0.02355389490611545,-0.33491624731259,-0.46362992683502474,-0.5178097007029836,-0.3697357699918519,0.6484460481899661,-0.463768115942029,-0.6376811594202898,-1.3333333333333333,-0.5217391304347826,-0.927536231884058,-1.1594202898550725,-0.9411764705882353,-0.17647058823529413,-1.0,-0.47058823529411764
2,1,0,0,-0.2381936939053617,-0.5797101449275363,-0.017844438185565834,1,0,6,5,4,3,2,1,0,6,1,1,0,0,1,1,1,1,1,0,0,0,1,1,0,0,0,0,0,1,0,0,0,0,0,0,0,0,0,0,-0.15018696454773506,-0.4246666666666667,0.026432765219044915,-0.29665549454467655,0.20517428936290968,0.026366149266425744,-0.33457635119188095,-0.4578092304798627,-0.5098824351065068,-0.3697357699918519,-0.6956521739130435,-0.463768115942029,-0.6376811594202898,-1.3333333333333333,-0.5217391304347826,-0.927536231884058,-1.1764705882352942,-0.9411764705882353,-0.17647058823529413,-1.0
3,1,0,0,-0.019031060570461972,0.057971014492753624,0.28062084323177666,2,1,0,6,5,4,3,2,1,0,1,1,1,0,0,1,1,1,1,1,0,0,0,1,1,0,0,0,0,0,0,0,0,0,0,0,0,0,0,0,-0.23481800539593883,-0.14438095238095236,-0.41788490337303,0.028334403004587738,-0.2944709833041669,0.207810617336452,0.026339391078593403,-0.3292502292337714,-0.4504714235828192,-0.5098824351065068,-0.5217391304347826,-0.6956521739130435,-0.463768115942029,-0.6376811594202898,-1.3333333333333333,-0.5217391304347826,-0.9411764705882353,-1.1764705882352942,-0.9411764705882353,-0.17647058823529413
4,1,0,0,0.3001268737371365,-0.5217391304347826,0.7025133552340476,3,2,1,0,6,5,4,3,2,1,1,1,1,1,0,0,1,1,1,1,0,0,0,0,1,1,0,0,0,0,0,0,0,0,0,0,0,0,0,0,-0.014057840677805645,-0.22952380952380955,-0.13805890323040715,-0.4159832655874872,0.028851156411105302,-0.29135067451035973,0.20759971678074118,0.030282368984082937,-0.3231754161331626,-0.4504714235828192,0.11594202898550725,-0.5217391304347826,-0.6956521739130435,-0.463768115942029,-0.6376811594202898,-1.3333333333333333,-0.5294117647058824,-0.9411764705882353,-1.1764705882352942,-0.9411764705882353
5,0,1,0,-0.4087683849443166,-0.9855072463768116,-0.3160222400606964,4,3,2,1,0,6,5,4,3,2,1,1,1,1,1,0,0,1,1,1,0,0,0,0,0,1,1,0,0,0,0,0,0,0,0,0,0,0,0,0,0.3074265158328206,-0.00742857142857144,-0.2230621122441703,-0.1361572654448643,-0.41318639738920687,0.03165827958513487,-0.2910549917394382,0.2108480473984906,0.03282504947037596,-0.3231754161331626,-0.463768115942029,0.11594202898550725,-0.5217391304347826,-0.6956521739130435,-0.463768115942029,-0.6376811594202898,-1.3529411764705883,-0.5294117647058824,-0.9411764705882353,-1.1764705882352942
6,0,0,1,0.07222404962172833,-0.5797101449275363,0.5878074096143211,5,4,3,2,1,0,6,5,4,3,0,1,1,1,1,1,0,0,1,1,1,0,0,0,0,0,1,1,0,0,0,0,0,0,0,0,0,0,0,0,-0.40663605812467457,0.31600000000000006,-0.0013311464498799645,-0.22116047445862747,-0.13479638651090195,-0.4099510950457155,0.0316261505782394,-0.28589565748947876,0.21161680828774299,0.03282504947037596,-0.927536231884058,-0.463768115942029,0.11594202898550725,-0.5217391304347826,-0.6956521739130435,-0.463768115942029,-0.6470588235294118,-1.3529411764705883,-0.5294117647058824,-0.9411764705882353
0,1,0,0,-0.03153047319204929,0.057971014492753624,0.15137727830050135,6,5,4,3,2,1,0,6,5,4,0,0,1,1,1,1,1,0,0,1,0,1,0,0,0,0,0,1,1,0,1,0,0,0,0,0,0,0,0,0,0.0778624508922233,-0.4023809523809524,0.32156694953528736,0.0005704913356628612,-0.21936338267984679,-0.13183074633212832,-0.40953504838329,0.035548867937836515,-0.28024676987545105,0.21161680828774299,-0.5217391304347826,-0.927536231884058,-0.463768115942029,0.11594202898550725,-0.5217391304347826,-0.6956521739130435,-0.47058823529411764,-0.6470588235294118,-1.3529411764705883,-0.5294117647058824
1,1,0,0,-0.5021850476951272,0.11594202898550725,-0.4835098316998263,0,6,5,4,3,2,1,0,6,5,1,0,0,1,1,1,1,1,0,0,0,0,1,0,0,0,0,0,1,1,0,1,0,0,0,0,0,0,0,0,-0.026648364651867255,0.08504761904761911,-0.39563574128217927,0.32346858732083017,0.0012297214208011678,-0.21631582677723435,-0.1316969553929666,-0.40392166082806297,0.038039809102549185,-0.28024676987545105,0.11594202898550725,-0.5217391304347826,-0.927536231884058,-0.463768115942029,0.11594202898550725,-0.5217391304347826,-0.7058823529411765,-0.47058823529411764,-0.6470588235294118,-1.3529411764705883
2,1,0,0,-0.5720125933931677,0.8695652173913043,-0.5992989519862927,1,0,6,5,4,3,2,1,0,6,1,1,0,0,1,1,1,1,1,0,0,0,0,1,0,0,0,0,0,1,0,0,1,0,0,0,0,0,0,0,-0.500733658351872,-0.02009523809523809,0.09099336803822299,-0.39373410349663646,0.322470794116256,0.004063600066151694,-0.2160962945480292,-0.12714833188347868,-0.3971132580607612,0.038039809102549185,0.17391304347826086,0.11594202898550725,-0.5217391304347826,-0.927536231884058,-0.463768115942029,0.11594202898550725,-0.5294117647058824,-0.7058823529411765,-0.47058823529411764,-0.6470588235294118
3,1,0,0,-0.3954231474084865,-1.1014492753623188,-0.3016349946635353,2,1,0,6,5,4,3,2,1,0,1,1,1,0,0,1,1,1,1,1,0,0,0,0,1,0,0,0,0,0,0,0,0,1,0,0,0,0,0,0,-0.5710701945377952,-0.497047619047619,-0.01397703772373956,0.09289500582376582,-0.39105141181478503,0.32499350296501067,0.004059476044371082,-0.21122422589518727,-0.12305901524851585,-0.3971132580607612,0.927536231884058,0.17391304347826086,0.11594202898550725,-0.5217391304347826,-0.927536231884058,-0.463768115942029,0.11764705882352941,-0.5294117647058824,-0.7058823529411765,-0.47058823529411764
4,1,0,0,0.15953197688078563,-0.2318840579710145,0.3682896394584368,3,2,1,0,6,5,4,3,2,1,1,1,1,1,0,0,1,1,1,1,0,0,0,0,0,1,0,0,0,0,0,0,0,0,1,0,0,0,0,0,-0.39319354380650345,-0.5678095238095238,-0.4901471392236563,-0.012075399938196734,0.09308045215910707,-0.387837550499681,0.324663677130045,0.00808783767897867,-0.2063089279478524,-0.12305901524851585,-1.0434782608695652,0.927536231884058,0.17391304347826086,0.11594202898550725,-0.5217391304347826,-0.927536231884058,-0.47058823529411764,0.11764705882352941,-0.5294117647058824,-0.7058823529411765
5,0,1,0,-0.513368732672337,-1.1014492753623188,-0.4925302562166446,4,3,2,1,0,6,5,4,3,2,1,1,1,1,1,0,0,1,1,1,0,0,0,0,0,0,1,0,0,0,0,0,0,0,0,1,0,0,0,0,0.16580678752307473,-0.38885714285714285,-0.5607929829565713,-0.4882455014381135,-0.011351274653549666,0.09582535969948275,-0.3874439461883407,0.32746338137446224,0.010848562449074605,-0.2063089279478524,-0.17391304347826086,-1.0434782608695652,0.927536231884058,0.17391304347826086,0.11594202898550725,-0.5217391304347826,-0.9411764705882353,-0.47058823529411764,0.11764705882352941,-0.5294117647058824
6,0,1,0,-0.38001033786006305,-1.1594202898550725,-0.2995189039912815,5,4,3,2,1,0,6,5,4,3,0,1,1,1,1,1,0,0,1,1,1,0,0,0,0,0,0,1,0,0,0,0,0,0,0,0,1,0,0,0,-0.5119988640128745,0.17352380952380952,-0.38213411300482536,-0.5588913451710285,-0.48507780352835456,-0.0085052094407824,0.09572810951144692,-0.381915218771307,0.32708648585729255,0.010848562449074605,-1.0434782608695652,-0.17391304347826086,-1.0434782608695652,0.927536231884058,0.17391304347826086,0.11594202898550725,-0.5294117647058824,-0.9411764705882353,-0.47058823529411764,0.11764705882352941
0,1,0,0,-0.37211597199379737,0.4057971014492754,-0.3164476293693121,6,5,4,3,2,1,0,6,5,4,0,0,1,1,1,1,1,0,0,1,1,1,0,0,0,0,0,0,1,0,0,0,0,0,0,0,0,1,0,0,-0.3776683864249538,-0.5083809523809524,0.17932444317668592,-0.38023247521928255,-0.555361112424916,-0.48177286365676747,-0.008496577767288096,0.09940516775209844,-0.37532301245489463,0.32708648585729255,-1.1014492753623188,-1.0434782608695652,-0.17391304347826086,-1.0434782608695652,0.927536231884058,0.17391304347826086,0.11764705882352941,-0.5294117647058824,-0.9411764705882353,-0.47058823529411764
1,1,0,0,-0.07795686292937365,-0.11594202898550725,0.28374451954428664,0,6,5,4,3,2,1,0,6,5,1,0,0,1,1,1,1,1,0,0,0,1,1,0,0,0,0,0,0,1,0,0,0,0,0,0,0,0,1,0,-0.3697164765465991,-0.3732380952380952,-0.501461884047636,0.18122608096222875,-0.377619070141418,-0.5519880927067828,-0.48128392730705677,-0.00442009733618601,0.10126876964264934,-0.37532301245489463,0.463768115942029,-1.1014492753623188,-1.0434782608695652,-0.17391304347826086,-1.0434782608695652,0.927536231884058,0.17647058823529413,0.11764705882352941,-0.5294117647058824,-0.9411764705882353
2,1,0,0,0.07231803016775522,0.463768115942029,0.3645604467954776,1,0,6,5,4,3,2,1,0,6,1,1,0,0,1,1,1,1,1,0,0,0,1,1,0,0,0,0,0,0,0,0,0,0,0,0,0,0,0,1,-0.07341316798409614,-0.36523809523809525,-0.36654068316337446,-0.4995602462620932,0.18095823676867043,-0.37441822004866865,-0.5514278970970025,-0.4753955752004326,-0.0015364916773367397,0.10126876964264934,-0.057971014492753624,0.463768115942029,-1.1014492753623188,-1.0434782608695652,-0.17391304347826086,-1.0434782608695652,0.9411764705882353,0.17647058823529413,0.11764705882352941,-0.5294117647058824
3,1,0,0,-0.03153047319204929,-0.2318840579710145,0.2349337098310163,2,1,0,6,5,4,3,2,1,0,1,1,1,0,0,1,1,1,1,1,0,0,0,1,1,0,0,0,0,0,0,0,0,0,0,0,0,0,0,0,0.07795711648601315,-0.06714285714285712,-0.35855380446409474,-0.3646390453778316,-0.496334484226458,0.18361802159378182,-0.3740382345999527,-0.5452707309618414,-0.467884995925969,-0.0015364916773367397,0.5217391304347826,-0.057971014492753624,0.463768115942029,-1.1014492753623188,-1.0434782608695652,-0.17391304347826086,-1.0588235294117647,0.9411764705882353,0.17647058823529413,0.11764705882352941
4,1,0,0,-0.43583478220008465,1.3333333333333333,-0.399406585935174,3,2,1,0,6,5,4,3,2,1,1,1,1,1,0,0,1,1,1,1,0,0,0,0,1,1,0,0,0,0,0,0,0,0,0,0,0,0,0,0,-0.026648364651867255,0.08514285714285712,-0.06094749102664667,-0.3566521666785519,-0.3621056614482335,-0.49301864058402434,0.18343167335378813,-0.36856088213857474,-0.5370736817599814,-0.467884995925969,-0.17391304347826086,0.5217391304347826,-0.057971014492753624,0.463768115942029,-1.1014492753623188,-1.0434782608695652,-0.17647058823529413,-1.0588235294117647,0.9411764705882353,0.17647058823529413
5,0,1,0,0.17973779427658476,0.4057971014492754,0.533352753280031,4,3,2,1,0,6,5,4,3,2,1,1,1,1,1,0,0,1,1,1,0,0,0,0,0,1,1,0,0,0,0,0,0,0,0,0,0,0,0,0,-0.43389974913617635,-0.02009523809523809,0.09108844992750004,-0.05904585324110384,-0.35415976919074876,-0.35891983840102054,-0.49251829124380453,0.1867726236099029,-0.3620998719590269,-0.5370736817599814,1.391304347826087,-0.17391304347826086,0.5217391304347826,-0.057971014492753624,0.463768115942029,-1.1014492753623188,-1.0588235294117647,-0.17647058823529413,-1.0588235294117647,0.9411764705882353
6,0,1,0,-0.42728255251163016,-0.8695652173913043,-0.37077362353086396,5,4,3,2,1,0,6,5,4,3,0,1,1,1,1,1,0,0,1,1,1,0,0,0,0,0,1,1,0,0,0,0,0,0,0,0,0,0,0,0,0.18615989018791126,-0.42980952380952375,-0.01397703772373956,0.09299008771304287,-0.058080688643995654,-0.3509816429229569,-0.35855558177956093,-0.48658688547715895,0.18777790711209405,-0.3620998719590269,0.463768115942029,1.391304347826087,-0.17391304347826086,0.5217391304347826,-0.057971014492753624,0.463768115942029,-1.1176470588235294,-1.0588235294117647,-0.17647058823529413,-1.0588235294117647
0,1,0,0,-0.2743762041257461,0.11594202898550725,-0.2313428290037507,6,5,4,3,2,1,0,6,5,4,0,0,1,1,1,1,1,0,0,1,1,1,0,0,0,0,0,1,1,0,0,0,0,0,0,0,0,0,0,0,-0.4252851801012921,0.19400000000000003,-0.42301932539399556,-0.012075399938196734,0.09317504611455323,-0.05518935903796621,-0.350625442530092,-0.35313756377401073,-0.4789663601443371,0.18777790711209405,-0.8115942028985508,0.463768115942029,1.391304347826087,-0.17391304347826086,0.5217391304347826,-0.057971014492753624,0.47058823529411764,-1.1176470588235294,-1.0588235294117647,-0.17647058823529413
1,1,0,0,0.986560781918143,0.17391304347826086,1.601909386850364,0,6,5,4,3,2,1,0,6,5,1,0,0,1,1,1,1,1,0,0,0,1,1,0,0,0,0,0,1,1,0,0,0,0,0,0,0,0,0,0,-0.2712642590050646,-0.42114285714285715,0.19976704937127104,-0.4211176876084527,-0.011351274653549666,0.09591986202660246,-0.05513334906773651,-0.34523781534338044,-0.34682807589337683,-0.4789663601443371,0.17391304347826086,-0.8115942028985508,0.463768115942029,1.391304347826087,-0.17391304347826086,0.5217391304347826,-0.058823529411764705,0.47058823529411764,-1.1176470588235294,-1.0588235294117647
2,1,0,0,-0.39758469996710694,-0.5217391304347826,-0.3631427504796184,1,0,6,5,4,3,2,1,0,6,1,1,0,0,1,1,1,1,1,0,0,0,1,1,0,0,0,0,0,1,0,0,0,0,0,0,0,0,0,0,0.9988640128745208,-0.2661904761904762,-0.41436687346977585,0.20166868715681388,-0.41829447098330413,-0.0085052094407824,0.09582251593108337,-0.05087814167822629,-0.339005936445117,-0.34682807589337683,0.2318840579710145,0.17391304347826086,-0.8115942028985508,0.463768115942029,1.391304347826087,-0.17391304347826086,0.5294117647058824,-0.058823529411764705,0.47058823529411764,-1.1176470588235294
3,0,0,1,-0.07823880456745458,-1.0434782608695652,0.006975299074215357,2,1,0,6,5,4,3,2,1,0,1,1,1,0,0,1,1,1,1,1,0,0,0,1,1,0,0,0,0,0,0,0,0,0,0,0,0,0,0,0,-0.39537085246367204,1.0116190476190476,-0.25966863961586917,-0.412465235684233,0.20129593718961358,-0.4150542207101849,-0.008496577767288096,0.09949921237627253,-0.04753812128972177,-0.339005936445117,-0.463768115942029,0.2318840579710145,0.17391304347826086,-0.8115942028985508,0.463768115942029,1.391304347826087,-0.17647058823529413,0.5294117647058824,-0.058823529411764705,0.47058823529411764
4,1,0,0,0.339222780884357,0.7536231884057971,0.9217086658195067,3,2,1,0,6,5,4,3,2,1,0,1,1,1,0,0,1,1,1,1,0,0,0,0,1,1,0,0,0,0,1,0,0,0,0,0,0,0,0,0,-0.07369716476546595,-0.3910476190476191,1.0160450688155174,-0.25776700183032636,-0.4096864210376957,0.20393602192454002,-0.41463299504366286,-0.00442009733618601,0.10136189035036663,-0.04753812128972177,-0.9855072463768116,-0.463768115942029,0.2318840579710145,0.17391304347826086,-0.8115942028985508,0.463768115942029,1.411764705882353,-0.17647058823529413,0.5294117647058824,-0.058823529411764705
5,0,1,0,0.7434331093463653,-0.2318840579710145,1.4923913412770162,4,3,2,1,0,6,5,4,3,2,1,0,1,1,1,0,0,1,1,1,0,0,0,0,0,1,1,0,0,0,0,1,0,0,0,0,0,0,0,0,0.3468074028494344,-0.06742857142857141,-0.3843209964581996,1.0179467066010601,-0.2557820555266519,-0.40645450894228263,0.20372905357564328,-0.4090000705334681,-0.0015364916773367397,0.10136189035036663,0.8115942028985508,-0.9855072463768116,-0.463768115942029,0.2318840579710145,0.17391304347826086,-0.8115942028985508,0.47058823529411764,1.411764705882353,-0.17647058823529413,0.5294117647058824
6,0,1,0,0.33245618157041495,-0.6956521739130435,1.022612778928031,5,4,3,2,1,0,6,5,4,3,0,1,0,1,1,1,0,0,1,1,1,0,0,0,0,0,1,1,0,0,0,0,1,0,0,0,0,0,0,0,0.7539641217399535,0.35561904761904767,-0.061232736694478096,-0.3824193586726568,1.0133850446956438,-0.25269922271835943,-0.4060420108567382,0.20699221780734964,-0.4021417762774997,-0.0015364916773367397,-0.17391304347826086,0.8115942028985508,-0.9855072463768116,-0.463768115942029,0.2318840579710145,0.17391304347826086,-0.8235294117647058,0.47058823529411764,1.411764705882353,-0.17647058823529413
0,1,0,0,0.0484469714769043,-0.17391304347826086,0.4277404087878676,6,5,4,3,2,1,0,6,5,4,0,0,1,0,1,1,1,0,0,1,1,1,0,0,0,0,0,1,1,0,0,0,0,1,0,0,0,0,0,0,0.33999148009655894,0.7652380952380952,0.36112101547457753,-0.05933109890893527,-0.37979473111668166,1.0152385002480686,-0.2524427661080953,-0.4004420097336186,0.2077988592713305,-0.4021417762774997,-0.6376811594202898,-0.17391304347826086,0.8115942028985508,-0.9855072463768116,-0.463768115942029,0.2318840579710145,0.17647058823529413,-0.8235294117647058,0.47058823529411764,1.411764705882353
1,1,0,0,0.07729899910718477,0.6956521739130435,0.551884126847232,0,6,5,4,3,2,1,0,6,5,1,0,0,1,0,1,1,1,0,0,0,1,1,0,0,0,0,0,1,1,0,0,0,0,1,0,0,0,0,0,0.053912055663369214,0.34876190476190483,0.7700682212555563,0.36302265326012034,-0.0583644705103344,-0.3765917735724242,1.0142081661552986,-0.247431406202243,-0.3936677918752182,0.2077988592713305,-0.11594202898550725,-0.6376811594202898,-0.17391304347826086,0.8115942028985508,-0.9855072463768116,-0.463768115942029,0.23529411764705882,0.17647058823529413,-0.8235294117647058,0.47058823529411764
2,1,0,0,0.3754052911047413,0.463768115942029,0.7334139884328686,1,0,6,5,4,3,2,1,0,6,1,1,0,0,1,0,1,1,1,0,0,0,1,1,0,0,0,0,0,1,0,0,0,0,0,1,0,0,0,0,0.08297439295687982,0.06095238095238101,0.35427511944662343,0.7719698590410992,0.3618218795818947,-0.055472866019325634,-0.37620958225159307,1.0143653163426045,-0.24216040041904321,-0.3936677918752182,0.7536231884057971,-0.11594202898550725,-0.6376811594202898,-0.17391304347826086,0.8115942028985508,-0.9855072463768116,-0.47058823529411764,0.23529411764705882,0.17647058823529413,-0.8235294117647058
3,1,0,0,0.4809454442930314,0.11594202898550725,1.105736181833424,2,1,0,6,5,4,3,2,1,0,1,1,1,0,0,1,0,1,1,1,0,0,0,1,1,0,0,0,0,0,0,0,0,0,0,0,1,0,0,0,0.38325365645856013,0.09019047619047618,0.06693765005110658,0.3561767572321663,0.7686704819562029,0.36430647104684966,-0.05541656832664612,-0.3707239084945807,1.0072401350250262,-0.24216040041904321,0.5217391304347826,0.7536231884057971,-0.11594202898550725,-0.6376811594202898,-0.17391304347826086,0.8115942028985508,-1.0,-0.47058823529411764,0.23529411764705882,0.17647058823529413
4,1,0,0,0.714205159531977,0.11594202898550725,1.2319618146754086,3,2,1,0,6,5,4,3,2,1,1,1,1,1,0,0,1,0,1,1,0,0,0,0,1,1,0,0,0,0,0,0,0,0,0,0,0,1,0,0,0.4895631182846594,0.39228571428571424,0.09612779005918846,0.0688392878366494,0.35501111478976494,0.7707609799891323,0.36393674769884365,-0.05116027555074881,-0.36424164823652655,1.0072401350250262,0.17391304347826086,0.5217391304347826,0.7536231884057971,-0.11594202898550725,-0.6376811594202898,-0.17391304347826086,0.8235294117647058,-1.0,-0.47058823529411764,0.23529411764705882
5,0,1,0,0.2413890324702787,-0.8695652173913043,0.7189535664249627,4,3,2,1,0,6,5,4,3,2,1,1,1,1,1,0,0,1,0,1,0,0,0,0,0,1,1,0,0,0,0,0,0,0,0,0,0,0,1,0,0.7245231220712832,0.49923809523809526,0.3977275428462763,0.0980294278447313,0.06914818143120656,0.3575023034942237,0.7699787585555818,0.36658594503091724,-0.047817483412873917,-0.36424164823652655,0.17391304347826086,0.17391304347826086,0.5217391304347826,0.7536231884057971,-0.11594202898550725,-0.6376811594202898,-0.17647058823529413,0.8235294117647058,-1.0,-0.47058823529411764
6,0,1,0,0.468727973309525,0.11594202898550725,1.1254142570151542,5,4,3,2,1,0,6,5,4,3,0,1,1,1,1,1,0,0,1,0,1,0,0,0,0,0,1,1,0,0,0,0,0,0,0,0,0,0,0,1,0.24826051971410998,0.7356190476190477,0.5045045045045046,0.3996291806318192,0.09818852575320433,0.07191627093817199,0.3571394854850131,0.7710718736040251,0.36582470026772207,-0.047817483412873917,-0.8115942028985508,0.17391304347826086,0.17391304347826086,0.5217391304347826,0.7536231884057971,-0.11594202898550725,-0.6470588235294118,-0.17647058823529413,0.8235294117647058,-1.0
0,0,0,1,0.7423993233400688,-1.1594202898550725,1.5789962621628473,6,5,4,3,2,1,0,6,5,4,0,0,1,1,1,1,1,0,0,1,1,1,0,0,0,0,0,1,1,0,0,0,0,0,0,0,0,0,0,0,0.47725659109196766,0.2564761904761905,0.740497753690366,0.5064061422900473,0.3982405524286997,0.10092848536395216,0.07184328534340348,0.35981473209037695,0.7663368641601674,0.36582470026772207,0.17391304347826086,-0.8115942028985508,0.17391304347826086,0.17391304347826086,0.5217391304347826,0.7536231884057971,-0.11764705882352941,-0.6470588235294118,-0.17647058823529413,0.8235294117647058
1,1,0,0,1.392462760208637,-0.4057971014492754,2.5187580401293297,0,6,5,4,3,2,1,0,6,5,0,0,0,1,1,1,1,1,0,0,0,1,1,0,0,0,0,0,1,1,1,0,0,0,0,0,0,0,0,0,0.7529228002082644,0.4868571428571429,0.26214076873707487,0.7423993914759087,0.5044695643948351,0.40068986698797465,0.10082605617181975,0.07561187783603326,0.35912000931207083,0.7663368641601674,-1.1014492753623188,0.17391304347826086,-0.8115942028985508,0.17391304347826086,0.17391304347826086,0.5217391304347826,0.7647058823529411,-0.11764705882352941,-0.6470588235294118,-0.17647058823529413
2,1,0,0,0.15182557210657396,-0.6956521739130435,0.6209813425777104,1,0,6,5,4,3,2,1,0,6,1,0,0,0,1,1,1,1,1,0,0,0,1,1,0,0,0,0,0,1,0,1,0,0,0,0,0,0,0,0,1.4077247124532586,0.7641904761904763,0.49214385889847634,0.2640424065226177,0.7392517618124202,0.506815980343516,0.4002832192589097,0.10448357745750358,0.07770923059015254,0.35912000931207083,-0.34782608695652173,-1.1014492753623188,0.17391304347826086,-0.8115942028985508,0.17391304347826086,0.17391304347826086,0.5294117647058824,0.7647058823529411,-0.11764705882352941,-0.6470588235294118
3,1,0,0,1.1398430524881351,0.2898550724637681,2.3946243738022104,2,1,0,6,5,4,3,2,1,0,1,1,0,0,0,1,1,1,1,1,0,0,0,1,1,0,0,0,0,0,0,0,1,0,0,0,0,0,0,0,0.15804420883229997,1.422952380952381,0.7690223204735079,0.4940454966840192,0.26334957196235165,0.7413707562548729,0.5063016285107388,0.40279312533797285,0.10629728785938772,0.07770923059015254,-0.6376811594202898,-0.34782608695652173,-1.1014492753623188,0.17391304347826086,-0.8115942028985508,0.17391304347826086,0.17647058823529413,0.5294117647058824,0.7647058823529411,-0.11764705882352941
4,1,0,0,0.6189088858606269,-0.34782608695652173,1.2298549715968201,3,2,1,0,6,5,4,3,2,1,1,1,1,0,0,0,1,1,1,1,0,0,0,0,1,1,0,0,0,0,0,0,0,1,0,0,0,0,0,0,1.1532635963459081,0.16571428571428576,1.4267037486034848,0.7709239582590507,0.49217235018682304,0.26592954851513234,0.7406183620486195,0.5084052382855665,0.40167617273891276,0.10629728785938772,0.34782608695652173,-0.6376811594202898,-0.34782608695652173,-1.1014492753623188,0.17391304347826086,-0.8115942028985508,0.17647058823529413,0.17647058823529413,0.5294117647058824,0.7647058823529411
5,0,1,0,-0.17616653352755987,-0.6376811594202898,0.04659681516894851,4,3,2,1,0,6,5,4,3,2,1,1,1,1,0,0,0,1,1,1,0,0,0,0,0,1,1,0,0,0,0,0,0,0,1,0,0,0,0,0,0.628532209968287,1.166952380952381,0.1715277282559605,1.4286053863890276,0.7676299484462943,0.4945306778179414,0.26565966485721043,0.7418239954858582,0.506250727505529,0.40167617273891276,-0.2898550724637681,0.34782608695652173,-0.6376811594202898,-0.34782608695652173,-1.1014492753623188,0.17391304347826086,-0.8235294117647058,0.17647058823529413,0.17647058823529413,0.5294117647058824
6,0,1,0,-0.29242046896292473,0.17391304347826086,-0.08256834625081444,5,4,3,2,1,0,6,5,4,3,0,1,1,1,1,0,0,0,1,1,1,0,0,0,0,0,1,1,0,0,0,0,0,0,0,1,0,0,0,0,-0.17233871349458038,0.639047619047619,1.1711236302265327,0.17342936604150333,1.4219363382679846,0.7697214543908145,0.49402879395798927,0.2686854912656056,0.7373763240600628,0.506250727505529,-0.5797101449275363,-0.2898550724637681,0.34782608695652173,-0.6376811594202898,-0.34782608695652173,-1.1014492753623188,0.17647058823529413,-0.8235294117647058,0.17647058823529413,0.17647058823529413
0,1,0,0,1.3799633475870496,0.4057971014492754,2.6487977022544227,6,5,4,3,2,1,0,6,5,4,0,0,1,1,1,1,0,0,0,1,1,1,0,0,0,0,0,1,1,0,0,0,0,0,0,0,1,0,0,0,-0.28944005301273246,-0.16666666666666666,0.6440847179633459,1.1730252680120754,0.17320153242207825,1.423394051078508,0.76894028793958,0.4961794371429244,0.2688860435339309,0.7373763240600628,0.2318840579710145,-0.5797101449275363,-0.2898550724637681,0.34782608695652173,-0.6376811594202898,-0.34782608695652173,-1.1176470588235294,0.17647058823529413,-0.8235294117647058,0.17647058823529413
1,1,0,0,-0.13660072365020445,0.17391304347826086,0.18580647158666794,0,6,5,4,3,2,1,0,6,5,1,0,0,1,1,1,1,0,0,0,0,1,1,0,0,0,0,0,1,1,0,0,0,0,0,0,0,1,0,0,1.3951341884791972,-0.28447619047619044,-0.16030806532125794,0.6459863557488887,1.1676677860284728,0.17586883076995785,1.4219494925654945,0.7700373827381094,0.49414503550226985,0.2688860435339309,0.463768115942029,0.2318840579710145,-0.5797101449275363,-0.2898550724637681,0.34782608695652173,-0.6376811594202898,-0.35294117647058826,-1.1176470588235294,0.17647058823529413,-0.8235294117647058
2,1,0,0,-0.21272496593205215,0.2898550724637681,-0.06218383532689339,1,0,6,5,4,3,2,1,0,6,1,1,0,0,1,1,1,1,0,0,0,0,1,1,0,0,0,0,0,1,0,0,0,0,0,0,0,0,1,0,-0.13248449850901686,1.4102857142857144,-0.27792436235708,-0.1584064275357151,0.6433334909899256,1.1693717957804712,0.17569034694359228,1.4205440481508478,0.7653125363752764,0.49414503550226985,0.2318840579710145,0.463768115942029,0.2318840579710145,-0.5797101449275363,-0.2898550724637681,0.34782608695652173,-0.6470588235294118,-0.35294117647058826,-1.1176470588235294,0.17647058823529413
3,1,0,0,-0.28828532493773795,-0.463768115942029,-0.03923412233400419,2,1,0,6,5,4,3,2,1,0,1,1,1,0,0,1,1,1,1,0,0,0,0,1,1,0,0,0,0,0,0,0,0,0,0,0,0,0,0,1,-0.20916362947886588,-0.12657142857142856,1.4140578573296254,-0.2760227245715372,-0.15693137208532376,0.6455453965553902,1.1681850365824877,0.17906096442762098,1.4094284716563845,0.7653125363752764,0.34782608695652173,0.2318840579710145,0.463768115942029,0.2318840579710145,-0.5797101449275363,-0.2898550724637681,0.35294117647058826,-0.6470588235294118,-0.35294117647058826,-1.1176470588235294
4,1,0,0,-0.4206099337437152,-0.5797101449275363,-0.35327395976130754,3,2,1,0,6,5,4,3,2,1,1,1,1,1,0,0,1,1,1,1,0,0,0,0,1,1,0,0,0,0,0,0,0,0,0,0,0,0,0,0,-0.28527476688597525,-0.2037142857142857,-0.120278589935582,1.4159594951151682,-0.27394409497233124,-0.1539442908781628,0.6448902525371726,1.1677520983706768,0.18014200907926906,1.4094284716563845,-0.4057971014492754,0.34782608695652173,0.2318840579710145,0.463768115942029,0.2318840579710145,-0.5797101449275363,-0.29411764705882354,0.35294117647058826,-0.6470588235294118,-0.35294117647058826
5,0,1,0,-0.42220760302617366,-0.9855072463768116,-0.3155819741883578,4,3,2,1,0,6,5,4,3,2,1,1,1,1,1,0,0,1,1,1,0,0,0,0,0,1,1,0,0,0,0,0,0,0,0,0,0,0,0,0,-0.4185639229422067,-0.2802857142857143,-0.19729492025006537,-0.11837695215003918,1.4093553421936338,-0.270843669525362,-0.15378805758791592,0.646462746573249,1.1591200093120706,0.18014200907926906,-0.5217391304347826,-0.4057971014492754,0.34782608695652173,0.2318840579710145,0.463768115942029,0.2318840579710145,-0.5882352941176471,-0.29411764705882354,0.35294117647058826,-0.6470588235294118
6,0,1,0,-0.24759174850805893,-0.9855072463768116,-0.040105004415725974,5,4,3,2,1,0,6,5,4,3,0,1,1,1,1,1,0,0,1,1,1,0,0,0,0,0,1,1,0,0,0,0,0,0,0,0,0,0,0,0,-0.42017323803663553,-0.4143809523809524,-0.27374075922888585,-0.19539328246452253,-0.11710731684245379,1.4108252415715739,-0.27056879867831,-0.14915477394023463,0.6429519264346407,1.1591200093120706,-0.927536231884058,-0.5217391304347826,-0.4057971014492754,0.34782608695652173,0.2318840579710145,0.463768115942029,0.23529411764705882,-0.5882352941176471,-0.29411764705882354,0.35294117647058826
0,1,0,0,-0.10850054038813968,-0.34782608695652173,0.036797984507064056,6,5,4,3,2,1,0,6,5,4,0,0,1,1,1,1,1,0,0,1,1,1,0,0,0,0,0,1,1,0,0,0,0,0,0,0,0,0,0,0,-0.24428456477493254,-0.416,-0.40761605933109896,-0.27183912144334305,-0.19372842075391386,-0.11415881116072475,1.4093934387538354,-0.2654879740436837,-0.1448492608543825,0.6429519264346407,-0.927536231884058,-0.927536231884058,-0.5217391304347826,-0.4057971014492754,0.34782608695652173,0.2318840579710145,0.47058823529411764,0.23529411764705882,-0.5882352941176471,-0.29411764705882354
1,1,0,0,0.4201400310135802,0.2318840579710145,0.9540503153529958,0,6,5,4,3,2,1,0,6,5,1,0,0,1,1,1,1,1,0,0,0,1,1,0,0,0,0,0,1,1,0,0,0,0,0,0,0,0,0,0,-0.10417948596582567,-0.23904761904761906,-0.40923245144881026,-0.40571442154555615,-0.2697819609326964,-0.19070569612776708,-0.11404295492093454,1.408036113135683,-0.26003957630077984,-0.1448492608543825,-0.2898550724637681,-0.927536231884058,-0.927536231884058,-0.5217391304347826,-0.4057971014492754,0.34782608695652173,0.23529411764705882,0.47058823529411764,0.23529411764705882,-0.5882352941176471
2,1,0,0,0.2447723321272497,1.1014492753623188,0.7381326736180426,1,0,6,5,4,3,2,1,0,6,1,1,0,0,1,1,1,1,1,0,0,0,1,1,0,0,0,0,0,1,0,0,0,0,0,0,0,0,0,0,0.4283144791025702,-0.09809523809523807,-0.2325703011718843,-0.40733081366326745,-0.40297025020101224,-0.2666855671320906,-0.19051215482652814,-0.1095619871629088,1.3970434175299733,-0.26003957630077984,0.2898550724637681,-0.2898550724637681,-0.927536231884058,-0.927536231884058,-0.5217391304347826,-0.4057971014492754,0.35294117647058826,0.23529411764705882,0.47058823529411764,0.23529411764705882
3,1,0,0,-0.09665899158874118,0.2898550724637681,0.3145189029861083,2,1,0,6,5,4,3,2,1,0,1,1,1,0,0,1,1,1,1,1,0,0,0,1,1,0,0,0,0,0,0,0,0,0,0,0,0,0,0,0,0.2516684810905477,0.43761904761904763,-0.09184910504171714,-0.23066866338634148,-0.4045783474435984,-0.39974484371677654,-0.2664149162143025,-0.18573813274398704,-0.10564544290536607,1.3970434175299733,1.1594202898550725,0.2898550724637681,-0.2898550724637681,-0.927536231884058,-0.927536231884058,-0.5217391304347826,-0.4117647058823529,0.35294117647058826,0.23529411764705882,0.47058823529411764
4,1,0,0,-0.043372021991447796,-0.2898550724637681,0.3034278216267844,3,2,1,0,6,5,4,3,2,1,1,1,1,1,0,0,1,1,1,1,0,0,0,0,1,1,0,0,0,0,0,0,0,0,0,0,0,0,0,0,-0.09225162114829362,0.25990476190476197,0.442986522142195,-0.08994746725617432,-0.2288227782244715,-0.40135138327781317,-0.39933915506254425,-0.2613500105800202,-0.18107321615644278,-0.10564544290536607,0.34782608695652173,1.1594202898550725,0.2898550724637681,-0.2898550724637681,-0.927536231884058,-0.927536231884058,-0.5294117647058824,-0.4117647058823529,0.35294117647058826,0.23529411764705882
5,0,1,0,-0.066679197406137,-0.6376811594202898,0.30560382062321945,4,3,2,1,0,6,5,4,3,2,1,1,1,1,1,0,0,1,1,1,0,0,0,0,0,1,1,0,0,0,0,0,0,0,0,0,0,0,0,0,-0.03857622946939931,-0.08609523809523809,0.2655637167510519,0.44488815992773784,-0.08882372416402592,-0.22576605948921488,-0.4009440641963653,-0.39376484141725254,-0.2559422651612152,-0.18107321615644278,-0.2318840579710145,0.34782608695652173,1.1594202898550725,0.2898550724637681,-0.2898550724637681,-0.927536231884058,-0.9411764705882353,-0.5294117647058824,-0.4117647058823529,0.35294117647058826
6,0,1,0,-0.21206710210986332,-0.5217391304347826,0.147300697771149,5,4,3,2,1,0,6,5,4,3,0,1,1,1,1,1,0,0,1,1,1,0,0,0,0,0,1,1,0,0,0,0,0,0,0,0,0,0,0,0,-0.06205329672930373,-0.03209523809523807,-0.07986878699279754,0.26746535453659476,0.44326727522111337,-0.08590261535190294,-0.22553693651168275,-0.3953636000282134,-0.3870562216272843,-0.2559422651612152,-0.5797101449275363,-0.2318840579710145,0.34782608695652173,1.1594202898550725,0.2898550724637681,-0.2898550724637681,-0.9411764705882353,-0.9411764705882353,-0.5294117647058824,-0.4117647058823529
0,1,0,0,-0.07203608852967443,-0.2898550724637681,0.3768830663894801,6,5,4,3,2,1,0,6,5,4,0,0,1,1,1,1,1,0,0,1,1,1,0,0,0,0,0,1,1,0,0,0,0,0,0,0,0,0,0,0,-0.20850097032233633,-0.05571428571428573,-0.025957355772659174,-0.07796714920725471,0.2667549543584165,0.445672974697002,-0.08581543544961047,-0.22062868831260435,-0.3886392736584798,-0.3870562216272843,-0.463768115942029,-0.5797101449275363,-0.2318840579710145,0.34782608695652173,1.1594202898550725,0.2898550724637681,-0.29411764705882354,-0.9411764705882353,-0.9411764705882353,-0.5294117647058824
1,1,0,0,-0.16263333489967585,-0.17391304347826086,0.19552086769769295,0,6,5,4,3,2,1,0,6,5,1,0,0,1,1,1,1,1,0,0,0,1,1,0,0,0,0,0,1,1,0,0,0,0,0,0,0,0,0,0,-0.06744923557533014,-0.20304761904761906,-0.04953766431338991,-0.024055717987116348,-0.07690488577779882,0.2693316322914453,0.4452206750059005,-0.08144264453483174,-0.21562099871959028,-0.3886392736584798,-0.2318840579710145,-0.463768115942029,-0.5797101449275363,-0.2318840579710145,0.34782608695652173,1.1594202898550725,0.29411764705882354,-0.29411764705882354,-0.9411764705882353,-0.9411764705882353
2,1,0,0,-0.3220243409614211,-0.5217391304347826,-0.11785394712426976,1,0,6,5,4,3,2,1,0,6,1,1,0,0,1,1,1,1,1,0,0,0,1,1,0,0,0,0,0,1,0,0,0,0,0,0,0,0,0,0,-0.15870686798882946,-0.06114285714285716,-0.19662934702512538,-0.04763602652784709,-0.023270113039776767,-0.07399532213480749,0.2690582959641257,0.4475583664448781,-0.07780235129786983,-0.21562099871959028,-0.11594202898550725,-0.2318840579710145,-0.463768115942029,-0.5797101449275363,-0.2318840579710145,0.34782608695652173,1.1764705882352942,0.29411764705882354,-0.29411764705882354,-0.9411764705882353
3,1,0,0,0.41130585968704486,0.927536231884058,1.2344727373902527,2,1,0,6,5,4,3,2,1,0,1,1,1,0,0,1,1,1,1,1,0,0,0,1,1,0,0,0,0,0,0,0,0,0,0,0,0,0,0,0,-0.3192597150565627,-0.15295238095238098,-0.054957332002186894,-0.19472770923958257,-0.046729413990446056,-0.020412502657877852,-0.07392022657540705,0.27207109773587573,0.4460016296123851,-0.07780235129786983,-0.463768115942029,-0.11594202898550725,-0.2318840579710145,-0.463768115942029,-0.5797101449275363,-0.2318840579710145,0.35294117647058826,1.1764705882352942,0.29411764705882354,-0.29411764705882354
4,1,0,0,1.8033457074385604,0.4057971014492754,4.183837136205193,3,2,1,0,6,5,4,3,2,1,1,1,1,1,0,0,1,1,1,1,0,0,0,0,1,1,0,0,0,0,0,0,0,0,0,0,0,0,0,0,0.4194159132863161,-0.3144761904761905,-0.1466162732653498,-0.05305569421664407,-0.1930662630657901,-0.04384907978358961,-0.02039178664149152,-0.06959302188888626,0.27223838901175657,0.4460016296123851,0.9855072463768116,-0.463768115942029,-0.11594202898550725,-0.2318840579710145,-0.463768115942029,-0.5797101449275363,-0.23529411764705882,0.35294117647058826,1.1764705882352942,0.29411764705882354
5,0,1,0,-0.3809501433203328,-0.6956521739130435,-0.1974825637626609,4,3,2,1,0,6,5,4,3,2,1,1,1,1,1,0,0,1,1,1,0,0,0,0,0,1,1,0,0,0,0,0,0,0,0,0,0,0,0,0,1.8216026885028636,0.4286666666666667,-0.30787515747937916,-0.14471463547980698,-0.052121269450882135,-0.19004417983792846,-0.043804578711352314,-0.016269719982131493,-0.06606914212548014,0.27223838901175657,0.463768115942029,0.9855072463768116,-0.463768115942029,-0.11594202898550725,-0.2318840579710145,-0.463768115942029,-0.5882352941176471,-0.23529411764705882,0.35294117647058826,1.1764705882352942
6,0,1,0,0.5333865889760819,-0.2898550724637681,1.7973227010130337,5,4,3,2,1,0,6,5,4,3,0,1,1,1,1,1,0,0,1,1,1,0,0,0,0,0,1,1,0,0,0,0,0,0,0,0,0,0,0,0,-0.3786150423628532,1.8393333333333333,0.4340488245501439,-0.3059735196938363,-0.14330984250106424,-0.049235712429418516,-0.1898513098890724,-0.03959278677732585,-0.01326970084972643,-0.06606914212548014,-0.6376811594202898,0.463768115942029,0.9855072463768116,-0.463768115942029,-0.11594202898550725,-0.2318840579710145,-0.47058823529411764,-0.5882352941176471,-0.23529411764705882,0.35294117647058826
0,1,0,0,-0.4879939852450544,0.11594202898550725,-0.3939147215057012,6,5,4,3,2,1,0,6,5,4,0,0,1,1,1,1,1,0,0,1,1,1,0,0,0,0,0,1,1,0,0,0,0,0,0,0,0,0,0,0,0.5423865196194443,-0.3741904761904762,1.8424017685231404,0.4359504623356867,-0.30374119093789914,-0.14033595577291086,-0.049185744630634826,-0.18507982037476783,-0.036363636363636376,-0.01326970084972643,-0.2318840579710145,-0.6376811594202898,0.463768115942029,0.9855072463768116,-0.463768115942029,-0.11594202898550725,-0.23529411764705882,-0.47058823529411764,-0.5882352941176471,-0.23529411764705882
1,1,0,0,-0.12504111648888688,-0.057971014492753624,0.3670235232648348,0,6,5,4,3,2,1,0,6,5,1,0,0,1,1,1,1,1,0,0,0,1,1,0,0,0,0,0,1,1,0,0,0,0,0,0,0,0,0,0,-0.48643915368959145,0.5523809523809524,-0.36749150205614584,1.8443034063086834,0.4343754434091662,-0.3006119025681007,-0.14019353316025485,-0.04495333035525358,-0.18042137120242113,-0.036363636363636376,0.17391304347826086,-0.2318840579710145,-0.6376811594202898,0.463768115942029,0.9855072463768116,-0.463768115942029,-0.11764705882352941,-0.23529411764705882,-0.47058823529411764,-0.5882352941176471
2,1,0,0,0.09675297213476813,0.17391304347826086,0.5474151266910281,1,0,6,5,4,3,2,1,0,6,1,1,0,0,1,1,1,1,1,0,0,0,1,1,0,0,0,0,0,1,0,0,0,0,0,0,0,0,0,0,-0.12084063047285463,-0.4826666666666667,0.5575601987211486,-0.365589864270603,1.8355011114789763,0.43678975594774033,-0.3003068208638187,-0.1356123480591541,-0.04167151670352696,-0.18042137120242113,0.0,0.17391304347826086,-0.2318840579710145,-0.6376811594202898,0.463768115942029,0.9855072463768116,-0.47058823529411764,-0.11764705882352941,-0.23529411764705882,-0.47058823529411764
3,1,0,0,0.21733001268737373,-0.2318840579710145,0.7206161229383143,2,1,0,6,5,4,3,2,1,0,1,1,1,0,0,1,1,1,1,1,0,0,0,1,1,0,0,0,0,0,0,0,0,0,0,0,0,0,0,0,0.10257017087139686,-0.11485714285714288,-0.47578977394280825,0.5594618365066915,-0.36305160100269596,1.8365582252462969,0.43634647156006623,-0.2951120306585475,-0.13143987894307999,-0.04167151670352696,0.2318840579710145,0.0,0.17391304347826086,-0.2318840579710145,-0.6376811594202898,0.463768115942029,1.0,-0.47058823529411764,-0.11764705882352941,-0.23529411764705882
4,1,0,0,-0.1754146891593441,-0.057971014492753624,0.16392304635034669,3,2,1,0,6,5,4,3,2,1,1,1,1,1,0,0,1,1,1,1,0,0,0,0,1,1,0,0,0,0,0,0,0,0,0,0,0,0,0,0,0.22402612770388608,0.10990476190476196,-0.10858351755449383,-0.47388813615726544,0.5572529915338409,-0.3598648616722186,1.8346943592164269,0.4387181717725061,-0.2893725992317542,-0.13143987894307999,-0.17391304347826086,0.2318840579710145,0.0,0.17391304347826086,-0.2318840579710145,-0.6376811594202898,0.47058823529411764,1.0,-0.47058823529411764,-0.11764705882352941
5,0,1,0,-0.028429115173159214,-0.5217391304347826,0.21655793707897064,4,3,2,1,0,6,5,4,3,2,1,1,1,1,1,0,0,1,1,1,0,0,0,0,0,1,1,0,0,0,0,0,0,0,0,0,0,0,0,0,-0.17158138874426088,0.23209523809523813,0.11580974113955651,-0.106681879768951,-0.4707941162559713,0.5595482788763674,-0.35949964597592626,1.8317071450403215,0.4372482830869515,-0.2893725992317542,0.0,-0.17391304347826086,0.2318840579710145,0.0,0.17391304347826086,-0.2318840579710145,-0.6470588235294118,0.47058823529411764,1.0,-0.47058823529411764
6,0,1,0,-0.5225788261829802,-0.6956521739130435,-0.48553224022755515,5,4,3,2,1,0,6,5,4,3,0,1,1,1,1,1,0,0,1,1,1,0,0,0,0,0,1,1,0,0,0,0,0,0,0,0,0,0,0,0,-0.02352440005679935,-0.16590476190476192,0.23779980508212703,0.11771137892509934,-0.10547226032256544,-0.4675030122616769,0.5589804106679255,-0.35407801001575245,1.8165522057967638,0.4372482830869515,-0.463768115942029,0.0,-0.17391304347826086,0.2318840579710145,0.0,0.17391304347826086,-0.23529411764705882,-0.6470588235294118,0.47058823529411764,1.0
0,1,0,0,0.22794981438842157,-0.34782608695652173,0.8932879960002147,6,5,4,3,2,1,0,6,5,4,0,0,1,1,1,1,1,0,0,1,1,1,0,0,0,0,0,1,1,0,0,0,0,0,0,0,0,0,0,0,-0.5212760922042883,-0.016952380952380962,-0.15954741020704083,0.23970144286766987,0.11776947453057753,-0.10253502492498873,-0.46702855794194,0.5608821385747538,-0.34775928297055053,1.8165522057967638,-0.6376811594202898,-0.463768115942029,0.0,-0.17391304347826086,0.2318840579710145,0.0,0.17647058823529413,-0.23529411764705882,-0.6470588235294118,0.47058823529411764
1,1,0,0,0.49335087636859165,0.4057971014492754,1.7790884566510001,0,6,5,4,3,2,1,0,6,5,1,0,0,1,1,1,1,1,0,0,0,1,1,0,0,0,0,0,1,1,0,0,0,0,0,0,0,0,0,0,0.2347233398021489,-0.5177142857142857,-0.010839335377593958,-0.157645772421498,0.2391335193681124,0.12049046707775193,-0.10243096530564073,-0.46119483695013286,0.5582120824118263,-0.34775928297055053,-0.2898550724637681,-0.6376811594202898,-0.463768115942029,0.0,-0.17391304347826086,0.2318840579710145,0.0,0.17647058823529413,-0.23529411764705882,-0.6470588235294118
2,1,0,0,-0.35360180442648376,1.2173913043478262,-0.19342287014348045,1,0,6,5,4,3,2,1,0,6,1,1,0,0,1,1,1,1,1,0,0,0,1,1,0,0,0,0,0,1,0,0,0,0,0,0,0,0,0,0,0.502058976664931,0.24285714285714285,-0.5107799091967957,-0.008937697592051132,-0.15617462044175381,0.24173695277246215,0.12036818503658263,-0.09799449838948583,-0.45382376906064487,0.5582120824118263,0.463768115942029,-0.2898550724637681,-0.6376811594202898,-0.463768115942029,0.0,-0.17391304347826086,0.23529411764705882,0.0,0.17647058823529413,-0.23529411764705882
3,1,0,0,0.2434566044828721,0.463768115942029,0.7685001629385797,2,1,0,6,5,4,3,2,1,0,1,1,1,0,0,1,1,1,1,1,0,0,0,1,1,0,0,0,0,0,0,0,0,0,0,0,0,0,0,0,-0.35106735456998145,0.5118095238095237,0.2485440585704438,-0.5088782714112529,-0.00822967412382353,-0.15318827226120438,0.24149162143025737,0.12395081466155698,-0.09419159585612852,-0.45382376906064487,1.2753623188405796,0.463768115942029,-0.2898550724637681,-0.6376811594202898,-0.463768115942029,0.0,-0.17647058823529413,0.23529411764705882,0.0,0.17647058823529413
4,1,0,0,0.5351722193505944,-0.17391304347826086,1.4784202375948055,3,2,1,0,6,5,4,3,2,1,1,1,1,1,0,0,1,1,1,1,0,0,0,0,1,1,0,0,0,0,0,0,0,0,0,0,0,0,0,0,0.2503431627774886,-0.34647619047619044,0.517055313889087,0.2504456963559866,-0.5056046918601902,-0.005386632645828839,-0.15303280623082363,0.2446100674770179,0.12557327435688517,-0.09419159585612852,0.5217391304347826,1.2753623188405796,0.463768115942029,-0.2898550724637681,-0.6376811594202898,-0.463768115942029,0.0,-0.17647058823529413,0.23529411764705882,0.0
5,0,1,0,0.026549504252619604,-1.1594202898550725,0.5177319593017423,4,3,2,1,0,6,5,4,3,2,1,1,1,1,1,0,0,1,1,1,0,0,0,0,0,1,1,0,0,0,0,0,0,0,0,0,0,0,0,0,0.544185165901453,0.2585714285714286,-0.3398226722764981,0.5189569516746297,0.24982263633353824,-0.5022798686417652,-0.005381165919282447,-0.14840241694684128,0.24504714235828196,0.12557327435688517,-0.11594202898550725,0.5217391304347826,1.2753623188405796,0.463768115942029,-0.2898550724637681,-0.6376811594202898,-0.47058823529411764,0.0,-0.17647058823529413,0.23529411764705882
6,0,1,0,0.4092382876744515,-0.8695652173913043,1.0776327446837897,5,4,3,2,1,0,6,5,4,3,0,1,1,1,1,1,0,0,1,1,1,0,0,0,0,0,1,1,0,0,0,0,0,0,0,0,0,0,0,0,0.03185497231031376,0.5541904761904761,0.2642325703011719,-0.3379210344909553,0.5169559665137397,0.2524157157370001,-0.501770120368185,-0.0013166247384383944,-0.14410429519264348,0.24504714235828196,-1.1014492753623188,-0.11594202898550725,0.5217391304347826,1.2753623188405796,0.463768115942029,-0.2898550724637681,-0.6470588235294118,-0.47058823529411764,0.0,-0.17647058823529413
0,1,0,0,0.6772708049433768,0.2898550724637681,1.6772290269098944,6,5,4,3,2,1,0,6,5,4,0,0,1,1,1,1,1,0,0,1,1,1,0,0,0,0,0,1,1,0,0,0,0,0,0,0,0,0,0,0,0.41733327022293754,0.0387619047619047,0.5593667546174143,0.2661342080867148,-0.33552475996783804,0.5192902875233303,0.25215954684918584,-0.49580325864622765,0.0015364916773367397,-0.14410429519264348,-0.8115942028985508,-1.1014492753623188,-0.11594202898550725,0.5217391304347826,1.2753623188405796,0.463768115942029,-0.29411764705882354,-0.6470588235294118,-0.47058823529411764,0.0
1,1,0,0,0.8468117099760349,0.057971014492753624,1.908845061996069,0,6,5,4,3,2,1,0,6,5,1,0,0,1,1,1,1,1,0,0,0,1,1,0,0,0,0,0,1,1,0,0,0,0,0,0,0,0,0,0,0.6873195437118379,0.42657142857142866,0.04478356984953285,0.561268392402957,0.26543063898216906,-0.3323646844803552,0.5187632759027614,0.25523711000869914,-0.4880921895006402,0.0015364916773367397,0.34782608695652173,-0.8115942028985508,-1.1014492753623188,-0.11594202898550725,0.5217391304347826,1.2753623188405796,0.47058823529411764,-0.29411764705882354,-0.6470588235294118,-0.47058823529411764
