DIA_SEMANA,LABORAL,FIN_DE_SEMANA,FESTIVO,PORCENTAJE_USO,NUMERO_CONEXIONES,USAGE_KB,DIA_SEMANA_lag_1,DIA_SEMANA_lag_2,DIA_SEMANA_lag_3,DIA_SEMANA_lag_4,DIA_SEMANA_lag_5,DIA_SEMANA_lag_6,DIA_SEMANA_lag_7,DIA_SEMANA_lag_8,DIA_SEMANA_lag_9,DIA_SEMANA_lag_10,LABORAL_lag_1,LABORAL_lag_2,LABORAL_lag_3,LABORAL_lag_4,LABORAL_lag_5,LABORAL_lag_6,LABORAL_lag_7,LABORAL_lag_8,LABORAL_lag_9,LABORAL_lag_10,FIN_DE_SEMANA_lag_1,FIN_DE_SEMANA_lag_2,FIN_DE_SEMANA_lag_3,FIN_DE_SEMANA_lag_4,FIN_DE_SEMANA_lag_5,FIN_DE_SEMANA_lag_6,FIN_DE_SEMANA_lag_7,FIN_DE_SEMANA_lag_8,FIN_DE_SEMANA_lag_9,FIN_DE_SEMANA_lag_10,FESTIVO_lag_1,FESTIVO_lag_2,FESTIVO_lag_3,FESTIVO_lag_4,FESTIVO_lag_5,FESTIVO_lag_6,FESTIVO_lag_7,FESTIVO_lag_8,FESTIVO_lag_9,FESTIVO_lag_10,PORCENTAJE_USO_lag_1,PORCENTAJE_USO_lag_2,PORCENTAJE_USO_lag_3,PORCENTAJE_USO_lag_4,PORCENTAJE_USO_lag_5,PORCENTAJE_USO_lag_6,PORCENTAJE_USO_lag_7,PORCENTAJE_USO_lag_8,PORCENTAJE_USO_lag_9,PORCENTAJE_USO_lag_10,NUMERO_CONEXIONES_lag_1,NUMERO_CONEXIONES_lag_2,NUMERO_CONEXIONES_lag_3,NUMERO_CONEXIONES_lag_4,NUMERO_CONEXIONES_lag_5,NUMERO_CONEXIONES_lag_6,NUMERO_CONEXIONES_lag_7,NUMERO_CONEXIONES_lag_8,NUMERO_CONEXIONES_lag_9,NUMERO_CONEXIONES_lag_10
5,0,1,0,-0.576493000911124,-1.1538461538461537,-0.6025078276592957,4,3,2,1,0,6,5,4,3,2,1,1,1,1,1,0,0,1,1,1,0,0,0,0,0,1,1,0,0,0,0,0,0,0,0,0,0,0,0,0,1.1506985202942877,-0.4844176242043482,1.0259204226514775,1.0971016865891599,1.634190273456689,-0.3817603393425238,0.25495517723496997,-0.45739615826629454,0.5847471586229616,-0.5616867072969857,-0.6923076923076923,-1.1538461538461537,-0.6153846153846154,-0.4230769230769231,-0.34615384615384615,-1.1538461538461537,-0.5,-0.9230769230769231,-0.5769230769230769,-0.3076923076923077
6,0,1,0,-0.5599271100803446,-1.0769230769230769,-0.5936221320591566,5,4,3,2,1,0,6,5,4,3,0,1,1,1,1,1,0,0,1,1,1,0,0,0,0,0,1,1,0,0,0,0,0,0,0,0,0,0,0,0,-0.5753492601471438,1.1506985202942877,-0.48803037807495453,1.0054036351727524,1.0971016865891599,1.6281915327514478,-0.3849000740192449,0.2666228862255788,-0.47109207708779444,0.5847471586229616,-1.1153846153846154,-0.6923076923076923,-1.1538461538461537,-0.6153846153846154,-0.4230769230769231,-0.34615384615384615,-1.1538461538461537,-0.46153846153846156,-0.9230769230769231,-0.5769230769230769
0,1,0,0,1.0966619729975982,-0.6923076923076923,0.27828207939518435,6,5,4,3,2,1,0,6,5,4,0,0,1,1,1,1,1,0,0,1,1,1,0,0,0,0,0,1,1,0,0,0,0,0,0,0,0,0,0,0,-0.5588162354302719,-0.5753492601471438,1.144791150734687,-0.49615195677091856,1.0054036351727524,1.0930744758952604,1.641582366970968,-0.37202429814480376,0.255312139680448,-0.47109207708779444,-1.0384615384615385,-1.1153846153846154,-0.6923076923076923,-1.1538461538461537,-0.6153846153846154,-0.4230769230769231,-0.34615384615384615,-1.1153846153846154,-0.46153846153846156,-0.9230769230769231
1,1,0,0,1.191087550733041,-0.7307692307692307,0.4261293381166516,0,6,5,4,3,2,1,0,6,5,1,0,0,1,1,1,1,1,0,0,0,1,1,0,0,0,0,0,1,1,0,0,0,0,0,0,0,0,0,0,1.0944862362569232,-0.5588162354302719,-0.5788344064718506,1.1233011298509905,-0.49615195677091856,1.0017130271637165,1.1020643144995474,1.6506320801182077,-0.38543897216274087,0.255312139680448,-0.6538461538461539,-1.0384615384615385,-1.1153846153846154,-0.6923076923076923,-1.1538461538461537,-0.6153846153846154,-0.4230769230769231,-0.3076923076923077,-1.1153846153846154,-0.46153846153846156
2,1,0,0,-0.5798061790772799,-0.8076923076923077,-0.6040988948036716,1,0,6,5,4,3,2,1,0,6,1,1,0,0,1,1,1,1,1,0,0,0,1,1,0,0,0,0,0,1,0,0,0,0,0,0,0,0,0,0,1.1887244771430934,1.0944862362569232,-0.5623245831269604,-0.5862125429834615,1.1233011298509905,-0.4943306958153193,1.0099514762727198,1.1121326547364967,1.643880744523143,-0.38543897216274087,-0.6923076923076923,-0.6538461538461539,-1.0384615384615385,-1.1153846153846154,-0.6923076923076923,-1.1538461538461537,-0.6153846153846154,-0.38461538461538464,-0.3076923076923077,-1.1153846153846154
3,1,0,0,-0.25842789696015905,-0.3076923076923077,-0.4680212138394826,2,1,0,6,5,4,3,2,1,0,1,1,1,0,0,1,1,1,1,1,0,0,0,1,1,0,0,0,0,0,0,0,0,0,0,0,0,0,0,0,-0.5786558650905184,1.1887244771430934,1.0886577513620603,-0.5698378909448173,-0.5862125429834615,1.119177746961416,-0.4983962496915864,1.0201937284518143,1.1036073134574205,1.643880744523143,-0.7692307692307693,-0.6923076923076923,-0.6538461538461539,-1.0384615384615385,-1.1153846153846154,-0.6923076923076923,-1.1538461538461537,-0.5769230769230769,-0.38461538461538464,-0.3076923076923077
4,1,0,0,-0.3362875838648224,-1.0769230769230769,-0.4677188760622314,3,2,1,0,6,5,4,3,2,1,1,1,1,1,0,0,1,1,1,1,0,0,0,0,1,1,0,0,0,0,0,0,0,0,0,0,0,0,0,0,-0.2579151855832025,-0.5786558650905184,1.1827637444279346,1.0676273129196003,-0.5698378909448173,-0.5840606901052287,1.128382268278641,-0.4853061894598588,1.011365508153517,1.1036073134574205,-0.2692307692307692,-0.7692307692307693,-0.6923076923076923,-0.6538461538461539,-1.0384615384615385,-1.1153846153846154,-0.6923076923076923,-1.1153846153846154,-0.5769230769230769,-0.38461538461538464
5,0,1,0,0.7670007454650875,0.11538461538461539,0.03338847982172577,4,3,2,1,0,6,5,4,3,2,1,1,1,1,1,0,0,1,1,1,0,0,0,0,0,1,1,0,0,0,0,0,0,0,0,0,0,0,0,0,-0.33562040175250063,-0.2579151855832025,-0.5821363711408287,1.1609628295398722,1.0676273129196003,-0.5677461456888815,-0.5888642158072208,1.138400919389263,-0.4990940536979081,1.011365508153517,-1.0384615384615385,-0.2692307692307692,-0.7692307692307693,-0.6923076923076923,-0.6538461538461539,-1.0384615384615385,-1.1153846153846154,-0.6538461538461539,-1.1153846153846154,-0.5769230769230769
6,0,1,0,-0.5615836991634225,-0.9615384615384616,-0.5978694525322394,5,4,3,2,1,0,6,5,4,3,0,1,1,1,1,1,0,0,1,1,1,0,0,0,0,0,1,1,0,0,0,0,0,0,0,0,0,0,0,0,0.7654790443911713,-0.33562040175250063,-0.2618457982499587,-0.5894874733911903,1.1609628295398722,1.0637082959458357,-0.5724154946952873,-0.5756033492037432,1.1299621149728214,-0.4990940536979081,0.15384615384615385,-1.0384615384615385,-0.2692307692307692,-0.7692307692307693,-0.6923076923076923,-0.6538461538461539,-1.0384615384615385,-1.0769230769230769,-0.6538461538461539,-1.1153846153846154
0,1,0,0,0.1027085231508325,-0.4230769230769231,-0.3958278554066662,6,5,4,3,2,1,0,6,5,4,0,0,1,1,1,1,1,0,0,1,1,1,0,0,0,0,0,1,1,0,0,0,0,0,0,0,0,0,0,0,-0.5604695379019592,0.7654790443911713,-0.33944196797094267,-0.2718192238414934,-0.5894874733911903,1.1567011991190146,1.0724566164980671,-0.5591856837957642,-0.5896886839070993,1.1299621149728214,-0.9230769230769231,0.15384615384615385,-1.0384615384615385,-0.2692307692307692,-0.7692307692307693,-0.6923076923076923,-0.6538461538461539,-1.0,-1.0769230769230769,-0.6538461538461539
1,1,0,0,-0.4787542450095254,-0.8076923076923077,-0.5773501728082189,0,6,5,4,3,2,1,0,6,5,1,0,0,1,1,1,1,1,0,0,0,1,1,0,0,0,0,0,1,1,0,0,0,0,0,0,0,0,0,0,0.10250475324460614,-0.5604695379019592,0.7601122667987451,-0.34878008842312097,-0.2718192238414934,-0.5873235989884982,1.1662143268360885,1.0825808570021342,-0.5732169329599736,-0.5896886839070993,-0.38461538461538464,-0.9230769230769231,0.15384615384615385,-1.0384615384615385,-0.2692307692307692,-0.7692307692307693,-0.6923076923076923,-0.6153846153846154,-1.0,-1.0769230769230769
2,1,0,0,-0.578149589994202,-0.5384615384615384,-0.6034679543843501,1,0,6,5,4,3,2,1,0,6,1,1,0,0,1,1,1,1,1,0,0,0,1,1,0,0,0,0,0,1,0,0,0,0,0,0,0,0,0,0,-0.4778044143175994,0.10250475324460614,-0.5639755654614494,0.7417717373505812,-0.34878008842312097,-0.27082143731136304,-0.5921539600296076,1.1761615498276148,1.0739581617525944,-0.5732169329599736,-0.7692307692307693,-0.38461538461538464,-0.9230769230769231,0.15384615384615385,-1.0384615384615385,-0.2692307692307692,-0.7692307692307693,-0.6538461538461539,-0.6153846153846154,-1.0
3,1,0,0,-0.5615836991634225,-0.15384615384615385,-0.5978396856854444,2,1,0,6,5,4,3,2,1,0,1,1,1,0,0,1,1,1,1,1,0,0,0,1,1,0,0,0,0,0,0,0,0,0,0,0,0,0,0,0,-0.5770025626188311,-0.4778044143175994,0.09806835066864791,-0.5714753561486817,0.7417717373505812,-0.34749979606819476,-0.2730487704580969,-0.578886882285339,1.1678471421512107,1.0739581617525944,-0.5,-0.7692307692307693,-0.38461538461538464,-0.9230769230769231,0.15384615384615385,-1.0384615384615385,-0.2692307692307692,-0.7307692307692307,-0.6538461538461539,-0.6153846153846154
4,1,0,0,0.8266379524558934,-0.6923076923076923,-0.08030861799826126,3,2,1,0,6,5,4,3,2,1,1,1,1,1,0,0,1,1,1,1,0,0,0,0,1,1,0,0,0,0,0,0,0,0,0,0,0,0,0,0,-0.5604695379019592,-0.5770025626188311,-0.4814264487369984,0.08514819060094976,-0.5714753561486817,0.7390488620605268,-0.35035775968418453,-0.2603841733705467,-0.5929830340965244,1.1678471421512107,-0.11538461538461539,-0.5,-0.7692307692307693,-0.38461538461538464,-0.9230769230769231,0.15384615384615385,-1.0384615384615385,-0.23076923076923078,-0.7307692307692307,-0.6538461538461539
5,0,1,0,-0.25014495154476935,-0.11538461538461539,-0.45410433746732576,4,3,2,1,0,6,5,4,3,2,1,1,1,1,1,0,0,1,1,1,0,0,0,0,0,1,1,0,0,0,0,0,0,0,0,0,0,0,0,0,0.8249979333719105,-0.5604695379019592,-0.5804853888063396,-0.48960209595546084,0.08514819060094976,-0.5693776001305163,0.7451270663705896,-0.33754720078804795,-0.2734310657222863,-0.5929830340965244,-0.6538461538461539,-0.11538461538461539,-0.5,-0.7692307692307693,-0.38461538461538464,-0.9230769230769231,0.15384615384615385,-1.0,-0.23076923076923078,-0.7307692307692307
6,0,1,0,-0.5798061790772799,-1.2692307692307692,-0.6042704919204899,5,4,3,2,1,0,6,5,4,3,0,1,1,1,1,1,0,0,1,1,1,0,0,0,0,0,1,1,0,0,0,0,0,0,0,0,0,0,0,0,-0.2496486732247665,0.8249979333719105,-0.5639755654614494,-0.5878500081873259,-0.48960209595546084,0.08483563096500533,-0.5740603668064806,0.7558693153833526,-0.35084829517377697,-0.2734310657222863,-0.07692307692307693,-0.6538461538461539,-0.11538461538461539,-0.5,-0.7692307692307693,-0.38461538461538464,-0.9230769230769231,0.19230769230769232,-1.0,-0.23076923076923078
0,1,0,0,-0.07288991965542946,-0.7307692307692307,-0.38602055488320747,6,5,4,3,2,1,0,6,5,4,0,0,1,1,1,1,1,0,0,1,1,1,0,0,0,0,0,1,1,0,0,0,0,0,0,0,0,0,0,0,-0.5786558650905184,-0.2496486732247665,0.81954763084035,-0.5714753561486817,-0.5878500081873259,-0.4878048780487804,0.08553334978205449,-0.5608274503365621,0.7461703179047933,-0.35084829517377697,-1.2307692307692308,-0.07692307692307693,-0.6538461538461539,-0.11538461538461539,-0.5,-0.7692307692307693,-0.38461538461538464,-0.8846153846153846,0.19230769230769232,-1.0
1,1,0,0,-0.25014495154476935,-0.23076923076923078,-0.47047435221358824,0,6,5,4,3,2,1,0,6,5,1,0,0,1,1,1,1,1,0,0,0,1,1,0,0,0,0,0,1,1,0,0,0,0,0,0,0,0,0,0,-0.07274530875423657,-0.5786558650905184,-0.2535908865775136,0.8007204846897004,-0.5714753561486817,-0.5856921445468635,-0.49181676124681295,0.09752093252339526,-0.5748641080546861,0.7461703179047933,-0.6923076923076923,-1.2307692307692308,-0.07692307692307693,-0.6538461538461539,-0.11538461538461539,-0.5,-0.7692307692307693,-0.34615384615384615,-0.8846153846153846,0.19230769230769232
2,1,0,0,-0.578149589994202,-0.5769230769230769,-0.6034737910209765,1,0,6,5,4,3,2,1,0,6,1,1,0,0,1,1,1,1,1,0,0,0,1,1,0,0,0,0,0,1,0,0,0,0,0,0,0,0,0,0,-0.2496486732247665,-0.07274530875423657,-0.5821363711408287,-0.2636318978221713,0.8007204846897004,-0.5693776001305163,-0.5905090879184143,-0.4787391232966672,0.08565310492505358,-0.5748641080546861,-0.19230769230769232,-0.6923076923076923,-1.2307692307692308,-0.07692307692307693,-0.6538461538461539,-0.11538461538461539,-0.5,-0.7307692307692307,-0.34615384615384615,-0.8846153846153846
3,1,0,0,0.2037604572185869,-0.5,-0.21175842978132164,2,1,0,6,5,4,3,2,1,0,1,1,1,0,0,1,1,1,1,1,0,0,0,1,1,0,0,0,0,0,0,0,0,0,0,0,0,0,0,0,-0.5770025626188311,-0.2496486732247665,-0.07693577678718831,-0.5894874733911903,-0.2636318978221713,0.7977812219593767,-0.5740603668064806,-0.5772451157445411,-0.49250535331905776,0.08565310492505358,-0.5384615384615384,-0.19230769230769232,-0.6923076923076923,-1.2307692307692308,-0.07692307692307693,-0.6538461538461539,-0.11538461538461539,-0.46153846153846156,-0.7307692307692307,-0.34615384615384615
4,1,0,0,0.38764184544023855,-0.5,-0.17616486864211525,3,2,1,0,6,5,4,3,2,1,1,1,1,1,0,0,1,1,1,1,0,0,0,0,1,1,0,0,0,0,0,0,0,0,0,0,0,0,0,0,0.20335620401752497,-0.5770025626188311,-0.2535908865775136,-0.08842312100867854,-0.5894874733911903,-0.26266416510318946,0.8043424623735504,-0.5608274503365621,-0.5913358590018118,-0.49250535331905776,-0.46153846153846156,-0.5384615384615384,-0.19230769230769232,-0.6923076923076923,-1.2307692307692308,-0.07692307692307693,-0.6538461538461539,-0.07692307692307693,-0.46153846153846156,-0.7307692307692307
5,0,1,0,0.6792015240619564,-0.4230769230769231,0.1751055190944108,4,3,2,1,0,6,5,4,3,2,1,1,1,1,1,0,0,1,1,1,0,0,0,0,0,1,1,0,0,0,0,0,0,0,0,0,0,0,0,0,0.38687277837480366,0.20335620401752497,-0.5804853888063396,-0.2636318978221713,-0.08842312100867854,-0.5873235989884982,-0.2648244099021301,0.814972910852077,-0.5748641080546861,-0.5913358590018118,-0.46153846153846156,-0.46153846153846156,-0.5384615384615384,-0.19230769230769232,-0.6923076923076923,-1.2307692307692308,-0.07692307692307693,-0.6153846153846154,-0.07692307692307693,-0.46153846153846156
6,0,1,0,-0.5798061790772799,-1.0384615384615385,-0.6042523983469478,5,4,3,2,1,0,6,5,4,3,0,1,1,1,1,1,0,0,1,1,1,0,0,0,0,0,1,1,0,0,0,0,0,0,0,0,0,0,0,0,0.67785401339175,0.38687277837480366,0.19877827307247808,-0.5878500081873259,-0.2636318978221713,-0.0880985398482747,-0.5921539600296076,-0.2521753406665572,0.8054686213144459,-0.5748641080546861,-0.38461538461538464,-0.46153846153846156,-0.46153846153846156,-0.5384615384615384,-0.19230769230769232,-0.6923076923076923,-1.2307692307692308,-0.038461538461538464,-0.6153846153846154,-0.07692307692307693
0,0,0,1,2.3937712250476273,-0.5384615384615384,0.6130143572506056,6,5,4,3,2,1,0,6,5,4,0,0,1,1,1,1,1,0,0,1,1,1,0,0,0,0,0,1,1,0,0,0,0,0,0,0,0,0,0,0,-0.5786558650905184,0.67785401339175,0.3820373122007594,0.18503356803667914,-0.5878500081873259,-0.26266416510318946,-0.08882309400444112,-0.578886882285339,-0.26519519024872346,0.8054686213144459,-1.0,-0.38461538461538464,-0.46153846153846156,-0.46153846153846156,-0.5384615384615384,-0.19230769230769232,-0.6923076923076923,-1.1923076923076923,-0.038461538461538464,-0.6153846153846154
1,1,0,0,1.1480162345730143,-0.2692307692307692,0.43970010193685866,0,6,5,4,3,2,1,0,6,5,0,0,0,1,1,1,1,1,0,0,0,1,1,0,0,0,0,0,1,1,1,0,0,0,0,0,0,0,0,0,2.389022071587997,-0.5786558650905184,0.6726102030708271,0.36679220566562953,0.18503356803667914,-0.5856921445468635,-0.2648244099021301,-0.07650632080118203,-0.5929830340965244,-0.26519519024872346,-0.5,-1.0,-0.38461538461538464,-0.46153846153846156,-0.46153846153846156,-0.5384615384615384,-0.19230769230769232,-0.6538461538461539,-1.1923076923076923,-0.038461538461538464
2,1,0,0,-0.578149589994202,-0.5,-0.6037883857351434,1,0,6,5,4,3,2,1,0,6,1,0,0,0,1,1,1,1,1,0,0,0,1,1,0,0,0,0,0,1,0,1,0,0,0,0,0,0,0,0,1.1457386128792262,2.389022071587997,-0.5821363711408287,0.6549860815457671,0.36679220566562953,0.184354351904723,-0.5905090879184143,-0.2521753406665572,-0.08894745511447864,-0.5929830340965244,-0.23076923076923078,-0.5,-1.0,-0.38461538461538464,-0.46153846153846156,-0.46153846153846156,-0.5384615384615384,-0.15384615384615385,-0.6538461538461539,-1.1923076923076923
3,1,0,0,-0.02484883624616914,-0.5,-0.3699330333496662,2,1,0,6,5,4,3,2,1,0,1,1,0,0,0,1,1,1,1,1,0,0,0,1,1,0,0,0,0,0,0,0,1,0,0,0,0,0,0,0,-0.5770025626188311,1.1457386128792262,2.381376919266964,-0.5894874733911903,0.6549860815457671,0.3654457949261766,0.185870548564849,-0.5772451157445411,-0.26519519024872346,-0.08894745511447864,-0.46153846153846156,-0.23076923076923078,-0.5,-1.0,-0.38461538461538464,-0.46153846153846156,-0.46153846153846156,-0.5,-0.15384615384615385,-0.6538461538461539
4,1,0,0,0.25842789696015905,-0.6538461538461539,-0.3004531272844961,3,2,1,0,6,5,4,3,2,1,1,1,1,0,0,0,1,1,1,1,0,0,0,0,1,1,0,0,0,0,0,0,0,1,0,0,0,0,0,0,-0.024799537075307927,-0.5770025626188311,1.1398382037312198,2.349762567545439,-0.5894874733911903,0.6525817766538868,0.3684513529073114,0.19766869151206698,-0.5913358590018118,-0.26519519024872346,-0.46153846153846156,-0.46153846153846156,-0.23076923076923078,-0.5,-1.0,-0.38461538461538464,-0.46153846153846156,-0.4230769230769231,-0.5,-0.15384615384615385
5,0,1,0,1.0469643005052598,-0.8076923076923077,0.19493899401482098,4,3,2,1,0,6,5,4,3,2,1,1,1,1,0,0,0,1,1,1,0,0,0,0,0,1,1,0,0,0,0,0,0,0,1,0,0,0,0,0,0.2579151855832025,-0.024799537075307927,-0.5804853888063396,1.1183887342393972,2.349762567545439,-0.5873235989884982,0.6579488444773418,0.37990477754063373,0.18613078570252012,-0.5913358590018118,-0.6153846153846154,-0.46153846153846156,-0.46153846153846156,-0.23076923076923078,-0.5,-1.0,-0.38461538461538464,-0.4230769230769231,-0.4230769230769231,-0.5
6,0,1,0,-0.1640023192247163,-1.0384615384615385,-0.39572688159302827,5,4,3,2,1,0,6,5,4,3,0,1,1,1,1,0,0,0,1,1,1,0,0,0,0,0,1,1,0,0,0,0,0,0,0,1,0,0,0,0,1.0448871621063074,0.2579151855832025,-0.02905728908700673,-0.5878500081873259,1.1183887342393972,2.341137123745819,-0.5921539600296076,0.6688556887210639,0.3689672212156152,0.18613078570252012,-0.7692307692307693,-0.6153846153846154,-0.46153846153846156,-0.46153846153846156,-0.23076923076923078,-0.5,-1.0,-0.34615384615384615,-0.4230769230769231,-0.4230769230769231
0,1,0,0,3.1640851486788706,0.07692307692307693,1.2136760567449487,6,5,4,3,2,1,0,6,5,4,0,0,1,1,1,1,0,0,0,1,1,1,0,0,0,0,0,1,1,0,0,0,0,0,0,0,1,0,0,0,-0.1636769446970323,1.0448871621063074,0.25326069011061586,-0.040936630096610443,-0.5878500081873259,1.1142833836365118,2.360391479562464,-0.578886882285339,0.6588700378850272,0.3689672212156152,-1.0,-0.7692307692307693,-0.6153846153846154,-0.46153846153846156,-0.46153846153846156,-0.23076923076923078,-0.5,-0.9615384615384616,-0.34615384615384615,-0.4230769230769231
1,1,0,0,1.4362627350285764,-0.4230769230769231,0.2551252235796618,0,6,5,4,3,2,1,0,6,5,1,0,0,1,1,1,1,0,0,0,0,1,1,0,0,0,0,0,1,1,0,0,0,0,0,0,0,1,0,0,3.157807720922543,-0.1636769446970323,1.0391282813273897,0.239069919764205,-0.040936630096610443,-0.5856921445468635,1.1234476519450611,2.368084058446889,-0.5929830340965244,0.6588700378850272,0.11538461538461539,-1.0,-0.7692307692307693,-0.6153846153846154,-0.46153846153846156,-0.46153846153846156,-0.23076923076923078,-0.46153846153846156,-0.9615384615384616,-0.34615384615384615
2,1,0,0,-0.3412573511140562,-0.5384615384615384,-0.5143215012062868,1,0,6,5,4,3,2,1,0,6,1,1,0,0,1,1,1,1,0,0,0,0,1,1,0,0,0,0,0,1,0,0,0,0,0,0,0,0,1,0,1.4334132429527984,3.157807720922543,-0.16773980518408446,1.0185033568036679,0.239069919764205,-0.04078636104086793,-0.5905090879184143,1.1334756197668692,2.363696260912535,-0.5929830340965244,-0.38461538461538464,0.11538461538461539,-1.0,-0.7692307692307693,-0.6153846153846154,-0.46153846153846156,-0.46153846153846156,-0.19230769230769232,-0.46153846153846156,-0.9615384615384616
3,1,0,0,-0.19216433363704138,-0.5384615384615384,-0.45843161986219116,2,1,0,6,5,4,3,2,1,0,1,1,1,0,0,1,1,1,1,0,0,0,0,1,1,0,0,0,0,0,0,0,0,0,0,0,0,0,0,1,-0.3405803091675622,1.4334132429527984,3.1490837048043585,-0.1784837072212215,1.0185033568036679,0.23819234847866871,-0.04112180277983386,-0.5772451157445411,1.1250205896886838,2.363696260912535,-0.5,-0.38461538461538464,0.11538461538461539,-1.0,-0.7692307692307693,-0.6153846153846154,-0.46153846153846156,-0.4230769230769231,-0.19230769230769232,-0.46153846153846156
4,1,0,0,-0.0778596869046633,-0.15384615384615385,-0.42932022736034314,3,2,1,0,6,5,4,3,2,1,1,1,1,1,0,0,1,1,1,1,0,0,0,0,1,1,0,0,0,0,0,0,0,0,0,0,0,0,0,0,-0.19178308671571467,-0.3405803091675622,1.4271091299323095,3.111183887342394,-0.1784837072212215,1.014764662696794,0.24015132823422977,-0.028895091118042983,-0.5913358590018118,1.1250205896886838,-0.5,-0.5,-0.38461538461538464,0.11538461538461539,-1.0,-0.7692307692307693,-0.6153846153846154,-0.4230769230769231,-0.4230769230769231,-0.19230769230769232
5,0,1,0,-0.5576078853640355,0.7692307692307693,-0.5983935825012965,4,3,2,1,0,6,5,4,3,2,1,1,1,1,1,0,0,1,1,1,0,0,0,0,0,1,1,0,0,0,0,0,0,0,0,0,0,0,0,0,-0.07770521616929817,-0.19178308671571467,-0.3443949149744097,1.403307679711806,3.111183887342394,-0.17782853413818414,1.0231104531622666,0.2518469873583977,-0.0411793773678142,-0.5913358590018118,-0.11538461538461539,-0.5,-0.5,-0.38461538461538464,0.11538461538461539,-1.0,-0.7692307692307693,-0.5769230769230769,-0.4230769230769231,-0.4230769230769231
6,0,1,0,2.880311438747619,-0.6538461538461539,0.1084925689401631,5,4,3,2,1,0,6,5,4,3,0,1,1,1,1,1,0,0,1,1,1,0,0,0,0,0,1,1,0,0,0,0,0,0,0,0,0,0,0,0,-0.5565016119699099,-0.07770521616929817,-0.19580650487039786,-0.35369248403471426,1.403307679711806,3.0997634391059625,-0.17929106012007562,1.0333278607781975,0.24048756382803493,-0.0411793773678142,0.8076923076923077,-0.11538461538461539,-0.5,-0.5,-0.38461538461538464,0.11538461538461539,-1.0,-0.7307692307692307,-0.5769230769230769,-0.4230769230769231
0,1,0,0,6.438167812474116,1.0,0.5641815532515757,6,5,4,3,2,1,0,6,5,4,0,0,1,1,1,1,1,0,0,1,1,1,0,0,0,0,0,1,1,0,0,0,0,0,0,0,0,0,0,0,2.8745970075225262,-0.5565016119699099,-0.08188872379065538,-0.20632061568691665,-0.35369248403471426,1.3981564564809525,3.1252570112673737,-0.16680348054506644,1.0245429089112172,0.24048756382803493,-0.6153846153846154,0.8076923076923077,-0.11538461538461539,-0.5,-0.5,-0.38461538461538464,0.11538461538461539,-0.9615384615384616,-0.7307692307692307,-0.5769230769230769
1,1,0,0,-0.12043402633976642,-0.5384615384615384,-0.5033789748589795,0,6,5,4,3,2,1,0,6,5,1,0,0,1,1,1,1,1,0,0,0,1,1,0,0,0,0,0,1,1,0,0,0,0,0,0,0,0,0,0,6.425394725965115,2.8745970075225262,-0.5600132078586758,-0.0933355166202718,-0.20632061568691665,-0.3523941593930989,1.4096553992927048,3.131505499917912,-0.1795420853236699,1.0245429089112172,1.0384615384615385,-0.6153846153846154,0.8076923076923077,-0.11538461538461539,-0.5,-0.5,-0.38461538461538464,0.15384615384615385,-0.9615384615384616,-0.7307692307692307
2,1,0,0,0.39012672906485546,1.5384615384615385,-0.37045424500041,1,0,6,5,4,3,2,1,0,6,1,1,0,0,1,1,1,1,1,0,0,0,1,1,0,0,0,0,0,1,0,0,0,0,0,0,0,0,0,0,-0.12019508969165908,6.425394725965115,2.8662704309063893,-0.5675454396594071,-0.0933355166202718,-0.20556325964597438,-0.3552923760177646,1.4191429978657035,3.129632679953879,-0.1795420853236699,-0.5,1.0384615384615385,-0.6153846153846154,0.8076923076923077,-0.11538461538461539,-0.5,-0.5,-0.34615384615384615,0.15384615384615385,-0.9615384615384616
3,1,0,0,1.4785057566470639,0.8076923076923077,-0.1676982435517568,2,1,0,6,5,4,3,2,1,0,1,1,1,0,0,1,1,1,1,1,0,0,0,1,1,0,0,0,0,0,0,0,0,0,0,0,0,0,0,0,0.3893527320823344,-0.12019508969165908,6.412085190688459,2.830686097920419,-0.5675454396594071,-0.09299290317317886,-0.20725388601036268,-0.34247250041044164,1.4116290561686708,3.129632679953879,1.5769230769230769,-0.5,1.0384615384615385,-0.6153846153846154,0.8076923076923077,-0.11538461538461539,-0.5,-0.46153846153846156,-0.34615384615384615,0.15384615384615385
4,1,0,0,1.3738093265965379,1.4230769230769231,-0.14305362906014682,3,2,1,0,6,5,4,3,2,1,1,1,1,1,0,0,1,1,1,1,0,0,0,0,1,1,0,0,0,0,0,0,0,0,0,0,0,0,0,0,1.4755724559808217,0.3893527320823344,-0.12431896978702323,6.347470116260029,2.830686097920419,-0.5654621094705929,-0.09375771033802119,-0.19471351173863077,-0.3557898204579147,1.4116290561686708,0.8461538461538461,1.5769230769230769,-0.5,1.0384615384615385,-0.6153846153846154,0.8076923076923077,-0.11538461538461539,-0.46153846153846156,-0.46153846153846156,-0.34615384615384615
5,0,1,0,4.077197051271432,1.0769230769230769,0.3819973612565812,4,3,2,1,0,6,5,4,3,2,1,1,1,1,1,0,0,1,1,1,0,0,0,0,0,1,1,0,0,0,0,0,0,0,0,0,0,0,0,0,1.3710837397701912,1.4755724559808217,0.38451378570249295,-0.13541837235958734,6.347470116260029,2.8202952932539356,-0.5701126737396166,-0.08143162042357573,-0.20754406193378358,-0.3557898204579147,1.4615384615384615,0.8461538461538461,1.5769230769230769,-0.5,1.0384615384615385,-0.6153846153846154,0.8076923076923077,-0.07692307692307693,-0.46153846153846156,-0.46153846153846156
6,0,1,0,0.3420856456555951,0.7307692307692307,-0.4448865372431406,5,4,3,2,1,0,6,5,4,3,0,1,1,1,1,1,0,0,1,1,1,0,0,0,0,0,1,1,0,0,0,0,0,0,0,0,0,0,0,0,4.0691080433165245,1.3710837397701912,1.4692091794617796,0.3692484034714261,-0.13541837235958734,6.324169997552818,2.843490418619952,-0.5568872106386471,-0.09388898039861636,-0.20754406193378358,1.1153846153846154,1.4615384615384615,0.8461538461538461,1.5769230769230769,-0.5,1.0384615384615385,-0.6153846153846154,0.8461538461538461,-0.07692307692307693,-0.46153846153846156
0,0,0,1,9.59380435682929,1.0769230769230769,1.643864191971648,6,5,4,3,2,1,0,6,5,4,0,0,1,1,1,1,1,0,0,1,1,1,0,0,0,0,0,1,1,0,0,0,0,0,0,0,0,0,0,0,0.3414069604034058,4.0691080433165245,1.3648670959220737,1.4450630424103486,0.3692484034714261,-0.1349212823231911,6.376182251829919,2.850270891479232,-0.570910887827376,-0.09388898039861636,0.7692307692307693,1.1153846153846154,1.4615384615384615,0.8461538461538461,1.5769230769230769,-0.5,1.0384615384615385,-0.5769230769230769,0.8461538461538461,-0.07692307692307693
1,1,0,0,-0.5751677296446617,-1.0,-0.6031912978082554,0,6,5,4,3,2,1,0,6,5,0,0,0,1,1,1,1,1,0,0,0,1,1,0,0,0,0,0,1,1,1,0,0,0,0,0,0,0,0,0,9.574770604282053,0.3414069604034058,4.059105167574707,1.3415752415261175,1.4450630424103486,0.3678929765886287,-0.1360309235956904,6.376292891150879,2.847471586229616,-0.570910887827376,1.1153846153846154,0.7692307692307693,1.1153846153846154,1.4615384615384615,0.8461538461538461,1.5769230769230769,-0.5,1.0769230769230769,-0.5769230769230769,0.8461538461538461
2,1,0,0,0.32734200281620146,0.8461538461538461,-0.27235322391001543,1,0,6,5,4,3,2,1,0,6,1,0,0,0,1,1,1,1,1,0,0,0,1,1,0,0,0,0,0,1,0,1,0,0,0,0,0,0,0,0,-0.5740266181697942,9.574770604282053,0.33663529800231135,4.013754707712461,1.3415752415261175,1.4397585447426378,0.3709186610741014,-0.12362502052208173,6.385109537143798,2.847471586229616,-0.9615384615384616,1.1153846153846154,0.7692307692307693,1.1153846153846154,1.4615384615384615,0.8461538461538461,1.5769230769230769,-0.46153846153846156,1.0769230769230769,-0.5769230769230769
3,1,0,0,-0.5675474198625031,0.19230769230769232,-0.6007002212960777,2,1,0,6,5,4,3,2,1,0,1,1,0,0,0,1,1,1,1,1,0,0,0,1,1,0,0,0,0,0,0,0,1,0,0,0,0,0,0,0,0.32669256840538974,-0.5740266181697942,9.557041439656594,0.32176191255935804,4.013754707712461,1.3366506240313238,1.4515996381281353,0.3823674273518306,-0.13622138033272935,6.385109537143798,0.8846153846153846,-0.9615384615384616,1.1153846153846154,0.7692307692307693,1.1153846153846154,1.4615384615384615,0.8461538461538461,1.6153846153846154,-0.46153846153846156,1.0769230769230769
4,1,0,0,-0.5448521494243354,0.8461538461538461,-0.5944964602258019,3,2,1,0,6,5,4,3,2,1,1,1,1,0,0,0,1,1,1,1,0,0,0,0,1,1,0,0,0,0,0,0,0,1,0,0,0,0,0,0,-0.566421426800033,0.32669256840538974,-0.5775136206042594,9.466677583101358,0.32176191255935804,3.9990211273350185,1.3476437207007155,1.46100804465605,0.371437983857684,-0.13622138033272935,0.23076923076923078,0.8846153846153846,-0.9615384615384616,1.1153846153846154,0.7692307692307693,1.1153846153846154,1.4615384615384615,0.8846153846153846,1.6153846153846154,-0.46153846153846156
5,0,1,0,2.193158287086888,0.8076923076923077,-0.07493657764725761,4,3,2,1,0,6,5,4,3,2,1,1,1,1,0,0,0,1,1,1,0,0,0,0,0,1,1,0,0,0,0,0,0,0,1,0,0,0,0,0,-0.5437711829379185,-0.566421426800033,0.32194155522535906,-0.58490257082037,9.466677583101358,0.3205807977812219,4.031910518957151,1.357248399277623,1.4536320210838412,0.371437983857684,0.8846153846153846,0.23076923076923078,0.8846153846153846,-0.9615384615384616,1.1153846153846154,0.7692307692307693,1.1153846153846154,1.5,0.8846153846153846,1.6153846153846154
6,0,1,0,0.1704630166487203,0.38461538461538464,-0.46466281312461133,5,4,3,2,1,0,6,5,4,3,0,1,1,1,1,0,0,0,1,1,1,0,0,0,0,0,1,1,0,0,0,0,0,0,0,1,0,0,0,0,2.1888071422666773,-0.5437711829379185,-0.5699191018656099,0.3071884722449647,-0.58490257082037,9.43192756342279,0.3232173698494941,4.036447217205714,1.349530555098007,1.4536320210838412,0.8461538461538461,0.8846153846153846,0.23076923076923078,0.8846153846153846,-0.9615384615384616,1.1153846153846154,0.7692307692307693,1.1538461538461537,1.5,0.8846153846153846
0,0,0,1,7.328915762445127,0.46153846153846156,1.0013100330908113,6,5,4,3,2,1,0,6,5,4,0,0,1,1,1,1,0,0,0,1,1,1,0,0,0,0,0,1,1,0,0,0,0,0,0,0,1,0,0,0,0.17012482433661236,2.1888071422666773,-0.5473006438831104,-0.5773702308825936,0.3071884722449647,-0.582755526551921,9.50949913644214,0.3347561976686915,4.037555592159446,1.349530555098007,0.4230769230769231,0.8461538461538461,0.8846153846153846,0.23076923076923078,0.8846153846153846,-0.9615384615384616,1.1153846153846154,0.8076923076923077,1.1538461538461537,1.5
1,1,0,0,-0.5723515282034292,-0.38461538461538464,-0.6030938259765933,0,6,5,4,3,2,1,0,6,5,0,0,0,1,1,1,1,0,0,0,0,1,1,0,0,0,0,0,1,1,1,0,0,0,0,0,0,1,0,0,7.314375464991321,0.17012482433661236,2.181442958560343,-0.5549369575896511,-0.5773702308825936,0.3060608532506729,-0.5875483181182662,9.503693974716796,0.3236699061110196,4.037555592159446,0.5,0.4230769230769231,0.8461538461538461,0.8846153846153846,0.23076923076923078,0.8846153846153846,-0.9615384615384616,1.1538461538461537,0.8076923076923077,1.1538461538461537
2,1,0,0,4.456224633479666,0.5,0.9632557459498848,1,0,6,5,4,3,2,1,0,6,1,0,0,0,1,1,1,1,0,0,0,0,1,1,0,0,0,0,0,1,0,1,0,0,0,0,0,0,1,0,-0.5712160039679259,7.314375464991321,0.1655935281492488,2.151465531357458,-0.5549369575896511,-0.5752508361204012,0.3085780080598733,-0.5742899359711049,9.52281337506177,0.3236699061110196,-0.34615384615384615,0.5,0.4230769230769231,0.8461538461538461,0.8846153846153846,0.23076923076923078,0.8846153846153846,-0.9230769230769231,1.1538461538461537,0.8076923076923077
3,1,0,0,5.496231259835998,1.4230769230769231,1.008658358603538,2,1,0,6,5,4,3,2,1,0,1,1,0,0,0,1,1,1,1,0,0,0,0,1,1,0,0,0,0,0,0,0,1,0,0,0,0,0,0,1,4.447383648838555,-0.5712160039679259,7.299818391943206,0.1521205174390044,2.151465531357458,-0.5528999102700056,-0.5799819064067767,0.3201444754555902,-0.5883709438313293,9.52281337506177,0.5384615384615384,-0.34615384615384615,0.5,0.4230769230769231,0.8461538461538461,0.8846153846153846,0.23076923076923078,0.9230769230769231,-0.9230769230769231,1.1538461538461537
4,1,0,0,0.79234655843618,1.0,-0.28230410569448533,3,2,1,0,6,5,4,3,2,1,1,1,1,0,0,0,1,1,1,1,0,0,0,0,1,1,0,0,0,0,0,0,0,1,0,0,0,0,0,0,5.485326940563776,4.447383648838555,-0.574706950635628,7.227935156377926,0.1521205174390044,2.1435679908638545,-0.5574471584834279,-0.5667378098834346,0.3090100477680777,-0.5883709438313293,1.4615384615384615,0.5384615384615384,-0.34615384615384615,0.5,0.4230769230769231,0.8461538461538461,0.8846153846153846,0.2692307692307692,0.9230769230769231,-0.9230769230769231
5,0,1,0,2.6926198956348877,1.3461538461538463,0.24191808222128383,4,3,2,1,0,6,5,4,3,2,1,1,1,1,0,0,0,1,1,1,0,0,0,0,0,1,1,0,0,0,0,0,0,0,1,0,0,0,0,0,0.7907745722079854,5.485326940563776,4.436849925705794,-0.5821188799738004,7.227935156377926,0.1515621176278652,2.1611974668969482,-0.5442456082745034,-0.5807939383956514,0.3090100477680777,1.0384615384615385,1.4615384615384615,0.5384615384615384,-0.34615384615384615,0.5,0.4230769230769231,0.8461538461538461,0.9230769230769231,0.2692307692307692,0.9230769230769231
6,0,1,0,2.4833926944421436,0.46153846153846156,0.13978511254932321,5,4,3,2,1,0,6,5,4,3,0,1,1,1,1,0,0,0,1,1,1,0,0,0,0,0,1,1,0,0,0,0,0,0,0,1,0,0,0,0,2.6872778374803667,0.7907745722079854,5.4733366352980015,4.388406746356639,-0.5821188799738004,7.201403050819805,0.15280861912986263,2.1692661303562635,-0.5582276395980893,-0.5807939383956514,1.3846153846153846,1.0384615384615385,1.4615384615384615,0.5384615384615384,-0.34615384615384615,0.5,0.4230769230769231,0.8846153846153846,0.9230769230769231,0.2692307692307692
0,1,0,0,2.264225958750932,1.0,0.05786850116046928,6,5,4,3,2,1,0,6,5,4,0,0,1,1,1,1,0,0,0,1,1,1,0,0,0,0,0,1,1,0,0,0,0,0,0,0,1,0,0,0,2.4784657353062745,2.6872778374803667,0.7853722965164271,5.41640740134272,4.388406746356639,-0.5799820540011419,7.260629986018587,0.16466918404202927,2.1642233569428426,-0.5582276395980893,0.5,1.3846153846153846,1.0384615384615385,1.4615384615384615,0.5384615384615384,-0.34615384615384615,0.5,0.46153846153846156,0.8846153846153846,0.9230769230769231
1,1,0,0,3.9330738010436517,0.7692307692307693,0.5539796960921675,0,6,5,4,3,2,1,0,6,5,1,0,0,1,1,1,1,0,0,0,0,1,1,0,0,0,0,0,1,1,0,0,0,0,0,0,0,1,0,0,2.2597338183020583,2.4784657353062745,2.679214132408783,0.7668249549697068,5.41640740134272,4.372297903581042,-0.5847520355292375,7.259070760137909,0.15302256629879754,2.1642233569428426,1.0384615384615385,0.5,1.3846153846153846,1.0384615384615385,1.4615384615384615,0.5384615384615384,-0.34615384615384615,0.5384615384615384,0.46153846153846156,0.8846153846153846
2,1,0,0,-0.5713575747535825,0.46153846153846156,-0.603104331922521,1,0,6,5,4,3,2,1,0,6,1,1,0,0,1,1,1,1,0,0,0,0,1,1,0,0,0,0,0,1,0,0,0,0,0,0,0,0,1,0,3.925270728279739,2.2597338183020583,2.4706950635628195,2.64516129032258,0.7668249549697068,5.396525002039317,4.40825725799819,-0.5714989328517485,7.270795585570746,0.15302256629879754,0.8076923076923077,1.0384615384615385,0.5,1.3846153846153846,1.0384615384615385,1.4615384615384615,0.5384615384615384,-0.3076923076923077,0.5384615384615384,0.46153846153846156
3,1,0,0,-0.4916756398575334,0.3076923076923077,-0.5936542335606022,2,1,0,6,5,4,3,2,1,0,1,1,1,0,0,1,1,1,1,0,0,0,0,1,1,0,0,0,0,0,0,0,0,0,0,0,0,0,0,1,-0.5702240224849137,3.925270728279739,2.2522701007099224,2.4383494350745045,2.64516129032258,0.764010115017538,5.4409079694053775,4.412083401740273,-0.5855707461703179,7.270795585570746,0.5,0.8076923076923077,1.0384615384615385,0.5,1.3846153846153846,1.0384615384615385,1.4615384615384615,0.5769230769230769,-0.3076923076923077,0.5384615384615384
4,1,0,0,-0.3508655677959083,-0.6153846153846154,-0.45735651139559524,3,2,1,0,6,5,4,3,2,1,1,1,1,1,0,0,1,1,1,1,0,0,0,0,1,1,0,0,0,0,0,0,0,0,0,0,0,0,0,0,-0.49070017359675955,-0.5702240224849137,3.915469704474162,2.221712788603242,2.4383494350745045,2.635451505016722,0.7702936096718479,5.442784436053193,4.414429253829682,-0.5855707461703179,0.34615384615384615,0.5,0.8076923076923077,1.0384615384615385,0.5,1.3846153846153846,1.0384615384615385,1.5,0.5769230769230769,-0.3076923076923077
5,0,1,0,-0.3962561086722439,-0.4230769230769231,-0.49316661175364374,4,3,2,1,0,6,5,4,3,2,1,1,1,1,1,0,0,1,1,1,0,0,0,0,0,1,1,0,0,0,0,0,0,0,0,0,0,0,0,0,-0.35016946350334793,-0.49070017359675955,-0.5737163612349347,3.8712952349762566,2.221712788603242,2.4293988090382572,2.6571264084217447,0.7809883434575604,5.448525778290231,4.414429253829682,-0.5769230769230769,0.34615384615384615,0.5,0.8076923076923077,1.0384615384615385,0.5,1.3846153846153846,1.0769230769230769,1.5,0.5769230769230769
6,0,1,0,-0.5738424583781994,-0.6538461538461539,-0.6009173441785824,5,4,3,2,1,0,6,5,4,3,0,1,1,1,1,1,0,0,1,1,1,0,0,0,0,0,1,1,0,0,0,0,0,0,0,0,0,0,0,0,-0.3954699512275771,-0.35016946350334793,-0.4943041109460128,-0.5811364008514819,3.8712952349762566,2.2135573864099842,2.449379060778024,2.66425874240683,0.7713720968538955,5.448525778290231,-0.38461538461538464,-0.5769230769230769,0.34615384615384615,0.5,0.8076923076923077,1.0384615384615385,0.5,1.4230769230769231,1.0769230769230769,1.5
0,1,0,0,-0.37687401640023194,0.7307692307692307,-0.46790331377962785,6,5,4,3,2,1,0,6,5,4,0,0,1,1,1,1,1,0,0,1,1,1,0,0,0,0,0,1,1,0,0,0,0,0,0,0,0,0,0,0,-0.5727039761924444,-0.3954699512275771,-0.353970612514446,-0.5023743245456034,-0.5811364008514819,3.8570845909127986,2.2317624804671437,2.4569036283040555,2.660846647998682,0.7713720968538955,-0.6153846153846154,-0.38461538461538464,-0.5769230769230769,0.34615384615384615,0.5,0.8076923076923077,1.0384615384615385,0.5384615384615384,1.4230769230769231,1.0769230769230769
1,1,0,0,-0.4631823076285928,0.6923076923076923,-0.5301574637012273,0,6,5,4,3,2,1,0,6,5,1,0,0,1,1,1,1,1,0,0,0,1,1,0,0,0,0,0,1,1,0,0,0,0,0,0,0,0,0,0,-0.3761263123088369,-0.5727039761924444,-0.39920752847944524,-0.36318978221712783,-0.5023743245456034,-0.5790031813361611,3.8888066452833288,2.2396979149564937,2.452808433536485,2.660846647998682,0.7692307692307693,-0.6153846153846154,-0.38461538461538464,-0.5769230769230769,0.34615384615384615,0.5,0.8076923076923077,1.0769230769230769,0.5384615384615384,1.4230769230769231
2,1,0,0,-0.17112565228195145,1.0,-0.3136742765707775,1,0,6,5,4,3,2,1,0,6,1,1,0,0,1,1,1,1,1,0,0,0,1,1,0,0,0,0,0,1,0,0,0,0,0,0,0,0,0,0,-0.46226337108373977,-0.3761263123088369,-0.5761928347366683,-0.4080563288030129,-0.36318978221712783,-0.5005302226935312,-0.5837651122625216,3.8936135281562967,2.2348871685060123,2.452808433536485,0.7307692307692307,0.7692307692307693,-0.6153846153846154,-0.38461538461538464,-0.5769230769230769,0.34615384615384615,0.5,0.8461538461538461,1.0769230769230769,0.5384615384615384
3,1,0,0,1.1471879400314753,1.2692307692307692,0.5617342515140965,2,1,0,6,5,4,3,2,1,0,1,1,1,0,0,1,1,1,1,1,0,0,0,1,1,0,0,0,0,0,0,0,0,0,0,0,0,0,0,0,-0.17078614532528724,-0.46226337108373977,-0.37989103516592365,-0.5835925986572784,-0.4080563288030129,-0.36185659515458024,-0.5046467637141211,-0.5705138729272697,3.8942513589194534,2.2348871685060123,1.0384615384615385,0.7307692307692307,0.7692307692307693,-0.6153846153846154,-0.38461538461538464,-0.5769230769230769,0.34615384615384615,0.5384615384615384,0.8461538461538461,1.0769230769230769
4,1,0,0,-0.33396835914851325,0.5,-0.5401918093894557,3,2,1,0,6,5,4,3,2,1,1,1,1,1,0,0,1,1,1,1,0,0,0,0,1,1,0,0,0,0,0,0,0,0,0,0,0,0,0,0,1.1449119616433827,-0.17078614532528724,-0.4659072147928016,-0.3888979859177992,-0.5835925986572784,-0.4065584468553715,-0.36483263426268603,-0.4915449023148908,-0.5845824411134903,3.8942513589194534,1.3076923076923077,1.0384615384615385,0.7307692307692307,0.7692307692307693,-0.6153846153846154,-0.38461538461538464,-0.5769230769230769,0.38461538461538464,0.5384615384615384,0.8461538461538461
5,0,1,0,-0.3147519257848091,-0.6538461538461539,-0.5658981080834207,4,3,2,1,0,6,5,4,3,2,1,1,1,1,1,0,0,1,1,1,0,0,0,0,0,1,1,0,0,0,0,0,0,0,0,0,0,0,0,0,-0.33330577829213853,1.1449119616433827,-0.17483902922238723,-0.4742099230391354,-0.3888979859177992,-0.5814503629986132,-0.409902130109384,-0.35199474634706945,-0.5053533190578159,-0.5845824411134903,0.5384615384615384,1.3076923076923077,1.0384615384615385,0.7307692307692307,0.7692307692307693,-0.6153846153846154,-0.38461538461538464,-0.5384615384615384,0.38461538461538464,0.5384615384615384
6,0,1,0,-0.1267290648554626,-0.2692307692307692,-0.47861120733455104,5,4,3,2,1,0,6,5,4,3,0,1,1,1,1,1,0,0,1,1,1,0,0,0,0,0,1,1,0,0,0,0,0,0,0,0,0,0,0,0,-0.3141274696205671,-0.33330577829213853,1.1390127125639755,-0.1855248075978385,-0.4742099230391354,-0.3874704298882453,-0.5862324204293116,-0.3969791495649319,-0.36534343600724756,-0.5053533190578159,-0.6153846153846154,0.5384615384615384,1.3076923076923077,1.0384615384615385,0.7307692307692307,0.7692307692307693,-0.6153846153846154,-0.34615384615384615,-0.5384615384615384,0.38461538461538464
0,1,0,0,0.30166487202849335,-0.15384615384615385,-0.0011825025805229684,6,5,4,3,2,1,0,6,5,4,0,0,1,1,1,1,1,0,0,1,1,1,0,0,0,0,0,1,1,0,0,0,0,0,0,0,0,0,0,0,-0.12647763908407042,-0.3141274696205671,-0.337130592702658,1.117570001637465,-0.1855248075978385,-0.47246920629741407,-0.3906571264084217,-0.5729765227384666,-0.41047603360237195,-0.36534343600724756,-0.23076923076923078,-0.6153846153846154,0.5384615384615384,1.3076923076923077,1.0384615384615385,0.7307692307692307,0.7692307692307693,-0.5769230769230769,-0.34615384615384615,-0.5384615384615384
1,1,0,0,0.5448521494243354,0.23076923076923078,0.23001192716694618,0,6,5,4,3,2,1,0,6,5,1,0,0,1,1,1,1,1,0,0,0,1,1,0,0,0,0,0,1,1,0,0,0,0,0,0,0,0,0,0,0.30106638009423825,-0.12647763908407042,-0.31797919762258536,-0.3464876371377108,1.117570001637465,-0.18484378823721342,-0.47635496340159544,-0.3777704810375964,-0.5870532037555592,-0.41047603360237195,-0.11538461538461539,-0.23076923076923078,-0.6153846153846154,0.5384615384615384,1.3076923076923077,1.0384615384615385,0.7307692307692307,0.8076923076923077,-0.5769230769230769,-0.34615384615384615
2,1,0,0,-0.08432038432866727,0.5769230769230769,-0.21633610388746263,1,0,6,5,4,3,2,1,0,6,1,1,0,0,1,1,1,1,1,0,0,0,1,1,0,0,0,0,0,1,0,0,0,0,0,0,0,0,0,0,0.5437711829379185,0.30106638009423825,-0.13059270265808148,-0.32749304077288355,-0.3464876371377108,1.1134676564156945,-0.18636401019820703,-0.46330651781316695,-0.39120408499423487,-0.5870532037555592,0.2692307692307692,-0.11538461538461539,-0.23076923076923078,-0.6153846153846154,0.5384615384615384,1.3076923076923077,1.0384615384615385,0.7692307692307693,0.8076923076923077,-0.5769230769230769
3,1,0,0,0.23291642508075877,1.1538461538461537,0.04839505625204465,2,1,0,6,5,4,3,2,1,0,1,1,1,0,0,1,1,1,1,1,0,0,0,1,1,0,0,0,0,0,0,0,0,0,0,0,0,0,0,0,-0.08415309580887824,0.5437711829379185,0.29635132904077927,-0.1416407401342721,-0.32749304077288355,-0.34521575984990616,1.1226252158894645,-0.1738630766704974,-0.47702190742875966,-0.39120408499423487,0.6153846153846154,0.2692307692307692,-0.11538461538461539,-0.23076923076923078,-0.6153846153846154,0.5384615384615384,1.3076923076923077,1.0769230769230769,0.7692307692307693,0.8076923076923077
4,1,0,0,1.3007537480328004,1.4230769230769231,0.9968741892546936,3,2,1,0,6,5,4,3,2,1,1,1,1,1,0,0,1,1,1,1,0,0,0,0,1,1,0,0,0,0,0,0,0,0,0,0,0,0,0,0,0.23245432751921968,-0.08415309580887824,0.5387155357437675,0.2818077615850663,-0.1416407401342721,-0.3262908883269434,-0.3480549387285138,1.1326547364964703,-0.18662493823093393,-0.47702190742875966,1.1923076923076923,0.6153846153846154,0.2692307692307692,-0.11538461538461539,-0.23076923076923078,-0.6153846153846154,0.5384615384615384,1.3461538461538463,1.0769230769230769,0.7692307692307693
5,0,1,0,-0.5743394351031228,-0.11538461538461539,-0.6002910730685621,4,3,2,1,0,6,5,4,3,2,1,1,1,1,1,0,0,1,1,1,0,0,0,0,0,1,1,0,0,0,0,0,0,0,0,0,0,0,0,0,1.2981731007687856,0.23245432751921968,-0.08832755489516257,0.5221876535123628,0.2818077615850663,-0.14112080920140302,-0.3289744222386709,-0.3352487276309309,1.1241970021413277,-0.18662493823093393,1.4615384615384615,1.1923076923076923,0.6153846153846154,0.2692307692307692,-0.11538461538461539,-0.23076923076923078,-0.6153846153846154,0.5769230769230769,1.3461538461538463,1.0769230769230769
6,0,0,1,-0.34490184709682764,0.7307692307692307,-0.44979398131867715,5,4,3,2,1,0,6,5,4,3,0,1,1,1,1,1,0,0,1,1,1,0,0,0,0,0,1,1,0,0,0,0,0,0,0,0,0,0,0,0,-0.5731999669339506,1.2981731007687856,0.22783556215948494,-0.09972163091534303,0.5221876535123628,0.28077330940533485,-0.14228143761822515,-0.31620423575767526,-0.3485422500411794,1.1241970021413277,-0.07692307692307693,1.4615384615384615,1.1923076923076923,0.6153846153846154,0.2692307692307692,-0.11538461538461539,-0.23076923076923078,-0.5769230769230769,0.5769230769230769,1.3461538461538463
0,1,0,0,0.6533587343659405,0.7692307692307693,0.3992463734787901,6,5,4,3,2,1,0,6,5,4,0,0,1,1,1,1,1,0,0,1,0,1,0,0,0,0,0,1,1,0,1,0,0,0,0,0,0,0,0,0,-0.344217574605274,-0.5731999669339506,1.2920587749711074,0.21385295562469298,-0.09972163091534303,0.5202708214373113,0.28308249033637634,-0.12986373337711374,-0.3294350189425136,-0.3485422500411794,0.7692307692307693,-0.07692307692307693,1.4615384615384615,1.1923076923076923,0.6153846153846154,0.2692307692307692,-0.11538461538461539,-0.19230769230769232,-0.5769230769230769,0.5769230769230769
1,1,0,0,-0.20028162014412326,0.7692307692307693,-0.297486364887261,0,6,5,4,3,2,1,0,6,5,1,0,0,1,1,1,1,1,0,0,0,0,1,0,0,0,0,0,1,1,0,1,0,0,0,0,0,0,0,0,0.6520624948334297,-0.344217574605274,-0.576688129437015,1.2693630260356965,0.21385295562469298,-0.09935557549555427,0.5245497162595607,0.29469709407322286,-0.1424806456926371,-0.3294350189425136,0.8076923076923077,0.7692307692307693,-0.07692307692307693,1.4615384615384615,1.1923076923076923,0.6153846153846154,0.2692307692307692,-0.07692307692307693,-0.19230769230769232,-0.5769230769230769
2,1,0,0,0.18040255114718798,-0.8846153846153846,-0.0021700614977218148,1,0,6,5,4,3,2,1,0,6,1,1,0,0,1,1,1,1,1,0,0,0,0,1,0,0,0,0,0,1,0,0,1,0,0,0,0,0,0,0,-0.1998842688269819,0.6520624948334297,-0.34802707611028555,-0.5840838382184378,1.2693630260356965,0.2130679500774941,-0.10017271157167529,0.5357084222623544,0.28347883380003297,-0.1424806456926371,0.8076923076923077,0.8076923076923077,0.7692307692307693,-0.07692307692307693,1.4615384615384615,1.1923076923076923,0.6153846153846154,0.3076923076923077,-0.07692307692307693,-0.19230769230769232
3,1,0,0,0.3828377370993125,1.0384615384615385,0.09150153605684418,2,1,0,6,5,4,3,2,1,0,1,1,1,0,0,1,1,1,1,1,0,0,0,0,1,0,0,0,0,0,0,0,0,1,0,0,0,0,0,0,0.18004463916673558,-0.1998842688269819,0.6468548786527983,-0.35729490748321596,-0.5840838382184378,1.2647034831552326,0.21482029772185213,-0.08783450993268754,0.525284137703838,0.28347883380003297,-0.8461538461538461,0.8076923076923077,0.8076923076923077,0.7692307692307693,-0.07692307692307693,1.4615384615384615,1.1923076923076923,0.6538461538461539,0.3076923076923077,-0.07692307692307693
4,1,0,0,-0.3092851818106519,0.5769230769230769,-0.35120793572462283,3,2,1,0,6,5,4,3,2,1,1,1,1,1,0,0,1,1,1,1,0,0,0,0,0,1,0,0,0,0,0,0,0,0,1,0,0,0,0,0,0.3820782012069108,0.18004463916673558,-0.20389631830939403,0.6294416243654821,-0.35729490748321596,-0.5819397993311036,1.2751048605970883,0.2265637826301101,-0.10031296326799538,0.525284137703838,1.0769230769230769,-0.8461538461538461,0.8076923076923077,0.8076923076923077,0.7692307692307693,-0.07692307692307693,1.4615384615384615,1.2307692307692308,0.6538461538461539,0.3076923076923077
5,0,1,0,-0.5791435434440487,-0.9615384615384616,-0.6037259337232401,4,3,2,1,0,6,5,4,3,2,1,1,1,1,1,0,0,1,1,1,0,0,0,0,0,0,1,0,0,0,0,0,0,0,0,1,0,0,0,0,-0.3086715714639994,0.3820782012069108,0.17549942215618294,-0.21434419518585227,0.6294416243654821,-0.35598335916469526,-0.5867258820626696,1.2848464948284353,0.2151210673694614,-0.10031296326799538,0.6153846153846154,1.0769230769230769,-0.8461538461538461,0.8076923076923077,0.8076923076923077,0.7692307692307693,-0.07692307692307693,1.5,1.2307692307692308,0.6538461538461539
6,0,1,0,-0.2716806096247826,-0.15384615384615385,-0.2827634489969886,5,4,3,2,1,0,6,5,4,3,0,1,1,1,1,1,0,0,1,1,1,0,0,0,0,0,0,1,0,0,0,0,0,0,0,0,1,0,0,0,-0.5779945441018435,-0.3086715714639994,0.3772494634307413,0.16194530866219092,-0.21434419518585227,0.6271310873643853,-0.35891109466238996,-0.573469052700706,1.2768901334211826,0.2151210673694614,-0.9230769230769231,0.6153846153846154,1.0769230769230769,-0.8461538461538461,0.8076923076923077,0.8076923076923077,0.7692307692307693,-0.038461538461538464,1.5,1.2307692307692308
0,1,0,0,-0.5791435434440487,-0.15384615384615385,-0.6034656197296995,6,5,4,3,2,1,0,6,5,4,0,0,1,1,1,1,1,0,0,1,1,1,0,0,0,0,0,0,1,0,0,0,0,0,0,0,0,1,0,0,-0.2711416053567,-0.5779945441018435,-0.3125309559187716,0.3620435565744227,0.16194530866219092,-0.21355738640998448,0.6322888395427254,-0.346084386800197,-0.587547356283973,1.2768901334211826,-0.11538461538461539,-0.9230769230769231,0.6153846153846154,1.0769230769230769,-0.8461538461538461,0.8076923076923077,0.8076923076923077,0.8076923076923077,-0.038461538461538464,1.5
1,1,0,0,-0.4108340926033298,0.5769230769230769,-0.421777541847955,0,6,5,4,3,2,1,0,6,5,1,0,0,1,1,1,1,1,0,0,0,1,1,0,0,0,0,0,0,1,0,0,0,0,0,0,0,0,1,0,-0.5779945441018435,-0.2711416053567,-0.5814759782070331,-0.322089405600131,0.3620435565744227,0.16135084427767354,-0.2153137593552101,0.6432441306846167,-0.35941360566628233,-0.587547356283973,-0.11538461538461539,-0.11538461538461539,-0.9230769230769231,0.6153846153846154,1.0769230769230769,-0.8461538461538461,0.8076923076923077,0.8461538461538461,0.8076923076923077,-0.038461538461538464
2,1,0,0,-0.3511968856125238,0.7307692307692307,-0.35089217368313075,1,0,6,5,4,3,2,1,0,6,1,1,0,0,1,1,1,1,1,0,0,0,1,1,0,0,0,0,0,0,0,0,0,0,0,0,0,0,0,1,-0.4100190129784244,-0.5779945441018435,-0.2750536569258708,-0.5888324873096447,-0.322089405600131,0.36071457704543597,0.16267785179702277,-0.20275816778854044,0.633174106407511,-0.35941360566628233,0.6153846153846154,-0.11538461538461539,-0.11538461538461539,-0.9230769230769231,0.6153846153846154,1.0769230769230769,-0.8461538461538461,0.8461538461538461,0.8461538461538461,0.8076923076923077
3,1,0,0,-0.4446285098981198,-0.6153846153846154,-0.4688984603244411,2,1,0,6,5,4,3,2,1,0,1,1,1,0,0,1,1,1,1,1,0,0,0,1,1,0,0,0,0,0,0,0,0,0,0,0,0,0,0,0,-0.3505001239976854,-0.4100190129784244,-0.5814759782070331,-0.28491894547240865,-0.5888324873096447,-0.32090708866954887,0.3636812237848507,0.17451978328681667,-0.21561521989787513,0.633174106407511,0.7692307692307693,0.6153846153846154,-0.11538461538461539,-0.11538461538461539,-0.9230769230769231,0.6153846153846154,1.0769230769230769,-0.8076923076923077,0.8461538461538461,0.8461538461538461
4,1,0,0,-0.11761782489853395,0.8846153846153846,-0.11101166130814785,3,2,1,0,6,5,4,3,2,1,1,1,1,1,0,0,1,1,1,1,0,0,0,0,1,1,0,0,0,0,0,0,0,0,0,0,0,0,0,0,-0.44374638340084316,-0.3505001239976854,-0.4137361730229486,-0.5888324873096447,-0.28491894547240865,-0.5866710172118443,-0.32354634427173284,0.37514365457231985,0.16290561686707297,-0.21561521989787513,-0.5769230769230769,0.7692307692307693,0.6153846153846154,-0.11538461538461539,-0.11538461538461539,-0.9230769230769231,0.6153846153846154,1.1153846153846154,-0.8076923076923077,0.8461538461538461
5,0,1,0,0.4207736271017974,0.23076923076923078,0.3154602873784776,4,3,2,1,0,6,5,4,3,2,1,1,1,1,1,0,0,1,1,1,0,0,0,0,0,1,1,0,0,0,0,0,0,0,0,0,0,0,0,0,-0.11738447548979088,-0.44374638340084316,-0.3543008089813438,-0.42246602259701976,-0.5888324873096447,-0.28387307284444074,-0.5914960111851303,-0.3107864061730422,0.36419041344094877,0.16290561686707297,0.9230769230769231,-0.5769230769230769,0.7692307692307693,0.6153846153846154,-0.11538461538461539,-0.11538461538461539,-0.9230769230769231,0.6538461538461539,1.1153846153846154,-0.8076923076923077
6,0,1,0,-0.2683674314586267,1.0384615384615385,-0.25307422946911995,5,4,3,2,1,0,6,5,4,3,0,1,1,1,1,1,0,0,1,1,1,0,0,0,0,0,1,1,0,0,0,0,0,0,0,0,0,0,0,0,0.4199388278085476,-0.11738447548979088,-0.4474162126465246,-0.36351727525790073,-0.42246602259701976,-0.5866710172118443,-0.28620774734764365,-0.5782301756690199,-0.32399934112996215,0.36419041344094877,0.2692307692307692,0.9230769230769231,-0.5769230769230769,0.7692307692307693,0.6153846153846154,-0.11538461538461539,-0.11538461538461539,-0.8846153846153846,0.6538461538461539,1.1153846153846154
0,1,0,0,-0.5605897457135759,0.038461538461538464,-0.5873862694874353,6,5,4,3,2,1,0,6,5,4,0,0,1,1,1,1,1,0,0,1,1,1,0,0,0,0,0,1,1,0,0,0,0,0,0,0,0,0,0,0,-0.2678350004133256,0.4199388278085476,-0.12151229981839191,-0.4558703127558539,-0.36351727525790073,-0.42091524594175705,-0.5914960111851303,-0.27351830569692986,-0.5923241640586394,-0.32399934112996215,1.0769230769230769,0.2692307692307692,0.9230769230769231,-0.5769230769230769,0.7692307692307693,0.6153846153846154,-0.11538461538461539,-0.07692307692307693,-0.8846153846153846,0.6538461538461539
1,1,0,0,-0.4277313012507248,-0.46153846153846156,-0.47623569622757744,0,6,5,4,3,2,1,0,6,5,1,0,0,1,1,1,1,1,0,0,0,1,1,0,0,0,0,0,1,1,0,0,0,0,0,0,0,0,0,0,-0.5594775564189469,-0.2678350004133256,0.41505695889053984,-0.13263468151301785,-0.4558703127558539,-0.3621828860429072,-0.4243770046878855,-0.5782301756690199,-0.2866084664799868,-0.5923241640586394,0.07692307692307693,1.0769230769230769,0.2692307692307692,0.9230769230769231,-0.5769230769230769,0.7692307692307693,0.6153846153846154,-0.07692307692307693,-0.07692307692307693,-0.8846153846153846
2,0,0,1,-0.21535658080013254,-0.5,-0.24201730504393382,1,0,6,5,4,3,2,1,0,6,1,1,0,0,1,1,1,1,1,0,0,0,1,1,0,0,0,0,0,1,0,0,0,0,0,0,0,0,0,0,-0.4268826981896338,-0.5594775564189469,-0.2717516922568928,0.3995415097429179,-0.13263468151301785,-0.4541969165511052,-0.3651616086849247,-0.41142669512395336,-0.5923241640586394,-0.2866084664799868,-0.4230769230769231,0.07692307692307693,1.0769230769230769,0.2692307692307692,0.9230769230769231,-0.5769230769230769,0.7692307692307693,0.6538461538461539,-0.07692307692307693,-0.07692307692307693
3,1,0,0,-0.5748364118280461,-0.7692307692307693,-0.5995755014181567,2,1,0,6,5,4,3,2,1,0,0,1,1,0,0,1,1,1,1,1,0,0,0,1,1,0,0,0,0,0,1,0,0,0,0,0,0,0,0,0,-0.21492932131933537,-0.4268826981896338,-0.5629849760607561,-0.28164401506467984,0.3995415097429179,-0.1321478097724121,-0.4579323957562299,-0.352323099655229,-0.42497117443584254,-0.5923241640586394,-0.46153846153846156,-0.4230769230769231,0.07692307692307693,1.0769230769230769,0.2692307692307692,0.9230769230769231,-0.5769230769230769,0.8076923076923077,0.6538461538461539,-0.07692307692307693
4,1,0,0,-0.3826720781910048,-1.1538461538461537,-0.3783833158574705,3,2,1,0,6,5,4,3,2,1,1,0,1,1,0,0,1,1,1,1,0,0,0,0,1,1,0,0,0,0,0,1,0,0,0,0,0,0,0,0,-0.5736959576754568,-0.21492932131933537,-0.4305761928347366,-0.5704928770263632,-0.28164401506467984,0.39807488375887096,-0.13323464100666174,-0.4449187325562305,-0.36567287102619006,-0.42497117443584254,-0.7307692307692307,-0.46153846153846156,-0.4230769230769231,0.07692307692307693,1.0769230769230769,0.2692307692307692,0.9230769230769231,-0.5384615384615384,0.8076923076923077,0.6538461538461539
5,0,1,0,-0.44744471133935226,-0.8461538461538461,-0.4946047590184061,4,3,2,1,0,6,5,4,3,2,1,1,0,1,1,0,0,1,1,1,0,0,0,0,0,1,1,0,0,0,0,0,1,0,0,0,0,0,0,0,-0.38191287095974213,-0.5736959576754568,-0.21892025755324412,-0.43916816767643685,-0.5704928770263632,-0.28061016396117133,0.4013487951311785,-0.12083401740272533,-0.4585735463679789,-0.36567287102619006,-1.1153846153846154,-0.7307692307692307,-0.46153846153846156,-0.4230769230769231,0.07692307692307693,1.0769230769230769,0.2692307692307692,0.9615384615384616,-0.5384615384615384,0.8076923076923077
6,0,1,0,-0.3130953367017311,-0.5769230769230769,-0.30099885280907107,5,4,3,2,1,0,6,5,4,3,0,1,1,0,1,1,0,0,1,1,1,0,0,0,0,0,1,1,0,0,0,0,0,1,0,0,0,0,0,0,-0.4465569976027114,-0.38191287095974213,-0.5771834241373617,-0.22924512854101847,-0.43916816767643685,-0.5683987274655355,-0.28291800312525694,0.41274010835659175,-0.133421182671718,-0.4585735463679789,-0.8076923076923077,-1.1153846153846154,-0.7307692307692307,-0.46153846153846156,-0.4230769230769231,0.07692307692307693,1.0769230769230769,0.3076923076923077,0.9615384615384616,-0.5384615384615384
0,1,0,0,-0.5793092023523565,-0.8846153846153846,-0.6038934451944198,6,5,4,3,2,1,0,6,5,4,0,0,1,1,0,1,1,0,0,1,1,1,0,0,0,0,0,1,1,0,0,0,0,0,1,0,0,0,0,0,-0.3124741671488799,-0.4465569976027114,-0.38566947333663526,-0.5845750777795972,-0.22924512854101847,-0.43755608124643114,-0.5730734435397647,-0.2702347726153341,0.40191072310986653,-0.133421182671718,-0.5384615384615384,-0.8076923076923077,-1.1153846153846154,-0.7307692307692307,-0.46153846153846156,-0.4230769230769231,0.07692307692307693,1.1153846153846154,0.3076923076923077,0.9615384615384616
1,1,0,0,-0.5566139319141887,-0.7307692307692307,-0.5891220852201478,0,6,5,4,3,2,1,0,6,5,1,0,0,1,1,0,1,1,0,0,0,1,1,0,0,0,0,0,1,1,0,0,0,0,0,1,0,0,0,0,-0.5781598743490122,-0.3124741671488799,-0.4502228826151559,-0.3946291141313247,-0.5845750777795972,-0.2284036218288604,-0.44115470022205766,-0.5598423904120835,-0.2833141162905617,0.40191072310986653,-0.8461538461538461,-0.5384615384615384,-0.8076923076923077,-1.1153846153846154,-0.7307692307692307,-0.46153846153846156,-0.4230769230769231,0.11538461538461539,1.1153846153846154,0.3076923076923077
2,0,0,1,-0.23192247163091198,-0.5769230769230769,-0.4256898393786784,1,0,6,5,4,3,2,1,0,6,1,1,0,0,1,1,0,1,1,0,0,0,1,1,0,0,0,0,0,1,0,0,0,0,0,0,1,0,0,0,-0.5555096304868976,-0.5781598743490122,-0.31632821528809635,-0.45865400360242337,-0.3946291141313247,-0.5824292356635941,-0.23028209556706963,-0.4281727138400919,-0.5738758029978587,-0.2833141162905617,-0.6923076923076923,-0.8461538461538461,-0.5384615384615384,-0.8076923076923077,-1.1153846153846154,-0.7307692307692307,-0.46153846153846156,-0.38461538461538464,0.11538461538461539,1.1153846153846154
3,1,0,0,-0.46384494326182396,-0.8461538461538461,-0.49775829378768827,2,1,0,6,5,4,3,2,1,0,0,1,1,0,0,1,1,0,1,1,0,0,0,1,1,0,0,0,0,0,1,0,0,0,0,0,0,1,0,0,-0.23146234603620733,-0.5555096304868976,-0.581641076440482,-0.3258555755690191,-0.45865400360242337,-0.39318052043396684,-0.5872193436960276,-0.21769824330980134,-0.4417723604019107,-0.5738758029978587,-0.5384615384615384,-0.6923076923076923,-0.8461538461538461,-0.5384615384615384,-0.8076923076923077,-1.1153846153846154,-0.7307692307692307,-0.4230769230769231,-0.38461538461538464,0.11538461538461539
4,1,0,0,-0.08282945415389713,-0.6923076923076923,-0.13974600708392587,3,2,1,0,6,5,4,3,2,1,1,0,1,1,0,0,1,1,0,1,0,0,0,0,1,1,0,0,0,0,0,1,0,0,0,0,0,0,1,0,-0.46292469207241466,-0.23146234603620733,-0.5590226184579824,-0.588996233830031,-0.3258555755690191,-0.45697038910188426,-0.39641417879759844,-0.5739615826629454,-0.2306045132597595,-0.4417723604019107,-0.8076923076923077,-0.5384615384615384,-0.6923076923076923,-0.8461538461538461,-0.5384615384615384,-0.8076923076923077,-1.1153846153846154,-0.6923076923076923,-0.4230769230769231,-0.38461538461538464
5,0,1,0,-0.44727905243104454,-0.6538461538461539,-0.47942366715295576,4,3,2,1,0,6,5,4,3,2,1,1,0,1,1,0,0,1,1,0,0,0,0,0,0,1,1,0,0,0,0,0,1,0,0,0,0,0,0,1,-0.08266512358435976,-0.46292469207241466,-0.23543008089813433,-0.5665629605370885,-0.588996233830031,-0.32465943388530866,-0.46072867834525855,-0.38351666393038913,-0.5880415088123868,-0.2306045132597595,-0.6538461538461539,-0.8076923076923077,-0.5384615384615384,-0.6923076923076923,-0.8461538461538461,-0.5384615384615384,-0.8076923076923077,-1.0769230769230769,-0.6923076923076923,-0.4230769230769231
6,0,1,0,-0.43071316160026507,-1.1153846153846154,-0.4336422567822447,5,4,3,2,1,0,6,5,4,3,0,1,1,0,1,1,0,0,1,1,1,0,0,0,0,0,1,1,0,0,0,0,0,1,0,0,0,0,0,0,-0.4463916673555427,-0.08266512358435976,-0.4665676077265972,-0.24561978057966266,-0.5665629605370885,-0.5868341626560077,-0.3273295501274775,-0.4477097356755869,-0.39696919782572887,-0.5880415088123868,-0.6153846153846154,-0.6538461538461539,-0.8076923076923077,-0.5384615384615384,-0.6923076923076923,-0.8461538461538461,-0.5384615384615384,-0.7692307692307693,-1.0769230769230769,-0.6923076923076923
0,0,0,1,-0.5798061790772799,-1.1538461538461537,-0.5997126623788789,6,5,4,3,2,1,0,6,5,4,0,0,1,1,0,1,1,0,0,1,1,1,0,0,0,0,0,1,1,0,0,0,0,0,1,0,0,0,0,0,-0.42985864263867074,-0.4463916673555427,-0.08684167079412246,-0.47486490912068113,-0.24561978057966266,-0.5644832368056122,-0.5916604983962496,-0.3145624692168773,-0.46137374402899023,-0.39696919782572887,-1.0769230769230769,-0.6153846153846154,-0.6538461538461539,-0.8076923076923077,-0.5384615384615384,-0.6923076923076923,-0.8461538461538461,-0.5,-0.7692307692307693,-1.0769230769230769
1,1,0,0,-0.5798061790772799,-0.8076923076923077,-0.6040183492182263,0,6,5,4,3,2,1,0,6,5,0,0,0,1,1,0,1,1,0,0,0,1,1,0,0,0,0,0,1,1,1,0,0,0,0,1,0,0,0,0,-0.5786558650905184,-0.42985864263867074,-0.450057784381707,-0.09824791223186506,-0.47486490912068113,-0.24471816624520756,-0.5691257504729007,-0.5783943523230997,-0.327787843847801,-0.46137374402899023,-1.1153846153846154,-1.0769230769230769,-0.6153846153846154,-0.6538461538461539,-0.8076923076923077,-0.5384615384615384,-0.6923076923076923,-0.8076923076923077,-0.5,-0.7692307692307693
2,1,0,0,-0.4804108340926034,-0.6923076923076923,-0.4915411084531716,1,0,6,5,4,3,2,1,0,6,1,0,0,0,1,1,0,1,1,0,0,0,1,1,0,0,0,0,0,1,0,1,0,0,0,0,1,0,0,0,-0.5786558650905184,-0.5786558650905184,-0.4335479610368168,-0.45849025708203694,-0.09824791223186506,-0.47312178807406796,-0.24673081667900318,-0.5559021507141685,-0.5924888815681106,-0.327787843847801,-0.7692307692307693,-1.1153846153846154,-1.0769230769230769,-0.6153846153846154,-0.6538461538461539,-0.8076923076923077,-0.5384615384615384,-0.6538461538461539,-0.8076923076923077,-0.5
3,1,0,0,-0.44727905243104454,-0.7692307692307693,-0.44916187357203036,2,1,0,6,5,4,3,2,1,0,1,1,0,0,0,1,1,0,1,1,0,0,0,1,1,0,0,0,0,0,0,0,1,0,0,0,0,1,0,0,-0.4794577167892866,-0.5786558650905184,-0.5821363711408287,-0.44211560504339276,-0.45849025708203694,-0.09788726649808303,-0.4770129122460728,-0.23411590871778032,-0.5699225827705485,-0.5924888815681106,-0.6538461538461539,-0.7692307692307693,-1.1153846153846154,-1.0769230769230769,-0.6153846153846154,-0.6538461538461539,-0.8076923076923077,-0.5,-0.6538461538461539,-0.8076923076923077
4,1,0,0,-0.41414727076948565,-0.46153846153846156,-0.3911807253246702,3,2,1,0,6,5,4,3,2,1,1,1,1,0,0,0,1,1,0,1,0,0,0,0,1,1,0,0,0,0,0,0,0,1,0,0,0,0,1,0,-0.4463916673555427,-0.4794577167892866,-0.5821363711408287,-0.5894874733911903,-0.44211560504339276,-0.4568072436577208,-0.09869232667160127,-0.4639632244294861,-0.2470762642068852,-0.5699225827705485,-0.7307692307692307,-0.6538461538461539,-0.7692307692307693,-1.1153846153846154,-1.0769230769230769,-0.6153846153846154,-0.6538461538461539,-0.7692307692307693,-0.5,-0.6538461538461539
5,0,1,0,-0.4804108340926034,-0.9230769230769231,-0.4844029018589979,4,3,2,1,0,6,5,4,3,2,1,1,1,1,0,0,0,1,1,0,0,0,0,0,0,1,1,0,0,0,0,0,0,0,1,0,0,0,0,1,-0.4133256179217988,-0.4463916673555427,-0.48307743107148743,-0.5894874733911903,-0.5894874733911903,-0.44049269924137363,-0.46056419113413927,-0.08635692004596944,-0.4776807774666447,-0.2470762642068852,-0.4230769230769231,-0.7307692307692307,-0.6538461538461539,-0.7692307692307693,-1.1153846153846154,-1.0769230769230769,-0.6153846153846154,-0.6153846153846154,-0.7692307692307693,-0.5
6,0,1,0,-0.23192247163091198,-0.38461538461538464,-0.1357239807846249,5,4,3,2,1,0,6,5,4,3,0,1,1,1,1,0,0,0,1,1,1,0,0,0,0,0,1,1,0,0,0,0,0,0,0,1,0,0,0,0,-0.4794577167892866,-0.4133256179217988,-0.450057784381707,-0.4912395611593253,-0.5894874733911903,-0.5873235989884982,-0.4441154700222057,-0.4475455590215071,-0.09883050568275407,-0.4776807774666447,-0.8846153846153846,-0.4230769230769231,-0.7307692307692307,-0.6538461538461539,-0.7692307692307693,-1.1153846153846154,-1.0769230769230769,-0.5769230769230769,-0.6153846153846154,-0.7692307692307693
0,1,0,0,-0.28162014412325026,-0.9230769230769231,-0.2946596817690612,6,5,4,3,2,1,0,6,5,4,0,0,1,1,1,1,0,0,0,1,1,1,0,0,0,0,0,1,1,0,0,0,0,0,0,0,1,0,0,0,-0.23146234603620733,-0.4794577167892866,-0.4170381376919266,-0.45849025708203694,-0.4912395611593253,-0.5873235989884982,-0.5921539600296076,-0.43112789361352816,-0.461209026519519,-0.09883050568275407,-0.34615384615384615,-0.8846153846153846,-0.4230769230769231,-0.7307692307692307,-0.6538461538461539,-0.7692307692307693,-1.1153846153846154,-1.0384615384615385,-0.5769230769230769,-0.6153846153846154
1,1,0,0,-0.19879068996935312,-0.6153846153846154,-0.2008229073979661,0,6,5,4,3,2,1,0,6,5,1,0,0,1,1,1,1,0,0,0,0,1,1,0,0,0,0,0,1,1,0,0,0,0,0,0,0,1,0,0,-0.2810614201868232,-0.23146234603620733,-0.48307743107148743,-0.4257409530047486,-0.45849025708203694,-0.4894363324904151,-0.5921539600296076,-0.578886882285339,-0.44473727557239334,-0.461209026519519,-0.8846153846153846,-0.34615384615384615,-0.8846153846153846,-0.4230769230769231,-0.7307692307692307,-0.6538461538461539,-0.7692307692307693,-1.0769230769230769,-1.0384615384615385,-0.5769230769230769
2,1,0,0,-0.11596123581545599,-0.15384615384615385,-0.13231947064040453,1,0,6,5,4,3,2,1,0,6,1,1,0,0,1,1,1,1,0,0,0,0,1,1,0,0,0,0,0,1,0,0,0,0,0,0,0,0,1,0,-0.1983962966024634,-0.2810614201868232,-0.23543008089813433,-0.4912395611593253,-0.4257409530047486,-0.4568072436577208,-0.49346163335800636,-0.578886882285339,-0.5929830340965244,-0.44473727557239334,-0.5769230769230769,-0.8846153846153846,-0.34615384615384615,-0.8846153846153846,-0.4230769230769231,-0.7307692307692307,-0.6538461538461539,-0.7307692307692307,-1.0769230769230769,-1.0384615384615385
3,1,0,0,-0.1822247991385737,-0.07692307692307693,-0.15755883840425186,2,1,0,6,5,4,3,2,1,0,1,1,1,0,0,1,1,1,1,0,0,0,0,1,1,0,0,0,0,0,0,0,0,0,0,0,0,0,0,1,-0.11573117301810366,-0.1983962966024634,-0.28495955093280495,-0.24561978057966266,-0.4912395611593253,-0.42417815482502647,-0.46056419113413927,-0.48038088983746513,-0.5929830340965244,-0.5929830340965244,-0.11538461538461539,-0.5769230769230769,-0.8846153846153846,-0.34615384615384615,-0.8846153846153846,-0.4230769230769231,-0.7307692307692307,-0.6153846153846154,-0.7307692307692307,-1.0769230769230769
4,1,0,0,-0.3810154891079268,-0.11538461538461539,-0.3897711775793775,3,2,1,0,6,5,4,3,2,1,1,1,1,1,0,0,1,1,1,1,0,0,0,0,1,1,0,0,0,0,0,0,0,0,0,0,0,0,0,0,-0.18186327188559148,-0.11573117301810366,-0.20241043420835392,-0.29474373669559517,-0.24561978057966266,-0.4894363324904151,-0.4276667489102722,-0.4475455590215071,-0.4941525284137704,-0.5929830340965244,-0.038461538461538464,-0.11538461538461539,-0.5769230769230769,-0.8846153846153846,-0.34615384615384615,-0.8846153846153846,-0.4230769230769231,-0.6923076923076923,-0.6153846153846154,-0.7307692307692307
5,0,1,0,-0.41414727076948565,-0.8076923076923077,-0.4339731940789656,4,3,2,1,0,6,5,4,3,2,1,1,1,1,1,0,0,1,1,1,0,0,0,0,0,1,1,0,0,0,0,0,0,0,0,0,0,0,0,0,-0.38025956848805487,-0.18186327188559148,-0.11986131748390287,-0.2128704765023743,-0.29474373669559517,-0.24471816624520756,-0.49346163335800636,-0.41471022820554915,-0.461209026519519,-0.4941525284137704,-0.07692307692307693,-0.038461538461538464,-0.11538461538461539,-0.5769230769230769,-0.8846153846153846,-0.34615384615384615,-0.8846153846153846,-0.38461538461538464,-0.6923076923076923,-0.6153846153846154
6,0,1,0,-0.08282945415389713,-0.11538461538461539,-0.04035742395373181,5,4,3,2,1,0,6,5,4,3,0,1,1,1,1,1,0,0,1,1,1,0,0,0,0,0,1,1,0,0,0,0,0,0,0,0,0,0,0,0,-0.4133256179217988,-0.38025956848805487,-0.1859006108634637,-0.13099721630915342,-0.2128704765023743,-0.2936617994942491,-0.24673081667900318,-0.48038088983746513,-0.4282655246252677,-0.461209026519519,-0.7692307692307693,-0.07692307692307693,-0.038461538461538464,-0.11538461538461539,-0.5769230769230769,-0.8846153846153846,-0.34615384615384615,-0.8461538461538461,-0.38461538461538464,-0.6923076923076923
0,1,0,0,0.1822247991385737,-0.8076923076923077,0.2588233165461936,6,5,4,3,2,1,0,6,5,4,0,0,1,1,1,1,1,0,0,1,1,1,0,0,0,0,0,1,1,0,0,0,0,0,0,0,0,0,0,0,-0.08266512358435976,-0.4133256179217988,-0.3840184910021462,-0.19649582446373012,-0.13099721630915342,-0.21208907741251323,-0.2960769800148038,-0.23411590871778032,-0.4941525284137704,-0.4282655246252677,-0.07692307692307693,-0.7692307692307693,-0.07692307692307693,-0.038461538461538464,-0.11538461538461539,-0.5769230769230769,-0.8846153846153846,-0.3076923076923077,-0.8461538461538461,-0.38461538461538464
1,1,0,0,-0.033131781661558855,0.46153846153846156,0.08232459228904425,0,6,5,4,3,2,1,0,6,5,1,0,0,1,1,1,1,1,0,0,0,1,1,0,0,0,0,0,1,1,0,0,0,0,0,0,0,0,0,0,0.18186327188559148,-0.08266512358435976,-0.4170381376919266,-0.39299164892746025,-0.19649582446373012,-0.13051635533077738,-0.2138333744551361,-0.2833689049417173,-0.2470762642068852,-0.4941525284137704,-0.7692307692307693,-0.07692307692307693,-0.7692307692307693,-0.07692307692307693,-0.038461538461538464,-0.11538461538461539,-0.5769230769230769,-0.8461538461538461,-0.3076923076923077,-0.8461538461538461
2,1,0,0,1.590325519754825,0.15384615384615385,1.9613433719592217,1,0,6,5,4,3,2,1,0,6,1,1,0,0,1,1,1,1,1,0,0,0,1,1,0,0,0,0,0,1,0,0,0,0,0,0,0,0,0,0,-0.0330660494337439,0.18186327188559148,-0.08684167079412246,-0.4257409530047486,-0.39299164892746025,-0.19577453299616607,-0.13158976889546836,-0.20128057790182233,-0.2964915170482622,-0.2470762642068852,0.5,-0.7692307692307693,-0.07692307692307693,-0.7692307692307693,-0.07692307692307693,-0.038461538461538464,-0.11538461538461539,-0.5384615384615384,-0.8461538461538461,-0.3076923076923077
3,1,0,0,-0.09939534498467656,-0.34615384615384615,0.07176086365879489,2,1,0,6,5,4,3,2,1,0,1,1,1,0,0,1,1,1,1,1,0,0,0,1,1,0,0,0,0,0,0,0,0,0,0,0,0,0,0,0,1.5871703728197073,-0.0330660494337439,0.17731550272412086,-0.09824791223186506,-0.4257409530047486,-0.39154906599233213,-0.19738465334320254,-0.1191922508619274,-0.21413276231263384,-0.2964915170482622,0.19230769230769232,0.5,-0.7692307692307693,-0.07692307692307693,-0.7692307692307693,-0.07692307692307693,-0.038461538461538464,-0.07692307692307693,-0.5384615384615384,-0.8461538461538461
4,1,0,0,0.1822247991385737,0.46153846153846156,0.29956654218093515,3,2,1,0,6,5,4,3,2,1,1,1,1,1,0,0,1,1,1,1,0,0,0,0,1,1,0,0,0,0,0,0,0,0,0,0,0,0,0,0,-0.0991981483012317,1.5871703728197073,-0.03731220075945184,0.16374652038644177,-0.09824791223186506,-0.42417815482502647,-0.3947693066864051,-0.18486291249384335,-0.13177400757700544,-0.21413276231263384,-0.3076923076923077,0.19230769230769232,0.5,-0.7692307692307693,-0.07692307692307693,-0.7692307692307693,-0.07692307692307693,0.0,-0.07692307692307693,-0.5384615384615384
5,0,1,0,-0.06626356332311771,0.038461538461538464,0.06398879832698648,4,3,2,1,0,6,5,4,3,2,1,1,1,1,1,0,0,1,1,1,0,0,0,0,0,1,1,0,0,0,0,0,0,0,0,0,0,0,0,0,0.18186327188559148,-0.0991981483012317,1.5806504870397886,-0.04912395611593253,0.16374652038644177,-0.09788726649808303,-0.4276667489102722,-0.3818748973895912,-0.19766101136550815,-0.13177400757700544,0.5,-0.3076923076923077,0.19230769230769232,0.5,-0.7692307692307693,-0.07692307692307693,-0.7692307692307693,-0.038461538461538464,0.0,-0.07692307692307693
6,0,1,0,1.822247991385737,-0.038461538461538464,2.7324202693549435,5,4,3,2,1,0,6,5,4,3,0,1,1,1,1,1,0,0,1,1,1,0,0,0,0,0,1,1,0,0,0,0,0,0,0,0,0,0,0,0,-0.0661320988674878,0.18186327188559148,-0.10335149413901266,1.555591943671197,-0.04912395611593253,0.1631454441634717,-0.09869232667160127,-0.41471022820554915,-0.3953220227310163,-0.19766101136550815,0.07692307692307693,0.5,-0.3076923076923077,0.19230769230769232,0.5,-0.7692307692307693,-0.07692307692307693,-0.7307692307692307,-0.038461538461538464,0.0
0,1,0,0,-0.44727905243104454,-0.6923076923076923,-0.4185913219135647,6,5,4,3,2,1,0,6,5,4,0,0,1,1,1,1,1,0,0,1,1,1,0,0,0,0,0,1,1,0,0,0,0,0,0,0,0,0,0,0,1.8186327188559146,-0.0661320988674878,0.17731550272412086,-0.11462256427050924,1.555591943671197,-0.04894363324904152,0.16448721111933545,-0.08635692004596944,-0.4282655246252677,-0.3953220227310163,0.0,0.07692307692307693,0.5,-0.3076923076923077,0.19230769230769232,0.5,-0.7692307692307693,-0.038461538461538464,-0.7307692307692307,-0.038461538461538464
1,1,0,0,0.04969767249233828,0.8846153846153846,0.1364967514739696,0,6,5,4,3,2,1,0,6,5,1,0,0,1,1,1,1,1,0,0,0,1,1,0,0,0,0,0,1,1,0,0,0,0,0,0,0,0,0,0,-0.4463916673555427,1.8186327188559146,-0.07033184744923225,0.16374652038644177,-0.11462256427050924,1.5498817195529813,-0.049346163335800636,0.17632572648169434,-0.09883050568275407,-0.4282655246252677,-0.6538461538461539,0.0,0.07692307692307693,0.5,-0.3076923076923077,0.19230769230769232,0.5,-0.7307692307692307,-0.038461538461538464,-0.7307692307692307
2,1,0,0,0.16565890830779426,0.0,0.3515026858742596,1,0,6,5,4,3,2,1,0,6,1,1,0,0,1,1,1,1,1,0,0,0,1,1,0,0,0,0,0,1,0,0,0,0,0,0,0,0,0,0,0.04959907415061585,-0.4463916673555427,1.8117880138682516,-0.08187326019322089,0.16374652038644177,-0.1142018109144302,1.5626285056336868,-0.037103923822032474,0.1647175094712568,-0.09883050568275407,0.9230769230769231,-0.6538461538461539,0.0,0.07692307692307693,0.5,-0.3076923076923077,0.19230769230769232,0.5384615384615384,-0.7307692307692307,-0.038461538461538464
3,1,0,0,0.9111239956928685,0.19230769230769232,0.8242416530989184,2,1,0,6,5,4,3,2,1,0,1,1,1,0,0,1,1,1,1,1,0,0,0,1,1,0,0,0,0,0,0,0,0,0,0,0,0,0,0,0,0.16533024716871952,0.04959907415061585,-0.450057784381707,1.7848370722122153,-0.08187326019322089,0.1631454441634717,-0.11514104778353482,1.5718272861599083,-0.04941525284137704,0.1647175094712568,0.038461538461538464,0.9230769230769231,-0.6538461538461539,0.0,0.07692307692307693,0.5,-0.3076923076923077,0.23076923076923078,0.5384615384615384,-0.7307692307692307
4,1,0,0,-0.5301085065849417,-0.4230769230769231,-0.570346208856454,3,2,1,0,6,5,4,3,2,1,1,1,1,1,0,0,1,1,1,1,0,0,0,0,1,1,0,0,0,0,0,0,0,0,0,0,0,0,0,0,0.9093163594279573,0.16533024716871952,0.0452369159649992,-0.45849025708203694,1.7848370722122153,-0.08157272208173585,0.16448721111933545,-0.10277458545394842,1.5648163399769395,-0.04941525284137704,0.23076923076923078,0.038461538461538464,0.9230769230769231,-0.6538461538461539,0.0,0.07692307692307693,0.5,-0.2692307692307692,0.23076923076923078,0.5384615384615384
5,0,1,0,-0.5798061790772799,-0.6923076923076923,-0.6021891472994904,4,3,2,1,0,6,5,4,3,2,1,1,1,1,1,0,0,1,1,1,0,0,0,0,0,1,1,0,0,0,0,0,0,0,0,0,0,0,0,0,-0.5290567909399024,0.9093163594279573,0.16080567937923065,0.032749304077288356,-0.45849025708203694,1.7782853413818416,-0.08224360555966773,0.17632572648169434,-0.11530225662987975,1.5648163399769395,-0.38461538461538464,0.23076923076923078,0.038461538461538464,0.9230769230769231,-0.6538461538461539,0.0,0.07692307692307693,0.5384615384615384,-0.2692307692307692,0.23076923076923078
6,0,1,0,0.23192247163091198,-0.3076923076923077,0.36595711647971435,5,4,3,2,1,0,6,5,4,3,0,1,1,1,1,1,0,0,1,1,1,0,0,0,0,0,1,1,0,0,0,0,0,0,0,0,0,0,0,0,-0.5786558650905184,-0.5290567909399024,0.90374772989929,0.14737186834779759,0.032749304077288356,-0.4568072436577208,1.7929106012007563,-0.06993925463799044,0.1647175094712568,-0.11530225662987975,-0.6538461538461539,-0.38461538461538464,0.23076923076923078,0.038461538461538464,0.9230769230769231,-0.6538461538461539,0.0,0.11538461538461539,0.5384615384615384,-0.2692307692307692
0,1,0,0,-0.5632402882465005,-0.7307692307692307,-0.5910376693609554,6,5,4,3,2,1,0,6,5,4,0,0,1,1,1,1,1,0,0,1,1,1,0,0,0,0,0,1,1,0,0,0,0,0,0,0,0,0,0,0,0.23146234603620733,-0.5786558650905184,-0.532606901106158,0.8842312100867855,0.14737186834779759,0.032629088832694345,-0.46056419113413927,1.801674601871614,-0.0823587547356284,0.1647175094712568,-0.2692307692307692,-0.6538461538461539,-0.38461538461538464,0.23076923076923078,0.038461538461538464,0.9230769230769231,-0.6538461538461539,0.038461538461538464,0.11538461538461539,0.5384615384615384
1,1,0,0,-0.13252712664623542,0.2692307692307692,-0.16086587671681019,0,6,5,4,3,2,1,0,6,5,1,0,0,1,1,1,1,1,0,0,0,1,1,0,0,0,0,0,1,1,0,0,0,0,0,0,0,0,0,0,-0.5621228403736463,0.23146234603620733,-0.5821363711408287,-0.5403635172752579,0.8842312100867855,0.14683089974712454,0.03289744222386709,-0.4475455590215071,1.795420853236699,-0.0823587547356284,-0.6923076923076923,-0.2692307692307692,-0.6538461538461539,-0.38461538461538464,0.23076923076923078,0.038461538461538464,0.9230769230769231,-0.6153846153846154,0.038461538461538464,0.11538461538461539
2,1,0,0,-0.16565890830779426,-0.46153846153846156,-0.2477220336826463,1,0,6,5,4,3,2,1,0,6,1,1,0,0,1,1,1,1,1,0,0,0,1,1,0,0,0,0,0,1,0,0,0,0,0,0,0,0,0,0,-0.1322641977349756,-0.5621228403736463,0.22684497275879148,-0.5894874733911903,-0.5403635172752579,0.8809853984827473,0.1480384900074019,0.044984403217862456,-0.461209026519519,1.795420853236699,0.3076923076923077,-0.6923076923076923,-0.2692307692307692,-0.6538461538461539,-0.38461538461538464,0.23076923076923078,0.038461538461538464,0.9615384615384616,-0.6153846153846154,0.038461538461538464
3,1,0,0,-0.43071316160026507,0.15384615384615385,-0.4621209578737833,2,1,0,6,5,4,3,2,1,0,1,1,1,0,0,1,1,1,1,1,0,0,0,1,1,0,0,0,0,0,0,0,0,0,0,0,0,0,0,0,-0.16533024716871952,-0.1322641977349756,-0.5656265477959385,0.2128704765023743,-0.5894874733911903,-0.5383799657394567,0.8882309400444114,0.15990806107371536,0.03294350189425136,-0.461209026519519,-0.4230769230769231,0.3076923076923077,-0.6923076923076923,-0.2692307692307692,-0.6538461538461539,-0.38461538461538464,0.23076923076923078,0.07692307692307693,0.9615384615384616,-0.6153846153846154
4,1,0,0,0.46384494326182396,0.038461538461538464,0.479854994599652,3,2,1,0,6,5,4,3,2,1,1,1,1,1,0,0,1,1,1,1,0,0,0,0,1,1,0,0,0,0,0,0,0,0,0,0,0,0,0,0,-0.42985864263867074,-0.16533024716871952,-0.1363711408287931,-0.5731128213525462,0.2128704765023743,-0.5873235989884982,-0.542807796693807,0.8987030044327697,0.1482457585241311,0.03294350189425136,0.19230769230769232,-0.4230769230769231,0.3076923076923077,-0.6923076923076923,-0.2692307692307692,-0.6538461538461539,-0.38461538461538464,0.2692307692307692,0.07692307692307693,0.9615384615384616
5,0,1,0,-0.5798061790772799,-0.9230769230769231,-0.6040907235123946,4,3,2,1,0,6,5,4,3,2,1,1,1,1,1,0,0,1,1,1,0,0,0,0,0,1,1,0,0,0,0,0,0,0,0,0,0,0,0,0,0.46292469207241466,-0.42985864263867074,-0.1693907875185735,-0.14737186834779759,-0.5731128213525462,0.21208907741251323,-0.5921539600296076,-0.529633886061402,0.8894745511447867,0.1482457585241311,0.07692307692307693,0.19230769230769232,-0.4230769230769231,0.3076923076923077,-0.6923076923076923,-0.2692307692307692,-0.6538461538461539,-0.34615384615384615,0.2692307692307692,0.07692307692307693
6,0,1,0,0.28162014412325026,-0.4230769230769231,0.35195852719478693,5,4,3,2,1,0,6,5,4,3,0,1,1,1,1,1,0,0,1,1,1,0,0,0,0,0,1,1,0,0,0,0,0,0,0,0,0,0,0,0,-0.5786558650905184,0.46292469207241466,-0.4335479610368168,-0.18012117242508593,-0.14737186834779759,-0.571009054572151,0.2138333744551361,-0.578886882285339,-0.5435677812551474,0.8894745511447867,-0.8846153846153846,0.07692307692307693,0.19230769230769232,-0.4230769230769231,0.3076923076923077,-0.6923076923076923,-0.2692307692307692,-0.6153846153846154,-0.34615384615384615,0.2692307692307692
0,1,0,0,-0.44727905243104454,-0.3076923076923077,-0.47957658703256933,6,5,4,3,2,1,0,6,5,4,0,0,1,1,1,1,1,0,0,1,1,1,0,0,0,0,0,1,1,0,0,0,0,0,0,0,0,0,0,0,0.2810614201868232,-0.5786558650905184,0.4579824995872544,-0.44211560504339276,-0.18012117242508593,-0.14683089974712454,-0.5757052389176741,0.2255787227056313,-0.5929830340965244,-0.5435677812551474,-0.38461538461538464,-0.8846153846153846,0.07692307692307693,0.19230769230769232,-0.4230769230769231,0.3076923076923077,-0.6923076923076923,-0.23076923076923078,-0.6153846153846154,-0.34615384615384615
1,1,0,0,-0.1822247991385737,-0.3076923076923077,-0.19531487341356568,0,6,5,4,3,2,1,0,6,5,1,0,0,1,1,1,1,1,0,0,0,1,1,0,0,0,0,0,1,1,0,0,0,0,0,0,0,0,0,0,-0.4463916673555427,0.2810614201868232,-0.5821363711408287,0.44211560504339276,-0.44211560504339276,-0.17945998857981887,-0.1480384900074019,-0.5624692168773601,0.21413276231263384,-0.5929830340965244,-0.2692307692307692,-0.38461538461538464,-0.8846153846153846,0.07692307692307693,0.19230769230769232,-0.4230769230769231,0.3076923076923077,-0.6538461538461539,-0.23076923076923078,-0.6153846153846154
2,1,0,0,-0.13252712664623542,0.3076923076923077,-0.09033946170451385,1,0,6,5,4,3,2,1,0,6,1,1,0,0,1,1,1,1,1,0,0,0,1,1,0,0,0,0,0,1,0,0,0,0,0,0,0,0,0,0,-0.18186327188559148,-0.4463916673555427,0.2763744427934621,-0.5894874733911903,0.44211560504339276,-0.44049269924137363,-0.180935932231269,-0.1356099162699064,-0.5765112831493988,0.21413276231263384,-0.2692307692307692,-0.2692307692307692,-0.38461538461538464,-0.8846153846153846,0.07692307692307693,0.19230769230769232,-0.4230769230769231,0.34615384615384615,-0.6538461538461539,-0.23076923076923078
3,1,0,0,-0.3147519257848091,-0.3076923076923077,-0.40574546836236525,2,1,0,6,5,4,3,2,1,0,1,1,1,0,0,1,1,1,1,1,0,0,0,1,1,0,0,0,0,0,0,0,0,0,0,0,0,0,0,0,-0.1322641977349756,-0.18186327188559148,-0.450057784381707,0.26199443261830685,-0.5894874733911903,0.44049269924137363,-0.4441154700222057,-0.16844524708586436,-0.1482457585241311,-0.5765112831493988,0.34615384615384615,-0.2692307692307692,-0.2692307692307692,-0.38461538461538464,-0.8846153846153846,0.07692307692307693,0.19230769230769232,-0.38461538461538464,0.34615384615384615,-0.6538461538461539
4,1,0,0,-0.1822247991385737,-0.2692307692307692,-0.14409780335262246,3,2,1,0,6,5,4,3,2,1,1,1,1,1,0,0,1,1,1,1,0,0,0,0,1,1,0,0,0,0,0,0,0,0,0,0,0,0,0,0,-0.3141274696205671,-0.1322641977349756,-0.1859006108634637,-0.45849025708203694,0.26199443261830685,-0.5873235989884982,0.4441154700222057,-0.43112789361352816,-0.18118926041838246,-0.1482457585241311,-0.2692307692307692,0.34615384615384615,-0.2692307692307692,-0.2692307692307692,-0.38461538461538464,-0.8846153846153846,0.07692307692307693,0.23076923076923078,-0.38461538461538464,0.34615384615384615
5,0,1,0,-0.44727905243104454,-0.23076923076923078,-0.46850857299779286,4,3,2,1,0,6,5,4,3,2,1,1,1,1,1,0,0,1,1,1,0,0,0,0,0,1,1,0,0,0,0,0,0,0,0,0,0,0,0,0,-0.18186327188559148,-0.3141274696205671,-0.1363711408287931,-0.19649582446373012,-0.45849025708203694,0.26103271066155476,-0.5921539600296076,0.4554260384173371,-0.44473727557239334,-0.18118926041838246,-0.23076923076923078,-0.2692307692307692,0.34615384615384615,-0.2692307692307692,-0.2692307692307692,-0.38461538461538464,-0.8846153846153846,0.11538461538461539,0.23076923076923078,-0.38461538461538464
6,0,1,0,-0.3810154891079268,-0.5769230769230769,-0.3862026579459533,5,4,3,2,1,0,6,5,4,3,0,1,1,1,1,1,0,0,1,1,1,0,0,0,0,0,1,1,0,0,0,0,0,0,0,0,0,0,0,0,-0.4463916673555427,-0.18186327188559148,-0.31797919762258536,-0.14737186834779759,-0.19649582446373012,-0.4568072436577208,0.2631795377909367,-0.578886882285339,0.44473727557239334,-0.44473727557239334,-0.19230769230769232,-0.23076923076923078,-0.2692307692307692,0.34615384615384615,-0.2692307692307692,-0.2692307692307692,-0.38461538461538464,-0.8461538461538461,0.11538461538461539,0.23076923076923078
0,1,0,0,-0.11596123581545599,-0.5384615384615384,-0.1389959992774244,6,5,4,3,2,1,0,6,5,4,0,0,1,1,1,1,1,0,0,1,1,1,0,0,0,0,0,1,1,0,0,0,0,0,0,0,0,0,0,0,-0.38025956848805487,-0.4463916673555427,-0.1859006108634637,-0.32749304077288355,-0.14737186834779759,-0.19577453299616607,-0.46056419113413927,0.27483171892956826,-0.5929830340965244,0.44473727557239334,-0.5384615384615384,-0.19230769230769232,-0.23076923076923078,-0.2692307692307692,0.34615384615384615,-0.2692307692307692,-0.2692307692307692,-0.34615384615384615,-0.8461538461538461,0.11538461538461539
1,1,0,0,2.0044727905243107,-0.23076923076923078,1.9475362243556427,0,6,5,4,3,2,1,0,6,5,1,0,0,1,1,1,1,1,0,0,0,1,1,0,0,0,0,0,1,1,0,0,0,0,0,0,0,0,0,0,-0.11573117301810366,-0.38025956848805487,-0.450057784381707,-0.19649582446373012,-0.32749304077288355,-0.14683089974712454,-0.19738465334320254,-0.4475455590215071,0.2635480151540109,-0.5929830340965244,-0.5,-0.5384615384615384,-0.19230769230769232,-0.23076923076923078,-0.2692307692307692,0.34615384615384615,-0.2692307692307692,-0.23076923076923078,-0.34615384615384615,-0.8461538461538461
2,1,0,0,0.26505425329247084,0.11538461538461539,0.32452866970502514,1,0,6,5,4,3,2,1,0,6,1,1,0,0,1,1,1,1,1,0,0,0,1,1,0,0,0,0,0,1,0,0,0,0,0,0,0,0,0,0,2.000495990741506,-0.11573117301810366,-0.3840184910021462,-0.45849025708203694,-0.19649582446373012,-0.3262908883269434,-0.1480384900074019,-0.18486291249384335,-0.461209026519519,0.2635480151540109,-0.19230769230769232,-0.5,-0.5384615384615384,-0.19230769230769232,-0.23076923076923078,-0.2692307692307692,0.34615384615384615,-0.23076923076923078,-0.23076923076923078,-0.34615384615384615
3,1,0,0,-0.16565890830779426,-0.2692307692307692,-0.09150387071149475,2,1,0,6,5,4,3,2,1,0,1,1,1,0,0,1,1,1,1,1,0,0,0,1,1,0,0,0,0,0,0,0,0,0,0,0,0,0,0,0,0.2645283954699512,2.000495990741506,-0.11986131748390287,-0.39299164892746025,-0.45849025708203694,-0.19577453299616607,-0.3289744222386709,-0.1356099162699064,-0.19766101136550815,-0.461209026519519,0.15384615384615385,-0.19230769230769232,-0.5,-0.5384615384615384,-0.19230769230769232,-0.23076923076923078,-0.2692307692307692,0.38461538461538464,-0.23076923076923078,-0.23076923076923078
4,1,0,0,-0.3644495982771474,-0.038461538461538464,-0.37792805820060577,3,2,1,0,6,5,4,3,2,1,1,1,1,1,0,0,1,1,1,1,0,0,0,0,1,1,0,0,0,0,0,0,0,0,0,0,0,0,0,0,-0.16533024716871952,0.2645283954699512,1.9933960706620437,-0.13099721630915342,-0.39299164892746025,-0.4568072436577208,-0.19738465334320254,-0.31620423575767526,-0.1482457585241311,-0.19766101136550815,-0.23076923076923078,0.15384615384615385,-0.19230769230769232,-0.5,-0.5384615384615384,-0.19230769230769232,-0.23076923076923078,-0.23076923076923078,0.38461538461538464,-0.23076923076923078
5,0,1,0,-0.5466743974157211,-0.38461538461538464,-0.5645504286863686,4,3,2,1,0,6,5,4,3,2,1,1,1,1,1,0,0,1,1,1,0,0,0,0,0,1,1,0,0,0,0,0,0,0,0,0,0,0,0,0,-0.36372654377118296,-0.16533024716871952,0.2598646194485719,1.9649582446373013,-0.13099721630915342,-0.39154906599233213,-0.46056419113413927,-0.18486291249384335,-0.3294350189425136,-0.1482457585241311,0.0,-0.23076923076923078,0.15384615384615385,-0.19230769230769232,-0.5,-0.5384615384615384,-0.19230769230769232,-0.19230769230769232,-0.23076923076923078,0.38461538461538464
6,0,1,0,0.14909301747701484,-0.11538461538461539,0.2712611891972027,5,4,3,2,1,0,6,5,4,3,0,1,1,1,1,1,0,0,1,1,1,0,0,0,0,0,1,1,0,0,0,0,0,0,0,0,0,0,0,0,-0.5455898156567744,-0.36372654377118296,-0.1693907875185735,0.24561978057966266,1.9649582446373013,-0.13051635533077738,-0.3947693066864051,-0.4475455590215071,-0.19766101136550815,-0.3294350189425136,-0.34615384615384615,0.0,-0.23076923076923078,0.15384615384615385,-0.19230769230769232,-0.5,-0.5384615384615384,-0.15384615384615385,-0.19230769230769232,-0.23076923076923078
0,1,0,0,-0.5798061790772799,-1.0769230769230769,-0.603539161351193,6,5,4,3,2,1,0,6,5,4,0,0,1,1,1,1,1,0,0,1,1,1,0,0,0,0,0,1,1,0,0,0,0,0,0,0,0,0,0,0,0.14879722245184757,-0.5455898156567744,-0.367508667657256,-0.18012117242508593,0.24561978057966266,1.9577453299616605,-0.13158976889546836,-0.3818748973895912,-0.461209026519519,-0.19766101136550815,-0.07692307692307693,-0.34615384615384615,0.0,-0.23076923076923078,0.15384615384615385,-0.19230769230769232,-0.5,-0.5,-0.15384615384615385,-0.19230769230769232
1,1,0,0,0.4969767249233828,0.46153846153846156,0.5834716373020614,0,6,5,4,3,2,1,0,6,5,1,0,0,1,1,1,1,1,0,0,0,1,1,0,0,0,0,0,1,1,0,0,0,0,0,0,0,0,0,0,-0.5786558650905184,0.14879722245184757,-0.5491167244510483,-0.37661699688881606,-0.18012117242508593,0.24471816624520756,1.9738465334320254,-0.1191922508619274,-0.3953220227310163,-0.461209026519519,-1.0384615384615385,-0.07692307692307693,-0.34615384615384615,0.0,-0.23076923076923078,0.15384615384615385,-0.19230769230769232,-0.46153846153846156,-0.5,-0.15384615384615385
2,1,0,0,0.7620309782158536,-0.19230769230769232,0.7106735449483764,1,0,6,5,4,3,2,1,0,6,1,1,0,0,1,1,1,1,1,0,0,0,1,1,0,0,0,0,0,1,0,0,0,0,0,0,0,0,0,0,0.4959907415061586,-0.5786558650905184,0.14429585603434045,-0.556738169313902,-0.37661699688881606,-0.17945998857981887,0.24673081667900318,1.982268921359383,-0.13177400757700544,-0.3953220227310163,0.5,-1.0384615384615385,-0.07692307692307693,-0.34615384615384615,0.0,-0.23076923076923078,0.15384615384615385,-0.15384615384615385,-0.46153846153846156,-0.5
3,1,0,0,-0.13252712664623542,-0.34615384615384615,-0.1520799876029838,2,1,0,6,5,4,3,2,1,0,1,1,1,0,0,1,1,1,1,1,0,0,0,1,1,0,0,0,0,0,0,0,0,0,0,0,0,0,0,0,0.7605191369761097,0.4959907415061586,-0.5821363711408287,0.13099721630915342,-0.556738169313902,-0.3752345215759849,-0.180935932231269,0.2584140535215893,1.9766101136550815,-0.13177400757700544,-0.15384615384615385,0.5,-1.0384615384615385,-0.07692307692307693,-0.34615384615384615,0.0,-0.23076923076923078,0.19230769230769232,-0.15384615384615385,-0.46153846153846156
4,1,0,0,-0.13252712664623542,0.7307692307692307,-0.15562574435356477,3,2,1,0,6,5,4,3,2,1,1,1,1,1,0,0,1,1,1,1,0,0,0,0,1,1,0,0,0,0,0,0,0,0,0,0,0,0,0,0,-0.1322641977349756,0.7605191369761097,0.4910021462770348,-0.5894874733911903,0.13099721630915342,-0.5546945101558038,-0.3783205855744715,-0.16844524708586436,0.2470762642068852,1.9766101136550815,-0.3076923076923077,-0.15384615384615385,0.5,-1.0384615384615385,-0.07692307692307693,-0.34615384615384615,0.0,-0.19230769230769232,0.19230769230769232,-0.15384615384615385
5,0,1,0,1.1099146856622215,0.6923076923076923,0.9818115811127606,4,3,2,1,0,6,5,4,3,2,1,1,1,1,1,0,0,1,1,1,0,0,0,0,0,1,1,0,0,0,0,0,0,0,0,0,0,0,0,0,-0.1322641977349756,-0.1322641977349756,0.7551593197952782,0.47486490912068113,-0.5894874733911903,0.13051635533077738,-0.5592565178057405,-0.36545723198161223,-0.18118926041838246,0.2470762642068852,0.7692307692307693,-0.3076923076923077,-0.15384615384615385,0.5,-1.0384615384615385,-0.07692307692307693,-0.34615384615384615,0.038461538461538464,-0.19230769230769232,0.19230769230769232
6,0,1,0,-0.14909301747701484,-0.6923076923076923,-0.08027710016047833,5,4,3,2,1,0,6,5,4,3,0,1,1,1,1,1,0,0,1,1,1,0,0,0,0,0,1,1,0,0,0,0,0,0,0,0,0,0,0,0,1.1077126560304207,-0.1322641977349756,-0.1363711408287931,0.7368593417389879,0.47486490912068113,-0.5873235989884982,0.13158976889546836,-0.546051551469381,-0.37885027178389064,-0.18118926041838246,0.7307692307692307,0.7692307692307693,-0.3076923076923077,-0.15384615384615385,0.5,-1.0384615384615385,-0.07692307692307693,-0.3076923076923077,0.038461538461538464,-0.19230769230769232
0,1,0,0,-0.26505425329247084,-0.6538461538461539,-0.30403915682779964,6,5,4,3,2,1,0,6,5,4,0,0,1,1,1,1,1,0,0,1,1,1,0,0,0,0,0,1,1,0,0,0,0,0,0,0,0,0,0,0,-0.14879722245184757,1.1077126560304207,-0.1363711408287931,-0.14737186834779759,0.7368593417389879,0.47312178807406796,-0.5921539600296076,0.14349039566573638,-0.5600395322022731,-0.37885027178389064,-0.6538461538461539,0.7307692307692307,0.7692307692307693,-0.3076923076923077,-0.15384615384615385,0.5,-1.0384615384615385,-0.038461538461538464,-0.3076923076923077,0.038461538461538464
1,1,0,0,1.7725503188933986,-0.3076923076923077,1.230027977917669,0,6,5,4,3,2,1,0,6,5,1,0,0,1,1,1,1,1,0,0,0,1,1,0,0,0,0,0,1,1,0,0,0,0,0,0,0,0,0,0,-0.2645283954699512,-0.14879722245184757,1.1018656100379727,-0.14737186834779759,-0.14737186834779759,0.7341544987356227,0.4770129122460728,-0.578886882285339,0.13177400757700544,-0.5600395322022731,-0.6153846153846154,-0.6538461538461539,0.7307692307692307,0.7692307692307693,-0.3076923076923077,-0.15384615384615385,0.5,-1.0,-0.038461538461538464,-0.3076923076923077
2,1,0,0,1.0767829040006627,0.19230769230769232,1.0408660868357287,1,0,6,5,4,3,2,1,0,6,1,1,0,0,1,1,1,1,1,0,0,0,1,1,0,0,0,0,0,1,0,0,0,0,0,0,0,0,0,0,1.7690336447052988,-0.2645283954699512,-0.1528809641736833,1.0807270345505158,-0.14737186834779759,-0.14683089974712454,0.7401924500370095,0.4882613692332951,-0.5929830340965244,0.13177400757700544,-0.2692307692307692,-0.6153846153846154,-0.6538461538461539,0.7307692307692307,0.7692307692307693,-0.3076923076923077,-0.15384615384615385,0.5384615384615384,-1.0,-0.038461538461538464
3,1,0,0,1.6234573014163838,-0.8461538461538461,1.8213218756265264,2,1,0,6,5,4,3,2,1,0,1,1,1,0,0,1,1,1,1,1,0,0,0,1,1,0,0,0,0,0,0,0,0,0,0,0,0,0,0,0,1.0746466065966769,1.7690336447052988,-0.26844972758791474,-0.16374652038644177,1.0807270345505158,-0.14683089974712454,-0.1480384900074019,0.7509440157609588,0.4776807774666447,-0.5929830340965244,0.23076923076923078,-0.2692307692307692,-0.6153846153846154,-0.6538461538461539,0.7307692307692307,0.7692307692307693,-0.3076923076923077,-0.11538461538461539,0.5384615384615384,-1.0
4,1,0,0,0.778596869046633,0.4230769230769231,0.725022332430892,3,2,1,0,6,5,4,3,2,1,1,1,1,1,0,0,1,1,1,1,0,0,0,0,1,1,0,0,0,0,0,0,0,0,0,0,0,0,0,0,1.6202364222534513,1.0746466065966769,1.762258543833581,-0.278369084656951,-0.16374652038644177,1.0767599314789134,-0.1480384900074019,-0.1356099162699064,0.7412287926206556,0.4776807774666447,-0.8076923076923077,0.23076923076923078,-0.2692307692307692,-0.6153846153846154,-0.6538461538461539,0.7307692307692307,0.7692307692307693,-0.2692307692307692,-0.11538461538461539,0.5384615384615384
5,0,1,0,0.46384494326182396,0.07692307692307693,0.6674240675462284,4,3,2,1,0,6,5,4,3,2,1,1,1,1,1,0,0,1,1,1,0,0,0,0,0,1,1,0,0,0,0,0,0,0,0,0,0,0,0,0,0.7770521616929817,1.6202364222534513,1.0688459633481922,1.7357131160962826,-0.278369084656951,-0.1631454441634717,1.085615593387614,-0.1356099162699064,-0.1482457585241311,0.7412287926206556,0.46153846153846156,-0.8076923076923077,0.23076923076923078,-0.2692307692307692,-0.6153846153846154,-0.6538461538461539,0.7307692307692307,0.8076923076923077,-0.2692307692307692,-0.11538461538461539
6,0,1,0,0.43071316160026507,-0.11538461538461539,0.5415996061437605,5,4,3,2,1,0,6,5,4,3,0,1,1,1,1,1,0,0,1,1,1,0,0,0,0,0,1,1,0,0,0,0,0,0,0,0,0,0,0,0,0.46292469207241466,0.7770521616929817,1.6136701337295691,1.0479777304732274,1.7357131160962826,-0.2773472550779019,-0.16448721111933545,1.0957149893285176,-0.1482457585241311,-0.1482457585241311,0.11538461538461539,0.46153846153846156,-0.8076923076923077,0.23076923076923078,-0.2692307692307692,-0.6153846153846154,-0.6538461538461539,0.7692307692307693,0.8076923076923077,-0.2692307692307692
0,1,0,0,-0.016565890830779428,-0.46153846153846156,0.07761150821316914,6,5,4,3,2,1,0,6,5,4,0,0,1,1,1,1,1,0,0,1,1,1,0,0,0,0,0,1,1,0,0,0,0,0,0,0,0,0,0,0,0.42985864263867074,0.46292469207241466,0.7716691431401683,1.588341247748485,1.0479777304732274,1.7293417081328002,-0.27962825890287024,-0.15202758167788538,1.0871355625102948,-0.1482457585241311,-0.07692307692307693,0.11538461538461539,0.46153846153846156,-0.8076923076923077,0.23076923076923078,-0.2692307692307692,-0.6153846153846154,-0.6153846153846154,0.7692307692307693,0.8076923076923077
1,1,0,0,2.451751842955355,0.0,1.7779054704168613,0,6,5,4,3,2,1,0,6,5,1,0,0,1,1,1,1,1,0,0,0,1,1,0,0,0,0,0,1,1,0,0,0,0,0,0,0,0,0,0,-0.01653302471687195,0.42985864263867074,0.4579824995872544,0.7532339937776321,1.588341247748485,1.044130842646219,1.7435644378649557,-0.2669512395337383,-0.1647175094712568,1.0871355625102948,-0.4230769230769231,-0.07692307692307693,0.11538461538461539,0.46153846153846156,-0.8076923076923077,0.23076923076923078,-0.2692307692307692,-0.5769230769230769,-0.6153846153846154,0.7692307692307693
2,1,0,0,0.8945581048620891,0.38461538461538464,0.927118793940754,1,0,6,5,4,3,2,1,0,6,1,1,0,0,1,1,1,1,1,0,0,0,1,1,0,0,0,0,0,1,0,0,0,0,0,0,0,0,0,0,2.4468876580970487,-0.01653302471687195,0.424962852897474,0.44211560504339276,0.7532339937776321,1.5825108083856756,1.052718151163747,1.7524216056476771,-0.28001976610113655,-0.1647175094712568,0.038461538461538464,-0.4230769230769231,-0.07692307692307693,0.11538461538461539,0.46153846153846156,-0.8076923076923077,0.23076923076923078,-0.23076923076923078,-0.5769230769230769,-0.6153846153846154
3,1,0,0,-0.5135426157541623,-0.9615384615384616,-0.5443486619948281,2,1,0,6,5,4,3,2,1,0,1,1,1,0,0,1,1,1,1,1,0,0,0,1,1,0,0,0,0,0,0,0,0,0,0,0,0,0,0,0,0.8927833347110854,2.4468876580970487,-0.02080237741456163,0.40936630096610443,0.44211560504339276,0.7504690431519698,1.5955259478575539,1.0628796585125597,1.746005600395322,-0.28001976610113655,0.4230769230769231,0.038461538461538464,-0.4230769230769231,-0.07692307692307693,0.11538461538461539,0.46153846153846156,-0.8076923076923077,0.2692307692307692,-0.23076923076923078,-0.5769230769230769
4,1,0,0,0.21535658080013254,-0.34615384615384615,0.22437957282240195,3,2,1,0,6,5,4,3,2,1,1,1,1,1,0,0,1,1,1,1,0,0,0,0,1,1,0,0,0,0,0,0,0,0,0,0,0,0,0,0,-0.5125237662230305,0.8927833347110854,2.4391613009740793,-0.032749304077288356,0.40936630096610443,0.44049269924137363,0.756641171148943,1.6046626169758662,1.0541920606160435,1.746005600395322,-0.9230769230769231,0.4230769230769231,0.038461538461538464,-0.4230769230769231,-0.07692307692307693,0.11538461538461539,0.46153846153846156,-0.7692307692307693,0.2692307692307692,-0.23076923076923078
5,0,1,0,0.1822247991385737,-0.07692307692307693,0.23956708498814142,4,3,2,1,0,6,5,4,3,2,1,1,1,1,1,0,0,1,1,1,0,0,0,0,0,1,1,0,0,0,0,0,0,0,0,0,0,0,0,0,0.21492932131933537,-0.5125237662230305,0.8872379065543998,2.407073849680694,-0.032749304077288356,0.4078636104086793,0.4441154700222057,0.7673616811689379,1.597759841871191,1.0541920606160435,-0.3076923076923077,-0.9230769230769231,0.4230769230769231,0.038461538461538464,-0.4230769230769231,-0.07692307692307693,0.11538461538461539,0.5,-0.7692307692307693,0.2692307692307692
6,0,1,0,1.6731549739087221,-0.5384615384615384,1.8628658878064197,5,4,3,2,1,0,6,5,4,3,0,1,1,1,1,1,0,0,1,1,1,0,0,0,0,0,1,1,0,0,0,0,0,0,0,0,0,0,0,0,0.18186327188559148,0.21492932131933537,-0.5160970777612679,0.8678565580481413,2.407073849680694,-0.032629088832694345,0.4112180277983386,0.4554260384173371,0.7577005435677813,1.597759841871191,-0.038461538461538464,-0.3076923076923077,-0.9230769230769231,0.4230769230769231,0.038461538461538464,-0.4230769230769231,-0.07692307692307693,0.15384615384615385,0.5,-0.7692307692307693
0,1,0,0,-0.1822247991385737,-0.7307692307692307,-0.1922558921576324,6,5,4,3,2,1,0,6,5,4,0,0,1,1,1,1,1,0,0,1,1,1,0,0,0,0,0,1,1,0,0,0,0,0,0,0,0,0,0,0,1.6698354964040671,0.18186327188559148,0.21033514941390127,-0.5239888652366137,0.8678565580481413,2.3982380292030343,-0.03289744222386709,0.4225907076013791,0.44473727557239334,0.7577005435677813,-0.5,-0.038461538461538464,-0.3076923076923077,-0.9230769230769231,0.4230769230769231,0.038461538461538464,-0.4230769230769231,-0.038461538461538464,0.15384615384615385,0.5
1,1,0,0,-0.04969767249233828,0.5,0.01434003252757592,0,6,5,4,3,2,1,0,6,5,1,0,0,1,1,1,1,1,0,0,0,1,1,0,0,0,0,0,1,1,0,0,0,0,0,0,0,0,0,0,-0.18186327188559148,1.6698354964040671,0.17731550272412086,0.19649582446373012,-0.5239888652366137,0.8646708540664001,2.4179620034542313,-0.02068625841405349,0.41179377367814196,0.44473727557239334,-0.6923076923076923,-0.5,-0.038461538461538464,-0.3076923076923077,-0.9230769230769231,0.4230769230769231,0.038461538461538464,-0.38461538461538464,-0.038461538461538464,0.15384615384615385
2,1,0,0,0.3313178166155885,0.46153846153846156,0.2876598034629349,1,0,6,5,4,3,2,1,0,6,1,1,0,0,1,1,1,1,1,0,0,0,1,1,0,0,0,0,0,1,0,0,0,0,0,0,0,0,0,0,-0.04959907415061585,-0.18186327188559148,1.6631996037642396,0.16374652038644177,0.19649582446373012,-0.5220654213231095,0.8717822189324779,2.4255458873748155,-0.03294350189425136,0.41179377367814196,0.5384615384615384,-0.6923076923076923,-0.5,-0.038461538461538464,-0.3076923076923077,-0.9230769230769231,0.4230769230769231,0.07692307692307693,-0.38461538461538464,-0.038461538461538464
3,1,0,0,-0.43071316160026507,0.038461538461538464,-0.43450199335732387,2,1,0,6,5,4,3,2,1,0,1,1,1,0,0,1,1,1,1,1,0,0,0,1,1,0,0,0,0,0,0,0,0,0,0,0,0,0,0,0,0.33066049433743905,-0.04959907415061585,-0.1859006108634637,1.6374652038644177,0.16374652038644177,0.19577453299616607,-0.5263590755818734,0.8822853390247908,2.421347389227475,-0.03294350189425136,0.5,0.5384615384615384,-0.6923076923076923,-0.5,-0.038461538461538464,-0.3076923076923077,-0.9230769230769231,0.46153846153846156,0.07692307692307693,-0.38461538461538464
4,1,0,0,-0.1822247991385737,0.19230769230769232,-0.09525857905330337,3,2,1,0,6,5,4,3,2,1,1,1,1,1,0,0,1,1,1,1,0,0,0,0,1,1,0,0,0,0,0,0,0,0,0,0,0,0,0,0,-0.42985864263867074,0.33066049433743905,-0.053822024104342045,-0.19649582446373012,1.6374652038644177,0.1631454441634717,0.19738465334320254,-0.5132162206534231,0.873002800197661,2.421347389227475,0.07692307692307693,0.5,0.5384615384615384,-0.6923076923076923,-0.5,-0.038461538461538464,-0.3076923076923077,-0.8846153846153846,0.46153846153846156,0.07692307692307693
5,0,1,0,-0.5135426157541623,-0.7307692307692307,-0.5308450194958255,4,3,2,1,0,6,5,4,3,2,1,1,1,1,1,0,0,1,1,1,0,0,0,0,0,1,1,0,0,0,0,0,0,0,0,0,0,0,0,0,-0.18186327188559148,-0.42985864263867074,0.32590391282813275,-0.06549860815457671,-0.19649582446373012,1.6314544416347172,0.16448721111933545,0.20916105729765233,-0.5270960303080218,0.873002800197661,0.23076923076923078,0.07692307692307693,0.5,0.5384615384615384,-0.6923076923076923,-0.5,-0.038461538461538464,-0.2692307692307692,-0.8846153846153846,0.46153846153846156
6,0,1,0,0.19879068996935312,-0.34615384615384615,0.28005349861131823,5,4,3,2,1,0,6,5,4,3,0,1,1,1,1,1,0,0,1,1,1,0,0,0,0,0,1,1,0,0,0,0,0,0,0,0,0,0,0,0,-0.5125237662230305,-0.18186327188559148,-0.4335479610368168,0.31111838873423936,-0.06549860815457671,-0.19577453299616607,1.6448721111933544,0.17632572648169434,0.19766101136550815,-0.5270960303080218,-0.6923076923076923,0.23076923076923078,0.07692307692307693,0.5,0.5384615384615384,-0.6923076923076923,-0.5,0.0,-0.2692307692307692,-0.8846153846153846
0,0,0,1,-0.2981860349540297,-0.3076923076923077,-0.20620078438559622,6,5,4,3,2,1,0,6,5,4,0,0,1,1,1,1,1,0,0,1,1,1,0,0,0,0,0,1,1,0,0,0,0,0,0,0,0,0,0,0,0.1983962966024634,-0.5125237662230305,-0.1859006108634637,-0.44211560504339276,0.31111838873423936,-0.06525817766538869,-0.19738465334320254,1.6539156131998032,0.1647175094712568,0.19766101136550815,-0.3076923076923077,-0.6923076923076923,0.23076923076923078,0.07692307692307693,0.5,0.5384615384615384,-0.6923076923076923,-0.46153846153846156,0.0,-0.2692307692307692
1,1,0,0,-0.46384494326182396,-0.3076923076923077,-0.46440308279473336,0,6,5,4,3,2,1,0,6,5,0,0,0,1,1,1,1,1,0,0,0,1,1,0,0,0,0,0,1,1,1,0,0,0,0,0,0,0,0,0,-0.29759444490369513,0.1983962966024634,-0.5160970777612679,-0.19649582446373012,-0.44211560504339276,0.30997634391059625,-0.06579488444773418,-0.18486291249384335,1.6471750947125678,0.1647175094712568,-0.2692307692307692,-0.3076923076923077,-0.6923076923076923,0.23076923076923078,0.07692307692307693,0.5,0.5384615384615384,-0.6538461538461539,-0.46153846153846156,0.0
2,1,0,0,0.08282945415389713,0.23076923076923078,0.11725744616213418,1,0,6,5,4,3,2,1,0,6,1,0,0,0,1,1,1,1,1,0,0,0,1,1,0,0,0,0,0,1,0,1,0,0,0,0,0,0,0,0,-0.46292469207241466,-0.29759444490369513,0.19382532606901107,-0.5239888652366137,-0.19649582446373012,-0.44049269924137363,0.31252570112673733,-0.05352158923001146,-0.19766101136550815,1.6471750947125678,-0.2692307692307692,-0.2692307692307692,-0.3076923076923077,-0.6923076923076923,0.23076923076923078,0.07692307692307693,0.5,0.5769230769230769,-0.6538461538461539,-0.46153846153846156
3,1,0,0,-0.06626356332311771,0.23076923076923078,0.05553793215551952,2,1,0,6,5,4,3,2,1,0,1,1,0,0,0,1,1,1,1,1,0,0,0,1,1,0,0,0,0,0,0,0,1,0,0,0,0,0,0,0,0.08266512358435976,-0.46292469207241466,-0.30146937427769516,0.18012117242508593,-0.5239888652366137,-0.19577453299616607,-0.4441154700222057,0.32408471515350523,-0.06588700378850272,-0.19766101136550815,0.2692307692307692,-0.2692307692307692,-0.2692307692307692,-0.3076923076923077,-0.6923076923076923,0.23076923076923078,0.07692307692307693,0.5384615384615384,0.5769230769230769,-0.6538461538461539
4,1,0,0,-0.08282945415389713,-0.11538461538461539,-0.17816333302301882,3,2,1,0,6,5,4,3,2,1,1,1,1,0,0,0,1,1,1,1,0,0,0,0,1,1,0,0,0,0,0,0,0,1,0,0,0,0,0,0,-0.0661320988674878,0.08266512358435976,-0.4665676077265972,-0.31111838873423936,0.18012117242508593,-0.5220654213231095,-0.19738465334320254,-0.43112789361352816,0.31296326799538793,-0.06588700378850272,0.2692307692307692,0.2692307692307692,-0.2692307692307692,-0.2692307692307692,-0.3076923076923077,-0.6923076923076923,0.23076923076923078,0.11538461538461539,0.5384615384615384,0.5769230769230769
5,0,1,0,0.0,0.38461538461538464,0.05306845119885976,4,3,2,1,0,6,5,4,3,2,1,1,1,1,0,0,0,1,1,1,0,0,0,0,0,1,1,0,0,0,0,0,0,0,1,0,0,0,0,0,-0.08266512358435976,-0.0661320988674878,0.07825656265477962,-0.47486490912068113,-0.31111838873423936,0.17945998857981887,-0.5263590755818734,-0.18486291249384335,-0.44473727557239334,0.31296326799538793,-0.07692307692307693,0.2692307692307692,0.2692307692307692,-0.2692307692307692,-0.2692307692307692,-0.3076923076923077,-0.6923076923076923,0.2692307692307692,0.11538461538461539,0.5384615384615384
6,0,1,0,0.08282945415389713,-1.0,0.2165392188420638,5,4,3,2,1,0,6,5,4,3,0,1,1,1,1,0,0,0,1,1,1,0,0,0,0,0,1,1,0,0,0,0,0,0,0,1,0,0,0,0,0.0,-0.08266512358435976,-0.07033184744923225,0.06549860815457671,-0.47486490912068113,-0.30997634391059625,0.180935932231269,-0.5132162206534231,-0.19766101136550815,-0.44473727557239334,0.4230769230769231,-0.07692307692307693,0.2692307692307692,0.2692307692307692,-0.2692307692307692,-0.2692307692307692,-0.3076923076923077,-0.6538461538461539,0.2692307692307692,0.11538461538461539
0,1,0,0,1.3418371572931336,-0.5769230769230769,1.437168460800127,6,5,4,3,2,1,0,6,5,4,0,0,1,1,1,1,0,0,0,1,1,1,0,0,0,0,0,1,1,0,0,0,0,0,0,0,1,0,0,0,0.08266512358435976,0.0,-0.08684167079412246,-0.08187326019322089,0.06549860815457671,-0.47312178807406796,-0.31252570112673733,0.19274339188967332,-0.5270960303080218,-0.19766101136550815,-0.9615384615384616,0.4230769230769231,-0.07692307692307693,0.2692307692307692,0.2692307692307692,-0.2692307692307692,-0.2692307692307692,-0.2692307692307692,-0.6538461538461539,0.2692307692307692
1,1,0,0,1.6234573014163838,0.46153846153846156,1.566775062736548,0,6,5,4,3,2,1,0,6,5,1,0,0,1,1,1,1,0,0,0,0,1,1,0,0,0,0,0,1,1,0,0,0,0,0,0,0,1,0,0,1.3391750020666282,0.08266512358435976,-0.004292554069671421,-0.09824791223186506,-0.08187326019322089,0.06525817766538869,-0.4770129122460728,-0.29978657034969625,0.18118926041838246,-0.5270960303080218,-0.5384615384615384,-0.9615384615384616,0.4230769230769231,-0.07692307692307693,0.2692307692307692,0.2692307692307692,-0.2692307692307692,-0.23076923076923078,-0.2692307692307692,-0.6538461538461539
2,1,0,0,0.8779922140313096,0.07692307692307693,0.7767308472957841,1,0,6,5,4,3,2,1,0,6,1,1,0,0,1,1,1,1,0,0,0,0,1,1,0,0,0,0,0,1,0,0,0,0,0,0,0,0,1,0,1.6202364222534513,1.3391750020666282,0.07825656265477962,-0.016374652038644178,-0.09824791223186506,-0.08157272208173585,0.06579488444773418,-0.4639632244294861,-0.31296326799538793,0.18118926041838246,0.5,-0.5384615384615384,-0.9615384615384616,0.4230769230769231,-0.07692307692307693,0.2692307692307692,0.2692307692307692,-0.23076923076923078,-0.23076923076923078,-0.2692307692307692
3,1,0,0,4.124906816864077,0.23076923076923078,3.0092361856295584,2,1,0,6,5,4,3,2,1,0,1,1,1,0,0,1,1,1,1,0,0,0,0,1,1,0,0,0,0,0,0,0,0,0,0,0,0,0,0,1,0.8762503099942135,1.6202364222534513,1.3330031368664355,0.06549860815457671,-0.016374652038644178,-0.09788726649808303,-0.08224360555966773,0.07781973403382043,-0.4776807774666447,-0.31296326799538793,0.11538461538461539,0.5,-0.5384615384615384,-0.9615384615384616,0.4230769230769231,-0.07692307692307693,0.2692307692307692,0.3076923076923077,-0.23076923076923078,-0.23076923076923078
4,1,0,0,3.1640851486788706,0.4230769230769231,3.323322528746165,3,2,1,0,6,5,4,3,2,1,1,1,1,1,0,0,1,1,1,1,0,0,0,0,1,1,0,0,0,0,0,0,0,0,0,0,0,0,0,0,4.116723154501116,0.8762503099942135,1.6136701337295691,1.3099721630915342,0.06549860815457671,-0.016314544416347172,-0.09869232667160127,-0.06993925463799044,0.06588700378850272,-0.4776807774666447,0.2692307692307692,0.11538461538461539,0.5,-0.5384615384615384,-0.9615384615384616,0.4230769230769231,-0.07692307692307693,0.3076923076923077,0.3076923076923077,-0.23076923076923078
5,0,1,0,3.2800463844943266,0.11538461538461539,3.0878072369041196,4,3,2,1,0,6,5,4,3,2,1,1,1,1,1,0,0,1,1,1,0,0,0,0,0,1,1,0,0,0,0,0,0,0,0,0,0,0,0,0,3.157807720922543,4.116723154501116,0.8707280832095096,1.588341247748485,1.3099721630915342,0.06525817766538869,-0.016448721111933545,-0.08635692004596944,-0.0823587547356284,0.06588700378850272,0.46153846153846156,0.2692307692307692,0.11538461538461539,0.5,-0.5384615384615384,-0.9615384615384616,0.4230769230769231,-0.038461538461538464,0.3076923076923077,0.3076923076923077
6,0,1,0,0.21535658080013254,-0.6538461538461539,0.24624361362516128,5,4,3,2,1,0,6,5,4,3,0,1,1,1,1,1,0,0,1,1,1,0,0,0,0,0,1,1,0,0,0,0,0,0,0,0,0,0,0,0,3.2735388939406467,3.157807720922543,4.10665345880799,0.8514819060094972,1.588341247748485,1.3051635533077737,0.06579488444773418,-0.004268593006074504,-0.09883050568275407,-0.0823587547356284,0.15384615384615385,0.46153846153846156,0.2692307692307692,0.11538461538461539,0.5,-0.5384615384615384,-0.9615384615384616,0.46153846153846156,-0.038461538461538464,0.3076923076923077
0,1,0,0,-0.5301085065849417,-1.0,-0.5443399070398884,6,5,4,3,2,1,0,6,5,4,0,0,1,1,1,1,1,0,0,1,1,1,0,0,0,0,0,1,1,0,0,0,0,0,0,0,0,0,0,0,0.21492932131933537,3.2735388939406467,3.1490837048043585,4.060913705583756,0.8514819060094972,1.5825108083856756,1.3158976889546836,0.07781973403382043,-0.01647175094712568,-0.09883050568275407,-0.6153846153846154,0.15384615384615385,0.46153846153846156,0.2692307692307692,0.11538461538461539,0.5,-0.5384615384615384,-0.9230769230769231,0.46153846153846156,-0.038461538461538464
1,1,0,0,1.242441812308457,0.19230769230769232,1.369748887464101,0,6,5,4,3,2,1,0,6,5,1,0,0,1,1,1,1,1,0,0,0,1,1,0,0,0,0,0,1,1,0,0,0,0,0,0,0,0,0,0,-0.5290567909399024,0.21492932131933537,3.26465246821859,3.111183887342394,4.060913705583756,0.8483563096500529,1.5955259478575539,1.3255623050402234,0.06588700378850272,-0.01647175094712568,-0.9615384615384616,-0.6153846153846154,0.15384615384615385,0.46153846153846156,0.2692307692307692,0.11538461538461539,0.5,-0.5,-0.9230769230769231,0.46153846153846156
2,1,0,0,0.9773875590159862,0.5,1.150367226584946,1,0,6,5,4,3,2,1,0,6,1,1,0,0,1,1,1,1,1,0,0,0,1,1,0,0,0,0,0,1,0,0,0,0,0,0,0,0,0,0,1.2399768537653963,-0.5290567909399024,0.21033514941390127,3.225806451612903,3.111183887342394,4.046007015254099,0.8553334978205444,1.6046626169758662,1.3177400757700544,0.06588700378850272,0.23076923076923078,-0.9615384615384616,-0.6153846153846154,0.15384615384615385,0.46153846153846156,0.2692307692307692,0.11538461538461539,0.5384615384615384,-0.5,-0.9230769230769231
3,1,0,0,2.8493332228940615,0.0,2.3657995272907995,2,1,0,6,5,4,3,2,1,0,1,1,1,0,0,1,1,1,1,1,0,0,0,1,1,0,0,0,0,0,0,0,0,0,0,0,0,0,0,0,0.9754484582954451,1.2399768537653963,-0.532606901106158,0.19649582446373012,3.225806451612903,3.0997634391059625,4.079282835759519,0.8658676736168117,1.597759841871191,1.3177400757700544,0.5384615384615384,0.23076923076923078,-0.9615384615384616,-0.6153846153846154,0.15384615384615385,0.46153846153846156,0.2692307692307692,0.15384615384615385,0.5384615384615384,-0.5
4,1,0,0,0.662635633231177,0.7307692307692307,0.6737795811687923,3,2,1,0,6,5,4,3,2,1,1,1,1,1,0,0,1,1,1,1,0,0,0,0,1,1,0,0,0,0,0,0,0,0,0,0,0,0,0,0,2.8436802513019757,0.9754484582954451,1.2339441967970943,-0.5403635172752579,0.19649582446373012,3.213965250020393,3.1252570112673737,4.0837300935806935,0.8565310492505354,1.597759841871191,0.038461538461538464,0.5384615384615384,0.23076923076923078,-0.9615384615384616,-0.6153846153846154,0.15384615384615385,0.46153846153846156,0.3076923076923077,0.15384615384615385,0.5384615384615384
5,0,1,0,0.347883707446368,-0.2692307692307692,0.4269429652623816,4,3,2,1,0,6,5,4,3,2,1,1,1,1,1,0,0,1,1,1,0,0,0,0,0,1,1,0,0,0,0,0,0,0,0,0,0,0,0,0,0.6613209886748781,2.8436802513019757,0.9697870232788508,1.211724250859669,-0.5403635172752579,0.19577453299616607,3.2403980590509085,3.131505499917912,4.084994234887168,0.8565310492505354,0.7692307692307693,0.038461538461538464,0.5384615384615384,0.23076923076923078,-0.9615384615384616,-0.6153846153846154,0.15384615384615385,0.5,0.3076923076923077,0.15384615384615385
6,0,1,0,0.19879068996935312,0.0,0.35502567974199734,5,4,3,2,1,0,6,5,4,3,0,1,1,1,1,1,0,0,1,1,1,0,0,0,0,0,1,1,0,0,0,0,0,0,0,0,0,0,0,0,0.347193519054311,0.6613209886748781,2.8353970612514443,0.9497298182413623,1.211724250859669,-0.5383799657394567,0.19738465334320254,3.2464291577737647,3.129632679953879,4.084994234887168,-0.23076923076923078,0.7692307692307693,0.038461538461538464,0.5384615384615384,0.23076923076923078,-0.9615384615384616,-0.6153846153846154,0.19230769230769232,0.5,0.3076923076923077
0,1,0,0,0.9939534498467656,-1.1153846153846154,1.159800398700648,6,5,4,3,2,1,0,6,5,4,0,0,1,1,1,1,1,0,0,1,1,1,0,0,0,0,0,1,1,0,0,0,0,0,0,0,0,0,0,0,0.1983962966024634,0.347193519054311,0.6561003797259369,2.8000654986081543,0.9497298182413623,1.2072762868096907,-0.542807796693807,0.20916105729765233,3.2449349365837588,3.129632679953879,0.038461538461538464,-0.23076923076923078,0.7692307692307693,0.038461538461538464,0.5384615384615384,0.23076923076923078,-0.9615384615384616,-0.5769230769230769,0.19230769230769232,0.5
1,1,0,0,1.1099146856622215,0.9615384615384616,1.675768998762925,0,6,5,4,3,2,1,0,6,5,1,0,0,1,1,1,1,1,0,0,0,1,1,0,0,0,0,0,1,1,0,0,0,0,0,0,0,0,0,0,0.9919814830123171,0.1983962966024634,0.34241373617302295,0.6386114295071229,2.8000654986081543,0.9462435761481359,1.2172053622830823,-0.529633886061402,0.19766101136550815,3.2449349365837588,-1.0769230769230769,0.038461538461538464,-0.23076923076923078,0.7692307692307693,0.038461538461538464,0.5384615384615384,0.23076923076923078,-0.9230769230769231,-0.5769230769230769,0.19230769230769232
2,1,0,0,1.0933487948314422,-0.4230769230769231,1.0268394816949944,1,0,6,5,4,3,2,1,0,6,1,1,0,0,1,1,1,1,1,0,0,0,1,1,0,0,0,0,0,1,0,0,0,0,0,0,0,0,0,0,1.1077126560304207,0.9919814830123171,0.19382532606901107,0.32749304077288355,0.6386114295071229,2.7897870951953663,0.9540258244921456,1.2270563125923495,-0.5435677812551474,0.19766101136550815,1.0,-1.0769230769230769,0.038461538461538464,-0.23076923076923078,0.7692307692307693,0.038461538461538464,0.5384615384615384,0.2692307692307692,-0.9230769230769231,-0.5769230769230769
3,0,0,1,-0.21535658080013254,-0.34615384615384615,-0.17064983069376305,2,1,0,6,5,4,3,2,1,0,1,1,1,0,0,1,1,1,1,1,0,0,0,1,1,0,0,0,0,0,0,0,0,0,0,0,0,0,0,0,1.091179631313549,1.1077126560304207,0.9862968466237411,0.18012117242508593,0.32749304077288355,0.6362672322375397,2.812731310140636,0.9643736660646857,1.2189095700873003,-0.5435677812551474,-0.38461538461538464,1.0,-1.0769230769230769,0.038461538461538464,-0.23076923076923078,0.7692307692307693,0.038461538461538464,0.5769230769230769,0.2692307692307692,-0.9230769230769231
4,0,0,1,1.0767829040006627,-0.23076923076923078,1.3170212958442271,3,2,1,0,6,5,4,3,2,1,0,1,1,1,0,0,1,1,1,1,0,0,0,0,1,1,0,0,0,0,1,0,0,0,0,0,0,0,0,0,-0.21492932131933537,1.091179631313549,1.1018656100379727,0.9661044702800065,0.18012117242508593,0.3262908883269434,0.6415001233654083,2.8195698571663113,0.9553615549332894,1.2189095700873003,-0.3076923076923077,-0.38461538461538464,1.0,-1.0769230769230769,0.038461538461538464,-0.23076923076923078,0.7692307692307693,0.07692307692307693,0.5769230769230769,0.2692307692307692
5,0,1,0,0.09939534498467656,0.19230769230769232,0.18939127090136054,4,3,2,1,0,6,5,4,3,2,0,0,1,1,1,0,0,1,1,1,0,0,0,0,0,1,1,0,0,0,1,1,0,0,0,0,0,0,0,0,1.0746466065966769,-0.21492932131933537,1.0853557866930823,1.0807270345505158,0.9661044702800065,0.17945998857981887,0.3289744222386709,0.652438023313085,2.816669411958491,0.9553615549332894,-0.19230769230769232,-0.3076923076923077,-0.38461538461538464,1.0,-1.0769230769230769,0.038461538461538464,-0.23076923076923078,0.8076923076923077,0.07692307692307693,0.5769230769230769
6,0,1,0,1.5406278472624866,0.5,2.2027384915387738,5,4,3,2,1,0,6,5,4,3,0,0,0,1,1,1,0,0,1,1,1,0,0,0,0,0,1,1,0,0,0,1,1,0,0,0,0,0,0,0,0.0991981483012317,1.0746466065966769,-0.21892025755324412,1.0643523825118715,1.0807270345505158,0.9625581205644831,0.180935932231269,0.3405023805614842,0.6423982869379015,2.816669411958491,0.23076923076923078,-0.19230769230769232,-0.3076923076923077,-0.38461538461538464,1.0,-1.0769230769230769,0.038461538461538464,-0.19230769230769232,0.8076923076923077,0.07692307692307693
0,1,0,0,-0.3313178166155885,-0.6538461538461539,-0.3538659400443176,6,5,4,3,2,1,0,6,5,4,0,0,0,0,1,1,1,0,0,1,1,1,0,0,0,0,0,1,1,0,0,0,1,1,0,0,0,0,0,0,1.5375712986690915,0.0991981483012317,1.0688459633481922,-0.22924512854101847,1.0643523825118715,1.0767599314789134,0.9704745456040792,0.19274339188967332,0.3294350189425136,0.6423982869379015,0.5384615384615384,0.23076923076923078,-0.19230769230769232,-0.3076923076923077,-0.38461538461538464,1.0,-1.0769230769230769,0.07692307692307693,-0.19230769230769232,0.8076923076923077
1,1,0,0,-0.3147519257848091,0.6923076923076923,-0.32145392953020036,0,6,5,4,3,2,1,0,6,5,1,0,0,0,0,1,1,1,0,0,0,1,1,0,0,0,0,0,1,1,0,0,0,1,1,0,0,0,0,0,-0.33066049433743905,1.5375712986690915,0.09476638599966983,1.0479777304732274,-0.22924512854101847,1.060445387062566,1.085615593387614,0.9807913314726647,0.18118926041838246,0.3294350189425136,-0.6153846153846154,0.5384615384615384,0.23076923076923078,-0.19230769230769232,-0.3076923076923077,-0.38461538461538464,1.0,-1.0384615384615385,0.07692307692307693,-0.19230769230769232
2,1,0,0,3.4291394019713413,0.038461538461538464,3.5720928223669253,1,0,6,5,4,3,2,1,0,6,1,1,0,0,0,0,1,1,1,0,0,0,1,1,0,0,0,0,0,1,0,0,0,0,1,1,0,0,0,0,-0.3141274696205671,-0.33066049433743905,1.531121017005118,0.08187326019322089,1.0479777304732274,-0.2284036218288604,1.0691668722756804,1.0957149893285176,0.971833305880415,0.18118926041838246,0.7307692307692307,-0.6153846153846154,0.5384615384615384,0.23076923076923078,-0.19230769230769232,-0.3076923076923077,-0.38461538461538464,1.0384615384615385,-1.0384615384615385,0.07692307692307693
3,1,0,0,0.0,0.3076923076923077,0.013916876372156791,2,1,0,6,5,4,3,2,1,0,1,1,1,0,0,0,0,1,1,1,0,0,0,1,1,0,0,0,0,0,0,0,0,0,0,1,1,0,0,0,3.422336116392494,-0.3141274696205671,-0.33448902096747557,1.5064679875552642,0.08187326019322089,1.044130842646219,-0.23028209556706963,1.0792973239205388,1.0871355625102948,0.971833305880415,0.07692307692307693,0.7307692307692307,-0.6153846153846154,0.5384615384615384,0.23076923076923078,-0.19230769230769232,-0.3076923076923077,-0.34615384615384615,1.0384615384615385,-1.0384615384615385
4,1,0,0,0.44727905243104454,0.5,0.27561940576618843,3,2,1,0,6,5,4,3,2,1,1,1,1,1,0,0,0,0,1,1,0,0,0,0,1,1,0,0,0,0,0,0,0,0,0,0,1,1,0,0,0.0,3.422336116392494,-0.31797919762258536,-0.34386769281152774,1.5064679875552642,0.08157272208173585,1.052718151163747,-0.21769824330980134,1.0706638115631693,1.0871355625102948,0.34615384615384615,0.07692307692307693,0.7307692307692307,-0.6153846153846154,0.5384615384615384,0.23076923076923078,-0.19230769230769232,-0.2692307692307692,-0.34615384615384615,1.0384615384615385
5,0,1,0,0.3644495982771474,-0.07692307692307693,0.29480151203908445,4,3,2,1,0,6,5,4,3,2,1,1,1,1,1,0,0,0,0,1,0,0,0,0,0,1,1,0,0,0,0,0,0,0,0,0,0,1,1,0,0.4463916673555427,0.0,3.413240878322602,-0.32749304077288355,-0.34386769281152774,1.5009380863039397,0.08224360555966773,1.0628796585125597,-0.2306045132597595,1.0706638115631693,0.5384615384615384,0.34615384615384615,0.07692307692307693,0.7307692307692307,-0.6153846153846154,0.5384615384615384,0.23076923076923078,-0.15384615384615385,-0.2692307692307692,-0.34615384615384615
6,0,1,0,-0.4804108340926034,-1.0384615384615385,-0.4804865186826361,5,4,3,2,1,0,6,5,4,3,0,1,1,1,1,1,0,0,0,0,1,0,0,0,0,0,1,1,0,0,0,0,0,0,0,0,0,0,1,1,0.36372654377118296,0.4463916673555427,-0.004292554069671421,3.3731783199607004,-0.32749304077288355,-0.3426054327432906,1.513282342297886,0.09423739944179942,1.0541920606160435,-0.2306045132597595,-0.038461538461538464,0.5384615384615384,0.34615384615384615,0.07692307692307693,0.7307692307692307,-0.6153846153846154,0.5384615384615384,0.2692307692307692,-0.15384615384615385,-0.2692307692307692
0,1,0,0,-0.5135426157541623,-0.5769230769230769,-0.5339740403912765,6,5,4,3,2,1,0,6,5,4,0,0,1,1,1,1,1,0,0,0,1,1,0,0,0,0,0,1,1,0,0,0,0,0,0,0,0,0,0,1,-0.4794577167892866,0.36372654377118296,0.4414726762423642,-0.016374652038644178,3.3731783199607004,-0.3262908883269434,-0.3454231433506044,1.5225742899359713,0.0823587547356284,1.0541920606160435,-1.0,-0.038461538461538464,0.5384615384615384,0.34615384615384615,0.07692307692307693,0.7307692307692307,-0.6153846153846154,0.5769230769230769,0.2692307692307692,-0.15384615384615385
1,1,0,0,-0.16565890830779426,0.8076923076923077,-0.1262645438041038,0,6,5,4,3,2,1,0,6,5,1,0,0,1,1,1,1,1,0,0,0,1,1,0,0,0,0,0,1,1,0,0,0,0,0,0,0,0,0,0,-0.5125237662230305,-0.4794577167892866,0.35892355951791316,0.4257409530047486,-0.016374652038644178,3.360796149767517,-0.3289744222386709,-0.3326219011656542,1.5154010871355625,0.0823587547356284,-0.5384615384615384,-1.0,-0.038461538461538464,0.5384615384615384,0.34615384615384615,0.07692307692307693,0.7307692307692307,-0.5769230769230769,0.5769230769230769,0.2692307692307692
2,1,0,0,-0.5301085065849417,-0.15384615384615385,-0.5549345698442582,1,0,6,5,4,3,2,1,0,6,1,1,0,0,1,1,1,1,1,0,0,0,1,1,0,0,0,0,0,1,0,0,0,0,0,0,0,0,0,0,-0.16533024716871952,-0.5125237662230305,-0.48307743107148743,0.34386769281152774,0.4257409530047486,-0.016314544416347172,3.3884365490583104,-0.31620423575767526,-0.34590676988963925,1.5154010871355625,0.8461538461538461,-0.5384615384615384,-1.0,-0.038461538461538464,0.5384615384615384,0.34615384615384615,0.07692307692307693,0.7692307692307693,-0.5769230769230769,0.5769230769230769
3,0,0,1,-0.033131781661558855,-0.6923076923076923,-0.07160736011551871,2,1,0,6,5,4,3,2,1,0,1,1,1,0,0,1,1,1,1,1,0,0,0,1,1,0,0,0,0,0,0,0,0,0,0,0,0,0,0,0,-0.5290567909399024,-0.16533024716871952,-0.5160970777612679,-0.4912395611593253,0.34386769281152774,0.42417815482502647,-0.016448721111933545,3.394188146445576,-0.3294350189425136,-0.34590676988963925,-0.11538461538461539,0.8461538461538461,-0.5384615384615384,-1.0,-0.038461538461538464,0.5384615384615384,0.34615384615384615,0.11538461538461539,0.7692307692307693,-0.5769230769230769
4,1,0,0,1.2258759214776775,-0.3076923076923077,0.9230255606746102,3,2,1,0,6,5,4,3,2,1,0,1,1,1,0,0,1,1,1,1,0,0,0,0,1,1,0,0,0,0,1,0,0,0,0,0,0,0,0,0,-0.0330660494337439,-0.5290567909399024,-0.1693907875185735,-0.5239888652366137,-0.4912395611593253,0.3426054327432906,0.4276667489102722,-0.004268593006074504,3.39318069510789,-0.3294350189425136,-0.6538461538461539,-0.11538461538461539,0.8461538461538461,-0.5384615384615384,-1.0,-0.038461538461538464,0.5384615384615384,0.38461538461538464,0.11538461538461539,0.7692307692307693
5,0,1,0,2.1535658080013254,-0.2692307692307692,1.8096065785898745,4,3,2,1,0,6,5,4,3,2,1,0,1,1,1,0,0,1,1,1,0,0,0,0,0,1,1,0,0,0,0,1,0,0,0,0,0,0,0,0,1.2234438290485243,-0.0330660494337439,-0.532606901106158,-0.18012117242508593,-0.5239888652366137,-0.4894363324904151,0.3454231433506044,0.43900837300935813,-0.01647175094712568,3.39318069510789,-0.2692307692307692,-0.6538461538461539,-0.11538461538461539,0.8461538461538461,-0.5384615384615384,-1.0,-0.038461538461538464,0.5769230769230769,0.38461538461538464,0.11538461538461539
6,0,1,0,2.219829371324443,-0.46153846153846156,2.6178943691339978,5,4,3,2,1,0,6,5,4,3,0,1,0,1,1,1,0,0,1,1,1,0,0,0,0,0,1,1,0,0,0,0,1,0,0,0,0,0,0,0,2.1492932131933538,1.2234438290485243,-0.03731220075945184,-0.5403635172752579,-0.18012117242508593,-0.5220654213231095,-0.49346163335800636,0.3569200459694632,0.4282655246252677,-0.01647175094712568,-0.23076923076923078,-0.2692307692307692,-0.6538461538461539,-0.11538461538461539,0.8461538461538461,-0.5384615384615384,-1.0,0.0,0.5769230769230769,0.38461538461538464
0,1,0,0,2.1701316988321047,-0.5769230769230769,1.8959269323134005,6,5,4,3,2,1,0,6,5,4,0,0,1,0,1,1,1,0,0,1,1,1,0,0,0,0,0,1,1,0,0,0,0,1,0,0,0,0,0,0,2.2154253120608414,2.1492932131933538,1.217434373452204,-0.04912395611593253,-0.5403635172752579,-0.17945998857981887,-0.5263590755818734,-0.48038088983746513,0.34590676988963925,0.4282655246252677,-0.4230769230769231,-0.23076923076923078,-0.2692307692307692,-0.6538461538461539,-0.11538461538461539,0.8461538461538461,-0.5384615384615384,-0.9615384615384616,0.0,0.5769230769230769
1,1,0,0,1.4246666114470308,1.1923076923076923,1.6663860217222106,0,6,5,4,3,2,1,0,6,5,1,0,0,1,0,1,1,1,0,0,0,1,1,0,0,0,0,0,1,1,0,0,0,0,1,0,0,0,0,0,2.1658262379102258,2.2154253120608414,2.1419844807660557,1.195349598821025,-0.04912395611593253,-0.5383799657394567,-0.180935932231269,-0.5132162206534231,-0.4941525284137704,0.34590676988963925,-0.5384615384615384,-0.4230769230769231,-0.23076923076923078,-0.2692307692307692,-0.6538461538461539,-0.11538461538461539,0.8461538461538461,-0.5,-0.9615384615384616,0.0
2,1,0,0,1.3087053756315747,0.5,1.1708818369996652,1,0,6,5,4,3,2,1,0,6,1,1,0,0,1,0,1,1,1,0,0,0,1,1,0,0,0,0,0,1,0,0,0,0,0,1,0,0,0,0,1.4218401256509878,2.1658262379102258,2.2080237741456163,2.1123301129850987,1.195349598821025,-0.04894363324904152,-0.542807796693807,-0.16844524708586436,-0.5270960303080218,-0.4941525284137704,1.2307692307692308,-0.5384615384615384,-0.4230769230769231,-0.23076923076923078,-0.2692307692307692,-0.6538461538461539,-0.11538461538461539,0.8846153846153846,-0.5,-0.9615384615384616
3,1,0,0,1.9216433363704135,-0.11538461538461539,1.6409377023671354,2,1,0,6,5,4,3,2,1,0,1,1,1,0,0,1,0,1,1,1,0,0,0,1,1,0,0,0,0,0,0,0,0,0,0,0,1,0,0,0,1.3061089526328842,1.4218401256509878,2.158494304110946,2.1778287211396754,2.1123301129850987,1.1909617423933434,-0.049346163335800636,-0.529633886061402,-0.18118926041838246,-0.5270960303080218,0.5384615384615384,1.2307692307692308,-0.5384615384615384,-0.4230769230769231,-0.23076923076923078,-0.2692307692307692,-0.6538461538461539,-0.07692307692307693,0.8846153846153846,-0.5
4,1,0,0,1.9547751180319723,0.7307692307692307,2.3410924607872863,3,2,1,0,6,5,4,3,2,1,1,1,1,1,0,0,1,0,1,1,0,0,0,0,1,1,0,0,0,0,0,0,0,0,0,0,0,1,0,0,1.9178308671571465,1.3061089526328842,1.4155522535908867,2.128704765023743,2.1778287211396754,2.104576229708785,1.2007566411711488,-0.037103923822032474,-0.5435677812551474,-0.18118926041838246,-0.07692307692307693,0.5384615384615384,1.2307692307692308,-0.5384615384615384,-0.4230769230769231,-0.23076923076923078,-0.2692307692307692,-0.6153846153846154,-0.07692307692307693,0.8846153846153846
5,0,1,0,0.3644495982771474,-0.38461538461538464,0.35150618785623544,4,3,2,1,0,6,5,4,3,2,1,1,1,1,1,0,0,1,0,1,0,0,0,0,0,1,1,0,0,0,0,0,0,0,0,0,0,0,1,0,1.9508969165908903,1.9178308671571465,1.2999834901766552,1.391845423284755,2.128704765023743,2.1698344073741738,2.121885023439427,1.2106386471843706,-0.04941525284137704,-0.5435677812551474,0.7692307692307693,-0.07692307692307693,0.5384615384615384,1.2307692307692308,-0.5384615384615384,-0.4230769230769231,-0.23076923076923078,-0.23076923076923078,-0.6153846153846154,-0.07692307692307693
6,0,1,0,1.9216433363704135,0.19230769230769232,2.3826504808950832,5,4,3,2,1,0,6,5,4,3,0,1,1,1,1,1,0,0,1,0,1,0,0,0,0,0,1,1,0,0,0,0,0,0,0,0,0,0,0,1,0.36372654377118296,1.9508969165908903,1.9108469539375927,1.2772228590142458,1.391845423284755,2.120890774125132,2.1876799078871616,2.1300279100311936,1.2024378191401746,-0.04941525284137704,-0.34615384615384615,0.7692307692307693,-0.07692307692307693,0.5384615384615384,1.2307692307692308,-0.5384615384615384,-0.4230769230769231,-0.19230769230769232,-0.23076923076923078,-0.6153846153846154
0,1,0,0,-0.13252712664623542,-0.34615384615384615,-0.10851416449568103,6,5,4,3,2,1,0,6,5,4,0,0,1,1,1,1,1,0,0,1,1,1,0,0,0,0,0,1,1,0,0,0,0,0,0,0,0,0,0,0,1.9178308671571465,0.36372654377118296,1.9438666006273733,1.8830849844440802,1.2772228590142458,1.3867362753895096,2.138333744551361,2.19569857166311,2.1248558721792126,1.2024378191401746,0.23076923076923078,-0.34615384615384615,0.7692307692307693,-0.07692307692307693,0.5384615384615384,1.2307692307692308,-0.5384615384615384,-0.38461538461538464,-0.19230769230769232,-0.23076923076923078
1,1,0,0,0.5798061790772799,0.5,0.8184283630189536,0,6,5,4,3,2,1,0,6,5,1,0,0,1,1,1,1,1,0,0,0,1,1,0,0,0,0,0,1,1,0,0,0,0,0,0,0,0,0,0,-0.1322641977349756,1.9178308671571465,0.35892355951791316,1.9158342885213686,1.8830849844440802,1.2725344644750793,1.3981412945143512,2.1464455754391727,2.1907428759677154,2.1248558721792126,-0.3076923076923077,0.23076923076923078,-0.34615384615384615,0.7692307692307693,-0.07692307692307693,0.5384615384615384,1.2307692307692308,-0.5,-0.38461538461538464,-0.19230769230769232
2,1,0,0,-0.13252712664623542,0.2692307692307692,-0.10740637086397689,1,0,6,5,4,3,2,1,0,6,1,1,0,0,1,1,1,1,1,0,0,0,1,1,0,0,0,0,0,1,0,0,0,0,0,0,0,0,0,0,0.5786558650905184,-0.1322641977349756,1.9108469539375927,0.34386769281152774,1.9158342885213686,1.8761726078799248,1.2830002467308166,1.4076506320801185,2.1413276231263385,2.1907428759677154,0.5384615384615384,-0.3076923076923077,0.23076923076923078,-0.34615384615384615,0.7692307692307693,-0.07692307692307693,0.5384615384615384,1.2692307692307692,-0.5,-0.38461538461538464
3,1,0,0,0.28162014412325026,-0.46153846153846156,0.10086933784232968,2,1,0,6,5,4,3,2,1,0,1,1,1,0,0,1,1,1,1,1,0,0,0,1,1,0,0,0,0,0,0,0,0,0,0,0,0,0,0,0,-0.1322641977349756,0.5786558650905184,-0.1363711408287931,1.8830849844440802,0.34386769281152774,1.9088016967126191,1.8916029278723576,1.2927269742242655,1.4000988305056827,2.1413276231263385,0.3076923076923077,0.5384615384615384,-0.3076923076923077,0.23076923076923078,-0.34615384615384615,0.7692307692307693,-0.07692307692307693,0.5769230769230769,1.2692307692307692,-0.5
4,1,0,0,7.272426074712168,-0.5384615384615384,6.508477276952202,3,2,1,0,6,5,4,3,2,1,1,1,1,1,0,0,1,1,1,1,0,0,0,0,1,1,0,0,0,0,0,0,0,0,0,0,0,0,0,0,0.2810614201868232,-0.1322641977349756,0.5735512630014858,-0.14737186834779759,1.8830849844440802,0.3426054327432906,1.9245003700962247,1.900180594319488,1.284796573875803,1.4000988305056827,-0.4230769230769231,0.3076923076923077,0.5384615384615384,-0.3076923076923077,0.23076923076923078,-0.34615384615384615,0.7692307692307693,-0.038461538461538464,0.5769230769230769,1.2692307692307692
5,0,1,0,0.5301085065849417,-0.5384615384615384,0.34592111026836564,4,3,2,1,0,6,5,4,3,2,1,1,1,1,1,0,0,1,1,1,0,0,0,0,0,1,1,0,0,0,0,0,0,0,0,0,0,0,0,0,7.257997850706787,0.2810614201868232,-0.1363711408287931,0.556738169313902,-0.14737186834779759,1.8761726078799248,0.3454231433506044,1.933015925135446,1.8942513589194532,1.284796573875803,-0.5,-0.4230769230769231,0.3076923076923077,0.5384615384615384,-0.3076923076923077,0.23076923076923078,-0.34615384615384615,0.8076923076923077,-0.038461538461538464,0.5769230769230769
6,0,1,0,0.6129379607388388,-0.6153846153846154,0.6727803489783405,5,4,3,2,1,0,6,5,4,3,0,1,1,1,1,1,0,0,1,1,1,0,0,0,0,0,1,1,0,0,0,0,0,0,0,0,0,0,0,0,0.5290567909399024,7.257997850706787,0.2763744427934621,-0.14737186834779759,0.556738169313902,-0.14683089974712454,1.8916029278723576,0.3569200459694632,1.9271948608137044,1.8942513589194532,-0.5,-0.5,-0.4230769230769231,0.3076923076923077,0.5384615384615384,-0.3076923076923077,0.23076923076923078,-0.3076923076923077,0.8076923076923077,-0.038461538461538464
0,1,0,0,-0.5798061790772799,-1.1538461538461537,-0.6020128808733709,6,5,4,3,2,1,0,6,5,4,0,0,1,1,1,1,1,0,0,1,1,1,0,0,0,0,0,1,1,0,0,0,0,0,0,0,0,0,0,0,0.6117219145242622,0.5290567909399024,7.24351989433713,0.26199443261830685,-0.14737186834779759,0.5546945101558038,-0.1480384900074019,1.900180594319488,0.34590676988963925,1.9271948608137044,-0.5769230769230769,-0.5,-0.5,-0.4230769230769231,0.3076923076923077,0.5384615384615384,-0.3076923076923077,0.2692307692307692,-0.3076923076923077,0.8076923076923077
1,1,0,0,-0.3147519257848091,0.38461538461538464,-0.33286397047128796,0,6,5,4,3,2,1,0,6,5,1,0,0,1,1,1,1,1,0,0,0,1,1,0,0,0,0,0,1,1,0,0,0,0,0,0,0,0,0,0,-0.5786558650905184,0.6117219145242622,0.5240217929668152,7.172097592926149,0.26199443261830685,-0.14683089974712454,0.5592565178057405,-0.1356099162699064,1.8942513589194532,0.34590676988963925,-1.1153846153846154,-0.5769230769230769,-0.5,-0.5,-0.4230769230769231,0.3076923076923077,0.5384615384615384,-0.2692307692307692,0.2692307692307692,-0.3076923076923077
2,1,0,0,0.5963720699080594,0.6923076923076923,0.5572108581285817,1,0,6,5,4,3,2,1,0,6,1,1,0,0,1,1,1,1,1,0,0,0,1,1,0,0,0,0,0,1,0,0,0,0,0,0,0,0,0,0,-0.3141274696205671,-0.5786558650905184,0.6065709096912663,0.5076142131979695,7.172097592926149,0.26103271066155476,-0.1480384900074019,0.57034969627319,-0.1482457585241311,1.8942513589194532,0.4230769230769231,-1.1153846153846154,-0.5769230769230769,-0.5,-0.5,-0.4230769230769231,0.3076923076923077,0.5769230769230769,-0.2692307692307692,0.2692307692307692
3,1,0,0,0.2981860349540297,0.3076923076923077,0.20154723400331112,2,1,0,6,5,4,3,2,1,0,1,1,1,0,0,1,1,1,1,1,0,0,0,1,1,0,0,0,0,0,0,0,0,0,0,0,0,0,0,0,0.5951888898073903,-0.3141274696205671,-0.5821363711408287,0.5894874733911903,0.5076142131979695,7.145770454360061,0.2631795377909367,-0.1356099162699064,0.5600395322022731,-0.1482457585241311,0.7307692307692307,0.4230769230769231,-1.1153846153846154,-0.5769230769230769,-0.5,-0.5,-0.4230769230769231,0.34615384615384615,0.5769230769230769,-0.2692307692307692
4,1,0,0,1.3584030481239129,0.5384615384615384,1.5020811987050837,3,2,1,0,6,5,4,3,2,1,1,1,1,1,0,0,1,1,1,1,0,0,0,0,1,1,0,0,0,0,0,0,0,0,0,0,0,0,0,0,0.29759444490369513,0.5951888898073903,-0.31797919762258536,-0.5894874733911903,0.5894874733911903,0.5057508769067623,7.204539847026893,0.27483171892956826,-0.1482457585241311,0.5600395322022731,0.34615384615384615,0.7307692307692307,0.4230769230769231,-1.1153846153846154,-0.5769230769230769,-0.5,-0.5,-0.38461538461538464,0.34615384615384615,0.5769230769230769
5,0,1,0,0.04969767249233828,0.15384615384615385,0.035050170269281984,4,3,2,1,0,6,5,4,3,2,1,1,1,1,1,0,0,1,1,1,0,0,0,0,0,1,1,0,0,0,0,0,0,0,0,0,0,0,0,0,1.3557080267835,0.29759444490369513,0.5900610863463761,-0.32749304077288355,-0.5894874733911903,0.5873235989884982,0.5099103544699399,7.203086521096701,0.2635480151540109,-0.1482457585241311,0.5769230769230769,0.34615384615384615,0.7307692307692307,0.4230769230769231,-1.1153846153846154,-0.5769230769230769,-0.5,-0.46153846153846156,-0.38461538461538464,0.34615384615384615
6,0,1,0,0.6460697424003976,0.23076923076923078,0.6958385656348758,5,4,3,2,1,0,6,5,4,3,0,1,1,1,1,1,0,0,1,1,1,0,0,0,0,0,1,1,0,0,0,0,0,0,0,0,0,0,0,0,0.04959907415061585,1.3557080267835,0.29288426613835233,0.5731128213525462,-0.32749304077288355,-0.5873235989884982,0.5921539600296076,0.521096700049253,7.214626914841047,0.2635480151540109,0.19230769230769232,0.5769230769230769,0.34615384615384615,0.7307692307692307,0.4230769230769231,-1.1153846153846154,-0.5769230769230769,-0.46153846153846156,-0.46153846153846156,-0.38461538461538464
0,1,0,0,-0.5632402882465005,-0.7307692307692307,-0.5971947373382194,6,5,4,3,2,1,0,6,5,4,0,0,1,1,1,1,1,0,0,1,1,1,0,0,0,0,0,1,1,0,0,0,0,0,0,0,0,0,0,0,0.6447879639580061,0.04959907415061585,1.3495129602113258,0.278369084656951,0.5731128213525462,-0.3262908883269434,-0.5921539600296076,0.603185027089148,0.510624279360896,7.214626914841047,0.2692307692307692,0.19230769230769232,0.5769230769230769,0.34615384615384615,0.7307692307692307,0.4230769230769231,-1.1153846153846154,-0.5384615384615384,-0.46153846153846156,-0.46153846153846156
1,1,0,0,0.347883707446368,0.07692307692307693,0.3195926261100189,0,6,5,4,3,2,1,0,6,5,1,0,0,1,1,1,1,1,0,0,0,1,1,0,0,0,0,0,1,1,0,0,0,0,0,0,0,0,0,0,-0.5621228403736463,0.6447879639580061,0.0452369159649992,1.3263468151301783,0.278369084656951,0.571009054572151,-0.3289744222386709,-0.578886882285339,0.5929830340965244,0.510624279360896,-0.6923076923076923,0.2692307692307692,0.19230769230769232,0.5769230769230769,0.34615384615384615,0.7307692307692307,0.4230769230769231,-1.0769230769230769,-0.5384615384615384,-0.46153846153846156
2,1,0,0,0.0,0.6538461538461539,0.07348909176389287,1,0,6,5,4,3,2,1,0,6,1,1,0,0,1,1,1,1,1,0,0,0,1,1,0,0,0,0,0,1,0,0,0,0,0,0,0,0,0,0,0.347193519054311,-0.5621228403736463,0.6395905563810467,0.032749304077288356,1.3263468151301783,0.2773472550779019,0.5757052389176741,-0.31620423575767526,-0.5929830340965244,0.5929830340965244,0.11538461538461539,-0.6923076923076923,0.2692307692307692,0.19230769230769232,0.5769230769230769,0.34615384615384615,0.7307692307692307,0.46153846153846156,-1.0769230769230769,-0.5384615384615384
3,1,0,0,0.016565890830779428,-0.038461538461538464,0.026475567401333847,2,1,0,6,5,4,3,2,1,0,1,1,1,0,0,1,1,1,1,1,0,0,0,1,1,0,0,0,0,0,0,0,0,0,0,0,0,0,0,0,0.0,0.347193519054311,-0.5656265477959385,0.6222367774684787,0.032749304077288356,1.321478097724121,0.27962825890287024,0.586767361681169,-0.3294350189425136,-0.5929830340965244,0.6923076923076923,0.11538461538461539,-0.6923076923076923,0.2692307692307692,0.19230769230769232,0.5769230769230769,0.34615384615384615,0.7692307692307693,0.46153846153846156,-1.0769230769230769
4,1,0,0,0.3147519257848091,0.6153846153846154,0.2180824255661027,3,2,1,0,6,5,4,3,2,1,1,1,1,1,0,0,1,1,1,1,0,0,0,0,1,1,0,0,0,0,0,0,0,0,0,0,0,0,0,0,0.01653302471687195,0.0,0.34241373617302295,-0.5731128213525462,0.6222367774684787,0.032629088832694345,1.3323464100666171,0.29124938433754727,0.5765112831493988,-0.3294350189425136,0.0,0.6923076923076923,0.11538461538461539,-0.6923076923076923,0.2692307692307692,0.19230769230769232,0.5769230769230769,0.38461538461538464,0.7692307692307693,0.46153846153846156
5,0,1,0,0.5798061790772799,0.0,0.6567301819192087,4,3,2,1,0,6,5,4,3,2,1,1,1,1,1,0,0,1,1,1,0,0,0,0,0,1,1,0,0,0,0,0,0,0,0,0,0,0,0,0,0.3141274696205671,0.01653302471687195,-0.004292554069671421,0.32749304077288355,-0.5731128213525462,0.6199526878211925,0.03289744222386709,1.3419799704482025,0.28001976610113655,0.5765112831493988,0.6538461538461539,0.0,0.6923076923076923,0.11538461538461539,-0.6923076923076923,0.2692307692307692,0.19230769230769232,0.6153846153846154,0.38461538461538464,0.7692307692307693
6,0,1,0,2.3192247163091197,0.19230769230769232,1.5459476085986499,5,4,3,2,1,0,6,5,4,3,0,1,1,1,1,1,0,0,1,1,1,0,0,0,0,0,1,1,0,0,0,0,0,0,0,0,0,0,0,0,0.5786558650905184,0.3141274696205671,0.012217269275218786,-0.016374652038644178,0.32749304077288355,-0.571009054572151,0.6250514022534747,0.044984403217862456,1.33421182671718,0.28001976610113655,0.038461538461538464,0.6538461538461539,0.0,0.6923076923076923,0.11538461538461539,-0.6923076923076923,0.2692307692307692,0.23076923076923078,0.6153846153846154,0.38461538461538464
0,0,0,1,-0.23192247163091198,-0.4230769230769231,-0.31751186515268204,6,5,4,3,2,1,0,6,5,4,0,0,1,1,1,1,1,0,0,1,1,1,0,0,0,0,0,1,1,0,0,0,0,0,0,0,0,0,0,0,2.3146234603620734,0.5786558650905184,0.30939408948324254,0.0,-0.016374652038644178,0.3262908883269434,-0.5757052389176741,0.6360203579051059,0.03294350189425136,1.33421182671718,0.23076923076923078,0.038461538461538464,0.6538461538461539,0.0,0.6923076923076923,0.11538461538461539,-0.6923076923076923,0.3076923076923077,0.23076923076923078,0.6153846153846154
1,1,0,0,-0.5135426157541623,-0.38461538461538464,-0.5375962570816641,0,6,5,4,3,2,1,0,6,5,0,0,0,1,1,1,1,1,0,0,0,1,1,0,0,0,0,0,1,1,1,0,0,0,0,0,0,0,0,0,-0.23146234603620733,2.3146234603620734,0.5735512630014858,0.29474373669559517,0.0,-0.016314544416347172,0.3289744222386709,-0.5624692168773601,0.6259265359907759,0.03294350189425136,-0.38461538461538464,0.23076923076923078,0.038461538461538464,0.6538461538461539,0.0,0.6923076923076923,0.11538461538461539,-0.6538461538461539,0.3076923076923077,0.23076923076923078
2,1,0,0,0.662635633231177,0.23076923076923078,0.6158025185670707,1,0,6,5,4,3,2,1,0,6,1,0,0,0,1,1,1,1,1,0,0,0,1,1,0,0,0,0,0,1,0,1,0,0,0,0,0,0,0,0,-0.5125237662230305,-0.23146234603620733,2.3070827142149577,0.556738169313902,0.29474373669559517,0.0,-0.016448721111933545,0.3405023805614842,-0.5765112831493988,0.6259265359907759,-0.34615384615384615,-0.38461538461538464,0.23076923076923078,0.038461538461538464,0.6538461538461539,0.0,0.6923076923076923,0.15384615384615385,-0.6538461538461539,0.3076923076923077
3,1,0,0,-0.2484883624616914,-0.11538461538461539,-0.2771777877454561,2,1,0,6,5,4,3,2,1,0,1,1,0,0,0,1,1,1,1,1,0,0,0,1,1,0,0,0,0,0,0,0,1,0,0,0,0,0,0,0,0.6613209886748781,-0.5125237662230305,-0.23543008089813433,2.2760766333715408,0.556738169313902,0.2936617994942491,0.0,-0.004268593006074504,0.3294350189425136,-0.5765112831493988,0.2692307692307692,-0.34615384615384615,-0.38461538461538464,0.23076923076923078,0.038461538461538464,0.6538461538461539,0.0,0.7307692307692307,0.15384615384615385,-0.6538461538461539
4,1,0,0,-0.26505425329247084,0.5,-0.27593983711698167,3,2,1,0,6,5,4,3,2,1,1,1,1,0,0,0,1,1,1,1,0,0,0,0,1,1,0,0,0,0,0,0,0,1,0,0,0,0,0,0,-0.2479953707530793,0.6613209886748781,-0.5160970777612679,-0.24561978057966266,2.2760766333715408,0.5546945101558038,0.2960769800148038,0.012149072401904482,-0.01647175094712568,0.3294350189425136,-0.07692307692307693,0.2692307692307692,-0.34615384615384615,-0.38461538461538464,0.23076923076923078,0.038461538461538464,0.6538461538461539,0.038461538461538464,0.7307692307692307,0.15384615384615385
5,0,1,0,-0.19879068996935312,0.2692307692307692,-0.10245456835007913,4,3,2,1,0,6,5,4,3,2,1,1,1,1,0,0,0,1,1,1,0,0,0,0,0,1,1,0,0,0,0,0,0,0,1,0,0,0,0,0,-0.2645283954699512,-0.2479953707530793,0.6561003797259369,-0.5239888652366137,-0.24561978057966266,2.267721673872257,0.5592565178057405,0.3076670497455262,0.0,-0.01647175094712568,0.5384615384615384,-0.07692307692307693,0.2692307692307692,-0.34615384615384615,-0.38461538461538464,0.23076923076923078,0.038461538461538464,0.6923076923076923,0.038461538461538464,0.7307692307692307
6,0,1,0,1.1761782489853392,0.19230769230769232,1.7497448660214654,5,4,3,2,1,0,6,5,4,3,0,1,1,1,1,0,0,0,1,1,1,0,0,0,0,0,1,1,0,0,0,0,0,0,0,1,0,0,0,0,-0.1983962966024634,-0.2645283954699512,-0.25193990424302454,0.6386114295071229,-0.5239888652366137,-0.24471816624520756,2.2863722345587627,0.57034969627319,0.2964915170482622,0.0,0.3076923076923077,0.5384615384615384,-0.07692307692307693,0.2692307692307692,-0.34615384615384615,-0.38461538461538464,0.23076923076923078,0.07692307692307693,0.6923076923076923,0.038461538461538464
0,1,0,0,6.013418371572932,-0.5769230769230769,4.465350952582872,6,5,4,3,2,1,0,6,5,4,0,0,1,1,1,1,0,0,0,1,1,1,0,0,0,0,0,1,1,0,0,0,0,0,0,0,1,0,0,0,1.1738447548979085,-0.1983962966024634,-0.26844972758791474,-0.26199443261830685,0.6386114295071229,-0.5220654213231095,-0.24673081667900318,2.294204564110984,0.5600395322022731,0.2964915170482622,0.23076923076923078,0.3076923076923077,0.5384615384615384,-0.07692307692307693,0.2692307692307692,-0.34615384615384615,-0.38461538461538464,0.2692307692307692,0.07692307692307693,0.6923076923076923
1,1,0,0,-0.06626356332311771,-0.5,-0.25905911666590303,0,6,5,4,3,2,1,0,6,5,1,0,0,1,1,1,1,0,0,0,0,1,1,0,0,0,0,0,1,1,0,0,0,0,0,0,0,1,0,0,6.001487972224519,1.1738447548979085,-0.20241043420835392,-0.278369084656951,-0.26199443261830685,0.6362672322375397,-0.5263590755818734,-0.23411590871778032,2.2895733816504693,0.5600395322022731,-0.5384615384615384,0.23076923076923078,0.3076923076923077,0.5384615384615384,-0.07692307692307693,0.2692307692307692,-0.34615384615384615,-0.34615384615384615,0.2692307692307692,0.07692307692307693
2,1,0,0,-0.11596123581545599,-0.34615384615384615,-0.19456603293438948,1,0,6,5,4,3,2,1,0,6,1,1,0,0,1,1,1,1,0,0,0,0,1,1,0,0,0,0,0,1,0,0,0,0,0,0,0,0,1,0,-0.0661320988674878,6.001487972224519,1.1679049034175335,-0.2128704765023743,-0.278369084656951,-0.26103271066155476,0.6415001233654083,-0.5132162206534231,-0.2470762642068852,2.2895733816504693,-0.46153846153846156,-0.5384615384615384,0.23076923076923078,0.3076923076923077,0.5384615384615384,-0.07692307692307693,0.2692307692307692,-0.3076923076923077,-0.34615384615384615,0.2692307692307692
3,1,0,0,0.14909301747701484,-0.8076923076923077,-0.10933362827803753,2,1,0,6,5,4,3,2,1,0,1,1,1,0,0,1,1,1,1,0,0,0,0,1,1,0,0,0,0,0,0,0,0,0,0,0,0,0,0,1,-0.11573117301810366,-0.0661320988674878,5.988773320125474,1.1462256427050923,-0.2128704765023743,-0.2773472550779019,-0.2631795377909367,0.652438023313085,-0.5270960303080218,-0.2470762642068852,-0.3076923076923077,-0.46153846153846156,-0.5384615384615384,0.23076923076923078,0.3076923076923077,0.5384615384615384,-0.07692307692307693,0.3076923076923077,-0.3076923076923077,-0.34615384615384615
4,1,0,0,0.04969767249233828,-0.11538461538461539,0.0,3,2,1,0,6,5,4,3,2,1,1,1,1,1,0,0,1,1,1,1,0,0,0,0,1,1,0,0,0,0,0,0,0,0,0,0,0,0,0,0,0.14879722245184757,-0.11573117301810366,-0.07033184744923225,5.927624037989192,1.1462256427050923,-0.21208907741251323,-0.27962825890287024,-0.2505335741257593,0.6423982869379015,-0.5270960303080218,-0.7692307692307693,-0.3076923076923077,-0.46153846153846156,-0.5384615384615384,0.23076923076923078,0.3076923076923077,0.5384615384615384,-0.038461538461538464,0.3076923076923077,-0.3076923076923077
5,0,1,0,-0.016565890830779428,0.38461538461538464,0.03273944582886223,4,3,2,1,0,6,5,4,3,2,1,1,1,1,1,0,0,1,1,1,0,0,0,0,0,1,1,0,0,0,0,0,0,0,0,0,0,0,0,0,0.04959907415061585,0.14879722245184757,-0.11986131748390287,-0.08187326019322089,5.927624037989192,1.142018109144302,-0.2138333744551361,-0.2669512395337383,-0.2635480151540109,0.6423982869379015,-0.07692307692307693,-0.7692307692307693,-0.3076923076923077,-0.46153846153846156,-0.5384615384615384,0.23076923076923078,0.3076923076923077,0.5769230769230769,-0.038461538461538464,0.3076923076923077
6,0,1,0,0.11596123581545599,-0.11538461538461539,0.20156357658586524,5,4,3,2,1,0,6,5,4,3,0,1,1,1,1,1,0,0,1,1,1,0,0,0,0,0,1,1,0,0,0,0,0,0,0,0,0,0,0,0,-0.01653302471687195,0.04959907415061585,0.14429585603434045,-0.13099721630915342,-0.08187326019322089,5.905865078717676,1.1514104778353482,-0.20128057790182233,-0.28001976610113655,-0.2635480151540109,0.4230769230769231,-0.07692307692307693,-0.7692307692307693,-0.3076923076923077,-0.46153846153846156,-0.5384615384615384,0.23076923076923078,0.34615384615384615,0.5769230769230769,-0.038461538461538464
0,1,0,0,-0.43071316160026507,-0.38461538461538464,-0.4404378528064446,6,5,4,3,2,1,0,6,5,4,0,0,1,1,1,1,1,0,0,1,1,1,0,0,0,0,0,1,1,0,0,0,0,0,0,0,0,0,0,0,0.11573117301810366,-0.01653302471687195,0.0452369159649992,0.13099721630915342,-0.13099721630915342,-0.08157272208173585,5.9544370425199435,1.1613856509604337,-0.21413276231263384,-0.28001976610113655,-0.07692307692307693,0.4230769230769231,-0.07692307692307693,-0.7692307692307693,-0.3076923076923077,-0.46153846153846156,-0.5384615384615384,0.2692307692307692,0.34615384615384615,0.5769230769230769
1,1,0,0,0.9773875590159862,0.15384615384615385,1.1032731566369416,0,6,5,4,3,2,1,0,6,5,1,0,0,1,1,1,1,1,0,0,0,1,1,0,0,0,0,0,1,1,0,0,0,0,0,0,0,0,0,0,-0.42985864263867074,0.11573117301810366,-0.02080237741456163,0.032749304077288356,0.13099721630915342,-0.13051635533077738,-0.08224360555966773,5.955343950090298,1.1530225662987976,-0.21413276231263384,-0.34615384615384615,-0.07692307692307693,0.4230769230769231,-0.07692307692307693,-0.7692307692307693,-0.3076923076923077,-0.46153846153846156,-0.5,0.2692307692307692,0.34615384615384615
2,1,0,0,1.8719456638780752,1.1153846153846154,2.3729377338849735,1,0,6,5,4,3,2,1,0,6,1,1,0,0,1,1,1,1,1,0,0,0,1,1,0,0,0,0,0,1,0,0,0,0,0,0,0,0,0,0,0.9754484582954451,-0.42985864263867074,0.11127620934456003,-0.032749304077288356,0.032749304077288356,0.13051635533077738,-0.13158976889546836,-0.06993925463799044,5.962773842859496,1.1530225662987976,0.19230769230769232,-0.34615384615384615,-0.07692307692307693,0.4230769230769231,-0.07692307692307693,-0.7692307692307693,-0.3076923076923077,-0.4230769230769231,-0.5,0.2692307692307692
3,1,0,0,0.26505425329247084,-0.07692307692307693,0.36436371468068784,2,1,0,6,5,4,3,2,1,0,1,1,1,0,0,1,1,1,1,1,0,0,0,1,1,0,0,0,0,0,0,0,0,0,0,0,0,0,0,0,1.8682317930065306,0.9754484582954451,-0.4335479610368168,0.09824791223186506,-0.032749304077288356,0.032629088832694345,0.13158976889546836,-0.1191922508619274,-0.0823587547356284,5.962773842859496,1.1538461538461537,0.19230769230769232,-0.34615384615384615,-0.07692307692307693,0.4230769230769231,-0.07692307692307693,-0.7692307692307693,-0.2692307692307692,-0.4230769230769231,-0.5
4,1,0,0,0.6460697424003976,0.9230769230769231,0.9799870485033259,3,2,1,0,6,5,4,3,2,1,1,1,1,1,0,0,1,1,1,1,0,0,0,0,1,1,0,0,0,0,0,0,0,0,0,0,0,0,0,0,0.2645283954699512,1.8682317930065306,0.9697870232788508,-0.44211560504339276,0.09824791223186506,-0.032629088832694345,0.03289744222386709,0.14349039566573638,-0.13177400757700544,-0.0823587547356284,-0.038461538461538464,1.1538461538461537,0.19230769230769232,-0.34615384615384615,-0.07692307692307693,0.4230769230769231,-0.07692307692307693,-0.7307692307692307,-0.2692307692307692,-0.4230769230769231
5,0,1,0,-0.5466743974157211,-0.8461538461538461,-0.5730176374403897,4,3,2,1,0,6,5,4,3,2,1,1,1,1,1,0,0,1,1,1,0,0,0,0,0,1,1,0,0,0,0,0,0,0,0,0,0,0,0,0,0.6447879639580061,0.2645283954699512,1.861317483902922,0.9497298182413623,-0.44211560504339276,0.09788726649808303,-0.03289744222386709,0.044984403217862456,0.13177400757700544,-0.13177400757700544,0.9615384615384616,-0.038461538461538464,1.1538461538461537,0.19230769230769232,-0.34615384615384615,-0.07692307692307693,0.4230769230769231,-0.038461538461538464,-0.7307692307692307,-0.2692307692307692
6,0,1,0,0.09939534498467656,-0.038461538461538464,0.03864845674950119,5,4,3,2,1,0,6,5,4,3,0,1,1,1,1,1,0,0,1,1,1,0,0,0,0,0,1,1,0,0,0,0,0,0,0,0,0,0,0,0,-0.5455898156567744,0.6447879639580061,0.2598646194485719,1.8339610283281478,0.9497298182413623,-0.44049269924137363,0.09869232667160127,-0.02068625841405349,0.03294350189425136,0.13177400757700544,-0.8076923076923077,0.9615384615384616,-0.038461538461538464,1.1538461538461537,0.19230769230769232,-0.34615384615384615,-0.07692307692307693,0.46153846153846156,-0.038461538461538464,-0.7307692307692307
0,0,0,1,0.033131781661558855,-0.5,0.22143382231702216,6,5,4,3,2,1,0,6,5,4,0,0,1,1,1,1,1,0,0,1,1,1,0,0,0,0,0,1,1,0,0,0,0,0,0,0,0,0,0,0,0.0991981483012317,-0.5455898156567744,0.6395905563810467,0.24561978057966266,1.8339610283281478,0.9462435761481359,-0.4441154700222057,0.1106550648497784,-0.03294350189425136,0.03294350189425136,0.0,-0.8076923076923077,0.9615384615384616,-0.038461538461538464,1.1538461538461537,0.19230769230769232,-0.34615384615384615,-0.038461538461538464,0.46153846153846156,-0.038461538461538464
1,1,0,0,0.033131781661558855,-0.07692307692307693,0.1867297645996899,0,6,5,4,3,2,1,0,6,5,0,0,0,1,1,1,1,1,0,0,0,1,1,0,0,0,0,0,1,1,1,0,0,0,0,0,0,0,0,0,0.0330660494337439,0.0991981483012317,-0.5491167244510483,0.6222367774684787,0.24561978057966266,1.8272289746308832,0.9540258244921456,-0.43112789361352816,0.09883050568275407,-0.03294350189425136,-0.46153846153846156,0.0,-0.8076923076923077,0.9615384615384616,-0.038461538461538464,1.1538461538461537,0.19230769230769232,-0.3076923076923077,-0.038461538461538464,0.46153846153846156
2,1,0,0,-0.21535658080013254,1.0,-0.16848268751435447,1,0,6,5,4,3,2,1,0,6,1,0,0,0,1,1,1,1,1,0,0,0,1,1,0,0,0,0,0,1,0,1,0,0,0,0,0,0,0,0,0.0330660494337439,0.0330660494337439,0.09476638599966983,-0.556738169313902,0.6222367774684787,0.24471816624520756,1.842256764536557,0.9643736660646857,-0.44473727557239334,0.09883050568275407,-0.038461538461538464,-0.46153846153846156,0.0,-0.8076923076923077,0.9615384615384616,-0.038461538461538464,1.1538461538461537,0.23076923076923078,-0.3076923076923077,-0.038461538461538464
3,1,0,0,0.09939534498467656,0.5,0.12044541708751248,2,1,0,6,5,4,3,2,1,0,1,1,0,0,0,1,1,1,1,1,0,0,0,1,1,0,0,0,0,0,0,0,1,0,0,0,0,0,0,0,-0.21492932131933537,0.0330660494337439,0.028727092620108995,0.08187326019322089,-0.556738169313902,0.6199526878211925,0.24673081667900318,1.850927598095551,0.9553615549332894,-0.44473727557239334,1.0384615384615385,-0.038461538461538464,-0.46153846153846156,0.0,-0.8076923076923077,0.9615384615384616,-0.038461538461538464,1.1923076923076923,0.23076923076923078,-0.3076923076923077
4,1,0,0,0.2484883624616914,0.9615384615384616,0.39277179246904614,3,2,1,0,6,5,4,3,2,1,1,1,1,0,0,0,1,1,1,1,0,0,0,0,1,1,0,0,0,0,0,0,0,1,0,0,0,0,0,0,0.0991981483012317,-0.21492932131933537,0.028727092620108995,0.016374652038644178,0.08187326019322089,-0.5546945101558038,0.6250514022534747,0.2584140535215893,1.844836106078076,0.9553615549332894,0.5384615384615384,1.0384615384615385,-0.038461538461538464,-0.46153846153846156,0.0,-0.8076923076923077,0.9615384615384616,0.0,1.1923076923076923,0.23076923076923078
5,0,1,0,-0.347883707446368,0.4230769230769231,-0.3336011376772112,4,3,2,1,0,6,5,4,3,2,1,1,1,1,0,0,0,1,1,1,0,0,0,0,0,1,1,0,0,0,0,0,0,0,1,0,0,0,0,0,0.2479953707530793,0.0991981483012317,-0.21892025755324412,0.016374652038644178,0.016374652038644178,0.08157272208173585,-0.5592565178057405,0.6360203579051059,0.2470762642068852,1.844836106078076,1.0,0.5384615384615384,1.0384615384615385,-0.038461538461538464,-0.46153846153846156,0.0,-0.8076923076923077,1.0,0.0,1.1923076923076923
6,0,1,0,-0.09939534498467656,-0.6538461538461539,-0.016001139311469487,5,4,3,2,1,0,6,5,4,3,0,1,1,1,1,0,0,0,1,1,1,0,0,0,0,0,1,1,0,0,0,0,0,0,0,1,0,0,0,0,-0.347193519054311,0.2479953707530793,0.09476638599966983,-0.22924512854101847,0.016374652038644178,0.016314544416347172,0.08224360555966773,-0.546051551469381,0.6259265359907759,0.2470762642068852,0.46153846153846156,1.0,0.5384615384615384,1.0384615384615385,-0.038461538461538464,-0.46153846153846156,0.0,-0.7692307692307693,1.0,0.0
0,0,0,1,-0.46384494326182396,0.0,-0.46572566465429166,6,5,4,3,2,1,0,6,5,4,0,0,1,1,1,1,0,0,0,1,1,1,0,0,0,0,0,1,1,0,0,0,0,0,0,0,1,0,0,0,-0.0991981483012317,-0.347193519054311,0.2433547961036817,0.08187326019322089,-0.22924512854101847,0.016314544416347172,0.016448721111933545,0.09423739944179942,-0.5600395322022731,0.6259265359907759,-0.6153846153846154,0.46153846153846156,1.0,0.5384615384615384,1.0384615384615385,-0.038461538461538464,-0.46153846153846156,0.038461538461538464,-0.7692307692307693,1.0
1,1,0,0,-0.5392197465418703,-0.19230769230769232,-0.5535279404172787,0,6,5,4,3,2,1,0,6,5,0,0,0,1,1,1,1,0,0,0,0,1,1,0,0,0,0,0,1,1,1,0,0,0,0,0,0,1,0,0,-0.46292469207241466,-0.0991981483012317,-0.3509988443123658,0.22924512854101847,0.08187326019322089,-0.2284036218288604,0.016448721111933545,0.028566737809883468,0.0823587547356284,-0.5600395322022731,0.038461538461538464,-0.6153846153846154,0.46153846153846156,1.0,0.5384615384615384,1.0384615384615385,-0.038461538461538464,-0.4230769230769231,0.038461538461538464,-0.7692307692307693
2,1,0,0,0.2165161931582871,1.2307692307692308,0.39183793060881084,1,0,6,5,4,3,2,1,0,6,1,0,0,0,1,1,1,1,0,0,0,0,1,1,0,0,0,0,0,1,0,1,0,0,0,0,0,0,1,0,-0.538149954534182,-0.46292469207241466,-0.10335149413901266,-0.36024234485017187,0.22924512854101847,0.08157272208173585,-0.23028209556706963,0.028566737809883468,0.01647175094712568,0.0823587547356284,-0.15384615384615385,0.038461538461538464,-0.6153846153846154,0.46153846153846156,1.0,0.5384615384615384,1.0384615384615385,0.0,-0.4230769230769231,0.038461538461538464
3,1,0,0,0.7812474115795577,0.038461538461538464,0.9697764363889779,2,1,0,6,5,4,3,2,1,0,1,1,0,0,0,1,1,1,1,0,0,0,0,1,1,0,0,0,0,0,0,0,1,0,0,0,0,0,0,1,0.21608663304951642,-0.538149954534182,-0.4665676077265972,-0.11462256427050924,-0.36024234485017187,0.2284036218288604,0.08224360555966773,-0.21769824330980134,0.01647175094712568,0.01647175094712568,1.2692307692307692,-0.15384615384615385,0.038461538461538464,-0.6153846153846154,0.46153846153846156,1.0,0.5384615384615384,1.0769230769230769,0.0,-0.4230769230769231
4,1,0,0,0.6190673403462272,0.8461538461538461,0.9196910901699075,3,2,1,0,6,5,4,3,2,1,1,1,1,0,0,0,1,1,1,1,0,0,0,0,1,1,0,0,0,0,0,0,0,1,0,0,0,0,0,0,0.7796974456476812,0.21608663304951642,-0.5416873039458476,-0.47486490912068113,-0.11462256427050924,-0.35891997715963775,0.23028209556706963,0.09423739944179942,-0.2306045132597595,0.01647175094712568,0.07692307692307693,1.2692307692307692,-0.15384615384615385,0.038461538461538464,-0.6153846153846154,0.46153846153846156,1.0,0.5769230769230769,1.0769230769230769,0.0
5,0,1,0,0.6654518346724096,0.4230769230769231,1.0039143403535427,4,3,2,1,0,6,5,4,3,2,1,1,1,1,0,0,0,1,1,1,0,0,0,0,0,1,1,0,0,0,0,0,0,0,1,0,0,0,0,0,0.6178391336695049,0.7796974456476812,0.21149083704804358,-0.5493695758965121,-0.47486490912068113,-0.1142018109144302,-0.361871864462538,0.2419963881136103,0.0823587547356284,-0.2306045132597595,0.8846153846153846,0.07692307692307693,1.2692307692307692,-0.15384615384615385,0.038461538461538464,-0.6153846153846154,0.46153846153846156,1.0384615384615385,0.5769230769230769,1.0769230769230769
6,0,1,0,0.07670007454650879,1.0384615384615385,0.28980360009583755,5,4,3,2,1,0,6,5,4,3,0,1,1,1,1,0,0,0,1,1,1,0,0,0,0,0,1,1,0,0,0,0,0,0,0,1,0,0,0,0,0.6641316028767463,0.6178391336695049,0.7743107148753507,0.1976420501064352,-0.5493695758965121,-0.47312178807406796,-0.11514104778353482,-0.3490395665736332,0.2306045132597595,0.0823587547356284,0.46153846153846156,0.8846153846153846,0.07692307692307693,1.2692307692307692,-0.15384615384615385,0.038461538461538464,-0.6153846153846154,0.5,1.0384615384615385,0.5769230769230769
0,1,0,0,-0.21784146442474944,-1.0,-0.16920643045603684,6,5,4,3,2,1,0,6,5,4,0,0,1,1,1,1,0,0,0,1,1,1,0,0,0,0,0,1,1,0,0,0,0,0,0,0,1,0,0,0,0.07654790443911717,0.6641316028767463,0.6126795443288757,0.7558539381038152,0.1976420501064352,-0.5473529651684476,-0.4770129122460728,-0.10277458545394842,-0.3623785208367649,0.2306045132597595,1.0769230769230769,0.46153846153846156,0.8846153846153846,0.07692307692307693,1.2692307692307692,-0.15384615384615385,0.038461538461538464,-0.5769230769230769,0.5,1.0384615384615385
1,1,0,0,-0.03329744056986662,0.38461538461538464,0.1105050412489702,0,6,5,4,3,2,1,0,6,5,1,0,0,1,1,1,1,0,0,0,0,1,1,0,0,0,0,0,1,1,0,0,0,0,0,0,0,1,0,0,-0.21740927502686613,0.07654790443911717,0.6589070496945683,0.5955460946454888,0.7558539381038152,0.19691655110531037,-0.5518545933053703,-0.4639632244294861,-0.11530225662987975,-0.3623785208367649,-0.9615384615384616,1.0769230769230769,0.46153846153846156,0.8846153846153846,0.07692307692307693,1.2692307692307692,-0.15384615384615385,0.07692307692307693,-0.5769230769230769,0.5
2,1,0,0,-0.0294872856787874,0.07692307692307693,0.058720650107934,1,0,6,5,4,3,2,1,0,6,1,1,0,0,1,1,1,1,0,0,0,0,1,1,0,0,0,0,0,1,0,0,0,0,0,0,0,0,1,0,-0.03323137968091259,-0.21740927502686613,0.07214792801717028,0.6413951203536924,0.5955460946454888,0.7530793702585854,0.1985360638210379,-0.5386636020357904,-0.4776807774666447,-0.11530225662987975,0.4230769230769231,-0.9615384615384616,1.0769230769230769,0.46153846153846156,0.8846153846153846,0.07692307692307693,1.2692307692307692,-0.11538461538461539,0.07692307692307693,-0.5769230769230769
3,1,0,0,-0.3364532427731302,0.15384615384615385,-0.3017593665615002,2,1,0,6,5,4,3,2,1,0,1,1,1,0,0,1,1,1,1,0,0,0,0,1,1,0,0,0,0,0,0,0,0,0,0,0,0,0,0,1,-0.029428783996032094,-0.03323137968091259,-0.22139673105497762,0.0594399869002784,0.6413951203536924,0.5933599804225467,0.7592729665268524,0.21031029387621086,-0.5526272442760665,-0.4776807774666447,0.11538461538461539,0.4230769230769231,-0.9615384615384616,1.0769230769230769,0.46153846153846156,0.8846153846153846,0.07692307692307693,1.3076923076923077,-0.11538461538461539,0.07692307692307693
4,1,0,0,0.018885115547088556,0.038461538461538464,0.066346215860418,3,2,1,0,6,5,4,3,2,1,1,1,1,1,0,0,1,1,1,1,0,0,0,0,1,1,0,0,0,0,0,0,0,0,0,0,0,0,0,0,-0.3357857319996694,-0.029428783996032094,-0.037477298992900705,-0.2317013263468151,0.0594399869002784,0.6390407047883188,0.5982399868410231,0.7699885076342144,0.19881403393180697,-0.5526272442760665,0.19230769230769232,0.11538461538461539,0.4230769230769231,-0.9615384615384616,1.0769230769230769,0.46153846153846156,0.8846153846153846,0.11538461538461539,1.3076923076923077,-0.11538461538461539
5,0,1,0,-0.5320964134846351,0.07692307692307693,-0.5358668616492409,4,3,2,1,0,6,5,4,3,2,1,1,1,1,1,0,0,1,1,1,0,0,0,0,0,1,1,0,0,0,0,0,0,0,0,0,0,0,0,0,0.018847648177234035,-0.3357857319996694,-0.03368003962357601,-0.04928770263631894,-0.2317013263468151,0.059221796231340273,0.6442964059544369,0.6092595632901003,0.7603360237193213,0.19881403393180697,0.07692307692307693,0.19230769230769232,0.11538461538461539,0.4230769230769231,-0.9615384615384616,1.0769230769230769,0.46153846153846156,0.9230769230769231,0.11538461538461539,1.3076923076923077
6,0,1,0,1.1606063116044067,-0.11538461538461539,1.7592013846836734,5,4,3,2,1,0,6,5,4,3,0,1,1,1,1,1,0,0,1,1,1,0,0,0,0,0,1,1,0,0,0,0,0,0,0,0,0,0,0,0,-0.5310407539059271,0.018847648177234035,-0.33960706620439157,-0.04552153266743083,-0.04928770263631894,-0.23085080349131246,0.05970885763631881,0.6552290264324414,0.599077581946961,0.7603360237193213,0.11538461538461539,0.07692307692307693,0.19230769230769232,0.11538461538461539,0.4230769230769231,-0.9615384615384616,1.0769230769230769,0.5,0.9230769230769231,0.11538461538461539
0,1,0,0,-0.5518098235732627,-0.7692307692307693,-0.5678901521640352,6,5,4,3,2,1,0,6,5,4,0,0,1,1,1,1,1,0,0,1,1,1,0,0,0,0,0,1,1,0,0,0,0,0,0,0,0,0,0,0,1.1583037116640489,-0.5310407539059271,0.014528644543503425,-0.34894383494350745,-0.04552153266743083,-0.049106778693204955,-0.23274940373385963,0.07174519783286824,0.6451984845989129,0.599077581946961,-0.07692307692307693,0.11538461538461539,0.07692307692307693,0.19230769230769232,0.11538461538461539,0.4230769230769231,-0.9615384615384616,1.1153846153846154,0.5,0.9230769230769231
1,1,0,0,0.34589580054667446,0.8846153846153846,0.6620736227507427,0,6,5,4,3,2,1,0,6,5,1,0,0,1,1,1,1,1,0,0,0,1,1,0,0,0,0,0,1,1,0,0,0,0,0,0,0,0,0,0,-0.5507150533190047,1.1583037116640489,-0.5345880799075449,0.002292451285410194,-0.34894383494350745,-0.04535443347744515,-0.049510650546919936,-0.22016089312099815,0.05979245593806626,0.6451984845989129,-0.7307692307692307,-0.07692307692307693,0.11538461538461539,0.07692307692307693,0.19230769230769232,0.11538461538461539,0.4230769230769231,-0.9230769230769231,1.1153846153846154,0.5
2,1,0,0,-0.11596123581545599,0.07692307692307693,0.04963767618982026,1,0,6,5,4,3,2,1,0,6,1,1,0,0,1,1,1,1,1,0,0,0,1,1,0,0,0,0,0,1,0,0,0,0,0,0,0,0,0,0,0.3452095560882864,-0.5507150533190047,1.1523856694733368,-0.542328475519895,0.002292451285410194,-0.34766294151235827,-0.045727444691175276,-0.03726810047611223,-0.23307527590182833,0.05979245593806626,0.9230769230769231,-0.7307692307692307,-0.07692307692307693,0.11538461538461539,0.07692307692307693,0.19230769230769232,0.11538461538461539,0.46153846153846156,-0.9230769230769231,1.1153846153846154
3,1,0,0,-0.2857616168309451,0.15384615384615385,-0.22020929595278863,2,1,0,6,5,4,3,2,1,0,1,1,1,0,0,1,1,1,1,1,0,0,0,1,1,0,0,0,0,0,0,0,0,0,0,0,0,0,0,0,-0.11573117301810366,0.3452095560882864,-0.5542347696879643,1.130833469788767,-0.542328475519895,0.0022840362182886135,-0.35052224689530387,-0.03349203743227712,-0.04957997035084826,-0.23307527590182833,0.11538461538461539,0.9230769230769231,-0.7307692307692307,-0.07692307692307693,0.11538461538461539,0.07692307692307693,0.19230769230769232,0.15384615384615385,0.46153846153846156,-0.9230769230769231
4,1,0,0,0.24418123084568877,0.3076923076923077,0.41010018294937506,3,2,1,0,6,5,4,3,2,1,1,1,1,1,0,0,1,1,1,1,0,0,0,0,1,1,0,0,0,0,0,0,0,0,0,0,0,0,0,0,-0.2851946763660412,-0.11573117301810366,0.34043255737163614,-0.5618143114458818,1.130833469788767,-0.5403377110694183,0.0023028209556707055,-0.33771137744212776,-0.045791467633009404,-0.04957997035084826,0.19230769230769232,0.11538461538461539,0.9230769230769231,-0.7307692307692307,-0.07692307692307693,0.11538461538461539,0.07692307692307693,0.23076923076923078,0.15384615384615385,0.46153846153846156
5,0,1,0,-0.15058394765178498,0.2692307692307692,-0.009169939803848153,4,3,2,1,0,6,5,4,3,2,1,1,1,1,1,0,0,1,1,1,0,0,0,0,0,1,1,0,0,0,0,0,0,0,0,0,0,0,0,0,0.24369678432669262,-0.2851946763660412,-0.11986131748390287,0.3255280825282463,-0.5618143114458818,1.1266824373929356,-0.544781643227239,0.01444754555902155,-0.35101301268324825,-0.045791467633009404,0.34615384615384615,0.19230769230769232,0.11538461538461539,0.9230769230769231,-0.7307692307692307,-0.07692307692307693,0.11538461538461539,0.11538461538461539,0.23076923076923078,0.15384615384615385
6,0,0,1,-0.17940859769734116,0.038461538461538464,-0.004857832664211583,5,4,3,2,1,0,6,5,4,3,0,1,1,1,1,1,0,0,1,1,1,0,0,0,0,0,1,1,0,0,0,0,0,0,0,0,0,0,0,0,-0.15028519467636603,0.24369678432669262,-0.2890870067690275,-0.13099721630915342,0.3255280825282463,-0.5597520189248715,1.1359486799901306,-0.5316040059103595,0.0023060451325976044,-0.35101301268324825,0.3076923076923077,0.34615384615384615,0.19230769230769232,0.11538461538461539,0.9230769230769231,-0.7307692307692307,-0.07692307692307693,0.15384615384615385,0.11538461538461539,0.23076923076923078
0,1,0,0,-0.38234076037438913,-0.4230769230769231,-0.37629204895420604,6,5,4,3,2,1,0,6,5,4,0,0,1,1,1,1,1,0,0,1,0,1,0,0,0,0,0,1,1,0,1,0,0,0,0,0,0,0,0,0,-0.17905265768372322,-0.15028519467636603,0.23906224203401027,-0.29883739970525625,-0.13099721630915342,0.3243331429969818,-0.5643556213504399,1.1459530454769333,-0.5455443913688025,0.0023060451325976044,0.07692307692307693,0.3076923076923077,0.34615384615384615,0.19230769230769232,0.11538461538461539,0.9230769230769231,-0.7307692307692307,-0.038461538461538464,0.15384615384615385,0.11538461538461539
1,1,0,0,-0.033463099478174496,1.2307692307692308,0.11678701325004064,0,6,5,4,3,2,1,0,6,5,1,0,0,1,1,1,1,1,0,0,0,0,1,0,0,0,0,0,1,1,0,1,0,0,0,0,0,0,0,0,-0.38158221046540464,-0.17905265768372322,-0.1543668482747234,0.22498771901097103,-0.29883739970525625,-0.13051635533077738,0.32700057570523894,-0.5511410277458546,1.1375391204084995,-0.5455443913688025,-0.38461538461538464,0.07692307692307693,0.3076923076923077,0.34615384615384615,0.19230769230769232,0.11538461538461539,0.9230769230769231,-0.6923076923076923,-0.038461538461538464,0.15384615384615385
2,1,0,0,0.978215853557525,0.6923076923076923,1.362356787176676,1,0,6,5,4,3,2,1,0,6,1,1,0,0,1,1,1,1,1,0,0,0,0,1,0,0,0,0,0,1,0,0,1,0,0,0,0,0,0,0,-0.03339670992808139,-0.38158221046540464,-0.18309394089483233,-0.16522023906991976,0.22498771901097103,-0.29774043559833585,-0.13158976889546836,0.3385322607125268,-0.5651457749958821,1.1375391204084995,1.2692307692307692,-0.38461538461538464,0.07692307692307693,0.3076923076923077,0.34615384615384615,0.19230769230769232,0.11538461538461539,0.9615384615384616,-0.6923076923076923,-0.038461538461538464
3,1,0,0,-0.5678787376791188,-1.0,-0.5880668213180819,2,1,0,6,5,4,3,2,1,0,1,1,1,0,0,1,1,1,1,1,0,0,0,0,1,0,0,0,0,0,0,0,0,1,0,0,0,0,0,0,0.9762751095312887,-0.03339670992808139,-0.3853392768697374,-0.19371213361716058,-0.16522023906991976,0.22416184028061018,-0.3001891602927872,-0.1191922508619274,0.32745840882885857,-0.5651457749958821,0.7307692307692307,1.2692307692307692,-0.38461538461538464,0.07692307692307693,0.3076923076923077,0.34615384615384615,0.19230769230769232,0.15384615384615385,0.9615384615384616,-0.6923076923076923
4,1,0,0,-0.1446202269527044,0.2692307692307692,-0.12498165107360554,3,2,1,0,6,5,4,3,2,1,1,1,1,1,0,0,1,1,1,1,0,0,0,0,0,1,0,0,0,0,0,0,0,0,1,0,0,0,0,0,-0.5667520872943705,0.9762751095312887,-0.03764239722634969,-0.3943016210905517,-0.19371213361716058,-0.16461375316094295,0.22600542807796695,-0.287473321293712,-0.13177400757700544,0.32745840882885857,-0.9615384615384616,0.7307692307692307,1.2692307692307692,-0.38461538461538464,0.07692307692307693,0.3076923076923077,0.34615384615384615,0.23076923076923078,0.15384615384615385,0.9615384615384616
5,0,1,0,-0.3588171953946824,-0.07692307692307693,-0.29856322434484484,4,3,2,1,0,6,5,4,3,2,1,1,1,1,1,0,0,1,1,1,0,0,0,0,0,0,1,0,0,0,0,0,0,0,0,1,0,0,0,0,-0.14433330577829215,-0.5667520872943705,0.9706125144460953,-0.04945144915670546,-0.3943016210905517,-0.193001060445387,-0.16596759601940947,0.23772779510753578,-0.30060945478504364,-0.13177400757700544,0.3076923076923077,-0.9615384615384616,0.7307692307692307,1.2692307692307692,-0.38461538461538464,0.07692307692307693,0.3076923076923077,0.38461538461538464,0.23076923076923078,0.15384615384615385
6,0,1,0,-0.22695270438167814,0.038461538461538464,-0.15247629522992118,5,4,3,2,1,0,6,5,4,3,0,1,1,1,1,1,0,0,1,1,1,0,0,0,0,0,0,1,0,0,0,0,0,0,0,0,1,0,0,0,-0.3581053153674465,-0.14433330577829215,-0.5702492983325077,0.9505485508432944,-0.04945144915670546,-0.39285422954563987,-0.19458837075417382,-0.1535051715646035,0.22632185801350688,-0.30060945478504364,-0.038461538461538464,0.3076923076923077,-0.9615384615384616,0.7307692307692307,1.2692307692307692,-0.38461538461538464,0.07692307692307693,0.34615384615384615,0.38461538461538464,0.23076923076923078
0,1,0,0,-0.17576410171456971,-0.15384615384615385,-0.12490869311577465,6,5,4,3,2,1,0,6,5,4,0,0,1,1,1,1,1,0,0,1,1,1,0,0,0,0,0,0,1,0,0,0,0,0,0,0,0,1,0,0,-0.22650243862114572,-0.3581053153674465,-0.14842331187056293,-0.5776977239233666,0.9505485508432944,-0.049269924137368505,-0.3960852043753597,-0.1820719093744869,-0.1661999670564981,0.22632185801350688,0.07692307692307693,-0.038461538461538464,0.3076923076923077,-0.9615384615384616,0.7307692307692307,1.2692307692307692,-0.38461538461538464,0.11538461538461539,0.34615384615384615,0.38461538461538464
1,1,0,0,0.3490433198045225,1.3461538461538463,0.7431952842310713,0,6,5,4,3,2,1,0,6,5,1,0,0,1,1,1,1,1,0,0,0,1,1,0,0,0,0,0,0,1,0,0,0,0,0,0,0,0,1,0,-0.1754153922460114,-0.22650243862114572,-0.36189532771999333,-0.15932536433600786,-0.5776977239233666,0.9470593033689533,-0.049675137758039355,-0.38318831062222947,-0.19486081370449676,-0.1661999670564981,-0.11538461538461539,0.07692307692307693,-0.038461538461538464,0.3076923076923077,-0.9615384615384616,0.7307692307692307,1.2692307692307692,-0.34615384615384615,0.11538461538461539,0.34615384615384615
2,1,0,0,1.1564648388967118,1.1153846153846154,1.5385578429658753,1,0,6,5,4,3,2,1,0,6,1,1,0,0,1,1,1,1,1,0,0,0,1,1,0,0,0,0,0,0,0,0,0,0,0,0,0,0,0,1,0.348350830784492,-0.1754153922460114,-0.23047713389466726,-0.37104961519567703,-0.15932536433600786,-0.5755771270087282,0.9548482605477422,-0.03743227713019211,-0.3966397628067863,-0.19486081370449676,1.3846153846153846,-0.11538461538461539,0.07692307692307693,-0.038461538461538464,0.3076923076923077,-0.9615384615384616,0.7307692307692307,1.3076923076923077,-0.34615384615384615,0.11538461538461539
3,1,0,0,-0.015737596289240503,0.4230769230769231,0.11209260641137024,2,1,0,6,5,4,3,2,1,0,1,1,1,0,0,1,1,1,1,1,0,0,0,1,1,0,0,0,0,0,0,0,0,0,0,0,0,0,0,0,1.154170455484831,0.348350830784492,-0.17946177975895652,-0.2407073849680694,-0.37104961519567703,-0.15874051717105797,-0.5803108808290155,0.9651945493350846,-0.0497446878603196,-0.3966397628067863,1.1538461538461537,1.3846153846153846,-0.11538461538461539,0.07692307692307693,-0.038461538461538464,0.3076923076923077,-0.9615384615384616,0.7692307692307693,1.3076923076923077,-0.34615384615384615
4,1,0,0,0.34457052928021203,0.6538461538461539,0.5271924522949801,3,2,1,0,6,5,4,3,2,1,1,1,1,1,0,0,1,1,1,1,0,0,0,0,1,1,0,0,0,0,0,0,0,0,0,0,0,0,0,0,-0.0157063734810284,1.154170455484831,0.34356942380716526,-0.19010971016865888,-0.2407073849680694,-0.3696875764744269,-0.1600460564191134,-0.5670661631915942,0.9561851424806457,-0.0497446878603196,0.46153846153846156,1.1538461538461537,1.3846153846153846,-0.11538461538461539,0.07692307692307693,-0.038461538461538464,0.3076923076923077,-0.9230769230769231,0.7692307692307693,1.3076923076923077
5,0,1,0,0.8986995775697839,0.038461538461538464,1.2322955112470528,4,3,2,1,0,6,5,4,3,2,1,1,1,1,1,0,0,1,1,1,0,0,0,0,0,1,1,0,0,0,0,0,0,0,0,0,0,0,0,0,0.3438869141109365,-0.0157063734810284,1.1482582136371142,0.32863926641558866,-0.19010971016865888,-0.2398238029203034,-0.3727280203964141,-0.14759481201773106,-0.581123373414594,0.9561851424806457,0.6923076923076923,0.46153846153846156,1.1538461538461537,1.3846153846153846,-0.11538461538461539,0.07692307692307693,-0.038461538461538464,0.34615384615384615,-0.9230769230769231,0.7692307692307693
6,0,1,0,0.6849995858527292,0.6153846153846154,1.0263947299840572,5,4,3,2,1,0,6,5,4,3,0,1,1,1,1,1,0,0,1,1,1,0,0,0,0,0,1,1,0,0,0,0,0,0,0,0,0,0,0,0,0.8969165908903034,0.3438869141109365,-0.019976886247317166,1.126739806779106,0.32863926641558866,-0.18941186067379065,-0.2417962003454231,-0.3598752257428994,-0.16027013671553286,-0.581123373414594,0.07692307692307693,0.6923076923076923,0.46153846153846156,1.1538461538461537,1.3846153846153846,-0.11538461538461539,0.07692307692307693,0.0,0.34615384615384615,-0.9230769230769231
0,1,0,0,-0.33744719622297686,0.11538461538461539,-0.3482668545285442,6,5,4,3,2,1,0,6,5,4,0,0,1,1,1,1,1,0,0,1,1,1,0,0,0,0,0,1,1,0,0,0,0,0,0,0,0,0,0,0,0.6836405720426552,0.8969165908903034,0.33911177150404487,-0.03193057147535619,1.126739806779106,0.32743290643608775,-0.19096965210954844,-0.2291906090953866,-0.3732498764618679,-0.16027013671553286,0.6538461538461539,0.07692307692307693,0.6923076923076923,0.46153846153846156,1.1538461538461537,1.3846153846153846,-0.11538461538461539,0.11538461538461539,0.0,0.34615384615384615
1,1,0,0,0.34457052928021203,0.7307692307692307,0.4738689400755436,0,6,5,4,3,2,1,0,6,5,1,0,0,1,1,1,1,1,0,0,0,1,1,0,0,0,0,0,1,1,0,0,0,0,0,0,0,0,0,0,-0.3367777134826816,0.6836405720426552,0.8913653623906224,0.32421811036515463,-0.03193057147535619,1.1226038012888488,0.33012583271650625,-0.17846002298473154,-0.24213473892274748,-0.3732498764618679,0.15384615384615385,0.6538461538461539,0.07692307692307693,0.6923076923076923,0.46153846153846156,1.1538461538461537,1.3846153846153846,-0.07692307692307693,0.11538461538461539,0.0
2,1,0,0,-0.3039840967448025,1.1538461538461537,-0.28714617943980547,1,0,6,5,4,3,2,1,0,6,1,1,0,0,1,1,1,1,1,0,0,0,1,1,0,0,0,0,0,1,0,0,0,0,0,0,0,0,0,0,0.3438869141109365,-0.3367777134826816,0.6783886412415385,0.8719502210578024,0.32421811036515463,-0.031813361611877033,1.1318364997121473,0.3416516171400427,-0.1912370284961291,-0.24213473892274748,0.7692307692307693,0.15384615384615385,0.6538461538461539,0.07692307692307693,0.6923076923076923,0.46153846153846156,1.1538461538461537,1.4230769230769231,-0.07692307692307693,0.11538461538461539
3,0,0,1,0.39012672906485546,-0.3076923076923077,0.40089639065309335,2,1,0,6,5,4,3,2,1,0,1,1,1,0,0,1,1,1,1,1,0,0,0,1,1,0,0,0,0,0,0,0,0,0,0,0,0,0,0,0,-0.30338100355460035,0.3438869141109365,-0.3405976556050849,0.6607172097592925,0.8719502210578024,0.32302797944367395,-0.032075006168270456,1.1418486291249388,0.3305880415088124,-0.1912370284961291,1.1923076923076923,0.7692307692307693,0.15384615384615385,0.6538461538461539,0.07692307692307693,0.6923076923076923,0.46153846153846156,1.1923076923076923,1.4230769230769231,-0.07692307692307693
4,1,0,0,0.34059471548082504,0.7692307692307693,0.654774908649341,3,2,1,0,6,5,4,3,2,1,0,1,1,1,0,0,1,1,1,1,0,0,0,0,1,1,0,0,0,0,1,0,0,0,0,0,0,0,0,0,0.3893527320823344,-0.30338100355460035,0.33911177150404487,-0.349926314065826,0.6607172097592925,0.8687494901704869,0.32568467801628415,-0.019865375143654586,1.133421182671718,0.3305880415088124,-0.2692307692307692,1.1923076923076923,0.7692307692307693,0.15384615384615385,0.6538461538461539,0.07692307692307693,0.6923076923076923,0.5,1.1923076923076923,1.4230769230769231
5,0,1,0,0.27615340014909306,0.5,0.5148689777218498,4,3,2,1,0,6,5,4,3,2,1,0,1,1,1,0,0,1,1,1,0,0,0,0,0,1,1,0,0,0,0,1,0,0,0,0,0,0,0,0,0.3399189881788874,0.3893527320823344,-0.30724781244840677,0.32421811036515463,-0.349926314065826,0.6582918671996083,0.8758943992104613,0.33721884747988834,-0.03211991434689512,1.133421182671718,0.8076923076923077,-0.2692307692307692,1.1923076923076923,0.7692307692307693,0.15384615384615385,0.6538461538461539,0.07692307692307693,0.7307692307692307,0.5,1.1923076923076923
6,0,1,0,-0.5561169551892654,-1.0384615384615385,-0.5696761629717352,5,4,3,2,1,0,6,5,4,3,0,1,0,1,1,1,0,0,1,1,1,0,0,0,0,0,1,1,0,0,0,0,1,0,0,0,0,0,0,0,0.27560552203025546,0.3399189881788874,0.38451378570249295,-0.31684951694776486,0.32421811036515463,-0.348641814177339,0.6637058968665185,0.8863897553767855,0.3261406687530884,-0.03211991434689512,0.5384615384615384,0.8076923076923077,-0.2692307692307692,1.1923076923076923,0.7692307692307693,0.15384615384615385,0.6538461538461539,0.11538461538461539,0.7307692307692307,0.5
0,1,0,0,-0.5758303652778929,-0.3076923076923077,-0.5989474793171485,6,5,4,3,2,1,0,6,5,4,0,0,1,0,1,1,1,0,0,1,1,1,0,0,0,0,0,1,1,0,0,0,0,1,0,0,0,0,0,0,-0.5550136397453914,0.27560552203025546,0.3351494139012713,0.3692484034714261,-0.31684951694776486,0.32302797944367395,-0.3515091701620198,0.6746018716138565,0.8771207379344425,0.3261406687530884,-1.0,0.5384615384615384,0.8076923076923077,-0.2692307692307692,1.1923076923076923,0.7692307692307693,0.15384615384615385,0.6923076923076923,0.11538461538461539,0.7307692307692307
1,1,0,0,0.7486126066429223,0.8461538461538461,1.3146761352477112,0,6,5,4,3,2,1,0,6,5,1,0,0,1,0,1,1,1,0,0,0,1,1,0,0,0,0,0,1,1,0,0,0,0,1,0,0,0,0,0,-0.574687939158469,-0.5550136397453914,0.2709262010896484,0.32028819387588015,0.3692484034714261,-0.3156864344563178,0.32568467801628415,-0.33869643736660643,0.664635150716521,0.8771207379344425,-0.2692307692307692,-1.0,0.5384615384615384,0.8076923076923077,-0.2692307692307692,1.1923076923076923,0.7692307692307693,0.19230769230769232,0.6923076923076923,0.11538461538461539
2,1,0,0,1.6325685413733126,0.23076923076923078,1.9712901680980532,1,0,6,5,4,3,2,1,0,6,1,1,0,0,1,0,1,1,1,0,0,0,1,1,0,0,0,0,0,1,0,0,0,0,0,1,0,0,0,0,0.7471273869554435,-0.574687939158469,-0.5585273237576357,0.2565907974455543,0.32028819387588015,0.3678929765886287,-0.3182827535159141,0.33721884747988834,-0.3520013177400757,0.664635150716521,0.8846153846153846,-0.2692307692307692,-1.0,0.5384615384615384,0.8076923076923077,-0.2692307692307692,1.1923076923076923,0.8076923076923077,0.19230769230769232,0.6923076923076923
3,1,0,0,-0.11645821254037939,0.7692307692307693,0.011837282742145273,2,1,0,6,5,4,3,2,1,0,1,1,1,0,0,1,0,1,1,1,0,0,0,1,1,0,0,0,0,0,0,0,0,0,0,0,1,0,0,0,1.629329585847731,0.7471273869554435,-0.578174013538055,-0.5660717209759292,0.2565907974455543,0.3191124887837507,0.3709186610741014,-0.3055327532424889,0.3261406687530884,-0.3520013177400757,0.2692307692307692,0.8846153846153846,-0.2692307692307692,-1.0,0.5384615384615384,0.8076923076923077,-0.2692307692307692,1.2307692307692308,0.8076923076923077,0.19230769230769232
4,1,0,0,4.482067423175682,0.8461538461538461,5.349351009781911,3,2,1,0,6,5,4,3,2,1,1,1,1,1,0,0,1,0,1,1,0,0,0,0,1,1,0,0,0,0,0,0,0,0,0,0,0,1,0,0,-0.11622716375960984,1.629329585847731,0.741786362885917,-0.5855575569019157,-0.5660717209759292,0.2556489110041602,0.32173698494942016,0.3823674273518306,-0.31872838082688193,0.3261406687530884,0.8076923076923077,0.2692307692307692,0.8846153846153846,-0.2692307692307692,-1.0,0.5384615384615384,0.8076923076923077,-0.23076923076923078,1.2307692307692308,0.8076923076923077
5,0,1,0,0.004307131616002618,0.07692307692307693,0.17256541483457075,4,3,2,1,0,6,5,4,3,2,1,1,1,1,1,0,0,1,0,1,0,0,0,0,0,1,1,0,0,0,0,0,0,0,0,0,0,0,1,0,4.473175167396875,-0.11622716375960984,1.622750536569259,0.7235958735876862,-0.5855575569019157,-0.5639938004731218,0.25775145982399866,0.3332786077819735,0.371437983857684,-0.31872838082688193,0.8846153846153846,0.8076923076923077,0.2692307692307692,0.8846153846153846,-0.2692307692307692,-1.0,0.5384615384615384,0.8461538461538461,-0.23076923076923078,1.2307692307692308
6,0,1,0,-0.32783897954112484,0.38461538461538464,-0.26184669431870544,5,4,3,2,1,0,6,5,4,3,0,1,1,1,1,1,0,0,1,0,1,0,0,0,0,0,1,1,0,0,0,0,0,0,0,0,0,0,0,1,0.004298586426386674,4.473175167396875,-0.1203566121842496,1.5973473063697397,0.7235958735876862,-0.5834081083285748,-0.5686322888395426,0.2694138893449352,0.3221874485257783,0.371437983857684,0.11538461538461539,0.8846153846153846,0.8076923076923077,0.2692307692307692,0.8846153846153846,-0.2692307692307692,-1.0,0.5769230769230769,0.8461538461538461,-0.23076923076923078
0,0,0,1,0.7358568707032221,0.23076923076923078,1.185688800457359,6,5,4,3,2,1,0,6,5,4,0,0,1,1,1,1,1,0,0,1,1,1,0,0,0,0,0,1,1,0,0,0,0,0,0,0,0,0,0,0,-0.32718855914689593,0.004298586426386674,4.462605250123823,-0.13148845587031277,1.5973473063697397,0.7209397177583815,-0.5882062669627435,-0.5554096207519291,0.25811233734145944,0.3221874485257783,0.4230769230769231,0.11538461538461539,0.8846153846153846,0.8076923076923077,0.2692307692307692,0.8846153846153846,-0.2692307692307692,-0.9615384615384616,0.5769230769230769,0.8461538461538461
1,1,0,0,-0.4595378116458213,0.19230769230769232,-0.44725329339517444,0,6,5,4,3,2,1,0,6,5,0,0,0,1,1,1,1,1,0,0,0,1,1,0,0,0,0,0,1,1,1,0,0,0,0,0,0,0,0,0,0.7343969579234522,-0.32718855914689593,0.0,4.413951203536924,-0.13148845587031277,1.5914838078146667,0.7268689859363433,-0.574946642587424,-0.5694284302421347,0.25811233734145944,0.2692307692307692,0.4230769230769231,0.11538461538461539,0.8846153846153846,0.8076923076923077,0.2692307692307692,0.8846153846153846,-0.23076923076923078,-0.9615384615384616,0.5769230769230769
2,1,0,0,0.28758386482233084,1.3846153846153846,0.5921915724220087,1,0,6,5,4,3,2,1,0,6,1,0,0,0,1,1,1,1,1,0,0,0,1,1,0,0,0,0,0,1,0,1,0,0,0,0,0,0,0,0,-0.45862610564602796,0.7343969579234522,-0.33102195806504864,-0.012117242508596724,4.413951203536924,-0.1310057916632678,1.6045727444691176,0.7376457067804959,-0.5890298138692143,-0.5694284302421347,0.23076923076923078,0.2692307692307692,0.4230769230769231,0.11538461538461539,0.8846153846153846,0.8076923076923077,0.2692307692307692,0.9230769230769231,-0.23076923076923078,-0.9615384615384616
3,1,0,0,0.19812805433612196,0.6538461538461539,0.5117872335830733,2,1,0,6,5,4,3,2,1,0,1,1,0,0,0,1,1,1,1,1,0,0,0,1,1,0,0,0,0,0,0,0,1,0,0,0,0,0,0,0,0.2870133090848971,-0.45862610564602796,0.7290737989103516,-0.3404290158834124,-0.012117242508596724,4.397748592870544,-0.1320832305288264,1.6136923329502548,0.7278866743534838,-0.5890298138692143,1.4230769230769231,0.23076923076923078,0.2692307692307692,0.4230769230769231,0.11538461538461539,0.8846153846153846,0.8076923076923077,0.3076923076923077,0.9230769230769231,-0.23076923076923078
4,1,0,0,0.4532427731301251,0.5769230769230769,0.7022442743324274,3,2,1,0,6,5,4,3,2,1,1,1,1,0,0,0,1,1,1,1,0,0,0,0,1,1,0,0,0,0,0,0,0,1,0,0,0,0,0,0,0.19773497561378856,0.2870133090848971,-0.46227505365692584,0.7109873915179302,-0.3404290158834124,-0.012072762868096939,4.433917262932806,-0.1196847808241668,1.6068193048921102,0.7278866743534838,0.6923076923076923,1.4230769230769231,0.23076923076923078,0.2692307692307692,0.4230769230769231,0.11538461538461539,0.8846153846153846,0.8461538461538461,0.3076923076923077,0.9230769230769231
5,0,1,0,0.8685496562577655,0.038461538461538464,1.3275593432733201,4,3,2,1,0,6,5,4,3,2,1,1,1,1,0,0,0,1,1,1,0,0,0,0,0,1,1,0,0,0,0,0,0,0,1,0,0,0,0,0,0.4523435562536166,0.19773497561378856,0.2823179791976226,-0.4706074995906337,0.7109873915179302,-0.33917937841585766,-0.012172053622830857,4.43769495977672,-0.13226816010541922,1.6068193048921102,0.6153846153846154,0.6923076923076923,1.4230769230769231,0.23076923076923078,0.2692307692307692,0.4230769230769231,0.11538461538461539,0.9230769230769231,0.8461538461538461,0.3076923076923077
6,0,1,0,0.42806261906734044,0.4230769230769231,0.886442689627217,5,4,3,2,1,0,6,5,4,3,0,1,1,1,1,0,0,0,1,1,1,0,0,0,0,0,1,1,0,0,0,0,0,0,0,1,0,0,0,0,0.8668264859055965,0.4523435562536166,0.1931649331352155,0.2678893073522187,-0.4706074995906337,0.7083775185577942,-0.3419689119170984,0.0,4.440125185307198,-0.13226816010541922,0.07692307692307693,0.6153846153846154,0.6923076923076923,1.4230769230769231,0.23076923076923078,0.2692307692307692,0.4230769230769231,0.15384615384615385,0.9230769230769231,0.8461538461538461
0,1,0,0,0.14511720367762773,-0.5769230769230769,0.38689721770450336,6,5,4,3,2,1,0,6,5,4,0,0,1,1,1,1,0,0,0,1,1,1,0,0,0,0,0,1,1,0,0,0,0,0,0,0,1,0,0,0,0.4272133586839713,0.8668264859055965,0.44741621264652465,0.1794661863435402,0.2678893073522187,-0.46888000652581774,0.7142034706801546,-0.3291741914299786,-0.012189095700873035,4.440125185307198,0.46153846153846156,0.07692307692307693,0.6153846153846154,0.6923076923076923,1.4230769230769231,0.23076923076923078,0.2692307692307692,0.46153846153846156,0.15384615384615385,0.9230769230769231
1,1,0,0,0.6586598194317901,0.7692307692307693,1.2035103867326244,0,6,5,4,3,2,1,0,6,5,1,0,0,1,1,1,1,0,0,0,0,1,1,0,0,0,0,0,1,1,0,0,0,0,0,0,0,1,0,0,0.14482929651979826,0.4272133586839713,0.8613174839029223,0.4316358277386605,0.1794661863435402,0.2669059466514397,-0.4727362447569701,0.7250041044163521,-0.34244770219074283,-0.012189095700873035,-0.5384615384615384,0.46153846153846156,0.07692307692307693,0.6153846153846154,0.6923076923076923,1.4230769230769231,0.23076923076923078,0.3076923076923077,0.46153846153846156,0.15384615384615385
2,1,0,0,0.15406278472624862,0.15384615384615385,0.3022245465006299,1,0,6,5,4,3,2,1,0,6,1,1,0,0,1,1,1,1,0,0,0,0,1,1,0,0,0,0,0,1,0,0,0,0,0,0,0,0,1,0,0.6573530627428289,0.14482929651979826,0.4223212811622916,0.8421483543474702,0.4316358277386605,0.178807406803165,0.2691010773912328,-0.4596946314234116,0.7152034261241971,-0.34244770219074283,0.8076923076923077,-0.5384615384615384,0.46153846153846156,0.07692307692307693,0.6153846153846154,0.6923076923076923,1.4230769230769231,0.2692307692307692,0.3076923076923077,0.46153846153846156
3,1,0,0,0.531433777851404,0.7307692307692307,1.135921550934431,2,1,0,6,5,4,3,2,1,0,1,1,1,0,0,1,1,1,1,0,0,0,0,1,1,0,0,0,0,0,0,0,0,0,0,0,0,0,0,1,0.1537571298669091,0.6573530627428289,0.14033349843156676,0.4067463566399214,0.8421483543474702,0.43005139081491145,0.18027798338679166,0.28074207847644067,-0.47339812222039207,0.7152034261241971,0.19230769230769232,0.8076923076923077,-0.5384615384615384,0.46153846153846156,0.07692307692307693,0.6153846153846154,0.6923076923076923,1.4615384615384615,0.2692307692307692,0.3076923076923077
4,1,0,0,0.6540213699991718,1.3846153846153846,1.021651879061387,3,2,1,0,6,5,4,3,2,1,1,1,1,1,0,0,1,1,1,1,0,0,0,0,1,1,0,0,0,0,0,0,0,0,0,0,0,0,0,0,0.5303794329172522,0.1537571298669091,0.6521380221231633,0.12706729981987877,0.4067463566399214,0.8390570193327351,0.43358828851056824,0.19208668527335418,0.2694778454949761,-0.47339812222039207,0.7692307692307693,0.19230769230769232,0.8076923076923077,-0.5384615384615384,0.46153846153846156,0.07692307692307693,0.6153846153846154,0.7307692307692307,1.4615384615384615,0.2692307692307692
5,0,1,0,0.14793340511886027,0.5384615384615384,0.47200822031902473,4,3,2,1,0,6,5,4,3,2,1,1,1,1,1,0,0,1,1,1,0,0,0,0,0,1,1,0,0,0,0,0,0,0,0,0,0,0,0,0,0.6527238158221047,0.5303794329172522,0.14924880303780746,0.6346815130178484,0.12706729981987877,0.4052532833020638,0.8459577267867423,0.44491873255623055,0.18053039038049745,0.2694778454949761,1.4230769230769231,0.7692307692307693,0.19230769230769232,0.8076923076923077,-0.5384615384615384,0.46153846153846156,0.07692307692307693,0.6538461538461539,0.7307692307692307,1.4615384615384615
6,0,1,0,-0.311604406526961,0.2692307692307692,-0.2298146488489715,5,4,3,2,1,0,6,5,4,3,0,1,1,1,1,1,0,0,1,1,1,0,0,0,0,0,1,1,0,0,0,0,0,0,0,0,0,0,0,0,0.14763991072166652,0.6527238158221047,0.5253425788344064,0.13590961192074663,0.6346815130178484,0.12660086467085402,0.4085862324204293,0.8565096043342638,0.4341953549662329,0.18053039038049745,0.5769230769230769,1.4230769230769231,0.7692307692307693,0.19230769230769232,0.8076923076923077,-0.5384615384615384,0.46153846153846156,0.11538461538461539,0.6538461538461539,0.7307692307692307
0,1,0,0,-0.5554543195560342,-0.15384615384615385,-0.5764145599569956,6,5,4,3,2,1,0,6,5,4,0,0,1,1,1,1,1,0,0,1,1,1,0,0,0,0,0,1,1,0,0,0,0,0,0,0,0,0,0,0,-0.3109861949243614,0.14763991072166652,0.647515271586594,0.508924185361061,0.13590961192074663,0.6323517415776164,0.12764207582860426,0.41996388113610256,0.8471421512106738,0.4341953549662329,0.3076923076923077,0.5769230769230769,1.4230769230769231,0.7692307692307693,0.19230769230769232,0.8076923076923077,-0.5384615384615384,0.5,0.11538461538461539,0.6538461538461539
1,1,0,0,1.0921891824732877,0.7692307692307693,1.5490264344191131,0,6,5,4,3,2,1,0,6,5,1,0,0,1,1,1,1,1,0,0,0,1,1,0,0,0,0,0,1,1,0,0,0,0,0,0,0,0,0,0,-0.5543523187567165,-0.3109861949243614,0.14314016840019814,0.630096610447028,0.508924185361061,0.13541071865568147,0.6375524302985442,0.1395501559678214,0.40915829352660193,0.8471421512106738,-0.11538461538461539,0.3076923076923077,0.5769230769230769,1.4230769230769231,0.7692307692307693,0.19230769230769232,0.8076923076923077,-0.5,0.5,0.11538461538461539
2,1,0,0,1.043485463430796,0.6923076923076923,1.575825935153216,1,0,6,5,4,3,2,1,0,6,1,1,0,0,1,1,1,1,1,0,0,0,1,1,0,0,0,0,0,1,0,0,0,0,0,0,0,0,0,0,1.0900223195833678,-0.5543523187567165,-0.3148423311870562,0.1298509906664483,0.630096610447028,0.50705604046007,0.13652438522904836,0.6484977836151701,0.12782078734969524,0.40915829352660193,0.8076923076923077,-0.11538461538461539,0.3076923076923077,0.5769230769230769,1.4230769230769231,0.7692307692307693,0.19230769230769232,0.8461538461538461,-0.5,0.5
3,1,0,0,-0.11231673983268453,-0.38461538461538464,0.12021720459541749,2,1,0,6,5,4,3,2,1,0,1,1,1,0,0,1,1,1,1,1,0,0,0,1,1,0,0,0,0,0,0,0,0,0,0,0,0,0,0,0,1.0414152269157642,1.0900223195833678,-0.5578669308238401,-0.3243818568855411,0.1298509906664483,0.6277836691410392,0.5112262521588945,0.14841569528813003,0.6384450667105914,0.12782078734969524,0.7307692307692307,0.8076923076923077,-0.11538461538461539,0.3076923076923077,0.5769230769230769,1.4230769230769231,0.7692307692307693,0.23076923076923078,0.8461538461538461,-0.5
4,1,0,0,0.16251138904994622,0.7307692307692307,0.4294136135463667,3,2,1,0,6,5,4,3,2,1,1,1,1,1,0,0,1,1,1,1,0,0,0,0,1,1,0,0,0,0,0,0,0,0,0,0,0,0,0,0,-0.11209390758039185,1.0414152269157642,1.0842000990589402,-0.5654167348943835,-0.3243818568855411,0.12937433722163305,0.6329467883872029,0.5224101132818914,0.1367155328611431,0.6384450667105914,-0.34615384615384615,0.7307692307692307,0.8076923076923077,-0.11538461538461539,0.3076923076923077,0.5769230769230769,1.4230769230769231,0.8076923076923077,0.23076923076923078,0.8461538461538461
5,0,1,0,0.20293216267704797,-0.38461538461538464,0.5336460214128688,4,3,2,1,0,6,5,4,3,2,1,1,1,1,1,0,0,1,1,1,0,0,0,0,0,1,1,0,0,0,0,0,0,0,0,0,0,0,0,0,0.16218897247251388,-0.11209390758039185,1.0356612184249627,1.0632061568691664,-0.5654167348943835,-0.32319112488783747,0.13043835841763302,0.643900837300936,0.5119420194366661,0.1367155328611431,0.7692307692307693,-0.34615384615384615,0.7307692307692307,0.8076923076923077,-0.11538461538461539,0.3076923076923077,0.5769230769230769,1.4615384615384615,0.8076923076923077,0.23076923076923078
6,0,1,0,-0.3728982026008449,0.11538461538461539,-0.26305721275503546,5,4,3,2,1,0,6,5,4,3,0,1,1,1,1,1,0,0,1,1,1,0,0,0,0,0,1,1,0,0,0,0,0,0,0,0,0,0,0,0,0.20252955278168142,0.16218897247251388,-0.11622915634802705,1.0150646798755525,1.0632061568691664,-0.5633412186964678,-0.3258491652274035,0.14234115908717784,0.6338329764453962,0.5119420194366661,-0.34615384615384615,0.7692307692307693,-0.34615384615384615,0.7307692307692307,0.8076923076923077,-0.11538461538461539,0.3076923076923077,0.6153846153846154,1.4615384615384615,0.8076923076923077
0,1,0,0,-0.42110494491841305,-0.8846153846153846,-0.35458968298599997,6,5,4,3,2,1,0,6,5,4,0,0,1,1,1,1,1,0,0,1,1,1,0,0,0,0,0,1,1,0,0,0,0,0,0,0,0,0,0,0,-0.3721583863767876,0.20252955278168142,0.15766881294370155,-0.12739479286065172,1.0150646798755525,1.059303368953422,-0.5679743399950653,-0.3130848793301592,0.13062098501070663,0.6338329764453962,0.15384615384615385,-0.34615384615384615,0.7692307692307693,-0.34615384615384615,0.7307692307692307,0.8076923076923077,-0.11538461538461539,0.34615384615384615,0.6153846153846154,1.4615384615384615
1,1,0,0,0.37488610950053847,0.8076923076923077,0.8837053070494022,0,6,5,4,3,2,1,0,6,5,1,0,0,1,1,1,1,1,0,0,0,1,1,0,0,0,0,0,1,1,0,0,0,0,0,0,0,0,0,0,-0.420269488302885,-0.3721583863767876,0.19795278190523363,0.14426068446045523,-0.12739479286065172,1.011338608369361,1.0680154617978452,-0.5547529141356099,-0.32630538626255967,0.13062098501070663,-0.8461538461538461,0.15384615384615385,-0.34615384615384615,0.7692307692307693,-0.34615384615384615,0.7307692307692307,0.8076923076923077,-0.07692307692307693,0.34615384615384615,0.6153846153846154
2,1,0,0,1.1190259256191502,0.6538461538461539,1.9897677923301342,1,0,6,5,4,3,2,1,0,6,1,1,0,0,1,1,1,1,1,0,0,0,1,1,0,0,0,0,0,1,0,0,0,0,0,0,0,0,0,0,0.3741423493428123,-0.420269488302885,-0.37592867756314996,0.18421483543474698,0.14426068446045523,-0.12692715555918102,1.0196562217287604,1.0781480873419802,-0.5687695602042497,-0.32630538626255967,0.8461538461538461,-0.8461538461538461,0.15384615384615385,-0.34615384615384615,0.7692307692307693,-0.34615384615384615,0.7307692307692307,0.8461538461538461,-0.07692307692307693,0.34615384615384615
3,1,0,0,0.1919986747287336,0.3076923076923077,0.569673244653422,2,1,0,6,5,4,3,2,1,0,1,1,1,0,0,1,1,1,1,1,0,0,0,1,1,0,0,0,0,0,0,0,0,0,0,0,0,0,0,0,1.1168058196247004,0.3741423493428123,-0.4239722634967805,-0.3849680694285246,0.18421483543474698,0.14373113630801862,-0.127971050250843,1.0298801510425217,1.0695107889968705,-0.5687695602042497,0.6923076923076923,0.8461538461538461,-0.8461538461538461,0.15384615384615385,-0.34615384615384615,0.7692307692307693,-0.34615384615384615,0.7692307692307693,0.8461538461538461,-0.07692307692307693
4,1,0,0,0.8274662469974324,1.8461538461538463,1.7165974392924128,3,2,1,0,6,5,4,3,2,1,1,1,1,1,0,0,1,1,1,1,0,0,0,0,1,1,0,0,0,0,0,0,0,0,0,0,0,0,0,0,0.19161775646854598,1.1168058196247004,0.369324748225194,-0.4326183068609792,-0.3849680694285246,0.18353862468390567,0.14491323299613457,-0.11558036447217206,1.0210838412123209,1.0695107889968705,0.34615384615384615,0.6923076923076923,0.8461538461538461,-0.8461538461538461,0.15384615384615385,-0.34615384615384615,0.7692307692307693,-0.3076923076923077,0.7692307692307693,0.8461538461538461
5,0,1,0,-0.3619647146525305,-0.15384615384615385,-0.24996446947453635,4,3,2,1,0,6,5,4,3,2,1,1,1,1,1,0,0,1,1,1,0,0,0,0,0,1,1,0,0,0,0,0,0,0,0,0,0,0,0,0,0.8258245846077541,0.19161775646854598,1.110946012877662,0.3541837235958736,-0.4326183068609792,-0.38355493922832196,0.18504811250925238,0.1567887046461994,-0.1281502223686378,1.0210838412123209,1.8846153846153846,0.34615384615384615,0.6923076923076923,0.8461538461538461,-0.8461538461538461,0.15384615384615385,-0.34615384615384615,0.8076923076923077,-0.3076923076923077,0.7692307692307693
6,0,1,0,0.2547834009773876,0.8461538461538461,0.8651518065411771,5,4,3,2,1,0,6,5,4,3,0,1,1,1,1,1,0,0,1,1,1,0,0,0,0,0,1,1,0,0,0,0,0,0,0,0,0,0,0,0,-0.3612465900636522,0.8258245846077541,0.18705629849760613,1.08973309317177,0.3541837235958736,-0.4310302634798923,-0.3867094333415576,0.1968478082416681,0.14511612584417727,-0.1281502223686378,-0.11538461538461539,1.8846153846153846,0.34615384615384615,0.6923076923076923,0.8461538461538461,-0.8461538461538461,0.15384615384615385,-0.3076923076923077,0.8076923076923077,-0.3076923076923077
0,1,0,0,-0.561252381346807,-0.3076923076923077,-0.5724135455495499,6,5,4,3,2,1,0,6,5,4,0,0,1,1,1,1,1,0,0,1,1,1,0,0,0,0,0,1,1,0,0,0,0,0,0,0,0,0,0,0,0.25427792014549067,-0.3612465900636522,0.8203731220075945,0.17340756508924188,1.08973309317177,0.35288359572558936,-0.43457521177728425,-0.37383024133968146,0.1853071981551639,0.14511612584417727,0.8846153846153846,-0.11538461538461539,1.8846153846153846,0.34615384615384615,0.6923076923076923,0.8461538461538461,-0.8461538461538461,0.19230769230769232,-0.3076923076923077,0.8076923076923077
1,1,0,0,0.5753333885529696,0.9615384615384616,1.3862443898978325,0,6,5,4,3,2,1,0,6,5,1,0,0,1,1,1,1,1,0,0,0,1,1,0,0,0,0,0,1,1,0,0,0,0,0,0,0,0,0,0,-0.5601388774076218,0.25427792014549067,-0.36503219415552246,0.8015392172916325,0.17340756508924188,1.0857329309079042,0.3557858376511226,-0.42160564767690034,-0.38725086476692466,0.1853071981551639,-0.2692307692307692,0.8846153846153846,-0.11538461538461539,1.8846153846153846,0.34615384615384615,0.6923076923076923,0.8461538461538461,-0.8076923076923077,0.19230769230769232,-0.3076923076923077
2,1,0,0,0.685993539302576,0.5,1.1686236422888838,1,0,6,5,4,3,2,1,0,6,1,1,0,0,1,1,1,1,1,0,0,0,1,1,0,0,0,0,0,1,0,0,0,0,0,0,0,0,0,0,0.574191948416963,-0.5601388774076218,0.24962852897474003,-0.37416079908301947,0.8015392172916325,0.1727710253691166,1.0946623899991774,0.36726317517649,-0.43518366002306047,-0.38725086476692466,1.0,-0.2692307692307692,0.8846153846153846,-0.11538461538461539,1.8846153846153846,0.34615384615384615,0.6923076923076923,0.8846153846153846,-0.8076923076923077,0.19230769230769232
3,1,0,0,1.1261492586763855,0.11538461538461539,1.7321865120580535,2,1,0,6,5,4,3,2,1,0,1,1,1,0,0,1,1,1,1,1,0,0,0,1,1,0,0,0,0,0,0,0,0,0,0,0,0,0,0,0,0.6846325535256674,0.574191948416963,-0.5636453689945518,0.2354674963157033,-0.37416079908301947,0.7985969491801941,0.17419195657537628,1.1047447053029058,0.35628397298632847,-0.43518366002306047,0.5384615384615384,1.0,-0.2692307692307692,0.8846153846153846,-0.11538461538461539,1.8846153846153846,0.34615384615384615,0.7307692307692307,0.8846153846153846,-0.8076923076923077
4,1,0,0,0.589414395759132,0.7692307692307693,1.2023646549628484,3,2,1,0,6,5,4,3,2,1,1,1,1,1,0,0,1,1,1,1,0,0,0,0,1,1,0,0,0,0,0,0,0,0,0,0,0,0,0,0,1.1239150202529553,0.6846325535256674,0.5690936106983655,-0.5711478631079089,0.2354674963157033,-0.3727873399135329,0.8051648984291471,0.18601214907240202,1.0961950255312138,0.35628397298632847,0.15384615384615385,0.5384615384615384,1.0,-0.2692307692307692,0.8846153846153846,-0.11538461538461539,1.8846153846153846,0.38461538461538464,0.7307692307692307,0.8846153846153846
5,0,1,0,-0.5675474198625031,-0.5,-0.5891308401750874,4,3,2,1,0,6,5,4,3,2,1,1,1,1,1,0,0,1,1,1,0,0,0,0,0,1,1,0,0,0,0,0,0,0,0,0,0,0,0,0,0.588245019426304,1.1239150202529553,0.679379230642232,0.5523170132634682,-0.5711478631079089,0.23460314870707236,-0.37585327740768154,0.8157937941224759,0.174435842530061,1.0961950255312138,0.8076923076923077,0.15384615384615385,0.5384615384615384,1.0,-0.2692307692307692,0.8846153846153846,-0.11538461538461539,1.9230769230769231,0.38461538461538464,0.7307692307692307
6,0,1,0,-0.4895220740495321,-0.7307692307692307,-0.46344412339700425,5,4,3,2,1,0,6,5,4,3,0,1,1,1,1,1,0,0,1,1,1,0,0,0,0,0,1,1,0,0,0,0,0,0,0,0,0,0,0,0,-0.566421426800033,0.588245019426304,1.1180452369159648,0.6616996888816111,0.5523170132634682,-0.5690513092421894,0.23653260958960443,-0.36299458217041536,0.8062922088618021,0.174435842530061,-0.46153846153846156,0.8076923076923077,0.15384615384615385,0.5384615384615384,1.0,-0.2692307692307692,0.8846153846153846,-0.07692307692307693,1.9230769230769231,0.38461538461538464
0,1,0,0,-0.5546260250144951,-0.5,-0.5661409121670818,6,5,4,3,2,1,0,6,5,4,0,0,1,1,1,1,1,0,0,1,1,1,0,0,0,0,0,1,1,0,0,0,0,0,0,0,0,0,0,0,-0.4885508803835662,-0.566421426800033,0.5831269605415221,1.096774193548387,0.6616996888816111,0.5502895831633902,-0.5737313923842421,0.24823510096864235,-0.3763795091418218,0.8062922088618021,-0.6923076923076923,-0.46153846153846156,0.8076923076923077,0.15384615384615385,0.5384615384615384,1.0,-0.2692307692307692,0.9230769230769231,-0.07692307692307693,1.9230769230769231
1,1,0,0,0.7998012093100307,1.3076923076923077,1.8929555006068643,0,6,5,4,3,2,1,0,6,5,1,0,0,1,1,1,1,1,0,0,0,1,1,0,0,0,0,0,1,1,0,0,0,0,0,0,0,0,0,0,-0.5535256675208728,-0.4885508803835662,-0.5699191018656099,0.5662354674963156,1.096774193548387,0.6592707398645892,0.5548153631055185,-0.5604990970284026,0.23686377861966731,-0.3763795091418218,-0.46153846153846156,-0.6923076923076923,-0.46153846153846156,0.8076923076923077,0.15384615384615385,0.5384615384615384,1.0,-0.23076923076923078,0.9230769230769231,-0.07692307692307693
2,1,0,0,0.878489190756233,0.7692307692307693,1.548381486071888,1,0,6,5,4,3,2,1,0,6,1,1,0,0,1,1,1,1,1,0,0,0,1,1,0,0,0,0,0,1,0,0,0,0,0,0,0,0,0,0,0.7982144333305778,-0.5535256675208728,-0.49215783391117707,-0.5773702308825936,0.5662354674963156,1.0927481850069336,0.6646928201332345,0.5659169266130357,-0.5745346730357437,0.23686377861966731,1.3461538461538463,-0.46153846153846156,-0.6923076923076923,-0.46153846153846156,0.8076923076923077,0.15384615384615385,0.5384615384615384,1.0384615384615385,-0.23076923076923078,0.9230769230769231
3,1,0,0,-0.2860929346475607,0.6153846153846154,-0.20092738319357994,2,1,0,6,5,4,3,2,1,0,1,1,1,0,0,1,1,1,1,1,0,0,0,1,1,0,0,0,0,0,0,0,0,0,0,0,0,0,0,0,0.8767463007357196,0.7982144333305778,-0.5570414396565955,-0.5002456197805796,-0.5773702308825936,0.5641569459172852,1.1017353400773089,0.6755869315383353,0.5555921594465493,-0.5745346730357437,0.8076923076923077,1.3461538461538463,-0.46153846153846156,-0.6923076923076923,-0.46153846153846156,0.8076923076923077,0.15384615384615385,0.5769230769230769,1.0384615384615385,-0.23076923076923078
4,1,0,0,1.1629255363207158,1.6153846153846154,2.065606713999844,3,2,1,0,6,5,4,3,2,1,1,1,1,1,0,0,1,1,1,1,0,0,0,0,1,1,0,0,0,0,0,0,0,0,0,0,0,0,0,0,-0.2855253368603786,0.8767463007357196,0.7928017170216278,-0.5645980022924512,-0.5002456197805796,-0.5752508361204012,0.5687967760506619,1.111804301428337,0.6656234557733487,0.5555921594465493,0.6538461538461539,0.8076923076923077,1.3461538461538463,-0.46153846153846156,-0.6923076923076923,-0.46153846153846156,0.8076923076923077,0.19230769230769232,0.5769230769230769,1.0384615384615385
5,0,1,0,-0.32767332063281707,-0.2692307692307692,-0.22268052790043633,4,3,2,1,0,6,5,4,3,2,1,1,1,1,1,0,0,1,1,1,0,0,0,0,0,1,1,0,0,0,0,0,0,0,0,0,0,0,0,0,1.160618335124411,-0.2855253368603786,0.8712233779098563,0.7741935483870968,-0.5645980022924512,-0.4984093319194061,-0.5799819064067767,0.5798719422098177,1.103277878438478,0.6656234557733487,1.6538461538461537,0.6538461538461539,0.8076923076923077,1.3461538461538463,-0.46153846153846156,-0.6923076923076923,-0.46153846153846156,0.8461538461538461,0.19230769230769232,0.5769230769230769
6,0,1,0,-0.21552223970844037,-0.11538461538461539,-0.09449573064622366,5,4,3,2,1,0,6,5,4,3,0,1,1,1,1,1,0,0,1,1,1,0,0,0,0,0,1,1,0,0,0,0,0,0,0,0,0,0,0,0,-0.32702322889972724,1.160618335124411,-0.2894172032359253,0.8519731455706565,0.7741935483870968,-0.5625254914756505,-0.5025084299695698,-0.5667378098834346,0.569593147751606,1.103277878438478,-0.23076923076923078,1.6538461538461537,0.6538461538461539,0.8076923076923077,1.3461538461538463,-0.46153846153846156,-0.6923076923076923,-0.4230769230769231,0.8461538461538461,0.19230769230769232
0,1,0,0,-0.3737264971423839,-0.6538461538461539,-0.29708538795102246,6,5,4,3,2,1,0,6,5,4,0,0,1,1,1,1,1,0,0,1,1,1,0,0,0,0,0,1,1,0,0,0,0,0,0,0,0,0,0,0,-0.21509465156650412,-0.32702322889972724,1.1546970447416212,-0.2991648927460291,0.8519731455706565,0.7713516600048943,-0.5671519039394686,-0.4894106058118536,-0.5807939383956514,0.569593147751606,-0.07692307692307693,-0.23076923076923078,1.6538461538461537,0.6538461538461539,0.8076923076923077,1.3461538461538463,-0.46153846153846156,-0.6538461538461539,-0.4230769230769231,0.8461538461538461
1,1,0,0,0.03727325436925371,1.3076923076923077,0.2894516509072614,0,6,5,4,3,2,1,0,6,5,1,0,0,1,1,1,1,1,0,0,0,1,1,0,0,0,0,0,1,1,0,0,0,0,0,0,0,0,0,0,-0.3729850376126313,-0.21509465156650412,-0.33085685983159974,1.133125921074177,-0.2991648927460291,0.8488457459825434,0.777695534172218,-0.5539320308652109,-0.5032119914346895,-0.5807939383956514,-0.6153846153846154,-0.07692307692307693,-0.23076923076923078,1.6538461538461537,0.6538461538461539,0.8076923076923077,1.3461538461538463,-0.4230769230769231,-0.6538461538461539,-0.4230769230769231
