DIA_SEMANA,LABORAL,FIN_DE_SEMANA,FESTIVO,PORCENTAJE_USO,NUMERO_CONEXIONES,USAGE_KB,DIA_SEMANA_lag_1,DIA_SEMANA_lag_2,DIA_SEMANA_lag_3,DIA_SEMANA_lag_4,DIA_SEMANA_lag_5,DIA_SEMANA_lag_6,DIA_SEMANA_lag_7,DIA_SEMANA_lag_8,DIA_SEMANA_lag_9,DIA_SEMANA_lag_10,LABORAL_lag_1,LABORAL_lag_2,LABORAL_lag_3,LABORAL_lag_4,LABORAL_lag_5,LABORAL_lag_6,LABORAL_lag_7,LABORAL_lag_8,LABORAL_lag_9,LABORAL_lag_10,FIN_DE_SEMANA_lag_1,FIN_DE_SEMANA_lag_2,FIN_DE_SEMANA_lag_3,FIN_DE_SEMANA_lag_4,FIN_DE_SEMANA_lag_5,FIN_DE_SEMANA_lag_6,FIN_DE_SEMANA_lag_7,FIN_DE_SEMANA_lag_8,FIN_DE_SEMANA_lag_9,FIN_DE_SEMANA_lag_10,FESTIVO_lag_1,FESTIVO_lag_2,FESTIVO_lag_3,FESTIVO_lag_4,FESTIVO_lag_5,FESTIVO_lag_6,FESTIVO_lag_7,FESTIVO_lag_8,FESTIVO_lag_9,FESTIVO_lag_10,PORCENTAJE_USO_lag_1,PORCENTAJE_USO_lag_2,PORCENTAJE_USO_lag_3,PORCENTAJE_USO_lag_4,PORCENTAJE_USO_lag_5,PORCENTAJE_USO_lag_6,PORCENTAJE_USO_lag_7,PORCENTAJE_USO_lag_8,PORCENTAJE_USO_lag_9,PORCENTAJE_USO_lag_10,NUMERO_CONEXIONES_lag_1,NUMERO_CONEXIONES_lag_2,NUMERO_CONEXIONES_lag_3,NUMERO_CONEXIONES_lag_4,NUMERO_CONEXIONES_lag_5,NUMERO_CONEXIONES_lag_6,NUMERO_CONEXIONES_lag_7,NUMERO_CONEXIONES_lag_8,NUMERO_CONEXIONES_lag_9,NUMERO_CONEXIONES_lag_10
1,1,0,0,2.4766745084113806,0.15384615384615385,-0.20927481490762787,0,6,5,4,3,2,1,0,6,5,0,0,0,1,1,1,1,1,0,0,0,1,1,0,0,0,0,0,1,1,1,0,0,0,0,0,0,0,0,0,1.867681654756092,0.37698078032757776,3.986727209221096,2.528797167774804,6.2438509001775,-0.30022821401403094,-0.49728646572597485,1.3066711196459881,0.39458963012440507,-0.7898780127474568,-0.38461538461538464,-0.23076923076923078,1.1538461538461537,0.5818181818181818,0.23076923076923078,-1.0,-2.3076923076923075,-0.38461538461538464,-1.1538461538461537,1.5384615384615385
2,1,0,0,-0.8466864929646233,-0.6153846153846154,-0.7787894231507972,1,0,6,5,4,3,2,1,0,6,1,0,0,0,1,1,1,1,1,0,0,0,1,1,0,0,0,0,0,1,0,1,0,0,0,0,0,0,0,0,2.4766745084113806,1.867681654756092,0.3596751659098847,3.9409377428546755,2.475361338855549,6.2438509001775,-0.2952325290139435,-0.49728646572597485,1.3066711196459881,0.4097336541302604,0.15384615384615385,-0.38461538461538464,-0.23076923076923078,1.0909090909090908,0.6153846153846154,0.23076923076923078,-1.0,-2.3076923076923075,-0.38461538461538464,-1.1538461538461537
3,1,0,0,-0.8286652758666606,0.38461538461538464,-0.774830463397536,2,1,0,6,5,4,3,2,1,0,1,1,0,0,0,1,1,1,1,1,0,0,0,1,1,0,0,0,0,0,0,0,1,0,0,0,0,0,0,0,-0.8466864929646233,2.4766745084113806,1.8259692630108275,0.3542871945427856,3.857662074211816,2.475361338855549,6.169074058612341,-0.2952325290139435,-0.49728646572597485,1.331940399307754,-0.6153846153846154,0.15384615384615385,-0.38461538461538464,-0.21818181818181817,1.1538461538461537,0.6153846153846154,0.23076923076923078,-1.0,-2.3076923076923075,-0.38461538461538464
4,1,0,0,-0.8361223312175418,0.46153846153846156,-0.7768305096391082,3,2,1,0,6,5,4,3,2,1,1,1,1,0,0,0,1,1,1,1,0,0,0,0,1,1,0,0,0,0,0,0,0,1,0,0,0,0,0,0,-0.8286652758666606,-0.8466864929646233,2.4249912679008037,1.8042483377946636,0.3468007776181219,3.857662074211816,2.446522501461134,6.169074058612341,-0.2952325290139435,-0.49204339200540287,0.38461538461538464,-0.6153846153846154,0.15384615384615385,-0.36363636363636365,-0.23076923076923078,1.1538461538461537,0.6153846153846154,0.23076923076923078,-1.0,-2.3076923076923075
5,0,1,0,-0.8228949354165741,0.23076923076923078,-0.7738236284870877,4,3,2,1,0,6,5,4,3,2,1,1,1,1,0,0,0,1,1,1,0,0,0,0,0,1,1,0,0,0,0,0,0,0,1,0,0,0,0,0,-0.8361223312175418,-0.8286652758666606,-0.8439573873559203,2.3965978758311026,1.766122897472741,0.3468007776181219,3.8119729481506215,2.446522501461134,6.169074058612341,-0.2877464015871006,0.46153846153846156,0.38461538461538464,-0.6153846153846154,0.14545454545454545,-0.38461538461538464,-0.23076923076923078,1.1538461538461537,0.6153846153846154,0.23076923076923078,-1.0
6,0,1,0,-0.8132185183541213,1.4615384615384615,-0.7725267685321778,5,4,3,2,1,0,6,5,4,3,0,1,1,1,1,0,0,0,1,1,1,0,0,0,0,0,1,1,0,0,0,0,0,0,0,1,0,0,0,0,-0.8228949354165741,-0.8361223312175418,-0.8262312259867272,-0.8359381745963216,2.3459555405291184,1.766122897472741,0.34390915922184184,3.8119729481506215,2.446522501461134,6.248322147651007,0.23076923076923078,0.46153846153846156,0.38461538461538464,-0.5818181818181818,0.15384615384615385,-0.38461538461538464,-0.23076923076923078,1.1538461538461537,0.6153846153846154,0.23076923076923078
0,0,0,1,-0.8130409694171955,0.38461538461538464,-0.7732899509662491,6,5,4,3,2,1,0,6,5,4,0,0,1,1,1,1,0,0,0,1,1,1,0,0,0,0,0,1,1,0,0,0,0,0,0,0,1,0,0,0,-0.8132185183541213,-0.8228949354165741,-0.8335661893119106,-0.818409463776876,-0.8182740258642549,2.3459555405291184,1.745929698588962,0.34390915922184184,3.8119729481506215,2.4844455700476975,1.4615384615384615,0.23076923076923078,0.46153846153846156,0.36363636363636365,-0.6153846153846154,0.15384615384615385,-0.38461538461538464,-0.23076923076923078,1.1538461538461537,0.6153846153846154
1,1,0,0,-0.8073594034355718,4.769230769230769,-0.771527269395212,0,6,5,4,3,2,1,0,6,5,0,0,0,1,1,1,1,0,0,0,0,1,1,0,0,0,0,0,1,1,1,0,0,0,0,0,0,1,0,0,-0.8130409694171955,-0.8132185183541213,-0.8205553615089066,-0.8256627234263018,-0.8011157129574845,-0.8182740258642549,2.3186941638139773,1.745929698588962,0.34390915922184184,3.8650542400067533,0.38461538461538464,1.4615384615384615,0.23076923076923078,0.43636363636363634,0.38461538461538464,-0.6153846153846154,0.15384615384615385,-0.38461538461538464,-0.23076923076923078,1.1538461538461537
2,1,0,0,-0.8449997780638288,-0.6153846153846154,-0.7775177144192553,1,0,6,5,4,3,2,1,0,6,1,0,0,0,1,1,1,1,0,0,0,0,1,1,0,0,0,0,0,1,0,1,0,0,0,0,0,0,1,0,-0.8073594034355718,-0.8130409694171955,-0.8110373733845616,-0.8127968223814869,-0.8082157045051137,-0.8011157129574845,-0.8069633464139602,2.3186941638139773,1.745929698588962,0.3584905660377359,4.769230769230769,0.38461538461538464,1.4615384615384615,0.21818181818181817,0.46153846153846156,0.38461538461538464,-0.6153846153846154,0.15384615384615385,-0.38461538461538464,-0.23076923076923078
3,1,0,0,-0.1532691198011452,-0.15384615384615385,-0.3853027254297928,2,1,0,6,5,4,3,2,1,0,1,1,0,0,0,1,1,1,1,0,0,0,0,1,1,0,0,0,0,0,0,0,1,0,0,0,0,0,0,1,-0.8449997780638288,-0.8073594034355718,-0.8108627314006286,-0.8033848545030654,-0.795621671878962,-0.8082157045051137,-0.7900141938715872,-0.8069633464139602,2.3186941638139773,1.7760753028576253,-0.6153846153846154,4.769230769230769,0.38461538461538464,1.3818181818181818,0.23076923076923078,0.46153846153846156,0.38461538461538464,-0.6153846153846154,0.15384615384615385,-0.38461538461538464
4,1,0,0,-0.8456211993430688,-0.07692307692307693,-0.7776636439131714,3,2,1,0,6,5,4,3,2,1,1,1,1,0,0,0,1,1,1,1,0,0,0,0,1,1,0,0,0,0,0,0,0,1,0,0,0,0,0,0,-0.1532691198011452,-0.8449997780638288,-0.8052741879147747,-0.8032121578447456,-0.7864085876088243,-0.795621671878962,-0.7970276363029141,-0.7900141938715872,-0.8069633464139602,2.3551981765227303,-0.15384615384615385,-0.6153846153846154,4.769230769230769,0.36363636363636365,1.4615384615384615,0.23076923076923078,0.46153846153846156,0.38461538461538464,-0.6153846153846154,0.15384615384615385
5,0,1,0,1.93381863376093,1.6153846153846154,0.7327419870265536,4,3,2,1,0,6,5,4,3,2,1,1,1,1,0,0,0,1,1,1,0,0,0,0,0,1,1,0,0,0,0,0,0,0,1,0,0,0,0,0,-0.8456211993430688,-0.1532691198011452,-0.8422982885085575,-0.7976858647785164,-0.7862395401910235,-0.7864085876088243,-0.7845871253235368,-0.7970276363029141,-0.7900141938715872,-0.8051580769068423,-0.07692307692307693,-0.15384615384615385,-0.6153846153846154,4.509090909090909,0.38461538461538464,1.4615384615384615,0.23076923076923078,0.46153846153846156,0.38461538461538464,-0.6153846153846154
6,0,1,0,-0.8142838119756757,-0.6153846153846154,-0.76183907055226,5,4,3,2,1,0,6,5,4,3,0,1,1,1,1,0,0,0,1,1,1,0,0,0,0,0,1,1,0,0,0,0,0,0,0,1,0,0,0,0,1.93381863376093,-0.8456211993430688,-0.1618931191058331,-0.8342975563422848,-0.7808300228214013,-0.7862395401910235,-0.7754863488352677,-0.7845871253235368,-0.7970276363029141,-0.7880207673800177,1.6153846153846154,-0.07692307692307693,-0.15384615384615385,-0.5818181818181818,4.769230769230769,0.38461538461538464,1.4615384615384615,0.23076923076923078,0.46153846153846156,0.38461538461538464
0,1,0,0,-0.758000798970216,-0.46153846153846156,-0.7362639442737967,6,5,4,3,2,1,0,6,5,4,0,0,1,1,1,1,0,0,0,1,1,1,0,0,0,0,0,1,1,0,0,0,0,0,0,0,1,0,0,0,-0.8142838119756757,1.93381863376093,-0.8429095354523227,-0.16147137552888355,-0.8166680753951484,-0.7808300228214013,-0.7753193621107122,-0.7754863488352677,-0.7845871253235368,-0.7951120678738762,-0.6153846153846154,1.6153846153846154,-0.07692307692307693,-0.14545454545454545,-0.6153846153846154,4.769230769230769,0.38461538461538464,1.4615384615384615,0.23076923076923078,0.46153846153846156
1,1,0,0,0.8575169781170935,3.8461538461538463,0.025205062705471248,0,6,5,4,3,2,1,0,6,5,1,0,0,1,1,1,1,0,0,0,0,1,1,0,0,0,0,0,1,1,0,0,0,0,0,0,0,1,0,0,-0.758000798970216,-0.8142838119756757,1.8910234020258465,-0.8349019946464036,-0.15805933564364807,-0.8166680753951484,-0.7699757869249395,-0.7753193621107122,-0.7754863488352677,-0.7825334515216749,-0.46153846153846156,-0.6153846153846154,1.6153846153846154,-0.07272727272727272,-0.15384615384615385,-0.6153846153846154,4.769230769230769,0.38461538461538464,1.4615384615384615,0.23076923076923078
2,1,0,0,-0.6829863731190909,0.15384615384615385,-0.6859842908340755,1,0,6,5,4,3,2,1,0,6,1,1,0,0,1,1,1,1,0,0,0,0,1,1,0,0,0,0,0,1,0,0,0,0,0,0,0,0,1,0,0.8575169781170935,-0.758000798970216,-0.8120852252881592,1.8685778430187374,-0.8172597413574507,-0.15805933564364807,-0.8053769725306839,-0.7699757869249395,-0.7753193621107122,-0.7733316449284539,3.8461538461538463,-0.46153846153846156,-0.6153846153846154,1.5272727272727273,-0.07692307692307693,-0.15384615384615385,-0.6153846153846154,4.769230769230769,0.38461538461538464,1.4615384615384615
3,1,0,0,0.7146788583603355,-1.0769230769230769,0.053761656920676776,2,1,0,6,5,4,3,2,1,0,1,1,1,0,0,1,1,1,1,0,0,0,0,1,1,0,0,0,0,0,0,0,0,0,0,0,0,0,0,1,-0.6829863731190909,0.8575169781170935,-0.756723716381418,-0.8044210344529833,1.829093060603499,-0.8172597413574507,-0.15479669366285387,-0.8053769725306839,-0.7699757869249395,-0.7731628044405048,0.15384615384615385,3.8461538461538463,-0.46153846153846156,-0.5818181818181818,1.6153846153846154,-0.07692307692307693,-0.15384615384615385,-0.6153846153846154,4.769230769230769,0.38461538461538464
4,1,0,0,-0.4446269252962848,-0.6923076923076923,-0.5385562031922797,3,2,1,0,6,5,4,3,2,1,1,1,1,1,0,0,1,1,1,1,0,0,0,0,1,1,0,0,0,0,0,0,0,0,0,0,0,0,0,0,0.7146788583603355,-0.6829863731190909,0.8323436954243799,-0.7496761937656505,-0.7874228721156283,1.829093060603499,-0.8059614260666277,-0.15479669366285387,-0.8053769725306839,-0.7677599088261364,-1.0769230769230769,0.15384615384615385,3.8461538461538463,-0.43636363636363634,-0.6153846153846154,1.6153846153846154,-0.07692307692307693,-0.15384615384615385,-0.6153846153846154,4.769230769230769
5,0,1,0,-0.4379688401615695,-0.8461538461538461,-0.5469860548911041,4,3,2,1,0,6,5,4,3,2,1,1,1,1,1,0,0,1,1,1,0,0,0,0,0,1,1,0,0,0,0,0,0,0,0,0,0,0,0,0,-0.4446269252962848,0.7146788583603355,-0.682937478169752,0.8216907002849494,-0.7338348406728087,-0.7874228721156283,1.8081322534858477,-0.8059614260666277,-0.15479669366285387,-0.8035540922713267,-0.6923076923076923,-1.0769230769230769,0.15384615384615385,3.6363636363636362,-0.46153846153846156,-0.6153846153846154,1.6153846153846154,-0.07692307692307693,-0.15384615384615385,-0.6153846153846154
6,0,1,0,-0.7871188246260374,-1.1538461538461537,-0.765743535988224,5,4,3,2,1,0,6,5,4,3,0,1,1,1,1,1,0,0,1,1,1,0,0,0,0,0,1,1,0,0,0,0,0,0,0,0,0,0,0,0,-0.4379688401615695,-0.4446269252962848,0.6918442193503317,-0.6767118556255937,0.8043276138956977,-0.7338348406728087,-0.7764882691826,1.8081322534858477,-0.8059614260666277,-0.14575155122198305,-0.8461538461538461,-0.6923076923076923,-1.0769230769230769,0.14545454545454545,3.8461538461538463,-0.46153846153846156,-0.6153846153846154,1.6153846153846154,-0.07692307692307693,-0.15384615384615385
0,1,0,0,-0.7923565182653468,-2.1538461538461537,-0.7723208428908528,6,5,4,3,2,1,0,6,5,4,0,0,1,1,1,1,1,0,0,1,1,1,0,0,0,0,0,1,1,0,0,0,0,0,0,0,0,0,0,0,-0.7871188246260374,-0.4379688401615695,-0.44848061473978346,0.6827562386667817,-0.6624123066520159,0.8043276138956977,-0.7235534774985388,-0.7764882691826,1.8081322534858477,-0.8041450339791482,-1.1538461538461537,-0.8461538461538461,-0.6923076923076923,-1.018181818181818,0.15384615384615385,3.8461538461538463,-0.46153846153846156,-0.6153846153846154,1.6153846153846154,-0.07692307692307693
1,1,0,0,-0.6490745261662745,-0.07692307692307693,-0.7327988392710416,0,6,5,4,3,2,1,0,6,5,1,0,0,1,1,1,1,1,0,0,0,1,1,0,0,0,0,0,1,1,0,0,0,0,0,0,0,0,0,0,-0.7923565182653468,-0.7871188246260374,-0.4419315403422983,-0.44486659183144805,0.6683289662750401,-0.6624123066520159,0.7958587292310261,-0.7235534774985388,-0.7764882691826,1.8389683846186313,-2.1538461538461537,-1.1538461538461537,-0.8461538461538461,-0.6545454545454545,-1.0769230769230769,0.15384615384615385,3.8461538461538463,-0.46153846153846156,-0.6153846153846154,1.6153846153846154
2,1,0,0,-0.6621243730303163,-0.6923076923076923,-0.6723861247250477,1,0,6,5,4,3,2,1,0,6,1,1,0,0,1,1,1,1,1,0,0,0,1,1,0,0,0,0,0,1,0,0,0,0,0,0,0,0,0,0,-0.6490745261662745,-0.7923565182653468,-0.7853650017464198,-0.4383904671444608,-0.4354661482545854,0.6683289662750401,-0.6530015863738834,0.7958587292310261,-0.7235534774985388,-0.7743446878561479,-0.07692307692307693,-2.1538461538461537,-1.1538461538461537,-0.8,-0.6923076923076923,-1.0769230769230769,0.15384615384615385,3.8461538461538463,-0.46153846153846156,-0.6153846153846154
3,1,0,0,0.6512938878778464,-1.0769230769230769,0.15273198286546708,2,1,0,6,5,4,3,2,1,0,1,1,1,0,0,1,1,1,1,1,0,0,0,1,1,0,0,0,0,0,0,0,0,0,0,0,0,0,0,0,-0.6621243730303163,-0.6490745261662745,-0.7905169402724415,-0.777998445730075,-0.42912687008705946,-0.4354661482545854,0.6615179093262085,-0.6530015863738834,0.7958587292310261,-0.7208222531763117,-0.6923076923076923,-0.07692307692307693,-2.1538461538461537,-1.0909090909090908,-0.8461538461538461,-0.6923076923076923,-1.0769230769230769,0.15384615384615385,3.8461538461538463,-0.46153846153846156
4,1,0,0,-0.5857783301522481,0.15384615384615385,-0.6068891951719869,3,2,1,0,6,5,4,3,2,1,1,1,1,1,0,0,1,1,1,1,0,0,0,0,1,1,0,0,0,0,0,0,0,0,0,0,0,0,0,0,0.6512938878778464,-0.6621243730303163,-0.6495808592385609,-0.7830929971505051,-0.7615586171921224,-0.42912687008705946,-0.42882190865826175,0.6615179093262085,-0.6530015863738834,0.8154573466717319,-1.0769230769230769,-0.6923076923076923,-0.07692307692307693,-2.036363636363636,-1.1538461538461537,-0.8461538461538461,-0.6923076923076923,-1.0769230769230769,0.15384615384615385,3.8461538461538463
5,0,1,0,-0.3919836654978028,-0.46153846153846156,-0.47211793670629143,4,3,2,1,0,6,5,4,3,2,1,1,1,1,1,0,0,1,1,1,0,0,0,0,0,1,1,0,0,0,0,0,0,0,0,0,0,0,0,0,-0.5857783301522481,0.6512938878778464,-0.6624170450576318,-0.6437267938865383,-0.7665455160172429,-0.7615586171921224,-0.4225599064874343,-0.42882190865826175,0.6615179093262085,-0.6494871470178549,0.15384615384615385,-1.0769230769230769,-0.6923076923076923,-0.07272727272727272,-2.1538461538461537,-1.1538461538461537,-0.8461538461538461,-0.6923076923076923,-1.0769230769230769,0.15384615384615385
6,0,1,0,0.5112965511119002,0.38461538461538464,0.19056780655198538,5,4,3,2,1,0,6,5,4,3,0,1,1,1,1,1,0,0,1,1,1,0,0,0,0,0,1,1,0,0,0,0,0,0,0,0,0,0,0,0,-0.3919836654978028,-0.5857783301522481,0.6294970310862731,-0.6564199982730333,-0.6301242498520835,-0.7665455160172429,-0.7509393003256242,-0.4225599064874343,-0.42882190865826175,0.6796251741167532,-0.46153846153846156,0.15384615384615385,-1.0769230769230769,-0.6545454545454545,-0.07692307692307693,-2.1538461538461537,-1.1538461538461537,-0.8461538461538461,-0.6923076923076923,-1.0769230769230769
0,1,0,0,-0.3898530782546939,-0.9230769230769231,-0.49678002117811604,6,5,4,3,2,1,0,6,5,4,0,0,1,1,1,1,1,0,0,1,1,1,0,0,0,0,0,1,1,0,0,0,0,0,0,0,0,0,0,0,0.5112965511119002,-0.3919836654978028,-0.5873209919664687,0.6211035316466627,-0.6425492350604344,-0.6301242498520835,-0.7558654087000084,-0.7509393003256242,-0.4225599064874343,-0.4228187919463087,0.38461538461538464,-0.46153846153846156,0.15384615384615385,-1.018181818181818,-0.6923076923076923,-0.07692307692307693,-2.1538461538461537,-1.1538461538461537,-0.8461538461538461,-0.6923076923076923
1,1,0,0,1.2410226818766923,3.076923076923077,0.37213841792386215,0,6,5,4,3,2,1,0,6,5,1,0,0,1,1,1,1,1,0,0,0,1,1,0,0,0,0,0,1,1,0,0,0,0,0,0,0,0,0,0,-0.3898530782546939,0.5112965511119002,-0.3966992665036675,-0.5821604351955789,0.6079790381201927,-0.6425492350604344,-0.6211071219838024,-0.7558654087000084,-0.7509393003256242,-0.41648727364822086,-0.9230769230769231,0.38461538461538464,-0.46153846153846156,0.14545454545454545,-1.0769230769230769,-0.6923076923076923,-0.07692307692307693,-2.1538461538461537,-1.1538461538461537,-0.8461538461538461
2,1,0,0,0.6346042878068269,-0.23076923076923078,0.23171599395768058,1,0,6,5,4,3,2,1,0,6,1,1,0,0,1,1,1,1,1,0,0,0,1,1,0,0,0,0,0,1,0,0,0,0,0,0,0,0,0,0,1.2410226818766923,-0.3898530782546939,0.4917918267551518,-0.3936620326396684,-0.5698588454061364,0.6079790381201927,-0.633380646238624,-0.6211071219838024,-0.7558654087000084,-0.7485120931999493,3.076923076923077,-0.9230769230769231,0.38461538461538464,-0.43636363636363634,0.15384615384615385,-1.0769230769230769,-0.6923076923076923,-0.07692307692307693,-2.1538461538461537,-1.1538461538461537
3,1,0,0,-0.11305428558746503,-0.38461538461538464,-0.281274645660854,2,1,0,6,5,4,3,2,1,0,1,1,1,0,0,1,1,1,1,1,0,0,0,1,1,0,0,0,0,0,0,0,0,0,0,0,0,0,0,0,0.6346042878068269,1.2410226818766923,-0.39460356269647223,0.4849322165616095,-0.3853435888766799,-0.5698588454061364,0.6019036486599316,-0.633380646238624,-0.6211071219838024,-0.7534928875944451,-0.23076923076923078,3.076923076923077,-0.9230769230769231,0.36363636363636365,-0.46153846153846156,0.15384615384615385,-1.0769230769230769,-0.6923076923076923,-0.07692307692307693,-2.1538461538461537
4,1,0,0,-0.8343468418482843,0.07692307692307693,-0.7697944549019243,3,2,1,0,6,5,4,3,2,1,1,1,1,1,0,0,1,1,1,1,0,0,0,0,1,1,0,0,0,0,0,0,0,0,0,0,0,0,0,0,-0.11305428558746503,0.6346042878068269,1.209570380719525,-0.3915896727398325,0.4746851491843462,-0.3853435888766799,-0.561576354679803,0.6019036486599316,-0.633380646238624,-0.6172386138195939,-0.38461538461538464,-0.23076923076923078,3.076923076923077,-0.8727272727272727,0.38461538461538464,-0.46153846153846156,0.15384615384615385,-1.0769230769230769,-0.6923076923076923,-0.07692307692307693
5,0,1,0,-0.37893381863376085,-0.23076923076923078,-0.4949033731261929,4,3,2,1,0,6,5,4,3,2,1,1,1,1,1,0,0,1,1,1,0,0,0,0,0,1,1,0,0,0,0,0,0,0,0,0,0,0,0,0,-0.8343468418482843,-0.11305428558746503,0.613080684596577,1.1947154822554185,-0.3833150198630716,0.4746851491843462,-0.3793103448275863,-0.561576354679803,0.6019036486599316,-0.6296483896838462,0.07692307692307693,-0.38461538461538464,-0.23076923076923078,2.909090909090909,-0.9230769230769231,0.38461538461538464,-0.46153846153846156,0.15384615384615385,-1.0769230769230769,-0.6923076923076923
6,0,0,1,-0.8459762972169204,-1.4615384615384615,-0.7772779918215296,5,4,3,2,1,0,6,5,4,3,0,1,1,1,1,1,0,0,1,1,1,0,0,0,0,0,1,1,0,0,0,0,0,0,0,0,0,0,0,0,-0.37893381863376085,-0.8343468418482843,-0.12233670974502274,0.6048700457646146,1.1694700363451949,-0.3833150198630716,0.4702346163480003,-0.3793103448275863,-0.561576354679803,0.6193491199189567,-0.23076923076923078,0.07692307692307693,-0.38461538461538464,-0.21818181818181817,3.076923076923077,-0.9230769230769231,0.38461538461538464,-0.46153846153846156,0.15384615384615385,-1.0769230769230769
0,1,0,0,0.017266634116028294,0.0,-0.09014316351432543,6,5,4,3,2,1,0,6,5,4,0,0,1,1,1,1,1,0,0,1,0,1,0,0,0,0,0,1,1,0,1,0,0,0,0,0,0,0,0,0,-0.8459762972169204,-0.37893381863376085,-0.8318197694725812,-0.12235558241948019,0.5920885808469276,1.1694700363451949,-0.3773065041329215,0.4702346163480003,-0.3793103448275863,-0.5570469798657718,-1.4615384615384615,-0.23076923076923078,0.07692307692307693,-0.36363636363636365,-0.23076923076923078,3.076923076923077,-0.9230769230769231,0.38461538461538464,-0.46153846153846156,0.15384615384615385
1,1,0,0,0.4591859381241954,2.923076923076923,0.3894689207839296,0,6,5,4,3,2,1,0,6,5,1,0,0,1,1,1,1,1,0,0,0,0,1,0,0,0,0,0,1,1,0,1,0,0,0,0,0,0,0,0,0.017266634116028294,-0.8459762972169204,-0.38386308068459657,-0.823935756843105,-0.11977009551179107,0.5920885808469276,1.1565500542706857,-0.3773065041329215,0.4702346163480003,-0.3727575872694272,0.0,-1.4615384615384615,-0.23076923076923078,0.07272727272727272,-0.38461538461538464,-0.23076923076923078,3.076923076923077,-0.9230769230769231,0.38461538461538464,-0.46153846153846156
2,1,0,0,-0.6251054196812995,-0.46153846153846156,-0.5804374439623866,1,0,6,5,4,3,2,1,0,6,1,1,0,0,1,1,1,1,1,0,0,0,0,1,0,0,0,0,0,1,0,0,1,0,0,0,0,0,0,0,0.4591859381241954,0.017266634116028294,-0.8432588194201887,-0.3809688282531733,-0.8065252303271068,-0.11977009551179107,0.5862068965517242,1.1565500542706857,-0.3773065041329215,0.48621839517116205,2.923076923076923,0.0,-1.4615384615384615,-0.21818181818181817,0.07692307692307693,-0.38461538461538464,-0.23076923076923078,3.076923076923077,-0.9230769230769231,0.38461538461538464
3,1,0,0,-0.39562341870478046,0.0,-0.3205844358334981,2,1,0,6,5,4,3,2,1,0,1,1,1,0,0,1,1,1,1,1,0,0,0,0,1,0,0,0,0,0,0,0,0,1,0,0,0,0,0,0,-0.6251054196812995,0.4591859381241954,0.0058505064617534195,-0.835247387963043,-0.37291860366832896,-0.8065252303271068,-0.11697420055105624,0.5862068965517242,1.1565500542706857,-0.3707315014140391,-0.46153846153846156,2.923076923076923,0.0,-1.3818181818181818,-0.23076923076923078,0.07692307692307693,-0.38461538461538464,-0.23076923076923078,3.076923076923077,-0.9230769230769231
4,1,0,0,-0.3847929335523103,0.07692307692307693,-0.3149306504139112,3,2,1,0,6,5,4,3,2,1,1,1,1,1,0,0,1,1,1,1,0,0,0,0,0,1,0,0,0,0,0,0,0,0,1,0,0,0,0,0,-0.39562341870478046,-0.6251054196812995,0.44053440447083464,0.004403764787151413,-0.8175978361930522,-0.37291860366832896,-0.79535776905736,-0.11697420055105624,0.5862068965517242,1.180152800641594,0.0,-0.46153846153846156,2.923076923076923,0.0,-1.4615384615384615,-0.23076923076923078,0.07692307692307693,-0.38461538461538464,-0.23076923076923078,3.076923076923077
5,0,1,0,-0.24230991166940388,-0.23076923076923078,-0.23580280576306226,4,3,2,1,0,6,5,4,3,2,1,1,1,1,1,0,0,1,1,1,0,0,0,0,0,0,1,0,0,0,0,0,0,0,0,1,0,0,0,0,-0.3847929335523103,-0.39562341870478046,-0.6260041914076143,0.4342457473447888,0.004310709153917717,-0.8175978361930522,-0.3670368205727645,-0.79535776905736,-0.11697420055105624,0.6034781140517498,0.07692307692307693,0.0,-0.46153846153846156,2.7636363636363637,0.0,-1.4615384615384615,-0.23076923076923078,0.07692307692307693,-0.38461538461538464,-0.23076923076923078
6,0,1,0,-0.45847574237649247,-0.38461538461538464,-0.4382607221662906,5,4,3,2,1,0,6,5,4,3,0,1,1,1,1,1,0,0,1,1,1,0,0,0,0,0,0,1,0,0,0,0,0,0,0,0,1,0,0,0,-0.24230991166940388,-0.3847929335523103,-0.4002794271742927,-0.620412745013384,0.4250697320598427,0.004310709153917717,-0.8062953995157386,-0.3670368205727645,-0.79535776905736,-0.10750918070153223,-0.23076923076923078,0.07692307692307693,0.0,-0.43636363636363634,2.923076923076923,0.0,-1.4615384615384615,-0.23076923076923078,0.07692307692307693,-0.38461538461538464
0,1,0,0,-0.10914820897509876,-0.7692307692307693,-0.0536408786501286,6,5,4,3,2,1,0,6,5,4,0,0,1,1,1,1,1,0,0,1,1,1,0,0,0,0,0,0,1,0,0,0,0,0,0,0,0,1,0,0,-0.45847574237649247,-0.24230991166940388,-0.3896262661543835,-0.3972023141352215,-0.6073028484489899,0.4250697320598427,0.005594055272605842,-0.8062953995157386,-0.3670368205727645,-0.793423662994386,-0.38461538461538464,-0.23076923076923078,0.07692307692307693,0.0,-0.46153846153846156,2.923076923076923,0.0,-1.4615384615384615,-0.23076923076923078,0.07692307692307693
1,1,0,0,0.4299791379999112,3.4615384615384617,0.3834622322614611,0,6,5,4,3,2,1,0,6,5,1,0,0,1,1,1,1,1,0,0,0,1,1,0,0,0,0,0,0,1,0,0,0,0,0,0,0,0,1,0,-0.10914820897509876,-0.45847574237649247,-0.24947607404820124,-0.38666781797772215,-0.3888090609415941,-0.6073028484489899,0.42122401269099097,0.005594055272605842,-0.8062953995157386,-0.3603478114051749,-0.7692307692307693,-0.38461538461538464,-0.23076923076923078,0.07272727272727272,0.0,-0.46153846153846156,2.923076923076923,0.0,-1.4615384615384615,-0.23076923076923078
2,1,0,0,-0.619335079231213,-0.46153846153846156,-0.5654593664629527,1,0,6,5,4,3,2,1,0,6,1,1,0,0,1,1,1,1,1,0,0,0,1,1,0,0,0,0,0,0,0,0,0,0,0,0,0,0,0,1,0.4299791379999112,-0.10914820897509876,-0.46210268948655253,-0.24807874967619378,-0.3784971684557518,-0.3888090609415941,-0.5985639141688236,0.42122401269099097,0.005594055272605842,-0.8044827149550462,3.4615384615384617,-0.7692307692307693,-0.38461538461538464,-0.21818181818181817,0.07692307692307693,0.0,-0.46153846153846156,2.923076923076923,0.0,-1.4615384615384615
3,1,0,0,-0.590039504638466,-0.46153846153846156,-0.5626217320848458,2,1,0,6,5,4,3,2,1,0,1,1,1,0,0,1,1,1,1,1,0,0,0,1,1,0,0,0,0,0,0,0,0,0,0,0,0,0,0,0,-0.619335079231213,0.4299791379999112,-0.11849458609849814,-0.45833693118038166,-0.24283661567069567,-0.3784971684557518,-0.3827335726809719,-0.5985639141688236,0.42122401269099097,0.016419737453041303,-0.46153846153846156,3.4615384615384617,-0.7692307692307693,-0.36363636363636365,-0.23076923076923078,0.07692307692307693,0.0,-0.46153846153846156,2.923076923076923,0.0
4,1,0,0,0.07488126414843092,-0.23076923076923078,0.04519687938815981,3,2,1,0,6,5,4,3,2,1,1,1,1,1,0,0,1,1,1,1,0,0,0,0,1,1,0,0,0,0,0,0,0,0,0,0,0,0,0,0,-0.590039504638466,-0.619335079231213,0.41180579811386653,-0.11855625593644767,-0.44865184684303944,-0.24283661567069567,-0.37254738248309266,-0.3827335726809719,-0.5985639141688236,0.43666371195812753,-0.46153846153846156,-0.46153846153846156,3.4615384615384617,-0.7272727272727273,-0.38461538461538464,-0.23076923076923078,0.07692307692307693,0.0,-0.46153846153846156,2.923076923076923
5,0,1,0,0.19028807315016202,0.23076923076923078,0.019054278632457247,4,3,2,1,0,6,5,4,3,2,1,1,1,1,1,0,0,1,1,1,0,0,0,0,0,1,1,0,0,0,0,0,0,0,0,0,0,0,0,0,0.07488126414843092,-0.590039504638466,-0.6203283269297939,0.40583714705120455,-0.11605105232017585,-0.44865184684303944,-0.2385405360273859,-0.37254738248309266,-0.3827335726809719,-0.5944451479464775,-0.23076923076923078,-0.46153846153846156,-0.46153846153846156,3.272727272727273,-0.7692307692307693,-0.38461538461538464,-0.23076923076923078,0.07692307692307693,0.0,-0.46153846153846156
6,0,1,0,-0.6211105686004704,0.0,-0.5641192778428791,5,4,3,2,1,0,6,5,4,3,0,1,1,1,1,1,0,0,1,1,1,0,0,0,0,0,1,1,0,0,0,0,0,0,0,0,0,0,0,0,0.19028807315016202,0.07488126414843092,-0.5915123995808592,-0.614800103617995,0.39726143183162876,-0.11605105232017585,-0.44184687317358273,-0.2385405360273859,-0.37254738248309266,-0.3762188172723819,0.23076923076923078,-0.23076923076923078,-0.46153846153846156,-0.43636363636363634,3.4615384615384617,-0.7692307692307693,-0.38461538461538464,-0.23076923076923078,0.07692307692307693,0.0
0,1,0,0,-0.5802743131075502,0.46153846153846156,-0.5807751515344833,6,5,4,3,2,1,0,6,5,4,0,0,1,1,1,1,1,0,0,1,1,1,0,0,0,0,0,1,1,0,0,0,0,0,0,0,0,0,0,0,-0.6211105686004704,0.19028807315016202,0.06252183024799159,-0.5863051549952509,-0.6018088073704674,0.39726143183162876,-0.11330049261083751,-0.44184687317358273,-0.2385405360273859,-0.3659195475074923,0.0,0.23076923076923078,-0.23076923076923078,-0.43636363636363634,-0.46153846153846156,3.4615384615384617,-0.7692307692307693,-0.38461538461538464,-0.23076923076923078,0.07692307692307693
1,1,0,0,0.8294642460828265,0.6923076923076923,0.4065054687208841,0,6,5,4,3,2,1,0,6,5,1,0,0,1,1,1,1,1,0,0,0,1,1,0,0,0,0,0,1,1,0,0,0,0,0,0,0,0,0,0,-0.5802743131075502,-0.6211105686004704,0.17603911980440093,0.060443830411881526,-0.573915983433353,-0.6018088073704674,0.3937546965016281,-0.11330049261083751,-0.44184687317358273,-0.23042505592841164,0.46153846153846156,0.0,0.23076923076923078,-0.21818181818181817,-0.46153846153846156,-0.46153846153846156,3.4615384615384617,-0.7692307692307693,-0.38461538461538464,-0.23076923076923078
2,0,0,1,-0.1390652048470859,-1.2307692307692308,-0.1875066930745779,1,0,6,5,4,3,2,1,0,6,1,1,0,0,1,1,1,1,1,0,0,0,1,1,0,0,0,0,0,1,0,0,0,0,0,0,0,0,0,0,0.8294642460828265,-0.5802743131075502,-0.6220747467691233,0.17269665831966152,0.059166596230242584,-0.573915983433353,-0.5931368456207732,0.3937546965016281,-0.11330049261083751,-0.4359883500063315,0.6923076923076923,0.46153846153846156,0.0,0.21818181818181817,-0.23076923076923078,-0.46153846153846156,-0.46153846153846156,3.4615384615384617,-0.7692307692307693,-0.38461538461538464
3,1,0,0,1.228949354165742,0.46153846153846156,0.8943773719683197,2,1,0,6,5,4,3,2,1,0,0,1,1,0,0,1,1,1,1,1,0,0,0,1,1,0,0,0,0,0,1,0,0,0,0,0,0,0,0,0,-0.1390652048470859,0.8294642460828265,-0.5819070904645476,-0.6165270702011917,0.1690474178006931,0.059166596230242584,-0.5655840360691325,-0.5931368456207732,0.3937546965016281,-0.10379468996665402,-1.2307692307692308,0.6923076923076923,0.46153846153846156,0.0,0.23076923076923078,-0.23076923076923078,-0.46153846153846156,-0.46153846153846156,3.4615384615384617,-0.7692307692307693
4,1,0,0,0.49212126592392025,-1.3076923076923077,0.5113022327540059,3,2,1,0,6,5,4,3,2,1,1,0,1,1,0,0,1,1,1,1,0,0,0,0,1,1,0,0,0,0,0,1,0,0,0,0,0,0,0,0,1.228949354165742,-0.1390652048470859,0.8047502619629758,-0.5768068387876695,-0.6034992815484744,0.1690474178006931,0.059781247390832404,-0.5655840360691325,-0.5931368456207732,0.40888945169051544,0.46153846153846156,-1.2307692307692308,0.6923076923076923,0.43636363636363634,0.0,0.23076923076923078,-0.23076923076923078,-0.46153846153846156,-0.46153846153846156,3.4615384615384617
5,0,1,0,-0.820231701362688,-2.0,-0.759551881177237,4,3,2,1,0,6,5,4,3,2,1,1,0,1,1,0,0,1,1,1,0,0,0,0,0,1,1,0,0,0,0,0,1,0,0,0,0,0,0,0,0.49212126592392025,1.228949354165742,-0.147921760391198,0.794404628270443,-0.5646183754543149,-0.6034992815484744,0.168322618351841,0.059781247390832404,-0.5655840360691325,-0.5889578320881348,-1.3076923076923077,0.46153846153846156,-1.2307692307692308,0.6545454545454545,0.46153846153846156,0.0,0.23076923076923078,-0.23076923076923078,-0.46153846153846156,-0.46153846153846156
6,0,1,0,-0.6646100581472767,-1.6153846153846154,-0.6038241518159282,5,4,3,2,1,0,6,5,4,3,0,1,1,0,1,1,0,0,1,1,1,0,0,0,0,0,1,1,0,0,0,0,0,1,0,0,0,0,0,0,-0.820231701362688,0.49212126592392025,1.1976947258120851,-0.14765564286331054,0.7776181218831882,-0.5646183754543149,-0.5948067128663272,0.168322618351841,0.059781247390832404,-0.5610991515765481,-2.0,-1.3076923076923077,0.46153846153846156,-1.1636363636363636,0.6923076923076923,0.46153846153846156,0.0,0.23076923076923078,-0.23076923076923078,-0.46153846153846156
0,1,0,0,1.0780327577788626,-1.1538461538461537,0.6089060088958043,6,5,4,3,2,1,0,6,5,4,0,0,1,1,0,1,1,0,0,1,1,1,0,0,0,0,0,1,1,0,0,0,0,0,1,0,0,0,0,0,-0.6646100581472767,-0.820231701362688,0.4729304924903946,1.1829721094896815,-0.14453554221959256,0.7776181218831882,-0.5563997662185857,-0.5948067128663272,0.168322618351841,0.07120847579249506,-1.6153846153846154,-2.0,-1.3076923076923077,0.43636363636363634,-1.2307692307692308,0.6923076923076923,0.46153846153846156,0.0,0.23076923076923078,-0.23076923076923078
1,1,0,0,1.308846375782325,0.38461538461538464,0.40151373685807645,0,6,5,4,3,2,1,0,6,5,1,0,0,1,1,0,1,1,0,0,0,1,1,0,0,0,0,0,1,1,0,0,0,0,0,1,0,0,0,0,1.0780327577788626,-0.6646100581472767,-0.8179357317499126,0.46628097746308605,1.1579748119347477,-0.14453554221959256,0.7694748267512733,-0.5563997662185857,-0.5948067128663272,0.18095479295935168,-1.1538461538461537,-1.6153846153846154,-2.0,-1.2363636363636363,0.46153846153846156,-1.2307692307692308,0.6923076923076923,0.46153846153846156,0.0,0.23076923076923078
2,0,0,1,-0.10266767277730922,-1.3076923076923077,-0.4558678884834055,1,0,6,5,4,3,2,1,0,6,1,1,0,0,1,1,0,1,1,0,0,0,1,1,0,0,0,0,0,1,0,0,0,0,0,0,1,0,0,0,1.308846375782325,1.0780327577788626,-0.664862032832693,-0.8102063725066919,0.4564280280618713,1.1579748119347477,-0.14143775569842196,0.7694748267512733,-0.5563997662185857,-0.5906462369676249,0.38461538461538464,-1.1538461538461537,-1.6153846153846154,-1.8909090909090909,-1.3076923076923077,0.46153846153846156,-1.2307692307692308,0.6923076923076923,0.46153846153846156,0.0
3,1,0,0,-0.6708242709396777,-1.3076923076923077,-0.6314077080770861,2,1,0,6,5,4,3,2,1,0,0,1,1,0,0,1,1,0,1,1,0,0,0,1,1,0,0,0,0,0,1,0,0,0,0,0,0,1,0,0,-0.10266767277730922,1.308846375782325,1.0492490394690883,-0.6588377514895086,-0.7930859606119516,0.4564280280618713,1.1451949570009183,-0.14143775569842196,0.7694748267512733,-0.5518129247393525,-1.3076923076923077,0.38461538461538464,-1.1538461538461537,-1.5272727272727273,-2.0,-1.3076923076923077,0.46153846153846156,-1.2307692307692308,0.6923076923076923,0.46153846153846156
4,1,0,0,-0.8217408673265568,-1.8461538461538463,-0.7565075351820749,3,2,1,0,6,5,4,3,2,1,1,0,1,1,0,0,1,1,0,1,0,0,0,0,1,1,0,0,0,0,0,1,0,0,0,0,0,0,1,0,-0.6708242709396777,-0.10266767277730922,1.2762836185819069,1.0361799499179691,-0.6449158989096441,-0.7930859606119516,0.4522000500960174,1.1451949570009183,-0.14143775569842196,0.7887805495757884,-1.3076923076923077,-1.3076923076923077,0.38461538461538464,-1.0909090909090908,-1.6153846153846154,-2.0,-1.3076923076923077,0.46153846153846156,-1.2307692307692308,0.6923076923076923
5,0,1,0,0.030494029916995888,-0.9230769230769231,-0.07818952062488739,4,3,2,1,0,6,5,4,3,2,1,1,0,1,1,0,0,1,1,0,0,0,0,0,0,1,1,0,0,0,0,0,1,0,0,0,0,0,0,1,-0.8217408673265568,-0.6708242709396777,-0.11212015368494588,1.260685605733529,1.0142845068041586,-0.6449158989096441,-0.7820823244552059,0.4522000500960174,1.1451949570009183,-0.13224431218606214,-1.8461538461538463,-1.3076923076923077,-1.3076923076923077,0.36363636363636365,-1.1538461538461537,-1.6153846153846154,-2.0,-1.3076923076923077,0.46153846153846156,-1.2307692307692308
6,0,1,0,-0.3068489502419104,-1.2307692307692308,-0.2566429522505989,5,4,3,2,1,0,6,5,4,3,0,1,1,0,1,1,0,0,1,1,1,0,0,0,0,0,1,1,0,0,0,0,0,1,0,0,0,0,0,0,0.030494029916995888,-0.8217408673265568,-0.6709745022703457,-0.11225282790777998,1.2340461499450595,1.0142845068041586,-0.6357184603823997,-0.7820823244552059,0.4522000500960174,1.1686716474610612,-0.9230769230769231,-1.8461538461538463,-1.3076923076923077,-1.2363636363636363,0.38461538461538464,-1.1538461538461537,-1.6153846153846154,-2.0,-1.3076923076923077,0.46153846153846156
0,0,0,1,1.450885525322917,-1.2307692307692308,1.7555204151628605,6,5,4,3,2,1,0,6,5,4,0,0,1,1,0,1,1,0,0,1,1,1,0,0,0,0,0,1,1,0,0,0,0,0,1,0,0,0,0,0,-0.3068489502419104,0.030494029916995888,-0.8194201886133426,-0.6648821345306968,-0.10988082157045051,1.2340461499450595,1.0032562411288302,-0.6357184603823997,-0.7820823244552059,0.46798362247266895,-1.2307692307692308,-0.9230769230769231,-1.8461538461538463,-1.2363636363636363,-1.3076923076923077,0.38461538461538464,-1.1538461538461537,-1.6153846153846154,-2.0,-1.3076923076923077
1,1,0,0,-0.28021660970304935,0.15384615384615385,-0.22013542754820045,0,6,5,4,3,2,1,0,6,5,0,0,0,1,1,0,1,1,0,0,0,1,1,0,0,0,0,0,1,1,1,0,0,0,0,1,0,0,0,0,1.450885525322917,-0.3068489502419104,0.018861334264757217,-0.8116742941024091,-0.6508325585326684,-0.10988082157045051,1.2203389830508475,1.0032562411288302,-0.6357184603823997,-0.7800008442024398,-1.2307692307692308,-1.2307692307692308,-0.9230769230769231,-1.7454545454545454,-1.3076923076923077,-1.3076923076923077,0.38461538461538464,-1.1538461538461537,-1.6153846153846154,-2.0
2,1,0,0,-0.40450086555106746,-1.0,-0.32646510624721675,1,0,6,5,4,3,2,1,0,6,1,0,0,0,1,1,0,1,1,0,0,0,1,1,0,0,0,0,0,1,0,1,0,0,0,0,1,0,0,0,-0.28021660970304935,1.450885525322917,-0.31295843520782396,0.017269665831966152,-0.7945228636632575,-0.6508325585326684,-0.10720547716456545,1.2203389830508475,1.0032562411288302,-0.6320121565151323,0.15384615384615385,-1.2307692307692308,-1.2307692307692308,-0.8727272727272727,-1.8461538461538463,-1.3076923076923077,-1.3076923076923077,0.38461538461538464,-1.1538461538461537,-1.6153846153846154
3,1,0,0,-0.3157263970881974,-1.0769230769230769,-0.23210138405741237,2,1,0,6,5,4,3,2,1,0,1,1,0,0,0,1,1,0,1,1,0,0,0,1,1,0,0,0,0,0,0,0,1,0,0,0,0,1,0,0,-0.40450086555106746,-0.28021660970304935,1.4159972057282568,-0.31085398497539074,0.01690474178006931,-0.7945228636632575,-0.6415629957418386,-0.10720547716456545,1.2203389830508475,1.0251572327044025,-1.0,0.15384615384615385,-1.2307692307692308,-1.1636363636363636,-0.9230769230769231,-1.8461538461538463,-1.3076923076923077,-1.3076923076923077,0.38461538461538464,-1.1538461538461537
4,1,0,0,0.163655732611301,-1.0,0.30552409287429816,3,2,1,0,6,5,4,3,2,1,1,1,1,0,0,0,1,1,0,1,0,0,0,0,1,1,0,0,0,0,0,0,0,1,0,0,0,0,1,0,-0.3157263970881974,-0.40450086555106746,-0.28676213761788333,1.3988429323892582,-0.30428535204124757,0.01690474178006931,-0.7835017116139268,-0.6415629957418386,-0.10720547716456545,1.2446498670381159,-1.0769230769230769,-1.0,0.15384615384615385,-1.1636363636363636,-1.2307692307692308,-0.9230769230769231,-1.8461538461538463,-1.3076923076923077,-1.3076923076923077,0.38461538461538464
5,0,1,0,0.3234497758444671,-1.0,0.3995896682704283,4,3,2,1,0,6,5,4,3,2,1,1,1,1,0,0,0,1,1,0,0,0,0,0,0,1,1,0,0,0,0,0,0,0,1,0,0,0,0,1,0.163655732611301,-0.3157263970881974,-0.40901152637093957,-0.2849494862274415,1.369284084185614,-0.30428535204124757,0.01803456625198294,-0.7835017116139268,-0.6415629957418386,-0.09763201215651511,-1.0,-1.0769230769230769,-1.0,0.14545454545454545,-1.2307692307692308,-1.2307692307692308,-0.9230769230769231,-1.8461538461538463,-1.3076923076923077,-1.3076923076923077
6,0,1,0,0.07488126414843092,-0.6153846153846154,0.24064415426948238,5,4,3,2,1,0,6,5,4,3,0,1,1,1,1,0,0,0,1,1,1,0,0,0,0,0,1,1,0,0,0,0,0,0,0,1,0,0,0,0,0.3234497758444671,0.163655732611301,-0.3216905344044708,-0.40583714705120455,-0.2789282393711436,1.369284084185614,-0.299240210403273,0.01803456625198294,-0.7835017116139268,-0.6379215735933477,-1.0,-1.0,-1.0769230769230769,-0.9454545454545454,0.15384615384615385,-1.2307692307692308,-1.2307692307692308,-0.9230769230769231,-1.8461538461538463,-1.3076923076923077
0,1,0,0,0.49212126592392025,-0.3076923076923077,0.4097840354836603,6,5,4,3,2,1,0,6,5,4,0,0,1,1,1,1,0,0,0,1,1,1,0,0,0,0,0,1,1,0,0,0,0,0,0,0,1,0,0,0,0.07488126414843092,0.3234497758444671,0.14984282221446033,-0.3194888178913738,-0.39726143183162876,-0.2789282393711436,1.3539283626951657,-0.299240210403273,0.01803456625198294,-0.7814359883500063,-0.6153846153846154,-1.0,-1.0,-1.018181818181818,-1.0,0.15384615384615385,-1.2307692307692308,-1.2307692307692308,-0.9230769230769231,-1.8461538461538463
1,1,0,0,2.2587331883350346,3.769230769230769,2.00537895590591,0,6,5,4,3,2,1,0,6,5,1,0,0,1,1,1,1,0,0,0,0,1,1,0,0,0,0,0,1,1,0,0,0,0,0,0,0,1,0,0,0.49212126592392025,0.07488126414843092,0.307020607754104,0.1467921595717123,-0.3127377229312822,-0.39726143183162876,-0.2741922017199633,1.3539283626951657,-0.299240210403273,0.028998353805242516,-0.3076923076923077,-0.6153846153846154,-1.0,-0.9454545454545454,-1.0769230769230769,-1.0,0.15384615384615385,-1.2307692307692308,-1.2307692307692308,-0.9230769230769231
2,1,0,0,0.3145723289981801,-1.3846153846153846,0.21202703992304775,1,0,6,5,4,3,2,1,0,6,1,1,0,0,1,1,1,1,0,0,0,0,1,1,0,0,0,0,0,1,0,0,0,0,0,0,0,0,1,0,2.2587331883350346,0.49212126592392025,0.06252183024799159,0.30221915205940764,0.14369030513058914,-0.3127377229312822,-0.3910829089087418,-0.2741922017199633,1.3539283626951657,-0.29179857329787684,3.769230769230769,-0.3076923076923077,-0.6153846153846154,-0.9454545454545454,-1.0,-1.0769230769230769,-1.0,0.15384615384615385,-1.2307692307692308,-1.2307692307692308
3,1,0,0,0.11926849837986596,-0.7692307692307693,0.11725434836160412,2,1,0,6,5,4,3,2,1,0,1,1,1,0,0,1,1,1,1,0,0,0,0,1,1,0,0,0,0,0,0,0,0,0,0,0,0,0,0,1,0.3145723289981801,2.2587331883350346,0.4729304924903946,0.060443830411881526,0.2958329811512129,0.14369030513058914,-0.3075895466310429,-0.3910829089087418,-0.2741922017199633,1.379722257397324,-1.3846153846153846,3.769230769230769,-0.3076923076923077,-0.5818181818181818,-1.0,-1.0,-1.0769230769230769,-1.0,0.15384615384615385,-1.2307692307692308
4,1,0,0,-0.3778685250122064,-1.2307692307692308,-0.35554568428258787,3,2,1,0,6,5,4,3,2,1,1,1,1,1,0,0,1,1,1,1,0,0,0,0,1,1,0,0,0,0,0,0,0,0,0,0,0,0,0,0,0.11926849837986596,0.3145723289981801,2.2106182326231223,0.46628097746308605,0.059166596230242584,0.2958329811512129,0.14327460966853134,-0.3075895466310429,-0.3910829089087418,-0.2664725001055253,-0.7692307692307693,-1.3846153846153846,3.769230769230769,-0.2909090909090909,-0.6153846153846154,-1.0,-1.0,-1.0769230769230769,-1.0,0.15384615384615385
5,0,1,0,0.4388565848461982,0.07692307692307693,0.3732076069089101,4,3,2,1,0,6,5,4,3,2,1,1,1,1,1,0,0,1,1,1,0,0,0,0,0,1,1,0,0,0,0,0,0,0,0,0,0,0,0,0,-0.3778685250122064,0.11926849837986596,0.29828850855745714,2.184612727743718,0.4564280280618713,0.059166596230242584,0.2935626617683894,0.14327460966853134,-0.3075895466310429,-0.3846608416698324,-1.2307692307692308,-0.7692307692307693,-1.3846153846153846,3.5636363636363635,-0.3076923076923077,-0.6153846153846154,-1.0,-1.0,-1.0769230769230769,-1.0
6,0,1,0,-0.03164809800701316,-0.23076923076923078,0.00196271239438533,5,4,3,2,1,0,6,5,4,3,0,1,1,1,1,1,0,0,1,1,1,0,0,0,0,0,1,1,0,0,0,0,0,0,0,0,0,0,0,0,0.4388565848461982,-0.3778685250122064,0.10618232623122595,0.2935843191434246,2.1384498351787675,0.4564280280618713,0.059781247390832404,0.2935626617683894,0.14327460966853134,-0.30024059769532735,0.07692307692307693,-1.2307692307692308,-0.7692307692307693,-1.309090909090909,3.769230769230769,-0.3076923076923077,-0.6153846153846154,-1.0,-1.0,-1.0769230769230769
0,1,0,0,0.5187536064627812,0.0,0.5209034502828105,6,5,4,3,2,1,0,6,5,4,0,0,1,1,1,1,1,0,0,1,1,1,0,0,0,0,0,1,1,0,0,0,0,0,0,0,0,0,0,0,-0.03164809800701316,0.4388565848461982,-0.38281522878099894,0.10361799499179691,0.2873806102611783,2.1384498351787675,0.4522000500960174,0.059781247390832404,0.2935626617683894,0.15562871976700016,-0.23076923076923078,0.07692307692307693,-1.2307692307692308,-0.7272727272727273,-1.3846153846153846,3.769230769230769,-0.3076923076923077,-0.6153846153846154,-1.0,-1.0
1,1,0,0,1.0158906298548536,2.076923076923077,1.2052926033723468,0,6,5,4,3,2,1,0,6,5,1,0,0,1,1,1,1,1,0,0,0,1,1,0,0,0,0,0,1,1,0,0,0,0,0,0,0,0,0,0,0.5187536064627812,-0.03164809800701316,0.4205378973105134,-0.37993264830325535,0.10142845068041585,0.2873806102611783,2.113717959422226,0.4522000500960174,0.059781247390832404,0.3075851589211093,0.0,-0.23076923076923078,0.07692307692307693,-1.1636363636363636,-0.7692307692307693,-1.3846153846153846,3.769230769230769,-0.3076923076923077,-0.6153846153846154,-1.0
2,1,0,0,-0.11154511962359623,-0.6923076923076923,-0.046202142347147535,1,0,6,5,4,3,2,1,0,6,1,1,0,0,1,1,1,1,1,0,0,0,1,1,0,0,0,0,0,1,0,0,0,0,0,0,0,0,0,0,1.0158906298548536,0.5187536064627812,-0.0422633601117709,0.41447197996718765,-0.3719043191615248,0.10142845068041585,0.2852133255406195,2.113717959422226,0.4522000500960174,0.07120847579249506,2.076923076923077,0.0,-0.23076923076923078,0.07272727272727272,-1.2307692307692308,-0.7692307692307693,-1.3846153846153846,3.769230769230769,-0.3076923076923077,-0.6153846153846154
3,1,0,0,-0.2003195880864663,0.0,-0.014752633460807681,2,1,0,6,5,4,3,2,1,0,1,1,1,0,0,1,1,1,1,1,0,0,0,1,1,0,0,0,0,0,0,0,0,0,0,0,0,0,0,0,-0.11154511962359623,1.0158906298548536,0.4991267900803352,-0.04317416457991538,0.4057138027216634,-0.3719043191615248,0.10152792852968187,0.2852133255406195,2.113717959422226,0.46798362247266895,-0.6923076923076923,2.076923076923077,0.0,-0.21818181818181817,0.07692307692307693,-1.2307692307692308,-0.7692307692307693,-1.3846153846153846,3.769230769230769,-0.3076923076923077
4,1,0,0,0.05712637045585691,-0.3076923076923077,0.10895444465018086,3,2,1,0,6,5,4,3,2,1,1,1,1,1,0,0,1,1,1,1,0,0,0,0,1,1,0,0,0,0,0,0,0,0,0,0,0,0,0,0,-0.2003195880864663,-0.11154511962359623,0.9881243450925601,0.4921854762110353,-0.042261854450173275,0.4057138027216634,-0.3660349002254321,0.10152792852968187,0.2852133255406195,2.1479464775653203,0.0,-0.6923076923076923,2.076923076923077,0.0,-0.23076923076923078,0.07692307692307693,-1.2307692307692308,-0.7692307692307693,-1.3846153846153846,3.769230769230769
5,0,1,0,0.6430378623107994,-0.23076923076923078,0.8562077705883558,4,3,2,1,0,6,5,4,3,2,1,1,1,1,1,0,0,1,1,1,0,0,0,0,0,1,1,0,0,0,0,0,0,0,0,0,0,0,0,0,0.05712637045585691,-0.2003195880864663,-0.12085225288159275,0.9757361195060875,0.4817851407319753,-0.042261854450173275,0.402104032729398,-0.3660349002254321,0.10152792852968187,0.2991431345236588,-0.3076923076923077,0.0,-0.6923076923076923,1.9636363636363636,0.0,-0.23076923076923078,0.07692307692307693,-1.2307692307692308,-0.7692307692307693,-1.3846153846153846
6,0,1,0,0.172533179457588,1.0,0.4077913250155705,5,4,3,2,1,0,6,5,4,3,0,1,1,1,1,1,0,0,1,1,1,0,0,0,0,0,1,1,0,0,0,0,0,0,0,0,0,0,0,0,0.6430378623107994,0.05712637045585691,-0.2081732448480615,-0.12088766082376305,0.9551179105739159,0.4817851407319753,-0.04041078734240631,0.402104032729398,-0.3660349002254321,0.11341859777974761,-0.23076923076923078,-0.3076923076923077,0.0,-0.6545454545454545,2.076923076923077,0.0,-0.23076923076923078,0.07692307692307693,-1.2307692307692308,-0.7692307692307693
0,1,0,0,0.3767144569221892,0.15384615384615385,0.5872151746762287,6,5,4,3,2,1,0,6,5,4,0,0,1,1,1,1,1,0,0,1,1,1,0,0,0,0,0,1,1,0,0,0,0,0,0,0,0,0,0,0,0.172533179457588,0.6430378623107994,0.045057631854697834,-0.20723598998359383,-0.11833319246048517,0.9551179105739159,0.477248058779327,-0.04041078734240631,0.402104032729398,-0.35933476847748086,1.0,-0.23076923076923078,-0.3076923076923077,0.0,-0.6923076923076923,2.076923076923077,0.0,-0.23076923076923078,0.07692307692307693,-1.2307692307692308
1,1,0,0,2.1255714856407297,5.0,2.118292229313397,0,6,5,4,3,2,1,0,6,5,1,0,0,1,1,1,1,1,0,0,0,1,1,0,0,0,0,0,1,1,0,0,0,0,0,0,0,0,0,0,0.3767144569221892,0.172533179457588,0.6213761788333915,0.04317416457991538,-0.2028569013608317,-0.11833319246048517,0.944810887534441,0.477248058779327,-0.04041078734240631,0.41733147608796595,0.15384615384615385,1.0,-0.23076923076923078,-0.2909090909090909,0.0,-0.6923076923076923,2.076923076923077,0.0,-0.23076923076923078,0.07692307692307693
2,1,0,0,0.8117093523902525,-0.6153846153846154,0.9961305759820095,1,0,6,5,4,3,2,1,0,6,1,1,0,0,1,1,1,1,1,0,0,0,1,1,0,0,0,0,0,1,0,0,0,0,0,0,0,0,0,0,2.1255714856407297,0.3767144569221892,0.15857492141110718,0.6130731370347984,0.042261854450173275,-0.2028569013608317,-0.11555481339233534,0.944810887534441,0.477248058779327,-0.030095816976911046,5.0,0.15384615384615385,1.0,-0.21818181818181817,-0.3076923076923077,0.0,-0.6923076923076923,2.076923076923077,0.0,-0.23076923076923078
3,1,0,0,0.4477340316924852,-0.15384615384615385,0.2599668436138195,2,1,0,6,5,4,3,2,1,0,1,1,1,0,0,1,1,1,1,1,0,0,0,1,1,0,0,0,0,0,0,0,0,0,0,0,0,0,0,0,0.8117093523902525,2.1255714856407297,0.35941320293398527,0.15542699248769537,0.6001183331924604,0.042261854450173275,-0.19904817567003427,-0.11555481339233534,0.944810887534441,0.4933096956650205,-0.6153846153846154,5.0,0.15384615384615385,0.9454545454545454,-0.23076923076923078,-0.3076923076923077,0.0,-0.6923076923076923,2.076923076923077,0.0
4,1,0,0,-0.3689910781659194,0.5384615384615384,-0.5163039203093968,3,2,1,0,6,5,4,3,2,1,1,1,1,1,0,0,1,1,1,1,0,0,0,0,1,1,0,0,0,0,0,0,0,0,0,0,0,0,0,0,0.4477340316924852,0.8117093523902525,2.079636744673419,0.3540281495553061,0.15214267602062378,0.6001183331924604,0.04308257493529262,-0.19904817567003427,-0.11555481339233534,0.966063061922249,-0.15384615384615385,-0.6153846153846154,5.0,0.14545454545454545,1.0,-0.23076923076923078,-0.3076923076923077,0.0,-0.6923076923076923,2.076923076923077
5,0,1,0,-0.4311332060899285,-0.3076923076923077,-0.43217438810315695,4,3,2,1,0,6,5,4,3,2,1,1,1,1,1,0,0,1,1,1,0,0,0,0,0,1,1,0,0,0,0,0,0,0,0,0,0,0,0,0,-0.3689910781659194,0.4477340316924852,0.787286063569682,2.055090234003972,0.34654720649142084,0.15214267602062378,0.5941387659681056,0.04308257493529262,-0.19904817567003427,-0.10607403655396562,0.5384615384615384,-0.15384615384615385,-0.6153846153846154,4.7272727272727275,0.15384615384615385,1.0,-0.23076923076923078,-0.3076923076923077,0.0,-0.6923076923076923
6,0,1,0,-0.3334812907807714,-0.3076923076923077,-0.2622304537169349,5,4,3,2,1,0,6,5,4,3,0,1,1,1,1,1,0,0,1,1,1,0,0,0,0,0,1,1,0,0,0,0,0,0,0,0,0,0,0,0,-0.4311332060899285,-0.3689910781659194,0.42926999650716025,0.7771349624384768,2.0116642718282476,0.34654720649142084,0.1516239458963012,0.5941387659681056,0.04308257493529262,-0.1904942805284707,-0.3076923076923077,0.5384615384615384,-0.15384615384615385,-0.5818181818181818,5.0,0.15384615384615385,1.0,-0.23076923076923078,-0.3076923076923077,0.0
0,1,0,0,-0.40450086555106746,-0.9230769230769231,-0.4430504582664244,6,5,4,3,2,1,0,6,5,4,0,0,1,1,1,1,1,0,0,1,1,1,0,0,0,0,0,1,1,0,0,0,0,0,0,0,0,0,0,0,-0.3334812907807714,-0.4311332060899285,-0.3740831295843521,0.4231068128831707,0.760713380103119,2.0116642718282476,0.34365867913500875,0.1516239458963012,0.5941387659681056,0.054324426997594044,-0.3076923076923077,-0.3076923076923077,0.5384615384615384,-0.14545454545454545,-0.6153846153846154,5.0,0.15384615384615385,1.0,-0.23076923076923078,-0.3076923076923077
1,1,0,0,1.477517865861778,3.076923076923077,1.1595375502197556,0,6,5,4,3,2,1,0,6,5,1,0,0,1,1,1,1,1,0,0,0,1,1,0,0,0,0,0,1,1,0,0,0,0,0,0,0,0,0,0,-0.40450086555106746,-0.3334812907807714,-0.4352078239608802,-0.37129781538727225,0.41416617361169805,0.760713380103119,1.9884779160056776,0.34365867913500875,0.1516239458963012,0.6114980372293276,-0.9230769230769231,-0.3076923076923077,-0.3076923076923077,0.509090909090909,-0.15384615384615385,-0.6153846153846154,5.0,0.15384615384615385,1.0,-0.23076923076923078
2,1,0,0,-0.12930001331617025,-0.3076923076923077,-0.2632878530660291,1,0,6,5,4,3,2,1,0,6,1,1,0,0,1,1,1,1,1,0,0,0,1,1,0,0,0,0,0,1,0,0,0,0,0,0,0,0,0,0,1.477517865861778,-0.40450086555106746,-0.3391547327977646,-0.43174164579915375,-0.36345194827149013,0.41416617361169805,0.7527761542957335,1.9884779160056776,0.34365867913500875,0.16407074416445067,3.076923076923077,-0.9230769230769231,-0.3076923076923077,-0.2909090909090909,0.5384615384615384,-0.15384615384615385,-0.6153846153846154,5.0,0.15384615384615385,1.0
3,1,0,0,-0.11154511962359623,0.23076923076923078,-0.18865159772163975,2,1,0,6,5,4,3,2,1,0,1,1,1,0,0,1,1,1,1,1,0,0,0,1,1,0,0,0,0,0,0,0,0,0,0,0,0,0,0,0,-0.12930001331617025,1.477517865861778,-0.40901152637093957,-0.33675848372333994,-0.42261854450173275,-0.36345194827149013,0.4104533689571679,0.7527761542957335,1.9884779160056776,0.3582373053058124,-0.3076923076923077,3.076923076923077,-0.9230769230769231,-0.2909090909090909,-0.3076923076923077,0.5384615384615384,-0.15384615384615385,-0.6153846153846154,5.0,0.15384615384615385
4,1,0,0,-0.5820498024768076,-0.5384615384615384,-0.5521517493822067,3,2,1,0,6,5,4,3,2,1,1,1,1,1,0,0,1,1,1,1,0,0,0,0,1,1,0,0,0,0,0,0,0,0,0,0,0,0,0,0,-0.11154511962359623,-0.12930001331617025,1.4421935033181976,-0.40583714705120455,-0.3296424647113515,-0.42261854450173275,-0.3576855639976622,0.4104533689571679,0.7527761542957335,2.0213161116035625,0.23076923076923078,-0.3076923076923077,3.076923076923077,-0.8727272727272727,-0.3076923076923077,-0.3076923076923077,0.5384615384615384,-0.15384615384615385,-0.6153846153846154,5.0
5,0,1,0,-0.26246171601047535,-0.5384615384615384,-0.3165164874456424,4,3,2,1,0,6,5,4,3,2,1,1,1,1,1,0,0,1,1,1,0,0,0,0,0,1,1,0,0,0,0,0,0,0,0,0,0,0,0,0,-0.5820498024768076,-0.11154511962359623,-0.1383164512748865,1.4247474311372075,-0.39726143183162876,-0.3296424647113515,-0.41613091759205145,-0.3576855639976622,0.4104533689571679,0.7718965007808873,-0.5384615384615384,0.23076923076923078,-0.3076923076923077,2.909090909090909,-0.9230769230769231,-0.3076923076923077,-0.3076923076923077,0.5384615384615384,-0.15384615384615385,-0.6153846153846154
6,0,1,0,-0.6086821430156686,-0.23076923076923078,-0.551070508769295,5,4,3,2,1,0,6,5,4,3,0,1,1,1,1,1,0,0,1,1,1,0,0,0,0,0,1,1,0,0,0,0,0,0,0,0,0,0,0,0,-0.26246171601047535,-0.5820498024768076,-0.12085225288159275,-0.13815732665572922,1.394641196855718,-0.39726143183162876,-0.3242882190865827,-0.41613091759205145,-0.3576855639976622,0.4257735004854164,-0.5384615384615384,-0.5384615384615384,0.23076923076923078,-0.2909090909090909,3.076923076923077,-0.9230769230769231,-0.3076923076923077,-0.3076923076923077,0.5384615384615384,-0.15384615384615385
0,1,0,0,-0.03164809800701316,-0.15384615384615385,-0.14228767537001608,6,5,4,3,2,1,0,6,5,4,0,0,1,1,1,1,1,0,0,1,1,1,0,0,0,0,0,1,1,0,0,0,0,0,0,0,0,0,0,0,-0.6086821430156686,-0.26246171601047535,-0.583653510303877,-0.12088766082376305,-0.13523793424055447,1.394641196855718,-0.3910829089087418,-0.3242882190865827,-0.41613091759205145,-0.35089274408003035,-0.23076923076923078,-0.5384615384615384,-0.5384615384615384,0.21818181818181817,-0.3076923076923077,3.076923076923077,-0.9230769230769231,-0.3076923076923077,-0.3076923076923077,0.5384615384615384
1,1,0,0,1.1224199920102977,4.461538461538462,0.9452079943949451,0,6,5,4,3,2,1,0,6,5,1,0,0,1,1,1,1,1,0,0,0,1,1,0,0,0,0,0,1,1,0,0,0,0,0,0,0,0,0,0,-0.03164809800701316,-0.6086821430156686,-0.2692979392245896,-0.5785338053708661,-0.11833319246048517,-0.13523793424055447,1.3789763713784755,-0.3910829089087418,-0.3242882190865827,-0.4099869148621839,-0.15384615384615385,-0.23076923076923078,-0.5384615384615384,-0.509090909090909,0.23076923076923078,-0.3076923076923077,3.076923076923077,-0.9230769230769231,-0.3076923076923077,-0.3076923076923077
2,1,0,0,-0.05828043854587418,-0.38461538461538464,-0.012680539443962779,1,0,6,5,4,3,2,1,0,6,1,1,0,0,1,1,1,1,1,0,0,0,1,1,0,0,0,0,0,1,0,0,0,0,0,0,0,0,0,0,1.1224199920102977,-0.03164809800701316,-0.6098498078938176,-0.26767982039547533,-0.5663088496323219,-0.11833319246048517,-0.13225348584787514,1.3789763713784755,-0.3910829089087418,-0.31712464649022837,4.461538461538462,-0.15384615384615385,-0.23076923076923078,-0.509090909090909,-0.5384615384615384,0.23076923076923078,-0.3076923076923077,3.076923076923077,-0.9230769230769231,-0.3076923076923077
3,1,0,0,-0.3601136313196324,-0.5384615384615384,-0.47436975717345314,2,1,0,6,5,4,3,2,1,0,1,1,1,0,0,1,1,1,1,1,0,0,0,1,1,0,0,0,0,0,0,0,0,0,0,0,0,0,0,0,-0.05828043854587418,1.1224199920102977,-0.0422633601117709,-0.6044383041188153,-0.2620234975910743,-0.5663088496323219,-0.11555481339233534,-0.13225348584787514,1.3789763713784755,-0.3846608416698324,-0.38461538461538464,4.461538461538462,-0.15384615384615385,-0.21818181818181817,-0.5384615384615384,-0.5384615384615384,0.23076923076923078,-0.3076923076923077,3.076923076923077,-0.9230769230769231
4,1,0,0,-0.18256469439389228,0.23076923076923078,-0.12176480108558968,3,2,1,0,6,5,4,3,2,1,1,1,1,1,0,0,1,1,1,1,0,0,0,0,1,1,0,0,0,0,0,0,0,0,0,0,0,0,0,0,-0.3601136313196324,-0.05828043854587418,1.0929095354523226,-0.04317416457991538,-0.5916659623024259,-0.2620234975910743,-0.5580696334641396,-0.11555481339233534,-0.13225348584787514,1.4050483305896755,-0.5384615384615384,-0.38461538461538464,4.461538461538462,-0.14545454545454545,-0.23076923076923078,-0.5384615384615384,-0.5384615384615384,0.23076923076923078,-0.3076923076923077,3.076923076923077
5,0,1,0,1.5219051000932131,-0.46153846153846156,1.1547145411470412,4,3,2,1,0,6,5,4,3,2,1,1,1,1,1,0,0,1,1,1,0,0,0,0,0,1,1,0,0,0,0,0,0,0,0,0,0,0,0,0,-0.18256469439389228,-0.3601136313196324,-0.06845965770171152,1.0793541144978844,-0.042261854450173275,-0.5916659623024259,-0.25749352926442354,-0.5580696334641396,-0.11555481339233534,-0.12295808534886664,0.23076923076923078,-0.5384615384615384,-0.38461538461538464,4.218181818181818,-0.15384615384615385,-0.23076923076923078,-0.5384615384615384,-0.5384615384615384,0.23076923076923078,-0.3076923076923077
6,0,1,0,-0.28021660970304935,0.07692307692307693,-0.26941951172960704,5,4,3,2,1,0,6,5,4,3,0,1,1,1,1,1,0,0,1,1,1,0,0,0,0,0,1,1,0,0,0,0,0,0,0,0,0,0,0,0,1.5219051000932131,-0.18256469439389228,-0.3653510303877052,-0.06907866332786461,1.0565463612543318,-0.042261854450173275,-0.5831176421474493,-0.25749352926442354,-0.5580696334641396,-0.10607403655396562,-0.46153846153846156,0.23076923076923078,-0.5384615384615384,-0.36363636363636365,4.461538461538462,-0.15384615384615385,-0.23076923076923078,-0.5384615384615384,-0.5384615384615384,0.23076923076923078
0,1,0,0,-0.6353144835545297,-0.3076923076923077,-0.6052375981708249,6,5,4,3,2,1,0,6,5,4,0,0,1,1,1,1,1,0,0,1,1,1,0,0,0,0,0,1,1,0,0,0,0,0,0,0,0,0,0,0,-0.28021660970304935,1.5219051000932131,-0.19070904645476774,-0.3626629824712892,-0.06761896712027723,1.0565463612543318,-0.04041078734240631,-0.5831176421474493,-0.25749352926442354,-0.5535013296188426,0.07692307692307693,-0.46153846153846156,0.23076923076923078,-0.509090909090909,-0.38461538461538464,4.461538461538462,-0.15384615384615385,-0.23076923076923078,-0.5384615384615384,-0.5384615384615384
1,1,0,0,2.7203604243419592,4.769230769230769,2.180100574764402,0,6,5,4,3,2,1,0,6,5,1,0,0,1,1,1,1,1,0,0,0,1,1,0,0,0,0,0,1,1,0,0,0,0,0,0,0,0,0,0,-0.6353144835545297,-0.28021660970304935,1.485853999301432,-0.18996632415162767,-0.3549995773814555,-0.06761896712027723,1.0450029222676798,-0.04041078734240631,-0.5831176421474493,-0.24958845131062427,-0.3076923076923077,0.07692307692307693,-0.46153846153846156,0.21818181818181817,-0.5384615384615384,-0.38461538461538464,4.461538461538462,-0.15384615384615385,-0.23076923076923078,-0.5384615384615384
2,1,0,0,0.20804296684273604,-0.5384615384615384,0.19985672972397123,1,0,6,5,4,3,2,1,0,6,1,1,0,0,1,1,1,1,1,0,0,0,1,1,0,0,0,0,0,1,0,0,0,0,0,0,0,0,0,0,2.7203604243419592,-0.6353144835545297,-0.28676213761788333,1.4679215957171228,-0.1859521595807624,-0.3549995773814555,-0.06545879602571598,1.0450029222676798,-0.04041078734240631,-0.5788274028111942,4.769230769230769,-0.3076923076923077,0.07692307692307693,-0.43636363636363634,0.23076923076923078,-0.5384615384615384,-0.38461538461538464,4.461538461538462,-0.15384615384615385,-0.23076923076923078
3,1,0,0,-0.04052554485330017,0.38461538461538464,0.06452087869204731,2,1,0,6,5,4,3,2,1,0,1,1,1,0,0,1,1,1,1,1,0,0,0,1,1,0,0,0,0,0,0,0,0,0,0,0,0,0,0,0,0.20804296684273604,2.7203604243419592,-0.6360461054837583,-0.2849494862274415,1.4369030513058914,-0.1859521595807624,-0.3493362277698923,-0.06545879602571598,1.0450029222676798,-0.030095816976911046,-0.5384615384615384,4.769230769230769,-0.3076923076923077,0.07272727272727272,-0.46153846153846156,0.23076923076923078,-0.5384615384615384,-0.38461538461538464,4.461538461538462,-0.15384615384615385
4,1,0,0,0.7229348839273825,-0.23076923076923078,0.5706258469297856,3,2,1,0,6,5,4,3,2,1,1,1,1,1,0,0,1,1,1,1,0,0,0,0,1,1,0,0,0,0,0,0,0,0,0,0,0,0,0,0,-0.04052554485330017,0.20804296684273604,2.6646873908487594,-0.6303428028667645,-0.2789282393711436,1.4369030513058914,-0.18234950321449447,-0.3493362277698923,-0.06545879602571598,1.0673673546916551,0.38461538461538464,-0.5384615384615384,4.769230769230769,-0.2909090909090909,0.07692307692307693,-0.46153846153846156,0.23076923076923078,-0.5384615384615384,-0.38461538461538464,4.461538461538462
5,0,1,0,-0.0849127790847352,0.46153846153846156,-0.13604598010420335,4,3,2,1,0,6,5,4,3,2,1,1,1,1,1,0,0,1,1,1,0,0,0,0,0,1,1,0,0,0,0,0,0,0,0,0,0,0,0,0,0.7229348839273825,-0.04052554485330017,0.19350331819769467,2.6336240393748382,-0.6170230749725297,-0.2789282393711436,1.420723052517325,-0.18234950321449447,-0.3493362277698923,-0.05542189016926257,-0.23076923076923078,0.38461538461538464,-0.5384615384615384,4.509090909090909,-0.3076923076923077,0.07692307692307693,-0.46153846153846156,0.23076923076923078,-0.5384615384615384,-0.38461538461538464
6,0,1,0,0.8738514803142615,0.38461538461538464,0.9649359852241802,5,4,3,2,1,0,6,5,4,3,0,1,1,1,1,1,0,0,1,1,1,0,0,0,0,0,1,1,0,0,0,0,0,0,0,0,0,0,0,0,-0.0849127790847352,0.7229348839273825,-0.05099545930841777,0.18996632415162767,2.5779731214605697,-0.6170230749725297,-0.2741922017199633,1.420723052517325,-0.18234950321449447,-0.3424507196825799,0.46153846153846156,-0.23076923076923078,0.38461538461538464,-0.509090909090909,4.769230769230769,-0.3076923076923077,0.07692307692307693,-0.46153846153846156,0.23076923076923078,-0.5384615384615384
0,1,0,0,0.6696702028496604,-0.38461538461538464,0.31081580547415066,6,5,4,3,2,1,0,6,5,4,0,0,1,1,1,1,1,0,0,1,1,1,0,0,0,0,0,1,1,0,0,0,0,0,0,0,0,0,0,0,0.8738514803142615,-0.0849127790847352,0.6999650716032133,-0.05180899749589846,0.1859521595807624,2.5779731214605697,-0.608165650830759,-0.2741922017199633,1.420723052517325,-0.17361023173356968,0.38461538461538464,0.46153846153846156,-0.23076923076923078,0.36363636363636365,-0.5384615384615384,4.769230769230769,-0.3076923076923077,0.07692307692307693,-0.46153846153846156,0.23076923076923078
1,1,0,0,3.039948510808291,4.076923076923077,2.7951229157970445,0,6,5,4,3,2,1,0,6,5,1,0,0,1,1,1,1,1,0,0,0,1,1,0,0,0,0,0,1,1,0,0,0,0,0,0,0,0,0,0,0.6696702028496604,0.8738514803142615,-0.09465595529165213,0.6907866332786461,-0.050714225340207926,0.1859521595807624,2.5478834432662603,-0.608165650830759,-0.2741922017199633,1.447258452576928,-0.38461538461538464,0.38461538461538464,0.46153846153846156,-0.21818181818181817,0.38461538461538464,-0.5384615384615384,4.769230769230769,-0.3076923076923077,0.07692307692307693,-0.46153846153846156
2,1,0,0,0.012739136224421875,-0.7692307692307693,-0.07509408620725905,1,0,6,5,4,3,2,1,0,6,1,1,0,0,1,1,1,1,1,0,0,0,1,1,0,0,0,0,0,1,0,0,0,0,0,0,0,0,0,0,3.039948510808291,0.6696702028496604,0.8484107579462101,-0.09498316207581384,0.6761896712027724,-0.050714225340207926,0.18502129080738078,2.5478834432662603,-0.608165650830759,-0.2664725001055253,4.076923076923077,-0.38461538461538464,0.38461538461538464,0.43636363636363634,-0.23076923076923078,0.38461538461538464,-0.5384615384615384,4.769230769230769,-0.3076923076923077,0.07692307692307693
3,1,0,0,-0.4311332060899285,-0.6923076923076923,-0.426039585536658,2,1,0,6,5,4,3,2,1,0,1,1,1,0,0,1,1,1,1,1,0,0,0,1,1,0,0,0,0,0,0,0,0,0,0,0,0,0,0,0,0.012739136224421875,3.039948510808291,0.647572476423332,0.8375787928503583,-0.0929760797903812,0.6761896712027724,-0.0487601235701762,0.18502129080738078,2.5478834432662603,-0.6041534760035456,-0.7692307692307693,4.076923076923077,-0.38461538461538464,0.36363636363636365,0.46153846153846156,-0.23076923076923078,0.38461538461538464,-0.5384615384615384,4.769230769230769,-0.3076923076923077
4,1,0,0,0.05712637045585691,-0.6153846153846154,-0.028678813441259155,3,2,1,0,6,5,4,3,2,1,1,1,1,1,0,0,1,1,1,1,0,0,0,0,1,1,0,0,0,0,0,0,0,0,0,0,0,0,0,0,-0.4311332060899285,0.012739136224421875,2.9790429619280467,0.6389776357827476,0.8198799763333615,-0.0929760797903812,0.6692827920180345,-0.0487601235701762,0.18502129080738078,2.5869317462327466,-0.6923076923076923,-0.7692307692307693,4.076923076923077,-0.36363636363636365,0.38461538461538464,0.46153846153846156,-0.23076923076923078,0.38461538461538464,-0.5384615384615384,4.769230769230769
5,0,1,0,0.145900838918727,0.07692307692307693,-0.0003417684467030185,4,3,2,1,0,6,5,4,3,2,1,1,1,1,1,0,0,1,1,1,0,0,0,0,0,1,1,0,0,0,0,0,0,0,0,0,0,0,0,0,0.05712637045585691,-0.4311332060899285,0.0013971358714634698,2.9444780243502287,0.6254754458625644,0.8198799763333615,-0.09050680470902567,0.6692827920180345,-0.0487601235701762,0.1978388417542527,-0.6153846153846154,-0.6923076923076923,-0.7692307692307693,3.8545454545454545,-0.38461538461538464,0.38461538461538464,0.46153846153846156,-0.23076923076923078,0.38461538461538464,-0.5384615384615384
6,0,1,0,-0.4932753340139375,-0.6153846153846154,-0.4242588265238252,5,4,3,2,1,0,6,5,4,3,0,1,1,1,1,1,0,0,1,1,1,0,0,0,0,0,1,1,0,0,0,0,0,0,0,0,0,0,0,0,0.145900838918727,0.05712637045585691,-0.4352078239608802,0.0,2.882258473501817,0.6254754458625644,0.8112215078901227,-0.09050680470902567,0.6692827920180345,-0.03853784137436155,0.07692307692307693,-0.6153846153846154,-0.6923076923076923,-0.7272727272727273,4.076923076923077,-0.38461538461538464,0.38461538461538464,0.46153846153846156,-0.23076923076923078,0.38461538461538464
0,1,0,0,0.24355275422788406,-0.8461538461538461,0.07920107138971709,6,5,4,3,2,1,0,6,5,4,0,0,1,1,1,1,1,0,0,1,1,1,0,0,0,0,0,1,1,0,0,0,0,0,0,0,0,0,0,0,-0.4932753340139375,0.145900838918727,0.045057631854697834,-0.43174164579915375,0.0,2.882258473501817,0.6191867746514153,0.8112215078901227,-0.09050680470902567,0.6874762568063822,-0.6153846153846154,0.07692307692307693,-0.6153846153846154,-0.6545454545454545,-0.7692307692307693,4.076923076923077,-0.38461538461538464,0.38461538461538464,0.46153846153846156,-0.23076923076923078
1,1,0,0,1.9036353144835543,3.6923076923076925,1.0176925101818244,0,6,5,4,3,2,1,0,6,5,1,0,0,1,1,1,1,1,0,0,0,1,1,0,0,0,0,0,1,1,0,0,0,0,0,0,0,0,0,0,0.24355275422788406,-0.4932753340139375,0.13237862382116658,0.04317416457991538,-0.42261854450173275,0.0,2.848459547465976,0.6191867746514153,0.8112215078901227,-0.08074796336161409,-0.8461538461538461,-0.6153846153846154,0.07692307692307693,-0.5818181818181818,-0.6923076923076923,-0.7692307692307693,4.076923076923077,-0.38461538461538464,0.38461538461538464,0.46153846153846156
2,1,0,0,-0.3689910781659194,-0.6923076923076923,-0.3820880846930768,1,0,6,5,4,3,2,1,0,6,1,1,0,0,1,1,1,1,1,0,0,0,1,1,0,0,0,0,0,1,0,0,0,0,0,0,0,0,0,0,1.9036353144835543,0.24355275422788406,-0.4963325183374083,0.12952249373974614,0.042261854450173275,-0.42261854450173275,0.0013358937964431544,2.848459547465976,0.6191867746514153,0.8309906715630409,3.6923076923076925,-0.8461538461538461,-0.6153846153846154,0.07272727272727272,-0.6153846153846154,-0.6923076923076923,-0.7692307692307693,4.076923076923077,-0.38461538461538464,0.38461538461538464
3,1,0,0,-0.48439788716765053,-0.6923076923076923,-0.445412577327731,2,1,0,6,5,4,3,2,1,0,1,1,1,0,0,1,1,1,1,1,0,0,0,1,1,0,0,0,0,0,0,0,0,0,0,0,0,0,0,0,-0.3689910781659194,1.9036353144835543,0.22843171498428216,-0.4921854762110353,0.12678556335051983,0.042261854450173275,-0.41613091759205145,0.0013358937964431544,2.848459547465976,0.6368241104216792,-0.6923076923076923,3.6923076923076925,-0.8461538461538461,-0.5818181818181818,0.07692307692307693,-0.6153846153846154,-0.6923076923076923,-0.7692307692307693,4.076923076923077,-0.38461538461538464
4,1,0,0,-0.3157263970881974,0.23076923076923078,-0.34416501770050095,3,2,1,0,6,5,4,3,2,1,1,1,1,1,0,0,1,1,1,1,0,0,0,0,1,1,0,0,0,0,0,0,0,0,0,0,0,0,0,0,-0.48439788716765053,-0.3689910781659194,1.8613342647572475,0.22450565581555995,-0.4817851407319753,0.12678556335051983,0.04308257493529262,-0.41613091759205145,0.0013358937964431544,2.890844624540965,-0.6923076923076923,-0.6923076923076923,3.6923076923076925,-0.8,-0.6153846153846154,0.07692307692307693,-0.6153846153846154,-0.6923076923076923,-0.7692307692307693,4.076923076923077
5,0,1,0,-0.3246038439344844,-0.3076923076923077,-0.24753454150466014,4,3,2,1,0,6,5,4,3,2,1,1,1,1,1,0,0,1,1,1,0,0,0,0,0,1,1,0,0,0,0,0,0,0,0,0,0,0,0,0,-0.3157263970881974,-0.48439788716765053,-0.3740831295843521,1.8392194111043951,0.21976164314090102,-0.4817851407319753,0.12657593721299154,0.04308257493529262,-0.41613091759205145,0.012114305010341499,0.23076923076923078,-0.6923076923076923,-0.6923076923076923,3.4909090909090907,-0.8461538461538461,-0.6153846153846154,0.07692307692307693,-0.6153846153846154,-0.6923076923076923,-0.7692307692307693
6,0,1,0,-0.6264370367082426,-0.7692307692307693,-0.5730429842922096,5,4,3,2,1,0,6,5,4,3,0,1,1,1,1,1,0,0,1,1,1,0,0,0,0,0,1,1,0,0,0,0,0,0,0,0,0,0,0,0,-0.3246038439344844,-0.3157263970881974,-0.4876004191407614,-0.37129781538727225,1.8003549995773813,0.21976164314090102,-0.47457627118644075,0.12657593721299154,0.04308257493529262,-0.4099869148621839,-0.3076923076923077,0.23076923076923078,-0.6923076923076923,-0.6545454545454545,3.6923076923076925,-0.8461538461538461,-0.6153846153846154,0.07692307692307693,-0.6153846153846154,-0.6923076923076923
0,1,0,0,0.8383416929291135,-0.07692307692307693,0.9387569675929762,6,5,4,3,2,1,0,6,5,4,0,0,1,1,1,1,1,0,0,1,1,1,0,0,0,0,0,1,1,0,0,0,0,0,0,0,0,0,0,0,-0.6264370367082426,-0.3246038439344844,-0.3216905344044708,-0.4835506432950522,-0.36345194827149013,1.8003549995773813,0.21841863571846037,-0.47457627118644075,0.12657593721299154,0.054324426997594044,-0.7692307692307693,-0.3076923076923077,0.23076923076923078,-0.6545454545454545,-0.6923076923076923,3.6923076923076925,-0.8461538461538461,-0.6153846153846154,0.07692307692307693,-0.6153846153846154
1,1,0,0,1.362111056860047,3.769230769230769,0.6751721466968682,0,6,5,4,3,2,1,0,6,5,1,0,0,1,1,1,1,1,0,0,0,1,1,0,0,0,0,0,1,1,0,0,0,0,0,0,0,0,0,0,0.8383416929291135,-0.6264370367082426,-0.33042263360111773,-0.3194888178913738,-0.47333276984194067,-0.36345194827149013,1.7797445103114302,0.21841863571846037,-0.47457627118644075,0.13874467097209914,-0.07692307692307693,-0.7692307692307693,-0.3076923076923077,0.21818181818181817,-0.6923076923076923,-0.6923076923076923,3.6923076923076925,-0.8461538461538461,-0.6153846153846154,0.07692307692307693
2,1,0,0,1.388743397398908,-0.8461538461538461,1.1693245200128088,1,0,6,5,4,3,2,1,0,6,1,1,0,0,1,1,1,1,1,0,0,0,1,1,0,0,0,0,0,1,0,0,0,0,0,0,0,0,0,0,1.362111056860047,0.8383416929291135,-0.6273140062871114,-0.3281236508073569,-0.3127377229312822,-0.47333276984194067,-0.3576855639976622,1.7797445103114302,0.21841863571846037,-0.4690810856443375,3.769230769230769,-0.07692307692307693,-0.7692307692307693,-0.2909090909090909,0.23076923076923078,-0.6923076923076923,-0.6923076923076923,3.6923076923076925,-0.8461538461538461,-0.6153846153846154
3,1,0,0,-0.07603533223844819,-1.0,-0.2253045279341342,2,1,0,6,5,4,3,2,1,0,1,1,1,0,0,1,1,1,1,1,0,0,0,1,1,0,0,0,0,0,0,0,0,0,0,0,0,0,0,0,1.388743397398908,1.362111056860047,0.8134823611596227,-0.6217079699507815,-0.32119009382131686,-0.3127377229312822,-0.46622693495867085,-0.3576855639976622,1.7797445103114302,0.2316069393440547,-0.8461538461538461,3.769230769230769,-0.07692307692307693,-0.7272727272727273,-0.3076923076923077,0.23076923076923078,-0.6923076923076923,-0.6923076923076923,3.6923076923076925,-0.8461538461538461
4,1,0,0,-0.48439788716765053,-0.6153846153846154,-0.45884516454958646,3,2,1,0,6,5,4,3,2,1,1,1,1,1,0,0,1,1,1,1,0,0,0,0,1,1,0,0,0,0,0,0,0,0,0,0,0,0,0,0,-0.07603533223844819,1.388743397398908,1.3286762137617882,0.803039461186426,-0.6085707040824951,-0.32119009382131686,-0.3075895466310429,-0.46622693495867085,-0.3576855639976622,1.8102655016673,-1.0,-0.8461538461538461,3.769230769230769,-0.07272727272727272,-0.7692307692307693,-0.3076923076923077,0.23076923076923078,-0.6923076923076923,-0.6923076923076923,3.6923076923076925
5,0,1,0,0.163655732611301,0.6153846153846154,0.15064731323693822,4,3,2,1,0,6,5,4,3,2,1,1,1,1,1,0,0,1,1,1,0,0,0,0,0,1,1,0,0,0,0,0,0,0,0,0,0,0,0,0,-0.48439788716765053,-0.07603533223844819,1.3548725113517288,1.3124946032294276,0.7860704927732228,-0.6085707040824951,-0.3159388828588128,-0.3075895466310429,-0.46622693495867085,-0.35089274408003035,-0.6153846153846154,-1.0,-0.8461538461538461,3.5636363636363635,-0.07692307692307693,-0.7692307692307693,-0.3076923076923077,0.23076923076923078,-0.6923076923076923,-0.6923076923076923
6,0,1,0,0.27018509476674507,1.0,0.24744441628759167,5,4,3,2,1,0,6,5,4,3,0,1,1,1,1,1,0,0,1,1,1,0,0,0,0,0,1,1,0,0,0,0,0,0,0,0,0,0,0,0,0.163655732611301,-0.48439788716765053,-0.08592385609500526,1.3383991019773767,1.2847603752852674,0.7860704927732228,-0.5998163146029891,-0.3159388828588128,-0.3075895466310429,-0.46063906124688697,0.6153846153846154,-0.6153846153846154,-1.0,-0.8,3.769230769230769,-0.07692307692307693,-0.7692307692307693,-0.3076923076923077,0.23076923076923078,-0.6923076923076923
0,1,0,0,-0.04052554485330017,0.23076923076923078,-0.08088515538772936,6,5,4,3,2,1,0,6,5,4,0,0,1,1,1,1,1,0,0,1,1,1,0,0,0,0,0,1,1,0,0,0,0,0,0,0,0,0,0,0,0.27018509476674507,0.163655732611301,-0.4876004191407614,-0.08634832915983076,1.3101174879553714,1.2847603752852674,0.7778241629790431,-0.5998163146029891,-0.3159388828588128,-0.30024059769532735,1.0,0.6153846153846154,-0.6153846153846154,-0.9454545454545454,-0.8461538461538461,3.769230769230769,-0.07692307692307693,-0.7692307692307693,-0.3076923076923077,0.23076923076923078
1,1,0,0,1.9125127613298414,5.769230769230769,1.907266915458551,0,6,5,4,3,2,1,0,6,5,1,0,0,1,1,1,1,1,0,0,0,1,1,0,0,0,0,0,1,1,0,0,0,0,0,0,0,0,0,0,-0.04052554485330017,0.27018509476674507,0.14984282221446033,-0.4835506432950522,-0.08452370890034655,1.3101174879553714,1.270435000417467,0.7778241629790431,-0.5998163146029891,-0.30868262209277786,0.23076923076923078,1.0,0.6153846153846154,-0.5818181818181818,-1.0,-0.8461538461538461,3.769230769230769,-0.07692307692307693,-0.7692307692307693,-0.3076923076923077
2,1,0,0,-0.12042256646988322,-0.3076923076923077,-0.18514928986765283,1,0,6,5,4,3,2,1,0,6,1,1,0,0,1,1,1,1,1,0,0,0,1,1,0,0,0,0,0,1,0,0,0,0,0,0,0,0,0,0,1.9125127613298414,-0.04052554485330017,0.2546280125742228,0.1467921595717123,-0.47333276984194067,-0.08452370890034655,1.2954830091007765,1.270435000417467,0.7778241629790431,-0.5957114516060952,5.769230769230769,0.23076923076923078,1.0,0.5818181818181818,-0.6153846153846154,-1.0,-0.8461538461538461,3.769230769230769,-0.07692307692307693,-0.7692307692307693
3,1,0,0,0.5986506280793643,0.07692307692307693,0.5442859662657906,2,1,0,6,5,4,3,2,1,0,1,1,1,0,0,1,1,1,1,1,0,0,0,1,1,0,0,0,0,0,0,0,0,0,0,0,0,0,0,0,-0.12042256646988322,1.9125127613298414,-0.05099545930841777,0.2504101545635092,0.14369030513058914,-0.47333276984194067,-0.08215746848125577,1.2954830091007765,1.270435000417467,0.7972225739732388,-0.3076923076923077,5.769230769230769,0.23076923076923078,0.9454545454545454,0.6153846153846154,-0.6153846153846154,-1.0,-0.8461538461538461,3.769230769230769,-0.07692307692307693
4,1,0,0,-0.4577655466287895,-0.5384615384615384,-0.35616765307712445,3,2,1,0,6,5,4,3,2,1,1,1,1,1,0,0,1,1,1,1,0,0,0,0,1,1,0,0,0,0,0,0,0,0,0,0,0,0,0,0,0.5986506280793643,-0.12042256646988322,1.8700663639538944,-0.05180899749589846,0.24511875581100498,0.14369030513058914,-0.46622693495867085,-0.08215746848125577,1.2954830091007765,1.2953020134228188,0.07692307692307693,-0.3076923076923077,5.769230769230769,0.21818181818181817,1.0,0.6153846153846154,-0.6153846153846154,-1.0,-0.8461538461538461,3.769230769230769
5,0,1,0,0.181410626303875,0.0,0.14530005835214818,4,3,2,1,0,6,5,4,3,2,1,1,1,1,1,0,0,1,1,1,0,0,0,0,0,1,1,0,0,0,0,0,0,0,0,0,0,0,0,0,-0.4577655466287895,0.5986506280793643,-0.12958435207823962,1.8478542440203782,-0.050714225340207926,0.24511875581100498,0.14327460966853134,-0.46622693495867085,-0.08215746848125577,1.3206280866151703,-0.5384615384615384,0.07692307692307693,-0.3076923076923077,5.454545454545454,0.23076923076923078,1.0,0.6153846153846154,-0.6153846153846154,-1.0,-0.8461538461538461
6,0,1,0,2.0367970171778595,1.3076923076923077,1.9710035213677655,5,4,3,2,1,0,6,5,4,3,0,1,1,1,1,1,0,0,1,1,1,0,0,0,0,0,1,1,0,0,0,0,0,0,0,0,0,0,0,0,0.181410626303875,-0.4577655466287895,0.5777156828501571,-0.12952249373974614,1.8088073704674161,-0.050714225340207926,0.24346664440177004,0.14327460966853134,-0.46622693495867085,-0.07230593896416358,0.0,-0.5384615384615384,0.07692307692307693,-0.2909090909090909,5.769230769230769,0.23076923076923078,1.0,0.6153846153846154,-0.6153846153846154,-1.0
0,0,0,1,-0.0849127790847352,-0.7692307692307693,0.13155596274920425,6,5,4,3,2,1,0,6,5,4,0,0,1,1,1,1,1,0,0,1,1,1,0,0,0,0,0,1,1,0,0,0,0,0,0,0,0,0,0,0,2.0367970171778595,0.181410626303875,-0.4614041215508208,0.569898972454883,-0.12678556335051983,1.8088073704674161,-0.0487601235701762,0.24346664440177004,0.14327460966853134,-0.46063906124688697,1.3076923076923077,0.0,-0.5384615384615384,0.07272727272727272,-0.3076923076923077,5.769230769230769,0.23076923076923078,1.0,0.6153846153846154,-0.6153846153846154
1,1,0,0,1.9302676550224154,6.384615384615385,2.0417434330254034,0,6,5,4,3,2,1,0,6,5,0,0,0,1,1,1,1,1,0,0,0,1,1,0,0,0,0,0,1,1,1,0,0,0,0,0,0,0,0,0,-0.0849127790847352,2.0367970171778595,0.16730702060775407,-0.457646144547103,0.5578564787422872,-0.12678556335051983,1.7880938465392002,-0.0487601235701762,0.24346664440177004,0.15562871976700016,-0.7692307692307693,1.3076923076923077,0.0,-0.509090909090909,0.07692307692307693,-0.3076923076923077,5.769230769230769,0.23076923076923078,1.0,0.6153846153846154
2,1,0,0,0.09263615784100494,-0.3076923076923077,0.07942088260227656,1,0,6,5,4,3,2,1,0,6,1,0,0,0,1,1,1,1,1,0,0,0,1,1,0,0,0,0,0,1,0,1,0,0,0,0,0,0,0,0,1.9302676550224154,-0.0849127790847352,1.9923157527069506,0.16406182540367845,-0.4479756571718367,0.5578564787422872,-0.12390414962010524,1.7880938465392002,-0.0487601235701762,0.25693301253640627,6.384615384615385,-0.7692307692307693,1.3076923076923077,0.0,-0.5384615384615384,0.07692307692307693,-0.3076923076923077,5.769230769230769,0.23076923076923078,1.0
3,1,0,0,-0.13817746016245724,0.38461538461538464,-0.01910510506301331,2,1,0,6,5,4,3,2,1,0,1,1,0,0,0,1,1,1,1,1,0,0,0,1,1,0,0,0,0,0,0,0,1,0,0,0,0,0,0,0,0.09263615784100494,1.9302676550224154,-0.09465595529165213,1.9687419048441412,0.16059504691065843,-0.4479756571718367,0.5523920848292561,-0.12390414962010524,1.7880938465392002,-0.03853784137436155,-0.3076923076923077,6.384615384615385,-0.7692307692307693,1.2363636363636363,0.0,-0.5384615384615384,0.07692307692307693,-0.3076923076923077,5.769230769230769,0.23076923076923078
4,1,0,0,0.13702339207243996,0.0,-0.07984164160986955,3,2,1,0,6,5,4,3,2,1,1,1,1,0,0,0,1,1,1,1,0,0,0,0,1,1,0,0,0,0,0,0,0,1,0,0,0,0,0,0,-0.13817746016245724,0.09263615784100494,1.887530562347188,-0.09498316207581384,1.9271405629279013,0.16059504691065843,-0.44117892627536115,0.5523920848292561,-0.12390414962010524,1.8187075260647503,0.38461538461538464,-0.3076923076923077,6.384615384615385,-0.7272727272727273,1.3076923076923077,0.0,-0.5384615384615384,0.07692307692307693,-0.3076923076923077,5.769230769230769
5,0,1,0,-0.3068489502419104,-0.5384615384615384,-0.2660927384553756,4,3,2,1,0,6,5,4,3,2,1,1,1,1,0,0,0,1,1,1,0,0,0,0,0,1,1,0,0,0,0,0,0,0,1,0,0,0,0,0,0.13702339207243996,-0.13817746016245724,0.07998602864128533,1.8651239098523442,-0.0929760797903812,1.9271405629279013,0.1599732821240711,-0.44117892627536115,0.5523920848292561,-0.11451606095141613,0.0,0.38461538461538464,-0.3076923076923077,6.036363636363636,-0.7692307692307693,1.3076923076923077,0.0,-0.5384615384615384,0.07692307692307693,-0.3076923076923077
6,0,1,0,0.4566114785387722,0.3076923076923077,0.5674033464357671,5,4,3,2,1,0,6,5,4,3,0,1,1,1,1,0,0,0,1,1,1,0,0,0,0,0,1,1,0,0,0,0,0,0,0,1,0,0,0,0,-0.3068489502419104,0.13702339207243996,-0.14704855047153337,0.07771349624384769,1.8257121122474853,-0.0929760797903812,1.9049845537279786,0.1599732821240711,-0.44117892627536115,0.5692879152420751,-0.5384615384615384,0.0,0.38461538461538464,-0.2909090909090909,6.384615384615385,-0.7692307692307693,1.3076923076923077,0.0,-0.5384615384615384,0.07692307692307693
0,1,0,0,-0.022770651160726154,-0.07692307692307693,-0.04697344653043131,6,5,4,3,2,1,0,6,5,4,0,0,1,1,1,1,0,0,0,1,1,1,0,0,0,0,0,1,1,0,0,0,0,0,0,0,1,0,0,0,0.4566114785387722,-0.3068489502419104,0.1236465246245197,-0.1467921595717123,0.07607133801031189,1.8257121122474853,-0.09050680470902567,1.9049845537279786,0.1599732821240711,-0.43531298805453544,0.3076923076923077,-0.5384615384615384,0.0,0.36363636363636365,-0.3076923076923077,6.384615384615385,-0.7692307692307693,1.3076923076923077,0.0,-0.5384615384615384
1,1,0,0,1.3177238226286119,5.230769230769231,1.007370028924562,0,6,5,4,3,2,1,0,6,5,1,0,0,1,1,1,1,0,0,0,0,1,1,0,0,0,0,0,1,1,0,0,0,0,0,0,0,1,0,0,-0.022770651160726154,0.4566114785387722,-0.31295843520782396,0.12088766082376305,-0.14369030513058914,0.07607133801031189,1.80479251899474,-0.09050680470902567,1.9049845537279786,0.17251276856190118,-0.07692307692307693,0.3076923076923077,-0.5384615384615384,0.0,0.38461538461538464,-0.3076923076923077,6.384615384615385,-0.7692307692307693,1.3076923076923077,0.0
2,1,0,0,0.13702339207243996,-0.8461538461538461,0.0003417684467030185,1,0,6,5,4,3,2,1,0,6,1,1,0,0,1,1,1,1,0,0,0,0,1,1,0,0,0,0,0,1,0,0,0,0,0,0,0,0,1,0,1.3177238226286119,-0.022770651160726154,0.4380020957038071,-0.31085398497539074,0.11833319246048517,-0.14369030513058914,0.07647991984637219,1.80479251899474,-0.09050680470902567,1.9368958676290575,5.230769230769231,-0.07692307692307693,0.3076923076923077,-0.509090909090909,0.0,0.38461538461538464,-0.3076923076923077,6.384615384615385,-0.7692307692307693,1.3076923076923077
3,1,0,0,0.4033467974610502,-0.38461538461538464,0.024486156904204033,2,1,0,6,5,4,3,2,1,0,1,1,1,0,0,1,1,1,1,0,0,0,0,1,1,0,0,0,0,0,0,0,0,0,0,0,0,0,0,1,0.13702339207243996,1.3177238226286119,-0.033531260915124025,0.43174164579915375,-0.30428535204124757,0.11833319246048517,-0.140602822075645,0.07647991984637219,1.80479251899474,-0.08074796336161409,-0.8461538461538461,5.230769230769231,-0.07692307692307693,0.2909090909090909,-0.5384615384615384,0.0,0.38461538461538464,-0.3076923076923077,6.384615384615385,-0.7692307692307693
4,1,0,0,-0.022770651160726154,0.46153846153846156,-0.05437969583656211,3,2,1,0,6,5,4,3,2,1,1,1,1,1,0,0,1,1,1,1,0,0,0,0,1,1,0,0,0,0,0,0,0,0,0,0,0,0,0,0,0.4033467974610502,0.13702339207243996,1.2850157177785537,-0.034539331663932304,0.42261854450173275,-0.30428535204124757,0.11822660098522166,-0.140602822075645,0.07647991984637219,1.8355915748596514,-0.38461538461538464,-0.8461538461538461,5.230769230769231,-0.07272727272727272,0.3076923076923077,-0.5384615384615384,0.0,0.38461538461538464,-0.3076923076923077,6.384615384615385
5,0,1,0,1.3177238226286119,0.46153846153846156,0.9603697282233471,4,3,2,1,0,6,5,4,3,2,1,1,1,1,1,0,0,1,1,1,0,0,0,0,0,1,1,0,0,0,0,0,0,0,0,0,0,0,0,0,-0.022770651160726154,0.4033467974610502,0.1236465246245197,1.269320438649512,-0.03380948356013862,0.42261854450173275,-0.299240210403273,0.11822660098522166,-0.140602822075645,0.08809252458739608,0.46153846153846156,-0.38461538461538464,-0.8461538461538461,4.945454545454545,-0.07692307692307693,0.3076923076923077,-0.5384615384615384,0.0,0.38461538461538464,-0.3076923076923077
6,0,1,0,0.08375871099471793,0.3076923076923077,0.052837873445724805,5,4,3,2,1,0,6,5,4,3,0,1,1,1,1,1,0,0,1,1,1,0,0,0,0,0,1,1,0,0,0,0,0,0,0,0,0,0,0,0,1.3177238226286119,-0.022770651160726154,0.3856095005239259,0.12088766082376305,1.2424985208350943,-0.03380948356013862,0.4188027051849378,-0.299240210403273,0.11822660098522166,-0.13140010974631716,0.46153846153846156,0.46153846153846156,-0.38461538461538464,-0.8,5.230769230769231,-0.07692307692307693,0.3076923076923077,-0.5384615384615384,0.0,0.38461538461538464
0,1,0,0,-0.5199076745527985,-0.38461538461538464,-0.46595300507013293,6,5,4,3,2,1,0,6,5,4,0,0,1,1,1,1,1,0,0,1,1,1,0,0,0,0,0,1,1,0,0,0,0,0,0,0,0,0,0,0,0.08375871099471793,1.3177238226286119,-0.033531260915124025,0.37993264830325535,0.11833319246048517,1.2424985208350943,-0.032061451114636416,0.4188027051849378,-0.299240210403273,0.13030264657464863,0.3076923076923077,0.46153846153846156,0.46153846153846156,-0.36363636363636365,-0.8461538461538461,5.230769230769231,-0.07692307692307693,0.3076923076923077,-0.5384615384615384,0.0
1,1,0,0,0.5986506280793643,4.6923076923076925,0.5277322694191188,0,6,5,4,3,2,1,0,6,5,1,0,0,1,1,1,1,1,0,0,0,1,1,0,0,0,0,0,1,1,0,0,0,0,0,0,0,0,0,0,-0.5199076745527985,0.08375871099471793,1.2850157177785537,-0.034539331663932304,0.3719043191615248,0.11833319246048517,1.2286883192786173,-0.032061451114636416,0.4188027051849378,-0.29179857329787684,-0.38461538461538464,0.3076923076923077,0.46153846153846156,0.43636363636363634,-0.38461538461538464,-0.8461538461538461,5.230769230769231,-0.07692307692307693,0.3076923076923077,-0.5384615384615384
2,1,0,0,-0.47552044032136354,-0.5384615384615384,-0.4269526273432966,1,0,6,5,4,3,2,1,0,6,1,1,0,0,1,1,1,1,1,0,0,0,1,1,0,0,0,0,0,1,0,0,0,0,0,0,0,0,0,0,0.5986506280793643,-0.5199076745527985,0.07125392944463846,1.269320438649512,-0.03380948356013862,0.3719043191615248,0.11822660098522166,1.2286883192786173,-0.032061451114636416,0.4342155248828669,4.6923076923076925,-0.38461538461538464,0.3076923076923077,0.43636363636363634,0.46153846153846156,-0.38461538461538464,-0.8461538461538461,5.230769230769231,-0.07692307692307693,0.3076923076923077
3,1,0,0,-0.16480980070131826,-0.5384615384615384,-0.28179915346483975,2,1,0,6,5,4,3,2,1,0,1,1,1,0,0,1,1,1,1,1,0,0,0,1,1,0,0,0,0,0,0,0,0,0,0,0,0,0,0,0,-0.47552044032136354,0.5986506280793643,-0.5225288159273489,0.06907866332786461,1.2424985208350943,-0.03380948356013862,0.36870668781831845,0.11822660098522166,1.2286883192786173,-0.021653792579460537,-0.5384615384615384,4.6923076923076925,-0.38461538461538464,0.2909090909090909,0.46153846153846156,0.46153846153846156,-0.38461538461538464,-0.8461538461538461,5.230769230769231,-0.07692307692307693
4,1,0,0,0.33232722269075415,0.8461538461538461,0.23763255726308055,3,2,1,0,6,5,4,3,2,1,1,1,1,1,0,0,1,1,1,1,0,0,0,0,1,1,0,0,0,0,0,0,0,0,0,0,0,0,0,0,-0.16480980070131826,-0.47552044032136354,0.5777156828501571,-0.5180899749589846,0.06761896712027723,1.2424985208350943,-0.032061451114636416,0.36870668781831845,0.11822660098522166,1.2530918914355662,-0.5384615384615384,-0.5384615384615384,4.6923076923076925,-0.36363636363636365,0.3076923076923077,0.46153846153846156,0.46153846153846156,-0.38461538461538464,-0.8461538461538461,5.230769230769231
5,0,1,0,-0.0849127790847352,-0.07692307692307693,-0.06256537107518925,4,3,2,1,0,6,5,4,3,2,1,1,1,1,1,0,0,1,1,1,0,0,0,0,0,1,1,0,0,0,0,0,0,0,0,0,0,0,0,0,0.33232722269075415,-0.16480980070131826,-0.47886831994411455,0.569898972454883,-0.5071422534020793,0.06761896712027723,1.2286883192786173,-0.032061451114636416,0.36870668781831845,0.13030264657464863,0.8461538461538461,-0.5384615384615384,-0.5384615384615384,4.4363636363636365,-0.38461538461538464,0.3076923076923077,0.46153846153846156,0.46153846153846156,-0.38461538461538464,-0.8461538461538461
6,0,1,0,-0.4932753340139375,-0.23076923076923078,-0.41335367525853856,5,4,3,2,1,0,6,5,4,3,0,1,1,1,1,1,0,0,1,1,1,0,0,0,0,0,1,1,0,0,0,0,0,0,0,0,0,0,0,0,-0.0849127790847352,0.33232722269075415,-0.173244848061474,-0.47491581037906916,0.5578564787422872,-0.5071422534020793,0.06813058361860229,1.2286883192786173,-0.032061451114636416,0.3835633784981639,-0.07692307692307693,0.8461538461538461,-0.5384615384615384,-0.509090909090909,4.6923076923076925,-0.38461538461538464,0.3076923076923077,0.46153846153846156,0.46153846153846156,-0.38461538461538464
0,1,0,0,0.07488126414843092,0.3076923076923077,0.09372380694942711,6,5,4,3,2,1,0,6,5,4,0,0,1,1,1,1,1,0,0,1,1,1,0,0,0,0,0,1,1,0,0,0,0,0,0,0,0,0,0,0,-0.4932753340139375,-0.0849127790847352,0.3157527069507509,-0.17269665831966152,-0.464880398951906,0.5578564787422872,-0.4996242798697504,0.06813058361860229,1.2286883192786173,-0.021653792579460537,-0.23076923076923078,-0.07692307692307693,0.8461538461538461,-0.509090909090909,-0.5384615384615384,4.6923076923076925,-0.38461538461538464,0.3076923076923077,0.46153846153846156,0.46153846153846156
1,1,0,0,2.498424253184784,7.230769230769231,3.0066525640788,0,6,5,4,3,2,1,0,6,5,1,0,0,1,1,1,1,1,0,0,0,1,1,0,0,0,0,0,1,1,0,0,0,0,0,0,0,0,0,0,0.07488126414843092,-0.4932753340139375,-0.09465595529165213,0.31085398497539074,-0.1690474178006931,-0.464880398951906,0.5523920848292561,-0.4996242798697504,0.06813058361860229,1.2530918914355662,0.3076923076923077,-0.23076923076923078,-0.07692307692307693,0.8,-0.5384615384615384,-0.5384615384615384,4.6923076923076925,-0.38461538461538464,0.3076923076923077,0.46153846153846156
2,1,0,0,0.163655732611301,-0.07692307692307693,0.05241606647049149,1,0,6,5,4,3,2,1,0,6,1,1,0,0,1,1,1,1,1,0,0,0,1,1,0,0,0,0,0,1,0,0,0,0,0,0,0,0,0,0,2.498424253184784,0.07488126414843092,-0.4963325183374083,-0.09498316207581384,0.30428535204124757,-0.1690474178006931,-0.45787759873090095,0.5523920848292561,-0.4996242798697504,0.07965050018994557,7.230769230769231,0.3076923076923077,-0.23076923076923078,-0.07272727272727272,0.8461538461538461,-0.5384615384615384,-0.5384615384615384,4.6923076923076925,-0.38461538461538464,0.3076923076923077
3,0,0,1,0.3145723289981801,-0.23076923076923078,0.3646928698312189,2,1,0,6,5,4,3,2,1,0,1,1,1,0,0,1,1,1,1,1,0,0,0,1,1,0,0,0,0,0,0,0,0,0,0,0,0,0,0,0,0.163655732611301,2.498424253184784,0.06252183024799159,-0.4921854762110353,-0.0929760797903812,0.30428535204124757,-0.1656508307589547,-0.45787759873090095,0.5523920848292561,-0.494407158836689,-0.07692307692307693,7.230769230769231,0.3076923076923077,-0.21818181818181817,-0.07692307692307693,0.8461538461538461,-0.5384615384615384,-0.5384615384615384,4.6923076923076925,-0.38461538461538464
4,0,0,1,-0.4488880997825025,0.0,-0.3909583447927503,3,2,1,0,6,5,4,3,2,1,0,1,1,1,0,0,1,1,1,1,0,0,0,0,1,1,0,0,0,0,1,0,0,0,0,0,0,0,0,0,0.3145723289981801,0.163655732611301,2.4463849109325877,0.060443830411881526,-0.4817851407319753,-0.0929760797903812,0.3019119979961593,-0.1656508307589547,-0.45787759873090095,0.5692879152420751,-0.23076923076923078,-0.07692307692307693,7.230769230769231,0.2909090909090909,-0.23076923076923078,-0.07692307692307693,0.8461538461538461,-0.5384615384615384,-0.5384615384615384,4.6923076923076925
5,0,1,0,1.513027653246926,0.07692307692307693,1.5140739106687495,4,3,2,1,0,6,5,4,3,2,0,0,1,1,1,0,0,1,1,1,0,0,0,0,0,1,1,0,0,0,1,1,0,0,0,0,0,0,0,0,-0.4488880997825025,0.3145723289981801,0.14984282221446033,2.417753216475261,0.059166596230242584,-0.4817851407319753,-0.09050680470902567,0.3019119979961593,-0.1656508307589547,-0.45219703684943646,0.0,-0.23076923076923078,-0.07692307692307693,6.836363636363636,0.3076923076923077,-0.23076923076923078,-0.07692307692307693,0.8461538461538461,-0.5384615384615384,-0.5384615384615384
6,0,1,0,-0.6353144835545297,-0.23076923076923078,-0.5398514911957291,5,4,3,2,1,0,6,5,4,3,0,0,0,1,1,1,0,0,1,1,1,0,0,0,0,0,1,1,0,0,0,1,1,0,0,0,0,0,0,0,1.513027653246926,-0.4488880997825025,0.29828850855745714,0.1467921595717123,2.3666638492097034,0.059166596230242584,-0.47457627118644075,-0.09050680470902567,0.3019119979961593,-0.15672618293866866,0.07692307692307693,0.0,-0.23076923076923078,-0.07272727272727272,7.230769230769231,0.3076923076923077,-0.23076923076923078,-0.07692307692307693,0.8461538461538461,-0.5384615384615384
0,1,0,0,-0.12042256646988322,0.6153846153846154,-0.15482294029983795,6,5,4,3,2,1,0,6,5,4,0,0,0,0,1,1,1,0,0,1,1,1,0,0,0,0,0,1,1,0,0,0,1,1,0,0,0,0,0,0,-0.6353144835545297,1.513027653246926,-0.4526720223541739,0.2935843191434246,0.14369030513058914,2.3666638492097034,0.059781247390832404,-0.47457627118644075,-0.09050680470902567,0.31602718331855983,-0.23076923076923078,0.07692307692307693,0.0,-0.21818181818181817,-0.07692307692307693,7.230769230769231,0.3076923076923077,-0.23076923076923078,-0.07692307692307693,0.8461538461538461
1,1,0,0,3.6347374495095206,7.3076923076923075,3.310982890814806,0,6,5,4,3,2,1,0,6,5,1,0,0,0,0,1,1,1,0,0,0,1,1,0,0,0,0,0,1,1,0,0,0,1,1,0,0,0,0,0,-0.12042256646988322,-0.6353144835545297,1.477121900104785,-0.4490113116311199,0.2873806102611783,0.14369030513058914,2.3391500375720127,0.059781247390832404,-0.47457627118644075,-0.08074796336161409,0.6153846153846154,-0.23076923076923078,0.07692307692307693,0.0,-0.23076923076923078,-0.07692307692307693,7.230769230769231,0.3076923076923077,-0.23076923076923078,-0.07692307692307693
2,1,0,0,-0.11154511962359623,0.6153846153846154,-0.1368937859252313,1,0,6,5,4,3,2,1,0,6,1,1,0,0,0,0,1,1,1,0,0,0,1,1,0,0,0,0,0,1,0,0,0,0,1,1,0,0,0,0,3.6347374495095206,-0.12042256646988322,-0.6360461054837583,1.4592867628011397,-0.43952328628180204,0.2873806102611783,0.14327460966853134,2.3391500375720127,0.059781247390832404,-0.4690810856443375,7.3076923076923075,0.6153846153846154,-0.23076923076923078,0.07272727272727272,0.0,-0.23076923076923078,-0.07692307692307693,7.230769230769231,0.3076923076923077,-0.23076923076923078
3,1,0,0,0.145900838918727,0.6923076923076923,0.1218331809741213,2,1,0,6,5,4,3,2,1,0,1,1,1,0,0,0,0,1,1,1,0,0,0,1,1,0,0,0,0,0,0,0,0,0,0,1,1,0,0,0,-0.11154511962359623,3.6347374495095206,-0.12958435207823962,-0.6303428028667645,1.4284506804158565,-0.43952328628180204,0.2852133255406195,0.14327460966853134,2.3391500375720127,0.07120847579249506,0.6153846153846154,7.3076923076923075,0.6153846153846154,-0.21818181818181817,0.07692307692307693,0.0,-0.23076923076923078,-0.07692307692307693,7.230769230769231,0.3076923076923077
4,1,0,0,-0.13817746016245724,0.6923076923076923,-0.26461562806632877,3,2,1,0,6,5,4,3,2,1,1,1,1,1,0,0,0,0,1,1,0,0,0,0,1,1,0,0,0,0,0,0,0,0,0,0,1,1,0,0,0.145900838918727,-0.11154511962359623,3.5640936081033874,-0.12952249373974614,-0.6170230749725297,1.4284506804158565,-0.43282959004759125,0.2852133255406195,0.14327460966853134,2.375881136296484,0.6923076923076923,0.6153846153846154,7.3076923076923075,0.5818181818181818,-0.23076923076923078,0.07692307692307693,0.0,-0.23076923076923078,-0.07692307692307693,7.230769230769231
5,0,1,0,0.6430378623107994,-0.23076923076923078,0.4012839699529338,4,3,2,1,0,6,5,4,3,2,1,1,1,1,1,0,0,0,0,1,0,0,0,0,0,1,1,0,0,0,0,0,0,0,0,0,0,1,1,0,-0.13817746016245724,0.145900838918727,-0.12085225288159275,3.523011829721095,-0.12678556335051983,-0.6170230749725297,1.412373716289555,-0.43282959004759125,0.2852133255406195,0.15562871976700016,0.6923076923076923,0.6923076923076923,0.6153846153846154,6.909090909090909,0.6153846153846154,-0.23076923076923078,0.07692307692307693,0.0,-0.23076923076923078,-0.07692307692307693
6,0,1,0,0.24355275422788406,0.6153846153846154,0.41199157931801805,5,4,3,2,1,0,6,5,4,3,0,1,1,1,1,1,0,0,0,0,1,0,0,0,0,0,1,1,0,0,0,0,0,0,0,0,0,0,1,1,0.6430378623107994,-0.13817746016245724,0.13237862382116658,-0.12088766082376305,3.448567323134139,-0.12678556335051983,-0.608165650830759,1.412373716289555,-0.43282959004759125,0.2991431345236588,-0.23076923076923078,0.6923076923076923,0.6923076923076923,0.5818181818181818,7.3076923076923075,0.6153846153846154,-0.23076923076923078,0.07692307692307693,0.0,-0.23076923076923078
0,1,0,0,0.19028807315016202,0.38461538461538464,0.21502344139866478,6,5,4,3,2,1,0,6,5,4,0,0,1,1,1,1,1,0,0,0,1,1,0,0,0,0,0,1,1,0,0,0,0,0,0,0,0,0,0,1,0.24355275422788406,0.6430378623107994,-0.14704855047153337,0.12952249373974614,-0.11833319246048517,3.448567323134139,-0.12390414962010524,-0.608165650830759,1.412373716289555,-0.42687096365708493,0.6153846153846154,-0.23076923076923078,0.6923076923076923,0.6545454545454545,0.6153846153846154,7.3076923076923075,0.6153846153846154,-0.23076923076923078,0.07692307692307693,0.0
1,1,0,0,1.8681255270984063,6.538461538461538,1.8455256399365272,0,6,5,4,3,2,1,0,6,5,1,0,0,1,1,1,1,1,0,0,0,1,1,0,0,0,0,0,1,1,0,0,0,0,0,0,0,0,0,0,0.19028807315016202,0.24355275422788406,0.6213761788333915,-0.1467921595717123,0.12678556335051983,-0.11833319246048517,3.4078650747265593,-0.12390414962010524,-0.608165650830759,1.4388164281794775,0.38461538461538464,0.6153846153846154,-0.23076923076923078,0.6545454545454545,0.6923076923076923,0.6153846153846154,7.3076923076923075,0.6153846153846154,-0.23076923076923078,0.07692307692307693
2,1,0,0,-0.5465400150916596,-0.07692307692307693,-0.5161598247588511,1,0,6,5,4,3,2,1,0,6,1,1,0,0,1,1,1,1,1,0,0,0,1,1,0,0,0,0,0,1,0,0,0,0,0,0,0,0,0,0,1.8681255270984063,0.19028807315016202,0.22843171498428216,0.6130731370347984,-0.14369030513058914,0.12678556335051983,-0.11555481339233534,3.4078650747265593,-0.12390414962010524,-0.6041534760035456,6.538461538461538,0.38461538461538464,0.6153846153846154,-0.21818181818181817,0.6923076923076923,0.6923076923076923,0.6153846153846154,7.3076923076923075,0.6153846153846154,-0.23076923076923078
3,0,0,1,-0.42225575924364145,-0.7692307692307693,-0.4365208338914307,2,1,0,6,5,4,3,2,1,0,1,1,1,0,0,1,1,1,1,1,0,0,0,1,1,0,0,0,0,0,0,0,0,0,0,0,0,0,0,0,-0.5465400150916596,1.8681255270984063,0.17603911980440093,0.22450565581555995,0.6001183331924604,-0.14369030513058914,0.12657593721299154,-0.11555481339233534,3.4078650747265593,-0.11451606095141613,-0.07692307692307693,6.538461538461538,0.38461538461538464,0.5818181818181818,-0.23076923076923078,0.6923076923076923,0.6923076923076923,0.6153846153846154,7.3076923076923075,0.6153846153846154
4,1,0,0,-0.5110302277065115,-0.6153846153846154,-0.5429707668771749,3,2,1,0,6,5,4,3,2,1,0,1,1,1,0,0,1,1,1,1,0,0,0,0,1,1,0,0,0,0,1,0,0,0,0,0,0,0,0,0,-0.42225575924364145,-0.5465400150916596,1.8264058679706598,0.17269665831966152,0.21976164314090102,0.6001183331924604,-0.140602822075645,0.12657593721299154,-0.11555481339233534,3.456460259170149,-0.7692307692307693,-0.07692307692307693,6.538461538461538,0.36363636363636365,0.6153846153846154,-0.23076923076923078,0.6923076923076923,0.6923076923076923,0.6153846153846154,7.3076923076923075
5,0,1,0,-0.38674597185849346,-0.46153846153846156,-0.43854367342918,4,3,2,1,0,6,5,4,3,2,1,0,1,1,1,0,0,1,1,1,0,0,0,0,0,1,1,0,0,0,0,1,0,0,0,0,0,0,0,0,-0.5110302277065115,-0.42225575924364145,-0.5487251135172896,1.8046800794404627,0.1690474178006931,0.21976164314090102,0.5941387659681056,-0.140602822075645,0.12657593721299154,-0.10607403655396562,-0.6153846153846154,-0.7692307692307693,-0.07692307692307693,6.181818181818182,0.38461538461538464,0.6153846153846154,-0.23076923076923078,0.6923076923076923,0.6923076923076923,0.6153846153846154
6,0,1,0,-0.6708242709396777,-0.5384615384615384,-0.6067031809158281,5,4,3,2,1,0,6,5,4,3,0,1,0,1,1,1,0,0,1,1,1,0,0,0,0,0,1,1,0,0,0,0,1,0,0,0,0,0,0,0,-0.38674597185849346,-0.5110302277065115,-0.4264757247642333,-0.5439944737069338,1.7665455160172427,0.1690474178006931,0.21841863571846037,0.5941387659681056,-0.140602822075645,0.13874467097209914,-0.46153846153846156,-0.6153846153846154,-0.7692307692307693,-0.07272727272727272,6.538461538461538,0.38461538461538464,0.6153846153846154,-0.23076923076923078,0.6923076923076923,0.6923076923076923
0,1,0,0,-0.6530693772471037,-0.3076923076923077,-0.6321106323718383,6,5,4,3,2,1,0,6,5,4,0,0,1,0,1,1,1,0,0,1,1,1,0,0,0,0,0,1,1,0,0,0,0,1,0,0,0,0,0,0,-0.6708242709396777,-0.38674597185849346,-0.513796716730702,-0.4231068128831707,-0.5324993660721833,1.7665455160172427,0.168322618351841,0.21841863571846037,0.5941387659681056,-0.13140010974631716,-0.5384615384615384,-0.46153846153846156,-0.6153846153846154,-0.7272727272727273,-0.07692307692307693,6.538461538461538,0.38461538461538464,0.6153846153846154,-0.23076923076923078,0.6923076923076923
1,1,0,0,3.2796395756580403,6.615384615384615,3.1476081415820003,0,6,5,4,3,2,1,0,6,5,1,0,0,1,0,1,1,1,0,0,0,1,1,0,0,0,0,0,1,1,0,0,0,0,1,0,0,0,0,0,-0.6530693772471037,-0.6708242709396777,-0.3915473279776458,-0.5094551420430015,-0.41416617361169805,-0.5324993660721833,1.7463471654003506,0.168322618351841,0.21841863571846037,0.6114980372293276,-0.3076923076923077,-0.5384615384615384,-0.46153846153846156,-0.5818181818181818,-0.7692307692307693,-0.07692307692307693,6.538461538461538,0.38461538461538464,0.6153846153846154,-0.23076923076923078
2,1,0,0,-0.7063340583248257,-0.7692307692307693,-0.6661659127958617,1,0,6,5,4,3,2,1,0,6,1,1,0,0,1,0,1,1,1,0,0,0,1,1,0,0,0,0,0,1,0,0,0,0,0,1,0,0,0,0,3.2796395756580403,-0.6530693772471037,-0.6709745022703457,-0.3885674812192384,-0.4986898825120446,-0.41416617361169805,-0.52467228855306,1.7463471654003506,0.168322618351841,0.2316069393440547,6.615384615384615,-0.3076923076923077,-0.5384615384615384,-0.43636363636363634,-0.6153846153846154,-0.7692307692307693,-0.07692307692307693,6.538461538461538,0.38461538461538464,0.6153846153846154
3,1,0,0,-0.5199076745527985,-0.07692307692307693,-0.5298088172984351,2,1,0,6,5,4,3,2,1,0,1,1,1,0,0,1,0,1,1,1,0,0,0,1,1,0,0,0,0,0,0,0,0,0,0,0,1,0,0,0,-0.7063340583248257,3.2796395756580403,-0.653510303877052,-0.6648821345306968,-0.3803566900515595,-0.4986898825120446,-0.4077815813642816,-0.52467228855306,1.7463471654003506,0.18095479295935168,-0.7692307692307693,6.615384615384615,-0.3076923076923077,-0.509090909090909,-0.46153846153846156,-0.6153846153846154,-0.7692307692307693,-0.07692307692307693,6.538461538461538,0.38461538461538464
4,1,0,0,0.3234497758444671,0.46153846153846156,0.35517758564892155,3,2,1,0,6,5,4,3,2,1,1,1,1,1,0,0,1,0,1,1,0,0,0,0,1,1,0,0,0,0,0,0,0,0,0,0,0,1,0,0,-0.5199076745527985,-0.7063340583248257,3.2148096402375126,-0.6476124686987307,-0.6508325585326684,-0.3803566900515595,-0.4912749436419805,-0.4077815813642816,-0.52467228855306,1.776497404077498,-0.07692307692307693,-0.7692307692307693,6.615384615384615,-0.2909090909090909,-0.5384615384615384,-0.46153846153846156,-0.6153846153846154,-0.7692307692307693,-0.07692307692307693,6.538461538461538
5,0,1,0,0.9981357361622797,0.6923076923076923,0.77882976990495,4,3,2,1,0,6,5,4,3,2,1,1,1,1,1,0,0,1,0,1,0,0,0,0,0,1,1,0,0,0,0,0,0,0,0,0,0,0,1,0,0.3234497758444671,-0.5199076745527985,-0.7059028990569333,3.177618513081772,-0.6339278167525991,-0.6508325585326684,-0.374384236453202,-0.4912749436419805,-0.4077815813642816,-0.5197332320290405,0.46153846153846156,-0.07692307692307693,-0.7692307692307693,6.254545454545455,-0.3076923076923077,-0.5384615384615384,-0.46153846153846156,-0.6153846153846154,-0.7692307692307693,-0.07692307692307693
6,0,1,0,0.012739136224421875,0.0,0.08655177841091034,5,4,3,2,1,0,6,5,4,3,0,1,1,1,1,1,0,0,1,0,1,0,0,0,0,0,1,1,0,0,0,0,0,0,0,0,0,0,0,1,0.9981357361622797,0.3234497758444671,-0.5225288159273489,-0.6994214661946291,3.110472487532753,-0.6339278167525991,-0.6415629957418386,-0.374384236453202,-0.4912749436419805,-0.4015448904647334,0.6923076923076923,0.46153846153846156,-0.07692307692307693,-0.7272727272727273,6.615384615384615,-0.3076923076923077,-0.5384615384615384,-0.46153846153846156,-0.6153846153846154,-0.7692307692307693
0,1,0,0,-0.09379022593102221,0.0,-0.09155687186113223,6,5,4,3,2,1,0,6,5,4,0,0,1,1,1,1,1,0,0,1,1,1,0,0,0,0,0,1,1,0,0,0,0,0,0,0,0,0,0,0,0.012739136224421875,0.9981357361622797,0.307020607754104,-0.5180899749589846,-0.684642042092807,3.110472487532753,-0.6248643232862988,-0.6415629957418386,-0.374384236453202,-0.4859651344392385,0.0,0.6923076923076923,0.46153846153846156,-0.07272727272727272,-0.7692307692307693,6.615384615384615,-0.3076923076923077,-0.5384615384615384,-0.46153846153846156,-0.6153846153846154
1,1,0,0,0.7140574370810955,5.615384615384615,0.8254218872102558,0,6,5,4,3,2,1,0,6,5,1,0,0,1,1,1,1,1,0,0,0,1,1,0,0,0,0,0,1,1,0,0,0,0,0,0,0,0,0,0,-0.09379022593102221,0.012739136224421875,0.9706601466992664,0.30221915205940764,-0.5071422534020793,-0.684642042092807,3.0738916256157633,-0.6248643232862988,-0.6415629957418386,-0.36777679287493137,0.0,0.0,0.6923076923076923,0.43636363636363634,-0.07692307692307693,-0.7692307692307693,6.615384615384615,-0.3076923076923077,-0.5384615384615384,-0.46153846153846156
2,1,0,0,-0.7152115051711126,-0.38461538461538464,-0.6554910524195379,1,0,6,5,4,3,2,1,0,6,1,1,0,0,1,1,1,1,1,0,0,0,1,1,0,0,0,0,0,1,0,0,0,0,0,0,0,0,0,0,0.7140574370810955,-0.09379022593102221,0.0013971358714634698,0.9584664536741214,0.2958329811512129,-0.5071422534020793,-0.6749603406529181,3.0738916256157633,-0.6248643232862988,-0.6379215735933477,5.615384615384615,0.0,0.0,0.6545454545454545,0.46153846153846156,-0.07692307692307693,-0.7692307692307693,6.615384615384615,-0.3076923076923077,-0.5384615384615384
3,1,0,0,5.543388521461226,1.1538461538461537,3.6486506401412084,2,1,0,6,5,4,3,2,1,0,1,1,1,0,0,1,1,1,1,1,0,0,0,1,1,0,0,0,0,0,0,0,0,0,0,0,0,0,0,0,-0.7152115051711126,0.7140574370810955,-0.103388054488299,0.0,0.9382131687938466,0.2958329811512129,-0.4996242798697504,-0.6749603406529181,3.0738916256157633,-0.6210375247984466,-0.38461538461538464,5.615384615384615,0.0,0.0,0.6923076923076923,0.46153846153846156,-0.07692307692307693,-0.7692307692307693,6.615384615384615,-0.3076923076923077
4,1,0,0,0.163655732611301,0.07692307692307693,-0.010296151070299176,3,2,1,0,6,5,4,3,2,1,1,1,1,1,0,0,1,1,1,1,0,0,0,0,1,1,0,0,0,0,0,0,0,0,0,0,0,0,0,0,5.543388521461226,-0.7152115051711126,0.6912329724065664,-0.10361799499179691,0.0,0.9382131687938466,0.2935626617683894,-0.4996242798697504,-0.6749603406529181,3.118779283272129,1.1538461538461537,-0.38461538461538464,5.615384615384615,0.0,0.0,0.6923076923076923,0.46153846153846156,-0.07692307692307693,-0.7692307692307693,6.615384615384615
5,0,1,0,0.172533179457588,0.38461538461538464,-0.05268775208124736,4,3,2,1,0,6,5,4,3,2,1,1,1,1,1,0,0,1,1,1,0,0,0,0,0,1,1,0,0,0,0,0,0,0,0,0,0,0,0,0,0.163655732611301,5.543388521461226,-0.7146349982535801,0.682151800362663,-0.10142845068041585,0.0,0.9281122150789012,0.2935626617683894,-0.4996242798697504,-0.6716896711831497,0.07692307692307693,1.1538461538461537,-0.38461538461538464,5.3090909090909095,0.0,0.0,0.6923076923076923,0.46153846153846156,-0.07692307692307693,-0.7692307692307693
6,0,1,0,1.4686404190154911,1.1538461538461537,1.3095790071646272,5,4,3,2,1,0,6,5,4,3,0,1,1,1,1,1,0,0,1,1,1,0,0,0,0,0,1,1,0,0,0,0,0,0,0,0,0,0,0,0,0.172533179457588,0.163655732611301,5.441494935382465,-0.7080562991106122,0.6677373003127377,-0.10142845068041585,0.0013358937964431544,0.9281122150789012,0.2935626617683894,-0.494407158836689,0.38461538461538464,0.07692307692307693,1.1538461538461537,-0.36363636363636365,5.615384615384615,0.0,0.0,0.6923076923076923,0.46153846153846156,-0.07692307692307693
0,1,0,0,0.49212126592392025,0.23076923076923078,0.32206914398793735,6,5,4,3,2,1,0,6,5,4,0,0,1,1,1,1,1,0,0,1,1,1,0,0,0,0,0,1,1,0,0,0,0,0,0,0,0,0,0,0,1.4686404190154911,0.172533179457588,0.14984282221446033,5.379500906657456,-0.6930944129828417,0.6677373003127377,-0.09885614093679555,0.0013358937964431544,0.9281122150789012,0.3075851589211093,1.1538461538461537,0.38461538461538464,0.07692307692307693,1.0909090909090908,-0.38461538461538464,5.615384615384615,0.0,0.0,0.6923076923076923,0.46153846153846156
1,1,0,0,4.85094766745084,7.923076923076923,4.237053293149888,0,6,5,4,3,2,1,0,6,5,1,0,0,1,1,1,1,1,0,0,0,1,1,0,0,0,0,0,1,1,0,0,0,0,0,0,0,0,0,0,0.49212126592392025,1.4686404190154911,0.15857492141110718,0.1467921595717123,5.26582706449159,-0.6930944129828417,0.6609334557902646,-0.09885614093679555,0.0013358937964431544,0.949179013127348,0.23076923076923078,1.1538461538461537,0.38461538461538464,0.07272727272727272,1.1538461538461537,-0.38461538461538464,5.615384615384615,0.0,0.0,0.6923076923076923
2,1,0,0,0.3056948821518931,0.3076923076923077,0.18362344898333058,1,0,6,5,4,3,2,1,0,6,1,1,0,0,1,1,1,1,1,0,0,0,1,1,0,0,0,0,0,1,0,0,0,0,0,0,0,0,0,0,4.85094766745084,0.49212126592392025,1.4334614041215508,0.15542699248769537,0.14369030513058914,5.26582706449159,-0.683309676880688,0.6609334557902646,-0.09885614093679555,0.012114305010341499,7.923076923076923,0.23076923076923078,1.1538461538461537,0.36363636363636365,0.07692307692307693,1.1538461538461537,-0.38461538461538464,5.615384615384615,0.0,0.0
3,1,0,0,1.26445914155089,-0.07692307692307693,0.8502893733395853,2,1,0,6,5,4,3,2,1,0,1,1,1,0,0,1,1,1,1,1,0,0,0,1,1,0,0,0,0,0,0,0,0,0,0,0,0,0,0,0,0.3056948821518931,4.85094766745084,0.4729304924903946,1.4161125982212244,0.15214267602062378,0.14369030513058914,5.202972363697086,-0.683309676880688,0.6609334557902646,-0.0891899877590646,0.3076923076923077,7.923076923076923,0.23076923076923078,1.0909090909090908,0.38461538461538464,0.07692307692307693,1.1538461538461537,-0.38461538461538464,5.615384615384615,0.0
4,1,0,0,0.6874250965422344,1.0769230769230769,0.621342502875525,3,2,1,0,6,5,4,3,2,1,1,1,1,1,0,0,1,1,1,1,0,0,0,0,1,1,0,0,0,0,0,0,0,0,0,0,0,0,0,0,1.26445914155089,0.3056948821518931,4.760391198044009,0.46628097746308605,1.3861888259656834,0.15214267602062378,0.14327460966853134,5.202972363697086,-0.683309676880688,0.6790342324089317,-0.07692307692307693,0.3076923076923077,7.923076923076923,0.21818181818181817,1.1538461538461537,0.38461538461538464,0.07692307692307693,1.1538461538461537,-0.38461538461538464,5.615384615384615
5,0,1,0,0.3056948821518931,0.15384615384615385,0.20566247045140618,4,3,2,1,0,6,5,4,3,2,1,1,1,1,1,0,0,1,1,1,0,0,0,0,0,1,1,0,0,0,0,0,0,0,0,0,0,0,0,0,0.6874250965422344,1.26445914155089,0.2895564093608103,4.7059839392107765,0.4564280280618713,1.3861888259656834,0.1516239458963012,0.14327460966853134,5.202972363697086,-0.6801316955806003,1.0769230769230769,-0.07692307692307693,0.3076923076923077,7.490909090909091,0.23076923076923078,1.1538461538461537,0.38461538461538464,0.07692307692307693,1.1538461538461537,-0.38461538461538464
6,0,1,0,0.10151360468729194,0.6923076923076923,0.06573887908202226,5,4,3,2,1,0,6,5,4,3,0,1,1,1,1,1,0,0,1,1,1,0,0,0,0,0,1,1,0,0,0,0,0,0,0,0,0,0,0,0,0.3056948821518931,0.6874250965422344,1.2326231225986726,0.2849494862274415,4.606542135068887,0.4564280280618713,1.3706270351507055,0.1516239458963012,0.14327460966853134,5.271495504622008,0.15384615384615385,1.0769230769230769,-0.07692307692307693,0.2909090909090909,7.923076923076923,0.23076923076923078,1.1538461538461537,0.38461538461538464,0.07692307692307693,1.1538461538461537
0,1,0,0,0.7673221181588175,-1.0,0.2322017269589741,6,5,4,3,2,1,0,6,5,4,0,0,1,1,1,1,1,0,0,1,1,1,0,0,0,0,0,1,1,0,0,0,0,0,0,0,0,0,0,0,0.10151360468729194,0.3056948821518931,0.6650366748166259,1.2175114411536136,0.2789282393711436,4.606542135068887,0.4522000500960174,1.3706270351507055,0.1516239458963012,0.15562871976700016,0.6923076923076923,0.15384615384615385,1.0769230769230769,-0.07272727272727272,0.3076923076923077,7.923076923076923,0.23076923076923078,1.1538461538461537,0.38461538461538464,0.07692307692307693
1,1,0,0,4.992986816991432,8.384615384615385,4.101734209600209,0,6,5,4,3,2,1,0,6,5,1,0,0,1,1,1,1,1,0,0,0,1,1,0,0,0,0,0,1,1,0,0,0,0,0,0,0,0,0,0,0.7673221181588175,0.10151360468729194,0.2895564093608103,0.6562473016147138,1.1917842954948863,0.2789282393711436,4.551724137931035,0.4522000500960174,1.3706270351507055,0.16407074416445067,-1.0,0.6923076923076923,0.15384615384615385,1.018181818181818,-0.07692307692307693,0.3076923076923077,7.923076923076923,0.23076923076923078,1.1538461538461537,0.38461538461538464
2,1,0,0,1.9302676550224154,1.2307692307692308,1.929765994720732,1,0,6,5,4,3,2,1,0,6,1,1,0,0,1,1,1,1,1,0,0,0,1,1,0,0,0,0,0,1,0,0,0,0,0,0,0,0,0,0,4.992986816991432,0.7673221181588175,0.0887181278379322,0.2849494862274415,0.6423801876426337,1.1917842954948863,0.2768639893128496,4.551724137931035,0.4522000500960174,1.396606306192225,8.384615384615385,-1.0,0.6923076923076923,0.14545454545454545,1.0769230769230769,-0.07692307692307693,0.3076923076923077,7.923076923076923,0.23076923076923078,1.1538461538461537
3,1,0,0,1.8059833991743972,0.6923076923076923,1.6065041325621428,2,1,0,6,5,4,3,2,1,0,1,1,1,0,0,1,1,1,1,1,0,0,0,1,1,0,0,0,0,0,0,0,0,0,0,0,0,0,0,0,1.9302676550224154,4.992986816991432,0.7436255675864477,0.08634832915983076,0.2789282393711436,0.6423801876426337,1.178592301911998,0.2768639893128496,4.551724137931035,0.46798362247266895,1.2307692307692308,8.384615384615385,-1.0,0.6545454545454545,0.15384615384615385,1.0769230769230769,-0.07692307692307693,0.3076923076923077,7.923076923076923,0.23076923076923078
4,1,0,0,-0.04052554485330017,0.07692307692307693,-0.15277547352254084,3,2,1,0,6,5,4,3,2,1,1,1,1,1,0,0,1,1,1,1,0,0,0,0,1,1,0,0,0,0,0,0,0,0,0,0,0,0,0,0,1.8059833991743972,1.9302676550224154,4.900104785190359,0.7339607978585614,0.08452370890034655,0.2789282393711436,0.6358854471069549,1.178592301911998,0.2768639893128496,4.613017601620868,0.6923076923076923,1.2307692307692308,8.384615384615385,-0.9454545454545454,0.6923076923076923,0.15384615384615385,1.0769230769230769,-0.07692307692307693,0.3076923076923077,7.923076923076923
5,0,1,0,-0.06715788539216119,0.15384615384615385,-0.06785158184493,4,3,2,1,0,6,5,4,3,2,1,1,1,1,1,0,0,1,1,1,0,0,0,0,0,1,1,0,0,0,0,0,0,0,0,0,0,0,0,0,-0.04052554485330017,1.8059833991743972,1.887530562347188,4.844141265866505,0.7184515256529457,0.08452370890034655,0.2768639893128496,0.6358854471069549,1.178592301911998,0.2907011101262083,0.07692307692307693,0.6923076923076923,1.2307692307692308,7.927272727272728,-1.0,0.6923076923076923,0.15384615384615385,1.0769230769230769,-0.07692307692307693,0.3076923076923077
6,0,1,0,-0.7063340583248257,-1.0,-0.6888565081443133,5,4,3,2,1,0,6,5,4,3,0,1,1,1,1,1,0,0,1,1,1,0,0,0,0,0,1,1,0,0,0,0,0,0,0,0,0,0,0,0,-0.06715788539216119,-0.04052554485330017,1.7652811735941318,1.8651239098523442,4.741780069309441,0.7184515256529457,0.08482925607414207,0.2768639893128496,0.6358854471069549,1.2024397450508633,0.15384615384615385,0.07692307692307693,0.6923076923076923,1.1636363636363636,8.384615384615385,-1.0,0.6923076923076923,0.15384615384615385,1.0769230769230769,-0.07692307692307693
0,0,0,1,-0.5465400150916596,-0.46153846153846156,-0.56753905824519,6,5,4,3,2,1,0,6,5,4,0,0,1,1,1,1,1,0,0,1,1,1,0,0,0,0,0,1,1,0,0,0,0,0,0,0,0,0,0,0,-0.7063340583248257,-0.06715788539216119,-0.05099545930841777,1.7442362490285812,1.8257121122474853,4.741780069309441,0.711029473156884,0.08482925607414207,0.2768639893128496,0.6537081592165802,-1.0,0.15384615384615385,0.07692307692307693,0.6545454545454545,1.2307692307692308,8.384615384615385,-1.0,0.6923076923076923,0.15384615384615385,1.0769230769230769
1,1,0,0,2.1166940387944426,6.3076923076923075,1.51094363132708,0,6,5,4,3,2,1,0,6,5,0,0,0,1,1,1,1,1,0,0,0,1,1,0,0,0,0,0,1,1,1,0,0,0,0,0,0,0,0,0,-0.5465400150916596,-0.7063340583248257,-0.07719175689835839,-0.05180899749589846,1.7073789197870002,1.8257121122474853,4.685313517575353,0.711029473156884,0.08482925607414207,0.2907011101262083,-0.46153846153846156,-1.0,0.15384615384615385,0.07272727272727272,0.6923076923076923,1.2307692307692308,8.384615384615385,-1.0,0.6923076923076923,0.15384615384615385
2,1,0,0,0.5631408406942163,-0.07692307692307693,0.37762033665043476,1,0,6,5,4,3,2,1,0,6,1,0,0,0,1,1,1,1,1,0,0,0,1,1,0,0,0,0,0,1,0,1,0,0,0,0,0,0,0,0,2.1166940387944426,-0.5465400150916596,-0.7059028990569333,-0.07771349624384769,-0.050714225340207926,1.7073789197870002,1.80479251899474,4.685313517575353,0.711029473156884,0.09653454898484659,6.3076923076923075,-0.46153846153846156,-1.0,0.14545454545454545,0.07692307692307693,0.6923076923076923,1.2307692307692308,8.384615384615385,-1.0,0.6923076923076923
3,1,0,0,-0.14705490700874424,0.23076923076923078,-0.20810842692393922,2,1,0,6,5,4,3,2,1,0,1,1,0,0,0,1,1,1,1,1,0,0,0,1,1,0,0,0,0,0,0,0,1,0,0,0,0,0,0,0,0.5631408406942163,2.1166940387944426,-0.5487251135172896,-0.6994214661946291,-0.07607133801031189,-0.050714225340207926,1.6879018118059614,1.80479251899474,4.685313517575353,0.7296863787936347,-0.07692307692307693,6.3076923076923075,-0.46153846153846156,-0.9454545454545454,0.15384615384615385,0.07692307692307693,0.6923076923076923,1.2307692307692308,8.384615384615385,-1.0
4,1,0,0,-0.3689910781659194,0.07692307692307693,-0.3664393079038309,3,2,1,0,6,5,4,3,2,1,1,1,1,0,0,0,1,1,1,1,0,0,0,0,1,1,0,0,0,0,0,0,0,1,0,0,0,0,0,0,-0.14705490700874424,0.5631408406942163,2.0709046454767726,-0.5439944737069338,-0.684642042092807,-0.07607133801031189,-0.0487601235701762,1.6879018118059614,1.80479251899474,4.748089991980076,0.23076923076923078,-0.07692307692307693,6.3076923076923075,-0.43636363636363634,-1.0,0.15384615384615385,0.07692307692307693,0.6923076923076923,1.2307692307692308,8.384615384615385
5,0,1,0,-0.5199076745527985,-0.38461538461538464,-0.4118920223921866,4,3,2,1,0,6,5,4,3,2,1,1,1,1,0,0,0,1,1,1,0,0,0,0,0,1,1,0,0,0,0,0,0,0,1,0,0,0,0,0,-0.3689910781659194,-0.14705490700874424,0.5427872860635696,2.046455401087989,-0.5324993660721833,-0.684642042092807,-0.07380813225348588,-0.0487601235701762,1.6879018118059614,1.8355915748596514,0.07692307692307693,0.23076923076923078,-0.07692307692307693,5.963636363636364,-0.46153846153846156,-1.0,0.15384615384615385,0.07692307692307693,0.6923076923076923,1.2307692307692308
6,0,1,0,0.3145723289981801,0.07692307692307693,0.5287501079897904,5,4,3,2,1,0,6,5,4,3,0,1,1,1,1,0,0,0,1,1,1,0,0,0,0,0,1,1,0,0,0,0,0,0,0,1,0,0,0,0,-0.5199076745527985,-0.3689910781659194,-0.15578064966818025,0.5353596407909507,2.003211900938213,-0.5324993660721833,-0.6749603406529181,-0.07380813225348588,-0.0487601235701762,1.7174032332953442,-0.38461538461538464,0.07692307692307693,0.23076923076923078,-0.07272727272727272,6.3076923076923075,-0.46153846153846156,-1.0,0.15384615384615385,0.07692307692307693,0.6923076923076923
0,1,0,0,-0.19144214124017928,-0.6923076923076923,-0.3562250293054326,6,5,4,3,2,1,0,6,5,4,0,0,1,1,1,1,0,0,0,1,1,1,0,0,0,0,0,1,1,0,0,0,0,0,0,0,1,0,0,0,0.3145723289981801,-0.5199076745527985,-0.3740831295843521,-0.15542699248769537,0.5240469951821486,2.003211900938213,-0.52467228855306,-0.6749603406529181,-0.07380813225348588,-0.03853784137436155,0.07692307692307693,-0.38461538461538464,0.07692307692307693,0.21818181818181817,-0.07692307692307693,6.3076923076923075,-0.46153846153846156,-1.0,0.15384615384615385,0.07692307692307693
1,1,0,0,-0.05828043854587418,-0.5384615384615384,-0.3342572696368995,0,6,5,4,3,2,1,0,6,5,1,0,0,1,1,1,1,0,0,0,0,1,1,0,0,0,0,0,1,1,0,0,0,0,0,0,0,1,0,0,-0.19144214124017928,0.3145723289981801,-0.5225288159273489,-0.37129781538727225,-0.15214267602062378,0.5240469951821486,1.9801285797779078,-0.52467228855306,-0.6749603406529181,-0.06386391456671307,-0.6923076923076923,0.07692307692307693,-0.38461538461538464,0.07272727272727272,0.23076923076923078,-0.07692307692307693,6.3076923076923075,-0.46153846153846156,-1.0,0.15384615384615385
2,1,0,0,0.21692041368902304,-0.23076923076923078,0.001732159513512462,1,0,6,5,4,3,2,1,0,6,1,1,0,0,1,1,1,1,0,0,0,0,1,1,0,0,0,0,0,1,0,0,0,0,0,0,0,0,1,0,-0.05828043854587418,-0.19144214124017928,0.29828850855745714,-0.5180899749589846,-0.36345194827149013,-0.15214267602062378,0.5189947399181765,1.9801285797779078,-0.52467228855306,-0.6716896711831497,-0.5384615384615384,-0.6923076923076923,0.07692307692307693,-0.36363636363636365,0.07692307692307693,0.23076923076923078,-0.07692307692307693,6.3076923076923075,-0.46153846153846156,-1.0
3,1,0,0,-0.42225575924364145,-0.3076923076923077,-0.5343994395469059,2,1,0,6,5,4,3,2,1,0,1,1,1,0,0,1,1,1,1,0,0,0,0,1,1,0,0,0,0,0,0,0,0,0,0,0,0,0,0,1,0.21692041368902304,-0.05828043854587418,-0.1994411456514146,0.2935843191434246,-0.5071422534020793,-0.36345194827149013,-0.1489521583034149,0.5189947399181765,1.9801285797779078,-0.5197332320290405,-0.23076923076923078,-0.5384615384615384,-0.6923076923076923,0.07272727272727272,-0.38461538461538464,0.07692307692307693,0.23076923076923078,-0.07692307692307693,6.3076923076923075,-0.46153846153846156
4,1,0,0,-0.6086821430156686,0.23076923076923078,-0.5855601717802357,3,2,1,0,6,5,4,3,2,1,1,1,1,1,0,0,1,1,1,1,0,0,0,0,1,1,0,0,0,0,0,0,0,0,0,0,0,0,0,0,-0.42225575924364145,0.21692041368902304,-0.06845965770171152,-0.19860115706761075,0.2873806102611783,-0.5071422534020793,-0.3576855639976622,-0.1489521583034149,0.5189947399181765,2.012874087206112,-0.3076923076923077,-0.23076923076923078,-0.5384615384615384,-0.6545454545454545,0.07692307692307693,-0.38461538461538464,0.07692307692307693,0.23076923076923078,-0.07692307692307693,6.3076923076923075
5,0,1,0,0.163655732611301,-0.23076923076923078,0.1888459957189212,4,3,2,1,0,6,5,4,3,2,1,1,1,1,1,0,0,1,1,1,0,0,0,0,0,1,1,0,0,0,0,0,0,0,0,0,0,0,0,0,-0.6086821430156686,-0.42225575924364145,0.20223541739434156,-0.06907866332786461,-0.19440453047079706,0.2873806102611783,-0.4996242798697504,-0.3576855639976622,-0.1489521583034149,0.5355198176522731,0.23076923076923078,-0.3076923076923077,-0.23076923076923078,-0.509090909090909,-0.6923076923076923,0.07692307692307693,-0.38461538461538464,0.07692307692307693,0.23076923076923078,-0.07692307692307693
6,0,1,0,-0.5820498024768076,0.07692307692307693,-0.5174294375551125,5,4,3,2,1,0,6,5,4,3,0,1,1,1,1,1,0,0,1,1,1,0,0,0,0,0,1,1,0,0,0,0,0,0,0,0,0,0,0,0,0.163655732611301,-0.6086821430156686,-0.4264757247642333,0.19860115706761075,-0.06761896712027723,-0.19440453047079706,0.2852133255406195,-0.4996242798697504,-0.3576855639976622,-0.13984213414376767,-0.23076923076923078,0.23076923076923078,-0.3076923076923077,-0.21818181818181817,-0.5384615384615384,-0.6923076923076923,0.07692307692307693,-0.38461538461538464,0.07692307692307693,0.23076923076923078
0,1,0,0,0.47436637223134626,0.3076923076923077,0.4272397704767473,6,5,4,3,2,1,0,6,5,4,0,0,1,1,1,1,1,0,0,1,1,1,0,0,0,0,0,1,1,0,0,0,0,0,0,0,0,0,0,0,-0.5820498024768076,0.163655732611301,-0.6098498078938176,-0.4231068128831707,0.19440453047079706,-0.06761896712027723,-0.19069883944226437,0.2852133255406195,-0.4996242798697504,-0.35089274408003035,0.07692307692307693,-0.23076923076923078,0.23076923076923078,-0.2909090909090909,-0.23076923076923078,-0.5384615384615384,-0.6923076923076923,0.07692307692307693,-0.38461538461538464,0.07692307692307693
1,1,0,0,2.0456744640241467,7.923076923076923,1.869565231629995,0,6,5,4,3,2,1,0,6,5,1,0,0,1,1,1,1,1,0,0,0,1,1,0,0,0,0,0,1,1,0,0,0,0,0,0,0,0,0,0,0.47436637223134626,-0.5820498024768076,0.14984282221446033,-0.6044383041188153,-0.41416617361169805,0.19440453047079706,-0.06545879602571598,-0.19069883944226437,0.2852133255406195,-0.494407158836689,0.3076923076923077,0.07692307692307693,-0.23076923076923078,0.21818181818181817,-0.3076923076923077,-0.23076923076923078,-0.5384615384615384,-0.6923076923076923,0.07692307692307693,-0.38461538461538464
2,1,0,0,0.5720182875405033,0.38461538461538464,0.6603541462544948,1,0,6,5,4,3,2,1,0,6,1,1,0,0,1,1,1,1,1,0,0,0,1,1,0,0,0,0,0,1,0,0,0,0,0,0,0,0,0,0,2.0456744640241467,0.47436637223134626,-0.583653510303877,0.1467921595717123,-0.5916659623024259,-0.41416617361169805,0.19337062703515068,-0.06545879602571598,-0.19069883944226437,0.2991431345236588,7.923076923076923,0.3076923076923077,0.07692307692307693,-0.21818181818181817,0.23076923076923078,-0.3076923076923077,-0.23076923076923078,-0.5384615384615384,-0.6923076923076923,0.07692307692307693
3,1,0,0,0.4477340316924852,0.23076923076923078,0.4661332555042699,2,1,0,6,5,4,3,2,1,0,1,1,1,0,0,1,1,1,1,1,0,0,0,1,1,0,0,0,0,0,0,0,0,0,0,0,0,0,0,0,0.5720182875405033,2.0456744640241467,0.4554662940971009,-0.5785338053708661,0.14369030513058914,-0.5916659623024259,-0.4077815813642816,0.19337062703515068,-0.06545879602571598,-0.1820522561310202,0.38461538461538464,7.923076923076923,0.3076923076923077,0.07272727272727272,-0.23076923076923078,0.23076923076923078,-0.3076923076923077,-0.23076923076923078,-0.5384615384615384,-0.6923076923076923
4,1,0,0,0.46548892538505926,1.2307692307692308,0.6348227726250155,3,2,1,0,6,5,4,3,2,1,1,1,1,1,0,0,1,1,1,1,0,0,0,0,1,1,0,0,0,0,0,0,0,0,0,0,0,0,0,0,0.4477340316924852,0.5720182875405033,2.0010478519035972,0.4490113116311199,-0.5663088496323219,0.14369030513058914,-0.5831176421474493,-0.4077815813642816,0.19337062703515068,-0.05542189016926257,0.23076923076923078,0.38461538461538464,7.923076923076923,0.2909090909090909,0.07692307692307693,-0.23076923076923078,0.23076923076923078,-0.3076923076923077,-0.23076923076923078,-0.5384615384615384
5,0,1,0,-0.38674597185849346,0.23076923076923078,-0.3304924458890096,4,3,2,1,0,6,5,4,3,2,1,1,1,1,1,0,0,1,1,1,0,0,0,0,0,1,1,0,0,0,0,0,0,0,0,0,0,0,0,0,0.46548892538505926,0.4477340316924852,0.5515193852602165,1.9773767377601243,0.43952328628180204,-0.5663088496323219,0.14327460966853134,-0.5831176421474493,-0.4077815813642816,0.2062808661517032,1.2307692307692308,0.23076923076923078,0.38461538461538464,7.490909090909091,0.3076923076923077,0.07692307692307693,-0.23076923076923078,0.23076923076923078,-0.3076923076923077,-0.23076923076923078
6,0,1,0,0.15477828576501398,-0.46153846153846156,0.026319314299053417,5,4,3,2,1,0,6,5,4,3,0,1,1,1,1,1,0,0,1,1,1,0,0,0,0,0,1,1,0,0,0,0,0,0,0,0,0,0,0,0,-0.38674597185849346,0.46548892538505926,0.42926999650716025,0.5439944737069338,1.9355929338179358,0.43952328628180204,-0.5580696334641396,0.14327460966853134,-0.5831176421474493,-0.4015448904647334,0.23076923076923078,1.2307692307692308,0.23076923076923078,0.36363636363636365,7.923076923076923,0.3076923076923077,0.07692307692307693,-0.23076923076923078,0.23076923076923078,-0.3076923076923077
0,0,0,1,-0.5376625682453725,-0.9230769230769231,-0.4304206142570627,6,5,4,3,2,1,0,6,5,4,0,0,1,1,1,1,1,0,0,1,1,1,0,0,0,0,0,1,1,0,0,0,0,0,0,0,0,0,0,0,0.15477828576501398,-0.38674597185849346,0.446734194900454,0.4231068128831707,0.5324993660721833,1.9355929338179358,0.4355013776404776,-0.5580696334641396,0.14327460966853134,-0.5788274028111942,-0.46153846153846156,0.23076923076923078,1.2307692307692308,0.21818181818181817,0.38461538461538464,7.923076923076923,0.3076923076923077,0.07692307692307693,-0.23076923076923078,0.23076923076923078
1,1,0,0,3.2885170225043274,8.076923076923077,3.667424194442012,0,6,5,4,3,2,1,0,6,5,0,0,0,1,1,1,1,1,0,0,0,1,1,0,0,0,0,0,1,1,1,0,0,0,0,0,0,0,0,0,-0.5376625682453725,0.15477828576501398,-0.3915473279776458,0.44037647871513685,0.41416617361169805,0.5324993660721833,1.9133338899557486,0.4355013776404776,-0.5580696334641396,0.15562871976700016,-0.9230769230769231,-0.46153846153846156,0.23076923076923078,1.1636363636363636,0.23076923076923078,0.38461538461538464,7.923076923076923,0.3076923076923077,0.07692307692307693,-0.23076923076923078
2,1,0,0,-0.6797017177859647,0.23076923076923078,-0.6087813007466049,1,0,6,5,4,3,2,1,0,6,1,0,0,0,1,1,1,1,1,0,0,0,1,1,0,0,0,0,0,1,0,1,0,0,0,0,0,0,0,0,3.2885170225043274,-0.5376625682453725,0.14111072301781344,-0.3885674812192384,0.4310709153917674,0.41416617361169805,0.5273440761459464,1.9133338899557486,0.4355013776404776,-0.5535013296188426,8.076923076923077,-0.9230769230769231,-0.46153846153846156,0.21818181818181817,1.2307692307692308,0.23076923076923078,0.38461538461538464,7.923076923076923,0.3076923076923077,0.07692307692307693
3,1,0,0,-0.42225575924364145,0.07692307692307693,-0.3936893484634535,2,1,0,6,5,4,3,2,1,0,1,1,0,0,0,1,1,1,1,1,0,0,0,1,1,0,0,0,0,0,0,0,1,0,0,0,0,0,0,0,-0.6797017177859647,3.2885170225043274,-0.5399930143206426,0.13815732665572922,-0.3803566900515595,0.4310709153917674,0.4104533689571679,0.5273440761459464,1.9133338899557486,0.45109957367776793,0.23076923076923078,8.076923076923077,-0.9230769230769231,-0.43636363636363634,0.23076923076923078,1.2307692307692308,0.23076923076923078,0.38461538461538464,7.923076923076923,0.3076923076923077
4,1,0,0,-0.5554174619379466,-0.23076923076923078,-0.4819287477631622,3,2,1,0,6,5,4,3,2,1,1,1,1,0,0,0,1,1,1,1,0,0,0,0,1,1,0,0,0,0,0,0,0,1,0,0,0,0,0,0,-0.42225575924364145,-0.6797017177859647,3.2235417394341592,-0.5353596407909507,0.13523793424055447,-0.3803566900515595,0.4271520414127077,0.4104533689571679,0.5273440761459464,1.945337892026508,0.07692307692307693,0.23076923076923078,8.076923076923077,-0.8727272727272727,-0.46153846153846156,0.23076923076923078,1.2307692307692308,0.23076923076923078,0.38461538461538464,7.923076923076923
5,0,1,0,-0.6974566114785387,-0.07692307692307693,-0.6348885325944463,4,3,2,1,0,6,5,4,3,2,1,1,1,1,0,0,0,1,1,1,0,0,0,0,0,1,1,0,0,0,0,0,0,0,1,0,0,0,0,0,-0.5554174619379466,-0.42225575924364145,-0.6797066014669927,3.1862533459977547,-0.5240469951821486,0.13523793424055447,-0.374384236453202,0.4271520414127077,0.4104533689571679,0.5439618420497235,-0.23076923076923078,0.07692307692307693,0.23076923076923078,7.636363636363637,-0.9230769230769231,-0.46153846153846156,0.23076923076923078,1.2307692307692308,0.23076923076923078,0.38461538461538464
6,0,1,0,0.0482489236095699,0.0,0.14303356633802183,5,4,3,2,1,0,6,5,4,3,0,1,1,1,1,0,0,0,1,1,1,0,0,0,0,0,1,1,0,0,0,0,0,0,0,1,0,0,0,0,-0.6974566114785387,-0.5554174619379466,-0.4264757247642333,-0.6735169674466799,3.1189248584227873,-0.5240469951821486,0.13492527344076144,-0.374384236453202,0.4271520414127077,0.4257735004854164,-0.07692307692307693,-0.23076923076923078,0.07692307692307693,0.21818181818181817,8.076923076923077,-0.9230769230769231,-0.46153846153846156,0.23076923076923078,1.2307692307692308,0.23076923076923078
0,0,0,1,-0.5287851213990855,-0.6153846153846154,-0.47865935071723886,6,5,4,3,2,1,0,6,5,4,0,0,1,1,1,1,0,0,0,1,1,1,0,0,0,0,0,1,1,0,0,0,0,0,0,0,1,0,0,0,0.0482489236095699,-0.6974566114785387,-0.5574572127139364,-0.4231068128831707,-0.659284929422703,3.1189248584227873,-0.5163229523252901,0.13492527344076144,-0.374384236453202,0.4426575492803174,0.0,-0.07692307692307693,-0.23076923076923078,0.07272727272727272,0.23076923076923078,8.076923076923077,-0.9230769230769231,-0.46153846153846156,0.23076923076923078,1.2307692307692308
1,1,0,0,1.4022371166052643,6.384615384615385,1.579975093739068,0,6,5,4,3,2,1,0,6,5,0,0,0,1,1,1,1,0,0,0,0,1,1,0,0,0,0,0,1,1,1,0,0,0,0,0,0,1,0,0,-0.5287851213990855,0.0482489236095699,-0.6971707998602864,-0.5526293066229169,-0.41416617361169805,-0.659284929422703,3.0822409618435334,-0.5163229523252901,0.13492527344076144,-0.36777679287493137,-0.6153846153846154,0.0,-0.07692307692307693,-0.21818181818181817,0.07692307692307693,0.23076923076923078,8.076923076923077,-0.9230769230769231,-0.46153846153846156,0.23076923076923078
2,1,0,0,-0.6192463047627501,-0.23076923076923078,-0.5390707553036823,1,0,6,5,4,3,2,1,0,6,1,0,0,0,1,1,1,1,0,0,0,0,1,1,0,0,0,0,0,1,0,1,0,0,0,0,0,0,1,0,1.4022371166052643,-0.5287851213990855,0.03632553265805096,-0.6907866332786461,-0.5409517369622179,-0.41416617361169805,-0.6499123319696085,3.0822409618435334,-0.5163229523252901,0.14718669536954965,6.384615384615385,-0.6153846153846154,0.0,-0.07272727272727272,-0.23076923076923078,0.07692307692307693,0.23076923076923078,8.076923076923077,-0.9230769230769231,-0.46153846153846156
3,1,0,0,0.09964934084957174,-0.46153846153846156,0.13924568730204465,2,1,0,6,5,4,3,2,1,0,1,1,0,0,0,1,1,1,1,0,0,0,0,1,1,0,0,0,0,0,0,0,1,0,0,0,0,0,0,1,-0.6192463047627501,1.4022371166052643,-0.5312609151239958,0.034539331663932304,-0.6761896712027724,-0.5409517369622179,-0.4077815813642816,-0.6499123319696085,3.0822409618435334,-0.5112912076315901,-0.23076923076923078,6.384615384615385,-0.6153846153846154,0.0,-0.07692307692307693,-0.23076923076923078,0.07692307692307693,0.23076923076923078,8.076923076923077,-0.9230769230769231
4,1,0,0,-0.5609214789826446,-0.3076923076923077,-0.47306215555022985,3,2,1,0,6,5,4,3,2,1,1,1,1,0,0,0,1,1,1,1,0,0,0,0,1,1,0,0,0,0,0,0,0,1,0,0,0,0,0,0,0.09964934084957174,-0.6192463047627501,1.3681453021306322,-0.5267248078749676,0.03380948356013862,-0.6761896712027724,-0.5330216247808299,-0.4077815813642816,-0.6499123319696085,3.127221307669579,-0.46153846153846156,-0.23076923076923078,6.384615384615385,-0.5818181818181818,0.0,-0.07692307692307693,-0.23076923076923078,0.07692307692307693,0.23076923076923078,8.076923076923077
5,0,1,0,-0.49647121487860085,-0.15384615384615385,-0.3984395237851648,4,3,2,1,0,6,5,4,3,2,1,1,1,1,0,0,0,1,1,1,0,0,0,0,0,1,1,0,0,0,0,0,0,0,1,0,0,0,0,0,-0.5609214789826446,0.09964934084957174,-0.6202410059378274,1.351524048009671,-0.5155946242921139,0.03380948356013862,-0.6666110044251482,-0.5330216247808299,-0.4077815813642816,-0.6463635979907982,-0.3076923076923077,-0.46153846153846156,-0.23076923076923078,6.036363636363636,-0.6153846153846154,0.0,-0.07692307692307693,-0.23076923076923078,0.07692307692307693,0.23076923076923078
6,0,1,0,-0.6162279728350125,0.07692307692307693,-0.5142944423590616,5,4,3,2,1,0,6,5,4,3,0,1,1,1,1,0,0,0,1,1,1,0,0,0,0,0,1,1,0,0,0,0,0,0,0,1,0,0,0,0,-0.49647121487860085,-0.5609214789826446,0.08688438700663641,-0.6147137552888351,1.3229650917082243,-0.5155946242921139,0.03473323870752273,-0.6666110044251482,-0.5330216247808299,-0.4015448904647334,-0.15384615384615385,-0.3076923076923077,-0.46153846153846156,-0.21818181818181817,6.384615384615385,-0.6153846153846154,0.0,-0.07692307692307693,-0.23076923076923078,0.07692307692307693
0,1,0,0,-0.5474277597762883,0.15384615384615385,-0.47611514727842474,6,5,4,3,2,1,0,6,5,4,0,0,1,1,1,1,0,0,0,1,1,1,0,0,0,0,0,1,1,0,0,0,0,0,0,0,1,0,0,0,-0.6162279728350125,-0.49647121487860085,-0.5628711142158576,0.08453501424747437,-0.601724283661567,1.3229650917082243,-0.5079736160975203,0.03473323870752273,-0.6666110044251482,-0.5281752564264911,0.07692307692307693,-0.15384615384615385,-0.3076923076923077,-0.43636363636363634,-0.23076923076923078,6.384615384615385,-0.6153846153846154,0.0,-0.07692307692307693,-0.23076923076923078
1,1,0,0,1.7109947179191265,6.0,2.024865128202139,0,6,5,4,3,2,1,0,6,5,1,0,0,1,1,1,1,0,0,0,0,1,1,0,0,0,0,0,1,1,0,0,0,0,0,0,0,1,0,0,-0.5474277597762883,-0.6162279728350125,-0.49947607404820116,-0.5579829030308264,0.08274871101343932,-0.601724283661567,1.3081740001669868,-0.5079736160975203,0.03473323870752273,-0.6632476467856993,0.15384615384615385,0.07692307692307693,-0.15384615384615385,-0.2909090909090909,-0.46153846153846156,-0.23076923076923078,6.384615384615385,-0.6153846153846154,0.0,-0.07692307692307693
2,1,0,0,-0.664432509210351,-0.3076923076923077,-0.5934421983950768,1,0,6,5,4,3,2,1,0,6,1,1,0,0,1,1,1,1,0,0,0,0,1,1,0,0,0,0,0,1,0,0,0,0,0,0,0,0,1,0,1.7109947179191265,-0.5474277597762883,-0.6172720922109675,-0.4952940160607892,-0.5461922069140395,0.08274871101343932,-0.5930533522584954,1.3081740001669868,-0.5079736160975203,0.045882402600143535,6.0,0.15384615384615385,0.07692307692307693,-0.14545454545454545,-0.3076923076923077,-0.46153846153846156,-0.23076923076923078,6.384615384615385,-0.6153846153846154,0.0
3,1,0,0,-0.593324159971592,-0.15384615384615385,-0.513552219277797,2,1,0,6,5,4,3,2,1,0,1,1,1,0,0,1,1,1,1,0,0,0,0,1,1,0,0,0,0,0,0,0,0,0,0,0,0,0,0,1,-0.664432509210351,1.7109947179191265,-0.5495983234369543,-0.6117779120974008,-0.48482799425238776,-0.5461922069140395,0.08307589546631046,-0.5930533522584954,1.3081740001669868,-0.5028491832341395,-0.3076923076923077,6.0,0.15384615384615385,0.07272727272727272,-0.15384615384615385,-0.3076923076923077,-0.46153846153846156,-0.23076923076923078,6.384615384615385,-0.6153846153846154
4,1,0,0,-0.28669714590083883,-0.5384615384615384,-0.25199731170101064,3,2,1,0,6,5,4,3,2,1,1,1,1,1,0,0,1,1,1,1,0,0,0,0,1,1,0,0,0,0,0,0,0,0,0,0,0,0,0,0,-0.593324159971592,-0.664432509210351,1.6718477121900104,-0.5448579569985321,-0.5988504775589553,-0.48482799425238776,-0.5381982132420473,0.08307589546631046,-0.5930533522584954,1.3334599636992952,-0.15384615384615385,-0.3076923076923077,6.0,0.14545454545454545,0.07692307692307693,-0.15384615384615385,-0.3076923076923077,-0.46153846153846156,-0.23076923076923078,6.384615384615385
5,0,1,0,0.1813218518354121,0.6153846153846154,0.45895677310328176,4,3,2,1,0,6,5,4,3,2,1,1,1,1,1,0,0,1,1,1,0,0,0,0,0,1,1,0,0,0,0,0,0,0,0,0,0,0,0,0,-0.28669714590083883,-0.593324159971592,-0.66468739084876,1.6518435368275624,-0.5333446031611867,-0.5988504775589553,-0.47758203222843787,-0.5381982132420473,0.08307589546631046,-0.5888734118441602,-0.5384615384615384,-0.15384615384615385,-0.3076923076923077,5.672727272727273,0.15384615384615385,0.07692307692307693,-0.15384615384615385,-0.3076923076923077,-0.46153846153846156,-0.23076923076923078
6,0,1,0,-0.5235474277597761,0.8461538461538461,-0.40964806168232737,5,4,3,2,1,0,6,5,4,3,0,1,1,1,1,1,0,0,1,1,1,0,0,0,0,0,1,1,0,0,0,0,0,0,0,0,0,0,0,0,0.1813218518354121,-0.28669714590083883,-0.5947432762836186,-0.658665054831189,1.6169385512636296,-0.5333446031611867,-0.5902145779410537,-0.47758203222843787,-0.5381982132420473,0.09476172386138203,0.6153846153846154,-0.5384615384615384,-0.15384615384615385,-0.2909090909090909,6.0,0.15384615384615385,0.07692307692307693,-0.15384615384615385,-0.3076923076923077,-0.46153846153846156
0,1,0,0,2.9615606551555773,0.0,3.3743424903654113,6,5,4,3,2,1,0,6,5,4,0,0,1,1,1,1,1,0,0,1,1,1,0,0,0,0,0,1,1,0,0,0,0,0,0,0,0,0,0,0,-0.5235474277597761,0.1813218518354121,-0.2931365700314355,-0.5895000431741645,-0.6447468514918434,1.6169385512636296,-0.5255072221758371,-0.5902145779410537,-0.47758203222843787,-0.5334093115529104,0.8461538461538461,0.6153846153846154,-0.5384615384615384,-0.14545454545454545,-0.3076923076923077,6.0,0.15384615384615385,0.07692307692307693,-0.15384615384615385,-0.3076923076923077
1,1,0,0,1.999600514891917,7.538461538461538,2.4845249565961276,0,6,5,4,3,2,1,0,6,5,1,0,0,1,1,1,1,1,0,0,0,1,1,0,0,0,0,0,1,1,0,0,0,0,0,0,0,0,0,0,2.9615606551555773,-0.5235474277597761,0.16721969961578756,-0.2912529142561091,-0.5770433606626658,-0.6447468514918434,1.5985639141688237,-0.5255072221758371,-0.5902145779410537,-0.4721202144274197,0.0,0.8461538461538461,0.6153846153846154,-0.509090909090909,-0.15384615384615385,-0.3076923076923077,6.0,0.15384615384615385,0.07692307692307693,-0.15384615384615385
2,1,0,0,0.4734786275467176,-0.3076923076923077,0.7820876393068297,1,0,6,5,4,3,2,1,0,6,1,1,0,0,1,1,1,1,1,0,0,0,1,1,0,0,0,0,0,1,0,0,0,0,0,0,0,0,0,0,1.999600514891917,2.9615606551555773,-0.5261089765979741,0.16397547707451857,-0.28509847012086886,-0.5770433606626658,-0.6355514736578443,1.5985639141688237,-0.5255072221758371,-0.586003123549027,7.538461538461538,0.0,0.8461538461538461,0.5818181818181818,-0.5384615384615384,-0.15384615384615385,-0.3076923076923077,6.0,0.15384615384615385,0.07692307692307693
3,1,0,0,0.2078654179058103,0.5384615384615384,0.37630330331844847,2,1,0,6,5,4,3,2,1,0,1,1,1,0,0,1,1,1,1,1,0,0,0,1,1,0,0,0,0,0,0,0,0,0,0,0,0,0,0,0,0.4734786275467176,1.999600514891917,2.901938526021656,-0.5216302564545375,0.16051052320175804,-0.28509847012086886,-0.5686732904734074,-0.6355514736578443,1.5985639141688237,-0.5205774344687856,-0.3076923076923077,7.538461538461538,0.0,0.8,0.6153846153846154,-0.5384615384615384,-0.15384615384615385,-0.3076923076923077,6.0,0.15384615384615385
4,1,0,0,0.5439655555062364,0.7692307692307693,0.6567850304634368,3,2,1,0,6,5,4,3,2,1,1,1,1,1,0,0,1,1,1,1,0,0,0,0,1,1,0,0,0,0,0,0,0,0,0,0,0,0,0,0,0.2078654179058103,0.4734786275467176,1.9557282570730001,2.8682324497020986,-0.5106077254669934,0.16051052320175804,-0.2802872171662353,-0.5686732904734074,-0.6355514736578443,1.627073572242624,0.5384615384615384,-0.3076923076923077,7.538461538461538,0.0,0.8461538461538461,0.6153846153846154,-0.5384615384615384,-0.15384615384615385,-0.3076923076923077,6.0
5,0,1,0,-0.4838652403568733,-0.6153846153846154,-0.3557330084982971,4,3,2,1,0,6,5,4,3,2,1,1,1,1,1,0,0,1,1,1,0,0,0,0,0,1,1,0,0,0,0,0,0,0,0,0,0,0,0,0,0.5439655555062364,0.2078654179058103,0.4545930841774362,1.932561954926172,2.8076240385428113,-0.5106077254669934,0.15988978876179338,-0.2802872171662353,-0.5686732904734074,-0.6318433160271834,0.7692307692307693,0.5384615384615384,-0.3076923076923077,7.127272727272727,0.0,0.8461538461538461,0.6153846153846154,-0.5384615384615384,-0.15384615384615385,-0.3076923076923077
6,0,0,1,-0.7554263393847929,-0.6153846153846154,-0.6625032658929041,5,4,3,2,1,0,6,5,4,3,0,1,1,1,1,1,0,0,1,1,1,0,0,0,0,0,1,1,0,0,0,0,0,0,0,0,0,0,0,0,-0.4838652403568733,0.5439655555062364,0.19332867621376176,0.44814782833952166,1.891725128898656,2.8076240385428113,-0.503047507723136,0.15988978876179338,-0.2802872171662353,-0.5642227006036047,-0.6153846153846154,0.7692307692307693,0.5384615384615384,-0.2909090909090909,7.538461538461538,0.0,0.8461538461538461,0.6153846153846154,-0.5384615384615384,-0.15384615384615385
0,1,0,0,-0.009898353233609967,-0.07692307692307693,0.03191362755505154,6,5,4,3,2,1,0,6,5,4,0,0,1,1,1,1,1,0,0,1,0,1,0,0,0,0,0,1,1,0,1,0,0,0,0,0,0,0,0,0,-0.7554263393847929,-0.4838652403568733,0.5239259517988124,0.18979362749330803,0.4386780491927986,1.891725128898656,2.774734908574769,-0.503047507723136,0.15988978876179338,-0.27263517791566416,-0.6153846153846154,-0.6153846153846154,0.7692307692307693,0.509090909090909,-0.3076923076923077,7.538461538461538,0.0,0.8461538461538461,0.6153846153846154,-0.5384615384615384
1,1,0,0,2.200408362554929,6.384615384615385,2.591228497750832,0,6,5,4,3,2,1,0,6,5,1,0,0,1,1,1,1,1,0,0,0,0,1,0,0,0,0,0,1,1,0,1,0,0,0,0,0,0,0,0,-0.009898353233609967,-0.7554263393847929,-0.48707649318896257,0.5167084016924273,0.18578311216296173,0.4386780491927986,1.8700008349336228,2.774734908574769,-0.503047507723136,0.1724283483179266,-0.07692307692307693,-0.6153846153846154,-0.6153846153846154,0.7272727272727273,0.5384615384615384,-0.3076923076923077,7.538461538461538,0.0,0.8461538461538461,0.6153846153846154
2,1,0,0,0.5155577255981179,-0.23076923076923078,0.6628946818065679,1,0,6,5,4,3,2,1,0,6,1,1,0,0,1,1,1,1,1,0,0,0,0,1,0,0,0,0,0,1,0,0,1,0,0,0,0,0,0,0,2.200408362554929,-0.009898353233609967,-0.7541914076143905,-0.4830325533200932,0.5057898740596738,0.18578311216296173,0.4346664440177006,1.8700008349336228,2.774734908574769,-0.4978683888396437,6.384615384615385,-0.07692307692307693,-0.6153846153846154,-0.5818181818181818,0.7692307692307693,0.5384615384615384,-0.3076923076923077,7.538461538461538,0.0,0.8461538461538461
3,1,0,0,-0.5235474277597761,0.8461538461538461,-0.40964806168232737,2,1,0,6,5,4,3,2,1,0,1,1,1,0,0,1,1,1,1,1,0,0,0,0,1,0,0,0,0,0,0,0,0,1,0,0,0,0,0,0,0.5155577255981179,2.200408362554929,-0.02086971707998603,-0.7471720922200156,-0.4728256275885386,0.5057898740596738,0.18485430408282544,0.4346664440177006,1.8700008349336228,2.8163015491114773,-0.23076923076923078,6.384615384615385,-0.07692307692307693,-0.5818181818181818,-0.6153846153846154,0.7692307692307693,0.5384615384615384,-0.3076923076923077,7.538461538461538,0.0
4,1,0,0,0.08526787695858674,-0.07692307692307693,0.08215450619208055,3,2,1,0,6,5,4,3,2,1,1,1,1,1,0,0,1,1,1,1,0,0,0,0,0,1,0,0,0,0,0,0,0,0,1,0,0,0,0,0,-0.5235474277597761,0.5155577255981179,2.1532483409011527,-0.02201882393575682,-0.7313836531146987,-0.4728256275885386,0.5009601736661936,0.18485430408282544,0.4346664440177006,1.90152378540374,0.8461538461538461,-0.23076923076923078,6.384615384615385,-0.07272727272727272,-0.6153846153846154,-0.6153846153846154,0.7692307692307693,0.5384615384615384,-0.3076923076923077,7.538461538461538
5,0,1,0,-0.7093523902525634,-0.5384615384615384,-0.6179785267500617,4,3,2,1,0,6,5,4,3,2,1,1,1,1,1,0,0,1,1,1,0,0,0,0,0,0,1,0,0,0,0,0,0,0,0,1,0,0,0,0,0.08526787695858674,-0.5235474277597761,0.4959832343695422,2.127881875485709,-0.021553545769588345,-0.7313836531146987,-0.4657259747850046,0.5009601736661936,0.18485430408282544,0.45025537123802295,-0.07692307692307693,0.8461538461538461,-0.23076923076923078,6.036363636363636,-0.07692307692307693,-0.6153846153846154,-0.6153846153846154,0.7692307692307693,0.5384615384615384,-0.3076923076923077
6,0,1,0,1.5187979936970124,2.5384615384615383,1.7598076507794553,5,4,3,2,1,0,6,5,4,3,0,1,1,1,1,1,0,0,1,1,1,0,0,0,0,0,0,1,0,0,0,0,0,0,0,0,1,0,0,0,-0.7093523902525634,0.08526787695858674,-0.5261089765979741,0.4890769363612813,2.08291775843124,-0.021553545769588345,-0.7211321699924856,-0.4657259747850046,0.5009601736661936,0.1976700012663037,-0.5384615384615384,-0.07692307692307693,0.8461538461538461,-0.21818181818181817,6.384615384615385,-0.07692307692307693,-0.6153846153846154,-0.6153846153846154,0.7692307692307693,0.5384615384615384
0,1,0,0,-0.6454347729592969,-0.38461538461538464,-0.5774727435078896,6,5,4,3,2,1,0,6,5,4,0,0,1,1,1,1,1,0,0,1,1,1,0,0,0,0,0,0,1,0,0,0,0,0,0,0,0,1,0,0,1.5187979936970124,-0.7093523902525634,0.07273838630806843,-0.5216302564545375,0.4787422872115627,2.08291775843124,-0.019954913584370047,-0.7211321699924856,-0.4657259747850046,0.51728504495378,2.5384615384615383,-0.5384615384615384,-0.07692307692307693,0.8,-0.23076923076923078,6.384615384615385,-0.07692307692307693,-0.6153846153846154,-0.6153846153846154,0.7692307692307693
1,1,0,0,3.42283279328865,8.384615384615385,4.4110816814143,0,6,5,4,3,2,1,0,6,5,1,0,0,1,1,1,1,1,0,0,0,1,1,0,0,0,0,0,0,1,0,0,0,0,0,0,0,0,1,0,-0.6454347729592969,1.5187979936970124,-0.7088718127837932,0.07054658492358175,-0.5106077254669934,0.4787422872115627,2.058862820405778,-0.019954913584370047,-0.7211321699924856,-0.4601325397830399,-0.38461538461538464,2.5384615384615383,-0.5384615384615384,-0.07272727272727272,0.8461538461538461,-0.23076923076923078,6.384615384615385,-0.07692307692307693,-0.6153846153846154,-0.6153846153846154
2,1,0,0,0.5293177682098628,0.6153846153846154,0.6451646412836242,1,0,6,5,4,3,2,1,0,6,1,1,0,0,1,1,1,1,1,0,0,0,1,1,0,0,0,0,0,0,0,0,0,0,0,0,0,0,0,1,3.42283279328865,-0.6454347729592969,1.4827977645826054,-0.7023573093860634,0.06905587017158314,-0.5106077254669934,0.47424229773732973,2.058862820405778,-0.019954913584370047,-0.718374066101051,8.384615384615385,-0.38461538461538464,2.5384615384615383,-0.509090909090909,-0.07692307692307693,0.8461538461538461,-0.23076923076923078,6.384615384615385,-0.07692307692307693,-0.6153846153846154
3,1,0,0,-0.7161880243242043,-0.3076923076923077,-0.6384969471720168,2,1,0,6,5,4,3,2,1,0,1,1,1,0,0,1,1,1,1,1,0,0,0,1,1,0,0,0,0,0,0,0,0,0,0,0,0,0,0,0,0.5293177682098628,3.42283279328865,-0.6460006985679357,1.4648994041965286,-0.6875158481954188,0.06905587017158314,-0.503047507723136,0.47424229773732973,2.058862820405778,-0.009412857203157274,0.6153846153846154,8.384615384615385,-0.38461538461538464,2.4,-0.5384615384615384,-0.07692307692307693,0.8461538461538461,-0.23076923076923078,6.384615384615385,-0.07692307692307693
4,1,0,0,0.3704114696613253,0.38461538461538464,0.47059235781387926,3,2,1,0,6,5,4,3,2,1,1,1,1,1,0,0,1,1,1,1,0,0,0,0,1,1,0,0,0,0,0,0,0,0,0,0,0,0,0,0,-0.7161880243242043,0.5293177682098628,3.3556584002794265,-0.6401865123909852,1.433944721494379,-0.6875158481954188,0.0695499707773232,-0.503047507723136,0.47424229773732973,2.0924823772740706,-0.3076923076923077,0.6153846153846154,8.384615384615385,-0.36363636363636365,2.5384615384615383,-0.5384615384615384,-0.07692307692307693,0.8461538461538461,-0.23076923076923078,6.384615384615385
5,0,1,0,0.35354432065337993,0.38461538461538464,0.47153526669826723,4,3,2,1,0,6,5,4,3,2,1,1,1,1,1,0,0,1,1,1,0,0,0,0,0,1,1,0,0,0,0,0,0,0,0,0,0,0,0,0,0.3704114696613253,-0.7161880243242043,0.509517988124345,3.3168983680165787,-0.6266587777871693,1.433944721494379,-0.6777991149703599,0.0695499707773232,-0.503047507723136,0.4902705668819382,0.38461538461538464,-0.3076923076923077,0.6153846153846154,7.927272727272728,-0.38461538461538464,2.5384615384615383,-0.5384615384615384,-0.07692307692307693,0.8461538461538461,-0.23076923076923078
6,0,1,0,-0.4393004571885125,-0.3076923076923077,-0.3373291247826204,5,4,3,2,1,0,6,5,4,3,0,1,1,1,1,1,0,0,1,1,1,0,0,0,0,0,1,1,0,0,0,0,0,0,0,0,0,0,0,0,0.35354432065337993,0.3704114696613253,-0.7155955291652113,0.5024609273810552,3.2468092299890117,-0.6266587777871693,1.4178007848376053,-0.6777991149703599,0.0695499707773232,-0.4978683888396437,0.38461538461538464,0.38461538461538464,-0.3076923076923077,0.5818181818181818,8.384615384615385,-0.38461538461538464,2.5384615384615383,-0.5384615384615384,-0.07692307692307693,0.8461538461538461
0,1,0,0,0.1184695281637001,0.7692307692307693,0.07637103477700263,6,5,4,3,2,1,0,6,5,4,0,0,1,1,1,1,1,0,0,1,1,1,0,0,0,0,0,1,1,0,0,0,0,0,0,0,0,0,0,0,-0.4393004571885125,0.35354432065337993,0.35321341250436594,-0.7090061307313703,0.4918434620911165,3.2468092299890117,-0.6176838941304167,1.4178007848376053,-0.6777991149703599,0.08108564433751217,-0.3076923076923077,0.38461538461538464,0.38461538461538464,-0.2909090909090909,0.6153846153846154,8.384615384615385,-0.38461538461538464,2.5384615384615383,-0.5384615384615384,-0.07692307692307693
1,1,0,0,4.282169648009232,8.692307692307692,4.233710800361051,0,6,5,4,3,2,1,0,6,5,1,0,0,1,1,1,1,1,0,0,0,1,1,0,0,0,0,0,1,1,0,0,0,0,0,0,0,0,0,0,0.1184695281637001,-0.4393004571885125,0.33662242403073683,0.34789741818495806,-0.6940241737807454,0.4918434620911165,3.2085664189696916,-0.6176838941304167,1.4178007848376053,-0.674559959478283,0.7692307692307693,-0.3076923076923077,0.38461538461538464,0.36363636363636365,-0.3076923076923077,0.6153846153846154,8.384615384615385,-0.38461538461538464,2.5384615384615383,-0.5384615384615384
2,1,0,0,-0.5150250787873407,0.46153846153846156,-0.45801622214608445,1,0,6,5,4,3,2,1,0,6,1,1,0,0,1,1,1,1,1,0,0,0,1,1,0,0,0,0,0,1,0,0,0,0,0,0,0,0,0,0,4.282169648009232,0.1184695281637001,-0.4432413552217953,0.33149123564459015,0.34054602315949617,-0.6940241737807454,0.4871837688903732,3.2085664189696916,-0.6176838941304167,1.4443037440378201,8.692307692307692,0.7692307692307693,-0.3076923076923077,0.36363636363636365,0.38461538461538464,-0.3076923076923077,0.6153846153846154,8.384615384615385,-0.38461538461538464,2.5384615384615383
3,0,0,1,-0.7975942119046562,-0.6153846153846154,-0.7350760729534813,2,1,0,6,5,4,3,2,1,0,1,1,1,0,0,1,1,1,1,1,0,0,0,1,1,0,0,0,0,0,0,0,0,0,0,0,0,0,0,0,-0.5150250787873407,4.282169648009232,0.1053964373035277,-0.4396856920818582,0.3244865184684303,0.34054602315949617,-0.6842281038657427,0.4871837688903732,3.2085664189696916,-0.6137773838166393,0.46153846153846156,8.692307692307692,0.7692307692307693,-0.2909090909090909,0.38461538461538464,0.38461538461538464,-0.3076923076923077,0.6153846153846154,8.384615384615385,-0.38461538461538464
4,1,0,0,-0.7360735052598871,-0.07692307692307693,-0.6504233429028061,3,2,1,0,6,5,4,3,2,1,0,1,1,1,0,0,1,1,1,1,0,0,0,0,1,1,0,0,0,0,1,0,0,0,0,0,0,0,0,0,-0.7975942119046562,-0.5150250787873407,4.200925602514843,0.1028408600293584,-0.43039472572056464,0.3244865184684303,0.33773065041329203,-0.6842281038657427,0.4871837688903732,3.2549491368030052,-0.6153846153846154,0.46153846153846156,8.692307692307692,0.7272727272727273,-0.3076923076923077,0.38461538461538464,0.38461538461538464,-0.3076923076923077,0.6153846153846154,8.384615384615385
5,0,1,0,-0.756669181943273,-0.6923076923076923,-0.6786445874731057,4,3,2,1,0,6,5,4,3,2,1,0,1,1,1,0,0,1,1,1,0,0,0,0,0,1,1,0,0,0,0,1,0,0,0,0,0,0,0,0,-0.7360735052598871,-0.7975942119046562,-0.5177261613691931,4.15275019428374,0.10066773730031271,-0.43039472572056464,0.3218669115805292,0.33773065041329203,-0.6842281038657427,0.5033557046979866,-0.07692307692307693,-0.6153846153846154,0.46153846153846156,8.218181818181819,0.7692307692307693,-0.3076923076923077,0.38461538461538464,0.38461538461538464,-0.3076923076923077,0.6153846153846154
6,0,1,0,-0.5827599982245105,0.0,-0.45326892873538405,5,4,3,2,1,0,6,5,4,3,0,1,0,1,1,1,0,0,1,1,1,0,0,0,0,0,1,1,0,0,0,0,1,0,0,0,0,0,0,0,-0.756669181943273,-0.7360735052598871,-0.7956688787984632,-0.5133408168551938,4.064998732144366,0.10066773730031271,-0.42381230692159977,0.3218669115805292,0.33773065041329203,-0.6810603182643198,-0.6923076923076923,-0.07692307692307693,-0.6153846153846154,0.43636363636363634,8.692307692307692,0.7692307692307693,-0.3076923076923077,0.38461538461538464,0.38461538461538464,-0.3076923076923077
0,1,0,0,-0.6778374539482444,0.0,-0.5856348394746093,6,5,4,3,2,1,0,6,5,4,0,0,1,0,1,1,1,0,0,1,1,1,0,0,0,0,0,1,1,0,0,0,0,1,0,0,0,0,0,0,-0.5827599982245105,-0.756669181943273,-0.7351554313657003,-0.7881875485709351,-0.5024934494125602,4.064998732144366,0.10077648826918255,-0.42381230692159977,0.3218669115805292,0.35224346798362244,0.0,-0.6923076923076923,-0.07692307692307693,-0.5818181818181818,0.46153846153846156,8.692307692307692,0.7692307692307693,-0.3076923076923077,0.38461538461538464,0.38461538461538464
1,1,0,0,1.4953615340228148,8.153846153846153,2.0566976692610197,0,6,5,4,3,2,1,0,6,5,1,0,0,1,0,1,1,1,0,0,0,1,1,0,0,0,0,0,1,1,0,0,0,0,1,0,0,0,0,0,-0.6778374539482444,-0.5827599982245105,-0.755413901501921,-0.7283481564631724,-0.7715324148423632,-0.5024934494125602,4.016782165817817,0.10077648826918255,-0.42381230692159977,0.3362036216284664,0.0,0.0,-0.6923076923076923,-0.07272727272727272,-0.6153846153846154,0.46153846153846156,8.692307692307692,0.7692307692307693,-0.3076923076923077,0.38461538461538464
2,1,0,0,-0.7421989435838251,-0.15384615384615385,-0.6756180569278292,1,0,6,5,4,3,2,1,0,6,1,1,0,0,1,0,1,1,1,0,0,0,1,1,0,0,0,0,0,1,0,0,0,0,0,1,0,0,0,0,1.4953615340228148,-0.6778374539482444,-0.5843520782396088,-0.7483809688282532,-0.7129574845744231,-0.7715324148423632,-0.495032144944477,4.016782165817817,0.10077648826918255,-0.4177535773078384,8.153846153846153,0.0,0.0,-0.6545454545454545,-0.07692307692307693,-0.6153846153846154,0.46153846153846156,8.692307692307692,0.7692307692307693,-0.3076923076923077
3,1,0,0,-0.37511651648985744,-0.07692307692307693,-0.25193495762641094,2,1,0,6,5,4,3,2,1,0,1,1,1,0,0,1,0,1,1,1,0,0,0,1,1,0,0,0,0,0,0,0,0,0,0,0,1,0,0,0,-0.7421989435838251,1.4953615340228148,-0.6778728606356967,-0.5792245920041447,-0.7325669850393035,-0.7129574845744231,-0.7607915170743926,-0.495032144944477,4.016782165817817,0.11265881558397703,-0.15384615384615385,8.153846153846153,0.0,0.0,-0.6923076923076923,-0.07692307692307693,-0.6153846153846154,0.46153846153846156,8.692307692307692,0.7692307692307693
4,1,0,0,0.34280260996937284,0.46153846153846156,0.39447558618561196,3,2,1,0,6,5,4,3,2,1,1,1,1,1,0,0,1,0,1,1,0,0,0,0,1,1,0,0,0,0,0,0,0,0,0,0,0,1,0,0,-0.37511651648985744,-0.7421989435838251,1.4597450227034576,-0.6717036525343234,-0.5669850393035246,-0.7325669850393035,-0.7029306170159473,-0.7607915170743926,-0.495032144944477,4.072137098476214,-0.07692307692307693,-0.15384615384615385,8.153846153846153,0.0,0.0,-0.6923076923076923,-0.07692307692307693,-0.6153846153846154,0.46153846153846156,8.692307692307692
5,0,1,0,-0.6980780327577787,0.07692307692307693,-0.6117211119696441,4,3,2,1,0,6,5,4,3,2,1,1,1,1,1,0,0,1,0,1,0,0,0,0,0,1,1,0,0,0,0,0,0,0,0,0,0,0,1,0,0.34280260996937284,-0.37511651648985744,-0.7411805798113865,1.4421034452983335,-0.6575099315357957,-0.5669850393035246,-0.7223010770643734,-0.7029306170159473,-0.7607915170743926,-0.48976404541809127,0.46153846153846156,-0.07692307692307693,-0.15384615384615385,7.709090909090909,0.0,0.0,-0.6923076923076923,-0.07692307692307693,-0.6153846153846154,0.46153846153846156
6,0,1,0,-0.3647299036797017,0.0,-0.22838136092614664,5,4,3,2,1,0,6,5,4,3,0,1,1,1,1,1,0,0,1,0,1,0,0,0,0,0,1,1,0,0,0,0,0,0,0,0,0,0,0,1,-0.6980780327577787,0.34280260996937284,-0.3801082780300384,-0.7343061911752007,1.4116304623446876,-0.6575099315357957,-0.5587375803623612,-0.7223010770643734,-0.7029306170159473,-0.7584736819889409,0.07692307692307693,0.46153846153846156,-0.07692307692307693,-0.14545454545454545,8.153846153846153,0.0,0.0,-0.6923076923076923,-0.07692307692307693,-0.6153846153846154
0,0,0,1,-0.33321496737538275,-0.6923076923076923,-0.19201269193609205,6,5,4,3,2,1,0,6,5,4,0,0,1,1,1,1,1,0,0,1,1,1,0,0,0,0,0,1,1,0,0,0,0,0,0,0,0,0,0,0,-0.3647299036797017,-0.6980780327577787,0.32605658400279425,-0.37725585009930057,-0.718789620488547,1.4116304623446876,-0.6481589713617767,-0.5587375803623612,-0.7223010770643734,-0.6999704529146089,0.0,0.07692307692307693,0.46153846153846156,-0.07272727272727272,-0.15384615384615385,8.153846153846153,0.0,0.0,-0.6923076923076923,-0.07692307692307693
1,1,0,0,2.60007101957477,8.076923076923077,2.992965058728434,0,6,5,4,3,2,1,0,6,5,0,0,0,1,1,1,1,1,0,0,0,1,1,0,0,0,0,0,1,1,1,0,0,0,0,0,0,0,0,0,-0.33321496737538275,-0.3647299036797017,-0.6977820468040516,0.3210430878162508,-0.36928408418561404,-0.718789620488547,1.3957585371962928,-0.6481589713617767,-0.5587375803623612,-0.7195559495166941,-0.6923076923076923,0.0,0.07692307692307693,0.43636363636363634,-0.07692307692307693,-0.15384615384615385,8.153846153846153,0.0,0.0,-0.6923076923076923
2,1,0,0,-0.5465400150916596,0.6153846153846154,-0.4303527583523512,1,0,6,5,4,3,2,1,0,6,1,0,0,0,1,1,1,1,1,0,0,0,1,1,0,0,0,0,0,1,0,1,0,0,0,0,0,0,0,0,2.60007101957477,-0.33321496737538275,-0.3698917219699616,-0.6913910715827648,0.3142591496914885,-0.36928408418561404,-0.7086916590131085,1.3957585371962928,-0.6481589713617767,-0.5541766915706386,8.076923076923077,-0.6923076923076923,0.0,0.07272727272727272,0.46153846153846156,-0.07692307692307693,-0.15384615384615385,8.153846153846153,0.0,0.0
3,1,0,0,0.7783301522482134,0.5384615384615384,1.175833709018816,2,1,0,6,5,4,3,2,1,0,1,1,0,0,0,1,1,1,1,1,0,0,0,1,1,0,0,0,0,0,0,0,1,0,0,0,0,0,0,0,-0.5465400150916596,2.60007101957477,-0.33889276982186517,-0.3671530955876004,-0.6767813371650747,0.3142591496914885,-0.3634466059948234,-0.7086916590131085,1.3957585371962928,-0.6445907728673335,0.6153846153846154,8.076923076923077,-0.6923076923076923,0.0,0.07692307692307693,0.46153846153846156,-0.07692307692307693,-0.15384615384615385,8.153846153846153,0.0
4,1,0,0,0.4737449509521062,0.8461538461538461,0.621488170377531,3,2,1,0,6,5,4,3,2,1,1,1,1,0,0,0,1,1,1,1,0,0,0,0,1,1,0,0,0,0,0,0,0,1,0,0,0,0,0,0,0.7783301522482134,-0.5465400150916596,2.5463674467341946,-0.33649943873586047,-0.35939481024427355,-0.6767813371650747,0.3117642147449278,-0.3634466059948234,-0.7086916590131085,1.4220167996285509,0.5384615384615384,0.6153846153846154,8.076923076923077,-0.6545454545454545,0.0,0.07692307692307693,0.46153846153846156,-0.07692307692307693,-0.15384615384615385,8.153846153846153
5,0,1,0,1.3669936526255049,1.2307692307692308,1.6959895653862052,4,3,2,1,0,6,5,4,3,2,1,1,1,1,0,0,0,1,1,1,0,0,0,0,0,1,1,0,0,0,0,0,0,0,1,0,0,0,0,0,0.4737449509521062,0.7783301522482134,-0.5487251135172896,2.516622053363267,-0.32938889358465046,-0.35939481024427355,-0.6671954579610921,0.3117642147449278,-0.3634466059948234,-0.7057954497488497,0.8461538461538461,0.5384615384615384,0.6153846153846154,7.636363636363637,-0.6923076923076923,0.0,0.07692307692307693,0.46153846153846156,-0.07692307692307693,-0.15384615384615385
6,0,1,0,0.3262017843668161,2.0,0.6760134027201441,5,4,3,2,1,0,6,5,4,3,0,1,1,1,1,0,0,0,1,1,1,0,0,0,0,0,1,1,0,0,0,0,0,0,0,1,0,0,0,0,1.3669936526255049,0.4737449509521062,0.7544533705902899,-0.5439944737069338,2.4634434959006,-0.32938889358465046,-0.3536778826083327,-0.6671954579610921,0.3117642147449278,-0.3567177409142712,1.2307692307692308,0.8461538461538461,0.5384615384615384,0.5818181818181818,8.076923076923077,-0.6923076923076923,0.0,0.07692307692307693,0.46153846153846156,-0.07692307692307693
0,1,0,0,0.009898353233610093,1.0769230769230769,0.20392546408755718,6,5,4,3,2,1,0,6,5,4,0,0,1,1,1,1,0,0,0,1,1,1,0,0,0,0,0,1,1,0,0,0,0,0,0,0,1,0,0,0,0.3262017843668161,1.3669936526255049,0.45485504715333563,0.7446679906743805,-0.5324993660721833,2.4634434959006,-0.3240377389997495,-0.3536778826083327,-0.6671954579610921,0.32598877210755145,2.0,1.2307692307692308,0.8461538461538461,0.509090909090909,0.6153846153846154,8.076923076923077,-0.6923076923076923,0.0,0.07692307692307693,0.46153846153846156
1,1,0,0,2.7912024501753296,8.307692307692308,3.6707580414978156,0,6,5,4,3,2,1,0,6,5,1,0,0,1,1,1,1,0,0,0,0,1,1,0,0,0,0,0,1,1,0,0,0,0,0,0,0,1,0,0,0.009898353233610093,0.3262017843668161,1.333478868319944,0.4484068733270012,0.7289324655565886,-0.5324993660721833,2.4347499373799786,-0.3240377389997495,-0.3536778826083327,-0.6638385884935207,1.0769230769230769,2.0,1.2307692307692308,0.8,0.5384615384615384,0.6153846153846154,8.076923076923077,-0.6923076923076923,0.0,0.07692307692307693
2,1,0,0,-0.24896799680411913,-0.3076923076923077,-0.15890949011330954,1,0,6,5,4,3,2,1,0,6,1,1,0,0,1,1,1,1,0,0,0,0,1,1,0,0,0,0,0,1,0,0,0,0,0,0,0,0,1,0,2.7912024501753296,0.009898353233610093,0.30972755850506456,1.3172437613332182,0.43893162031949967,0.7289324655565886,-0.52467228855306,2.4347499373799786,-0.3240377389997495,-0.34684057236925414,8.307692307692308,1.0769230769230769,2.0,1.1636363636363636,0.8461538461538461,0.5384615384615384,0.6153846153846154,8.076923076923077,-0.6923076923076923,0.0
3,1,0,0,-0.5529317768209862,-0.07692307692307693,-0.39161018066503633,2,1,0,6,5,4,3,2,1,0,1,1,1,0,0,1,1,1,1,0,0,0,0,1,1,0,0,0,0,0,0,0,0,0,0,0,0,0,0,1,-0.24896799680411913,2.7912024501753296,-0.0013971358714634698,0.3048959502633624,1.2894091792747866,0.43893162031949967,0.7213826500793188,-0.52467228855306,2.4347499373799786,-0.3168713857583048,-0.3076923076923077,8.307692307692308,1.0769230769230769,1.8909090909090909,1.2307692307692308,0.8461538461538461,0.5384615384615384,0.6153846153846154,8.076923076923077,-0.6923076923076923
4,1,0,0,-0.25527098406498283,0.07692307692307693,-0.12443161673832255,3,2,1,0,6,5,4,3,2,1,1,1,1,1,0,0,1,1,1,1,0,0,0,0,1,1,0,0,0,0,0,0,0,0,0,0,0,0,0,0,-0.5529317768209862,-0.24896799680411913,2.7343695424380017,-0.0027631465331145254,0.29845321612712367,1.2894091792747866,0.43491692410453375,0.7213826500793188,-0.52467228855306,2.472542315647292,-0.07692307692307693,-0.3076923076923077,8.307692307692308,1.018181818181818,2.0,1.2307692307692308,0.8461538461538461,0.5384615384615384,0.6153846153846154,8.076923076923077
5,0,1,0,-0.6342491899329752,0.0,-0.5138616317236048,4,3,2,1,0,6,5,4,3,2,1,1,1,1,1,0,0,1,1,1,0,0,0,0,0,1,1,0,0,0,0,0,0,0,0,0,0,0,0,0,-0.25527098406498283,-0.5529317768209862,-0.2560251484456864,2.702530006044383,-0.002704758684811032,0.29845321612712367,1.2750271353427403,0.43491692410453375,0.7213826500793188,-0.5197332320290405,0.07692307692307693,-0.07692307692307693,-0.3076923076923077,7.8545454545454545,1.0769230769230769,2.0,1.2307692307692308,0.8461538461538461,0.5384615384615384,0.6153846153846154
6,0,1,0,3.441830529539704,3.769230769230769,4.239217346327171,5,4,3,2,1,0,6,5,4,3,0,1,1,1,1,1,0,0,1,1,1,0,0,0,0,0,1,1,0,0,0,0,0,0,0,0,0,0,0,0,-0.6342491899329752,-0.25527098406498283,-0.5550122249388753,-0.2545548743631811,2.6454230411630464,-0.002704758684811032,0.2961509559989981,1.2750271353427403,0.43491692410453375,0.7401544890464734,0.0,0.07692307692307693,-0.07692307692307693,-0.2909090909090909,8.307692307692308,1.0769230769230769,2.0,1.2307692307692308,0.8461538461538461,0.5384615384615384
0,1,0,0,-0.5969639131785698,-0.3076923076923077,-0.5381789348417605,6,5,4,3,2,1,0,6,5,4,0,0,1,1,1,1,1,0,0,1,1,1,0,0,0,0,0,1,1,0,0,0,0,0,0,0,0,0,0,0,3.441830529539704,-0.6342491899329752,-0.2622249388753056,-0.5502115534064416,-0.24917589383822164,2.6454230411630464,-0.0013358937964431544,0.2961509559989981,1.2750271353427403,0.45050863196994645,3.769230769230769,0.0,0.07692307692307693,-0.07272727272727272,-0.3076923076923077,8.307692307692308,1.0769230769230769,2.0,1.2307692307692308,0.8461538461538461
1,1,0,0,3.5049491766168046,9.0,3.9170982928803633,0,6,5,4,3,2,1,0,6,5,1,0,0,1,1,1,1,1,0,0,0,1,1,0,0,0,0,0,1,1,0,0,0,0,0,0,0,0,0,0,-0.5969639131785698,3.441830529539704,-0.6349982535801606,-0.26068560573352906,-0.5385850731130082,-0.24917589383822164,2.614511146363864,-0.0013358937964431544,0.2961509559989981,1.2999451268414166,-0.3076923076923077,3.769230769230769,0.0,0.07272727272727272,-0.07692307692307693,-0.3076923076923077,8.307692307692308,1.0769230769230769,2.0,1.2307692307692308
2,1,0,0,0.28873895867548494,0.38461538461538464,0.500048370256399,1,0,6,5,4,3,2,1,0,6,1,1,0,0,1,1,1,1,1,0,0,0,1,1,0,0,0,0,0,1,0,0,0,0,0,0,0,0,0,0,3.5049491766168046,-0.5969639131785698,3.374345092560251,-0.6293066229168465,-0.2551770771701462,-0.5385850731130082,-0.24480253819821332,2.614511146363864,-0.0013358937964431544,0.31020218648431896,9.0,-0.3076923076923077,3.769230769230769,0.0,0.07692307692307693,-0.07692307692307693,-0.3076923076923077,8.307692307692308,1.0769230769230769,2.0
3,1,0,0,0.7145013094234098,-0.15384615384615385,1.2494421700999505,2,1,0,6,5,4,3,2,1,0,1,1,1,0,0,1,1,1,1,1,0,0,0,1,1,0,0,0,0,0,0,0,0,0,0,0,0,0,0,0,0.28873895867548494,3.5049491766168046,-0.5983234369542438,3.3353769104567825,-0.6160087904657255,-0.2551770771701462,-0.5306838106370544,-0.24480253819821332,2.614511146363864,0.009412857203157394,0.38461538461538464,9.0,-0.3076923076923077,3.5636363636363635,0.0,0.07692307692307693,-0.07692307692307693,-0.3076923076923077,8.307692307692308,1.0769230769230769
4,1,0,0,0.18505037951085265,-0.07692307692307693,0.4263125811069643,3,2,1,0,6,5,4,3,2,1,1,1,1,1,0,0,1,1,1,1,0,0,0,0,1,1,0,0,0,0,0,0,0,0,0,0,0,0,0,0,0.7145013094234098,0.28873895867548494,3.4364303178484104,-0.5930403246697177,3.2648973036936857,-0.6160087904657255,-0.2507305669199299,-0.5306838106370544,-0.24480253819821332,2.6542991009244017,-0.15384615384615385,0.38461538461538464,9.0,-0.2909090909090909,3.769230769230769,0.0,0.07692307692307693,-0.07692307692307693,-0.3076923076923077,8.307692307692308
5,0,1,0,-0.06680278751830965,0.38461538461538464,0.17266118348164586,4,3,2,1,0,6,5,4,3,2,1,1,1,1,1,0,0,1,1,1,0,0,0,0,0,1,1,0,0,0,0,0,0,0,0,0,0,0,0,0,0.18505037951085265,0.7145013094234098,0.2728780998952148,3.396770572489422,-0.5805088327275801,3.2648973036936857,-0.6071637304834265,-0.2507305669199299,-0.5306838106370544,-0.23675657422649954,-0.07692307692307693,-0.15384615384615385,0.38461538461538464,8.50909090909091,-0.3076923076923077,3.769230769230769,0.0,0.07692307692307693,-0.07692307692307693,-0.3076923076923077
6,0,1,0,0.38869901016467656,0.0,0.9293011555742676,5,4,3,2,1,0,6,5,4,3,0,1,1,1,1,1,0,0,1,1,1,0,0,0,0,0,1,1,0,0,0,0,0,0,0,0,0,0,0,0,-0.06680278751830965,0.18505037951085265,0.6916695773663989,0.26845695535791386,3.3249936607218324,-0.5805088327275801,3.2264339984971193,-0.6071637304834265,-0.2507305669199299,-0.525811489595205,0.38461538461538464,-0.07692307692307693,-0.15384615384615385,0.36363636363636365,9.0,-0.3076923076923077,3.769230769230769,0.0,0.07692307692307693,-0.07692307692307693
0,1,0,0,-0.4363708997292378,0.0,-0.23609021088842308,6,5,4,3,2,1,0,6,5,4,0,0,1,1,1,1,1,0,0,1,1,1,0,0,0,0,0,1,1,0,0,0,0,0,0,0,0,0,0,0,0.38869901016467656,-0.06680278751830965,0.17088718127837924,0.6825835420084623,0.26278421097117743,3.3249936607218324,-0.5720965183267931,3.2264339984971193,-0.6071637304834265,-0.24275041154868934,0.0,0.38461538461538464,-0.07692307692307693,-0.14545454545454545,0.38461538461538464,9.0,-0.3076923076923077,3.769230769230769,0.0,0.07692307692307693
1,1,0,0,2.12930001331617,8.23076923076923,3.1084429709437216,0,6,5,4,3,2,1,0,6,5,1,0,0,1,1,1,1,1,0,0,0,1,1,0,0,0,0,0,1,1,0,0,0,0,0,0,0,0,0,0,-0.4363708997292378,0.38869901016467656,-0.07684247293049246,0.16760210689923147,0.6681599188572396,0.26278421097117743,3.2857977790765633,-0.5720965183267931,3.2264339984971193,-0.6031404330758515,0.0,0.0,0.38461538461538464,-0.07272727272727272,-0.15384615384615385,0.38461538461538464,9.0,-0.3076923076923077,3.769230769230769,0.0
2,1,0,0,0.41444360601890895,0.23076923076923078,0.8361344744216316,1,0,6,5,4,3,2,1,0,6,1,1,0,0,1,1,1,1,1,0,0,0,1,1,0,0,0,0,0,1,0,0,0,0,0,0,0,0,0,0,2.12930001331617,-0.4363708997292378,0.3712015368494585,-0.0773681029272083,0.1640605189755726,0.6681599188572396,0.26091675711780915,3.2857977790765633,-0.5720965183267931,3.2730150690135495,8.23076923076923,0.0,0.0,0.36363636363636365,-0.07692307692307693,-0.15384615384615385,0.38461538461538464,9.0,-0.3076923076923077,3.769230769230769
3,1,0,0,0.45607883172799496,-0.07692307692307693,0.8829951334347722,2,1,0,6,5,4,3,2,1,0,1,1,1,0,0,1,1,1,1,1,0,0,0,1,1,0,0,0,0,0,0,0,0,0,0,0,0,0,0,0,0.41444360601890895,2.12930001331617,-0.4403597624869019,0.3656851739918832,-0.07573324317471045,0.1640605189755726,0.6613509226016533,0.26091675711780915,3.2857977790765633,-0.5676839306065595,0.23076923076923078,8.23076923076923,0.0,0.0,0.38461538461538464,-0.07692307692307693,-0.15384615384615385,0.38461538461538464,9.0,-0.3076923076923077
4,1,0,0,-0.18753606462781303,1.0,0.13383214846400365,3,2,1,0,6,5,4,3,2,1,1,1,1,1,0,0,1,1,1,1,0,0,0,0,1,1,0,0,0,0,0,0,0,0,0,0,0,0,0,0,0.45607883172799496,0.41444360601890895,2.0833042263360113,-0.43683619721958383,0.35795790719296755,-0.07573324317471045,0.16339650997745675,0.6613509226016533,0.26091675711780915,3.3330378624794226,-0.07692307692307693,0.23076923076923078,8.23076923076923,0.0,0.0,0.38461538461538464,-0.07692307692307693,-0.15384615384615385,0.38461538461538464,9.0
5,0,1,0,-0.023924719250743423,1.1538461538461537,0.34401542031984367,4,3,2,1,0,6,5,4,3,2,1,1,1,1,1,0,0,1,1,1,0,0,0,0,0,1,1,0,0,0,0,0,0,0,0,0,0,0,0,0,-0.18753606462781303,0.45607883172799496,0.39652462451973447,2.058716863828685,-0.4276054433268532,0.35795790719296755,-0.07347415880437504,0.16339650997745675,0.6613509226016533,0.27457684352707784,1.0,-0.07692307692307693,0.23076923076923078,7.781818181818182,0.0,0.0,0.38461538461538464,-0.07692307692307693,-0.15384615384615385,0.38461538461538464
6,0,1,0,-0.36801455901282787,-0.7692307692307693,-0.07076440790123062,5,4,3,2,1,0,6,5,4,3,0,1,1,1,1,1,0,0,1,1,1,0,0,0,0,0,1,1,0,0,0,0,0,0,0,0,0,0,0,0,-0.023924719250743423,-0.18753606462781303,0.4374781697520083,0.3907261894482342,2.0152142676020626,-0.4276054433268532,0.3549302830424981,-0.07347415880437504,0.16339650997745675,0.6794563336288043,1.1538461538461537,1.0,-0.07692307692307693,0.21818181818181817,8.23076923076923,0.0,0.0,0.38461538461538464,-0.07692307692307693,-0.15384615384615385
0,1,0,0,1.1254383239380354,0.15384615384615385,2.05559049144901,6,5,4,3,2,1,0,6,5,4,0,0,1,1,1,1,1,0,0,1,1,1,0,0,0,0,0,1,1,0,0,0,0,0,0,0,0,0,0,0,-0.36801455901282787,-0.023924719250743423,-0.19559902200489002,0.43122355582419475,0.3824697827740681,2.0152142676020626,-0.42105702596643574,0.3549302830424981,-0.07347415880437504,0.17597399856485585,-0.7692307692307693,1.1538461538461537,1.0,-0.07272727272727272,0.23076923076923078,8.23076923076923,0.0,0.0,0.38461538461538464,-0.07692307692307693
1,1,0,0,2.6010475387278618,7.769230769230769,4.19969481872354,0,6,5,4,3,2,1,0,6,5,1,0,0,1,1,1,1,1,0,0,0,1,1,0,0,0,0,0,1,1,0,0,0,0,0,0,0,0,0,0,1.1254383239380354,-0.36801455901282787,-0.034666433810688076,-0.1948018305845782,0.4221114022483306,0.3824697827740681,1.991984637221341,-0.42105702596643574,0.3549302830424981,-0.06352623359081501,0.15384615384615385,-0.7692307692307693,1.1538461538461537,0.9454545454545454,-0.07692307692307693,0.23076923076923078,8.23076923076923,0.0,0.0,0.38461538461538464
2,1,0,0,1.1535798304407652,1.0769230769230769,1.5695017051415978,1,0,6,5,4,3,2,1,0,6,1,1,0,0,1,1,1,1,1,0,0,0,1,1,0,0,0,0,0,1,0,0,0,0,0,0,0,0,0,0,2.6010475387278618,1.1254383239380354,-0.3731225986727209,-0.03566185994301006,-0.19068548727918183,0.4221114022483306,0.3791433581030308,1.991984637221341,-0.42105702596643574,0.3696340382423705,7.769230769230769,0.15384615384615385,-0.7692307692307693,1.0909090909090908,1.0,-0.07692307692307693,0.23076923076923078,8.23076923076923,0.0,0.0
3,1,0,0,1.0205956766833857,1.2307692307692308,1.364960429069391,2,1,0,6,5,4,3,2,1,0,1,1,1,0,0,1,1,1,1,1,0,0,0,1,1,0,0,0,0,0,0,0,0,0,0,0,0,0,0,0,1.1535798304407652,2.6010475387278618,1.0958784491791826,-0.3703479837665141,-0.034908291775843085,-0.19068548727918183,0.4183017450112716,0.3791433581030308,1.991984637221341,-0.41496770925667975,1.0769230769230769,7.769230769230769,0.15384615384615385,-0.7272727272727273,1.1538461538461537,1.0,-0.07692307692307693,0.23076923076923078,8.23076923076923,0.0
4,1,0,0,0.5349105597230236,1.0769230769230769,1.0112786862310872,3,2,1,0,6,5,4,3,2,1,1,1,1,1,0,0,1,1,1,1,0,0,0,0,1,1,0,0,0,0,0,0,0,0,0,0,0,0,0,0,1.0205956766833857,1.1535798304407652,2.547327977645826,1.0822899576893188,-0.36252218747358633,-0.034908291775843085,-0.18702513150204564,0.4183017450112716,0.3791433581030308,2.024861761850492,1.2307692307692308,1.0769230769230769,7.769230769230769,0.14545454545454545,-0.7692307692307693,1.1538461538461537,1.0,-0.07692307692307693,0.23076923076923078,8.23076923076923
5,0,1,0,0.26441475431665845,0.07692307692307693,0.37511569399004313,4,3,2,1,0,6,5,4,3,2,1,1,1,1,1,0,0,1,1,1,0,0,0,0,0,1,1,0,0,0,0,0,0,0,0,0,0,0,0,0,0.5349105597230236,1.0205956766833857,1.123559203632553,2.5175718849840254,1.0594201673569437,-0.36252218747358633,-0.03314686482424646,-0.18702513150204564,0.4183017450112716,0.394115908994977,1.0769230769230769,1.2307692307692308,1.0769230769230769,7.345454545454546,0.15384615384615385,-0.7692307692307693,1.1538461538461537,1.0,-0.07692307692307693,0.23076923076923078
6,0,1,0,0.7207155222158107,-0.15384615384615385,1.2719100723248318,5,4,3,2,1,0,6,5,4,3,0,1,1,1,1,1,0,0,1,1,1,0,0,0,0,0,1,1,0,0,0,0,0,0,0,0,0,0,0,0,0.26441475431665845,0.5349105597230236,0.9927523576667829,1.109662378032985,2.464373256698504,1.0594201673569437,-0.35676713701260754,-0.03314686482424646,-0.18702513150204564,0.4337090034190199,0.07692307692307693,1.0769230769230769,1.2307692307692308,1.018181818181818,7.769230769230769,0.15384615384615385,-0.7692307692307693,1.1538461538461537,1.0,-0.07692307692307693
0,1,0,0,0.24399662657019838,-0.6923076923076923,0.6105950707401081,6,5,4,3,2,1,0,6,5,4,0,0,1,1,1,1,1,0,0,1,1,1,0,0,0,0,0,1,1,0,0,0,0,0,0,0,0,0,0,0,0.7207155222158107,0.26441475431665845,0.5150192106182325,0.9803125809515586,1.0862141830783534,2.464373256698504,1.0478416965851216,-0.35676713701260754,-0.03314686482424646,-0.178337765396142,-0.15384615384615385,0.07692307692307693,1.0769230769230769,1.1636363636363636,1.0769230769230769,7.769230769230769,0.15384615384615385,-0.7692307692307693,1.1538461538461537,1.0
1,1,0,0,2.591459896133872,7.076923076923077,4.436346085287405,0,6,5,4,3,2,1,0,6,5,1,0,0,1,1,1,1,1,0,0,0,1,1,0,0,0,0,0,1,1,0,0,0,0,0,0,0,0,0,0,0.24399662657019838,0.7207155222158107,0.2489521480964023,0.5079008721181244,0.9595976671456343,1.0862141830783534,2.4356683643650334,1.0478416965851216,-0.35676713701260754,-0.022751255751129063,-0.6923076923076923,-0.15384615384615385,0.07692307692307693,1.018181818181818,1.2307692307692308,1.0769230769230769,7.769230769230769,0.15384615384615385,-0.7692307692307693,1.1538461538461537
2,1,0,0,0.1475875538195215,0.07692307692307693,0.4524077613269419,1,0,6,5,4,3,2,1,0,6,1,1,0,0,1,1,1,1,1,0,0,0,1,1,0,0,0,0,0,1,0,0,0,0,0,0,0,0,0,0,2.591459896133872,0.24399662657019838,0.6977820468040516,0.24479751316812015,0.4971684557518383,0.9595976671456343,1.074309092427152,2.4356683643650334,1.0478416965851216,-0.34996412139631083,7.076923076923077,-0.6923076923076923,-0.15384615384615385,0.07272727272727272,1.0769230769230769,1.2307692307692308,1.0769230769230769,7.769230769230769,0.15384615384615385,-0.7692307692307693
3,1,0,0,-0.011851391539793098,-0.23076923076923078,0.18340913960088284,2,1,0,6,5,4,3,2,1,0,1,1,1,0,0,1,1,1,1,1,0,0,0,1,1,0,0,0,0,0,0,0,0,0,0,0,0,0,0,0,0.1475875538195215,2.591459896133872,0.2288683199441145,0.6886279250496503,0.2396247147324824,0.4971684557518383,0.949236035735159,1.074309092427152,2.4356683643650334,1.0702376429867884,0.07692307692307693,7.076923076923077,-0.6923076923076923,-0.14545454545454545,0.07692307692307693,1.0769230769230769,1.2307692307692308,1.0769230769230769,7.769230769230769,0.15384615384615385
4,1,0,0,0.262017843668161,0.6153846153846154,0.6457331637285038,3,2,1,0,6,5,4,3,2,1,1,1,1,1,0,0,1,1,1,1,0,0,0,0,1,1,0,0,0,0,0,0,0,0,0,0,0,0,0,0,-0.011851391539793098,0.1475875538195215,2.537897310513447,0.2249373974613591,0.6740765784802637,0.2396247147324824,0.4924438507138682,0.949236035735159,1.074309092427152,2.473470938331012,-0.23076923076923078,0.07692307692307693,7.076923076923077,-0.6545454545454545,-0.15384615384615385,0.07692307692307693,1.0769230769230769,1.2307692307692308,1.0769230769230769,7.769230769230769
5,0,1,0,-0.28332371609924983,-0.07692307692307693,-0.06277260667606475,4,3,2,1,0,6,5,4,3,2,1,1,1,1,1,0,0,1,1,1,0,0,0,0,0,1,1,0,0,0,0,0,0,0,0,0,0,0,0,0,0.262017843668161,-0.011851391539793098,0.13403772266852945,2.508246265434764,0.22018426168540273,0.6740765784802637,0.23803957585371957,0.4924438507138682,0.949236035735159,1.0969988603267062,0.6153846153846154,-0.23076923076923078,0.07692307692307693,6.6909090909090905,-0.6923076923076923,-0.15384615384615385,0.07692307692307693,1.0769230769230769,1.2307692307692308,1.0769230769230769
6,0,1,0,-0.14687735807181854,-1.0,0.04330215389444097,5,4,3,2,1,0,6,5,4,3,0,1,1,1,1,1,0,0,1,1,1,0,0,0,0,0,1,1,0,0,0,0,0,0,0,0,0,0,0,0,-0.28332371609924983,0.262017843668161,-0.022790778903248335,0.1311631119937829,2.4552446961372665,0.22018426168540273,0.6671954579610921,0.23803957585371957,0.4924438507138682,0.9705373348528977,-0.07692307692307693,0.6153846153846154,-0.23076923076923078,0.07272727272727272,7.076923076923077,-0.6923076923076923,-0.15384615384615385,0.07692307692307693,1.0769230769230769,1.2307692307692308
0,1,0,0,0.2133694349505082,0.46153846153846156,0.5464869603023963,6,5,4,3,2,1,0,6,5,4,0,0,1,1,1,1,1,0,0,1,1,1,0,0,0,0,0,1,1,0,0,0,0,0,0,0,0,0,0,0,-0.14687735807181854,-0.28332371609924983,0.24659448131330766,-0.023918487177273084,0.12839151381962638,2.4552446961372665,0.21883610252984884,0.6671954579610921,0.23803957585371957,0.5086741800683804,-1.0,-0.07692307692307693,0.6153846153846154,-0.21818181818181817,0.07692307692307693,7.076923076923077,-0.6923076923076923,-0.15384615384615385,0.07692307692307693,1.0769230769230769
1,1,0,0,2.7308358116205778,8.153846153846153,3.563563527503616,0,6,5,4,3,2,1,0,6,5,1,0,0,1,1,1,1,1,0,0,0,1,1,0,0,0,0,0,1,1,0,0,0,0,0,0,0,0,0,0,0.2133694349505082,-0.14687735807181854,-0.28981837233670976,0.24246610828080475,-0.02341306736539596,0.12839151381962638,2.4266510812390414,0.21883610252984884,0.6671954579610921,0.2514456966780634,0.46153846153846156,-1.0,-0.07692307692307693,0.5818181818181818,-0.23076923076923078,0.07692307692307693,7.076923076923077,-0.6923076923076923,-0.15384615384615385,0.07692307692307693
