DIA_SEMANA,LABORAL,FIN_DE_SEMANA,FESTIVO,PORCENTAJE_USO,NUMERO_CONEXIONES,USAGE_KB,DIA_SEMANA_lag_1,DIA_SEMANA_lag_2,DIA_SEMANA_lag_3,DIA_SEMANA_lag_4,DIA_SEMANA_lag_5,DIA_SEMANA_lag_6,DIA_SEMANA_lag_7,DIA_SEMANA_lag_8,DIA_SEMANA_lag_9,DIA_SEMANA_lag_10,LABORAL_lag_1,LABORAL_lag_2,LABORAL_lag_3,LABORAL_lag_4,LABORAL_lag_5,LABORAL_lag_6,LABORAL_lag_7,LABORAL_lag_8,LABORAL_lag_9,LABORAL_lag_10,FIN_DE_SEMANA_lag_1,FIN_DE_SEMANA_lag_2,FIN_DE_SEMANA_lag_3,FIN_DE_SEMANA_lag_4,FIN_DE_SEMANA_lag_5,FIN_DE_SEMANA_lag_6,FIN_DE_SEMANA_lag_7,FIN_DE_SEMANA_lag_8,FIN_DE_SEMANA_lag_9,FIN_DE_SEMANA_lag_10,FESTIVO_lag_1,FESTIVO_lag_2,FESTIVO_lag_3,FESTIVO_lag_4,FESTIVO_lag_5,FESTIVO_lag_6,FESTIVO_lag_7,FESTIVO_lag_8,FESTIVO_lag_9,FESTIVO_lag_10,PORCENTAJE_USO_lag_1,PORCENTAJE_USO_lag_2,PORCENTAJE_USO_lag_3,PORCENTAJE_USO_lag_4,PORCENTAJE_USO_lag_5,PORCENTAJE_USO_lag_6,PORCENTAJE_USO_lag_7,PORCENTAJE_USO_lag_8,PORCENTAJE_USO_lag_9,PORCENTAJE_USO_lag_10,NUMERO_CONEXIONES_lag_1,NUMERO_CONEXIONES_lag_2,NUMERO_CONEXIONES_lag_3,NUMERO_CONEXIONES_lag_4,NUMERO_CONEXIONES_lag_5,NUMERO_CONEXIONES_lag_6,NUMERO_CONEXIONES_lag_7,NUMERO_CONEXIONES_lag_8,NUMERO_CONEXIONES_lag_9,NUMERO_CONEXIONES_lag_10
0,1,0,0,4685.427159754454,0.0,-1.2375946310448689,6,5,4,3,2,1,0,6,5,4,0,0,1,1,1,1,1,0,0,1,1,1,0,0,0,0,0,1,1,0,0,0,0,0,0,0,0,0,0,0,5431.349234603062,639.0840019127571,698374.2677070899,0.3706478339870281,1.9105179802496737,1.2694998180421335,7.2693893129771,2.338383631713555,2.3741164758586364,1.1566715903495814,-0.14285714285714285,-0.10714285714285714,-0.14285714285714285,0.21428571428571427,0.5714285714285714,0.14285714285714285,0.42857142857142855,0.42857142857142855,-0.36363636363636365,-0.07692307692307693
1,1,0,0,-0.7567599940110794,0.42857142857142855,-1.2373170621821574,0,6,5,4,3,2,1,0,6,5,1,0,0,1,1,1,1,1,0,0,0,1,1,0,0,0,0,0,1,1,0,0,0,0,0,0,0,0,0,0,4641.91764566275,5404.123054035386,636.5625577005626,698374.265354965,0.3647288988261599,1.8935864184337758,1.195888767720829,6.816951406649616,2.273768043802887,2.3444608567208274,0.0,-0.10714285714285714,-0.07142857142857142,-0.14285714285714285,0.21428571428571427,0.5714285714285714,0.14285714285714285,0.42857142857142855,0.43636363636363634,-0.38461538461538464
2,1,0,0,-0.7593951190297948,0.2857142857142857,-1.238209425361681,1,0,6,5,4,3,2,1,0,6,1,1,0,0,1,1,1,1,1,0,0,0,1,1,0,0,0,0,0,1,0,0,0,0,0,0,0,0,0,0,-0.7521063249080336,4618.648200296359,5382.8282654843315,636.5602055757118,691522.4333892305,0.3600570712292843,1.7849836423118866,1.1193554987212277,6.6319561971129914,2.24519940915805,0.42857142857142855,0.03571428571428571,-0.07142857142857142,-0.07142857142857142,-0.14285714285714285,0.21428571428571427,0.5714285714285714,0.14285714285714285,0.43636363636363634,0.46153846153846156
3,1,0,0,-0.7605929031292109,-0.35714285714285715,-1.2386547783876736,2,1,0,6,5,4,3,2,1,0,1,1,1,0,0,1,1,1,1,1,0,0,0,1,1,0,0,0,0,0,0,0,0,0,0,0,0,0,0,0,-0.7547169811320754,-0.7518788114930721,4600.448032741578,5382.82591335948,630.3125582261971,686037.9309484337,0.3374372955288987,1.6719897698209718,1.0875062220009957,6.556179222058099,0.2857142857142857,0.4642857142857143,0.07142857142857142,-0.07142857142857142,-0.07142857142857142,-0.14285714285714285,0.21428571428571427,0.5714285714285714,0.14545454545454545,0.46153846153846156
4,1,0,0,-0.7577182212906124,0.9285714285714286,-1.2379344802842387,3,2,1,0,6,5,4,3,2,1,1,1,1,1,0,0,1,1,1,1,0,0,0,0,1,1,0,0,0,0,0,0,0,0,0,0,0,0,0,0,-0.7559036430520945,-0.7544763827639339,-0.7524917822638024,4600.445680616726,5330.012111049003,625.3117371488646,647572.6720065431,0.3140358056265985,1.6252862120457938,1.07178729689808,-0.35714285714285715,0.32142857142857145,0.5,0.07142857142857142,-0.07142857142857142,-0.07142857142857142,-0.14285714285714285,0.21428571428571427,0.5818181818181818,0.15384615384615385
5,0,1,0,3.1592753406198533,0.42857142857142855,0.07656895885956483,4,3,2,1,0,6,5,4,3,2,1,1,1,1,1,0,0,1,1,1,0,0,0,0,0,1,1,0,0,0,0,0,0,0,0,0,0,0,0,0,-0.7530556544440489,-0.755657096977962,-0.7550791195996682,-0.7548439071145895,4555.307900130427,5287.737726508662,590.2488876772082,607492.7240613811,0.30383275261324044,1.6037419990152633,0.9285714285714286,-0.32142857142857145,0.35714285714285715,0.5,0.07142857142857142,-0.07142857142857142,-0.07142857142857142,-0.14285714285714285,0.21818181818181817,0.6153846153846154
6,0,1,0,1.8532115586165592,1.7857142857142858,-0.4424258482896286,5,4,3,2,1,0,6,5,4,3,0,1,1,1,1,1,0,0,1,1,1,0,0,0,0,0,1,1,0,0,0,0,0,0,0,0,0,0,0,0,3.127566156402041,-0.7528233828642947,-0.7562551820250618,-0.7574312444504553,-0.749720514253773,4519.17773528885,4991.258702290077,553.7143427109975,591163.8984569438,0.29660265878877407,0.42857142857142855,0.9642857142857143,-0.2857142857142857,0.35714285714285715,0.5,0.07142857142857142,-0.07142857142857142,-0.07142857142857142,-0.14545454545454545,0.23076923076923078
0,1,0,0,-0.1085192394070969,2.142857142857143,-1.1431437470104815,6,5,4,3,2,1,0,6,5,4,0,0,1,1,1,1,1,0,0,1,1,1,0,0,0,0,0,1,1,0,0,0,0,0,0,0,0,0,0,0,1.8336299988133378,3.1083482398502857,-0.7534326322041173,-0.7586073068758489,-0.75228246692752,-0.7455535851476168,4265.7908724100325,4682.3342915601015,538.829268292683,584760.3466272772,1.7857142857142858,0.4642857142857143,1.0,-0.2857142857142857,0.35714285714285715,0.5,0.07142857142857142,-0.07142857142857142,-0.07272727272727272,-0.15384615384615385
1,1,0,0,-0.7541248689923642,0.35714285714285715,-1.2367695196246191,0,6,5,4,3,2,1,0,6,5,1,0,0,1,1,1,1,1,0,0,0,1,1,0,0,0,0,0,1,1,0,0,0,0,0,0,0,0,0,0,-0.10988489379375818,1.8208974608740827,3.0925267113178365,-0.7557847570549044,-0.7534469908701322,-0.7480952188404373,-0.7061832061068701,4001.7675396419436,4556.475858636138,532.988675529296,2.142857142857143,1.8214285714285714,0.5,1.0,-0.2857142857142857,0.35714285714285715,0.5,0.07142857142857142,-0.07272727272727272,-0.07692307692307693
2,1,0,0,-0.749573289414583,1.2142857142857142,-1.2362674099804303,1,0,6,5,4,3,2,1,0,6,1,1,0,0,1,1,1,1,1,0,0,0,1,1,0,0,0,0,0,1,0,0,0,0,0,0,0,0,0,0,-0.7494956686839919,-0.1128762788610831,1.8101482426687205,3.0901745864670493,-0.7506521334078629,-0.7492505068826284,-0.7085823336968375,-0.6649923273657289,3894.2020905923346,4507.115706548499,0.35714285714285715,2.1785714285714284,1.8571428571428572,0.5,1.0,-0.2857142857142857,0.35714285714285715,0.5,0.07272727272727272,-0.07692307692307693
3,1,0,0,0.07066926186554874,1.0,-1.0532869728888756,2,1,0,6,5,4,3,2,1,0,1,1,1,0,0,1,1,1,1,1,0,0,0,1,1,0,0,0,0,0,0,0,0,0,0,0,0,0,0,0,-0.7449863533879197,-0.7492812402222105,-0.11600679764081875,1.8077961178179334,3.05757406372275,-0.7464778155813698,-0.7096728462377317,-0.6672429667519182,-0.6488800398208063,3852.015755785327,1.2142857142857142,0.39285714285714285,2.2142857142857144,1.8571428571428572,0.5,1.0,-0.2857142857142857,0.35714285714285715,0.509090909090909,0.07692307692307693
4,1,0,0,1.4972301242701003,0.7857142857142857,-0.8014910005028346,3,2,1,0,6,5,4,3,2,1,1,1,1,1,0,0,1,1,1,1,0,0,0,0,1,1,0,0,0,0,0,0,0,0,0,0,0,0,0,0,0.06763972944108224,-0.7447945262089037,-0.7499044449279367,-0.11835892249160583,1.7877771566983414,3.031545139992028,-0.7070556161395856,-0.6682659846547315,-0.6510701841712294,-0.6457902511078286,1.0,1.25,0.42857142857142855,2.2142857142857144,1.8571428571428572,0.5,1.0,-0.2857142857142857,0.36363636363636365,0.5384615384615384
5,0,1,0,3.9205869142087137,1.4285714285714286,0.3299711021123715,4,3,2,1,0,6,5,4,3,2,1,1,1,1,1,0,0,1,1,1,0,0,0,0,0,1,1,0,0,0,0,0,0,0,0,0,0,0,0,0,1.4809540761836952,0.06375856755751555,-0.7454354077114411,-0.7522565697787238,-0.1194801565120179,1.7718190587868319,2.8591384950926937,-0.6658107416879796,-0.6520657043305127,-0.6479566715903495,0.7857142857142857,1.0357142857142858,1.2857142857142858,0.42857142857142855,2.2142857142857144,1.8571428571428572,0.5,1.0,-0.2909090909090909,0.38461538461538464
6,0,1,0,4.805270250037431,2.142857142857143,0.6535077160864102,5,4,3,2,1,0,6,5,4,3,0,1,1,1,1,1,0,0,1,1,1,0,0,0,0,0,1,1,0,0,0,0,0,0,0,0,0,0,0,0,3.8818084727661084,1.4699891964649419,0.05993214119805483,-0.7477875325622283,-0.7471585615800261,-0.12031169671378314,1.6700436205016356,2.6796624040920713,-0.649676455948233,-0.6489414081733137,1.4285714285714286,0.8214285714285714,1.0714285714285714,1.2857142857142858,0.42857142857142855,2.2142857142857144,1.8571428571428572,0.5,1.018181818181818,-0.3076923076923077
0,0,0,1,-0.7126815391525677,1.9285714285714286,-1.225951376770904,6,5,4,3,2,1,0,6,5,4,0,0,1,1,1,1,1,0,0,1,1,1,0,0,0,0,0,1,1,0,0,0,0,0,0,0,0,0,0,0,4.758276966892132,3.858810194286524,1.4606224898417608,0.057580016347267754,-0.7427333705980994,-0.7430119514547964,-0.11599781897491822,1.5641636828644498,2.6058735689397707,-0.6465780403742,2.142857142857143,1.4642857142857142,0.8571428571428571,1.0714285714285714,1.2857142857142858,0.42857142857142855,2.2142857142857144,1.8571428571428572,0.509090909090909,1.0769230769230769
1,1,0,0,2.1496152118580625,2.142857142857143,-0.03103357979077729,0,6,5,4,3,2,1,0,6,5,0,0,0,1,1,1,1,1,0,0,0,1,1,0,0,0,0,0,1,1,1,0,0,0,0,0,0,0,0,0,-0.7084371662513349,4.730885712767654,3.8400319888979704,1.4582703649909736,0.05473262530277622,-0.7386218568944701,-0.703784078516903,-0.11133503836317139,1.5203583872573418,2.5737075332348596,1.9285714285714286,2.1785714285714284,1.5,0.8571428571428571,1.0714285714285714,1.2857142857142858,0.42857142857142855,2.2142857142857144,1.8909090909090909,0.5384615384615384
2,1,0,0,5.996514448270699,1.2857142857142858,2.3779372801393093,1,0,6,5,4,3,2,1,0,6,1,0,0,0,1,1,1,1,1,0,0,0,1,1,0,0,0,0,0,1,0,1,0,0,0,0,0,0,0,0,2.127281357541236,-0.7084285284168395,4.7086716962936395,3.837679864047183,1.441680640953978,0.052519394398008325,-0.6996401308615048,-0.6627416879795397,-0.11010452961672476,1.4999507631708515,2.142857142857143,1.9642857142857142,2.2142857142857144,1.5,0.8571428571428571,1.0714285714285714,1.2857142857142858,0.42857142857142855,2.2545454545454544,2.0
3,1,0,0,2.5405240305434944,1.5714285714285714,0.3614523825264877,2,1,0,6,5,4,3,2,1,0,1,1,0,0,0,1,1,1,1,1,0,0,0,1,1,0,0,0,0,0,0,0,1,0,0,0,0,0,0,0,5.938459712827815,2.113077000277468,-0.7092126850093202,4.706319571442852,3.797745481647102,1.4284674526476313,0.04714285714285716,-0.6588542199488491,-0.6466898954703832,-0.11285081240768097,1.2857142857142858,2.1785714285714284,2.0,2.2142857142857144,1.5,0.8571428571428571,1.0714285714285714,1.2857142857142858,0.43636363636363634,2.3846153846153846
4,1,0,0,1.308315616110196,1.0714285714285714,-0.29216912298423814,3,2,1,0,6,5,4,3,2,1,1,1,1,0,0,0,1,1,1,1,0,0,0,0,1,1,0,0,0,0,0,0,0,1,0,0,0,0,0,0,2.514560341758633,5.905153227187126,2.101176650456606,-0.7115648098601073,4.657862865660518,3.7658462196087035,1.3459432933478734,0.041708439897698193,-0.642906918865107,-0.6436238306253077,1.5714285714285714,1.3214285714285714,2.2142857142857144,2.0,2.2142857142857144,1.5,0.8571428571428571,1.0714285714285714,1.309090909090909,0.46153846153846156
5,0,1,0,1.6970205120527027,2.0,-0.03148721845446274,4,3,2,1,0,6,5,4,3,2,1,1,1,1,0,0,0,1,1,1,0,0,0,0,0,1,1,0,0,0,0,0,0,0,1,0,0,0,0,0,1.2937937581583006,2.4984148911676676,5.87831282084453,2.098824525605819,-0.7068660331656419,4.619141967571065,3.55226826608506,1.2601227621483375,0.03882528621204579,-0.6398818316100443,1.0714285714285714,1.6071428571428572,1.3571428571428572,2.2142857142857144,2.0,2.2142857142857144,1.5,0.8571428571428571,1.0909090909090908,1.3846153846153846
6,0,1,0,2.224356939661626,2.0,0.20992974987558596,5,4,3,2,1,0,6,5,4,3,0,1,1,1,1,0,0,0,1,1,1,0,0,0,0,0,1,1,0,0,0,0,0,0,0,1,0,0,0,0,1.6788892844428625,1.2837669506284353,2.4849963836080415,5.875960695993743,2.0759502515371713,-0.7030389851949836,4.357720828789532,3.329892583120204,1.2244897959183674,0.034465780403742,2.0,1.1071428571428572,1.6428571428571428,1.3571428571428572,2.2142857142857144,2.0,2.2142857142857144,1.5,0.8727272727272727,1.1538461538461537
0,1,0,0,1.3289654139841294,2.357142857142857,-0.1757883654801691,6,5,4,3,2,1,0,6,5,4,0,0,1,1,1,1,0,0,0,1,1,1,0,0,0,0,0,1,1,0,0,0,0,0,0,0,1,0,0,0,2.201329061350421,1.6669323273648233,1.2751339241086916,2.482644258757255,5.8160285075461156,2.057706637707446,-0.6660523446019629,4.085493606138107,3.238626182180189,1.207287050713934,2.0,2.0357142857142856,1.1428571428571428,1.6428571428571428,1.3571428571428572,2.2142857142857144,2.0,2.2142857142857144,1.5272727272727273,0.9230769230769231
1,1,0,0,5.111495732894146,0.9285714285714286,0.641981289303915,0,6,5,4,3,2,1,0,6,5,1,0,0,1,1,1,1,0,0,0,0,1,1,0,0,0,0,0,1,1,0,0,0,0,0,0,0,1,0,0,1.314251809659428,2.1867535672328193,1.6567897023974034,1.2727817992579045,2.456004285448109,5.7681221370518205,1.9399018538713193,-0.6273452685421995,3.9739173718267797,3.199606105366814,2.357142857142857,2.0357142857142856,2.0714285714285716,1.1428571428571428,1.6428571428571428,1.3571428571428572,2.2142857142857144,2.0,2.2545454545454544,1.6153846153846154
2,1,0,0,4.741452313220543,0.42857142857142855,0.6031368388600551,1,0,6,5,4,3,2,1,0,6,1,1,0,0,1,1,1,1,0,0,0,0,1,1,0,0,0,0,0,1,0,0,0,0,0,0,0,0,1,0,5.061658953364186,1.304122463678279,2.174562945801163,1.6544375775466162,1.2580119247251722,2.43474644315694,5.442279171210469,1.817319693094629,-0.6122448979591837,3.926932545544067,0.9285714285714286,2.392857142857143,2.0714285714285716,2.0714285714285716,1.1428571428571428,1.6428571428571428,1.3571428571428572,2.2142857142857144,2.036363636363636,2.3846153846153846
3,1,0,0,2.0185776313819437,1.1428571428571428,-0.13229208184760055,2,1,0,6,5,4,3,2,1,0,1,1,1,0,0,1,1,1,1,0,0,0,0,1,1,0,0,0,0,0,0,0,0,0,0,0,0,0,0,1,4.695051619793521,5.032747108726069,1.2954092403224762,2.172210820950376,1.6359232345817032,1.246255422633248,2.295801526717557,5.102925831202047,1.7667098058735689,-0.6095519448547514,0.42857142857142855,0.9642857142857143,2.4285714285714284,2.0714285714285716,2.0714285714285716,1.1428571428571428,1.6428571428571428,1.3571428571428572,2.2545454545454544,2.1538461538461537
4,1,0,0,3.312831262164995,0.9285714285714286,0.4940651185528029,3,2,1,0,6,5,4,3,2,1,1,1,1,1,0,0,1,1,1,1,0,0,0,0,1,1,0,0,0,0,0,0,0,0,0,0,0,0,0,0,1.9974605434911594,4.667977259444239,5.009343815969752,1.2930571154716892,2.1486165455561763,1.6211694980851103,1.173947655398037,2.1511918158567775,4.964001991040319,1.7436336779911372,1.1428571428571428,0.4642857142857143,1.0,2.4285714285714284,2.0714285714285716,2.0714285714285716,1.1428571428571428,1.6428571428571428,1.3818181818181818,2.3846153846153846
5,0,1,0,3.6500074861506215,0.8571428571428571,0.37370407879503353,4,3,2,1,0,6,5,4,3,2,1,1,1,1,1,0,0,1,1,1,0,0,0,0,0,1,1,0,0,0,0,0,0,0,0,0,0,0,0,0,3.2796962145484754,1.9839068652627978,4.646011090268671,5.006991691118964,1.2780883174958078,2.129796611540172,1.5278407851690297,1.098772378516624,2.091607765057242,4.906292466765141,0.9285714285714286,1.1785714285714286,0.5,1.0,2.4285714285714284,2.0714285714285716,2.0714285714285716,1.1428571428571428,1.6727272727272726,1.4615384615384615
6,0,1,0,1.88603084294056,1.8571428571428572,-0.16378040505375566,5,4,3,2,1,0,6,5,4,3,0,1,1,1,1,1,0,0,1,1,1,0,0,0,0,0,1,1,0,0,0,0,0,0,0,0,0,0,0,0,3.61374154503382,3.259715802088684,1.9725154211185532,4.643658965417885,4.9555850568287685,1.266172588480623,2.0079498364231188,1.430762148337596,1.067476356396217,2.065012309207287,0.8571428571428571,0.9642857142857143,1.2142857142857142,0.5,1.0,2.4285714285714284,2.0714285714285716,2.0714285714285716,1.1636363636363636,1.7692307692307692
0,1,0,0,1.557550531516694,1.0714285714285714,-0.3889085001494004,6,5,4,3,2,1,0,6,5,4,0,0,1,1,1,1,1,0,0,1,1,1,0,0,0,0,0,1,1,0,0,0,0,0,0,0,0,0,0,0,1.8661445354218582,3.5920868533375843,3.2432979142532887,1.970163296267766,4.595817029998137,4.914502908437646,1.1927480916030535,1.881156010230179,1.3905425584868096,1.0519743968488429,1.8571428571428572,0.8928571428571429,1.0,1.2142857142857142,0.5,1.0,2.4285714285714284,2.0714285714285716,2.109090909090909,1.2307692307692308
1,1,0,0,4.545686480011978,1.5714285714285714,0.4711301972309744,0,6,5,4,3,2,1,0,6,5,1,0,0,1,1,1,1,1,0,0,0,1,1,0,0,0,0,0,1,1,0,0,0,0,0,0,0,0,0,0,1.5407143704758512,1.8532490303384517,3.57435948700157,3.2409457894025016,1.9485513322153905,4.557588220683122,4.636521264994548,1.1164092071611253,1.8288302638128422,1.371541112752339,1.0714285714285714,1.8928571428571428,0.9285714285714286,1.0,1.2142857142857142,0.5,1.0,2.4285714285714284,2.109090909090909,2.230769230769231
2,1,0,0,2.883952687528073,0.42857142857142855,0.08109070753649521,1,0,6,5,4,3,2,1,0,6,1,1,0,0,1,1,1,1,1,0,0,0,1,1,0,0,0,0,0,1,0,0,0,0,0,0,0,0,0,0,4.501103595585617,1.529449964283395,1.8423723531245035,3.572007362150783,3.206866033165642,1.9313181258917382,4.299618320610688,4.347038363171355,1.08463912394226,1.8050812407680945,1.5714285714285714,1.1071428571428572,1.9285714285714286,0.9285714285714286,1.0,1.2142857142857142,0.5,1.0,2.4727272727272727,2.230769230769231
3,1,0,0,4.944356939661626,-0.2857142857142857,0.24939948977733556,2,1,0,6,5,4,3,2,1,0,1,1,1,0,0,1,1,1,1,1,0,0,0,1,1,0,0,0,0,0,0,0,0,0,0,0,0,0,0,0,2.8548000474664765,4.475001328303491,1.5198489935845794,1.8400202282737166,3.5346795230109933,3.17965306700093,1.8205997818974922,4.030987212276215,4.228432055749129,1.0689512555391432,0.42857142857142855,1.6071428571428572,1.1428571428571428,1.9285714285714286,0.9285714285714286,1.0,1.2142857142857142,0.5,1.018181818181818,2.6153846153846154
4,1,0,0,5.474903428656984,0.5,0.9030621472886028,3,2,1,0,6,5,4,3,2,1,1,1,1,1,0,0,1,1,1,1,0,0,0,0,1,1,0,0,0,0,0,0,0,0,0,0,0,0,0,0,4.896072149044737,2.836949270613794,4.453795447462351,1.5174968687337922,1.8196851127259175,3.50486665087773,2.998942202835333,1.7054015345268545,3.92087605774017,4.178690300344658,-0.2857142857142857,0.4642857142857143,1.6428571428571428,1.1428571428571428,1.9285714285714286,0.9285714285714286,1.0,1.2142857142857142,0.509090909090909,1.0769230769230769
5,0,1,0,4.1641682886659686,1.0714285714285714,0.7987920921183389,4,3,2,1,0,6,5,4,3,2,1,1,1,1,1,0,0,1,1,1,0,0,0,0,0,1,1,0,0,0,0,0,0,0,0,0,0,0,0,0,5.4216921798979465,4.867990247300592,2.8221970022168774,4.4514433226115635,1.5003260667039313,1.8034739511428686,3.305921483097056,2.810813299232737,1.6577999004479842,3.8744657804037423,0.5,-0.25,0.5,1.6428571428571428,1.1428571428571428,1.9285714285714286,0.9285714285714286,1.0,1.2363636363636363,0.5384615384615384
6,0,1,0,3.6960023955681987,1.5714285714285714,0.7622673440405637,5,4,3,2,1,0,6,5,4,3,0,1,1,1,1,1,0,0,1,1,1,0,0,0,0,0,1,1,0,0,0,0,0,0,0,0,0,0,0,0,4.12312804082117,5.390975801262184,4.8452360651303366,2.8198448773660902,4.405487236817589,1.486647758452376,1.6999236641221374,3.0987928388746804,2.7334992533598808,1.6359034958148697,1.0714285714285714,0.5357142857142857,-0.21428571428571427,0.5,1.6428571428571428,1.1428571428571428,1.9285714285714286,0.9285714285714286,1.018181818181818,1.3076923076923077
0,0,0,1,5.948123970654289,1.3571428571428572,1.2928967055441445,6,5,4,3,2,1,0,6,5,4,0,0,1,1,1,1,1,0,0,1,1,1,0,0,0,0,0,1,1,0,0,0,0,0,0,0,0,0,0,0,3.6593093627625484,4.0989202368512725,5.366161155834151,4.84288394027955,2.7898965902738957,4.368767943067405,1.4008615049073063,1.5921943734015345,3.0137381781981087,2.699950763170852,1.5714285714285714,1.1071428571428572,0.5714285714285714,-0.21428571428571427,0.5,1.6428571428571428,1.1428571428571428,1.9285714285714286,0.9454545454545454,1.0769230769230769
1,1,0,0,3.571768228776763,0.14285714285714285,0.49710387617666846,0,6,5,4,3,2,1,0,6,5,0,0,0,1,1,1,1,1,0,0,0,1,1,0,0,0,0,0,1,1,1,0,0,0,0,0,0,0,0,0,5.890518571259047,3.6374262791562617,4.079196043726001,5.363809030983364,4.793087385876653,2.7659906306139774,4.121384950926935,1.3116419437340152,1.5476356396217021,2.977154111275234,1.3571428571428572,1.6071428571428572,1.1428571428571428,0.5714285714285714,-0.21428571428571427,0.5,1.6428571428571428,1.1428571428571428,1.9636363636363636,1.0
2,1,0,0,3.7070938763287917,0.0,0.5453714442746848,1,0,6,5,4,3,2,1,0,6,1,0,0,0,1,1,1,1,1,0,0,0,1,1,0,0,0,0,0,1,0,1,0,0,0,0,0,0,0,0,3.5362287884181796,5.857452372940392,3.6195202841366814,4.076843918875214,5.308901621017328,4.753294015030297,2.608473282442748,3.863785166240409,1.2746241911398706,1.5269325455440668,0.14285714285714285,1.3928571428571428,1.6428571428571428,1.1428571428571428,0.5714285714285714,-0.21428571428571427,0.5,1.6428571428571428,1.1636363636363636,2.076923076923077
3,1,0,0,4.800718670459649,0.07142857142857142,0.7877180611538752,2,1,0,6,5,4,3,2,1,0,1,1,0,0,0,1,1,1,1,1,0,0,0,1,1,0,0,0,0,0,0,0,1,0,0,0,0,0,0,0,3.6702978521419247,3.5149626008772707,5.830799898858631,3.6171681592858946,4.034563070616732,5.265017300438431,4.4843511450381675,2.4445115089514062,3.758168242906919,1.2568783850320038,0.0,0.17857142857142858,1.4285714285714286,1.6428571428571428,1.1428571428571428,0.5714285714285714,-0.21428571428571427,0.5,1.6727272727272726,1.2307692307692308
4,1,0,0,3.7565384039526872,0.0,0.40760007022077943,3,2,1,0,6,5,4,3,2,1,1,1,1,0,0,0,1,1,1,1,0,0,0,0,1,1,0,0,0,0,0,0,0,1,0,0,0,0,0,0,4.75376765159606,3.6483596927781616,3.4975390893748637,5.828447774007843,3.5793972424073037,4.00078559586869,4.967382769901854,4.204286445012788,2.3770433051269286,3.7135204332840965,0.07142857142857142,0.03571428571428571,0.21428571428571427,1.4285714285714286,1.6428571428571428,1.1428571428571428,0.5714285714285714,-0.21428571428571427,0.509090909090909,1.7692307692307692
5,0,1,0,2.6137805060637818,0.7857142857142857,0.23830750659787056,4,3,2,1,0,6,5,4,3,2,1,1,1,1,0,0,0,1,1,1,0,0,0,0,0,1,1,0,0,0,0,0,0,0,1,0,0,0,0,0,3.719283256200308,4.726398998754346,3.630410622195826,3.4951869645240765,5.7689817402645795,3.5492297116978686,3.774034896401309,4.65742199488491,4.089517172722748,2.3473559822747414,0.0,0.10714285714285714,0.07142857142857142,0.21428571428571427,1.4285714285714286,1.6428571428571428,1.1428571428571428,0.5714285714285714,-0.21818181818181817,0.5384615384615384
6,0,1,0,-0.4668483305884114,-2.0714285714285716,-1.1396873932468945,5,4,3,2,1,0,6,5,4,3,0,1,1,1,1,0,0,0,1,1,1,0,0,0,0,0,1,1,0,0,0,0,0,0,0,1,0,0,0,0,2.587136584786994,3.69709957553324,4.7042026590771435,3.6280584973450387,3.45861281907956,5.721448500147298,3.3477971646673934,3.5379335038363173,4.530472872075659,4.041280157557853,0.7857142857142857,0.03571428571428571,0.14285714285714285,0.07142857142857142,0.21428571428571427,1.4285714285714286,1.6428571428571428,1.1428571428571428,0.5818181818181818,-0.23076923076923078
0,0,0,1,3.5020811498727356,-0.2857142857142857,-0.07756737820155746,6,5,4,3,2,1,0,6,5,4,0,0,1,1,1,1,0,0,0,1,1,1,0,0,0,0,0,1,1,0,0,0,0,0,0,0,1,0,0,0,-0.46488667378663817,2.570627372497624,3.678958479116071,4.701850534226357,3.5901807341158936,3.4294032359618063,5.3982224645583425,3.1380767263427107,3.441075161772026,4.4774593796159525,-2.0714285714285716,0.8214285714285714,0.07142857142857142,0.14285714285714285,0.07142857142857142,0.21428571428571427,1.4285714285714286,1.6428571428571428,1.1636363636363636,0.6153846153846154
1,1,0,0,4.279562808803712,0.35714285714285715,0.5732313486411641,0,6,5,4,3,2,1,0,6,5,0,0,0,1,1,1,1,0,0,0,0,1,1,0,0,0,0,0,1,1,1,0,0,0,0,0,0,1,0,0,3.467188797911475,-0.4660987431297192,2.5569243615451103,3.676606354265284,4.6534376746785915,3.5599276789685588,3.234689203925845,5.061595907928388,3.0519661523145842,3.3998621368783852,-0.2857142857142857,-2.0357142857142856,0.8571428571428571,0.07142857142857142,0.14285714285714285,0.07142857142857142,0.21428571428571427,1.4285714285714286,1.6727272727272726,1.2307692307692308
2,1,0,0,4.251199281329541,0.8571428571428571,0.7383185368530492,1,0,6,5,4,3,2,1,0,6,1,0,0,0,1,1,1,1,0,0,0,0,1,1,0,0,0,0,0,1,0,1,0,0,0,0,0,0,1,0,4.237451050195799,3.4462686479051183,-0.46783763282155005,2.5545722366943235,3.6382522824669272,4.614751873010738,3.3578953107960743,3.0319693094629154,4.923782976605276,3.0149679960610536,0.35714285714285715,-0.25,-2.0,0.8571428571428571,0.07142857142857142,0.14285714285714285,0.07142857142857142,0.21428571428571427,1.4545454545454546,1.7692307692307692
3,1,0,0,6.460104806108699,0.42857142857142855,1.2672623234619742,2,1,0,6,5,4,3,2,1,0,1,1,0,0,0,1,1,1,1,0,0,0,0,1,1,0,0,0,0,0,0,0,1,0,0,0,0,0,0,1,4.20935089592975,4.212670244230735,3.429115777465468,-0.47018975767233717,2.5272265697782745,3.607617969350208,4.353576881134133,3.147549872122762,2.9487108013937284,4.866509108813392,0.8571428571428571,0.39285714285714285,-0.21428571428571427,-2.0,0.8571428571428571,0.07142857142857142,0.14285714285714285,0.07142857142857142,0.21818181818181817,1.5384615384615385
4,1,0,0,10.174553076807905,1.0714285714285714,2.9855833011257937,3,2,1,0,6,5,4,3,2,1,1,1,1,0,0,0,1,1,1,1,0,0,0,0,1,1,0,0,0,0,0,0,0,1,0,0,0,0,0,0,6.397745342351964,4.1847109316425515,4.192497897788414,3.4267636526146807,-0.4678591391839016,2.5054038598173487,3.402911668484187,4.081606138107417,3.061184668989547,2.9128311176760215,0.42857142857142855,0.8928571428571429,0.42857142857142855,-0.21428571428571427,-2.0,0.8571428571428571,0.07142857142857142,0.14285714285714285,0.07272727272727272,0.23076923076923078
5,0,1,0,4.083365773319359,1.3571428571428572,0.4398027534900228,4,3,2,1,0,6,5,4,3,2,1,1,1,1,0,0,0,1,1,1,0,0,0,0,0,1,1,0,0,0,0,0,0,0,1,0,0,0,0,0,10.077702622522843,6.362136856584549,4.164648739555096,4.190145772937627,3.390860816098379,-0.4659276674156783,2.3624972737186476,3.189780051150895,3.9701343952215034,3.0240866568193008,1.0714285714285714,0.4642857142857143,0.9285714285714286,0.42857142857142855,-0.21428571428571427,-2.0,0.8571428571428571,0.07142857142857142,0.14545454545454545,0.07692307692307693
6,0,1,0,1.3820032939062734,1.9285714285714286,-0.632565352535759,5,4,3,2,1,0,6,5,4,3,0,1,1,1,1,0,0,0,1,1,1,0,0,0,0,0,1,1,0,0,0,0,0,0,0,1,0,0,0,0,4.043075827696689,10.023649705706982,6.333496021968846,4.162296614704308,4.146753307247996,3.3621885776671268,-0.44223555070883314,2.2137595907928387,3.1022797411647582,3.9231905465288035,1.3571428571428572,1.1071428571428572,0.5,0.9285714285714286,0.42857142857142855,-0.21428571428571427,-2.0,0.8571428571428571,0.07272727272727272,0.15384615384615385
0,1,0,0,2.9784338972900133,1.3571428571428572,0.11320432020054005,6,5,4,3,2,1,0,6,5,4,0,0,1,1,1,1,0,0,0,1,1,1,0,0,0,0,0,1,1,0,0,0,0,0,0,0,1,0,0,0,1.3667971994778687,4.019269255972938,9.98058320935675,6.331143897118059,4.1191773802869385,4.112086045853382,3.1712431842966198,-0.41738107416879794,2.152493777999004,3.064736582964057,1.9285714285714286,1.3928571428571428,1.1428571428571428,0.5,0.9285714285714286,0.42857142857142855,-0.21428571428571427,-2.0,0.8727272727272727,0.07692307692307693
1,1,0,0,2.5009731995807756,0.0,0.06255725505108872,0,6,5,4,3,2,1,0,6,5,1,0,0,1,1,1,1,0,0,0,0,1,1,0,0,0,0,0,1,1,0,0,0,0,0,0,0,1,0,0,2.9484039397175743,1.3564044890754419,3.9998588725089523,9.978231084505962,6.266745854294764,4.084728825014297,3.8790948745910576,2.972450127877238,-0.40792434046789444,2.1252387986213686,1.3571428571428572,1.9642857142857142,1.4285714285714286,1.1428571428571428,0.5,0.9285714285714286,0.42857142857142855,-0.21428571428571427,-2.036363636363636,0.9230769230769231
2,1,0,0,4.649749962569247,-0.07142857142857142,2.001114073034789,1,0,6,5,4,3,2,1,0,6,1,1,0,0,1,1,1,1,0,0,0,0,1,1,0,0,0,0,0,1,0,0,0,0,0,0,0,0,1,0,2.4753767651596057,2.9300840078163284,1.347485284518902,3.997506747658165,9.878051052729644,6.215264820901472,3.853271537622683,3.63649104859335,2.8907914385266302,-0.40744460856720827,0.0,1.3928571428571428,2.0,1.4285714285714286,1.1428571428571428,0.5,0.9285714285714286,0.42857142857142855,-0.21818181818181817,-2.1538461538461537
3,1,0,0,2.3693606827369367,0.14285714285714285,0.2782945464795793,2,1,0,6,5,4,3,2,1,0,1,1,1,0,0,1,1,1,1,0,0,0,0,1,1,0,0,0,0,0,0,0,0,0,0,0,0,0,0,1,4.604200783196867,2.4594277078204607,2.91496480633192,1.345133159668115,3.956004285448109,9.79792856854035,5.864351145038168,3.612265984654732,3.5369835739173716,2.855539143279173,-0.07142857142857142,0.03571428571428571,1.4285714285714286,2.0,1.4285714285714286,1.1428571428571428,0.5,0.9285714285714286,0.43636363636363634,-0.23076923076923078
4,1,0,0,2.415187902380596,0.7142857142857143,0.22062581766729264,3,2,1,0,6,5,4,3,2,1,1,1,1,1,0,0,1,1,1,1,0,0,0,0,1,1,0,0,0,0,0,0,0,0,0,0,0,0,0,0,2.3449863533879194,4.577581779218249,2.446162802321547,2.9126126814811326,1.3296534376746785,3.922849864542477,9.246139585605233,5.498874680306905,3.5134096565455453,3.494731659281142,0.14285714285714285,-0.03571428571428571,0.07142857142857142,1.4285714285714286,2.0,1.4285714285714286,1.1428571428571428,0.5,0.9454545454545454,0.46153846153846156
5,0,1,0,0.9519029794879473,0.8571428571428571,-0.7038208700368382,4,3,2,1,0,6,5,4,3,2,1,1,1,1,1,0,0,1,1,1,0,0,0,0,0,1,1,0,0,0,0,0,0,0,0,0,0,0,0,0,2.3903880384478464,2.3296908299830568,4.555971750980541,2.44381067747076,2.881754238867151,1.3173287429888456,3.7004689203925842,8.671355498721228,5.349308113489299,3.4714130969965535,0.7142857142857143,0.17857142857142858,0.0,0.07142857142857142,1.4285714285714286,2.0,1.4285714285714286,1.1428571428571428,0.509090909090909,1.0
6,0,1,0,4.007593951190298,1.5714285714285714,0.21341648431071347,5,4,3,2,1,0,6,5,4,3,0,1,1,1,1,1,0,0,1,1,1,0,0,0,0,0,1,1,0,0,0,0,0,0,0,0,0,0,0,0,0.940690637237451,2.3748649558117707,2.3169370630193047,4.553619626129755,2.417551704863052,2.857119751382013,1.2410359869138494,3.4689207161125317,8.436515679442508,5.287424913835549,0.8571428571428571,0.75,0.21428571428571427,0.0,0.07142857142857142,1.4285714285714286,2.0,1.4285714285714286,1.1636363636363636,0.5384615384615384
0,1,0,0,4.684940859410092,0.9285714285714286,0.5701091822645235,6,5,4,3,2,1,0,6,5,4,0,0,1,1,1,1,1,0,0,1,1,1,0,0,0,0,0,1,1,0,0,0,0,0,0,0,0,0,0,0,3.9680075946362883,0.932433629102244,2.3619332114148617,2.3145849381685175,4.506661076951742,2.3965988320037894,2.694492911668484,1.1617084398976982,3.373917371826779,8.341191531265386,1.5714285714285714,0.8928571428571429,0.7857142857142857,0.21428571428571427,0.0,0.07142857142857142,1.4285714285714286,2.0,1.4545454545454546,1.2307692307692308
1,1,0,0,2.6305973948195835,0.21428571428571427,-0.32681786459438267,0,6,5,4,3,2,1,0,6,5,1,0,0,1,1,1,1,1,0,0,0,1,1,0,0,0,0,0,1,1,0,0,0,0,0,0,0,0,0,0,4.639064910407025,3.9445772747935233,0.92518478880859,2.359581086564075,2.289593814048817,4.46913936817297,2.25979280261723,2.5252071611253197,1.128720756595321,3.3334318069916296,0.9285714285714286,1.6071428571428572,0.9285714285714286,0.7857142857142857,0.21428571428571427,0.0,0.07142857142857142,1.4285714285714286,2.036363636363636,1.5384615384615385
2,1,0,0,2.127911363976643,0.5,0.23258737852262593,1,0,6,5,4,3,2,1,0,6,1,1,0,0,1,1,1,1,1,0,0,0,1,1,0,0,0,0,0,1,0,0,0,0,0,0,0,0,0,0,2.6037973181440606,4.612271162826394,3.9254611634785572,0.9228326639578028,2.334148500093162,2.269655781927829,4.216128680479826,2.1174117647058823,2.4555699352911895,1.1125553914327917,0.21428571428571427,0.9642857142857143,1.6428571428571428,0.9285714285714286,0.7857142857142857,0.21428571428571427,0.0,0.07142857142857142,1.4545454545454546,2.1538461538461537
3,1,0,0,3.872843240005989,0.07142857142857142,0.7738731748509492,2,1,0,6,5,4,3,2,1,0,1,1,1,0,0,1,1,1,1,1,0,0,0,1,1,0,0,0,0,0,0,0,0,0,0,0,0,0,0,0,2.105779043550492,2.5872046000625777,4.590524465038604,3.92310903862777,0.9114961803614683,2.3138571024220616,2.139967284623773,3.952664961636829,2.0587356893977105,2.4250320039389464,0.5,0.25,1.0,1.6428571428571428,0.9285714285714286,0.7857142857142857,0.21428571428571427,0.0,0.07272727272727272,1.5384615384615385
4,1,0,0,4.116256924689325,0.07142857142857142,0.6339098353453911,3,2,1,0,6,5,4,3,2,1,1,1,1,1,0,0,1,1,1,1,0,0,0,0,1,1,0,0,0,0,0,0,0,0,0,0,0,0,0,0,3.8345081286341522,2.0916824587192795,2.5734362779976356,4.588172340187817,3.8823365008384574,0.9024879127988586,2.1816902944383862,2.0050025575447568,3.8446590343454456,2.032496307237814,0.07142857142857142,0.5357142857142857,0.2857142857142857,1.0,1.6428571428571428,0.9285714285714286,0.7857142857142857,0.21428571428571427,0.0,0.07692307692307693
5,0,1,0,4.283108249737984,-0.21428571428571427,0.8953262616566408,4,3,2,1,0,6,5,4,3,2,1,1,1,1,1,0,0,1,1,1,0,0,0,0,0,1,1,0,0,0,0,0,0,0,0,0,0,0,0,0,4.07566156402041,3.8117469257153656,2.079866399308475,2.5710841531468485,4.540874790385691,3.8497663429934668,0.849454743729553,2.044143222506394,1.9493479342956694,3.799074347612014,0.07142857142857142,0.10714285714285714,0.5714285714285714,0.2857142857142857,1.0,1.6428571428571428,0.9285714285714286,0.7857142857142857,0.21818181818181817,0.0
6,0,1,0,5.500224584518641,0.14285714285714285,1.2497376473656765,5,4,3,2,1,0,6,5,4,3,0,1,1,1,1,1,0,0,1,1,1,0,0,0,0,0,1,1,0,0,0,0,0,0,0,0,0,0,0,0,4.240963569479055,4.051691668290149,3.793154140621784,2.077514274457688,2.5435764859325505,4.503081730852545,3.6314830970556162,0.7943631713554987,1.9874365355898458,1.9242934515017232,-0.21428571428571427,0.10714285714285714,0.14285714285714285,0.5714285714285714,0.2857142857142857,1.0,1.6428571428571428,0.9285714285714286,0.8,0.23076923076923078
0,1,0,0,2.9516035334630932,0.8571428571428571,0.17549422534207168,6,5,4,3,2,1,0,6,5,4,0,0,1,1,1,1,1,0,0,1,1,1,0,0,0,0,0,1,1,0,0,0,0,0,0,0,0,0,0,0,5.446778212887148,4.216165158304258,4.032153546710259,3.790802015770997,2.054849077697037,2.521624103929712,4.248167938931298,3.404204603580563,0.7712493777999004,1.9619694731659283,0.14285714285714285,-0.17857142857142858,0.14285714285714285,0.14285714285714285,0.5714285714285714,0.2857142857142857,1.0,1.6428571428571428,0.9454545454545454,0.8461538461538461
1,1,0,0,1.937200179667615,-0.2857142857142857,-0.10569725626286323,0,6,5,4,3,2,1,0,6,5,1,0,0,1,1,1,1,1,0,0,0,1,1,0,0,0,0,0,1,1,0,0,0,0,0,0,0,0,0,0,2.9218227127091487,5.415936099746737,4.195979042567579,4.029801421859472,3.751327557294578,2.036772818382943,2.3778080697928026,3.9827212276214836,3.3109407665505226,0.7589561792220582,0.8571428571428571,0.17857142857142858,-0.14285714285714285,0.14285714285714285,0.14285714285714285,0.5714285714285714,0.2857142857142857,1.0,1.6727272727272726,1.0
2,1,0,0,2.797161251684384,-2.0,-0.4104725627149411,1,0,6,5,4,3,2,1,0,6,1,1,0,0,1,1,1,1,1,0,0,0,1,1,0,0,0,0,0,1,0,0,0,0,0,0,0,0,0,0,1.9168387326450695,2.903636009422099,5.391023115506971,4.1936269177167915,3.9879821129122415,3.719796438246966,1.9201417666303162,2.2281227621483373,3.873907416625187,3.2711373707533236,-0.2857142857142857,0.8928571428571429,0.21428571428571427,-0.14285714285714285,0.14285714285714285,0.14285714285714285,0.5714285714285714,0.2857142857142857,1.018181818181818,1.7692307692307692
3,1,0,0,0.17640964216200028,-0.42857142857142855,0.0016706607468086917,2,1,0,6,5,4,3,2,1,0,1,1,1,0,0,1,1,1,1,1,0,0,0,1,1,0,0,0,0,0,0,0,0,0,0,0,0,0,0,0,2.768814524741901,1.903689141561731,2.8886210080031045,5.388670990656184,4.150200298118129,3.954574074181045,3.5088004362050165,1.7987826086956522,2.1664708810353406,3.828005908419498,-2.0,-0.25,0.9285714285714286,0.21428571428571427,-0.14285714285714285,0.14285714285714285,0.14285714285714285,0.5714285714285714,0.2909090909090909,1.0769230769230769
4,1,0,0,2.039275340619853,-0.7142857142857143,2.391269561656969,3,2,1,0,6,5,4,3,2,1,1,1,1,1,0,0,1,1,1,1,0,0,0,0,1,1,0,0,0,0,0,0,0,0,0,0,0,0,0,0,0.17239824374035834,2.751394718665321,1.892613739937316,2.8862688831523173,5.333519657164151,4.115505698458268,3.73041439476554,3.2891150895140666,1.7486709805873568,2.139064500246184,-0.42857142857142855,-1.9642857142857142,-0.21428571428571427,0.9285714285714286,0.21428571428571427,-0.14285714285714285,0.14285714285714285,0.14285714285714285,0.5818181818181818,0.3076923076923077
5,0,1,0,0.01806258421919454,0.14285714285714285,-0.31682856169787904,4,3,2,1,0,6,5,4,3,2,1,1,1,1,1,0,0,1,1,1,0,0,0,0,0,1,1,0,0,0,0,0,0,0,0,0,0,0,0,0,2.0179660614690875,0.16799201837191316,2.736979518872862,1.8902616150865288,2.8556689025526363,5.289440089650352,3.882322791712104,3.497012787723785,3.1989447486311597,1.7257902511078287,-0.7142857142857143,-0.39285714285714285,-1.9285714285714286,-0.21428571428571427,0.9285714285714286,0.21428571428571427,-0.14285714285714285,0.14285714285714285,0.14545454545454545,0.6153846153846154
6,0,0,1,1.2432519838299148,-0.07142857142857142,1.8302805188949651,5,4,3,2,1,0,6,5,4,3,0,1,1,1,1,1,0,0,1,1,1,0,0,0,0,0,1,1,0,0,0,0,0,0,0,0,0,0,0,0,0.015521537913848393,2.0043096068812027,0.16375493211179648,2.7346273940220747,1.8694335755543134,2.831241299236932,4.9904362050163575,3.6395191815856776,3.4012543554006966,3.160354505169867,0.14285714285714285,-0.6785714285714286,-0.35714285714285715,-1.9285714285714286,-0.21428571428571427,0.9285714285714286,0.21428571428571427,-0.14285714285714285,0.14545454545454545,0.15384615384615385
0,1,0,0,0.6615361581075011,-0.21428571428571427,0.9737832411584909,6,5,4,3,2,1,0,6,5,4,0,0,1,1,1,1,1,0,0,1,0,1,0,0,0,0,0,1,1,0,1,0,0,0,0,0,0,0,0,0,1.2293342826628693,0.01190159927740295,1.992837779829353,0.16140280726100942,2.705515185392212,1.8528278563052734,2.6700654307524534,4.679048593350384,3.53993031358885,3.3604726735598227,-0.07142857142857142,0.17857142857142858,-0.6428571428571429,-0.35714285714285715,-1.9285714285714286,-0.21428571428571427,0.9285714285714286,0.21428571428571427,-0.14545454545454545,0.15384615384615385
1,1,0,0,0.6000658781254679,-0.8571428571428571,1.1383757768001108,0,6,5,4,3,2,1,0,6,5,1,0,0,1,1,1,1,1,0,0,0,0,1,0,0,0,0,0,1,1,0,1,0,0,0,0,0,0,0,0,0.6530200545864482,1.2196305545224309,0.008279479474770611,1.990485654978566,0.1575367989565865,2.6822784590768096,1.7465103598691387,2.5022915601023015,4.551518168242907,3.4976464795667157,-0.21428571428571427,-0.03571428571428571,0.21428571428571427,-0.6428571428571429,-0.35714285714285715,-1.9285714285714286,-0.21428571428571427,0.9285714285714286,0.21818181818181817,-0.15384615384615385
2,1,0,0,0.24770175175924533,-0.7142857142857143,0.5155118012510277,1,0,6,5,4,3,2,1,0,6,1,1,0,0,1,1,1,1,1,0,0,0,0,1,0,0,0,0,0,1,0,0,1,0,0,0,0,0,0,0,0.5921205648510739,0.6462048893375603,1.2112502131613145,0.005927354623983532,1.9686743059437302,0.1545082227626403,2.529454743729553,1.6358976982097189,2.433270283723245,4.4982767109798125,-0.8571428571428571,-0.17857142857142858,0.0,0.21428571428571427,-0.6428571428571429,-0.35714285714285715,-1.9285714285714286,-0.21428571428571427,0.9454545454545454,0.23076923076923078
3,1,0,0,-0.2512232370115287,-0.8571428571428571,-0.2291442817793476,2,1,0,6,5,4,3,2,1,0,1,1,1,0,0,1,1,1,1,1,0,0,0,0,1,0,0,0,0,0,0,0,0,1,0,0,0,0,0,0,0.24302836121988838,0.58561063587364,0.6400837356446879,1.2088980883105276,0.0035867337432458086,1.9512815032608004,0.1434133042529989,2.370383631713555,1.5901642608262818,2.402973904480551,-0.7142857142857143,-0.8214285714285714,-0.14285714285714285,0.0,0.21428571428571427,-0.6428571428571429,-0.35714285714285715,-1.9285714285714286,-0.21818181818181817,1.0
4,1,0,0,-0.02917802066177573,-0.6428571428571429,0.1936440528022976,3,2,1,0,6,5,4,3,2,1,1,1,1,1,0,0,1,1,1,1,0,0,0,0,0,1,0,0,0,0,0,0,0,0,1,0,0,0,0,0,-0.2512637949448202,0.2382681283908636,0.5797282119734916,0.6377316107939008,1.1947549841624743,0.001779143584974413,1.8394438386041438,0.13202046035805623,2.3049079143852667,1.5690004923682916,-0.8571428571428571,-0.6785714285714286,-0.7857142857142857,-0.14285714285714285,0.0,0.21428571428571427,-0.6428571428571429,-0.35714285714285715,-1.9636363636363636,-0.23076923076923078
5,0,1,0,0.12188650995658032,0.42857142857142855,0.3082451934238965,4,3,2,1,0,6,5,4,3,2,1,1,1,1,1,0,0,1,1,1,0,0,0,0,0,0,1,0,0,0,0,0,0,0,0,1,0,0,0,0,-0.0312804082117005,-0.25354657032038685,0.23375416767121995,0.5773760871227045,0.6291922861934041,1.1835001761814266,-0.0007524536532169475,1.723079283887468,0.12670980587356892,2.276001969473166,-0.6428571428571429,-0.8214285714285714,-0.6428571428571429,-0.7857142857142857,-0.14285714285714285,0.0,0.21428571428571427,-0.6428571428571429,-0.36363636363636365,-2.076923076923077
6,0,1,0,0.33099565803263964,-0.5714285714285714,0.6271661548271521,5,4,3,2,1,0,6,5,4,3,0,1,1,1,1,1,0,0,1,1,1,0,0,0,0,0,0,1,0,0,0,0,0,0,0,0,1,0,0,0,0.11838139314109408,-0.034665769323864025,-0.25612287500220504,0.2314020428204329,0.569428917458543,0.6224229856108874,1.1147110141766632,-0.0032225063938618693,1.6750024888003983,0.12139832594780893,0.42857142857142855,-0.6071428571428571,-0.7857142857142857,-0.6428571428571429,-0.7857142857142857,-0.14285714285714285,0.0,0.21428571428571427,-0.6545454545454545,-0.38461538461538464
0,1,0,0,0.5187842491390926,-0.7142857142857143,1.2158045086642741,6,5,4,3,2,1,0,6,5,4,0,0,1,1,1,1,1,0,0,1,1,1,0,0,0,0,0,0,1,0,0,0,0,0,0,0,0,1,0,0,0.3255488311380088,0.11424590734935562,-0.03810442258275066,-0.25847499985299216,0.22684926402086822,0.5631336032856392,0.5850926935659759,1.0432020460358056,-0.004897959183673428,1.6529197439684884,-0.5714285714285714,0.4642857142857143,-0.5714285714285714,-0.7857142857142857,-0.6428571428571429,-0.7857142857142857,-0.14285714285714285,0.0,0.21818181818181817,-0.6923076923076923
1,1,0,0,0.9606228477316964,-1.0714285714285714,1.8119398455798799,0,6,5,4,3,2,1,0,6,5,1,0,0,1,1,1,1,1,0,0,0,1,1,0,0,0,0,0,0,1,0,0,0,0,0,0,0,0,1,0,0.5115936869585853,0.32037499483437537,0.11022057050788259,-0.04045654743353774,-0.2582215390348426,0.22327096703385568,0.5291275899672847,0.5463631713554986,1.0133997013439522,-0.008783850320039348,-0.7142857142857143,-0.5357142857142857,0.5,-0.5714285714285714,-0.7857142857142857,-0.6428571428571429,-0.7857142857142857,-0.14285714285714285,0.0,0.23076923076923078
2,1,0,0,0.3665219344213206,-1.1428571428571428,0.81189348053229,1,0,6,5,4,3,2,1,0,6,1,1,0,0,1,1,1,1,1,0,0,0,1,1,0,0,0,0,0,0,0,0,0,0,0,0,0,0,0,1,0.9493295360151892,0.5054873693096953,0.3155375487330868,0.1078684456570955,-0.04234209055338179,-0.2579527140604331,0.20832061068702287,0.4938618925831202,0.5299153807864608,0.9984835056622354,-1.0714285714285714,-0.6785714285714286,-0.5,0.5,-0.5714285714285714,-0.7857142857142857,-0.6428571428571429,-0.7857142857142857,-0.14545454545454545,0.0
3,1,0,0,-0.32819284324000597,-0.5714285714285714,-0.5279348721258547,2,1,0,6,5,4,3,2,1,0,1,1,1,0,0,1,1,1,1,1,0,0,0,1,1,0,0,0,0,0,0,0,0,0,0,0,0,0,0,0,0.3607452236857719,0.9410292285803683,0.4999206157862858,0.31318542388229975,0.10452766908887645,-0.043785416799043395,-0.2459214830970556,0.19291048593350377,0.4788252862120458,0.5202363367799113,-1.1428571428571428,-1.0357142857142858,-0.6428571428571429,-0.5,0.5,-0.5714285714285714,-0.7857142857142857,-0.6428571428571429,-0.8,-0.15384615384615385
4,1,0,0,-0.18445875131007636,-1.0,-0.22935294175524676,3,2,1,0,6,5,4,3,2,1,1,1,1,1,0,0,1,1,1,1,0,0,0,0,1,1,0,0,0,0,0,0,0,0,0,0,0,0,0,0,-0.3275186899252403,0.35539497842244777,0.9337465232654549,0.4975684909354987,0.30783025899012484,0.10191951108210057,-0.04376226826608506,-0.23321739130434785,0.18596316575410649,0.469699655342196,-0.5714285714285714,-1.1071428571428572,-1.0,-0.6428571428571429,-0.5,0.5,-0.5714285714285714,-0.7857142857142857,-0.6545454545454545,-0.8461538461538461
5,0,1,0,1.2265309178020662,-0.5,1.7498992000389424,4,3,2,1,0,6,5,4,3,2,1,1,1,1,1,0,0,1,1,1,0,0,0,0,0,1,1,0,0,0,0,0,0,0,0,0,0,0,0,0,-0.1851192595229619,-0.32941926571383034,0.35041956027025917,0.9313943984146679,0.4904043227128748,0.30360969748782624,0.093773173391494,-0.043570332480818444,-0.22871080139372824,0.1800098473658296,-1.0,-0.5357142857142857,-1.0714285714285714,-1.0,-0.6428571428571429,-0.5,0.5,-0.5714285714285714,-0.8,-0.6923076923076923
6,0,1,0,0.2491390926785447,-0.9285714285714286,0.6296678650345572,5,4,3,2,1,0,6,5,4,3,0,1,1,1,1,1,0,0,1,1,1,0,0,0,0,0,1,1,0,0,0,0,0,0,0,0,0,0,0,0,1.2127684822594043,-0.18773356003046243,-0.3316966464579939,0.3480674354194721,0.9199739146636855,0.4847357567425497,0.28415485278080704,0.08545268542199486,-0.04416127426580389,-0.23017232890201872,-0.5,-0.9642857142857143,-0.5,-1.0714285714285714,-1.0,-0.6428571428571429,-0.5,0.5,-0.5818181818181818,-0.8461538461538461
0,1,0,0,0.3761042072166492,-0.5,0.40464416897384275,6,5,4,3,2,1,0,6,5,4,0,0,1,1,1,1,1,0,0,1,1,1,0,0,0,0,0,1,1,0,0,0,0,0,0,0,0,0,0,0,0.24445235552391123,1.203147784094599,-0.19056915541076913,-0.334048771308781,0.34237003912800446,0.9108984097460099,0.4551254089422027,0.2640511508951407,0.08139372822299651,-0.047621861152141814,-0.9285714285714286,-0.4642857142857143,-0.9285714285714286,-0.5,-1.0714285714285714,-1.0,-0.6428571428571429,-0.5,0.509090909090909,-0.6153846153846154
1,1,0,0,0.5485851175325648,-0.5714285714285714,0.5665002346734259,0,6,5,4,3,2,1,0,6,5,1,0,0,1,1,1,1,1,0,0,0,1,1,0,0,0,0,0,1,1,0,0,0,0,0,0,0,0,0,0,0.3702385190459238,0.23968498544769734,1.1948323817028208,-0.19292128026155622,-0.3330538475871064,0.3378755408192148,0.8573936750272628,0.4244398976982096,0.25519163763066205,0.07657311669128507,-0.5,-0.8928571428571429,-0.42857142857142855,-0.9285714285714286,-0.5,-1.0714285714285714,-1.0,-0.6428571428571429,-0.509090909090909,0.5384615384615384
2,0,0,1,-0.06707590956730049,-0.5714285714285714,-0.10671804682662665,1,0,6,5,4,3,2,1,0,6,1,1,0,0,1,1,1,1,1,0,0,0,1,1,0,0,0,0,0,1,0,0,0,0,0,0,0,0,0,0,0.5411178355286579,0.3648406921346723,0.23516544258169225,1.1924802568520336,-0.19331097447363518,-0.3321915236516344,0.3164994547437296,0.8018107416879795,0.411269288203086,0.2484884293451502,-0.5714285714285714,-0.4642857142857143,-0.8571428571428571,-0.42857142857142855,-0.9285714285714286,-0.5,-1.0714285714285714,-1.0,-0.6545454545454545,-0.5384615384615384
3,1,0,0,0.924689324749214,-1.2142857142857142,1.4221367727475709,2,1,0,6,5,4,3,2,1,0,0,1,1,0,0,1,1,1,1,1,0,0,0,1,1,0,0,0,0,0,1,0,0,0,0,0,0,0,0,0,-0.06882639136110122,0.5348635389547137,0.3598280596734075,0.2328133177309052,1.178498229923607,-0.1935569585887001,-0.3159978189749182,0.2943938618925831,0.7784967645594824,0.40287543082225497,-0.5714285714285714,-0.5357142857142857,-0.42857142857142855,-0.8571428571428571,-0.42857142857142855,-0.9285714285714286,-0.5,-1.0714285714285714,-1.018181818181818,-0.6923076923076923
4,1,0,0,0.5102560263512502,-1.0714285714285714,1.1502558622181307,3,2,1,0,6,5,4,3,2,1,1,0,1,1,0,0,1,1,1,1,0,0,0,0,1,1,0,0,0,0,0,1,0,0,0,0,0,0,0,0,0.9137296784146196,-0.072023567055712,0.5291810489300772,0.3574759348226204,0.22824669275200296,1.1673723551124384,-0.18513631406761175,-0.29895652173913045,0.2847187655550025,0.7661250615460364,-1.2142857142857142,-0.5357142857142857,-0.5,-0.42857142857142855,-0.8571428571428571,-0.42857142857142855,-0.9285714285714286,-0.5,-1.0909090909090908,-1.0769230769230769
5,0,1,0,0.07186704596496482,-1.2142857142857142,-0.10862388158995173,4,3,2,1,0,6,5,4,3,2,1,1,0,1,1,0,0,1,1,1,0,0,0,0,0,1,1,0,0,0,0,0,1,0,0,0,0,0,0,0,0.5031446540880503,0.9056078021595264,-0.07531503772220224,0.5268289240792902,0.35168623066890253,0.2246573126844851,1.0994874591057797,-0.17619437340153454,-0.2926829268292683,0.2776957163958641,-1.0714285714285714,-1.1785714285714286,-0.5,-0.5,-0.42857142857142855,-0.8571428571428571,-0.42857142857142855,-0.9285714285714286,-0.509090909090909,-1.1538461538461537
6,0,1,0,0.12217397814044019,-1.3571428571428572,0.4057791632438064,5,4,3,2,1,0,6,5,4,3,0,1,1,0,1,1,0,0,1,1,1,0,0,0,0,0,1,1,0,0,0,0,0,1,0,0,0,0,0,0,0.06882639136110122,0.49708068410581563,0.8984646505036487,-0.07766716257298932,0.519377678405068,0.3471178451567437,0.209629225736096,1.028920716112532,-0.17322050771528125,-0.29345150172328904,-1.2142857142857142,-1.0357142857142858,-1.1428571428571428,-0.5,-0.5,-0.42857142857142855,-0.8571428571428571,-0.42857142857142855,-0.9454545454545454,-0.5384615384615384
0,1,0,0,0.033537954783650244,-1.0,-0.11799438544475836,6,5,4,3,2,1,0,6,5,4,0,0,1,1,0,1,1,0,0,1,1,1,0,0,0,0,0,1,1,0,0,0,0,0,1,0,0,0,0,0,0.11866619200189865,0.06493928177154361,0.49154705131748394,0.8961125256528616,-0.07918762809763369,0.5134793232322649,0.32522355507088335,0.19413810741687978,0.9995022399203584,-0.17528311176760217,-1.3571428571428572,-1.1785714285714286,-1.0,-1.1428571428571428,-0.5,-0.5,-0.42857142857142855,-0.8571428571428571,-0.43636363636363634,-1.0
1,1,0,0,0.3952687528073065,-1.5,-0.0016706607468086917,0,6,5,4,3,2,1,0,6,5,1,0,0,1,1,0,1,1,0,0,0,1,1,0,0,0,0,0,1,1,0,0,0,0,0,1,0,0,0,0,0.03085320992049365,0.11452927876072237,0.06110820362344837,0.4891949264666969,0.8850381963853177,-0.08033873045397039,0.48225736095965105,0.3025780051150895,0.1871577899452464,0.9847365829640571,-1.0,-1.3214285714285714,-1.1428571428571428,-1.0,-1.1428571428571428,-0.5,-0.5,-0.42857142857142855,-0.8727272727272727,-0.46153846153846156
2,0,0,1,0.20122772870190148,-0.6428571428571429,-0.4246858837072774,1,0,6,5,4,3,2,1,0,6,1,1,0,0,1,1,0,1,1,0,0,0,1,1,0,0,0,0,0,1,0,0,0,0,0,0,1,0,0,0,0.3892251097662276,0.02715642692264551,0.11050282548997704,0.05875607877266129,0.4821129122414757,0.8762397684802764,-0.07826608505997817,0.4498925831202046,0.2926829268292683,0.1811915312653865,-1.5,-0.9642857142857143,-1.2857142857142858,-1.1428571428571428,-1.0,-1.1428571428571428,-0.5,-0.5,-0.43636363636363634,-0.9230769230769231
3,1,0,0,1.6170085342117084,-1.2142857142857142,2.5778150324598488,2,1,0,6,5,4,3,2,1,0,0,1,1,0,0,1,1,0,1,1,0,0,0,1,1,0,0,0,0,0,1,0,0,0,0,0,0,1,0,0,0.19698587872315176,0.38373211955912134,0.023474206010855096,0.10815070063918997,0.05589714924538848,0.4765101058821491,0.8246782988004362,-0.07593861892583122,0.43603782976605276,0.28557360905957657,-0.6428571428571429,-1.4642857142857142,-0.9285714285714286,-1.2857142857142858,-1.1428571428571428,-1.0,-1.1428571428571428,-0.5,-0.509090909090909,-0.46153846153846156
4,1,0,0,0.7713729600239557,-1.0714285714285714,1.1264404537974717,3,2,1,0,6,5,4,3,2,1,1,0,1,1,0,0,1,1,0,1,0,0,0,0,1,1,0,0,0,0,0,1,0,0,0,0,0,0,1,0,1.5996202681855938,0.1924564168865747,0.3786450584797041,0.02112208116006802,0.1048071548351034,0.05367468244019944,0.447360959651036,0.7711202046035806,-0.07565953210552513,0.4273756770064008,-1.2142857142857142,-0.6071428571428571,-1.4285714285714286,-0.9285714285714286,-1.2857142857142858,-1.1428571428571428,-1.0,-1.1428571428571428,-0.509090909090909,-0.5384615384615384
5,0,1,0,0.6779458002695015,-0.21428571428571427,0.9957874091794854,4,3,2,1,0,6,5,4,3,2,1,1,0,1,1,0,0,1,1,0,0,0,0,0,0,1,1,0,0,0,0,0,1,0,0,0,0,0,0,1,0.7618369526521893,1.5880606178677483,0.18812294556595066,0.376292933628917,0.018632383081796162,0.10219678021222645,0.04823336968375138,0.417156010230179,0.7486311597809856,-0.07877892663712457,-1.0714285714285714,-1.1785714285714286,-0.5714285714285714,-1.4285714285714286,-0.9285714285714286,-1.2857142857142858,-1.1428571428571428,-1.0,-1.1636363636363636,-0.5384615384615384
6,0,1,0,0.31861057044467733,-0.07142857142857142,0.8012926975740516,5,4,3,2,1,0,6,5,4,3,0,1,1,0,1,1,0,0,1,1,1,0,0,0,0,0,1,1,0,0,0,0,0,1,0,0,0,0,0,0,0.6692773228907084,0.7544763827639339,1.5782287323811146,0.1857708207151636,0.3703186137506987,0.016705465090083627,0.09403489640130863,0.04273145780051149,0.40418118466898956,0.7365829640571148,-0.21428571428571427,-1.0357142857142858,-1.1428571428571428,-0.5714285714285714,-1.4285714285714286,-0.9285714285714286,-1.2857142857142858,-1.1428571428571428,-1.018181818181818,-1.2307692307692308
0,0,0,1,0.5701452313220542,-0.6428571428571429,1.6336599888454602,6,5,4,3,2,1,0,6,5,4,0,0,1,1,0,1,1,0,0,1,1,1,0,0,0,0,0,1,1,0,0,0,0,0,1,0,0,0,0,0,0.31327874688501245,0.6623806740697449,0.7479286600532756,1.5758766075303277,0.18166573504751257,0.3656024538318016,0.013336968375136335,0.08569820971867005,0.039820806371329016,0.39586410635155095,-0.07142857142857142,-0.17857142857142858,-1.0,-1.1428571428571428,-0.5714285714285714,-1.4285714285714286,-0.9285714285714286,-1.2857142857142858,-1.1636363636363636,-1.0769230769230769
1,1,0,0,0.9606228477316964,-0.7857142857142857,2.0494415739121172,0,6,5,4,3,2,1,0,6,5,0,0,0,1,1,0,1,1,0,0,0,1,1,0,0,0,0,0,1,1,1,0,0,0,0,1,0,0,0,0,0.5624777500889996,0.30816640986132515,0.6561957908725795,0.7455765352024886,1.558133035215204,0.17844579099684033,0.3426717557251909,0.009994884910485915,0.08163265306122448,0.03545051698670606,-0.6428571428571429,-0.03571428571428571,-0.14285714285714285,-1.0,-1.1428571428571428,-0.5714285714285714,-1.4285714285714286,-0.9285714285714286,-1.309090909090909,-1.2307692307692308
2,1,0,0,-0.14373409192992964,-0.9285714285714286,-0.009613549227131252,1,0,6,5,4,3,2,1,0,6,1,0,0,0,1,1,0,1,1,0,0,0,1,1,0,0,0,0,0,1,0,1,0,0,0,0,1,0,0,0,0.9493295360151892,0.556116394807219,0.3033770632545176,0.6538436660217924,0.7359791317309483,1.5439962568667434,0.1660087241003272,0.3189462915601023,0.007964161274265804,0.07680945347119646,-0.7857142857142857,-0.6071428571428571,0.0,-0.14285714285714285,-1.0,-1.1428571428571428,-0.5714285714285714,-1.4285714285714286,-0.9454545454545454,-1.3846153846153846
3,1,0,0,-0.019164545590657285,-1.0,0.2521823592904525,2,1,0,6,5,4,3,2,1,0,1,1,0,0,0,1,1,0,1,1,0,0,0,1,1,0,0,0,0,0,0,0,1,0,0,0,0,1,0,0,-0.14477275424231636,0.9410292285803683,0.5503501725871609,0.3010249384037305,0.6451462642071921,0.7283628990798131,1.4549945474372956,0.1532173913043478,0.3086112493777999,0.003938946331856229,-0.9285714285714286,-0.75,-0.5714285714285714,0.0,-0.14285714285714285,-1.0,-1.1428571428571428,-0.5714285714285714,-1.4545454545454546,-1.0
4,1,0,0,-0.11738284174277587,-1.0714285714285714,0.10394760577004904,3,2,1,0,6,5,4,3,2,1,1,1,1,0,0,0,1,1,0,1,0,0,0,0,1,1,0,0,0,0,0,0,0,1,0,0,0,0,1,0,-0.021359914560341756,-0.14758927675350822,0.9337465232654549,0.5479980477363738,0.29578908142351407,0.6382504317889058,0.685092693565976,1.3624245524296674,0.14733698357391736,0.30132939438700146,-1.0,-0.8928571428571429,-0.7142857142857143,-0.5714285714285714,0.0,-0.14285714285714285,-1.0,-1.1428571428571428,-0.5818181818181818,-1.5384615384615385
5,0,1,0,-0.4240155711932924,-1.0,-0.5721315683313951,4,3,2,1,0,6,5,4,3,2,1,1,1,1,0,0,0,1,1,0,0,0,0,0,0,1,1,0,0,0,0,0,0,0,1,0,0,0,0,1,-0.11866619200189865,-0.02479499849458938,-0.15058303294738878,0.9313943984146679,0.5403391093720886,0.29166401913157003,0.6000327153762268,0.6401739130434783,1.32404181184669,0.14180206794682423,-1.0714285714285714,-0.9642857142857143,-0.8571428571428571,-0.7142857142857143,-0.5714285714285714,0.0,-0.14285714285714285,-1.0,-1.1636363636363636,-0.6153846153846154
6,0,1,0,-0.04312022757897889,-1.1428571428571428,0.30919058468465466,5,4,3,2,1,0,6,5,4,3,0,1,1,1,1,0,0,0,1,1,1,0,0,0,0,0,1,1,0,0,0,0,0,0,0,1,0,0,0,0,-0.4224516435267592,-0.12161356404489077,-0.028272540706460653,-0.15293515779817587,0.9199739146636855,0.5342745079917051,0.2728789531079608,0.5603785166240409,0.6212045793927327,1.3057607090103398,-1.0,-1.0357142857142858,-0.9285714285714286,-0.8571428571428571,-0.7142857142857143,-0.5714285714285714,0.0,-0.14285714285714285,-1.018181818181818,-1.2307692307692308
0,1,0,0,-0.1461296601287618,-1.5,-0.17251981950428755,6,5,4,3,2,1,0,6,5,4,0,0,1,1,1,1,0,0,0,1,1,1,0,0,0,0,0,1,1,0,0,0,0,0,0,0,1,0,0,0,-0.045093152960721486,-0.4238764028360756,-0.12470965958873091,-0.030624665557247733,-0.15371716042481834,0.9108984097460099,0.501886586695747,0.25347314578005115,0.5435540069686411,0.6105366814377154,-1.1428571428571428,-0.9642857142857143,-1.0,-0.9285714285714286,-0.8571428571428571,-0.7142857142857143,-0.5714285714285714,0.0,-0.14545454545454545,-1.0769230769230769
1,1,0,0,0.06468034136846833,-0.9285714285714286,0.20517379383987003,0,6,5,4,3,2,1,0,6,5,1,0,0,1,1,1,1,0,0,0,0,1,1,0,0,0,0,0,1,1,0,0,0,0,0,0,0,1,0,0,-0.14714607808235433,-0.04840928277515069,-0.4257816404894771,-0.127061784439518,-0.03260667039314328,-0.15427716515420203,0.8573936750272628,0.46830690537084396,0.24489795918367346,0.533727227966519,-1.5,-1.1071428571428572,-0.9285714285714286,-1.0,-0.9285714285714286,-0.8571428571428571,-0.7142857142857143,-0.5714285714285714,0.0,-0.15384615384615385
2,1,0,0,0.40964216200029946,-1.1428571428571428,0.7130973319038306,1,0,6,5,4,3,2,1,0,6,1,1,0,0,1,1,1,1,0,0,0,0,1,1,0,0,0,0,0,1,0,0,0,0,0,0,0,0,1,0,0.0617064198409873,-0.14995070518156434,-0.05179378921433145,-0.4281337653402642,-0.1280976336873486,-0.03412720876632562,-0.14805888767720826,0.8018107416879795,0.4539571926331508,0.23830625307730183,-0.9285714285714286,-1.4642857142857142,-1.0714285714285714,-0.9285714285714286,-1.0,-0.9285714285714286,-0.8571428571428571,-0.7142857142857143,-0.5818181818181818,0.0
3,1,0,0,0.033537954783650244,-0.9285714285714286,0.2022068450760095,2,1,0,6,5,4,3,2,1,0,1,1,1,0,0,1,1,1,1,0,0,0,0,1,1,0,0,0,0,0,0,0,0,0,0,0,0,0,0,1,0.4034650528064554,0.057854996487375215,-0.15293515779817587,-0.05414591406511853,-0.4262157629960872,-0.1288608282259974,-0.034645583424209356,-0.14141176470588238,0.7784967645594824,0.4451009354997538,-1.1428571428571428,-0.8928571428571429,-1.4285714285714286,-1.0714285714285714,-0.9285714285714286,-1.0,-0.9285714285714286,-0.8571428571428571,-0.7272727272727273,-0.6153846153846154
4,1,0,0,-0.004791136397664321,-0.5714285714285714,0.09028707490578972,3,2,1,0,6,5,4,3,2,1,1,1,1,1,0,0,1,1,1,1,0,0,0,0,1,1,0,0,0,0,0,0,0,0,0,0,0,0,0,0,0.03085320992049365,0.39790069012745816,0.05405182907108713,-0.15528728264896294,-0.05589714924538848,-0.4246145670269239,-0.12406761177753542,-0.03501790281329925,-0.13937282229965156,0.7661250615460364,-0.9285714285714286,-1.1071428571428572,-0.8571428571428571,-1.4285714285714286,-1.0714285714285714,-0.9285714285714286,-1.0,-0.9285714285714286,-0.8727272727272727,-0.7692307692307693
5,0,1,0,-0.4407845485851175,-0.21428571428571427,-0.6771753639682129,4,3,2,1,0,6,5,4,3,2,1,1,1,1,1,0,0,1,1,1,0,0,0,0,0,1,1,0,0,0,0,0,0,0,0,0,0,0,0,0,-0.007119971520113919,0.02715642692264551,0.3927578075844266,0.051699704220300055,-0.15604620831004284,-0.057232969610148,-0.4032388222464558,-0.11890537084398979,-0.035838725734196115,-0.14180206794682423,-0.5714285714285714,-0.8928571428571429,-1.0714285714285714,-0.8571428571428571,-1.4285714285714286,-1.0714285714285714,-0.9285714285714286,-1.0,-0.9454545454545454,-0.9230769230769231
6,0,1,0,-0.11019613714627938,-0.7857142857142857,-0.020030529122549243,5,4,3,2,1,0,6,5,4,3,0,1,1,1,1,1,0,0,1,1,1,0,0,0,0,0,1,1,0,0,0,0,0,0,0,0,0,0,0,0,-0.439064910407025,-0.010626427926252591,0.023474206010855096,0.3904056827336395,0.04891000558971492,-0.15658774123858427,-0.056455834242093765,-0.3807979539641944,-0.1174713787954206,-0.03938946331856229,-0.21428571428571427,-0.5357142857142857,-0.8571428571428571,-1.0714285714285714,-0.8571428571428571,-1.4285714285714286,-1.0714285714285714,-0.9285714285714286,-1.018181818181818,-1.0
0,1,0,0,0.06947147776613266,-0.7142857142857143,0.3087995025855505,6,5,4,3,2,1,0,6,5,4,0,0,1,1,1,1,1,0,0,1,1,1,0,0,0,0,0,1,1,0,0,0,0,0,0,0,0,0,0,0,-0.11154622048178474,-0.4404064018324685,-0.014159791601738176,0.02112208116006802,0.38429290106204583,0.046742954187052724,-0.1502399127589967,-0.055478260869565234,-0.37232453957192635,-0.12013786312161497,-0.7857142857142857,-0.17857142857142858,-0.5,-0.8571428571428571,-1.0714285714285714,-0.8571428571428571,-1.4285714285714286,-1.0714285714285714,-0.9454545454545454,-1.0769230769230769
1,1,0,0,0.04072465938014673,-0.7857142857142857,0.4266343895047208,0,6,5,4,3,2,1,0,6,5,1,0,0,1,1,1,1,1,0,0,0,1,1,0,0,0,0,0,1,1,0,0,0,0,0,0,0,0,0,0,0.06645306752106324,-0.11452927876072237,-0.44224651444498664,-0.016511916452525255,0.018632383081796162,0.37946591033809507,0.04169029443838606,-0.14345780051150897,-0.05574912891986063,-0.3722304283604136,-0.7142857142857143,-0.75,-0.14285714285714285,-0.5,-0.8571428571428571,-1.0714285714285714,-0.8571428571428571,-1.4285714285714286,-1.0909090909090908,-1.0
2,1,0,0,0.37849977541548135,-0.8571428571428571,0.96612952143365,1,0,6,5,4,3,2,1,0,6,1,1,0,0,1,1,1,1,1,0,0,0,1,1,0,0,0,0,0,1,0,0,0,0,0,0,0,0,0,0,0.037973181440607566,0.06257785334348748,-0.11765328503636968,-0.44459863929577376,-0.018632383081796162,0.016705465090083627,0.3557579062159215,0.03659335038363169,-0.141363862618218,-0.059084194977843424,-0.7857142857142857,-0.6785714285714286,-0.7142857142857143,-0.14285714285714285,-0.5,-0.8571428571428571,-1.0714285714285714,-0.8571428571428571,-1.4545454545454546,-1.1538461538461537
3,1,0,0,2.333283425662524,-0.5,5.908663341939464,2,1,0,6,5,4,3,2,1,0,1,1,1,0,0,1,1,1,1,1,0,0,0,1,1,0,0,0,0,0,0,0,0,0,0,0,0,0,0,0,0.3726118428859618,0.034240712206813906,0.05875607877266129,-0.12000540988715676,-0.44251909819265883,-0.02026375226003219,0.013336968375136335,0.33122250639386186,0.033847685415629665,-0.14377154111275234,-0.8571428571428571,-0.75,-0.6428571428571429,-0.7142857142857143,-0.14285714285714285,-0.5,-0.8571428571428571,-1.0714285714285714,-0.8727272727272727,-1.5384615384615385
4,1,0,0,0.11259170534511154,-0.6428571428571429,0.44208337526498936,3,2,1,0,6,5,4,3,2,1,1,1,1,1,0,0,1,1,1,1,0,0,0,0,1,1,0,0,0,0,0,0,0,0,0,0,0,0,0,0,2.309244096356948,0.36720212056272844,0.030530580563216336,0.05640395392187421,-0.12111049003167505,-0.4407885996175996,-0.021559432933478714,0.009994884910485915,0.3205574912891986,0.029542097488921712,-0.5,-0.8214285714285714,-0.7142857142857143,-0.6428571428571429,-0.7142857142857143,-0.14285714285714285,-0.5,-0.8571428571428571,-1.0909090909090908,-0.9230769230769231
5,0,1,0,0.16289863752058692,0.0,0.7396844242267213,4,3,2,1,0,6,5,4,3,2,1,1,1,1,1,0,0,1,1,1,0,0,0,0,0,1,1,0,0,0,0,0,0,0,0,0,0,0,0,0,0.10917289664174676,2.2941277178565316,0.36218018452419454,0.028178455712429256,0.05356810136016396,-0.12192909997285069,-0.4185059978189749,-0.02274168797953966,0.007964161274265804,0.31314623338257014,-0.6428571428571429,-0.4642857142857143,-0.7857142857142857,-0.7142857142857143,-0.6428571428571429,-0.7142857142857143,-0.14285714285714285,-0.5,-0.8727272727272727,-1.1538461538461537
6,0,1,0,0.6923192094624944,-0.9285714285714286,2.0581173270463755,5,4,3,2,1,0,6,5,4,3,0,1,1,1,1,1,0,0,1,1,1,0,0,0,0,0,1,1,0,0,0,0,0,0,0,0,0,0,0,0,0.1590126972825442,0.10508356504849785,2.2815140627664516,0.3598280596734075,0.02561952673746972,0.0513641063558172,-0.1175245365321701,-0.3951202046035806,-0.023892483822797413,0.003938946331856229,0.0,-0.6071428571428571,-0.42857142857142855,-0.7857142857142857,-0.7142857142857143,-0.6428571428571429,-0.7142857142857143,-0.14285714285714285,-0.509090909090909,-0.9230769230769231
0,1,0,0,2.656685132504866,-0.2857142857142857,6.233368368922161,6,5,4,3,2,1,0,6,5,4,0,0,1,1,1,1,1,0,0,1,1,1,0,0,0,0,0,1,1,0,0,0,0,0,0,0,0,0,0,0,0.6835172659309362,0.1546735620376766,0.10109432608682872,2.2791619379156645,0.35401527855412707,0.02363719334323034,0.04605234460196294,-0.11276726342710999,-0.3862618218018915,-0.027572624322993598,-0.9285714285714286,0.03571428571428571,-0.5714285714285714,-0.42857142857142855,-0.7857142857142857,-0.7142857142857143,-0.6428571428571429,-0.7142857142857143,-0.14545454545454545,-0.5384615384615384
1,1,0,0,0.31861057044467733,-1.2857142857142858,0.8135528175742518,0,6,5,4,3,2,1,0,6,5,1,0,0,1,1,1,1,1,0,0,0,1,1,0,0,0,0,0,1,1,0,0,0,0,0,0,0,0,0,0,2.6296428147620743,0.6765492446380816,0.1504889479533574,0.09874220123604165,2.2545183528973354,0.349428421241126,0.019880043620501657,0.04068542199488489,-0.11149825783972125,-0.3860167405219104,-0.2857142857142857,-0.8928571428571429,0.07142857142857142,-0.5714285714285714,-0.42857142857142855,-0.7857142857142857,-0.7142857142857143,-0.6428571428571429,-0.7272727272727273,-0.15384615384615385
2,1,0,0,1.0061386435095074,-0.2857142857142857,2.4542924695463975,1,0,6,5,4,3,2,1,0,6,1,1,0,0,1,1,1,1,1,0,0,0,1,1,0,0,0,0,0,1,0,0,0,0,0,0,0,0,0,0,0.31327874688501245,2.6129205556441093,0.670308539977302,0.14813682310257031,0.09549096329420532,2.2348585060970327,0.32740458015267176,0.01613299232736571,0.037829766052762566,-0.11422944362383063,-1.2857142857142858,-0.25,-0.8571428571428571,0.07142857142857142,-0.5714285714285714,-0.42857142857142855,-0.7857142857142857,-0.7142857142857143,-0.6545454545454545,-0.7692307692307693
3,1,0,0,0.8911513699655637,-0.8571428571428571,1.3492089373721443,2,1,0,6,5,4,3,2,1,0,1,1,1,0,0,1,1,1,1,1,0,0,0,1,1,0,0,0,0,0,0,0,0,0,0,0,0,0,0,0,0.9944226889759107,0.30816640986132515,2.5990509176227072,0.6679564151265149,0.14440096888392026,0.0929544758746975,2.1071210468920394,0.3046240409207161,0.013937282229965157,0.03348104382077794,-0.2857142857142857,-1.25,-0.21428571428571427,-0.8571428571428571,0.07142857142857142,-0.5714285714285714,-0.42857142857142855,-0.7857142857142857,-0.7272727272727273,-0.6923076923076923
4,1,0,0,0.5006737535559216,-0.42857142857142855,0.10066718371347436,3,2,1,0,6,5,4,3,2,1,1,1,1,1,0,0,1,1,1,1,0,0,0,0,1,1,0,0,0,0,0,0,0,0,0,0,0,0,0,0,0.880503144654088,0.9858963687134348,0.3033770632545176,2.59669879277192,0.6591205515185392,0.1414765736467245,0.08531079607415487,1.9741892583120204,0.2946739671478347,0.009847365829640572,-0.8571428571428571,-0.25,-1.2142857142857142,-0.21428571428571427,-0.8571428571428571,0.07142857142857142,-0.5714285714285714,-0.42857142857142855,-0.8,-0.7692307692307693
5,0,1,0,2.1033088785746368,-0.14285714285714285,3.441146442259376,4,3,2,1,0,6,5,4,3,2,1,1,1,1,1,0,0,1,1,1,0,0,0,0,0,1,1,0,0,0,0,0,0,0,0,0,0,0,0,0,0.4936513587278984,0.8725478041667405,0.9784368954304095,0.3010249384037305,2.568939817402646,0.6521138882951992,0.13111232279171212,0.07751406649616366,1.9193628670980587,0.2875430822255047,-0.42857142857142855,-0.8214285714285714,-0.21428571428571427,-1.2142857142857142,-0.21428571428571427,-0.8571428571428571,0.07142857142857142,-0.5714285714285714,-0.43636363636363634,-0.8461538461538461
6,0,1,0,-0.07426261416379698,-0.14285714285714285,0.10185161562167226,5,4,3,2,1,0,6,5,4,3,0,1,1,1,1,1,0,0,1,1,1,0,0,0,0,0,1,1,0,0,0,0,0,0,0,0,0,0,0,0,2.081405007713302,0.4876349703935911,0.8655349025926296,0.9760847705796223,0.29578908142351407,2.5467862774886347,0.6131188658669575,0.12048081841432223,0.07366849178695868,1.894633185622846,-0.14285714285714285,-0.39285714285714285,-0.7857142857142857,-0.21428571428571427,-1.2142857142857142,-0.21428571428571427,-0.8571428571428571,0.07142857142857142,-0.5818181818181818,-0.46153846153846156
0,1,0,0,0.13654738733343316,0.7142857142857143,0.09821573970807282,6,5,4,3,2,1,0,6,5,4,0,0,1,1,1,1,1,0,0,1,1,1,0,0,0,0,0,1,1,0,0,0,0,0,0,0,0,0,0,0,-0.07594636288121513,2.067430588763143,0.48213855191433563,0.8631827777418425,0.9642258244829514,0.29166401913157003,2.4015594329334786,0.5726547314578005,0.11548033847685416,0.068931560807484,-0.14285714285714285,-0.10714285714285714,-0.35714285714285715,-0.7857142857142857,-0.21428571428571427,-1.2142857142857142,-0.21428571428571427,-0.8571428571428571,0.07272727272727272,-0.6153846153846154
1,1,0,0,0.04551579577781105,-0.07142857142857142,0.07382641278321993,0,6,5,4,3,2,1,0,6,5,1,0,0,1,1,1,1,1,0,0,0,1,1,0,0,0,0,0,1,1,0,0,0,0,0,0,0,0,0,0,0.13290613504212648,-0.0791078523398804,2.055710077090892,0.4797864270635485,0.8524315259921744,0.9547993553492724,0.2728789531079608,2.2504040920716113,0.5555002488800398,0.11029049729197439,0.7142857142857143,-0.10714285714285714,-0.07142857142857142,-0.35714285714285715,-0.7857142857142857,-0.21428571428571427,-1.2142857142857142,-0.21428571428571427,-0.8727272727272727,0.07692307692307693
2,1,0,0,0.2970504566551879,-0.42857142857142855,0.24163639963494862,1,0,6,5,4,3,2,1,0,6,1,1,0,0,1,1,1,1,1,0,0,0,1,1,0,0,0,0,0,1,0,0,0,0,0,0,0,0,0,0,0.04271982912068351,0.12869784932905914,-0.08237141227456349,2.0533579522401046,0.4727967207005776,0.843891703298925,0.8988331515812432,0.25347314578005115,2.1881533101045294,0.5455440669620877,-0.07142857142857142,0.75,-0.07142857142857142,-0.07142857142857142,-0.35714285714285715,-0.7857142857142857,-0.21428571428571427,-1.2142857142857142,-0.21818181818181817,-0.9230769230769231
3,1,0,0,-0.009582272795328643,0.5,-0.06476358227474242,2,1,0,6,5,4,3,2,1,0,1,1,1,0,0,1,1,1,1,1,0,0,0,1,1,0,0,0,0,0,0,0,0,0,0,0,0,0,0,0,0.2919188323246707,0.03896356906292617,0.12461557459469952,-0.08472353712535056,2.0309297559157815,0.4672678015446201,0.7941439476553981,0.8406854219948849,0.24489795918367346,2.160512063023141,-0.42857142857142855,-0.03571428571428571,0.7857142857142857,-0.07142857142857142,-0.07142857142857142,-0.35714285714285715,-0.7857142857142857,-0.21428571428571427,-1.2363636363636363,-0.23076923076923078
4,1,0,0,0.596496481509208,-0.35714285714285715,1.0550740468452693,3,2,1,0,6,5,4,3,2,1,1,1,1,1,0,0,1,1,1,1,0,0,0,0,1,1,0,0,0,0,0,0,0,0,0,0,0,0,0,0,-0.011866619200189865,0.28691355400881996,0.0352348302647905,0.12226344974391244,-0.08617477175330725,2.0130432019963376,0.43863685932388224,0.7424757033248082,0.8163265306122449,0.23830625307730183,0.5,-0.39285714285714285,0.0,0.7857142857142857,-0.07142857142857142,-0.07142857142857142,-0.35714285714285715,-0.7857142857142857,-0.21818181818181817,-1.3076923076923077
5,0,1,0,2.254229675101063,-0.5714285714285714,3.4108997218614996,4,3,2,1,0,6,5,4,3,2,1,1,1,1,1,0,0,1,1,1,0,0,0,0,0,1,1,0,0,0,0,0,0,0,0,0,0,0,0,0,0.5885843123294173,-0.015349284782364853,0.28220793959743384,0.03288270541400341,0.11878144214645053,-0.08727045870711711,1.897742639040349,0.40897186700767263,0.7207565953210553,0.8035450516986706,-0.35714285714285715,0.5357142857142857,-0.35714285714285715,0.0,0.7857142857142857,-0.07142857142857142,-0.07142857142857142,-0.35714285714285715,-0.8,-0.23076923076923078
6,0,1,0,0.16050306932175476,-0.6428571428571429,0.44794988293947496,5,4,3,2,1,0,6,5,4,3,0,1,1,1,1,1,0,0,1,1,1,0,0,0,0,0,1,1,0,0,0,0,0,0,0,0,0,0,0,0,2.2309244096356946,0.5820921075158364,-0.018864041303312335,0.2798558147466468,0.030277622507918763,0.11606023671851988,-0.0848091603053435,1.777769820971867,0.39621702339472376,0.7090103397341211,-0.5714285714285714,-0.32142857142857145,0.5714285714285714,-0.35714285714285715,0.0,0.7857142857142857,-0.07142857142857142,-0.07142857142857142,-0.36363636363636365,-0.8461538461538461
0,1,0,0,-0.06947147776613266,-0.5,-0.18790196778716683,6,5,4,3,2,1,0,6,5,4,0,0,1,1,1,1,1,0,0,1,1,1,0,0,0,0,0,1,1,0,0,0,0,0,0,0,0,0,0,0,0.15663937344250622,2.216200579730679,0.5762235459458188,-0.021216166154099415,0.2748276504564934,0.02825834551199482,0.10712104689203927,-0.08207672634271101,1.7282229965156795,0.3879862136878385,-0.6428571428571429,-0.5357142857142857,-0.2857142857142857,0.5714285714285714,-0.35714285714285715,0.0,0.7857142857142857,-0.07142857142857142,-0.07272727272727272,-0.38461538461538464
1,1,0,0,-0.004791136397664321,-0.7142857142857143,0.056391083480043784,0,6,5,4,3,2,1,0,6,5,1,0,0,1,1,1,1,1,0,0,0,1,1,0,0,0,0,0,1,1,0,0,0,0,0,0,0,0,0,0,-0.07119971520113919,0.15231213360962048,2.203893942690478,0.5738714210950318,-0.0232904788522452,0.2708688343721299,0.024242093784078537,0.09797442455242965,-0.08163265306122448,1.705563761693747,-0.5,-0.6071428571428571,-0.5,-0.2857142857142857,0.5714285714285714,-0.35714285714285715,0.0,0.7857142857142857,-0.07272727272727272,-0.07692307692307693
2,1,0,0,-0.0023955681988321606,-0.8571428571428571,0.205888844372766,1,0,6,5,4,3,2,1,0,6,1,1,0,0,1,1,1,1,1,0,0,0,1,1,0,0,0,0,0,1,0,0,0,0,0,0,0,0,0,0,-0.007119971520113919,-0.07438499548376813,0.14813682310257031,2.201541817839691,0.5659586361095584,-0.024884904428796668,0.2532497273718648,0.020225063938618906,0.0935788949726232,-0.08468734613490891,-0.7142857142857143,-0.4642857142857143,-0.5714285714285714,-0.5,-0.2857142857142857,0.5714285714285714,-0.35714285714285715,0.0,0.8,-0.07692307692307693
3,1,0,0,0.9917652343165144,-1.0,0.912690058287735,2,1,0,6,5,4,3,2,1,0,1,1,1,0,0,1,1,1,1,1,0,0,0,1,1,0,0,0,0,0,0,0,0,0,0,0,0,0,0,0,-0.004746647680075946,-0.010626427926252591,-0.07766716257298932,0.14578469825178322,2.1776597726849265,0.5596908449199097,-0.025921483097055595,0.23505882352941174,0.017919362867098058,0.08862629246676514,-0.8571428571428571,-0.6785714285714286,-0.42857142857142855,-0.5714285714285714,-0.5,-0.2857142857142857,0.5714285714285714,-0.35714285714285715,0.0,0.8461538461538461
4,1,0,0,-0.2850726156610271,-0.6428571428571429,-0.3229748477384611,3,2,1,0,6,5,4,3,2,1,1,1,1,1,0,0,1,1,1,1,0,0,0,0,1,1,0,0,0,0,0,0,0,0,0,0,0,0,0,0,0.9801827459356829,-0.00826499949819646,-0.014159791601738176,-0.08001928742377641,0.14207192099869573,2.158609495312419,0.5258778625954199,-0.026833759590792858,0.2269785963165754,0.013786312161496799,-1.0,-0.8214285714285714,-0.6428571428571429,-0.42857142857142855,-0.5714285714285714,-0.5,-0.2857142857142857,0.5714285714285714,-0.36363636363636365,0.0
5,0,1,0,-0.31861057044467733,-0.7142857142857143,-0.5309306825276788,4,3,2,1,0,6,5,4,3,2,1,1,1,1,1,0,0,1,1,1,0,0,0,0,0,1,1,0,0,0,0,0,0,0,0,0,0,0,0,0,-0.28479886080455674,0.971727798145098,-0.011807666750951096,-0.016511916452525255,-0.08151667598285821,0.13916599756234227,2.035147219193021,0.49081329923273653,-0.027874564459930314,0.22058099458394878,-0.6428571428571429,-0.9642857142857143,-0.7857142857142857,-0.6428571428571429,-0.42857142857142855,-0.5714285714285714,-0.5,-0.2857142857142857,0.5818181818181818,-0.38461538461538464
6,0,1,0,-0.194041024105405,-0.7857142857142857,-0.24608854895525875,5,4,3,2,1,0,6,5,4,3,0,1,1,1,1,1,0,0,1,1,1,0,0,0,0,0,1,1,0,0,0,0,0,0,0,0,0,0,0,0,-0.3180253945650884,-0.28691355400881996,0.964324146325687,-0.014159791601738176,-0.018632383081796162,-0.08264930653835263,0.12893129770992368,1.9066700767263427,0.4758586361373818,-0.03151157065484983,-0.7142857142857143,-0.6071428571428571,-0.9285714285714286,-0.7857142857142857,-0.6428571428571429,-0.42857142857142855,-0.5714285714285714,-0.5,-0.2909090909090909,0.6153846153846154
0,1,0,0,-0.313819434047013,-0.7142857142857143,-0.511108122911221,6,5,4,3,2,1,0,6,5,4,0,0,1,1,1,1,1,0,0,1,1,1,0,0,0,0,0,1,1,0,0,0,0,0,0,0,0,0,0,0,-0.1946125548831138,-0.3199735520016058,-0.2893583991438265,0.9619720214748998,-0.01630333519657164,-0.02026375226003219,-0.08044711014176661,0.11843478260869564,1.853658536585366,0.4667651403249631,-0.7857142857142857,-0.6785714285714286,-0.5714285714285714,-0.9285714285714286,-0.7857142857142857,-0.6428571428571429,-0.42857142857142855,-0.5714285714285714,-0.509090909090909,-0.3076923076923077
1,1,0,0,0.014373409192992964,-1.0714285714285714,0.018535247706906614,0,6,5,4,3,2,1,0,6,5,1,0,0,1,1,1,1,1,0,0,0,1,1,0,0,0,0,0,1,1,0,0,0,0,0,0,0,0,0,0,-0.31327874688501245,-0.19717927374268696,-0.3222881470548456,-0.29171052399461356,0.9502515371716043,-0.01795317617564995,-0.021559432933478714,-0.07798465473145783,0.1134892981582877,1.8296405711472181,-0.7142857142857143,-0.75,-0.6428571428571429,-0.5714285714285714,-0.9285714285714286,-0.7857142857142857,-0.6428571428571429,-0.42857142857142855,-0.5818181818181818,-0.5384615384615384
2,1,0,0,0.0023955681988321606,-1.2857142857142858,0.1448584942545144,1,0,6,5,4,3,2,1,0,6,1,1,0,0,1,1,1,1,1,0,0,0,1,1,0,0,0,0,0,1,0,0,0,0,0,0,0,0,0,0,0.011866619200189865,-0.31525069514549353,-0.19997765481391747,-0.32464027190563266,-0.291130985653065,0.940935898842979,-0.019378407851690274,-0.02274168797953966,-0.07765057242409158,0.10832102412604629,-1.0714285714285714,-0.6785714285714286,-0.7142857142857143,-0.6428571428571429,-0.5714285714285714,-0.9285714285714286,-0.7857142857142857,-0.6428571428571429,-0.43636363636363634,-0.6153846153846154
3,1,0,0,-0.18924988770774068,-1.1428571428571428,-0.07346709229527182,2,1,0,6,5,4,3,2,1,0,1,1,1,0,0,1,1,1,1,1,0,0,0,1,1,0,0,0,0,0,0,0,0,0,0,0,0,0,0,0,0.0,0.00826499949819646,-0.3175838973532714,-0.20232977966470453,-0.3237376560462083,-0.2906011541327541,0.8857470010905125,-0.020695652173913063,-0.023892483822797413,-0.08074839980305268,-1.2857142857142858,-1.0357142857142858,-0.6428571428571429,-0.7142857142857143,-0.6428571428571429,-0.5714285714285714,-0.9285714285714286,-0.7857142857142857,-0.6545454545454545,-0.46153846153846156
4,1,0,0,-0.24195238808204822,-0.7142857142857143,-0.36680973776474557,3,2,1,0,6,5,4,3,2,1,1,1,1,1,0,0,1,1,1,1,0,0,0,0,1,1,0,0,0,0,0,0,0,0,0,0,0,0,0,0,-0.18986590720303784,-0.003542142642084197,0.0046572072045584605,-0.31993602220405853,-0.20262716601453326,-0.3229492193141054,-0.27673936750272626,0.8284092071611253,-0.021901443504230962,-0.027572624322993598,-1.1428571428571428,-1.25,-1.0,-0.6428571428571429,-0.7142857142857143,-0.6428571428571429,-0.5714285714285714,-0.9285714285714286,-0.8,-0.6923076923076923
5,0,1,0,-0.13175625093576881,-0.42857142857142855,-0.20500932393166627,4,3,2,1,0,6,5,4,3,2,1,1,1,1,1,0,0,1,1,1,0,0,0,0,0,1,1,0,0,0,0,0,0,0,0,0,0,0,0,0,-0.24207903168387326,-0.1924564168865747,-0.007103417049376937,0.0023050823537713806,-0.31907956027575923,-0.20279926292622902,-0.3072737186477644,-0.2621278772378517,0.8043802887008462,-0.025603151157065487,-0.7142857142857143,-1.1071428571428572,-1.2142857142857142,-1.0,-0.6428571428571429,-0.7142857142857143,-0.6428571428571429,-0.5714285714285714,-0.9454545454545454,-0.8461538461538461
6,0,1,0,0.22518341069022307,-0.6428571428571429,0.7157724881269402,5,4,3,2,1,0,6,5,4,3,0,1,1,1,1,1,0,0,1,1,1,0,0,0,0,0,1,1,0,0,0,0,0,0,0,0,0,0,0,0,-0.13290613504212648,-0.2444078423038096,-0.1952734051123433,-0.009455541900164018,0.0,-0.31832806714534095,-0.1938604143947655,-0.2907723785166241,-0.25684420109507217,0.7917282127031019,-0.42857142857142855,-0.6785714285714286,-1.0714285714285714,-1.2142857142857142,-1.0,-0.6428571428571429,-0.7142857142857143,-0.6428571428571429,-0.5818181818181818,-1.0
0,1,0,0,1.192992963018416,-1.0714285714285714,1.4997252793252454,6,5,4,3,2,1,0,6,5,4,0,0,1,1,1,1,1,0,0,1,1,1,0,0,0,0,0,1,1,0,0,0,0,0,0,0,0,0,0,0,0.22071911712353148,-0.13578213461322755,-0.24702015182965906,-0.19762552996313038,-0.0116452394261226,-0.0017791435849742816,-0.30291166848418755,-0.18437851662404095,-0.2847187655550025,-0.25800098473658295,-0.6428571428571429,-0.39285714285714285,-0.6428571428571429,-1.0714285714285714,-1.2142857142857142,-1.0,-0.6428571428571429,-0.7142857142857143,-0.6545454545454545,-0.6153846153846154
1,1,0,0,-0.42880670759095674,-0.35714285714285715,-0.6418579713962526,0,6,5,4,3,2,1,0,6,5,1,0,0,1,1,1,1,1,0,0,0,1,1,0,0,0,0,0,1,1,0,0,0,0,0,0,0,0,0,0,1.1795419484988725,0.216070701167136,-0.1388224086934534,-0.24937227668044615,-0.19796907024408422,-0.013332024006885474,-0.004111232279171191,-0.2866803069053709,-0.18118466898954705,-0.28557360905957657,-1.0714285714285714,-0.6071428571428571,-0.35714285714285715,-0.6428571428571429,-1.0714285714285714,-1.2142857142857142,-1.0,-0.6428571428571429,-0.7272727272727273,-0.6923076923076923
2,1,0,0,-0.42880670759095674,-0.42857142857142855,-0.7079798458767819,1,0,6,5,4,3,2,1,0,6,1,1,0,0,1,1,1,1,1,0,0,0,1,1,0,0,0,0,0,1,0,0,0,0,0,0,0,0,0,0,-0.42719829120683517,1.170087786101813,0.21164419407382146,-0.14117453354424048,-0.24920812371902365,-0.19817811075746455,-0.015016357688113394,-0.006373401534526873,-0.28073668491786957,-0.1831610044313146,-0.35714285714285715,-1.0357142857142858,-0.5714285714285714,-0.35714285714285715,-0.6428571428571429,-1.0714285714285714,-1.2142857142857142,-1.0,-0.6545454545454545,-0.7692307692307693
3,1,0,0,1.9739481958377003,-0.07142857142857142,3.277963845965162,2,1,0,6,5,4,3,2,1,0,1,1,1,0,0,1,1,1,1,1,0,0,0,1,1,0,0,0,0,0,0,0,0,0,0,0,0,0,0,0,-0.42719829120683517,-0.4285992596921878,1.1619026337918017,0.2092920692230344,-0.14207192099869573,-0.2490107846138738,-0.18949836423118863,-0.016603580562659866,-0.007964161274265804,-0.2816346627277203,-0.42857142857142855,-0.32142857142857145,-1.0,-0.5714285714285714,-0.35714285714285715,-0.6428571428571429,-1.0714285714285714,-1.2142857142857142,-1.018181818181818,-0.6923076923076923
4,1,0,0,-0.21320556969606227,0.0,-0.34586889324767134,3,2,1,0,6,5,4,3,2,1,1,1,1,1,0,0,1,1,1,1,0,0,0,0,1,1,0,0,0,0,0,0,0,0,0,0,0,0,0,0,1.9532455203512518,-0.4285992596921878,-0.43048589019105127,1.1595505089410145,0.20495621389975777,-0.14272428473229082,-0.23748091603053434,-0.18028644501278773,-0.017919362867098058,-0.011816838995568686,-0.07142857142857142,-0.39285714285714285,-0.2857142857142857,-1.0,-0.5714285714285714,-0.35714285714285715,-0.6428571428571429,-1.0714285714285714,-1.2363636363636363,-1.0769230769230769
5,0,1,0,0.6659679592753406,0.5,0.9483771283947595,4,3,2,1,0,6,5,4,3,2,1,1,1,1,1,0,0,1,1,1,0,0,0,0,0,1,1,0,0,0,0,0,0,0,0,0,0,0,0,0,-0.21359914560341758,1.939913453648112,-0.43048589019105127,-0.43283801504183833,1.145891559530464,0.2015515518406627,-0.13715376226826606,-0.2252992327365729,-0.17720258835241415,-0.021664204825209258,0.0,-0.03571428571428571,-0.35714285714285715,-0.2857142857142857,-1.0,-0.5714285714285714,-0.35714285714285715,-0.6428571428571429,-1.0909090909090908,-1.3076923076923077
6,0,1,0,0.2874681838598593,-0.14285714285714285,0.8117807958596669,5,4,3,2,1,0,6,5,4,3,0,1,1,1,1,1,0,0,1,1,1,0,0,0,0,0,1,1,0,0,0,0,0,0,0,0,0,0,0,0,0.6574107036905186,-0.216070701167136,1.9286953351483895,-0.43283801504183833,-0.4308738587665362,1.1350242899310872,0.1878189749182116,-0.13118158567774937,-0.22100547536087606,-0.1792220580994584,0.5,0.03571428571428571,0.0,-0.35714285714285715,-0.2857142857142857,-1.0,-0.5714285714285714,-0.35714285714285715,-0.6545454545454545,-1.1538461538461537
0,1,0,0,-0.5413984129360683,-0.5714285714285714,-0.8994511282880819,6,5,4,3,2,1,0,6,5,4,0,0,1,1,1,1,1,0,0,1,1,1,0,0,0,0,0,1,1,0,0,0,0,0,0,0,0,0,0,0,0.2824255369645188,0.6505735319294642,-0.2187946536202141,1.9263432102976026,-0.4308738587665362,-0.4292357191956884,1.0689531079607415,0.17367774936061378,-0.1294176207068193,-0.2225504677498769,-0.14285714285714285,0.5357142857142857,0.07142857142857142,0.0,-0.35714285714285715,-0.2857142857142857,-1.0,-0.5714285714285714,-0.36363636363636365,-0.6923076923076923
1,1,0,0,-0.6396167090881869,-0.8571428571428571,-1.0842055204096834,0,6,5,4,3,2,1,0,6,5,1,0,0,1,1,1,1,1,0,0,0,1,1,0,0,0,0,0,1,1,0,0,0,0,0,0,0,0,0,0,-0.5387445116886199,0.27746784029659544,0.6444351666186441,-0.22114677847100117,1.9051611701136575,-0.4292357191956884,-0.4076008724100327,1.0002762148337596,0.1672473867595819,-0.13195470211718366,-0.5714285714285714,-0.10714285714285714,0.5714285714285714,0.07142857142857142,0.0,-0.35714285714285715,-0.2857142857142857,-1.0,-0.5818181818181818,-0.38461538461538464
2,1,0,0,-0.29465488845635573,-0.07142857142857142,-0.47619520755263495,1,0,6,5,4,3,2,1,0,6,1,1,0,0,1,1,1,1,1,0,0,0,1,1,0,0,0,0,0,1,0,0,0,0,0,0,0,0,0,0,-0.6360507891301768,-0.539586395810826,0.27279944019428554,0.642083041767857,-0.22125954909632942,1.8882720934396968,-0.4076008724100327,-0.3848900255754476,0.971627675460428,0.16149679960610536,-0.8571428571428571,-0.5357142857142857,-0.07142857142857142,0.5714285714285714,0.07142857142857142,0.0,-0.35714285714285715,-0.2857142857142857,-1.018181818181818,-0.6153846153846154
3,1,0,0,-0.34735738883066325,-0.5714285714285714,-0.4935797182779614,2,1,0,6,5,4,3,2,1,0,1,1,1,0,0,1,1,1,1,1,0,0,0,1,1,0,0,0,0,0,0,0,0,0,0,0,0,0,0,0,-0.29429215616470866,-0.6364049613611273,-0.541035758178044,0.2704473153434985,0.6335010247810695,-0.22128387160128693,1.7799672846237733,-0.3848900255754476,-0.37630662020905925,0.9571639586410635,-0.07142857142857142,-0.8214285714285714,-0.5,-0.07142857142857142,0.5714285714285714,0.07142857142857142,0.0,-0.35714285714285715,-0.2909090909090909,-1.0769230769230769
4,1,0,0,-0.17487647851474772,-0.07142857142857142,-0.29876752865492856,3,2,1,0,6,5,4,3,2,1,1,1,1,1,0,0,1,1,1,1,0,0,0,0,1,1,0,0,0,0,0,0,0,0,0,0,0,0,0,0,-0.3465052806455441,-0.2963592677210445,-0.6374728770603143,-0.5433878830288311,0.2655114589155953,0.6266975513669946,-0.21130861504907306,1.6672838874680307,-0.37630662020905925,-0.3761693746922698,-0.5714285714285714,-0.03571428571428571,-0.7857142857142857,-0.5,-0.07142857142857142,0.5714285714285714,0.07142857142857142,0.0,-0.36363636363636365,-0.3076923076923077
5,0,1,0,0.9318760293457105,0.07142857142857142,2.128924177266385,4,3,2,1,0,6,5,4,3,2,1,1,1,1,1,0,0,1,1,1,0,0,0,0,0,1,1,0,0,0,0,0,0,0,0,0,0,0,0,0,-0.17562596416281,-0.3483106931382794,-0.2987668985469748,-0.6398250019111014,-0.5403391093720886,0.2616265300346009,0.5891275899672846,-0.20074680306905374,1.6207068193130911,-0.3761693746922698,-0.07142857142857142,-0.5357142857142857,0.0,-0.7857142857142857,-0.5,-0.07142857142857142,0.5714285714285714,0.07142857142857142,0.0,-0.38461538461538464
6,0,1,0,1.0205120527025004,-0.21428571428571427,2.055102735865781,5,4,3,2,1,0,6,5,4,3,0,1,1,1,1,1,0,0,1,1,1,0,0,0,0,0,1,1,0,0,0,0,0,0,0,0,0,0,0,0,0.9208496499347335,-0.1782878463182379,-0.3505136452642906,-0.30111902339776186,-0.635830072666294,-0.5378327951616536,0.24452562704471104,0.5501483375959079,-0.19711299153807865,1.5992122107336288,0.07142857142857142,-0.03571428571428571,-0.5,0.0,-0.7857142857142857,-0.5,-0.07142857142857142,0.5714285714285714,0.07272727272727272,0.0
0,1,0,0,0.9845785297200179,-0.2857142857142857,2.241997446297416,6,5,4,3,2,1,0,6,5,4,0,0,1,1,1,1,1,0,0,1,1,1,0,0,0,0,0,1,1,0,0,0,0,0,0,0,0,0,0,0,1.0086626320161385,0.9126920874436948,-0.18116065600762082,-0.35286577011507764,-0.3004471771939631,-0.6325664146213253,-0.5101090512540895,0.22687468030690536,0.5335988053758088,-0.19891678975873953,-0.21428571428571427,0.10714285714285714,0.0,-0.5,0.0,-0.7857142857142857,-0.5,-0.07142857142857142,0.5818181818181818,0.07692307692307693
1,1,0,0,2.189549333732595,-1.0,2.5500473748596835,0,6,5,4,3,2,1,0,6,5,1,0,0,1,1,1,1,1,0,0,0,1,1,0,0,0,0,0,1,1,0,0,0,0,0,0,0,0,0,0,0.973062774415569,1.0000649392817715,0.90552102505601,-0.18351278085840791,-0.35168623066890253,-0.29984345847028304,-0.5995310796074155,-0.4810537084398977,0.2190144350423096,0.5238798621368784,-0.2857142857142857,-0.17857142857142858,0.14285714285714285,0.0,-0.5,0.0,-0.7857142857142857,-0.5,-0.07272727272727272,0.6153846153846154
2,1,0,0,0.06947147776613266,-0.42857142857142855,0.17973136236425147,1,0,6,5,4,3,2,1,0,6,1,1,0,0,1,1,1,1,1,0,0,0,1,1,0,0,0,0,0,1,0,0,0,0,0,0,0,0,0,0,2.1668446659546694,0.9646435128609296,0.9925496445351318,0.9031689002052229,-0.18399478293273708,-0.3506761323266923,-0.28546346782988,-0.5649411764705883,-0.4698855151816824,0.21270310192023634,-1.0,-0.25,-0.14285714285714285,0.14285714285714285,0.0,-0.5,0.0,-0.7857142857142857,-0.509090909090909,-0.07692307692307693
3,1,0,0,-0.22997454708788742,0.07142857142857142,-0.4949743291956355,2,1,0,6,5,4,3,2,1,0,1,1,1,0,0,1,1,1,1,1,0,0,0,1,1,0,0,0,0,0,0,0,0,0,0,0,0,0,0,0,0.06645306752106324,2.1524420121731636,0.9572677717733257,0.9901975196843448,0.8920253400409912,-0.18431465425117113,-0.3334460196292257,-0.27031202046035807,-0.5515181682429069,-0.4687346134908912,-0.42857142857142855,-0.9642857142857143,-0.21428571428571427,-0.14285714285714285,0.14285714285714285,0.0,-0.5,0.0,-0.8,-0.5384615384615384
4,1,0,0,-0.27788591106453064,0.7857142857142857,-0.4148078845437816,3,2,1,0,6,5,4,3,2,1,1,1,1,1,0,0,1,1,1,1,0,0,0,0,1,1,0,0,0,0,0,0,0,0,0,0,0,0,0,0,-0.23021241248368338,0.06257785334348748,2.1403865717192265,0.9549156469225386,0.9782001117942984,0.8831714967334231,-0.17641221374045798,-0.31532480818414327,-0.26480836236933797,-0.5494830132939439,0.07142857142857142,-0.39285714285714285,-0.9285714285714286,-0.21428571428571427,-0.14285714285714285,0.14285714285714285,0.0,-0.5,0.0,-0.8461538461538461
5,0,1,0,0.13415181913460097,0.35714285714285715,0.36632185179859617,4,3,2,1,0,6,5,4,3,2,1,1,1,1,1,0,0,1,1,1,0,0,0,0,0,1,1,0,0,0,0,0,0,0,0,0,0,0,0,0,-0.27767888928444284,-0.23260070016352893,0.05875607877266129,2.13803444686844,0.9432643935159306,0.9686628118555659,0.8312213740458015,-0.16801023017902816,-0.3086112493777999,-0.2658788774002954,0.7857142857142857,0.10714285714285714,-0.35714285714285715,-0.9285714285714286,-0.21428571428571427,-0.14285714285714285,0.14285714285714285,0.0,-0.509090909090909,0.0
6,0,1,0,0.22039227429255875,0.14285714285714285,0.5159001214709009,5,4,3,2,1,0,6,5,4,3,0,1,1,1,1,1,0,0,1,1,1,0,0,0,0,0,1,1,0,0,0,0,0,0,0,0,0,0,0,0,0.1305328112020885,-0.2798292687246516,-0.23525952757572366,0.05640395392187421,2.1147754797838645,0.9340041705898323,0.9119193020719738,0.7772583120204604,-0.16525634644101542,-0.30920728705071393,0.35714285714285715,0.8214285714285714,0.14285714285714285,-0.35714285714285715,-0.9285714285714286,-0.21428571428571427,-0.14285714285714285,0.14285714285714285,0.0,-0.5384615384615384
0,1,0,0,-0.033537954783650244,-0.7142857142857143,-0.015055970345702697,6,5,4,3,2,1,0,6,5,4,0,0,1,1,1,1,1,0,0,1,1,1,0,0,0,0,0,1,1,0,0,0,0,0,0,0,0,0,0,0,0.21597246944345555,0.12633642090100303,-0.28230202459146525,-0.23761165242651075,0.05356810136016396,2.0962239410340984,0.8792039258451473,0.8529616368286445,0.754604280736685,-0.1674052191038897,0.14285714285714285,0.39285714285714285,0.8571428571428571,0.14285714285714285,-0.35714285714285715,-0.9285714285714286,-0.21428571428571427,-0.14285714285714285,0.14545454545454545,0.0
1,1,0,0,0.28267704746219496,-1.0,0.7505359858191311,0,6,5,4,3,2,1,0,6,5,1,0,0,1,1,1,1,1,0,0,0,1,1,0,0,0,0,0,1,1,0,0,0,0,0,0,0,0,0,0,-0.03559985760056959,0.21134784431102374,0.12226344974391244,-0.2846541494422523,-0.23756288429290107,0.0513641063558172,1.9762595419847329,0.8222710997442455,0.8282727725236436,0.7424913835548991,-0.7142857142857143,0.17857142857142858,0.42857142857142855,0.8571428571428571,0.14285714285714285,-0.35714285714285715,-0.9285714285714286,-0.21428571428571427,-0.14545454545454545,0.15384615384615385
2,1,0,0,-0.26351250187153763,-0.7142857142857143,-0.44158996554037805,1,0,6,5,4,3,2,1,0,6,1,1,0,0,1,1,1,1,1,0,0,0,1,1,0,0,0,0,0,1,0,0,0,0,0,0,0,0,0,0,0.27767888928444284,-0.03896356906292617,0.2069399443722473,0.11991132489312537,-0.28414384199739146,-0.2374579041919626,0.04605234460196294,1.8514271099744246,0.7984071677451469,0.8153618906942393,-1.0,-0.6785714285714286,0.21428571428571427,0.42857142857142855,0.8571428571428571,0.14285714285714285,-0.35714285714285715,-0.9285714285714286,-0.21818181818181817,-0.15384615384615385
3,1,0,0,0.4144332983979638,-0.5,0.8675823562178618,2,1,0,6,5,4,3,2,1,0,1,1,1,0,0,1,1,1,1,1,0,0,0,1,1,0,0,0,0,0,0,0,0,0,0,0,0,0,0,0,-0.263438946244215,0.27274498344048315,-0.042385289811183134,0.2045878195214602,0.11645239426122601,-0.28366942587960736,-0.22657579062159214,0.04068542199488489,1.7999004479840717,0.7858197932053176,-0.7142857142857143,-0.9642857142857143,-0.6428571428571429,0.21428571428571427,0.42857142857142855,0.8571428571428571,0.14285714285714285,-0.35714285714285715,-0.9454545454545454,-0.23076923076923078
4,1,0,0,-0.2491390926785447,0.2857142857142857,-0.14974508717785484,3,2,1,0,6,5,4,3,2,1,1,1,1,1,0,0,1,1,1,1,0,0,0,0,1,1,0,0,0,0,0,0,0,0,0,0,0,0,0,0,0.4082117004865314,-0.26566069815631477,0.26809519049271135,-0.04473741466197021,0.20029811812930873,0.11374966063413765,-0.2701962922573609,-0.21506905370843993,0.037829766052762566,1.776464795667159,-0.5,-0.6785714285714286,-0.9285714285714286,-0.6428571428571429,0.21428571428571427,0.42857142857142855,0.8571428571428571,0.14285714285714285,-0.36363636363636365,-1.0
5,0,1,0,0.522233867345411,0.2857142857142857,1.0127244954693961,4,3,2,1,0,6,5,4,3,2,1,1,1,1,1,0,0,1,1,1,0,0,0,0,0,1,1,0,0,0,0,0,0,0,0,0,0,0,0,0,-0.24919900320398716,0.4026235469835704,-0.26818927548674276,0.2657430656419243,-0.0465809577044904,0.19693039967189824,0.10494002181025083,-0.2559897698209719,-0.2110502737680438,0.03348104382077794,0.2857142857142857,-0.4642857142857143,-0.6428571428571429,-0.9285714285714286,-0.6428571428571429,0.21428571428571427,0.42857142857142855,0.8571428571428571,0.14545454545454545,-0.38461538461538464
6,0,1,0,-0.6132654589010331,-0.35714285714285715,-0.9640543834734671,5,4,3,2,1,0,6,5,4,3,0,1,1,1,1,1,0,0,1,1,1,0,0,0,0,0,1,1,0,0,0,0,0,0,0,0,0,0,0,0,0.5150112732882401,-0.251492127587978,0.39746205728600076,-0.2705414003375298,0.26085336314514623,-0.047990665272619054,0.1834569247546347,0.09592838874680305,-0.2508710801393728,-0.21270310192023634,0.2857142857142857,0.32142857142857145,-0.42857142857142855,-0.6428571428571429,-0.9285714285714286,-0.6428571428571429,0.21428571428571427,0.42857142857142855,0.8727272727272727,0.15384615384615385
0,0,0,1,-0.19164545590657284,-0.2857142857142857,0.0933504132548108,6,5,4,3,2,1,0,6,5,4,0,0,1,1,1,1,1,0,0,1,1,1,0,0,0,0,0,1,1,0,0,0,0,0,0,0,0,0,0,0,-0.609944226889759,0.5088878262460963,-0.2540765263820203,0.3951099324352137,-0.2701695546860443,0.25700537786583644,-0.047731733914940004,0.1695856777493606,0.09158785465405675,-0.25209256523879864,-0.35714285714285715,0.32142857142857145,0.35714285714285715,-0.42857142857142855,-0.6428571428571429,-0.9285714285714286,-0.6428571428571429,0.21428571428571427,0.43636363636363634,0.9230769230769231
1,1,0,0,-0.3090282976493487,-0.07142857142857142,-0.33938151512206555,0,6,5,4,3,2,1,0,6,5,0,0,0,1,1,1,1,1,0,0,0,1,1,0,0,0,0,0,1,1,1,0,0,0,0,0,0,0,0,0,-0.19223923104307583,-0.6104292486525099,0.5033076755714193,-0.2564286512328074,0.38895099683249484,-0.26980596937331397,0.24016357688113416,-0.04729411764705884,0.16326530612244897,0.08665681930083703,-0.2857142857142857,-0.32142857142857145,0.35714285714285715,0.35714285714285715,-0.42857142857142855,-0.6428571428571429,-0.9285714285714286,-0.6428571428571429,0.21818181818181817,0.46153846153846156
2,1,0,0,0.2060188650995658,-0.42857142857142855,0.4923524772416836,1,0,6,5,4,3,2,1,0,6,1,0,0,0,1,1,1,1,1,0,0,0,1,1,0,0,0,0,0,1,0,1,0,0,0,0,0,0,0,0,-0.3085320992049365,-0.19481784531463084,-0.6115995037016564,0.5009555507206322,-0.2561952673746972,0.38408706250685953,-0.2571101417666303,0.22278260869565217,-0.047784967645594825,0.15755785327424915,-0.07142857142857142,-0.25,-0.2857142857142857,0.35714285714285715,0.35714285714285715,-0.42857142857142855,-0.6428571428571429,-0.9285714285714286,-0.6545454545454545,0.23076923076923078
3,1,0,0,-0.19643659230423716,-0.42857142857142855,-0.06278649102725854,2,1,0,6,5,4,3,2,1,0,1,1,0,0,0,1,1,1,1,1,0,0,0,1,1,0,0,0,0,0,0,0,1,0,0,0,0,0,0,0,0.2017325264032277,-0.3105278382893813,-0.19762552996313038,-0.6139516285524435,0.4937581516675983,-0.2559425128670205,0.3601199563794984,-0.24371355498721228,0.2150323544051767,-0.05120630231413097,-0.42857142857142855,-0.03571428571428571,-0.21428571428571427,-0.2857142857142857,0.35714285714285715,0.35714285714285715,-0.42857142857142855,-0.6428571428571429,-0.9454545454545454,-0.6923076923076923
4,1,0,0,-0.0023955681988321606,0.07142857142857142,-0.18262981652318416,3,2,1,0,6,5,4,3,2,1,1,1,1,0,0,0,1,1,1,1,0,0,0,0,1,1,0,0,0,0,0,0,0,1,0,0,0,0,0,0,-0.19698587872315176,0.19717927374268696,-0.3128796476516973,-0.19997765481391747,-0.6102105459288243,0.4880629863040603,-0.24402399127589966,0.33531457800511505,-0.2389248382279741,0.2087641555883801,-0.42857142857142855,-0.39285714285714285,0.0,-0.21428571428571427,-0.2857142857142857,0.35714285714285715,0.35714285714285715,-0.42857142857142855,-0.6545454545454545,-1.0
5,0,1,0,0.18685431950890852,0.8571428571428571,0.5081306790062827,4,3,2,1,0,6,5,4,3,2,1,1,1,1,0,0,0,1,1,1,0,0,0,0,0,1,1,0,0,0,0,0,0,0,1,0,0,0,0,0,-0.004746647680075946,-0.1995407021707431,0.19282719526752481,-0.31523177250248435,-0.20029811812930873,-0.6071500776931208,0.45826608505997823,-0.23143734015345271,0.3245395719263315,-0.24027572624322993,0.07142857142857142,-0.39285714285714285,-0.35714285714285715,0.0,-0.21428571428571427,-0.2857142857142857,0.35714285714285715,0.35714285714285715,-0.43636363636363634,-0.6923076923076923
6,0,1,0,0.3329839796376703,-0.5,0.9644649368211495,5,4,3,2,1,0,6,5,4,3,0,1,1,1,1,0,0,0,1,1,1,0,0,0,0,0,1,1,0,0,0,0,0,0,0,1,0,0,0,0,0.18274593568292394,-0.00826499949819646,-0.20232977966470453,0.19047507041673775,-0.3144214645053102,-0.20048868684184679,-0.5755398037077426,0.427386189258312,-0.2269785963165754,0.3170851797144264,0.8571428571428571,0.10714285714285714,-0.35714285714285715,-0.35714285714285715,0.0,-0.21428571428571427,-0.2857142857142857,0.35714285714285715,0.36363636363636365,-0.46153846153846156
0,1,0,0,0.36173079802365626,-0.5714285714285714,0.7089121182111929,6,5,4,3,2,1,0,6,5,4,0,0,1,1,1,1,0,0,0,1,1,1,0,0,0,0,0,1,1,0,0,0,0,0,0,0,1,0,0,0,0.3275186899252403,0.1782878463182379,-0.011807666750951096,-0.20468190451549162,0.1863238308179616,-0.3137069149765765,-0.19167938931297707,-0.5424347826086957,0.4141363862618218,-0.22845888724766125,-0.5,0.8928571428571429,0.14285714285714285,-0.35714285714285715,-0.35714285714285715,0.0,-0.21428571428571427,-0.2857142857142857,0.36363636363636365,0.38461538461538464
1,1,0,0,0.12456954633927235,-0.9285714285714286,0.18918002740129433,0,6,5,4,3,2,1,0,6,5,1,0,0,1,1,1,1,0,0,0,0,1,1,0,0,0,0,0,1,1,0,0,0,0,0,0,0,1,0,0,0.35599857600569595,0.3223349804296619,0.1740101964612282,-0.014159791601738176,-0.20495621389975777,0.1830669431656048,-0.29854961832061067,-0.18233248081841433,-0.5296167247386759,0.4057114721811915,-0.5714285714285714,-0.4642857142857143,0.9285714285714286,0.14285714285714285,-0.35714285714285715,-0.35714285714285715,0.0,-0.21428571428571427,-0.2909090909090909,0.38461538461538464
2,1,0,0,0.08384488695912562,-0.2857142857142857,0.06966605600366087,1,0,6,5,4,3,2,1,0,6,1,1,0,0,1,1,1,1,0,0,0,0,1,1,0,0,0,0,0,1,0,0,0,0,0,0,0,0,1,0,0.12103951584193663,0.3506721215663355,0.31748981235924006,0.1716580716104411,-0.01630333519657164,-0.20510983901061128,0.17037077426390407,-0.28258823529411764,-0.1791936286709806,-0.5278188084687346,-0.9285714285714286,-0.5357142857142857,-0.42857142857142855,0.9285714285714286,0.14285714285714285,-0.35714285714285715,-0.35714285714285715,0.0,-0.21818181818181817,-0.3076923076923077
3,1,0,0,-0.10061386435095074,-1.0,-0.40882565412951866,2,1,0,6,5,4,3,2,1,0,1,1,1,0,0,1,1,1,1,0,0,0,0,1,1,0,0,0,0,0,0,0,0,0,0,0,0,0,0,1,0.08069301056129108,0.1168907071887785,0.345715310568685,0.31513768750845295,0.16769144773616546,-0.01795317617564995,-0.19604143947655395,0.157309462915601,-0.27675460428073667,-0.1811915312653865,-0.2857142857142857,-0.8928571428571429,-0.5,-0.42857142857142855,0.9285714285714286,0.14285714285714285,-0.35714285714285715,-0.35714285714285715,0.0,-0.23076923076923078
4,1,0,0,-0.5988920497080401,-0.35714285714285715,-0.9600307397158406,3,2,1,0,6,5,4,3,2,1,1,1,1,1,0,0,1,1,1,1,0,0,0,0,1,1,0,0,0,0,0,0,0,0,0,0,0,0,0,0,-0.10205292512163285,0.07674642391182426,0.11285495034076412,0.3433631857178979,0.30976336873486116,0.16458233449054688,-0.019378407851690274,-0.18642455242966754,0.15131906421105026,-0.2776957163958641,-1.0,-0.25,-0.8571428571428571,-0.5,-0.42857142857142855,0.9285714285714286,0.14285714285714285,-0.35714285714285715,-0.36363636363636365,0.0
5,0,1,0,0.43120227578978887,-0.14285714285714285,0.6284879902270903,4,3,2,1,0,6,5,4,3,2,1,1,1,1,1,0,0,1,1,1,0,0,0,0,0,1,1,0,0,0,0,0,0,0,0,0,0,0,0,0,-0.5957042838495312,-0.10508356504849785,0.07286882787738377,0.11050282548997704,0.33771194335755544,0.3055274756378634,0.15292257360959652,-0.020695652173913063,-0.1831757093081135,0.14574101427868044,-0.35714285714285715,-0.9642857142857143,-0.21428571428571427,-0.8571428571428571,-0.5,-0.42857142857142855,0.9285714285714286,0.14285714285714285,-0.36363636363636365,-0.38461538461538464
6,0,1,0,0.1269651145381045,-0.07142857142857142,0.305620165308829,5,4,3,2,1,0,6,5,4,3,0,1,1,1,1,1,0,0,1,1,1,0,0,0,0,0,1,1,0,0,0,0,0,0,0,0,0,0,0,0,0.4248249673667972,-0.5962606780841732,-0.10824478563322136,0.07051670302659668,0.10713620272032792,0.3332543886504503,0.28596510359869143,0.1409411764705882,-0.021901443504230962,-0.18513047759724274,-0.14285714285714285,-0.32142857142857145,-0.9285714285714286,-0.21428571428571427,-0.8571428571428571,-0.5,-0.42857142857142855,0.9285714285714286,0.14545454545454545,-0.38461538461538464
0,1,0,0,-0.48390477616409644,-0.07142857142857142,-0.7281041407992223,6,5,4,3,2,1,0,6,5,4,0,0,1,1,1,1,1,0,0,1,1,1,0,0,0,0,0,1,1,0,0,0,0,0,0,0,0,0,0,0,0.1234128396819746,0.4191535459799633,-0.5974867545969339,-0.11059691048400844,0.06754238867151108,0.10450735629660869,0.3121374045801527,0.2657493606138107,0.13539074166251866,-0.025603151157065487,-0.07142857142857142,-0.10714285714285714,-0.2857142857142857,-0.9285714285714286,-0.21428571428571427,-0.8571428571428571,-0.5,-0.42857142857142855,0.9454545454545454,0.15384615384615385
1,1,0,0,0.05270250037430753,-0.9285714285714286,0.20240625275648494,0,6,5,4,3,2,1,0,6,5,1,0,0,1,1,1,1,1,0,0,0,1,1,0,0,0,0,0,1,1,0,0,0,0,0,0,0,0,0,0,-0.4817847395277085,0.11925213561683463,0.4139269312415103,-0.599838879447721,-0.11179429849077696,0.06522756286211064,0.09621592148309707,0.2903017902813299,0.25684420109507217,0.12998522895125553,-0.07142857142857142,-0.03571428571428571,-0.07142857142857142,-0.2857142857142857,-0.9285714285714286,-0.21428571428571427,-0.8571428571428571,-0.5,-0.43636363636363634,1.0
2,1,0,0,-0.23476568348555174,-0.35714285714285715,-0.2709739093899924,1,0,6,5,4,3,2,1,0,6,1,1,0,0,1,1,1,1,1,0,0,0,1,1,0,0,0,0,0,1,0,0,0,0,0,0,0,0,0,0,0.04983980064079743,-0.48291211353747887,0.1152070751915512,0.41157480639072325,-0.5962362586174772,-0.11268679563532173,0.05913849509269359,0.08774424552429666,0.28073668491786957,0.25012309207287053,-0.9285714285714286,-0.03571428571428571,0.0,-0.07142857142857142,-0.2857142857142857,-0.9285714285714286,-0.21428571428571427,-0.8571428571428571,-0.509090909090909,-0.46153846153846156
3,1,0,0,0.13894295553226532,-0.9285714285714286,0.03546777689608619,2,1,0,6,5,4,3,2,1,0,1,1,1,0,0,1,1,1,1,1,0,0,0,1,1,0,0,0,0,0,0,0,0,0,0,0,0,0,0,0,-0.23495906016375934,0.04604785434709456,-0.4845847617591541,0.11285495034076412,0.4052543320290665,-0.5932866211868273,-0.10880043620501634,0.052961636828644486,0.08362369337979095,0.2737567700640079,-0.35714285714285715,-0.8928571428571429,0.0,0.0,-0.07142857142857142,-0.2857142857142857,-0.9285714285714286,-0.21428571428571427,-0.8727272727272727,-0.5384615384615384
4,1,0,0,0.08863602335678994,-0.7857142857142857,0.19595726475218953,3,2,1,0,6,5,4,3,2,1,1,1,1,1,0,0,1,1,1,1,0,0,0,0,1,1,0,0,0,0,0,0,0,0,0,0,0,0,0,0,0.13527945888216447,-0.2373235570196412,0.042291204817151734,-0.48693688660994117,0.10946525060555244,0.4002610950975352,-0.562453653217012,-0.1045831202046036,0.049776007964161276,0.07877892663712457,-0.9285714285714286,-0.32142857142857145,-0.8571428571428571,0.0,0.0,-0.07142857142857142,-0.2857142857142857,-0.9285714285714286,-0.21818181818181817,-0.9230769230769231
5,0,1,0,0.36173079802365626,-0.07142857142857142,0.812635735575611,4,3,2,1,0,6,5,4,3,2,1,1,1,1,1,0,0,1,1,1,0,0,0,0,0,1,1,0,0,0,0,0,0,0,0,0,0,0,0,0,0.08543965824136703,0.1310592777571153,-0.2399637772772978,0.03993907996636466,-0.4844419601267002,0.10681793238099092,0.37538713195201745,-0.5301585677749361,-0.10353409656545545,0.04529788281634663,-0.7857142857142857,-0.8928571428571429,-0.2857142857142857,-0.8571428571428571,0.0,0.0,-0.07142857142857142,-0.2857142857142857,-0.9454545454545454,-0.23076923076923078
6,0,1,0,-0.17248091031591556,-0.6428571428571429,-0.044013583612527676,5,4,3,2,1,0,6,5,4,3,0,1,1,1,1,1,0,0,1,1,1,0,0,0,0,0,1,1,0,0,0,0,0,0,0,0,0,0,0,0,0.35599857600569595,0.08146928076793652,0.1269676994454866,-0.2423159021280849,0.037264766163592325,-0.4823789691364799,0.09839694656488551,0.34963682864450124,-0.5176704828272772,-0.10635155096011817,-0.07142857142857142,-0.75,-0.8571428571428571,-0.2857142857142857,-0.8571428571428571,0.0,0.0,-0.07142857142857142,-0.2909090909090909,-1.0
0,1,0,0,0.22278784249139091,-0.7142857142857143,0.5762507731104128,6,5,4,3,2,1,0,6,5,4,0,0,1,1,1,1,1,0,0,1,1,1,0,0,0,0,0,1,1,0,0,0,0,0,0,0,0,0,0,0,-0.17325264032277204,0.3506721215663355,0.07757307757895793,0.12461557459469952,-0.2422209800633501,0.035190073765141536,-0.45776444929116683,0.08979028132992325,0.3384768541562967,-0.5160019694731659,-0.6428571428571429,-0.03571428571428571,-0.7142857142857143,-0.8571428571428571,-0.2857142857142857,-0.8571428571428571,0.0,0.0,-0.07272727272727272,-0.3076923076923077
1,1,0,0,0.06707590956730049,-0.5,0.5900895832790307,0,6,5,4,3,2,1,0,6,5,1,0,0,1,1,1,1,1,0,0,0,1,1,0,0,0,0,0,1,1,0,0,0,0,0,0,0,0,0,0,0.21834579328349352,-0.1759264178901818,0.345715310568685,0.07522095272817085,0.12111049003167505,-0.24207905636072707,0.030785169029443858,-0.43194884910485937,0.0856147336983574,0.3308714918759232,-0.7142857142857143,-0.6071428571428571,0.0,-0.7142857142857143,-0.8571428571428571,-0.2857142857142857,-0.8571428571428571,0.0,0.0,-0.07692307692307693
2,1,0,0,0.5581673903278934,-1.0714285714285714,0.872020143766171,1,0,6,5,4,3,2,1,0,6,1,1,0,0,1,1,1,1,1,0,0,0,1,1,0,0,0,0,0,1,0,0,0,0,0,0,0,0,0,0,0.06407974368102527,0.2137092727390799,-0.17880853115683373,0.3433631857178979,0.07220048444196013,0.11837081280290213,-0.23093784078516902,0.0263631713554987,-0.4221005475360876,0.08074839980305268,-0.5,-0.6785714285714286,-0.5714285714285714,0.0,-0.7142857142857143,-0.8571428571428571,-0.2857142857142857,-0.8571428571428571,0.0,0.0
3,0,0,1,0.6348255726905225,0.0,1.4452556352261816,2,1,0,6,5,4,3,2,1,0,1,1,1,0,0,1,1,1,1,1,0,0,0,1,1,0,0,0,0,0,0,0,0,0,0,0,0,0,0,0,0.5506111308888098,0.060216424915431346,0.2092920692230344,-0.18116065600762082,0.33771194335755544,0.06984871503087511,0.10930207197382771,-0.21916112531969312,0.023892483822797413,-0.42146725750861647,-1.0714285714285714,-0.4642857142857143,-0.6428571428571429,-0.5714285714285714,0.0,-0.7142857142857143,-0.8571428571428571,-0.2857142857142857,-0.8727272727272727,0.0
4,0,0,1,0.9055247791585567,-1.1428571428571428,1.9388263773966423,3,2,1,0,6,5,4,3,2,1,0,1,1,1,0,0,1,1,1,1,0,0,0,0,1,1,0,0,0,0,1,0,0,0,0,0,0,0,0,0,0.6265574937700249,0.5443092526669383,0.05640395392187421,0.2069399443722473,-0.18166573504751257,0.3332543886504503,0.06350054525627047,0.10002046035805624,-0.2150323544051767,0.019694731659281144,0.0,-1.0357142857142858,-0.42857142857142855,-0.6428571428571429,-0.5714285714285714,0.0,-0.7142857142857143,-0.8571428571428571,-0.2909090909090909,-0.9230769230769231
5,0,1,0,0.2874681838598593,0.21428571428571427,0.7528059743590585,4,3,2,1,0,6,5,4,3,2,0,0,1,1,1,0,0,1,1,1,0,0,0,0,0,1,1,0,0,0,1,1,0,0,0,0,0,0,0,0,0.8947430876943159,0.6198749623647345,0.5385895483332255,0.05405182907108713,0.20262716601453326,-0.18200407816678887,0.3121374045801527,0.05705370843989768,0.09556993529118965,-0.21664204825209257,-1.1428571428571428,0.03571428571428571,-1.0,-0.42857142857142855,-0.6428571428571429,-0.5714285714285714,0.0,-0.7142857142857143,-0.8727272727272727,-0.3076923076923077
6,0,1,0,1.1115436442581226,-0.7857142857142857,2.8066629645977144,5,4,3,2,1,0,6,5,4,3,0,0,0,1,1,1,0,0,1,1,1,0,0,0,0,0,1,1,0,0,0,1,1,0,0,0,0,0,0,0,0.2824255369645188,0.8867163747350774,0.613857543558412,0.5362374234824384,0.05123905347493944,0.19924097575628047,-0.17423118865866954,0.2903017902813299,0.05375808860129418,0.09059576563269325,0.21428571428571427,-1.1071428571428572,0.07142857142857142,-1.0,-0.42857142857142855,-0.6428571428571429,-0.5714285714285714,0.0,-0.7272727272727273,-0.9230769230769231
0,1,0,0,0.023955681988321605,-0.14285714285714285,0.07923237709594268,6,5,4,3,2,1,0,6,5,4,0,0,0,0,1,1,1,0,0,1,1,1,0,0,0,0,0,1,1,0,0,0,1,1,0,0,0,0,0,0,1.0988489379375814,0.27746784029659544,0.879647651697352,0.611505418707625,0.5286938699459661,0.04905353027143496,0.18563794983642315,-0.16596419437340154,0.28073668491786957,0.049236829148202856,-0.7857142857142857,0.25,-1.0714285714285714,0.07142857142857142,-1.0,-0.42857142857142855,-0.6428571428571429,-0.5714285714285714,0.0,-0.7692307692307693
1,1,0,0,0.6396167090881869,-0.7142857142857143,1.256574679401922,0,6,5,4,3,2,1,0,6,5,1,0,0,0,0,1,1,1,0,0,0,1,1,0,0,0,0,0,1,1,0,0,0,1,1,0,0,0,0,0,0.021359914560341756,1.0897992195479047,0.27279944019428554,0.877295526846565,0.6032234022731507,0.5227216275697939,0.0438713195201745,0.1716317135549872,-0.16326530612244897,0.2737567700640079,-0.14285714285714285,-0.75,0.2857142857142857,-1.0714285714285714,0.07142857142857142,-1.0,-0.42857142857142855,-0.6428571428571429,-0.5818181818181818,0.0
2,1,0,0,-0.1700853421170834,-0.6428571428571429,-0.23222018667886957,1,0,6,5,4,3,2,1,0,6,1,1,0,0,0,0,1,1,1,0,0,0,1,1,0,0,0,0,0,1,0,0,0,0,1,1,0,0,0,0,0.6313041414501008,0.017710713210420986,1.081930388865041,0.2704473153434985,0.8664058133035215,0.5966600622700254,0.4909814612868048,0.038639386189258294,0.16525634644101542,-0.1654357459379616,-0.7142857142857143,-0.10714285714285714,-0.7142857142857143,0.2857142857142857,-1.0714285714285714,0.07142857142857142,-1.0,-0.42857142857142855,-0.6545454545454545,-0.6153846153846154
3,1,0,0,-0.08624045515795778,0.0,-0.046557826760089537,2,1,0,6,5,4,3,2,1,0,1,1,1,0,0,0,0,1,1,1,0,0,0,1,1,0,0,0,0,0,0,0,0,0,0,1,1,0,0,0,-0.17087931648273405,0.6245978192208468,0.014065706607706778,1.0795782640142537,0.2655114589155953,0.8577551598052184,0.560774263904035,0.45807672634271096,0.035838725734196115,0.15952732644017725,-0.6428571428571429,-0.6785714285714286,-0.07142857142857142,-0.7142857142857143,0.2857142857142857,-1.0714285714285714,0.07142857142857142,-1.0,-0.43636363636363634,-0.6923076923076923
4,1,0,0,0.47671807156759993,0.5714285714285714,0.5037504766399391,3,2,1,0,6,5,4,3,2,1,1,1,1,1,0,0,0,0,1,1,0,0,0,0,1,1,0,0,0,0,0,0,0,0,0,0,1,1,0,0,-0.087812982081405,-0.17356498946212565,0.6185617932599863,0.0117135817569197,1.0667039314328302,0.2616265300346009,0.8072300981461287,0.5235498721227622,0.44400199104031857,0.03151157065484983,0.0,-0.6071428571428571,-0.6428571428571429,-0.07142857142857142,-0.7142857142857143,0.2857142857142857,-1.0714285714285714,0.07142857142857142,-1.018181818181818,-0.46153846153846156
5,0,1,0,0.6587812546788442,-0.7142857142857143,0.9586071290662415,4,3,2,1,0,6,5,4,3,2,1,1,1,1,1,0,0,0,0,1,0,0,0,0,0,1,1,0,0,0,0,0,0,0,0,0,0,1,1,0,0.4699181203275187,-0.09091499448016106,-0.17645640630604667,0.6162096684091991,0.009316191540898081,1.056464703062091,0.24452562704471104,0.7547519181585678,0.507715281234445,0.43525356967011325,0.5714285714285714,0.03571428571428571,-0.5714285714285714,-0.6428571428571429,-0.07142857142857142,-0.7142857142857143,0.2857142857142857,-1.0714285714285714,0.07272727272727272,-1.0769230769230769
6,0,1,0,0.3329839796376703,0.14285714285714285,1.0866736737844322,5,4,3,2,1,0,6,5,4,3,0,1,1,1,1,1,0,0,0,0,1,0,0,0,0,0,1,1,0,0,0,0,0,0,0,0,0,0,1,1,0.6502907321704046,0.4640206861130298,-0.09413203652849889,-0.17880853115683373,0.6078814980435998,0.007463160752554672,0.9947982551799346,0.22687468030690536,0.732702837232454,0.4982767109798129,-0.7142857142857143,0.6071428571428571,0.07142857142857142,-0.5714285714285714,-0.6428571428571429,-0.07142857142857142,-0.7142857142857143,0.2857142857142857,-1.0909090909090908,0.07692307692307693
0,1,0,0,-0.11977840994160803,-0.35714285714285715,-0.04214199615166653,6,5,4,3,2,1,0,6,5,4,0,0,1,1,1,1,1,0,0,0,1,1,0,0,0,0,0,1,1,0,0,0,0,0,0,0,0,0,0,1,0.3275186899252403,0.6434892466452958,0.45861730340646484,-0.09648416137928596,-0.17933668716228804,0.60128121443879,0.004612868047982572,0.9307109974424552,0.2190144350423096,0.7208271787296898,0.14285714285714285,-0.6785714285714286,0.6428571428571429,0.07142857142857142,-0.5714285714285714,-0.6428571428571429,-0.07142857142857142,-0.7142857142857143,0.2909090909090909,-1.1538461538461537
1,1,0,0,-0.023955681988321605,0.0,0.15156295608767378,0,6,5,4,3,2,1,0,6,5,1,0,0,1,1,1,1,1,0,0,0,1,1,0,0,0,0,0,1,1,0,0,0,0,0,0,0,0,0,0,-0.12103951584193663,0.3223349804296619,0.6373787920662829,0.4562651785556777,-0.09782001117942984,-0.17969350208240664,0.5651363140676118,0.001810741687979521,0.9039323046291687,0.21270310192023634,-0.35714285714285715,0.17857142857142858,-0.6428571428571429,0.6428571428571429,0.07142857142857142,-0.5714285714285714,-0.6428571428571429,-0.07142857142857142,-0.7272727272727273,0.3076923076923077
2,1,0,0,1.2960023955681987,-0.7142857142857143,2.270894850597006,1,0,6,5,4,3,2,1,0,6,1,1,0,0,1,1,1,1,1,0,0,0,1,1,0,0,0,0,0,1,0,0,0,0,0,0,0,0,0,0,-0.026106562240417703,-0.1239749924729469,0.31748981235924006,0.6350266672154958,0.4495062418483324,-0.0988233391290283,-0.1720501635768811,0.5276419437340153,0.0,0.8902018709995076,0.0,-0.32142857142857145,0.21428571428571427,-0.6428571428571429,0.6428571428571429,0.07142857142857142,-0.5714285714285714,-0.6428571428571429,-0.07272727272727272,-0.7692307692307693
3,0,0,1,1.0516544392873184,-0.42857142857142855,1.6195158529278595,2,1,0,6,5,4,3,2,1,0,1,1,1,0,0,1,1,1,1,1,0,0,0,1,1,0,0,0,0,0,0,0,0,0,0,0,0,0,0,0,1.2815948736205054,-0.02951785535070164,-0.127061784439518,0.31513768750845295,0.626513881125396,0.44416204070079773,-0.0957142857142857,-0.16391815856777495,0.5116973618715779,-0.003938946331856229,-0.7142857142857143,0.03571428571428571,-0.2857142857142857,0.21428571428571427,-0.6428571428571429,0.6428571428571429,0.07142857142857142,-0.5714285714285714,-0.6545454545454545,-0.07692307692307693
4,1,0,0,0.0023955681988321606,0.0,-0.18607222279665475,3,2,1,0,6,5,4,3,2,1,0,1,1,1,0,0,1,1,1,1,0,0,0,0,1,1,0,0,0,0,1,0,0,0,0,0,0,0,0,0,1.0395158419366322,1.2716292085082268,-0.03297679040803481,-0.12941390929030508,0.30976336873486116,0.6197658231138479,0.41682660850599784,-0.092306905370844,-0.16127426580388252,0.5022156573116692,-0.42857142857142855,-0.6785714285714286,0.07142857142857142,-0.2857142857142857,0.21428571428571427,-0.6428571428571429,0.6428571428571429,0.07142857142857142,-0.5818181818181818,-0.6923076923076923
5,0,1,0,0.5054648899535858,-0.42857142857142855,0.5969531293558935,4,3,2,1,0,6,5,4,3,2,1,0,1,1,1,0,0,1,1,1,0,0,0,0,0,1,1,0,0,0,0,1,0,0,0,0,0,0,0,0,0.0,1.0307635088465013,1.263044002375646,-0.03532891525882189,-0.13042668157257312,0.3055274756378634,0.5825845147219193,0.3885115089514066,-0.09158785465405675,-0.1634662727720335,0.0,-0.39285714285714285,-0.6428571428571429,0.07142857142857142,-0.2857142857142857,0.21428571428571427,-0.6428571428571429,0.6428571428571429,0.07272727272727272,-0.6153846153846154
6,0,1,0,0.06468034136846833,0.0,0.3189427802491802,5,4,3,2,1,0,6,5,4,3,0,1,0,1,1,1,0,0,1,1,1,0,0,0,0,0,1,1,0,0,0,0,1,0,0,0,0,0,0,0,0.4983980064079743,-0.003542142642084197,1.023127267595364,1.260691877524859,-0.037264766163592325,-0.13117140431037963,0.28596510359869143,0.5440102301790282,0.37630662020905925,-0.09453471196454949,-0.42857142857142855,0.03571428571428571,-0.35714285714285715,-0.6428571428571429,0.07142857142857142,-0.2857142857142857,0.21428571428571427,-0.6428571428571429,0.6545454545454545,0.07692307692307693
0,1,0,0,0.009582272795328643,-0.14285714285714285,-0.09241993614189983,6,5,4,3,2,1,0,6,5,4,0,0,1,0,1,1,1,0,0,1,1,1,0,0,0,0,0,1,1,0,0,0,0,1,0,0,0,0,0,0,0.0617064198409873,0.4923578272497034,-0.007103417049376937,1.0207751427445768,1.2460406185951183,-0.0387483609350901,-0.12624863685932386,0.2657493606138107,0.5276256844201095,0.3682914820285574,0.0,-0.39285714285714285,0.07142857142857142,-0.35714285714285715,-0.6428571428571429,0.07142857142857142,-0.2857142857142857,0.21428571428571427,-0.6545454545454545,0.6923076923076923
1,1,0,0,-0.42641113939212455,-0.5,-0.6156627897362353,0,6,5,4,3,2,1,0,6,5,1,0,0,1,0,1,1,1,0,0,0,1,1,0,0,0,0,0,1,1,0,0,0,0,1,0,0,0,0,0,0.007119971520113919,0.057854996487375215,0.48684280161590976,-0.009455541900164018,1.0084777343022173,1.2343790615595234,-0.039007633587786236,-0.12095140664961639,0.25684420109507217,0.517971442639094,-0.14285714285714285,0.03571428571428571,-0.35714285714285715,0.07142857142857142,-0.35714285714285715,-0.6428571428571429,0.07142857142857142,-0.2857142857142857,0.21818181818181817,-0.6923076923076923
2,1,0,0,-0.2659080700703698,0.07142857142857142,-0.47528931116487955,1,0,6,5,4,3,2,1,0,6,1,1,0,0,1,0,1,1,1,0,0,0,1,1,0,0,0,0,0,1,0,0,0,0,0,1,0,0,0,0,-0.4248249673667972,0.003542142642084197,0.05405182907108713,0.4844906767651227,-0.0116452394261226,0.998700300952535,1.1627371864776446,-0.03910997442455245,-0.11946241911398706,0.25012309207287053,-0.5,-0.10714285714285714,0.07142857142857142,-0.35714285714285715,0.07142857142857142,-0.35714285714285715,-0.6428571428571429,0.07142857142857142,-0.2909090909090909,0.23076923076923078
3,1,0,0,-0.023955681988321605,0.07142857142857142,-0.15568685606138416,2,1,0,6,5,4,3,2,1,0,1,1,1,0,0,1,0,1,1,1,0,0,0,1,1,0,0,0,0,0,0,0,0,0,0,0,1,0,0,0,-0.26581227008425296,-0.42623783126413173,-4.704249701569881e-05,0.051699704220300055,0.4774548164710266,-0.013332024006885474,0.9402726281352236,1.0882557544757032,-0.039820806371329016,-0.12210733628754308,0.07142857142857142,-0.4642857142857143,-0.07142857142857142,0.07142857142857142,-0.35714285714285715,0.07142857142857142,-0.35714285714285715,-0.6428571428571429,0.07272727272727272,-0.3076923076923077
4,1,0,0,0.014373409192992964,-0.07142857142857142,0.23428772947116744,3,2,1,0,6,5,4,3,2,1,1,1,1,1,0,0,1,0,1,1,0,0,0,0,1,1,0,0,0,0,0,0,0,0,0,0,0,1,0,0,-0.026106562240417703,-0.2680221265843709,-0.4281337653402642,-0.0023991673478027786,0.04891000558971492,0.47188895371338463,-0.015016357688113394,0.8795601023017903,1.0572424091587855,-0.043328409650418516,0.07142857142857142,0.10714285714285714,-0.42857142857142855,-0.07142857142857142,0.07142857142857142,-0.35714285714285715,0.07142857142857142,-0.35714285714285715,-0.6545454545454545,0.07692307692307693
5,0,1,0,-0.1461296601287618,0.2857142857142857,-0.22685855052780377,4,3,2,1,0,6,5,4,3,2,1,1,1,1,1,0,0,1,0,1,0,0,0,0,0,1,1,0,0,0,0,0,0,0,0,0,0,0,1,0,0.011866619200189865,-0.02951785535070164,-0.2705414003375298,-0.43048589019105127,-0.004658095770449041,0.046742954187052724,0.4429989094874591,-0.016603580562659866,0.8541562966650075,1.0418513047759723,-0.07142857142857142,0.10714285714285714,0.14285714285714285,-0.42857142857142855,-0.07142857142857142,0.07142857142857142,-0.35714285714285715,0.07142857142857142,-0.36363636363636365,-0.6923076923076923
6,0,1,0,-0.05030693217547537,0.21428571428571427,0.1504992183018689,5,4,3,2,1,0,6,5,4,3,0,1,1,1,1,1,0,0,1,0,1,0,0,0,0,0,1,1,0,0,0,0,0,0,0,0,0,0,0,1,-0.14714607808235433,0.00826499949819646,-0.03297679040803481,-0.27289352518831694,-0.4285448108813117,-0.006400295753738758,0.04169029443838606,0.4130639386189258,-0.017919362867098058,0.8409650418513048,0.2857142857142857,-0.03571428571428571,0.14285714285714285,0.14285714285714285,-0.42857142857142855,-0.07142857142857142,0.07142857142857142,-0.35714285714285715,0.07272727272727272,-0.38461538461538464
0,1,0,0,0.40245545740380295,-0.42857142857142855,0.8374630965464944,6,5,4,3,2,1,0,6,5,4,0,0,1,1,1,1,1,0,0,1,1,1,0,0,0,0,0,1,1,0,0,0,0,0,0,0,0,0,0,0,-0.052213124480835406,-0.14995070518156434,0.0046572072045584605,-0.03532891525882189,-0.27249860257126884,-0.4269251431113062,-0.008473282442748071,0.03659335038363169,0.40019910403185666,-0.021664204825209258,0.21428571428571427,0.32142857142857145,0.0,0.14285714285714285,0.14285714285714285,-0.42857142857142855,-0.07142857142857142,0.07142857142857142,-0.36363636363636365,0.07692307692307693
1,1,0,0,-0.37849977541548135,0.07142857142857142,-0.470400923020039,0,6,5,4,3,2,1,0,6,5,1,0,0,1,1,1,1,1,0,0,0,1,1,0,0,0,0,0,1,1,0,0,0,0,0,0,0,0,0,0,0.3963450812863415,-0.055493568059319084,-0.15293515779817587,0.0023050823537713806,-0.037264766163592325,-0.2721165454576962,-0.40541984732824426,-0.01046547314578007,0.033847685415629665,0.39192516001969474,-0.42857142857142855,0.25,0.35714285714285715,0.0,0.14285714285714285,0.14285714285714285,-0.42857142857142855,-0.07142857142857142,0.07272727272727272,-0.38461538461538464
2,1,0,0,-0.004791136397664321,-0.35714285714285715,0.137539238104543,1,0,6,5,4,3,2,1,0,6,1,1,0,0,1,1,1,1,1,0,0,0,1,1,0,0,0,0,0,1,0,0,0,0,0,0,0,0,0,0,-0.3773584905660377,0.3908164048432897,-0.058850163766692686,-0.15528728264896294,0.0,-0.0387483609350901,-0.25929116684841874,-0.382843989769821,-0.011946241911398706,0.029542097488921712,0.07142857142857142,-0.39285714285714285,0.2857142857142857,0.35714285714285715,0.0,0.14285714285714285,0.14285714285714285,-0.42857142857142855,-0.07272727272727272,0.07692307692307693
3,1,0,0,0.9749962569246893,-0.5714285714285714,1.1108780928947721,2,1,0,6,5,4,3,2,1,0,1,1,1,0,0,1,1,1,1,1,0,0,0,1,1,0,0,0,0,0,0,0,0,0,0,0,0,0,0,0,-0.007119971520113919,-0.37900926270300905,0.38570143303206533,-0.06120228861747977,-0.15604620831004284,-0.0017791435849742816,-0.039007633587786236,-0.2457595907928389,-0.3743155798904928,-0.015755785327424915,-0.35714285714285715,0.10714285714285714,-0.35714285714285715,0.2857142857142857,0.35714285714285715,0.0,0.14285714285714285,0.14285714285714285,-0.43636363636363634,-0.07692307692307693
4,1,0,0,0.4240155711932924,-0.07142857142857142,0.5201621154061594,3,2,1,0,6,5,4,3,2,1,1,1,1,1,0,0,1,1,1,1,0,0,0,0,1,1,0,0,0,0,0,0,0,0,0,0,0,0,0,0,0.963569479055417,-0.010626427926252591,-0.3810912683245226,0.38334930818127827,-0.06288429290106204,-0.15658774123858427,-0.004111232279171191,-0.03910997442455245,-0.24091587854654056,-0.3741999015263417,-0.5714285714285714,-0.32142857142857145,0.14285714285714285,-0.35714285714285715,0.2857142857142857,0.35714285714285715,0.0,0.14285714285714285,0.14545454545454545,-0.46153846153846156
5,0,1,0,0.4168288665967959,0.07142857142857142,0.40107872098063285,4,3,2,1,0,6,5,4,3,2,1,1,1,1,1,0,0,1,1,1,0,0,0,0,0,1,1,0,0,0,0,0,0,0,0,0,0,0,0,0,0.41770499584668325,0.9551977991487052,-0.014159791601738176,-0.3834433931753097,0.3773057574063723,-0.06416469786329472,-0.1502399127589967,-0.006373401534526873,-0.039820806371329016,-0.24224519940915806,-0.07142857142857142,-0.5357142857142857,-0.2857142857142857,0.14285714285714285,-0.35714285714285715,0.2857142857142857,0.35714285714285715,0.0,0.14545454545454545,0.15384615384615385
6,0,1,0,-0.07665818236262914,-0.14285714285714285,-0.0317384113705187,5,4,3,2,1,0,6,5,4,3,0,1,1,1,1,1,0,0,1,1,1,0,0,0,0,0,1,1,0,0,0,0,0,0,0,0,0,0,0,0,0.41058502432656935,0.4120692606957949,0.9478592723701774,-0.016511916452525255,-0.3819638531768213,0.3725341820849484,-0.06299890948745909,-0.14345780051150897,-0.007964161274265804,-0.043328409650418516,0.07142857142857142,-0.03571428571428571,-0.5,-0.2857142857142857,0.14285714285714285,-0.35714285714285715,0.2857142857142857,0.35714285714285715,0.0,0.15384615384615385
0,1,0,0,-0.5174427309477466,-0.42857142857142855,-0.84647759416843,6,5,4,3,2,1,0,6,5,4,0,0,1,1,1,1,1,0,0,1,1,1,0,0,0,0,0,1,1,0,0,0,0,0,0,0,0,0,0,0,-0.07831968672125311,0.40498497541162654,0.40687055668914907,0.9455071475193902,-0.018632383081796162,-0.3807136214236614,0.34921483097055617,-0.06161636828644503,-0.141363862618218,-0.011816838995568686,-0.14285714285714285,0.10714285714285714,0.0,-0.5,-0.2857142857142857,0.14285714285714285,-0.35714285714285715,0.2857142857142857,0.36363636363636365,0.0
1,1,0,0,-0.23237011528671958,-0.5714285714285714,-0.32654609567805604,0,6,5,4,3,2,1,0,6,5,1,0,0,1,1,1,1,1,0,0,0,1,1,0,0,0,0,0,1,1,0,0,0,0,0,0,0,0,0,0,-0.5150112732882401,-0.08146928076793652,0.3998141821367878,0.404518431838362,0.9339482019750326,-0.02026375226003219,-0.36179934569247546,0.3250843989769821,-0.06172224987555998,-0.14377154111275234,-0.42857142857142855,-0.10714285714285714,0.14285714285714285,0.0,-0.5,-0.2857142857142857,0.14285714285714285,-0.35714285714285715,0.2909090909090909,0.38461538461538464
2,1,0,0,-0.4168288665967959,-0.21428571428571427,-0.6801312652151495,1,0,6,5,4,3,2,1,0,6,1,1,0,0,1,1,1,1,1,0,0,0,1,1,0,0,0,0,0,1,0,0,0,0,0,0,0,0,0,0,-0.23258573632372137,-0.5159721115302647,-0.08472353712535056,0.39746205728600076,0.3982671883733929,0.9247618662523034,-0.021559432933478714,-0.34192327365728903,0.31458437033349923,-0.06499261447562776,-0.5714285714285714,-0.39285714285714285,-0.07142857142857142,0.14285714285714285,0.0,-0.5,-0.2857142857142857,0.14285714285714285,-0.36363636363636365,0.3076923076923077
3,1,0,0,-0.22518341069022307,-0.6428571428571429,-0.43260736762356,2,1,0,6,5,4,3,2,1,0,1,1,1,0,0,1,1,1,1,1,0,0,0,1,1,0,0,0,0,0,0,0,0,0,0,0,0,0,0,0,-0.4153316720066453,-0.23496212859158508,-0.5175145096701732,-0.08707566197613764,0.3912800447177194,0.3933293668443885,0.8704798255179935,-0.02274168797953966,-0.3344947735191638,0.3072378138847858,-0.21428571428571427,-0.5357142857142857,-0.35714285714285715,-0.07142857142857142,0.14285714285714285,0.0,-0.5,-0.2857142857142857,0.14545454545454545,-0.38461538461538464
4,1,0,0,-0.16529420571941908,-0.42857142857142855,-0.17538292160906394,3,2,1,0,6,5,4,3,2,1,1,1,1,1,0,0,1,1,1,1,0,0,0,0,1,1,0,0,0,0,0,0,0,0,0,0,0,0,0,0,-0.22546576480360744,-0.4167921175519072,-0.23761165242651075,-0.5198666345209603,-0.08850381963853177,0.38639763859124177,0.36884405670665216,0.8140869565217391,-0.023892483822797413,-0.3348104382077794,-0.6428571428571429,-0.17857142857142858,-0.5,-0.35714285714285715,-0.07142857142857142,0.14285714285714285,0.0,-0.5,-0.2909090909090909,0.15384615384615385
5,0,1,0,0.25153466087737686,-0.2857142857142857,0.4468008030854334,4,3,2,1,0,6,5,4,3,2,1,1,1,1,1,0,0,1,1,1,0,0,0,0,0,1,1,0,0,0,0,0,0,0,0,0,0,0,0,0,-0.16613266880265812,-0.22787784330741667,-0.41872526593711584,-0.2399637772772978,-0.5170486305198435,-0.08958103479149934,0.3623009814612868,0.3434987212276215,0.7904430064708811,-0.027572624322993598,-0.42857142857142855,-0.6071428571428571,-0.14285714285714285,-0.5,-0.35714285714285715,-0.07142857142857142,0.14285714285714285,0.0,-0.509090909090909,-0.3076923076923077
6,0,1,0,0.05030693217547537,0.5,0.16847711877996746,5,4,3,2,1,0,6,5,4,3,0,1,1,1,1,1,0,0,1,1,1,0,0,0,0,0,1,1,0,0,0,0,0,0,0,0,0,0,0,0,0.2468256793639492,-0.16884213260601338,-0.2305552778741495,-0.42107739078790296,-0.23989193217812557,-0.5147270343178312,-0.08699018538713194,0.33736061381074167,0.3325037332005973,0.7779419005416052,-0.2857142857142857,-0.39285714285714285,-0.5714285714285714,-0.14285714285714285,-0.5,-0.35714285714285715,-0.07142857142857142,0.14285714285714285,0.0,-0.5384615384615384
0,1,0,0,-0.3928731846084743,-0.35714285714285715,-0.7896147817157381,6,5,4,3,2,1,0,6,5,4,0,0,1,1,1,1,1,0,0,1,1,1,0,0,0,0,0,1,1,0,0,0,0,0,0,0,0,0,0,0,0.04746647680075946,0.24204641387575346,-0.17175215660447252,-0.23290740272493657,-0.4192286193404136,-0.23976848027634484,-0.488298800436205,-0.08412276214833761,0.32653061224489793,0.3249630723781389,0.5,-0.25,-0.35714285714285715,-0.5714285714285714,-0.14285714285714285,-0.5,-0.35714285714285715,-0.07142857142857142,0.14545454545454545,0.0
1,1,0,0,-0.18445875131007636,-0.07142857142857142,-0.2993261187293906,0,6,5,4,3,2,1,0,6,5,1,0,0,1,1,1,1,1,0,0,0,1,1,0,0,0,0,0,1,1,0,0,0,0,0,0,0,0,0,0,-0.39159843360626556,0.04368642591903843,0.23751756743247934,-0.17410428145525958,-0.23290478852245203,-0.4176828387737772,-0.22875681570338058,-0.46059335038363175,-0.08362369337979095,0.3190546528803545,-0.35714285714285715,0.5357142857142857,-0.21428571428571427,-0.35714285714285715,-0.5714285714285714,-0.14285714285714285,-0.5,-0.35714285714285715,-0.07272727272727272,0.15384615384615385
2,1,0,0,0.8791735289714029,-0.5,1.8865687223736556,1,0,6,5,4,3,2,1,0,6,1,1,0,0,1,1,1,1,1,0,0,0,1,1,0,0,0,0,0,1,0,0,0,0,0,0,0,0,0,0,-0.1851192595229619,-0.39317783327134587,0.03993907996636466,0.23516544258169225,-0.174678591391839,-0.23283675202319815,-0.3966957470010905,-0.21711508951406652,-0.4499751119960179,-0.08665681930083703,-0.07142857142857142,-0.32142857142857145,0.5714285714285714,-0.21428571428571427,-0.35714285714285715,-0.5714285714285714,-0.14285714285714285,-0.5,-0.36363636363636365,-0.07692307692307693
3,1,0,0,-0.13894295553226532,-0.2857142857142857,-0.1467135104399898,2,1,0,6,5,4,3,2,1,0,1,1,1,0,0,1,1,1,1,1,0,0,0,1,1,0,0,0,0,0,0,0,0,0,0,0,0,0,0,0,0.8686365254538981,-0.18773356003046243,-0.39520401742924505,0.037586955115577574,0.2305757406372275,-0.17507234991364218,-0.22221374045801526,-0.3746598465473146,-0.21304131408661026,-0.44903988183161003,-0.5,-0.03571428571428571,-0.2857142857142857,0.5714285714285714,-0.21428571428571427,-0.35714285714285715,-0.5714285714285714,-0.14285714285714285,-0.509090909090909,-0.38461538461538464
4,1,0,0,-0.3329839796376703,0.5,-0.5925664365733572,3,2,1,0,6,5,4,3,2,1,1,1,1,1,0,0,1,1,1,1,0,0,0,0,1,1,0,0,0,0,0,0,0,0,0,0,0,0,0,0,-0.1400261065622404,0.8607406620264598,-0.19056915541076913,-0.39755614228003217,0.034935718278367806,0.22696788876886734,-0.16768811341330422,-0.2109769820971867,-0.366351418616227,-0.21467257508616444,-0.2857142857142857,-0.4642857142857143,0.0,-0.2857142857142857,0.5714285714285714,-0.21428571428571427,-0.35714285714285715,-0.5714285714285714,-0.14545454545454545,-0.5384615384615384
5,0,1,0,0.3689175026201527,0.0,0.769752865320239,4,3,2,1,0,6,5,4,3,2,1,1,1,1,1,0,0,1,1,1,0,0,0,0,0,1,1,0,0,0,0,0,0,0,0,0,0,0,0,0,-0.33226533760531624,-0.14286641989739596,0.8537742783386942,-0.19292128026155622,-0.39593814048816844,0.0328794976807593,0.21181025081788443,-0.15982608695652176,-0.2070681931309109,-0.3663220088626292,0.5,-0.25,-0.42857142857142855,0.0,-0.2857142857142857,0.5714285714285714,-0.21428571428571427,-0.35714285714285715,-0.5818181818181818,-0.15384615384615385
6,0,1,0,0.40964216200029946,-0.5,0.18136611868105768,5,4,3,2,1,0,6,5,4,3,0,1,1,1,1,1,0,0,1,1,1,0,0,0,0,0,1,1,0,0,0,0,0,0,0,0,0,0,0,0,0.36311854752580985,-0.3341421225699426,-0.14587878324581463,0.8514221534879071,-0.19331097447363518,-0.39457707792995483,0.028604143947655418,0.19618414322250638,-0.15729218516674962,-0.2087641555883801,0.0,0.5357142857142857,-0.21428571428571427,-0.42857142857142855,0.0,-0.2857142857142857,0.5714285714285714,-0.21428571428571427,-0.36363636363636365,-0.6153846153846154
0,0,0,1,0.17248091031591556,-0.42857142857142855,0.036886692350992734,6,5,4,3,2,1,0,6,5,4,0,0,1,1,1,1,1,0,0,1,1,1,0,0,0,0,0,1,1,0,0,0,0,0,0,0,0,0,0,0,0.4034650528064554,0.3577564068505039,-0.3364008961595681,-0.14823090809660172,0.8407862865660518,-0.1935569585887001,-0.3748854961832061,0.024317135549872103,0.18914883026381285,-0.15952732644017725,-0.5,0.03571428571428571,0.5714285714285714,-0.21428571428571427,-0.42857142857142855,0.0,-0.2857142857142857,0.5714285714285714,-0.21818181818181817,-0.38461538461538464
1,1,0,0,-0.32819284324000597,-0.5,-0.5869810882045834,0,6,5,4,3,2,1,0,6,5,0,0,0,1,1,1,1,1,0,0,0,1,1,0,0,0,0,0,1,1,1,0,0,0,0,0,0,0,0,0,0.16850599264269608,0.39790069012745816,0.35277168512104623,-0.33875302101035515,-0.1490590646543693,0.8323388228770138,-0.18513631406761175,-0.3541994884910486,0.021901443504230962,0.1831610044313146,-0.42857142857142855,-0.4642857142857143,0.07142857142857142,0.5714285714285714,-0.21428571428571427,-0.42857142857142855,0.0,-0.2857142857142857,0.5818181818181818,-0.23076923076923078
2,1,0,0,-0.16050306932175476,-0.2857142857142857,-0.27599252014057274,1,0,6,5,4,3,2,1,0,6,1,0,0,0,1,1,1,1,1,0,0,0,1,1,0,0,0,0,0,1,0,1,0,0,0,0,0,0,0,0,-0.3275186899252403,0.16411927574990112,0.3927578075844266,0.35041956027025917,-0.33771194335755544,-0.14965601298543754,0.7832388222464558,-0.17619437340153454,-0.3464410154305625,0.01772525849335303,-0.5,-0.39285714285714285,-0.42857142857142855,0.07142857142857142,0.5714285714285714,-0.21428571428571427,-0.42857142857142855,0.0,-0.2909090909090909,0.6153846153846154
3,1,0,0,-0.5485851175325648,-0.07142857142857142,-0.9003555056422603,2,1,0,6,5,4,3,2,1,0,1,1,0,0,0,1,1,1,1,1,0,0,0,1,1,0,0,0,0,0,0,0,1,0,0,0,0,0,0,0,-0.16138602112258216,-0.32941926571383034,0.1598974473565057,0.3904056827336395,0.344699087013229,-0.33681267582039887,-0.14369683751363138,0.7322455242966752,-0.17322050771528125,-0.3466272772033481,-0.2857142857142857,-0.4642857142857143,-0.35714285714285715,-0.42857142857142855,0.07142857142857142,0.5714285714285714,-0.21428571428571427,-0.42857142857142855,0.0,-0.3076923076923077
4,1,0,0,0.1820631831112442,-0.35714285714285715,0.34588215026797997,3,2,1,0,6,5,4,3,2,1,1,1,1,0,0,0,1,1,1,1,0,0,0,0,1,1,0,0,0,0,0,0,0,1,0,0,0,0,0,0,-0.5458644832087338,-0.16411927574990112,-0.3316966464579939,0.15754532250571862,0.38429290106204583,0.340186116903597,-0.32035986913849507,-0.13731969309462919,0.710801393728223,-0.17528311176760217,-0.07142857142857142,-0.25,-0.42857142857142855,-0.35714285714285715,-0.42857142857142855,0.07142857142857142,0.5714285714285714,-0.21428571428571427,-0.43636363636363634,0.0
5,0,1,0,-0.3928731846084743,0.5714285714285714,-0.43972707799909444,4,3,2,1,0,6,5,4,3,2,1,1,1,1,0,0,0,1,1,1,0,0,0,0,0,1,1,0,0,0,0,0,0,0,1,0,0,0,0,0,0.17799928800284798,-0.5466706810949944,-0.16704790690289834,-0.334048771308781,0.15371716042481834,0.37946591033809507,0.318680479825518,-0.30304859335038364,-0.13539074166251866,0.6991629739044806,-0.35714285714285715,-0.03571428571428571,-0.21428571428571427,-0.42857142857142855,-0.35714285714285715,-0.42857142857142855,0.07142857142857142,0.5714285714285714,-0.21818181818181817,-0.46153846153846156
6,0,1,0,-0.11019613714627938,-0.21428571428571427,0.18667735053615844,5,4,3,2,1,0,6,5,4,3,0,1,1,1,1,0,0,0,1,1,1,0,0,0,0,0,1,1,0,0,0,0,0,0,0,1,0,0,0,0,-0.39159843360626556,0.17356498946212565,-0.5480921327304052,-0.16940003175368543,-0.3330538475871064,0.15071887798425346,0.3557579062159215,0.2964398976982097,-0.2966650074664012,-0.137863121614968,0.5714285714285714,-0.32142857142857145,0.0,-0.21428571428571427,-0.42857142857142855,-0.35714285714285715,-0.42857142857142855,0.07142857142857142,0.5818181818181818,-0.23076923076923078
0,1,0,0,0.26830363826920195,-0.8571428571428571,0.05709039130132327,6,5,4,3,2,1,0,6,5,4,0,0,1,1,1,1,0,0,0,1,1,1,0,0,0,0,0,1,1,0,0,0,0,0,0,0,1,0,0,0,-0.11154622048178474,-0.39317783327134587,0.16930594675965402,-0.5504442575811923,-0.17002049562138996,-0.3321915236516344,0.13983642311886588,0.33122250639386186,0.2867098058735689,-0.29739044805514525,-0.21428571428571427,0.6071428571428571,-0.2857142857142857,0.0,-0.21428571428571427,-0.42857142857142855,-0.35714285714285715,-0.42857142857142855,0.07272727272727272,0.6153846153846154
1,1,0,0,-0.38568648001197786,0.42857142857142855,-0.8264781361872292,0,6,5,4,3,2,1,0,6,5,1,0,0,1,1,1,1,0,0,0,0,1,1,0,0,0,0,0,1,1,0,0,0,0,0,0,0,1,0,0,0.263438946244215,-0.11452927876072237,-0.39520401742924505,0.16695382190886696,-0.5473262530277623,-0.17045119774487769,-0.3159978189749182,0.12866496163682864,0.3205574912891986,0.2796651895617922,-0.8571428571428571,-0.17857142857142858,0.6428571428571429,-0.2857142857142857,0.0,-0.21428571428571427,-0.42857142857142855,-0.35714285714285715,-0.43636363636363634,0.07692307692307693
2,1,0,0,0.5102560263512502,0.14285714285714285,0.583261803538209,1,0,6,5,4,3,2,1,0,6,1,1,0,0,1,1,1,1,0,0,0,0,1,1,0,0,0,0,0,1,0,0,0,0,0,0,0,0,1,0,-0.38447846208615166,0.2585764128721464,-0.11765328503636968,-0.39755614228003217,0.16303335196571642,-0.5447645234148003,-0.16332606324972734,-0.29895652173913045,0.12344449975111996,0.31314623338257014,0.42857142857142855,-0.8214285714285714,-0.14285714285714285,0.6428571428571429,-0.2857142857142857,0.0,-0.21428571428571427,-0.42857142857142855,-0.36363636363636365,-0.46153846153846156
3,1,0,0,0.2371612516843839,0.07142857142857142,-0.11834859645612919,2,1,0,6,5,4,3,2,1,0,1,1,1,0,0,1,1,1,1,0,0,0,0,1,1,0,0,0,0,0,0,0,0,0,0,0,0,0,0,1,0.5031446540880503,-0.3860935479871775,0.2539824413879889,-0.12000540988715676,-0.39593814048816844,0.1599611823217824,-0.5166521264994547,-0.15573401534526857,-0.2926829268292683,0.11816838995568685,0.14285714285714285,0.4642857142857143,-0.7857142857142857,-0.14285714285714285,0.6428571428571429,-0.2857142857142857,0.0,-0.21428571428571427,-0.43636363636363634,-0.38461538461538464
4,1,0,0,-0.059889204970804015,-0.21428571428571427,-0.14688198507307845,3,2,1,0,6,5,4,3,2,1,1,1,1,1,0,0,1,1,1,1,0,0,0,0,1,1,0,0,0,0,0,0,0,0,0,0,0,0,0,0,0.23258573632372137,0.49708068410581563,-0.3881476428768838,0.2516303165372018,-0.12111049003167505,-0.39457707792995483,0.14856052344601964,-0.4871918158567775,-0.15331010452961671,-0.29345150172328904,0.07142857142857142,0.17857142857142858,0.5,-0.7857142857142857,-0.14285714285714285,0.6428571428571429,-0.2857142857142857,0.0,-0.21818181818181817,-0.46153846153846156
5,0,1,0,0.14133852373109748,0.0,0.4420982894128366,4,3,2,1,0,6,5,4,3,2,1,1,1,1,1,0,0,1,1,1,0,0,0,0,0,1,1,0,0,0,0,0,0,0,0,0,0,0,0,0,-0.0617064198409873,0.22787784330741667,0.49154705131748394,-0.3904997677276709,0.24687907583379914,-0.12192909997285069,-0.3748854961832061,0.13684910485933502,-0.4758586361373818,-0.15558838010832102,-0.21428571428571427,0.10714285714285714,0.21428571428571427,0.5,-0.7857142857142857,-0.14285714285714285,0.6428571428571429,-0.2857142857142857,0.0,-0.23076923076923078
6,0,1,0,0.30663272945051656,0.7142857142857143,0.7799954325422218,5,4,3,2,1,0,6,5,4,3,0,1,1,1,1,1,0,0,1,1,1,0,0,0,0,0,1,1,0,0,0,0,0,0,0,0,0,0,0,0,0.13765278272220244,-0.06493928177154361,0.22340481832775685,0.4891949264666969,-0.38895099683249484,0.243141921359543,-0.1175245365321701,-0.3541994884910486,0.13140866102538576,-0.47464303298867555,0.0,-0.17857142857142858,0.14285714285714285,0.21428571428571427,0.5,-0.7857142857142857,-0.14285714285714285,0.6428571428571429,-0.2909090909090909,0.0
0,1,0,0,0.8480311423865848,-0.2857142857142857,1.6312943011901802,6,5,4,3,2,1,0,6,5,4,0,0,1,1,1,1,1,0,0,1,1,1,0,0,0,0,0,1,1,0,0,0,0,0,0,0,0,0,0,0,0.30141212768482256,0.13342070618517143,-0.06825866316984101,0.2210526934769698,0.4821129122414757,-0.38764534967680814,0.22707742639040351,-0.11276726342710999,-0.3464410154305625,0.12604628261939932,0.7142857142857143,0.03571428571428571,-0.14285714285714285,0.14285714285714285,0.21428571428571427,0.5,-0.7857142857142857,-0.14285714285714285,0.6545454545454545,-0.3076923076923077
1,1,0,0,0.023955681988321605,0.9285714285714286,0.16228678076565162,0,6,5,4,3,2,1,0,6,5,1,0,0,1,1,1,1,1,0,0,0,1,1,0,0,0,0,0,1,1,0,0,0,0,0,0,0,0,0,0,0.8377833155334045,0.2963592677210445,0.12931982429627367,-0.07061078802062809,0.21660145332588038,0.4765101058821491,-0.36834242093784075,0.21050639386189257,-0.11149825783972125,-0.3466272772033481,-0.2857142857142857,0.75,0.07142857142857142,-0.14285714285714285,0.14285714285714285,0.21428571428571427,0.5,-0.7857142857142857,-0.14545454545454545,0.6923076923076923
2,1,0,0,-0.3449618206318311,0.0,-0.4112806885779205,1,0,6,5,4,3,2,1,0,6,1,1,0,0,1,1,1,1,1,0,0,0,1,1,0,0,0,0,0,1,0,0,0,0,0,0,0,0,0,0,0.021359914560341756,0.8300420924617301,0.29161643900058215,0.1269676994454866,-0.07220048444196013,0.2131044322625739,0.447360959651036,-0.34806138107416884,0.203086112493778,-0.11422944362383063,0.9285714285714286,-0.25,0.7857142857142857,0.07142857142857142,-0.14285714285714285,0.14285714285714285,0.21428571428571427,0.5,-0.8,-0.15384615384615385
3,1,0,0,0.05509806857313969,-0.21428571428571427,0.28839556739097527,2,1,0,6,5,4,3,2,1,0,1,1,1,0,0,1,1,1,1,1,0,0,0,1,1,0,0,0,0,0,0,0,0,0,0,0,0,0,0,0,-0.34413195680550607,0.017710713210420986,0.8231966552784622,0.2892643141497951,0.12343953791689957,-0.07340700220082368,0.1987241003271538,0.417156010230179,-0.34046789447486314,0.19694731659281142,0.0,0.9642857142857143,-0.21428571428571427,0.7857142857142857,0.07142857142857142,-0.14285714285714285,0.14285714285714285,0.21428571428571427,0.509090909090909,-0.8461538461538461
4,1,0,0,-0.023955681988321605,0.14285714285714285,0.3122036568316723,3,2,1,0,6,5,4,3,2,1,1,1,1,1,0,0,1,1,1,1,0,0,0,0,1,1,0,0,0,0,0,0,0,0,0,0,0,0,0,0,0.052213124480835406,-0.34594926471022325,0.014065706607706778,0.820844530427675,0.28414384199739146,0.12068138888728436,-0.07172300981461285,0.18390792838874678,0.40418118466898956,-0.34071885770556376,-0.21428571428571427,0.03571428571428571,1.0,-0.21428571428571427,0.7857142857142857,0.07142857142857142,-0.14285714285714285,0.14285714285714285,0.21818181818181817,0.5384615384615384
5,0,1,0,-0.16289863752058692,0.5714285714285714,-0.10552063408604324,4,3,2,1,0,6,5,4,3,2,1,1,1,1,1,0,0,1,1,1,0,0,0,0,0,1,1,0,0,0,0,0,0,0,0,0,0,0,0,0,-0.026106562240417703,0.04840928277515069,-0.34816152041350346,0.0117135817569197,0.810508664058133,0.2801111387096588,0.11148309705561615,-0.06980051150895143,0.17720258835241415,0.39586410635155095,0.14285714285714285,-0.17857142857142858,0.07142857142857142,1.0,-0.21428571428571427,0.7857142857142857,0.07142857142857142,-0.14285714285714285,0.14545454545454545,0.23076923076923078
6,0,1,0,1.2504865997903878,-0.14285714285714285,1.9089126015400584,5,4,3,2,1,0,6,5,4,3,0,1,1,1,1,1,0,0,1,1,1,0,0,0,0,0,1,1,0,0,0,0,0,0,0,0,0,0,0,0,-0.16375934496262015,-0.02951785535070164,0.04464332966793881,-0.3505136452642906,0.009316191540898081,0.8023013337800448,0.26197382769901856,0.10206649616368285,-0.06968641114982578,0.17134416543574593,0.5714285714285714,0.17857142857142858,-0.14285714285714285,0.07142857142857142,1.0,-0.21428571428571427,0.7857142857142857,0.07142857142857142,-0.14545454545454545,0.15384615384615385
0,0,0,1,3.7826021859559815,0.7857142857142857,8.809290271263148,6,5,4,3,2,1,0,6,5,4,0,0,1,1,1,1,1,0,0,1,1,1,0,0,0,0,0,1,1,0,0,0,0,0,0,0,0,0,0,0,1.236501720659784,-0.16648070417795727,-0.03297679040803481,0.042291204817151734,-0.349357182783678,0.007463160752554672,0.7548854961832061,0.24324296675191814,0.0975609756097561,-0.07287050713934022,-0.14285714285714285,0.6071428571428571,0.21428571428571427,-0.14285714285714285,0.07142857142857142,1.0,-0.21428571428571427,0.7857142857142857,0.07272727272727272,-0.15384615384615385
1,1,0,0,-0.37370863901781703,0.35714285714285715,-0.425838001628473,0,6,5,4,3,2,1,0,6,5,0,0,0,1,1,1,1,1,0,0,0,1,1,0,0,0,0,0,1,1,1,0,0,0,0,0,0,0,0,0,3.7451050195799214,1.2267620683751603,-0.16940003175368543,-0.03532891525882189,0.039593814048816844,-0.3483655562423101,0.004612868047982572,0.7056470588235294,0.2349427575908412,0.09256523879862137,0.7857142857142857,-0.10714285714285714,0.6428571428571429,0.21428571428571427,-0.14285714285714285,0.07142857142857142,1.0,-0.21428571428571427,0.8,0.07692307692307693
2,1,0,0,-0.30184159305285224,0.7857142857142857,-0.3438172312609515,1,0,6,5,4,3,2,1,0,6,1,0,0,0,1,1,1,1,1,0,0,0,1,1,0,0,0,0,0,1,0,1,0,0,0,0,0,0,0,0,-0.3726118428859618,3.722791916830491,1.2183536302106914,-0.17175215660447252,-0.037264766163592325,0.037500649849523775,-0.3312649945474373,0.001810741687979521,0.6849178695868592,0.22845888724766125,0.35714285714285715,0.8214285714285714,-0.07142857142857142,0.6428571428571429,0.21428571428571427,-0.14285714285714285,0.07142857142857142,1.0,-0.21818181818181817,0.8461538461538461
3,1,0,0,-0.20122772870190148,0.07142857142857142,-0.25893501591619217,2,1,0,6,5,4,3,2,1,0,1,1,0,0,0,1,1,1,1,1,0,0,0,1,1,0,0,0,0,0,0,0,1,0,0,0,0,0,0,0,-0.30141212768482256,-0.3742864058468968,3.7045495974926346,1.2160015053599045,-0.1723495435066145,-0.0387483609350901,0.0329661941112323,-0.31327877237851665,0.0,0.6735598227474151,0.7857142857142857,0.39285714285714285,0.8571428571428571,-0.07142857142857142,0.6428571428571429,0.21428571428571427,-0.14285714285714285,0.07142857142857142,1.018181818181818,-0.23076923076923078
4,1,0,0,0.11019613714627938,0.07142857142857142,0.4840441921391048,3,2,1,0,6,5,4,3,2,1,1,1,1,0,0,0,1,1,1,1,0,0,0,0,1,1,0,0,0,0,0,0,0,1,0,0,0,0,0,0,-0.2017325264032277,-0.30344355300521286,-0.37638701862294843,3.7021974726418474,1.2017887087758523,-0.17276177382925992,-0.039007633587786236,0.0284092071611253,-0.30662020905923343,-0.003938946331856229,0.07142857142857142,0.8214285714285714,0.42857142857142855,0.8571428571428571,-0.07142857142857142,0.6428571428571429,0.21428571428571427,-0.14285714285714285,0.07272727272727272,1.0769230769230769
5,0,1,0,-0.09821829615211858,-0.14285714285714285,0.03450319057467284,4,3,2,1,0,6,5,4,3,2,1,1,1,1,0,0,0,1,1,1,0,0,0,0,0,1,1,0,0,0,0,0,0,0,1,0,0,0,0,0,0.10679957280170879,-0.20426355902685536,-0.30582327309933605,-0.3787391434737355,3.66359232345817,1.1904781159562607,-0.16550708833151578,-0.03910997442455245,0.025883524141363863,-0.3072378138847858,0.07142857142857142,0.10714285714285714,0.8571428571428571,0.42857142857142855,0.8571428571428571,-0.07142857142857142,0.6428571428571429,0.21428571428571427,-0.14545454545454545,0.07692307692307693
6,0,1,0,-0.6731546638718371,-0.14285714285714285,-1.0603785120962543,5,4,3,2,1,0,6,5,4,3,0,1,1,1,1,0,0,0,1,1,1,0,0,0,0,0,1,1,0,0,0,0,0,0,0,1,0,0,0,0,-0.09967960128159487,0.10272213662044172,-0.2070340293662787,-0.3081753979501231,-0.3773057574063723,3.632757037148287,1.121297709923664,-0.15778005115089516,-0.039820806371329016,0.021664204825209258,-0.14285714285714285,0.10714285714285714,0.14285714285714285,0.8571428571428571,0.42857142857142855,0.8571428571428571,-0.07142857142857142,0.6428571428571429,0.21818181818181817,-0.15384615384615385
0,0,0,1,-0.4168288665967959,-0.7857142857142857,-0.5986121902099322,6,5,4,3,2,1,0,6,5,4,0,0,1,1,1,1,0,0,0,1,1,1,0,0,0,0,0,1,1,0,0,0,0,0,0,0,1,0,0,0,-0.6692773228907084,-0.10272213662044172,0.09874220123604165,-0.20938615421706577,-0.3074343208496367,-0.3760924692548969,3.426641221374046,1.049381074168798,-0.15530114484818316,-0.043328409650418516,-0.14285714285714285,-0.10714285714285714,0.14285714285714285,0.14285714285714285,0.8571428571428571,0.42857142857142855,0.8571428571428571,-0.07142857142857142,0.6545454545454545,0.23076923076923078
1,1,0,0,-0.14236861805659531,0.21428571428571427,0.02910454524191214,0,6,5,4,3,2,1,0,6,5,0,0,0,1,1,1,1,0,0,0,0,1,1,0,0,0,0,0,1,1,1,0,0,0,0,0,0,1,0,0,-0.4153316720066453,-0.6694649593539133,-0.10589266078243428,0.09639007638525457,-0.2096143096702068,-0.30677518672342974,-0.3574372955288986,3.2120409207161127,1.0194126431060229,-0.15755785327424915,-0.7857142857142857,-0.10714285714285714,-0.07142857142857142,0.14285714285714285,0.14285714285714285,0.8571428571428571,0.42857142857142855,0.8571428571428571,-0.07272727272727272,0.6923076923076923
2,1,0,0,-0.10068573139691564,0.07142857142857142,0.11404462195656012,1,0,6,5,4,3,2,1,0,6,1,0,0,0,1,1,1,1,0,0,0,0,1,1,0,0,0,0,0,1,0,1,0,0,0,0,0,0,1,0,-0.14341995965349472,-0.4167921175519072,-0.6704026249713334,-0.10824478563322136,0.0931619154089808,-0.20973099117937574,-0.2920065430752454,-0.33783120204603584,3.123942259830762,1.0044313146233383,0.21428571428571427,-0.75,-0.07142857142857142,-0.07142857142857142,0.14285714285714285,0.14285714285714285,0.8571428571428571,0.42857142857142855,0.8727272727272727,-0.07692307692307693
3,1,0,0,0.009678095523281978,-0.07142857142857142,0.22060427500929114,2,1,0,6,5,4,3,2,1,0,1,1,0,0,0,1,1,1,1,0,0,0,0,1,1,0,0,0,0,0,0,0,1,0,0,0,0,0,0,1,-0.10212412483683392,-0.14624326254951622,-0.41872526593711584,-0.6727547498221205,-0.10946525060555244,0.09064389979031526,-0.20040348964013086,-0.2764501278772379,-0.33051269288203083,3.086164451009355,0.07142857142857142,0.25,-0.7142857142857143,-0.07142857142857142,-0.07142857142857142,0.14285714285714285,0.14285714285714285,0.8571428571428571,0.43636363636363634,0.9230769230769231
4,1,0,0,-0.047456206018865105,0.21428571428571427,0.24654743518948305,3,2,1,0,6,5,4,3,2,1,1,1,1,0,0,0,1,1,1,1,0,0,0,0,1,1,0,0,0,0,0,0,0,1,0,0,0,0,0,0,0.007214904473715486,-0.10515440790133947,-0.14924232178244018,-0.42107739078790296,-0.6684367430594372,-0.11037621955093949,0.08312977099236643,-0.19051662404092073,-0.2707814833250373,-0.3308714918759232,-0.07142857142857142,0.10714285714285714,0.2857142857142857,-0.7142857142857143,-0.07142857142857142,-0.07142857142857142,0.14285714285714285,0.14285714285714285,0.8727272727272727,0.46153846153846156
5,0,1,0,-0.11925138493786488,-0.07142857142857142,0.11858639425791498,4,3,2,1,0,6,5,4,3,2,1,1,1,1,0,0,0,1,1,1,0,0,0,0,0,1,1,0,0,0,0,0,0,0,1,0,0,0,0,0,-0.049388869111190226,0.0036365997792064905,-0.1083153493787449,-0.15159444663322724,-0.4192286193404136,-0.6649144798026767,-0.1066194111232279,0.07546803069053706,-0.1871577899452464,-0.2717872968980798,0.21428571428571427,-0.03571428571428571,0.14285714285714285,0.2857142857142857,-0.7142857142857143,-0.07142857142857142,-0.07142857142857142,0.14285714285714285,0.14545454545454545,0.9230769230769231
6,0,1,0,-0.11026800419224428,-0.14285714285714285,0.21287308457202178,5,4,3,2,1,0,6,5,4,3,0,1,1,1,1,0,0,0,1,1,1,0,0,0,0,0,1,1,0,0,0,0,0,0,0,1,0,0,0,0,-0.12051738459712821,-0.05268346822993229,4.704249701583251e-05,-0.11066747422953199,-0.15238960313024036,-0.4176828387737772,-0.6300654307524536,-0.102537084398977,0.07167745146839223,-0.18906942392909898,-0.07142857142857142,0.25,0.0,0.14285714285714285,0.2857142857142857,-0.7142857142857143,-0.07142857142857142,-0.07142857142857142,0.14545454545454545,0.15384615384615385
0,1,0,0,-0.6641473274442282,0.14285714285714285,-1.0471094776129837,6,5,4,3,2,1,0,6,5,4,0,0,1,1,1,1,0,0,0,1,1,1,0,0,0,0,0,1,1,0,0,0,0,0,0,0,1,0,0,0,-0.11161742019698581,-0.12345547821877448,-0.05605113519425607,-0.002305082353771247,-0.11186416992733364,-0.15296013678610415,-0.3966957470010905,-0.5935856777493607,-0.101543056246889,0.06696208764155588,-0.14285714285714285,-0.03571428571428571,0.2857142857142857,0.0,0.14285714285714285,0.2857142857142857,-0.7142857142857143,-0.07142857142857142,-0.07272727272727272,0.15384615384615385
1,1,0,0,-0.24439586764485705,-0.21428571428571427,-0.13187130954676354,0,6,5,4,3,2,1,0,6,5,1,0,0,1,1,1,1,0,0,0,0,1,1,0,0,0,0,0,1,1,0,0,0,0,0,0,0,1,0,0,-0.6603536252521657,-0.11460012161356399,-0.12654431697234478,-0.05840326004504315,-0.004564933855040012,-0.11275611291785313,-0.14681570338058889,-0.3746598465473146,-0.5793927327028372,-0.10438207779419005,0.14285714285714285,-0.10714285714285714,0.0,0.2857142857142857,0.0,0.14285714285714285,0.2857142857142857,-0.7142857142857143,-0.07272727272727272,-0.07692307692307693
2,1,0,0,-0.2759934121874532,-0.35714285714285715,-0.2813739037281399,1,0,6,5,4,3,2,1,0,6,1,1,0,0,1,1,1,1,0,0,0,0,1,1,0,0,0,0,0,1,0,0,0,0,0,0,0,0,1,0,-0.24449982200071202,-0.6605859884644222,-0.11772384878189322,-0.12889644182313184,-0.06011272591764487,-0.006307872710363422,-0.10886586695746993,-0.14024552429667522,-0.366351418616227,-0.5770556376169375,-0.21428571428571427,0.17857142857142858,-0.07142857142857142,0.0,0.2857142857142857,0.0,0.14285714285714285,0.2857142857142857,-0.7272727272727273,-0.07692307692307693
3,1,0,0,-0.2968827668812697,-0.21428571428571427,-0.29338780219489996,2,1,0,6,5,4,3,2,1,0,1,1,1,0,0,1,1,1,1,0,0,0,0,1,1,0,0,0,0,0,0,0,0,0,0,0,0,0,0,1,-0.2758039634508129,-0.24681649930042687,-0.6615586355323739,-0.1200759736326803,-0.12991429103782368,-0.06141511232287986,-0.00838604143947649,-0.10464450127877234,-0.1382379293180687,-0.3663220088626292,-0.35714285714285715,-0.17857142857142858,0.21428571428571427,-0.07142857142857142,0.0,0.2857142857142857,0.0,0.14285714285714285,0.2909090909090909,-0.7692307692307693
4,1,0,0,-0.09369067225632582,0.0,-0.01446106155935356,3,2,1,0,6,5,4,3,2,1,1,1,1,1,0,0,1,1,1,1,0,0,0,0,1,1,0,0,0,0,0,0,0,0,0,0,0,0,0,0,-0.29649934733594396,-0.27796374026648724,-0.2494193191774619,-0.6639107603831611,-0.12118036146823172,-0.13066307757181547,-0.06040348964013085,-0.010383631713554964,-0.10359382777501239,-0.14067946824224523,-0.21428571428571427,-0.32142857142857145,-0.14285714285714285,0.21428571428571427,-0.07142857142857142,0.0,0.2857142857142857,0.0,0.14545454545454545,0.3076923076923077
5,0,1,0,-0.3007875430453661,1.2857142857142858,-0.15642648731943568,4,3,2,1,0,6,5,4,3,2,1,1,1,1,1,0,0,1,1,1,0,0,0,0,0,1,1,0,0,0,0,0,0,0,0,0,0,0,0,0,-0.09519401922392313,-0.2985553961591367,-0.28044384595934346,-0.25177144402824897,-0.6596795230109931,-0.12199841725538209,-0.12576881134133033,-0.059181585677749386,-0.011866600298656008,-0.10641063515509595,0.0,-0.17857142857142858,-0.2857142857142857,-0.14285714285714285,0.21428571428571427,-0.07142857142857142,0.0,0.2857142857142857,0.0,0.15384615384615385
6,0,1,0,-0.355382542296751,0.14285714285714285,-0.3361436260056477,5,4,3,2,1,0,6,5,4,3,0,1,1,1,1,1,0,0,1,1,1,0,0,0,0,0,1,1,0,0,0,0,0,0,0,0,0,0,0,0,-0.30036786519520586,-0.09825903689141566,-0.3009543746582068,-0.2827959708101305,-0.2515837525619527,-0.6562267137253995,-0.11758996728462369,-0.12050127877237848,-0.05935291189646591,-0.01567700640078775,1.2857142857142858,0.03571428571428571,-0.14285714285714285,-0.2857142857142857,-0.14285714285714285,0.21428571428571427,-0.07142857142857142,0.0,0.2909090909090909,0.0
0,1,0,0,-0.4367360383290912,-0.14285714285714285,-0.5469562105774105,6,5,4,3,2,1,0,6,5,4,0,0,1,1,1,1,1,0,0,1,1,1,0,0,0,0,0,1,1,0,0,0,0,0,0,0,0,0,0,0,-0.35445591550967126,-0.30240452449686817,-0.10144714481444674,-0.3033064995089939,-0.2823038941680641,-0.2513675722199437,-0.6218647764449291,-0.11282864450127873,-0.11902439024390238,-0.06264894140817331,0.14285714285714285,1.3214285714285714,0.07142857142857142,-0.14285714285714285,-0.2857142857142857,-0.14285714285714285,0.21428571428571427,-0.07142857142857142,0.0,0.3076923076923077
1,1,0,0,-0.3802724958826172,0.14285714285714285,-0.38511685424717473,0,6,5,4,3,2,1,0,6,5,1,0,0,1,1,1,1,1,0,0,0,1,1,0,0,0,0,0,1,1,0,0,0,0,0,0,0,0,0,0,-0.43505399311736087,-0.3562214783722674,-0.30478833816498974,-0.10379926966523381,-0.3026131917272219,-0.28184407077294543,-0.23970556161395856,-0.5858925831202046,-0.11155798904927819,-0.12167405219103884,-0.14285714285714285,0.17857142857142858,1.3571428571428572,0.07142857142857142,-0.14285714285714285,-0.2857142857142857,-0.14285714285714285,0.21428571428571427,-0.07272727272727272,0.0
2,1,0,0,0.14826171582572237,0.07142857142857142,0.8603615610624742,1,0,6,5,4,3,2,1,0,6,1,1,0,0,1,1,1,1,1,0,0,0,1,1,0,0,0,0,0,1,0,0,0,0,0,0,0,0,0,0,-0.37911475020766583,-0.43641558778905365,-0.35839326351442724,-0.3071404630157768,-0.10506335010247814,-0.30199229422875856,-0.2684732824427481,-0.22738618925831205,-0.5719064211050274,-0.11428852781880841,0.14285714285714285,-0.10714285714285714,0.21428571428571427,1.3571428571428572,0.07142857142857142,-0.14285714285714285,-0.2857142857142857,-0.14285714285714285,0.21818181818181817,-0.07692307692307693
3,1,0,0,-0.363647252582722,0.07142857142857142,-0.3883743527061324,2,1,0,6,5,4,3,2,1,0,1,1,1,0,0,1,1,1,1,1,0,0,0,1,1,0,0,0,0,0,0,0,0,0,0,0,0,0,0,0,0.14451168861991215,-0.38075671973977065,-0.4382714234471565,-0.36074538836521436,-0.30640953978013785,-0.10600923075145709,-0.2874918211559433,-0.25437340153452687,-0.22303633648581386,-0.5696504185130478,0.07142857142857142,0.17857142857142858,-0.07142857142857142,0.21428571428571427,1.3571428571428572,0.07142857142857142,-0.14285714285714285,-0.2857142857142857,-0.14545454545454545,0.23076923076923078
4,1,0,0,-0.2901033088785746,-0.35714285714285715,-0.28894297185455187,3,2,1,0,6,5,4,3,2,1,1,1,1,1,0,0,1,1,1,1,0,0,0,0,1,1,0,0,0,0,0,0,0,0,0,0,0,0,0,0,-0.3626438827578023,0.1402452343422536,-0.38283184071410503,-0.4406235482979436,-0.35948854108440464,-0.3057585332463016,-0.10249727371864778,-0.2722148337595908,-0.24929815828770535,-0.2245593303791236,0.07142857142857142,0.10714285714285714,0.21428571428571427,-0.07142857142857142,0.21428571428571427,1.3571428571428572,0.07142857142857142,-0.14285714285714285,-0.2909090909090909,-0.15384615384615385
5,0,1,0,-0.5378290163198083,0.42857142857142855,-0.7310147472267712,4,3,2,1,0,6,5,4,3,2,1,1,1,1,1,0,0,1,1,1,0,0,0,0,0,1,1,0,0,0,0,0,0,0,0,0,0,0,0,0,-0.2897828408686365,-0.3643684064490611,0.1361174651150483,-0.38518396556489215,-0.4385830072666294,-0.3584165622093728,-0.29104689203925843,-0.09867007672634276,-0.2666600298656048,-0.2505366814377154,-0.35714285714285715,0.10714285714285714,0.14285714285714285,0.21428571428571427,-0.07142857142857142,0.21428571428571427,1.3571428571428572,0.07142857142857142,-0.14545454545454545,-0.3076923076923077
6,0,0,1,0.1670908818685432,0.0,1.0363893814719678,5,4,3,2,1,0,6,5,4,3,0,1,1,1,1,1,0,0,1,1,1,0,0,0,0,0,1,1,0,0,0,0,0,0,0,0,0,0,0,0,-0.5352082591669632,-0.2918725537077378,-0.3665080942496427,0.13376534026426123,-0.38368734861188747,-0.43688372603499365,-0.340752453653217,-0.27554987212276216,-0.09777999004479844,-0.26771048744460857,0.42857142857142855,-0.32142857142857145,0.14285714285714285,0.14285714285714285,0.21428571428571427,-0.07142857142857142,0.21428571428571427,1.3571428571428572,0.07272727272727272,-0.15384615384615385
0,1,0,0,-0.5804222188950442,-0.14285714285714285,-0.896442751335757,6,5,4,3,2,1,0,6,5,4,0,0,1,1,1,1,1,0,0,1,0,1,0,0,0,0,0,1,1,0,1,0,0,0,0,0,0,0,0,0,0.16316601400261066,-0.5360678674530224,-0.29429786133047936,-0.3688602191004298,0.1301704863051984,-0.38242344772610426,-0.41482006543075245,-0.3221790281329923,-0.2699054255848681,-0.10065977351058594,0.0,0.4642857142857143,-0.2857142857142857,0.14285714285714285,0.14285714285714285,0.21428571428571427,-0.07142857142857142,0.21428571428571427,1.3818181818181818,0.07692307692307693
1,1,0,0,-0.6558107501122923,0.14285714285714285,-1.0102521992758007,0,6,5,4,3,2,1,0,6,5,1,0,0,1,1,1,1,1,0,0,0,0,1,0,0,0,0,0,1,1,0,1,0,0,0,0,0,0,0,0,-0.5774059570428385,0.15880606178677484,-0.5375310921503712,-0.2966499861812664,-0.3675237562884293,0.127358953771149,-0.3634133042529989,-0.39166240409207165,-0.3152812344449975,-0.2709207287050714,-0.14285714285714285,0.03571428571428571,0.5,-0.2857142857142857,0.14285714285714285,0.14285714285714285,0.21428571428571427,-0.07142857142857142,0.21818181818181817,1.4615384615384615
2,1,0,0,-0.37342117083395715,-0.14285714285714285,-0.4370742929977558,1,0,6,5,4,3,2,1,0,6,1,1,0,0,1,1,1,1,1,0,0,0,0,1,0,0,0,0,0,1,0,0,1,0,0,0,0,0,0,0,-0.6520944582888335,-0.5780540649038605,0.1546051664422348,-0.5398832170011583,-0.2960219862120365,-0.36638804970049155,0.11778625954198473,-0.34343734015345273,-0.38289696366351417,-0.3158050221565731,0.14285714285714285,-0.10714285714285714,0.07142857142857142,0.5,-0.2857142857142857,0.14285714285714285,0.14285714285714285,0.21428571428571427,-0.07272727272727272,0.23076923076923078
3,1,0,0,-0.355382542296751,0.14285714285714285,-0.3361436260056477,2,1,0,6,5,4,3,2,1,0,1,1,1,0,0,1,1,1,1,1,0,0,0,0,1,0,0,0,0,0,0,0,0,1,0,0,0,0,0,0,-0.3723270440251572,-0.6523682175347868,-0.5793518719973656,0.1522530415914477,-0.5368688280231041,-0.2954533639099568,-0.34827699018538716,0.10797953964194369,-0.33596814335490294,-0.3826883308714919,-0.14285714285714285,0.17857142857142858,-0.07142857142857142,0.07142857142857142,0.5,-0.2857142857142857,0.14285714285714285,0.14285714285714285,0.21818181818181817,-0.07692307692307693
4,1,0,0,-0.3482916604282078,0.7857142857142857,-0.4940326664718391,3,2,1,0,6,5,4,3,2,1,1,1,1,1,0,0,1,1,1,1,0,0,0,0,0,1,0,0,0,0,0,0,0,0,1,0,0,0,0,0,-0.35445591550967126,-0.37400303443553007,-0.6533732410516349,-0.5817039968481527,0.14847680268306315,-0.534390036795924,-0.281319520174482,-0.32923785166240416,0.10331508213041311,-0.3362678483505662,0.14285714285714285,-0.10714285714285714,0.21428571428571427,-0.07142857142857142,0.07142857142857142,0.5,-0.2857142857142857,0.14285714285714285,0.14545454545454545,0.23076923076923078
5,0,1,0,-0.4768378499775416,1.1428571428571428,-0.594012142256804,4,3,2,1,0,6,5,4,3,2,1,1,1,1,1,0,0,1,1,1,0,0,0,0,0,0,1,0,0,0,0,0,0,0,0,1,0,0,0,0,-0.34743087694315883,-0.3562214783722674,-0.376104763640854,-0.655725365902422,-0.5782792994223962,0.14552008179439344,-0.5068593238822247,-0.2664245524296675,-0.32215032354405176,0.0982570162481536,0.7857142857142857,0.17857142857142858,-0.07142857142857142,0.21428571428571427,-0.07142857142857142,0.07142857142857142,0.5,-0.2857142857142857,0.14545454545454545,0.15384615384615385
6,0,1,0,0.019715526276388725,0.42857142857142855,0.39817087643231486,5,4,3,2,1,0,6,5,4,3,0,1,1,1,1,1,0,0,1,1,1,0,0,0,0,0,0,1,0,0,0,0,0,0,0,0,1,0,0,0,-0.4747834341995965,-0.34923165022522124,-0.35839326351442724,-0.37845688849164105,-0.6515744363704117,-0.5754720795762404,0.1349291166848419,-0.47800511508951404,-0.2610253857640617,-0.32259970457902515,1.1428571428571428,0.8214285714285714,0.21428571428571427,-0.07142857142857142,0.21428571428571427,-0.07142857142857142,0.07142857142857142,0.5,-0.2909090909090909,0.15384615384615385
0,1,0,0,-0.5342356640215601,0.07142857142857142,-0.7974249618990129,6,5,4,3,2,1,0,6,5,4,0,0,1,1,1,1,1,0,0,1,1,1,0,0,0,0,0,0,1,0,0,0,0,0,0,0,0,1,0,0,0.01715913136347459,-0.4759458996747133,-0.35143097395609746,-0.36074538836521436,-0.3770262716601453,-0.6481859089517493,-0.5456379498364231,0.12406138107416878,-0.4669188651070184,-0.26213687838503197,0.42857142857142855,1.1785714285714286,0.8571428571428571,0.21428571428571427,-0.07142857142857142,0.21428571428571427,-0.07142857142857142,0.07142857142857142,0.509090909090909,-0.3076923076923077
1,1,0,0,-0.6146309327743674,0.2857142857142857,-0.889781236724639,0,6,5,4,3,2,1,0,6,5,1,0,0,1,1,1,1,1,0,0,0,1,1,0,0,0,0,0,0,1,0,0,0,0,0,0,0,0,1,0,-0.5316482734069063,0.013530984892761675,-0.47764599344933223,-0.3537830988068846,-0.35948854108440464,-0.37581520012477104,-0.6142748091603053,-0.5143836317135551,0.11896465903434544,-0.4658000984736583,0.07142857142857142,0.4642857142857143,1.2142857142857142,0.8571428571428571,0.21428571428571427,-0.07142857142857142,0.21428571428571427,-0.07142857142857142,0.07272727272727272,0.5384615384615384
2,1,0,0,-0.5574487198682437,0.35714285714285715,-0.8264552125896122,1,0,6,5,4,3,2,1,0,6,1,1,0,0,1,1,1,1,1,0,0,0,1,1,0,0,0,0,0,0,0,0,0,0,0,0,0,0,0,1,-0.6112970214785807,-0.5325257248109382,0.00990244562181369,-0.4799981183001193,-0.3525945593441401,-0.3584165622093728,-0.35717557251908394,-0.578772378516624,-0.5023195619711299,0.1137370753323486,0.2857142857142857,0.10714285714285714,0.5,1.2142857142857142,0.8571428571428571,0.21428571428571427,-0.07142857142857142,0.21428571428571427,-0.07272727272727272,0.07692307692307693
3,1,0,0,-0.45082197933822427,0.42857142857142855,-0.5928357197983759,2,1,0,6,5,4,3,2,1,0,1,1,1,0,0,1,1,1,1,1,0,0,0,1,1,0,0,0,0,0,0,0,0,0,0,0,0,0,0,0,-0.5546457814168743,-0.611775262856502,-0.5340029048741907,0.007550320771026611,-0.4775712688652879,-0.35157725699960135,-0.340752453653217,-0.3375856777493606,-0.5649776007964161,-0.5008173313638602,0.35714285714285715,0.32142857142857145,0.14285714285714285,0.5,1.2142857142857142,0.8571428571428571,0.21428571428571427,-0.07142857142857142,0.21818181818181817,-0.07692307692307693
4,1,0,0,-0.6726515945500824,0.0,-1.0605715674544984,3,2,1,0,6,5,4,3,2,1,1,1,1,1,0,0,1,1,1,1,0,0,0,0,1,1,0,0,0,0,0,0,0,0,0,0,0,0,0,0,-0.4490091372967841,-0.5554079662788021,-0.612940214866605,-0.5363550297249777,0.0051937767840507226,-0.4755627696875523,-0.33429661941112315,-0.3221790281329923,-0.3302737680438029,-0.5627966518956179,0.42857142857142855,0.39285714285714285,0.35714285714285715,0.14285714285714285,0.5,1.2142857142857142,0.8571428571428571,0.21428571428571427,-0.07272727272727272,0.23076923076923078
5,0,1,0,-0.6444318011678395,0.0,-1.000578302987473,4,3,2,1,0,6,5,4,3,2,1,1,1,1,1,0,0,1,1,1,0,0,0,0,0,1,1,0,0,0,0,0,0,0,0,0,0,0,0,0,-0.6687789248843005,-0.45030078694602366,-0.5567949946783174,-0.6152923397173921,-0.5333752561952674,0.0033734410831981524,-0.451330425299891,-0.31612276214833757,-0.3152812344449975,-0.3306351550960118,0.0,0.4642857142857143,0.42857142857142855,0.35714285714285715,0.14285714285714285,0.5,1.2142857142857142,0.8571428571428571,0.21818181818181817,-0.07692307692307693
6,0,1,0,-0.48237161251684385,-0.35714285714285715,-0.6497000512846449,5,4,3,2,1,0,6,5,4,3,0,1,1,1,1,1,0,0,1,1,1,0,0,0,0,0,1,1,0,0,0,0,0,0,0,0,0,0,0,0,-0.6408211700486531,-0.6689690593840215,-0.4521019175697845,-0.5591471195291045,-0.6115381032234022,-0.5309241726693507,0.0007524536532170715,-0.4259130434782609,-0.3093877551020408,-0.3158050221565731,0.0,0.03571428571428571,0.5,0.42857142857142855,0.35714285714285715,0.14285714285714285,0.5,1.2142857142857142,0.8727272727272727,0.23076923076923078
0,1,0,0,-0.37069022308728855,1.7142857142857142,-0.5631894319453107,6,5,4,3,2,1,0,6,5,4,0,0,1,1,1,1,1,0,0,1,1,1,0,0,0,0,0,1,1,0,0,0,0,0,0,0,0,0,0,0,-0.48026581227008425,-0.6411514325015202,-0.6699086787526681,-0.4544540424205716,-0.555943730203093,-0.6084671060612187,-0.5035877862595419,-0.001810741687979521,-0.4162269785963166,-0.30997538158542587,-0.35714285714285715,0.03571428571428571,0.07142857142857142,0.5,0.42857142857142855,0.35714285714285715,0.14285714285714285,0.5,1.2363636363636363,0.9230769230769231
1,1,0,0,-0.5894295553226531,1.2142857142857142,-0.9101730196505982,0,6,5,4,3,2,1,0,6,5,1,0,0,1,1,1,1,1,0,0,0,1,1,0,0,0,0,0,1,1,0,0,0,0,0,0,0,0,0,0,-0.36962145484751396,-0.481400799343523,-0.6422006480103962,-0.6722608036034552,-0.45227780883174956,-0.5533136549270146,-0.576782988004362,-0.4749360613810742,-0.003524141363862582,-0.4156573116691285,1.7142857142857142,-0.32142857142857145,0.07142857142857142,0.07142857142857142,0.5,0.42857142857142855,0.35714285714285715,0.14285714285714285,0.509090909090909,1.3076923076923077
2,1,0,0,-0.5722533313370265,0.35714285714285715,-0.8824306332453963,1,0,6,5,4,3,2,1,0,6,1,1,0,0,1,1,1,1,1,0,0,0,1,1,0,0,0,0,0,1,0,0,0,0,0,0,0,0,0,0,-0.5863296546813813,-0.37131100602754613,-0.48307940185465037,-0.6445527728611834,-0.6679476430035401,-0.45046991341116116,-0.5247219193020719,-0.5436010230179028,-0.46393230462916873,-0.007424913835548955,1.2142857142857142,1.75,-0.2857142857142857,0.07142857142857142,0.07142857142857142,0.5,0.42857142857142855,0.35714285714285715,0.14545454545454545,0.5384615384615384
3,0,0,1,-0.468381494235664,0.21428571428571427,-0.7415967494062391,2,1,0,6,5,4,3,2,1,0,1,1,1,0,0,1,1,1,1,1,0,0,0,1,1,0,0,0,0,0,0,0,0,0,0,0,0,0,0,0,-0.5693129227483089,-0.5869330357933514,-0.3734233413109567,-0.4854315267054375,-0.6405114589155952,-0.6644292588249565,-0.42764449291166845,-0.4947621483375959,-0.5307516177202588,-0.4628458887247661,0.35714285714285715,1.25,1.7857142857142858,-0.2857142857142857,0.07142857142857142,0.07142857142857142,0.5,0.42857142857142855,0.36363636363636365,0.15384615384615385
4,1,0,0,-0.1307740679742476,1.3571428571428572,0.17334865946149913,3,2,1,0,6,5,4,3,2,1,0,1,1,1,0,0,1,1,1,1,0,0,0,0,1,1,0,0,0,0,1,0,0,0,0,0,0,0,0,0,-0.46640560104426243,-0.5700015939641889,-0.588195861436325,-0.3757754661617438,-0.48295136948015654,-0.6372106725509337,-0.6296074154852781,-0.40369309462915604,-0.4832254853160776,-0.5289414081733136,0.21428571428571427,0.39285714285714285,1.2857142857142858,1.7857142857142858,-0.2857142857142857,0.07142857142857142,0.07142857142857142,0.5,0.43636363636363634,0.38461538461538464
5,0,1,0,-0.43901182811798173,0.7857142857142857,-0.5485876526391396,4,3,2,1,0,6,5,4,3,2,1,0,1,1,1,0,0,1,1,1,0,0,0,0,0,1,1,0,0,0,0,1,0,0,0,0,0,0,0,0,-0.13193307226771087,-0.4676100573236751,-0.5713311262561815,-0.590547986287112,-0.3743711570709894,-0.4809002004424753,-0.6039149400218102,-0.593156010230179,-0.3946042807366849,-0.48193008370260954,1.3571428571428572,0.25,0.42857142857142855,1.2857142857142858,1.7857142857142858,-0.2857142857142857,0.07142857142857142,0.07142857142857142,0.509090909090909,0.46153846153846156
6,0,1,0,-0.5284144332983979,0.9285714285714286,-0.6799464954945982,5,4,3,2,1,0,6,5,4,3,0,1,0,1,1,1,0,0,1,1,1,0,0,0,0,0,1,1,0,0,0,0,1,0,0,0,0,0,0,0,-0.4373086507653969,-0.13481394895772447,-0.4693429927260538,-0.5736832511069686,-0.5870365194708403,-0.37318114338857533,-0.45636859323882223,-0.5690537084398977,-0.5789746142359383,-0.39426883308714916,0.7857142857142857,1.3928571428571428,0.2857142857142857,0.42857142857142855,1.2857142857142858,1.7857142857142858,-0.2857142857142857,0.07142857142857142,0.07272727272727272,0.5384615384615384
0,1,0,0,-0.49628986375205875,1.2857142857142858,-0.6505989048803614,6,5,4,3,2,1,0,6,5,4,0,0,1,0,1,1,1,0,0,1,1,1,0,0,0,0,0,1,1,0,0,0,0,1,0,0,0,0,0,0,-0.525881096475614,-0.43865894479570694,-0.13785803750463063,-0.47169511757684085,-0.5703372461337805,-0.5841598456535175,-0.35468920392584513,-0.43063938618925834,-0.5555201592832255,-0.5766420482520926,0.9285714285714286,0.8214285714285714,1.4285714285714286,0.2857142857142857,0.42857142857142855,1.2857142857142858,1.7857142857142858,-0.2857142857142857,0.07272727272727272,0.07692307692307693
1,1,0,0,-0.4389878724359934,0.7857142857142857,-0.4761684173240946,0,6,5,4,3,2,1,0,6,5,1,0,0,1,0,1,1,1,0,0,0,1,1,0,0,0,0,0,1,1,0,0,0,0,1,0,0,0,0,0,-0.49405482378070487,-0.5267874537307617,-0.4405059420554042,-0.14021016235541772,-0.46934972983044526,-0.5675930151284968,-0.5538386041439477,-0.33525319693094635,-0.4208262817322051,-0.5534416543574594,1.2857142857142858,0.9642857142857143,0.8571428571428571,1.4285714285714286,0.2857142857142857,0.42857142857142855,1.2857142857142858,1.7857142857142858,-0.2909090909090909,0.07692307692307693
2,1,0,0,-0.6369097170235065,0.42857142857142855,-1.0012439158821347,1,0,6,5,4,3,2,1,0,6,1,1,0,0,1,0,1,1,1,0,0,0,1,1,0,0,0,0,0,1,0,0,0,0,0,1,0,0,0,0,-0.43728491752699655,-0.4951206985105291,-0.528287241486778,-0.4428580669061913,-0.1411170113657536,-0.46740643610968297,-0.5382006543075245,-0.5220767263427111,-0.32800398208063714,-0.4202067946824225,0.7857142857142857,1.3214285714285714,1.0,0.8571428571428571,1.4285714285714286,0.2857142857142857,0.42857142857142855,1.2857142857142858,1.8181818181818181,-0.3076923076923077
3,1,0,0,-0.569091181314568,0.42857142857142855,-0.8198233881802272,2,1,0,6,5,4,3,2,1,0,1,1,1,0,0,1,0,1,1,1,0,0,0,1,1,0,0,0,0,0,0,0,0,0,0,0,1,0,0,0,-0.6333689331909339,-0.4386353305114264,-0.49674524723772334,-0.530639366337565,-0.44079560275759266,-0.14177694853769404,-0.4436314067611777,-0.5074066496163683,-0.5098058735689398,-0.3283899556868538,0.42857142857142855,0.8214285714285714,1.3571428571428572,1.0,0.8571428571428571,1.4285714285714286,0.2857142857142857,0.42857142857142855,1.309090909090909,1.9230769230769231
4,1,0,0,-0.6023416679143584,0.8571428571428571,-0.9322436108670972,3,2,1,0,6,5,4,3,2,1,1,1,1,1,0,0,1,0,1,1,0,0,0,0,1,1,0,0,0,0,0,0,0,0,0,0,0,1,0,0,-0.5661801352794589,-0.633736547237424,-0.44048242080689637,-0.4990973720885104,-0.5277156698341717,-0.4390787733151567,-0.13625954198473275,-0.41869053708439896,-0.4955301144848183,-0.5082225504677499,0.42857142857142855,0.4642857142857143,0.8571428571428571,1.3571428571428572,1.0,0.8571428571428571,1.4285714285714286,0.2857142857142857,0.43636363636363634,1.3846153846153846
5,0,1,0,-0.6259140589908668,0.8571428571428571,-0.9434210742087604,4,3,2,1,0,6,5,4,3,2,1,1,1,1,1,0,0,1,0,1,0,0,0,0,0,1,1,0,0,0,0,0,0,0,0,0,0,0,1,0,-0.599121870179186,-0.5668845084391549,-0.6348149759789249,-0.44283454565768343,-0.496483137693311,-0.5253094727843018,-0.4168920392584514,-0.13034271099744243,-0.40919860627177695,-0.4941014278680453,0.8571428571428571,0.4642857142857143,0.5,0.8571428571428571,1.3571428571428572,1.0,0.8571428571428571,1.4285714285714286,0.2909090909090909,0.46153846153846156
6,0,1,0,-0.5393142686030843,0.35714285714285715,-0.7441955396686125,5,4,3,2,1,0,6,5,4,3,0,1,1,1,1,1,0,0,1,0,1,0,0,0,0,0,1,1,0,0,0,0,0,0,0,0,0,0,0,1,-0.6224753767651595,-0.5996611350205739,-0.5682263214531427,-0.637167100829712,-0.4407723122787404,-0.4943246474927361,-0.49828789531079604,-0.3936061381074169,-0.12860129417620703,-0.40870507139340223,0.8571428571428571,0.8928571428571429,0.5,0.5,0.8571428571428571,1.3571428571428572,1.0,0.8571428571428571,1.4545454545454546,0.3076923076923077
0,0,0,1,-0.41352298248240754,1.1428571428571428,-0.4638119077387338,6,5,4,3,2,1,0,6,5,4,0,0,1,1,1,1,1,0,0,1,1,1,0,0,0,0,0,1,1,0,0,0,0,0,0,0,0,0,0,0,-0.5366797199477868,-0.6228975907526463,-0.6008738143820673,-0.5705784463039297,-0.6331982485559903,-0.4390556675543129,-0.4690403489640131,-0.46996419437340153,-0.3847884519661523,-0.1311472181191531,0.35714285714285715,0.8928571428571429,0.9285714285714286,0.5,0.5,0.8571428571428571,1.3571428571428572,1.0,0.8727272727272727,1.5384615384615385
1,1,0,0,-0.5687318460847433,0.5,-0.8266130539876616,0,6,5,4,3,2,1,0,6,5,0,0,0,1,1,1,1,1,0,0,0,1,1,0,0,0,0,0,1,1,1,0,0,0,0,0,0,0,0,0,-0.4120564851073929,-0.5375319530784172,-0.6240187229138121,-0.6032259392328544,-0.5672629029252841,-0.6299554636459734,-0.41687022900763354,-0.4425268542199489,-0.45909407665505225,-0.38455933037912354,1.1428571428571428,0.39285714285714285,0.9285714285714286,0.9285714285714286,0.5,0.5,0.8571428571428571,1.3571428571428572,1.018181818181818,0.9230769230769231
2,1,0,0,-0.728180865399012,-0.6428571428571429,-1.1632619657986139,1,0,6,5,4,3,2,1,0,6,1,0,0,0,1,1,1,1,1,0,0,0,1,1,0,0,0,0,0,1,0,1,0,0,0,0,0,0,0,0,-0.5658241367034531,-0.4135333463211897,-0.5389894095578592,-0.6263708477645992,-0.5995900875722004,-0.5645430546971123,-0.5970665212649945,-0.39358567774936065,-0.4323942259830762,-0.45806006893156076,0.5,1.1785714285714286,0.42857142857142855,0.9285714285714286,0.9285714285714286,0.5,0.5,0.8571428571428571,1.3818181818181818,1.0769230769230769
3,1,0,0,-0.37526575834705794,0.7142857142857143,-0.331791870995383,2,1,0,6,5,4,3,2,1,0,1,1,0,0,0,1,1,1,1,1,0,0,0,1,1,0,0,0,0,0,0,0,1,0,0,0,0,0,0,0,-0.7237925714963807,-0.5665302941749465,-0.4154793336430297,-0.5413415344086463,-0.6225079187628096,-0.5966138507483377,-0.5353217011995638,-0.5626291560102302,-0.38476854156296664,-0.4316494337764648,-0.6428571428571429,0.5357142857142857,1.2142857142857142,0.42857142857142855,0.9285714285714286,0.9285714285714286,0.5,0.5,0.8727272727272727,1.4615384615384615
4,1,0,0,-0.4380056894744722,1.0714285714285714,-0.5690937773652605,3,2,1,0,6,5,4,3,2,1,1,1,1,0,0,0,1,1,1,1,0,0,0,0,1,1,0,0,0,0,0,0,0,1,0,0,0,0,0,0,-0.37415450338198647,-0.7237069703463627,-0.5678735027255246,-0.4178314584938168,-0.5383128377119434,-0.6193499194186589,-0.5655943293347874,-0.5047058823529412,-0.5492682926829269,-0.3845396356474643,0.7142857142857143,-0.6071428571428571,0.5714285714285714,1.2142857142857142,0.42857142857142855,0.9285714285714286,0.9285714285714286,0.5,0.509090909090909,0.9230769230769231
5,0,1,0,-0.5374457254079952,-0.14285714285714285,-0.7495058048659824,4,3,2,1,0,6,5,4,3,2,1,1,1,1,0,0,0,1,1,1,0,0,0,0,0,1,1,0,0,0,0,0,0,0,1,0,0,0,0,0,-0.436311854752581,-0.3758213343251333,-0.7244309327939127,-0.5702256275763117,-0.4160145332588038,-0.5358225939682411,-0.5870556161395856,-0.5331048593350384,-0.4929019412643106,-0.5472575086164451,1.0714285714285714,0.75,-0.5714285714285714,0.5714285714285714,1.2142857142857142,0.42857142857142855,0.9285714285714286,0.9285714285714286,0.509090909090909,0.5384615384615384
6,0,1,0,-0.5879443030393772,0.7857142857142857,-0.8184133107388597,5,4,3,2,1,0,6,5,4,3,0,1,1,1,1,0,0,0,1,1,1,0,0,0,0,0,1,1,0,0,0,0,0,0,0,1,0,0,0,0,-0.5348285273525573,-0.4376671448559234,-0.3779158997759601,-0.7267830576446997,-0.5669135457425004,-0.41449424377732974,-0.5082115594329335,-0.553237851662404,-0.520537580886013,-0.4915017232890202,-0.14285714285714285,1.1071428571428572,0.7857142857142857,-0.5714285714285714,0.5714285714285714,1.2142857142857142,0.42857142857142855,0.9285714285714286,0.9454545454545454,0.5384615384615384
0,1,0,0,-0.5472435993412187,1.1428571428571428,-0.7590936686162657,6,5,4,3,2,1,0,6,5,4,0,0,1,1,1,1,0,0,0,1,1,1,0,0,0,0,0,1,1,0,0,0,0,0,0,0,1,0,0,0,-0.5848581939005577,-0.5356900389045334,-0.43951804961807367,-0.38026802462674714,-0.7219349729830445,-0.5641964682844549,-0.39368593238822247,-0.47927365728900256,-0.5401294176207068,-0.5188380108321025,0.7857142857142857,-0.10714285714285714,1.1428571428571428,0.7857142857142857,-0.5714285714285714,0.5714285714285714,1.2142857142857142,0.42857142857142855,0.9454545454545454,1.0
1,1,0,0,-0.1707321455307681,0.21428571428571427,0.17245574390612925,0,6,5,4,3,2,1,0,6,5,1,0,0,1,1,1,1,0,0,0,0,1,1,0,0,0,0,0,1,1,0,0,0,0,0,0,0,1,0,0,-0.5445354218583125,-0.5854689501679566,-0.5371547521742454,-0.44187017446886073,-0.3788196385317682,-0.7179884124609368,-0.5349945474372955,-0.3718363171355499,-0.4681533101045296,-0.538217626784835,1.1428571428571428,0.8214285714285714,-0.07142857142857142,1.1428571428571428,0.7857142857142857,-0.5714285714285714,0.5714285714285714,1.2142857142857142,0.43636363636363634,1.0
2,1,0,0,-0.39625093576882764,0.5714285714285714,-0.5003648269846649,1,0,6,5,4,3,2,1,0,6,1,1,0,0,1,1,1,1,0,0,0,0,1,1,0,0,0,0,0,1,0,0,0,0,0,0,0,0,1,0,-0.17152011391954433,-0.545348281175283,-0.5867375440288369,-0.5395068770250324,-0.4398174026457984,-0.3775943437097454,-0.6801635768811342,-0.5043989769820972,-0.3636037829766053,-0.46702117183653374,0.21428571428571427,1.1785714285714286,0.8571428571428571,-0.07142857142857142,1.1428571428571428,0.7857142857142857,-0.5714285714285714,0.5714285714285714,1.2363636363636363,0.46153846153846156
3,1,0,0,-0.38523132205419974,2.142857142857143,-0.2742801550173765,2,1,0,6,5,4,3,2,1,0,1,1,1,0,0,1,1,1,1,0,0,0,0,1,1,0,0,0,0,0,0,0,0,0,0,0,0,0,0,1,-0.3949448202207191,-0.17420257513770082,-0.5467749428139644,-0.5890896688796241,-0.5364961803614682,-0.4381083313597162,-0.35885496183206106,-0.6405831202046036,-0.49260328521652563,-0.3636041358936485,0.5714285714285714,0.25,1.2142857142857142,0.8571428571428571,-0.07142857142857142,1.1428571428571428,0.7857142857142857,-0.5714285714285714,0.5818181818181818,1.3076923076923077
4,1,0,0,-0.396873783500524,1.5,-0.45228782855358485,3,2,1,0,6,5,4,3,2,1,1,1,1,1,0,0,1,1,1,1,0,0,0,0,1,1,0,0,0,0,0,0,0,0,0,0,0,0,0,0,-0.3840275305565444,-0.396507447354905,-0.1770914800157592,-0.5491270676647515,-0.5855925097820012,-0.5340203446224229,-0.4159760087241003,-0.3391611253196931,-0.6251269288203086,-0.491206302314131,2.142857142857143,0.6071428571428571,0.2857142857142857,1.2142857142857142,0.8571428571428571,-0.07142857142857142,1.1428571428571428,0.7857142857142857,-0.5818181818181818,0.6153846153846154
5,0,1,0,-0.5394100913310376,0.5,-0.7009561108045234,4,3,2,1,0,6,5,4,3,2,1,1,1,1,1,0,0,1,1,1,0,0,0,0,0,1,1,0,0,0,0,0,0,0,0,0,0,0,0,0,-0.39556188441912893,-0.38564487658584684,-0.39852051346885486,-0.17944360486654629,-0.5460219862120365,-0.5827272884812005,-0.5065103598691385,-0.39274680306905374,-0.33180686908909907,-0.6222944362383063,1.5,2.1785714285714284,0.6428571428571429,0.2857142857142857,1.2142857142857142,0.8571428571428571,-0.07142857142857142,1.1428571428571428,0.8,-0.6153846153846154
6,0,1,0,-0.3118550681239707,1.0,-0.21107510119266576,5,4,3,2,1,0,6,5,4,3,0,1,1,1,1,1,0,0,1,1,1,0,0,0,0,0,1,1,0,0,0,0,0,0,0,0,0,0,0,0,-0.5367746529013884,-0.39712141874619955,-0.3877007391552343,-0.4008726383196419,-0.1799655300912987,-0.5434706008075463,-0.5524863685932389,-0.4776777493606138,-0.38395221503235444,-0.33215164943377645,0.5,1.5357142857142858,2.2142857142857144,0.6428571428571429,0.2857142857142857,1.2142857142857142,0.8571428571428571,-0.07142857142857142,1.1636363636363636,0.8461538461538461
0,1,0,0,-0.5927354394370415,0.9285714285714286,-0.9226391758414281,6,5,4,3,2,1,0,6,5,4,0,0,1,1,1,1,1,0,0,1,1,1,0,0,0,0,0,1,1,0,0,0,0,0,0,0,0,0,0,0,-0.31133262133618134,-0.5376264102155395,-0.39913206593005945,-0.39005286400602135,-0.399222098006335,-0.18031735762518988,-0.5154307524536532,-0.5208081841432225,-0.4666002986560478,-0.3837321516494338,1.0,0.5357142857142857,1.5714285714285714,2.2142857142857144,0.6428571428571429,0.2857142857142857,1.2142857142857142,0.8571428571428571,-0.07272727272727272,1.2307692307692308
1,1,0,0,-0.46301542147027996,0.5,-0.6095495081524633,0,6,5,4,3,2,1,0,6,5,1,0,0,1,1,1,1,1,0,0,0,1,1,0,0,0,0,0,1,1,0,0,0,0,0,0,0,0,0,0,-0.5896048415806336,-0.31331432383448754,-0.5390834945518908,-0.4014841907808465,-0.3885084777343022,-0.39783499020893376,-0.17263904034896402,-0.4860460358056266,-0.5085714285714286,-0.4654849827671098,0.9285714285714286,1.0357142857142858,0.5714285714285714,1.5714285714285714,2.2142857142857144,0.6428571428571429,0.2857142857142857,1.2142857142857142,0.8727272727272727,-0.07692307692307693
2,1,0,0,-0.4302919598742327,1.2142857142857142,-0.5106825173217298,1,0,6,5,4,3,2,1,0,6,1,1,0,0,1,1,1,1,1,0,0,0,1,1,0,0,0,0,0,1,0,0,0,0,0,0,0,0,0,0,-0.4610893556425774,-0.5901918070240689,-0.3156551549756261,-0.5414356194026778,-0.3998276504564933,-0.3872063402207755,-0.37796074154852777,-0.16447058823529415,-0.47474365355898457,-0.5070014771048744,0.5,0.9642857142857143,1.0714285714285714,0.5714285714285714,1.5714285714285714,2.2142857142857144,0.6428571428571429,0.2857142857142857,1.2363636363636363,0.9230769230769231
3,1,0,0,-0.29511004641413385,0.35714285714285715,-0.055892288090932114,2,1,0,6,5,4,3,2,1,0,1,1,1,0,0,1,1,1,1,1,0,0,0,1,1,0,0,0,0,0,0,0,0,0,0,0,0,0,0,0,-0.4286697519876587,-0.4623204576448294,-0.5914417937304112,-0.31800727982641314,-0.5384059996273524,-0.3984357399908731,-0.36792802617230097,-0.35708439897698213,-0.16181184668989548,-0.4735401280157558,1.2142857142857142,0.5357142857142857,1.0,1.0714285714285714,0.5714285714285714,1.5714285714285714,2.2142857142857144,0.6428571428571429,0.2909090909090909,1.3076923076923077
4,1,0,0,-0.6141757748165892,0.5,-0.9027859593655065,3,2,1,0,6,5,4,3,2,1,1,1,1,1,0,0,1,1,1,1,0,0,0,0,1,1,0,0,0,0,0,0,0,0,0,0,0,0,0,0,-0.29474308769431584,-0.43006334531758267,-0.4640742330602908,-0.5937939185811982,-0.31716974100987516,-0.5359150170116164,-0.37852780806979275,-0.3476726342710998,-0.34924838227974114,-0.1639980305268341,0.35714285714285715,1.25,0.5714285714285714,1.0,1.0714285714285714,0.5714285714285714,1.5714285714285714,2.2142857142857144,0.6545454545454545,0.3076923076923077
5,0,1,0,-0.22393771522683034,0.7857142857142857,0.04025466597918889,4,3,2,1,0,6,5,4,3,2,1,1,1,1,1,0,0,1,1,1,0,0,0,0,0,1,1,0,0,0,0,0,0,0,0,0,0,0,0,0,-0.6108460899489735,-0.29680793912237513,-0.43194420759853924,-0.46642635791107784,-0.5902506055524501,-0.3164333947561475,-0.508298800436205,-0.357616368286445,-0.3400895968143355,-0.3494042343673067,0.5,0.39285714285714285,1.2857142857142858,0.5714285714285714,1.0,1.0714285714285714,0.5714285714285714,1.5714285714285714,2.2545454545454544,0.6923076923076923
6,0,1,0,-0.5357688276688127,1.5714285714285714,-0.629395958024269,5,4,3,2,1,0,6,5,4,3,0,1,1,1,1,1,0,0,1,1,1,0,0,0,0,0,1,1,0,0,0,0,0,0,0,0,0,0,0,0,-0.22423163640678767,-0.6113265914551713,-0.2992138022686243,-0.43429633244932636,-0.4641326625675424,-0.587348440649965,-0.30112322791712104,-0.4793554987212277,-0.3497660527625684,-0.34034465780403744,0.7857142857142857,0.5357142857142857,0.42857142857142855,1.2857142857142858,0.5714285714285714,1.0,1.0714285714285714,0.5714285714285714,1.6,2.3846153846153846
0,1,0,0,-0.52096421620003,1.1428571428571428,-0.6191539431781324,6,5,4,3,2,1,0,6,5,4,0,0,1,1,1,1,1,0,0,1,1,1,0,0,0,0,0,1,1,0,0,0,0,0,0,0,0,0,0,0,-0.5331672006645306,-0.22664990052482747,-0.6124933111449554,-0.30156592711941144,-0.43231786845537545,-0.4622307456806668,-0.5568484187568157,-0.28500255754475706,-0.4682329517172723,-0.34991629739044805,1.5714285714285714,0.8214285714285714,0.5714285714285714,0.42857142857142855,1.2857142857142858,0.5714285714285714,1.0,1.0714285714285714,0.5818181818181818,1.6923076923076923
1,1,0,0,-0.4499595747866447,0.0,-0.44386174930180555,0,6,5,4,3,2,1,0,6,5,1,0,0,1,1,1,1,1,0,0,0,1,1,0,0,0,0,0,1,1,0,0,0,0,0,0,0,0,0,0,-0.518500059333096,-0.5340370390048941,-0.2293321729517402,-0.6148454359957426,-0.30088969629215573,-0.4306682763680054,-0.43874591057797163,-0.5249002557544757,-0.2791040318566451,-0.4670999507631709,1.1428571428571428,1.6071428571428572,0.8571428571428571,0.5714285714285714,0.42857142857142855,1.2857142857142858,0.5714285714285714,1.0,1.0909090909090908,0.6153846153846154
2,1,0,0,-0.5150232070669262,0.7857142857142857,-0.6225460832495995,1,0,6,5,4,3,2,1,0,6,1,1,0,0,1,1,1,1,1,0,0,0,1,1,0,0,0,0,0,1,0,0,0,0,0,0,0,0,0,0,-0.4481547407143705,-0.5194434113195072,-0.5355082647786944,-0.23168429780252728,-0.6110955841252096,-0.3002824679263157,-0.4089531079607415,-0.4141074168797954,-0.5125535092085615,-0.2800196947316593,0.0,1.1785714285714286,1.6428571428571428,0.8571428571428571,0.5714285714285714,0.42857142857142855,1.2857142857142858,0.5714285714285714,1.018181818181818,1.1538461538461537
3,1,0,0,-0.6075400509058243,0.9285714285714286,-0.8551851089138444,2,1,0,6,5,4,3,2,1,0,1,1,1,0,0,1,1,1,1,1,0,0,0,1,1,0,0,0,0,0,0,0,0,0,0,0,0,0,0,0,-0.5126142162098019,-0.4494506727119235,-0.5209721332008302,-0.5378603896294815,-0.23169368362213524,-0.608028096605186,-0.2858778625954198,-0.38615856777493607,-0.40473867595818813,-0.5109404234367307,0.7857142857142857,0.03571428571428571,1.2142857142857142,1.6428571428571428,0.8571428571428571,0.5714285714285714,0.42857142857142855,1.2857142857142858,0.5818181818181818,1.0769230769230769
4,1,0,0,-0.5671986824374906,0.21428571428571427,-0.7140035044795092,3,2,1,0,6,5,4,3,2,1,1,1,1,1,0,0,1,1,1,1,0,0,0,0,1,1,0,0,0,0,0,0,0,0,0,0,0,0,0,0,-0.6042719829120684,-0.513587068817928,-0.4512551526235012,-0.5233242580516173,-0.534865846841811,-0.23163525245931935,-0.5763685932388222,-0.2707007672634271,-0.37754106520657044,-0.4042934515017233,0.9285714285714286,0.8214285714285714,0.07142857142857142,1.2142857142857142,1.6428571428571428,0.8571428571428571,0.5714285714285714,0.42857142857142855,1.309090909090909,0.6153846153846154
5,0,1,0,-0.4225542745920048,1.5,-0.3364372137678989,4,3,2,1,0,6,5,4,3,2,1,1,1,1,1,0,0,1,1,1,0,0,0,0,0,1,1,0,0,0,0,0,0,0,0,0,0,0,0,0,-0.5643052094458288,-0.6047854347094558,-0.5151388635708782,-0.4536072774742883,-0.5204723309111235,-0.5324029413633554,-0.22107960741548524,-0.5432122762148338,-0.2651866600298656,-0.37739044805514527,0.21428571428571427,0.9642857142857143,0.8571428571428571,0.07142857142857142,1.2142857142857142,1.6428571428571428,0.8571428571428571,0.5714285714285714,0.43636363636363634,1.3846153846153846
6,0,1,0,-0.25079203473573886,1.5,0.23280888123694904,5,4,3,2,1,0,6,5,4,3,0,1,1,1,1,1,0,0,1,1,1,0,0,0,0,0,1,1,0,0,0,0,0,0,0,0,0,0,0,0,-0.421003915984336,-0.5650189799809905,-0.6059779253082753,-0.5174909884216654,-0.45143935159306875,-0.5181235811618731,-0.5049836423118865,-0.20991304347826087,-0.5303733200597311,-0.26625307730182174,1.5,0.25,1.0,0.8571428571428571,0.07142857142857142,1.2142857142857142,1.6428571428571428,0.8571428571428571,0.5818181818181818,0.46153846153846156
0,1,0,0,-0.5035244797125318,0.7142857142857143,-0.5146275856152354,6,5,4,3,2,1,0,6,5,4,0,0,1,1,1,1,1,0,0,1,1,1,0,0,0,0,0,1,1,0,0,0,0,0,0,0,0,0,0,0,-0.25083659665361335,-0.4224359314949613,-0.5663681428210208,-0.6083300501590624,-0.5146962921557667,-0.4496381060207836,-0.491504907306434,-0.4762455242966752,-0.20603285216525632,-0.5285672082717873,1.5,1.5357142857142858,0.2857142857142857,1.0,0.8571428571428571,0.07142857142857142,1.2142857142857142,1.6428571428571428,0.8727272727272727,0.6153846153846154
1,1,0,0,-0.3687737685282228,1.2857142857142858,-0.1310170603006271,0,6,5,4,3,2,1,0,6,5,1,0,0,1,1,1,1,1,0,0,0,1,1,0,0,0,0,0,1,1,0,0,0,0,0,0,0,0,0,0,-0.5012222617776195,-0.2531215132033367,-0.42434684433049696,-0.5687202676718078,-0.6046441214831377,-0.5123933524726052,-0.42685932388222464,-0.46360102301790285,-0.4652065704330513,-0.20774002954209747,0.7142857142857143,1.5357142857142858,1.5714285714285714,0.2857142857142857,1.0,0.8571428571428571,0.07142857142857142,1.2142857142857142,1.6727272727272726,0.9230769230769231
2,1,0,0,-0.4273214553076808,0.9285714285714286,-0.47266428304981206,1,0,6,5,4,3,2,1,0,6,1,1,0,0,1,1,1,1,1,0,0,0,1,1,0,0,0,0,0,1,0,0,0,0,0,0,0,0,0,0,-0.36772279577548356,-0.5022522123632586,-0.2556994925290634,-0.426698969181284,-0.5654229550959567,-0.6016278008514473,-0.4860959651035987,-0.4029565217391305,-0.4529019412643106,-0.46410635155096014,1.2857142857142858,0.75,1.5714285714285714,1.5714285714285714,0.2857142857142857,1.0,0.8571428571428571,0.07142857142857142,1.2363636363636363,1.7692307692307692
3,1,0,0,-0.49791885012726456,0.07142857142857142,-0.6477940784273584,2,1,0,6,5,4,3,2,1,0,1,1,1,0,0,1,1,1,1,1,0,0,0,1,1,0,0,0,0,0,0,0,0,0,0,0,0,0,0,0,-0.4257268304260116,-0.3694218632851012,-0.5038486642871003,-0.25805161737985044,-0.4247950437861002,-0.5627176995904503,-0.5703271537622683,-0.4585268542199489,-0.393887506222001,-0.4519350073855244,0.9285714285714286,1.3214285714285714,0.7857142857142857,1.5714285714285714,1.5714285714285714,0.2857142857142857,1.0,0.8571428571428571,0.07272727272727272,1.3076923076923077
4,1,0,0,-0.41515196885761346,0.21428571428571427,-0.36277048938946416,3,2,1,0,6,5,4,3,2,1,1,1,1,1,0,0,1,1,1,1,0,0,0,0,1,1,0,0,0,0,0,0,0,0,0,0,0,0,0,0,-0.49566868399193065,-0.427135174066793,-0.37154164143032703,-0.5062007891378874,-0.2578023104155021,-0.4232051156154507,-0.5335986913849509,-0.5375447570332481,-0.4479641612742658,-0.3935598227474151,0.07142857142857142,0.9642857142857143,1.3571428571428572,0.7857142857142857,1.5714285714285714,1.5714285714285714,0.2857142857142857,1.0,0.8727272727272727,0.07692307692307693
5,0,1,0,-0.30366222488396466,0.35714285714285715,-0.31088596425058046,4,3,2,1,0,6,5,4,3,2,1,1,1,1,1,0,0,1,1,1,0,0,0,0,0,1,1,0,0,0,0,0,0,0,0,0,0,0,0,0,-0.41367034531861874,-0.49672646984160723,-0.42902757278356324,-0.37389376628111415,-0.503516862306689,-0.2575368103652443,-0.4019083969465648,-0.5030895140664962,-0.5248581383773022,-0.4470507139340227,0.21428571428571427,0.10714285714285714,1.0,1.3571428571428572,0.7857142857142857,1.5714285714285714,1.5714285714285714,0.2857142857142857,1.018181818181818,0.9230769230769231
6,0,1,0,-0.44770774067974245,1.0714285714285714,-0.43715894459618476,5,4,3,2,1,0,6,5,4,3,0,1,1,1,1,1,0,0,1,1,1,0,0,0,0,0,1,1,0,0,0,0,0,0,0,0,0,0,0,0,-0.3032158538032514,-0.4151391176522679,-0.4983446921362585,-0.43137969763435036,-0.37250791876280975,-0.5013025872675704,-0.24552889858233368,-0.37954987212276214,-0.49132901941264306,-0.5231117676021665,0.35714285714285715,0.25,0.14285714285714285,1.0,1.3571428571428572,0.7857142857142857,1.5714285714285714,1.5714285714285714,0.2909090909090909,1.0769230769230769
0,1,0,0,-0.5155981434346459,0.5,-0.6273151582116625,6,5,4,3,2,1,0,6,5,4,0,0,1,1,1,1,1,0,0,1,1,1,0,0,0,0,0,1,1,0,0,0,0,0,0,0,0,0,0,0,-0.4459238163047347,-0.3052382386105355,-0.41707877854156494,-0.5006968169870456,-0.429429849077697,-0.3713326825210695,-0.47562704471101414,-0.23284910485933505,-0.37111000497760077,-0.48994583948793696,1.0714285714285714,0.39285714285714285,0.2857142857142857,0.14285714285714285,1.0,1.3571428571428572,0.7857142857142857,1.5714285714285714,1.6,0.3076923076923077
1,1,0,0,-0.3846324300044917,0.5,-0.12208693808919731,0,6,5,4,3,2,1,0,6,5,1,0,0,1,1,1,1,1,0,0,0,1,1,0,0,0,0,0,1,1,0,0,0,0,0,0,0,0,0,0,-0.513183813931411,-0.44723092998955066,-0.3076108879859342,-0.419430903392352,-0.49806689025526363,-0.42780316202337143,-0.3529443838604144,-0.4487058823529412,-0.22835241413638627,-0.3710290497291974,0.5,1.1071428571428572,0.42857142857142855,0.2857142857142857,0.14285714285714285,1.0,1.3571428571428572,0.7857142857142857,1.6,1.6923076923076923
2,1,0,0,-0.44258122473424166,0.0,-0.4681557913931903,1,0,6,5,4,3,2,1,0,6,1,1,0,0,1,1,1,1,1,0,0,0,1,1,0,0,0,0,0,1,0,0,0,0,0,0,0,0,0,0,-0.3834341995965349,-0.5141538116406615,-0.4490441552637613,-0.3099630128367213,-0.4175982858207565,-0.495895839230116,-0.40624863685932383,-0.33361636828644503,-0.4384071677451468,-0.22981782373215165,0.5,0.5357142857142857,1.1428571428571428,0.42857142857142855,0.2857142857142857,0.14285714285714285,1.0,1.3571428571428572,0.8,1.6923076923076923
3,1,0,0,-0.39898188351549635,0.8571428571428571,-0.4236786263517457,2,1,0,6,5,4,3,2,1,0,1,1,1,0,0,1,1,1,1,1,0,0,0,1,1,0,0,0,0,0,0,0,0,0,0,0,0,0,0,0,-0.4408449032870535,-0.3850545194788328,-0.5157033735350672,-0.45139628011454835,-0.3092043972424073,-0.41606543551470965,-0.4705234460196292,-0.3836214833759591,-0.32641114982578395,-0.43759724273756767,0.0,0.5357142857142857,0.5714285714285714,1.1428571428571428,0.42857142857142855,0.2857142857142857,0.14285714285714285,1.0,1.3818181818181818,0.8461538461538461
4,1,0,0,-0.15707740679742474,1.5,0.2766383855987331,3,2,1,0,6,5,4,3,2,1,1,1,1,1,0,0,1,1,1,1,0,0,0,0,1,1,0,0,0,0,0,0,0,0,0,0,0,0,0,0,-0.39765040939836244,-0.4421774731535106,-0.3871127079425375,-0.5180554983858543,-0.4492500465809577,-0.30853122454756027,-0.3951690294438386,-0.44391815856777495,-0.375072175211548,-0.32681437715411127,0.8571428571428571,0.03571428571428571,0.5714285714285714,0.5714285714285714,1.1428571428571428,0.42857142857142855,0.2857142857142857,0.14285714285714285,1.018181818181818,1.4615384615384615
5,0,1,0,-0.28054499176523434,1.1428571428571428,-0.04736346693176104,4,3,2,1,0,6,5,4,3,2,1,1,1,1,1,0,0,1,1,1,0,0,0,0,0,1,1,0,0,0,0,0,0,0,0,0,0,0,0,0,-0.15799216803132785,-0.39919947576288906,-0.44401060808307696,-0.3894648327933246,-0.5152552636482206,-0.44746616450146426,-0.29366412213740456,-0.373227621483376,-0.4337481333997013,-0.3749483013293944,1.5,0.8928571428571429,0.07142857142857142,0.5714285714285714,0.5714285714285714,1.1428571428571428,0.42857142857142855,0.2857142857142857,0.14545454545454545,1.0769230769230769
6,0,1,0,-0.32891151369965566,0.7142857142857143,-0.24784855649518905,5,4,3,2,1,0,6,5,4,3,0,1,1,1,1,1,0,0,1,1,1,0,0,0,0,0,1,1,0,0,0,0,0,0,0,0,0,0,0,0,-0.28031327874688505,-0.16074243309778086,-0.40120193579875213,-0.446362732933864,-0.3879262157629961,-0.512947890732857,-0.42480916030534344,-0.2780051150895141,-0.3649576903932305,-0.4329886755292959,1.1428571428571428,1.5357142857142858,0.9285714285714286,0.07142857142857142,0.5714285714285714,0.5714285714285714,1.1428571428571428,0.42857142857142855,0.2909090909090909,0.15384615384615385
0,1,0,0,-0.43458002695014225,0.14285714285714285,-0.44113287452765393,6,5,4,3,2,1,0,6,5,4,0,0,1,1,1,1,1,0,0,1,1,1,0,0,0,0,0,1,1,0,0,0,0,0,0,0,0,0,0,0,-0.3282306870772517,-0.2824504542797939,-0.16368436836627281,-0.40355406064953925,-0.4442658841065772,-0.38662869619967993,-0.48661941112322793,-0.40103324808184143,-0.2722946739671478,-0.3649433776464796,0.7142857142857143,1.1785714285714286,1.5714285714285714,0.9285714285714286,0.07142857142857142,0.5714285714285714,0.5714285714285714,1.1428571428571428,0.43636363636363634,0.3076923076923077
1,1,0,0,-0.552849228926486,1.0714285714285714,-0.7439250135979397,0,6,5,4,3,2,1,0,6,5,1,0,0,1,1,1,1,1,0,0,0,1,1,0,0,0,0,0,1,1,0,0,0,0,0,0,0,0,0,0,-0.43291800166132666,-0.3301276942422472,-0.28491288317583896,-0.16603649321705988,-0.401877212595491,-0.44252153168088626,-0.36738276990185387,-0.4590179028132993,-0.3920159283225485,-0.2732840965041851,0.14285714285714285,0.75,1.2142857142857142,1.5714285714285714,0.9285714285714286,0.07142857142857142,0.5714285714285714,0.5714285714285714,1.1636363636363636,0.46153846153846156
