DIA_SEMANA,LABORAL,FIN_DE_SEMANA,FESTIVO,PORCENTAJE_USO,NUMERO_CONEXIONES,USAGE_KB,DIA_SEMANA_lag_1,DIA_SEMANA_lag_2,DIA_SEMANA_lag_3,DIA_SEMANA_lag_4,DIA_SEMANA_lag_5,DIA_SEMANA_lag_6,DIA_SEMANA_lag_7,DIA_SEMANA_lag_8,DIA_SEMANA_lag_9,DIA_SEMANA_lag_10,LABORAL_lag_1,LABORAL_lag_2,LABORAL_lag_3,LABORAL_lag_4,LABORAL_lag_5,LABORAL_lag_6,LABORAL_lag_7,LABORAL_lag_8,LABORAL_lag_9,LABORAL_lag_10,FIN_DE_SEMANA_lag_1,FIN_DE_SEMANA_lag_2,FIN_DE_SEMANA_lag_3,FIN_DE_SEMANA_lag_4,FIN_DE_SEMANA_lag_5,FIN_DE_SEMANA_lag_6,FIN_DE_SEMANA_lag_7,FIN_DE_SEMANA_lag_8,FIN_DE_SEMANA_lag_9,FIN_DE_SEMANA_lag_10,FESTIVO_lag_1,FESTIVO_lag_2,FESTIVO_lag_3,FESTIVO_lag_4,FESTIVO_lag_5,FESTIVO_lag_6,FESTIVO_lag_7,FESTIVO_lag_8,FESTIVO_lag_9,FESTIVO_lag_10,PORCENTAJE_USO_lag_1,PORCENTAJE_USO_lag_2,PORCENTAJE_USO_lag_3,PORCENTAJE_USO_lag_4,PORCENTAJE_USO_lag_5,PORCENTAJE_USO_lag_6,PORCENTAJE_USO_lag_7,PORCENTAJE_USO_lag_8,PORCENTAJE_USO_lag_9,PORCENTAJE_USO_lag_10,NUMERO_CONEXIONES_lag_1,NUMERO_CONEXIONES_lag_2,NUMERO_CONEXIONES_lag_3,NUMERO_CONEXIONES_lag_4,NUMERO_CONEXIONES_lag_5,NUMERO_CONEXIONES_lag_6,NUMERO_CONEXIONES_lag_7,NUMERO_CONEXIONES_lag_8,NUMERO_CONEXIONES_lag_9,NUMERO_CONEXIONES_lag_10
6,0,1,0,5.988222627496649,0.5714285714285714,1.245251751654695,5,4,3,2,1,0,6,5,4,3,0,1,1,1,1,0,0,0,1,1,1,0,0,0,0,0,1,1,0,0,0,0,0,0,0,1,0,0,0,0,1.4937612198311205,-0.6997002909584127,7.100347837500821,0.818446325829669,0.09056900964756837,1.5359383167799268,1.490559486088806,-0.011979686618342771,-0.7240765658231694,-0.6906119263867514,1.3125,0.0625,4.75,1.0,0.1875,-0.1875,0.4375,-0.3125,-0.4375,5.375
0,1,0,0,6.831447342400738,0.6349206349206349,1.2351764751594145,6,5,4,3,2,1,0,6,5,4,0,0,1,1,1,1,0,0,0,1,1,1,0,0,0,0,0,1,1,0,0,0,0,0,0,0,1,0,0,0,6.034795328117728,1.4744809783203168,-0.6997002909584127,7.100347837500821,0.8136334799063683,0.06956786896671893,1.5304049654932939,1.5110898910542994,-0.011979686618342771,-0.7184444974313399,0.5625,1.3125,0.0625,4.75,1.0,0.1875,-0.1875,0.4375,-0.3125,-0.4375
1,1,0,0,1.167585858363912,0.5079365079365079,-0.2394504388172531,0,6,5,4,3,2,1,0,6,5,1,0,0,1,1,1,1,0,0,0,0,1,1,0,0,0,0,0,1,1,0,0,0,0,0,0,0,1,0,0,6.885308392987744,5.95690315241408,1.4744809783203168,-0.6997002909584127,7.095534991577519,0.7894668060637743,0.06931724467207778,1.5509353704587872,1.5110898910542994,-0.007196583790345291,0.625,0.5625,1.3125,0.0625,4.75,1.0,0.1875,-0.1875,0.4375,-0.3125
2,1,0,0,-0.704225352112676,1.2698412698412698,-0.7957345186516116,1,0,6,5,4,3,2,1,0,6,1,1,0,0,1,1,1,1,0,0,0,0,1,1,0,0,0,0,0,1,0,0,0,0,0,0,0,0,1,0,1.1724917444205578,6.7964384940167575,5.95690315241408,1.4744809783203168,-0.7045131368817134,7.043866527269559,0.786622683276184,0.08984764963757103,1.5509353704587872,1.5140571824940932,0.5,0.625,0.5625,1.3125,0.0625,4.75,1.0,0.1875,-0.1875,0.4375
3,1,0,0,-0.689196018544967,4.380952380952381,-0.7919592685546296,2,1,0,6,5,4,3,2,1,0,1,1,1,0,0,1,1,1,1,0,0,0,0,1,1,0,0,0,0,0,0,0,0,0,0,0,0,0,0,1,-0.7154983267214823,1.1573581851195553,6.7964384940167575,5.95690315241408,1.469668132397016,-0.7220334553058024,7.018490385867443,0.8071530882416772,0.08984764963757103,1.5538551579129907,1.25,0.5,0.625,0.5625,1.3125,0.0625,4.75,1.0,0.1875,-0.1875
4,1,0,0,5.280789259739403,-1.0793650793650793,0.28640544532257983,3,2,1,0,6,5,4,3,2,1,1,1,1,1,0,0,1,1,1,1,0,0,0,0,1,1,0,0,0,0,0,0,0,0,0,0,0,0,0,0,-0.7003390882294275,-0.7062632626720046,1.1573581851195553,6.7964384940167575,5.952090306490779,1.4426293779404078,-0.7194322670254786,7.039020790832936,0.8071530882416772,0.09450935339128166,4.3125,1.25,0.5,0.625,0.5625,1.3125,0.0625,4.75,1.0,0.1875
5,0,1,0,1.0874294126694644,-0.6349206349206349,-0.23518332146788054,4,3,2,1,0,6,5,4,3,2,1,1,1,1,1,0,0,1,1,1,0,0,0,0,0,1,1,0,0,0,0,0,0,0,0,0,0,0,0,0,5.321247312781188,-0.691299687165015,-0.7062632626720046,1.1573581851195553,6.791625648093456,5.9054277748736705,1.4374321802161554,-0.6989018620599853,7.039020790832936,0.8109596167602368,-1.0625,4.3125,1.25,0.5,0.625,0.5625,1.3125,0.0625,4.75,1.0
6,0,1,0,2.9496605216321328,2.0952380952380953,0.6787042552118857,5,4,3,2,1,0,6,5,4,3,0,1,1,1,1,1,0,0,1,1,1,0,0,0,0,0,1,1,0,0,0,0,0,0,0,0,0,0,0,0,1.0916424724629328,5.252565028111396,-0.691299687165015,-0.7062632626720046,1.1525453391962546,6.741287680780624,5.884152958027692,1.4579625851816485,-0.6989018620599853,7.035397654607332,-0.625,-1.0625,4.3125,1.25,0.5,0.625,0.5625,1.3125,0.0625,4.75
0,1,0,0,-0.7224187559051657,-1.2698412698412698,-0.8008836539228414,6,5,4,3,2,1,0,6,5,4,0,0,1,1,1,1,1,0,0,1,1,1,0,0,0,0,0,1,1,0,0,0,0,0,0,0,0,0,0,0,2.9699696371977566,1.0775524490822777,5.252565028111396,-0.691299687165015,-0.7110761085953053,1.1268949294302144,6.717001605972482,5.904683362993185,1.4579625851816485,-0.693299807079531,2.0625,-0.625,-1.0625,4.3125,1.25,0.5,0.625,0.5625,1.3125,0.0625
1,1,0,0,-0.7150359253806771,-0.25396825396825395,-0.798967043204741,0,6,5,4,3,2,1,0,6,5,1,0,0,1,1,1,1,1,0,0,0,1,1,0,0,0,0,0,1,1,0,0,0,0,0,0,0,0,0,0,-0.7338489838434431,2.931635711316751,1.0775524490822777,5.252565028111396,-0.6961125330883157,-0.7285676947203346,1.1228351924996745,6.737532010937975,5.904683362993185,1.4609932152688965,-1.25,2.0625,-0.625,-1.0625,4.3125,1.25,0.5,0.625,0.5625,1.3125
2,1,0,0,-0.716090615455604,-1.6507936507936507,-0.7997519680247164,1,0,6,5,4,3,2,1,0,6,1,1,0,0,1,1,1,1,1,0,0,0,1,1,0,0,0,0,0,1,0,0,0,0,0,0,0,0,0,0,-0.7264023403736618,-0.7243770646015182,2.931635711316751,1.0775524490822777,5.247752182188094,-0.7136696288552011,-0.7259429662745779,1.1433655974651677,6.737532010937975,5.9024125896863415,-0.25,-1.25,2.0625,-0.625,-1.0625,4.3125,1.25,0.5,0.625,0.5625
3,1,0,0,-0.47377557074113946,-0.8888888888888888,-0.7538294204013057,2,1,0,6,5,4,3,2,1,0,1,1,1,0,0,1,1,1,1,1,0,0,0,1,1,0,0,0,0,0,0,0,0,0,0,0,0,0,0,0,-0.7274661465836306,-0.7170265362822953,-0.7243770646015182,2.931635711316751,1.0727396031589769,5.20417320090608,-0.7110985719866313,-0.7054125613090847,1.1433655974651677,6.73426831118722,-1.625,-0.25,-1.25,2.0625,-0.625,-1.0625,4.3125,1.25,0.5,0.625
4,1,0,0,0.2590582496539299,-1.3968253968253967,-0.5813148948909379,3,2,1,0,6,5,4,3,2,1,1,1,1,1,0,0,1,1,1,1,0,0,0,0,1,1,0,0,0,0,0,0,0,0,0,0,0,0,0,0,-0.4830566698433102,-0.71807661175647,-0.7170265362822953,-0.7243770646015182,2.92682286539345,1.0474385781495033,5.185424714614349,-0.6905681670211381,-0.7054125613090847,1.1467712917000845,-0.875,-1.625,-0.25,-1.25,2.0625,-0.625,-1.0625,4.3125,1.25,0.5
5,0,1,0,1.5718837204192393,0.5079365079365079,-0.22399734256535803,4,3,2,1,0,6,5,4,3,2,1,1,1,1,1,0,0,1,1,1,0,0,0,0,0,1,1,0,0,0,0,0,0,0,0,0,0,0,0,0,0.25611134504997674,-0.47682177156483124,-0.71807661175647,-0.7170265362822953,-0.729189910524819,2.893404774350932,1.0436650896306263,5.205955119579842,-0.6905681670211381,-0.6998027442394816,-1.375,-0.875,-1.625,-0.25,-1.25,2.0625,-0.625,-1.0625,4.3125,1.25
6,0,1,0,5.747577508734151,1.7142857142857142,0.7392000150796613,5,4,3,2,1,0,6,5,4,3,0,1,1,1,1,1,0,0,1,1,1,0,0,0,0,0,1,1,0,0,0,0,0,0,0,0,0,0,0,0,1.5802841249085788,0.2528056704075605,-0.47682177156483124,-0.71807661175647,-0.721839382205596,-0.7466021955044432,2.8829810321628546,1.0641954945961196,5.205955119579842,-0.6849760475147942,0.5,-1.375,-0.875,-1.625,-0.25,-1.25,2.0625,-0.625,-1.0625,4.3125
0,0,0,1,4.679703807870624,-0.12698412698412698,0.6493120749231547,6,5,4,3,2,1,0,6,5,4,0,0,1,1,1,1,1,0,0,1,1,1,0,0,0,0,0,1,1,0,0,0,0,0,0,0,0,0,0,0,5.7920702112098565,1.559887116886526,0.2528056704075605,-0.47682177156483124,-0.7228894576797708,-0.7392838473601672,-0.7439124962020921,2.9035114371283477,1.0641954945961196,5.204517373680446,1.6875,0.5,-1.375,-0.875,-1.625,-0.25,-1.25,2.0625,-0.625,-1.0625
1,1,0,0,0.2497418206587419,-0.6984126984126984,-0.5135126123672605,0,6,5,4,3,2,1,0,6,5,0,0,0,1,1,1,1,1,0,0,0,1,1,0,0,0,0,0,1,1,1,0,0,0,0,0,0,0,0,0,4.714966423616497,5.717310931723216,1.559887116886526,0.2528056704075605,-0.4816346174881319,-0.7403293256664923,-0.7366205130431008,-0.7233820912365988,2.9035114371283477,1.0676955758350855,-0.125,1.6875,0.5,-1.375,-0.875,-1.625,-0.25,-1.25,2.0625,-0.625
2,1,0,0,-0.6596646964470128,-0.8253968253968254,-0.7849767452240553,1,0,6,5,4,3,2,1,0,6,1,0,0,0,1,1,1,1,1,0,0,0,1,1,0,0,0,0,0,1,0,1,0,0,0,0,0,0,0,0,0.24671439019525274,4.654109514121327,5.717310931723216,1.559887116886526,0.24799282448425983,-0.5001306847882906,-0.7376622249229567,-0.7160901080776075,-0.7233820912365988,2.9048186764355233,-0.6875,-0.125,1.6875,0.5,-1.375,-0.875,-1.625,-0.25,-1.25,2.0625
3,1,0,0,0.8420381885697964,-0.25396825396825395,-0.23760851510060027,2,1,0,6,5,4,3,2,1,0,1,1,0,0,0,1,1,1,1,1,0,0,0,1,1,0,0,0,0,0,0,0,1,0,0,0,0,0,0,0,-0.6705525143503025,0.24353000371901729,4.654109514121327,5.717310931723216,1.5550742709632253,0.2263024917232968,-0.4983289205260645,-0.7171318199574634,-0.7160901080776075,-0.7177508508009451,-0.8125,-0.6875,-0.125,1.6875,0.5,-1.375,-0.875,-1.625,-0.25,-1.25
4,1,0,0,0.18118696578849078,-1.0158730158730158,-0.3480737911130826,3,2,1,0,6,5,4,3,2,1,1,1,1,0,0,0,1,1,1,1,0,0,0,0,1,1,0,0,0,0,0,0,0,1,0,0,0,0,0,0,0.8441302276102036,-0.6618975738881232,0.24353000371901729,4.654109514121327,5.712498085799917,1.5276616135215193,0.22548721732714103,-0.47779851556057124,-0.7171318199574634,-0.7104675611818004,-0.25,-0.8125,-0.6875,-0.125,1.6875,0.5,-1.375,-0.875,-1.625,-0.25
5,0,1,0,0.756520401661137,0.0,0.19663984958749214,4,3,2,1,0,6,5,4,3,2,1,1,1,1,0,0,0,1,1,1,0,0,0,0,0,1,1,0,0,0,0,0,0,0,1,0,0,0,0,0,0.17756698654728398,0.8332348887576294,-0.6618975738881232,0.24353000371901729,4.649296668198026,5.6668844746471505,1.5221580797777683,0.24601762229263427,-0.47779851556057124,-0.7115080311273926,-1.0,-0.25,-0.8125,-0.6875,-0.125,1.6875,0.5,-1.375,-0.875,-1.625
6,0,1,0,0.5934828942453473,3.873015873015873,0.2319376377764008,5,4,3,2,1,0,6,5,4,3,0,1,1,1,1,0,0,0,1,1,1,0,0,0,0,0,1,1,0,0,0,0,0,0,0,1,0,0,0,0,0.7578732740852375,0.1752750978976614,0.8332348887576294,-0.6618975738881232,0.23871715779571656,4.608337689492942,5.646469030773905,1.5426884847432614,0.24601762229263427,-0.47246006112760935,0.0,-1.0,-0.25,-0.8125,-0.6875,-0.125,1.6875,0.5,-1.375,-0.875
0,0,0,1,0.48300410889675033,2.0952380952380953,0.05687806377860923,6,5,4,3,2,1,0,6,5,4,0,0,1,1,1,1,0,0,0,1,1,1,0,0,0,0,0,1,1,0,0,0,0,0,0,0,1,0,0,0,0.593426564127568,0.7480912690599637,0.1752750978976614,0.8332348887576294,-0.6667104198114239,0.21706743335075804,4.59173575241981,5.666999435739398,1.5426884847432614,0.25049313940129625,3.8125,0.0,-1.0,-0.25,-0.8125,-0.6875,-0.125,1.6875,0.5,-1.375
1,1,0,0,0.35626551822636293,-0.06349206349206349,0.034758263516546775,0,6,5,4,3,2,1,0,6,5,0,0,0,1,1,1,1,0,0,0,0,1,1,0,0,0,0,0,1,1,1,0,0,0,0,0,0,1,0,0,0.4819928636333415,0.585767102010457,0.7480912690599637,0.1752750978976614,0.8284220428343287,-0.6843962362780972,0.21628542905508058,4.612266157385303,5.666999435739398,1.5456181041770534,2.0625,3.8125,0.0,-1.0,-0.25,-0.8125,-0.6875,-0.125,1.6875,0.5
2,1,0,0,2.4463975742128277,-0.06349206349206349,1.277522582370649,1,0,6,5,4,3,2,1,0,6,1,0,0,0,1,1,1,1,0,0,0,0,1,1,0,0,0,0,0,1,0,1,0,0,0,0,0,0,1,0,0.3541588174020966,0.47577169609065656,0.585767102010457,0.7480912690599637,0.17046225197436068,0.80419062554452,-0.6819306393506662,0.23681583402057382,4.612266157385303,5.665012030433745,-0.0625,2.0625,3.8125,0.0,-1.0,-0.25,-0.8125,-0.6875,-0.125,1.6875
3,1,0,0,0.2186284634483971,-0.38095238095238093,-0.0685509308000925,2,1,0,6,5,4,3,2,1,0,1,1,0,0,0,1,1,1,1,0,0,0,0,1,1,0,0,0,0,0,0,0,1,0,0,0,0,0,0,1,2.462356774007668,0.34958762661066267,0.47577169609065656,0.585767102010457,0.743278423136663,0.1491113434396237,0.8012934589174878,-0.661400234385173,0.23681583402057382,4.611536210521751,-0.0625,-0.0625,2.0625,3.8125,0.0,-1.0,-0.25,-0.8125,-0.6875,-0.125
4,1,0,0,0.6071059743798204,-0.38095238095238093,0.18036412936250998,3,2,1,0,6,5,4,3,2,1,1,1,1,0,0,0,1,1,1,1,0,0,0,0,1,1,0,0,0,0,0,0,0,1,0,0,0,0,0,0,0.21533210700117453,2.430574697556387,0.34958762661066267,0.47577169609065656,0.5809542560871562,0.7194197595399897,0.14857415686444733,0.8218238638829811,-0.661400234385173,0.2413023215485661,-0.375,-0.0625,-0.0625,2.0625,3.8125,0.0,-1.0,-0.25,-0.8125,-0.6875
5,0,1,0,0.13073762387115204,0.31746031746031744,-0.16399700647385151,4,3,2,1,0,6,5,4,3,2,1,1,1,1,0,0,0,1,1,1,0,0,0,0,0,1,1,0,0,0,0,0,0,0,1,0,0,0,0,0,0.6071673943396645,0.21255277723086338,2.430574697556387,0.34958762661066267,0.47095885016735584,0.5578062380205611,0.716827987325839,0.16910456182994058,0.8218238638829811,-0.6558428890382156,-0.375,-0.375,-0.0625,-0.0625,2.0625,3.8125,0.0,-1.0,-0.25,-0.8125
6,0,1,0,0.14181186965788495,3.1746031746031744,-0.19897933099474105,5,4,3,2,1,0,6,5,4,3,0,1,1,1,1,0,0,0,1,1,1,0,0,0,0,0,1,1,0,0,0,0,0,0,0,1,0,0,0,0,0.12668158950377864,0.5993305768852137,0.21255277723086338,2.430574697556387,0.34477478068736195,0.44829238543300237,0.5557966925647816,0.7373583922913323,0.16910456182994058,0.8256129018273254,0.3125,-0.375,-0.375,-0.0625,-0.0625,2.0625,3.8125,0.0,-1.0,-0.25
0,1,0,0,-0.5464612950715211,0.06349206349206349,-0.6854637844952808,6,5,4,3,2,1,0,6,5,4,0,0,1,1,1,1,0,0,0,1,1,1,0,0,0,0,0,1,1,0,0,0,0,0,0,0,1,0,0,0,0.13785155470845056,0.12504648771630453,0.5993305768852137,0.21255277723086338,2.425761851633086,0.32266074228959757,0.44667737314987643,0.5763270975302748,0.7373583922913323,0.1736717750850801,3.125,0.3125,-0.375,-0.375,-0.0625,-0.0625,2.0625,3.8125,0.0,-1.0
1,1,0,0,-0.5628968820724659,-0.9523809523809523,-0.6967962921815958,0,6,5,4,3,2,1,0,6,5,1,0,0,1,1,1,1,0,0,0,0,1,1,0,0,0,0,0,1,1,0,0,0,0,0,0,0,1,0,0,-0.5563706478136566,0.136072280195139,0.12504648771630453,0.5993305768852137,0.2077399313075627,2.3945373758494513,0.32149832892052616,0.4672077781153697,0.5763270975302748,0.7412481304055666,0.0625,3.125,0.3125,-0.375,-0.375,-0.0625,-0.0625,2.0625,3.8125,0.0
2,1,0,0,-0.02825690492408419,0.06349206349206349,-0.26353735243649007,1,0,6,5,4,3,2,1,0,6,1,1,0,0,1,1,1,1,0,0,0,0,1,1,0,0,0,0,0,1,0,0,0,0,0,0,0,0,1,0,-0.5729482945856695,-0.5491894729933714,0.136072280195139,0.12504648771630453,0.594517730961913,0.18622582331416623,2.3859108468249492,0.34202873388601945,0.4672077781153697,0.5804088179827889,-0.9375,0.0625,3.125,0.3125,-0.375,-0.375,-0.0625,-0.0625,2.0625,3.8125
3,1,0,0,-0.556129287425018,-0.12698412698412698,-0.6781981618639813,2,1,0,6,5,4,3,2,1,0,1,1,1,0,0,1,1,1,1,0,0,0,0,1,1,0,0,0,0,0,0,0,0,0,0,0,0,0,0,1,-0.03368719664901041,-0.5655531491325938,-0.5491894729933714,0.136072280195139,0.12023364179300382,0.5713103328105943,0.1855549285993316,2.4064412517904423,0.34202873388601945,0.47141959118201726,0.0625,-0.9375,0.0625,3.125,0.3125,-0.375,-0.375,-0.0625,-0.0625,2.0625
4,1,0,0,0.13759310935817715,0.06349206349206349,-0.09693056874062689,3,2,1,0,6,5,4,3,2,1,1,1,1,1,0,0,1,1,1,1,0,0,0,0,1,1,0,0,0,0,0,0,0,0,0,0,0,0,0,0,-0.5661222047383702,-0.03325239001553234,-0.5655531491325938,-0.5491894729933714,0.13125943427183828,0.09910263112040425,0.5692521376795869,0.20608533356482484,2.4064412517904423,0.34638978605336745,-0.125,0.0625,-0.9375,0.0625,3.125,0.3125,-0.375,-0.375,-0.0625,-0.0625
5,0,1,0,0.2470172046318473,0.06349206349206349,-0.04783240094614205,4,3,2,1,0,6,5,4,3,2,1,1,1,1,1,0,0,1,1,1,0,0,0,0,0,1,1,0,0,0,0,0,0,0,0,0,0,0,0,0,0.13359632986857553,-0.5588151648399728,-0.03325239001553234,-0.5655531491325938,-0.5540023189166722,0.11008015333681831,0.09874560527800687,0.5897825426450802,0.20608533356482484,2.4083411007304965,0.0625,-0.125,0.0625,-0.9375,0.0625,3.125,0.3125,-0.375,-0.375,-0.0625
6,0,1,0,0.22996638175386175,3.9365079365079363,-0.5154295787377488,5,4,3,2,1,0,6,5,4,3,0,1,1,1,1,1,0,0,1,1,1,0,0,0,0,0,1,1,0,0,0,0,0,0,0,0,0,0,0,0,0.24396622415283345,0.13187197829844013,-0.5588151648399728,-0.03325239001553234,-0.5703659950558947,-0.5721815647325318,0.10968358001649382,0.11927601024350011,0.5897825426450802,0.21060845815359933,0.0625,0.0625,-0.125,0.0625,-0.9375,0.0625,3.125,0.3125,-0.375,-0.375
0,1,0,0,-0.5203577157170793,-0.4444444444444444,-0.7674601538178795,6,5,4,3,2,1,0,6,5,4,0,0,1,1,1,1,1,0,0,1,1,1,0,0,0,0,0,1,1,0,0,0,0,0,0,0,0,0,0,0,0.22676802375833865,0.24081730874406593,0.13187197829844013,-0.5588151648399728,-0.038065235938833056,-0.5884736016727652,-0.5701202309128001,0.13021398498198708,0.11927601024350011,0.5938482214466868,3.875,0.0625,0.0625,-0.125,0.0625,-0.9375,0.0625,3.125,0.3125,-0.375
1,1,0,0,-0.6768913010041528,0.4444444444444444,-0.7862041016145107,0,6,5,4,3,2,1,0,6,5,1,0,0,1,1,1,1,1,0,0,0,1,1,0,0,0,0,0,1,1,0,0,0,0,0,0,0,0,0,0,-0.53004144411693,0.22384108857824153,0.24081730874406593,0.13187197829844013,-0.5636280107632735,-0.05850322355811107,-0.5863535743738877,-0.5495898259473068,0.13021398498198708,0.12390262935425828,-0.4375,3.875,0.0625,0.0625,-0.125,0.0625,-0.9375,0.0625,3.125,0.3125
2,1,0,0,-0.27347234734459797,-0.31746031746031744,-0.4467612826496672,1,0,6,5,4,3,2,1,0,6,1,1,0,0,1,1,1,1,1,0,0,0,1,1,0,0,0,0,0,1,0,0,0,0,0,0,0,0,0,0,-0.6879280157797921,-0.5232001050075474,0.22384108857824153,0.24081730874406593,0.1270591323751394,-0.5817651158738455,-0.05829246061026945,-0.5658231694083945,-0.5495898259473068,0.13482756378297528,0.4375,-0.4375,3.875,0.0625,0.0625,-0.125,0.0625,-0.9375,0.0625,3.125
3,1,0,0,-0.388960910549098,0.25396825396825395,-0.5152812716920171,2,1,0,6,5,4,3,2,1,0,1,1,1,0,0,1,1,1,1,1,0,0,0,1,1,0,0,0,0,0,0,0,0,0,0,0,0,0,0,0,-0.28102214046674495,-0.6790488066329768,-0.5232001050075474,0.22384108857824153,0.23600446282076523,0.10589824011151769,-0.5796692564781457,-0.0377620556447762,-0.5658231694083945,-0.5441657815446644,-0.3125,0.4375,-0.4375,3.875,0.0625,0.0625,-0.125,0.0625,-0.9375,0.0625
4,1,0,0,-0.47166619059128556,-0.25396825396825395,-0.5737679512208524,3,2,1,0,6,5,4,3,2,1,1,1,1,1,0,0,1,1,1,1,0,0,0,0,1,1,0,0,0,0,0,0,0,0,0,0,0,0,0,0,-0.3975089204583232,-0.2773949377611516,-0.6790488066329768,-0.5232001050075474,0.21902824265494084,0.21436661439275137,0.1055167324970702,-0.5591388515126524,-0.0377620556447762,-0.5603797715301411,0.25,-0.3125,0.4375,-0.4375,3.875,0.0625,0.0625,-0.125,0.0625,-0.9375
5,0,1,0,-0.21212454131968086,1.2063492063492063,-0.32858119504003624,4,3,2,1,0,6,5,4,3,2,1,1,1,1,1,0,0,1,1,1,0,0,0,0,0,1,1,0,0,0,0,0,0,0,0,0,0,0,0,0,-0.48092905742337266,-0.39237820218328195,-0.2773949377611516,-0.6790488066329768,-0.5280129509308482,0.19746471510716157,0.2135943400321195,0.12604713746256346,-0.5591388515126524,-0.03294821494374957,-0.25,0.25,-0.3125,0.4375,-0.4375,3.875,0.0625,0.0625,-0.125,0.0625
6,0,1,0,0.4180527784491661,3.3015873015873014,0.31615256669438085,5,4,3,2,1,0,6,5,4,3,0,1,1,1,1,1,0,0,1,1,1,0,0,0,0,0,1,1,0,0,0,0,0,0,0,0,0,0,0,0,-0.2191440792535626,-0.4747216206164818,-0.39237820218328195,-0.2773949377611516,-0.6838616525562775,-0.5463059766509845,0.19675333130778253,0.23412474499761274,0.12604713746256346,-0.5537034227125919,1.1875,-0.25,0.25,-0.3125,0.4375,-0.4375,3.875,0.0625,0.0625,-0.125
0,1,0,0,0.30607984882775596,0.38095238095238093,0.06899442932773607,6,5,4,3,2,1,0,6,5,4,0,0,1,1,1,1,1,0,0,1,1,1,0,0,0,0,0,1,1,0,0,0,0,0,0,0,0,0,0,0,0.4164801312027658,-0.21631554767998948,-0.4747216206164818,-0.39237820218328195,-0.2822077836844523,-0.7014723819480746,-0.5443378618863666,0.21728373627327577,0.23412474499761274,0.13066568400060688,3.25,1.1875,-0.25,0.25,-0.3125,0.4375,-0.4375,3.875,0.0625,0.0625
1,1,0,0,0.004438487398650961,-0.19047619047619047,-0.2504596584830163,0,6,5,4,3,2,1,0,6,5,1,0,0,1,1,1,1,1,0,0,0,1,1,0,0,0,0,0,1,1,0,0,0,0,0,0,0,0,0,0,0.3035393719110835,0.4111045481393974,-0.21631554767998948,-0.4747216206164818,-0.3971910481065827,-0.30157692977870704,-0.6989452667216459,-0.5238074569208734,0.21728373627327577,0.2386144408557865,0.375,3.25,1.1875,-0.25,0.25,-0.3125,0.4375,-0.4375,3.875,0.0625
2,1,0,0,-0.46234976159609753,0.12698412698412698,-0.5561688484606965,1,0,6,5,4,3,2,1,0,6,1,1,0,0,1,1,1,1,1,0,0,0,1,1,0,0,0,0,0,1,0,0,0,0,0,0,0,0,0,0,-0.0007092041399791519,0.29962153529784946,0.4111045481393974,-0.21631554767998948,-0.4795344665397825,-0.4160568043213103,-0.3004904726767655,-0.6784148617561527,-0.5238074569208734,0.22179351006871437,-0.1875,0.375,3.25,1.1875,-0.25,0.25,-0.3125,0.4375,-0.4375,3.875
3,1,0,0,-0.27189031223220755,0.31746031746031744,-0.38094282914539307,2,1,0,6,5,4,3,2,1,0,1,1,1,0,0,1,1,1,1,1,0,0,0,1,1,0,0,0,0,0,0,0,0,0,0,0,0,0,0,0,-0.4715321025686487,-0.000700050316116456,0.29962153529784946,0.4111045481393974,-0.2211283936032902,-0.4980397281756403,-0.41455792352098614,-0.2799600677112722,-0.6784148617561527,-0.5184141503912602,0.125,-0.1875,0.375,3.25,1.1875,-0.25,0.25,-0.3125,0.4375,-0.4375
4,1,0,0,-0.20069873217463904,-0.12698412698412698,-0.3245907752484076,3,2,1,0,6,5,4,3,2,1,1,1,1,1,0,0,1,1,1,1,0,0,0,0,1,1,0,0,0,0,0,0,0,0,0,0,0,0,0,0,-0.27942643115179183,-0.4654459539279385,-0.000700050316116456,0.29962153529784946,0.40629170221609673,-0.24076494162746115,-0.49624549676635266,-0.3940275185554929,-0.2799600677112722,-0.6728372314828865,0.3125,0.125,-0.1875,0.375,3.25,1.1875,-0.25,0.25,-0.3125,0.4375
5,0,1,0,-0.4016171914482212,-0.19047619047619047,-0.5331058580660673,4,3,2,1,0,6,5,4,3,2,1,1,1,1,1,0,0,1,1,1,0,0,0,0,0,1,1,0,0,0,0,0,0,0,0,0,0,0,0,0,-0.2076195119789012,-0.27581982454988957,-0.4654459539279385,-0.000700050316116456,0.2948086893745488,0.38390834640181215,-0.23989756499848078,-0.4757150918008594,-0.3940275185554929,-0.27485747729391113,-0.125,0.3125,0.125,-0.1875,0.375,3.25,1.1875,-0.25,0.25,-0.3125
6,0,0,1,0.2514996374502868,1.6507936507936507,0.24774780902569296,5,4,3,2,1,0,6,5,4,3,0,1,1,1,1,1,0,0,1,1,1,0,0,0,0,0,1,1,0,0,0,0,0,0,0,0,0,0,0,0,-0.41027459497794816,-0.20493973004309685,-0.27581982454988957,-0.4654459539279385,-0.005512896239417168,0.2729133995469594,0.38252528321541734,-0.21936716003298753,-0.4757150918008594,-0.3887889363362452,-0.1875,-0.125,0.3125,0.125,-0.1875,0.375,3.25,1.1875,-0.25,0.25
0,1,0,0,-0.5862758454000131,0.06349206349206349,-0.6501809337066616,6,5,4,3,2,1,0,6,5,4,0,0,1,1,1,1,1,0,0,1,0,1,0,0,0,0,0,1,1,0,1,0,0,0,0,0,0,0,0,0,0.24848740054520066,-0.4049791078733784,-0.20493973004309685,-0.27581982454988957,-0.47025879985123925,-0.026093396062031628,0.2719302053040497,0.4030556881809106,-0.21936716003298753,-0.4703791212364251,1.625,-0.1875,-0.125,0.3125,0.125,-0.1875,0.375,3.25,1.1875,-0.25
1,1,0,0,-0.5918129682933796,-0.12698412698412698,-0.6384682336177396,0,6,5,4,3,2,1,0,6,5,1,0,0,1,1,1,1,1,0,0,0,0,1,0,0,0,0,0,1,1,0,1,0,0,0,0,0,0,0,0,-0.596529332239977,0.2452801295093085,-0.4049791078733784,-0.20493973004309685,-0.28063267047319024,-0.4888046698031015,-0.02599939233473667,0.29246061026954295,0.4030556881809106,-0.21433680879197103,0.0625,1.625,-0.1875,-0.125,0.3125,0.125,-0.1875,0.375,3.25,1.1875
2,1,0,0,-0.3605721693656478,0.4444444444444444,-0.3570298295438127,1,0,6,5,4,3,2,1,0,6,1,1,0,0,1,1,1,1,1,0,0,0,0,1,0,0,0,0,0,1,0,0,1,0,0,0,0,0,0,0,-0.6021143148423128,-0.5888298221434666,0.2452801295093085,-0.4049791078733784,-0.20975257596639757,-0.30000871231921933,-0.48704370849429224,-0.005468987369243418,0.29246061026954295,0.40734398369930414,-0.125,0.0625,1.625,-0.1875,-0.125,0.3125,0.125,-0.1875,0.375,3.25
3,1,0,0,-0.5686976774845641,0.4444444444444444,-0.5846857682229393,2,1,0,6,5,4,3,2,1,0,1,1,1,0,0,1,1,1,1,1,0,0,0,0,1,0,0,0,0,0,0,0,0,1,0,0,0,0,0,0,-0.3688748033066643,-0.5943427183828838,-0.5888298221434666,0.2452801295093085,-0.4097919537966791,-0.2294389266422721,-0.2989279048569816,-0.466513303528799,-0.005468987369243418,0.2968807578089437,0.4375,-0.125,0.0625,1.625,-0.1875,-0.125,0.3125,0.125,-0.1875,0.375
4,1,0,0,-0.4997033684164267,0.5714285714285714,-0.49239788575325,3,2,1,0,6,5,4,3,2,1,1,1,1,1,0,0,1,1,1,1,0,0,0,0,0,1,0,0,0,0,0,0,0,0,1,0,0,0,0,0,-0.5787992287404978,-0.3641136706700794,-0.5943427183828838,-0.5888298221434666,0.24046728358600777,-0.428602543997212,-0.2286123529667086,-0.2783974998914884,-0.466513303528799,-0.0006936466303947136,0.4375,0.4375,-0.125,0.0625,1.625,-0.1875,-0.125,0.3125,0.125,-0.1875
5,0,1,0,-0.30783766561930076,0.12698412698412698,-0.2888708276751261,4,3,2,1,0,6,5,4,3,2,1,1,1,1,1,0,0,1,1,1,0,0,0,0,0,0,1,0,0,0,0,0,0,0,0,1,0,0,0,0,-0.5092085725050419,-0.5713285642405548,-0.3641136706700794,-0.5943427183828838,-0.5936426680667674,0.21880989719463328,-0.4270584660792569,-0.20808194800121532,-0.2783974998914884,-0.461188303383695,0.5625,0.4375,0.4375,-0.125,0.0625,1.625,-0.1875,-0.125,0.3125,0.125
6,0,1,0,-0.4489903539803563,2.1587301587301586,-0.4707646179577604,5,4,3,2,1,0,6,5,4,3,0,1,1,1,1,1,0,0,1,1,1,0,0,0,0,0,0,1,0,0,0,0,0,0,0,0,1,0,0,0,-0.31568449280822675,-0.5026361269716261,-0.5713285642405548,-0.3641136706700794,-0.5991555643061844,-0.611648370796306,0.2180216155215071,-0.4065280611137636,-0.20808194800121532,-0.27329677237552297,0.125,0.5625,0.4375,0.4375,-0.125,0.0625,1.625,-0.1875,-0.125,0.3125
0,1,0,0,-0.5880336621915581,-0.12698412698412698,-0.6173254104650893,6,5,4,3,2,1,0,6,5,4,0,0,1,1,1,1,1,0,0,1,1,1,0,0,0,0,0,0,1,0,0,0,0,0,0,0,0,1,0,0,-0.4580572239090445,-0.31160989696134406,-0.5026361269716261,-0.5713285642405548,-0.3689265165933801,-0.6171371319045129,-0.6094448543773602,0.23855202048700036,-0.4065280611137636,-0.20306505104805672,2.125,0.125,0.5625,0.4375,0.4375,-0.125,0.0625,1.625,-0.1875,-0.125
1,1,0,0,-0.2994880358594625,-0.06349206349206349,-0.27321216434305623,0,6,5,4,3,2,1,0,6,5,1,0,0,1,1,1,1,1,0,0,0,1,1,0,0,0,0,0,0,1,0,0,0,0,0,0,0,0,1,0,-0.5983023425899249,-0.45214499792172563,-0.31160989696134406,-0.5026361269716261,-0.5761414101638556,-0.3879160132427251,-0.6149138417466036,-0.5889144494118669,0.23855202048700036,-0.40127457568335034,-0.125,2.125,0.125,0.5625,0.4375,0.4375,-0.125,0.0625,1.625,-0.1875
2,1,0,0,-0.2309331809892113,0.06349206349206349,-0.17116873687475978,1,0,6,5,4,3,2,1,0,6,1,1,0,0,1,1,1,1,1,0,0,0,1,1,0,0,0,0,0,0,0,0,0,0,0,0,0,0,0,1,-0.30726269364597414,-0.5905799479337578,-0.45214499792172563,-0.31160989696134406,-0.5074489728949267,-0.5942237323575535,-0.3865185120881982,-0.5943834367811103,-0.5889144494118669,0.24303643812455294,-0.0625,-0.125,2.125,0.125,0.5625,0.4375,0.4375,-0.125,0.0625,1.625
3,1,0,0,-0.13513216585001428,0.8888888888888888,-0.12245253974482119,2,1,0,6,5,4,3,2,1,0,1,1,1,0,0,1,1,1,1,1,0,0,0,1,1,0,0,0,0,0,0,0,0,0,0,0,0,0,0,0,-0.23811528999800535,-0.303296799457461,-0.5905799479337578,-0.45214499792172563,-0.3164227428846448,-0.5258320264854504,-0.5920829897130953,-0.36598810712270496,-0.5943834367811103,-0.5834435219907659,0.0625,-0.0625,-0.125,2.125,0.125,0.5625,0.4375,0.4375,-0.125,0.0625
4,1,0,0,-0.2669684252158818,0.12698412698412698,-0.23900445072289458,3,2,1,0,6,5,4,3,2,1,1,1,1,1,0,0,1,1,1,1,0,0,0,0,1,1,0,0,0,0,0,0,0,0,0,0,0,0,0,0,-0.1414862259258439,-0.2350418936361051,-0.303296799457461,-0.5905799479337578,-0.45695784384502636,-0.33564209792646793,-0.5239376709058552,-0.571552584747602,-0.36598810712270496,-0.5889059892051244,0.875,0.0625,-0.0625,-0.125,2.125,0.125,0.5625,0.4375,0.4375,-0.125
5,0,1,0,-0.43220320362110254,-0.5714285714285714,-0.4929455904305323,4,3,2,1,0,6,5,4,3,2,1,1,1,1,1,0,0,1,1,1,0,0,0,0,0,1,1,0,0,0,0,0,0,0,0,0,0,0,0,0,-0.27446200217193767,-0.139660038065236,-0.2350418936361051,-0.303296799457461,-0.5953927938570583,-0.47556194458964973,-0.3344329180954034,-0.503407265940362,-0.571552584747602,-0.36078295363405805,0.125,0.875,0.0625,-0.0625,-0.125,2.125,0.125,0.5625,0.4375,0.4375
6,0,1,0,-0.24235899013425322,1.0158730158730158,-0.17588788840908418,5,4,3,2,1,0,6,5,4,3,0,1,1,1,1,1,0,0,1,1,1,0,0,0,0,0,1,1,0,0,0,0,0,0,0,0,0,0,0,0,-0.44112497506704196,-0.27091947233707425,-0.139660038065236,-0.2350418936361051,-0.30810964538076174,-0.6133908346401812,-0.4738486913494509,-0.31390251312991013,-0.503407265940362,-0.5661023562308977,-0.5625,0.125,0.875,0.0625,-0.0625,-0.125,2.125,0.125,0.5625,0.4375
0,1,0,0,0.059985498011469775,-0.12698412698412698,-0.00550834418295399,6,5,4,3,2,1,0,6,5,4,0,0,1,1,1,1,1,0,0,1,1,1,0,0,0,0,0,1,1,0,0,0,0,0,0,0,0,0,0,0,-0.24963985727266685,-0.4354312966244449,-0.27091947233707425,-0.139660038065236,-0.23985473955940578,-0.3273653946680606,-0.6111810408437867,-0.45331828638395766,-0.31390251312991013,-0.49803828062341493,1.0,-0.5625,0.125,0.875,0.0625,-0.0625,-0.125,2.125,0.125,0.5625
1,1,0,0,-0.5297620355518445,-1.0793650793650793,-0.6123939344552211,0,6,5,4,3,2,1,0,6,5,1,0,0,1,1,1,1,1,0,0,0,1,1,0,0,0,0,0,1,1,0,0,0,0,0,0,0,0,0,0,0.055317922918374986,-0.24641771127299777,-0.4354312966244449,-0.27091947233707425,-0.14447288398853672,-0.2594093047569262,-0.3261860323798776,-0.5906506358782933,-0.45331828638395766,-0.30875945635445345,-0.125,1.0,-0.5625,0.125,0.875,0.0625,-0.0625,-0.125,2.125,0.125
2,0,0,1,0.6637955659071434,0.5079365079365079,0.7874929858680635,1,0,6,5,4,3,2,1,0,6,1,1,0,0,1,1,1,1,1,0,0,0,1,1,0,0,0,0,0,1,0,0,0,0,0,0,0,0,0,0,-0.5395270494891513,0.05460392465708468,-0.24641771127299777,-0.4354312966244449,-0.2757323182603749,-0.16444502526572574,-0.25847476018924426,-0.30565562741438435,-0.5906506358782933,-0.44800901740619514,-1.0625,-0.125,1.0,-0.5625,0.125,0.875,0.0625,-0.0625,-0.125,2.125
3,1,0,0,0.32981037551361214,-0.4444444444444444,0.36240160320983394,2,1,0,6,5,4,3,2,1,0,0,1,1,0,0,1,1,1,1,1,0,0,0,1,1,0,0,0,0,0,1,0,0,0,0,0,0,0,0,0,0.6643469781254847,-0.5325632779856052,0.05460392465708468,-0.24641771127299777,-0.44024414254774563,-0.29512981355636864,-0.1638525977690004,-0.23794435522375101,-0.30565562741438435,-0.5851776385667528,0.5,-1.0625,-0.125,1.0,-0.5625,0.125,0.875,0.0625,-0.0625,-0.125
4,1,0,0,-0.48142207378435975,-0.06349206349206349,-0.48043196116418185,3,2,1,0,6,5,4,3,2,1,1,0,1,1,0,0,1,1,1,1,0,0,0,0,1,1,0,0,0,0,0,1,0,0,0,0,0,0,0,0,0.3274750116353804,0.6557721336221041,-0.5325632779856052,0.05460392465708468,-0.2512305571962985,-0.4589214148806412,-0.2940665827509874,-0.14332219280350714,-0.23794435522375101,-0.3005224026185161,-0.4375,0.5,-1.0625,-0.125,1.0,-0.5625,0.125,0.875,0.0625,-0.0625
5,0,1,0,-0.5165784096152578,-1.3333333333333333,-0.6028322200079897,4,3,2,1,0,6,5,4,3,2,1,1,0,1,1,0,0,1,1,1,0,0,0,0,0,1,1,0,0,0,0,0,1,0,0,0,0,0,0,0,-0.4907692648655836,0.3232482334667804,0.6557721336221041,-0.5325632779856052,0.04979107873378397,-0.2707353197421153,-0.45726811059507794,-0.27353617778549416,-0.14332219280350714,-0.23289185615503002,-0.0625,-0.4375,0.5,-1.0625,-0.125,1.0,-0.5625,0.125,0.875,0.0625
6,0,1,0,-0.02790534156577528,-0.19047619047619047,0.1101302514631317,5,4,3,2,1,0,6,5,4,3,0,1,1,0,1,1,0,0,1,1,1,0,0,0,0,0,1,1,0,0,0,0,0,1,0,0,0,0,0,0,-0.5262294718645419,-0.4844348187525978,0.3232482334667804,0.6557721336221041,-0.5373761239089059,0.028968461404425883,-0.2697599722210165,-0.43673770562958464,-0.27353617778549416,-0.13838250276374836,-1.3125,-0.0625,-0.4375,0.5,-1.0625,-0.125,1.0,-0.5625,0.125,0.875
0,1,0,0,-0.5490980202588385,-1.0158730158730158,-0.6273476947545807,6,5,4,3,2,1,0,6,5,4,0,0,1,1,0,1,1,0,0,1,1,1,0,0,0,0,0,1,1,0,0,0,0,0,1,0,0,0,0,0,-0.0333325945790209,-0.5194373345584213,-0.4844348187525978,0.3232482334667804,0.6509592876988033,-0.555628158215717,0.028864100004340493,-0.24922956725552325,-0.43673770562958464,-0.26844124596275987,-0.1875,-1.3125,-0.0625,-0.4375,0.5,-1.0625,-0.125,1.0,-0.5625,0.125
1,1,0,0,-0.20192920392872046,-1.0793650793650793,-0.40838176652007563,0,6,5,4,3,2,1,0,6,5,1,0,0,1,1,0,1,1,0,0,0,1,1,0,0,0,0,0,1,1,0,0,0,0,0,1,0,0,0,0,-0.5590301633385785,-0.03290236485747417,-0.5194373345584213,-0.4844348187525978,0.31843538754347966,0.6275047917755707,-0.5536264594817483,0.04939450496983374,-0.24922956725552325,-0.43144820410552104,-1.0,-0.1875,-1.3125,-0.0625,-0.4375,0.5,-1.0625,-0.125,1.0,-0.5625
2,0,0,1,-0.6194106919206345,-1.7142857142857142,-0.7366912431357978,1,0,6,5,4,3,2,1,0,6,1,1,0,0,1,1,0,1,1,0,0,0,1,1,0,0,0,0,0,1,0,0,0,0,0,0,1,0,0,0,-0.20886061922386473,-0.5518146616788082,-0.03290236485747417,-0.5194373345584213,-0.48924766467589853,0.29643666143927516,0.6252441512218413,-0.5330960545162551,0.04939450496983374,-0.2441636138989444,-1.0625,-1.0,-0.1875,-1.3125,-0.0625,-0.4375,0.5,-1.0625,-0.125,1.0
3,1,0,0,-0.5490980202588385,0.0,-0.6010617824212939,2,1,0,6,5,4,3,2,1,0,0,1,1,0,0,1,1,0,1,1,0,0,0,1,1,0,0,0,0,0,1,0,0,0,0,0,0,1,0,0,-0.6299505773364952,-0.2061648180963007,-0.5518146616788082,-0.03290236485747417,-0.5242501804817221,-0.5077104025091479,0.2953687226008074,0.6457745561873346,-0.5330960545162551,0.05410443717078876,-1.6875,-1.0625,-1.0,-0.1875,-1.3125,-0.0625,-0.4375,0.5,-1.0625,-0.125
4,1,0,0,3.9069675463074858,-0.19047619047619047,4.217845978865179,3,2,1,0,6,5,4,3,2,1,1,0,1,1,0,0,1,1,0,1,0,0,0,0,1,1,0,0,0,0,0,1,0,0,0,0,0,0,1,0,-0.5590301633385785,-0.6218196932904553,-0.2061648180963007,-0.5518146616788082,-0.03771521078077489,-0.5425596793866526,-0.5058813316550197,0.3158991275663006,0.6457745561873346,-0.5276916740727896,0.0,-1.6875,-1.0625,-1.0,-0.1875,-1.3125,-0.0625,-0.4375,0.5,-1.0625
5,0,1,0,0.16281778031684652,-0.12698412698412698,0.16340804611957904,4,3,2,1,0,6,5,4,3,2,1,1,0,1,1,0,0,1,1,0,0,0,0,0,0,1,1,0,0,0,0,0,1,0,0,0,0,0,0,1,3.935551073779393,-0.5518146616788082,-0.6218196932904553,-0.2061648180963007,-0.5566275076021089,-0.0581547307893361,-0.5406050609835495,-0.48535092668952645,0.3158991275663006,0.6497734810222617,-0.1875,0.0,-1.6875,-1.0625,-1.0,-0.1875,-1.3125,-0.0625,-0.4375,0.5
6,0,1,0,0.32102129155588766,1.7142857142857142,0.5838538972877683,5,4,3,2,1,0,6,5,4,3,0,1,1,0,1,1,0,0,1,1,1,0,0,0,0,0,1,1,0,0,0,0,0,1,0,0,0,0,0,0,0.15903902839032819,3.8847542167093256,-0.5518146616788082,-0.6218196932904553,-0.21097766401960139,-0.5747952604983446,-0.05794522331698422,-0.5200746560180564,-0.48535092668952645,0.3202913315847658,-0.125,-0.1875,0.0,-1.6875,-1.0625,-1.0,-0.1875,-1.3125,-0.0625,-0.4375
0,0,0,1,-0.21511282986530722,1.5238095238095237,-0.02559345713415128,6,5,4,3,2,1,0,6,5,4,0,0,1,1,0,1,1,0,0,1,1,1,0,0,0,0,0,1,1,0,0,0,0,0,1,0,0,0,0,0,0.3186099598856408,0.15698628338911857,3.8847542167093256,-0.5518146616788082,-0.626632539213756,-0.2306586513329848,-0.5727245106124398,-0.03741481835149097,-0.5200746560180564,-0.480003468233152,1.6875,-0.125,-0.1875,0.0,-1.6875,-1.0625,-1.0,-0.1875,-1.3125,-0.0625
1,1,0,0,-0.29421458548482776,-0.4444444444444444,-0.22400196604640002,0,6,5,4,3,2,1,0,6,5,0,0,0,1,1,0,1,1,0,0,0,1,1,0,0,0,0,0,1,1,1,0,0,0,0,1,0,0,0,0,-0.2221581968484741,0.3144976045153245,0.15698628338911857,3.8847542167093256,-0.5566275076021089,-0.6444938142533542,-0.22982768349320715,-0.5521941056469465,-0.03741481835149097,-0.5146857997528884,1.5,1.6875,-0.125,-0.1875,0.0,-1.6875,-1.0625,-1.0,-0.1875,-1.3125
2,1,0,0,-0.46999626463931793,-0.31746031746031744,-0.44876716211711687,1,0,6,5,4,3,2,1,0,6,1,0,0,0,1,1,0,1,1,0,0,0,1,1,0,0,0,0,0,1,0,1,0,0,0,0,1,0,0,0,-0.3019436625961304,-0.2192907615234845,0.3144976045153245,0.15698628338911857,3.879941370786025,-0.5747952604983446,-0.6421719692694995,-0.20929727852771388,-0.5521941056469465,-0.03260139162855227,-0.4375,1.5,1.6875,-0.125,-0.1875,0.0,-1.6875,-1.0625,-1.0,-0.1875
3,1,0,0,-0.13601107424578668,-0.12698412698412698,0.03204036796863004,2,1,0,6,5,4,3,2,1,0,1,1,0,0,0,1,1,0,1,1,0,0,0,1,1,0,0,0,0,0,0,0,1,0,0,0,0,1,0,0,-0.47924469759092214,-0.2980464220865875,-0.2192907615234845,0.3144976045153245,0.15217343746581785,3.8423505837253873,-0.5727245106124398,-0.6216415643040063,-0.20929727852771388,-0.5467669564086446,-0.3125,-0.4375,1.5,1.6875,-0.125,-0.1875,0.0,-1.6875,-1.0625,-1.0
4,1,0,0,-0.24148008173848076,0.38095238095238093,-0.08918552669051139,3,2,1,0,6,5,4,3,2,1,1,1,1,0,0,0,1,1,0,1,0,0,0,0,1,1,0,0,0,0,0,0,0,1,0,0,0,0,1,0,-0.1423727311008178,-0.4730590011157052,-0.2980464220865875,-0.2192907615234845,0.3096847585920238,0.13090259627112744,3.828508181778723,-0.5521941056469465,-0.6216415643040063,-0.2042789326512475,-0.125,-0.3125,-0.4375,1.5,1.6875,-0.125,-0.1875,0.0,-1.6875,-1.0625
5,0,1,0,-0.17995649403440922,0.8888888888888888,-0.05367683663561021,4,3,2,1,0,6,5,4,3,2,1,1,1,1,0,0,0,1,1,0,0,0,0,0,0,1,1,0,0,0,0,0,0,0,1,0,0,0,0,1,-0.24875335209769286,-0.14053510096038155,-0.4730590011157052,-0.2980464220865875,-0.22410360744678523,0.287724342219899,0.13043100829029045,3.8490385867442165,-0.5521941056469465,-0.6161316194481175,0.375,-0.125,-0.3125,-0.4375,1.5,1.6875,-0.125,-0.1875,0.0,-1.6875
6,0,1,0,3.2389971655204235,4.190476190476191,5.206739221532049,5,4,3,2,1,0,6,5,4,3,0,1,1,1,1,0,0,0,1,1,1,0,0,0,0,0,1,1,0,0,0,0,0,0,0,1,0,0,0,0,-0.18669798984951574,-0.24554264837785217,-0.14053510096038155,-0.4730590011157052,-0.3028592680098882,-0.24372713016204908,0.2866877902686749,0.1509614132557837,3.8490385867442165,-0.5467669564086446,0.875,0.375,-0.125,-0.3125,-0.4375,1.5,1.6875,-0.125,-0.1875,0.0
0,1,0,0,1.9645799916503703,-0.06349206349206349,2.468627324933002,6,5,4,3,2,1,0,6,5,4,0,0,1,1,1,1,0,0,0,1,1,1,0,0,0,0,0,1,1,0,0,0,0,0,0,0,1,0,0,0,3.261807140799184,-0.18428824571766098,-0.24554264837785217,-0.14053510096038155,-0.4778718470390059,-0.32213800313643487,-0.24284908199140584,0.30721819523416816,0.1509614132557837,3.849218563717946,4.125,0.875,0.375,-0.125,-0.3125,-0.4375,1.5,1.6875,-0.125,-0.1875
1,1,0,0,0.6550064819494189,-0.12698412698412698,0.8872926024214415,0,6,5,4,3,2,1,0,6,5,1,0,0,1,1,1,1,0,0,0,0,1,1,0,0,0,0,0,1,1,0,0,0,0,0,0,0,1,0,0,1.9763746370869437,3.2197064163986786,-0.18428824571766098,-0.24554264837785217,-0.14534794688368224,-0.4963843875239588,-0.3209774729805981,-0.2223186770259126,0.30721819523416816,0.1555502568660178,-0.0625,4.125,0.875,0.375,-0.125,-0.3125,-0.4375,1.5,1.6875,-0.125
2,1,0,0,-0.20632374590758273,0.0,-0.1952040808977591,1,0,6,5,4,3,2,1,0,6,1,1,0,0,1,1,1,1,0,0,0,0,1,1,0,0,0,0,0,1,0,0,0,0,0,0,0,0,1,0,0.6554819263757451,1.9508652184375752,3.2197064163986786,-0.18428824571766098,-0.2503554943011529,-0.1653162571876633,-0.4945961196232475,-0.30044706801510485,-0.2223186770259126,0.3116207487048317,-0.125,-0.0625,4.125,0.875,0.375,-0.125,-0.3125,-0.4375,1.5,1.6875
3,1,0,0,-0.10964382237261316,0.25396825396825395,-0.01821544834829252,2,1,0,6,5,4,3,2,1,0,1,1,1,0,0,1,1,1,1,0,0,0,0,1,1,0,0,0,0,0,0,0,0,0,0,0,0,0,0,1,-0.2132931450987345,0.6470215046706481,1.9508652184375752,3.2197064163986786,-0.18910109164096167,-0.2698640878201777,-0.1647206910022136,-0.47406571465775427,-0.30044706801510485,-0.21728480697114866,0.0,-0.125,-0.0625,4.125,0.875,0.375,-0.125,-0.3125,-0.4375,1.5
4,1,0,0,-0.12722199028806216,0.4444444444444444,-0.06708955513843458,3,2,1,0,6,5,4,3,2,1,1,1,1,1,0,0,1,1,1,1,0,0,0,0,1,1,0,0,0,0,0,0,0,0,0,0,0,0,0,0,-0.11577757585159905,-0.21054013257202864,0.6470215046706481,1.9508652184375752,3.2148935704753776,-0.2088778532845443,-0.26889187898780326,-0.14419028603672035,-0.47406571465775427,-0.2953200528905556,0.25,0.0,-0.125,-0.0625,4.125,0.875,0.375,-0.125,-0.3125,-0.4375
5,0,1,0,0.14523961240139752,0.5714285714285714,0.2684069449308732,4,3,2,1,0,6,5,4,3,2,1,1,1,1,1,0,0,1,1,1,0,0,0,0,0,1,1,0,0,0,0,0,0,0,0,0,0,0,0,0,-0.1335076793510782,-0.11428321410601389,-0.21054013257202864,0.6470215046706481,1.9460523725142742,3.1802143230527964,-0.20812535266287596,-0.24836147402231,-0.14419028603672035,-0.4687317104892377,0.4375,0.25,0.0,-0.125,-0.0625,4.125,0.875,0.375,-0.125,-0.3125
6,0,1,0,1.2087187712860628,3.6825396825396823,1.732175791506612,5,4,3,2,1,0,6,5,4,3,0,1,1,1,1,1,0,0,1,1,1,0,0,0,0,0,1,1,0,0,0,0,0,0,0,0,0,0,0,0,0.141308924890849,-0.13178447200892565,-0.11428321410601389,-0.21054013257202864,0.6422086587473474,1.916928036243248,3.168757324536655,-0.1875949476973827,-0.24836147402231,-0.13924956105174172,0.5625,0.4375,0.25,0.0,-0.125,-0.0625,4.125,0.875,0.375,-0.125
0,1,0,0,-0.21511282986530722,0.25396825396825395,-0.1338447970322942,6,5,4,3,2,1,0,6,5,4,0,0,1,1,1,1,1,0,0,1,1,1,0,0,0,0,0,1,1,0,0,0,0,0,0,0,0,0,0,0,1.2139801866093392,0.1394850254862068,-0.13178447200892565,-0.11428321410601389,-0.21535297849532933,0.6187924725561945,1.910022136377447,3.1892877295021487,-0.1875949476973827,-0.24329655561095098,3.625,0.5625,0.4375,0.25,0.0,-0.125,-0.0625,4.125,0.875,0.375
1,1,0,0,-0.26784733361165425,0.06349206349206349,-0.14209308721121136,0,6,5,4,3,2,1,0,6,5,1,0,0,1,1,1,1,1,0,0,0,1,1,0,0,0,0,0,1,1,0,0,0,0,0,0,0,0,0,0,-0.2221581968484741,1.1983111286123689,0.1394850254862068,-0.13178447200892565,-0.1190960600293146,-0.23501481094267287,0.6165632188897089,1.9305525413429403,3.1892877295021487,-0.18260247545141226,0.25,3.625,0.5625,0.4375,0.25,0.0,-0.125,-0.0625,4.125,0.875
2,1,0,0,-0.4348399288084199,0.31746031746031744,-0.4098481213151634,1,0,6,5,4,3,2,1,0,6,1,1,0,0,1,1,1,1,1,0,0,0,1,1,0,0,0,0,0,1,0,0,0,0,0,0,0,0,0,0,-0.27534850734691163,-0.2192907615234845,1.1983111286123689,0.1394850254862068,-0.13659731793222638,-0.1391792995295347,-0.23416814965927338,0.6370936238552021,1.9305525413429403,3.190254264842954,0.0625,0.25,3.625,0.5625,0.4375,0.25,0.0,-0.125,-0.0625,4.125
3,1,0,0,-0.29421458548482776,0.0,-0.0997612060954907,2,1,0,6,5,4,3,2,1,0,1,1,1,0,0,1,1,1,1,1,0,0,0,1,1,0,0,0,0,0,0,0,0,0,0,0,0,0,0,0,-0.4437844905919638,-0.2717945352322198,-0.2192907615234845,1.1983111286123689,0.13467217956290609,-0.15660393796828712,-0.13867789400581618,-0.2136377446937801,0.6370936238552021,1.933019747252509,0.3125,0.0625,0.25,3.625,0.5625,0.4375,0.25,0.0,-0.125,-0.0625
4,1,0,0,-0.21511282986530722,-0.06349206349206349,-0.11149702358962267,3,2,1,0,6,5,4,3,2,1,1,1,1,1,0,0,1,1,1,1,0,0,0,0,1,1,0,0,0,0,0,0,0,0,0,0,0,0,0,0,-0.3019436625961304,-0.43805648530988167,-0.2717945352322198,-0.2192907615234845,1.193498282689068,0.11347795783237502,-0.15603975867008113,-0.11814748904032293,-0.2136377446937801,0.6411028981423276,0.0,0.3125,0.0625,0.25,3.625,0.5625,0.4375,0.25,0.0,-0.125
5,0,1,0,0.38254487925995917,0.8253968253968254,0.8601598817526941,4,3,2,1,0,6,5,4,3,2,1,1,1,1,1,0,0,1,1,1,0,0,0,0,0,1,1,0,0,0,0,0,0,0,0,0,0,0,0,0,-0.2221581968484741,-0.2980464220865875,-0.43805648530988167,-0.2717945352322198,-0.22410360744678523,1.167668583376895,0.11306914362602549,-0.1355093537045879,-0.11814748904032293,-0.20861422409121455,-0.0625,0.0,0.3125,0.0625,0.25,3.625,0.5625,0.4375,0.25,0.0
6,0,1,0,1.2614532750324097,3.0476190476190474,2.3574500328400525,5,4,3,2,1,0,6,5,4,3,0,1,1,1,1,1,0,0,1,1,1,0,0,0,0,0,1,1,0,0,0,0,0,0,0,0,0,0,0,0,0.38066532213381793,-0.2192907615234845,-0.2980464220865875,-0.43805648530988167,-0.2766073811555205,-0.24372713016204908,1.1634619558140546,0.13359954859151874,-0.1355093537045879,-0.11323781241193942,0.8125,-0.0625,0.0,0.3125,0.0625,0.25,3.625,0.5625,0.4375,0.25
0,1,0,0,-0.1887455779921337,-0.38095238095238093,0.016477730781278493,6,5,4,3,2,1,0,6,5,4,0,0,1,1,1,1,1,0,0,1,1,1,0,0,0,0,0,1,1,0,0,0,0,0,0,0,0,0,0,0,1.2671704971077768,0.3757520071755157,-0.2192907615234845,-0.2980464220865875,-0.44286933123318234,-0.29600104547830625,-0.24284908199140584,1.1839923607795477,0.13359954859151874,-0.13057897817180764,3.0,0.8125,-0.0625,0.0,0.3125,0.0625,0.25,3.625,0.5625,0.4375
1,1,0,0,-0.2502691656962053,0.5079365079365079,-0.16646452274072487,0,6,5,4,3,2,1,0,6,5,1,0,0,1,1,1,1,1,0,0,0,1,1,0,0,0,0,0,1,1,0,0,0,0,0,0,0,0,0,0,-0.19556304159925533,1.2508149023211044,0.3757520071755157,-0.2192907615234845,-0.3028592680098882,-0.461535110646454,-0.29493467598420064,-0.2223186770259126,1.1839923607795477,0.1382090911061496,-0.375,3.0,0.8125,-0.0625,0.0,0.3125,0.0625,0.25,3.625,0.5625
2,1,0,0,-0.4875744325547669,-0.06349206349206349,-0.4557952089533355,1,0,6,5,4,3,2,1,0,6,1,1,0,0,1,1,1,1,1,0,0,0,1,1,0,0,0,0,0,1,0,0,0,0,0,0,0,0,0,0,-0.25761840384743245,-0.19303887466911684,1.2508149023211044,0.3757520071755157,-0.22410360744678523,-0.32213800313643487,-0.4598723902947176,-0.2744042710187074,-0.2223186770259126,1.187349619578176,0.5,-0.375,3.0,0.8125,-0.0625,0.0,0.3125,0.0625,0.25,3.625
3,1,0,0,-0.13601107424578668,-0.06349206349206349,-0.15182124697595442,2,1,0,6,5,4,3,2,1,0,1,1,1,0,0,1,1,1,1,1,0,0,0,1,1,0,0,0,0,0,0,0,0,0,0,0,0,0,0,0,-0.4969748010904013,-0.25429327732930807,-0.19303887466911684,1.2508149023211044,0.370939161252215,-0.24372713016204908,-0.3209774729805981,-0.43934198532922436,-0.2744042710187074,-0.21728480697114866,-0.0625,0.5,-0.375,3.0,0.8125,-0.0625,0.0,0.3125,0.0625,0.25
4,1,0,0,0.7780536573575619,0.4444444444444444,0.3219767301977418,3,2,1,0,6,5,4,3,2,1,1,1,1,1,0,0,1,1,1,1,0,0,0,0,1,1,0,0,0,0,0,0,0,0,0,0,0,0,0,0,-0.1423727311008178,-0.490560259018617,-0.25429327732930807,-0.19303887466911684,1.2460020563978034,0.34871057675553235,-0.24284908199140584,-0.30044706801510485,-0.43934198532922436,-0.2693083042507533,-0.0625,-0.0625,0.5,-0.375,3.0,0.8125,-0.0625,0.0,0.3125,0.0625
5,0,1,0,0.6374283140339698,0.8253968253968254,0.7630120094030934,4,3,2,1,0,6,5,4,3,2,1,1,1,1,1,0,0,1,1,1,0,0,0,0,0,1,1,0,0,0,0,0,0,0,0,0,0,0,0,0,0.7795926508720994,-0.14053510096038155,-0.490560259018617,-0.25429327732930807,-0.19785172059241757,1.2199424986931522,0.3474543165936022,-0.2223186770259126,-0.30044706801510485,-0.43404937896950124,0.4375,-0.0625,-0.0625,0.5,-0.375,3.0,0.8125,-0.0625,0.0,0.3125
6,0,1,0,0.6989519017380413,2.0317460317460316,1.1472396440026293,5,4,3,2,1,0,6,5,4,3,0,1,1,1,1,1,0,0,1,1,1,0,0,0,0,0,1,1,0,0,0,0,0,0,0,0,0,0,0,0,0.637751822876266,0.7695303099910306,-0.14053510096038155,-0.490560259018617,-0.2591061232526088,-0.2175901725039205,1.2155475498068493,0.36798472155909545,-0.2223186770259126,-0.2953200528905556,0.8125,0.4375,-0.0625,-0.0625,0.5,-0.375,3.0,0.8125,-0.0625,0.0
0,1,0,0,-0.1887455779921337,-0.8253968253968254,-0.23736631582447737,6,5,4,3,2,1,0,6,5,4,0,0,1,1,1,1,1,0,0,1,1,1,0,0,0,0,0,1,1,0,0,0,0,0,0,0,0,0,0,0,0.6998071851244431,0.6295202467677364,0.7695303099910306,-0.14053510096038155,-0.49537310494191766,-0.2785764070395539,-0.21680628499500842,1.2360779547723426,0.36798472155909545,-0.21728480697114866,2.0,0.8125,0.4375,-0.0625,-0.0625,0.5,-0.375,3.0,0.8125,-0.0625
1,1,0,0,-0.593043440047461,-1.0793650793650793,-0.6559958502479386,0,6,5,4,3,2,1,0,6,5,1,0,0,1,1,1,1,1,0,0,0,1,1,0,0,0,0,0,1,1,0,0,0,0,0,0,0,0,0,0,-0.19556304159925533,0.6907746494279275,0.6295202467677364,0.7695303099910306,-0.14534794688368224,-0.5138090259627113,-0.2775728113199357,-0.19627588002951518,1.2360779547723426,0.3723148288643704,-0.8125,2.0,0.8125,0.4375,-0.0625,-0.0625,0.5,-0.375,3.0,0.8125
2,1,0,0,-0.06569840258399064,0.25396825396825395,-0.15277119450389026,1,0,6,5,4,3,2,1,0,6,1,1,0,0,1,1,1,1,1,0,0,0,1,1,0,0,0,0,0,1,0,0,0,0,0,0,0,0,0,0,-0.6033554220872764,-0.19303887466911684,0.6907746494279275,0.6295202467677364,0.7647174640677299,-0.1653162571876633,-0.5119579842875125,-0.2570424063544425,-0.19627588002951518,1.2393731168577808,-1.0625,-0.8125,2.0,0.8125,0.4375,-0.0625,-0.0625,0.5,-0.375,3.0
3,1,0,0,0.22434136802091806,0.06349206349206349,0.24325307414809916,2,1,0,6,5,4,3,2,1,0,1,1,1,0,0,1,1,1,1,1,0,0,0,1,1,0,0,0,0,0,0,0,0,0,0,0,0,0,0,0,-0.0714523171029011,-0.5955678064360876,-0.19303887466911684,0.6907746494279275,0.6247074008444357,0.7407649416274613,-0.1647206910022136,-0.4914275793220192,-0.2570424063544425,-0.19127305833134636,0.25,-1.0625,-0.8125,2.0,0.8125,0.4375,-0.0625,-0.0625,0.5,-0.375
4,1,0,0,-0.44362901276614436,-0.5714285714285714,-0.4664057422923237,3,2,1,0,6,5,4,3,2,1,1,1,1,1,0,0,1,1,1,1,0,0,0,0,1,1,0,0,0,0,0,0,0,0,0,0,0,0,0,0,0.2210943906385053,-0.07053006934873446,-0.5955678064360876,-0.19303887466911684,0.6859618035046269,0.6013678341174421,0.7380962715395635,-0.14419028603672035,-0.4914275793220192,-0.2519671384908851,0.0625,0.25,-1.0625,-0.8125,2.0,0.8125,0.4375,-0.0625,-0.0625,0.5
5,0,1,0,0.7165300696534904,0.5714285714285714,0.7589515260910593,4,3,2,1,0,6,5,4,3,2,1,1,1,1,1,0,0,1,1,1,0,0,0,0,0,1,1,0,0,0,0,0,0,0,0,0,0,0,0,0,-0.4526495423417034,0.21824068604930977,-0.07053006934873446,-0.5955678064360876,-0.19785172059241757,0.6623540686530754,0.5992013542254438,0.7586266765050567,-0.14419028603672035,-0.4860728762491059,-0.5625,0.0625,0.25,-1.0625,-0.8125,2.0,0.8125,0.4375,-0.0625,-0.0625
6,0,1,0,0.9977807563006745,1.5238095238095237,1.414476848229878,5,4,3,2,1,0,6,5,4,3,0,1,1,1,1,1,0,0,1,1,1,0,0,0,0,0,1,1,0,0,0,0,0,0,0,0,0,0,0,0,0.7175372886239223,-0.44680711426133757,0.21824068604930977,-0.07053006934873446,-0.6003806523593883,-0.2175901725039205,0.6599678805503711,0.6197317591909371,0.7586266765050567,-0.13924956105174172,0.5625,-0.5625,0.0625,0.25,-1.0625,-0.8125,2.0,0.8125,0.4375,-0.0625
0,1,0,0,0.33859945947133663,0.31746031746031744,0.32841332711297305,6,5,4,3,2,1,0,6,5,4,0,0,1,1,1,1,1,0,0,1,1,1,0,0,0,0,0,1,1,0,0,0,0,0,0,0,0,0,0,0,1.001218944615589,0.7082759073308393,-0.44680711426133757,0.21824068604930977,-0.07534291527203517,-0.6183568565952255,-0.21680628499500842,0.6804982855158644,0.6197317591909371,0.7624910584614051,1.5,0.5625,-0.5625,0.0625,0.25,-1.0625,-0.8125,2.0,0.8125,0.4375
1,1,0,0,-0.10085473841488865,-0.5079365079365079,-0.054642077216223404,0,6,5,4,3,2,1,0,6,5,1,0,0,1,1,1,1,1,0,0,0,1,1,0,0,0,0,0,1,1,0,0,0,0,0,0,0,0,0,0,0.33634006338511996,0.9882960337774277,0.7082759073308393,-0.44680711426133757,0.21342784012600904,-0.09561770343265372,-0.6161291722731022,-0.19627588002951518,0.6804982855158644,0.6237617323824595,0.3125,1.5,0.5625,-0.5625,0.0625,0.25,-1.0625,-0.8125,2.0,0.8125
2,1,0,0,-0.012963898837643597,0.19047619047619047,0.14834296662282362,1,0,6,5,4,3,2,1,0,6,1,1,0,0,1,1,1,1,1,0,0,0,1,1,0,0,0,0,0,1,0,0,0,0,0,0,0,0,0,0,-0.10691252410185946,0.3319988624182363,0.9882960337774277,0.7082759073308393,-0.45161996018463824,0.1918888308067608,-0.09527323234515382,-0.5955987673076089,-0.19627588002951518,0.6844558125419982,-0.5,0.3125,1.5,0.5625,-0.5625,0.0625,0.25,-1.0625,-0.8125,2.0
3,1,0,0,-0.2854255015271033,-0.9523809523809523,-0.4243260187195856,2,1,0,6,5,4,3,2,1,0,1,1,1,0,0,1,1,1,1,1,0,0,0,1,1,0,0,0,0,0,0,0,0,0,0,0,0,0,0,0,-0.018262006604463574,-0.105532585154558,0.3319988624182363,0.9882960337774277,0.7034630614075387,-0.47024742986583024,0.19119753461521774,-0.07474282737966058,-0.5955987673076089,-0.19127305833134636,0.1875,-0.5,0.3125,1.5,0.5625,-0.5625,0.0625,0.25,-1.0625,-0.8125
4,1,0,0,0.5319593065412758,0.5079365079365079,0.899543404573174,3,2,1,0,6,5,4,3,2,1,1,1,1,1,0,0,1,1,1,1,0,0,0,0,1,1,0,0,0,0,0,0,0,0,0,0,0,0,0,0,-0.2930786108463908,-0.018026295639999145,-0.105532585154558,0.3319988624182363,0.983483187854127,0.6797787070918279,-0.4685533226268501,0.21172793958071098,-0.07474282737966058,-0.5901198708083152,-0.9375,0.1875,-0.5,0.3125,1.5,0.5625,-0.5625,0.0625,0.25,-1.0625
5,0,1,0,0.2946540396827141,0.31746031746031744,0.34479681001147244,4,3,2,1,0,6,5,4,3,2,1,1,1,1,1,0,0,1,1,1,0,0,0,0,0,1,1,0,0,0,0,0,0,0,0,0,0,0,0,0,0.5313712018793909,-0.2892957931351316,-0.018026295639999145,-0.105532585154558,0.32718601649493556,0.9585729221118662,0.6773297452146362,-0.4480229176613569,0.21172793958071098,-0.0698848980122689,0.5,-0.9375,0.1875,-0.5,0.3125,1.5,0.5625,-0.5625,0.0625,0.25
6,0,1,0,1.9470018237349211,2.6031746031746033,2.4774247423987528,5,4,3,2,1,0,6,5,4,3,0,1,1,1,1,1,0,0,1,1,1,0,0,0,0,0,1,1,0,0,0,0,0,0,0,0,0,0,0,0,0.29201480463642204,0.5245126993502658,-0.2892957931351316,-0.018026295639999145,-0.11034543107785871,0.30514898065865137,0.9551195798428752,0.6978601501801294,-0.4480229176613569,0.21624433702555654,0.3125,0.5,-0.9375,0.1875,-0.5,0.3125,1.5,0.5625,-0.5625,0.0625
0,1,0,0,0.09250510865505047,-0.5714285714285714,0.12605992191474,6,5,4,3,2,1,0,6,5,4,0,0,1,1,1,1,1,0,0,1,1,1,0,0,0,0,0,1,1,0,0,0,0,0,0,0,0,0,0,0,1.9586445335874647,0.28824571766095686,0.5245126993502658,-0.2892957931351316,-0.022839141563299855,-0.13046698031015852,0.30404965493293984,0.9756499848083685,0.6978601501801294,-0.44271996184943535,2.5625,0.3125,0.5,-0.9375,0.1875,-0.5,0.3125,1.5,0.5625,-0.5625
1,1,0,0,-0.021752982795368102,-0.8253968253968254,0.0002923462628091542,0,6,5,4,3,2,1,0,6,5,1,0,0,1,1,1,1,1,0,0,0,1,1,0,0,0,0,0,1,1,0,0,0,0,0,0,0,0,0,0,0.08811861439241149,1.9333639605346633,0.28824571766095686,0.5245126993502658,-0.2941086390584323,-0.04334378811639653,-0.12999696167368371,0.32458005989843314,0.9756499848083685,0.7017969783018664,-0.5625,2.5625,0.3125,0.5,-0.9375,0.1875,-0.5,0.3125,1.5,0.5625
2,1,0,0,-0.2854255015271033,0.06349206349206349,-0.24401879373913093,1,0,6,5,4,3,2,1,0,6,1,1,0,0,1,1,1,1,1,0,0,0,1,1,0,0,0,0,0,1,0,0,0,0,0,0,0,0,0,0,-0.027127058354203162,0.08698125177747149,1.9333639605346633,0.28824571766095686,0.519699853426965,-0.31342568391705866,-0.043187638352359,-0.10946655670819046,0.32458005989843314,0.9792556304597577,-0.8125,-0.5625,2.5625,0.3125,0.5,-0.9375,0.1875,-0.5,0.3125,1.5
3,1,0,0,0.06613785678187696,0.0,0.3242753115803885,2,1,0,6,5,4,3,2,1,0,1,1,1,0,0,1,1,1,1,1,0,0,0,1,1,0,0,0,0,0,0,0,0,0,0,0,0,0,0,0,-0.2930786108463908,-0.02677692459145503,0.08698125177747149,1.9333639605346633,0.28343287173765613,0.4968200034849277,-0.3122965406484656,-0.022657233386865747,-0.10946655670819046,0.32896191446469986,0.0625,-0.8125,-0.5625,2.5625,0.3125,0.5,-0.9375,0.1875,-0.5,0.3125
4,1,0,0,0.23313045197864257,-0.06349206349206349,0.32656108947707274,3,2,1,0,6,5,4,3,2,1,1,1,1,1,0,0,1,1,1,1,0,0,0,0,1,1,0,0,0,0,0,0,0,0,0,0,0,0,0,0,0.061523459143192724,-0.2892957931351316,-0.02677692459145503,0.08698125177747149,1.9285511146113625,0.2615873845617704,0.49503016623985424,-0.2917661356829724,-0.022657233386865747,-0.10456722953200531,0.0,0.0625,-0.8125,-0.5625,2.5625,0.3125,0.5,-0.9375,0.1875,-0.5
5,0,1,0,1.1384060996242666,0.31746031746031744,1.3385735156158516,4,3,2,1,0,6,5,4,3,2,1,1,1,1,1,0,0,1,1,1,0,0,0,0,0,1,1,0,0,0,0,0,0,0,0,0,0,0,0,0,0.2299594423882449,0.060729364923103824,-0.2892957931351316,-0.02677692459145503,0.08216840585417078,1.8995033978044955,0.2606449932722775,0.5155605712053475,-0.2917661356829724,-0.017861400732664273,-0.0625,0.0,0.0625,-0.8125,-0.5625,2.5625,0.3125,0.5,-0.9375,0.1875
6,0,1,0,1.3053986948210323,1.6507936507936507,2.0190887527866477,5,4,3,2,1,0,6,5,4,3,0,1,1,1,1,1,0,0,1,1,1,0,0,0,0,0,1,1,0,0,0,0,0,0,0,0,0,0,0,0,1.1430597726114224,0.22699131500076566,0.060729364923103824,-0.2892957931351316,-0.03158977051475574,0.061204042516117836,1.8926602717131822,0.28117539823777077,0.5155605712053475,-0.2866494700106215,0.3125,-0.0625,0.0,0.0625,-0.8125,-0.5625,2.5625,0.3125,0.5,-0.9375
0,1,0,0,-0.40847267693524636,-0.5079365079365079,-0.488613388694184,6,5,4,3,2,1,0,6,5,4,0,0,1,1,1,1,1,0,0,1,1,1,0,0,0,0,0,1,1,0,0,0,0,0,0,0,0,0,0,0,1.3114957558564746,1.128306097000722,0.22699131500076566,0.060729364923103824,-0.2941086390584323,-0.05205610733577273,0.06098354963323066,1.9131906766786753,0.28117539823777077,0.5197147378232502,1.625,0.3125,-0.0625,0.0,0.0625,-0.8125,-0.5625,2.5625,0.3125,0.5
1,1,0,0,0.07492694073960146,-0.06349206349206349,0.20398869487754756,0,6,5,4,3,2,1,0,6,5,1,0,0,1,1,1,1,1,0,0,0,1,1,0,0,0,0,0,1,1,0,0,0,0,0,0,0,0,0,0,-0.41718933534274505,1.2945680470783838,1.128306097000722,0.22699131500076566,0.055916518999803114,-0.31342568391705866,-0.051868570684491466,0.08151395459872392,1.9131906766786753,0.2856090000650294,-0.5,1.625,0.3125,-0.0625,0.0,0.0625,-0.8125,-0.5625,2.5625,0.3125
2,1,0,0,0.11887236052822399,-0.19047619047619047,0.1440417066442179,1,0,6,5,4,3,2,1,0,6,1,1,0,0,1,1,1,1,1,0,0,0,1,1,0,0,0,0,0,1,0,0,0,0,0,0,0,0,0,0,0.07038851089293231,-0.411804598455514,1.2945680470783838,1.128306097000722,0.22217846907746494,0.03506708485798925,-0.3122965406484656,-0.031338165718998216,0.08151395459872392,1.915678581492641,-0.0625,-0.5,1.625,0.3125,-0.0625,0.0,0.0625,-0.8125,-0.5625,2.5625
3,1,0,0,-0.1448001582035112,-0.4444444444444444,-0.13272306940102893,2,1,0,6,5,4,3,2,1,0,1,1,1,0,0,1,1,1,1,1,0,0,0,1,1,0,0,0,0,0,0,0,0,0,0,0,0,0,0,0,0.11471376964163026,0.0694799938745597,-0.411804598455514,1.2945680470783838,1.123493251077421,0.20060115002613702,0.034940752636833244,-0.2917661356829724,-0.031338165718998216,0.08618559382654498,-0.1875,-0.0625,-0.5,1.625,0.3125,-0.0625,0.0,0.0625,-0.8125,-0.5625
4,1,0,0,0.14523961240139752,-0.4444444444444444,0.1954430793023914,3,2,1,0,6,5,4,3,2,1,1,1,1,1,0,0,1,1,1,1,0,0,0,0,1,1,0,0,0,0,0,0,0,0,0,0,0,0,0,0,-0.1512377828505574,0.11323313863183913,0.0694799938745597,-0.411804598455514,1.2897552011550828,1.0979700296218853,0.1998784669473502,0.0554711576023265,-0.2917661356829724,-0.026531983612598377,-0.4375,-0.1875,-0.0625,-0.5,1.625,0.3125,-0.0625,0.0,0.0625,-0.8125
5,0,1,0,-0.2502691656962053,-1.0793650793650793,-0.29481591299035464,4,3,2,1,0,6,5,4,3,2,1,1,1,1,1,0,0,1,1,1,0,0,0,0,0,1,1,0,0,0,0,0,0,0,0,0,0,0,0,0,0.141308924890849,-0.14928572991183742,0.11323313863183913,0.0694799938745597,-0.4166174443788147,1.2635040947900331,1.0940144971569947,0.22040887191284345,0.0554711576023265,-0.2866494700106215,-0.4375,-0.4375,-0.1875,-0.0625,-0.5,1.625,0.3125,-0.0625,0.0,0.0625
6,0,1,0,1.61301663334139,2.3492063492063493,2.407048603544236,5,4,3,2,1,0,6,5,4,3,0,1,1,1,1,1,0,0,1,1,1,0,0,0,0,0,1,1,0,0,0,0,0,0,0,0,0,0,0,0,-0.25761840384743245,0.1394850254862068,-0.14928572991183742,0.11323313863183913,0.064667147951259,-0.43539815298832546,1.2589522114675118,1.1145449021224878,0.22040887191284345,0.06017384518674266,-1.0625,-0.4375,-0.4375,-0.1875,-0.0625,-0.5,1.625,0.3125,-0.0625,0.0
0,1,0,0,-0.46999626463931793,-0.6349206349206349,-0.529969715310044,6,5,4,3,2,1,0,6,5,4,0,0,1,1,1,1,1,0,0,1,1,1,0,0,0,0,0,1,1,0,0,0,0,0,0,0,0,0,0,0,1.6217725670973602,-0.25429327732930807,0.1394850254862068,-0.14928572991183742,0.10842029270853842,0.04377940407736544,-0.4338295932983202,1.2794826164330049,1.1145449021224878,0.22491491990549065,2.3125,-1.0625,-0.4375,-0.4375,-0.1875,-0.0625,-0.5,1.625,0.3125,-0.0625
1,1,0,0,0.41770121509085717,-0.7619047619047619,0.22000514451179018,0,6,5,4,3,2,1,0,6,5,1,0,0,1,1,1,1,1,0,0,0,1,1,0,0,0,0,0,1,1,0,0,0,0,0,0,0,0,0,0,-0.47924469759092214,1.6008400603793398,-0.25429327732930807,0.1394850254862068,-0.15409857583513814,0.08734100017424644,0.04362168496896572,-0.41329918833282697,1.2794826164330049,1.1179849565387032,-0.625,2.3125,-1.0625,-0.4375,-0.4375,-0.1875,-0.0625,-0.5,1.625,0.3125
2,1,0,0,-0.2766364175693788,-0.6984126984126984,-0.28895440598626987,1,0,6,5,4,3,2,1,0,6,1,1,0,0,1,1,1,1,1,0,0,0,1,1,0,0,0,0,0,1,0,0,0,0,0,0,0,0,0,0,0.4161255291327763,-0.4730590011157052,1.6008400603793398,-0.25429327732930807,0.13467217956290609,-0.1740285764070395,0.08702634662962808,0.06415208993445896,-0.41329918833282697,1.2827260312574513,-0.75,-0.625,2.3125,-1.0625,-0.4375,-0.4375,-0.1875,-0.0625,-0.5,1.625
3,1,0,0,-0.46999626463931793,-0.8253968253968254,-0.4776116377285656,2,1,0,6,5,4,3,2,1,0,1,1,1,0,0,1,1,1,1,1,0,0,0,1,1,0,0,0,0,0,0,0,0,0,0,0,0,0,0,0,-0.28421355909665125,0.41075452298133924,-0.4730590011157052,1.6008400603793398,-0.2591061232526088,0.11347795783237502,-0.17340162333434608,0.10755675159512133,0.06415208993445896,-0.408037630329699,-0.6875,-0.75,-0.625,2.3125,-1.0625,-0.4375,-0.4375,-0.1875,-0.0625,-0.5
4,1,0,0,0.4001230471754082,0.25396825396825395,0.4669104130306767,3,2,1,0,6,5,4,3,2,1,1,1,1,1,0,0,1,1,1,1,0,0,0,0,1,1,0,0,0,0,0,0,0,0,0,0,0,0,0,0,-0.47924469759092214,-0.2805451641836757,0.41075452298133924,-0.4730590011157052,1.5960272144560388,-0.2785764070395539,0.11306914362602549,-0.1528712183688528,0.10755675159512133,0.06884442806667676,-0.8125,-0.6875,-0.75,-0.625,2.3125,-1.0625,-0.4375,-0.4375,-0.1875,-0.0625
5,0,1,0,-0.06569840258399064,0.0,0.11536758852654727,4,3,2,1,0,6,5,4,3,2,1,1,1,1,1,0,0,1,1,1,0,0,0,0,0,1,1,0,0,0,0,0,0,0,0,0,0,0,0,0,0.3983954256332971,-0.4730590011157052,-0.2805451641836757,0.41075452298133924,-0.4778718470390059,1.5684352674682,-0.2775728113199357,0.13359954859151874,-0.1528712183688528,0.11219734246634729,0.25,-0.8125,-0.6875,-0.75,-0.625,2.3125,-1.0625,-0.4375,-0.4375,-0.1875
6,0,1,0,5.4186899870361005,2.5396825396825395,7.163516964663357,5,4,3,2,1,0,6,5,4,3,0,1,1,1,1,1,0,0,1,1,1,0,0,0,0,0,1,1,0,0,0,0,0,0,0,0,0,0,0,0,-0.0714523171029011,0.3932532650784275,-0.4730590011157052,-0.2805451641836757,0.4059416770580385,-0.4963843875239588,1.5627848430921483,-0.2570424063544425,0.13359954859151874,-0.14792014393167582,0.0,0.25,-0.8125,-0.6875,-0.75,-0.625,2.3125,-1.0625,-0.4375,-0.4375
0,1,0,0,-0.04812023466854162,0.12698412698412698,0.14753705831196529,6,5,4,3,2,1,0,6,5,4,0,0,1,1,1,1,1,0,0,1,1,1,0,0,0,0,0,1,1,0,0,0,0,0,0,0,0,0,0,0,5.460339974734603,-0.07053006934873446,0.3932532650784275,-0.4730590011157052,-0.2853580101069764,0.3835598536330372,-0.4945961196232475,1.5833152480576413,-0.2570424063544425,0.1382090911061496,2.5,0.0,0.25,-0.8125,-0.6875,-0.75,-0.625,2.3125,-1.0625,-0.4375
1,1,0,0,-0.2766364175693788,-0.7619047619047619,-0.3980689142297143,0,6,5,4,3,2,1,0,6,5,1,0,0,1,1,1,1,1,0,0,0,1,1,0,0,0,0,0,1,1,0,0,0,0,0,0,0,0,0,0,-0.05372221360342193,5.389862396359739,-0.07053006934873446,0.3932532650784275,-0.4778718470390059,-0.30471336469768245,0.3821780459221321,-0.47406571465775427,1.5833152480576413,-0.2519671384908851,0.125,2.5,0.0,0.25,-0.8125,-0.6875,-0.75,-0.625,2.3125,-1.0625
2,1,0,0,-0.10085473841488865,-0.06349206349206349,-0.05207924610940739,1,0,6,5,4,3,2,1,0,6,1,1,0,0,1,1,1,1,1,0,0,0,1,1,0,0,0,0,0,1,0,0,0,0,0,0,0,0,0,0,-0.28421355909665125,-0.053028811445822686,5.389862396359739,-0.07053006934873446,0.3884404191551268,-0.4963843875239588,-0.30361560831633316,0.40270845088762536,-0.47406571465775427,1.586196432055145,-0.75,0.125,2.5,0.0,0.25,-0.8125,-0.6875,-0.75,-0.625,2.3125
3,1,0,0,1.1911406033706138,-0.19047619047619047,1.0773311880381298,2,1,0,6,5,4,3,2,1,0,1,1,1,0,0,1,1,1,1,1,0,0,0,1,1,0,0,0,0,0,0,0,0,0,0,0,0,0,0,0,-0.10691252410185946,-0.2805451641836757,-0.053028811445822686,5.389862396359739,-0.07534291527203517,0.36613521519428477,-0.4945961196232475,-0.28308520335083986,0.40270845088762536,-0.4687317104892377,-0.0625,-0.75,0.125,2.5,0.0,0.25,-0.8125,-0.6875,-0.75,-0.625
4,1,0,0,-0.3117927534002768,0.19047619047619047,-0.31030919796207623,3,2,1,0,6,5,4,3,2,1,1,1,1,1,0,0,1,1,1,1,0,0,0,0,1,1,0,0,0,0,0,0,0,0,0,0,0,0,0,0,1.1962500831098601,-0.105532585154558,-0.2805451641836757,-0.053028811445822686,5.385049550436437,-0.09561770343265372,0.3648161812578672,-0.47406571465775427,-0.28308520335083986,0.4069971603841068,-0.1875,-0.0625,-0.75,0.125,2.5,0.0,0.25,-0.8125,-0.6875,-0.75
5,0,1,0,0.9450462525543275,0.6349206349206349,1.305396126963279,4,3,2,1,0,6,5,4,3,2,1,1,1,1,1,0,0,1,1,1,0,0,0,0,0,1,1,0,0,0,0,0,0,0,0,0,0,0,0,0,-0.3196737660956096,1.1808098707094572,-0.105532585154558,-0.2805451641836757,-0.057841657369123396,5.340869489458093,-0.09527323234515382,0.38534658622336043,-0.47406571465775427,-0.2779788871306874,0.1875,-0.1875,-0.0625,-0.75,0.125,2.5,0.0,0.25,-0.8125,-0.6875
6,0,1,0,2.641339456395157,2.0317460317460316,3.4161283200928394,5,4,3,2,1,0,6,5,4,3,0,1,1,1,1,1,0,0,1,1,1,0,0,0,0,0,1,1,0,0,0,0,0,0,0,0,0,0,0,0,0.9480286341171515,-0.31554767998949923,1.1808098707094572,-0.105532585154558,-0.2853580101069764,-0.07819306499390133,5.321628542905509,-0.07474282737966058,0.38534658622336043,-0.4687317104892377,0.625,0.1875,-0.1875,-0.0625,-0.75,0.125,2.5,0.0,0.25,-0.8125
0,1,0,0,-0.4260508448506954,-0.6349206349206349,-0.45340735882133953,6,5,4,3,2,1,0,6,5,4,0,0,1,1,1,1,1,0,0,1,1,1,0,0,0,0,0,1,1,0,0,0,0,0,0,0,0,0,0,0,2.6589836218168923,0.9357922600686924,-0.31554767998949923,1.1808098707094572,-0.11034543107785871,-0.30471336469768245,-0.07791136768088888,5.342158947871002,-0.07474282737966058,0.3896559946242386,2.0,0.625,0.1875,-0.1875,-0.0625,-0.75,0.125,2.5,0.0,0.25
1,1,0,0,-0.1623783261189602,-0.6349206349206349,-0.04897866859216869,0,6,5,4,3,2,1,0,6,5,1,0,0,1,1,1,1,1,0,0,0,1,1,0,0,0,0,0,1,1,0,0,0,0,0,0,0,0,0,0,-0.4349194388422242,2.6246636476996783,0.9357922600686924,-0.31554767998949923,1.1759970247861564,-0.13046698031015852,-0.30361560831633316,-0.05738096271539563,5.342158947871002,-0.0698848980122689,-0.625,2.0,0.625,0.1875,-0.1875,-0.0625,-0.75,0.125,2.5,0.0
2,1,0,0,0.6550064819494189,-0.6349206349206349,0.7471904572773903,1,0,6,5,4,3,2,1,0,6,1,1,0,0,1,1,1,1,1,0,0,0,1,1,0,0,0,0,0,1,0,0,0,0,0,0,0,0,0,0,-0.16896788635003657,-0.4293058563584258,2.6246636476996783,0.9357922600686924,-0.32036052591279995,1.1502439449381425,-0.12999696167368371,-0.28308520335083986,-0.05738096271539563,5.3405588190666125,-0.625,-0.625,2.0,0.625,0.1875,-0.1875,-0.0625,-0.75,0.125,2.5
3,1,0,0,-0.3645272571466238,-0.7619047619047619,-0.3511281338199014,2,1,0,6,5,4,3,2,1,0,1,1,1,0,0,1,1,1,1,1,0,0,0,1,1,0,0,0,0,0,0,0,0,0,0,0,0,0,0,0,0.6554819263757451,-0.1667869878147492,-0.4293058563584258,2.6246636476996783,0.9309794141453916,-0.3395626415751873,1.1461000911497896,-0.10946655670819046,-0.28308520335083986,-0.052543732252400686,-0.625,-0.625,-0.625,2.0,0.625,0.1875,-0.1875,-0.0625,-0.75,0.125
4,1,0,0,-0.13601107424578668,-0.31746031746031744,0.0770097671926143,3,2,1,0,6,5,4,3,2,1,1,1,1,1,0,0,1,1,1,1,0,0,0,0,1,1,0,0,0,0,0,0,0,0,0,0,0,0,0,0,-0.37286407659404713,0.6470215046706481,-0.1667869878147492,-0.4293058563584258,2.6198508017763773,0.906299006795609,-0.338339337644863,1.1666304961152827,-0.10946655670819046,-0.2779788871306874,-0.75,-0.625,-0.625,-0.625,2.0,0.625,0.1875,-0.1875,-0.0625,-0.75
5,0,1,0,1.16477335149744,1.2063492063492063,1.5203001492761985,4,3,2,1,0,6,5,4,3,2,1,1,1,1,1,0,0,1,1,1,0,0,0,0,0,1,1,0,0,0,0,0,0,0,0,0,0,0,0,0,-0.1423727311008178,-0.36805145369823455,0.6470215046706481,-0.1667869878147492,-0.4341187022817265,2.587776616135215,0.9030339858500804,-0.31780893267936977,1.1666304961152827,-0.10456722953200531,-0.3125,-0.75,-0.625,-0.625,-0.625,2.0,0.625,0.1875,-0.1875,-0.0625
6,0,1,0,2.746808463887851,4.380952380952381,3.729991552366658,5,4,3,2,1,0,6,5,4,3,0,1,1,1,1,1,0,0,1,1,1,0,0,0,0,0,1,1,0,0,0,0,0,0,0,0,0,0,0,0,1.1696549278606412,-0.14053510096038155,-0.36805145369823455,0.6470215046706481,-0.1715998337380499,-0.4528227914270778,2.578453925951647,0.9235643908155736,-0.31780893267936977,1.170008453818308,1.1875,-0.3125,-0.75,-0.625,-0.625,-0.625,2.0,0.625,0.1875,-0.1875
0,0,0,1,1.3757113664828284,2.984126984126984,2.639999139321221,6,5,4,3,2,1,0,6,5,4,0,0,1,1,1,1,1,0,0,1,1,1,0,0,0,0,0,1,1,0,0,0,0,0,0,0,0,0,0,0,2.7653642428137672,1.1545579838550895,-0.14053510096038155,-0.36805145369823455,0.6422086587473474,-0.1914532148457919,-0.45119145796258514,2.5989843309171405,0.9235643908155736,-0.3126612186504238,4.3125,1.1875,-0.3125,-0.75,-0.625,-0.625,-0.625,2.0,0.625,0.1875
1,1,0,0,-0.012963898837643597,-0.5079365079365079,0.18700736031507956,0,6,5,4,3,2,1,0,6,5,0,0,0,1,1,1,1,1,0,0,0,1,1,0,0,0,0,0,1,1,1,0,0,0,0,0,0,0,0,0,1.3824161698543913,2.729671195117149,1.1545579838550895,-0.14053510096038155,-0.3728642996215353,0.6187924725561945,-0.190763487998611,-0.4306610529970919,2.5989843309171405,0.9272321331801531,2.9375,4.3125,1.1875,-0.3125,-0.75,-0.625,-0.625,-0.625,2.0,0.625
2,1,0,0,-0.04812023466854162,-0.25396825396825395,0.05055634258465216,1,0,6,5,4,3,2,1,0,6,1,0,0,0,1,1,1,1,1,0,0,0,1,1,0,0,0,0,0,1,0,1,0,0,0,0,0,0,0,0,-0.018262006604463574,1.3645730786900307,2.729671195117149,1.1545579838550895,-0.14534794688368224,-0.3918365568914445,0.6165632188897089,-0.17023308303311777,-0.4306610529970919,2.600654629007435,-0.5,2.9375,4.3125,1.1875,-0.3125,-0.75,-0.625,-0.625,-0.625,2.0
3,1,0,0,-0.35573817318889933,0.06349206349206349,-0.25523891527088666,2,1,0,6,5,4,3,2,1,0,1,1,0,0,0,1,1,1,1,1,0,0,0,1,1,0,0,0,0,0,0,0,1,0,0,0,0,0,0,0,-0.05372221360342193,-0.018026295639999145,1.3645730786900307,2.729671195117149,1.1497451379317887,-0.1653162571876633,-0.39042493163765785,0.6370936238552021,-0.17023308303311777,-0.42537879608956713,-0.25,-0.5,2.9375,4.3125,1.1875,-0.3125,-0.75,-0.625,-0.625,-0.625
4,1,0,0,0.18918503219002003,-0.5714285714285714,0.09281246974176169,3,2,1,0,6,5,4,3,2,1,1,1,1,0,0,0,1,1,1,1,0,0,0,0,1,1,0,0,0,0,0,0,0,1,0,0,0,0,0,0,-0.3639990248443075,-0.053028811445822686,-0.018026295639999145,1.3645730786900307,2.7248583491938483,1.124106987280014,-0.1647206910022136,-0.3698945266721646,0.6370936238552021,-0.16526130969154404,0.0625,-0.25,-0.5,2.9375,4.3125,1.1875,-0.3125,-0.75,-0.625,-0.625
5,0,1,0,1.402078618356002,1.2063492063492063,1.955776581659522,4,3,2,1,0,6,5,4,3,2,1,1,1,1,0,0,0,1,1,1,0,0,0,0,0,1,1,0,0,0,0,0,0,0,1,0,0,0,0,0,0.18563418363954695,-0.35930082474677866,-0.053028811445822686,-0.018026295639999145,1.35976023276673,2.692324446767729,1.1200572941533922,-0.14419028603672035,-0.3698945266721646,0.6411028981423276,-0.5625,0.0625,-0.25,-0.5,2.9375,4.3125,1.1875,-0.3125,-0.75,-0.625
6,0,1,0,1.648172969172288,2.6031746031746033,2.555598559856786,5,4,3,2,1,0,6,5,4,3,0,1,1,1,1,0,0,0,1,1,1,0,0,0,0,0,1,1,0,0,0,0,0,0,0,1,0,0,0,0,1.4090113251036103,0.18323817024348624,-0.35930082474677866,-0.053028811445822686,-0.022839141563299855,1.3332026485450428,2.682625113937237,1.1405876991188852,-0.14419028603672035,-0.36468471593002844,1.1875,-0.5625,0.0625,-0.25,-0.5,2.9375,4.3125,1.1875,-0.3125,-0.75
0,1,0,0,1.5163367098064204,0.25396825396825395,1.9268787581898965,6,5,4,3,2,1,0,6,5,4,0,0,1,1,1,1,0,0,0,1,1,1,0,0,0,0,0,1,1,0,0,0,0,0,0,0,1,0,0,0,1.6572327740963186,1.3908249655443985,0.18323817024348624,-0.35930082474677866,-0.057841657369123396,-0.04334378811639653,1.3283996701245715,2.7031555189027303,1.1405876991188852,-0.13924956105174172,2.5625,1.1875,-0.5625,0.0625,-0.25,-0.5,2.9375,4.3125,1.1875,-0.3125
1,1,0,0,-0.03054206675309261,-0.6984126984126984,-0.01521160828054785,0,6,5,4,3,2,1,0,6,5,1,0,0,1,1,1,1,0,0,0,0,1,1,0,0,0,0,0,1,1,0,0,0,0,0,0,0,1,0,0,1.5242569978502247,1.6358425761851632,1.3908249655443985,0.18323817024348624,-0.3641136706700794,-0.07819306499390133,-0.043187638352359,1.3489300750900646,2.7031555189027303,1.1439967051785056,0.25,2.5625,1.1875,-0.5625,0.0625,-0.25,-0.5,2.9375,4.3125,1.1875
2,1,0,0,3.3796225088440153,-0.25396825396825395,3.655660558959297,1,0,6,5,4,3,2,1,0,6,1,1,0,0,1,1,1,1,0,0,0,0,1,1,0,0,0,0,0,1,0,0,0,0,0,0,0,0,1,0,-0.03599211010394275,1.5045831419133249,1.6358425761851632,1.3908249655443985,0.1784253243201855,-0.38312423767206827,-0.07791136768088888,-0.022657233386865747,1.3489300750900646,2.704701623566644,-0.6875,0.25,2.5625,1.1875,-0.5625,0.0625,-0.25,-0.5,2.9375,4.3125
3,1,0,0,0.23313045197864257,-0.5714285714285714,0.04448322240979922,2,1,0,6,5,4,3,2,1,0,1,1,1,0,0,1,1,1,1,0,0,0,0,1,1,0,0,0,0,0,0,0,0,0,0,0,0,0,0,1,3.4036479687950174,-0.035527553542910914,1.5045831419133249,1.6358425761851632,1.3860121196210977,0.157039553929256,-0.3817439993055254,-0.05738096271539563,-0.022657233386865747,1.3520906942969242,-0.25,-0.6875,0.25,2.5625,1.1875,-0.5625,0.0625,-0.25,-0.5,2.9375
4,1,0,0,0.4880138867526532,0.8253968253968254,0.6624025723625908,3,2,1,0,6,5,4,3,2,1,1,1,1,1,0,0,1,1,1,1,0,0,0,0,1,1,0,0,0,0,0,0,0,0,0,0,0,0,0,0,0.2299594423882449,3.3597164796219725,-0.035527553542910914,1.5045831419133249,1.6310297302618624,1.3593396062031713,0.15647380528668786,-0.36121359434003214,-0.05738096271539563,-0.017861400732664273,-0.5625,-0.25,-0.6875,0.25,2.5625,1.1875,-0.5625,0.0625,-0.25,-0.5
5,0,1,0,0.760475489442113,0.06349206349206349,0.8322369014781535,4,3,2,1,0,6,5,4,3,2,1,1,1,1,1,0,0,1,1,1,0,0,0,0,0,1,1,0,0,0,0,0,0,0,0,0,0,0,0,0,0.487045943130693,0.22699131500076566,3.3597164796219725,-0.035527553542910914,1.499770295990024,1.6032845443457049,1.354442467120969,0.1770042102521811,-0.36121359434003214,-0.052543732252400686,0.8125,-0.5625,-0.25,-0.6875,0.25,2.5625,1.1875,-0.5625,0.0625,-0.25
6,0,1,0,2.0788380831007887,3.873015873015873,2.626302610212896,5,4,3,2,1,0,6,5,4,3,0,1,1,1,1,1,0,0,1,1,1,0,0,0,0,0,1,1,0,0,0,0,0,0,0,0,0,0,0,0,0.7618625473726202,0.48075955459298636,0.22699131500076566,3.3597164796219725,-0.04034039946621163,1.4725997560550619,1.5975085724206781,1.374972872086462,0.1770042102521811,-0.35601413305009433,0.0625,0.8125,-0.5625,-0.25,-0.6875,0.25,2.5625,1.1875,-0.5625,0.0625
0,1,0,0,0.760475489442113,0.06349206349206349,1.124875154897729,6,5,4,3,2,1,0,6,5,4,0,0,1,1,1,1,1,0,0,1,1,1,0,0,0,0,0,1,1,0,0,0,0,0,0,0,0,0,0,0,2.0916203098335586,0.7520290520881188,0.48075955459298636,0.22699131500076566,3.354903633698672,-0.06076842655514893,1.4672945874386911,1.6180389773861712,1.374972872086462,0.1815620055058201,3.8125,0.0625,0.8125,-0.5625,-0.25,-0.6875,0.25,2.5625,1.1875,-0.5625
1,1,0,0,0.2594977038518161,-0.6349206349206349,0.42336006683419675,0,6,5,4,3,2,1,0,6,5,1,0,0,1,1,1,1,1,0,0,0,1,1,0,0,0,0,0,1,1,0,0,0,0,0,0,0,0,0,0,0.7618625473726202,2.064623394806502,0.7520290520881188,0.48075955459298636,0.22217846907746494,3.3196114305628157,-0.06054950301662394,1.4878249924041842,1.6180389773861712,1.3781024429367263,0.0625,3.8125,0.0625,0.8125,-0.5625,-0.25,-0.6875,0.25,2.5625,1.1875
2,1,0,0,1.4636022060600733,-1.0793650793650793,2.027080617593928,1,0,6,5,4,3,2,1,0,6,1,1,0,0,1,1,1,1,1,0,0,0,1,1,0,0,0,0,0,1,0,0,0,0,0,0,0,0,0,0,0.2565545976374637,0.7520290520881188,2.064623394806502,0.7520290520881188,0.47594670866968564,0.20060115002613702,3.3076522418507746,-0.040019098051130686,1.4878249924041842,1.6208787635748814,-0.625,0.0625,3.8125,0.0625,0.8125,-0.5625,-0.25,-0.6875,0.25,2.5625
3,1,0,0,-0.05690931862626612,-1.1428571428571428,-0.13716018859179172,2,1,0,6,5,4,3,2,1,0,1,1,1,0,0,1,1,1,1,1,0,0,0,1,1,0,0,0,0,0,0,0,0,0,0,0,0,0,0,0,1.4710666873517872,0.2532432018551333,0.7520290520881188,2.064623394806502,0.7472162061648181,0.45325840738804674,0.1998784669473502,3.328182646816268,-0.040019098051130686,1.4908200203758697,-1.0625,-0.625,0.0625,3.8125,0.0625,0.8125,-0.5625,-0.25,-0.6875,0.25
4,1,0,0,0.16281778031684652,0.06349206349206349,0.24559077729340886,3,2,1,0,6,5,4,3,2,1,1,1,1,1,0,0,1,1,1,1,0,0,0,0,1,1,0,0,0,0,0,0,0,0,0,0,0,0,0,0,-0.06258726535316152,1.4520793682045896,0.2532432018551333,0.7520290520881188,2.059810548883201,0.7233403031887089,0.45162550457919187,0.22040887191284345,3.328182646816268,-0.035202566492532485,-1.125,-1.0625,-0.625,0.0625,3.8125,0.0625,0.8125,-0.5625,-0.25,-0.6875
5,0,1,0,2.131572586847136,0.19047619047619047,2.8526063585134334,4,3,2,1,0,6,5,4,3,2,1,1,1,1,1,0,0,1,1,1,0,0,0,0,0,1,1,0,0,0,0,0,0,0,0,0,0,0,0,0,0.15903902839032819,-0.06177944039727857,1.4520793682045896,0.2532432018551333,0.7472162061648181,2.0301881860951387,0.7207344068752985,0.4721559095446851,0.22040887191284345,3.3289835909219,0.0625,-1.125,-1.0625,-0.625,0.0625,3.8125,0.0625,0.8125,-0.5625,-0.25
6,0,1,0,3.7663422029838936,2.984126984126984,5.583962282352964,5,4,3,2,1,0,6,5,4,3,0,1,1,1,1,1,0,0,1,1,1,0,0,0,0,0,1,1,0,0,0,0,0,0,0,0,0,0,0,0,2.144810620331996,0.15698628338911857,-0.06177944039727857,1.4520793682045896,0.2484303559318326,0.7233403031887089,2.0228742566951694,0.7412648118407917,0.4721559095446851,0.22491491990549065,0.1875,0.0625,-1.125,-1.0625,-0.625,0.0625,3.8125,0.0625,0.8125,-0.5625
0,1,0,0,2.2809870141284523,0.8253968253968254,3.0870335630047543,6,5,4,3,2,1,0,6,5,4,0,0,1,1,1,1,1,0,0,1,1,1,0,0,0,0,0,1,1,0,0,0,0,0,0,0,0,0,0,0,3.7937102457835596,2.117127168515237,0.15698628338911857,-0.06177944039727857,1.4472665222812888,0.2267381076842656,0.7207344068752985,2.0434046616606625,0.7412648118407917,0.47636182342357963,2.9375,0.1875,0.0625,-1.125,-1.0625,-0.625,0.0625,3.8125,0.0625,0.8125
1,1,0,0,2.1579398387203095,1.4603174603174602,3.668042241189757,0,6,5,4,3,2,1,0,6,5,1,0,0,1,1,1,1,1,0,0,0,1,1,0,0,0,0,0,1,1,0,0,0,0,0,0,0,0,0,0,2.295516500077569,3.7447441534860317,2.117127168515237,0.15698628338911857,-0.06659228632057929,1.4203258407388046,0.22592126394374762,0.7412648118407917,2.0434046616606625,0.7451498927015369,0.8125,2.9375,0.1875,0.0625,-1.125,-1.0625,-0.625,0.0625,3.8125,0.0625
2,1,0,0,1.041726176089297,0.0,1.1867302181918509,1,0,6,5,4,3,2,1,0,6,1,1,0,0,1,1,1,1,1,0,0,0,1,1,0,0,0,0,0,1,0,0,0,0,0,0,0,0,0,0,2.171405775581215,2.265887860689987,3.7447441534860317,2.117127168515237,0.15217343746581785,-0.08690538421327752,1.4152089934458962,0.24645166890924086,0.7412648118407917,2.0457373246916526,1.4375,0.8125,2.9375,0.1875,0.0625,-1.125,-1.0625,-0.625,0.0625,3.8125
3,0,0,1,1.024148008173848,1.0793650793650793,1.5561161229941984,2,1,0,6,5,4,3,2,1,0,1,1,1,0,0,1,1,1,1,1,0,0,0,1,1,0,0,0,0,0,0,0,0,0,0,0,0,0,0,0,1.045544203364287,2.143379055369605,2.265887860689987,3.7447441534860317,2.1123143225919363,0.13090259627112744,-0.08659230001302136,1.4357393984113893,0.24645166890924086,0.7451498927015369,0.0,1.4375,0.8125,2.9375,0.1875,0.0625,-1.125,-1.0625,-0.625,0.0625
4,0,0,1,1.2526641910746852,3.5555555555555554,1.839421702104315,3,2,1,0,6,5,4,3,2,1,0,1,1,1,0,0,1,1,1,1,0,0,0,0,1,1,0,0,0,0,1,0,0,0,0,0,0,0,0,0,1.0278140998648078,1.0320491785347072,2.143379055369605,2.265887860689987,3.7399313075627307,2.0824621014113958,0.13043100829029045,-0.0660618950475281,1.4357393984113893,0.25092666854529294,1.0625,0.0,1.4375,0.8125,2.9375,0.1875,0.0625,-1.125,-1.0625,-0.625
5,0,1,0,2.447979609325218,2.1587301587301586,3.4352040915673308,4,3,2,1,0,6,5,4,3,2,0,0,1,1,1,0,0,1,1,1,0,0,0,0,0,1,1,0,0,0,1,1,0,0,0,0,0,0,0,0,1.2583054453580371,1.0145479206317953,1.0320491785347072,2.143379055369605,2.261075014766686,3.7029534762153684,2.074959850687964,0.1509614132557837,-0.0660618950475281,1.4387965230962652,3.5,1.0625,0.0,1.4375,0.8125,2.9375,0.1875,0.0625,-1.125,-1.0625
6,0,1,0,0.6725846498648679,2.4126984126984126,1.3139847764773644,5,4,3,2,1,0,6,5,4,3,0,0,0,1,1,1,0,0,1,1,1,0,0,0,0,0,1,1,0,0,0,1,1,0,0,0,0,0,0,0,2.463952483322621,1.2420642733696483,1.0145479206317953,1.0320491785347072,2.138566209446304,2.230571528140791,3.6896132644646036,2.0954902556534574,0.1509614132557837,-0.061214315132334794,2.125,3.5,1.0625,0.0,1.4375,0.8125,2.9375,0.1875,0.0625,-1.125
0,1,0,0,-0.04812023466854162,-0.06349206349206349,-0.0002923462628091542,6,5,4,3,2,1,0,6,5,4,0,0,0,0,1,1,1,0,0,1,1,1,0,0,0,0,0,1,1,0,0,0,1,1,0,0,0,0,0,0,0.6732120298752243,2.432149810767649,1.2420642733696483,1.0145479206317953,1.0272363326114065,2.1085990590695243,2.2225357003342157,3.710143669430097,2.0954902556534574,0.1555502568660178,2.375,2.125,3.5,1.0625,0.0,1.4375,0.8125,2.9375,0.1875,0.0625
1,1,0,0,-0.3293709213157258,-0.38095238095238093,-0.31103259491895435,0,6,5,4,3,2,1,0,6,5,1,0,0,0,0,1,1,1,0,0,0,1,1,0,0,0,0,0,1,1,0,0,0,1,1,0,0,0,0,0,-0.05372221360342193,0.6645227625735599,2.432149810767649,1.2420642733696483,1.0097350747084946,1.002134518208747,2.1010026476843615,2.243066105299709,3.710143669430097,2.097760821971257,-0.0625,2.375,2.125,3.5,1.0625,0.0,1.4375,0.8125,2.9375,0.1875
2,1,0,0,0.7956318252730109,0.12698412698412698,1.0154451829862654,1,0,6,5,4,3,2,1,0,6,1,1,0,0,0,0,1,1,1,0,0,0,1,1,0,0,0,0,0,1,0,0,0,0,1,1,0,0,0,0,-0.3374038695950888,-0.053028811445822686,0.6645227625735599,2.432149810767649,1.2372514274463475,0.9847098797699948,0.9985242415035376,2.1215330526498546,2.243066105299709,3.7104892376390004,-0.375,-0.0625,2.375,2.125,3.5,1.0625,0.0,1.4375,0.8125,2.9375
3,1,0,0,0.6901628177803169,-0.12698412698412698,0.9568649668794268,2,1,0,6,5,4,3,2,1,0,1,1,1,0,0,0,0,1,1,1,0,0,0,1,1,0,0,0,0,0,0,0,0,0,0,1,1,0,0,0,0.7973227543715785,-0.333048937892411,-0.053028811445822686,0.6645227625735599,2.427336964844348,1.2112301794737759,0.9811623768392727,1.0190546464690309,2.1215330526498546,2.2451607309301367,0.125,-0.375,-0.0625,2.375,2.125,3.5,1.0625,0.0,1.4375,0.8125
4,1,0,0,0.2682867878095406,-0.5079365079365079,0.17806839319896609,3,2,1,0,6,5,4,3,2,1,1,1,1,1,0,0,0,0,1,1,0,0,0,0,1,1,0,0,0,0,0,0,0,0,0,0,1,1,0,0,0.6909421333747034,0.7870315678939424,-0.333048937892411,-0.053028811445822686,0.6597099166502592,2.396105593308939,1.206866617474717,1.0016927818047658,1.0190546464690309,2.1237725706110595,-0.125,0.125,-0.375,-0.0625,2.375,2.125,3.5,1.0625,0.0,1.4375
5,0,1,0,1.6393838852145635,0.06349206349206349,1.7634010042022996,4,3,2,1,0,6,5,4,3,2,1,1,1,1,1,0,0,0,0,1,0,0,0,0,0,1,1,0,0,0,0,0,0,0,0,0,0,1,1,0,0.26541964938720325,0.6820240204764717,0.7870315678939424,-0.333048937892411,-0.057841657369123396,0.6362171109949469,2.3874734146447327,1.22739702244021,1.0016927818047658,1.0226085448594282,-0.5,-0.125,0.125,-0.375,-0.0625,2.375,2.125,3.5,1.0625,0.0
6,0,1,0,1.1120388477510932,3.5555555555555554,1.9426597659433853,5,4,3,2,1,0,6,5,4,3,0,1,1,1,1,1,0,0,0,0,1,0,0,0,0,0,1,1,0,0,0,0,0,0,0,0,0,0,1,1,1.6483677223465791,0.2619938308065892,0.6820240204764717,0.7870315678939424,-0.33786178381571175,-0.07819306499390133,0.6339250835539738,2.4080038196102262,1.22739702244021,1.0052673790995599,0.0625,-0.5,-0.125,0.125,-0.375,-0.0625,2.375,2.125,3.5,1.0625
0,1,0,0,-0.012963898837643597,-1.0158730158730158,0.13507286472752536,6,5,4,3,2,1,0,6,5,4,0,0,1,1,1,1,1,0,0,0,1,1,0,0,0,0,0,1,1,0,0,0,0,0,0,0,0,0,0,1,1.1164646173622037,1.6270919472337073,0.2619938308065892,0.6820240204764717,0.7822187219706416,-0.35698728001393965,-0.07791136768088888,0.654455488519467,2.4080038196102262,1.2307025339778468,3.5,0.0625,-0.5,-0.125,0.125,-0.375,-0.0625,2.375,2.125,3.5
1,1,0,0,-0.3293709213157258,-0.38095238095238093,-0.2785028492646487,0,6,5,4,3,2,1,0,6,5,1,0,0,1,1,1,1,1,0,0,0,1,1,0,0,0,0,0,1,1,0,0,0,0,0,0,0,0,0,0,-0.018262006604463574,1.1020542101463542,1.6270919472337073,0.2619938308065892,0.677211174553171,0.7581895800662136,-0.355701202309128,-0.05738096271539563,0.654455488519467,2.409901805648885,-1.0,3.5,0.0625,-0.5,-0.125,0.125,-0.375,-0.0625,2.375,2.125
2,1,0,0,-0.645777943793808,-1.3968253968253967,-0.7114324548986093,1,0,6,5,4,3,2,1,0,6,1,1,0,0,1,1,1,1,1,0,0,0,1,1,0,0,0,0,0,1,0,0,0,0,0,0,0,0,0,0,-0.3374038695950888,-0.018026295639999145,1.1020542101463542,1.6270919472337073,0.2571809848832885,0.6536417494336993,0.7554581362038284,-0.3351707973436347,-0.05738096271539563,0.6584440639021958,-0.375,-1.0,3.5,0.0625,-0.5,-0.125,0.125,-0.375,-0.0625,2.375
3,0,0,1,0.38254487925995917,0.12698412698412698,0.4268031376009308,2,1,0,6,5,4,3,2,1,0,1,1,1,0,0,1,1,1,1,1,0,0,0,1,1,0,0,0,0,0,0,0,0,0,0,0,0,0,0,0,-0.6565457325857139,-0.333048937892411,-0.018026295639999145,1.1020542101463542,1.6222791013104065,0.2354504269036418,0.6512869482182387,0.7759885411693216,-0.3351707973436347,-0.052543732252400686,-1.375,-0.375,-1.0,3.5,0.0625,-0.5,-0.125,0.125,-0.375,-0.0625
4,1,0,0,0.3122322075981631,-0.4444444444444444,0.20053317627723885,3,2,1,0,6,5,4,3,2,1,0,1,1,1,0,0,1,1,1,1,0,0,0,0,1,1,0,0,0,0,1,0,0,0,0,0,0,0,0,0,0.38066532213381793,-0.6480715801448229,-0.333048937892411,-0.018026295639999145,1.0972413642230534,1.5945722251263286,0.23460219627588008,0.6718173531837319,0.7759885411693216,-0.330002384410292,0.125,-1.375,-0.375,-1.0,3.5,0.0625,-0.5,-0.125,0.125,-0.375
5,0,1,0,-0.21511282986530722,-1.0158730158730158,-0.28111511605337525,4,3,2,1,0,6,5,4,3,2,1,0,1,1,1,0,0,1,1,1,0,0,0,0,0,1,1,0,0,0,0,1,0,0,0,0,0,0,0,0,0.3097449081359012,0.3757520071755157,-0.6480715801448229,-0.333048937892411,-0.022839141563299855,1.0718330719637568,1.5888276400885457,0.2551326012413733,0.6718173531837319,0.7798322242212733,-0.4375,0.125,-1.375,-0.375,-1.0,3.5,0.0625,-0.5,-0.125,0.125
6,0,1,0,0.4880138867526532,0.5079365079365079,0.804837085866134,5,4,3,2,1,0,6,5,4,3,0,1,0,1,1,1,0,0,1,1,1,0,0,0,0,0,1,1,0,0,0,0,1,0,0,0,0,0,0,0,-0.2221581968484741,0.30574697556386865,0.3757520071755157,-0.6480715801448229,-0.33786178381571175,-0.04334378811639653,1.0679717001605973,1.6093580450540388,0.2551326012413733,0.675785229662064,-1.0,-0.4375,0.125,-1.375,-0.375,-1.0,3.5,0.0625,-0.5,-0.125
0,1,0,0,-0.4348399288084199,-0.8888888888888888,-0.4949536038123091,6,5,4,3,2,1,0,6,5,4,0,0,1,0,1,1,1,0,0,1,1,1,0,0,0,0,0,1,1,0,0,0,0,1,0,0,0,0,0,0,0.487045943130693,-0.2192907615234845,0.30574697556386865,0.3757520071755157,-0.6528844260681236,-0.35698728001393965,-0.043187638352359,1.0885021051260906,1.6093580450540388,0.25959725142522705,0.5,-1.0,-0.4375,0.125,-1.375,-0.375,-1.0,3.5,0.0625,-0.5
1,1,0,0,-0.20632374590758273,-0.8253968253968254,-0.12642695517899674,0,6,5,4,3,2,1,0,6,5,1,0,0,1,0,1,1,1,0,0,0,1,1,0,0,0,0,0,1,1,0,0,0,0,1,0,0,0,0,0,-0.4437844905919638,0.48075955459298636,-0.2192907615234845,0.30574697556386865,0.370939161252215,-0.6706307719114828,-0.355701202309128,-0.022657233386865747,1.0885021051260906,1.6122081806949473,-0.875,0.5,-1.0,-0.4375,0.125,-1.375,-0.375,-1.0,3.5,0.0625
2,1,0,0,-0.61062160796291,-1.4603174603174602,-0.6804583327887406,1,0,6,5,4,3,2,1,0,6,1,1,0,0,1,0,1,1,1,0,0,0,1,1,0,0,0,0,0,1,0,0,0,0,0,1,0,0,0,0,-0.2132931450987345,-0.43805648530988167,0.48075955459298636,-0.2192907615234845,0.3009341296405679,0.34871057675553235,-0.6682147662658969,-0.3351707973436347,-0.022657233386865747,1.091973207898901,-0.8125,-0.875,0.5,-1.0,-0.4375,0.125,-1.375,-0.375,-1.0,3.5
3,1,0,0,-0.1623783261189602,-0.6984126984126984,-0.22318503251151847,2,1,0,6,5,4,3,2,1,0,1,1,1,0,0,1,0,1,1,1,0,0,0,1,1,0,0,0,0,0,0,0,0,0,0,0,1,0,0,0,-0.6210855255867556,-0.21054013257202864,-0.43805648530988167,0.48075955459298636,-0.22410360744678523,0.2790120230005228,0.3474543165936022,-0.6476843613004037,-0.3351707973436347,-0.017861400732664273,-1.4375,-0.8125,-0.875,0.5,-1.0,-0.4375,0.125,-1.375,-0.375,-1.0
4,1,0,0,0.33859945947133663,0.38095238095238093,0.619181204624868,3,2,1,0,6,5,4,3,2,1,1,1,1,1,0,0,1,0,1,1,0,0,0,0,1,1,0,0,0,0,0,0,0,0,0,0,0,1,0,0,-0.16896788635003657,-0.6130690643389993,-0.21054013257202864,-0.43805648530988167,0.47594670866968564,-0.24372713016204908,0.27800685793654245,0.36798472155909545,-0.6476843613004037,-0.330002384410292,-0.6875,-1.4375,-0.8125,-0.875,0.5,-1.0,-0.4375,0.125,-1.375,-0.375
5,0,1,0,0.2770758717672651,1.9047619047619047,0.35902148291574854,4,3,2,1,0,6,5,4,3,2,1,1,1,1,1,0,0,1,0,1,0,0,0,0,0,1,1,0,0,0,0,0,0,0,0,0,0,0,1,0,0.33634006338511996,-0.1667869878147492,-0.6130690643389993,-0.21054013257202864,-0.44286933123318234,0.45325840738804674,-0.24284908199140584,0.2985372629020357,0.36798472155909545,-0.6421433680879197,0.375,-0.6875,-1.4375,-0.8125,-0.875,0.5,-1.0,-0.4375,0.125,-1.375
6,0,1,0,1.718485640834084,2.984126984126984,2.5460112384376297,5,4,3,2,1,0,6,5,4,3,0,1,1,1,1,1,0,0,1,0,1,0,0,0,0,0,1,1,0,0,0,0,0,0,0,0,0,0,0,1,0.27428470113694287,0.3319988624182363,-0.1667869878147492,-0.6130690643389993,-0.21535297849532933,-0.461535110646454,0.45162550457919187,-0.2223186770259126,0.2985372629020357,0.3723148288643704,1.875,0.375,-0.6875,-1.4375,-0.8125,-0.875,0.5,-1.0,-0.4375,0.125
0,1,0,0,-0.4875744325547669,-0.12698412698412698,-0.5075632592233779,6,5,4,3,2,1,0,6,5,4,0,0,1,1,1,1,1,0,0,1,1,1,0,0,0,0,0,1,1,0,0,0,0,0,0,0,0,0,0,0,1.7281531880942353,0.27074445975804506,0.3319988624182363,-0.1667869878147492,-0.6178819102623001,-0.23501481094267287,-0.4598723902947176,0.4721559095446851,-0.2223186770259126,0.3029501658248976,2.9375,1.875,0.375,-0.6875,-1.4375,-0.8125,-0.875,0.5,-1.0,-0.4375
1,1,0,0,-0.6545670277515325,-1.4603174603174602,-0.70589032373881,0,6,5,4,3,2,1,0,6,5,1,0,0,1,1,1,1,1,0,0,0,1,1,0,0,0,0,0,1,1,0,0,0,0,0,0,0,0,0,0,-0.4969748010904013,1.7058476077968103,0.27074445975804506,0.3319988624182363,-0.1715998337380499,-0.635781495033978,-0.23416814965927338,-0.43934198532922436,0.4721559095446851,-0.21728480697114866,-0.125,2.9375,1.875,0.375,-0.6875,-1.4375,-0.8125,-0.875,0.5,-1.0
2,1,0,0,-0.21511282986530722,-1.6507936507936507,-0.14913713840488305,1,0,6,5,4,3,2,1,0,6,1,1,0,0,1,1,1,1,1,0,0,0,1,1,0,0,0,0,0,1,0,0,0,0,0,0,0,0,0,0,-0.6654107843354535,-0.490560259018617,1.7058476077968103,0.27074445975804506,0.32718601649493556,-0.1914532148457919,-0.6334910369373671,-0.2136377446937801,-0.43934198532922436,0.47636182342357963,-1.4375,-0.125,2.9375,1.875,0.375,-0.6875,-1.4375,-0.8125,-0.875,0.5
3,1,0,0,0.06613785678187696,-1.2698412698412698,-0.04753578685467875,2,1,0,6,5,4,3,2,1,0,1,1,1,0,0,1,1,1,1,1,0,0,0,1,1,0,0,0,0,0,0,0,0,0,0,0,0,0,0,0,-0.2221581968484741,-0.6568222090962788,-0.490560259018617,1.7058476077968103,0.2659316138347444,0.30514898065865137,-0.190763487998611,-0.6129606319718738,-0.2136377446937801,-0.43404937896950124,-1.625,-1.4375,-0.125,2.9375,1.875,0.375,-0.6875,-1.4375,-0.8125,-0.875
4,1,0,0,-0.628199775878359,-1.2698412698412698,-0.6969314400889771,3,2,1,0,6,5,4,3,2,1,1,1,1,1,0,0,1,1,1,1,0,0,0,0,1,1,0,0,0,0,0,0,0,0,0,0,0,0,0,0,0.061523459143192724,-0.2192907615234845,-0.6568222090962788,-0.490560259018617,1.7010347618735095,0.244162746123018,0.30404965493293984,-0.17023308303311777,-0.6129606319718738,-0.20861422409121455,-1.25,-1.625,-1.4375,-0.125,2.9375,1.875,0.375,-0.6875,-1.4375,-0.8125
5,0,1,0,0.18039594823229554,-0.38095238095238093,0.08656721381119144,4,3,2,1,0,6,5,4,3,2,1,1,1,1,1,0,0,1,1,1,0,0,0,0,0,1,1,0,0,0,0,0,0,0,0,0,0,0,0,0,-0.6388156290862348,0.060729364923103824,-0.2192907615234845,-0.6568222090962788,-0.49537310494191766,1.6729830981007145,0.24328312860801257,0.32458005989843314,-0.17023308303311777,-0.6074610365681833,-1.25,-1.25,-1.625,-1.4375,-0.125,2.9375,1.875,0.375,-0.6875,-1.4375
6,0,1,0,-0.04812023466854162,0.31746031746031744,0.03193509486182771,5,4,3,2,1,0,6,5,4,3,0,1,1,1,1,1,0,0,1,1,1,0,0,0,0,0,1,1,0,0,0,0,0,0,0,0,0,0,0,0,0.17676913188980736,-0.6305703222419111,0.060729364923103824,-0.2192907615234845,-0.6616350550195795,-0.5138090259627113,1.6669560310777378,0.2638135335735058,0.32458005989843314,-0.16526130969154404,-0.375,-1.25,-1.25,-1.625,-1.4375,-0.125,2.9375,1.875,0.375,-0.6875
0,1,0,0,-0.540308936301114,-0.4444444444444444,-0.5967861294146131,6,5,4,3,2,1,0,6,5,4,0,0,1,1,1,1,1,0,0,1,1,1,0,0,0,0,0,1,1,0,0,0,0,0,0,0,0,0,0,0,-0.05372221360342193,0.17448754129203034,-0.6305703222419111,0.060729364923103824,-0.22410360744678523,-0.679343091130859,-0.5119579842875125,1.6874864360432311,0.2638135335735058,0.32896191446469986,0.3125,-0.375,-1.25,-1.25,-1.625,-1.4375,-0.125,2.9375,1.875,0.375
1,1,0,0,-0.49636351651249144,-1.0158730158730158,-0.5244307850217352,0,6,5,4,3,2,1,0,6,5,1,0,0,1,1,1,1,1,0,0,0,1,1,0,0,0,0,0,1,1,0,0,0,0,0,0,0,0,0,0,-0.5501651115888389,-0.053028811445822686,0.17448754129203034,-0.6305703222419111,0.055916518999803114,-0.24372713016204908,-0.6768956985980294,-0.4914275793220192,1.6874864360432311,0.26826783430516116,-0.4375,0.3125,-0.375,-1.25,-1.25,-1.625,-1.4375,-0.125,2.9375,1.875
2,1,0,0,-0.039331150710817116,-0.6349206349206349,-0.02278095805106759,1,0,6,5,4,3,2,1,0,6,1,1,0,0,1,1,1,1,1,0,0,0,1,1,0,0,0,0,0,1,0,0,0,0,0,0,0,0,0,0,-0.5058398528401409,-0.5430640327273523,-0.053028811445822686,0.17448754129203034,-0.6353831681652119,0.03506708485798925,-0.24284908199140584,-0.6563652936325362,-0.4914275793220192,1.6902434266143542,-1.0,-0.4375,0.3125,-0.375,-1.25,-1.25,-1.625,-1.4375,-0.125,2.9375
3,1,0,0,-0.5227307683856649,-1.3968253968253967,-0.5888252063650752,2,1,0,6,5,4,3,2,1,0,1,1,1,0,0,1,1,1,1,1,0,0,0,1,1,0,0,0,0,0,0,0,0,0,0,0,0,0,0,0,-0.04485716185368234,-0.49931088797007284,-0.5430640327273523,-0.053028811445822686,0.16967469536872962,-0.6532061334727304,0.034940752636833244,-0.2223186770259126,-0.6563652936325362,-0.4860728762491059,-0.625,-1.0,-0.4375,0.3125,-0.375,-1.25,-1.25,-1.625,-1.4375,-0.125
4,1,0,0,-0.7204851574344663,0.25396825396825395,-0.7987401369812954,3,2,1,0,6,5,4,3,2,1,1,1,1,1,0,0,1,1,1,1,0,0,0,0,1,1,0,0,0,0,0,0,0,0,0,0,0,0,0,0,-0.5324350080893597,-0.044278182494366804,-0.49931088797007284,-0.5430640327273523,-0.057841657369123396,0.14832723470987982,-0.650852901601632,0.0554711576023265,-0.2223186770259126,-0.6508139509678539,-1.375,-0.625,-1.0,-0.4375,0.3125,-0.375,-1.25,-1.25,-1.625,-1.4375
5,0,1,0,-0.263452791632792,0.25396825396825395,-0.544293615230529,4,3,2,1,0,6,5,4,3,2,1,1,1,1,1,0,0,1,1,1,0,0,0,0,0,1,1,0,0,0,0,0,0,0,0,0,0,0,0,0,-0.7318986724585005,-0.5255627748244405,-0.044278182494366804,-0.49931088797007284,-0.547876878650653,-0.07819306499390133,0.14779287295455537,-0.6303224966361387,0.0554711576023265,-0.21728480697114866,0.25,-1.375,-0.625,-1.0,-0.4375,0.3125,-0.375,-1.25,-1.25,-1.625
6,0,1,0,0.3834237876557316,0.25396825396825395,-0.24473614460541568,5,4,3,2,1,0,6,5,4,3,0,1,1,1,1,1,0,0,1,1,1,0,0,0,0,0,1,1,0,0,0,0,0,0,0,0,0,0,0,0,-0.2709159814720418,-0.7224519262321979,-0.5255627748244405,-0.044278182494366804,-0.5041237338933736,-0.5660829412789684,-0.07791136768088888,0.16832327792004864,-0.6303224966361387,0.06017384518674266,0.25,0.25,-1.375,-0.625,-1.0,-0.4375,0.3125,-0.375,-1.25,-1.25
0,1,0,0,1.131374832458087,2.7301587301587302,-0.029356970702334333,6,5,4,3,2,1,0,6,5,4,0,0,1,1,1,1,1,0,0,1,1,1,0,0,0,0,0,1,1,0,0,0,0,0,0,0,0,0,0,0,0.38155182730879184,-0.2674192207564919,-0.7224519262321979,-0.5255627748244405,-0.049091028417667514,-0.5225213451820874,-0.5640435782803073,-0.05738096271539563,0.16832327792004864,-0.6248022023280515,0.25,0.25,0.25,-1.375,-0.625,-1.0,-0.4375,0.3125,-0.375,-1.25
1,1,0,0,-0.6290786842741314,0.25396825396825395,-0.7565466046444468,0,6,5,4,3,2,1,0,6,5,1,0,0,1,1,1,1,1,0,0,0,1,1,0,0,0,0,0,1,1,0,0,0,0,0,0,0,0,0,0,1.1359677312116307,0.37662707007066126,-0.2674192207564919,-0.7224519262321979,-0.5303756207477412,-0.06948074577452514,-0.5206389166196449,-0.5435131733148141,-0.05738096271539563,0.172891422625886,2.6875,0.25,0.25,0.25,-1.375,-0.625,-1.0,-0.4375,0.3125,-0.375
2,1,0,0,-0.7222429742260112,-0.19047619047619047,-0.8006389650800035,1,0,6,5,4,3,2,1,0,6,1,1,0,0,1,1,1,1,1,0,0,0,1,1,0,0,0,0,0,1,0,0,0,0,0,0,0,0,0,0,-0.6397021342612087,1.121305593839557,0.37662707007066126,-0.2674192207564919,-0.7272647721554987,-0.548658302840216,-0.0692304353487564,-0.5001085116541517,-0.5435131733148141,-0.052543732252400686,0.25,2.6875,0.25,0.25,0.25,-1.375,-0.625,-1.0,-0.4375,0.3125
3,1,0,0,1.2966096108633078,-0.6984126984126984,0.05268883430217489,2,1,0,6,5,4,3,2,1,0,1,1,1,0,0,1,1,1,1,1,0,0,0,1,1,0,0,0,0,0,0,0,0,0,0,0,0,0,0,0,-0.7336716828084484,-0.6314453851370567,1.121305593839557,0.37662707007066126,-0.2722320666797926,-0.7446854852761805,-0.5466817136160423,-0.04870003038326316,-0.5001085116541517,-0.5380963735287105,-0.1875,0.25,2.6875,0.25,0.25,0.25,-1.375,-0.625,-1.0,-0.4375
4,1,0,0,-0.18435103601327146,0.12698412698412698,-0.49699967199958534,3,2,1,0,6,5,4,3,2,1,1,1,1,1,0,0,1,1,1,1,0,0,0,0,1,1,0,0,0,0,0,0,0,0,0,0,0,0,0,0,1.302630704106735,-0.7242020520224891,-0.6314453851370567,1.121305593839557,0.37181422414736054,-0.2916448858686182,-0.742002691089023,-0.526151308650549,-0.04870003038326316,-0.49474345912904,-0.6875,-0.1875,0.25,2.6875,0.25,0.25,0.25,-1.375,-0.625,-1.0
5,0,1,0,-0.7046648063105623,-0.9523809523809523,-0.7937492670226569,4,3,2,1,0,6,5,4,3,2,1,1,1,1,1,0,0,1,1,1,0,0,0,0,0,1,1,0,0,0,0,0,0,0,0,0,0,0,0,0,-0.19113051572438555,1.2858174181269277,-0.7242020520224891,-0.6314453851370567,1.1164927479162563,0.34958180867746996,-0.29059420981813444,-0.7214722861235298,-0.526151308650549,-0.043873149372466586,0.125,-0.6875,-0.1875,0.25,2.6875,0.25,0.25,0.25,-1.375,-0.625
6,0,1,0,1.1594999011228055,0.06349206349206349,0.5513650516580648,5,4,3,2,1,0,6,5,4,3,0,1,1,1,1,1,0,0,1,1,1,0,0,0,0,0,1,1,0,0,0,0,0,0,0,0,0,0,0,0,-0.7159415793089692,-0.18866356019338892,1.2858174181269277,-0.7242020520224891,-0.6362582310603574,1.0910001742463844,0.3483224098268154,-0.2700638048526412,-0.7214722861235298,-0.5207552077688423,-0.9375,0.125,-0.6875,-0.1875,0.25,2.6875,0.25,0.25,0.25,-1.375
0,0,0,1,1.5119421678275582,1.3968253968253967,0.6461282747471601,6,5,4,3,2,1,0,6,5,4,0,0,1,1,1,1,1,0,0,1,1,1,0,0,0,0,0,1,1,0,0,0,0,0,0,0,0,0,0,0,1.1643358968107975,-0.7067007941195773,-0.18866356019338892,1.2858174181269277,-0.7290148979457899,-0.654077365394668,1.0870697512912888,0.3688528147923087,-0.2700638048526412,-0.7158433225673596,0.0625,-0.9375,0.125,-0.6875,-0.1875,0.25,2.6875,0.25,0.25,0.25
1,1,0,0,0.21643119245896597,-0.8888888888888888,-0.22783803270170358,0,6,5,4,3,2,1,0,6,5,0,0,0,1,1,1,1,1,0,0,0,1,1,0,0,0,0,0,1,1,1,0,0,0,0,0,0,0,0,0,1.519824471975355,1.149307606484216,-0.7067007941195773,-0.18866356019338892,1.281004572203627,-0.7464279491200557,-0.6517209948348452,1.1076001562567819,0.3688528147923087,-0.2649730128107862,1.375,0.0625,-0.9375,0.125,-0.6875,-0.1875,0.25,2.6875,0.25,0.25
2,1,0,0,-0.6158950583375447,-1.0158730158730158,-0.7357284921218995,1,0,6,5,4,3,2,1,0,6,1,0,0,0,1,1,1,1,1,0,0,0,1,1,0,0,0,0,0,1,0,1,0,0,0,0,0,0,0,0,0.21311584406373962,1.500207827437597,1.149307606484216,-0.7067007941195773,-0.19347640611668962,1.254791775570657,-0.7437388775554494,-0.631190589869352,1.1076001562567819,0.3731818871523638,-0.875,1.375,0.0625,-0.9375,0.125,-0.6875,-0.1875,0.25,2.6875,0.25
3,1,0,0,0.07668475753114638,0.0,-0.2660571496043767,2,1,0,6,5,4,3,2,1,0,1,1,0,0,0,1,1,1,1,1,0,0,0,1,1,0,0,0,0,0,0,0,1,0,0,0,0,0,0,0,-0.6264045566365993,0.21036511999299942,1.500207827437597,1.149307606484216,-0.7115136400428781,-0.21323401289423238,1.2502712791353792,-0.7232084725899562,-0.631190589869352,1.111048490234756,-1.0,-0.875,1.375,0.0625,-0.9375,0.125,-0.6875,-0.1875,0.25,2.6875
4,1,0,0,1.16477335149744,0.4444444444444444,0.23745202804994817,3,2,1,0,6,5,4,3,2,1,1,1,1,0,0,0,1,1,1,1,0,0,0,0,1,1,0,0,0,0,0,0,0,1,0,0,0,0,0,0,0.07216152124288025,-0.6183194417098729,0.21036511999299942,1.500207827437597,1.1444947605609155,-0.7290033106813033,-0.2124658188289422,1.2708016841008725,-0.7232084725899562,-0.6256692606160449,0.0,-1.0,-0.875,1.375,0.0625,-0.9375,0.125,-0.6875,-0.1875,0.25
5,0,1,0,1.0883083210652371,1.0793650793650793,0.0814017185301207,4,3,2,1,0,6,5,4,3,2,1,1,1,1,0,0,0,1,1,1,0,0,0,0,0,1,1,0,0,0,0,0,0,0,1,0,0,0,0,0,1.1696549278606412,0.07123011966485092,-0.6183194417098729,0.21036511999299942,1.4953949815142962,1.1188795957483884,-0.7263770128911845,-0.19193541386344895,1.2708016841008725,-0.7175774391433465,0.4375,0.0,-1.0,-0.875,1.375,0.0625,-0.9375,0.125,-0.6875,-0.1875
6,0,1,0,1.9215134802575204,0.6349206349206349,0.9092438234516651,5,4,3,2,1,0,6,5,4,3,0,1,1,1,1,0,0,0,1,1,1,0,0,0,0,0,1,1,0,0,0,0,0,0,0,1,0,0,0,0,1.092528977637907,1.1545579838550895,0.07123011966485092,-0.6183194417098729,0.2055522740696987,1.4682435964453737,1.1148487347541127,-0.7058466079256913,-0.19193541386344895,1.2740554483775173,1.0625,0.4375,0.0,-1.0,-0.875,1.375,0.0625,-0.9375,0.125,-0.6875
0,1,0,0,2.849640746193228,3.111111111111111,1.1420047965059288,6,5,4,3,2,1,0,6,5,4,0,0,1,1,1,1,0,0,0,1,1,1,0,0,0,0,0,1,1,0,0,0,0,0,0,0,1,0,0,0,1.93293588351322,1.0784275119774234,1.1545579838550895,0.07123011966485092,-0.6231322876331735,0.18404774350932218,1.462954121272625,1.135379139719606,-0.7058466079256913,-0.1869377668913793,0.625,1.0625,0.4375,0.0,-1.0,-0.875,1.375,0.0625,-0.9375,0.125
1,1,0,0,5.280789259739403,-1.0793650793650793,0.28640544532257983,0,6,5,4,3,2,1,0,6,5,1,0,0,1,1,1,1,0,0,0,0,1,1,0,0,0,0,0,1,1,0,0,0,0,0,0,0,1,0,0,2.8690853482857204,1.9079871365754415,1.0784275119774234,1.1545579838550895,0.0664172737415502,-0.6410088865656036,0.18338469551629846,1.483484526238118,1.135379139719606,-0.7002362733834783,3.0625,0.625,1.0625,0.4375,0.0,-1.0,-0.875,1.375,0.0625,-0.9375
2,1,0,0,1.0874294126694644,-0.6349206349206349,-0.23518332146788054,1,0,6,5,4,3,2,1,0,6,1,1,0,0,1,1,1,1,0,0,0,0,1,1,0,0,0,0,0,1,0,0,0,0,0,0,0,0,1,0,5.321247312781188,2.8320535538491827,1.9079871365754415,1.0784275119774234,1.1497451379317887,0.04552186792124071,-0.6386995963366465,0.2039151004817917,1.483484526238118,1.1387943554505453,-1.0625,3.0625,0.625,1.0625,0.4375,0.0,-1.0,-0.875,1.375,0.0625
3,1,0,0,2.9496605216321328,2.0952380952380953,0.6787042552118857,2,1,0,6,5,4,3,2,1,0,1,1,1,0,0,1,1,1,1,0,0,0,0,1,1,0,0,0,0,0,0,0,0,0,0,0,0,0,0,1,1.0916424724629328,5.252565028111396,2.8320535538491827,1.9079871365754415,1.0736146660541228,1.124106987280014,0.04535787143539224,-0.6181691913711532,0.2039151004817917,1.4864847289359027,-0.625,-1.0625,3.0625,0.625,1.0625,0.4375,0.0,-1.0,-0.875,1.375
4,1,0,0,-0.7224187559051657,-1.2698412698412698,-0.8008836539228414,3,2,1,0,6,5,4,3,2,1,1,1,1,1,0,0,1,1,1,1,0,0,0,0,1,1,0,0,0,0,0,0,0,0,0,0,0,0,0,0,2.9699696371977566,1.0775524490822777,5.252565028111396,2.8320535538491827,1.9031742906521407,1.0483098100714412,1.1200572941533922,0.06588827640088549,-0.6181691913711532,0.20844081243361579,2.0625,-0.625,-1.0625,3.0625,0.625,1.0625,0.4375,0.0,-1.0,-0.875
5,0,1,0,-0.7150359253806771,-0.25396825396825395,-0.798967043204741,4,3,2,1,0,6,5,4,3,2,1,1,1,1,1,0,0,1,1,1,0,0,0,0,0,1,1,0,0,0,0,0,0,0,0,0,0,0,0,0,-0.7338489838434431,2.931635711316751,1.0775524490822777,5.252565028111396,2.8272407079258817,1.8742376720683047,1.0445331828638398,1.1405876991188852,0.06588827640088549,-0.6126633862961437,-1.25,2.0625,-0.625,-1.0625,3.0625,0.625,1.0625,0.4375,0.0,-1.0
6,0,1,0,-0.716090615455604,-1.6507936507936507,-0.7997519680247164,5,4,3,2,1,0,6,5,4,3,0,1,1,1,1,1,0,0,1,1,1,0,0,0,0,0,1,1,0,0,0,0,0,0,0,0,0,0,0,0,-0.7264023403736618,-0.7243770646015182,2.931635711316751,1.0775524490822777,5.247752182188094,2.7942585816344314,1.8674855679499982,1.065063587829333,1.1405876991188852,0.07057854464266361,-0.25,-1.25,2.0625,-0.625,-1.0625,3.0625,0.625,1.0625,0.4375,0.0
0,1,0,0,-0.47377557074113946,-0.8888888888888888,-0.7538294204013057,6,5,4,3,2,1,0,6,5,4,0,0,1,1,1,1,1,0,0,1,1,1,0,0,0,0,0,1,1,0,0,0,0,0,0,0,0,0,0,0,-0.7274661465836306,-0.7170265362822953,-0.7243770646015182,2.931635711316751,1.0727396031589769,5.20417320090608,2.7841920222231873,1.8880159729154913,1.065063587829333,1.1439967051785056,-1.625,-0.25,-1.25,2.0625,-0.625,-1.0625,3.0625,0.625,1.0625,0.4375
1,1,0,0,0.2590582496539299,-1.3968253968253967,-0.5813148948909379,0,6,5,4,3,2,1,0,6,5,1,0,0,1,1,1,1,1,0,0,0,1,1,0,0,0,0,0,1,1,0,0,0,0,0,0,0,0,0,0,-0.4830566698433102,-0.71807661175647,-0.7170265362822953,-0.7243770646015182,2.92682286539345,1.0474385781495033,5.185424714614349,2.80472242718868,1.8880159729154913,1.068562634123079,-0.875,-1.625,-0.25,-1.25,2.0625,-0.625,-1.0625,3.0625,0.625,1.0625
2,1,0,0,1.5718837204192393,0.5079365079365079,-0.22399734256535803,1,0,6,5,4,3,2,1,0,6,1,1,0,0,1,1,1,1,1,0,0,0,1,1,0,0,0,0,0,1,0,0,0,0,0,0,0,0,0,0,0.25611134504997674,-0.47682177156483124,-0.71807661175647,-0.7170265362822953,-0.729189910524819,2.893404774350932,1.0436650896306263,5.205955119579842,2.80472242718868,1.8905338911408323,-1.375,-0.875,-1.625,-0.25,-1.25,2.0625,-0.625,-1.0625,3.0625,0.625
3,1,0,0,5.747577508734151,1.7142857142857142,0.7392000150796613,2,1,0,6,5,4,3,2,1,0,1,1,1,0,0,1,1,1,1,1,0,0,0,1,1,0,0,0,0,0,0,0,0,0,0,0,0,0,0,0,1.5802841249085788,0.2528056704075605,-0.47682177156483124,-0.71807661175647,-0.721839382205596,-0.7466021955044432,2.8829810321628546,1.0641954945961196,5.205955119579842,2.806147443261873,0.5,-1.375,-0.875,-1.625,-0.25,-1.25,2.0625,-0.625,-1.0625,3.0625
4,1,0,0,4.679703807870624,-0.12698412698412698,0.6493120749231547,3,2,1,0,6,5,4,3,2,1,1,1,1,1,0,0,1,1,1,1,0,0,0,0,1,1,0,0,0,0,0,0,0,0,0,0,0,0,0,0,5.7920702112098565,1.559887116886526,0.2528056704075605,-0.47682177156483124,-0.7228894576797708,-0.7392838473601672,-0.7439124962020921,2.9035114371283477,1.0641954945961196,5.204517373680446,1.6875,0.5,-1.375,-0.875,-1.625,-0.25,-1.25,2.0625,-0.625,-1.0625
5,0,1,0,0.2497418206587419,-0.6984126984126984,-0.5135126123672605,4,3,2,1,0,6,5,4,3,2,1,1,1,1,1,0,0,1,1,1,0,0,0,0,0,1,1,0,0,0,0,0,0,0,0,0,0,0,0,0,4.714966423616497,5.717310931723216,1.559887116886526,0.2528056704075605,-0.4816346174881319,-0.7403293256664923,-0.7366205130431008,-0.7233820912365988,2.9035114371283477,1.0676955758350855,-0.125,1.6875,0.5,-1.375,-0.875,-1.625,-0.25,-1.25,2.0625,-0.625
6,0,1,0,-0.6596646964470128,-0.8253968253968254,-0.7849767452240553,5,4,3,2,1,0,6,5,4,3,0,1,1,1,1,1,0,0,1,1,1,0,0,0,0,0,1,1,0,0,0,0,0,0,0,0,0,0,0,0,0.24671439019525274,4.654109514121327,5.717310931723216,1.559887116886526,0.24799282448425983,-0.5001306847882906,-0.7376622249229567,-0.7160901080776075,-0.7233820912365988,2.9048186764355233,-0.6875,-0.125,1.6875,0.5,-1.375,-0.875,-1.625,-0.25,-1.25,2.0625
0,0,0,1,0.8420381885697964,-0.25396825396825395,-0.23760851510060027,6,5,4,3,2,1,0,6,5,4,0,0,1,1,1,1,1,0,0,1,1,1,0,0,0,0,0,1,1,0,0,0,0,0,0,0,0,0,0,0,-0.6705525143503025,0.24353000371901729,4.654109514121327,5.717310931723216,1.5550742709632253,0.2263024917232968,-0.4983289205260645,-0.7171318199574634,-0.7160901080776075,-0.7177508508009451,-0.8125,-0.6875,-0.125,1.6875,0.5,-1.375,-0.875,-1.625,-0.25,-1.25
1,1,0,0,0.18118696578849078,-1.0158730158730158,-0.3480737911130826,0,6,5,4,3,2,1,0,6,5,0,0,0,1,1,1,1,1,0,0,0,1,1,0,0,0,0,0,1,1,1,0,0,0,0,0,0,0,0,0,0.8441302276102036,-0.6618975738881232,0.24353000371901729,4.654109514121327,5.712498085799917,1.5276616135215193,0.22548721732714103,-0.47779851556057124,-0.7171318199574634,-0.7104675611818004,-0.25,-0.8125,-0.6875,-0.125,1.6875,0.5,-1.375,-0.875,-1.625,-0.25
2,1,0,0,0.756520401661137,0.0,0.19663984958749214,1,0,6,5,4,3,2,1,0,6,1,0,0,0,1,1,1,1,1,0,0,0,1,1,0,0,0,0,0,1,0,1,0,0,0,0,0,0,0,0,0.17756698654728398,0.8332348887576294,-0.6618975738881232,0.24353000371901729,4.649296668198026,5.6668844746471505,1.5221580797777683,0.24601762229263427,-0.47779851556057124,-0.7115080311273926,-1.0,-0.25,-0.8125,-0.6875,-0.125,1.6875,0.5,-1.375,-0.875,-1.625
3,1,0,0,0.5934828942453473,3.873015873015873,0.2319376377764008,2,1,0,6,5,4,3,2,1,0,1,1,0,0,0,1,1,1,1,1,0,0,0,1,1,0,0,0,0,0,0,0,1,0,0,0,0,0,0,0,0.7578732740852375,0.1752750978976614,0.8332348887576294,-0.6618975738881232,0.23871715779571656,4.608337689492942,5.646469030773905,1.5426884847432614,0.24601762229263427,-0.47246006112760935,0.0,-1.0,-0.25,-0.8125,-0.6875,-0.125,1.6875,0.5,-1.375,-0.875
4,1,0,0,0.48300410889675033,2.0952380952380953,0.05687806377860923,3,2,1,0,6,5,4,3,2,1,1,1,1,0,0,0,1,1,1,1,0,0,0,0,1,1,0,0,0,0,0,0,0,1,0,0,0,0,0,0,0.593426564127568,0.7480912690599637,0.1752750978976614,0.8332348887576294,-0.6667104198114239,0.21706743335075804,4.59173575241981,5.666999435739398,1.5426884847432614,0.25049313940129625,3.8125,0.0,-1.0,-0.25,-0.8125,-0.6875,-0.125,1.6875,0.5,-1.375
5,0,1,0,0.35626551822636293,-0.06349206349206349,0.034758263516546775,4,3,2,1,0,6,5,4,3,2,1,1,1,1,0,0,0,1,1,1,0,0,0,0,0,1,1,0,0,0,0,0,0,0,1,0,0,0,0,0,0.4819928636333415,0.585767102010457,0.7480912690599637,0.1752750978976614,0.8284220428343287,-0.6843962362780972,0.21628542905508058,4.612266157385303,5.666999435739398,1.5456181041770534,2.0625,3.8125,0.0,-1.0,-0.25,-0.8125,-0.6875,-0.125,1.6875,0.5
6,0,1,0,2.4463975742128277,-0.06349206349206349,1.277522582370649,5,4,3,2,1,0,6,5,4,3,0,1,1,1,1,0,0,0,1,1,1,0,0,0,0,0,1,1,0,0,0,0,0,0,0,1,0,0,0,0,0.3541588174020966,0.47577169609065656,0.585767102010457,0.7480912690599637,0.17046225197436068,0.80419062554452,-0.6819306393506662,0.23681583402057382,4.612266157385303,5.665012030433745,-0.0625,2.0625,3.8125,0.0,-1.0,-0.25,-0.8125,-0.6875,-0.125,1.6875
0,0,0,1,0.2186284634483971,-0.38095238095238093,-0.0685509308000925,6,5,4,3,2,1,0,6,5,4,0,0,1,1,1,1,0,0,0,1,1,1,0,0,0,0,0,1,1,0,0,0,0,0,0,0,1,0,0,0,2.462356774007668,0.34958762661066267,0.47577169609065656,0.585767102010457,0.743278423136663,0.1491113434396237,0.8012934589174878,-0.661400234385173,0.23681583402057382,4.611536210521751,-0.0625,-0.0625,2.0625,3.8125,0.0,-1.0,-0.25,-0.8125,-0.6875,-0.125
1,1,0,0,0.6071059743798204,-0.38095238095238093,0.18036412936250998,0,6,5,4,3,2,1,0,6,5,0,0,0,1,1,1,1,0,0,0,0,1,1,0,0,0,0,0,1,1,1,0,0,0,0,0,0,1,0,0,0.21533210700117453,2.430574697556387,0.34958762661066267,0.47577169609065656,0.5809542560871562,0.7194197595399897,0.14857415686444733,0.8218238638829811,-0.661400234385173,0.2413023215485661,-0.375,-0.0625,-0.0625,2.0625,3.8125,0.0,-1.0,-0.25,-0.8125,-0.6875
2,1,0,0,-0.40592384258750625,-0.5079365079365079,-0.34319139513273705,1,0,6,5,4,3,2,1,0,6,1,0,0,0,1,1,1,1,0,0,0,0,1,1,0,0,0,0,0,1,0,1,0,0,0,0,0,0,1,0,0.6071673943396645,0.21255277723086338,2.430574697556387,0.34958762661066267,0.47095885016735584,0.5578062380205611,0.716827987325839,0.16910456182994058,0.8218238638829811,-0.6558428890382156,-0.375,-0.375,-0.0625,-0.0625,2.0625,3.8125,0.0,-1.0,-0.25,-0.8125
3,1,0,0,-0.2025444398057612,-0.38095238095238093,-0.10772924219278547,2,1,0,6,5,4,3,2,1,0,1,1,0,0,0,1,1,1,1,0,0,0,0,1,1,0,0,0,0,0,0,0,1,0,0,0,0,0,0,1,-0.41461847033532057,0.5993305768852137,0.21255277723086338,2.430574697556387,0.34477478068736195,0.44829238543300237,0.5557966925647816,0.7373583922913323,0.16910456182994058,0.8256129018273254,-0.5,-0.375,-0.375,-0.0625,-0.0625,2.0625,3.8125,0.0,-1.0,-0.25
4,1,0,0,-0.0978664498692623,0.6349206349206349,0.11391652678413687,3,2,1,0,6,5,4,3,2,1,1,1,1,0,0,0,1,1,1,1,0,0,0,0,1,1,0,0,0,0,0,0,0,1,0,0,0,0,0,0,-0.2094811728463465,-0.4092669160595918,0.5993305768852137,0.21255277723086338,2.425761851633086,0.32266074228959757,0.44667737314987643,0.5763270975302748,0.7373583922913323,0.1736717750850801,-0.375,-0.5,-0.375,-0.375,-0.0625,-0.0625,2.0625,3.8125,0.0,-1.0
5,0,1,0,-0.4598009272483575,0.9523809523809523,-0.4083611386815806,4,3,2,1,0,6,5,4,3,2,1,1,1,1,0,0,0,1,1,1,0,0,0,0,0,1,1,0,0,0,0,0,0,0,1,0,0,0,0,0,-0.10389840650694797,-0.2067773621229026,-0.4092669160595918,0.5993305768852137,0.2077399313075627,2.3945373758494513,0.32149832892052616,0.4672077781153697,0.5763270975302748,0.7412481304055666,0.625,-0.375,-0.5,-0.375,-0.375,-0.0625,-0.0625,2.0625,3.8125,0.0
6,0,1,0,0.474302915778603,3.9365079365079363,1.0744831237162615,5,4,3,2,1,0,6,5,4,3,0,1,1,1,1,0,0,0,1,1,1,0,0,0,0,0,1,1,0,0,0,0,0,0,0,1,0,0,0,0,-0.46896123756122426,-0.10255737131106298,-0.2067773621229026,-0.4092669160595918,0.594517730961913,0.18622582331416623,2.3859108468249492,0.34202873388601945,0.4672077781153697,0.5804088179827889,0.9375,0.625,-0.375,-0.5,-0.375,-0.375,-0.0625,-0.0625,2.0625,3.8125
0,1,0,0,0.0474171079519238,-0.12698412698412698,0.26457763567093867,6,5,4,3,2,1,0,6,5,4,0,0,1,1,1,1,0,0,0,1,1,1,0,0,0,0,0,1,1,0,0,0,0,0,0,0,1,0,0,0,0.4732164624010992,-0.4629082715320164,-0.10255737131106298,-0.2067773621229026,-0.41407976198289254,0.5713103328105943,0.1855549285993316,2.4064412517904423,0.34202873388601945,0.47141959118201726,3.875,0.9375,0.625,-0.375,-0.5,-0.375,-0.375,-0.0625,-0.0625,2.0625
1,1,0,0,-0.3657577289007053,0.12698412698412698,-0.2620635289412575,0,6,5,4,3,2,1,0,6,5,1,0,0,1,1,1,1,0,0,0,0,1,1,0,0,0,0,0,1,1,0,0,0,0,0,0,0,1,0,0,0.04264089891624744,0.46710857342871515,-0.4629082715320164,-0.10255737131106298,-0.21159020804620332,-0.43287158041470636,0.5692521376795869,0.20608533356482484,2.4064412517904423,0.34638978605336745,-0.125,3.875,0.9375,0.625,-0.375,-0.5,-0.375,-0.375,-0.0625,-0.0625
2,1,0,0,-0.23857968403243168,0.25396825396825395,-0.12845666335643208,1,0,6,5,4,3,2,1,0,6,1,1,0,0,1,1,1,1,0,0,0,0,1,1,0,0,0,0,0,1,0,0,0,0,0,0,0,0,1,0,-0.37410518383901065,0.04209052525650283,0.46710857342871515,-0.4629082715320164,-0.10737021723436369,-0.23126851367834111,-0.43131212292200183,0.5897825426450802,0.20608533356482484,2.4083411007304965,0.125,-0.125,3.875,0.9375,0.625,-0.375,-0.5,-0.375,-0.375,-0.0625
3,1,0,0,0.13337434905846948,0.12698412698412698,0.42400344200380957,2,1,0,6,5,4,3,2,1,0,1,1,1,0,0,1,1,1,1,0,0,0,0,1,1,0,0,0,0,0,0,0,0,0,0,0,0,0,0,1,-0.24582788502027883,-0.3692765417514384,0.04209052525650283,0.46710857342871515,-0.46772111745531714,-0.1275047917755706,-0.2304353487564564,-0.41078171795650853,0.5897825426450802,0.21060845815359933,0.25,0.125,-0.125,3.875,0.9375,0.625,-0.375,-0.5,-0.375,-0.375
4,1,0,0,-0.3902792731427566,-0.31746031746031744,-0.37095326487558344,3,2,1,0,6,5,4,3,2,1,1,1,1,1,0,0,1,1,1,1,0,0,0,0,1,1,0,0,0,0,0,0,0,0,0,0,0,0,0,0,0.12934110502870064,-0.24265494082387173,-0.3692765417514384,0.04209052525650283,0.4622957275054144,-0.48627809722948245,-0.12704544468075865,-0.20990494379096317,-0.41078171795650853,0.5938482214466868,0.125,0.25,0.125,-0.125,3.875,0.9375,0.625,-0.375,-0.5,-0.375
5,0,1,0,0.565357825580629,1.9047619047619047,1.325555571263536,4,3,2,1,0,6,5,4,3,2,1,1,1,1,1,0,0,1,1,1,0,0,0,0,0,1,1,0,0,0,0,0,0,0,0,0,0,0,0,0,-0.3988386782207841,0.1276716764017414,-0.24265494082387173,-0.3692765417514384,0.03727767933320212,0.43966718940581984,-0.4845262381179739,-0.1065150397152654,-0.20990494379096317,-0.40552316129451804,-0.3125,0.125,0.25,0.125,-0.125,3.875,0.9375,0.625,-0.375,-0.5
6,0,1,0,0.1985893520247852,3.4285714285714284,0.638732483341909,5,4,3,2,1,0,6,5,4,3,0,1,1,1,1,1,0,0,1,1,1,0,0,0,0,0,1,1,0,0,0,0,0,0,0,0,0,0,0,0,0.5650583985284015,-0.3936907965260003,0.1276716764017414,-0.24265494082387173,-0.3740893876747391,0.016509844920717984,0.4380832501410652,-0.4639958331524806,-0.1065150397152654,-0.2048858734528429,1.875,-0.3125,0.125,0.25,0.125,-0.125,3.875,0.9375,0.625,-0.375
0,1,0,0,-0.19507371844169535,1.0158730158730158,-0.00959443446691308,6,5,4,3,2,1,0,6,5,4,0,0,1,1,1,1,1,0,0,1,1,1,0,0,0,0,0,1,1,0,0,0,0,0,0,0,0,0,0,0,0.19511978901176827,0.5577650893657983,-0.3936907965260003,0.1276716764017414,-0.24746778674717246,-0.3930562815821571,0.01645036676939112,0.45861365510655844,-0.4639958331524806,-0.10161923135282769,3.375,1.875,-0.3125,0.125,0.25,0.125,-0.125,3.875,0.9375,0.625
1,1,0,0,-0.6551822636285732,-1.4603174603174602,-0.6919651101451,0,6,5,4,3,2,1,0,6,5,1,0,0,1,1,1,1,1,0,0,0,1,1,0,0,0,0,0,1,1,0,0,0,0,0,0,0,0,0,0,-0.20194587885906784,0.19260134322154396,0.5577650893657983,-0.3936907965260003,0.12285883047844069,-0.26698902247778356,-0.3916402621641564,0.03698077173488437,0.45861365510655844,-0.45867383434851416,1.0,3.375,1.875,-0.3125,0.125,0.25,0.125,-0.125,3.875,0.9375
2,1,0,0,-0.39441014260288715,-1.1428571428571428,-0.6923413903714407,1,0,6,5,4,3,2,1,0,6,1,1,0,0,1,1,1,1,1,0,0,0,1,1,0,0,0,0,0,1,0,0,0,0,0,0,0,0,0,0,-0.6660313379579352,-0.19933932751416508,0.19260134322154396,0.5577650893657983,-0.39850364244930103,0.1017163268862172,-0.26602717131819953,-0.3711098571986632,0.03698077173488437,0.4628357141308824,-1.4375,1.0,3.375,1.875,-0.3125,0.125,0.25,0.125,-0.125,3.875
3,1,0,0,0.07229021555228414,-0.9523809523809523,-0.6021603926473492,2,1,0,6,5,4,3,2,1,0,1,1,1,0,0,1,1,1,1,1,0,0,0,1,1,0,0,0,0,0,0,0,0,0,0,0,0,0,0,0,-0.4030052525431617,-0.6574347531228807,-0.19933932751416508,0.19260134322154396,0.5529522434424975,-0.41736365220421673,0.1013498849776467,-0.2454967663527063,-0.3711098571986632,0.04170550365248306,-1.125,-1.4375,1.0,3.375,1.875,-0.3125,0.125,0.25,0.125,-0.125
4,1,0,0,1.6472940607765154,-0.8253968253968254,0.19667399221672532,3,2,1,0,6,5,4,3,2,1,1,1,1,1,0,0,1,1,1,1,0,0,0,0,1,1,0,0,0,0,0,0,0,0,0,0,0,0,0,0,0.06772899536801046,-0.39780359213318456,-0.6574347531228807,-0.19933932751416508,0.18778849729824326,0.5299268165185573,-0.415860063370806,0.12188028994313996,-0.2454967663527063,-0.3658985975332192,-0.9375,-1.125,-1.4375,1.0,3.375,1.875,-0.3125,0.125,0.25,0.125
5,0,1,0,0.23963437410735866,0.25396825396825395,0.734563374899317,4,3,2,1,0,6,5,4,3,2,1,1,1,1,1,0,0,1,1,1,0,0,0,0,0,1,1,0,0,0,0,0,0,0,0,0,0,0,0,0,1.6563462689213444,0.06685480518912297,-0.39780359213318456,-0.6574347531228807,-0.2041521734374658,0.1663617354939885,0.5280177091019578,-0.39532965840531276,0.12188028994313996,-0.24043526326057274,-0.8125,-0.9375,-1.125,-1.4375,1.0,3.375,1.875,-0.3125,0.125,0.25
6,0,0,1,0.2667047526971501,3.8095238095238093,0.9036067331043109,5,4,3,2,1,0,6,5,4,3,0,1,1,1,1,1,0,0,1,1,1,0,0,0,0,0,1,1,0,0,0,0,0,0,0,0,0,0,0,0,0.23651958068305215,1.6349675132900174,0.06685480518912297,-0.39780359213318456,-0.6622475990461815,-0.22386304234187135,0.16576240288206953,0.548548114067451,-0.39532965840531276,0.1265038042182386,0.25,-0.8125,-0.9375,-1.125,-1.4375,1.0,3.375,1.875,-0.3125,0.125
0,1,0,0,-0.5277405462415679,0.0,-0.5400058700426614,6,5,4,3,2,1,0,6,5,4,0,0,1,1,1,1,1,0,0,1,0,1,0,0,0,0,0,1,1,0,1,0,0,0,0,0,0,0,0,0,0.2638239400722501,0.23346678042484295,1.6349675132900174,0.06685480518912297,-0.4026164380564853,-0.6799529534762152,-0.2230565562741438,0.18629280784756277,0.548548114067451,-0.39008952376823536,3.75,0.25,-0.8125,-0.9375,-1.125,-1.4375,1.0,3.375,1.875,-0.3125
1,1,0,0,-0.40785744105820565,-0.25396825396825395,-0.3209588530637275,0,6,5,4,3,2,1,0,6,5,1,0,0,1,1,1,1,1,0,0,0,0,1,0,0,0,0,0,1,1,0,1,0,0,0,0,0,0,0,0,-0.5374880875867113,0.2604187175953271,0.23346678042484295,1.6349675132900174,0.06204195926582226,-0.4214584422373235,-0.6775033638612786,-0.20252615130865054,0.18629280784756277,0.5526629527669998,0.0,3.75,0.25,-0.8125,-0.9375,-1.125,-1.4375,1.0,3.375,1.875
2,1,0,0,-0.5777504339610204,-0.38095238095238093,-0.5882088607769387,1,0,6,5,4,3,2,1,0,6,1,1,0,0,1,1,1,1,1,0,0,0,0,1,0,0,0,0,0,1,0,0,1,0,0,0,0,0,0,0,-0.4165687817202633,-0.5305506333267703,0.2604187175953271,0.23346678042484295,1.6301546673667167,0.04116570831155261,-0.41994010156690825,-0.6569729588957856,-0.20252615130865054,0.19083952918734956,-0.25,0.0,3.75,0.25,-0.8125,-0.9375,-1.125,-1.4375,1.0,3.375
3,1,0,0,0.1985893520247852,3.4285714285714284,0.638732483341909,2,1,0,6,5,4,3,2,1,0,1,1,1,0,0,1,1,1,1,1,0,0,0,0,1,0,0,0,0,0,0,0,0,1,0,0,0,0,0,0,-0.5879302320427295,-0.4111920544289121,-0.5305506333267703,0.2604187175953271,0.22865393450154226,1.602413312423767,0.041017405269326,-0.399409696601415,-0.6569729588957856,-0.1975158780048989,-0.375,-0.25,0.0,3.75,0.25,-0.8125,-0.9375,-1.125,-1.4375,1.0
4,1,0,0,-0.338775241150491,-0.19047619047619047,-0.31308364223966045,3,2,1,0,6,5,4,3,2,1,1,1,1,1,0,0,1,1,1,1,0,0,0,0,0,1,0,0,0,0,0,0,0,0,1,0,0,0,0,0,0.19511978901176827,-0.5803417120605544,-0.4111920544289121,-0.5305506333267703,0.25560587167202636,0.20704826624847536,1.5966404791874647,0.061547810234819256,-0.399409696601415,-0.6514208917694492,3.375,-0.375,-0.25,0.0,3.75,0.25,-0.8125,-0.9375,-1.125,-1.4375
5,0,1,0,0.8728878732614093,1.4603174603174602,1.737571038230231,4,3,2,1,0,6,5,4,3,2,1,1,1,1,1,0,0,1,1,1,0,0,0,0,0,0,1,0,0,0,0,0,0,0,0,1,0,0,0,0,-0.3468894749673101,0.19260134322154396,-0.5803417120605544,-0.4111920544289121,-0.5353634792500711,0.23388220944415403,0.2063023568731282,1.6171708841529577,0.061547810234819256,-0.39416469772180435,-0.1875,3.375,-0.375,-0.25,0.0,3.75,0.25,-0.8125,-0.9375,-1.125
6,0,1,0,0.9225461976225527,4.0,1.6212684395760375,5,4,3,2,1,0,6,5,4,3,0,1,1,1,1,1,0,0,1,1,1,0,0,0,0,0,0,1,0,0,0,0,0,0,0,0,1,0,0,0,0.8752465592517895,-0.3424121108704688,0.19260134322154396,-0.5803417120605544,-0.41600490035221277,-0.5536243247952605,0.2330396284560962,0.22683276183862144,1.6171708841529577,0.06624325320269656,1.4375,-0.1875,3.375,-0.375,-0.25,0.0,3.75,0.25,-0.8125,-0.9375
0,1,0,0,-0.14778844674913755,0.0,-0.015217298718753382,6,5,4,3,2,1,0,6,5,4,0,0,1,1,1,1,1,0,0,1,1,1,0,0,0,0,0,0,1,0,0,0,0,0,0,0,0,1,0,0,0.9253341016378182,0.8639495963772394,-0.3424121108704688,0.19260134322154396,-0.5851545579838551,-0.4347882906429691,-0.5516298450453578,0.25357003342158946,0.22683276183862144,1.6200117052868876,3.9375,1.4375,-0.1875,3.375,-0.375,-0.25,0.0,3.75,0.25,-0.8125
1,1,0,0,-0.39643163191316383,0.4444444444444444,-0.2541751589788402,0,6,5,4,3,2,1,0,6,5,1,0,0,1,1,1,1,1,0,0,0,1,1,0,0,0,0,0,0,1,0,0,0,0,0,0,0,0,1,0,-0.15425190044546888,0.9133906499529653,0.8639495963772394,-0.3424121108704688,0.18778849729824326,-0.603197421153511,-0.4332219280350709,-0.5310994400798646,0.25357003342158946,0.23133115123664183,0.0,3.9375,1.4375,-0.1875,3.375,-0.375,-0.25,0.0,3.75,0.25
2,1,0,0,-0.40592384258750625,-0.06349206349206349,-0.34936729884767737,1,0,6,5,4,3,2,1,0,6,1,1,0,0,1,1,1,1,1,0,0,0,1,1,0,0,0,0,0,0,0,0,0,0,0,0,0,0,0,1,-0.40504421444560185,-0.15226094375533247,0.9133906499529653,0.8639495963772394,-0.3472249567937695,0.1663617354939885,-0.6010243500151916,-0.4126915230695777,-0.5310994400798646,0.2580365465068388,0.4375,0.0,3.9375,1.4375,-0.1875,3.375,-0.375,-0.25,0.0,3.75
3,1,0,0,-0.3773593197249016,-0.25396825396825395,-0.2944741310456349,2,1,0,6,5,4,3,2,1,0,1,1,1,0,0,1,1,1,1,1,0,0,0,1,1,0,0,0,0,0,0,0,0,0,0,0,0,0,0,0,-0.41461847033532057,-0.39981623679201944,-0.15226094375533247,0.9133906499529653,0.8591367504539388,-0.36630946157867217,0.16576240288206953,-0.5804939450496984,-0.4126915230695777,-0.5256974400104047,-0.0625,0.4375,0.0,3.9375,1.4375,-0.1875,3.375,-0.375,-0.25,0.0
4,1,0,0,0.19393113752719132,-0.31746031746031744,0.4903066497127173,3,2,1,0,6,5,4,3,2,1,1,1,1,1,0,0,1,1,1,1,0,0,0,0,1,1,0,0,0,0,0,0,0,0,0,0,0,0,0,0,-0.3858070521486669,-0.4092669160595918,-0.39981623679201944,-0.15226094375533247,0.9085778040296646,0.8347708660045304,-0.3649897999045097,0.18629280784756277,-0.5804939450496984,-0.4074306895281036,-0.25,-0.0625,0.4375,0.0,3.9375,1.4375,-0.1875,3.375,-0.375,-0.25
5,0,1,0,0.18057172991144999,-0.31746031746031744,0.49031091754137146,4,3,2,1,0,6,5,4,3,2,1,1,1,1,1,0,0,1,1,1,0,0,0,0,0,1,1,0,0,0,0,0,0,0,0,0,0,0,0,0,0.1904213115844064,-0.38082737196736016,-0.4092669160595918,-0.39981623679201944,-0.15707378967863317,0.883995469594006,0.8317635314032727,-0.34445939493901645,0.18629280784756277,-0.5750330565972298,-0.3125,-0.25,-0.0625,0.4375,0.0,3.9375,1.4375,-0.1875,3.375,-0.375
6,0,1,0,0.9901342532574542,3.6825396825396823,1.7380351645963696,5,4,3,2,1,0,6,5,4,3,0,1,1,1,1,1,0,0,1,1,1,0,0,0,0,0,1,1,0,0,0,0,0,0,0,0,0,0,0,0,0.17694643292480214,0.18796350987727245,-0.38082737196736016,-0.4092669160595918,-0.40462908271532017,-0.17699076494162744,0.8808107990798213,0.8522939363687659,-0.34445939493901645,0.19083952918734956,-0.3125,-0.3125,-0.25,-0.0625,0.4375,0.0,3.9375,1.4375,-0.1875,3.375
0,1,0,0,-0.46103139900243895,-0.38095238095238093,-0.481429566112089,6,5,4,3,2,1,0,6,5,4,0,0,1,1,1,1,1,0,0,1,1,1,0,0,0,0,0,1,1,0,0,0,0,0,0,0,0,0,0,0,0.9935063495933156,0.17466255387105942,0.18796350987727245,-0.38082737196736016,-0.41407976198289254,-0.42346227565778005,-0.17635314032727115,0.9013412040453145,0.8522939363687659,-0.3392799080918215,3.625,-0.3125,-0.3125,-0.25,-0.0625,0.4375,0.0,3.9375,1.4375,-0.1875
1,1,0,0,0.005844740831886851,-0.19047619047619047,0.17739549888116204,0,6,5,4,3,2,1,0,6,5,1,0,0,1,1,1,1,1,0,0,0,1,1,0,0,0,0,0,1,1,0,0,0,0,0,0,0,0,0,0,-0.47020234480618783,0.980682986589661,0.17466255387105942,0.18796350987727245,-0.3856402178906609,-0.43287158041470636,-0.42193671600329874,-0.15582273536177788,0.9013412040453145,0.856046647735894,-0.375,3.625,-0.3125,-0.3125,-0.25,-0.0625,0.4375,0.0,3.9375,1.4375
2,1,0,0,-0.3546834831139724,0.12698412698412698,-0.31246302882286975,1,0,6,5,4,3,2,1,0,6,1,1,0,0,1,1,1,1,1,0,0,0,1,1,0,0,0,0,0,1,0,0,0,0,0,0,0,0,0,0,0.0007092041399791519,-0.46413335958522023,0.980682986589661,0.17466255387105942,0.18315066395397175,-0.4045565429517337,-0.43131212292200183,-0.4014063110378055,-0.15582273536177788,0.9050354410075218,-0.1875,-0.375,3.625,-0.3125,-0.3125,-0.25,-0.0625,0.4375,0.0,3.9375
3,0,0,1,0.3973105403089364,1.3968253968253967,0.5342019787254076,2,1,0,6,5,4,3,2,1,0,1,1,1,0,0,1,1,1,1,1,0,0,0,1,1,0,0,0,0,0,0,0,0,0,0,0,0,0,0,0,-0.3629352186343388,0.000700050316116456,-0.46413335958522023,0.980682986589661,0.16984970794775872,0.1617442063077192,-0.4030990928425713,-0.41078171795650853,-0.4014063110378055,-0.15086814211085345,0.125,-0.1875,-0.375,3.625,-0.3125,-0.3125,-0.25,-0.0625,0.4375,0.0
4,1,0,0,-0.09725121399222164,0.31746031746031744,0.18474398851882962,3,2,1,0,6,5,4,3,2,1,0,1,1,1,0,0,1,1,1,1,0,0,0,0,1,1,0,0,0,0,1,0,0,0,0,0,0,0,0,0,0.3955586090733805,-0.358250749272604,0.000700050316116456,-0.46413335958522023,0.9758701406663604,0.1485014810942673,0.16116150874603943,-0.38256868787707804,-0.41078171795650853,-0.39615893178418926,1.375,0.125,-0.1875,-0.375,3.625,-0.3125,-0.3125,-0.25,-0.0625,0.4375
5,0,1,0,-0.4704357188372041,-0.5079365079365079,-0.41937604878554935,4,3,2,1,0,6,5,4,3,2,1,0,1,1,1,0,0,1,1,1,0,0,0,0,0,1,1,0,0,0,0,1,0,0,0,0,0,0,0,0,-0.10327785288446625,0.39045306381396166,-0.358250749272604,0.000700050316116456,-0.46894620550852095,0.9509932043910089,0.14796649160119799,0.18169191371153268,-0.38256868787707804,-0.40552316129451804,0.3125,1.375,0.125,-0.1875,-0.375,3.625,-0.3125,-0.3125,-0.25,-0.0625
6,0,1,0,0.4006503922128717,3.365079365079365,1.091528120056154,5,4,3,2,1,0,6,5,4,3,0,1,0,1,1,1,0,0,1,1,1,0,0,0,0,0,1,1,0,0,0,0,1,0,0,0,0,0,0,0,-0.47968795017840915,-0.10194482728446112,0.39045306381396166,-0.358250749272604,-0.004112795607184257,-0.48749782192019514,0.94756716871392,0.16849689656669126,0.18169191371153268,-0.3773437669347322,-0.5,0.3125,1.375,0.125,-0.1875,-0.375,3.625,-0.3125,-0.3125,-0.25
0,1,0,0,-0.5614027377996528,-0.4444444444444444,-0.54716764217671,6,5,4,3,2,1,0,6,5,4,0,0,1,0,1,1,1,0,0,1,1,1,0,0,0,0,0,1,1,0,0,0,0,1,0,0,0,0,0,0,0.39892732873828146,-0.47349653256327795,-0.10194482728446112,0.39045306381396166,-0.3630635951959047,-0.024699424986931468,-0.48574156864447243,0.9680975736794132,0.16849689656669126,0.18624412026098458,3.3125,-0.5,0.3125,1.375,0.125,-0.1875,-0.375,3.625,-0.3125,-0.3125
1,1,0,0,0.3949374876403507,-0.6984126984126984,1.0563889528322246,0,6,5,4,3,2,1,0,6,5,1,0,0,1,0,1,1,1,0,0,0,1,1,0,0,0,0,0,1,1,0,0,0,0,1,0,0,0,0,0,-0.5714412357882139,0.39377830281551485,-0.47349653256327795,-0.10194482728446112,0.38564021789066094,-0.38207875936574315,-0.024610443161595504,-0.4652111636789792,0.9680975736794132,0.17306483428348465,-0.4375,3.3125,-0.5,0.3125,1.375,0.125,-0.1875,-0.375,3.625,-0.3125
2,1,0,0,-0.0630616773966733,-0.6349206349206349,0.0833261536007537,1,0,6,5,4,3,2,1,0,6,1,1,0,0,1,0,1,1,1,0,0,0,1,1,0,0,0,0,0,1,0,0,0,0,0,1,0,0,0,0,0.3931650451009507,-0.5640655422108465,0.39377830281551485,-0.47349653256327795,-0.10675767320776183,0.36334727304408443,-0.3807022874256695,-0.004080038196102252,-0.4652111636789792,0.9717122233542149,-0.6875,-0.4375,3.3125,-0.5,0.3125,1.375,0.125,-0.1875,-0.375,3.625
3,1,0,0,0.08477071477225295,0.0,0.4352306765833222,2,1,0,6,5,4,3,2,1,0,1,1,1,0,0,1,0,1,1,1,0,0,0,1,1,0,0,0,0,0,0,0,0,0,0,0,1,0,0,0,-0.06879280157797925,0.38809039399706846,-0.5640655422108465,0.39377830281551485,-0.4783093784865787,-0.1268949294302143,0.36203828291158485,-0.3601718824601763,-0.004080038196102252,-0.4598877159517049,-0.625,-0.6875,-0.4375,3.3125,-0.5,0.3125,1.375,0.125,-0.1875,-0.375
4,1,0,0,-0.023247127068181283,-0.06349206349206349,0.1462883627782391,3,2,1,0,6,5,4,3,2,1,1,1,1,1,0,0,1,0,1,1,0,0,0,0,1,1,0,0,0,0,0,0,0,0,0,0,0,1,0,0,0.0803173688526407,-0.06790488066329772,0.38809039399706846,-0.5640655422108465,0.3889654568922141,-0.4968200034849276,-0.12643777941750942,0.3825686878770781,-0.3601718824601763,0.0006936466303947136,0.0,-0.625,-0.6875,-0.4375,3.3125,-0.5,0.3125,1.375,0.125,-0.1875
5,0,1,0,0.2432378985300258,0.9523809523809523,0.67741750487266,4,3,2,1,0,6,5,4,3,2,1,1,1,1,1,0,0,1,0,1,0,0,0,0,0,1,1,0,0,0,0,0,0,0,0,0,0,0,1,0,-0.028634117151658905,0.07928069830019034,-0.06790488066329772,0.38809039399706846,-0.568878388134147,0.36665795434744736,-0.49503016623985413,-0.10590737445201617,0.3825686878770781,-0.35497366310450224,-0.0625,0.0,-0.625,-0.6875,-0.4375,3.3125,-0.5,0.3125,1.375,0.125
6,0,1,0,0.7435125574037046,3.1746031746031744,1.4913411535958634,5,4,3,2,1,0,6,5,4,3,0,1,1,1,1,1,0,0,1,0,1,0,0,0,0,0,1,1,0,0,0,0,0,0,0,0,0,0,0,1,0.24015425190044548,-0.028264531513202545,0.07928069830019034,-0.06790488066329772,0.3832775480737678,-0.5869925074054714,0.36533703719779514,-0.4744997612743609,-0.10590737445201617,0.38688140810265975,0.9375,-0.0625,0.0,-0.625,-0.6875,-0.4375,3.3125,-0.5,0.3125,1.375
0,0,0,1,0.6608951682010942,2.7936507936507935,1.3640097743945752,6,5,4,3,2,1,0,6,5,4,0,0,1,1,1,1,1,0,0,1,1,1,0,0,0,0,0,1,1,0,0,0,0,0,0,0,0,0,0,0,0.7447529974956227,0.23705453829493997,-0.028264531513202545,0.07928069830019034,-0.07271772658659843,0.3609949468548528,-0.5848778158774253,0.3858674421632884,-0.4744997612743609,-0.10101229055123236,3.125,0.9375,-0.0625,0.0,-0.625,-0.6875,-0.4375,3.3125,-0.5,0.3125
1,1,0,0,-0.4270176440860451,-0.7619047619047619,-0.35479313167665116,0,6,5,4,3,2,1,0,6,5,0,0,0,1,1,1,1,1,0,0,0,1,1,0,0,0,0,0,1,1,1,0,0,0,0,0,0,0,0,0,0.6614215110480706,0.7351403382118089,0.23705453829493997,-0.028264531513202545,0.07446785237688963,-0.09300400766684089,0.35969443118190897,-0.5643474109119319,0.3858674421632884,-0.46916523963323437,2.75,3.125,0.9375,-0.0625,0.0,-0.625,-0.6875,-0.4375,3.3125,-0.5
2,1,0,0,-0.48001582035112383,-0.06349206349206349,-0.41358816182574865,1,0,6,5,4,3,2,1,0,6,1,0,0,0,1,1,1,1,1,0,0,0,1,1,0,0,0,0,0,1,0,1,0,0,0,0,0,0,0,0,-0.4358945945346956,0.6528844260681235,0.7351403382118089,0.23705453829493997,-0.033077377436503255,0.053537201603066825,-0.09266895264551411,0.3802248361474022,-0.5643474109119319,0.3901762295970347,-0.75,2.75,3.125,0.9375,-0.0625,0.0,-0.625,-0.6875,-0.4375,3.3125
3,1,0,0,-0.4802794928698556,-0.31746031746031744,-0.3984331022748683,2,1,0,6,5,4,3,2,1,0,1,1,0,0,0,1,1,1,1,1,0,0,0,1,1,0,0,0,0,0,0,0,1,0,0,0,0,0,0,0,-0.4893508565856253,-0.4302684255430859,0.6528844260681235,0.7351403382118089,0.23224169237163925,-0.0535372016030667,0.05334432918095413,-0.07213854768002086,0.3802248361474022,-0.5589057724405524,-0.0625,-0.75,2.75,3.125,0.9375,-0.0625,0.0,-0.625,-0.6875,-0.4375
4,1,0,0,-0.12599151853398075,-0.4444444444444444,0.0683819959158658,3,2,1,0,6,5,4,3,2,1,1,1,1,0,0,0,1,1,1,1,0,0,0,0,1,1,0,0,0,0,0,0,0,1,0,0,0,0,0,0,-0.4896168081381175,-0.4830347181203649,-0.4302684255430859,0.6528844260681235,0.7303274922885081,0.2106203171284197,-0.053344329180954005,0.07387473414644738,-0.07213854768002086,0.3845403507250775,-0.3125,-0.0625,-0.75,2.75,3.125,0.9375,-0.0625,0.0,-0.625,-0.6875
5,0,1,0,0.27022038628024,0.7619047619047619,0.7228549426390491,4,3,2,1,0,6,5,4,3,2,1,1,1,1,0,0,0,1,1,1,0,0,0,0,0,1,1,0,0,0,0,0,0,0,1,0,0,0,0,0,-0.13226657210611467,-0.4832972369889086,-0.4830347181203649,-0.4302684255430859,0.6480715801448228,0.7065255270953128,0.2098615391293026,-0.032813924215460755,0.07387473414644738,-0.06728372314828869,-0.4375,-0.3125,-0.0625,-0.75,2.75,3.125,0.9375,-0.0625,0.0,-0.625
6,0,1,0,0.4651622684625696,4.507936507936508,1.219973046883787,5,4,3,2,1,0,6,5,4,3,0,1,1,1,1,0,0,0,1,1,1,0,0,0,0,0,1,1,0,0,0,0,0,0,0,1,0,0,0,0,0.267369960772146,-0.13055938395572184,-0.4832972369889086,-0.4830347181203649,-0.43508127146638664,0.6246297264331765,0.7039802074742828,0.23039194409479585,-0.032813924215460755,0.078555480892203,0.75,-0.4375,-0.3125,-0.0625,-0.75,2.75,3.125,0.9375,-0.0625,0.0
0,1,0,0,-0.09865746742545753,0.8253968253968254,0.18196669902214266,6,5,4,3,2,1,0,6,5,4,0,0,1,1,1,1,0,0,0,1,1,1,0,0,0,0,0,1,1,0,0,0,0,0,0,0,1,0,0,0,0.4639968085813701,0.26391896917590946,-0.13055938395572184,-0.4832972369889086,-0.48784756404366564,-0.4537811465412092,0.6223794435522375,0.724510612439776,0.23039194409479585,-0.02800598270218719,4.4375,0.75,-0.4375,-0.3125,-0.0625,-0.75,2.75,3.125,0.9375,-0.0625
1,1,0,0,0.014106479752147866,0.19047619047619047,0.4374033570206715,0,6,5,4,3,2,1,0,6,5,1,0,0,1,1,1,1,0,0,0,0,1,1,0,0,0,0,0,1,1,0,0,0,0,0,0,0,1,0,0,-0.10469626116442456,0.4580079193192011,0.26391896917590946,-0.13055938395572184,-0.4881100829122093,-0.5063164314340477,-0.4521463605191197,0.6429098485177307,0.724510612439776,0.2348860902174149,0.8125,4.4375,0.75,-0.4375,-0.3125,-0.0625,-0.75,2.75,3.125,0.9375
2,1,0,0,-0.17503460701808346,-0.25396825396825395,-0.02143837028695013,1,0,6,5,4,3,2,1,0,6,1,1,0,0,1,1,1,1,0,0,0,0,1,1,0,0,0,0,0,1,0,0,0,0,0,0,0,0,1,0,0.009042352784734345,-0.10334492791669403,0.4580079193192011,0.26391896917590946,-0.13537222987902253,-0.506577801010629,-0.5044923824818786,-0.4316159555536265,0.6429098485177307,0.7284156677432639,0.1875,0.8125,4.4375,0.75,-0.4375,-0.3125,-0.0625,-0.75,2.75,3.125
3,1,0,0,-0.021928764474522557,0.19047619047619047,0.46286557842370774,2,1,0,6,5,4,3,2,1,0,1,1,1,0,0,1,1,1,1,0,0,0,0,1,1,0,0,0,0,0,0,0,0,0,0,0,0,0,0,1,-0.18173356086966155,0.008925641530484968,-0.10334492791669403,0.4580079193192011,0.2591061232526088,-0.15538421327757443,-0.5047528104518425,-0.4839619775163853,-0.4316159555536265,0.6469121886718834,-0.25,0.1875,0.8125,4.4375,0.75,-0.4375,-0.3125,-0.0625,-0.75,2.75
4,1,0,0,-0.044868273604183516,-0.12698412698412698,0.22775623265249909,3,2,1,0,6,5,4,3,2,1,1,1,1,1,0,0,1,1,1,1,0,0,0,0,1,1,0,0,0,0,0,0,0,0,0,0,0,0,0,0,-0.027304359389197917,-0.17938789350484566,0.008925641530484968,-0.10334492791669403,0.45319507339590037,0.23736713713190455,-0.15482442814358258,-0.48422240548634926,-0.4839619775163853,-0.4263325602063599,0.1875,-0.25,0.1875,0.8125,4.4375,0.75,-0.4375,-0.3125,-0.0625,-0.75
5,0,1,0,-0.017182659137351394,0.38095238095238093,0.40077791846793487,4,3,2,1,0,6,5,4,3,2,1,1,1,1,1,0,0,1,1,1,0,0,0,0,0,1,1,0,0,0,0,0,0,0,0,0,0,0,0,0,-0.05044214445601824,-0.02695193717048411,-0.17938789350484566,0.008925641530484968,-0.10815777383999474,0.43060637741766866,0.23651200138894923,-0.13429402317808933,-0.48422240548634926,-0.4786161749723626,-0.125,0.1875,-0.25,0.1875,0.8125,4.4375,0.75,-0.4375,-0.3125,-0.0625
6,0,1,0,0.7058073872250665,4.063492063492063,1.49316102686447,5,4,3,2,1,0,6,5,4,3,0,1,1,1,1,1,0,0,1,1,1,0,0,0,0,0,1,1,0,0,0,0,0,0,0,0,0,0,0,0,-0.02251723144433861,-0.04979107873378397,-0.02695193717048411,-0.17938789350484566,0.004112795607184257,-0.12828890050531447,0.4290550805156475,0.2570424063544425,-0.13429402317808933,-0.47887629245876057,0.375,-0.125,0.1875,-0.25,0.1875,0.8125,4.4375,0.75,-0.4375,-0.3125
0,1,0,0,-0.5427698798092768,-0.7619047619047619,-0.562224541668545,6,5,4,3,2,1,0,6,5,4,0,0,1,1,1,1,1,0,0,1,1,1,0,0,0,0,0,1,1,0,0,0,0,0,0,0,0,0,0,0,0.70672192548924,-0.022226597536698003,-0.04979107873378397,-0.02695193717048411,-0.18420073942814635,-0.01650984492071786,-0.12782672859065058,0.44958548548114075,0.2570424063544425,-0.12936509656861683,4.0,0.375,-0.125,0.1875,-0.25,0.1875,0.8125,4.4375,0.75,-0.4375
1,1,0,0,-0.23937070158862686,-0.19047619047619047,-0.08331477272434264,0,6,5,4,3,2,1,0,6,5,1,0,0,1,1,1,1,1,0,0,0,1,1,0,0,0,0,0,1,1,0,0,0,0,0,0,0,0,0,0,-0.552647326078766,0.6976001400100632,-0.022226597536698003,-0.04979107873378397,-0.031764783093784825,-0.20399895452169362,-0.016450366769391,-0.10729632362515734,0.44958548548114075,0.2615047796588125,-0.75,4.0,0.375,-0.125,0.1875,-0.25,0.1875,0.8125,4.4375,0.75
2,1,0,0,-0.1015578651315066,0.19047619047619047,0.15997351101015325,1,0,6,5,4,3,2,1,0,6,1,1,0,0,1,1,1,1,1,0,0,0,1,1,0,0,0,0,0,1,0,0,0,0,0,0,0,0,0,0,-0.24662573967775536,-0.5455142088337599,0.6976001400100632,-0.022226597536698003,-0.05460392465708468,-0.05223035372016022,-0.20326403055688175,0.004080038196102252,-0.10729632362515734,0.453818307935751,-0.1875,-0.75,4.0,0.375,-0.125,0.1875,-0.25,0.1875,0.8125,4.4375
3,1,0,0,0.5807387225066469,-0.12698412698412698,1.5221022399254125,2,1,0,6,5,4,3,2,1,0,1,1,1,0,0,1,1,1,1,1,0,0,0,1,1,0,0,0,0,0,0,0,0,0,0,0,0,0,0,0,-0.1076217282418386,-0.24344249742950275,-0.5455142088337599,0.6976001400100632,-0.027039443459998716,-0.07496950688273209,-0.05204218933113408,-0.1827336255913885,0.004080038196102252,-0.10239958381202179,0.1875,-0.1875,-0.75,4.0,0.375,-0.125,0.1875,-0.25,0.1875,0.8125
4,1,0,0,-0.19516160928127257,-0.5714285714285714,0.04569848661906793,3,2,1,0,6,5,4,3,2,1,1,1,1,1,0,0,1,1,1,1,0,0,0,0,1,1,0,0,0,0,0,0,0,0,0,0,0,0,0,0,0.5805722390904458,-0.10623263547067445,-0.24344249742950275,-0.5455142088337599,0.6927872940867624,-0.047525701341697146,-0.07469942271799983,-0.03151178436564083,-0.1827336255913885,0.008843994537532752,-0.125,0.1875,-0.1875,-0.75,4.0,0.375,-0.125,0.1875,-0.25,0.1875
5,0,1,0,-0.32304278086616417,0.31746031746031744,-0.13049063936252156,4,3,2,1,0,6,5,4,3,2,1,1,1,1,1,0,0,1,1,1,0,0,0,0,0,1,1,0,0,0,0,0,0,0,0,0,0,0,0,0,-0.20203452937656521,0.573078690030846,-0.10623263547067445,-0.24344249742950275,-0.5503270547570607,0.669149677644189,-0.04735448587178262,-0.05416901775250658,-0.03151178436564083,-0.17774694903864913,-0.5625,-0.125,0.1875,-0.1875,-0.75,4.0,0.375,-0.125,0.1875,-0.25
6,0,1,0,1.2223418514205358,6.7936507936507935,2.885632239248784,5,4,3,2,1,0,6,5,4,3,0,1,1,1,1,1,0,0,1,1,1,0,0,0,0,0,1,1,0,0,0,0,0,0,0,0,0,0,0,0,-0.33102103233527624,-0.19942683380367962,0.573078690030846,-0.10623263547067445,-0.24825534335280344,-0.5685223906603938,0.6667390077694345,-0.026824080906289367,-0.05416901775250658,-0.026705395270197024,0.3125,-0.5625,-0.125,0.1875,-0.1875,-0.75,4.0,0.375,-0.125,0.1875
0,1,0,0,-0.20922414361363179,0.25396825396825395,0.1303594036314065,6,5,4,3,2,1,0,6,5,4,0,0,1,1,1,1,1,0,0,1,1,1,0,0,0,0,0,1,1,0,0,0,0,0,0,0,0,0,0,0,1.2277210168214356,-0.3267484850473628,-0.19942683380367962,0.573078690030846,-0.11104548139397517,-0.2677731312075274,-0.5664742393333044,0.6872694127349278,-0.026824080906289367,-0.04933561658682503,6.6875,0.3125,-0.5625,-0.125,0.1875,-0.1875,-0.75,4.0,0.375,-0.125
1,1,0,0,-0.38219331590165007,0.19047619047619047,-0.18801634613939777,0,6,5,4,3,2,1,0,6,5,1,0,0,1,1,1,1,1,0,0,0,1,1,0,0,0,0,0,1,1,0,0,0,0,0,0,0,0,0,0,-0.21621861217614857,1.2118746034871257,-0.3267484850473628,-0.19942683380367962,0.5682658441075453,-0.1311639658477086,-0.26680845522809143,-0.5459438343678111,0.6872694127349278,-0.02202328051503268,0.25,6.6875,0.3125,-0.5625,-0.125,0.1875,-0.1875,-0.75,4.0,0.375
2,1,0,0,-0.17573773373470147,-0.06349206349206349,0.16153909282144996,1,0,6,5,4,3,2,1,0,6,1,1,0,0,1,1,1,1,1,0,0,0,1,1,0,0,0,0,0,1,0,0,0,0,0,0,0,0,0,0,-0.39068283061102366,-0.21342784012600904,1.2118746034871257,-0.3267484850473628,-0.20423967972698034,0.5451733751524658,-0.13069143626025428,-0.2462780502625982,-0.5459438343678111,0.6912188671883468,0.1875,0.25,6.6875,0.3125,-0.5625,-0.125,0.1875,-0.1875,-0.75,4.0
3,1,0,0,0.8662960602931159,-0.19047619047619047,1.9785166396859875,2,1,0,6,5,4,3,2,1,0,1,1,1,0,0,1,1,1,1,1,0,0,0,1,1,0,0,0,0,0,0,0,0,0,0,0,0,0,0,0,-0.18244276500964077,-0.3856402178906609,-0.21342784012600904,1.2118746034871257,-0.33156133097066354,-0.22395016553406508,0.5432093406831896,-0.11016103129476104,-0.2462780502625982,-0.540524136735092,-0.0625,0.1875,0.25,6.6875,0.3125,-0.5625,-0.125,0.1875,-0.1875,-0.75
4,1,0,0,0.43984970666432305,0.06349206349206349,1.4047330397600697,3,2,1,0,6,5,4,3,2,1,1,1,1,1,0,0,1,1,1,1,0,0,0,0,1,1,0,0,0,0,0,0,0,0,0,0,0,0,0,0,0.8685977704394848,-0.18008794382096216,-0.3856402178906609,-0.21342784012600904,1.207061757563825,-0.3507144101759888,-0.22314336559746512,0.5637397456486828,-0.11016103129476104,-0.24121561571976677,-0.1875,-0.0625,0.1875,0.25,6.6875,0.3125,-0.5625,-0.125,0.1875,-0.1875
5,0,1,0,-0.18839401463382474,0.38095238095238093,0.20063453720777488,4,3,2,1,0,6,5,4,3,2,1,1,1,1,1,0,0,1,1,1,0,0,0,0,0,1,1,0,0,0,0,0,0,0,0,0,0,0,0,0,0.43846545954212013,0.8573866246636476,-0.18008794382096216,-0.3856402178906609,-0.21824068604930977,1.1811726781669283,-0.3494509310299926,-0.20261296063197184,0.5637397456486828,-0.10526087616240003,0.0625,-0.1875,-0.0625,0.1875,0.25,6.6875,0.3125,-0.5625,-0.125,0.1875
6,0,1,0,0.4382676715519326,4.253968253968254,1.5504651622037182,5,4,3,2,1,0,6,5,4,3,0,1,1,1,1,1,0,0,1,1,1,0,0,0,0,0,1,1,0,0,0,0,0,0,0,0,0,0,0,0,-0.19520843952926575,0.4328061079390082,0.8573866246636476,-0.18008794382096216,-0.3904530638139616,-0.23788987628506703,1.1769174009288599,-0.32892052606449934,-0.20261296063197184,0.5678364728068845,0.375,0.0625,-0.1875,-0.0625,0.1875,0.25,6.6875,0.3125,-0.5625,-0.125
0,1,0,0,-0.38192964338291835,0.6349206349206349,-0.1262124967891258,6,5,4,3,2,1,0,6,5,4,0,0,1,1,1,1,1,0,0,1,1,1,0,0,0,0,0,1,1,0,0,0,0,0,0,0,0,0,0,0,0.43686975022716695,-0.19268884951105864,0.4328061079390082,0.8573866246636476,-0.18490078974426288,-0.40934831852239056,-0.23703285732887708,1.1974478058943532,-0.32892052606449934,-0.19760258383369822,4.1875,0.375,0.0625,-0.1875,-0.0625,0.1875,0.25,6.6875,0.3125,-0.5625
1,1,0,0,-0.4103183845663685,-0.31746031746031744,-0.17895894677813168,0,6,5,4,3,2,1,0,6,5,1,0,0,1,1,1,1,1,0,0,0,1,1,0,0,0,0,0,1,1,0,0,0,0,0,0,0,0,0,0,-0.39041687905853145,0.43123099472774606,-0.19268884951105864,0.4328061079390082,0.8525737787403469,-0.20469594005924374,-0.4078736056252441,-0.2165024523633838,1.1974478058943532,-0.32375956473673945,0.625,4.1875,0.375,0.0625,-0.1875,-0.0625,0.1875,0.25,6.6875,0.3125
2,1,0,0,-0.3529256663224275,-0.25396825396825395,-0.2031980796193666,1,0,6,5,4,3,2,1,0,6,1,1,0,0,1,1,1,1,1,0,0,0,1,1,0,0,0,0,0,1,0,0,0,0,0,0,0,0,0,0,-0.4190509962101904,-0.3853776990221172,0.43123099472774606,-0.19268884951105864,0.4279932620157075,0.8282366265899982,-0.2039585051434524,-0.38734320065975086,-0.2165024523633838,1.2007890230420741,-0.3125,0.625,4.1875,0.375,0.0625,-0.1875,-0.0625,0.1875,0.25,6.6875
3,1,0,0,-0.6594010239282809,-1.1428571428571428,-0.6984831514571478,2,1,0,6,5,4,3,2,1,0,1,1,1,0,0,1,1,1,1,1,0,0,0,1,1,0,0,0,0,0,0,0,0,0,0,0,0,0,0,0,-0.36116220828439083,-0.41364223053531973,-0.3853776990221172,0.43123099472774606,-0.19750169543435933,0.40551489806586527,0.8252528321541733,-0.18342810017795916,-0.38734320065975086,-0.2114755164415928,-0.25,-0.3125,0.625,4.1875,0.375,0.0625,-0.1875,-0.0625,0.1875,0.25
4,1,0,0,1.6455362439849706,0.0,3.4052382439770046,3,2,1,0,6,5,4,3,2,1,1,1,1,1,0,0,1,1,1,1,0,0,0,0,1,1,0,0,0,0,0,0,0,0,0,0,0,0,0,0,-0.6702865627978103,-0.3565006234823128,-0.41364223053531973,-0.3853776990221172,0.42641814880444534,-0.21724167973514544,0.404053995399106,0.8457832371196666,-0.18342810017795916,-0.382112587518696,-1.125,-0.25,-0.3125,0.625,4.1875,0.375,0.0625,-0.1875,-0.0625,0.1875
5,0,1,0,0.5789809057151019,-0.4444444444444444,1.0528989359502947,4,3,2,1,0,6,5,4,3,2,1,1,1,1,1,0,0,1,1,1,0,0,0,0,0,1,1,0,0,0,0,0,0,0,0,0,0,0,0,0,1.6545732585713966,-0.6616350550195795,-0.3565006234823128,-0.41364223053531973,-0.3901905449454179,0.4039466806063775,-0.21645904770172314,0.42458440036459927,0.8457832371196666,-0.1784405956690439,0.0,-1.125,-0.25,-0.3125,0.625,4.1875,0.375,0.0625,-0.1875,-0.0625
6,0,1,0,0.8307002702643318,3.1746031746031744,1.986597773242617,5,4,3,2,1,0,6,5,4,3,0,1,1,1,1,1,0,0,1,1,1,0,0,0,0,0,1,1,0,0,0,0,0,0,0,0,0,0,0,0,0.5787992287404976,1.6332173874997264,-0.6616350550195795,-0.3565006234823128,-0.41845507645862046,-0.40908694894580927,0.4024914275793221,-0.1959286427362299,0.42458440036459927,0.8495437105759434,-0.4375,0.0,-1.125,-0.25,-0.3125,0.625,4.1875,0.375,0.0625,-0.1875
0,1,0,0,-0.4588341280130078,-0.19047619047619047,-0.3374077760015905,6,5,4,3,2,1,0,6,5,4,0,0,1,1,1,1,1,0,0,1,1,1,0,0,0,0,0,1,1,0,0,0,0,0,0,0,0,0,0,0,0.8326943108530396,0.5713285642405547,1.6332173874997264,-0.6616350550195795,-0.3613134694056135,-0.43722774002439446,-0.4076131776552801,0.42302183254481535,-0.1959286427362299,0.42884702924154083,3.125,-0.4375,0.0,-1.125,-0.25,-0.3125,0.625,4.1875,0.375,0.0625
1,1,0,0,0.21739799169431565,0.0,1.157378937927722,0,6,5,4,3,2,1,0,6,5,1,0,0,1,1,1,1,1,0,0,0,1,1,0,0,0,0,0,1,1,0,0,0,0,0,0,0,0,0,0,-0.4679860818687529,0.8219465774102513,0.5713285642405547,1.6332173874997264,-0.6664479009428802,-0.3803362955218679,-0.43565258908806803,-0.38708277268978686,0.42302183254481535,-0.190926235016149,-0.1875,3.125,-0.4375,0.0,-1.125,-0.25,-0.3125,0.625,4.1875,0.375
2,1,0,0,0.2441168069257982,-0.31746031746031744,0.8413017695395644,1,0,6,5,4,3,2,1,0,6,1,1,0,0,1,1,1,1,1,0,0,0,1,1,0,0,0,0,0,1,0,0,0,0,0,0,0,0,0,0,0.214090999756211,-0.46194570234735627,0.8219465774102513,0.5713285642405547,1.6284045415764254,-0.6841348667015159,-0.378966100959243,-0.4151221841225748,-0.38708277268978686,0.42728632432315267,0.0,-0.1875,3.125,-0.4375,0.0,-1.125,-0.25,-0.3125,0.625,4.1875
3,1,0,0,-0.004438487398650836,0.31746031746031744,0.33512911115266314,2,1,0,6,5,4,3,2,1,0,1,1,1,0,0,1,1,1,1,1,0,0,0,1,1,0,0,0,0,0,0,0,0,0,0,0,0,0,0,0,0.2410407570754194,0.21132768917765957,-0.46194570234735627,0.8219465774102513,0.566515718317254,1.600670848579892,-0.6816702113807023,-0.35843569599374975,-0.4151221841225748,-0.38185247003229794,-0.3125,0.0,-0.1875,3.125,-0.4375,0.0,-1.125,-0.25,-0.3125,0.625
4,1,0,0,-0.16483926962712306,0.5079365079365079,0.18388117582591598,3,2,1,0,6,5,4,3,2,1,1,1,1,1,0,0,1,1,1,1,0,0,0,0,1,1,0,0,0,0,0,0,0,0,0,0,0,0,0,0,-0.009662906407216182,0.23792960119008552,0.21132768917765957,-0.46194570234735627,0.8171337314869507,0.5434309113085903,1.5949042927210382,-0.661139806415209,-0.35843569599374975,-0.4098584527344851,0.3125,-0.3125,0.0,-0.1875,3.125,-0.4375,0.0,-1.125,-0.25,-0.3125
5,0,1,0,1.0244116806925798,0.6349206349206349,2.23931475743129,4,3,2,1,0,6,5,4,3,2,1,1,1,1,1,0,0,1,1,1,0,0,0,0,0,1,1,0,0,0,0,0,0,0,0,0,0,0,0,0,-0.17145010083996368,-0.009538185557086945,0.23792960119008552,0.21132768917765957,-0.466758548270657,0.7929517337515247,0.5414731542167629,1.6154346976865315,-0.661139806415209,-0.3532395465285154,0.5,0.3125,-0.3125,0.0,-0.1875,3.125,-0.4375,0.0,-1.125,-0.25
6,0,1,0,1.0582496539298192,4.698412698412699,2.0647061506612867,5,4,3,2,1,0,6,5,4,3,0,1,1,1,1,1,0,0,1,1,1,0,0,0,0,0,1,1,0,0,0,0,0,0,0,0,0,0,0,0,1.0280800514173,-0.16923716392115687,-0.009538185557086945,0.23792960119008552,0.20651484325435884,-0.48531974211535106,0.790095056209037,0.5620035591822562,1.6154346976865315,-0.6555827715518175,0.625,0.5,0.3125,-0.3125,0.0,-0.1875,3.125,-0.4375,0.0,-1.125
0,1,0,0,-0.3042341411966337,-0.19047619047619047,-0.08143123767831188,6,5,4,3,2,1,0,6,5,4,0,0,1,1,1,1,1,0,0,1,1,1,0,0,0,0,0,1,1,0,0,0,0,0,0,0,0,0,0,0,1.0622105006537974,1.014810439500339,-0.16923716392115687,-0.009538185557086945,0.2331167552667848,0.18500609862345355,-0.48357133556143933,0.8106254611745303,0.5620035591822562,1.618277588710901,4.625,0.625,0.5,0.3125,-0.3125,0.0,-0.1875,3.125,-0.4375,0.0
1,1,0,0,-0.4922326470523609,-0.6349206349206349,-0.41448938497654964,0,6,5,4,3,2,1,0,6,5,1,0,0,1,1,1,1,1,0,0,0,1,1,0,0,0,0,0,1,1,0,0,0,0,0,0,0,0,0,0,-0.31204982159083355,1.0485003609634442,1.014810439500339,-0.16923716392115687,-0.014351031480387657,0.21149154905035725,0.18433959807283304,-0.4630409305959461,0.8106254611745303,0.5661023562308976,-0.1875,4.625,0.625,0.5,0.3125,-0.3125,0.0,-0.1875,3.125,-0.4375
