DIA_SEMANA,LABORAL,FIN_DE_SEMANA,FESTIVO,PORCENTAJE_USO,NUMERO_CONEXIONES,USAGE_KB,DIA_SEMANA_lag_1,DIA_SEMANA_lag_2,DIA_SEMANA_lag_3,DIA_SEMANA_lag_4,DIA_SEMANA_lag_5,DIA_SEMANA_lag_6,DIA_SEMANA_lag_7,DIA_SEMANA_lag_8,DIA_SEMANA_lag_9,DIA_SEMANA_lag_10,LABORAL_lag_1,LABORAL_lag_2,LABORAL_lag_3,LABORAL_lag_4,LABORAL_lag_5,LABORAL_lag_6,LABORAL_lag_7,LABORAL_lag_8,LABORAL_lag_9,LABORAL_lag_10,FIN_DE_SEMANA_lag_1,FIN_DE_SEMANA_lag_2,FIN_DE_SEMANA_lag_3,FIN_DE_SEMANA_lag_4,FIN_DE_SEMANA_lag_5,FIN_DE_SEMANA_lag_6,FIN_DE_SEMANA_lag_7,FIN_DE_SEMANA_lag_8,FIN_DE_SEMANA_lag_9,FIN_DE_SEMANA_lag_10,FESTIVO_lag_1,FESTIVO_lag_2,FESTIVO_lag_3,FESTIVO_lag_4,FESTIVO_lag_5,FESTIVO_lag_6,FESTIVO_lag_7,FESTIVO_lag_8,FESTIVO_lag_9,FESTIVO_lag_10,PORCENTAJE_USO_lag_1,PORCENTAJE_USO_lag_2,PORCENTAJE_USO_lag_3,PORCENTAJE_USO_lag_4,PORCENTAJE_USO_lag_5,PORCENTAJE_USO_lag_6,PORCENTAJE_USO_lag_7,PORCENTAJE_USO_lag_8,PORCENTAJE_USO_lag_9,PORCENTAJE_USO_lag_10,NUMERO_CONEXIONES_lag_1,NUMERO_CONEXIONES_lag_2,NUMERO_CONEXIONES_lag_3,NUMERO_CONEXIONES_lag_4,NUMERO_CONEXIONES_lag_5,NUMERO_CONEXIONES_lag_6,NUMERO_CONEXIONES_lag_7,NUMERO_CONEXIONES_lag_8,NUMERO_CONEXIONES_lag_9,NUMERO_CONEXIONES_lag_10
0,0,0,1,-0.881954231259647,-0.14285714285714285,-0.9338284917910367,6,5,4,3,2,1,0,6,5,4,0,0,1,1,1,1,1,0,0,1,1,1,0,0,0,0,0,1,1,0,0,0,0,0,0,0,0,0,0,0,1.544191664988927,3.1584457418965175,2.373755676352818,-0.19464008460655702,-0.8917412980216113,-0.7067574834199679,-0.6932375769470961,-0.7944474345174021,-0.6344018058690746,-0.8564878912367507,-1.2413793103448276,-1.3333333333333333,-1.5333333333333334,-1.3333333333333333,-2.0,-1.7857142857142858,-2.2857142857142856,-1.4285714285714286,-1.2142857142857142,-1.4285714285714286
1,1,0,0,1.7928998053821892,-0.2857142857142857,-0.23938902999320028,0,6,5,4,3,2,1,0,6,5,0,0,0,1,1,1,1,1,0,0,0,1,1,0,0,0,0,0,1,1,1,0,0,0,0,0,0,0,0,0,-0.881954231259647,1.544191664988927,3.1584457418965175,2.3909452982606156,-0.19382345642807197,-0.8850600466033341,-0.6997055937193327,-0.6960441334768567,-0.7871331828442437,-0.6333325767720557,-0.13793103448275862,-1.2,-1.3333333333333333,-1.5333333333333334,-1.3793103448275863,-2.0714285714285716,-1.7857142857142858,-2.2857142857142856,-1.4285714285714286,-1.0714285714285714
2,1,0,0,0.14441983759479232,-2.0,-0.7055142950010909,1,0,6,5,4,3,2,1,0,6,1,0,0,0,1,1,1,1,1,0,0,0,1,1,0,0,0,0,0,1,0,1,0,0,0,0,0,0,0,0,1.7928998053821892,-0.881954231259647,1.544191664988927,3.1802614702639462,2.3982945701459544,-0.19188026528051635,-0.8771968953519493,-0.7025475421600286,-0.6880812641083521,-0.7868993849156811,-0.27586206896551724,-0.13333333333333333,-1.2,-1.3333333333333333,-1.5862068965517242,-1.4285714285714286,-2.0714285714285716,-1.7857142857142858,-2.2857142857142856,-1.2857142857142858
3,1,0,0,0.9888374382032525,-1.6428571428571428,-0.3417910049022882,2,1,0,6,5,4,3,2,1,0,1,1,0,0,0,1,1,1,1,1,0,0,0,1,1,0,0,0,0,0,0,0,1,0,0,0,0,0,0,0,0.14441983759479232,1.7928998053821892,-0.881954231259647,1.556490628023672,3.189604998984864,2.382640258110773,-0.1871710232848604,-0.881010046645138,-0.6946275395033861,-0.6873056583217957,-1.9310344827586208,-0.26666666666666666,-0.13333333333333333,-1.2,-1.3793103448275863,-1.6428571428571428,-1.4285714285714286,-2.0714285714285716,-1.7857142857142858,-2.142857142857143
4,1,0,0,0.9093796836901327,-1.3571428571428572,-0.1447401062130635,3,2,1,0,6,5,4,3,2,1,1,1,1,0,0,0,1,1,1,1,0,0,0,0,1,1,0,0,0,0,0,0,0,1,0,0,0,0,0,0,0.9888374382032525,0.14441983759479232,1.7928998053821892,-0.8839585067842758,1.5617315978253514,3.168578598315111,2.375635649924168,-0.18720846788661644,-0.8742663656884876,-0.6938877414376178,-1.5862068965517242,-1.8666666666666667,-0.26666666666666666,-0.13333333333333333,-1.2413793103448276,-1.4285714285714286,-1.6428571428571428,-1.4285714285714286,-2.0714285714285716,-1.6428571428571428
5,0,1,0,1.1915083998836768,-0.5,0.2962966320065287,4,3,2,1,0,6,5,4,3,2,1,1,1,1,0,0,0,1,1,1,0,0,0,0,0,1,1,0,0,0,0,0,0,0,1,0,0,0,0,0,0.9093796836901327,0.9888374382032525,0.14441983759479232,1.806665016538782,-0.8848834848519028,1.5517565872020076,3.1579980372914624,2.389621456763545,-0.17589164785553052,-0.8745091808711046,-1.3103448275862069,-1.5333333333333334,-1.8666666666666667,-0.26666666666666666,-0.13793103448275862,-1.2857142857142858,-1.4285714285714286,-1.6428571428571428,-1.4285714285714286,-1.9285714285714286
6,0,1,0,1.3022839630449858,-0.21428571428571427,0.5739016603662691,5,4,3,2,1,0,6,5,4,3,0,1,1,1,1,0,0,0,1,1,1,0,0,0,0,0,1,1,0,0,0,0,0,0,0,1,0,0,0,0,1.1915083998836768,0.9093796836901327,0.9888374382032525,0.148466506154227,1.8125380676306708,-0.8782487901057539,1.5485324292978855,3.1762648008611407,2.417923250564334,-0.172314396604553,-0.4827586206896552,-1.2666666666666666,-1.5333333333333334,-1.8666666666666667,-0.27586206896551724,-0.14285714285714285,-1.2857142857142858,-1.4285714285714286,-1.6428571428571428,-1.2857142857142858
0,0,0,1,0.5588886651902558,-0.35714285714285715,-0.031168839842684065,6,5,4,3,2,1,0,6,5,4,0,0,1,1,1,1,0,0,0,1,1,1,0,0,0,0,0,1,1,0,0,0,0,0,0,0,1,0,0,0,1.3022839630449858,1.1915083998836768,0.9093796836901327,0.9978623343309106,0.1501500146630874,1.8008603692418,-0.8704166294941564,1.557992465016146,3.2097516930022576,2.4356885085907534,-0.20689655172413793,-0.4666666666666667,-1.2666666666666666,-1.5333333333333334,-1.9310344827586208,-0.2857142857142857,-0.14285714285714285,-1.2857142857142858,-1.4285714285714286,-1.5
1,1,0,0,0.0014764109791289735,-0.7142857142857143,-0.3299209094962671,0,6,5,4,3,2,1,0,6,5,0,0,0,1,1,1,1,0,0,0,0,1,1,0,0,0,0,0,1,1,1,0,0,0,0,0,0,1,0,0,0.5588886651902558,1.3022839630449858,1.1915083998836768,0.917936140050854,1.0016918946964741,0.14975802115074383,1.79650281024177,-0.8741926803013992,1.5808126410835213,3.2318482035452463,-0.3448275862068966,-0.2,-0.4666666666666667,-1.2666666666666666,-1.5862068965517242,-2.0,-0.2857142857142857,-0.14285714285714285,-1.2857142857142858,-1.2857142857142858
2,1,0,0,-0.1488490705321791,-1.0714285714285714,-0.5088221468676433,1,0,6,5,4,3,2,1,0,6,1,0,0,0,1,1,1,1,0,0,0,0,1,1,0,0,0,0,0,1,0,1,0,0,0,0,0,0,1,0,0.0014764109791289735,0.5588886651902558,1.3022839630449858,1.2017281339303796,0.9215637618714612,0.9955189101989604,0.15291283789811758,1.8073196986006457,-0.8674040632054176,1.5939989559454366,-0.6896551724137931,-0.3333333333333333,-0.2,-0.4666666666666667,-1.3103448275862069,-1.6428571428571428,-2.0,-0.2857142857142857,-0.14285714285714285,-1.1428571428571428
3,1,0,0,0.23958123615864713,-0.21428571428571427,-0.16483204558421954,2,1,0,6,5,4,3,2,1,0,1,1,0,0,0,1,1,1,1,0,0,0,0,1,1,0,0,0,0,0,0,0,1,0,0,0,0,0,0,1,-0.1488490705321791,0.0014764109791289735,0.5588886651902558,1.3131567696496478,1.2060727740305444,0.9159347553324969,0.9948255865822107,0.15473627556512376,1.831783295711061,-0.8676093420186567,-1.0344827586206897,-0.6666666666666666,-0.3333333333333333,-0.2,-0.4827586206896552,-1.3571428571428572,-1.6428571428571428,-2.0,-0.2857142857142857,0.0
4,1,0,0,0.2775652640762366,-0.5714285714285714,-0.17962843874175238,3,2,1,0,6,5,4,3,2,1,1,1,1,0,0,0,1,1,1,1,0,0,0,0,1,1,0,0,0,0,0,0,0,1,0,0,0,0,0,0,0.23958123615864713,-0.1488490705321791,0.0014764109791289735,0.5653788168583067,1.3177829411897404,1.1985122781860549,0.9156035328753679,1.0012558306422674,0.16830699774266367,1.8463424045030525,-0.20689655172413793,-1.0,-0.6666666666666666,-0.3333333333333333,-0.20689655172413793,-0.5,-1.3571428571428572,-1.6428571428571428,-2.0,-0.14285714285714285
5,0,1,0,0.4505737869941614,0.07142857142857142,-0.058242262214852146,4,3,2,1,0,6,5,4,3,2,1,1,1,1,0,0,0,1,1,1,0,0,0,0,0,1,1,0,0,0,0,0,0,0,1,0,0,0,0,0,0.2775652640762366,0.23958123615864713,-0.1488490705321791,0.004680362728111521,0.568115680480047,1.3094640616597957,1.1968953519493264,0.9216002870470037,1.0204063205417606,0.1737669942576999,-0.5517241379310345,-0.2,-1.0,-0.6666666666666666,-0.3448275862068966,-0.21428571428571427,-0.5,-1.3571428571428572,-1.6428571428571428,-1.8571428571428572
6,0,1,0,1.8280204907948014,0.21428571428571427,0.7240659604878245,5,4,3,2,1,0,6,5,4,3,0,1,1,1,1,0,0,0,1,1,1,0,0,0,0,0,1,1,0,0,0,0,0,0,0,1,0,0,0,0,0.4505737869941614,0.2775652640762366,0.23958123615864713,-0.146531356180104,0.006000586523494835,0.5648861803190537,1.307342314211794,1.2044312881234298,0.9402257336343115,1.0305272475544156,0.06896551724137931,-0.5333333333333333,-0.2,-1.0,-0.6896551724137931,-0.35714285714285715,-0.21428571428571427,-0.5,-1.3571428571428572,-1.5
0,1,0,0,1.3086817439545444,-0.2857142857142857,0.3205671566410516,6,5,4,3,2,1,0,6,5,4,0,0,1,1,1,1,0,0,0,1,1,1,0,0,0,0,0,1,1,0,0,0,0,0,0,0,1,0,0,0,1.8280204907948014,0.4505737869941614,0.2775652640762366,0.24418892464165984,-0.14559317828058388,0.006587202007528227,0.5661521991257026,1.3154825977753852,1.224920993227991,0.9499080778047617,0.20689655172413793,0.06666666666666667,-0.5333333333333333,-0.2,-1.0344827586206897,-0.7142857142857143,-0.35714285714285715,-0.21428571428571427,-0.5,-1.2142857142857142
1,1,0,0,1.22680804420285,-0.7142857142857143,0.26639773096634295,0,6,5,4,3,2,1,0,6,5,1,0,0,1,1,1,1,0,0,0,0,1,1,0,0,0,0,0,1,1,0,0,0,0,0,0,0,1,0,0,1.3086817439545444,1.8280204907948014,0.4505737869941614,0.28239688575864647,0.2461142818470979,-0.14397741530740288,0.010393433847800929,0.5702368137782562,1.336704288939052,1.2361606028280259,-0.27586206896551724,0.2,0.06666666666666667,-0.5333333333333333,-0.20689655172413793,-1.0714285714285714,-0.7142857142857143,-0.35714285714285715,-0.21428571428571427,-0.35714285714285715
2,1,0,0,0.4028812383956335,-0.8571428571428571,-0.05865953236483405,1,0,6,5,4,3,2,1,0,6,1,1,0,0,1,1,1,1,0,0,0,0,1,1,0,0,0,0,0,1,0,0,0,0,0,0,0,0,1,0,1.22680804420285,1.3086817439545444,1.8280204907948014,0.4564253729664049,0.28441877777527136,0.24507080121885644,-0.1394861272191989,0.0114370290635092,0.5865462753950339,1.3485553462402686,-0.6896551724137931,-0.26666666666666666,0.2,0.06666666666666667,-0.5517241379310345,-0.21428571428571427,-1.0714285714285714,-0.7142857142857143,-0.35714285714285715,-0.07142857142857142
3,1,0,0,0.9202514372637184,-0.42857142857142855,0.22616328366164734,2,1,0,6,5,4,3,2,1,0,1,1,1,0,0,1,1,1,1,0,0,0,0,1,1,0,0,0,0,0,0,0,0,0,0,0,0,0,0,1,0.4028812383956335,1.22680804420285,1.3086817439545444,1.8419927544384693,0.45888695887567954,0.2831152536296828,0.24779195289499514,-0.13926264800861143,0.02406320541760728,0.5942940148437323,-0.8275862068965517,-0.6666666666666666,-0.26666666666666666,0.2,0.06896551724137931,-0.5714285714285714,-0.21428571428571427,-1.0714285714285714,-0.7142857142857143,-0.21428571428571427
4,1,0,0,-0.10844909737601507,-0.2857142857142857,-0.3747838114447788,3,2,1,0,6,5,4,3,2,1,1,1,1,1,0,0,1,1,1,1,0,0,0,0,1,1,0,0,0,0,0,0,0,0,0,0,0,0,0,0,0.9202514372637184,0.4028812383956335,1.22680804420285,1.3195922684008012,1.847955063276862,0.4563989962358845,0.285663306271746,0.25013455328310014,-0.12762979683972916,0.0287341973263125,-0.41379310344827586,-0.8,-0.6666666666666666,-0.26666666666666666,0.20689655172413793,0.07142857142857142,-0.5714285714285714,-0.21428571428571427,-1.0714285714285714,-0.5714285714285714
5,0,1,0,0.9919692190680717,-0.35714285714285715,0.3463459920120754,4,3,2,1,0,6,5,4,3,2,1,1,1,1,1,0,0,1,1,1,0,0,0,0,0,1,1,0,0,0,0,0,0,0,0,0,0,0,0,0,-0.10844909737601507,0.9202514372637184,0.4028812383956335,1.2372358857811478,1.324234699632295,1.836036924179961,0.45815862253546247,0.2882131324004306,0.2643340857787811,-0.12378855625411384,-0.27586206896551724,-0.4,-0.8,-0.6666666666666666,-0.27586206896551724,0.21428571428571427,0.07142857142857142,-0.5714285714285714,-0.21428571428571427,-0.9285714285714286
6,0,1,0,0.5631836789477216,-0.35714285714285715,-0.5532994237728218,5,4,3,2,1,0,6,5,4,3,0,1,1,1,1,1,0,0,1,1,1,0,0,0,0,0,1,1,0,0,0,0,0,0,0,0,0,0,0,0,0.9919692190680717,-0.10844909737601507,0.9202514372637184,0.40845165500326286,1.2416702384443592,1.3158720200752825,1.8315193148362923,0.46165231431646914,0.30266365688487595,0.27031934451530903,-0.3448275862068966,-0.26666666666666666,-0.4,-0.8,-0.6896551724137931,-0.2857142857142857,0.21428571428571427,0.07142857142857142,-0.5714285714285714,-0.07142857142857142
0,1,0,0,1.4748898284231482,0.14285714285714285,-0.5900560897588802,6,5,4,3,2,1,0,6,5,4,0,0,1,1,1,1,1,0,0,1,1,1,0,0,0,0,0,1,1,0,0,0,0,0,0,0,0,0,0,0,0.5631836789477216,0.9919692190680717,-0.10844909737601507,0.9288719875790374,0.4107920323039095,1.2338680767162573,1.313721116959586,1.8425278076785072,0.47724604966139944,0.3088585760003632,-0.3448275862068966,-0.3333333333333333,-0.26666666666666666,-0.4,-0.8275862068965517,-0.7142857142857143,-0.2857142857142857,0.21428571428571427,0.07142857142857142,-0.42857142857142855
1,1,0,0,-0.2419971813972217,-0.42857142857142855,-0.7543321991981543,0,6,5,4,3,2,1,0,6,5,1,0,0,1,1,1,1,1,0,0,0,1,1,0,0,0,0,0,1,1,0,0,0,0,0,0,0,0,0,0,1.4748898284231482,0.5631836789477216,0.9919692190680717,-0.10589320672352108,0.9325272395046132,0.4086305789568023,1.232090284592738,1.321896304269824,1.8672234762979685,0.48439592364783574,0.13793103448275862,-0.3333333333333333,-0.3333333333333333,-0.26666666666666666,-0.41379310344827586,-0.8571428571428571,-0.7142857142857143,-0.2857142857142857,0.21428571428571427,0.21428571428571427
2,1,0,0,0.5612151309755498,0.07142857142857142,0.06616610150732481,1,0,6,5,4,3,2,1,0,6,1,1,0,0,1,1,1,1,1,0,0,0,1,1,0,0,0,0,0,1,0,0,0,0,0,0,0,0,0,0,-0.2419971813972217,1.4748898284231482,0.5631836789477216,1.001012578474832,-0.10485235398948774,0.9268238035490232,0.41060754750646805,1.2398188015787581,1.3431602708803612,1.8819764406818131,-0.41379310344827586,0.13333333333333333,-0.3333333333333333,-0.3333333333333333,-0.27586206896551724,-0.42857142857142855,-0.8571428571428571,-0.7142857142857143,-0.2857142857142857,0.35714285714285715
3,1,0,0,0.7051875713039394,-0.14285714285714285,0.25824060840023333,2,1,0,6,5,4,3,2,1,0,1,1,1,0,0,1,1,1,1,1,0,0,0,1,1,0,0,0,0,0,0,0,0,0,0,0,0,0,0,0,0.5612151309755498,-0.2419971813972217,1.4748898284231482,0.5696991516842556,1.0048500981298927,-0.10351317440401517,0.9264430368453921,0.4138410477215644,1.2605417607223475,1.355046642002769,0.06896551724137931,-0.4,0.13333333333333333,-0.3333333333333333,-0.3448275862068966,-0.2857142857142857,-0.42857142857142855,-0.8571428571428571,-0.7142857142857143,-0.14285714285714285
4,1,0,0,0.252645236337606,0.35714285714285715,-0.03292204235928105,3,2,1,0,6,5,4,3,2,1,1,1,1,1,0,0,1,1,1,1,0,0,0,0,1,1,0,0,0,0,0,0,0,0,0,0,0,0,0,0,0.7051875713039394,0.5612151309755498,-0.2419971813972217,1.4867802254674738,0.5724469309030206,0.9986556730596883,-0.09920599518244272,0.9324991029781124,0.42911963882618515,1.2719762137134296,-0.13793103448275862,0.06666666666666667,-0.4,0.13333333333333333,-0.3448275862068966,-0.35714285714285715,-0.2857142857142857,-0.42857142857142855,-0.8571428571428571,-0.5714285714285714
5,0,1,0,2.9345681497886047,0.8571428571428571,2.162896923459551,4,3,2,1,0,6,5,4,3,2,1,1,1,1,1,0,0,1,1,1,0,0,0,0,0,1,1,0,0,0,0,0,0,0,0,0,0,0,0,0,0.252645236337606,0.7051875713039394,0.5612151309755498,-0.24022861771787313,1.4918450675629948,0.5691880265280517,0.9979480774377734,-0.09876210979547904,0.951196388261851,0.4360062643273792,0.3448275862068966,-0.13333333333333333,0.06666666666666667,-0.4,0.13793103448275862,-0.35714285714285715,-0.35714285714285715,-0.2857142857142857,-0.42857142857142855,-0.7142857142857143
6,0,1,0,1.631971008657137,0.6428571428571429,1.2307327416493494,5,4,3,2,1,0,6,5,4,3,0,1,1,1,1,1,0,0,1,1,1,0,0,0,0,0,1,1,0,0,0,0,0,0,0,0,0,0,0,0,2.9345681497886047,0.252645236337606,0.7051875713039394,0.5677189982223623,-0.2395271718288254,1.482344506183904,0.5704344722990454,1.0043954072479369,-0.08686230248307002,0.9609387412333461,0.8275862068965517,0.3333333333333333,-0.13333333333333333,0.06666666666666667,-0.41379310344827586,0.14285714285714285,-0.35714285714285715,-0.35714285714285715,-0.2857142857142857,-0.2857142857142857
0,1,0,0,1.99006778068586,0.2857142857142857,1.2004380382450992,6,5,4,3,2,1,0,6,5,4,0,0,1,1,1,1,1,0,0,1,1,1,0,0,0,0,0,1,1,0,0,0,0,0,0,0,0,0,0,0,1.631971008657137,2.9345681497886047,0.252645236337606,0.7125402218671948,0.5704617744591577,-0.2372737049650476,1.4794361673655096,0.5745425188374595,1.023566591422122,-0.08279806622937429,0.6206896551724138,0.8,0.3333333333333333,-0.13333333333333333,0.06896551724137931,-0.42857142857142855,0.14285714285714285,-0.35714285714285715,-0.35714285714285715,-0.14285714285714285
1,1,0,0,0.4071315124264591,-0.7142857142857143,-0.07479710556998403,0,6,5,4,3,2,1,0,6,5,1,0,0,1,1,1,1,1,0,0,0,1,1,0,0,0,0,0,1,1,0,0,0,0,0,0,0,0,0,0,1.99006778068586,1.631971008657137,2.9345681497886047,0.25732994307058804,0.7156488980125878,0.5672163470155942,-0.2323579266660719,1.4885181198421238,0.5908803611738149,1.0337048049206745,0.27586206896551724,0.6,0.8,0.3333333333333333,-0.13793103448275862,0.07142857142857142,-0.42857142857142855,0.14285714285714285,-0.35714285714285715,-0.21428571428571427
2,1,0,0,1.0588551103952757,0.14285714285714285,0.6643201581555641,1,0,6,5,4,3,2,1,0,6,1,1,0,0,1,1,1,1,1,0,0,0,1,1,0,0,0,0,0,1,0,0,0,0,0,0,0,0,0,0,0.4071315124264591,1.99006778068586,1.631971008657137,2.9550640174613534,0.2592885018836428,0.7114178168130489,0.5684717637612633,-0.2326426264800861,1.5108803611738149,0.598651807803173,-0.6896551724137931,0.26666666666666666,0.6,0.8,0.3448275862068966,-0.14285714285714285,0.07142857142857142,-0.42857142857142855,0.14285714285714285,-0.21428571428571427
3,1,0,0,1.4822271435921526,-0.21428571428571427,0.998843283890637,2,1,0,6,5,4,3,2,1,0,1,1,1,0,0,1,1,1,1,1,0,0,0,1,1,0,0,0,0,0,0,0,0,0,0,0,0,0,0,0,1.0588551103952757,0.4071315124264591,1.99006778068586,1.644787471029005,2.9638385706873605,0.2581555834378921,0.7120171290926933,0.5725690706853246,-0.22162528216704291,1.5236841507977936,0.13793103448275862,-0.6666666666666666,0.26666666666666666,0.6,0.8275862068965517,0.35714285714285715,-0.14285714285714285,0.07142857142857142,-0.42857142857142855,0.2857142857142857
4,1,0,0,1.2796456613650091,0.5,0.798300769087406,3,2,1,0,6,5,4,3,2,1,1,1,1,1,0,0,1,1,1,1,0,0,0,0,1,1,0,0,0,0,0,0,0,0,0,0,0,0,0,0,1.4822271435921526,1.0588551103952757,0.4071315124264591,2.0049953871425035,1.6502515283448758,2.944344864671088,0.26081720046391293,0.7168998923573734,0.5888939051918736,-0.21829819106198506,-0.20689655172413793,0.13333333333333333,-0.6666666666666666,0.26666666666666666,0.6206896551724138,0.8571428571428571,0.35714285714285715,-0.14285714285714285,0.07142857142857142,-0.2857142857142857
5,0,1,0,2.0365970963917412,0.2857142857142857,1.1984610936930506,4,3,2,1,0,6,5,4,3,2,1,1,1,1,1,0,0,1,1,1,0,0,0,0,0,1,1,0,0,0,0,0,0,0,0,0,0,0,0,0,1.2796456613650091,1.4822271435921526,1.0588551103952757,0.4127269863414415,2.011369532360306,1.6396755690984048,2.934784548130966,0.2632310728381772,0.734176072234763,0.596654486030096,0.4827586206896552,-0.2,0.13333333333333333,-0.6666666666666666,0.27586206896551724,0.6428571428571429,0.8571428571428571,0.35714285714285715,-0.14285714285714285,0.21428571428571427
6,0,0,1,1.3467552513254144,-0.14285714285714285,1.1757502434605944,5,4,3,2,1,0,6,5,4,3,0,1,1,1,1,1,0,0,1,1,1,0,0,0,0,0,1,1,0,0,0,0,0,0,0,0,0,0,0,0,2.0365970963917412,1.2796456613650091,1.4822271435921526,1.0682927926914338,0.4150781655349771,1.9983419967736153,1.63605138727808,2.951829924650161,0.2775169300225734,0.7427313375246828,0.27586206896551724,0.4666666666666667,-0.2,0.13333333333333333,-0.6896551724137931,0.2857142857142857,0.6428571428571429,0.8571428571428571,0.35714285714285715,0.0
0,1,0,0,0.5859114600809788,0.0,0.4793432193282587,6,5,4,3,2,1,0,6,5,4,0,0,1,1,1,1,1,0,0,1,0,1,0,0,0,0,0,1,1,0,1,0,0,0,0,0,0,0,0,0,1.3467552513254144,2.0365970963917412,1.2796456613650091,1.4941607974618034,1.0723003000293263,0.4128876142677899,1.9930859131055398,1.6459903121636166,2.9838374717832954,0.2835742981002746,-0.13793103448275862,0.26666666666666666,0.4666666666666667,-0.2,0.13793103448275862,-0.7142857142857143,0.2857142857142857,0.6428571428571429,0.8571428571428571,0.5
1,1,0,0,0.8697850256134937,-0.5,0.958767698201731,0,6,5,4,3,2,1,0,6,5,1,0,0,1,1,1,1,1,0,0,0,0,1,0,0,0,0,0,1,1,0,1,0,0,0,0,0,0,0,0,0.5859114600809788,1.3467552513254144,2.0365970963917412,1.290385004837875,1.4992442870355749,1.0656479655852305,0.41484521366758853,2.0049784714747036,1.6693905191873588,3.0046982455343967,0.0,-0.13333333333333333,0.26666666666666666,0.4666666666666667,-0.20689655172413793,0.14285714285714285,-0.7142857142857143,0.2857142857142857,0.6428571428571429,1.0
2,1,0,0,0.6908261190524128,0.6428571428571429,0.7587086061332351,1,0,6,5,4,3,2,1,0,6,1,1,0,0,1,1,1,1,1,0,0,0,0,1,0,0,0,0,0,1,0,0,1,0,0,0,0,0,0,0,0.8697850256134937,0.5859114600809788,1.3467552513254144,2.0517990144236182,1.2949536420853167,1.489693493457609,1.0646355607101436,0.4181019016864011,2.030744920993228,1.683061349554007,-0.4827586206896552,0.0,-0.13333333333333333,0.26666666666666666,0.4827586206896552,-0.21428571428571427,0.14285714285714285,-0.7142857142857143,0.2857142857142857,0.7857142857142857
3,1,0,0,1.115048207055455,0.8571428571428571,1.5100782508747725,2,1,0,6,5,4,3,2,1,0,1,1,1,0,0,1,1,1,1,1,0,0,0,0,1,0,0,0,0,0,0,0,0,1,0,0,0,0,0,0,0.6908261190524128,0.8697850256134937,0.5859114600809788,1.3578902364933285,2.058291411942521,1.2867897472665353,1.4867517173699702,1.071447793326157,0.43340857787810383,2.0463923375473794,0.6206896551724138,-0.4666666666666667,0.0,-0.13333333333333333,0.27586206896551724,0.5,-0.21428571428571427,0.14285714285714285,-0.7142857142857143,0.42857142857142855
4,1,0,0,0.8007068876809165,1.1428571428571428,1.1033287471781787,3,2,1,0,6,5,4,3,2,1,1,1,1,1,0,0,1,1,1,1,0,0,0,0,0,1,0,0,0,0,0,0,0,0,1,0,0,0,0,0,1.115048207055455,0.6908261190524128,0.8697850256134937,0.5925609234715691,1.3626294299442803,2.0449453307044276,1.2847711660272993,1.495873699318263,1.091060948081264,0.4403186636101591,0.8275862068965517,0.6,-0.4666666666666667,0.0,-0.13793103448275862,0.2857142857142857,0.5,-0.21428571428571427,0.14285714285714285,-0.5714285714285714
5,0,1,0,0.4164821152942755,0.7857142857142857,0.47510897684214276,4,3,2,1,0,6,5,4,3,2,1,1,1,1,1,0,0,1,1,1,0,0,0,0,0,0,1,0,0,0,0,0,0,0,0,1,0,0,0,0,0.8007068876809165,1.115048207055455,0.6908261190524128,0.8781080533741367,0.5953664643912563,1.3540060942821295,2.0394772058167545,1.292787944025834,1.5182844243792324,1.101568351528632,1.103448275862069,0.8,0.6,-0.4666666666666667,0.0,-0.14285714285714285,0.2857142857142857,0.5,-0.21428571428571427,0.2857142857142857
6,0,1,0,1.0233765071695413,0.5714285714285714,1.0793470040194055,5,4,3,2,1,0,6,5,4,3,0,1,1,1,1,1,0,0,1,1,1,0,0,0,0,0,0,1,0,0,0,0,0,0,0,0,1,0,0,0,0.4164821152942755,0.8007068876809165,1.115048207055455,0.6980941022929279,0.8816350470346728,0.5919519627173327,1.3516816843607813,2.0516236096160747,1.3138600451467268,1.5311287137701715,0.7586206896551724,1.0666666666666667,0.8,0.6,-0.4827586206896552,0.0,-0.14285714285714285,0.2857142857142857,0.5,-0.07142857142857142
0,1,0,0,0.6966870232422882,0.5,0.9400614646563914,6,5,4,3,2,1,0,6,5,4,0,0,1,1,1,1,1,0,0,1,1,1,0,0,0,0,0,0,1,0,0,0,0,0,0,0,0,1,0,0,1.0233765071695413,0.4164821152942755,0.8007068876809165,1.1248171733309333,0.7011662794107697,0.8762771105932965,0.5930948345079845,1.360064585575888,2.077697516930023,1.325586145849883,0.5517241379310345,0.7333333333333333,1.0666666666666667,0.8,0.6206896551724138,-0.5,0.0,-0.14285714285714285,0.2857142857142857,0.6428571428571429
1,1,0,0,0.6800438449321075,0.35714285714285715,0.7777371745086104,0,6,5,4,3,2,1,0,6,5,1,0,0,1,1,1,1,1,0,0,0,1,1,0,0,0,0,0,0,1,0,0,0,0,0,0,0,0,1,0,0.6966870232422882,1.0233765071695413,0.4164821152942755,0.8086226682567901,1.1289674930632319,0.6970335185517119,0.8761263270586137,0.5973268747757443,1.3815801354401804,2.0936017612746545,0.4827586206896552,0.5333333333333333,0.7333333333333333,1.0666666666666667,0.8275862068965517,0.6428571428571429,-0.5,0.0,-0.14285714285714285,0.42857142857142855
2,1,0,0,0.9261123414535938,0.21428571428571427,1.1044188336408793,1,0,6,5,4,3,2,1,0,6,1,1,0,0,1,1,1,1,1,0,0,0,1,1,0,0,0,0,0,0,0,0,0,0,0,0,0,0,0,1,0.6800438449321075,0.6966870232422882,1.0233765071695413,0.42213271528543456,0.8119741027318461,1.121930453486288,0.6976982781693283,0.8819070685324721,0.6138148984198645,1.3936766608411446,0.3448275862068966,0.4666666666666667,0.5333333333333333,0.7333333333333333,1.103448275862069,0.8571428571428571,0.6428571428571429,-0.5,0.0,0.0
3,1,0,0,0.4831890477149185,0.5,0.45178446597371835,2,1,0,6,5,4,3,2,1,0,1,1,1,0,0,1,1,1,1,1,0,0,0,1,1,0,0,0,0,0,0,0,0,0,0,0,0,0,0,0,0.9261123414535938,0.6800438449321075,0.6966870232422882,1.032605026889584,0.42450765864332596,0.8070890840652448,1.1206619680613792,0.702502691065662,0.900270880361174,0.6217117955468802,0.20689655172413793,0.3333333333333333,0.4666666666666667,0.5333333333333333,0.7586206896551724,1.1428571428571428,0.8571428571428571,0.6428571428571429,-0.5,0.14285714285714285
4,1,0,0,0.4831890477149185,0.42857142857142855,0.5470445060596404,3,2,1,0,6,5,4,3,2,1,1,1,1,1,0,0,1,1,1,1,0,0,0,0,1,1,0,0,0,0,0,0,0,0,0,0,0,0,0,0,0.4831890477149185,0.9261123414535938,0.6800438449321075,0.7039895591908375,1.0365223668478876,0.4222530919519626,0.8072531001873495,1.1277807678507354,0.719683972911964,0.9097346739599175,0.4827586206896552,0.2,0.3333333333333333,0.4666666666666667,0.5517241379310345,0.7857142857142857,1.1428571428571428,0.8571428571428571,0.6428571428571429,-0.35714285714285715
5,0,1,0,0.38028767644229694,0.21428571428571427,0.24138108150570917,4,3,2,1,0,6,5,4,3,2,1,1,1,1,1,0,0,1,1,1,0,0,0,0,0,1,1,0,0,0,0,0,0,0,0,0,0,0,0,0,0.4831890477149185,0.4831890477149185,0.9261123414535938,0.687248261740285,0.7070766315504525,1.0301129234629862,0.4241680792220536,0.8126569788302834,1.1477652370203162,0.7281599673165529,0.41379310344827586,0.4666666666666667,0.2,0.3333333333333333,0.4827586206896552,0.5714285714285714,0.7857142857142857,1.1428571428571428,0.8571428571428571,0.7857142857142857
6,0,1,0,0.26396438717759435,0.5714285714285714,0.37872307065032446,5,4,3,2,1,0,6,5,4,3,0,1,1,1,1,1,0,0,1,1,1,0,0,0,0,0,1,1,0,0,0,0,0,0,0,0,0,0,0,0,0.38028767644229694,0.4831890477149185,0.4831890477149185,0.934767444476947,0.6902930361614293,0.7029037461910739,1.0292622000178429,0.4274757804090418,0.8305643340857789,1.1585828094146486,0.20689655172413793,0.4,0.4666666666666667,0.2,0.3448275862068966,0.5,0.5714285714285714,0.7857142857142857,1.1428571428571428,1.0
0,1,0,0,0.577142473659486,-0.2857142857142857,0.3708671331696057,6,5,4,3,2,1,0,6,5,4,0,0,1,1,1,1,1,0,0,1,1,1,0,0,0,0,0,1,1,0,0,0,0,0,0,0,0,0,0,0,0.26396438717759435,0.38028767644229694,0.4831890477149185,0.48923291555095527,0.9384375916442962,0.6862340921312063,0.7035417967704524,1.035880875493362,0.44284424379232495,0.8396468371955788,0.5517241379310345,0.2,0.4,0.4666666666666667,0.20689655172413793,0.35714285714285715,0.5,0.5714285714285714,0.7857142857142857,1.2857142857142858
1,1,0,0,1.2661342639196476,-0.35714285714285715,0.8979741088960597,0,6,5,4,3,2,1,0,6,5,1,0,0,1,1,1,1,1,0,0,0,1,1,0,0,0,0,0,1,1,0,0,0,0,0,0,0,0,0,0,0.577142473659486,0.26396438717759435,0.38028767644229694,0.48923291555095527,0.49177739177513596,0.9326940311883851,0.6869479882237488,0.7083781844277001,1.0552595936794582,0.44980594203227475,-0.27586206896551724,0.5333333333333333,0.2,0.4,0.4827586206896552,0.21428571428571427,0.35714285714285715,0.5,0.5714285714285714,0.9285714285714286
2,0,0,1,0.19685479721718901,-0.21428571428571427,0.15393833688585434,1,0,6,5,4,3,2,1,0,6,1,1,0,0,1,1,1,1,1,0,0,0,1,1,0,0,0,0,0,1,0,0,0,0,0,0,0,0,0,0,1.2661342639196476,0.577142473659486,0.26396438717759435,0.3857248936792602,0.49177739177513596,0.48906614088546335,0.9322865554465162,0.6916935773232866,0.7255981941309256,1.065571165936585,-0.3448275862068966,-0.26666666666666666,0.5333333333333333,0.2,0.41379310344827586,0.5,0.21428571428571427,0.35714285714285715,0.5,0.7142857142857143
3,1,0,0,0.30423014115383756,-0.5714285714285714,0.22421925638133913,2,1,0,6,5,4,3,2,1,0,0,1,1,0,0,1,1,1,1,1,0,0,0,1,1,0,0,0,0,0,1,0,0,0,0,0,0,0,0,0,0.19685479721718901,1.2661342639196476,0.577142473659486,0.2687158254764745,0.3880078503913917,0.48906614088546335,0.49067713444553485,0.9383745963401505,0.708803611738149,0.734106538959123,-0.20689655172413793,-0.3333333333333333,-0.26666666666666666,0.5333333333333333,0.20689655172413793,0.42857142857142855,0.5,0.21428571428571427,0.35714285714285715,0.6428571428571429
4,1,0,0,0.12527123459275666,-0.5714285714285714,0.24188517692317968,3,2,1,0,6,5,4,3,2,1,1,0,1,1,0,0,1,1,1,1,0,0,0,0,1,1,0,0,0,0,0,1,0,0,0,0,0,0,0,0,0.30423014115383756,0.19685479721718901,1.2661342639196476,0.5837402398685899,0.27070315143585466,0.38600107546155227,0.49067713444553485,0.4943487621097954,0.9571106094808126,0.71722009124129,-0.5517241379310345,-0.2,-0.3333333333333333,-0.26666666666666666,0.5517241379310345,0.21428571428571427,0.42857142857142855,0.5,0.21428571428571427,0.5
5,0,1,0,0.43844932107464824,-0.35714285714285715,0.1754100983192791,4,3,2,1,0,6,5,4,3,2,1,1,0,1,1,0,0,1,1,1,0,0,0,0,0,1,1,0,0,0,0,0,1,0,0,0,0,0,0,0,0.12527123459275666,0.30423014115383756,0.19685479721718901,1.2767939515312439,0.5865234947776851,0.2694927406345223,0.38808100633419573,0.4943487621097954,0.510158013544018,0.9668853128759163,-0.5517241379310345,-0.5333333333333333,-0.2,-0.3333333333333333,-0.27586206896551724,0.5714285714285714,0.21428571428571427,0.42857142857142855,0.5,0.35714285714285715
6,0,1,0,0.15211507057691878,-0.35714285714285715,0.26166082424848436,5,4,3,2,1,0,6,5,4,3,0,1,1,0,1,1,0,0,1,1,1,0,0,0,0,0,1,1,0,0,0,0,0,1,0,0,0,0,0,0,0.43844932107464824,0.12527123459275666,0.30423014115383756,0.2012105938210212,1.281328250129712,0.5831690267072952,0.2721027745561602,0.39119124506637953,0.510158013544018,0.5174879139335891,-0.3448275862068966,-0.5333333333333333,-0.5333333333333333,-0.2,-0.3448275862068966,-0.2857142857142857,0.5714285714285714,0.21428571428571427,0.42857142857142855,0.6428571428571429
0,1,0,0,0.8947945328054047,-0.5714285714285714,0.6163504700331971,6,5,4,3,2,1,0,6,5,4,0,0,1,1,0,1,1,0,0,1,1,1,0,0,0,0,0,1,1,0,0,0,0,0,1,0,0,0,0,0,0.15211507057691878,0.43844932107464824,0.12527123459275666,0.30921896446974645,0.203027363576891,1.2732568560673958,0.5843518601124097,0.27457839971295295,0.40632054176072235,0.5174879139335891,-0.3448275862068966,-0.3333333333333333,-0.5333333333333333,-0.5333333333333333,-0.20689655172413793,-0.35714285714285715,-0.2857142857142857,0.5714285714285714,0.21428571428571427,0.5714285714285714
1,1,0,0,-0.08053150795248641,-1.1428571428571428,-0.4025084233231115,0,6,5,4,3,2,1,0,6,5,1,0,0,1,1,0,1,1,0,0,0,1,1,0,0,0,0,0,1,1,0,0,0,0,0,1,0,0,0,0,0.8947945328054047,0.15211507057691878,0.43844932107464824,0.12920501338853765,0.31130862415123284,0.2022763936189281,1.2712998483361584,0.5885360602798707,0.28893905191873587,0.41308245761365436,-0.5517241379310345,-0.3333333333333333,-0.3333333333333333,-0.5333333333333333,-0.5517241379310345,-0.21428571428571427,-0.35714285714285715,-0.2857142857142857,0.5714285714285714,0.35714285714285715
2,0,0,1,2.183298660045187,0.0,0.6690982512182571,1,0,6,5,4,3,2,1,0,6,1,1,0,0,1,1,0,1,1,0,0,0,1,1,0,0,0,0,0,1,0,0,0,0,0,0,1,0,0,0,-0.08053150795248641,0.8947945328054047,0.15211507057691878,0.44422942778065305,0.13083985652732974,0.30982254884387883,0.2051922562226782,1.27924291352709,0.6049661399548533,0.29505889829546744,-1.103448275862069,-0.5333333333333333,-0.3333333333333333,-0.3333333333333333,-0.5517241379310345,-0.5714285714285714,-0.21428571428571427,-0.35714285714285715,-0.2857142857142857,0.7142857142857143
3,1,0,0,1.937230163523701,-0.6428571428571429,1.8617150184813784,2,1,0,6,5,4,3,2,1,0,0,1,1,0,0,1,1,0,1,1,0,0,0,1,1,0,0,0,0,0,1,0,0,0,0,0,0,1,0,0,2.183298660045187,-0.08053150795248641,0.8947945328054047,0.15620710605071897,0.44666019986916017,0.13057895680229428,0.3122490855562494,0.20730175816289914,1.3002257336343115,0.6128146349213555,0.0,-1.0666666666666667,-0.5333333333333333,-0.3333333333333333,-0.3448275862068966,-0.5714285714285714,-0.5714285714285714,-0.21428571428571427,-0.35714285714285715,-0.14285714285714285
4,1,0,0,0.4071315124264591,-0.35714285714285715,0.29870181913247246,3,2,1,0,6,5,4,3,2,1,1,0,1,1,0,0,1,1,0,1,0,0,0,0,1,1,0,0,0,0,0,1,0,0,0,0,0,0,1,0,1.937230163523701,2.183298660045187,-0.08053150795248641,0.9032650030377355,0.15791017167091523,0.44425524287506724,0.13382103666696404,0.31494438464298524,0.22121896162528218,1.311877255498309,-0.6206896551724138,0.0,-1.0666666666666667,-0.5333333333333333,-0.3448275862068966,-0.35714285714285715,-0.5714285714285714,-0.5714285714285714,-0.21428571428571427,-0.21428571428571427
5,0,1,0,0.8142630248529182,-0.2857142857142857,0.6953317265888229,4,3,2,1,0,6,5,4,3,2,1,1,0,1,1,0,0,1,1,0,0,0,0,0,0,1,1,0,0,0,0,0,1,0,0,0,0,0,0,1,0.4071315124264591,1.937230163523701,2.183298660045187,-0.07781103035485247,0.9068555573101131,0.15746549560853196,0.44607012222321346,0.13554000717617506,0.3295711060948081,0.2269683833042057,-0.3448275862068966,-0.6,0.0,-1.0666666666666667,-0.5517241379310345,-0.35714285714285715,-0.35714285714285715,-0.5714285714285714,-0.5714285714285714,-0.07142857142857142
6,0,1,0,0.21922466053732412,-0.14285714285714285,0.3577948417522039,5,4,3,2,1,0,6,5,4,3,0,1,1,0,1,1,0,0,1,1,1,0,0,0,0,0,1,1,0,0,0,0,0,1,0,0,0,0,0,0,0.8142630248529182,0.4071315124264591,1.937230163523701,2.199365450822439,-0.07669922624015882,0.9013264025811077,0.16058524400035684,0.44949766774309285,0.1489841986455982,0.33591320729022445,-0.27586206896551724,-0.3333333333333333,-0.6,0.0,-1.103448275862069,-0.5714285714285714,-0.35714285714285715,-0.35714285714285715,-0.5714285714285714,-0.42857142857142855
0,0,0,1,0.2550164418495403,0.14285714285714285,0.5895817312004213,6,5,4,3,2,1,0,6,5,4,0,0,1,1,0,1,1,0,0,1,1,1,0,0,0,0,0,1,1,0,0,0,0,0,1,0,0,0,0,0,0.21922466053732412,0.8142630248529182,0.4071315124264591,1.9518462680857769,2.2062306842022155,-0.07555117404552794,0.9010616468908912,0.1624506637961966,0.4650112866817156,0.1543385006468599,-0.13793103448275862,-0.26666666666666666,-0.3333333333333333,-0.6,0.0,-1.1428571428571428,-0.5714285714285714,-0.35714285714285715,-0.35714285714285715,-0.42857142857142855
1,1,0,0,1.351139744536161,0.0,1.7047462253271533,0,6,5,4,3,2,1,0,6,5,0,0,0,1,1,0,1,1,0,0,0,1,1,0,0,0,0,0,1,1,1,0,0,0,0,1,0,0,0,0,0.2550164418495403,0.21922466053732412,0.8142630248529182,0.4127269863414415,1.9580861287193487,2.1918802652805165,-0.07137121955571415,0.9069788302834587,0.17607223476297967,0.47209423727274785,0.13793103448275862,-0.13333333333333333,-0.26666666666666666,-0.3333333333333333,-0.6206896551724138,0.0,-1.1428571428571428,-0.5714285714285714,-0.35714285714285715,-0.21428571428571427
2,1,0,0,0.12974520725678368,-0.21428571428571427,0.3190380142011789,1,0,6,5,4,3,2,1,0,6,1,0,0,0,1,1,0,1,1,0,0,0,1,1,0,0,0,0,0,1,0,1,0,0,0,0,1,0,0,0,1.351139744536161,0.2550164418495403,0.21922466053732412,0.8222587250511916,0.4150781655349771,1.9454203262233378,2.185743598893746,-0.07077502691065661,0.9255079006772009,0.18157470664336456,0.0,0.13333333333333333,-0.13333333333333333,-0.26666666666666666,-0.3448275862068966,-0.6428571428571429,0.0,-1.1428571428571428,-0.5714285714285714,-0.21428571428571427
3,1,0,0,0.08947945328054047,0.2857142857142857,0.27860224677076795,2,1,0,6,5,4,3,2,1,0,1,1,0,0,0,1,1,0,1,1,0,0,0,1,1,0,0,0,0,0,0,0,1,0,0,0,0,1,0,0,0.12974520725678368,1.351139744536161,0.2550164418495403,0.22371233770617227,0.8256446118793567,0.4128876142677899,1.9404050316709787,2.198690348044492,-0.05869074492099323,0.9351097392133275,-0.20689655172413793,0.0,0.13333333333333333,-0.13333333333333333,-0.27586206896551724,-0.35714285714285715,-0.6428571428571429,0.0,-1.1428571428571428,-0.42857142857142855
4,1,0,0,0.08053150795248641,0.14285714285714285,0.3142567407257575,3,2,1,0,6,5,4,3,2,1,1,1,1,0,0,0,1,1,0,1,0,0,0,0,1,1,0,0,0,0,0,0,0,1,0,0,0,0,1,0,0.08947945328054047,0.12974520725678368,1.351139744536161,0.259715127922414,0.22558595952987887,0.8206667861623947,0.41484521366758853,1.9520093290276281,2.2257336343115126,-0.05447241199300937,0.27586206896551724,-0.2,0.0,0.13333333333333333,-0.13793103448275862,-0.2857142857142857,-0.35714285714285715,-0.6428571428571429,0.0,-1.0
5,0,1,0,0.782945216204729,0.2857142857142857,1.0956272187354297,4,3,2,1,0,6,5,4,3,2,1,1,1,1,0,0,0,1,1,0,0,0,0,0,0,1,1,0,0,0,0,0,0,0,1,0,0,0,0,1,0.08053150795248641,0.08947945328054047,0.12974520725678368,1.362300578294818,0.2616797130546595,0.22468184262412616,0.8207690248907128,0.4181019016864011,1.9774266365688487,2.2424476270455522,0.13793103448275862,0.26666666666666666,-0.2,0.0,0.13793103448275862,-0.14285714285714285,-0.2857142857142857,-0.35714285714285715,-0.6428571428571429,0.14285714285714285
6,0,1,0,0.4652931570588104,-0.21428571428571427,0.8650832345815181,5,4,3,2,1,0,6,5,4,3,0,1,1,1,1,0,0,0,1,1,1,0,0,0,0,0,1,1,0,0,0,0,0,0,0,1,0,0,0,0,0.782945216204729,0.08053150795248641,0.08947945328054047,0.1337053621655679,1.367050914751066,0.26053056103244304,0.22749576233383886,0.8262468604233942,0.43340857787810383,1.9927824054109262,0.27586206896551724,0.13333333333333333,0.26666666666666666,-0.2,0.0,0.14285714285714285,-0.14285714285714285,-0.2857142857142857,-0.35714285714285715,-0.5
0,1,0,0,0.07158356262443237,0.0,0.09005990625415441,6,5,4,3,2,1,0,6,5,4,0,0,1,1,1,1,0,0,0,1,1,1,0,0,0,0,0,1,1,0,0,0,0,0,0,0,1,0,0,0,0.4652931570588104,0.782945216204729,0.08053150795248641,0.0932022231722959,0.13535157571792733,1.3583975622871485,0.26318137211169595,0.2297273053462504,0.8442437923250564,0.4403186636101591,-0.20689655172413793,0.26666666666666666,0.13333333333333333,0.26666666666666666,-0.20689655172413793,0.0,0.14285714285714285,-0.14285714285714285,-0.2857142857142857,-0.21428571428571427
1,1,0,0,0.2281726058653782,-0.42857142857142855,0.2699124050726311,0,6,5,4,3,2,1,0,6,5,1,0,0,1,1,1,1,0,0,0,0,1,1,0,0,0,0,0,1,1,0,0,0,0,0,0,0,1,0,0,0.07158356262443237,0.4652931570588104,0.782945216204729,0.08420152561823545,0.09474610300254913,0.1350600466033339,1.3560531715585689,0.26560818083961246,0.24379232505643342,0.8534011212238135,0.0,-0.2,0.26666666666666666,0.13333333333333333,0.27586206896551724,-0.21428571428571427,0.0,0.14285714285714285,-0.14285714285714285,-0.14285714285714285
2,1,0,0,0.8455808335011074,-0.8571428571428571,0.8442766564702635,1,0,6,5,4,3,2,1,0,6,1,1,0,0,1,1,1,1,0,0,0,0,1,1,0,0,0,0,0,1,0,0,0,0,0,0,0,0,1,0,0.2281726058653782,0.07158356262443237,0.4652931570588104,0.79075628361198,0.08572266462135397,0.09473023839397737,0.13828173788919618,1.3644599928238248,0.2799097065462754,0.2496652216346263,-0.41379310344827586,0.0,-0.2,0.26666666666666666,0.13793103448275862,0.2857142857142857,-0.21428571428571427,0.0,0.14285714285714285,0.0
3,1,0,0,0.5324027470192157,0.35714285714285715,0.6551559578989684,2,1,0,6,5,4,3,2,1,0,1,1,1,0,0,1,1,1,1,0,0,0,0,1,1,0,0,0,0,0,0,0,0,0,0,0,0,0,0,1,0.8455808335011074,0.2281726058653782,0.07158356262443237,0.4712315204428344,0.7940625775451736,0.08576805879189814,0.09813542688910697,0.14002511661284534,1.3860045146726863,0.2859801629632992,-0.8275862068965517,-0.4,0.0,-0.2,0.27586206896551724,0.14285714285714285,0.2857142857142857,-0.21428571428571427,0.0,0.2857142857142857
4,1,0,0,-0.22369863320135117,0.2857142857142857,-0.21374742943141217,3,2,1,0,6,5,4,3,2,1,1,1,1,1,0,0,1,1,1,1,0,0,0,0,1,1,0,0,0,0,0,0,0,0,0,0,0,0,0,0,0.5324027470192157,0.8455808335011074,0.2281726058653782,0.07520082806417501,0.47373051501274566,0.7892991575551175,0.0892140244446427,0.09965913168281304,0.15349887133182843,1.3981252411539071,0.3448275862068966,-0.8,-0.4,0.0,-0.20689655172413793,0.2857142857142857,0.14285714285714285,0.2857142857142857,-0.21428571428571427,0.14285714285714285
5,0,1,0,-0.17895890656108093,-0.21428571428571427,-0.1702761170722647,4,3,2,1,0,6,5,4,3,2,1,1,1,1,1,0,0,1,1,1,0,0,0,0,0,1,1,0,0,0,0,0,0,0,0,0,0,0,0,0,-0.22369863320135117,0.5324027470192157,0.8455808335011074,0.2327130352602327,0.07669922624015882,0.4711417816813049,0.7895441163350878,0.09068891280947253,0.11286681715575621,0.15887786831294398,0.27586206896551724,0.3333333333333333,-0.8,-0.4,0.0,-0.21428571428571427,0.2857142857142857,0.14285714285714285,0.2857142857142857,-0.07142857142857142
6,0,1,0,0.2326465785294052,0.42857142857142855,0.35585812942117123,5,4,3,2,1,0,6,5,4,3,0,1,1,1,1,1,0,0,1,1,1,0,0,0,0,0,1,1,0,0,0,0,0,0,0,0,0,0,0,0,-0.17895890656108093,-0.22369863320135117,0.5324027470192157,0.8537611664904031,0.23460939791107405,0.07680587918981892,0.47283432955660626,0.7948510943667024,0.1038374717832957,0.11802355931818696,-0.20689655172413793,0.26666666666666666,0.3333333333333333,-0.8,-0.41379310344827586,0.0,-0.21428571428571427,0.2857142857142857,0.14285714285714285,0.42857142857142855
0,1,0,0,-0.32212603180994565,-1.0,-0.2837238244081411,6,5,4,3,2,1,0,6,5,4,0,0,1,1,1,1,1,0,0,1,1,1,0,0,0,0,0,1,1,0,0,0,0,0,0,0,0,0,0,0,0.2326465785294052,-0.17895890656108093,-0.22369863320135117,0.5387367520982876,0.8572266462135397,0.2336440222262054,0.08029262200017842,0.47640832436311437,0.8126410835214447,0.10894482398601874,0.41379310344827586,-0.2,0.26666666666666666,0.3333333333333333,-0.8275862068965517,-0.42857142857142855,0.0,-0.21428571428571427,0.2857142857142857,0.2857142857142857
1,1,0,0,-0.12079726192872962,-0.21428571428571427,0.04607129976471307,0,6,5,4,3,2,1,0,6,5,1,0,0,1,1,1,1,1,0,0,0,1,1,0,0,0,0,0,1,1,0,0,0,0,0,0,0,0,0,0,-0.32212603180994565,0.2326465785294052,-0.17895890656108093,-0.22182219121981953,0.5414063028717093,0.852034414769672,0.23641716477830313,0.08171869393613203,0.49209932279909707,0.8216255475612246,-0.9655172413793104,0.4,-0.2,0.26666666666666666,0.3448275862068966,-0.8571428571428571,-0.42857142857142855,0.0,-0.21428571428571427,0.42857142857142855
2,1,0,0,-0.47424110238686445,-0.35714285714285715,-0.44010217393931644,1,0,6,5,4,3,2,1,0,6,1,1,0,0,1,1,1,1,1,0,0,0,1,1,0,0,0,0,0,1,0,0,0,0,0,0,0,0,0,0,-0.12079726192872962,-0.32212603180994565,0.2326465785294052,-0.1768187034495173,-0.2210742403392813,0.5383581286968991,0.8519939334463378,0.23869752421959092,0.09480812641083522,0.4993304432692526,-0.20689655172413793,-0.9333333333333333,0.4,-0.2,0.27586206896551724,0.35714285714285715,-0.8571428571428571,-0.42857142857142855,0.0,-0.07142857142857142
3,1,0,0,-0.5681945283314319,-0.6428571428571429,-0.4788882612874438,2,1,0,6,5,4,3,2,1,0,1,1,1,0,0,1,1,1,1,1,0,0,0,1,1,0,0,0,0,0,0,0,0,0,0,0,0,0,0,0,-0.47424110238686445,-0.12079726192872962,-0.32212603180994565,0.23721338403726294,-0.17595704843330554,-0.21894604767879558,0.5397448478900883,0.8576426264800859,0.2528216704288939,0.09986608865385051,-0.3448275862068966,-0.2,-0.9333333333333333,0.4,-0.20689655172413793,0.2857142857142857,0.35714285714285715,-0.8571428571428571,-0.42857142857142855,0.14285714285714285
4,1,0,0,-0.6576739816119724,-0.14285714285714285,-0.6610147552068127,3,2,1,0,6,5,4,3,2,1,1,1,1,1,0,0,1,1,1,1,0,0,0,0,1,1,0,0,0,0,0,0,0,0,0,0,0,0,0,0,-0.5681945283314319,-0.47424110238686445,-0.12079726192872962,-0.32082986431448435,0.2391211171016716,-0.17413514966839944,-0.21411365866714246,0.5436849659131682,0.8758465011286681,0.25874395696679453,-0.6206896551724138,-0.3333333333333333,-0.2,-0.9333333333333333,0.41379310344827586,-0.21428571428571427,0.2857142857142857,0.35714285714285715,-0.8571428571428571,-0.2857142857142857
5,0,1,0,0.07158356262443237,-0.21428571428571427,0.332405288899151,4,3,2,1,0,6,5,4,3,2,1,1,1,1,1,0,0,1,1,1,0,0,0,0,0,1,1,0,0,0,0,0,0,0,0,0,0,0,0,0,-0.6576739816119724,-0.5681945283314319,-0.47424110238686445,-0.11831416934812446,-0.320332062532428,0.238125112027245,-0.1695066464448211,-0.21429852888410475,0.5598194130925508,0.8851766948864023,-0.13793103448275862,-0.6,-0.3333333333333333,-0.2,-0.9655172413793104,0.42857142857142855,-0.21428571428571427,0.2857142857142857,0.35714285714285715,-0.7142857142857143
6,0,1,0,-0.022369863320135117,0.5714285714285714,0.2758693181131502,5,4,3,2,1,0,6,5,4,3,0,1,1,1,1,1,0,0,1,1,1,0,0,0,0,0,1,1,0,0,0,0,0,0,0,0,0,0,0,0,0.07158356262443237,-0.6576739816119724,-0.5681945283314319,-0.4738417227335118,-0.11730469895553702,-0.3175300233016671,0.2408778660005353,-0.1694474345174022,-0.20316027088036118,0.5674209582605143,-0.20689655172413793,-0.13333333333333333,-0.6,-0.3333333333333333,-0.20689655172413793,-1.0,0.42857142857142855,-0.21428571428571427,0.2857142857142857,0.5
0,1,0,0,0.049213699304297254,-0.14285714285714285,0.3302456296358491,6,5,4,3,2,1,0,6,5,4,0,0,1,1,1,1,1,0,0,1,1,1,0,0,0,0,0,1,1,0,0,0,0,0,0,0,0,0,0,0,-0.022369863320135117,0.07158356262443237,-0.6576739816119724,-0.5683490470511464,-0.47373051501274566,-0.11588098225488447,-0.3122490855562494,0.24318263365626117,-0.1580135440180587,-0.19973217730770101,0.5517241379310345,-0.2,-0.13333333333333333,-0.6,-0.3448275862068966,-0.21428571428571427,-1.0,0.42857142857142855,-0.21428571428571427,0.42857142857142855
1,1,0,0,-0.4876630203789455,-0.35714285714285715,-0.4621739202339766,0,6,5,4,3,2,1,0,6,5,1,0,0,1,1,1,1,1,0,0,0,1,1,0,0,0,0,0,1,1,0,0,0,0,0,0,0,0,0,0,0.049213699304297254,-0.022369863320135117,0.07158356262443237,-0.6583560225917509,-0.5684766180152948,-0.46988707653701395,-0.11151753055580337,-0.31297093649085034,0.25733634311512416,-0.1543385006468599,-0.13793103448275862,0.5333333333333333,-0.2,-0.13333333333333333,-0.6206896551724138,-0.35714285714285715,-0.21428571428571427,-1.0,0.42857142857142855,-0.07142857142857142
2,1,0,0,-0.4250274030825672,-0.7142857142857143,-0.3383863730764069,1,0,6,5,4,3,2,1,0,6,1,1,0,0,1,1,1,1,1,0,0,0,1,1,0,0,0,0,0,1,0,0,0,0,0,0,0,0,0,0,-0.4876630203789455,0.049213699304297254,-0.022369863320135117,0.07520082806417501,-0.6587110018272463,-0.5639899623588458,-0.463912927112142,-0.1111410118406889,-0.30248306997742663,0.2632833246328786,-0.3448275862068966,-0.13333333333333333,0.5333333333333333,-0.2,-0.13793103448275862,-0.6428571428571429,-0.35714285714285715,-0.21428571428571427,-1.0,0.5714285714285714
3,1,0,0,0.5995123369796211,-0.21428571428571427,0.5023907162480289,2,1,0,6,5,4,3,2,1,0,1,1,1,0,0,1,1,1,1,1,0,0,0,1,1,0,0,0,0,0,0,0,0,0,0,0,0,0,0,0,-0.4250274030825672,-0.4876630203789455,0.049213699304297254,-0.01930649625345961,0.07669922624015882,-0.653611758379638,-0.5575876527790169,-0.465464657337639,-0.09932279909706546,-0.29959826596155154,-0.6896551724137931,-0.3333333333333333,-0.13333333333333333,0.5333333333333333,-0.20689655172413793,-0.14285714285714285,-0.6428571428571429,-0.35714285714285715,-0.21428571428571427,-0.8571428571428571
4,1,0,0,0.572668500995459,0.07142857142857142,0.0217513197122617,3,2,1,0,6,5,4,3,2,1,1,1,1,1,0,0,1,1,1,1,0,0,0,0,1,1,0,0,0,0,0,0,0,0,0,0,0,0,0,0,0.5995123369796211,-0.4250274030825672,-0.4876630203789455,0.052699084179023914,-0.01804687676239031,0.07680587918981892,-0.6468016772236596,-0.5596519555077143,-0.45598194130925507,-0.0953267209877664,-0.20689655172413793,-0.6666666666666666,-0.3333333333333333,-0.13333333333333333,0.5517241379310345,-0.21428571428571427,-0.14285714285714285,-0.6428571428571429,-0.35714285714285715,-0.07142857142857142
5,0,1,0,0.7068876809162696,0.35714285714285715,0.672188817287197,4,3,2,1,0,6,5,4,3,2,1,1,1,1,1,0,0,1,1,1,0,0,0,0,0,1,1,0,0,0,0,0,0,0,0,0,0,0,0,0,0.572668500995459,0.5995123369796211,-0.4250274030825672,-0.4873427690646025,0.05414063028717093,-0.01729700663201297,0.08029262200017842,-0.6493541442411194,-0.5507900677200903,-0.4539367666084114,0.06896551724137931,-0.2,-0.6666666666666666,-0.3333333333333333,-0.13793103448275862,0.5714285714285714,-0.21428571428571427,-0.14285714285714285,-0.6428571428571429,-0.21428571428571427
6,0,1,0,0.12974520725678368,0.14285714285714285,0.28857220459213434,5,4,3,2,1,0,6,5,4,3,0,1,1,1,1,1,0,0,1,1,1,0,0,0,0,0,1,1,0,0,0,0,0,0,0,0,0,0,0,0,0.7068876809162696,0.572668500995459,0.5995123369796211,-0.4243378861861794,-0.4872656725845384,0.054400430184620846,-0.013382103666696404,0.08171869393613203,-0.6410835214446953,-0.5492634875961778,0.3448275862068966,0.06666666666666667,-0.2,-0.6666666666666666,-0.3448275862068966,-0.14285714285714285,0.5714285714285714,-0.21428571428571427,-0.14285714285714285,-0.5
0,1,0,0,-0.24159452385745925,-0.42857142857142855,-0.33938502267316234,6,5,4,3,2,1,0,6,5,4,0,0,1,1,1,1,1,0,0,1,1,1,0,0,0,0,0,1,1,0,0,0,0,0,0,0,0,0,0,0,0.12974520725678368,0.7068876809162696,0.572668500995459,0.6062419837537409,-0.4241016039161723,-0.48333034594013274,0.05798911588901775,-0.012468604233943312,0.09480812641083522,-0.6400508409178601,0.13793103448275862,0.3333333333333333,0.06666666666666667,-0.2,-0.6896551724137931,-0.35714285714285715,-0.14285714285714285,0.5714285714285714,-0.21428571428571427,0.0
1,1,0,0,0.06710958996040535,-0.8571428571428571,0.024697017981417484,0,6,5,4,3,2,1,0,6,5,1,0,0,1,1,1,1,1,0,0,0,1,1,0,0,0,0,0,1,1,0,0,0,0,0,0,0,0,0,0,-0.24159452385745925,0.12974520725678368,0.7068876809162696,0.5792398910915597,0.609082090730673,-0.42059508872557816,-0.4772950307788384,0.05929314675278075,0.0,0.09986608865385051,-0.41379310344827586,0.13333333333333333,0.3333333333333333,0.06666666666666667,-0.20689655172413793,-0.7142857142857143,-0.35714285714285715,-0.14285714285714285,0.5714285714285714,-0.07142857142857142
2,1,0,0,-0.27738630516967544,-0.14285714285714285,-0.40667953461656625,1,0,6,5,4,3,2,1,0,6,1,1,0,0,1,1,1,1,1,0,0,0,1,1,0,0,0,0,0,1,0,0,0,0,0,0,0,0,0,0,0.06710958996040535,-0.24159452385745925,0.12974520725678368,0.7142503544024663,0.5820117755870875,0.6055744757124933,-0.41484521366758853,-0.4789199856476497,0.07223476297968397,0.004539367666084114,-0.8275862068965517,-0.4,0.13333333333333333,0.3333333333333333,0.06896551724137931,-0.21428571428571427,-0.7142857142857143,-0.35714285714285715,-0.14285714285714285,0.7142857142857143
3,1,0,0,-0.21922466053732412,0.07142857142857142,-0.2904877671785223,2,1,0,6,5,4,3,2,1,0,1,1,1,0,0,1,1,1,1,1,0,0,0,1,1,0,0,0,0,0,0,0,0,0,0,0,0,0,0,0,-0.27738630516967544,0.06710958996040535,-0.24159452385745925,0.1337053621655679,0.7173633513050148,0.5786879369062556,0.6066553662235703,-0.4161284535342662,-0.46952595936794583,0.07716925032342994,-0.13793103448275862,-0.8,-0.4,0.13333333333333333,0.3448275862068966,0.07142857142857142,-0.21428571428571427,-0.7142857142857143,-0.35714285714285715,0.0
4,1,0,0,0.5502986376753238,-0.35714285714285715,0.5654726125118709,3,2,1,0,6,5,4,3,2,1,1,1,1,1,0,0,1,1,1,1,0,0,0,0,1,1,0,0,0,0,0,0,0,0,0,0,0,0,0,0,-0.21922466053732412,-0.27738630516967544,0.06710958996040535,-0.2398235863279404,0.13535157571792733,0.713120630937444,0.5798911588901775,0.610961607463222,-0.40632054176072235,-0.46755486960666376,0.06896551724137931,-0.13333333333333333,-0.8,-0.4,0.13793103448275862,0.35714285714285715,0.07142857142857142,-0.21428571428571427,-0.7142857142857143,-0.21428571428571427
5,0,1,0,0.6666219269400264,-0.21428571428571427,0.5437286077488848,4,3,2,1,0,6,5,4,3,2,1,1,1,1,1,0,0,1,1,1,0,0,0,0,0,1,1,0,0,0,0,0,0,0,0,0,0,0,0,0,0.5502986376753238,-0.21922466053732412,-0.27738630516967544,0.07070047928714479,-0.2391211171016716,0.1350600466033339,0.7137121955571416,0.5840509508432005,0.6275395033860045,-0.4040037222814862,-0.3448275862068966,0.06666666666666667,-0.13333333333333333,-0.8,-0.41379310344827586,0.14285714285714285,0.35714285714285715,0.07142857142857142,-0.21428571428571427,-0.5714285714285714
6,0,1,0,0.5413506923472698,0.0,0.6821937596485771,5,4,3,2,1,0,6,5,4,3,0,1,1,1,1,1,0,0,1,1,1,0,0,0,0,0,1,1,0,0,0,0,0,0,0,0,0,0,0,0,0.6666219269400264,0.5502986376753238,-0.21922466053732412,-0.2758263765441822,0.07218750704956124,-0.23687040688295402,0.13828173788919618,0.7186042339433081,0.600451467268623,0.6355114732517759,-0.20689655172413793,-0.3333333333333333,0.06666666666666667,-0.13333333333333333,-0.8275862068965517,-0.42857142857142855,0.14285714285714285,0.35714285714285715,0.07142857142857142,-0.07142857142857142
0,1,0,0,0.7203095989083507,-0.5714285714285714,0.5704811264767451,6,5,4,3,2,1,0,6,5,4,0,0,1,1,1,1,1,0,0,1,1,1,0,0,0,0,0,1,1,0,0,0,0,0,0,0,0,0,0,0,0.5413506923472698,0.6666219269400264,0.5502986376753238,-0.2173218424427893,-0.2752148706264522,0.0723247893887793,-0.231956463556071,0.14002511661284534,0.7358916478555305,0.6082752672552713,0.0,-0.2,-0.3333333333333333,0.06666666666666667,-0.13793103448275862,-0.8571428571428571,-0.42857142857142855,0.14285714285714285,0.35714285714285715,0.21428571428571427
1,1,0,0,1.176654810639107,-0.5714285714285714,1.246336005516108,0,6,5,4,3,2,1,0,6,5,1,0,0,1,1,1,1,1,0,0,0,1,1,0,0,0,0,0,1,1,0,0,0,0,0,0,0,0,0,0,0.7203095989083507,0.5413506923472698,0.6666219269400264,0.5567381472064086,-0.2165625211486837,-0.27271912529127096,0.07583192077794629,-0.23223896663078575,0.15349887133182843,0.7444562972377947,-0.5517241379310345,0.0,-0.2,-0.3333333333333333,0.06896551724137931,-0.14285714285714285,-0.8571428571428571,-0.42857142857142855,0.14285714285714285,0.5
2,1,0,0,0.1744849338970539,0.14285714285714285,0.31415337731208054,1,0,6,5,4,3,2,1,0,6,1,1,0,0,1,1,1,1,1,0,0,0,1,1,0,0,0,0,0,1,0,0,0,0,0,0,0,0,0,0,1.176654810639107,0.7203095989083507,0.5413506923472698,0.6737472154091942,0.5594531796340996,-0.21446495787775596,-0.2676420733339281,0.07723358449946177,-0.22121896162528218,0.15887786831294398,-0.5517241379310345,-0.5333333333333333,0.0,-0.2,-0.3448275862068966,0.07142857142857142,-0.14285714285714285,-0.8571428571428571,-0.42857142857142855,0.2857142857142857
3,1,0,0,1.6777397490101336,-0.5714285714285714,1.0060313346983665,2,1,0,6,5,4,3,2,1,0,1,1,1,0,0,1,1,1,1,1,0,0,0,1,1,0,0,0,0,0,0,0,0,0,0,0,0,0,0,0,0.1744849338970539,1.176654810639107,0.7203095989083507,0.5477374496523482,0.6767578785896367,0.5562824879010576,-0.20965295744491033,-0.2681198421241478,0.09029345372460497,-0.21788964797203747,0.13793103448275862,-0.5333333333333333,-0.5333333333333333,0.0,-0.20689655172413793,-0.35714285714285715,0.07142857142857142,-0.14285714285714285,-0.8571428571428571,-0.2857142857142857
4,1,0,0,0.8276849428449993,0.07142857142857142,1.102729716440762,3,2,1,0,6,5,4,3,2,1,1,1,1,1,0,0,1,1,1,1,0,0,0,0,1,1,0,0,0,0,0,0,0,0,0,0,0,0,0,0,1.6777397490101336,0.1744849338970539,1.176654810639107,0.7277514007335569,0.5504297412529044,0.6727908227280875,0.5575876527790169,-0.20981341944743448,-0.25733634311512416,0.0953267209877664,-0.5517241379310345,0.13333333333333333,-0.5333333333333333,-0.5333333333333333,0.0,-0.21428571428571427,-0.35714285714285715,0.07142857142857142,-0.14285714285714285,-0.7142857142857143
5,0,1,0,-0.004473972664027023,0.0,-0.06275765318616927,4,3,2,1,0,6,5,4,3,2,1,1,1,1,1,0,0,1,1,1,0,0,0,0,0,1,1,0,0,0,0,0,0,0,0,0,0,0,0,0,0.8276849428449993,1.6777397490101336,0.1744849338970539,1.1867869759906395,0.7308985088768075,0.5473203082989784,0.6735658845570524,0.5616254036598493,-0.1986455981941309,-0.2542045893007104,0.06896551724137931,-0.5333333333333333,0.13333333333333333,-0.5333333333333333,-0.5517241379310345,0.0,-0.21428571428571427,-0.35714285714285715,0.07142857142857142,0.0
6,0,1,0,0.06710958996040535,0.21428571428571427,0.09581295483877533,5,4,3,2,1,0,6,5,4,3,0,1,1,1,1,1,0,0,1,1,1,0,0,0,0,0,1,1,0,0,0,0,0,0,0,0,0,0,0,0,-0.004473972664027023,0.8276849428449993,1.6777397490101336,0.17870884993587008,1.1910938663177604,0.7265639003405628,0.5486662503345526,0.6782382490132758,0.5778781038374717,-0.19519280964161692,0.0,0.06666666666666667,-0.5333333333333333,0.13333333333333333,-0.5517241379310345,-0.5714285714285714,0.0,-0.21428571428571427,-0.35714285714285715,0.21428571428571427
0,1,0,0,0.22369863320135117,-0.21428571428571427,0.17883906030253358,6,5,4,3,2,1,0,6,5,4,0,0,1,1,1,1,1,0,0,1,1,1,0,0,0,0,0,1,1,0,0,0,0,0,0,0,0,0,0,0,0.06710958996040535,-0.004473972664027023,0.8276849428449993,1.690826039018024,0.1804687676239031,1.1836350600466035,0.727094299223838,0.5526551847865087,0.6952595936794582,0.5855784289248507,0.20689655172413793,0.0,0.06666666666666667,-0.5333333333333333,0.13793103448275862,-0.5714285714285714,-0.5714285714285714,0.0,-0.21428571428571427,-0.21428571428571427
1,1,0,0,0.15211507057691878,0.5,0.10472304011836224,0,6,5,4,3,2,1,0,6,5,1,0,0,1,1,1,1,1,0,0,0,1,1,0,0,0,0,0,1,1,0,0,0,0,0,0,0,0,0,0,0.22369863320135117,0.06710958996040535,-0.004473972664027023,0.8357597713822822,1.6964064156646892,0.17987094461373002,1.1820858238915157,0.7320595622533188,0.5688487584650113,0.7036019882430377,-0.20689655172413793,0.2,0.0,0.06666666666666667,-0.5517241379310345,0.14285714285714285,-0.5714285714285714,-0.5714285714285714,0.0,-0.07142857142857142
2,1,0,0,0.24159452385745925,0.07142857142857142,0.3291412313158703,1,0,6,5,4,3,2,1,0,6,1,1,0,0,1,1,1,1,1,0,0,0,1,1,0,0,0,0,0,1,0,0,0,0,0,0,0,0,0,0,0.15211507057691878,0.22369863320135117,0.06710958996040535,-0.001305101145338728,0.8391797694511495,1.6855171177630401,0.18288875011151753,1.189540724793685,0.7494356659142212,0.5764996935926825,0.4827586206896552,-0.2,0.2,0.0,0.06896551724137931,-0.5714285714285714,0.14285714285714285,-0.5714285714285714,-0.5714285714285714,0.14285714285714285
3,1,0,0,-0.1565890432409458,0.21428571428571427,-0.018039778058078153,2,1,0,6,5,4,3,2,1,0,1,1,1,0,0,1,1,1,1,1,0,0,0,1,1,0,0,0,0,0,0,0,0,0,0,0,0,0,0,0,0.24159452385745925,0.15211507057691878,0.22369863320135117,0.07070047928714479,0.0,0.8341100555655135,1.6816843607815148,0.18487621097954787,1.2099322799097065,0.7580744002360471,0.06896551724137931,0.4666666666666667,-0.2,0.2,0.0,0.07142857142857142,-0.5714285714285714,0.14285714285714285,-0.5714285714285714,-0.42857142857142855
4,1,0,0,-0.3087041138178646,0.7857142857142857,-0.33241546621988227,3,2,1,0,6,5,4,3,2,1,1,1,1,1,0,0,1,1,1,1,0,0,0,0,1,1,0,0,0,0,0,0,0,0,0,0,0,0,0,0,-0.1565890432409458,0.24159452385745925,0.15211507057691878,0.2282126864832025,0.07218750704956124,0.0006273525721454847,0.8341511285574092,1.6918729817007534,0.1986455981941309,1.2210899021766266,0.20689655172413793,0.06666666666666667,0.4666666666666667,-0.2,0.20689655172413793,0.0,0.07142857142857142,-0.5714285714285714,0.14285714285714285,-0.42857142857142855
5,0,1,0,-0.4831890477149185,0.5,-0.5256229951473262,4,3,2,1,0,6,5,4,3,2,1,1,1,1,1,0,0,1,1,1,0,0,0,0,0,1,1,0,0,0,0,0,0,0,0,0,0,0,0,0,-0.3087041138178646,-0.1565890432409458,0.24159452385745925,0.15620710605071897,0.23009767872047646,0.0723247893887793,0.004460701222232135,0.839702188733405,1.7155756207674944,0.20427154497378514,0.7586206896551724,0.2,0.06666666666666667,0.4666666666666667,-0.20689655172413793,0.21428571428571427,0.0,0.07142857142857142,-0.5714285714285714,0.2857142857142857
6,0,1,0,0.6576739816119724,0.14285714285714285,0.9565067427930257,5,4,3,2,1,0,6,5,4,3,0,1,1,1,1,1,0,0,1,1,1,0,0,0,0,0,1,1,0,0,0,0,0,0,0,0,0,0,0,0,-0.4831890477149185,-0.3087041138178646,-0.1565890432409458,0.24621408159132338,0.15791017167091523,0.22916293242516578,0.07583192077794629,0.0054718335127377045,0.8577878103837472,1.7294990807780475,0.4827586206896552,0.7333333333333333,0.2,0.06666666666666667,0.4827586206896552,-0.21428571428571427,0.21428571428571427,0.0,0.07142857142857142,-0.42857142857142855
0,1,0,0,-0.7426794622284858,-0.6428571428571429,-0.8096899860888748,6,5,4,3,2,1,0,6,5,4,0,0,1,1,1,1,1,0,0,1,1,1,0,0,0,0,0,1,1,0,0,0,0,0,0,0,0,0,0,0,0.6576739816119724,-0.4831890477149185,-0.3087041138178646,-0.15431695956436622,0.24814455548286676,0.15746549560853196,0.231956463556071,0.07723358449946177,0.01805869074492099,0.8670192242220658,0.13793103448275862,0.4666666666666667,0.7333333333333333,0.2,0.06896551724137931,0.5,-0.21428571428571427,0.21428571428571427,0.0,0.21428571428571427
1,1,0,0,-0.590564391651567,-0.8571428571428571,-0.6039115578106802,0,6,5,4,3,2,1,0,6,5,1,0,0,1,1,1,1,1,0,0,0,1,1,0,0,0,0,0,1,1,0,0,0,0,0,0,0,0,0,0,-0.7426794622284858,0.6576739816119724,-0.4831890477149185,-0.3073288179833937,-0.15339845248031764,0.24708729162932422,0.16058524400035684,0.23421241478292065,0.09029345372460497,0.02269683833042057,-0.6206896551724138,0.13333333333333333,0.4666666666666667,0.7333333333333333,0.20689655172413793,0.07142857142857142,0.5,-0.21428571428571427,0.21428571428571427,0.14285714285714285
2,1,0,0,-0.773997270876675,-0.7857142857142857,-0.8211409030972767,1,0,6,5,4,3,2,1,0,6,1,1,0,0,1,1,1,1,1,0,0,0,1,1,0,0,0,0,0,1,0,0,0,0,0,0,0,0,0,0,-0.590564391651567,-0.7426794622284858,0.6576739816119724,-0.4828424202875723,-0.3067969049606353,-0.15172970066320138,0.24979926844499956,0.1624506637961966,0.24830699774266365,0.0953267209877664,-0.8275862068965517,-0.6,0.13333333333333333,0.4666666666666667,0.7586206896551724,0.21428571428571427,0.07142857142857142,0.5,-0.21428571428571427,0.35714285714285715
3,1,0,0,-0.7516274075565399,-0.9285714285714286,-0.7949176050474422,2,1,0,6,5,4,3,2,1,0,1,1,1,0,0,1,1,1,1,1,0,0,0,1,1,0,0,0,0,0,0,0,0,0,0,0,0,0,0,0,-0.773997270876675,-0.590564391651567,-0.7426794622284858,0.6647465178551338,-0.4827539533939408,-0.3040867538985482,-0.14720314033366044,0.2521528525296017,0.17607223476297967,0.2542045893007104,-0.7586206896551724,-0.8,-0.6,0.13333333333333333,0.4827586206896552,0.7857142857142857,0.21428571428571427,0.07142857142857142,0.5,-0.07142857142857142
4,1,0,0,-0.2952821958257835,-0.8571428571428571,-0.33841976741005636,3,2,1,0,6,5,4,3,2,1,1,1,1,1,0,0,1,1,1,1,0,0,0,0,1,1,0,0,0,0,0,0,0,0,0,0,0,0,0,0,-0.7516274075565399,-0.773997270876675,-0.590564391651567,-0.7438626493553251,0.6677344402084415,-0.4788492561390932,-0.298866981889553,-0.14702188733405094,0.26636568848758463,0.18157470664336456,-0.896551724137931,-0.7333333333333333,-0.8,-0.6,0.13793103448275862,0.5,0.7857142857142857,0.21428571428571427,0.07142857142857142,0.6428571428571429
5,0,1,0,0.8724246694852695,0.7857142857142857,0.7275429467032796,4,3,2,1,0,6,5,4,3,2,1,1,1,1,1,0,0,1,1,1,0,0,0,0,0,1,1,0,0,0,0,0,0,0,0,0,0,0,0,0,-0.2952821958257835,-0.7516274075565399,-0.773997270876675,-0.5908507909362976,-0.7444336664486003,0.6638286431260083,-0.47283432955660626,-0.29951560818083955,-0.13544018058690746,0.27236205996504687,-0.8275862068965517,-0.8666666666666667,-0.7333333333333333,-0.8,-0.6206896551724138,0.14285714285714285,0.5,0.7857142857142857,0.21428571428571427,0.21428571428571427
6,0,1,0,-0.5055589110350536,0.35714285714285715,-0.4744390229008799,5,4,3,2,1,0,6,5,4,3,0,1,1,1,1,1,0,0,1,1,1,0,0,0,0,0,1,1,0,0,0,0,0,0,0,0,0,0,0,0,0.8724246694852695,-0.2952821958257835,-0.7516274075565399,-0.7753650907945366,-0.5910352139682826,-0.7387524645993907,0.6646444821125881,-0.47443487621097946,-0.28893905191873587,-0.1316416623164393,0.7586206896551724,-0.8,-0.8666666666666667,-0.7333333333333333,-0.8275862068965517,-0.6428571428571429,0.14285714285714285,0.5,0.7857142857142857,0.35714285714285715
0,1,0,0,-0.6263561729637832,-0.6428571428571429,-0.6873306032670472,6,5,4,3,2,1,0,6,5,4,0,0,1,1,1,1,1,0,0,1,1,1,0,0,0,0,0,1,1,0,0,0,0,0,0,0,0,0,0,0,-0.5055589110350536,0.8724246694852695,-0.2952821958257835,-0.7528633469093855,-0.7760157007827834,-0.5863954113640438,-0.7315550004460701,0.6692680301399353,-0.4650112866817156,-0.2859801629632992,0.3448275862068966,0.7333333333333333,-0.8,-0.8666666666666667,-0.7586206896551724,-0.8571428571428571,-0.6428571428571429,0.14285714285714285,0.5,0.9285714285714286
1,1,0,0,-0.5637205556674049,-1.0714285714285714,-0.6780938896002412,0,6,5,4,3,2,1,0,6,5,1,0,0,1,1,1,1,1,0,0,0,1,1,0,0,0,0,0,1,1,0,0,0,0,0,0,0,0,0,0,-0.6263561729637832,-0.5055589110350536,0.8724246694852695,-0.29382777165230306,-0.7534571048297954,-0.7701200932066681,-0.5798911588901775,-0.7345712235378542,0.6862302483069977,-0.46301550194057967,-0.6206896551724138,0.3333333333333333,0.7333333333333333,-0.8,-0.896551724137931,-0.7857142857142857,-0.8571428571428571,-0.6428571428571429,0.14285714285714285,0.6428571428571429
2,1,0,0,-0.6308301456278103,-0.5,-0.6750003021392093,1,0,6,5,4,3,2,1,0,6,1,1,0,0,1,1,1,1,1,0,0,0,1,1,0,0,0,0,0,1,0,0,0,0,0,0,0,0,0,0,-0.5637205556674049,-0.6263561729637832,-0.5055589110350536,0.8807632591525845,-0.29326174738884253,-0.7477146442014699,-0.762779909001695,-0.5820775026910656,-0.7268623024830699,0.6945232529108695,-1.0344827586206897,-0.6,0.3333333333333333,0.7333333333333333,-0.8275862068965517,-0.9285714285714286,-0.7857142857142857,-0.8571428571428571,-0.6428571428571429,0.2857142857142857
3,1,0,0,-0.581616446323513,-0.9285714285714286,-0.5918624051680434,2,1,0,6,5,4,3,2,1,0,1,1,1,0,0,1,1,1,1,1,0,0,0,1,1,0,0,0,0,0,0,0,0,0,0,0,0,0,0,0,-0.6308301456278103,-0.5637205556674049,-0.6263561729637832,-0.5053441641727234,0.8842969613571252,-0.29064348449542937,-0.7404764028905344,-0.765966989594546,-0.5733634311512416,-0.7262988265734582,-0.4827586206896552,-1.0,-0.6,0.3333333333333333,0.7586206896551724,-0.8571428571428571,-0.9285714285714286,-0.7857142857142857,-0.8571428571428571,-0.5
4,1,0,0,-0.4295013757465942,0.14285714285714285,-0.4817969077483123,3,2,1,0,6,5,4,3,2,1,1,1,1,1,0,0,1,1,1,1,0,0,0,0,1,1,0,0,0,0,0,0,0,0,0,0,0,0,0,0,-0.581616446323513,-0.6308301456278103,-0.5637205556674049,-0.6268535811525393,-0.5053125493469287,0.8789209535759097,-0.2854848782228566,-0.7435414424111947,-0.7584650112866818,-0.5719603259265984,-0.896551724137931,-0.4666666666666667,-1.0,-0.6,0.3448275862068966,0.7857142857142857,-0.8571428571428571,-0.9285714285714286,-0.7857142857142857,-0.7142857142857143
5,0,1,0,-0.4429232937386753,0.0,-0.38611880240922625,4,3,2,1,0,6,5,4,3,2,1,1,1,1,1,0,0,1,1,1,0,0,0,0,0,1,1,0,0,0,0,0,0,0,0,0,0,0,0,0,-0.4295013757465942,-0.581616446323513,-0.6308301456278103,-0.5638486982741162,-0.6271289674930632,-0.5012547051442913,0.8787581407797306,-0.2860602798708288,-0.7358916478555305,-0.7580744002360471,0.13793103448275862,-0.8666666666666667,-0.4666666666666667,-1.0,-0.6206896551724138,0.35714285714285715,0.7857142857142857,-0.8571428571428571,-0.9285714285714286,-0.6428571428571429
6,0,1,0,-0.14316712524886474,0.35714285714285715,-0.08635011382697155,5,4,3,2,1,0,6,5,4,3,0,1,1,1,1,1,0,0,1,1,1,0,0,0,0,0,1,1,0,0,0,0,0,0,0,0,0,0,0,0,-0.4429232937386753,-0.4295013757465942,-0.581616446323513,-0.6313539299295695,-0.5639648988246972,-0.6222441297723608,-0.495137835667767,0.8845532831001075,-0.27539503386004516,-0.7353775619056265,0.0,0.13333333333333333,-0.8666666666666667,-0.4666666666666667,-1.0344827586206897,-0.6428571428571429,0.35714285714285715,0.7857142857142857,-0.8571428571428571,-0.7857142857142857
0,1,0,0,-0.7203095989083507,-0.42857142857142855,-0.7273421036394735,6,5,4,3,2,1,0,6,5,4,0,0,1,1,1,1,1,0,0,1,1,1,0,0,0,0,0,1,1,0,0,0,0,0,0,0,0,0,0,0,-0.14316712524886474,-0.4429232937386753,-0.4295013757465942,-0.5818500933822371,-0.6316406866836609,-0.5595088725578062,-0.6155767686680346,-0.49686042339433073,0.9029345372460497,-0.27236205996504687,0.3448275862068966,0.0,0.13333333333333333,-0.8666666666666667,-0.4827586206896552,-1.0714285714285714,-0.6428571428571429,0.35714285714285715,0.7857142857142857,-0.7142857142857143
1,1,0,0,-0.8411068608370803,-0.7142857142857143,-0.8958241498915798,0,6,5,4,3,2,1,0,6,5,1,0,0,1,1,1,1,1,0,0,0,1,1,0,0,0,0,0,1,1,0,0,0,0,0,0,0,0,0,0,-0.7203095989083507,-0.14316712524886474,-0.4429232937386753,-0.42883823496320966,-0.5820117755870875,-0.6267252195734004,-0.5531269515567847,-0.6179583781844276,-0.48758465011286684,0.9124129008829069,-0.41379310344827586,0.3333333333333333,0.0,0.13333333333333333,-0.896551724137931,-0.5,-1.0714285714285714,-0.6428571428571429,0.35714285714285715,0.9285714285714286
2,1,0,0,-0.6845178175961345,-1.1428571428571428,-0.7208981103895815,1,0,6,5,4,3,2,1,0,6,1,1,0,0,1,1,1,1,1,0,0,0,1,1,0,0,0,0,0,1,0,0,0,0,0,0,0,0,0,0,-0.8411068608370803,-0.7203095989083507,-0.14316712524886474,-0.4423392812943003,-0.42861332310676986,-0.5774332317619647,-0.6200374698902668,-0.555166846071044,-0.6094808126410836,-0.4857123402710002,-0.6896551724137931,-0.4,0.3333333333333333,0.0,0.13793103448275862,-0.9285714285714286,-0.5,-1.0714285714285714,-0.6428571428571429,0.5
3,1,0,0,-0.6979397355882156,-0.7857142857142857,-0.7694157836250726,2,1,0,6,5,4,3,2,1,0,1,1,1,0,0,1,1,1,1,1,0,0,0,1,1,0,0,0,0,0,0,0,0,0,0,0,0,0,0,0,-0.6845178175961345,-0.8411068608370803,-0.7203095989083507,-0.14081591323327555,-0.4421484806785626,-0.4250761785266178,-0.5709697564457132,-0.6224434876210979,-0.54627539503386,-0.6082752672552713,-1.103448275862069,-0.6666666666666666,-0.4,0.3333333333333333,0.0,0.14285714285714285,-0.9285714285714286,-0.5,-1.0714285714285714,-0.5
4,1,0,0,-0.58609041898754,-0.9285714285714286,-0.6153930067812761,3,2,1,0,6,5,4,3,2,1,1,1,1,1,0,0,1,1,1,1,0,0,0,0,1,1,0,0,0,0,0,0,0,0,0,0,0,0,0,0,-0.6979397355882156,-0.6845178175961345,-0.8411068608370803,-0.721360905470174,-0.1398632949085249,-0.4385194479297366,-0.41930591488982066,-0.573107283817725,-0.6139954853273137,-0.5447241199300937,-0.7586206896551724,-1.0666666666666667,-0.6666666666666666,-0.4,0.3448275862068966,0.0,0.14285714285714285,-0.9285714285714286,-0.5,-0.9285714285714286
5,0,1,0,-0.5100328836990806,-0.14285714285714285,-0.5151680243848604,4,3,2,1,0,6,5,4,3,2,1,1,1,1,1,0,0,1,1,1,0,0,0,0,0,1,1,0,0,0,0,0,0,0,0,0,0,0,0,0,-0.58609041898754,-0.6979397355882156,-0.6845178175961345,-0.8428703224499899,-0.7218750704956124,-0.13828643126008253,-0.43268801855651706,-0.42061356297093644,-0.5643340857787811,-0.6128146349213555,-0.896551724137931,-0.7333333333333333,-1.0666666666666667,-0.6666666666666666,-0.41379310344827586,0.35714285714285715,0.0,0.14285714285714285,-0.9285714285714286,-0.35714285714285715
6,0,1,0,-0.5637205556674049,-0.9285714285714286,-0.5754482950761486,5,4,3,2,1,0,6,5,4,3,0,1,1,1,1,1,0,0,1,1,1,0,0,0,0,0,1,1,0,0,0,0,0,0,0,0,0,0,0,0,-0.5100328836990806,-0.58609041898754,-0.6979397355882156,-0.6853581152539322,-0.843691488641747,-0.7163470155941927,-0.13382103666696404,-0.43406889128094717,-0.4108352144469526,-0.5628815905944301,-0.13793103448275862,-0.8666666666666667,-0.7333333333333333,-1.0666666666666667,-0.6896551724137931,-0.42857142857142855,0.35714285714285715,0.0,0.14285714285714285,-0.7857142857142857
0,1,0,0,-0.4429232937386753,-0.7142857142857143,-0.47147153880453374,6,5,4,3,2,1,0,6,5,4,0,0,1,1,1,1,1,0,0,1,1,1,0,0,0,0,0,1,1,0,0,0,0,0,0,0,0,0,0,0,-0.5637205556674049,-0.5100328836990806,-0.58609041898754,-0.6988591615850228,-0.6857813169708318,-0.8373364402222623,-0.7092514943349094,-0.13356655902404016,-0.42437923250564336,-0.40854308994757027,-0.896551724137931,-0.13333333333333333,-0.8666666666666667,-0.7333333333333333,-1.103448275862069,-0.7142857142857143,-0.42857142857142855,0.35714285714285715,0.0,0.2857142857142857
1,1,0,0,-0.5324027470192157,-0.6428571428571429,-0.5182840337556285,0,6,5,4,3,2,1,0,6,5,1,0,0,1,1,1,1,1,0,0,0,1,1,0,0,0,0,0,1,1,0,0,0,0,0,0,0,0,0,0,-0.4429232937386753,-0.5637205556674049,-0.5100328836990806,-0.5863504421592673,-0.6993164745426246,-0.6804982971858757,-0.8296904273351771,-0.712145676354503,-0.12189616252821671,-0.4221611929458226,-0.6896551724137931,-0.8666666666666667,-0.13333333333333333,-0.8666666666666667,-0.7586206896551724,-1.1428571428571428,-0.7142857142857143,-0.42857142857142855,0.35714285714285715,0.14285714285714285
2,1,0,0,-0.5279287743551887,-0.5,-0.5775045909257737,1,0,6,5,4,3,2,1,0,6,1,1,0,0,1,1,1,1,1,0,0,0,1,1,0,0,0,0,0,1,0,0,0,0,0,0,0,0,0,0,-0.5324027470192157,-0.4429232937386753,-0.5637205556674049,-0.5098445129497536,-0.5865234947776851,-0.6939415665889946,-0.6735658845570524,-0.8332436311445998,-0.7042889390519187,-0.11802355931818696,-0.6206896551724138,-0.6666666666666666,-0.8666666666666667,-0.13333333333333333,-0.896551724137931,-0.7857142857142857,-1.1428571428571428,-0.7142857142857143,-0.42857142857142855,0.5
3,1,0,0,-0.6442520636198913,-0.35714285714285715,-0.6663045766775246,2,1,0,6,5,4,3,2,1,0,1,1,1,0,0,1,1,1,1,1,0,0,0,1,1,0,0,0,0,0,0,0,0,0,0,0,0,0,0,0,-0.5279287743551887,-0.5324027470192157,-0.4429232937386753,-0.5638486982741162,-0.5098242685375263,-0.5819143215630043,-0.6869479882237488,-0.6762648008611409,-0.8261851015801355,-0.7036019882430377,-0.4827586206896552,-0.6,-0.6666666666666666,-0.8666666666666667,-0.13793103448275862,-0.9285714285714286,-0.7857142857142857,-1.1428571428571428,-0.7142857142857143,-0.2857142857142857
4,1,0,0,-0.5055589110350536,0.0,-0.43242783802539625,3,2,1,0,6,5,4,3,2,1,1,1,1,1,0,0,1,1,1,1,0,0,0,0,1,1,0,0,0,0,0,0,0,0,0,0,0,0,0,0,-0.6442520636198913,-0.5279287743551887,-0.5324027470192157,-0.4423392812943003,-0.5639648988246972,-0.5057357949453308,-0.5754304576679454,-0.6897201291711517,-0.6681715575620768,-0.8261649152273087,-0.3448275862068966,-0.4666666666666667,-0.6,-0.6666666666666666,-0.896551724137931,-0.14285714285714285,-0.9285714285714286,-0.7857142857142857,-1.1428571428571428,-0.5714285714285714
5,0,1,0,1.0424356307182965,0.42857142857142855,1.1516167946146707,4,3,2,1,0,6,5,4,3,2,1,1,1,1,1,0,0,1,1,1,0,0,0,0,0,1,1,0,0,0,0,0,0,0,0,0,0,0,0,0,-0.5055589110350536,-0.6442520636198913,-0.5279287743551887,-0.5323462568349047,-0.4421484806785626,-0.5595088725578062,-0.4995985368899991,-0.5775923932543953,-0.6817155756207675,-0.6672870469143648,0.0,-0.3333333333333333,-0.4666666666666667,-0.6,-0.6896551724137931,-0.9285714285714286,-0.14285714285714285,-0.9285714285714286,-0.7857142857142857,-1.0
6,0,1,0,-0.2281726058653782,0.21428571428571427,-0.17534203748688876,5,4,3,2,1,0,6,5,4,3,0,1,1,1,1,1,0,0,1,1,1,0,0,0,0,0,1,1,0,0,0,0,0,0,0,0,0,0,0,0,1.0424356307182965,-0.5055589110350536,-0.6442520636198913,-0.5278459080578745,-0.5323828644905142,-0.4385194479297366,-0.5531269515567847,-0.501345532831001,-0.5688487584650113,-0.6809051499126171,0.41379310344827586,0.0,-0.3333333333333333,-0.4666666666666667,-0.6206896551724138,-0.7142857142857143,-0.9285714285714286,-0.14285714285714285,-0.9285714285714286,-0.6428571428571429
0,0,0,1,-0.4518712390667293,0.07142857142857142,-0.3052504479611328,6,5,4,3,2,1,0,6,5,4,0,0,1,1,1,1,1,0,0,1,1,1,0,0,0,0,0,1,1,0,0,0,0,0,0,0,0,0,0,0,-0.2281726058653782,1.0424356307182965,-0.5055589110350536,-0.6448549762606602,-0.5278711452999165,-0.5281412439505289,-0.43268801855651706,-0.555166846071044,-0.49209932279909707,-0.5674209582605143,0.20689655172413793,0.4,0.0,-0.3333333333333333,-0.4827586206896552,-0.6428571428571429,-0.7142857142857143,-0.9285714285714286,-0.14285714285714285,-0.7857142857142857
1,1,0,0,-0.6353041182918373,0.07142857142857142,-0.6257640146477088,0,6,5,4,3,2,1,0,6,5,0,0,0,1,1,1,1,1,0,0,0,1,1,0,0,0,0,0,1,1,1,0,0,0,0,0,0,0,0,0,-0.4518712390667293,-0.2281726058653782,1.0424356307182965,-0.5053441641727234,-0.6451758442554536,-0.5236601541494893,-0.5219020430011597,-0.43406889128094717,-0.54627539503386,-0.49025170793708434,0.06896551724137931,0.2,0.4,0.0,-0.3448275862068966,-0.5,-0.6428571428571429,-0.7142857142857143,-0.9285714285714286,0.0
2,1,0,0,-0.2729123325056484,-0.14285714285714285,-0.25629960251201717,1,0,6,5,4,3,2,1,0,6,1,0,0,0,1,1,1,1,1,0,0,0,1,1,0,0,0,0,0,1,0,1,0,0,0,0,0,0,0,0,-0.6353041182918373,-0.4518712390667293,-0.2281726058653782,1.0517765126797327,-0.5053125493469287,-0.6401684889765192,-0.5174413417789276,-0.5237710800143522,-0.42437923250564336,-0.5447241199300937,0.06896551724137931,0.06666666666666667,0.2,0.4,0.0,-0.35714285714285715,-0.5,-0.6428571428571429,-0.7142857142857143,-0.7857142857142857
3,1,0,0,-0.5637205556674049,-0.5,-0.5136541479260847,2,1,0,6,5,4,3,2,1,0,1,1,0,0,0,1,1,1,1,1,0,0,0,1,1,0,0,0,0,0,0,0,1,0,0,0,0,0,0,0,-0.2729123325056484,-0.6353041182918373,-0.4518712390667293,-0.22632253999684973,1.055742290599833,-0.5012547051442913,-0.6334195735569631,-0.519285970577682,-0.5146726862302483,-0.4221611929458226,-0.13793103448275862,0.06666666666666667,0.06666666666666667,0.2,0.41379310344827586,0.0,-0.35714285714285715,-0.5,-0.6428571428571429,-0.5714285714285714
4,1,0,0,0.8187369975169452,-0.8571428571428571,0.5311149318469356,3,2,1,0,6,5,4,3,2,1,1,1,1,0,0,0,1,1,1,1,0,0,0,0,1,1,0,0,0,0,0,0,0,1,0,0,0,0,0,0,-0.5637205556674049,-0.2729123325056484,-0.6353041182918373,-0.45133997884836075,-0.22558595952987887,1.049202366015415,-0.495137835667767,-0.6358988159311086,-0.510158013544018,-0.5129485462675049,-0.4827586206896552,-0.13333333333333333,0.06666666666666667,0.06666666666666667,0.20689655172413793,0.42857142857142855,0.0,-0.35714285714285715,-0.5,-0.5
5,0,1,0,-0.39370959443437803,0.2857142857142857,-0.3730733854793804,4,3,2,1,0,6,5,4,3,2,1,1,1,1,0,0,0,1,1,1,0,0,0,0,0,1,1,0,0,0,0,0,0,0,1,0,0,0,0,0,0.8187369975169452,-0.5637205556674049,-0.2729123325056484,-0.6358542787065997,-0.45117191905975773,-0.2234271374798352,1.0482647872245516,-0.49686042339433073,-0.6275395033860045,-0.5084091786014208,-0.8275862068965517,-0.4666666666666667,-0.13333333333333333,0.06666666666666667,0.06896551724137931,0.21428571428571427,0.42857142857142855,0.0,-0.35714285714285715,-0.35714285714285715
6,0,1,0,-0.590564391651567,0.07142857142857142,-0.5623990616510286,5,4,3,2,1,0,6,5,4,3,0,1,1,1,1,0,0,0,1,1,1,0,0,0,0,0,1,1,0,0,0,0,0,0,0,1,0,0,0,0,-0.39370959443437803,0.8187369975169452,-0.5637205556674049,-0.2713260277671519,-0.6361524058742585,-0.44748162753181586,-0.2185743598893746,1.0549874416935772,-0.48758465011286684,-0.6264327379196077,0.27586206896551724,-0.8,-0.4666666666666667,-0.13333333333333333,0.06896551724137931,0.07142857142857142,0.21428571428571427,0.42857142857142855,0.0,-0.21428571428571427
0,1,0,0,-0.6979397355882156,-1.0714285714285714,-0.7307612063432696,6,5,4,3,2,1,0,6,5,4,0,0,1,1,1,1,0,0,0,1,1,1,0,0,0,0,0,1,1,0,0,0,0,0,0,0,1,0,0,0,-0.590564391651567,-0.39370959443437803,0.8187369975169452,-0.5638486982741162,-0.27070315143585466,-0.63120630937444,-0.44160942100098133,-0.218783638320775,1.074492099322799,-0.4857123402710002,0.06896551724137931,0.26666666666666666,-0.8,-0.4666666666666667,-0.13793103448275862,0.07142857142857142,0.07142857142857142,0.21428571428571427,0.42857142857142855,0.14285714285714285
1,1,0,0,-0.6129342549717022,-1.1428571428571428,-0.6589543248206406,0,6,5,4,3,2,1,0,6,5,1,0,0,1,1,1,1,0,0,0,0,1,1,0,0,0,0,0,1,1,0,0,0,0,0,0,0,1,0,0,-0.6979397355882156,-0.590564391651567,-0.39370959443437803,0.8267590738282218,-0.5639648988246972,-0.26823803549023134,-0.6244981711124988,-0.4430391101542877,-0.2076749435665914,1.0849088721941034,-1.0344827586206897,0.06666666666666667,0.26666666666666666,-0.8,-0.4827586206896552,-0.14285714285714285,0.07142857142857142,0.07142857142857142,0.21428571428571427,0.5714285714285714
2,1,0,0,-0.6532000089479454,-1.0714285714285714,-0.7106322151638262,1,0,6,5,4,3,2,1,0,6,1,1,0,0,1,1,1,1,0,0,0,0,1,1,0,0,0,0,0,1,0,0,0,0,0,0,0,0,1,0,-0.6129342549717022,-0.6979397355882156,-0.590564391651567,-0.3928354447469679,0.8301563310699542,-0.5595088725578062,-0.26318137211169595,-0.6269285970577682,-0.43340857787810383,-0.20427154497378514,-1.103448275862069,-1.0,0.06666666666666667,0.26666666666666666,-0.8275862068965517,-0.5,-0.14285714285714285,0.07142857142857142,0.07142857142857142,0.35714285714285715
3,1,0,0,-0.6039863096436481,-1.1428571428571428,-0.7133645077388983,2,1,0,6,5,4,3,2,1,0,1,1,1,0,0,1,1,1,1,0,0,0,0,1,1,0,0,0,0,0,0,0,0,0,0,0,0,0,0,1,-0.6532000089479454,-0.6129342549717022,-0.6979397355882156,-0.5908507909362976,-0.39251956958198925,0.8251478759634344,-0.5531269515567847,-0.26363473268747756,-0.618510158013544,-0.43123992827799085,-1.0344827586206897,-1.0666666666666667,-1.0,0.06666666666666667,0.27586206896551724,-0.8571428571428571,-0.5,-0.14285714285714285,0.07142857142857142,0.21428571428571427
4,1,0,0,-0.7203095989083507,-0.6428571428571429,-0.7573327595868771,3,2,1,0,6,5,4,3,2,1,1,1,1,1,0,0,1,1,1,1,0,0,0,0,1,1,0,0,0,0,0,0,0,0,0,0,0,0,0,0,-0.6039863096436481,-0.6532000089479454,-0.6129342549717022,-0.6988591615850228,-0.5910352139682826,-0.3892274601183009,0.825229726112945,-0.555166846071044,-0.2528216704288939,-0.6173540025874396,-1.103448275862069,-1.0,-1.0666666666666667,-1.0,0.06896551724137931,0.2857142857142857,-0.8571428571428571,-0.5,-0.14285714285714285,0.21428571428571427
5,0,1,0,-0.6979397355882156,-0.21428571428571427,-0.7512887032375966,4,3,2,1,0,6,5,4,3,2,1,1,1,1,1,0,0,1,1,1,0,0,0,0,0,1,1,0,0,0,0,0,0,0,0,0,0,0,0,0,-0.7203095989083507,-0.6039863096436481,-0.6532000089479454,-0.6133525348214487,-0.6993164745426246,-0.5863954113640438,-0.3836203051119636,0.8307319698600645,-0.54627539503386,-0.2496652216346263,-0.6206896551724138,-1.0666666666666667,-1.0,-1.0666666666666667,-1.0344827586206897,0.07142857142857142,0.2857142857142857,-0.8571428571428571,-0.5,0.0
6,0,1,0,-0.5279287743551887,-0.14285714285714285,-0.5488336472400697,5,4,3,2,1,0,6,5,4,3,0,1,1,1,1,1,0,0,1,1,1,0,0,0,0,0,1,1,0,0,0,0,0,0,0,0,0,0,0,0,-0.6979397355882156,-0.7203095989083507,-0.6039863096436481,-0.6538556738147207,-0.6135938099212705,-0.6939415665889946,-0.5798911588901775,-0.3847326874775744,0.8487584650112867,-0.5447241199300937,-0.20689655172413793,-0.6,-1.0666666666666667,-1.0,-1.103448275862069,-1.0714285714285714,0.07142857142857142,0.2857142857142857,-0.8571428571428571,-0.35714285714285715
0,1,0,0,-0.6308301456278103,-0.5714285714285714,-0.6423996404861452,6,5,4,3,2,1,0,6,5,4,0,0,1,1,1,1,1,0,0,1,1,1,0,0,0,0,0,1,1,0,0,0,0,0,0,0,0,0,0,0,-0.5279287743551887,-0.6979397355882156,-0.7203095989083507,-0.6043518372673883,-0.6541992826366487,-0.608800860369242,-0.6869479882237488,-0.5820775026910656,-0.3747178329571106,0.8579404888898976,-0.13793103448275862,-0.2,-0.6,-1.0666666666666667,-1.0344827586206897,-1.1428571428571428,-1.0714285714285714,0.07142857142857142,0.2857142857142857,-0.7142857142857143
1,1,0,0,-0.3534438404581348,-1.2142857142857142,-0.35125448199663767,0,6,5,4,3,2,1,0,6,5,1,0,0,1,1,1,1,1,0,0,0,1,1,0,0,0,0,0,1,1,0,0,0,0,0,0,0,0,0,0,-0.6308301456278103,-0.5279287743551887,-0.6979397355882156,-0.721360905470174,-0.6045703715400754,-0.6491306685785985,-0.6021946650013382,-0.6897201291711517,-0.5733634311512416,-0.37222814861889736,-0.5517241379310345,-0.13333333333333333,-0.2,-0.6,-1.103448275862069,-1.0714285714285714,-1.1428571428571428,-1.0714285714285714,0.07142857142857142,0.42857142857142855
2,1,0,0,-0.12527123459275666,-0.9285714285714286,-0.06705136939030852,1,0,6,5,4,3,2,1,0,6,1,1,0,0,1,1,1,1,1,0,0,0,1,1,0,0,0,0,0,1,0,0,0,0,0,0,0,0,0,0,-0.3534438404581348,-0.6308301456278103,-0.5279287743551887,-0.6988591615850228,-0.7218750704956124,-0.5998386807671627,-0.6423409760014274,-0.6045030498744168,-0.6817155756207675,-0.5719603259265984,-1.1724137931034482,-0.5333333333333333,-0.13333333333333333,-0.2,-0.6206896551724138,-1.1428571428571428,-1.0714285714285714,-1.1428571428571428,-1.0714285714285714,0.21428571428571427
3,1,0,0,-0.4071315124264591,-1.5714285714285714,-0.5155762303585661,2,1,0,6,5,4,3,2,1,0,1,1,1,0,0,1,1,1,1,1,0,0,0,1,1,0,0,0,0,0,0,0,0,0,0,0,0,0,0,0,-0.12527123459275666,-0.3534438404581348,-0.6308301456278103,-0.5278459080578745,-0.6993164745426246,-0.7163470155941927,-0.593273262556874,-0.6448690348044491,-0.5959367945823928,-0.6809051499126171,-0.896551724137931,-1.1333333333333333,-0.5333333333333333,-0.13333333333333333,-0.20689655172413793,-0.6428571428571429,-1.1428571428571428,-1.0714285714285714,-1.1428571428571428,-0.9285714285714286
4,1,0,0,-0.7650493255486209,-0.9285714285714286,-0.8052647598184112,3,2,1,0,6,5,4,3,2,1,1,1,1,1,0,0,1,1,1,1,0,0,0,0,1,1,0,0,0,0,0,0,0,0,0,0,0,0,0,0,-0.4071315124264591,-0.12527123459275666,-0.3534438404581348,-0.6313539299295695,-0.5278711452999165,-0.6939415665889946,-0.7092514943349094,-0.5955328310010763,-0.636568848758465,-0.594657164257019,-1.5172413793103448,-0.8666666666666667,-1.1333333333333333,-0.5333333333333333,-0.13793103448275862,-0.21428571428571427,-0.6428571428571429,-1.1428571428571428,-1.0714285714285714,-1.0
5,0,1,0,-0.5637205556674049,-0.42857142857142855,-0.5678561728312607,4,3,2,1,0,6,5,4,3,2,1,1,1,1,1,0,0,1,1,1,0,0,0,0,0,1,1,0,0,0,0,0,0,0,0,0,0,0,0,0,-0.7650493255486209,-0.4071315124264591,-0.12527123459275666,-0.3523323057536959,-0.6316406866836609,-0.5236601541494893,-0.6869479882237488,-0.712145676354503,-0.5869074492099323,-0.6355114732517759,-0.896551724137931,-1.4666666666666666,-0.8666666666666667,-1.1333333333333333,-0.5517241379310345,-0.14285714285714285,-0.21428571428571427,-0.6428571428571429,-1.1428571428571428,-0.9285714285714286
6,0,1,0,-0.16106301590497282,1.0,-0.025794578414029944,5,4,3,2,1,0,6,5,4,3,0,1,1,1,1,1,0,0,1,1,1,0,0,0,0,0,1,1,0,0,0,0,0,0,0,0,0,0,0,0,-0.5637205556674049,-0.7650493255486209,-0.4071315124264591,-0.12281451812515468,-0.35191409686661107,-0.6267252195734004,-0.5174413417789276,-0.6897201291711517,-0.7042889390519187,-0.5855784289248507,-0.41379310344827586,-0.8666666666666667,-1.4666666666666666,-0.8666666666666667,-1.1724137931034482,-0.5714285714285714,-0.14285714285714285,-0.21428571428571427,-0.6428571428571429,-1.0
0,1,0,0,-0.5145068563631077,-0.42857142857142855,-0.510142654232525,6,5,4,3,2,1,0,6,5,4,0,0,1,1,1,1,1,0,0,1,1,1,0,0,0,0,0,1,1,0,0,0,0,0,0,0,0,0,0,0,-0.16106301590497282,-0.5637205556674049,-0.7650493255486209,-0.4063364910780585,-0.1218164181461346,-0.34889765190894434,-0.6200374698902668,-0.519285970577682,-0.6817155756207675,-0.7036019882430377,0.9655172413793104,-0.4,-0.8666666666666667,-1.4666666666666666,-0.896551724137931,-1.2142857142857142,-0.5714285714285714,-0.14285714285714285,-0.21428571428571427,-0.5
1,1,0,0,-0.7426794622284858,-0.9285714285714286,-0.7320449799411369,0,6,5,4,3,2,1,0,6,5,1,0,0,1,1,1,1,1,0,0,0,1,1,0,0,0,0,0,1,1,0,0,0,0,0,0,0,0,0,0,-0.5145068563631077,-0.16106301590497282,-0.5637205556674049,-0.7663643932404761,-0.406054727153782,-0.12036207205592409,-0.3434739941118744,-0.6224434876210979,-0.510158013544018,-0.6809051499126171,-0.41379310344827586,0.9333333333333333,-0.4,-0.8666666666666667,-1.5172413793103448,-0.9285714285714286,-1.2142857142857142,-0.5714285714285714,-0.14285714285714285,-0.07142857142857142
2,1,0,0,-0.2684383598416214,-0.5,-0.3203685398661555,1,0,6,5,4,3,2,1,0,6,1,1,0,0,1,1,1,1,1,0,0,0,1,1,0,0,0,0,0,1,0,0,0,0,0,0,0,0,0,0,-0.7426794622284858,-0.5145068563631077,-0.16106301590497282,-0.5638486982741162,-0.7669922624015882,-0.40267072952141975,-0.1159782317780355,-0.3443667025475421,-0.6139954853273137,-0.5084091786014208,-0.896551724137931,-0.4,0.9333333333333333,-0.4,-0.896551724137931,-1.5714285714285714,-0.9285714285714286,-1.2142857142857142,-0.5714285714285714,0.0
3,0,0,1,-0.6621479542759994,-0.14285714285714285,-0.6629988556875003,2,1,0,6,5,4,3,2,1,0,1,1,1,0,0,1,1,1,1,1,0,0,0,1,1,0,0,0,0,0,0,0,0,0,0,0,0,0,0,0,-0.2684383598416214,-0.7426794622284858,-0.5145068563631077,-0.15881730834139643,-0.5639648988246972,-0.7611579136045888,-0.39700240877866,-0.11562612127735915,-0.3340857787810384,-0.6128146349213555,-0.4827586206896552,-0.8666666666666667,-0.4,0.9333333333333333,-0.41379310344827586,-0.9285714285714286,-1.5714285714285714,-0.9285714285714286,-1.2142857142857142,-0.42857142857142855
4,0,0,1,-0.6710958996040535,-0.42857142857142855,-0.6764896894199754,3,2,1,0,6,5,4,3,2,1,0,1,1,1,0,0,1,1,1,1,0,0,0,0,1,1,0,0,0,0,1,0,0,0,0,0,0,0,0,0,-0.6621479542759994,-0.2684383598416214,-0.7426794622284858,-0.5143448617267838,-0.15791017167091523,-0.5595088725578062,-0.7538585065572307,-0.39818801578758517,-0.1038374717832957,-0.33137383962414035,-0.13793103448275862,-0.4666666666666667,-0.8666666666666667,-0.4,0.9655172413793104,-0.42857142857142855,-0.9285714285714286,-1.5714285714285714,-0.9285714285714286,-1.0714285714285714
5,0,1,0,-0.6039863096436481,-0.5714285714285714,-0.6004860942814271,4,3,2,1,0,6,5,4,3,2,0,0,1,1,1,0,0,1,1,1,0,0,0,0,0,1,1,0,0,0,1,1,0,0,0,0,0,0,0,0,-0.6710958996040535,-0.6621479542759994,-0.2684383598416214,-0.7438626493553251,-0.5143359877281238,-0.156210790464241,-0.5531269515567847,-0.7569967707212055,-0.38826185101580135,-0.09986608865385051,-0.41379310344827586,-0.13333333333333333,-0.4666666666666667,-0.8666666666666667,-0.41379310344827586,1.0,-0.42857142857142855,-0.9285714285714286,-1.5714285714285714,-0.7857142857142857
6,0,1,0,-0.5145068563631077,-0.35714285714285715,-0.4353800561406455,5,4,3,2,1,0,6,5,4,3,0,0,0,1,1,1,0,0,1,1,1,0,0,0,0,0,1,1,0,0,0,1,1,0,0,0,0,0,0,0,-0.6039863096436481,-0.6710958996040535,-0.6621479542759994,-0.2668256789901217,-0.7444336664486003,-0.5102168847463705,-0.15166384155589258,-0.555166846071044,-0.7494356659142212,-0.3858462516171497,-0.5517241379310345,-0.4,-0.13333333333333333,-0.4666666666666667,-0.896551724137931,-0.42857142857142855,1.0,-0.42857142857142855,-0.9285714285714286,-1.4285714285714286
0,1,0,0,-0.2147506878732971,-1.0,-0.23534211381679424,6,5,4,3,2,1,0,6,5,4,0,0,0,0,1,1,1,0,0,1,1,1,0,0,0,0,0,1,1,0,0,0,1,1,0,0,0,0,0,0,-0.5145068563631077,-0.6039863096436481,-0.6710958996040535,-0.6628563713687811,-0.2661914322452571,-0.7387524645993907,-0.5040592381122312,-0.1515069967707212,-0.54627539503386,-0.7489956649038788,-0.3448275862068966,-0.5333333333333333,-0.4,-0.13333333333333333,-0.4827586206896552,-0.9285714285714286,-0.42857142857142855,1.0,-0.42857142857142855,-0.7857142857142857
1,1,0,0,-0.12079726192872962,-1.0,-0.08869837156507475,0,6,5,4,3,2,1,0,6,5,1,0,0,0,0,1,1,1,0,0,0,1,1,0,0,0,0,0,1,1,0,0,0,1,1,0,0,0,0,0,-0.2147506878732971,-0.5145068563631077,-0.6039863096436481,-0.6718570689228416,-0.6632227210178439,-0.2637569456891917,-0.7315550004460701,-0.5058306422676713,-0.1399548532731377,-0.5447241199300937,-0.9655172413793104,-0.3333333333333333,-0.5333333333333333,-0.4,-0.13793103448275862,-0.5,-0.9285714285714286,-0.42857142857142855,1.0,-0.2857142857142857
2,1,0,0,-0.36239178578618886,-0.6428571428571429,-0.3841782735829194,1,0,6,5,4,3,2,1,0,6,1,1,0,0,0,0,1,1,1,0,0,0,1,1,0,0,0,0,0,1,0,0,0,0,1,1,0,0,0,0,-0.12079726192872962,-0.2147506878732971,-0.5145068563631077,-0.6043518372673883,-0.6722461593990391,-0.6580928481806777,-0.2587206708894638,-0.7345712235378542,-0.4966139954853273,-0.13618102998252343,-0.9655172413793104,-0.9333333333333333,-0.3333333333333333,-0.5333333333333333,-0.41379310344827586,-0.14285714285714285,-0.5,-0.9285714285714286,-0.42857142857142855,1.1428571428571428
3,1,0,0,-0.14316712524886474,-0.9285714285714286,-0.1210932605146035,2,1,0,6,5,4,3,2,1,0,1,1,1,0,0,0,0,1,1,1,0,0,0,1,1,0,0,0,0,0,0,0,0,0,0,1,1,0,0,0,-0.36239178578618886,-0.12079726192872962,-0.2147506878732971,-0.5143448617267838,-0.6045703715400754,-0.6670550277827569,-0.6512623784458916,-0.25914962325080726,-0.7268623024830699,-0.49479107560316843,-0.6206896551724138,-0.9333333333333333,-0.9333333333333333,-0.3333333333333333,-0.5517241379310345,-0.42857142857142855,-0.14285714285714285,-0.5,-0.9285714285714286,-0.2857142857142857
4,1,0,0,0.008947945328054046,-0.8571428571428571,-0.15591623556172132,3,2,1,0,6,5,4,3,2,1,1,1,1,1,0,0,0,0,1,1,0,0,0,0,1,1,0,0,0,0,0,0,0,0,0,0,1,1,0,0,-0.14316712524886474,-0.36239178578618886,-0.12079726192872962,-0.2128214936657591,-0.5143359877281238,-0.5998386807671627,-0.6601837808903559,-0.6538392536777896,-0.24830699774266365,-0.7262988265734582,-0.896551724137931,-0.6,-0.9333333333333333,-0.9333333333333333,-0.3448275862068966,-0.5714285714285714,-0.42857142857142855,-0.14285714285714285,-0.5,-0.7857142857142857
5,0,1,0,0.0,-0.14285714285714285,-0.0861103107072411,4,3,2,1,0,6,5,4,3,2,1,1,1,1,1,0,0,0,0,1,0,0,0,0,0,1,1,0,0,0,0,0,0,0,0,0,0,1,1,0,0.008947945328054046,-0.14316712524886474,-0.36239178578618886,-0.11831416934812446,-0.21205080195808615,-0.5102168847463705,-0.593273262556874,-0.6628094725511301,-0.6455981941309256,-0.24512585396854217,-0.8275862068965517,-0.8666666666666667,-0.6,-0.9333333333333333,-0.9655172413793104,-0.35714285714285715,-0.5714285714285714,-0.42857142857142855,-0.14285714285714285,-0.35714285714285715
6,0,1,0,-0.4966109657069996,-0.5,-0.4222284134256671,5,4,3,2,1,0,6,5,4,3,0,1,1,1,1,1,0,0,0,0,1,0,0,0,0,0,1,1,0,0,0,0,0,0,0,0,0,0,1,1,0.0,0.008947945328054046,-0.14316712524886474,-0.36133300330775636,-0.11730469895553702,-0.20998386807671635,-0.5040592381122312,-0.5955328310010763,-0.654627539503386,-0.6445902085839442,-0.13793103448275862,-0.8,-0.8666666666666667,-0.6,-0.9655172413793104,-1.0,-0.35714285714285715,-0.5714285714285714,-0.42857142857142855,0.0
0,1,0,0,-0.42055343041854015,-0.14285714285714285,-0.3957207864779028,6,5,4,3,2,1,0,6,5,4,0,0,1,1,1,1,1,0,0,0,1,1,0,0,0,0,0,1,1,0,0,0,0,0,0,0,0,0,0,1,-0.4966109657069996,0.0,0.008947945328054046,-0.14081591323327555,-0.3609375352478062,-0.11588098225488447,-0.2051922562226782,-0.5058306422676713,-0.5869074492099323,-0.6536689439161124,-0.4827586206896552,-0.13333333333333333,-0.8,-0.8666666666666667,-0.6206896551724138,-1.0,-1.0,-0.35714285714285715,-0.5714285714285714,-0.2857142857142857
1,1,0,0,-0.040265753976243206,-0.7857142857142857,0.05315932659213051,0,6,5,4,3,2,1,0,6,5,1,0,0,1,1,1,1,1,0,0,0,1,1,0,0,0,0,0,1,1,0,0,0,0,0,0,0,0,0,0,-0.42055343041854015,-0.4966109657069996,0.0,0.012195945185751933,-0.1398632949085249,-0.3578598315110236,-0.11151753055580337,-0.20532831001076424,-0.4966139954853273,-0.5855784289248507,-0.13793103448275862,-0.4666666666666667,-0.13333333333333333,-0.8,-0.896551724137931,-0.6428571428571429,-1.0,-1.0,-0.35714285714285715,-0.42857142857142855
2,1,0,0,0.049213699304297254,-0.5,0.050509088665454296,1,0,6,5,4,3,2,1,0,6,1,1,0,0,1,1,1,1,1,0,0,0,1,1,0,0,0,0,0,1,0,0,0,0,0,0,0,0,0,0,-0.040265753976243206,-0.42055343041854015,-0.4966109657069996,0.003195247631691492,0.013535157571792732,-0.13828643126008253,-0.35239539655633867,-0.1111410118406889,-0.19413092550790068,-0.49479107560316843,-0.7586206896551724,-0.13333333333333333,-0.4666666666666667,-0.13333333333333333,-0.8275862068965517,-0.9285714285714286,-0.6428571428571429,-1.0,-1.0,-0.21428571428571427
3,0,0,1,0.12527123459275666,-0.8571428571428571,0.05104467016893716,2,1,0,6,5,4,3,2,1,0,1,1,1,0,0,1,1,1,1,1,0,0,0,1,1,0,0,0,0,0,0,0,0,0,0,0,0,0,0,0,0.049213699304297254,-0.040265753976243206,-0.42055343041854015,-0.49634346661866297,0.004511719190597578,0.014070621975264324,-0.13382103666696404,-0.35333692142088263,-0.09932279909706546,-0.1906534419755328,-0.4827586206896552,-0.7333333333333333,-0.13333333333333333,-0.4666666666666667,-0.13793103448275862,-0.8571428571428571,-0.9285714285714286,-0.6428571428571429,-1.0,-0.8571428571428571
4,1,0,0,1.2482383732635394,0.14285714285714285,0.8792545176172603,3,2,1,0,6,5,4,3,2,1,0,1,1,1,0,0,1,1,1,1,0,0,0,0,1,1,0,0,0,0,1,0,0,0,0,0,0,0,0,0,0.12527123459275666,0.049213699304297254,-0.040265753976243206,-0.4198375374091492,-0.4962891109657335,0.005108442373185099,0.01784280488892854,-0.13356655902404016,-0.3431151241534989,-0.0953267209877664,-0.8275862068965517,-0.4666666666666667,-0.7333333333333333,-0.13333333333333333,-0.4827586206896552,-0.14285714285714285,-0.8571428571428571,-0.9285714285714286,-0.6428571428571429,-0.8571428571428571
5,0,1,0,1.539046596425296,0.42857142857142855,1.2329623699926786,4,3,2,1,0,6,5,4,3,2,1,0,1,1,1,0,0,1,1,1,0,0,0,0,0,1,1,0,0,0,0,1,0,0,0,0,0,0,0,0,1.2482383732635394,0.12527123459275666,0.049213699304297254,-0.03730789136158049,-0.41958988472557474,-0.492292525542212,0.00892140244446427,0.018927161822748468,-0.12189616252821671,-0.34045257495630854,0.13793103448275862,-0.8,-0.4666666666666667,-0.7333333333333333,-0.13793103448275862,-0.5,-0.14285714285714285,-0.8571428571428571,-0.9285714285714286,-0.5
6,0,1,0,-0.2550164418495403,0.2857142857142857,-0.19607816945620668,5,4,3,2,1,0,6,5,4,3,0,1,0,1,1,1,0,0,1,1,1,0,0,0,0,0,1,1,0,0,0,0,1,0,0,0,0,0,0,0,1.539046596425296,1.2482383732635394,0.12527123459275666,0.052699084179023914,-0.03609375352478062,-0.41611399892453854,-0.4862164332233027,0.009956942949407958,0.03160270880361174,-0.11802355931818696,0.41379310344827586,0.13333333333333333,-0.8,-0.4666666666666667,-0.7586206896551724,-0.14285714285714285,-0.5,-0.14285714285714285,-0.8571428571428571,-0.7857142857142857
0,1,0,0,-0.16553698856899984,-0.5,-0.2702326726343931,6,5,4,3,2,1,0,6,5,4,0,0,1,0,1,1,1,0,0,1,1,1,0,0,0,0,0,1,1,0,0,0,0,1,0,0,0,0,0,0,-0.2550164418495403,1.539046596425296,1.2482383732635394,0.12920501338853765,0.05414063028717093,-0.03522136583617142,-0.4103845124453564,-0.48789020452099024,0.022573363431151242,0.03631494132867291,0.27586206896551724,0.4,0.13333333333333333,-0.8,-0.4827586206896552,-0.7857142857142857,-0.14285714285714285,-0.5,-0.14285714285714285,-0.7142857142857143
1,1,0,0,-0.5368767196832428,-0.5,-0.5298170054124264,0,6,5,4,3,2,1,0,6,5,1,0,0,1,0,1,1,1,0,0,0,1,1,0,0,0,0,0,1,1,0,0,0,0,1,0,0,0,0,0,-0.16553698856899984,-0.2550164418495403,1.539046596425296,1.258792556423123,0.13083985652732974,0.054400430184620846,-0.031224908555624944,-0.4116433440975959,-0.4785553047404063,0.027236205996504684,-0.4827586206896552,0.26666666666666666,0.4,0.13333333333333333,-0.8275862068965517,-0.5,-0.7857142857142857,-0.14285714285714285,-0.5,0.0
2,1,0,0,-0.4697671297228374,-0.5,-0.5359550429578347,1,0,6,5,4,3,2,1,0,6,1,1,0,0,1,0,1,1,1,0,0,0,1,1,0,0,0,0,0,1,0,0,0,0,0,1,0,0,0,0,-0.5368767196832428,-0.16553698856899984,-0.2550164418495403,1.5513152269300874,1.2632813733673218,0.13057895680229428,0.05798911588901775,-0.030409041980624326,-0.4018058690744921,-0.476633604938832,-0.4827586206896552,-0.4666666666666667,0.26666666666666666,0.4,0.13793103448275862,-0.8571428571428571,-0.5,-0.7857142857142857,-0.14285714285714285,-0.35714285714285715
3,1,0,0,-0.6353041182918373,-0.35714285714285715,-0.706270597147933,2,1,0,6,5,4,3,2,1,0,1,1,1,0,0,1,0,1,1,1,0,0,0,1,1,0,0,0,0,0,0,0,0,0,0,0,1,0,0,0,-0.4697671297228374,-0.5368767196832428,-0.16553698856899984,-0.25332463265903105,1.5565431207561642,1.2553324968632373,0.13382103666696404,0.05929314675278075,-0.01805869074492099,-0.39946435461540203,-0.4827586206896552,-0.4666666666666667,-0.4666666666666667,0.26666666666666666,0.41379310344827586,0.14285714285714285,-0.8571428571428571,-0.5,-0.7857142857142857,0.0
4,1,0,0,-0.192380824553162,0.07142857142857142,-0.12204006938388409,3,2,1,0,6,5,4,3,2,1,1,1,1,1,0,0,1,0,1,1,0,0,0,0,1,1,0,0,0,0,0,0,0,0,0,0,0,1,0,0,-0.6353041182918373,-0.4697671297228374,-0.5368767196832428,-0.16331765711842666,-0.25265627467346435,1.546603333930812,1.2534570434472299,0.13554000717617506,0.07223476297968397,-0.013618102998252342,-0.3448275862068966,-0.4666666666666667,-0.4666666666666667,-0.4666666666666667,0.27586206896551724,0.42857142857142855,0.14285714285714285,-0.8571428571428571,-0.5,-0.6428571428571429
5,0,1,0,0.026843835984162137,0.5714285714285714,-0.004674729649016012,4,3,2,1,0,6,5,4,3,2,1,1,1,1,1,0,0,1,0,1,0,0,0,0,0,1,1,0,0,0,0,0,0,0,0,0,0,0,1,0,-0.192380824553162,-0.6353041182918373,-0.4697671297228374,-0.536846605611935,-0.1624218908615128,-0.2503136762860729,1.5434026228923186,1.261302475780409,0.1489841986455982,0.07716925032342994,0.06896551724137931,-0.3333333333333333,-0.4666666666666667,-0.4666666666666667,-0.4827586206896552,0.2857142857142857,0.42857142857142855,0.14285714285714285,-0.8571428571428571,-0.35714285714285715
6,0,1,0,0.004473972664027023,1.1428571428571428,0.1427289722241835,5,4,3,2,1,0,6,5,4,3,0,1,1,1,1,1,0,0,1,0,1,0,0,0,0,0,1,1,0,0,0,0,0,0,0,0,0,0,0,1,0.026843835984162137,-0.192380824553162,-0.6353041182918373,-0.4693413739564816,-0.5368945836811118,-0.1606918802652806,-0.24533856722276742,1.5528345891639754,1.2821670428893905,0.1543385006468599,0.5517241379310345,0.06666666666666667,-0.3333333333333333,-0.4666666666666667,-0.4827586206896552,-0.5,0.2857142857142857,0.42857142857142855,0.14285714285714285,-0.7142857142857143
0,1,0,0,0.25949041451356736,0.5714285714285714,0.32811697939665024,6,5,4,3,2,1,0,6,5,4,0,0,1,1,1,1,1,0,0,1,1,1,0,0,0,0,0,1,1,0,0,0,0,0,0,0,0,0,0,0,0.004473972664027023,0.026843835984162137,-0.192380824553162,-0.6358542787065997,-0.4692187958221481,-0.5326223337515685,-0.1561245427781247,-0.24569429494079653,1.5756207674943568,1.2937197848339725,1.103448275862069,0.5333333333333333,0.06666666666666667,-0.3333333333333333,-0.4827586206896552,-0.5,-0.5,0.2857142857142857,0.42857142857142855,0.2857142857142857
1,1,0,0,0.0,-0.2857142857142857,0.16457109271984444,0,6,5,4,3,2,1,0,6,5,1,0,0,1,1,1,1,1,0,0,0,1,1,0,0,0,0,0,1,1,0,0,0,0,0,0,0,0,0,0,0.25949041451356736,0.004473972664027023,0.026843835984162137,-0.19031974978060798,-0.6361524058742585,-0.46540598673597433,-0.5263627442233919,-0.15599210620739143,-0.23476297968397292,1.58877868312944,0.5517241379310345,1.0666666666666667,0.5333333333333333,0.06666666666666667,-0.3448275862068966,-0.5,-0.5,-0.5,0.2857142857142857,0.5714285714285714
2,1,0,0,0.8634767241572154,-0.5,1.0343751729349422,1,0,6,5,4,3,2,1,0,6,1,1,0,0,1,1,1,1,1,0,0,0,1,1,0,0,0,0,0,1,0,0,0,0,0,0,0,0,0,0,0.0,0.25949041451356736,0.004473972664027023,0.030197340293872815,-0.18949220600509825,-0.63120630937444,-0.45945222588990986,-0.5282561894510225,-0.14446952595936793,-0.23150775097028983,-0.27586206896551724,0.5333333333333333,1.0666666666666667,0.5333333333333333,0.06896551724137931,-0.35714285714285715,-0.5,-0.5,-0.5,0.42857142857142855
3,1,0,0,0.35791781312216187,-0.21428571428571427,0.10515764351771457,2,1,0,6,5,4,3,2,1,0,1,1,1,0,0,1,1,1,1,1,0,0,0,1,1,0,0,0,0,0,0,0,0,0,0,0,0,0,0,0,0.8634767241572154,0.0,0.25949041451356736,0.007695596408721713,0.031582034334183044,-0.1875784190715183,-0.6244981711124988,-0.46097954790096873,-0.5191873589164786,-0.14072039764860753,-0.4827586206896552,-0.26666666666666666,0.5333333333333333,1.0666666666666667,0.5517241379310345,0.07142857142857142,-0.35714285714285715,-0.5,-0.5,-0.35714285714285715
4,1,0,0,-0.08947945328054047,0.2857142857142857,-0.20214782812795182,3,2,1,0,6,5,4,3,2,1,1,1,1,1,0,0,1,1,1,1,0,0,0,0,1,1,0,0,0,0,0,0,0,0,0,0,0,0,0,0,0.35791781312216187,0.8634767241572154,0.0,0.2642154766994443,0.009023438381195155,0.03199498117942278,-0.18288875011151753,-0.6269285970577682,-0.45146726862302483,-0.5174879139335891,-0.20689655172413793,-0.4666666666666667,-0.26666666666666666,0.5333333333333333,1.103448275862069,0.5714285714285714,0.07142857142857142,-0.35714285714285715,-0.5,-0.35714285714285715
5,0,1,0,0.12974520725678368,0.35714285714285715,-0.058687042934935756,4,3,2,1,0,6,5,4,3,2,1,1,1,1,1,0,0,1,1,1,0,0,0,0,0,1,1,0,0,0,0,0,0,0,0,0,0,0,0,0,-0.08947945328054047,0.35791781312216187,0.8634767241572154,0.003195247631691492,0.2661914322452571,0.009589532174224712,0.03568560977785708,-0.18290276282741297,-0.618510158013544,-0.4493973989423273,0.27586206896551724,-0.2,-0.4666666666666667,-0.26666666666666666,0.5517241379310345,1.1428571428571428,0.5714285714285714,0.07142857142857142,-0.35714285714285715,-0.35714285714285715
6,0,1,0,-0.4116054850904861,-0.14285714285714285,-0.41569027995901087,5,4,3,2,1,0,6,5,4,3,0,1,1,1,1,1,0,0,1,1,1,0,0,0,0,0,1,1,0,0,0,0,0,0,0,0,0,0,0,0,0.12974520725678368,-0.08947945328054047,0.35791781312216187,0.8717625615985239,0.004511719190597578,0.26501165083348266,0.013382103666696404,0.036867599569429484,-0.17155756207674944,-0.6173540025874396,0.3448275862068966,0.26666666666666666,-0.2,-0.4666666666666667,-0.27586206896551724,0.5714285714285714,1.1428571428571428,0.5714285714285714,0.07142857142857142,-0.21428571428571427
0,1,0,0,-0.39370959443437803,-0.9285714285714286,-0.44767378252210543,6,5,4,3,2,1,0,6,5,4,0,0,1,1,1,1,1,0,0,1,1,1,0,0,0,0,0,1,1,0,0,0,0,0,0,0,0,0,0,0,-0.4116054850904861,0.12974520725678368,-0.08947945328054047,0.3632231497941091,0.8752735229759301,0.005108442373185099,0.2676420733339281,0.014442052386078213,0.04966139954853273,-0.16795660364511222,-0.13793103448275862,0.3333333333333333,0.26666666666666666,-0.2,-0.4827586206896552,-0.2857142857142857,0.5714285714285714,1.1428571428571428,0.5714285714285714,0.21428571428571427
1,1,0,0,-0.031317808648189165,-0.2857142857142857,-0.02711842521227665,0,6,5,4,3,2,1,0,6,5,1,0,0,1,1,1,1,1,0,0,0,1,1,0,0,0,0,0,1,1,0,0,0,0,0,0,0,0,0,0,-0.39370959443437803,-0.4116054850904861,0.12974520725678368,-0.08681172790891291,0.36544925443840376,0.8699587739738305,0.00892140244446427,0.2700932902762827,0.02708803611738149,0.05447241199300937,-0.896551724137931,-0.13333333333333333,0.3333333333333333,0.26666666666666666,-0.20689655172413793,-0.5,-0.2857142857142857,0.5714285714285714,1.1428571428571428,0.7142857142857143
2,1,0,0,0.031317808648189165,0.5714285714285714,-0.014475489513225111,1,0,6,5,4,3,2,1,0,6,1,1,0,0,1,1,1,1,1,0,0,0,1,1,0,0,0,0,0,1,0,0,0,0,0,0,0,0,0,0,-0.031317808648189165,-0.39370959443437803,-0.4116054850904861,0.1337053621655679,-0.08572266462135397,0.3635956264563542,0.8698367383352663,0.009956942949407958,0.28442437923250563,0.0317755736625888,-0.27586206896551724,-0.8666666666666667,-0.13333333333333333,0.3333333333333333,0.27586206896551724,-0.21428571428571427,-0.5,-0.2857142857142857,0.5714285714285714,1.2857142857142858
3,1,0,0,-0.6889917902601616,-1.5714285714285714,-0.7511688016777314,2,1,0,6,5,4,3,2,1,0,1,1,1,0,0,1,1,1,1,1,0,0,0,1,1,0,0,0,0,0,0,0,0,0,0,0,0,0,0,0,0.031317808648189165,-0.031317808648189165,-0.39370959443437803,-0.4108368398550888,0.13535157571792733,-0.08451335364760718,0.36577750022303507,0.875583064226767,0.022573363431151242,0.2905195306293833,0.5517241379310345,-0.26666666666666666,-0.8666666666666667,-0.13333333333333333,0.3448275862068966,0.2857142857142857,-0.21428571428571427,-0.5,-0.2857142857142857,0.7142857142857143
4,1,0,0,-0.4966109657069996,-0.6428571428571429,-0.5045079170014051,3,2,1,0,6,5,4,3,2,1,1,1,1,1,0,0,1,1,1,1,0,0,0,0,1,1,0,0,0,0,0,0,0,0,0,0,0,0,0,0,-0.6889917902601616,0.031317808648189165,-0.031317808648189165,-0.3928354447469679,-0.41056644634437955,0.1350600466033339,-0.08029262200017842,0.36876569788302827,0.8939051918735892,0.027236205996504684,-1.5172413793103448,0.5333333333333333,-0.26666666666666666,-0.8666666666666667,-0.13793103448275862,0.35714285714285715,0.2857142857142857,-0.21428571428571427,-0.5,-0.14285714285714285
5,0,1,0,-0.2281726058653782,-0.2857142857142857,-0.25756095420014846,4,3,2,1,0,6,5,4,3,2,1,1,1,1,1,0,0,1,1,1,0,0,0,0,0,1,1,0,0,0,0,0,0,0,0,0,0,0,0,0,-0.4966109657069996,-0.6889917902601616,0.031317808648189165,-0.02830719380752005,-0.39251956958198925,-0.40715181932245936,0.13828173788919618,-0.07974524578399712,0.3837471783295711,0.9033341655507388,-0.6206896551724138,-1.4666666666666666,0.5333333333333333,-0.26666666666666666,-0.896551724137931,-0.14285714285714285,0.35714285714285715,0.2857142857142857,-0.21428571428571427,-0.35714285714285715
6,0,1,0,0.192380824553162,-0.14285714285714285,0.224155012044223,5,4,3,2,1,0,6,5,4,3,0,1,1,1,1,1,0,0,1,1,1,0,0,0,0,0,1,1,0,0,0,0,0,0,0,0,0,0,0,0,-0.2281726058653782,-0.4966109657069996,-0.6889917902601616,0.03469768907090303,-0.027070315143585464,-0.3892274601183009,-0.40146311000089213,0.14002511661284534,-0.06772009029345373,0.39038561928323384,-0.27586206896551724,-0.6,-1.4666666666666666,0.5333333333333333,-0.27586206896551724,-0.9285714285714286,-0.14285714285714285,0.35714285714285715,0.2857142857142857,-0.07142857142857142
0,1,0,0,-0.4876630203789455,-0.5,-0.6340432650625937,6,5,4,3,2,1,0,6,5,4,0,0,1,1,1,1,1,0,0,1,1,1,0,0,0,0,0,1,1,0,0,0,0,0,0,0,0,0,0,0,0.192380824553162,-0.2281726058653782,-0.4966109657069996,-0.6898584640309624,0.03609375352478062,-0.026259186234092197,-0.3836203051119636,-0.4026731252242554,0.15349887133182843,-0.0635511473251776,-0.13793103448275862,-0.26666666666666666,-0.6,-1.4666666666666666,0.5517241379310345,-0.2857142857142857,-0.9285714285714286,-0.14285714285714285,0.35714285714285715,0.42857142857142855
1,1,0,0,-0.17895890656108093,0.7142857142857143,-0.22065655804285034,0,6,5,4,3,2,1,0,6,5,1,0,0,1,1,1,1,1,0,0,0,1,1,0,0,0,0,0,1,1,0,0,0,0,0,0,0,0,0,0,-0.4876630203789455,0.192380824553162,-0.2281726058653782,-0.49634346661866297,-0.6902930361614293,0.03647607098046239,-0.022303506111160675,-0.3847326874775744,-0.3927765237020316,0.15887786831294398,-0.4827586206896552,-0.13333333333333333,-0.26666666666666666,-0.6,-1.5172413793103448,0.5714285714285714,-0.2857142857142857,-0.9285714285714286,-0.14285714285714285,0.5
2,1,0,0,-0.58609041898754,0.35714285714285715,-0.579356863298864,1,0,6,5,4,3,2,1,0,6,1,1,0,0,1,1,1,1,1,0,0,0,1,1,0,0,0,0,0,1,0,0,0,0,0,0,0,0,0,0,-0.17895890656108093,-0.4876630203789455,0.192380824553162,-0.22632253999684973,-0.4962891109657335,-0.6849793869869154,0.04014631100008921,-0.02143882310728382,-0.3747178329571106,-0.39038561928323384,0.6896551724137931,-0.4666666666666667,-0.13333333333333333,-0.26666666666666666,-0.6206896551724138,-1.5714285714285714,0.5714285714285714,-0.2857142857142857,-0.9285714285714286,0.0
3,1,0,0,0.017895890656108093,0.5,0.04441541787760881,2,1,0,6,5,4,3,2,1,0,1,1,1,0,0,1,1,1,1,1,0,0,0,1,1,0,0,0,0,0,0,0,0,0,0,0,0,0,0,0,-0.58609041898754,-0.17895890656108093,-0.4876630203789455,0.19671024504399096,-0.22558595952987887,-0.492292525542212,-0.6780265857792844,0.04135270900609974,-0.009029345372460496,-0.37222814861889736,0.3448275862068966,0.6666666666666666,-0.4666666666666667,-0.13333333333333333,-0.27586206896551724,-0.6428571428571429,-1.5714285714285714,0.5714285714285714,-0.2857142857142857,-0.7857142857142857
4,1,0,0,0.049213699304297254,0.7857142857142857,-0.06253375213008143,3,2,1,0,6,5,4,3,2,1,1,1,1,1,0,0,1,1,1,1,0,0,0,0,1,1,0,0,0,0,0,0,0,0,0,0,0,0,0,0,0.017895890656108093,-0.58609041898754,-0.17895890656108093,-0.4873427690646025,0.1985156443862934,-0.2234271374798352,-0.4862164332233027,-0.6807499102978112,0.05417607223476298,-0.004539367666084114,0.4827586206896552,0.3333333333333333,0.6666666666666666,-0.4666666666666667,-0.13793103448275862,-0.2857142857142857,-0.6428571428571429,-1.5714285714285714,0.5714285714285714,-0.14285714285714285
5,0,1,0,-0.07605753528845939,1.2857142857142858,-0.04435196864367483,4,3,2,1,0,6,5,4,3,2,1,1,1,1,1,0,0,1,1,1,0,0,0,0,0,1,1,0,0,0,0,0,0,0,0,0,0,0,0,0,0.049213699304297254,0.017895890656108093,-0.58609041898754,-0.1768187034495173,-0.4872656725845384,0.19779530381788848,-0.2185743598893746,-0.48789020452099024,-0.672686230248307,0.05901177965909348,0.7586206896551724,0.4666666666666667,0.3333333333333333,0.6666666666666666,-0.4827586206896552,-0.14285714285714285,-0.2857142857142857,-0.6428571428571429,-1.5714285714285714,0.7142857142857143
6,0,1,0,0.10290137127262153,0.5714285714285714,-0.19394522565982433,5,4,3,2,1,0,6,5,4,3,0,1,1,1,1,1,0,0,1,1,1,0,0,0,0,0,1,1,0,0,0,0,0,0,0,0,0,0,0,0,-0.07605753528845939,0.049213699304297254,0.017895890656108093,-0.5863504421592673,-0.17595704843330554,-0.48333034594013274,0.20073155500044607,-0.218783638320775,-0.4785553047404063,-0.6718264145804489,1.2413793103448276,0.7333333333333333,0.4666666666666667,0.3333333333333333,0.6896551724137931,-0.5,-0.14285714285714285,-0.2857142857142857,-0.6428571428571429,-1.4285714285714286
0,0,0,1,-0.6487260362839183,-0.7857142857142857,-0.7339428912368816,6,5,4,3,2,1,0,6,5,4,0,0,1,1,1,1,1,0,0,1,1,1,0,0,0,0,0,1,1,0,0,0,0,0,0,0,0,0,0,0,0.10290137127262153,-0.07605753528845939,0.049213699304297254,0.021196642739812373,-0.5865234947776851,-0.17413514966839944,-0.4772950307788384,0.20281664872622887,-0.2076749435665914,-0.476633604938832,0.5517241379310345,1.2,0.7333333333333333,0.4666666666666667,0.3448275862068966,0.7142857142857143,-0.5,-0.14285714285714285,-0.2857142857142857,-0.5
1,1,0,0,-0.8276849428449993,-0.5,-0.8762814677986391,0,6,5,4,3,2,1,0,6,5,0,0,0,1,1,1,1,1,0,0,0,1,1,0,0,0,0,0,1,1,1,0,0,0,0,0,0,0,0,0,-0.6487260362839183,0.10290137127262153,-0.07605753528845939,0.052699084179023914,0.022558595952987887,-0.5819143215630043,-0.1695066464448211,-0.4789199856476497,0.21670428893905191,-0.20427154497378514,-0.7586206896551724,0.5333333333333333,1.2,0.7333333333333333,0.4827586206896552,0.35714285714285715,0.7142857142857143,-0.5,-0.14285714285714285,-0.14285714285714285
2,1,0,0,-0.6129342549717022,0.0,-0.6593137114589634,1,0,6,5,4,3,2,1,0,6,1,0,0,0,1,1,1,1,1,0,0,0,1,1,0,0,0,0,0,1,0,1,0,0,0,0,0,0,0,0,-0.8276849428449993,-0.6487260362839183,0.10290137127262153,-0.07331068157782225,0.05414063028717093,0.023032801577343553,-0.5754304576679454,-0.1694474345174022,-0.46952595936794583,0.2224290156381216,-0.4827586206896552,-0.7333333333333333,0.5333333333333333,1.2,0.7586206896551724,0.5,0.35714285714285715,0.7142857142857143,-0.5,0.0
3,1,0,0,-0.4429232937386753,0.0,-0.5006764737873564,2,1,0,6,5,4,3,2,1,0,1,1,0,0,0,1,1,1,1,1,0,0,0,1,1,0,0,0,0,0,0,0,1,0,0,0,0,0,0,0,-0.6129342549717022,-0.8276849428449993,-0.6487260362839183,0.10670326950338656,-0.07218750704956124,0.054400430184620846,0.026764207333392808,-0.5775923932543953,-0.1580135440180587,-0.46755486960666376,0.0,-0.4666666666666667,-0.7333333333333333,0.5333333333333333,1.2413793103448276,0.7857142857142857,0.5,0.35714285714285715,0.7142857142857143,-0.35714285714285715
4,1,0,0,-0.1565890432409458,-0.42857142857142855,-0.17389479067477545,3,2,1,0,6,5,4,3,2,1,1,1,1,0,0,0,1,1,1,1,0,0,0,0,1,1,0,0,0,0,0,0,0,1,0,0,0,0,0,0,-0.4429232937386753,-0.6129342549717022,-0.8276849428449993,-0.6493553250376904,0.10828126057434186,-0.07107008424448832,0.05798911588901775,0.027897380696088974,-0.5688487584650113,-0.1543385006468599,0.0,0.0,-0.4666666666666667,-0.7333333333333333,0.5517241379310345,1.2857142857142858,0.7857142857142857,0.5,0.35714285714285715,0.8571428571428571
5,0,1,0,-0.053687671968324274,0.5714285714285714,0.18190004853309824,4,3,2,1,0,6,5,4,3,2,1,1,1,1,0,0,0,1,1,1,0,0,0,0,0,1,1,0,0,0,0,0,0,0,1,0,0,0,0,0,-0.1565890432409458,-0.4429232937386753,-0.6129342549717022,-0.8293692761188992,-0.6496875634460512,0.10817350779709621,-0.06691051833348202,0.05929314675278075,0.040632054176072234,-0.5674209582605143,-0.41379310344827586,0.0,0.0,-0.4666666666666667,-0.7586206896551724,0.5714285714285714,1.2857142857142858,0.7857142857142857,0.5,0.5
6,0,1,0,-0.2147506878732971,-0.2857142857142857,-0.021137818096930074,5,4,3,2,1,0,6,5,4,3,0,1,1,1,1,0,0,0,1,1,1,0,0,0,0,0,1,1,0,0,0,0,0,0,0,1,0,0,0,0,-0.053687671968324274,-0.1565890432409458,-0.4429232937386753,-0.6133525348214487,-0.8301563310699542,-0.6446495787775589,0.11151753055580337,-0.06628991747398635,0.07223476297968397,0.04539367666084114,0.5517241379310345,-0.4,0.0,0.0,-0.4827586206896552,-0.7857142857142857,0.5714285714285714,1.2857142857142858,0.7857142857142857,0.6428571428571429
0,1,0,0,-0.24606849652148627,-0.42857142857142855,-0.43517778189111156,6,5,4,3,2,1,0,6,5,4,0,0,1,1,1,1,0,0,0,1,1,1,0,0,0,0,0,1,1,0,0,0,0,0,0,0,1,0,0,0,-0.2147506878732971,-0.053687671968324274,-0.1565890432409458,-0.4423392812943003,-0.6135938099212705,-0.8238931708191434,-0.6378802747791953,0.1131144599928238,-0.05417607223476298,0.07716925032342994,-0.27586206896551724,0.5333333333333333,-0.4,0.0,0.0,-0.5,-0.7857142857142857,0.5714285714285714,1.2857142857142858,0.9285714285714286
1,1,0,0,-0.6308301456278103,-0.6428571428571429,-0.7595415562268347,0,6,5,4,3,2,1,0,6,5,1,0,0,1,1,1,1,0,0,0,0,1,1,0,0,0,0,0,1,1,0,0,0,0,0,0,0,1,0,0,-0.24606849652148627,-0.2147506878732971,-0.053687671968324274,-0.15431695956436622,-0.4421484806785626,-0.608800860369242,-0.8163083236684806,-0.6403839253677789,0.12641083521444696,-0.049933044326925254,-0.41379310344827586,-0.26666666666666666,0.5333333333333333,-0.4,0.0,0.0,-0.5,-0.7857142857142857,0.5714285714285714,1.4285714285714286
2,1,0,0,-0.026843835984162137,-0.6428571428571429,-0.17169394506663918,1,0,6,5,4,3,2,1,0,6,1,1,0,0,1,1,1,1,0,0,0,0,1,1,0,0,0,0,0,1,0,0,0,0,0,0,0,0,1,0,-0.6308301456278103,-0.24606849652148627,-0.2147506878732971,-0.05080893769267115,-0.15339845248031764,-0.4385194479297366,-0.6021946650013382,-0.819788302834589,-0.6320541760722348,0.1316416623164393,-0.6206896551724138,-0.4,-0.26666666666666666,0.5333333333333333,-0.41379310344827586,0.0,0.0,-0.5,-0.7857142857142857,0.7142857142857143
3,1,0,0,-0.6263561729637832,-0.5714285714285714,-0.7544821556583041,2,1,0,6,5,4,3,2,1,0,1,1,1,0,0,1,1,1,1,0,0,0,0,1,1,0,0,0,0,0,0,0,0,0,0,0,0,0,0,1,-0.026843835984162137,-0.6308301456278103,-0.24606849652148627,-0.2128214936657591,-0.04962891109657335,-0.15172970066320138,-0.43268801855651706,-0.6045030498744168,-0.8126410835214447,-0.6309721055856918,-0.6206896551724138,-0.6,-0.4,-0.26666666666666666,0.5517241379310345,-0.42857142857142855,0.0,0.0,-0.5,-0.6428571428571429
4,1,0,0,-0.09842739860859451,0.0,-0.17407575615902826,3,2,1,0,6,5,4,3,2,1,1,1,1,1,0,0,1,1,1,1,0,0,0,0,1,1,0,0,0,0,0,0,0,0,0,0,0,0,0,0,-0.6263561729637832,-0.026843835984162137,-0.6308301456278103,-0.2443239351049706,-0.21205080195808615,-0.048664635239290266,-0.14720314033366044,-0.43406889128094717,-0.5959367945823928,-0.8125468122290564,-0.5517241379310345,-0.6,-0.6,-0.4,-0.27586206896551724,0.5714285714285714,-0.42857142857142855,0.0,0.0,-0.35714285714285715
5,0,1,0,0.2863342504977295,0.35714285714285715,0.4151828451081754,4,3,2,1,0,6,5,4,3,2,1,1,1,1,1,0,0,1,1,1,0,0,0,0,0,1,1,0,0,0,0,0,0,0,0,0,0,0,0,0,-0.09842739860859451,-0.6263561729637832,-0.026843835984162137,-0.6313539299295695,-0.2436328362922692,-0.20998386807671635,-0.04460701222232135,-0.14702188733405094,-0.42437923250564336,-0.594657164257019,0.0,-0.5333333333333333,-0.6,-0.6,-0.41379310344827586,-0.2857142857142857,0.5714285714285714,-0.42857142857142855,0.0,0.14285714285714285
6,0,1,0,-0.008947945328054046,0.7857142857142857,0.09387385719819633,5,4,3,2,1,0,6,5,4,3,0,1,1,1,1,1,0,0,1,1,1,0,0,0,0,0,1,1,0,0,0,0,0,0,0,0,0,0,0,0,0.2863342504977295,-0.09842739860859451,-0.6263561729637832,-0.02380684503048983,-0.6316406866836609,-0.24135149668399364,-0.2051922562226782,-0.04386437029063509,-0.13544018058690746,-0.4221611929458226,0.3448275862068966,0.0,-0.5333333333333333,-0.6,-0.6206896551724138,-0.42857142857142855,-0.2857142857142857,0.5714285714285714,-0.42857142857142855,0.14285714285714285
0,1,0,0,-0.44739726640270233,-0.14285714285714285,-0.44973850646546104,6,5,4,3,2,1,0,6,5,4,0,0,1,1,1,1,1,0,0,1,1,1,0,0,0,0,0,1,1,0,0,0,0,0,0,0,0,0,0,0,-0.008947945328054046,0.2863342504977295,-0.09842739860859451,-0.6268535811525393,-0.022558595952987887,-0.6267252195734004,-0.23641716477830313,-0.20532831001076424,-0.03160270880361174,-0.1316416623164393,0.7586206896551724,0.3333333333333333,0.0,-0.5333333333333333,-0.6206896551724138,-0.6428571428571429,-0.42857142857142855,-0.2857142857142857,0.5714285714285714,-0.2857142857142857
1,1,0,0,-0.6621479542759994,-0.2857142857142857,-0.6835121997451853,0,6,5,4,3,2,1,0,6,5,1,0,0,1,1,1,1,1,0,0,0,1,1,0,0,0,0,0,1,1,0,0,0,0,0,0,0,0,0,0,-0.44739726640270233,-0.008947945328054046,0.2863342504977295,-0.09581242546297335,-0.6271289674930632,-0.021778096433052584,-0.6200374698902668,-0.23672407606745602,-0.19413092550790068,-0.027236205996504684,-0.13793103448275862,0.7333333333333333,0.3333333333333333,0.0,-0.5517241379310345,-0.6428571428571429,-0.6428571428571429,-0.42857142857142855,-0.2857142857142857,0.7142857142857143
2,1,0,0,-0.39370959443437803,0.14285714285714285,-0.32726892234259025,1,0,6,5,4,3,2,1,0,6,1,1,0,0,1,1,1,1,1,0,0,0,1,1,0,0,0,0,0,1,0,0,0,0,0,0,0,0,0,0,-0.6621479542759994,-0.44739726640270233,-0.008947945328054046,0.2912175693616256,-0.09474610300254913,-0.6222441297723608,-0.01784280488892854,-0.6224434876210979,-0.22573363431151242,-0.1906534419755328,-0.27586206896551724,-0.13333333333333333,0.7333333333333333,0.3333333333333333,0.0,-0.5714285714285714,-0.6428571428571429,-0.6428571428571429,-0.42857142857142855,-0.14285714285714285
3,1,0,0,-0.2729123325056484,0.07142857142857142,-0.2254268590943584,2,1,0,6,5,4,3,2,1,0,1,1,1,0,0,1,1,1,1,1,0,0,0,1,1,0,0,0,0,0,0,0,0,0,0,0,0,0,0,0,-0.39370959443437803,-0.6621479542759994,-0.44739726640270233,-0.005805449922368948,0.29326174738884253,-0.0934755332496864,-0.6155767686680346,-0.016953713670613567,-0.6139954853273137,-0.2224290156381216,0.13793103448275862,-0.26666666666666666,-0.13333333333333333,0.7333333333333333,0.3448275862068966,0.0,-0.5714285714285714,-0.6428571428571429,-0.6428571428571429,-0.2857142857142857
4,1,0,0,-0.2952821958257835,0.21428571428571427,-0.16227038215203263,3,2,1,0,6,5,4,3,2,1,1,1,1,1,0,0,1,1,1,1,0,0,0,0,1,1,0,0,0,0,0,0,0,0,0,0,0,0,0,0,-0.2729123325056484,-0.39370959443437803,-0.6621479542759994,-0.44683963007133054,-0.004511719190597578,0.29189818963972036,-0.0892140244446427,-0.6179583781844276,-0.004514672686230248,-0.6128146349213555,0.06896551724137931,0.13333333333333333,-0.26666666666666666,-0.13333333333333333,0.7586206896551724,0.35714285714285715,0.0,-0.5714285714285714,-0.6428571428571429,-0.5
5,0,1,0,-0.5681945283314319,0.2857142857142857,-0.5572192824607235,4,3,2,1,0,6,5,4,3,2,1,1,1,1,1,0,0,1,1,1,0,0,0,0,0,1,1,0,0,0,0,0,0,0,0,0,0,0,0,0,-0.2952821958257835,-0.2729123325056484,-0.39370959443437803,-0.6628563713687811,-0.44666019986916017,-0.003853737228894129,0.2944062806673209,-0.08871546465733764,-0.6094808126410836,0.0,0.20689655172413793,0.06666666666666667,0.13333333333333333,-0.26666666666666666,-0.13793103448275862,0.7857142857142857,0.35714285714285715,0.0,-0.5714285714285714,-0.5
6,0,1,0,0.1744849338970539,0.7857142857142857,0.0900788297098891,5,4,3,2,1,0,6,5,4,3,0,1,1,1,1,1,0,0,1,1,1,0,0,0,0,0,1,1,0,0,0,0,0,0,0,0,0,0,0,0,-0.5681945283314319,-0.2952821958257835,-0.2729123325056484,-0.3928354447469679,-0.6632227210178439,-0.44300053773077624,0.0,0.2970039468963042,-0.07674943566591422,-0.6082752672552713,0.27586206896551724,0.2,0.06666666666666667,0.13333333333333333,-0.27586206896551724,-0.14285714285714285,0.7857142857142857,0.35714285714285715,0.0,-0.42857142857142855
0,0,0,1,-0.4250274030825672,0.2857142857142857,-0.3041846916558056,6,5,4,3,2,1,0,6,5,4,0,0,1,1,1,1,1,0,0,1,1,1,0,0,0,0,0,1,1,0,0,0,0,0,0,0,0,0,0,0,0.1744849338970539,-0.5681945283314319,-0.2952821958257835,-0.2713260277671519,-0.39251956958198925,-0.6580928481806777,-0.4371487197787492,0.0009867240760674508,0.3115124153498871,-0.07262988265734582,0.7586206896551724,0.26666666666666666,0.2,0.06666666666666667,0.13793103448275862,-0.2857142857142857,-0.14285714285714285,0.7857142857142857,0.35714285714285715,0.14285714285714285
1,1,0,0,-0.33554794980202673,0.42857142857142855,-0.21818967090997332,0,6,5,4,3,2,1,0,6,5,0,0,0,1,1,1,1,1,0,0,0,1,1,0,0,0,0,0,1,1,1,0,0,0,0,0,0,0,0,0,-0.4250274030825672,0.1744849338970539,-0.5681945283314319,-0.29382777165230306,-0.27070315143585466,-0.3892274601183009,-0.6512623784458916,-0.43855400071761746,0.013544018058690745,0.31775573662588796,0.27586206896551724,0.7333333333333333,0.26666666666666666,0.2,0.06896551724137931,0.14285714285714285,-0.2857142857142857,-0.14285714285714285,0.7857142857142857,0.5
2,1,0,0,-0.5189808290271347,-0.5,-0.4887001525962027,1,0,6,5,4,3,2,1,0,6,1,0,0,0,1,1,1,1,1,0,0,0,1,1,0,0,0,0,0,1,0,1,0,0,0,0,0,0,0,0,-0.33554794980202673,-0.4250274030825672,0.1744849338970539,-0.5683490470511464,-0.29326174738884253,-0.26823803549023134,-0.3836203051119636,-0.6538392536777896,-0.4288939051918736,0.018157470664336456,0.41379310344827586,0.26666666666666666,0.7333333333333333,0.26666666666666666,0.20689655172413793,0.07142857142857142,0.14285714285714285,-0.2857142857142857,-0.14285714285714285,0.9285714285714286
3,1,0,0,-0.5279287743551887,0.0,-0.543687262383414,2,1,0,6,5,4,3,2,1,0,1,1,0,0,0,1,1,1,1,1,0,0,0,1,1,0,0,0,0,0,0,0,1,0,0,0,0,0,0,0,-0.5189808290271347,-0.33554794980202673,-0.4250274030825672,0.17870884993587008,-0.5684766180152948,-0.29064348449542937,-0.26318137211169595,-0.3847326874775744,-0.6455981941309256,-0.42670056061190675,-0.4827586206896552,0.4,0.26666666666666666,0.7333333333333333,0.27586206896551724,0.21428571428571427,0.07142857142857142,0.14285714285714285,-0.2857142857142857,0.0
4,1,0,0,-0.41607945775451316,0.42857142857142855,-0.3576300963728665,3,2,1,0,6,5,4,3,2,1,1,1,1,0,0,0,1,1,1,1,0,0,0,0,1,1,0,0,0,0,0,0,0,1,0,0,0,0,0,0,-0.5279287743551887,-0.5189808290271347,-0.33554794980202673,-0.4243378861861794,0.1804687676239031,-0.5639899623588458,-0.2854848782228566,-0.26363473268747756,-0.3747178329571106,-0.6445902085839442,0.0,-0.4666666666666667,0.4,0.26666666666666666,0.7586206896551724,0.2857142857142857,0.21428571428571427,0.07142857142857142,0.14285714285714285,-0.14285714285714285
5,0,1,0,-0.6487260362839183,0.35714285714285715,-0.6520149822882815,4,3,2,1,0,6,5,4,3,2,1,1,1,1,0,0,0,1,1,1,0,0,0,0,0,1,1,0,0,0,0,0,0,0,1,0,0,0,0,0,-0.41607945775451316,-0.5279287743551887,-0.5189808290271347,-0.334330910645575,-0.4241016039161723,0.17987094461373002,-0.5575876527790169,-0.2860602798708288,-0.2528216704288939,-0.37222814861889736,0.41379310344827586,0.0,-0.4666666666666667,0.4,0.27586206896551724,0.7857142857142857,0.2857142857142857,0.21428571428571427,0.07142857142857142,0.2857142857142857
6,0,1,0,-0.2684383598416214,0.7857142857142857,-0.16323945391041286,5,4,3,2,1,0,6,5,4,3,0,1,1,1,1,0,0,0,1,1,1,0,0,0,0,0,1,1,0,0,0,0,0,0,0,1,0,0,0,0,-0.6487260362839183,-0.41607945775451316,-0.5279287743551887,-0.518845210503814,-0.33386722010422076,-0.42059508872557816,0.18288875011151753,-0.5596519555077143,-0.27539503386004516,-0.2496652216346263,0.3448275862068966,0.4,0.0,-0.4666666666666667,0.41379310344827586,0.2857142857142857,0.7857142857142857,0.2857142857142857,0.21428571428571427,0.21428571428571427
0,0,0,1,-0.4250274030825672,0.21428571428571427,-0.40130177473391077,6,5,4,3,2,1,0,6,5,4,0,0,1,1,1,1,0,0,0,1,1,1,0,0,0,0,0,1,1,0,0,0,0,0,0,0,1,0,0,0,-0.2684383598416214,-0.6487260362839183,-0.41607945775451316,-0.5278459080578745,-0.5188477069187214,-0.3309732927047859,-0.41484521366758853,0.18487621097954787,-0.5507900677200903,-0.27236205996504687,0.7586206896551724,0.3333333333333333,0.4,0.0,-0.4827586206896552,0.42857142857142855,0.2857142857142857,0.7857142857142857,0.2857142857142857,0.35714285714285715
1,1,0,0,0.01673265776346111,1.0714285714285714,0.2092899219717541,0,6,5,4,3,2,1,0,6,5,0,0,0,1,1,1,1,0,0,0,0,1,1,0,0,0,0,0,1,1,1,0,0,0,0,0,0,1,0,0,-0.4250274030825672,-0.2684383598416214,-0.6487260362839183,-0.415337188632119,-0.5278711452999165,-0.5146979745474101,-0.3256311892229458,-0.4161284535342662,0.1986455981941309,-0.5492634875961778,0.20689655172413793,0.7333333333333333,0.3333333333333333,0.4,0.0,-0.5,0.42857142857142855,0.2857142857142857,0.7857142857142857,0.42857142857142855
2,1,0,0,-0.5730711585352214,0.0,-0.5354406111989966,1,0,6,5,4,3,2,1,0,6,1,0,0,0,1,1,1,1,0,0,0,0,1,1,0,0,0,0,0,1,0,1,0,0,0,0,0,0,1,0,0.01673265776346111,-0.4250274030825672,-0.2684383598416214,-0.6493553250376904,-0.4150781655349771,-0.5236601541494893,-0.5085199393344634,-0.32642626480086107,-0.40632054176072235,0.20427154497378514,1.0344827586206897,0.2,0.7333333333333333,0.3333333333333333,0.41379310344827586,0.0,-0.5,0.42857142857142855,0.2857142857142857,0.9285714285714286
3,1,0,0,-0.07162830235107259,0.9285714285714286,0.019358377175322797,2,1,0,6,5,4,3,2,1,0,1,1,0,0,0,1,1,1,1,0,0,0,0,1,1,0,0,0,0,0,0,0,1,0,0,0,0,0,0,1,-0.5730711585352214,0.01673265776346111,-0.4250274030825672,-0.2668256789901217,-0.6496875634460512,-0.411632909123499,-0.5174413417789276,-0.5103157517043415,-0.3160270880361174,-0.4040037222814862,0.0,1.0,0.2,0.7333333333333333,0.3448275862068966,0.42857142857142855,0.0,-0.5,0.42857142857142855,0.42857142857142855
4,1,0,0,-0.5470773773572244,0.7142857142857143,-0.49567257142093846,3,2,1,0,6,5,4,3,2,1,1,1,1,0,0,0,1,1,1,1,0,0,0,0,1,1,0,0,0,0,0,0,0,1,0,0,0,0,0,0,-0.07162830235107259,-0.5730711585352214,0.01673265776346111,-0.4243378861861794,-0.2661914322452571,-0.6446495787775589,-0.40592381122312426,-0.519285970577682,-0.5011286681715575,-0.31321636895980387,0.896551724137931,0.0,1.0,0.2,0.7586206896551724,0.35714285714285715,0.42857142857142855,0.0,-0.5,0.5714285714285714
5,0,1,0,-0.5876563094199495,0.2857142857142857,-0.5414996154881011,4,3,2,1,0,6,5,4,3,2,1,1,1,1,0,0,0,1,1,1,0,0,0,0,0,1,1,0,0,0,0,0,0,0,1,0,0,0,0,0,-0.5470773773572244,-0.07162830235107259,-0.5730711585352214,0.020026552057784558,-0.4241016039161723,-0.2637569456891917,-0.6378802747791953,-0.40715823466092566,-0.510158013544018,-0.4993304432692526,0.6896551724137931,0.8666666666666667,0.0,1.0,0.20689655172413793,0.7857142857142857,0.35714285714285715,0.42857142857142855,0.0,-0.35714285714285715
6,0,1,0,-0.6306064469946089,0.14285714285714285,-0.5788982477834114,5,4,3,2,1,0,6,5,4,3,0,1,1,1,1,0,0,0,1,1,1,0,0,0,0,0,1,1,0,0,0,0,0,0,0,1,0,0,0,0,-0.5876563094199495,-0.5470773773572244,-0.07162830235107259,-0.5732544272181094,0.02138554896343256,-0.42059508872557816,-0.2587206708894638,-0.6403839253677789,-0.3972911963882618,-0.5084091786014208,0.27586206896551724,0.6666666666666666,0.8666666666666667,0.0,1.0344827586206897,0.21428571428571427,0.7857142857142857,0.35714285714285715,0.42857142857142855,0.14285714285714285
0,1,0,0,-0.003176520591459222,0.7857142857142857,0.13983416055868403,6,5,4,3,2,1,0,6,5,4,0,0,1,1,1,1,0,0,0,1,1,1,0,0,0,0,0,1,1,0,0,0,0,0,0,0,1,0,0,0,-0.6306064469946089,-0.5876563094199495,-0.5470773773572244,-0.06885533628856229,-0.5733943919330462,0.021867718229073293,-0.41484521366758853,-0.25914962325080726,-0.6320541760722348,-0.39492498694931794,0.13793103448275862,0.26666666666666666,0.6666666666666666,0.8666666666666667,0.0,1.0714285714285714,0.21428571428571427,0.7857142857142857,0.35714285714285715,0.5714285714285714
1,1,0,0,0.22334071538822894,1.2142857142857142,0.5336215741389192,0,6,5,4,3,2,1,0,6,5,1,0,0,1,1,1,1,0,0,0,0,1,1,0,0,0,0,0,1,1,0,0,0,0,0,0,0,1,0,0,-0.003176520591459222,-0.6306064469946089,-0.5876563094199495,-0.5471074008235638,-0.0677209050508696,-0.568874350241979,0.025604425015612494,-0.4161284535342662,-0.24830699774266365,-0.6309721055856918,0.7586206896551724,0.13333333333333333,0.26666666666666666,0.6666666666666666,0.896551724137931,0.0,1.0714285714285714,0.21428571428571427,0.7857142857142857,0.5
2,1,0,0,0.40663937543341605,1.0714285714285714,0.6407687248389597,1,0,6,5,4,3,2,1,0,6,1,1,0,0,1,1,1,1,0,0,0,0,1,1,0,0,0,0,0,1,0,0,0,0,0,0,0,0,1,0,0.22334071538822894,-0.003176520591459222,-0.6306064469946089,-0.5879255642312279,-0.5471813034356742,-0.06663380534145907,-0.5624498171112499,0.02673125224255475,-0.40632054176072235,-0.24512585396854217,1.1724137931034482,0.7333333333333333,0.13333333333333333,0.26666666666666666,0.6896551724137931,0.9285714285714286,0.0,1.0714285714285714,0.21428571428571427,0.9285714285714286
3,1,0,0,0.590877569738049,0.7142857142857143,0.9219968793790307,2,1,0,6,5,4,3,2,1,0,1,1,1,0,0,1,1,1,1,0,0,0,0,1,1,0,0,0,0,0,0,0,0,0,0,0,0,0,0,1,0.40663937543341605,0.22334071538822894,-0.003176520591459222,-0.6311289124907181,-0.5881025964943942,-0.5428392184979388,-0.06249442412347217,-0.5645407247936849,0.039458239277652414,-0.4040037222814862,1.0344827586206897,1.1333333333333333,0.7333333333333333,0.13333333333333333,0.27586206896551724,0.7142857142857143,0.9285714285714286,0.0,1.0714285714285714,0.35714285714285715
4,1,0,0,2.9722389996197127,0.9285714285714286,3.429772034376445,3,2,1,0,6,5,4,3,2,1,1,1,1,1,0,0,1,1,1,1,0,0,0,0,1,1,0,0,0,0,0,0,0,0,0,0,0,0,0,0,0.590877569738049,0.40663937543341605,0.22334071538822894,0.0,-0.631415100724131,-0.5834827029933681,-0.5365331430100811,-0.06184965913168277,-0.5557110609480813,0.044213441067659315,0.6896551724137931,1.0,1.1333333333333333,0.7333333333333333,0.13793103448275862,0.2857142857142857,0.7142857142857143,0.9285714285714286,0.0,1.2142857142857142
5,0,1,0,0.5228731852448382,0.7857142857142857,1.1105921737675741,4,3,2,1,0,6,5,4,3,2,1,1,1,1,1,0,0,1,1,1,0,0,0,0,0,1,1,0,0,0,0,0,0,0,0,0,0,0,0,0,2.9722389996197127,0.590877569738049,0.40663937543341605,0.22785265858104004,0.0013083985652732617,-0.6265011650833484,-0.5769917030957266,-0.5384822389666307,-0.049706546275394996,-0.5542113983522096,0.896551724137931,0.6666666666666666,1.0,1.1333333333333333,0.7586206896551724,0.14285714285714285,0.2857142857142857,0.7142857142857143,0.9285714285714286,0.14285714285714285
6,0,1,0,-0.05015323356374297,0.7857142857142857,0.2151813185100657,5,4,3,2,1,0,6,5,4,3,0,1,1,1,1,1,0,0,1,1,1,0,0,0,0,0,1,1,0,0,0,0,0,0,0,0,0,0,0,0,0.5228731852448382,2.9722389996197127,0.590877569738049,0.4122319479759681,0.2297367411852286,0.001926868614446937,-0.6198144348291551,-0.5791621815572299,-0.5294808126410835,-0.04543907033750194,0.7586206896551724,0.8666666666666667,0.6666666666666666,1.0,1.1724137931034482,0.7857142857142857,0.14285714285714285,0.2857142857142857,0.7142857142857143,1.0714285714285714
0,1,0,0,0.28360512717267294,0.35714285714285715,0.6055332502609528,6,5,4,3,2,1,0,6,5,4,0,0,1,1,1,1,1,0,0,1,1,1,0,0,0,0,0,1,1,0,0,0,0,0,0,0,0,0,0,0,-0.05015323356374297,0.5228731852448382,2.9722389996197127,0.5975563106140727,0.41458187642401134,0.22880444524108254,0.005754304576679419,-0.6222192321492644,-0.5704288939051918,-0.5278376722122607,0.7586206896551724,0.7333333333333333,0.8666666666666667,0.6666666666666666,1.0344827586206897,1.2142857142857142,0.7857142857142857,0.14285714285714285,0.2857142857142857,0.8571428571428571
1,1,0,0,0.5637652953940452,0.5,1.0710257721565042,0,6,5,4,3,2,1,0,6,5,1,0,0,1,1,1,1,1,0,0,0,1,1,0,0,0,0,0,1,1,0,0,0,0,0,0,0,0,0,0,0.28360512717267294,-0.05015323356374297,0.5228731852448382,2.9929569541639482,0.6003744726928196,0.4123946943896755,0.2315996074582924,0.006772515249372043,-0.6137697516930022,-0.5690097369436437,0.3448275862068966,0.7333333333333333,0.7333333333333333,0.8666666666666667,0.6896551724137931,1.0714285714285714,1.2142857142857142,0.7857142857142857,0.14285714285714285,0.42857142857142855
2,1,0,0,0.48229425318211316,0.2857142857142857,1.016673154708633,1,0,6,5,4,3,2,1,0,6,1,1,0,0,1,1,1,1,1,0,0,0,1,1,0,0,0,0,0,1,0,0,0,0,0,0,0,0,0,0,0.5637652953940452,0.28360512717267294,-0.05015323356374297,0.5291510092032133,3.0018272462721924,0.5969259723964868,0.4143545365331429,0.233853606027987,0.01936794582392773,-0.6125876665380512,0.4827586206896552,0.3333333333333333,0.7333333333333333,0.7333333333333333,0.896551724137931,0.7142857142857143,1.0714285714285714,1.2142857142857142,0.7857142857142857,0.2857142857142857
3,1,0,0,0.19564682459790167,1.2857142857142858,0.49489178009608664,2,1,0,6,5,4,3,2,1,0,1,1,1,0,0,1,1,1,1,1,0,0,0,1,1,0,0,0,0,0,0,0,0,0,0,0,0,0,0,0,0.48229425318211316,0.5637652953940452,0.28360512717267294,-0.04725366215881731,0.5317963409957365,2.982075640795842,0.5980462128646623,0.4176085396483673,0.24794582392776518,0.024013254953584928,0.27586206896551724,0.4666666666666667,0.3333333333333333,0.7333333333333333,0.7586206896551724,0.9285714285714286,0.7142857142857143,1.0714285714285714,1.2142857142857142,0.9285714285714286
4,1,0,0,-0.6620137350960786,-0.35714285714285715,-0.652222345198181,3,2,1,0,6,5,4,3,2,1,1,1,1,1,0,0,1,1,1,1,0,0,0,0,1,1,0,0,0,0,0,0,0,0,0,0,0,0,0,0,0.19564682459790167,0.48229425318211316,0.5637652953940452,0.2884723566076371,-0.0460646529360013,0.5288134074206847,2.9723436524221607,0.6023053462504484,0.43291196388261843,0.2538414398874236,1.2413793103448276,0.26666666666666666,0.4666666666666667,0.3333333333333333,0.7586206896551724,0.7857142857142857,0.9285714285714286,0.7142857142857143,1.0714285714285714,1.3571428571428572
5,0,1,0,-0.41263449880321235,0.2857142857142857,-0.26761455687627494,4,3,2,1,0,6,5,4,3,2,1,1,1,1,1,0,0,1,1,1,0,0,0,0,0,1,1,0,0,0,0,0,0,0,0,0,0,0,0,0,-0.6620137350960786,0.19564682459790167,0.48229425318211316,0.5702841970252694,0.290509598682578,-0.045124574296469,0.5302435542867339,2.989594546106925,0.61882618510158,0.43981933316688976,-0.3448275862068966,1.2,0.26666666666666666,0.4666666666666667,0.3448275862068966,0.7857142857142857,0.7857142857142857,0.9285714285714286,0.7142857142857143,1.2142857142857142
6,0,0,1,-0.7467507773527504,0.5714285714285714,-0.7189563093981832,5,4,3,2,1,0,6,5,4,3,0,1,1,1,1,1,0,0,1,1,1,0,0,0,0,0,1,1,0,0,0,0,0,0,0,0,0,0,0,0,-0.41263449880321235,-0.6620137350960786,0.19564682459790167,0.48833284579554925,0.5730334543977983,0.28916472486108613,-0.041083058256757995,0.5341316828130606,3.0218510158013547,0.6267504936562336,0.27586206896551724,-0.3333333333333333,1.2,0.26666666666666666,0.4827586206896552,0.35714285714285715,0.7857142857142857,0.7857142857142857,0.9285714285714286,0.8571428571428571
0,1,0,0,-0.12330268662058477,0.2857142857142857,-0.04226673103822029,6,5,4,3,2,1,0,6,5,4,0,0,1,1,1,1,1,0,0,1,0,1,0,0,0,0,0,1,1,0,1,0,0,0,0,0,0,0,0,0,-0.7467507773527504,-0.41263449880321235,-0.6620137350960786,0.19999549965122299,0.4908750479370165,0.5697705682021867,0.29168525292175923,-0.04032113383566562,0.5502031602708803,3.0429197212828254,0.5517241379310345,0.26666666666666666,-0.3333333333333333,1.2,0.27586206896551724,0.5,0.35714285714285715,0.7857142857142857,0.7857142857142857,1.0714285714285714
1,1,0,0,-0.5116435138581303,-0.2857142857142857,-0.43161842298598774,0,6,5,4,3,2,1,0,6,5,1,0,0,1,1,1,1,1,0,0,0,0,1,0,0,0,0,0,1,1,0,1,0,0,0,0,0,0,0,0,-0.12330268662058477,-0.7467507773527504,-0.41263449880321235,-0.6627213609054702,0.2018091993954296,0.48816992292525546,0.5710143634579355,0.2942680301399353,-0.028036117381489877,0.5577521051317551,0.27586206896551724,0.5333333333333333,0.26666666666666666,-0.3333333333333333,1.2413793103448276,0.2857142857142857,0.5,0.35714285714285715,0.7857142857142857,0.9285714285714286
2,1,0,0,-0.3717871283806456,0.5,-0.2755501636958431,1,0,6,5,4,3,2,1,0,6,1,1,0,0,1,1,1,1,1,0,0,0,0,1,0,0,0,0,0,1,0,0,1,0,0,0,0,0,0,0,-0.5116435138581303,-0.12330268662058477,-0.7467507773527504,-0.41187192007380574,-0.663087369442126,0.20106649937264734,0.48978499420108845,0.5751255830642267,0.3087584650112866,-0.023650105540298273,-0.27586206896551724,0.26666666666666666,0.5333333333333333,0.26666666666666666,-0.3448275862068966,1.2857142857142858,0.2857142857142857,0.5,0.35714285714285715,0.9285714285714286
3,1,0,0,-0.05015323356374297,0.7857142857142857,0.2151813185100657,2,1,0,6,5,4,3,2,1,0,1,1,1,0,0,1,1,1,1,1,0,0,0,0,1,0,0,0,0,0,0,0,0,1,0,0,0,0,0,0,-0.3717871283806456,-0.5116435138581303,-0.12330268662058477,-0.7479579667424225,-0.411604141758217,-0.6579584154866465,0.20398786689267548,0.4934517402224614,0.5914672686230248,0.31498672234957664,0.4827586206896552,-0.26666666666666666,0.26666666666666666,0.5333333333333333,0.27586206896551724,-0.35714285714285715,1.2857142857142858,0.2857142857142857,0.5,0.5
4,1,0,0,1.152629577433282,-0.2857142857142857,1.333950969485212,3,2,1,0,6,5,4,3,2,1,1,1,1,1,0,0,1,1,1,1,0,0,0,0,0,1,0,0,0,0,0,0,0,0,1,0,0,0,0,0,-0.05015323356374297,-0.3717871283806456,-0.5116435138581303,-0.12083436466326139,-0.748539330912044,-0.4081824699766985,-0.6511285574092247,0.2060907786149981,0.509255079006772,0.5992419255997639,0.7586206896551724,0.4666666666666667,-0.26666666666666666,0.26666666666666666,0.5517241379310345,0.2857142857142857,-0.35714285714285715,1.2857142857142858,0.2857142857142857,0.6428571428571429
5,0,1,0,-0.15466523499541415,0.7142857142857143,0.09103104528080819,4,3,2,1,0,6,5,4,3,2,1,1,1,1,1,0,0,1,1,1,0,0,0,0,0,0,1,0,0,0,0,0,0,0,0,1,0,0,0,0,1.152629577433282,-0.05015323356374297,-0.3717871283806456,-0.5114646385094845,-0.11983126170227167,-0.7428302563183368,-0.40248907128200556,-0.6537047003946895,0.21999999999999995,0.5165800404003722,-0.27586206896551724,0.7333333333333333,0.4666666666666667,-0.26666666666666666,0.27586206896551724,0.5714285714285714,0.2857142857142857,-0.35714285714285715,1.2857142857142858,0.42857142857142855
6,0,1,0,-0.07596805583517881,1.0,0.11616250764094158,5,4,3,2,1,0,6,5,4,3,0,1,1,1,1,1,0,0,1,1,1,0,0,0,0,0,0,1,0,0,0,0,0,0,0,0,1,0,0,0,-0.15466523499541415,1.152629577433282,-0.05015323356374297,-0.3707837357395198,-0.5114484874461414,-0.11839039254346666,-0.7356142385583013,-0.4037047003946896,-0.6454627539503386,0.22574275403436295,0.6896551724137931,-0.26666666666666666,0.7333333333333333,0.4666666666666667,-0.27586206896551724,0.2857142857142857,0.5714285714285714,0.2857142857142857,-0.35714285714285715,1.4285714285714286
0,1,0,0,-0.5424691855132765,-0.21428571428571427,-0.5195067434291083,6,5,4,3,2,1,0,6,5,4,0,0,1,1,1,1,1,0,0,1,1,1,0,0,0,0,0,0,1,0,0,0,0,0,0,0,0,1,0,0,-0.07596805583517881,-0.15466523499541415,1.152629577433282,-0.04725366215881731,-0.37041214554806107,-0.5073489872737051,-0.11401552324025338,-0.7386526731252241,-0.39381489841986456,-0.6444540275539616,0.9655172413793104,0.6666666666666666,-0.26666666666666666,0.7333333333333333,0.4827586206896552,-0.2857142857142857,0.2857142857142857,0.5714285714285714,0.2857142857142857,-0.21428571428571427
1,1,0,0,-0.4500369102744783,-0.14285714285714285,-0.29145524873053824,0,6,5,4,3,2,1,0,6,5,1,0,0,1,1,1,1,1,0,0,0,1,1,0,0,0,0,0,0,1,0,0,0,0,0,0,0,0,1,0,-0.5424691855132765,-0.07596805583517881,-0.15466523499541415,1.1626201030579872,-0.0460646529360013,-0.36727012009320675,-0.5012043893300027,-0.11365267312522426,-0.7309706546275395,-0.3914296738464332,-0.20689655172413793,0.9333333333333333,0.6666666666666666,-0.26666666666666666,0.7586206896551724,0.5,-0.2857142857142857,0.2857142857142857,0.5714285714285714,0.42857142857142855
2,1,0,0,-0.42681699214817803,-0.21428571428571427,-0.35869092303846456,1,0,6,5,4,3,2,1,0,6,1,1,0,0,1,1,1,1,1,0,0,0,1,1,0,0,0,0,0,0,0,0,0,0,0,0,0,0,0,1,-0.4500369102744783,-0.5424691855132765,-0.07596805583517881,-0.1523818095902432,1.1668659342642516,-0.045124574296469,-0.3617628691230261,-0.5029601722282023,-0.10185101580135442,-0.7304296511495948,-0.13793103448275862,-0.2,0.9333333333333333,0.6666666666666666,-0.27586206896551724,0.7857142857142857,0.5,-0.2857142857142857,0.2857142857142857,0.7142857142857143
3,1,0,0,-0.6598662282173456,-0.5,-0.6404940961998521,2,1,0,6,5,4,3,2,1,0,1,1,1,0,0,1,1,1,1,1,0,0,0,1,1,0,0,0,0,0,0,0,0,0,0,0,0,0,0,0,-0.42681699214817803,-0.4500369102744783,-0.5424691855132765,-0.0732206746022816,-0.15145841322836065,1.1595716078150207,-0.041083058256757995,-0.3627556512378901,-0.49372460496613996,-0.0978687668807735,-0.20689655172413793,-0.13333333333333333,-0.2,0.9333333333333333,0.6896551724137931,-0.2857142857142857,0.7857142857142857,0.5,-0.2857142857142857,0.42857142857142855
4,1,0,0,-0.17130841330559468,-0.9285714285714286,-0.04786982316269147,3,2,1,0,6,5,4,3,2,1,1,1,1,1,0,0,1,1,1,1,0,0,0,0,1,1,0,0,0,0,0,0,0,0,0,0,0,0,0,0,-0.6598662282173456,-0.42681699214817803,-0.4500369102744783,-0.5424720415832227,-0.07209727266574924,-0.1498028320487543,1.158131858328129,-0.04032113383566562,-0.35259593679458234,-0.49188588029687463,-0.4827586206896552,-0.2,-0.13333333333333333,-0.2,0.9655172413793104,0.7142857142857143,-0.2857142857142857,0.7857142857142857,0.5,-0.14285714285714285
5,0,1,0,-0.12701608393172711,-0.7142857142857143,0.020791789192067034,4,3,2,1,0,6,5,4,3,2,1,1,1,1,1,0,0,1,1,1,0,0,0,0,0,1,1,0,0,0,0,0,0,0,0,0,0,0,0,0,-0.17130841330559468,-0.6598662282173456,-0.42681699214817803,-0.4494948358497784,-0.5425342326693587,-0.0709804624484675,-0.1452850388081006,1.1654556871187656,-0.028036117381489877,-0.34998524705508516,-0.896551724137931,-0.4666666666666667,-0.2,-0.13333333333333333,-0.20689655172413793,1.0,0.7142857142857143,-0.2857142857142857,0.7857142857142857,0.6428571428571429
6,0,1,0,-0.4777755407914458,0.42857142857142855,-0.39922226187136756,5,4,3,2,1,0,6,5,4,3,0,1,1,1,1,1,0,0,1,1,1,0,0,0,0,0,1,1,0,0,0,0,0,0,0,0,0,0,0,0,-0.12701608393172711,-0.17130841330559468,-0.6598662282173456,-0.42613802569699155,-0.4493221141916128,-0.538223696002868,-0.06682130430903734,-0.1450932902762827,1.18568848758465,-0.023650105540298273,-0.6896551724137931,-0.8666666666666667,-0.4666666666666667,-0.2,-0.13793103448275862,-0.21428571428571427,1.0,0.7142857142857143,-0.2857142857142857,0.9285714285714286
0,1,0,0,-0.2499608527391898,0.14285714285714285,-0.2534011333718799,6,5,4,3,2,1,0,6,5,4,0,0,1,1,1,1,1,0,0,1,1,1,0,0,0,0,0,1,1,0,0,0,0,0,0,0,0,0,0,0,-0.4777755407914458,-0.12701608393172711,-0.17130841330559468,-0.6605611934924958,-0.42590629159241133,-0.44564438071338963,-0.531938620751182,-0.06620021528525291,-0.13349887133182842,1.196713497809755,0.41379310344827586,-0.6666666666666666,-0.8666666666666667,-0.4666666666666667,-0.20689655172413793,-0.14285714285714285,-0.21428571428571427,1.0,0.7142857142857143,-0.14285714285714285
1,1,0,0,-0.2987271547770844,-0.35714285714285715,-0.23966986043712865,0,6,5,4,3,2,1,0,6,5,1,0,0,1,1,1,1,1,0,0,0,1,1,0,0,0,0,0,1,1,0,0,0,0,0,0,0,0,0,0,-0.2499608527391898,-0.4777755407914458,-0.12701608393172711,-0.1691231070407956,-0.6609217442306392,-0.42238752464599405,-0.4397805334998662,-0.5338625762468603,-0.054085778781038325,-0.1296897342200231,0.13793103448275862,0.4,-0.6666666666666666,-0.8666666666666667,-0.4827586206896552,-0.21428571428571427,-0.14285714285714285,-0.21428571428571427,1.0,0.8571428571428571
2,1,0,0,0.40838422477238656,-0.2857142857142857,0.5710502613345139,1,0,6,5,4,3,2,1,0,6,1,1,0,0,1,1,1,1,1,0,0,0,1,1,0,0,0,0,0,1,0,0,0,0,0,0,0,0,0,0,-0.2987271547770844,-0.2499608527391898,-0.4777755407914458,-0.1245696541481964,-0.16824200861738364,-0.6558074923821475,-0.41662949415648143,-0.4412002152852529,-0.5248306997742663,-0.049842256973603526,-0.3448275862068966,0.13333333333333333,0.4,-0.6666666666666666,-0.896551724137931,-0.5,-0.21428571428571427,-0.14285714285714285,-0.21428571428571427,1.1428571428571428
3,0,0,1,1.2340111401919334,-0.35714285714285715,1.2852543980337416,2,1,0,6,5,4,3,2,1,0,1,1,1,0,0,1,1,1,1,1,0,0,0,1,1,0,0,0,0,0,0,0,0,0,0,0,0,0,0,0,0.40838422477238656,-0.2987271547770844,-0.2499608527391898,-0.47739699826736576,-0.12357598863046759,-0.16647248610862167,-0.6489874208225533,-0.4179224973089343,-0.43155756207674945,-0.5231621235161942,-0.27586206896551724,-0.3333333333333333,0.13333333333333333,0.4,-0.6896551724137931,-0.9285714285714286,-0.5,-0.21428571428571427,-0.14285714285714285,-0.07142857142857142
4,1,0,0,0.6737355434758293,0.21428571428571427,1.2228702843225372,3,2,1,0,6,5,4,3,2,1,0,1,1,1,0,0,1,1,1,1,0,0,0,0,1,1,0,0,0,0,1,0,0,0,0,0,0,0,0,0,1.2340111401919334,0.40838422477238656,-0.2987271547770844,-0.24823923854098692,-0.47729477317331775,-0.12210969707832947,-0.16187884735480412,-0.6515518478650878,-0.40812641083521445,-0.4293787875348964,-0.3448275862068966,-0.26666666666666666,-0.3333333333333333,0.13333333333333333,0.41379310344827586,-0.7142857142857143,-0.9285714285714286,-0.5,-0.21428571428571427,0.0
5,0,1,0,2.087555645035009,1.5714285714285714,2.9922811383078805,4,3,2,1,0,6,5,4,3,2,1,0,1,1,1,0,0,1,1,1,0,0,0,0,0,1,1,0,0,0,0,1,0,0,0,0,0,0,0,0,0.6737355434758293,1.2340111401919334,0.40838422477238656,-0.29729304021061637,-0.2475580319880891,-0.4734271374798352,-0.11771790525470598,-0.16177789738069603,-0.6432957110609481,-0.40581946934791985,0.20689655172413793,-0.3333333333333333,-0.26666666666666666,-0.3333333333333333,0.13793103448275862,0.42857142857142855,-0.7142857142857143,-0.9285714285714286,-0.5,-0.07142857142857142
6,0,1,0,1.1901214683578283,0.9285714285714286,2.137615186597995,5,4,3,2,1,0,6,5,4,3,0,1,0,1,1,1,0,0,1,1,1,0,0,0,0,0,1,1,0,0,0,0,1,0,0,0,0,0,0,0,2.087555645035009,0.6737355434758293,1.2340111401919334,0.41398708399900985,-0.29673577116560274,-0.24525004481089813,-0.4674368810777054,-0.11737531395766049,-0.15029345372460493,-0.6422751310742414,1.5172413793103448,0.2,-0.3333333333333333,-0.26666666666666666,-0.3448275862068966,0.14285714285714285,0.42857142857142855,-0.7142857142857143,-0.9285714285714286,-0.35714285714285715
0,1,0,0,1.2843433326622375,-0.21428571428571427,2.0364397378576613,6,5,4,3,2,1,0,6,5,4,0,0,1,0,1,1,1,0,0,1,1,1,0,0,0,0,0,1,1,0,0,0,0,1,0,0,0,0,0,0,1.1901214683578283,2.087555645035009,0.6737355434758293,1.2444814473121666,0.41634144690834435,-0.2940939236422299,-0.2402979748416451,-0.4690078937926085,-0.10559819413092544,-0.14657618193785601,0.896551724137931,1.4666666666666666,0.2,-0.3333333333333333,-0.27586206896551724,-0.35714285714285715,0.14285714285714285,0.42857142857142855,-0.7142857142857143,-0.7857142857142857
1,1,0,0,-0.18674361899648798,-0.21428571428571427,0.08948600077729287,0,6,5,4,3,2,1,0,6,5,1,0,0,1,0,1,1,1,0,0,0,1,1,0,0,0,0,0,1,1,0,0,0,0,1,0,0,0,0,0,1.2843433326622375,1.1901214683578283,2.087555645035009,0.6809027699646722,1.2489341063412214,0.4141423194120809,-0.28891961816397543,-0.24062612127735916,-0.459548532731377,-0.10163644204362325,-0.20689655172413793,0.8666666666666667,1.4666666666666666,0.2,-0.3448275862068966,-0.2857142857142857,-0.35714285714285715,0.14285714285714285,0.42857142857142855,-0.5714285714285714
2,1,0,0,0.3784086079234055,0.6428571428571429,0.5541996395956296,1,0,6,5,4,3,2,1,0,6,1,1,0,0,1,0,1,1,1,0,0,0,1,1,0,0,0,0,0,1,0,0,0,0,0,1,0,0,0,0,-0.18674361899648798,1.2843433326622375,1.1901214683578283,2.1030579869939925,0.6839315121026867,1.2410826312959313,0.4160942100098134,-0.28951381413706495,-0.22966139954853276,-0.45752286706461787,-0.20689655172413793,-0.2,0.8666666666666667,1.4666666666666666,0.20689655172413793,-0.35714285714285715,-0.2857142857142857,-0.35714285714285715,0.14285714285714285,0.5714285714285714
3,1,0,0,-0.1875936738026531,0.5714285714285714,0.0070226693458463494,2,1,0,6,5,4,3,2,1,0,1,1,1,0,0,1,0,1,1,1,0,0,0,1,1,0,0,0,0,0,0,0,0,0,0,0,1,0,0,0,0.3784086079234055,-0.18674361899648798,1.2843433326622375,1.2003330258095004,2.1096798935234276,0.6799157555117403,1.2392720135605317,0.41935773232866863,-0.2788713318284425,-0.2263782655076148,0.6206896551724138,-0.2,-0.2,0.8666666666666667,1.5172413793103448,0.21428571428571427,-0.35714285714285715,-0.2857142857142857,-0.35714285714285715,0.2857142857142857
4,1,0,0,0.41710847146723945,0.6428571428571429,0.6155510732938835,3,2,1,0,6,5,4,3,2,1,1,1,1,1,0,0,1,0,1,1,0,0,0,0,1,1,0,0,0,0,0,0,0,0,0,0,0,1,0,0,-0.1875936738026531,0.3784086079234055,-0.18674361899648798,1.2951103710537566,1.2046741410814592,2.095984943538269,0.6806583995004013,1.2470398277717973,0.4346726862302482,-0.2758573730679317,0.5517241379310345,0.6,-0.2,-0.2,0.896551724137931,1.5714285714285714,0.21428571428571427,-0.35714285714285715,-0.2857142857142857,-0.21428571428571427
5,0,1,0,0.4176453481869227,1.2857142857142858,0.819205621951972,4,3,2,1,0,6,5,4,3,2,1,1,1,1,1,0,0,1,0,1,0,0,0,0,0,1,1,0,0,0,0,0,0,0,0,0,0,0,1,0,0.41710847146723945,-0.1875936738026531,0.3784086079234055,-0.18464931032154994,1.299690947235444,1.1971231403477327,2.0902845927379783,0.6853695730175814,1.2678103837471784,0.4415896865566625,0.6206896551724138,0.5333333333333333,0.6,-0.2,-0.20689655172413793,0.9285714285714286,1.5714285714285714,0.21428571428571427,-0.35714285714285715,-0.14285714285714285
6,0,1,0,0.14603046775384196,1.7142857142857142,0.4856044978668972,5,4,3,2,1,0,6,5,4,3,0,1,1,1,1,1,0,0,1,0,1,0,0,0,0,0,1,1,0,0,0,0,0,0,0,0,0,0,0,1,0.4176453481869227,0.41710847146723945,-0.1875936738026531,0.38383474719290744,-0.18380743982494535,1.291494891557627,1.1955125345704345,2.1027090060997486,0.7024379232505642,1.279284595655825,1.2413793103448276,0.6,0.5333333333333333,0.6,-0.20689655172413793,-0.21428571428571427,0.9285714285714286,1.5714285714285714,0.21428571428571427,-0.21428571428571427
0,0,0,1,0.015166767331051547,0.7857142857142857,0.3070621700719346,6,5,4,3,2,1,0,6,5,4,0,0,1,1,1,1,1,0,0,1,1,1,0,0,0,0,0,1,1,0,0,0,0,0,0,0,0,0,0,0,0.14603046775384196,0.4176453481869227,0.41710847146723945,-0.18550437658918567,0.38611292833134064,-0.1819322459222084,1.2894549023106432,1.2030409041980623,2.129119638826185,0.7108195828321113,1.6551724137931034,1.2,0.6,0.5333333333333333,0.6206896551724138,-0.21428571428571427,-0.21428571428571427,0.9285714285714286,1.5714285714285714,0.35714285714285715
1,1,0,0,0.017090575576583198,0.7857142857142857,0.2596431704135109,0,6,5,4,3,2,1,0,6,5,0,0,0,1,1,1,1,1,0,0,0,1,1,0,0,0,0,0,1,1,1,0,0,0,0,0,0,0,0,0,0.015166767331051547,0.14603046775384196,0.4176453481869227,0.422762764114219,-0.1846646664711589,0.38411901774511553,-0.17726826657150507,1.2974973089343376,1.2235214446952596,2.1453051589913525,0.7586206896551724,1.6,1.2,0.6,0.5517241379310345,0.6428571428571429,-0.21428571428571427,-0.21428571428571427,0.9285714285714286,1.7142857142857142
2,1,0,0,2.4714672393351678,0.7857142857142857,3.742276844750697,1,0,6,5,4,3,2,1,0,6,1,0,0,0,1,1,1,1,1,0,0,0,1,1,0,0,0,0,0,1,0,1,0,0,0,0,0,0,0,0,0.017090575576583198,0.015166767331051547,0.14603046775384196,0.42330280596746267,0.4251392993300098,-0.18278365298440594,0.38620751182085816,-0.17725152493720847,1.3186004514672687,1.2347533988515398,0.7586206896551724,0.7333333333333333,1.6,1.2,0.6206896551724138,0.5714285714285714,0.6428571428571429,-0.21428571428571427,-0.21428571428571427,1.0714285714285714
3,1,0,0,2.4553161980180302,1.0,3.9066429598701884,2,1,0,6,5,4,3,2,1,0,1,1,0,0,0,1,1,1,1,1,0,0,0,1,1,0,0,0,0,0,0,0,1,0,0,0,0,0,0,0,2.4714672393351678,0.017090575576583198,0.015166767331051547,0.1500866317139578,0.4256807056328816,0.42288044452410833,-0.17811579980372916,0.38930749910297796,-0.16586907449209937,1.3303524818992714,0.7586206896551724,0.7333333333333333,0.7333333333333333,1.6,1.2413793103448276,0.6428571428571429,0.5714285714285714,0.6428571428571429,-0.21428571428571427,-0.07142857142857142
4,1,0,0,3.1382233854551154,0.7857142857142857,4.204200148461666,3,2,1,0,6,5,4,3,2,1,1,1,1,0,0,0,1,1,1,1,0,0,0,0,1,1,0,0,0,0,0,0,0,1,0,0,0,0,0,0,2.4553161980180302,2.4714672393351678,0.017090575576583198,0.018451429985823876,0.15177423357170244,0.4234181753002331,0.4247925773931663,-0.17810369573017582,0.40442437923250557,-0.1622370003858463,0.9655172413793104,0.7333333333333333,0.7333333333333333,0.7333333333333333,1.6551724137931034,1.2857142857142858,0.6428571428571429,0.5714285714285714,0.6428571428571429,-0.07142857142857142
5,0,1,0,1.6268259400935061,2.2857142857142856,2.4511615821408377,4,3,2,1,0,6,5,4,3,2,1,1,1,1,0,0,0,1,1,1,0,0,0,0,0,1,1,0,0,0,0,0,0,0,1,0,0,0,0,0,3.1382233854551154,2.4553161980180302,2.4714672393351678,0.0203865799599469,0.019806447246723303,0.15137121347911803,0.42532786153983415,0.4281036957301758,-0.1667268623024831,0.411175923193899,0.7586206896551724,0.9333333333333333,0.7333333333333333,0.7333333333333333,0.7586206896551724,1.7142857142857142,1.2857142857142858,0.6428571428571429,0.5714285714285714,0.7857142857142857
6,0,1,0,0.5984385835402546,1.3571428571428572,1.285530298837941,5,4,3,2,1,0,6,5,4,3,0,1,1,1,1,0,0,0,1,1,1,0,0,0,0,0,1,1,0,0,0,0,0,0,0,1,0,0,0,0,1.6268259400935061,3.1382233854551154,2.4553161980180302,2.4892329155509554,0.021746486498680294,0.020299336798709326,0.1545186903381211,0.42864190886257625,0.4434762979683974,-0.16309948024240226,2.206896551724138,0.7333333333333333,0.9333333333333333,0.7333333333333333,0.7586206896551724,0.7857142857142857,1.7142857142857142,1.2857142857142858,0.6428571428571429,0.7142857142857143
0,1,0,0,-0.009932219314139986,1.0,0.27865520064269783,6,5,4,3,2,1,0,6,5,4,0,0,1,1,1,1,0,0,0,1,1,1,0,0,0,0,0,1,1,0,0,0,0,0,0,0,1,0,0,0,0.5984385835402546,1.6268259400935061,3.1382233854551154,2.4729866564658765,2.4968305172686054,0.02222620541315639,0.024043179587831146,0.15635091496232498,0.444018058690745,0.4504414535055267,1.3103448275862069,2.1333333333333333,0.7333333333333333,0.9333333333333333,0.7586206896551724,0.7857142857142857,0.7857142857142857,1.7142857142857142,1.2857142857142858,0.7857142857142857
1,1,0,0,0.00979800013421917,1.6428571428571428,0.3896201187820546,0,6,5,4,3,2,1,0,6,5,1,0,0,1,1,1,1,0,0,0,0,1,1,0,0,0,0,0,1,1,0,0,0,0,0,0,0,1,0,0,-0.009932219314139986,0.5984385835402546,1.6268259400935061,3.1599198937917694,2.480543210990548,2.480507259365478,0.025961281113390994,0.025161463939720057,0.1699322799097065,0.45098617762545684,0.9655172413793104,1.2666666666666666,2.1333333333333333,0.7333333333333333,0.9655172413793104,0.7857142857142857,0.7857142857142857,0.7857142857142857,1.7142857142857142,1.4285714285714286
2,1,0,0,-0.6788806120394605,0.07142857142857142,-0.6723449755521673,1,0,6,5,4,3,2,1,0,6,1,1,0,0,1,1,1,1,0,0,0,0,1,1,0,0,0,0,0,1,0,0,0,0,0,0,0,0,1,0,0.00979800013421917,-0.009932219314139986,0.5984385835402546,1.6396120699354202,3.1692120282433627,2.464330525183725,2.4730573646177176,0.0270900609974883,0.03787810383747172,0.1754011666174901,1.5862068965517242,0.9333333333333333,1.2666666666666666,2.1333333333333333,0.7586206896551724,1.0,0.7857142857142857,0.7857142857142857,0.7857142857142857,1.8571428571428572
3,1,0,0,-0.4775518421582444,1.3571428571428572,-0.28372048497477614,2,1,0,6,5,4,3,2,1,0,1,1,1,0,0,1,1,1,1,0,0,0,0,1,1,0,0,0,0,0,0,0,0,0,0,0,0,0,0,1,-0.6788806120394605,0.00979800013421917,-0.009932219314139986,0.6051619000472537,1.6450630512756887,3.148324072414412,2.4569542332054595,2.487576246860423,0.03981941309255076,0.04262466238452977,0.06896551724137931,1.5333333333333334,0.9333333333333333,1.2666666666666666,2.206896551724138,0.7857142857142857,1.0,0.7857142857142857,0.7857142857142857,0.9285714285714286
4,1,0,0,-0.2298279757510682,1.2142857142857142,-0.057687757255634575,3,2,1,0,6,5,4,3,2,1,1,1,1,1,0,0,1,1,1,1,0,0,0,0,1,1,0,0,0,0,0,0,0,0,0,0,0,0,0,0,-0.4775518421582444,-0.6788806120394605,0.00979800013421917,-0.006795526653315591,0.6079992781249295,1.6345223158272093,3.137835667766973,2.4713850017940433,2.5165237020316025,0.04457659048094597,1.3103448275862069,0.06666666666666667,1.5333333333333334,0.9333333333333333,1.3103448275862069,2.2857142857142856,0.7857142857142857,1.0,0.7857142857142857,0.9285714285714286
5,0,1,0,-0.06500682280831264,1.4285714285714286,0.2956980783310212,4,3,2,1,0,6,5,4,3,2,1,1,1,1,1,0,0,1,1,1,0,0,0,0,0,1,1,0,0,0,0,0,0,0,0,0,0,0,0,0,-0.2298279757510682,-0.4775518421582444,-0.6788806120394605,0.013051011453387664,-0.00550429741252904,0.6044990141602438,1.630921580872513,3.1559921062073912,2.5002257336343114,2.53482829841803,1.1724137931034482,1.2666666666666666,0.06666666666666667,1.5333333333333334,0.9655172413793104,1.3571428571428572,2.2857142857142856,0.7857142857142857,1.0,0.9285714285714286
6,0,1,0,-0.10979128917522311,1.0714285714285714,0.1638077936649995,5,4,3,2,1,0,6,5,4,3,0,1,1,1,1,1,0,0,1,1,1,0,0,0,0,0,1,1,0,0,0,0,0,0,0,0,0,0,0,0,-0.06500682280831264,-0.2298279757510682,-0.4775518421582444,-0.6796876757948741,0.014392384218006262,-0.004839576985122838,0.6055847979302346,1.640832436311446,3.189345372460497,2.518441181143466,1.3793103448275863,1.1333333333333333,1.2666666666666666,0.06666666666666667,1.5862068965517242,1.0,1.3571428571428572,2.2857142857142856,0.7857142857142857,1.1428571428571428
0,1,0,0,0.0906874258998278,1.3571428571428572,0.19656254631476036,6,5,4,3,2,1,0,6,5,4,0,0,1,1,1,1,1,0,0,1,1,1,0,0,0,0,0,1,1,0,0,0,0,0,0,0,0,0,0,0,-0.10979128917522311,-0.06500682280831264,-0.2298279757510682,-0.4771719808285142,-0.6800965507906789,0.01492202903746184,-0.0009813542688910646,0.6098851811984211,1.664198645598194,3.211330261694546,1.0344827586206897,1.3333333333333333,1.1333333333333333,1.2666666666666666,0.06896551724137931,1.6428571428571428,1.0,1.3571428571428572,2.2857142857142856,0.9285714285714286
1,1,0,0,-0.17327696127776657,1.2857142857142858,-0.004217227278018323,0,6,5,4,3,2,1,0,6,5,1,0,0,1,1,1,1,1,0,0,0,1,1,0,0,0,0,0,1,1,0,0,0,0,0,0,0,0,0,0,0.0906874258998278,-0.10979128917522311,-0.06500682280831264,-0.22798766904435094,-0.4770691872137878,-0.6748521240365659,0.018690338121152634,0.0,0.6264559819413092,1.6778410767380103,1.3103448275862069,1.0,1.3333333333333333,1.1333333333333333,1.3103448275862069,0.07142857142857142,1.6428571428571428,1.0,1.3571428571428572,2.4285714285714284
2,1,0,0,-0.005100328836990745,0.7142857142857143,0.26351118837393767,1,0,6,5,4,3,2,1,0,6,1,1,0,0,1,1,1,1,1,0,0,0,1,1,0,0,0,0,0,1,0,0,0,0,0,0,0,0,0,0,-0.17327696127776657,0.0906874258998278,-0.10979128917522311,-0.06219482009855761,-0.2272552956304,-0.4732030829897832,-0.6679454010170399,0.019779332615715805,0.012550790067720096,0.6344220250119158,1.2413793103448276,1.2666666666666666,1.0,1.3333333333333333,1.1724137931034482,1.3571428571428572,0.07142857142857142,1.6428571428571428,1.0,1.5
3,1,0,0,-0.15748383777375116,0.8571428571428571,0.20981659831959712,2,1,0,6,5,4,3,2,1,0,1,1,1,0,0,1,1,1,1,1,0,0,0,1,1,0,0,0,0,0,0,0,0,0,0,0,0,0,0,0,-0.005100328836990745,-0.17327696127776657,0.0906874258998278,-0.10724331135663008,-0.06104356064878523,-0.22508514070621988,-0.46721384601659377,-0.6706135629709364,0.03246049661399548,0.017158809777797955,0.6896551724137931,1.2,1.2666666666666666,1.0,1.3793103448275863,1.2142857142857142,1.3571428571428572,0.07142857142857142,1.6428571428571428,1.1428571428571428
4,1,0,0,0.14204863208285798,1.0,0.5145834645253584,3,2,1,0,6,5,4,3,2,1,1,1,1,1,0,0,1,1,1,1,0,0,0,0,1,1,0,0,0,0,0,0,0,0,0,0,0,0,0,0,-0.15748383777375116,-0.005100328836990745,-0.17327696127776657,0.0944173173420941,-0.10620586974666694,-0.06000179243592049,-0.22022481934160051,-0.4687836383207749,-0.6624830699774267,0.03717742118522888,0.8275862068965517,0.6666666666666666,1.2,1.2666666666666666,1.0344827586206897,1.4285714285714286,1.2142857142857142,1.3571428571428572,0.07142857142857142,1.7857142857142858
5,0,1,0,-0.311746415229403,1.6428571428571428,-0.0872630513006934,4,3,2,1,0,6,5,4,3,2,1,1,1,1,1,0,0,1,1,1,0,0,0,0,0,1,1,0,0,0,0,0,0,0,0,0,0,0,0,0,0.14204863208285798,-0.15748383777375116,-0.005100328836990745,-0.1711032605026889,0.09596426718401052,-0.10485750134432698,-0.05589258631456866,-0.22044312881234301,-0.4593227990970654,-0.6615674436550988,0.9655172413793104,0.8,0.6666666666666666,1.2,1.3103448275862069,1.0714285714285714,1.4285714285714286,1.2142857142857142,1.3571428571428572,0.21428571428571427
6,0,1,0,-0.32767375791333914,0.9285714285714286,0.0,5,4,3,2,1,0,6,5,4,3,0,1,1,1,1,1,0,0,1,1,1,0,0,0,0,0,1,1,0,0,0,0,0,0,0,0,0,0,0,0,-0.311746415229403,0.14204863208285798,-0.15748383777375116,-0.0019351499741228975,-0.17022716506124655,0.09594013264025811,-0.10054420554911228,-0.055211697165410835,-0.20934537246049664,-0.45729589868131365,1.5862068965517242,0.9333333333333333,0.8,0.6666666666666666,1.2413793103448276,1.3571428571428572,1.0714285714285714,1.4285714285714286,1.2142857142857142,1.5
0,1,0,0,-0.051853343176073215,0.7857142857142857,0.39508200058137943,6,5,4,3,2,1,0,6,5,4,0,0,1,1,1,1,1,0,0,1,1,1,0,0,0,0,0,1,1,0,0,0,0,0,0,0,0,0,0,0,-0.32767375791333914,-0.311746415229403,0.14204863208285798,-0.15521702931977222,-0.0006316406866835993,-0.16844416562107908,0.09933981621910969,-0.10010764262648005,-0.04302483069977427,-0.20595111101023628,0.896551724137931,1.5333333333333334,0.9333333333333333,0.8,0.6896551724137931,1.2857142857142858,1.3571428571428572,1.0714285714285714,1.4285714285714286,1.3571428571428572
1,1,0,0,0.054045589781446496,0.7142857142857143,0.5491065266521767,0,6,5,4,3,2,1,0,6,5,1,0,0,1,1,1,1,1,0,0,0,1,1,0,0,0,0,0,1,1,0,0,0,0,0,0,0,0,0,0,-0.051853343176073215,-0.32767375791333914,-0.311746415229403,0.14608132130240098,-0.1543007963184371,0.0,-0.16384155589258625,0.10087011123071406,-0.08821670428893902,-0.0387208061916975,0.7586206896551724,0.8666666666666667,1.5333333333333334,0.9333333333333333,0.8275862068965517,0.7142857142857143,1.2857142857142858,1.3571428571428572,1.0714285714285714,1.5714285714285714
2,1,0,0,1.038543274500593,0.21428571428571427,2.0356215766832495,1,0,6,5,4,3,2,1,0,6,1,1,0,0,1,1,1,1,1,0,0,0,1,1,0,0,0,0,0,1,0,0,0,0,0,0,0,0,0,0,0.054045589781446496,-0.051853343176073215,-0.32767375791333914,-0.3103890551517743,0.14775880349207066,-0.15262591862340924,0.003836203051119697,-0.16375134553283094,0.11408577878103843,-0.08415987652919944,0.6896551724137931,0.7333333333333333,0.8666666666666667,1.5333333333333334,0.9655172413793104,0.8571428571428571,0.7142857142857143,1.2857142857142858,1.3571428571428572,1.2142857142857142
3,1,0,0,0.24405520882267415,1.1428571428571428,0.8050179597906779,2,1,0,6,5,4,3,2,1,0,1,1,1,0,0,1,1,1,1,1,0,0,0,1,1,0,0,0,0,0,0,0,0,0,0,0,0,0,0,0,1.038543274500593,0.054045589781446496,-0.051853343176073215,-0.3264102967980018,-0.30986487401024165,0.14738304355619283,-0.14809528057810684,0.004843918191603931,-0.15227990970654623,0.11924918858802973,0.20689655172413793,0.6666666666666666,0.7333333333333333,0.8666666666666667,1.5862068965517242,1.0,0.8571428571428571,0.7142857142857143,1.2857142857142858,1.5
4,1,0,0,0.4092342795785519,0.7857142857142857,1.2264829151408636,3,2,1,0,6,5,4,3,2,1,1,1,1,1,0,0,1,1,1,1,0,0,0,0,1,1,0,0,0,0,0,0,0,0,0,0,0,0,0,0,0.24405520882267415,1.038543274500593,0.054045589781446496,-0.04896379469408878,-0.32592659432876897,-0.3071338949632552,0.15054866625033456,-0.14791890922138493,0.01742663656884882,-0.148573503710933,1.103448275862069,0.2,0.6666666666666666,0.7333333333333333,0.896551724137931,1.6428571428571428,1.0,0.8571428571428571,0.7142857142857143,1.4285714285714286
5,0,1,0,2.013869315258484,3.0,3.8289319601583336,4,3,2,1,0,6,5,4,3,2,1,1,1,1,1,0,0,1,1,1,0,0,0,0,0,1,1,0,0,0,0,0,0,0,0,0,0,0,0,0,0.4092342795785519,0.24405520882267415,1.038543274500593,0.05755946085821661,-0.04777910622842836,-0.32308657465495616,-0.3019002587206709,0.15235916756368853,-0.13634311512415345,0.022061326857168856,0.7586206896551724,1.0666666666666667,0.2,0.6666666666666666,0.7586206896551724,0.9285714285714286,1.6428571428571428,1.0,0.8571428571428571,0.8571428571428571
6,0,1,0,0.4715119790618079,1.9285714285714286,1.482862823074276,5,4,3,2,1,0,6,5,4,3,0,1,1,1,1,1,0,0,1,1,1,0,0,0,0,0,1,1,0,0,0,0,0,0,0,0,0,0,0,0,2.013869315258484,0.4092342795785519,0.24405520882267415,1.0478612092437165,0.05901328701301637,-0.046827388420864036,-0.31778035507181723,-0.3025654825977754,0.16591422121896163,-0.1325495358496561,2.896551724137931,0.7333333333333333,1.0666666666666667,0.2,0.6896551724137931,0.7857142857142857,0.9285714285714286,1.6428571428571428,1.0,1.0
0,1,0,0,0.575487103773796,0.7142857142857143,1.5995612302599733,6,5,4,3,2,1,0,6,5,4,0,0,1,1,1,1,1,0,0,1,1,1,0,0,0,0,0,1,1,0,0,0,0,0,0,0,0,0,0,0,0.4715119790618079,2.013869315258484,0.4092342795785519,0.24868927341869004,1.0518170949040133,0.05924000716974368,-0.042778124721206186,-0.31853247219232145,-0.2920090293453725,0.17136112939467532,1.8620689655172413,2.8,0.7333333333333333,1.0666666666666667,0.20689655172413793,0.7142857142857143,0.7857142857142857,0.9285714285714286,1.6428571428571428,1.1428571428571428
1,1,0,0,0.9872715477708432,0.7142857142857143,2.3281667528558514,0,6,5,4,3,2,1,0,6,5,1,0,0,1,1,1,1,1,0,0,0,1,1,0,0,0,0,0,1,1,0,0,0,0,0,0,0,0,0,0,0.575487103773796,0.4715119790618079,2.013869315258484,0.41484215026664584,0.2506260010376955,1.0453038178885106,0.06280667320902851,-0.0420254754216003,-0.3080812641083521,-0.2890669329762364,0.6896551724137931,1.8,2.8,0.7333333333333333,1.103448275862069,0.21428571428571427,0.7142857142857143,0.7857142857142857,0.9285714285714286,1.7857142857142858
2,1,0,0,1.1997852493121268,0.9285714285714286,2.017433114330113,1,0,6,5,4,3,2,1,0,6,1,1,0,0,1,1,1,1,1,0,0,0,1,1,0,0,0,0,0,1,0,0,0,0,0,0,0,0,0,0,0.9872715477708432,0.575487103773796,0.4715119790618079,2.028937242636305,0.41719867355455814,0.24955189101989605,1.0443839771612098,0.06413706494438469,-0.029751693002257353,-0.3052270818674958,0.6896551724137931,0.6666666666666666,1.8,2.8,0.7586206896551724,1.1428571428571428,0.21428571428571427,0.7142857142857143,0.7857142857142857,1.0714285714285714
3,1,0,0,1.299957497259692,0.8571428571428571,2.090410387736837,2,1,0,6,5,4,3,2,1,0,1,1,1,0,0,1,1,1,1,1,0,0,0,1,1,0,0,0,0,0,0,0,0,0,0,0,0,0,0,0,1.1997852493121268,0.9872715477708432,0.575487103773796,0.4774870052429063,2.0353718784542854,0.4149937264742787,0.25225265411722725,1.051085396483674,0.07711060948081269,-0.025375065253410215,0.896551724137931,0.6666666666666666,0.6666666666666666,1.8,2.896551724137931,0.7857142857142857,1.1428571428571428,0.21428571428571427,0.7142857142857143,0.9285714285714286
4,1,0,0,0.9120193275619087,1.3571428571428572,1.873714874726723,3,2,1,0,6,5,4,3,2,1,1,1,1,1,0,0,1,1,1,1,0,0,0,0,1,1,0,0,0,0,0,0,0,0,0,0,0,0,0,0,1.299957497259692,1.1997852493121268,0.9872715477708432,0.5820751108210886,0.4800018046876762,2.022181394515146,0.41694174324203775,0.2546196627197704,1.0705643340857787,0.08207176740280084,0.8275862068965517,0.8666666666666667,0.6666666666666666,0.6666666666666666,1.8620689655172413,3.0,0.7857142857142857,1.1428571428571428,0.21428571428571427,0.8571428571428571
5,0,1,0,2.0066662192694005,0.9285714285714286,2.6832545863141752,4,3,2,1,0,6,5,4,3,2,1,1,1,1,1,0,0,1,1,1,0,0,0,0,0,1,1,0,0,0,0,0,0,0,0,0,0,0,0,0,0.9120193275619087,1.299957497259692,1.1997852493121268,0.9962872122589502,0.584854158677164,0.4773704965047499,2.016816843607815,0.4202099031216362,0.26884875846501133,1.08095962232461,1.3103448275862069,0.8,0.8666666666666667,0.6666666666666666,0.6896551724137931,1.9285714285714286,3.0,0.7857142857142857,1.1428571428571428,0.35714285714285715
6,0,1,0,1.5136791714202629,2.0714285714285716,2.8488599492533346,5,4,3,2,1,0,6,5,4,3,0,1,1,1,1,1,0,0,1,1,1,0,0,0,0,0,1,1,0,0,0,0,0,0,0,0,0,0,0,0,2.0066662192694005,0.9120193275619087,1.299957497259692,1.2100537791678856,1.000112792979765,0.5815110234809105,0.47903470425550887,2.0288392536777895,0.43553047404063217,0.2748587121813932,0.896551724137931,1.2666666666666666,0.8,0.8666666666666667,0.6896551724137931,0.7142857142857143,1.9285714285714286,3.0,0.7857142857142857,1.2857142857142858
0,1,0,0,1.2993758808133684,1.0714285714285714,2.4192769904136,6,5,4,3,2,1,0,6,5,4,0,0,1,1,1,1,1,0,0,1,1,1,0,0,0,0,0,1,1,0,0,0,0,0,0,0,0,0,0,0,1.5136791714202629,2.0066662192694005,0.9120193275619087,1.3108165882855922,1.21441945453315,0.9939505287685967,0.5827014006601837,0.482642626480086,2.054762979683973,0.4424521664132187,2.0,0.8666666666666667,1.2666666666666666,0.8,0.896551724137931,0.7142857142857143,0.7142857142857143,1.9285714285714286,3.0,0.9285714285714286
1,1,0,0,2.393530635527817,1.3571428571428572,5.060793907346945,0,6,5,4,3,2,1,0,6,5,1,0,0,1,1,1,1,1,0,0,0,1,1,0,0,0,0,0,1,1,0,0,0,0,0,0,0,0,0,0,1.2993758808133684,1.5136791714202629,2.0066662192694005,0.920591345829302,1.3154368472106297,1.2068022943179784,0.9932643411544295,0.5868765697883027,0.49837471783295706,2.070541773530947,1.0344827586206897,1.9333333333333333,0.8666666666666667,1.2666666666666666,0.8275862068965517,0.9285714285714286,0.7142857142857143,0.7142857142857143,1.9285714285714286,3.142857142857143
2,1,0,0,1.5341699662215063,1.0,2.6747361688621054,1,0,6,5,4,3,2,1,0,6,1,1,0,0,1,1,1,1,1,0,0,0,1,1,0,0,0,0,0,1,0,0,0,0,0,0,0,0,0,0,2.393530635527817,1.2993758808133684,1.5136791714202629,2.021691681105286,0.9242256761939138,1.3071338949632552,1.205147649210456,0.999686042339433,0.603295711060948,0.5056401643251094,1.3103448275862069,1.0,1.9333333333333333,0.8666666666666667,1.3103448275862069,0.8571428571428571,0.9285714285714286,0.7142857142857143,0.7142857142857143,2.0714285714285716
3,1,0,0,2.375411046238508,0.7857142857142857,3.589925374795738,2,1,0,6,5,4,3,2,1,0,1,1,1,0,0,1,1,1,1,1,0,0,0,1,1,0,0,0,0,0,0,0,0,0,0,0,0,0,0,0,1.5341699662215063,2.393530635527817,1.2993758808133684,1.5257982493643263,2.028108010557423,0.9185785983151105,1.3050227495762334,1.21272874058127,1.0188261851015803,0.6111350688849043,0.9655172413793104,1.2666666666666666,1.0,1.9333333333333333,0.896551724137931,1.3571428571428572,0.8571428571428571,0.9285714285714286,0.7142857142857143,0.8571428571428571
4,1,0,0,1.4199047043822564,1.4285714285714286,2.6345957027535376,3,2,1,0,6,5,4,3,2,1,1,1,1,1,0,0,1,1,1,1,0,0,0,0,1,1,0,0,0,0,0,0,0,0,0,0,0,0,0,0,2.375411046238508,1.5341699662215063,2.393530635527817,1.3102315429445783,1.5309616729454762,2.0149668399354725,0.9182353465964851,1.313150340868317,1.233273137697517,1.0289384688712861,0.7586206896551724,0.9333333333333333,1.2666666666666666,1.0,2.0,0.9285714285714286,1.3571428571428572,0.8571428571428571,0.9285714285714286,0.8571428571428571
5,0,1,0,2.452810773326175,1.7142857142857142,4.168849542942887,4,3,2,1,0,6,5,4,3,2,1,1,1,1,1,0,0,1,1,1,0,0,0,0,0,1,1,0,0,0,0,0,0,0,0,0,0,0,0,0,1.4199047043822564,2.375411046238508,1.5341699662215063,2.4108368398550892,1.314850323715852,1.5211955547589178,2.0096351146400213,0.9242465016146394,1.3343566591422122,1.2445584330102817,1.3793103448275863,0.7333333333333333,0.9333333333333333,1.2666666666666666,1.0344827586206897,2.0714285714285716,0.9285714285714286,1.3571428571428572,0.8571428571428571,1.0714285714285714
6,0,1,0,2.050376932196944,1.7857142857142858,3.216191099551371,5,4,3,2,1,0,6,5,4,3,0,1,1,1,1,1,0,0,1,1,1,0,0,0,0,0,1,1,0,0,0,0,0,0,0,0,0,0,0,0,2.452810773326175,1.4199047043822564,2.375411046238508,1.5464098467631242,2.4182363689683957,1.30655135328912,1.5181104469622626,2.0216182274847503,0.9428893905191874,1.346194875053905,1.6551724137931034,1.3333333333333333,0.7333333333333333,0.9333333333333333,1.3103448275862069,1.0714285714285714,2.0714285714285716,0.9285714285714286,1.3571428571428572,1.0
0,1,0,0,4.326600004473972,1.0714285714285714,6.908766203407748,6,5,4,3,2,1,0,6,5,4,0,0,1,1,1,1,1,0,0,1,1,1,0,0,0,0,0,1,1,0,0,0,0,0,0,0,0,0,0,0,2.050376932196944,2.452810773326175,1.4199047043822564,2.392610427308117,1.5516253468384127,2.402446675031368,1.304442858417343,1.5274040186580553,2.047494356659142,0.9525863047277514,1.7241379310344827,1.6,1.3333333333333333,0.7333333333333333,0.9655172413793104,1.3571428571428572,1.0714285714285714,2.0714285714285716,0.9285714285714286,1.5
1,1,0,0,0.6664429680334653,0.6428571428571429,1.3390234097459295,0,6,5,4,3,2,1,0,6,5,1,0,0,1,1,1,1,1,0,0,0,1,1,0,0,0,0,0,1,1,0,0,0,0,0,0,0,0,0,0,4.326600004473972,2.050376932196944,2.452810773326175,1.4314709389977727,2.3999639062464757,1.5417189460476788,2.395351949326434,1.3125672766415497,1.5500225733634314,2.0632333915885517,1.0344827586206897,1.6666666666666667,1.6,1.3333333333333333,0.7586206896551724,1.0,1.3571428571428572,1.0714285714285714,2.0714285714285716,1.0714285714285714
