DIA_SEMANA,LABORAL,FIN_DE_SEMANA,FESTIVO,PORCENTAJE_USO,NUMERO_CONEXIONES,USAGE_KB,DIA_SEMANA_lag_1,DIA_SEMANA_lag_2,DIA_SEMANA_lag_3,DIA_SEMANA_lag_4,DIA_SEMANA_lag_5,DIA_SEMANA_lag_6,DIA_SEMANA_lag_7,DIA_SEMANA_lag_8,DIA_SEMANA_lag_9,DIA_SEMANA_lag_10,LABORAL_lag_1,LABORAL_lag_2,LABORAL_lag_3,LABORAL_lag_4,LABORAL_lag_5,LABORAL_lag_6,LABORAL_lag_7,LABORAL_lag_8,LABORAL_lag_9,LABORAL_lag_10,FIN_DE_SEMANA_lag_1,FIN_DE_SEMANA_lag_2,FIN_DE_SEMANA_lag_3,FIN_DE_SEMANA_lag_4,FIN_DE_SEMANA_lag_5,FIN_DE_SEMANA_lag_6,FIN_DE_SEMANA_lag_7,FIN_DE_SEMANA_lag_8,FIN_DE_SEMANA_lag_9,FIN_DE_SEMANA_lag_10,FESTIVO_lag_1,FESTIVO_lag_2,FESTIVO_lag_3,FESTIVO_lag_4,FESTIVO_lag_5,FESTIVO_lag_6,FESTIVO_lag_7,FESTIVO_lag_8,FESTIVO_lag_9,FESTIVO_lag_10,PORCENTAJE_USO_lag_1,PORCENTAJE_USO_lag_2,PORCENTAJE_USO_lag_3,PORCENTAJE_USO_lag_4,PORCENTAJE_USO_lag_5,PORCENTAJE_USO_lag_6,PORCENTAJE_USO_lag_7,PORCENTAJE_USO_lag_8,PORCENTAJE_USO_lag_9,PORCENTAJE_USO_lag_10,NUMERO_CONEXIONES_lag_1,NUMERO_CONEXIONES_lag_2,NUMERO_CONEXIONES_lag_3,NUMERO_CONEXIONES_lag_4,NUMERO_CONEXIONES_lag_5,NUMERO_CONEXIONES_lag_6,NUMERO_CONEXIONES_lag_7,NUMERO_CONEXIONES_lag_8,NUMERO_CONEXIONES_lag_9,NUMERO_CONEXIONES_lag_10
1,1,0,0,-0.712700466611771,-0.5555555555555556,-0.9642171639136542,0,6,5,4,3,2,1,0,6,5,1,0,0,1,1,1,1,0,0,0,0,1,1,0,0,0,0,0,1,1,0,0,0,0,0,0,0,1,0,0,-1.3894802511014932,13.237806654623856,4.139973655664033,0.6979482396829098,-1.3841486977355282,-1.371782981683283,-0.6350663375501389,-1.2510935461591592,-1.0918663207691133,-1.2573299824841977,-3.2753623188405796,-1.3529411764705883,-1.0,-1.411764705882353,-2.8823529411764706,-0.17647058823529413,-0.927536231884058,-1.0,-2.0869565217391304,-1.588235294117647
2,1,0,0,2.1685291926440025,-1.6111111111111112,-0.6274916980636508,1,0,6,5,4,3,2,1,0,6,1,1,0,0,1,1,1,1,0,0,0,0,1,1,0,0,0,0,0,1,0,0,0,0,0,0,0,0,1,0,-0.708698873162553,-1.3868267194996406,13.20165039516504,4.148636045698298,0.6979287425612489,-1.3841486977355282,-1.3616939216291268,-0.6241270815747065,-1.2383641080421182,-1.0821719594851877,-0.5507246376811594,-3.2941176470588234,-1.3529411764705883,-1.0,-1.411764705882353,-2.8823529411764706,-0.17391304347826086,-0.8888888888888888,-1.0434782608695652,-2.1176470588235294
3,1,0,0,3.3181978590754024,-0.6666666666666666,-0.16210695852780221,2,1,0,6,5,4,3,2,1,0,1,1,1,0,0,1,1,1,1,0,0,0,0,1,1,0,0,0,0,0,0,0,0,0,0,0,0,0,0,1,2.1563535696182785,-0.7085445681098614,-1.383038896637223,13.237778814020361,4.129414947059278,0.6979287425612489,-1.3740357914224006,-1.347018647839767,-0.6149855028231344,-1.2283908308582743,-1.6521739130434783,-0.5294117647058824,-3.2941176470588234,-1.3529411764705883,-1.0,-1.411764705882353,-2.8405797101449277,-0.16666666666666666,-0.927536231884058,-1.0588235294117647
4,1,0,0,-1.4020311335921263,-3.0,-1.0731595556304652,3,2,1,0,6,5,4,3,2,1,1,1,1,1,0,0,1,1,1,1,0,0,0,0,1,1,0,0,0,0,0,0,0,0,0,0,0,0,0,0,3.2995672008422035,2.1459899384262764,-0.7066093289942662,-1.391116810445325,13.167980523997217,4.129414947059278,0.7040265350200553,-1.3592970608548847,-1.333740271631314,-0.6061990709009214,-0.6666666666666666,-1.6470588235294117,-0.5294117647058824,-3.2941176470588234,-1.3529411764705883,-1.0,-1.391304347826087,-2.7222222222222223,-0.17391304347826086,-0.9411764705882353
5,0,1,0,-0.672234639062071,-1.3333333333333333,-0.9086393235936704,4,3,2,1,0,6,5,4,3,2,1,1,1,1,1,0,0,1,1,1,0,0,0,0,0,1,1,0,0,0,0,0,0,0,0,0,0,0,0,0,-1.3941591609155066,3.285006701241186,2.1401286223461953,-0.7126369783166238,-1.3795115542159362,13.167980523997217,4.128895402653502,0.7080807305655743,-1.345948420570731,-1.3235854085751275,-3.101449275362319,-0.6470588235294118,-1.6470588235294117,-0.5294117647058824,-3.2941176470588234,-1.3529411764705883,-0.9855072463768116,-1.3333333333333333,-2.8405797101449277,-0.17647058823529413
6,0,1,0,0.09308708779359294,-1.3888888888888888,-0.7550505308055646,5,4,3,2,1,0,6,5,4,3,0,1,1,1,1,1,0,0,1,1,1,0,0,0,0,0,1,1,0,0,0,0,0,0,0,0,0,0,0,0,-0.6684602487620384,-1.391488452498883,3.2760344026034405,2.14272946296728,-0.7048071721153102,-1.3795115542159362,13.150030854674482,4.115340342260763,0.7095986571036167,-1.3357703145228847,-1.3623188405797102,-3.1176470588235294,-0.6470588235294118,-1.6470588235294117,-0.5294117647058824,-3.2941176470588234,-1.3333333333333333,-0.9444444444444444,-1.391304347826087,-2.8823529411764706
0,1,0,0,0.5407991216719602,-1.1111111111111112,-0.6293062795475386,6,5,4,3,2,1,0,6,5,4,0,0,1,1,1,1,1,0,0,1,1,1,0,0,0,0,0,1,1,0,0,0,0,0,0,0,0,0,0,0,0.0925644324872305,-0.6684536643163762,-1.387687897102123,3.282078184502992,2.134670376381482,-0.7048071721153102,-1.369407590249923,13.090092855498426,4.097359987791851,0.7158632244307365,-1.4202898550724639,-1.3529411764705883,-3.1176470588235294,-0.6470588235294118,-1.6470588235294117,-0.5294117647058824,-3.246376811594203,-1.2777777777777777,-0.9855072463768116,-1.411764705882353
1,1,0,0,0.3813668980119985,-0.6111111111111112,-0.6706244408291138,0,6,5,4,3,2,1,0,6,5,1,0,0,1,1,1,1,1,0,0,0,1,1,0,0,0,0,0,1,1,0,0,0,0,0,0,0,0,0,0,0.5377627012905993,0.08977720801041125,-0.6666279249961258,-1.3957799020750756,3.267679109668444,2.134670376381482,-0.6960043196544277,-1.3546926559742156,13.020753853197009,4.097174624933364,-1.1304347826086956,-1.411764705882353,-1.3529411764705883,-3.1176470588235294,-0.6470588235294118,-1.6470588235294117,-0.5217391304347826,-3.111111111111111,-1.3333333333333333,-1.0
2,1,0,0,-0.16986236913304312,0.3333333333333333,-0.7816680375739704,1,0,6,5,4,3,2,1,0,6,1,1,0,0,1,1,1,1,1,0,0,0,1,1,0,0,0,0,0,1,0,0,0,0,0,0,0,0,0,0,0.3792256404257807,0.5333411028883321,0.08953200061986678,-0.6725343903007693,-1.3841486977355282,3.267679109668444,2.137997531626041,-0.6847517458368507,-1.3413703647184496,13.003579316122153,-0.6086956521739131,-1.1176470588235294,-1.411764705882353,-1.3529411764705883,-3.1176470588235294,-0.6470588235294118,-1.6231884057971016,-0.5,-3.246376811594203,-1.3529411764705883
3,1,0,0,-1.392855742461671,-1.0,-1.0718713268472577,2,1,0,6,5,4,3,2,1,0,1,1,1,0,0,1,1,1,1,1,0,0,0,1,1,0,0,0,0,0,0,0,0,0,0,0,0,0,0,0,-0.16890864428588134,0.3753860497639997,0.5318843948551062,0.08591746327815346,-0.6649277378468196,-1.3841486977355282,3.2688213514347417,2.134678842759573,-0.6752632382115061,-1.3312009747924758,0.37681159420289856,-0.5882352941176471,-1.1176470588235294,-1.411764705882353,-1.3529411764705883,-3.1176470588235294,-0.6376811594202898,-1.5555555555555556,-0.5217391304347826,-3.2941176470588234
4,1,0,0,-1.3855624828451554,-1.2222222222222223,-1.0706674238463008,3,2,1,0,6,5,4,3,2,1,1,1,1,1,0,0,1,1,1,1,0,0,0,0,1,1,0,0,0,0,0,0,0,0,0,0,0,0,0,0,-1.3850352867781803,-0.17073597109725536,0.37436076243607624,0.5296106318489159,0.08930365561480799,-0.6649277378468196,-1.3740357914224006,3.2596884352697413,2.1280329620021363,-0.6663620440179727,-1.0144927536231885,0.4117647058823529,-0.5882352941176471,-1.1176470588235294,-1.411764705882353,-1.3529411764705883,-3.072463768115942,-0.6111111111111112,-1.6231884057971016,-0.5294117647058824
5,0,1,0,-1.1243383131396305,-0.7777777777777778,-1.0207457195991099,4,3,2,1,0,6,5,4,3,2,1,1,1,1,1,0,0,1,1,1,0,0,0,0,0,1,1,0,0,0,0,0,0,0,0,0,0,0,0,0,-1.37778297656646,-1.38239807315036,-0.17026964202696415,0.37160954379420214,0.5305278615039802,0.08930365561480799,-0.6562017895711201,-1.3592970608548847,3.2466046085762246,2.131596984235778,-1.2463768115942029,-1.0,0.4117647058823529,-0.5882352941176471,-1.1176470588235294,-1.411764705882353,-1.3333333333333333,-2.9444444444444446,-0.6376811594202898,-1.6470588235294117
6,0,1,0,0.003999529467121443,-0.3333333333333333,-0.8334596292420363,5,4,3,2,1,0,6,5,4,3,0,1,1,1,1,1,0,0,1,1,1,0,0,0,0,0,1,1,0,0,0,0,0,0,0,0,0,0,0,0,-1.1180255000584862,-1.3751723870015344,-1.3786223461955678,-0.17467164063107166,0.37340598191514024,0.5305278615039802,0.0965751311323664,-0.6451538638630958,-1.345948420570731,3.248038991699033,-0.782608695652174,-1.2352941176470589,-1.0,0.4117647058823529,-0.5882352941176471,-1.1176470588235294,-1.391304347826087,-1.2777777777777777,-3.072463768115942,-0.6470588235294118
0,0,0,1,-0.5571109281261026,-1.3333333333333333,-0.9465861358950988,6,5,4,3,2,1,0,6,5,4,0,0,1,1,1,1,1,0,0,1,1,1,0,0,0,0,0,1,1,0,0,0,0,0,0,0,0,0,0,0,0.003977073341911263,-1.11636850999359,-1.371416395474973,-1.3866868733970619,-0.16983538140505441,0.37340598191514024,0.5369484726936129,0.10375258997774524,-0.6358919578818861,-1.3357703145228847,-0.3188405797101449,-0.7647058823529411,-1.2352941176470589,-1.0,0.4117647058823529,-0.5882352941176471,-1.1014492753623188,-1.3333333333333333,-1.3333333333333333,-3.1176470588235294
1,1,0,0,-0.7534015606007135,-0.8333333333333334,-0.9639648174331042,0,6,5,4,3,2,1,0,6,5,0,0,0,1,1,1,1,1,0,0,0,1,1,0,0,0,0,0,1,1,1,0,0,0,0,0,0,0,0,0,-0.5539829219791788,0.0015150632247537491,-1.1133193863319386,-1.3794590813709489,-1.3751062678723236,-0.16983538140505441,0.3801295896328291,0.5418617143734171,0.1087288264916832,-0.6270657223364557,-1.3623188405797102,-0.29411764705882354,-0.7647058823529411,-1.2352941176470589,-1.0,0.4117647058823529,-0.5797101449275363,-1.0555555555555556,-1.391304347826087,-1.3529411764705883
2,1,0,0,-1.3174920597576754,-0.3333333333333333,-1.063000296612259,1,0,6,5,4,3,2,1,0,6,1,0,0,0,1,1,1,1,1,0,0,0,1,1,0,0,0,0,0,1,0,1,0,0,0,0,0,0,0,0,-0.7491714430537684,-0.5543965969349104,0.0015109251510924623,-1.1205797777259656,-1.3679186954169564,-1.3751062678723236,-0.16206417772292514,0.3858491290000765,0.5443308408362583,0.11613738481456096,-0.8405797101449275,-1.3529411764705883,-0.29411764705882354,-0.7647058823529411,-1.2352941176470589,-1.0,0.4057971014492754,-0.5555555555555556,-1.1014492753623188,-1.411764705882353
3,1,0,0,-1.3914441438262164,-0.7777777777777778,-1.0711645464129842,2,1,0,6,5,4,3,2,1,0,1,1,0,0,0,1,1,1,1,1,0,0,0,1,1,0,0,0,0,0,0,0,1,0,0,0,0,0,0,0,-1.3100947479237337,-0.7488685585533087,-0.5528823802882379,-0.0023704049117899027,-1.1104799443542777,-1.3679186954169564,-1.365010799136069,-0.15355690277031708,0.3892110483747901,0.5509100601629732,-0.3188405797101449,-0.8235294117647058,-1.3529411764705883,-0.29411764705882354,-0.7647058823529411,-1.2352941176470589,-0.9855072463768116,0.3888888888888889,-0.5797101449275363,-1.1176470588235294
4,1,0,0,-1.397639493392934,0.4444444444444444,-1.0722740297724687,3,2,1,0,6,5,4,3,2,1,1,1,1,0,0,0,1,1,1,1,0,0,0,0,1,1,0,0,0,0,0,0,0,1,0,0,0,0,0,0,-1.3836316138339766,-1.3077326496124932,-0.7468231830156515,-0.5584440817595397,0.0015070716438673247,-1.1104799443542777,-1.3578370873187289,-1.3503184713375798,-0.14710819471997558,0.3960855989642829,-0.782608695652174,-0.29411764705882354,-0.8235294117647058,-1.3529411764705883,-0.29411764705882354,-0.7647058823529411,-1.2173913043478262,-0.9444444444444444,0.4057971014492754,-0.5882352941176471
5,0,1,0,-1.0209779241657844,-0.6111111111111112,-1.0249626395778328,4,3,2,1,0,6,5,4,3,2,1,1,1,1,0,0,0,1,1,1,0,0,0,0,0,1,1,0,0,0,0,0,0,0,1,0,0,0,0,0,-1.3897921784224274,-1.3809995532505874,-1.3041608554160855,-0.7529727209139658,-0.5514722930674703,0.0015070716438673247,-1.1008947855600124,-1.3431816437725426,-1.337021211658782,-0.1392125504531262,0.4927536231884058,-0.7647058823529411,-0.29411764705882354,-0.8235294117647058,-1.3529411764705883,-0.29411764705882354,-0.7536231884057971,-1.1666666666666667,-0.9855072463768116,0.4117647058823529
6,0,1,0,-0.18013567031329644,-1.0555555555555556,-0.8688827664492316,5,4,3,2,1,0,6,5,4,3,0,1,1,1,1,0,0,0,1,1,1,0,0,0,0,0,1,1,0,0,0,0,0,0,0,1,0,0,0,0,-1.01524544781066,-1.38713750169959,-1.377227646056098,-1.3119996891272245,-0.7449184635597803,-0.5514722930674703,0.008947855600123173,-1.087560432814059,-1.3299252250877462,-1.3268601020485873,-0.6086956521739131,0.5294117647058824,-0.7647058823529411,-0.29411764705882354,-0.8235294117647058,-1.3529411764705883,-0.2898550724637681,-0.7222222222222222,-1.2173913043478262,-1.0
0,0,0,1,0.6559228326079283,-0.1111111111111111,-0.6955899193048527,6,5,4,3,2,1,0,6,5,4,0,0,1,1,1,1,0,0,0,1,1,1,0,0,0,0,0,1,1,0,0,0,0,0,0,0,1,0,0,0,-0.17912426404647713,-1.0139657751102304,-1.3833488300015495,-1.3852879459081369,-1.3008346858335265,-0.7449184635597803,-0.5429651342178341,0.01657585757040878,-1.0757668243552572,-1.3197776254664535,-1.0724637681159421,-0.5882352941176471,0.5294117647058824,-0.7647058823529411,-0.29411764705882354,-0.8235294117647058,-1.3333333333333333,-0.2777777777777778,-0.7536231884057971,-1.2352941176470589
1,1,0,0,-1.0603458416656861,-0.3333333333333333,-1.0180575987150517,0,6,5,4,3,2,1,0,6,5,0,0,0,1,1,1,1,0,0,0,0,1,1,0,0,0,0,0,1,1,1,0,0,0,0,0,0,1,0,0,0.6522400280734587,-0.18091408814560142,-1.0111963427863009,-1.3914276832206418,-1.3737151248164463,-1.3008346858335265,-0.7360382597963592,-0.53249942444939,0.02205096902182196,-1.066103114766583,-0.08695652173913043,-1.0588235294117647,-0.5882352941176471,0.5294117647058824,-0.7647058823529411,-0.29411764705882354,-0.8115942028985508,-1.2777777777777777,-0.2898550724637681,-0.7647058823529411
2,1,0,0,0.009645924008940265,-0.3333333333333333,-0.8195359916002268,1,0,6,5,4,3,2,1,0,6,1,0,0,0,1,1,1,1,0,0,0,0,1,1,0,0,0,0,0,1,0,1,0,0,0,0,0,0,1,0,-1.0543923265879047,0.6473981702697976,-0.18041995970866262,-1.0181471982591124,-1.3798206971172422,-1.3737151248164463,-1.290882443690219,-0.724579848054639,-0.5238821913627346,0.029624552585484628,-0.3188405797101449,-0.058823529411764705,-1.0588235294117647,-0.5882352941176471,0.5294117647058824,-0.7647058823529411,-0.2898550724637681,-0.7777777777777778,-1.3333333333333333,-0.29411764705882354
3,1,0,0,1.87766145159393,0.5,-0.5445828413015064,2,1,0,6,5,4,3,2,1,0,1,1,0,0,0,1,1,1,1,0,0,0,0,1,1,0,0,0,0,0,0,0,1,0,0,0,0,0,0,1,0.009591765118727478,-1.0529689412038923,0.6456299395629939,-0.18485272402269368,-1.0086173583739082,-1.3798206971172422,-1.3636223387843258,-1.2765712531655284,-0.7148634213337403,-0.5152692102657832,-0.3188405797101449,-0.29411764705882354,-0.058823529411764705,-1.0588235294117647,-0.5882352941176471,0.5294117647058824,-0.7536231884057971,-0.2777777777777778,-0.8115942028985508,-1.3529411764705883
4,1,0,0,1.5962043681135551,-0.16666666666666666,-0.6786541058402124,3,2,1,0,6,5,4,3,2,1,1,1,1,0,0,0,1,1,1,1,0,0,0,0,1,1,0,0,0,0,0,0,0,1,0,0,0,0,0,0,1.8671189612820212,0.0071091428238449226,-1.0500929800092977,0.6437009403901451,-0.17995981142283016,-1.0086173583739082,-1.3697161369947548,-1.348937149873379,-1.2636960170914084,-0.7058868326860102,0.5507246376811594,-0.29411764705882354,-0.29411764705882354,-0.058823529411764705,-1.0588235294117647,-0.5882352941176471,0.5217391304347826,-0.7222222222222222,-0.2898550724637681,-0.8235294117647058
5,0,1,0,0.7684586127122299,0.2777777777777778,-0.7081754897335463,4,3,2,1,0,6,5,4,3,2,1,1,1,1,0,0,0,1,1,1,0,0,0,0,0,1,1,0,0,0,0,0,0,0,1,0,0,0,0,0,1.5872421725737902,1.8578171435231046,0.007089725708972729,-1.0571617315613582,0.6439833062833293,-0.17995981142283016,-0.9992286331379204,-1.3549996162995934,-1.3356477949030978,-1.2536745106998706,-0.14492753623188406,0.5882352941176471,-0.29411764705882354,-0.29411764705882354,-0.058823529411764705,-1.0588235294117647,-0.5797101449275363,0.5,-0.7536231884057971,-0.29411764705882354
6,0,1,0,-0.8286868211582951,-0.7777777777777778,-0.9667992992758813,5,4,3,2,1,0,6,5,4,3,0,1,1,1,1,0,0,0,1,1,1,0,0,0,0,0,1,1,0,0,0,0,0,0,0,1,0,0,0,0,0.7641439544586112,1.5789678146184178,1.8527429102742912,0.003225305043910938,-1.0474147924878272,0.6439833062833293,-0.172169083616168,-0.986417005602026,-1.341675568441935,-1.3254893001294648,0.3188405797101449,-0.11764705882352941,0.5882352941176471,-0.29411764705882354,-0.29411764705882354,-0.058823529411764705,-1.0434782608695652,-0.5555555555555556,0.5217391304347826,-0.7647058823529411
0,1,0,0,-0.9740814806101241,-1.6111111111111112,-0.9539281567466987,6,5,4,3,2,1,0,6,5,4,0,0,1,1,1,1,0,0,0,1,1,1,0,0,0,0,0,1,1,0,0,0,0,0,0,0,1,0,0,0,-0.8240340000779818,0.7588912845016802,1.5746551991321867,1.854472682054869,0.0070716438673778526,-1.0474147924878272,0.6501851280468988,-0.1636098534264448,-0.9752021974668091,-1.3315055974411698,-0.782608695652174,0.35294117647058826,-0.11764705882352941,0.5882352941176471,-0.29411764705882354,-0.29411764705882354,-0.057971014492753624,-1.0,-0.5797101449275363,0.5294117647058824
1,1,0,0,1.610947731639415,0.05555555555555555,-0.39397299871629243,0,6,5,4,3,2,1,0,6,5,1,0,0,1,1,1,1,0,0,0,0,1,1,0,0,0,0,0,1,1,0,0,0,0,0,0,0,1,0,0,-0.9686123133309937,-0.8234562865411883,0.7568185340151868,1.5755420844019585,1.8480176211453743,0.0070716438673778526,-1.0379512496143164,0.6545161537871227,-0.1571036166641233,-0.9657299520219328,-1.6521739130434783,-0.7647058823529411,0.35294117647058826,-0.11764705882352941,0.5882352941176471,-0.29411764705882354,-0.2898550724637681,-0.05555555555555555,-1.0434782608695652,-0.5882352941176471
2,1,0,0,0.4217543034152844,-0.4444444444444444,-0.6833776113786393,1,0,6,5,4,3,2,1,0,6,1,1,0,0,1,1,1,1,0,0,0,0,1,1,0,0,0,0,0,1,0,0,0,0,0,0,0,0,1,0,1.6019027566576987,-0.9675038362177805,-0.8212071904540523,0.755226548535012,1.5706391529484505,1.8480176211453743,0.014501697007096538,-1.024940526436958,0.6563406073554096,-0.14918894219785242,0.08695652173913043,-1.6470588235294117,-0.7647058823529411,0.35294117647058826,-0.11764705882352941,0.5882352941176471,-0.2898550724637681,-0.2777777777777778,-0.057971014492753624,-1.0588235294117647
3,1,0,0,1.891071638630749,0.0,-0.5947596257827866,2,1,0,6,5,4,3,2,1,0,1,1,1,0,0,1,1,1,1,0,0,0,0,1,1,0,0,0,0,0,0,0,0,0,0,0,0,0,0,1,0.4193862829960619,1.5935745780160442,-0.9648613048194637,-0.8275821869899742,0.7548883221269032,1.5706391529484505,1.8518975624807155,0.022101143427212,-1.01350526476423,0.6627065722336454,-0.43478260869565216,0.11764705882352941,-1.6470588235294117,-0.7647058823529411,0.35294117647058826,-0.11764705882352941,0.5797101449275363,-0.2777777777777778,-0.2898550724637681,-0.058823529411764705
4,1,0,0,1.1830765008038269,0.2777777777777778,-0.7070128033244125,3,2,1,0,6,5,4,3,2,1,1,1,1,1,0,0,1,1,1,1,0,0,0,0,1,1,0,0,0,0,0,0,0,0,0,0,0,0,0,0,1.8804538542519589,0.4153992580074976,1.5892220672555402,-0.9716717183492654,-0.8191127598732513,0.7548883221269032,1.5750539956803453,1.8500498810528738,0.027544636044559846,-1.003960094433021,0.028985507246376812,-0.4117647058823529,0.11764705882352941,-1.6470588235294117,-0.7647058823529411,0.35294117647058826,-0.11594202898550725,0.5555555555555556,-0.2898550724637681,-0.29411764705882354
5,0,1,0,-1.3894051680194484,0.8888888888888888,-1.0707101124592604,4,3,2,1,0,6,5,4,3,2,1,1,1,1,1,0,0,1,1,1,0,0,0,0,0,1,1,0,0,0,0,0,0,0,0,0,0,0,0,0,1.1764338909034195,1.8711030825709456,0.414264683093135,1.5901531048418434,-0.962400494628642,-0.8191127598732513,0.7608762727553222,1.5746297291075129,1.8450328094002746,0.03510776026197558,0.3188405797101449,0.058823529411764705,-0.4117647058823529,0.11764705882352941,-1.6470588235294117,-0.7647058823529411,0.34782608695652173,-0.1111111111111111,0.5797101449275363,-0.29411764705882354
6,0,1,0,-1.3966200054895501,0.0,-1.0721995875607064,5,4,3,2,1,0,6,5,4,3,0,1,1,1,1,1,0,0,1,1,1,0,0,0,0,0,1,1,0,0,0,0,0,0,0,0,0,0,0,0,-1.381604086247904,1.169667657284929,1.865992561599256,0.41163441361622755,1.5851688693098385,-0.962400494628642,-0.8100894785560013,0.7646381705164607,1.5711887685029757,1.849135633234331,0.9565217391304348,0.35294117647058826,0.058823529411764705,-0.4117647058823529,0.11764705882352941,-1.6470588235294117,-0.7536231884057971,0.3333333333333333,-0.11594202898550725,0.5882352941176471
0,1,0,0,-0.7308944045798532,0.8888888888888888,-0.9542898533688202,6,5,4,3,2,1,0,6,5,4,0,0,1,1,1,1,1,0,0,1,1,1,0,0,0,0,0,1,1,0,0,0,0,0,0,0,0,0,0,0,-1.3887784146293913,-1.3789794689509156,1.1664729583139626,1.8677624931996577,0.41320813045830435,1.5851688693098385,-0.95310089478556,-0.7982503261453459,0.7658324431558066,1.575812961693702,0.028985507246376812,1.0,0.35294117647058826,0.058823529411764705,-0.4117647058823529,0.11764705882352941,-1.6231884057971016,-0.7222222222222222,0.34782608695652173,-0.11764705882352941
1,1,0,0,-0.5901266517664587,-0.6666666666666666,-0.9145986960205906,0,6,5,4,3,2,1,0,6,5,1,0,0,1,1,1,1,1,0,0,0,1,1,0,0,0,0,0,1,1,0,0,0,0,0,0,0,0,0,0,-0.7267906577767379,-1.3861274595497541,-1.3752130791879744,1.1661226393098625,1.8612334801762112,0.41320813045830435,1.589555692687442,-0.9405264369580233,-0.7881123149702427,0.7719899474525931,0.9565217391304348,0.058823529411764705,1.0,0.35294117647058826,0.058823529411764705,-0.4117647058823529,0.11594202898550725,-1.5555555555555556,-0.7536231884057971,0.35294117647058826
2,1,0,0,-0.3610555620907343,-0.6111111111111112,-0.9605188159524612,1,0,6,5,4,3,2,1,0,6,1,1,0,0,1,1,1,1,1,0,0,0,1,1,0,0,0,0,0,1,0,0,0,0,0,0,0,0,0,0,-0.5868132725075057,-0.7265699357069322,-1.382341546567488,-1.3832672728685782,1.1634979519282789,1.8612334801762112,0.4198549830299288,1.5890568644002763,-0.9295742408057378,-0.7789962683725535,-0.6666666666666666,1.0,0.058823529411764705,1.0,0.35294117647058826,0.058823529411764705,-0.4057971014492754,0.1111111111111111,-1.6231884057971016,-0.7647058823529411
3,1,0,0,0.2080539544367329,-0.7777777777777778,-0.9250359567448692,2,1,0,6,5,4,3,2,1,0,1,1,1,0,0,1,1,1,1,1,0,0,0,1,1,0,0,0,0,0,0,0,0,0,0,0,0,0,0,0,-0.3590283463952898,-0.5871064234795952,-0.724585464125213,-1.3904173467008625,-1.3717056959579563,1.1634979519282789,1.8650879358222765,0.42537027089248697,1.5855333435067909,-0.9201888660421902,-0.6086956521739131,-0.6470588235294118,1.0,0.058823529411764705,1.0,0.35294117647058826,0.057971014492753624,-0.3888888888888889,0.11594202898550725,-1.6470588235294117
4,1,0,0,-1.3857977492843978,-0.7777777777777778,-1.071633910866807,3,2,1,0,6,5,4,3,2,1,1,1,1,1,0,0,1,1,1,1,0,0,0,0,1,1,0,0,0,0,0,0,0,0,0,0,0,0,0,0,0.20688579560962295,-0.3601577219664743,-0.58550286688362,-0.7306675992849925,-1.3788159826879973,-1.3717056959579563,1.1686979327368094,1.8631724349627807,0.4285060277735388,1.5901302261823167,-0.782608695652174,-0.5882352941176471,-0.6470588235294118,1.0,0.058823529411764705,1.0,0.34782608695652173,0.05555555555555555,-0.4057971014492754,0.11764705882352941
5,0,1,0,2.0844606516880364,-0.16666666666666666,-0.843839270853256,4,3,2,1,0,6,5,4,3,2,1,1,1,1,1,0,0,1,1,1,0,0,0,0,0,1,1,0,0,0,0,0,0,0,0,0,0,0,0,0,-1.3780169220571605,0.2036788842919022,-0.35917402758406936,-0.5911634413616227,-0.7227374603910656,-1.3788159826879973,-1.3616167849429188,1.1703629805847593,1.8580802685792766,0.4353057649836265,-0.782608695652174,-0.7647058823529411,-0.5882352941176471,-0.6470588235294118,1.0,0.058823529411764705,0.9855072463768116,0.3333333333333333,0.057971014492753624,-0.4117647058823529
6,0,1,0,5.527506567854762,0.3333333333333333,-0.7991466062605269,5,4,3,2,1,0,6,5,4,3,0,1,1,1,1,1,0,0,1,1,1,0,0,0,0,0,1,1,0,0,0,0,0,0,0,0,0,0,0,0,2.072757047607907,-1.3754054736514965,0.20312257864559122,-0.36414859718660125,-0.5840095834299404,-0.7227374603910656,-1.3687133600740513,-1.3469419077584224,1.169235464672669,1.8621582514659962,-0.14492753623188406,-0.7647058823529411,-0.7647058823529411,-0.5882352941176471,-0.6470588235294118,1.0,0.057971014492753624,0.9444444444444444,0.34782608695652173,0.058823529411764705
0,1,0,0,18.966552954554363,0.05555555555555555,-0.5024712606273355,6,5,4,3,2,1,0,6,5,4,0,0,1,1,1,1,1,0,0,1,1,1,0,0,0,0,0,1,1,0,0,0,0,0,0,0,0,0,0,0,5.4964713221819315,2.062700308839811,-1.3716488454982179,0.19985233543172456,-0.3582579797511398,-0.5840095834299404,-0.7139000308546745,-1.3540019952421152,-1.3336639707004425,1.1746249333637957,0.37681159420289856,-0.11764705882352941,-0.7647058823529411,-0.7647058823529411,-0.5882352941176471,-0.6470588235294118,0.9855072463768116,0.05555555555555555,0.9855072463768116,0.35294117647058826
1,1,0,0,8.686115358977375,-0.6111111111111112,-0.8708895518358049,0,6,5,4,3,2,1,0,6,5,1,0,0,1,1,1,1,1,0,0,0,1,1,0,0,0,0,0,1,1,0,0,0,0,0,0,0,0,0,0,18.860061605645882,5.4738457354855,2.057066480706648,-1.3796922359524364,0.20260452894350414,-0.3582579797511398,-0.5754396791113855,-0.7025554447087715,-1.3406836563406075,-1.323509252912954,0.08695652173913043,0.4117647058823529,-0.11764705882352941,-0.7647058823529411,-0.7647058823529411,-0.5882352941176471,-0.6376811594202898,0.9444444444444444,0.057971014492753624,1.0
2,1,0,0,18.678273144335957,-0.05555555555555555,-0.5716678199251309,1,0,6,5,4,3,2,1,0,6,1,1,0,0,1,1,1,1,1,0,0,0,1,1,0,0,0,0,0,1,0,0,0,0,0,0,0,0,0,0,8.63734549849885,18.788376745721887,5.458895087556176,2.0594155591824044,-1.368150552592936,0.20260452894350414,-0.3501234186979328,-0.5648069986954187,-0.6929650541736608,-1.3305155738329144,-0.6086956521739131,0.11764705882352941,0.4117647058823529,-0.11764705882352941,-0.7647058823529411,-0.7647058823529411,-0.5797101449275363,-0.6111111111111112,0.9855072463768116,0.058823529411764705
3,1,0,0,-0.7681449241265732,-2.1666666666666665,-1.0637577566313763,2,1,0,6,5,4,3,2,1,0,1,1,1,0,0,1,1,1,1,1,0,0,0,1,1,0,0,0,0,0,0,0,0,0,0,0,0,0,0,0,18.57340039770733,8.603189402326981,18.737060282039362,5.471555141058522,2.05182007883144,-1.368150552592936,0.20965751311323647,-0.34064922108817447,-0.5560048832595758,-0.6840301576422206,-0.028985507246376812,-0.5882352941176471,0.11764705882352941,0.4117647058823529,-0.11764705882352941,-0.7647058823529411,-0.7536231884057971,-0.5555555555555556,-0.6376811594202898,1.0
4,1,0,0,-1.2441673528604478,-1.1666666666666667,-0.9776800589397263,3,2,1,0,6,5,4,3,2,1,1,1,1,1,0,0,1,1,1,1,0,0,0,0,1,1,0,0,0,0,0,0,0,0,0,0,0,0,0,0,-0.7638320271376767,18.502767903968298,8.579691616302496,18.78996658117665,5.444972563567509,2.05182007883144,-1.3580684973773527,0.21625354922876203,-0.33312986418434304,-0.5473307440408195,-2.2318840579710146,0.0,-0.5882352941176471,0.11764705882352941,0.4117647058823529,-0.11764705882352941,-0.7536231884057971,-0.7222222222222222,-0.5797101449275363,-0.6470588235294118
5,0,1,0,-0.12790652080147433,-0.16666666666666666,-0.3719860498659777,4,3,2,1,0,6,5,4,3,2,1,1,1,1,1,0,0,1,1,1,0,0,0,0,0,1,1,0,0,0,0,0,0,0,0,0,0,0,0,0,-1.2371817366553592,-0.7634753219509351,18.45223152022315,8.60181083391622,18.689272741324675,5.444972563567509,2.0553070040111074,-1.343411864016576,0.220585991149092,-0.3248800548320767,-1.1884057971014492,-2.235294117647059,0.0,-0.5882352941176471,0.11764705882352941,0.4117647058823529,-0.11594202898550725,-0.7222222222222222,-0.7536231884057971,-0.5882352941176471
6,0,0,1,-0.8969925106850173,-0.7777777777777778,-0.7131673236962913,5,4,3,2,1,0,6,5,4,3,0,1,1,1,1,1,0,0,1,1,1,0,0,0,0,0,1,1,0,0,0,0,0,0,0,0,0,0,0,0,-0.12718836511092915,-1.2350873103742983,-0.761390051139005,18.5042745006606,8.557809722544246,18.689272741324675,5.441916075285405,2.052413475558284,-1.3301541278803601,0.22778158556088643,-0.14492753623188406,-1.1764705882352942,-2.235294117647059,0.0,-0.5882352941176471,0.11764705882352941,0.4057971014492754,-0.1111111111111111,-0.7536231884057971,-0.7647058823529411
0,1,0,0,-0.338548406069874,-0.1111111111111111,-0.3036428422499086,6,5,4,3,2,1,0,6,5,4,0,0,1,1,1,1,1,0,0,1,0,1,0,0,0,0,0,1,1,0,1,0,0,0,0,0,0,0,0,0,-0.8919561742114086,-0.12916885185401006,-1.2317139315047265,-0.7675837413538508,18.40517041502434,8.557809722544246,18.66067571737118,5.421610006906607,2.046238364108042,-1.320006092452974,-0.782608695652174,-0.11764705882352941,-1.1764705882352942,-2.235294117647059,0.0,-0.5882352941176471,0.11594202898550725,0.3888888888888889,-0.11594202898550725,-0.7647058823529411
1,1,0,0,-1.0255264086578046,-1.0,-0.7669520319832341,0,6,5,4,3,2,1,0,6,5,1,0,0,1,1,1,1,1,0,0,0,0,1,0,0,0,0,0,1,1,0,1,0,0,0,0,0,0,0,0,-0.33664756111825933,-0.8911291105801914,-0.1288160545482721,-1.2393331778969456,-0.7594481799211684,18.40517041502434,8.54875038568343,18.572404266748524,5.396154433084083,2.0499581143858046,-0.08695652173913043,-0.7647058823529411,-0.11764705882352941,-1.1764705882352942,-2.235294117647059,0.0,-0.5797101449275363,0.1111111111111111,0.4057971014492754,-0.11764705882352941
2,1,0,0,-0.6436889777673214,-1.1111111111111112,-0.459561003342224,1,0,6,5,4,3,2,1,0,6,1,1,0,0,1,1,1,1,1,0,0,0,0,1,0,0,0,0,0,1,0,0,1,0,0,0,0,0,0,0,-1.0197683939642062,-0.33785909912009776,-0.8886951805361847,-0.13309240693246288,-1.2285725326532189,-0.7594481799211684,18.377121258870716,8.512470263218479,18.471692354646727,5.393496306450385,-1.0144927536231885,-0.058823529411764705,-0.7647058823529411,-0.11764705882352941,-1.1764705882352942,-2.235294117647059,0.0,-0.5555555555555556,0.11594202898550725,0.4117647058823529
3,1,0,0,0.25581304160294865,-0.8333333333333334,0.4528601528399546,2,1,0,6,5,4,3,2,1,0,1,1,1,0,0,1,1,1,1,1,0,0,0,0,1,0,0,0,0,0,0,0,0,1,0,0,0,0,0,0,-0.6400748625570242,-1.0184721170094981,-0.3369363086936307,-0.895274733815186,-0.12848751835535974,-1.2285725326532189,-0.7505399568034558,18.29030772772619,8.469327025789715,18.44413982179575,-1.1304347826086956,-1.0,-0.058823529411764705,-0.7647058823529411,-0.11764705882352941,-1.1764705882352942,-2.2028985507246377,0.0,-0.5797101449275363,0.11764705882352941
4,1,0,0,0.2787123083558796,-0.7777777777777778,0.45637681133515157,3,2,1,0,6,5,4,3,2,1,1,1,1,1,0,0,1,1,1,1,0,0,0,0,0,1,0,0,0,0,0,0,0,0,1,0,0,0,0,0,0.2543767302218583,-0.6401724841209719,-1.0156903765690375,-0.3418434755576279,-0.8864286266326608,-0.12848751835535974,-1.218759642085776,-0.7390069833474024,18.19121013276362,8.460817911811743,-0.8405797101449275,-1.1176470588235294,-1.0,-0.058823529411764705,-0.7647058823529411,-0.11764705882352941,-1.1594202898550725,-2.111111111111111,0.0,-0.5882352941176471
5,0,1,0,-0.8235109594949612,-0.16666666666666666,-0.6015029546092819,4,3,2,1,0,6,5,4,3,2,1,1,1,1,1,0,0,1,1,1,0,0,0,0,0,0,1,0,0,0,0,0,0,0,0,1,0,0,0,0,0.27714742465005643,0.25099547423421326,-0.6384239888423988,-1.0226548535012043,-0.3360769765824251,-0.8864286266326608,-0.12079605060166633,-1.2048192771084338,-0.7292079963375553,18.16419160764603,-0.782608695652174,-0.8235294117647058,-1.1176470588235294,-1.0,-0.058823529411764705,-0.7647058823529411,-0.11594202898550725,-1.1111111111111112,-2.2028985507246377,0.0
6,0,1,0,-0.7875151942908677,-1.2222222222222223,-0.584564617679836,5,4,3,2,1,0,6,5,4,3,0,1,1,1,1,1,0,0,1,1,1,0,0,0,0,0,0,1,0,0,0,0,0,0,0,0,1,0,0,0,-0.818887199282567,0.2736825748305265,0.2503099333643267,-0.6442449677469495,-1.013099930442847,-0.3360769765824251,-0.8772755322431349,-0.112500959251017,-1.1923546467266901,-0.7202040971746249,-0.14492753623188406,-0.7647058823529411,-0.8235294117647058,-1.1176470588235294,-1.0,-0.058823529411764705,-0.7536231884057971,-0.1111111111111111,-1.1594202898550725,-2.235294117647059
0,1,0,0,-0.8656236521193583,-0.8333333333333334,-0.5943285338785139,6,5,4,3,2,1,0,6,5,4,0,0,1,1,1,1,1,0,0,1,1,1,0,0,0,0,0,0,1,0,0,0,0,0,0,0,0,1,0,0,-0.7830935392053651,-0.8183283802420215,0.2729350689601735,0.24718271547369242,-0.6367957338279618,-1.013099930442847,-0.32798518975624813,-0.8650909369963934,-0.10628719670379984,-1.1824689665676644,-1.2463768115942029,-0.11764705882352941,-0.7647058823529411,-0.8235294117647058,-1.1176470588235294,-1.0,-0.057971014492753624,-0.7222222222222222,-0.11594202898550725,-1.1764705882352942
1,1,0,0,-1.0891267693996782,-0.05555555555555555,-0.8152336943955845,0,6,5,4,3,2,1,0,6,5,1,0,0,1,1,1,1,1,0,0,0,1,1,0,0,0,0,0,0,1,0,0,0,0,0,0,0,0,1,0,-0.8607634421179864,-0.7826661227978167,-0.8160932899426622,0.26987642807181156,0.24967153566736225,-0.6367957338279618,-1.003702560937982,-0.3186248177423069,-0.8545704257591943,-0.09846927119031305,-0.8405797101449275,-1.2352941176470589,-0.11764705882352941,-0.7647058823529411,-0.8235294117647058,-1.1176470588235294,-0.9855072463768116,-0.05555555555555555,-0.7536231884057971,-0.11764705882352941
2,1,0,0,-0.16374544171273964,-0.7777777777777778,-0.022226467718103327,1,0,6,5,4,3,2,1,0,6,1,1,0,0,1,1,1,1,1,0,0,0,1,1,0,0,0,0,0,0,0,0,0,0,0,0,0,0,0,1,-1.0830116582836198,-0.8600508905852416,-0.780528436386177,-0.8224527861972486,0.27223896746270954,0.24967153566736225,-0.6281240357914225,-0.9908679303200062,-0.3112314970242636,-0.8453278501256568,-0.028985507246376812,-0.8235294117647058,-1.2352941176470589,-0.11764705882352941,-0.7647058823529411,-0.8235294117647058,-1.1014492753623188,-0.9444444444444444,-0.057971014492753624,-0.7647058823529411
3,1,0,0,-0.6829000509743951,-0.3888888888888889,-0.5242184803211277,2,1,0,6,5,4,3,2,1,0,1,1,1,0,0,1,1,1,1,1,0,0,0,1,1,0,0,0,0,0,0,0,0,0,0,0,0,0,0,0,-0.162826061527664,-1.081483208049259,-0.8577018441035177,-0.7867801352296572,-0.8140119020017001,0.27223896746270954,0.2566337550138844,-0.6172204742537029,-0.9796276514573476,-0.3030233797882872,-0.782608695652174,0.0,-0.8235294117647058,-1.2352941176470589,-0.11764705882352941,-0.7647058823529411,-0.8115942028985508,-1.0555555555555556,-0.9855072463768116,-0.058823529411764705
4,1,0,0,0.7773203152570285,-0.7777777777777778,0.7000026180947357,3,2,1,0,6,5,4,3,2,1,1,1,1,1,0,0,1,1,1,1,0,0,0,0,1,1,0,0,0,0,0,0,0,0,0,0,0,0,0,0,-0.6790657776738019,-0.16467571819824012,-1.0785293661862698,-0.8641874562835158,-0.7785377540768219,-0.8140119020017001,0.2791576673866088,0.26298825876755416,-0.6081184190447123,-0.9701469804279949,-0.37681159420289856,-0.7647058823529411,0.0,-0.8235294117647058,-1.2352941176470589,-0.11764705882352941,-0.7536231884057971,-0.7777777777777778,-1.1014492753623188,-1.0
5,0,1,0,-0.5872250323491353,-0.9444444444444444,-0.5014236021555857,4,3,2,1,0,6,5,4,3,2,1,1,1,1,1,0,0,1,1,1,0,0,0,0,0,1,1,0,0,0,0,0,0,0,0,0,0,0,0,0,0.7729559012750029,-0.6790202591146591,-0.16422594142259409,-1.0856843086966657,-0.8555143365020479,-0.7785377540768219,-0.8049984572662758,0.28539636252014405,0.2670532580497482,-0.5993450613053081,-0.782608695652174,-0.35294117647058826,-0.7647058823529411,0.0,-0.8235294117647058,-1.2352941176470589,-0.11594202898550725,-0.7222222222222222,-0.8115942028985508,-1.1176470588235294
6,0,1,0,0.7851625298984433,-0.8888888888888888,0.803385606556298,5,4,3,2,1,0,6,5,4,3,0,1,1,1,1,1,0,0,1,1,1,0,0,0,0,0,1,1,0,0,0,0,0,0,0,0,0,0,0,0,-0.5839279447888641,0.7676708816502534,-0.6771656593832326,-0.16860962151239597,-1.0757786536826646,-0.8555143365020479,-0.7695927182968221,-0.7931854807766097,0.28933312986418425,0.27416038382453733,-0.9565217391304348,-0.7647058823529411,-0.35294117647058826,-0.7647058823529411,0.0,-0.8235294117647058,-1.2173913043478262,-0.1111111111111111,-0.7536231884057971,-0.8235294117647058
0,1,0,0,0.16562757322667923,-0.16666666666666666,-0.019371587868148542,6,5,4,3,2,1,0,6,5,4,0,0,1,1,1,1,1,0,0,1,1,1,0,0,0,0,0,1,1,0,0,0,0,0,0,0,0,0,0,0,0.7807540842983585,-0.5842316881300622,0.7655741515574152,-0.6831040646615372,-0.16380709482958491,-1.0757786536826646,-0.8464208577599507,-0.7579617834394906,-0.783076453532733,0.29639783717919416,-0.8985507246376812,-0.9411764705882353,-0.7647058823529411,-0.35294117647058826,-0.7647058823529411,0.0,-0.8115942028985508,-1.1666666666666667,-0.11594202898550725,-0.7647058823529411
1,1,0,0,-0.5636983884248911,-1.4444444444444444,-0.5367102619745502,0,6,5,4,3,2,1,0,6,5,1,0,0,1,1,1,1,1,0,0,0,1,1,0,0,0,0,0,1,1,0,0,0,0,0,0,0,0,0,0,0.1646976254532694,0.7754404366489909,-0.5826359832635982,0.7640087044377089,-0.675438596491228,-0.16380709482958491,-1.0662604134526381,-0.8343949044585989,-0.7480543262627805,-0.7739699946691035,-0.14492753623188406,-0.8823529411764706,-0.9411764705882353,-0.7647058823529411,-0.35294117647058826,-0.7647058823529411,0.0,-0.7777777777777778,-1.2173913043478262,-0.11764705882352941
2,0,0,1,-0.5715406030663058,-0.5,-0.4466086893617979,1,0,6,5,4,3,2,1,0,6,1,1,0,0,1,1,1,1,1,0,0,0,1,1,0,0,0,0,0,1,0,0,0,0,0,0,0,0,0,0,-0.5605333957187975,0.16164559174873264,0.7733224856655819,-0.5882878681899432,0.7636216090888013,-0.675438596491228,-0.15604751619870422,-1.0531041362903846,-0.8240500534106516,-0.7390145457314752,-1.4782608695652173,-0.11764705882352941,-0.8823529411764706,-0.9411764705882353,-0.7647058823529411,-0.35294117647058826,-0.7536231884057971,0.0,-0.8115942028985508,-1.2352941176470589
3,1,0,0,1.2870642669489862,-1.2777777777777777,0.9018257583300887,2,1,0,6,5,4,3,2,1,0,0,1,1,0,0,1,1,1,1,1,0,0,0,1,1,0,0,0,0,0,1,0,0,0,0,0,0,0,0,0,-0.568331578742153,-0.5609230231338499,0.16120409112040915,0.7717805238206263,-0.5811500115928587,0.7636216090888013,-0.6666923788954028,-0.14757117642544715,-1.041507706394018,-0.8148655852562637,-0.4927536231884058,-1.4705882352941178,-0.11764705882352941,-0.8823529411764706,-0.9411764705882353,-0.7647058823529411,-0.34782608695652173,-0.7222222222222222,0.0,-0.8235294117647058
4,1,0,0,-0.6593734070501509,-1.3333333333333333,-0.42307065081103634,3,2,1,0,6,5,4,3,2,1,1,0,1,1,0,0,1,1,1,1,0,0,0,0,1,1,0,0,0,0,0,1,0,0,0,0,0,0,0,0,1.2798377977931141,-0.5686925781325873,-0.559390980939098,0.1578067925701407,0.7713501816214545,-0.5811500115928587,0.7695927182968217,-0.655590514925946,-0.14115672211200977,-1.0319092224506892,-1.3043478260869565,-0.47058823529411764,-1.4705882352941178,-0.11764705882352941,-0.8823529411764706,-0.9411764705882353,-0.7536231884057971,-0.3333333333333333,-0.7536231884057971,0.0
5,0,1,0,0.5028428028075128,-1.8888888888888888,0.13089464292604996,4,3,2,1,0,6,5,4,3,2,1,1,0,1,1,0,0,1,1,1,0,0,0,0,0,1,1,0,0,0,0,0,1,0,0,0,0,0,0,0,-0.6556712286037353,1.2726919565681876,-0.5671393150472648,-0.5649724100411905,0.16079295154185025,0.7713501816214545,-0.5725856217216909,0.7733097997083875,-0.6462688844803907,-0.13327240880359453,-1.3623188405797102,-1.2941176470588236,-0.47058823529411764,-1.4705882352941178,-0.11764705882352941,-0.8823529411764706,-0.927536231884058,-0.7222222222222222,-0.34782608695652173,-0.7647058823529411
6,0,1,0,1.9379680821864091,-0.8888888888888888,1.8196120109774925,5,4,3,2,1,0,6,5,4,3,0,1,1,0,1,1,0,0,1,1,1,0,0,0,0,0,1,1,0,0,0,0,0,1,0,0,0,0,0,0,0.5000194954575584,-0.6557115941184468,1.2692158685882535,-0.5727442294241081,-0.557964293994899,0.16079295154185025,0.7773063869176178,-0.5619676156856728,0.7744544483442698,-0.6374228923920494,-1.9420289855072463,-1.3529411764705883,-1.2941176470588236,-0.47058823529411764,-1.4705882352941178,-0.11764705882352941,-0.8695652173913043,-0.8888888888888888,-0.7536231884057971,-0.35294117647058826
0,1,0,0,-0.5636983884248911,-1.3888888888888888,-0.523983167228015,6,5,4,3,2,1,0,6,5,4,0,0,1,1,0,1,1,0,0,1,1,1,0,0,0,0,0,1,1,0,0,0,0,0,1,0,0,0,0,0,1.9270869887316253,0.49573645669444283,-0.6539206570587324,1.269176964327349,-0.5656928665275522,-0.557964293994899,0.16792656587472987,0.7809838078428362,-0.5531817488173356,0.7805955372781966,-0.8985507246376812,-1.9411764705882353,-1.3529411764705883,-1.2941176470588236,-0.47058823529411764,-1.4705882352941178,-0.11594202898550725,-0.8333333333333334,-0.927536231884058,-0.7647058823529411
1,1,0,0,-0.4225385248794259,-0.8888888888888888,-0.5871846050141456,0,6,5,4,3,2,1,0,6,5,1,0,0,1,1,0,1,1,0,0,0,1,1,0,0,0,0,0,1,1,0,0,0,0,0,1,0,0,0,0,-0.5605333957187975,1.9175650214633957,0.49438245777157913,-0.6597886065127845,1.2659788237112604,-0.5656928665275522,-0.5494446158593027,0.17473716522139499,0.7820845414314055,-0.5445129845404005,-1.4202898550724639,-0.8823529411764706,-1.9411764705882353,-1.3529411764705883,-1.2941176470588236,-0.47058823529411764,-1.4492753623188406,-0.1111111111111111,-0.8695652173913043,-0.9411764705882353
2,0,0,1,0.2048386464337529,-0.5,-0.43947674695525574,1,0,6,5,4,3,2,1,0,6,1,1,0,0,1,1,0,1,1,0,0,0,1,1,0,0,0,0,0,1,0,0,0,0,0,0,1,0,0,0,-0.4201661012983974,-0.5609230231338499,1.9123275995660933,0.4919950260355949,-0.6522528788932683,1.2659788237112604,-0.5571582844800989,-0.5389455912823269,0.17930718754768807,0.7882111034955449,-0.8985507246376812,-1.411764705882353,-0.8823529411764706,-1.9411764705882353,-1.3529411764705883,-1.2941176470588236,-0.463768115942029,-1.3888888888888888,-0.11594202898550725,-0.8823529411764706
3,1,0,0,-1.073442340116849,-1.5555555555555556,-0.8273168850392498,2,1,0,6,5,4,3,2,1,0,0,1,1,0,0,1,1,0,1,1,0,0,0,1,1,0,0,0,0,0,1,0,0,0,0,0,0,1,0,0,0.2036885405700472,-0.42107103315657585,-0.559390980939098,1.9142379731095047,0.49312157044593863,-0.6522528788932683,1.270981178648565,-0.5466195994167755,-0.5302914695559285,0.18658137232503236,-0.4927536231884058,-0.8823529411764706,-1.411764705882353,-0.8823529411764706,-1.9411764705882353,-1.3529411764705883,-1.2753623188405796,-0.4444444444444444,-1.4492753623188406,-0.11764705882352941
4,1,0,0,-0.7911226130259184,-1.5555555555555556,-0.6357421662452305,3,2,1,0,6,5,4,3,2,1,1,0,1,1,0,0,1,1,0,1,0,0,0,0,1,1,0,0,0,0,0,1,0,0,0,0,0,0,1,0,-1.0674152922369087,0.20049336674241985,-0.41992096699209663,-0.5649724100411905,1.9074503439214776,0.49312157044593863,-0.6435513730330146,1.272120328447548,-0.5379215626430642,-0.5216662858883558,-1.5942028985507246,-0.47058823529411764,-0.8823529411764706,-1.411764705882353,-0.8823529411764706,-1.9411764705882353,-1.3333333333333333,-1.2222222222222223,-0.463768115942029,-1.4705882352941178
5,0,1,0,0.1342587146610203,-0.8333333333333334,0.03975992176417948,4,3,2,1,0,6,5,4,3,2,1,1,0,1,1,0,0,1,1,0,0,0,0,0,0,1,1,0,0,0,0,0,1,0,0,0,0,0,0,1,-0.7866807033961086,-1.065944098051784,0.1999457616612429,-0.4250796611486748,-0.557964293994899,1.9074503439214776,0.49961431656896,-0.6325684905226001,1.2704104990080878,-0.529281852105704,-1.5942028985507246,-1.588235294117647,-0.47058823529411764,-0.8823529411764706,-1.411764705882353,-0.8823529411764706,-1.9130434782608696,-1.2777777777777777,-1.2753623188405796,-0.47058823529411764
6,0,1,0,-0.3833274516723522,-1.0555555555555556,-0.1802683347329801,5,4,3,2,1,0,6,5,4,3,0,1,1,0,1,1,0,0,1,1,1,0,0,0,0,0,1,1,0,0,0,0,0,1,0,0,0,0,0,0,0.13350489335984717,-0.7862401180972358,-1.0630326979699365,0.1966658894847284,-0.4188499884071411,-0.557964293994899,1.9112156741746371,0.5047195150026857,-0.6233786052189837,1.2756073414058335,-0.8405797101449275,-1.588235294117647,-1.588235294117647,-0.47058823529411764,-0.8823529411764706,-1.411764705882353,-0.8695652173913043,-1.8333333333333333,-1.3333333333333333,-1.2941176470588236
0,0,0,1,-0.712700466611771,-0.5555555555555556,-0.3784999536839064,6,5,4,3,2,1,0,6,5,4,0,0,1,1,0,1,1,0,0,1,1,1,0,0,0,0,0,1,1,0,0,0,0,0,1,0,0,0,0,0,-0.3811751861816196,0.13056737175378286,-0.7840926700759336,-1.0701406699308307,0.19943581420511636,-0.4188499884071411,-0.5494446158593027,1.9090630036067837,0.5074011902945216,-0.6145761937400046,-1.0724637681159421,-0.8235294117647058,-1.588235294117647,-1.588235294117647,-0.47058823529411764,-0.8823529411764706,-1.391304347826087,-0.8333333333333334,-1.9130434782608696,-1.3529411764705883
1,1,0,0,-0.6734893934046974,-0.9444444444444444,-0.42798278534367434,0,6,5,4,3,2,1,0,6,5,0,0,0,1,1,0,1,1,0,0,0,1,1,0,0,0,0,0,1,1,1,0,0,0,0,1,0,0,0,0,-0.708698873162553,-0.38222325816288866,0.13021075468774218,-0.7903551721457992,-1.0603215086173583,0.19943581420511636,-0.41059858068497385,-0.5389455912823269,1.9037082252403479,0.5140507196710076,-0.5507246376811594,-1.0588235294117647,-0.8235294117647058,-1.588235294117647,-1.588235294117647,-0.47058823529411764,-0.8695652173913043,-1.3333333333333333,-0.8695652173913043,-1.9411764705882353
2,1,0,0,-0.5793828177077206,-1.4444444444444444,-0.31369275112654305,1,0,6,5,4,3,2,1,0,6,1,0,0,0,1,1,0,1,1,0,0,0,1,1,0,0,0,0,0,1,0,1,0,0,0,0,1,0,0,0,-0.6697079580457752,-0.7085445681098614,-0.3811792964512629,0.12671951503847054,-0.7820928974418424,-1.0603215086173583,0.20649490897871012,-0.4008134448622517,-0.5302914695559285,1.9076993374457392,-0.9565217391304348,-0.5294117647058824,-1.0588235294117647,-0.8235294117647058,-1.588235294117647,-1.588235294117647,-0.463768115942029,-0.8333333333333334,-1.391304347826087,-0.8823529411764706
3,1,0,0,0.03230992432262874,-0.6111111111111112,0.2706283521995623,2,1,0,6,5,4,3,2,1,0,1,1,0,0,0,1,1,0,1,1,0,0,0,1,1,0,0,0,0,0,0,0,1,0,0,0,0,1,0,0,-0.5761297617655086,-0.6696967931161741,-0.7066093289942662,-0.38622056423408707,0.12987866141123738,-0.7820928974418424,-1.050833076211046,0.2131072058936381,-0.39294979398748664,-0.5216662858883558,-1.4782608695652173,-0.9411764705882353,-0.5294117647058824,-1.0588235294117647,-0.8235294117647058,-1.588235294117647,-1.565217391304348,-0.4444444444444444,-0.8695652173913043,-1.411764705882353
4,1,0,0,0.14210092930243504,-0.6666666666666666,0.4218436160493623,3,2,1,0,6,5,4,3,2,1,1,1,1,0,0,0,1,1,0,1,0,0,0,0,1,1,0,0,0,0,0,0,0,1,0,0,0,0,1,0,0.03212851405622493,-0.5764621331313248,-0.6678676584534324,-0.7126369783166238,-0.380207125743875,0.12987866141123738,-0.7731410058623882,-1.0377561200214873,0.2174576529833664,-0.3845860939760871,-0.6086956521739131,-1.4705882352941178,-0.9411764705882353,-0.5294117647058824,-1.0588235294117647,-0.8235294117647058,-1.565217391304348,-1.5,-0.463768115942029,-0.8823529411764706
5,0,1,0,1.0517978277065443,0.05555555555555555,1.1729998097938403,4,3,2,1,0,6,5,4,3,2,1,1,1,1,0,0,0,1,1,0,0,0,0,0,0,1,1,0,0,0,0,0,0,0,1,0,0,0,0,1,0.14130307638320275,0.02956315677019604,-0.5748876491554316,-0.6737778814020361,-0.7048071721153102,-0.380207125743875,0.13707189139154566,-0.7614918271813369,-1.0262475202197467,0.22465920341177367,-0.6666666666666666,-0.5882352941176471,-1.4705882352941178,-0.9411764705882353,-0.5294117647058824,-1.0588235294117647,-0.8115942028985508,-1.5,-1.565217391304348,-0.47058823529411764
6,0,1,0,-0.6656471787632826,-0.6666666666666666,-0.3339099099932676,5,4,3,2,1,0,6,5,4,3,0,1,1,1,1,0,0,0,1,1,1,0,0,0,0,0,1,1,0,0,0,0,0,0,0,1,0,0,0,0,1.0458923070924473,0.1383369267525203,0.029482411281574514,-0.5805160488070256,-0.6661643094520441,-0.7048071721153102,-0.37203023758099363,0.1440411326836005,-0.7515641690828628,-1.0166780900159926,0.08695652173913043,-0.6470588235294118,-0.5882352941176471,-1.4705882352941178,-0.9411764705882353,-0.5294117647058824,-1.0434782608695652,-0.7777777777777778,-1.565217391304348,-1.588235294117647
0,1,0,0,0.1577853585852645,-1.1111111111111112,0.18387226305270057,6,5,4,3,2,1,0,6,5,4,0,0,1,1,1,1,0,0,0,1,1,1,0,0,0,0,0,1,1,0,0,0,0,0,0,0,1,0,0,0,-0.6619097750224197,1.0396053066060642,0.13795908879590893,0.025685863060542522,-0.5734214390602055,-0.6661643094520441,-0.6960043196544277,-0.3624434041900086,0.14878681519914544,-0.7425177061914553,-0.6666666666666666,0.11764705882352941,-0.6470588235294118,-0.5882352941176471,-1.4705882352941178,-0.9411764705882353,-0.5217391304347826,-1.0,-0.8115942028985508,-1.588235294117647
1,1,0,0,-0.39116966631376693,-1.1666666666666667,-0.25158859995333693,0,6,5,4,3,2,1,0,6,5,1,0,0,1,1,1,1,0,0,0,0,1,1,0,0,0,0,0,1,1,0,0,0,0,0,0,0,1,0,0,0.15689944242991385,-0.6619272381174367,1.0367658453432513,0.13449133442138808,0.02940721848674555,-0.5734214390602055,-0.6574359765504475,-0.6847517458368507,-0.35479932855180835,0.1561191074556393,-1.1304347826086956,-0.6470588235294118,0.11764705882352941,-0.6470588235294118,-0.5882352941176471,-1.4705882352941178,-0.927536231884058,-0.5,-1.0434782608695652,-0.8235294117647058
2,1,0,0,0.6675293102772223,-1.1111111111111112,0.5327385386594282,1,0,6,5,4,3,2,1,0,6,1,1,0,0,1,1,1,1,0,0,0,0,1,1,0,0,0,0,0,1,0,0,0,0,0,0,0,0,1,0,-0.38897336920497516,0.1538760367499952,-0.6601193243452657,1.0360223828398227,0.1376072339438906,0.02940721848674555,-0.5648719531008949,-0.6463817051646076,-0.6752632382115061,-0.34650826288934583,-1.1884057971014492,-1.1176470588235294,-0.6470588235294118,0.11764705882352941,-0.6470588235294118,-0.5882352941176471,-1.4492753623188406,-0.8888888888888888,-0.5217391304347826,-1.0588235294117647
3,1,0,0,-0.13237658314708067,-0.5,0.0010205312250906424,2,1,0,6,5,4,3,2,1,0,1,1,1,0,0,1,1,1,1,0,0,0,0,1,1,0,0,0,0,0,0,0,0,0,0,0,0,0,0,1,0.663781338948025,-0.3899928131616261,0.15345575701224243,-0.6660060620191185,1.034121647731664,0.1376072339438906,0.03679419932119702,-0.5542936075512241,-0.6371127727758279,-0.6663620440179727,-1.1304347826086956,-1.1764705882352942,-1.1176470588235294,-0.6470588235294118,0.11764705882352941,-0.6470588235294118,-0.5797101449275363,-1.3888888888888888,-0.927536231884058,-0.5294117647058824
4,1,0,0,0.7694781006156138,-0.5555555555555556,0.7046573592172128,3,2,1,0,6,5,4,3,2,1,1,1,1,1,0,0,1,1,1,1,0,0,0,0,1,1,0,0,0,0,0,0,0,0,0,0,0,0,0,0,-0.13163332943424177,0.6588971116679292,-0.38892763055942964,0.15003497318722317,-0.6584357369193908,1.034121647731664,0.14478556001234172,0.04427902693576841,-0.5455516557301999,-0.6282842129312314,-0.4927536231884058,-1.1176470588235294,-1.1764705882352942,-1.1176470588235294,-0.6470588235294118,0.11764705882352941,-0.6376811594202898,-0.5555555555555556,-1.4492753623188406,-0.9411764705882353
5,0,1,0,0.9027957495196642,0.0,0.7986231976021196,4,3,2,1,0,6,5,4,3,2,1,1,1,1,1,0,0,1,1,1,0,0,0,0,0,1,1,0,0,0,0,0,0,0,0,0,0,0,0,0,0.7651577182516474,-0.13359749820329034,0.6570974740430808,-0.3939923836170046,0.15306437900919703,-0.6584357369193908,1.0395711200246835,0.15171514081804913,0.04959560506638181,-0.5368974183230523,-0.5507246376811594,-0.47058823529411764,-1.1176470588235294,-1.1764705882352942,-1.1176470588235294,-0.6470588235294118,0.11594202898550725,-0.6111111111111112,-0.5797101449275363,-1.4705882352941178
6,0,1,0,1.294906481590401,-0.2222222222222222,1.269297750236496,5,4,3,2,1,0,6,5,4,3,0,1,1,1,1,1,0,0,1,1,1,0,0,0,0,0,1,1,0,0,0,0,0,0,0,0,0,0,0,0,0.8977268296486918,0.759901326651516,-0.13323260498992712,0.6552032330768632,-0.38793569827652824,0.15306437900919703,-0.6497223079296514,1.0419000844140893,0.1564169082862811,0.057116746630111945,0.028985507246376812,-0.5294117647058824,-0.47058823529411764,-1.1176470588235294,-1.1764705882352942,-1.1176470588235294,-0.6376811594202898,0.1111111111111111,-0.6376811594202898,-0.5882352941176471
0,1,0,0,0.9655334666509822,-0.5,0.980751956762954,6,5,4,3,2,1,0,6,5,4,0,0,1,1,1,1,1,0,0,1,1,1,0,0,0,0,0,1,1,0,0,0,0,0,0,0,0,0,0,0,1.2876359808164697,0.8919837616300527,0.7578258174492485,-0.13752234398072583,0.6554215936316562,-0.38793569827652824,0.1602128972539338,-0.638707697030159,1.041507706394018,0.16373467367298758,-0.2028985507246377,0.058823529411764705,-0.5294117647058824,-0.47058823529411764,-1.1176470588235294,-1.1764705882352942,-1.1014492753623188,-0.6111111111111112,0.11594202898550725,-0.6470588235294118
1,1,0,0,0.14210092930243504,-0.6111111111111112,0.4154994152396035,0,6,5,4,3,2,1,0,6,5,1,0,0,1,1,1,1,1,0,0,0,1,1,0,0,0,0,0,1,1,0,0,0,0,0,0,0,0,0,0,0.9601122938355362,1.280461511566925,0.8895474972880831,0.7562368850547913,-0.13289280469897202,0.6554215936316562,-0.37974390620178966,0.16706315708694636,-0.6294826796886922,1.0471403548853857,-0.4927536231884058,-0.17647058823529413,0.058823529411764705,-0.5294117647058824,-0.47058823529411764,-1.1176470588235294,-1.1594202898550725,-1.0555555555555556,-0.6376811594202898,0.11764705882352941
2,1,0,0,0.7302670274085401,-0.1111111111111111,0.8477209905903151,1,0,6,5,4,3,2,1,0,6,1,1,0,0,1,1,1,1,1,0,0,0,1,1,0,0,0,0,0,1,0,0,0,0,0,0,0,0,0,0,0.14130307638320275,0.9541402016199522,1.2769642026964203,0.8883578145643894,0.755893036556148,-0.13289280469897202,0.6616013576056771,-0.3701174123244572,0.1716770944605524,-0.6206686467138832,-0.6086956521739131,-0.47058823529411764,-0.17647058823529413,0.058823529411764705,-0.5294117647058824,-0.47058823529411764,-1.1014492753623188,-1.1111111111111112,-1.1014492753623188,-0.6470588235294118
3,1,0,0,-0.17158765635415435,-0.3333333333333333,0.2489978427530244,2,1,0,6,5,4,3,2,1,0,1,1,1,0,0,1,1,1,1,1,0,0,0,1,1,0,0,0,0,0,0,0,0,0,0,0,0,0,0,0,0.7261668031348696,0.1383369267525203,0.951534170153417,1.2769487837102664,0.8872787696112527,0.755893036556148,-0.12519284171552003,0.6658736858261068,-0.362429421638944,0.17896580610768412,-0.08695652173913043,-0.5882352941176471,-0.47058823529411764,-0.17647058823529413,0.058823529411764705,-0.5294117647058824,-0.463768115942029,-1.0555555555555556,-1.1594202898550725,-1.1176470588235294
4,1,0,0,0.9184801788024938,-0.2777777777777778,1.0029534001217362,3,2,1,0,6,5,4,3,2,1,1,1,1,1,0,0,1,1,1,1,0,0,0,0,1,1,0,0,0,0,0,0,0,0,0,0,0,0,0,0,-0.17062424455101957,0.7210535516578288,0.13795908879590893,0.9505323696277298,1.2737073962439136,0.8872787696112527,0.7618790496760257,-0.11687514388765266,0.6676331451243706,-0.3541238291066941,-0.3188405797101449,-0.058823529411764705,-0.5882352941176471,-0.47058823529411764,-0.17647058823529413,0.058823529411764705,-0.5217391304347826,-0.4444444444444444,-1.1014492753623188,-1.1764705882352942
5,0,1,0,-0.7989648276673331,0.0,-0.4686397988462088,4,3,2,1,0,6,5,4,3,2,1,1,1,1,1,0,0,1,1,1,0,0,0,0,0,1,1,0,0,0,0,0,0,0,0,0,0,0,0,0,0.9133231956954029,-0.17244527319697758,0.7190841469084147,0.13449133442138808,0.9491073498724785,1.2737073962439136,0.8930114162295585,0.7656357915739389,-0.11063634976346712,0.673977610235321,-0.2608695652173913,-0.29411764705882354,-0.058823529411764705,-0.5882352941176471,-0.47058823529411764,-0.17647058823529413,0.057971014492753624,-0.5,-0.463768115942029,-1.1176470588235294
6,0,1,0,-0.48527624201074376,-0.6111111111111112,-0.10645467599605625,5,4,3,2,1,0,6,5,4,3,0,1,1,1,1,1,0,0,1,1,1,0,0,0,0,0,1,1,0,0,0,0,0,0,0,0,0,0,0,0,-0.7944788864194642,0.9075228716275275,-0.17197427553076083,0.7173777881402036,0.1376072339438906,0.9491073498724785,1.2786948472693611,0.8960939298595655,0.7668243552571341,-0.1028101439342015,0.028985507246376812,-0.23529411764705882,-0.29411764705882354,-0.058823529411764705,-0.5882352941176471,-0.47058823529411764,-0.17391304347826086,0.05555555555555555,-0.5217391304347826,-0.47058823529411764
0,1,0,0,0.3381562953378034,-0.05555555555555555,0.6998917959320275,6,5,4,3,2,1,0,6,5,4,0,0,1,1,1,1,1,0,0,1,1,1,0,0,0,0,0,1,1,0,0,0,0,0,0,0,0,0,0,0,-0.48255156548524186,-0.7940096730959734,0.9050441655044166,-0.17638144089531352,0.7172501738928819,0.1376072339438906,0.954720765195927,1.2797943365819966,0.8965359377384404,0.7729799710608484,-0.6086956521739131,0.058823529411764705,-0.23529411764705882,-0.29411764705882354,-0.058823529411764705,-0.5882352941176471,-0.463768115942029,-0.16666666666666666,0.057971014492753624,-0.5294117647058824
1,1,0,0,-0.11669215386425122,0.2222222222222222,0.06235754909742498,0,6,5,4,3,2,1,0,6,5,1,0,0,1,1,1,1,1,0,0,0,1,1,0,0,0,0,0,1,1,0,0,0,0,0,0,0,0,0,0,0.3362576519670917,-0.48322747314647546,-0.7918410041841003,0.9039014533302245,-0.17153566736223813,0.7172501738928819,0.14478556001234172,0.9574859949351545,1.2780405920952236,0.9024445967557688,-0.028985507246376812,-0.5882352941176471,0.058823529411764705,-0.23529411764705882,-0.29411764705882354,-0.058823529411764705,-0.5797101449275363,-0.4444444444444444,-0.17391304347826086,0.058823529411764705
2,1,0,0,-0.23432537348547222,-0.5,0.06261326019771557,1,0,6,5,4,3,2,1,0,6,1,1,0,0,1,1,1,1,1,0,0,0,1,1,0,0,0,0,0,1,0,0,0,0,0,0,0,0,0,0,-0.11603696338753065,0.33257580172095647,-0.48190763985743057,-0.7981269915287167,0.9027359146765592,-0.17153566736223813,0.7233107065720454,0.15171514081804913,0.9575766824355257,1.2832229076231818,0.2608695652173913,0.0,-0.5882352941176471,0.058823529411764705,-0.23529411764705882,-0.29411764705882354,-0.057971014492753624,-0.5555555555555556,-0.463768115942029,-0.17647058823529413
3,1,0,0,-0.3205897345410343,-0.6666666666666666,-0.2863749828746112,2,1,0,6,5,4,3,2,1,0,1,1,1,0,0,1,1,1,1,1,0,0,0,1,1,0,0,0,0,0,0,0,0,0,0,0,0,0,0,0,-0.23300970873786403,-0.11805838820581545,0.33166744150007754,-0.48725421621201515,-0.7898214699744955,0.9027359146765592,-0.16376118481950028,0.7272657509016958,0.1564169082862811,0.9633691264945549,-0.4927536231884058,0.29411764705882354,0.0,-0.5882352941176471,0.058823529411764705,-0.23529411764705882,-0.2898550724637681,-0.05555555555555555,-0.5797101449275363,-0.47058823529411764
4,1,0,0,-0.2578520174097164,-0.8333333333333334,-0.5083835283778864,3,2,1,0,6,5,4,3,2,1,1,1,1,1,0,0,1,1,1,1,0,0,0,0,1,1,0,0,0,0,0,0,0,0,0,0,0,0,0,0,-0.3187897219947751,-0.23460171318687714,-0.11773593677359362,0.3287868189943266,-0.48067856866836683,-0.7898214699744955,0.9084387534711507,-0.15524518455989578,0.7286738898214558,0.16373467367298758,-0.6666666666666666,-0.47058823529411764,0.29411764705882354,0.0,-0.5882352941176471,0.058823529411764705,-0.2318840579710145,-0.2777777777777778,-0.057971014492753624,-0.5882352941176471
5,0,1,0,1.0204289691408852,0.1111111111111111,0.7685906017969383,4,3,2,1,0,6,5,4,3,2,1,1,1,1,1,0,0,1,1,1,0,0,0,0,0,1,1,0,0,0,0,0,0,0,0,0,0,0,0,0,-0.2564042578079307,-0.32006681817298904,-0.23396094839609477,-0.12197870521489074,0.33082154726022106,-0.48067856866836683,-0.7808546744831842,0.9114419461284627,-0.14878681519914544,0.734902139974107,-0.8405797101449275,-0.6470588235294118,-0.47058823529411764,0.29411764705882354,0.0,-0.5882352941176471,0.057971014492753624,-0.2222222222222222,-0.2898550724637681,-0.058823529411764705
6,0,1,0,1.3733286280045485,0.2222222222222222,1.4415387331344494,5,4,3,2,1,0,6,5,4,3,0,1,1,1,1,1,0,0,1,1,1,0,0,0,0,0,1,1,0,0,0,0,0,0,0,0,0,0,0,0,1.014699574999025,-0.2579103781830895,-0.319192623585929,-0.23855599595865384,-0.11743565963366559,0.33082154726022106,-0.4723079296513423,-0.7691658353157855,0.9117961239127117,-0.1408879750209428,0.14492753623188406,-0.8235294117647058,-0.6470588235294118,-0.47058823529411764,0.29411764705882354,0.0,-0.5797101449275363,0.05555555555555555,-0.2318840579710145,-0.29411764705882354
0,1,0,0,3.9063639571815076,-0.9444444444444444,2.601812709914157,6,5,4,3,2,1,0,6,5,4,0,0,1,1,1,1,1,0,0,1,1,1,0,0,0,0,0,1,1,0,0,0,0,0,0,0,0,0,0,0,1.3656178110500252,1.0085270866111142,-0.257205950720595,-0.3240460091707468,-0.23336424762346386,-0.11743565963366559,0.337627275532243,-0.46220550993784065,-0.7591942621699984,0.9176757291904653,0.2608695652173913,0.17647058823529413,-0.8235294117647058,-0.6470588235294118,-0.47058823529411764,0.29411764705882354,0.0,-0.5555555555555556,0.057971014492753624,-0.23529411764705882
1,1,0,0,0.7773203152570285,-0.3333333333333333,0.5752444107094584,0,6,5,4,3,2,1,0,6,5,1,0,0,1,1,1,1,1,0,0,0,1,1,0,0,0,0,0,1,1,0,0,0,0,0,0,0,0,0,0,3.88443092759387,1.3581570615542995,1.0057725089105842,-0.2618714541074065,-0.31837854548264927,-0.23336424762346386,-0.10976550447392792,0.3435653441792647,-0.45399053868457195,-0.7501332724088036,-0.9565217391304348,0.29411764705882354,0.17647058823529413,-0.8235294117647058,-0.6470588235294118,-0.47058823529411764,0.2898550724637681,0.0,-0.5797101449275363,0.058823529411764705
2,1,0,0,0.11073207073677609,-0.5555555555555556,-0.09023573682491139,1,0,6,5,4,3,2,1,0,6,1,1,0,0,1,1,1,1,1,0,0,0,1,1,0,0,0,0,0,1,0,0,0,0,0,0,0,0,0,0,0.7729559012750029,3.8677233261464945,1.3544475437780878,1.0049351053081526,-0.25654996522142354,-0.31837854548264927,-0.22547053378586868,-0.10152712761875542,0.34716923546467265,-0.4455106237148732,-0.3188405797101449,-0.9411764705882353,0.29411764705882354,0.17647058823529413,-0.8235294117647058,-0.6470588235294118,-0.463768115942029,0.2777777777777778,0.0,-0.5882352941176471
3,1,0,0,1.9222836529035798,0.1111111111111111,1.343138536220079,2,1,0,6,5,4,3,2,1,0,1,1,1,0,0,1,1,1,1,1,0,0,0,1,1,0,0,0,0,0,0,0,0,0,0,0,0,0,0,0,0.1101103442897805,0.7676708816502534,3.857159460715946,1.3546669775394418,1.003207357601051,-0.25654996522142354,-0.3103208886146252,-0.21663724963548475,-0.09537616358919579,0.3541238291066941,-0.5507246376811594,-0.29411764705882354,-0.9411764705882353,0.29411764705882354,0.17647058823529413,-0.8235294117647058,-0.6376811594202898,-0.4444444444444444,0.2898550724637681,0.0
4,1,0,0,1.443908559777281,-0.4444444444444444,1.166167739121685,3,2,1,0,6,5,4,3,2,1,1,1,1,1,0,0,1,1,1,1,0,0,0,0,1,1,0,0,0,0,0,0,0,0,0,0,0,0,0,0,1.9114906226849142,0.1072587067575705,0.7655741515574152,3.8649646382218075,1.3509931215704458,1.003207357601051,-0.24861153964825683,-0.3010513391144196,-0.20982755989623073,-0.08757901149950499,0.14492753623188406,-0.5294117647058824,-0.29411764705882354,-0.9411764705882353,0.29411764705882354,0.17647058823529413,-0.8115942028985508,-0.6111111111111112,-0.463768115942029,0.29411764705882354
5,0,1,0,0.44010508567619494,-0.5555555555555556,0.24785218973132775,4,3,2,1,0,6,5,4,3,2,1,1,1,1,1,0,0,1,1,1,0,0,0,0,0,1,1,0,0,0,0,0,0,0,0,0,0,0,0,0,1.4358014582602252,1.9020259114659206,0.10696575236324195,0.7640087044377089,3.847322049617435,1.3509931215704458,1.0087164455414992,-0.2396592740388306,-0.29375858385472303,-0.2018125047597289,-0.43478260869565216,0.17647058823529413,-0.5294117647058824,-0.29411764705882354,-0.9411764705882353,0.29411764705882354,0.17391304347826086,-0.7777777777777778,-0.6376811594202898,-0.47058823529411764
6,0,1,0,-0.0225855781672744,-0.1111111111111111,0.1018937236488502,5,4,3,2,1,0,6,5,4,3,0,1,1,1,1,1,0,0,1,1,1,0,0,0,0,0,1,1,0,0,0,0,0,0,0,0,0,0,0,0,0.43763403127071393,1.4280830565429365,1.8968309313497598,0.10340405688971792,0.7636216090888013,3.847322049617435,1.3558315334773214,1.0112040518762948,-0.23271783915763772,-0.28558373315055974,-0.5507246376811594,-0.4117647058823529,0.17647058823529413,-0.5294117647058824,-0.29411764705882354,-0.9411764705882353,0.2898550724637681,0.16666666666666666,-0.8115942028985508,-0.6470588235294118
0,1,0,0,0.11857428537819083,-0.6666666666666666,-0.0010205312250906424,6,5,4,3,2,1,0,6,5,4,0,0,1,1,1,1,1,0,0,1,1,1,0,0,0,0,0,1,1,0,0,0,0,0,0,0,0,0,0,0,-0.02245876710726397,0.43358001670454327,1.4241825507515884,1.8986943343436697,0.10669294381327772,0.7636216090888013,3.8473464979944456,1.3565344179264829,1.0109873340454754,-0.22465920341177367,-0.08695652173913043,-0.5294117647058824,-0.4117647058823529,0.17647058823529413,-0.5294117647058824,-0.29411764705882354,-0.927536231884058,0.2777777777777778,0.17391304347826086,-0.8235294117647058
1,1,0,0,-0.5636983884248911,-0.8888888888888888,-0.40842256848131475,0,6,5,4,3,2,1,0,6,5,1,0,0,1,1,1,1,1,0,0,0,1,1,0,0,0,0,0,1,1,0,0,0,0,0,0,0,0,0,0,0.11790852731313606,-0.02482372822096609,0.4323957849062452,1.4246133519856998,1.8919931988561711,0.10669294381327772,0.7695927182968217,3.8352390453533878,1.35434152296658,1.0166780900159926,-0.6666666666666666,-0.058823529411764705,-0.5294117647058824,-0.4117647058823529,0.17647058823529413,-0.5294117647058824,-0.2898550724637681,-0.8888888888888888,0.2898550724637681,0.17647058823529413
2,1,0,0,-0.2892208759753754,-0.3888888888888889,-0.0866273924417813,1,0,6,5,4,3,2,1,0,6,1,1,0,0,1,1,1,1,1,0,0,0,1,1,0,0,0,0,0,1,0,0,0,0,0,0,0,0,0,0,-0.5605333957187975,0.11502826175630795,-0.024755927475592694,0.4298204709722546,1.4205502743643248,1.8919931988561711,0.11393088552915752,0.7733097997083875,3.8188615901113994,1.3593785697966643,-0.8985507246376812,-0.6470588235294118,-0.058823529411764705,-0.5294117647058824,-0.4117647058823529,0.17647058823529413,-0.5217391304347826,-0.2777777777777778,-0.927536231884058,0.29411764705882354
3,1,0,0,-0.35195859310669325,-0.9444444444444444,-0.4717846668600622,2,1,0,6,5,4,3,2,1,0,1,1,1,0,0,1,1,1,1,1,0,0,0,1,1,0,0,0,0,0,0,0,0,0,0,0,0,0,0,0,-0.2875969899013529,-0.5609230231338499,0.1147140864714087,-0.028716872619880256,0.4312929901847129,1.4205502743643248,1.895788336933045,0.12101910828025464,0.7744544483442698,3.8192064580001523,-0.37681159420289856,-0.8823529411764706,-0.6470588235294118,-0.058823529411764705,-0.5294117647058824,-0.4117647058823529,0.17391304347826086,-0.5,-0.2898550724637681,-0.9411764705882353
4,1,0,0,-0.35980080774810796,-0.6666666666666666,-0.13729036447558773,3,2,1,0,6,5,4,3,2,1,1,1,1,1,0,0,1,1,1,1,0,0,0,0,1,1,0,0,0,0,0,0,0,0,0,0,0,0,0,0,-0.3499824540881974,-0.2889885981780393,-0.559390980939098,0.11117587627263546,-0.02469278924182698,0.4312929901847129,1.425254551064486,1.8937149873378865,0.12589653593773845,0.7805955372781966,-0.9565217391304348,-0.35294117647058826,-0.8823529411764706,-0.6470588235294118,-0.058823529411764705,-0.5294117647058824,-0.4057971014492754,0.16666666666666666,-0.5217391304347826,-0.29411764705882354
5,0,1,0,-0.4931184566521585,-0.16666666666666666,-0.39778847750220725,4,3,2,1,0,6,5,4,3,2,1,1,1,1,1,0,0,1,1,1,0,0,0,0,0,1,1,0,0,0,0,0,0,0,0,0,0,0,0,0,-0.35778063711155295,-0.35114503816793885,-0.288199287153262,-0.5649724100411905,0.11442151634593095,-0.02469278924182698,0.4379049676025916,1.4256004911365205,1.8884480390660765,0.13327240880359453,-0.6666666666666666,-0.9411764705882353,-0.35294117647058826,-0.8823529411764706,-0.6470588235294118,-0.058823529411764705,-0.5217391304347826,-0.3888888888888889,0.17391304347826086,-0.5294117647058824
6,0,1,0,-0.7989648276673331,-0.1111111111111111,-0.5839495231334956,5,4,3,2,1,0,6,5,4,3,0,1,1,1,1,1,0,0,1,1,1,0,0,0,0,0,1,1,0,0,0,0,0,0,0,0,0,0,0,0,-0.4903497485085974,-0.3589145931666763,-0.3501859600185959,-0.2929587316390766,-0.557964293994899,0.11442151634593095,-0.017201481024375333,0.4433274499270968,1.4230123607508012,1.8924682050110426,-0.14492753623188406,-0.6470588235294118,-0.9411764705882353,-0.35294117647058826,-0.8823529411764706,-0.6470588235294118,-0.057971014492753624,-0.5,-0.4057971014492754,0.17647058823529413
0,1,0,0,-0.4617495980864995,-0.6111111111111112,-0.36529024629331935,6,5,4,3,2,1,0,6,5,4,0,0,1,1,1,1,1,0,0,1,1,1,0,0,0,0,0,1,1,0,0,0,0,0,0,0,0,0,0,0,-0.7944788864194642,-0.4909970281452129,-0.3579342941267627,-0.35513328670241695,-0.2874642553520364,-0.557964293994899,0.12164455414995357,-0.009439030005371945,0.44636044559743626,1.4279186657527987,-0.08695652173913043,-0.11764705882352941,-0.6470588235294118,-0.9411764705882353,-0.35294117647058826,-0.8823529411764706,-0.6376811594202898,-0.05555555555555555,-0.5217391304347826,-0.4117647058823529
1,1,0,0,-0.7283848958946005,-0.5,-0.5623040831868584,0,6,5,4,3,2,1,0,6,5,1,0,0,1,1,1,1,1,0,0,0,1,1,0,0,0,0,0,1,1,0,0,0,0,0,0,0,0,0,0,-0.4591570164151752,-0.7940096730959734,-0.48965597396559735,-0.3629051060853345,-0.34929283561326213,-0.2874642553520364,-0.5494446158593027,0.12869311641470327,-0.0038150465435678313,0.4531261899322215,-0.6086956521739131,-0.058823529411764705,-0.11764705882352941,-0.6470588235294118,-0.9411764705882353,-0.35294117647058826,-0.8695652173913043,-0.6111111111111112,-0.057971014492753624,-0.5294117647058824
2,1,0,0,-0.4931184566521585,-0.3888888888888889,-0.30630278444363856,1,0,6,5,4,3,2,1,0,6,1,1,0,0,1,1,1,1,1,0,0,0,1,1,0,0,0,0,0,1,0,0,0,0,0,0,0,0,0,0,-0.7242952392092641,-0.4599188081502631,-0.7918410041841003,-0.49502603559493263,-0.3570214081459154,-0.34929283561326213,-0.279466214131441,-0.5389455912823269,0.1335266290248741,0.00380778310867413,-0.4927536231884058,-0.5882352941176471,-0.058823529411764705,-0.11764705882352941,-0.6470588235294118,-0.9411764705882353,-0.34782608695652173,-0.8333333333333334,-0.6376811594202898,-0.058823529411764705
3,1,0,0,0.16562757322667923,0.16666666666666666,0.41090902246966665,2,1,0,6,5,4,3,2,1,0,1,1,1,0,0,1,1,1,1,1,0,0,0,1,1,0,0,0,0,0,0,0,0,0,0,0,0,0,0,0,-0.4903497485085974,-0.7240836781073363,-0.45866263753293035,-0.7981269915287167,-0.4884071412010201,-0.3570214081459154,-0.34117556309780944,-0.2703553065766251,-0.5302914695559285,0.1408879750209428,-0.37681159420289856,-0.47058823529411764,-0.5882352941176471,-0.058823529411764705,-0.11764705882352941,-0.6470588235294118,-0.927536231884058,-0.3333333333333333,-0.8695652173913043,-0.6470588235294118
4,1,0,0,0.1813120025095087,-0.4444444444444444,0.16344544631838576,3,2,1,0,6,5,4,3,2,1,1,1,1,1,0,0,1,1,1,1,0,0,0,0,1,1,0,0,0,0,0,0,0,0,0,0,0,0,0,0,0.1646976254532694,-0.4909970281452129,-0.7221059972105996,-0.4639387580632625,-0.7898214699744955,-0.4884071412010201,-0.3488892317186055,-0.3317473716522141,-0.2632382115061804,-0.5216662858883558,0.2028985507246377,-0.35294117647058826,-0.47058823529411764,-0.5882352941176471,-0.058823529411764705,-0.11764705882352941,-0.6376811594202898,-0.8888888888888888,-0.34782608695652173,-0.8823529411764706
5,0,1,0,-0.17158765635415435,-0.5,-0.13773848976729763,4,3,2,1,0,6,5,4,3,2,1,1,1,1,1,0,0,1,1,1,0,0,0,0,0,1,1,0,0,0,0,0,0,0,0,0,0,0,0,0,0.18029399149998052,0.16164559174873264,-0.48965597396559735,-0.7281806170824588,-0.4574928510704072,-0.7898214699744955,-0.4800215982721383,-0.3394213797866627,-0.3242789562032657,-0.2551214682811667,-0.43478260869565216,0.23529411764705882,-0.35294117647058826,-0.47058823529411764,-0.5882352941176471,-0.058823529411764705,-0.11594202898550725,-0.6111111111111112,-0.927536231884058,-0.35294117647058826
6,0,1,0,2.4006587460298787,0.8333333333333334,2.427817708687648,5,4,3,2,1,0,6,5,4,3,0,1,1,1,1,1,0,0,1,1,1,0,0,0,0,0,1,1,0,0,0,0,0,0,0,0,0,0,0,0,-0.17062424455101957,0.1771847017462075,0.16120409112040915,-0.49502603559493263,-0.7202643171806166,-0.4574928510704072,-0.7808546744831842,-0.4698795180722893,-0.3319090492904013,-0.31604599801995276,-0.4927536231884058,-0.4117647058823529,0.23529411764705882,-0.35294117647058826,-0.47058823529411764,-0.5882352941176471,-0.057971014492753624,-0.1111111111111111,-0.6376811594202898,-0.9411764705882353
0,1,0,0,-0.20295651491981329,-0.2222222222222222,-0.2899254978559486,6,5,4,3,2,1,0,6,5,4,0,0,1,1,1,1,1,0,0,1,1,1,0,0,0,0,0,1,1,0,0,0,0,0,0,0,0,0,0,0,2.3871797871096034,-0.17244527319697758,0.17670075933674265,0.1578067925701407,-0.4884071412010201,-0.7202643171806166,-0.4491669237889541,-0.7691658353157855,-0.4616206317717076,-0.323661564237301,0.8985507246376812,-0.47058823529411764,-0.4117647058823529,0.23529411764705882,-0.35294117647058826,-0.47058823529411764,-0.5797101449275363,-0.05555555555555555,-0.11594202898550725,-0.6470588235294118
1,1,0,0,-0.6891738226875268,-0.5,-0.4800336630205054,0,6,5,4,3,2,1,0,6,5,1,0,0,1,1,1,1,1,0,0,0,1,1,0,0,0,0,0,1,1,0,0,0,0,0,0,0,0,0,0,-0.2018169766444418,2.375968766388905,-0.17197427553076083,0.17335043133597577,0.16079295154185025,-0.4884071412010201,-0.7114316568960198,-0.4391834855344948,-0.7591942621699984,-0.4531261899322215,-0.2028985507246377,0.9411764705882353,-0.47058823529411764,-0.4117647058823529,0.23529411764705882,-0.35294117647058826,-0.463768115942029,-0.5555555555555556,-0.057971014492753624,-0.11764705882352941
2,1,0,0,-0.35195859310669325,-0.4444444444444444,-0.2956571275841725,1,0,6,5,4,3,2,1,0,6,1,1,0,0,1,1,1,1,1,0,0,0,1,1,0,0,0,0,0,1,0,0,0,0,0,0,0,0,0,0,-0.6853043240924863,-0.20352349319192736,2.369479311947931,-0.17638144089531352,0.17625009660715668,0.16079295154185025,-0.4800215982721383,-0.700099762105748,-0.43110025942316493,-0.7501332724088036,-0.4927536231884058,-0.17647058823529413,0.9411764705882353,-0.47058823529411764,-0.4117647058823529,0.23529411764705882,-0.34782608695652173,-0.4444444444444444,-0.5797101449275363,-0.058823529411764705
3,1,0,0,0.8949535348782496,0.8333333333333334,0.689327310523805,2,1,0,6,5,4,3,2,1,0,1,1,1,0,0,1,1,1,1,1,0,0,0,1,1,0,0,0,0,0,0,0,0,0,0,0,0,0,0,0,-0.3499824540881974,-0.685235903113649,-0.2029676119634278,2.3727753167016394,-0.17153566736223813,0.17625009660715668,0.16792656587472987,-0.4698795180722893,-0.6905234243857775,-0.4226639250628284,-0.43478260869565216,-0.47058823529411764,-0.17647058823529413,0.9411764705882353,-0.47058823529411764,-0.4117647058823529,0.2318840579710145,-0.3333333333333333,-0.463768115942029,-0.5882352941176471
4,1,0,0,0.03230992432262874,0.0,0.011835470515258918,3,2,1,0,6,5,4,3,2,1,1,1,1,1,0,0,1,1,1,1,0,0,0,0,1,1,0,0,0,0,0,0,0,0,0,0,0,0,0,0,0.8899286466253362,-0.35114503816793885,-0.683364326669766,-0.20746871842698367,2.3634361233480172,-0.17153566736223813,0.18335390311632196,0.17473716522139499,-0.4616206317717076,-0.6815931764526693,0.8985507246376812,-0.4117647058823529,-0.47058823529411764,-0.17647058823529413,0.9411764705882353,-0.47058823529411764,-0.4057971014492754,0.2222222222222222,-0.34782608695652173,-0.47058823529411764
5,0,1,0,0.7067403834842959,0.4444444444444444,0.4267519653847921,4,3,2,1,0,6,5,4,3,2,1,1,1,1,1,0,0,1,1,1,0,0,0,0,0,1,1,0,0,0,0,0,0,0,0,0,0,0,0,0,0.03212851405622493,0.8842142066313152,-0.3501859600185959,-0.6893215201678712,-0.202449957492851,2.3634361233480172,-0.16376118481950028,0.19008518149029224,0.17930718754768807,-0.4531261899322215,0.028985507246376812,0.9411764705882353,-0.4117647058823529,-0.47058823529411764,-0.17647058823529413,0.9411764705882353,-0.463768115942029,-0.3888888888888889,0.2318840579710145,-0.35294117647058826
6,0,1,0,-0.10100772458142175,0.1111111111111111,0.1113434684792434,5,4,3,2,1,0,6,5,4,3,0,1,1,1,1,1,0,0,1,1,1,0,0,0,0,0,1,1,0,0,0,0,0,0,0,0,0,0,0,0,0.7027722540648028,0.02956315677019604,0.8817991631799164,-0.35513328670241695,-0.6816214545173506,-0.202449957492851,2.366322122801604,-0.15524518455989578,0.1945673737219594,0.18658137232503236,0.4927536231884058,0.058823529411764705,0.9411764705882353,-0.4117647058823529,-0.47058823529411764,-0.17647058823529413,0.927536231884058,-0.4444444444444444,-0.4057971014492754,0.23529411764705882
0,1,0,0,1.0517978277065443,0.3333333333333333,0.6825520178097735,6,5,4,3,2,1,0,6,5,4,0,0,1,1,1,1,1,0,0,1,1,1,0,0,0,0,0,1,1,0,0,0,0,0,0,0,0,0,0,0,-0.10044059734081955,0.6977448866616165,0.029482411281574514,0.880585995181472,-0.34929283561326213,-0.6816214545173506,-0.19461585930268446,2.3618294835392524,-0.14878681519914544,0.2018125047597289,0.14492753623188406,0.5294117647058824,0.058823529411764705,0.9411764705882353,-0.4117647058823529,-0.47058823529411764,-0.17391304347826086,0.8888888888888888,-0.463768115942029,-0.4117647058823529
1,1,0,0,-0.05395443673293334,-0.5,-0.2740821343633556,0,6,5,4,3,2,1,0,6,5,1,0,0,1,1,1,1,1,0,0,0,1,1,0,0,0,0,0,1,1,0,0,0,0,0,0,0,0,0,0,1.0458923070924473,-0.10251927820834056,0.6958391445839145,0.025685863060542522,0.8795501970785995,-0.34929283561326213,-0.6728633137920396,-0.18594121709769026,2.353883717381352,-0.1408879750209428,0.37681159420289856,0.17647058823529413,0.5294117647058824,0.058823529411764705,0.9411764705882353,-0.4117647058823529,-0.463768115942029,-0.16666666666666666,0.927536231884058,-0.47058823529411764
2,1,0,0,0.4793161588832686,-0.3333333333333333,0.3518357628165989,1,0,6,5,4,3,2,1,0,6,1,1,0,0,1,1,1,1,1,0,0,0,1,1,0,0,0,0,0,1,0,0,0,0,0,0,0,0,0,0,-0.0536514992006862,1.0396053066060642,-0.10223926855726014,0.694062329991451,0.02940721848674555,0.8795501970785995,-0.34117556309780944,-0.6617297214335048,-0.17930718754768807,2.3570177442692866,-0.4927536231884058,0.4117647058823529,0.17647058823529413,0.5294117647058824,0.058823529411764705,0.9411764705882353,-0.4057971014492754,-0.4444444444444444,-0.17391304347826086,0.9411764705882353
3,1,0,0,0.008783280398384538,-0.1111111111111111,0.10253594544184975,2,1,0,6,5,4,3,2,1,0,1,1,1,0,0,1,1,1,1,1,0,0,0,1,1,0,0,0,0,0,0,0,0,0,0,0,0,0,0,0,0.4766249463874917,-0.055901948215915875,1.0367658453432513,-0.10643506644905566,0.6940644562949223,0.02940721848674555,0.8852977476087625,-0.3317473716522141,-0.6523729589500992,-0.17135023989033585,-0.3188405797101449,-0.47058823529411764,0.4117647058823529,0.17647058823529413,0.5294117647058824,0.058823529411764705,0.927536231884058,-0.3888888888888889,-0.463768115942029,-0.17647058823529413
4,1,0,0,-0.5009606712935732,-0.8333333333333334,-0.3990266575667722,3,2,1,0,6,5,4,3,2,1,1,1,1,1,0,0,1,1,1,1,0,0,0,0,1,1,0,0,0,0,0,0,0,0,0,0,0,0,0,0,0.00873396498615826,0.4724277916982305,-0.05574926390825967,1.0360223828398227,-0.10197851456835916,0.6940644562949223,0.03679419932119702,0.8884199217251169,-0.3242789562032657,-0.6435153453659279,-0.08695652173913043,-0.29411764705882354,-0.47058823529411764,0.4117647058823529,0.17647058823529413,0.5294117647058824,0.057971014492753624,0.8888888888888888,-0.4057971014492754,-0.47058823529411764
5,0,1,0,0.4322628710347802,0.3333333333333333,0.6210568628096278,4,3,2,1,0,6,5,4,3,2,1,1,1,1,1,0,0,1,1,1,0,0,0,0,0,1,1,0,0,0,0,0,0,0,0,0,0,0,0,0,-0.49814793153195297,0.0062544917739836975,0.4711374554470789,-0.05980415015155042,1.034121647731664,-0.10197851456835916,0.7001697007096573,0.04427902693576841,0.8889058446513047,-0.31604599801995276,-0.8405797101449275,-0.058823529411764705,-0.29411764705882354,-0.47058823529411764,0.4117647058823529,0.17647058823529413,0.5217391304347826,0.05555555555555555,0.927536231884058,-0.4117647058823529
6,0,1,0,-0.4695918127279143,-0.2777777777777778,-0.2735242383526065,5,4,3,2,1,0,6,5,4,3,0,1,1,1,1,1,0,0,1,1,1,0,0,0,0,0,1,1,0,0,0,0,0,0,0,0,0,0,0,0,0.4298358482473584,-0.49876658314395034,0.006237408957074282,0.4686795678868423,-0.055607079372439853,1.034121647731664,-0.09433816723233583,0.70424372649835,0.04959560506638181,0.8948290305384206,0.37681159420289856,-0.8235294117647058,-0.058823529411764705,-0.29411764705882354,-0.47058823529411764,0.4117647058823529,0.17391304347826086,0.5,0.057971014492753624,0.9411764705882353
0,1,0,0,-0.2656942320511312,0.2222222222222222,-0.01974548123683001,6,5,4,3,2,1,0,6,5,4,0,0,1,1,1,1,1,0,0,1,1,1,0,0,0,0,0,1,1,0,0,0,0,0,0,0,0,0,0,0,-0.46695519943853075,0.42581046170580583,-0.49740430807376407,0.0023704049117899027,0.46993585284797895,-0.055607079372439853,1.0395711200246835,-0.08617911134985817,0.7057836105600488,0.057116746630111945,-0.2608695652173913,0.4117647058823529,-0.8235294117647058,-0.058823529411764705,-0.29411764705882354,-0.47058823529411764,0.4057971014492754,0.16666666666666666,0.5217391304347826,0.058823529411764705
1,1,0,0,-0.59506724699055,-1.1111111111111112,-0.5923802087599347,0,6,5,4,3,2,1,0,6,5,1,0,0,1,1,1,1,1,0,0,0,1,1,0,0,0,0,0,1,1,0,0,0,0,0,0,0,0,0,0,-0.26420244083128624,-0.46768836314900053,0.4246474507980785,-0.5027978549778502,0.0062215008887858934,0.46993585284797895,-0.04805615550755953,1.0419000844140893,-0.08011597741492446,0.7120554413220623,0.2608695652173913,-0.23529411764705882,0.4117647058823529,-0.8235294117647058,-0.058823529411764705,-0.29411764705882354,-0.463768115942029,0.3888888888888889,0.17391304347826086,0.5294117647058824
2,1,0,0,-0.5558561737834764,-0.5,-0.3997025255571784,1,0,6,5,4,3,2,1,0,6,1,1,0,0,1,1,1,1,1,0,0,0,1,1,0,0,0,0,0,1,0,0,0,0,0,0,0,0,0,0,-0.5917261278122197,-0.2656799331818269,-0.4664109716410971,0.4220486515893371,-0.49613571373367327,0.0062215008887858934,0.47647331070657184,-0.040135062543166435,1.041507706394018,-0.07234787906480847,-1.1304347826086956,0.29411764705882354,-0.23529411764705882,0.4117647058823529,-0.8235294117647058,-0.058823529411764705,-0.2898550724637681,-0.4444444444444444,0.4057971014492754,0.17647058823529413
3,1,0,0,-0.7675959691016742,-0.9444444444444444,-0.6606456095445009,2,1,0,6,5,4,3,2,1,0,1,1,1,0,0,1,1,1,1,1,0,0,0,1,1,0,0,0,0,0,0,0,0,0,0,0,0,0,0,0,-0.5527352126954419,-0.5920012431287996,-0.26495428482876177,-0.47171057744618006,0.42356441765205965,-0.49613571373367327,0.013653193458808867,0.48169749059933986,-0.03433541889211048,1.0471403548853857,-0.4927536231884058,-1.1176470588235294,0.29411764705882354,-0.23529411764705882,0.4117647058823529,-0.8235294117647058,-0.057971014492753624,-0.2777777777777778,-0.463768115942029,0.4117647058823529
4,1,0,0,-0.3127475198996196,0.0,-0.20910733168516032,3,2,1,0,6,5,4,3,2,1,1,1,1,1,0,0,1,1,1,1,0,0,0,0,1,1,0,0,0,0,0,0,0,0,0,0,0,0,0,0,-0.763286154326042,-0.5531534681351125,-0.590384317371765,-0.269643273490324,-0.4652214236030604,0.42356441765205965,-0.48773526689293434,0.021257002532422544,0.4845109110331146,-0.02665448176071891,-0.9565217391304348,-0.47058823529411764,-1.1176470588235294,0.29411764705882354,-0.23529411764705882,0.4117647058823529,-0.8115942028985508,-0.05555555555555555,-0.2898550724637681,-0.47058823529411764
5,0,1,0,0.6988981688428811,0.7777777777777778,0.6779357595255802,4,3,2,1,0,6,5,4,3,2,1,1,1,1,1,0,0,1,1,1,0,0,0,0,0,1,1,0,0,0,0,0,0,0,0,0,0,0,0,0,-0.31099153897141957,-0.7629314531010235,-0.5516426468309313,-0.5960596875728607,-0.2642785377540767,-0.4652214236030604,0.43019129898179553,-0.4775535262067379,0.02670532580497482,0.49120402101896277,0.028985507246376812,-0.9411764705882353,-0.47058823529411764,-1.1176470588235294,0.29411764705882354,-0.23529411764705882,0.4057971014492754,-0.7777777777777778,-0.057971014492753624,-0.29411764705882354
6,0,1,0,0.42442065639336546,0.2777777777777778,0.44775560411589727,5,4,3,2,1,0,6,5,4,3,0,1,1,1,1,1,0,0,1,1,1,0,0,0,0,0,1,1,0,0,0,0,0,0,0,0,0,0,0,0,0.6949740710414473,-0.3122972631742516,-0.7608476677514334,-0.557200590658273,-0.5888785841255119,-0.2642785377540767,-0.45688059240975015,0.43565344179264814,-0.4692507248588433,0.03427004797806717,0.8405797101449275,0.058823529411764705,-0.9411764705882353,-0.47058823529411764,-1.1176470588235294,0.29411764705882354,-0.2318840579710145,0.3888888888888889,-0.8115942028985508,-0.058823529411764705
0,1,0,0,-0.08532329529859228,-0.5555555555555556,-0.044508451661927635,6,5,4,3,2,1,0,6,5,4,0,0,1,1,1,1,1,0,0,1,1,1,0,0,0,0,0,1,1,0,0,0,0,0,0,0,0,0,0,0,0.4220376652240028,0.689975331662879,-0.3114442894777622,-0.7670397139970465,-0.5502357214622458,-0.5888785841255119,-0.25632520826905286,-0.4468574936689434,0.4387303525103006,-0.4607417561495697,0.3188405797101449,0.8823529411764706,0.058823529411764705,-0.9411764705882353,-0.47058823529411764,-1.1176470588235294,0.2898550724637681,-0.2222222222222222,0.4057971014492754,-0.8235294117647058
1,1,0,0,1.6085950672469904,0.2222222222222222,1.5902097135941047,0,6,5,4,3,2,1,0,6,5,1,0,0,1,1,1,1,1,0,0,0,1,1,0,0,0,0,0,1,1,0,0,0,0,0,0,0,0,0,0,-0.08484423129410842,0.4180409067070684,0.6880908104757477,-0.31627418978782923,-0.7589071798438827,-0.5502357214622458,-0.580299290342487,-0.24733328217327924,-0.4387303525103006,0.4455106237148732,-0.5507246376811594,0.35294117647058826,0.8823529411764706,0.058823529411764705,-0.9411764705882353,-0.47058823529411764,-1.1014492753623188,0.2777777777777778,-0.2318840579710145,0.4117647058823529
2,1,0,0,-0.014743363525859665,-0.2222222222222222,-0.038756213637792164,1,0,6,5,4,3,2,1,0,6,1,1,0,0,1,1,1,1,1,0,0,0,1,1,0,0,0,0,0,1,0,0,0,0,0,0,0,0,0,0,1.599563301750692,-0.08698016821086567,0.4168991166899117,0.6862905106085334,-0.310649972949996,-0.7589071798438827,-0.5417309472385067,-0.5696416238201214,-0.24034793224477338,-0.4302794912801767,0.2608695652173913,-0.5294117647058824,0.35294117647058826,0.8823529411764706,0.058823529411764705,-0.9411764705882353,-0.463768115942029,-1.0555555555555556,0.2898550724637681,-0.23529411764705882
3,1,0,0,-0.6185938909147942,0.0,-0.4227711996541171,2,1,0,6,5,4,3,2,1,0,1,1,1,0,0,1,1,1,1,1,0,0,0,1,1,0,0,0,0,0,0,0,0,0,0,0,0,0,0,0,-0.014660584083908412,1.5912437115164229,-0.08674260034092665,0.41427683220641953,0.6863358837622691,-0.310649972949996,-0.75,-0.5312715831478783,-0.5608118419044712,-0.2322747696291219,-0.2028985507246377,0.29411764705882354,-0.5294117647058824,0.35294117647058826,0.8823529411764706,0.058823529411764705,-0.927536231884058,-0.4444444444444444,-1.1014492753623188,0.29411764705882354
4,1,0,0,-0.09316550994000701,0.7222222222222222,0.219136842554617,3,2,1,0,6,5,4,3,2,1,1,1,1,1,0,0,1,1,1,1,0,0,0,0,1,1,0,0,0,0,0,0,0,0,0,0,0,0,0,0,-0.6151206768822863,-0.017054173222228644,1.58689756702309,-0.09089142768322057,0.41583584511940647,0.6863358837622691,-0.30260721999382917,-0.7384698027779911,-0.522661376468793,-0.5521285507577488,0.028985507246376812,-0.17647058823529413,0.29411764705882354,-0.5294117647058824,0.35294117647058826,0.8823529411764706,0.057971014492753624,-0.8888888888888888,-0.463768115942029,-1.1176470588235294
5,0,1,0,-0.08532329529859228,-0.2777777777777778,-0.0025775090100836604,4,3,2,1,0,6,5,4,3,2,1,1,1,1,1,0,0,1,1,1,0,0,0,0,0,1,1,0,0,0,0,0,0,0,0,0,0,0,0,0,-0.09264241431746399,-0.6153099081250121,-0.01700759336742595,1.587821559026968,-0.08652136950305273,0.41583584511940647,0.6924560320888612,-0.293377330979971,-0.7286738898214558,-0.5140507196710076,0.782608695652174,0.058823529411764705,-0.17647058823529413,0.29411764705882354,-0.5294117647058824,0.35294117647058826,0.8695652173913043,0.05555555555555555,-0.927536231884058,-0.47058823529411764
6,0,1,0,0.30678743677214443,0.1111111111111111,0.40347426428646455,5,4,3,2,1,0,6,5,4,3,0,1,1,1,1,1,0,0,1,1,1,0,0,0,0,0,1,1,0,0,0,0,0,0,0,0,0,0,0,0,-0.08484423129410842,-0.0947497232096031,-0.6136293196962652,-0.02094505323696272,1.5828502975500425,-0.08652136950305273,0.4224776303609995,0.6965697183639014,-0.28612849076758734,-0.7196710075394105,-0.2608695652173913,0.8235294117647058,0.058823529411764705,-0.17647058823529413,0.29411764705882354,-0.5294117647058824,0.34782608695652173,0.8333333333333334,0.057971014492753624,-0.9411764705882353
0,0,0,1,1.2635376230247422,0.7222222222222222,1.8177976397823385,6,5,4,3,2,1,0,6,5,4,0,0,1,1,1,1,1,0,0,1,1,1,0,0,0,0,0,1,1,0,0,0,0,0,0,0,0,0,0,0,0.30506491987366946,-0.08698016821086567,-0.09449093444909339,-0.6193751457216133,-0.016964216709173762,1.5828502975500425,-0.07891082999074372,0.4279794336581995,0.6981535174729132,-0.27796816693321147,0.14492753623188406,-0.23529411764705882,0.8235294117647058,0.058823529411764705,-0.17647058823529413,0.29411764705882354,-0.5217391304347826,0.3333333333333333,0.8695652173913043,0.058823529411764705
1,1,0,0,0.2048386464337529,0.16666666666666666,0.41251646955076965,0,6,5,4,3,2,1,0,6,5,0,0,0,1,1,1,1,1,0,0,0,1,1,0,0,0,0,0,1,1,1,0,0,0,0,0,0,0,0,0,1.2564432487230475,0.30149758172600666,-0.08674260034092665,-0.09866324706613812,-0.6120643017234716,-0.016964216709173762,1.587241592101203,-0.07083109508096093,0.43110025942316493,0.7044398751047141,0.782608695652174,0.17647058823529413,-0.23529411764705882,0.8235294117647058,0.058823529411764705,-0.17647058823529413,0.2898550724637681,-0.5,0.34782608695652173,0.8823529411764706
2,1,0,0,0.6910559542014665,0.5555555555555556,0.6689900767900855,1,0,6,5,4,3,2,1,0,6,1,0,0,0,1,1,1,1,1,0,0,0,1,1,0,0,0,0,0,1,0,1,0,0,0,0,0,0,0,0,0.2036885405700472,1.2493832915719751,0.30067410506741055,-0.09089142768322057,-0.09424994203570594,-0.6120643017234716,-0.009487812403579281,1.5867546619599415,-0.06485579124065313,0.43789505749752494,0.2028985507246377,0.8235294117647058,0.17647058823529413,-0.23529411764705882,0.8235294117647058,0.058823529411764705,-0.17391304347826086,0.2777777777777778,-0.5217391304347826,0.35294117647058826
3,1,0,0,-0.33627416382386377,0.05555555555555555,-0.03582541955493861,2,1,0,6,5,4,3,2,1,0,1,1,0,0,0,1,1,1,1,1,0,0,0,1,1,0,0,0,0,0,0,0,1,0,0,0,0,0,0,0,0.6871758880180917,0.20049336674241985,1.2459708662637534,0.2976995414626564,-0.08652136950305273,-0.09424994203570594,-0.6034402962048752,-0.0017650218709233227,1.5832443155806502,-0.057116746630111945,0.6086956521739131,0.23529411764705882,0.8235294117647058,0.17647058823529413,-0.23529411764705882,0.8235294117647058,0.057971014492753624,-0.16666666666666666,0.2898550724637681,-0.5294117647058824
4,1,0,0,0.10288985609536136,0.2222222222222222,-0.09920665420846111,3,2,1,0,6,5,4,3,2,1,1,1,1,0,0,0,1,1,1,1,0,0,0,0,1,1,0,0,0,0,0,0,0,1,0,0,0,0,0,0,-0.3343860880414863,0.6822057766641415,0.1999457616612429,1.2458615061785963,0.2999072571296082,-0.08652136950305273,-0.08662449861153979,-0.5926636482234673,0.0038150465435678313,1.587845556317112,0.08695652173913043,0.6470588235294118,0.23529411764705882,0.8235294117647058,0.17647058823529413,-0.23529411764705882,0.8115942028985508,0.05555555555555555,-0.17391304347826086,0.29411764705882354
5,0,1,0,-0.10100772458142175,0.4444444444444444,0.045486294274058585,4,3,2,1,0,6,5,4,3,2,1,1,1,1,0,0,0,1,1,1,0,0,0,0,0,1,1,0,0,0,0,0,0,0,1,0,0,0,0,0,0.10231216126642495,-0.335605928170464,0.680342476367581,0.1966658894847284,1.2427931061133008,0.2999072571296082,-0.07891082999074372,-0.07850510321540954,-0.5837021211658782,0.011423349326022389,0.2608695652173913,0.11764705882352941,0.6470588235294118,0.23529411764705882,0.8235294117647058,0.17647058823529413,-0.2318840579710145,0.7777777777777778,0.057971014492753624,-0.17647058823529413
6,0,1,0,0.24404971964082658,0.2777777777777778,0.46939999261886545,5,4,3,2,1,0,6,5,4,3,0,1,1,1,1,0,0,0,1,1,1,0,0,0,0,0,1,1,0,0,0,0,0,0,0,1,0,0,0,0,-0.10044059734081955,0.09948915175883306,-0.3346892918022625,0.6785186912256159,0.19943581420511636,1.2427931061133008,0.30677260104905874,-0.07083109508096093,-0.0724858843277888,-0.5749752494097936,0.4927536231884058,0.29411764705882354,0.11764705882352941,0.6470588235294118,0.23529411764705882,0.8235294117647058,0.17391304347826086,-0.2222222222222222,0.8115942028985508,0.058823529411764705
0,1,0,0,-0.477434027369329,0.3888888888888889,-0.3244843483672604,6,5,4,3,2,1,0,6,5,4,0,0,1,1,1,1,0,0,0,1,1,1,0,0,0,0,0,1,1,0,0,0,0,0,0,0,1,0,0,0,0.24267945568682497,-0.10251927820834056,0.09921741825507521,-0.33958964793658186,0.6786073112296158,0.19943581420511636,1.2478401727861768,0.3128693116414702,-0.06485579124065313,-0.06473231284746021,0.3188405797101449,0.5294117647058824,0.29411764705882354,0.11764705882352941,0.6470588235294118,0.23529411764705882,0.8115942028985508,0.16666666666666666,-0.2318840579710145,0.8235294117647058
1,1,0,0,-0.030427792808689135,0.05555555555555555,-0.04497949842562082,0,6,5,4,3,2,1,0,6,5,1,0,0,1,1,1,1,0,0,0,0,1,1,0,0,0,0,0,1,1,0,0,0,0,0,0,0,1,0,0,-0.4747533824618863,0.2393411417361071,-0.10223926855726014,0.09563223750680039,-0.3338356905479557,0.6786073112296158,0.20649490897871012,1.249098304044202,0.31664886311613,-0.057116746630111945,0.43478260869565216,0.35294117647058826,0.5294117647058824,0.29411764705882354,0.11764705882352941,0.6470588235294118,0.2318840579710145,0.7777777777777778,0.17391304347826086,-0.23529411764705882
2,1,0,0,0.5342116613731718,-0.16666666666666666,0.32249102145964986,1,0,6,5,4,3,2,1,0,6,1,1,0,0,1,1,1,1,0,0,0,0,1,1,0,0,0,0,0,1,0,0,0,0,0,0,0,0,1,0,-0.030256950130619527,-0.475457918147738,0.2386874322020766,-0.10643506644905566,0.0989643712806245,-0.3338356905479557,0.6847423634680652,0.2131072058936381,1.2475202197466808,0.323661564237301,0.08695652173913043,0.47058823529411764,0.35294117647058826,0.5294117647058824,0.29411764705882354,0.11764705882352941,0.6376811594202898,0.2222222222222222,0.8115942028985508,0.17647058823529413
3,1,0,0,-0.8695447594400657,-1.1666666666666667,-0.7620615571901767,2,1,0,6,5,4,3,2,1,0,1,1,1,0,0,1,1,1,1,0,0,0,0,1,1,0,0,0,0,0,0,0,0,0,0,0,0,0,0,1,0.5312122275509806,-0.032593283219703534,-0.47415930574926385,0.2355249863993161,-0.10197851456835916,0.0989643712806245,-0.3257482258562173,0.6888957102294527,0.2174576529833664,1.2527606427537887,-0.14492753623188406,0.11764705882352941,0.47058823529411764,0.35294117647058826,0.5294117647058824,0.29411764705882354,0.11594202898550725,0.6111111111111112,0.2318840579710145,0.8235294117647058
4,1,0,0,-0.5793828177077206,-0.4444444444444444,-0.4173541618716454,3,2,1,0,6,5,4,3,2,1,1,1,1,1,0,0,1,1,1,1,0,0,0,0,1,1,0,0,0,0,0,0,0,0,0,0,0,0,0,0,-0.8646625336296642,0.5268146766893926,-0.032504261583759436,-0.4794823968290976,0.23807867686838244,-0.10197851456835916,0.10621721690836146,-0.3163993553833168,0.6905234243857775,0.22465920341177367,-1.1884057971014492,-0.11764705882352941,0.11764705882352941,0.47058823529411764,0.35294117647058826,0.5294117647058824,0.2898550724637681,0.1111111111111111,0.6376811594202898,0.23529411764705882
5,0,1,0,-0.4303807395208406,-0.05555555555555555,-0.36608135250984336,4,3,2,1,0,6,5,4,3,2,1,1,1,1,1,0,0,1,1,1,0,0,0,0,0,1,1,0,0,0,0,0,0,0,0,0,0,0,0,0,-0.5761297617655086,-0.8639356680846103,0.5253757942042462,-0.0364886920027978,-0.47294999613571365,0.23807867686838244,-0.09433816723233583,0.11334510014580601,-0.30901877002899436,0.6968243088873658,-0.43478260869565216,-1.1764705882352942,-0.11764705882352941,0.11764705882352941,0.47058823529411764,0.35294117647058826,0.5217391304347826,0.2777777777777778,0.11594202898550725,0.6470588235294118
6,0,1,0,-0.33627416382386377,0.0,-0.209225724242285,5,4,3,2,1,0,6,5,4,3,0,1,1,1,1,1,0,0,1,1,1,0,0,0,0,0,1,1,0,0,0,0,0,0,0,0,0,0,0,0,-0.42796428432175293,-0.5764621331313248,-0.8615760111576011,0.523082303567265,-0.0324213617744802,-0.47294999613571365,0.24506325208269036,-0.08617911134985817,0.11826644285060278,-0.3008148655852563,-0.028985507246376812,-0.4117647058823529,-1.1764705882352942,-0.11764705882352941,0.11764705882352941,0.47058823529411764,0.34782608695652173,0.5,0.2898550724637681,0.11764705882352941
0,1,0,0,2.6751362584793945,0.2222222222222222,2.4290735530058516,6,5,4,3,2,1,0,6,5,4,0,0,1,1,1,1,1,0,0,1,1,1,0,0,0,0,0,1,1,0,0,0,0,0,0,0,0,0,0,0,-0.3343860880414863,-0.42884058815531334,-0.5748876491554316,-0.8680733659749745,0.5240358605765515,-0.0324213617744802,-0.46459426103054624,0.2514772465658812,-0.08011597741492446,0.1256568425862463,0.028985507246376812,0.0,-0.4117647058823529,-1.1764705882352942,-0.11764705882352941,0.11764705882352941,0.463768115942029,0.3333333333333333,0.5217391304347826,0.29411764705882354
1,1,0,0,1.2007999058934242,0.2222222222222222,1.0660534787381792,0,6,5,4,3,2,1,0,6,5,1,0,0,1,1,1,1,1,0,0,0,1,1,0,0,0,0,0,1,1,0,0,0,0,0,0,0,0,0,0,2.6601161929270476,-0.335605928170464,-0.4276693011002634,-0.5805160488070256,-0.8593786227683745,0.5240358605765515,-0.024915149645171383,-0.454531501803392,0.2556081184190447,-0.07234787906480847,0.2608695652173913,0.058823529411764705,0.0,-0.4117647058823529,-1.1764705882352942,-0.11764705882352941,0.11594202898550725,0.4444444444444444,0.34782608695652173,0.5294117647058824
2,1,0,0,0.9263223934439085,0.3333333333333333,0.9199696805703619,1,0,6,5,4,3,2,1,0,6,1,1,0,0,1,1,1,1,1,0,0,0,1,1,0,0,0,0,0,1,0,0,0,0,0,0,0,0,0,0,1.194057784536203,2.6479031913447155,-0.3346892918022625,-0.43285148053159234,-0.5734214390602055,-0.8593786227683745,0.5304689910521442,-0.01711303813982057,-0.44636044559743626,0.262737034498515,0.2608695652173913,0.29411764705882354,0.058823529411764705,0.0,-0.4117647058823529,-1.1764705882352942,-0.11594202898550725,0.1111111111111111,0.463768115942029,0.35294117647058826
3,1,0,0,1.6634905697368936,0.2777777777777778,0.9439257731239011,2,1,0,6,5,4,3,2,1,0,1,1,1,0,0,1,1,1,1,1,0,0,0,1,1,0,0,0,0,0,0,0,0,0,0,0,0,0,0,0,0.9211213787187584,1.1872268515820756,2.6406710057337675,-0.33958964793658186,-0.4265785609397943,-0.5734214390602055,-0.8502776920703488,0.5354155475404803,-0.011445139630703495,-0.43789505749752494,0.37681159420289856,0.29411764705882354,0.29411764705882354,0.058823529411764705,0.0,-0.4117647058823529,-1.1594202898550725,-0.1111111111111111,0.11594202898550725,0.47058823529411764
4,1,0,0,0.040152138964043474,0.1111111111111111,0.05704313221704363,3,2,1,0,6,5,4,3,2,1,1,1,1,1,0,0,1,1,1,1,0,0,0,0,1,1,0,0,0,0,0,0,0,0,0,0,0,0,0,0,1.654150582914181,0.915292426626265,1.1839841933984194,2.6447889951037533,-0.3338356905479557,-0.4265785609397943,-0.5648719531008949,-0.8382319085258232,0.5379215626430642,-0.00380778310867413,0.3188405797101449,0.4117647058823529,0.29411764705882354,0.29411764705882354,0.058823529411764705,0.0,-0.4057971014492754,-1.1111111111111112,-0.11594202898550725,0.11764705882352941
5,0,1,0,-0.14021879778849541,0.7777777777777778,-0.004684812411409299,4,3,2,1,0,6,5,4,3,2,1,1,1,1,1,0,0,1,1,1,0,0,0,0,0,1,1,0,0,0,0,0,0,0,0,0,0,0,0,0,0.03992669707958049,1.645630596507585,0.9127924996125834,1.183686951115256,2.63393616199088,-0.3338356905479557,-0.41831224930576993,-0.5542936075512241,-0.8278650999542194,0.5445129845404005,0.14492753623188406,0.35294117647058826,0.4117647058823529,0.29411764705882354,0.29411764705882354,0.058823529411764705,0.0,-0.3888888888888889,-1.1594202898550725,-0.11764705882352941
6,0,1,0,-0.861702544798651,-0.5,-0.5605553220766475,5,4,3,2,1,0,6,5,4,3,0,1,1,1,1,1,0,0,1,1,1,0,0,0,0,0,1,1,0,0,0,0,0,0,0,0,0,0,0,0,-0.13943151245759733,0.037332711768933484,1.6411359057802573,0.9116732727131421,1.1809645258520751,2.63393616199088,-0.3257482258562173,-0.4084874529967003,-0.5455516557301999,-0.8186733683649379,0.8405797101449275,0.17647058823529413,0.35294117647058826,0.4117647058823529,0.29411764705882354,0.29411764705882354,0.057971014492753624,0.0,-0.4057971014492754,-1.1764705882352942
0,1,0,0,0.4714739442418539,0.5555555555555556,0.5328697588293142,6,5,4,3,2,1,0,6,5,4,0,0,1,1,1,1,1,0,0,1,1,1,0,0,0,0,0,1,1,0,0,0,0,0,0,0,0,0,0,0,-0.8568643506063086,-0.14136705320202778,0.037230745389741256,1.6422242947073908,0.9104644872092124,1.1809645258520751,2.636300524529466,-0.3163993553833168,-0.4005798870746223,-0.5368974183230523,-0.4927536231884058,0.8823529411764706,0.17647058823529413,0.35294117647058826,0.4117647058823529,0.29411764705882354,0.2898550724637681,0.05555555555555555,0.0,-0.4117647058823529
1,1,0,0,-0.33627416382386377,0.1111111111111111,0.019125970627079953,0,6,5,4,3,2,1,0,6,5,1,0,0,1,1,1,1,1,0,0,0,1,1,0,0,0,0,0,1,1,0,0,0,0,0,0,0,0,0,0,0.46882676336413615,-0.8561661130858729,-0.14098093909809387,0.03345768244346006,1.636950305278615,0.9104644872092124,1.1861308238198085,2.630419768244954,-0.30901877002899436,-0.3922016601934354,0.6086956521739131,-0.47058823529411764,0.8823529411764706,0.17647058823529413,0.35294117647058826,0.4117647058823529,0.2898550724637681,0.2777777777777778,0.057971014492753624,0.0
2,1,0,0,-0.7283848958946005,-0.4444444444444444,-0.5742533199070986,1,0,6,5,4,3,2,1,0,6,1,1,0,0,1,1,1,1,1,0,0,0,1,1,0,0,0,0,0,1,0,0,0,0,0,0,0,0,0,0,-0.3343860880414863,0.4646582366994931,-0.8538276770494343,-0.14529416336364337,0.03713579101939877,1.636950305278615,0.9161524220919467,1.187706238968613,2.6209369754311003,-0.3008148655852563,0.14492753623188406,0.6470588235294118,-0.47058823529411764,0.8823529411764706,0.17647058823529413,0.35294117647058826,0.4057971014492754,0.2777777777777778,0.2898550724637681,0.058823529411764705
3,0,0,1,-0.6029094616319648,0.0,-0.35531793395945405,2,1,0,6,5,4,3,2,1,0,1,1,1,0,0,1,1,1,1,1,0,0,0,1,1,0,0,0,0,0,0,0,0,0,0,0,0,0,0,0,-0.7242952392092641,-0.335605928170464,0.4633891213389122,-0.860301546592057,-0.14062137723162524,0.03713579101939877,1.6412372724467754,0.9191159542629114,1.1864794750495955,2.6235625618764753,-0.43478260869565216,0.17647058823529413,0.6470588235294118,-0.47058823529411764,0.8823529411764706,0.17647058823529413,0.34782608695652173,0.3888888888888889,0.2898550724637681,0.29411764705882354
4,0,0,1,0.36952515390346236,-0.16666666666666666,0.4979061025054536,3,2,1,0,6,5,4,3,2,1,0,1,1,1,0,0,1,1,1,1,0,0,0,0,1,1,0,0,0,0,1,0,0,0,0,0,0,0,0,0,-0.5995243108355752,-0.7240836781073363,-0.3346892918022625,0.46090774850392474,-0.8516500502357213,-0.14062137723162524,0.044507867941993066,1.640472718901082,0.9194262169998474,1.1918361130150026,0.028985507246376812,-0.4117647058823529,0.17647058823529413,0.6470588235294118,-0.47058823529411764,0.8823529411764706,0.17391304347826086,0.3333333333333333,0.4057971014492754,0.29411764705882354
5,0,1,0,-0.1559032270713249,0.2222222222222222,0.026090312912790212,4,3,2,1,0,6,5,4,3,2,0,0,1,1,1,0,0,1,1,1,0,0,0,0,0,1,1,0,0,0,1,1,0,0,0,0,0,0,0,0,0.3674503840605139,-0.5997707981275372,-0.7221059972105996,-0.33958964793658186,0.46220728031532576,-0.8516500502357213,-0.13290651033631606,0.051953035070217035,1.6366549671905997,0.9252912954078135,-0.14492753623188406,0.058823529411764705,-0.4117647058823529,0.17647058823529413,0.6470588235294118,-0.47058823529411764,0.8695652173913043,0.16666666666666666,0.34782608695652173,0.4117647058823529
6,0,1,0,-0.8930714033643099,-0.8333333333333334,-0.5590263126932488,5,4,3,2,1,0,6,5,4,3,0,0,0,1,1,1,0,0,1,1,1,0,0,0,0,0,1,1,0,0,0,1,1,0,0,0,0,0,0,0,-0.15502787850430844,0.3636540217159063,-0.5981326514799318,-0.7281806170824588,-0.3338356905479557,0.46220728031532576,-0.8425640234495526,-0.12454915202210128,0.057225698153517475,1.64115451983855,0.2608695652173913,-0.11764705882352941,0.058823529411764705,-0.4117647058823529,0.17647058823529413,0.6470588235294118,-0.463768115942029,0.8333333333333334,0.17391304347826086,0.35294117647058826
0,1,0,0,0.0009410657569698038,-0.05555555555555555,0.022000617618011146,6,5,4,3,2,1,0,6,5,4,0,0,0,0,1,1,1,0,0,1,1,1,0,0,0,0,0,1,1,0,0,0,1,1,0,0,0,0,0,0,-0.8880570826997308,-0.15690616319950268,0.3626607779327445,-0.6038315069557783,-0.7202643171806166,-0.3338356905479557,0.4687596420857758,-0.8305579003913746,-0.11826644285060278,0.06473231284746021,-0.8405797101449275,0.29411764705882354,-0.11764705882352941,0.058823529411764705,-0.4117647058823529,0.17647058823529413,0.6376811594202898,-0.4444444444444444,0.8695652173913043,0.17647058823529413
1,1,0,0,-0.18727208563698383,-0.3888888888888889,-0.06423542749018399,0,6,5,4,3,2,1,0,6,5,1,0,0,0,0,1,1,1,0,0,0,1,1,0,0,0,0,0,1,1,0,0,0,1,1,0,0,0,0,0,0.0009357819628027024,-0.8872443330808226,-0.15647760731442734,0.3598740965259967,-0.5966071566581651,-0.7202643171806166,-0.3257482258562173,0.4740234824648913,-0.8202350068670837,-0.11042571015154977,-0.028985507246376812,-0.8235294117647058,0.29411764705882354,-0.11764705882352941,0.058823529411764705,-0.4117647058823529,0.17391304347826086,0.6111111111111112,-0.463768115942029,0.8823529411764706
2,1,0,0,1.6085950672469904,0.3888888888888889,1.3121840346059552,1,0,6,5,4,3,2,1,0,6,1,1,0,0,0,0,1,1,1,0,0,0,1,1,0,0,0,0,0,1,0,0,0,0,1,1,0,0,0,0,-0.18622061059773068,-0.0015150632247537491,-0.8848210134821013,-0.16083780212947843,0.3617358373908339,-0.5966071566581651,-0.7114316568960198,-0.3163993553833168,0.4768808179459789,-0.8110578021475897,-0.37681159420289856,0.0,-0.8235294117647058,0.29411764705882354,-0.11764705882352941,0.058823529411764705,-0.4057971014492754,0.16666666666666666,0.6376811594202898,-0.47058823529411764
3,1,0,0,3.208406854095596,0.6111111111111112,2.7182636711597308,2,1,0,6,5,4,3,2,1,0,1,1,1,0,0,0,0,1,1,1,0,0,0,1,1,0,0,0,0,0,0,0,0,0,0,1,1,0,0,0,1.599563301750692,-0.18798438319445246,-0.0015109251510924623,-0.8913888241237272,-0.1560785222969317,0.3617358373908339,-0.588012958963283,-0.700099762105748,-0.30901877002899436,0.4835884548016145,0.43478260869565216,-0.35294117647058826,0.0,-0.8235294117647058,0.29411764705882354,-0.11764705882352941,0.057971014492753624,-0.3888888888888889,0.17391304347826086,0.6470588235294118
4,1,0,0,0.17346978786809397,0.0,-0.043513785951093356,3,2,1,0,6,5,4,3,2,1,1,1,1,1,0,0,0,0,1,1,0,0,0,0,1,1,0,0,0,0,0,0,0,0,0,0,1,1,0,0,3.1903926385152257,1.5912437115164229,-0.18747094374709433,-0.005401414471127637,-0.8825643403663341,-0.1560785222969317,0.36848195001542716,-0.57731563195457,-0.6905234243857775,-0.3008148655852563,0.6666666666666666,0.47058823529411764,-0.35294117647058826,0.0,-0.8235294117647058,0.29411764705882354,-0.11594202898550725,0.05555555555555555,-0.4057971014492754,0.17647058823529413
5,0,1,0,-0.12453436850566595,-0.9444444444444444,-0.15565151497786764,4,3,2,1,0,6,5,4,3,2,1,1,1,1,1,0,0,0,0,1,0,0,0,0,0,1,1,0,0,0,0,0,0,0,0,0,0,1,1,0,0.17249580847662496,3.1762329312588617,1.58689756702309,-0.1919250796611486,-0.0015070716438673247,-0.8825643403663341,-0.14833384757790818,0.37426137671705917,-0.5684419349916069,-0.6815931764526693,0.028985507246376812,0.7058823529411765,0.47058823529411764,-0.35294117647058826,0.0,-0.8235294117647058,0.2898550724637681,-0.1111111111111111,0.057971014492753624,-0.4117647058823529
6,0,1,0,0.23620750499941184,-0.3333333333333333,0.5471237600719103,5,4,3,2,1,0,6,5,4,3,0,1,1,1,1,1,0,0,0,0,1,0,0,0,0,0,1,1,0,0,0,0,0,0,0,0,0,0,1,1,-0.12383514641088622,0.16941514674747007,3.167557725089106,1.587821559026968,-0.18699281242754456,-0.0015070716438673247,-0.8734186979327369,-0.13989716829099852,0.3776896078132153,-0.5597441169750971,-0.9565217391304348,0.058823529411764705,0.7058823529411765,0.47058823529411764,-0.35294117647058826,0.0,-0.8115942028985508,0.2777777777777778,-0.11594202898550725,0.058823529411764705
0,1,0,0,0.19699643179233817,-0.6666666666666666,0.31132700287138754,6,5,4,3,2,1,0,6,5,4,0,0,1,1,1,1,1,0,0,0,1,1,0,0,0,0,0,1,1,0,0,0,0,0,0,0,0,0,0,1,0.23488127266346942,-0.1258279432045529,0.1689524252285759,3.173272713142146,1.5828502975500425,-0.18699281242754456,0.005939524838012818,-0.8612539329291691,-0.1335266290248741,0.3845860939760871,-0.3188405797101449,-0.9411764705882353,0.058823529411764705,0.7058823529411765,0.47058823529411764,-0.35294117647058826,0.0,-0.7777777777777778,0.2898550724637681,-0.11764705882352941
1,1,0,0,1.2478531937419126,-0.2222222222222222,1.2563721429252614,0,6,5,4,3,2,1,0,6,5,1,0,0,1,1,1,1,1,0,0,0,1,1,0,0,0,0,0,1,1,0,0,0,0,0,0,0,0,0,0,0.19589035754669162,0.23157158673736966,-0.12548427088176037,0.16557861195305823,3.159479094211299,1.5828502975500425,-0.17918852206109237,0.013582994397973922,-0.8507553792156264,-0.1256568425862463,-0.6666666666666666,-0.29411764705882354,-0.9411764705882353,0.058823529411764705,0.7058823529411765,0.47058823529411764,-0.34782608695652173,0.0,-0.8115942028985508,0.29411764705882354
2,1,0,0,0.22052307571658236,-0.4444444444444444,0.21415636418349668,1,0,6,5,4,3,2,1,0,6,1,1,0,0,1,1,1,1,1,0,0,0,1,1,0,0,0,0,0,1,0,0,0,0,0,0,0,0,0,0,1.2408468826763364,0.19272381174368242,0.23093909809390986,-0.12975052459780828,0.16852152407450346,3.159479094211299,1.587241592101203,-0.170593200828793,0.019075232717839157,-0.8415200670169827,-0.2028985507246377,-0.6470588235294118,-0.29411764705882354,-0.9411764705882353,0.058823529411764705,0.7058823529411765,0.463768115942029,-0.3333333333333333,0.0,-0.8235294117647058
3,0,0,1,0.24404971964082658,-0.5,0.13584294712090014,2,1,0,6,5,4,3,2,1,0,1,1,1,0,0,1,1,1,1,1,0,0,0,1,1,0,0,0,0,0,0,0,0,0,0,0,0,0,0,0,0.2192849066167583,1.2338441815745003,0.19219742755307614,0.22775316701639856,-0.1251642321663188,0.16852152407450346,3.160829990743597,1.5867546619599415,-0.16404700137341674,0.02665448176071891,-0.43478260869565216,-0.17647058823529413,-0.6470588235294118,-0.29411764705882354,-0.9411764705882353,0.058823529411764705,0.6956521739130435,0.4444444444444444,-0.34782608695652173,0.0
4,1,0,0,-0.5558561737834764,-1.1666666666666667,-0.5288305328306451,3,2,1,0,6,5,4,3,2,1,0,1,1,1,0,0,1,1,1,1,0,0,0,0,1,1,0,0,0,0,1,0,0,0,0,0,0,0,0,0,0.24267945568682497,0.21603247673989476,1.2304741980474199,0.18889407010181086,0.23035010433572922,-0.1251642321663188,0.1756402344955259,3.1522523213874605,1.5832443155806502,-0.1561191074556393,-0.4927536231884058,-0.4117647058823529,-0.17647058823529413,-0.6470588235294118,-0.29411764705882354,-0.9411764705882353,0.057971014492753624,0.6666666666666666,0.463768115942029,-0.35294117647058826
5,0,1,0,-0.6891738226875268,-0.9444444444444444,-0.5922071411320242,4,3,2,1,0,6,5,4,3,2,1,0,1,1,1,0,0,1,1,1,0,0,0,0,0,1,1,0,0,0,0,1,0,0,0,0,0,0,0,0,-0.5527352126954419,0.2393411417361071,0.21544242987757636,1.2303178674127613,0.1917072416724631,0.23035010433572922,-0.11747917309472397,0.18241117335584361,3.139783305356325,1.587845556317112,-1.1884057971014492,-0.47058823529411764,-0.4117647058823529,-0.17647058823529413,-0.6470588235294118,-0.29411764705882354,-0.927536231884058,0.05555555555555555,0.6956521739130435,0.47058823529411764
6,0,1,0,-0.8146492569501625,-1.0,-0.5559213995388158,5,4,3,2,1,0,6,5,4,3,0,1,0,1,1,1,0,0,1,1,1,0,0,0,0,0,1,1,0,0,0,0,1,0,0,0,0,0,0,0,-0.6853043240924863,-0.5531534681351125,0.2386874322020766,0.2122095282505635,1.2273359610479944,0.1917072416724631,0.2373495834618943,-0.10920113575320403,0.18693728063482373,3.141421064656157,-0.9565217391304348,-1.1764705882352942,-0.47058823529411764,-0.4117647058823529,-0.17647058823529413,-0.6470588235294118,-0.2898550724637681,-0.8888888888888888,0.057971014492753624,0.7058823529411765
0,1,0,0,0.8557424616711758,-0.5,0.4906521926333123,6,5,4,3,2,1,0,6,5,4,0,0,1,0,1,1,1,0,0,1,1,1,0,0,0,0,0,1,1,0,0,0,0,1,0,0,0,0,0,0,-0.8100752524661753,-0.685235903113649,-0.5516426468309313,0.2355249863993161,0.2148929592704228,1.2273359610479944,0.19878124035791406,0.2438032384314326,-0.10300625667633145,0.19419693854238063,-1.0144927536231885,-0.9411764705882353,-1.1764705882352942,-0.47058823529411764,-0.4117647058823529,-0.17647058823529413,-0.6376811594202898,-0.2777777777777778,-0.927536231884058,0.058823529411764705
1,1,0,0,0.2675763635650708,-0.3888888888888889,0.372691147990381,0,6,5,4,3,2,1,0,6,5,1,0,0,1,0,1,1,1,0,0,0,1,1,0,0,0,0,0,1,1,0,0,0,0,1,0,0,0,0,0,0.8509377315085584,-0.8095487830934482,-0.683364326669766,-0.557200590658273,0.23807867686838244,0.2148929592704228,1.2324128355445847,0.20543319775918947,0.24797802533190905,-0.09519457771685325,-0.4927536231884058,-1.0,-0.9411764705882353,-1.1764705882352942,-0.47058823529411764,-0.4117647058823529,-0.17391304347826086,-0.6111111111111112,-0.2898550724637681,-0.9411764705882353
2,1,0,0,0.6283182370701486,0.4444444444444444,0.3852697788908594,1,0,6,5,4,3,2,1,0,6,1,1,0,0,1,0,1,1,1,0,0,0,1,1,0,0,0,0,0,1,0,0,0,0,0,1,0,0,0,0,0.26607400475689164,0.8453664316376279,-0.8073376724004339,-0.6893215201678712,-0.5502357214622458,0.23807867686838244,0.2219222462203022,1.2337502877753048,0.20982755989623073,0.2551214682811667,-0.37681159420289856,-0.47058823529411764,-1.0,-0.9411764705882353,-1.1764705882352942,-0.47058823529411764,-0.4057971014492754,-0.16666666666666666,-0.6376811594202898,-0.29411764705882354
3,1,0,0,1.1066933301964474,0.1111111111111111,0.6409539622235215,2,1,0,6,5,4,3,2,1,0,1,1,1,0,0,1,0,1,1,1,0,0,0,1,1,0,0,0,0,0,0,0,0,0,0,0,1,0,0,0,0.6247904238312473,0.2626498067323194,0.8430574926390826,-0.8136706302945518,-0.6816214545173506,-0.5502357214622458,0.24506325208269036,0.22845522216253536,1.2322600335724097,0.2170436371944254,0.4927536231884058,-0.35294117647058826,-0.47058823529411764,-1.0,-0.9411764705882353,-1.1764705882352942,-0.463768115942029,-0.3888888888888889,-0.17391304347826086,-0.6470588235294118
4,1,0,0,-0.061796651374348074,-0.2222222222222222,0.10579857514662645,3,2,1,0,6,5,4,3,2,1,1,1,1,1,0,0,1,0,1,1,0,0,0,0,1,1,0,0,0,0,0,0,0,0,0,0,0,1,0,0,1.1004795882559364,0.620049336674242,0.26193243452657683,0.8417268982668842,-0.805278615039802,-0.6816214545173506,-0.5417309472385067,0.2514772465658812,0.23271783915763772,1.2375295103190922,0.14492753623188406,0.5294117647058824,-0.35294117647058826,-0.47058823529411764,-1.0,-0.9411764705882353,-1.1594202898550725,-0.4444444444444444,-0.4057971014492754,-0.17647058823529413
5,0,1,0,-0.39901188095518164,-0.2777777777777778,-0.30645145857842926,4,3,2,1,0,6,5,4,3,2,1,1,1,1,1,0,0,1,0,1,0,0,0,0,0,1,1,0,0,0,0,0,0,0,0,0,0,0,1,0,-0.061449682224041756,1.0939921915972262,0.6183558035022471,0.2588404445480687,0.8409073344153335,-0.805278615039802,-0.6728633137920396,-0.5312715831478783,0.2556081184190447,0.23989033584647018,-0.2028985507246377,0.17647058823529413,0.5294117647058824,-0.35294117647058826,-0.47058823529411764,-1.0,-0.927536231884058,-1.1111111111111112,-0.463768115942029,-0.4117647058823529
6,0,1,0,-0.59506724699055,-0.3333333333333333,-0.33560630920876444,5,4,3,2,1,0,6,5,4,3,0,1,1,1,1,1,0,0,1,0,1,0,0,0,0,0,1,1,0,0,0,0,0,0,0,0,0,0,0,1,-0.3967715522283307,-0.06367150321465333,1.0910041841004186,0.6163441361622756,0.2612643944663421,0.8409073344153335,-0.7962820117247763,-0.6617297214335048,-0.522661376468793,0.262737034498515,-0.2608695652173913,-0.17647058823529413,0.17647058823529413,0.5294117647058824,-0.35294117647058826,-0.47058823529411764,-0.9855072463768116,-0.8888888888888888,-1.1594202898550725,-0.47058823529411764
0,1,0,0,-0.1794298709955691,-0.3888888888888889,-0.059957313489927645,6,5,4,3,2,1,0,6,5,4,0,0,1,1,1,1,1,0,0,1,1,1,0,0,0,0,0,1,1,0,0,0,0,0,0,0,0,0,0,0,-0.5917261278122197,-0.39776236816036353,-0.06349759801642642,1.0904251185202456,0.6167787309683901,0.2612643944663421,0.8467294045047823,-0.7845138515846828,-0.6523729589500992,-0.5140507196710076,-0.3188405797101449,-0.23529411764705882,-0.17647058823529413,0.17647058823529413,0.5294117647058824,-0.35294117647058826,-0.463768115942029,-0.9444444444444444,-0.927536231884058,-1.1764705882352942
1,1,0,0,1.1302199741206915,-0.6111111111111112,1.285494188513125,0,6,5,4,3,2,1,0,6,5,1,0,0,1,1,1,1,1,0,0,0,1,1,0,0,0,0,0,1,1,0,0,0,0,0,0,0,0,0,0,-0.17842242757437513,-0.5920012431287996,-0.3966759646675964,-0.06757596953446796,1.0882216554602364,0.6167787309683901,0.2682042579450785,0.8500498810528737,-0.7744544483442698,-0.6435153453659279,-0.37681159420289856,-0.29411764705882354,-0.23529411764705882,-0.17647058823529413,0.17647058823529413,0.5294117647058824,-0.34782608695652173,-0.4444444444444444,-0.9855072463768116,-0.9411764705882353
2,1,0,0,0.06367878288828768,0.6666666666666666,0.16703612644787735,1,0,6,5,4,3,2,1,0,6,1,1,0,0,1,1,1,1,1,0,0,0,1,1,0,0,0,0,0,1,0,0,0,0,0,0,0,0,0,0,1.123874137326003,-0.18021482819571502,-0.590384317371765,-0.40176420299992216,-0.06333565190509306,1.0882216554602364,0.6230330145016968,0.2744992709692271,0.8507553792156264,-0.7653644048435001,-0.6086956521739131,-0.35294117647058826,-0.29411764705882354,-0.23529411764705882,-0.17647058823529413,0.17647058823529413,0.5217391304347826,-0.3333333333333333,-0.463768115942029,-1.0
3,1,0,0,-0.5166451005764027,-0.6666666666666666,-0.5147826145471648,2,1,0,6,5,4,3,2,1,0,1,1,1,0,0,1,1,1,1,1,0,0,0,1,1,0,0,0,0,0,0,0,0,0,0,0,0,0,0,0,0.06332124614964717,1.1173008565934386,-0.17972260963892758,-0.5960596875728607,-0.39566427080918143,-0.06333565190509306,1.0935668003702559,0.6275036451538637,0.2784983976804517,0.8567511994516792,0.7246376811594203,-0.5882352941176471,-0.35294117647058826,-0.29411764705882354,-0.23529411764705882,-0.17647058823529413,0.17391304347826086,0.5,-0.34782608695652173,-0.47058823529411764
4,1,0,0,-0.6107516762733795,0.16666666666666666,-0.5291362926495781,3,2,1,0,6,5,4,3,2,1,1,1,1,1,0,0,1,1,1,1,0,0,0,0,1,1,0,0,0,0,0,0,0,0,0,0,0,0,0,0,-0.5137442975786641,0.060641376765145825,1.1142491864249187,-0.18415326027823106,-0.5888785841255119,-0.39566427080918143,-0.05576982412835558,1.0956181413552297,0.6294826796886922,0.28558373315055974,-0.6666666666666666,0.7647058823529411,-0.5882352941176471,-0.35294117647058826,-0.29411764705882354,-0.23529411764705882,-0.17391304347826086,0.16666666666666666,0.5217391304347826,-0.35294117647058826
5,0,1,0,0.4322628710347802,0.5555555555555556,0.11805104822099412,4,3,2,1,0,6,5,4,3,2,1,1,1,1,1,0,0,1,1,1,0,0,0,0,0,1,1,0,0,0,0,0,0,0,0,0,0,0,0,0,-0.6073224938589308,-0.5143056931414253,0.06047574771424149,1.113740576668998,-0.17926423989489135,-0.5888785841255119,-0.3874575748225857,-0.047809070677615056,1.0949183580039676,0.6358997791485796,0.2028985507246377,-0.6470588235294118,0.7647058823529411,-0.5882352941176471,-0.35294117647058826,-0.29411764705882354,-0.2318840579710145,-0.16666666666666666,0.17391304347826086,0.5294117647058824
6,0,1,0,0.8635846763125906,-0.05555555555555555,0.7819086078854279,5,4,3,2,1,0,6,5,4,3,0,1,1,1,1,1,0,0,1,1,1,0,0,0,0,0,1,1,0,0,0,0,0,0,0,0,0,0,0,0,0.4298358482473584,-0.6075403531262746,-0.5129009762900976,0.05677314059221268,1.1114073730581961,-0.17926423989489135,-0.580299290342487,-0.37779142045890585,-0.041965511979246146,1.1004493184068236,0.6086956521739131,0.23529411764705882,-0.6470588235294118,0.7647058823529411,-0.5882352941176471,-0.35294117647058826,-0.2898550724637681,-0.2222222222222222,-0.17391304347826086,0.17647058823529413
0,1,0,0,-0.2735364466925459,-0.4444444444444444,-0.23032189001625847,6,5,4,3,2,1,0,6,5,4,0,0,1,1,1,1,1,0,0,1,1,1,0,0,0,0,0,1,1,0,0,0,0,0,0,0,0,0,0,0,0.858735914531914,0.42581046170580583,-0.6058809855880984,-0.5183414937436853,0.06032150861735842,1.1114073730581961,-0.17147485344029634,-0.5696416238201214,-0.3700595147260797,-0.03427004797806717,-0.028985507246376812,0.6470588235294118,0.23529411764705882,-0.6470588235294118,0.7647058823529411,-0.5882352941176471,-0.34782608695652173,-0.2777777777777778,-0.2318840579710145,-0.17647058823529413
1,1,0,0,1.6399639258126493,-0.16666666666666666,1.3630861049300826,0,6,5,4,3,2,1,0,6,5,1,0,0,1,1,1,1,1,0,0,0,1,1,0,0,0,0,0,1,1,0,0,0,0,0,0,0,0,0,0,-0.2720006238546418,0.8531359866363654,0.4246474507980785,-0.6116033263386957,-0.5115928587989798,0.06032150861735842,1.1167078062326439,-0.1629191926943444,-0.5608118419044712,-0.3617393953240423,-0.43478260869565216,0.0,0.6470588235294118,0.23529411764705882,-0.6470588235294118,0.7647058823529411,-0.5797101449275363,-0.3333333333333333,-0.2898550724637681,-0.23529411764705882
2,1,0,0,1.0204289691408852,-0.1111111111111111,0.7570280860581409,1,0,6,5,4,3,2,1,0,6,1,1,0,0,1,1,1,1,1,0,0,0,1,1,0,0,0,0,0,1,0,0,0,0,0,0,0,0,0,0,1.6307560338441143,-0.27344948818056436,0.8508058267472494,0.4220486515893371,-0.6043357291908183,-0.5115928587989798,0.06764887380438121,1.1186401657585756,-0.1564169082862811,-0.5521285507577488,-0.14492753623188406,-0.4117647058823529,0.0,0.6470588235294118,0.23529411764705882,-0.6470588235294118,0.7536231884057971,-0.5555555555555556,-0.34782608695652173,-0.29411764705882354
3,1,0,0,-0.13237658314708067,0.16666666666666666,-0.18712458860952147,2,1,0,6,5,4,3,2,1,0,1,1,1,0,0,1,1,1,1,1,0,0,0,1,1,0,0,0,0,0,0,0,0,0,0,0,0,0,0,0,1.014699574999025,1.6223219315113726,-0.2727026189369285,0.8494987176498018,0.42356441765205965,-0.6043357291908183,-0.5031626041345265,0.07497505947356291,1.1178086372653746,-0.14850354123829107,-0.08695652173913043,-0.11764705882352941,-0.4117647058823529,0.0,0.6470588235294118,0.23529411764705882,-0.6376811594202898,0.7222222222222222,-0.5797101449275363,-0.35294117647058826
4,1,0,0,0.5185272320903422,0.7222222222222222,0.5196936976361338,3,2,1,0,6,5,4,3,2,1,1,1,1,1,0,0,1,1,1,1,0,0,0,0,1,1,0,0,0,0,0,0,0,0,0,0,0,0,0,0,-0.13163332943424177,1.0085270866111142,1.6178909034557571,-0.27741509287324156,0.8486359069479866,0.42356441765205965,-0.595726627584079,-0.49290154247563517,0.08011597741492446,1.1232960170588684,0.2028985507246377,-0.058823529411764705,-0.11764705882352941,-0.4117647058823529,0.0,0.6470588235294118,0.2318840579710145,-0.6111111111111112,0.7536231884057971,-0.5882352941176471
5,0,1,0,-0.14021879778849541,0.7777777777777778,-0.0976244417754131,4,3,2,1,0,6,5,4,3,2,1,1,1,1,1,0,0,1,1,1,0,0,0,0,0,1,1,0,0,0,0,0,0,0,0,0,0,0,0,0,0.5156158615042695,-0.13359749820329034,1.0057725089105842,1.6189088365586382,-0.27200711028672997,0.8486359069479866,0.43019129898179553,-0.5849896400890187,-0.4845109110331146,0.08757901149950499,0.782608695652174,0.23529411764705882,-0.058823529411764705,-0.11764705882352941,-0.4117647058823529,0.0,0.6376811594202898,0.2222222222222222,-0.6376811594202898,0.7647058823529411
6,0,1,0,-0.20295651491981329,0.1111111111111111,-0.10262426671004223,5,4,3,2,1,0,6,5,4,3,0,1,1,1,1,1,0,0,1,1,1,0,0,0,0,0,1,1,0,0,0,0,0,0,0,0,0,0,0,0,-0.13943151245759733,0.5112755666919178,-0.13323260498992712,1.0049351053081526,1.6137645876806552,-0.27200711028672997,0.8544430731255783,0.43565344179264814,-0.5760720280787426,-0.47597288858426623,0.8405797101449275,0.8235294117647058,0.23529411764705882,-0.058823529411764705,-0.11764705882352941,-0.4117647058823529,0.0,0.6111111111111112,0.2318840579710145,-0.6470588235294118
0,1,0,0,-0.030427792808689135,-0.8333333333333334,-0.29187844932667123,6,5,4,3,2,1,0,6,5,4,0,0,1,1,1,1,1,0,0,1,1,1,0,0,0,0,0,1,1,0,0,0,0,0,0,0,0,0,0,0,-0.2018169766444418,-0.14136705320202778,0.5098791259879126,-0.13752234398072583,1.003207357601051,1.6137645876806552,-0.2640388768898489,0.8577238891873223,0.4387303525103006,-0.5673596831924453,0.14492753623188406,0.8823529411764706,0.8235294117647058,0.23529411764705882,-0.058823529411764705,-0.11764705882352941,-0.4057971014492754,0.0,0.6376811594202898,0.23529411764705882
1,1,0,0,0.3146296514135592,0.3333333333333333,0.23118134007126476,0,6,5,4,3,2,1,0,6,5,1,0,0,1,1,1,1,1,0,0,0,1,1,0,0,0,0,0,1,1,0,0,0,0,0,0,0,0,0,0,-0.030256950130619527,-0.20352349319192736,-0.14098093909809387,0.50753866480143,-0.13289280469897202,1.003207357601051,1.6180962665843872,-0.25500729030772784,0.8583854723027621,0.4455106237148732,-0.8405797101449275,0.17647058823529413,0.8823529411764706,0.8235294117647058,0.23529411764705882,-0.058823529411764705,-0.11594202898550725,-0.3888888888888889,0.0,0.6470588235294118
2,1,0,0,-0.07748108065717754,0.5555555555555556,0.1032383098127137,1,0,6,5,4,3,2,1,0,6,1,1,0,0,1,1,1,1,1,0,0,0,1,1,0,0,0,0,0,1,0,0,0,0,0,0,0,0,0,0,0.312863102897025,-0.032593283219703534,-0.2029676119634278,-0.14529416336364337,0.5085787155112451,-0.13289280469897202,1.0087164455414992,1.617450694497736,-0.24797802533190905,0.8643667656690275,0.37681159420289856,-0.8235294117647058,0.17647058823529413,0.8823529411764706,0.8235294117647058,0.23529411764705882,-0.057971014492753624,-0.1111111111111111,-0.4057971014492754,0.0
3,1,0,0,0.10288985609536136,1.0555555555555556,0.15657426194174517,2,1,0,6,5,4,3,2,1,0,1,1,1,0,0,1,1,1,1,1,0,0,0,1,1,0,0,0,0,0,0,0,0,0,0,0,0,0,0,0,-0.07704604827075287,0.3092671367247441,-0.032504261583759436,-0.20746871842698367,-0.14062137723162524,0.5085787155112451,-0.12519284171552003,1.0112040518762948,1.6137646879291927,-0.23989033584647018,0.6086956521739131,0.4117647058823529,-0.8235294117647058,0.17647058823529413,0.8823529411764706,0.8235294117647058,0.2318840579710145,-0.05555555555555555,-0.11594202898550725,-0.4117647058823529
4,1,0,0,0.024467709681214006,0.3888888888888889,-0.07498034063199965,3,2,1,0,6,5,4,3,2,1,1,1,1,1,0,0,1,1,1,1,0,0,0,0,1,1,0,0,0,0,0,0,0,0,0,0,0,0,0,0,0.10231216126642495,-0.07921061321212822,0.3084224391755773,-0.0364886920027978,-0.202449957492851,-0.14062137723162524,0.5150416538105521,-0.11687514388765266,1.0109873340454754,1.6183078211865052,1.1304347826086956,0.6470588235294118,0.4117647058823529,-0.8235294117647058,0.17647058823529413,0.8823529411764706,0.8115942028985508,0.2222222222222222,-0.057971014492753624,-0.11764705882352941
5,0,1,0,0.7302670274085401,-0.3333333333333333,0.686803635429572,4,3,2,1,0,6,5,4,3,2,1,1,1,1,1,0,0,1,1,1,0,0,0,0,0,1,1,0,0,0,0,0,0,0,0,0,0,0,0,0,0.024330331032869374,0.09948915175883306,-0.0789942662327599,0.30547136084557397,-0.0324213617744802,-0.202449957492851,-0.13290651033631606,0.520067531271583,-0.11063634976346712,1.0166780900159926,0.43478260869565216,1.1764705882352942,0.6470588235294118,0.4117647058823529,-0.8235294117647058,0.17647058823529413,0.8695652173913043,0.7777777777777778,0.2318840579710145,-0.058823529411764705
6,0,1,0,-0.6421205348390384,0.05555555555555555,-0.6455191203454035,5,4,3,2,1,0,6,5,4,3,0,1,1,1,1,1,0,0,1,1,1,0,0,0,0,0,1,1,0,0,0,0,0,0,0,0,0,0,0,0,0.7261668031348696,0.02179360177145859,0.09921741825507521,-0.08311960830030304,0.3076358296622614,-0.0324213617744802,-0.19461585930268446,-0.12454915202210128,0.522661376468793,-0.1028101439342015,-0.3188405797101449,0.47058823529411764,1.1764705882352942,0.6470588235294118,0.4117647058823529,-0.8235294117647058,0.17391304347826086,0.8333333333333334,0.8115942028985508,0.23529411764705882
0,0,0,1,-0.9479669058542131,-0.3888888888888889,-0.7858632978131128,6,5,4,3,2,1,0,6,5,4,0,0,1,1,1,1,1,0,0,1,1,1,0,0,0,0,0,1,1,0,0,0,0,0,0,0,0,0,0,0,-0.638515225952353,0.7210535516578288,0.021734077173407768,0.09563223750680039,-0.07879279697039951,0.3076358296622614,-0.024915149645171383,-0.18594121709769026,-0.11826644285060278,0.529281852105704,0.08695652173913043,-0.29411764705882354,0.47058823529411764,1.1764705882352942,0.6470588235294118,0.4117647058823529,-0.8115942028985508,0.16666666666666666,0.8695652173913043,0.8235294117647058
1,1,0,0,-0.30490530525820486,-0.05555555555555555,-0.3042112526973473,0,6,5,4,3,2,1,0,6,5,0,0,0,1,1,1,1,1,0,0,0,1,1,0,0,0,0,0,1,1,1,0,0,0,0,0,0,0,0,0,-0.9426443638632197,-0.6386185731212244,0.7190841469084147,0.01791404367762498,0.0989643712806245,-0.07879279697039951,0.3144862696698548,-0.01711303813982057,-0.17930718754768807,-0.11042571015154977,-0.37681159420289856,0.11764705882352941,-0.29411764705882354,0.47058823529411764,1.1764705882352942,0.6470588235294118,0.4057971014492754,-0.7777777777777778,0.17391304347826086,0.8823529411764706
2,1,0,0,-0.061796651374348074,0.6111111111111112,-0.06985223956975767,1,0,6,5,4,3,2,1,0,6,1,0,0,0,1,1,1,1,1,0,0,0,1,1,0,0,0,0,0,1,0,1,0,0,0,0,0,0,0,0,-0.303193355948064,-0.9416312180719848,-0.6368743220207654,0.7173777881402036,0.02167864595409233,0.0989643712806245,-0.07119716136994768,0.3205433197759188,-0.011445139630703495,-0.17135023989033585,-0.028985507246376812,-0.35294117647058826,0.11764705882352941,-0.29411764705882354,0.47058823529411764,1.1764705882352942,0.6376811594202898,0.3888888888888889,-0.8115942028985508,0.17647058823529413
3,1,0,0,0.3224718660549739,0.6111111111111112,0.19341285261609173,2,1,0,6,5,4,3,2,1,0,1,1,0,0,0,1,1,1,1,1,0,0,0,1,1,0,0,0,0,0,0,0,1,0,0,0,0,0,0,0,-0.061449682224041756,-0.30452770817551417,-0.9390593522392685,-0.6426906038703659,0.7172501738928819,0.02167864595409233,0.10621721690836146,-0.0631570869465123,0.3242789562032657,-0.00380778310867413,0.6666666666666666,0.0,-0.35294117647058826,0.11764705882352941,-0.29411764705882354,0.47058823529411764,1.1594202898550725,0.6111111111111112,0.4057971014492754,-0.8235294117647058
4,1,0,0,0.23620750499941184,1.3333333333333333,0.21095429763405196,3,2,1,0,6,5,4,3,2,1,1,1,1,0,0,0,1,1,1,1,0,0,0,0,1,1,0,0,0,0,0,0,0,1,0,0,0,0,0,0,0.32066128592038057,-0.06367150321465333,-0.3036959553695955,-0.94579155980415,-0.6352500193214312,0.7172501738928819,0.029080530700400967,0.11334510014580601,-0.057225698153517475,0.3312771304546493,0.6666666666666666,0.7058823529411765,0.0,-0.35294117647058826,0.11764705882352941,-0.29411764705882354,0.463768115942029,1.1111111111111112,0.6376811594202898,0.4117647058823529
5,0,1,0,0.4714739442418539,0.2777777777777778,0.8193801676484872,4,3,2,1,0,6,5,4,3,2,1,1,1,1,0,0,0,1,1,1,0,0,0,0,0,1,1,0,0,0,0,0,0,0,1,0,0,0,0,0,0.23488127266346942,0.3170366917234816,-0.06349759801642642,-0.3085023704049117,-0.9366643480949067,-0.6352500193214312,0.7233107065720454,0.03660501880131979,0.11826644285060278,-0.04950118041276369,1.4202898550724639,0.7058823529411765,0.7058823529411765,0.0,-0.35294117647058826,0.11764705882352941,-0.2898550724637681,0.4444444444444444,1.1594202898550725,0.6470588235294118
6,0,1,0,0.3616829392620476,0.3888888888888889,0.7241063333393967,5,4,3,2,1,0,6,5,4,3,0,1,1,1,1,0,0,0,1,1,1,0,0,0,0,0,1,1,0,0,0,0,0,0,0,1,0,0,0,0,0.46882676336413615,0.23157158673736966,0.31617077328374404,-0.06757596953446796,-0.30292140041734283,-0.9366643480949067,-0.6265813020672633,0.7272657509016958,0.041965511979246146,0.1256568425862463,0.3188405797101449,1.4705882352941178,0.7058823529411765,0.7058823529411765,0.0,-0.35294117647058826,0.11594202898550725,-0.2777777777777778,0.463768115942029,1.1764705882352942
0,1,0,0,0.2283652903579971,-0.5,-0.11966038790070124,6,5,4,3,2,1,0,6,5,4,0,0,1,1,1,1,0,0,0,1,1,1,0,0,0,0,0,1,1,0,0,0,0,0,0,0,1,0,0,0,0.35965220103715834,0.4646582366994931,0.23093909809390986,0.3132431802284915,-0.06333565190509306,-0.30292140041734283,-0.9274143782783092,-0.6156856726268131,0.7286738898214558,0.04950118041276369,0.43478260869565216,0.35294117647058826,1.4705882352941178,0.7058823529411765,0.7058823529411765,0.0,-0.34782608695652173,0.1111111111111111,-0.2898550724637681,0.47058823529411764
1,1,0,0,0.8243736031055169,-0.3888888888888889,0.061236710146315744,0,6,5,4,3,2,1,0,6,5,1,0,0,1,1,1,1,0,0,0,0,1,1,0,0,0,0,0,1,1,0,0,0,0,0,0,0,1,0,0,0.22708308964011387,0.3558844667171688,0.4633891213389122,0.22775316701639856,0.31536440219491463,-0.06333565190509306,-0.29489355137303314,-0.9149719898703094,-0.6065924004272852,0.734902139974107,-0.4927536231884058,0.47058823529411764,0.35294117647058826,1.4705882352941178,0.7058823529411765,0.7058823529411765,0.0,-0.3333333333333333,0.11594202898550725,-0.29411764705882354
2,1,0,0,-0.35980080774810796,0.16666666666666666,-0.379835287143483,1,0,6,5,4,3,2,1,0,6,1,1,0,0,1,1,1,1,0,0,0,0,1,1,0,0,0,0,0,1,0,0,0,0,0,0,0,0,1,0,0.8197449994151362,0.2238020317386322,0.35491244382457776,0.46090774850392474,0.23035010433572922,0.31536440219491463,-0.05576982412835558,-0.28570332284552236,-0.904166030825576,-0.5978219480618384,-0.37681159420289856,-0.47058823529411764,0.47058823529411764,0.35294117647058826,1.4705882352941178,0.7058823529411765,0.6956521739130435,0.0,-0.34782608695652173,0.11764705882352941
3,1,0,0,-0.5323295298592321,-0.3888888888888889,-0.6167324852879373,2,1,0,6,5,4,3,2,1,0,1,1,1,0,0,1,1,1,1,0,0,0,0,1,1,0,0,0,0,0,0,0,0,0,0,0,0,0,0,1,-0.35778063711155295,0.8142882116426782,0.2231907639857431,0.3521022771430792,0.46220728031532576,0.23035010433572922,0.32219993829065086,-0.047809070677615056,-0.2784983976804517,-0.8948290305384206,0.2028985507246377,-0.35294117647058826,-0.47058823529411764,0.47058823529411764,0.35294117647058826,1.4705882352941178,0.6956521739130435,0.6666666666666666,0.0,-0.35294117647058826
4,1,0,0,-0.6421205348390384,-0.6666666666666666,-0.5199582408632437,3,2,1,0,6,5,4,3,2,1,1,1,1,1,0,0,1,1,1,1,0,0,0,0,1,1,0,0,0,0,0,0,0,0,0,0,0,0,0,0,-0.5293406636253752,-0.3589145931666763,0.8120641562064157,0.219981347633481,0.3540072648581807,0.46220728031532576,0.2373495834618943,0.32821732791036745,-0.041965511979246146,-0.2703526007158632,-0.37681159420289856,0.23529411764705882,-0.35294117647058826,-0.47058823529411764,0.47058823529411764,0.35294117647058826,1.4492753623188406,0.6666666666666666,0.6956521739130435,0.0
5,0,1,0,-0.21864094420264277,-0.5555555555555556,-0.04568796116976473,4,3,2,1,0,6,5,4,3,2,1,1,1,1,1,0,0,1,1,1,0,0,0,0,0,1,1,0,0,0,0,0,0,0,0,0,0,0,0,0,-0.638515225952353,-0.5298448031389001,-0.3579342941267627,0.8106396207352141,0.222621531803076,0.3540072648581807,0.4687596420857758,0.2438032384314326,0.3319090492904013,-0.03427004797806717,-0.6666666666666666,-0.35294117647058826,0.23529411764705882,-0.35294117647058826,-0.47058823529411764,0.47058823529411764,0.34782608695652173,1.3888888888888888,0.6956521739130435,0.7058823529411765
6,0,1,0,-0.4303807395208406,0.16666666666666666,-0.21583972549749847,5,4,3,2,1,0,6,5,4,3,0,1,1,1,1,1,0,0,1,1,1,0,0,0,0,0,1,1,0,0,0,0,0,0,0,0,0,0,0,0,-0.2174133426911529,-0.6386185731212244,-0.528397644506431,-0.3629051060853345,0.8099930442847205,0.222621531803076,0.36076828139463113,0.4740234824648913,0.24797802533190905,0.33889269667199756,-0.5507246376811594,-0.6470588235294118,-0.35294117647058826,0.23529411764705882,-0.35294117647058826,-0.47058823529411764,0.463768115942029,0.3333333333333333,1.4492753623188406,0.7058823529411765
0,1,0,0,0.3224718660549739,-0.2777777777777778,0.35603459796421577,6,5,4,3,2,1,0,6,5,4,0,0,1,1,1,1,1,0,0,1,1,1,0,0,0,0,0,1,1,0,0,0,0,0,0,0,0,0,0,0,-0.42796428432175293,-0.21906260318940227,-0.6368743220207654,-0.5338851325095204,-0.3570214081459154,0.8099930442847205,0.22963591484109827,0.36658736858261054,0.4768808179459789,0.2551214682811667,0.2028985507246377,-0.5294117647058824,-0.6470588235294118,-0.35294117647058826,0.23529411764705882,-0.35294117647058826,-0.463768115942029,0.4444444444444444,0.34782608695652173,1.4705882352941178
1,1,0,0,-0.5558561737834764,0.1111111111111111,-0.3698301697671462,0,6,5,4,3,2,1,0,6,5,1,0,0,1,1,1,1,1,0,0,0,1,1,0,0,0,0,0,1,1,0,0,0,0,0,0,0,0,0,0,0.32066128592038057,-0.42884058815531334,-0.2184642801797613,-0.6426906038703659,-0.5270500038642861,-0.3570214081459154,0.815874730021598,0.23612923029698396,0.3700595147260797,0.4835884548016145,-0.2608695652173913,0.23529411764705882,-0.5294117647058824,-0.6470588235294118,-0.35294117647058826,0.23529411764705882,-0.34782608695652173,-0.4444444444444444,0.463768115942029,0.35294117647058826
2,1,0,0,-0.1794298709955691,0.7777777777777778,0.05740672143776931,1,0,6,5,4,3,2,1,0,6,1,1,0,0,1,1,1,1,1,0,0,0,1,1,0,0,0,0,0,1,0,0,0,0,0,0,0,0,0,0,-0.5527352126954419,0.3170366917234816,-0.4276693011002634,-0.22301235719281876,-0.6352500193214312,-0.5270500038642861,-0.3488892317186055,0.8193538485150793,0.24034793224477338,0.37697052775873885,0.14492753623188406,-0.23529411764705882,0.23529411764705882,-0.5294117647058824,-0.6470588235294118,-0.35294117647058826,0.2318840579710145,-0.3333333333333333,-0.463768115942029,0.47058823529411764
3,1,0,0,0.3616829392620476,0.2777777777777778,0.4655668495793121,2,1,0,6,5,4,3,2,1,0,1,1,1,0,0,1,1,1,1,1,0,0,0,1,1,0,0,0,0,0,0,0,0,0,0,0,0,0,0,0,-0.17842242757437513,-0.5531534681351125,0.31617077328374404,-0.43285148053159234,-0.21790710255815743,-0.6352500193214312,-0.5185899413761186,-0.3394213797866627,0.8202350068670837,0.24750590206381845,0.8405797101449275,0.17647058823529413,-0.23529411764705882,0.23529411764705882,-0.5294117647058824,-0.6470588235294118,-0.34782608695652173,0.2222222222222222,-0.34782608695652173,-0.47058823529411764
4,1,0,0,-0.477434027369329,0.3333333333333333,-0.16952321130243064,3,2,1,0,6,5,4,3,2,1,1,1,1,1,0,0,1,1,1,1,0,0,0,0,1,1,0,0,0,0,0,0,0,0,0,0,0,0,0,0,0.35965220103715834,-0.18021482819571502,-0.5516426468309313,0.3132431802284915,-0.4265785609397943,-0.21790710255815743,-0.6265813020672633,-0.5082495587445324,-0.3319090492904013,0.8262889345822861,0.3188405797101449,0.8823529411764706,0.17647058823529413,-0.23529411764705882,0.23529411764705882,-0.5294117647058824,-0.6376811594202898,-0.3333333333333333,0.2318840579710145,-0.35294117647058826
5,0,1,0,-0.5636983884248911,0.16666666666666666,-0.33284458726787935,4,3,2,1,0,6,5,4,3,2,1,1,1,1,1,0,0,1,1,1,0,0,0,0,0,1,1,0,0,0,0,0,0,0,0,0,0,0,0,0,-0.4747533824618863,0.3558844667171688,-0.17972260963892758,-0.557200590658273,0.31536440219491463,-0.4265785609397943,-0.21004319654427658,-0.6156856726268131,-0.49977109720738594,-0.323661564237301,0.37681159420289856,0.35294117647058826,0.8823529411764706,0.17647058823529413,-0.23529411764705882,0.23529411764705882,-0.5217391304347826,-0.6111111111111112,-0.34782608695652173,0.23529411764705882
6,0,1,0,-1.1675489158138257,-1.1666666666666667,-0.9035707342430914,5,4,3,2,1,0,6,5,4,3,0,1,1,1,1,1,0,0,1,1,1,0,0,0,0,0,1,1,0,0,0,0,0,0,0,0,0,0,0,0,-0.5605333957187975,-0.475457918147738,0.35491244382457776,-0.18415326027823106,-0.5502357214622458,0.31536440219491463,-0.41831224930576993,-0.2012892333665875,-0.6065924004272852,-0.49120402101896277,0.2028985507246377,0.4117647058823529,0.35294117647058826,0.8823529411764706,0.17647058823529413,-0.23529411764705882,0.2318840579710145,-0.5,-0.6376811594202898,-0.35294117647058826
0,0,0,1,-0.4695918127279143,0.2222222222222222,-0.11591093977719698,6,5,4,3,2,1,0,6,5,4,0,0,1,1,1,1,1,0,0,1,1,1,0,0,0,0,0,1,1,0,0,0,0,0,0,0,0,0,0,0,-1.1609934885171753,-0.5609230231338499,-0.47415930574926385,0.3521022771430792,-0.17926423989489135,-0.5502357214622458,0.32219993829065086,-0.4084874529967003,-0.1945673737219594,-0.5978219480618384,-1.1884057971014492,0.23529411764705882,0.4117647058823529,0.35294117647058826,0.8823529411764706,0.17647058823529413,-0.2318840579710145,0.2222222222222222,-0.5217391304347826,-0.6470588235294118
1,1,0,0,-0.16374544171273964,0.1111111111111111,0.13373143794489867,0,6,5,4,3,2,1,0,6,5,0,0,0,1,1,1,1,1,0,0,0,1,1,0,0,0,0,0,1,1,1,0,0,0,0,0,0,0,0,0,-0.46695519943853075,-1.1591787580366333,-0.559390980939098,-0.4794823968290976,0.3540072648581807,-0.17926423989489135,-0.5417309472385067,0.32821732791036745,-0.4005798870746223,-0.18658137232503236,0.2608695652173913,-1.1764705882352942,0.23529411764705882,0.4117647058823529,0.35294117647058826,0.8823529411764706,0.17391304347826086,-0.2222222222222222,0.2318840579710145,-0.5294117647058824
2,1,0,0,-0.03827000745010387,0.8333333333333334,0.1610079896050073,1,0,6,5,4,3,2,1,0,6,1,0,0,0,1,1,1,1,1,0,0,0,1,1,0,0,0,0,0,1,0,1,0,0,0,0,0,0,0,0,-0.162826061527664,-0.46768836314900053,-1.1560127072679374,-0.5649724100411905,-0.47294999613571365,0.3540072648581807,-0.17147485344029634,-0.5312715831478783,0.3319090492904013,-0.3922016601934354,0.14492753623188406,0.29411764705882354,-1.1764705882352942,0.23529411764705882,0.4117647058823529,0.35294117647058826,0.8695652173913043,0.16666666666666666,-0.2318840579710145,0.23529411764705882
3,1,0,0,0.7694781006156138,0.7222222222222222,0.6970589963991208,2,1,0,6,5,4,3,2,1,0,1,1,0,0,0,1,1,1,1,1,0,0,0,1,1,0,0,0,0,0,0,0,1,0,0,0,0,0,0,0,-0.03805513315397509,-0.16467571819824012,-0.4664109716410971,-1.1634025025258412,-0.557964293994899,-0.47294999613571365,0.36076828139463113,-0.1629191926943444,-0.522661376468793,0.33889269667199756,0.8985507246376812,0.17647058823529413,0.29411764705882354,-1.1764705882352942,0.23529411764705882,0.4117647058823529,0.34782608695652173,0.8333333333333334,0.17391304347826086,-0.23529411764705882
4,1,0,0,0.6910559542014665,0.5555555555555556,0.850035007816958,3,2,1,0,6,5,4,3,2,1,1,1,1,0,0,0,1,1,1,1,0,0,0,0,1,1,0,0,0,0,0,0,0,1,0,0,0,0,0,0,0.7651577182516474,-0.040362838218440986,-0.16422594142259409,-0.47171057744618006,-1.1530643790091968,-0.557964293994899,-0.46459426103054624,0.36658736858261054,-0.1564169082862811,-0.5140507196710076,0.782608695652174,0.9411764705882353,0.17647058823529413,0.29411764705882354,-1.1764705882352942,0.23529411764705882,0.4057971014492754,0.3333333333333333,0.8695652173913043,0.17647058823529413
5,0,1,0,0.25973414892365604,0.05555555555555555,0.41258565454418705,4,3,2,1,0,6,5,4,3,2,1,1,1,1,0,0,0,1,1,1,0,0,0,0,0,1,1,0,0,0,0,0,0,0,1,0,0,0,0,0,0.6871758880180917,0.759901326651516,-0.040252595691926185,-0.16860962151239597,-0.4652214236030604,-1.1530643790091968,-0.5494446158593027,-0.454531501803392,0.3700595147260797,-0.14850354123829107,0.6086956521739131,0.8235294117647058,0.9411764705882353,0.17647058823529413,0.29411764705882354,-1.1764705882352942,0.2318840579710145,0.3888888888888889,0.34782608695652173,0.8823529411764706
6,0,1,0,0.5106850174489276,-0.16666666666666666,0.7155744988320037,5,4,3,2,1,0,6,5,4,3,0,1,1,1,1,0,0,0,1,1,1,0,0,0,0,0,1,1,0,0,0,0,0,0,0,1,0,0,0,0,0.2582758217335361,0.6822057766641415,0.7578258174492485,-0.04426051138571534,-0.16380709482958491,-0.4652214236030604,-1.1433970996605987,-0.5389455912823269,-0.44636044559743626,0.37697052775873885,0.08695652173913043,0.6470588235294118,0.8235294117647058,0.9411764705882353,0.17647058823529413,0.29411764705882354,-1.1594202898550725,0.2222222222222222,0.4057971014492754,0.35294117647058826
0,0,0,1,-0.21079872956122803,0.3333333333333333,-0.04156840487478725,6,5,4,3,2,1,0,6,5,4,0,0,1,1,1,1,0,0,0,1,1,1,0,0,0,0,0,1,1,0,0,0,0,0,0,0,1,0,0,0,0.507817678480914,0.254880251733582,0.680342476367581,0.7562368850547913,-0.040149934307133414,-0.16380709482958491,-0.45688059240975015,-1.1298442176348709,-0.5302914695559285,-0.43789505749752494,-0.14492753623188406,0.11764705882352941,0.6470588235294118,0.8235294117647058,0.9411764705882353,0.17647058823529413,0.2898550724637681,-1.1111111111111112,0.2318840579710145,0.4117647058823529
1,1,0,0,1.816649021683723,1.0555555555555556,1.992864903262451,0,6,5,4,3,2,1,0,6,5,0,0,0,1,1,1,1,0,0,0,0,1,1,0,0,0,0,0,1,1,1,0,0,0,0,0,0,1,0,0,-0.20961515966779734,0.5035060116931803,0.2541841004184101,0.6785186912256159,0.755893036556148,-0.040149934307133414,-0.15604751619870422,-0.4468574936689434,-1.1178086372653746,-0.5216662858883558,0.37681159420289856,-0.11764705882352941,0.11764705882352941,0.6470588235294118,0.8235294117647058,0.9411764705882353,0.17391304347826086,0.2777777777777778,-1.1594202898550725,0.23529411764705882
2,1,0,0,2.1104968042975334,-0.05555555555555555,2.271610610875103,1,0,6,5,4,3,2,1,0,6,1,0,0,0,1,1,1,1,0,0,0,0,1,1,0,0,0,0,0,1,0,1,0,0,0,0,0,0,1,0,1.8064490973603147,-0.2112930481906648,0.5021307918797459,0.25106862516515116,0.6786073112296158,0.755893036556148,-0.03262881826596743,-0.14757117642544715,-0.4387303525103006,-1.1080648846241719,1.1304347826086956,0.4117647058823529,-0.11764705882352941,0.11764705882352941,0.6470588235294118,0.8235294117647058,0.927536231884058,0.16666666666666666,0.2898550724637681,-1.1764705882352942
3,1,0,0,0.45931851154766096,0.05555555555555555,0.5656661794627186,2,1,0,6,5,4,3,2,1,0,1,1,0,0,0,1,1,1,1,0,0,0,0,1,1,0,0,0,0,0,0,0,1,0,0,0,0,0,0,1,2.0986470152454477,1.7973700056329271,-0.21071594607159455,0.49976684541851246,0.2535358219336889,0.6786073112296158,0.7618790496760257,-0.02478704627426919,-0.14115672211200977,-0.4302794912801767,-0.028985507246376812,1.1764705882352942,0.4117647058823529,-0.11764705882352941,0.11764705882352941,0.6470588235294118,0.8115942028985508,0.8888888888888888,0.17391304347826086,0.29411764705882354
4,1,0,0,-0.1360624240285456,0.6666666666666666,0.1521165613628308,3,2,1,0,6,5,4,3,2,1,1,1,1,0,0,0,1,1,1,1,0,0,0,0,1,1,0,0,0,0,0,0,0,1,0,0,0,0,0,0,0.45673957967793494,2.0884952314356195,1.7924608709127536,-0.2152405378099012,0.5008501429785919,0.2535358219336889,0.6847423634680652,0.7656357915739389,-0.019075232717839157,-0.13327240880359453,0.08695652173913043,0.0,1.1764705882352942,0.4117647058823529,-0.11764705882352941,0.11764705882352941,0.6376811594202898,0.7777777777777778,0.927536231884058,0.17647058823529413
5,0,1,0,-0.3729757283456848,0.7222222222222222,-0.06112294394133449,4,3,2,1,0,6,5,4,3,2,1,1,1,1,0,0,0,1,1,1,0,0,0,0,0,1,1,0,0,0,0,0,0,0,1,0,0,0,0,0,-0.13529847545521886,0.4526154264514499,2.0827909499457617,1.7940079272557703,-0.2101785300255042,0.5008501429785919,0.2604905893242825,0.6888957102294527,0.7668243552571341,-0.011423349326022389,0.7246376811594203,0.11764705882352941,0.0,1.1764705882352942,0.4117647058823529,-0.11764705882352941,0.11594202898550725,0.6111111111111112,0.8115942028985508,0.9411764705882353
6,0,1,0,0.399717680272909,0.2222222222222222,0.7952543720867782,5,4,3,2,1,0,6,5,4,3,0,1,1,1,1,0,0,0,1,1,1,0,0,0,0,0,1,1,0,0,0,0,0,0,0,1,0,0,0,0,-0.37088158459079035,-0.13724918905269692,0.45137920347125365,2.0852179995336906,1.787889326841332,-0.2101785300255042,0.5073279851897561,0.2668252628347785,0.6905234243857775,0.7729799710608484,0.782608695652174,0.7647058823529411,0.11764705882352941,0.0,1.1764705882352942,0.4117647058823529,-0.11594202898550725,0.1111111111111111,0.6376811594202898,0.8235294117647058
0,1,0,0,0.687605379759244,1.0,0.8387727843900149,6,5,4,3,2,1,0,6,5,4,0,0,1,1,1,1,0,0,0,1,1,1,0,0,0,0,0,1,1,0,0,0,0,0,0,0,1,0,0,0,0.39747338870043275,-0.37196744556455524,-0.13687432202076547,0.4488614284604025,2.0774789396398483,1.787889326841332,-0.20232952792348052,0.5123935231371344,0.270868304593316,0.6968243088873658,0.2608695652173913,0.8235294117647058,0.7647058823529411,0.11764705882352941,0.0,1.1764705882352942,0.4057971014492754,-0.1111111111111111,0.11594202898550725,0.6470588235294118
1,1,0,0,0.8937772026820375,1.4444444444444444,1.2127921160230237,0,6,5,4,3,2,1,0,6,5,1,0,0,1,1,1,1,0,0,0,0,1,1,0,0,0,0,0,1,1,0,0,0,0,0,0,0,1,0,0,0.6837446874878154,0.39356680846104536,-0.3709514954284829,-0.14117509909069706,0.45022799288971316,2.0774789396398483,1.791885220610922,-0.1936152252321389,0.5150312833816573,0.27796816693321147,1.0724637681159421,0.29411764705882354,0.8235294117647058,0.7647058823529411,0.11764705882352941,0.0,1.1594202898550725,0.3888888888888889,-0.11594202898550725,0.11764705882352941
2,1,0,0,-0.2628710347802218,0.3888888888888889,-0.02792697471372606,1,0,6,5,4,3,2,1,0,6,1,1,0,0,1,1,1,1,0,0,0,0,1,1,0,0,0,0,0,1,0,0,0,0,0,0,0,0,1,0,0.888758919171833,0.6787871724646971,0.3924918642491864,-0.375961762648636,-0.13652523378931902,0.45022799288971316,2.0809163838321503,1.7903460977668633,-0.18693728063482373,0.5216662858883558,1.536231884057971,1.1176470588235294,0.29411764705882354,0.8235294117647058,0.7647058823529411,0.11764705882352941,0.0,1.1111111111111112,0.4057971014492754,-0.11764705882352941
3,1,0,0,0.197388542524409,0.16666666666666666,0.4408234360064571,2,1,0,6,5,4,3,2,1,0,1,1,1,0,0,1,1,1,1,0,0,0,0,1,1,0,0,0,0,0,0,0,0,0,0,0,0,0,0,1,-0.26139509494287816,0.8830487733815048,0.6769332093599877,0.3897956011502292,-0.3700054100007728,-0.13652523378931902,0.45680345572354186,2.0778911825646533,1.785670685182359,-0.17896580610768412,0.43478260869565216,1.588235294117647,1.1176470588235294,0.29411764705882354,0.8235294117647058,0.7647058823529411,0.11594202898550725,0.0,1.1594202898550725,0.4117647058823529
4,1,0,0,-0.19229110300748914,0.16666666666666666,-0.04116990772425217,3,2,1,0,6,5,4,3,2,1,1,1,1,1,0,0,1,1,1,1,0,0,0,0,1,1,0,0,0,0,0,0,0,0,0,0,0,0,0,0,0.1962802666978595,-0.2628828933822813,0.8806369130636915,0.6750990906971321,0.3914908416415488,-0.3700054100007728,-0.12881826596729415,0.4621287698564958,2.0715702731573327,1.7898865280633613,0.2028985507246377,0.47058823529411764,1.588235294117647,1.1176470588235294,0.29411764705882354,0.8235294117647058,0.7536231884057971,0.1111111111111111,0.0,1.1764705882352942
5,0,1,0,0.2586362388738581,1.5,0.7417613342736044,4,3,2,1,0,6,5,4,3,2,1,1,1,1,1,0,0,1,1,1,0,0,0,0,0,1,1,0,0,0,0,0,0,0,0,0,0,0,0,0,-0.19121144773267812,0.1931122894936194,-0.2621648845498216,0.8794202222740345,0.6752067393152484,0.3914908416415488,-0.36184819500154286,-0.1204819277108435,0.46505417366091856,2.075241794227401,0.2028985507246377,0.23529411764705882,0.47058823529411764,1.588235294117647,1.1176470588235294,0.29411764705882354,0.8115942028985508,0.7222222222222222,0.11594202898550725,0.0
6,0,1,0,-0.32568717405795394,0.3333333333333333,0.0398570751591912,5,4,3,2,1,0,6,5,4,3,0,1,1,1,1,1,0,0,1,1,1,0,0,0,0,0,1,1,0,0,0,0,0,0,0,0,0,0,0,0,0.25718407611026645,-0.19295689839364433,0.19258484425848457,-0.26684541851247356,0.8783909111987017,0.6752067393152484,0.3981795742054919,-0.3523137134525364,-0.11422249351442086,0.4717843271647246,1.5942028985507246,0.23529411764705882,0.23529411764705882,0.47058823529411764,1.588235294117647,1.1176470588235294,0.2898550724637681,0.7777777777777778,0.7536231884057971,0.11764705882352941
0,1,0,0,0.26922322863976794,0.2777777777777778,0.582882518098237,6,5,4,3,2,1,0,6,5,4,0,0,1,1,1,1,1,0,0,1,1,1,0,0,0,0,0,1,1,0,0,0,0,0,0,0,0,0,0,0,-0.3238585409599563,0.25379251403375885,-0.19242987757632093,0.18928266107095684,-0.2614962516423215,0.8783909111987017,0.6813483492749149,0.4038063080346863,-0.3447276056767893,-0.10638946005635518,0.37681159420289856,1.6470588235294117,0.23529411764705882,0.23529411764705882,0.47058823529411764,1.588235294117647,1.1014492753623188,0.2777777777777778,0.8115942028985508,0.7647058823529411
1,1,0,0,-0.6186723130612084,0.2777777777777778,-0.25688640402374874,0,6,5,4,3,2,1,0,6,5,1,0,0,1,1,1,1,1,0,0,0,1,1,0,0,0,0,0,1,1,0,0,0,0,0,0,0,0,0,0,0.26771162319179637,-0.3251170289221684,0.25309933364326687,-0.19689904406621572,0.19209367029909588,-0.2614962516423215,0.8841406973156433,0.6855191466502953,0.40706546619868755,-0.3364557154824462,0.3188405797101449,0.4117647058823529,1.6470588235294117,0.23529411764705882,0.23529411764705882,0.47058823529411764,1.565217391304348,1.0555555555555556,0.2898550724637681,0.8235294117647058
2,1,0,0,0.07183468611535894,0.6111111111111112,0.5091449838829457,1,0,6,5,4,3,2,1,0,6,1,1,0,0,1,1,1,1,1,0,0,0,1,1,0,0,0,0,0,1,0,0,0,0,0,0,0,0,0,0,-0.6151986587125199,0.26428141328205434,-0.3242290407562374,0.24998057045154284,-0.1919390988484425,0.19209367029909588,-0.2535482875655662,0.8872688205049497,0.6871661834274378,0.4139060239128779,0.3188405797101449,0.35294117647058826,0.4117647058823529,1.6470588235294117,0.23529411764705882,0.23529411764705882,0.463768115942029,1.5,1.1014492753623188,0.29411764705882354
3,1,0,0,-0.28090812845547575,0.8888888888888888,0.041715396699707585,2,1,0,6,5,4,3,2,1,0,1,1,1,0,0,1,1,1,1,1,0,0,0,1,1,0,0,0,0,0,0,0,0,0,0,0,0,0,0,0,0.07143135649393688,-0.6153876036749995,0.2635595846892919,-0.3290976917696432,0.2524538217791175,-0.1919390988484425,0.19916692378895395,-0.24457063924487762,0.8877613306882346,0.6934734597517326,0.6666666666666666,0.35294117647058826,0.35294117647058826,0.4117647058823529,1.6470588235294117,0.23529411764705882,0.2318840579710145,0.4444444444444444,1.565217391304348,1.1176470588235294
4,1,0,0,4.57616750970474,0.6111111111111112,4.529250689720761,3,2,1,0,6,5,4,3,2,1,1,1,1,1,0,0,1,1,1,1,0,0,0,0,1,1,0,0,0,0,0,0,0,0,0,0,0,0,0,0,-0.27933091589659603,0.06872171396383271,-0.6137068030373469,0.26047252661848147,-0.3234021176288739,0.2524538217791175,-0.18412526997840173,0.205816898165912,-0.23760109873340443,0.8936866956058185,0.9565217391304348,0.7058823529411765,0.35294117647058826,0.35294117647058826,0.4117647058823529,1.6470588235294117,0.2318840579710145,0.2222222222222222,0.463768115942029,1.588235294117647
5,0,1,0,-0.7029761204564168,-0.1111111111111111,-0.3347809259286324,4,3,2,1,0,6,5,4,3,2,1,1,1,1,1,0,0,1,1,1,0,0,0,0,0,1,1,0,0,0,0,0,0,0,0,0,0,0,0,0,4.550473739618668,-0.2807528698793776,0.06853401518673484,-0.6194528639154425,0.26288739469819933,-0.3234021176288739,0.25941067571737114,-0.17550456603484002,0.2102090645505876,-0.22953316579087643,0.6666666666666666,1.0,0.7058823529411765,0.35294117647058826,0.35294117647058826,0.4117647058823529,1.6231884057971016,0.2222222222222222,0.2318840579710145,0.47058823529411764
6,0,0,1,0.018978159432223782,0.7777777777777778,0.5468459686545716,5,4,3,2,1,0,6,5,4,3,0,1,1,1,1,1,0,0,1,1,1,0,0,0,0,0,1,1,0,0,0,0,0,0,0,0,0,0,0,0,-0.6990291262135921,4.53132101858866,-0.27998605299860524,0.06485583275044686,-0.6121415874487981,0.26288739469819933,-0.3153347732181427,0.2657509016959558,-0.16893026094918348,0.2174244155052929,-0.08695652173913043,0.7058823529411765,1.0,0.7058823529411765,0.35294117647058826,0.35294117647058826,0.4057971014492754,1.5555555555555556,0.2318840579710145,0.23529411764705882
0,1,0,0,-0.3194134023448221,0.7222222222222222,-0.12117551822766973,6,5,4,3,2,1,0,6,5,4,0,0,1,1,1,1,1,0,0,1,0,1,0,0,0,0,0,1,1,0,1,0,0,0,0,0,0,0,0,0,0.018871602916520572,-0.698910319911427,4.518944676894467,-0.28472060309318403,0.06835922405131771,-0.6121415874487981,0.2698241283554457,-0.30603944440181124,0.2698000915611172,-0.1609930698347421,0.8405797101449275,-0.058823529411764705,0.7058823529411765,1.0,0.7058823529411765,0.35294117647058826,0.34782608695652173,0.3888888888888889,1.6231884057971016,0.23529411764705882
1,1,0,0,-0.8399011880955181,0.4444444444444444,-0.5079467586778011,0,6,5,4,3,2,1,0,6,5,1,0,0,1,1,1,1,1,0,0,0,0,1,0,0,0,0,0,1,1,0,1,0,0,0,0,0,0,0,0,-0.31761999454127177,0.016354913272342467,-0.6970013947001394,4.528755731716794,-0.27927196846742397,0.06835922405131771,-0.6035174328910831,0.27611081267746135,-0.29871814436136124,0.27690198766278284,0.782608695652174,0.8823529411764706,-0.058823529411764705,0.7058823529411765,1.0,0.7058823529411765,0.34782608695652173,0.3333333333333333,0.4057971014492754,1.6470588235294117
2,1,0,0,-0.15551111633925407,1.5,0.12484379489993043,1,0,6,5,4,3,2,1,0,6,1,1,0,0,1,1,1,1,1,0,0,0,0,1,0,0,0,0,0,1,0,0,1,0,0,0,0,0,0,0,-0.8351854018013801,-0.3189013849231784,0.016310243297691138,-0.7029999222818061,4.507419429631346,-0.27927196846742397,0.07567108917000905,-0.5927403883048118,0.28010071722875024,-0.29053385119183617,0.4927536231884058,0.8235294117647058,0.8823529411764706,-0.058823529411764705,0.7058823529411765,1.0,0.6956521739130435,0.3333333333333333,0.34782608695652173,0.4117647058823529
3,1,0,0,-0.32568717405795394,0.3333333333333333,0.0398570751591912,2,1,0,6,5,4,3,2,1,0,1,1,1,0,0,1,1,1,1,1,0,0,0,0,1,0,0,0,0,0,0,0,0,1,0,0,0,0,0,0,-0.1546379693531406,-0.8345667501893828,-0.3180303734697039,0.012473770109582793,-0.6952237421748202,4.507419429631346,-0.2712897253933972,0.08295602793338941,-0.5837784220967496,0.28718300205620295,1.5942028985507246,0.5294117647058824,0.8235294117647058,0.8823529411764706,-0.058823529411764705,0.7058823529411765,0.9855072463768116,0.6666666666666666,0.34782608695652173,0.35294117647058826
4,1,0,0,-0.5592283260792847,0.0,-0.36627986507454263,3,2,1,0,6,5,4,3,2,1,1,1,1,1,0,0,1,1,1,1,0,0,0,0,0,1,0,0,0,0,0,0,0,0,1,0,0,0,0,0,-0.3238585409599563,-0.15651768544956574,-0.8322873082287308,-0.3228802362633091,0.016268645181235164,-0.6952237421748202,4.506170934896636,-0.26222085795410954,0.08805127422554548,-0.5750514050719672,0.37681159420289856,1.6470588235294117,0.5294117647058824,0.8235294117647058,0.8823529411764706,-0.058823529411764705,0.6956521739130435,0.9444444444444444,0.6956521739130435,0.35294117647058826
5,0,1,0,0.06312982786338871,1.4444444444444444,0.4703422964349856,4,3,2,1,0,6,5,4,3,2,1,1,1,1,1,0,0,1,1,1,0,0,0,0,0,0,1,0,0,0,0,0,0,0,0,1,0,0,0,0,-0.5560884313954848,-0.3251170289221684,-0.1560901906090189,-0.8386958887075463,-0.3172192596027512,0.016268645181235164,-0.6864393705646407,4.4906760801166445,-0.25515031283381656,0.09549920036554711,0.028985507246376812,0.4117647058823529,1.6470588235294117,0.5294117647058824,0.8235294117647058,0.8823529411764706,-0.057971014492753624,0.6666666666666666,0.9855072463768116,0.7058823529411765
6,0,1,0,-0.26483158844057547,0.2777777777777778,0.035685998124434785,5,4,3,2,1,0,6,5,4,3,0,1,1,1,1,1,0,0,1,1,1,0,0,0,0,0,0,1,0,0,0,0,0,0,0,0,1,0,0,0,0.06277537333801232,-0.5564943767845696,-0.3242290407562374,-0.16044921116033248,-0.8301646185949454,-0.3172192596027512,0.02368096266584382,-0.6752359757501345,4.470547840683656,-0.24704896809077753,1.536231884057971,0.058823529411764705,0.4117647058823529,1.6470588235294117,0.5294117647058824,0.8235294117647058,0.8695652173913043,-0.05555555555555555,0.6956521739130435,1.0
0,1,0,0,0.3121201427283065,1.0,0.47504939945217683,6,5,4,3,2,1,0,6,5,4,0,0,1,1,1,1,1,0,0,1,1,1,0,0,0,0,0,0,1,0,0,0,0,0,0,0,0,1,0,0,-0.26334464069871705,0.06009750791523426,-0.554974430497443,-0.3290976917696432,-0.15569209367029893,-0.8301646185949454,-0.3091638383215058,0.03123321310720584,-0.665801922783458,4.469651968623867,0.3188405797101449,1.588235294117647,0.058823529411764705,0.4117647058823529,1.6470588235294117,0.5294117647058824,0.8115942028985508,0.8333333333333334,-0.057971014492753624,0.7058823529411765
1,1,0,0,-0.42583225502882005,0.4444444444444444,0.00531778150012202,0,6,5,4,3,2,1,0,6,5,1,0,0,1,1,1,1,1,0,0,0,1,1,0,0,0,0,0,0,1,0,0,0,0,0,0,0,0,1,0,0.31036768432955125,-0.2648252821319657,0.05993336432666987,-0.5605424729929276,-0.3234021176288739,-0.15569209367029893,-0.8211200246837397,-0.29990023789425224,0.03662444681825127,-0.6569187419084609,1.0724637681159421,0.35294117647058826,1.588235294117647,0.058823529411764705,0.4117647058823529,1.6470588235294117,0.5217391304347826,0.7777777777777778,0.8695652173913043,-0.058823529411764705
2,1,0,0,-0.2653805434654746,0.7777777777777778,-0.004922228391860017,1,0,6,5,4,3,2,1,0,6,1,1,0,0,1,1,1,1,1,0,0,0,1,1,0,0,0,0,0,0,0,0,0,0,0,0,0,0,0,1,-0.4234413381682067,0.3067808791251482,-0.2641019680768633,0.05622911323540851,-0.5535590076512867,-0.3234021176288739,-0.1479481641468683,-0.8092241577776074,-0.2926140698916526,0.04417028406061999,0.4927536231884058,1.1176470588235294,0.35294117647058826,1.588235294117647,0.058823529411764705,0.4117647058823529,1.6231884057971016,0.5,0.8115942028985508,0.8823529411764706
3,1,0,0,0.736070266243187,1.3888888888888888,0.994423878790415,2,1,0,6,5,4,3,2,1,0,1,1,1,0,0,1,1,1,1,1,0,0,0,1,1,0,0,0,0,0,0,0,0,0,0,0,0,0,0,0,-0.2638905135103521,-0.4243342462560456,0.305942972260964,-0.26878837335820294,0.059780508540072747,-0.5535590076512867,-0.3153347732181427,-0.13951346788427602,-0.7990233480848467,-0.28444139821795744,0.8405797101449275,0.5294117647058824,1.1176470588235294,0.35294117647058826,1.588235294117647,0.058823529411764705,0.4057971014492754,1.5555555555555556,0.5217391304347826,0.8235294117647058
4,1,0,0,0.12923969729051496,1.4444444444444444,0.35403727557066317,3,2,1,0,6,5,4,3,2,1,1,1,1,1,0,0,1,1,1,1,0,0,0,0,1,1,0,0,0,0,0,0,0,0,0,0,0,0,0,0,0.7319374585721528,-0.2653691509818775,-0.4231752673175267,0.3029843786430404,-0.2634283947754848,0.059780508540072747,-0.5450478247454491,-0.30603944440181124,-0.13314512437051723,-0.7898865280633615,1.4782608695652173,0.8823529411764706,0.5294117647058824,1.1176470588235294,0.35294117647058826,1.588235294117647,0.057971014492753624,0.3888888888888889,1.6231884057971016,0.5294117647058824
5,0,1,0,0.10571305336627076,1.3333333333333333,0.3528903608165638,4,3,2,1,0,6,5,4,3,2,1,1,1,1,1,0,0,1,1,1,0,0,0,0,0,1,1,0,0,0,0,0,0,0,0,0,0,0,0,0,0.12851405622489973,0.7268030223568945,-0.26464435146443516,-0.42834382528950016,0.30516268645181244,-0.2634283947754848,0.06710891700092554,-0.5345714066456912,-0.29871814436136124,-0.1252760642753788,1.536231884057971,1.5294117647058822,0.8823529411764706,0.5294117647058824,1.1176470588235294,0.35294117647058826,1.565217391304348,0.05555555555555555,0.4057971014492754,1.6470588235294117
6,0,1,0,1.7285025291142218,0.7777777777777778,1.9992353901639337,5,4,3,2,1,0,6,5,4,3,0,1,1,1,1,1,0,0,1,1,1,0,0,0,0,0,1,1,0,0,0,0,0,0,0,0,0,0,0,0,0.10511950715483305,0.125594856554591,0.7248179141484582,-0.26933240071500736,-0.4220959888708555,0.30516268645181244,-0.2554767047207652,0.07443787890415154,-0.5259423164962613,-0.29053385119183617,1.4202898550724639,1.588235294117647,1.5294117647058822,0.8823529411764706,0.5294117647058824,1.1176470588235294,0.34782608695652173,1.5,0.057971014492753624,0.4117647058823529
0,1,0,0,1.3307454025016663,1.1111111111111112,1.1242817982588724,6,5,4,3,2,1,0,6,5,4,0,0,1,1,1,1,1,0,0,1,1,1,0,0,0,0,0,1,1,0,0,0,0,0,0,0,0,0,0,0,1.7187975201777985,0.10228619155837865,0.12525182085851558,0.7231289344835626,-0.26396939485277066,-0.4220959888708555,0.31201789571120014,-0.24648914127848978,0.07958187089882501,-0.5173254131444673,0.8405797101449275,1.4705882352941178,1.588235294117647,1.5294117647058822,0.8823529411764706,0.5294117647058824,1.1014492753623188,0.3333333333333333,1.565217391304348,0.058823529411764705
1,1,0,0,0.5360937928871113,0.6111111111111112,0.6479715075588811,0,6,5,4,3,2,1,0,6,5,1,0,0,1,1,1,1,1,0,0,0,1,1,0,0,0,0,0,1,1,0,0,0,0,0,0,0,0,0,0,1.3232736772332045,1.7100402074471186,0.10200681853401534,0.12174555063340342,0.7229693175670454,-0.26396939485277066,-0.4138383215057082,0.3180876371728953,-0.23950862200518835,0.08704592186429067,1.1884057971014492,0.8823529411764706,1.4705882352941178,1.588235294117647,1.5294117647058822,0.8823529411764706,0.5217391304347826,1.0555555555555556,0.34782608695652173,1.588235294117647
2,1,0,0,-0.5571893502725169,0.16666666666666666,-0.3331518191079489,1,0,6,5,4,3,2,1,0,6,1,1,0,0,1,1,1,1,1,0,0,0,1,1,0,0,0,0,0,1,0,0,0,0,0,0,0,0,0,0,0.533083791476586,1.315968377911155,1.7053695955369597,0.0984300924846508,0.12493237499033943,0.7229693175670454,-0.2560166615242211,-0.4040365282787201,0.3218373264153823,-0.2314370573452135,0.6666666666666666,1.2352941176470589,0.8823529411764706,1.4705882352941178,1.588235294117647,1.5294117647058822,0.8695652173913043,0.5,1.1014492753623188,0.35294117647058826
3,0,0,1,-0.2227188958161785,-1.2222222222222223,-0.1425143572004387,2,1,0,6,5,4,3,2,1,0,1,1,1,0,0,1,1,1,1,1,0,0,0,1,1,0,0,0,0,0,0,0,0,0,0,0,0,0,0,0,-0.5540609038094123,0.5286793698890897,1.3123740895707423,1.7066526773917774,0.10174665739237977,0.12493237499033943,0.7290188213514346,-0.24702632184790135,-0.39615443308408366,0.3288401492650979,0.2028985507246377,0.7058823529411765,1.2352941176470589,0.8823529411764706,1.4705882352941178,1.588235294117647,1.5072463768115942,0.8333333333333334,0.5217391304347826,1.1176470588235294
4,1,0,0,-0.4478688781711955,0.1111111111111111,-0.07902272096167562,3,2,1,0,6,5,4,3,2,1,0,1,1,1,0,0,1,1,1,1,0,0,0,0,1,1,0,0,0,0,1,0,0,0,0,0,0,0,0,0,-0.22146839786329786,-0.5544742924848979,0.5272353943902062,1.3124659982901996,1.7010201715743103,0.10174665739237977,0.1321351434742363,0.7329445169211879,-0.24004272852128802,-0.3877846317873734,-1.2463768115942029,0.23529411764705882,0.7058823529411765,1.2352941176470589,0.8823529411764706,1.4705882352941178,1.565217391304348,1.4444444444444444,0.8695652173913043,0.5294117647058824
5,0,1,0,-0.42442065639336535,-0.3333333333333333,-0.0996627704720551,4,3,2,1,0,6,5,4,3,2,1,0,1,1,1,0,0,1,1,1,0,0,0,0,0,1,1,0,0,0,0,1,0,0,0,0,0,0,0,0,-0.4453542324638359,-0.2231027717887458,-0.5529598636293196,0.5249475402191653,1.3090269727181387,1.7010201715743103,0.10899413761184815,0.13912976747755348,0.7343201587059363,-0.23197014698042806,0.14492753623188406,-1.2352941176470589,0.23529411764705882,0.7058823529411765,1.2352941176470589,0.8823529411764706,1.4492753623188406,1.5,1.5072463768115942,0.8823529411764706
6,0,1,0,-0.5451123397247382,-0.3333333333333333,-0.11743237876617922,5,4,3,2,1,0,6,5,4,3,0,1,0,1,1,1,0,0,1,1,1,0,0,0,0,0,1,1,0,0,0,0,1,0,0,0,0,0,0,0,-0.4220376652240027,-0.44616669580249785,-0.22249341391600808,-0.5585217999533689,0.5258907179843884,1.3090269727181387,1.7051835853131747,0.11610774307420763,0.1439035556233787,0.7405376589749448,-0.3188405797101449,0.17647058823529413,-1.2352941176470589,0.23529411764705882,0.7058823529411765,1.2352941176470589,0.8695652173913043,1.3888888888888888,1.565217391304348,1.5294117647058822
0,1,0,0,-0.061718229227934,0.3888888888888889,0.3094977011761344,6,5,4,3,2,1,0,6,5,4,0,0,1,0,1,1,1,0,0,1,1,1,0,0,0,0,0,1,1,0,0,0,0,1,0,0,0,0,0,0,-0.5420517019534448,-0.4229357263562728,-0.44494808616147524,-0.22705370327193597,-0.5515495787927969,0.5258907179843884,1.3139463128663988,1.704090246335661,0.12101327636197172,0.15124514507653655,-0.3188405797101449,-0.29411764705882354,0.17647058823529413,-1.2352941176470589,0.23529411764705882,0.7058823529411765,1.2173913043478262,0.8333333333333334,1.4492753623188406,1.588235294117647
1,1,0,0,0.4935889895306434,-0.05555555555555555,1.0115403302773824,0,6,5,4,3,2,1,0,6,5,1,0,0,1,0,1,1,1,0,0,0,1,1,0,0,0,0,0,1,1,0,0,0,0,1,0,0,0,0,0,-0.06137170039380827,-0.5425091777868422,-0.4217805671780566,-0.4501826377554985,-0.2219259602751372,-0.5515495787927969,0.5323202715211354,1.3148645537564267,1.6999084388829544,0.12839844642449177,0.43478260869565216,-0.29411764705882354,-0.29411764705882354,0.17647058823529413,-1.2352941176470589,0.23529411764705882,0.6956521739130435,1.1666666666666667,0.8695652173913043,1.4705882352941178
2,1,0,0,0.2646747441477473,0.7222222222222222,0.4040700122692962,1,0,6,5,4,3,2,1,0,6,1,1,0,0,1,0,1,1,1,0,0,0,1,1,0,0,0,0,0,1,0,0,0,0,0,1,0,0,0,0,0.49081763948999874,-0.06359380766466602,-0.5410274291027428,-0.426944897800575,-0.44381327768761103,-0.2219259602751372,-0.543042270904042,0.537257309492748,1.3129101175034334,1.7042875637803672,-0.028985507246376812,0.47058823529411764,-0.29411764705882354,-0.29411764705882354,0.17647058823529413,-1.2352941176470589,0.2318840579710145,0.6666666666666666,1.2173913043478262,0.8823529411764706
3,1,0,0,0.9841195153511351,0.8888888888888888,1.3426187024701461,2,1,0,6,5,4,3,2,1,0,1,1,1,0,0,1,0,1,1,1,0,0,0,1,1,0,0,0,0,0,0,0,0,0,0,0,1,0,0,0,0.26318867703825005,0.4865683817959326,-0.06342011467534482,-0.5465531981036759,-0.42070484581497786,-0.44381327768761103,-0.2140543042270906,-0.5325761645307345,0.5397527849839768,1.3180260452364632,0.782608695652174,0.0,0.47058823529411764,-0.29411764705882354,-0.29411764705882354,0.17647058823529413,-1.2173913043478262,0.2222222222222222,0.6956521739130435,1.2352941176470589
4,1,0,0,0.7889267929263225,0.9444444444444444,0.8886656790806765,3,2,1,0,6,5,4,3,2,1,1,1,1,1,0,0,1,0,1,1,0,0,0,0,1,1,0,0,0,0,0,0,0,0,0,0,0,1,0,0,0.978593987600889,0.25977507138278655,0.48523942352394234,-0.06749825134063886,-0.5396475770925109,-0.42070484581497786,-0.4355137303301451,-0.20527971759650088,-0.523958492293606,0.5463407204325642,0.9565217391304348,0.8235294117647058,0.0,0.47058823529411764,-0.29411764705882354,-0.29411764705882354,0.17391304347826086,-1.1666666666666667,0.2318840579710145,0.7058823529411765
5,0,1,0,-0.36427087009371434,0.5555555555555556,-0.02201975389278618,4,3,2,1,0,6,5,4,3,2,1,1,1,1,1,0,0,1,0,1,0,0,0,0,0,1,1,0,0,0,0,0,0,0,0,0,0,0,1,0,0.7844972121495692,0.97255404696696,0.2590655509065551,0.4828242791637522,-0.0632583661797666,-0.5396475770925109,-0.41244986115396487,-0.42560049113652076,-0.19853502212727003,-0.5153453659279568,1.0144927536231885,1.0,0.8235294117647058,0.0,0.47058823529411764,-0.29411764705882354,-0.2898550724637681,0.16666666666666666,-1.2173913043478262,0.23529411764705882
6,0,1,0,0.4007371681762929,0.8333333333333334,0.7928085038240481,5,4,3,2,1,0,6,5,4,3,0,1,1,1,1,1,0,0,1,0,1,0,0,0,0,0,1,1,0,0,0,0,0,0,0,0,0,0,0,1,-0.36222560143486554,0.779169823048385,0.9698977219897723,0.2559648713763892,0.48400185485740777,-0.0632583661797666,-0.5311632212280161,-0.40265520681451933,-0.41759499465893485,-0.19054146675805353,0.6086956521739131,1.0588235294117647,1.0,0.8235294117647058,0.0,0.47058823529411764,-0.2898550724637681,-0.2777777777777778,0.17391304347826086,-1.2352941176470589
0,0,0,1,0.1337097596361213,0.7777777777777778,0.51777838784876,6,5,4,3,2,1,0,6,5,4,0,0,1,1,1,1,1,0,0,1,1,1,0,0,0,0,0,1,1,0,0,0,0,0,0,0,0,0,0,0,0.39848715249346894,-0.3633432395159566,0.7770416860375021,0.9689515815652444,0.25840482262926034,0.48400185485740777,-0.05569268744214769,-0.5207581920036837,-0.3947810163283992,-0.40918437285812204,0.8985507246376812,0.6470588235294118,1.0588235294117647,1.0,0.8235294117647058,0.0,0.463768115942029,-0.2777777777777778,-0.2898550724637681,0.17647058823529413
1,1,0,0,0.6227502646747443,0.3888888888888889,0.9398468025545454,0,6,5,4,3,2,1,0,6,5,0,0,0,1,1,1,1,1,0,0,0,1,1,0,0,0,0,0,1,1,1,0,0,0,0,0,0,0,0,0,0.13295902054821235,0.3945768506108812,-0.36235084456841765,0.775510997124427,0.9674240667748667,0.25840482262926034,0.4905121875964206,-0.04773233059627064,-0.512208148939417,-0.3864138298682507,0.8405797101449275,0.9411764705882353,0.6470588235294118,1.0588235294117647,1.0,0.8235294117647058,0.0,0.4444444444444444,-0.2898550724637681,-0.29411764705882354
2,1,0,0,-0.06720777947692422,0.8333333333333334,0.3287837015296297,1,0,6,5,4,3,2,1,0,6,1,0,0,0,1,1,1,1,1,0,0,0,1,1,0,0,0,0,0,1,0,1,0,0,0,0,0,0,0,0,0.619253713884665,0.13002350290387127,0.39349914768324806,-0.36733504313359744,0.7750598964371281,0.9674240667748667,0.26535020055538394,0.49566418540403634,-0.04188921104837486,-0.5036173939532403,0.43478260869565216,0.8823529411764706,0.9411764705882353,0.6470588235294118,1.0588235294117647,1.0,0.8115942028985508,0.0,0.463768115942029,-0.29411764705882354
3,1,0,0,-0.8347253264321843,-0.2222222222222222,-0.45298969069997025,2,1,0,6,5,4,3,2,1,0,1,1,0,0,0,1,1,1,1,1,0,0,0,1,1,0,0,0,0,0,0,0,1,0,0,0,0,0,0,0,-0.06683042851015707,0.6145329526251385,0.12966837130017056,0.3908059376700085,-0.36142669448952763,0.7750598964371281,0.9730021598272136,0.27165988795948104,0.49839768045170146,-0.03419389231589375,0.8985507246376812,0.47058823529411764,0.8823529411764706,0.9411764705882353,0.6470588235294118,1.0588235294117647,0.9855072463768116,0.7777777777777778,0.0,0.47058823529411764
4,1,0,0,0.12437752421283779,1.0,0.3966657459524939,3,2,1,0,6,5,4,3,2,1,1,1,1,0,0,0,1,1,1,1,0,0,0,0,1,1,0,0,0,0,0,0,0,1,0,0,0,0,0,0,-0.8300386010059655,-0.06903249616378214,0.6128544862854488,0.12617548768166637,0.39249555607079367,-0.36142669448952763,0.7810089478556,0.9756733942137977,0.27567526323821145,0.5050643515345365,-0.2028985507246377,0.9411764705882353,0.47058823529411764,0.8823529411764706,0.9411764705882353,0.6470588235294118,1.0434782608695652,0.9444444444444444,0.8115942028985508,0.0
5,0,1,0,0.09755715013919929,0.8888888888888888,0.449715495114835,4,3,2,1,0,6,5,4,3,2,1,1,1,1,0,0,0,1,1,1,0,0,0,0,0,1,1,0,0,0,0,0,0,0,1,0,0,0,0,0,0.12367918275041924,-0.829438843890216,-0.06884394855106145,0.6108261444004043,0.12933766133395172,0.39249555607079367,-0.3532860228324592,0.7846673317473717,0.9756600030520373,0.28276597365014083,1.0724637681159421,-0.17647058823529413,0.9411764705882353,0.47058823529411764,0.8823529411764706,0.9411764705882353,0.6376811594202898,1.0,0.9855072463768116,0.8235294117647058
6,0,1,0,-0.5629925891071638,0.7222222222222222,-0.12797772789962666,5,4,3,2,1,0,6,5,4,3,0,1,1,1,1,0,0,0,1,1,1,0,0,0,0,0,1,1,0,0,0,0,0,0,0,1,0,0,0,0,0.09700939681054312,0.12077773245537374,-0.8271734077173407,-0.07293852490868104,0.6112914444702064,0.12933766133395172,0.3991823511261954,-0.3437955644232984,0.7857469861132307,0.9814180184296702,0.9565217391304348,1.1176470588235294,-0.17647058823529413,0.9411764705882353,0.47058823529411764,0.8823529411764706,0.927536231884058,0.6111111111111112,1.0434782608695652,1.0
0,1,0,0,0.5272320903423128,0.3333333333333333,0.9352618772916872,6,5,4,3,2,1,0,6,5,4,0,0,1,1,1,1,0,0,0,1,1,1,0,0,0,0,0,1,1,0,0,0,0,0,0,0,1,0,0,0,-0.5598315592466954,0.09420585435969155,0.12044785371145215,-0.8335664879148207,-0.06866836695262377,0.6112914444702064,0.13653193458809,0.4048039290921646,-0.3362582023500686,0.7918665752798721,0.782608695652174,1.0,1.1176470588235294,-0.17647058823529413,0.9411764705882353,0.47058823529411764,0.8695652173913043,0.8888888888888888,0.6376811594202898,1.0588235294117647
1,1,0,0,0.5311531976630202,0.2777777777777778,1.0750654024248183,0,6,5,4,3,2,1,0,6,5,1,0,0,1,1,1,1,0,0,0,0,1,1,0,0,0,0,0,1,1,0,0,0,0,0,0,0,1,0,0,0.5242718446601943,-0.5602237631839635,0.09394855106152177,0.11692702261599451,-0.8250637607233943,-0.06866836695262377,0.6175563097809318,0.14350395211418915,0.40805737830001515,-0.32800243698118947,0.37681159420289856,0.8235294117647058,1.0,1.1176470588235294,-0.17647058823529413,0.9411764705882353,0.463768115942029,0.8333333333333334,0.927536231884058,0.6470588235294118
2,1,0,0,-0.19048739363996384,0.8888888888888888,0.06633495020835933,1,0,6,5,4,3,2,1,0,6,1,1,0,0,1,1,1,1,0,0,0,0,1,1,0,0,0,0,0,1,0,0,0,0,0,0,0,0,1,0,0.528170936171872,0.5198997727405164,-0.558693630869363,0.0903474003264164,0.1201406600200944,-0.8250637607233943,-0.06109225547670483,0.6220550993784053,0.148252708683046,0.4148960475211331,0.3188405797101449,0.4117647058823529,0.8235294117647058,1.0,1.1176470588235294,-0.17647058823529413,0.927536231884058,0.4444444444444444,0.8695652173913043,0.9411764705882353
3,1,0,0,1.5069599654942556,0.05555555555555555,2.3947849235174616,2,1,0,6,5,4,3,2,1,0,1,1,1,0,0,1,1,1,1,0,0,0,0,1,1,0,0,0,0,0,0,0,0,0,0,0,0,0,0,1,-0.18941786563730642,0.5237845502398851,0.5184797768479779,-0.5642729462967279,0.09370894195842026,0.1201406600200944,-0.8160290033940143,-0.05310413629038459,0.624065313596826,0.155586017820425,0.9565217391304348,0.35294117647058826,0.4117647058823529,0.8235294117647058,1.0,1.1176470588235294,-0.17391304347826086,0.8888888888888888,0.463768115942029,0.8823529411764706
4,1,0,0,0.9707877504607302,0.6666666666666666,1.307371997510602,3,2,1,0,6,5,4,3,2,1,1,1,1,1,0,0,1,1,1,1,0,0,0,0,1,1,0,0,0,0,0,0,0,0,0,0,0,0,0,0,1.498498849768004,-0.1911699007439348,0.5223539439020612,0.5161653843164686,-0.5572687224669602,0.09370894195842026,0.12735266892934272,-0.8041593124088713,-0.04723027620936974,0.6304927271342626,0.08695652173913043,1.0,0.35294117647058826,0.4117647058823529,0.8235294117647058,1.0,1.1014492753623188,-0.16666666666666666,0.927536231884058,0.47058823529411764
5,0,1,0,-0.4699055013135709,0.7222222222222222,-0.023181809435718573,4,3,2,1,0,6,5,4,3,2,1,1,1,1,1,0,0,1,1,1,0,0,0,0,0,1,1,0,0,0,0,0,0,0,0,0,0,0,0,0,0.9653370764611846,1.4905502787327858,-0.19064776073144266,0.5200512940079274,0.5171574310224902,-0.5572687224669602,0.10097192224622009,0.13437188243419532,-0.7939874866473371,-0.03952478866803745,0.7246376811594203,0.11764705882352941,1.0,0.35294117647058826,0.4117647058823529,0.8235294117647058,0.9855072463768116,1.0555555555555556,-0.17391304347826086,0.9411764705882353
6,0,1,0,-0.011135944790808825,-0.05555555555555555,0.4057315035549836,5,4,3,2,1,0,6,5,4,3,0,1,1,1,1,1,0,0,1,1,1,0,0,0,0,0,1,1,0,0,0,0,0,0,0,0,0,0,0,0,-0.467267126759465,0.9593458034691064,1.4864791569812492,-0.19511152560814476,0.5210217172888169,0.5171574310224902,-0.548750385683431,0.1081267746143809,0.13917289790935455,-0.7848602543599117,0.782608695652174,0.7647058823529411,0.11764705882352941,1.0,0.35294117647058826,0.4117647058823529,0.8115942028985508,0.9444444444444444,1.1014492753623188,-0.17647058823529413
0,1,0,0,-0.03834842959651794,0.6111111111111112,0.11483194828411228,6,5,4,3,2,1,0,6,5,4,0,0,1,1,1,1,1,0,0,1,1,1,0,0,0,0,0,1,1,0,0,0,0,0,0,0,0,0,0,0,-0.011073419893164793,-0.4679991453489501,0.9567255540058889,1.487098779824357,-0.19016152716593235,0.5210217172888169,0.5236038259796358,-0.5382549305502264,0.11307797955135047,0.14652349402178058,-0.028985507246376812,0.8235294117647058,0.7647058823529411,0.11764705882352941,1.0,0.35294117647058826,0.4057971014492754,0.7777777777777778,0.9855072463768116,1.1176470588235294
1,1,0,0,-0.04924910794808454,0.2777777777777778,0.2533718484158897,0,6,5,4,3,2,1,0,6,5,1,0,0,1,1,1,1,1,0,0,0,1,1,0,0,0,0,0,1,1,0,0,0,0,0,0,0,0,0,0,-0.03813311498420857,-0.013480177922809354,-0.46672090500542385,0.9557394886142847,1.4826879975268568,-0.19016152716593235,0.5274606602900338,0.5285856803008211,-0.5296047611780863,0.12047825755844942,0.6666666666666666,0.0,0.8235294117647058,0.7647058823529411,0.11764705882352941,1.0,0.34782608695652173,0.3888888888888889,0.8115942028985508,1.0
2,1,0,0,0.3715641297102301,0.9444444444444444,0.7402939394892065,1,0,6,5,4,3,2,1,0,6,1,1,0,0,1,1,1,1,1,0,0,0,1,1,0,0,0,0,0,1,0,0,0,0,0,0,0,0,0,0,-0.048972589386672906,-0.04044053376842829,-0.013443359677669187,-0.4720214502214968,0.9542854934693563,1.4826879975268568,-0.18235112619561872,0.5324226843680454,0.5311307797955136,-0.5209808849287945,0.3188405797101449,0.7058823529411765,0.0,0.8235294117647058,0.7647058823529411,0.11764705882352941,0.9855072463768116,0.3333333333333333,0.4057971014492754,0.8235294117647058
3,1,0,0,0.24522605183703883,0.6666666666666666,0.8703173561911579,2,1,0,6,5,4,3,2,1,0,1,1,1,0,0,1,1,1,1,1,0,0,0,1,1,0,0,0,0,0,0,0,0,0,0,0,0,0,0,0,0.3694779116465863,-0.05124021521667345,-0.04033007903300778,-0.017370016320820587,-0.4655305665043666,0.9542854934693563,1.4872724467756864,-0.17373954416391693,0.5349458263390814,0.5377351306069608,1.0144927536231885,0.35294117647058826,0.7058823529411765,0.0,0.8235294117647058,0.7647058823529411,0.11594202898550725,0.9444444444444444,0.34782608695652173,0.4117647058823529
4,1,0,0,-0.5260557581461004,0.1111111111111111,-0.14411549561952797,3,2,1,0,6,5,4,3,2,1,1,1,1,1,0,0,1,1,1,1,0,0,0,0,1,1,0,0,0,0,0,0,0,0,0,0,0,0,0,0,0.24384918314032836,0.3656741060155779,-0.05110026344335967,-0.04433822957954444,-0.013409073344153219,-0.4655305665043666,0.9598889231718604,1.4872995165374876,-0.16717533953914235,0.5415429137156349,0.7246376811594203,1.0588235294117647,0.35294117647058826,0.7058823529411765,0.0,0.8235294117647058,0.7536231884057971,0.1111111111111111,0.9855072463768116,0.35294117647058826
5,0,1,0,0.9948633494098733,-0.16666666666666666,1.5795749917487958,4,3,2,1,0,6,5,4,3,2,1,1,1,1,1,0,0,1,1,1,0,0,0,0,0,1,1,0,0,0,0,0,0,0,0,0,0,0,0,0,-0.5231021172066908,0.24050657498591776,0.3646753448008678,-0.055141058521799936,-0.040227220032459876,-0.013409073344153219,-0.45718913915458204,0.9626275803852352,1.4843583091713721,-0.1592414896047521,0.14492753623188406,0.7647058823529411,1.0588235294117647,0.35294117647058826,0.7058823529411765,0.0,0.8115942028985508,0.7222222222222222,0.11594202898550725,1.0
6,0,1,0,0.364506136532957,0.3333333333333333,1.1442716350043682,5,4,3,2,1,0,6,5,4,3,0,1,1,1,1,1,0,0,1,1,1,0,0,0,0,0,1,1,0,0,0,0,0,0,0,0,0,0,0,0,0.9892774983428861,-0.5236291591399101,0.23984968231830167,0.3618947695655552,-0.05096993585284797,-0.040227220032459876,-0.005939524838013037,-0.4471644539943214,0.9626888448039067,1.4891478181402789,-0.14492753623188406,0.17647058823529413,0.7647058823529411,1.0588235294117647,0.35294117647058826,0.7058823529411765,0.0,0.7777777777777778,0.7536231884057971,0.11764705882352941
0,1,0,0,0.21542563619966276,1.0,0.8645047653004243,6,5,4,3,2,1,0,6,5,4,0,0,1,1,1,1,1,0,0,1,1,1,0,0,0,0,0,1,1,0,0,0,0,0,0,0,0,0,0,0,0.3624595469255664,0.9831983373152303,-0.5221989772198977,0.2366907593067538,0.3637452662493237,-0.05096993585284797,-0.03270595495217532,0.0017650218709231045,-0.4390355562337861,0.9684715558601783,0.37681159420289856,-0.11764705882352941,0.17647058823529413,0.7647058823529411,1.0588235294117647,0.35294117647058826,0.6956521739130435,0.0,0.8115942028985508,0.7647058823529411
1,1,0,0,0.7239148335489942,1.2777777777777777,1.4495231860677826,0,6,5,4,3,2,1,0,6,5,1,0,0,1,1,1,1,1,0,0,0,1,1,0,0,0,0,0,1,1,0,0,0,0,0,0,0,0,0,0,0.21421608765157715,0.3586815065167144,0.9805129397179607,-0.5276676770031864,0.23923796274828046,0.3637452662493237,-0.043427954335081946,-0.024863786355613607,0.007324889363650297,-0.43058411392887064,1.0724637681159421,0.4117647058823529,-0.11764705882352941,0.17647058823529413,0.7647058823529411,1.0588235294117647,0.34782608695652173,0.6666666666666666,0.0,0.8235294117647058
2,1,0,0,1.4570834803748578,2.1666666666666665,2.2504240209455992,1,0,6,5,4,3,2,1,0,6,1,1,0,0,1,1,1,1,1,0,0,0,1,1,0,0,0,0,0,1,0,0,0,0,0,0,0,0,0,0,0.7198502748859515,0.21098226599071537,0.3577018441035179,0.9795989741198414,-0.5208671458381636,0.23923796274828046,0.37048750385683404,-0.03553065766249731,-0.019151533648710445,0.01492650978600265,1.3623188405797102,1.1176470588235294,0.4117647058823529,-0.11764705882352941,0.17647058823529413,0.7647058823529411,1.0434782608695652,0.3333333333333333,0.6956521739130435,0.0
3,1,0,0,0.12124063835627186,0.2777777777777778,0.6911320084372046,2,1,0,6,5,4,3,2,1,0,1,1,1,0,0,1,1,1,1,1,0,0,0,1,1,0,0,0,0,0,0,0,0,0,0,0,0,0,0,0,1.4489024057394626,0.7147602121088514,0.21040601270726794,0.35490013212092963,0.9780122111446016,-0.5208671458381636,0.2462203023758098,0.3762566188320157,-0.029757363039829128,-0.011499504988195804,2.289855072463768,1.411764705882353,1.1176470588235294,0.4117647058823529,-0.11764705882352941,0.17647058823529413,0.7536231884057971,1.0,0.34782608695652173,0.7058823529411765
4,1,0,0,1.1768811512371091,1.3333333333333333,2.164819683193714,3,2,1,0,6,5,4,3,2,1,1,1,1,1,0,0,1,1,1,1,0,0,0,0,1,1,0,0,0,0,0,0,0,0,0,0,0,0,0,0,0.12055990954107698,1.4411359089408153,0.7128079962807996,0.20715784565166703,0.356789550969936,0.9780122111446016,-0.5124190064794818,0.25262834778604853,0.3796734320158705,-0.022085142030309996,0.3188405797101449,2.3529411764705883,1.411764705882353,1.1176470588235294,0.4117647058823529,-0.11764705882352941,0.17391304347826086,0.7222222222222222,1.0434782608695652,0.35294117647058826
5,0,1,0,1.297102301689997,1.3333333333333333,2.268432096663843,4,3,2,1,0,6,5,4,3,2,1,1,1,1,1,0,0,1,1,1,0,0,0,0,0,1,1,0,0,0,0,0,0,0,0,0,0,0,0,0,1.1702733263149685,0.11766991045587871,1.4371997520533086,0.7110826144400404,0.20986938712419814,0.356789550969936,0.9835698858377042,-0.5021103522369735,0.2567526323821151,0.3865661411925976,1.4202898550724639,0.35294117647058826,2.3529411764705883,1.411764705882353,1.1176470588235294,0.4117647058823529,-0.11594202898550725,0.16666666666666666,0.7536231884057971,1.0588235294117647
6,0,1,0,1.1688036701564521,0.8888888888888888,2.3723687753614784,5,4,3,2,1,0,6,5,4,3,0,1,1,1,1,1,0,0,1,1,1,0,0,0,0,0,1,1,0,0,0,0,0,0,0,0,0,0,0,0,1.289819472063009,1.1635297088359262,0.11734852006818541,1.4376700085490013,0.7109900301414328,0.20986938712419814,0.3635452020981178,0.9861867853579924,-0.49366702273767743,0.26387936943111723,1.4202898550724639,1.4705882352941178,0.35294117647058826,2.3529411764705883,1.411764705882353,1.1176470588235294,0.4057971014492754,-0.1111111111111111,0.17391304347826086,0.7647058823529411
0,1,0,0,1.2104458299023644,1.3888888888888888,2.3367403963501028,6,5,4,3,2,1,0,6,5,4,0,0,1,1,1,1,1,0,0,1,1,1,0,0,0,0,0,1,1,0,0,0,0,0,0,0,0,0,0,0,1.1622411978009124,1.2826369869665712,1.1603517743685108,0.11381829486282745,1.4335342762191823,0.7109900301414328,0.21690836161678473,0.36935001151101216,0.9861132305814131,-0.48511156804508415,0.9565217391304348,1.4705882352941178,1.4705882352941178,0.35294117647058826,2.3529411764705883,1.411764705882353,1.1014492753623188,0.3888888888888889,-0.11594202898550725,0.17647058823529413
1,1,0,0,0.7469709445947534,1.3333333333333333,1.7460578485380676,0,6,5,4,3,2,1,0,6,5,1,0,0,1,1,1,1,1,0,0,0,1,1,0,0,0,0,0,1,1,0,0,0,0,0,0,0,0,0,0,1.2036495496549304,1.1555270671872269,1.2791337362467068,1.1599829019973573,0.11704923100703307,1.4335342762191823,0.7170626349892006,0.2234671168751437,0.37280634823744857,0.9918513441474374,1.4782608695652173,1.0,1.4705882352941178,1.4705882352941178,0.35294117647058826,2.3529411764705883,1.391304347826087,1.0555555555555556,0.4057971014492754,-0.11764705882352941
2,1,0,0,0.502372269929028,1.8333333333333333,0.9575224117846648,1,0,6,5,4,3,2,1,0,6,1,1,0,0,1,1,1,1,1,0,0,0,1,1,0,0,0,0,0,1,0,0,0,0,0,0,0,0,0,0,0.7427769329746169,1.1967834042305228,1.152370990237099,1.2791248931374832,1.1573923796274825,0.11704923100703307,1.4382135143474233,0.7210498043127924,0.22775827865099948,0.37971213159698436,1.4202898550724639,1.5294117647058822,1.0,1.4705882352941178,1.4705882352941178,0.35294117647058826,2.318840579710145,1.3333333333333333,1.1014492753623188,0.4117647058823529
3,1,0,0,0.8877386974081478,0.1111111111111111,1.3142480185281198,2,1,0,6,5,4,3,2,1,0,1,1,1,0,0,1,1,1,1,1,0,0,0,1,1,0,0,0,0,0,0,0,0,0,0,0,0,0,0,0,0.49955160447615704,0.7376027038051395,1.1935146443514646,1.1519779280329525,1.2758713965530564,1.1573923796274825,0.12426720148102424,1.4384928248023943,0.722493514420876,0.23494021780519378,1.9420289855072463,1.4705882352941178,1.5294117647058822,1.0,1.4705882352941178,1.4705882352941178,0.34782608695652173,2.2222222222222223,1.391304347826087,1.1176470588235294
4,1,0,0,0.03238834646904282,0.5555555555555556,0.61447755919549,3,2,1,0,6,5,4,3,2,1,1,1,1,1,0,0,1,1,1,1,0,0,0,0,1,1,0,0,0,0,0,0,0,0,0,0,0,0,0,0,0.882754318243849,0.49527028339451856,0.7355880985588099,1.1932462889562447,1.1494319499188501,1.2758713965530564,1.1626041345263805,0.13130227918041582,1.435830917137189,0.728733531338055,0.14492753623188406,2.0,1.4705882352941178,1.5294117647058822,1.0,1.4705882352941178,1.4492753623188406,0.3333333333333333,2.318840579710145,1.411764705882353
5,0,1,0,1.0937536760381132,0.1111111111111111,1.2795575272694544,4,3,2,1,0,6,5,4,3,2,1,1,1,1,1,0,0,1,1,1,0,0,0,0,0,1,1,0,0,0,0,0,0,0,0,0,0,0,0,0,0.032206495886458415,0.8770662160324766,0.4939175577250891,0.7339317634258179,1.1904706700672387,1.1494319499188501,1.2808546744831837,1.1643005141585447,0.13612086067450024,1.4407128169979437,0.6086956521739131,0.17647058823529413,2.0,1.4705882352941178,1.5294117647058822,1.0,1.4492753623188406,1.3888888888888888,0.34782608695652173,2.3529411764705883
6,0,1,0,0.06932517743010629,1.0,0.6751145258730321,5,4,3,2,1,0,6,5,4,3,0,1,1,1,1,1,0,0,1,1,1,0,0,0,0,0,1,1,0,0,0,0,0,0,0,0,0,0,0,0,1.0876125862673998,0.02964085232018334,0.8746706958004028,0.49152871687261984,0.7337120333874333,1.1904706700672387,1.1546590558469607,1.281943058859642,1.1632076911338318,0.14347726753484125,0.14492753623188406,0.6470588235294118,0.17647058823529413,2.0,1.4705882352941178,1.5294117647058822,0.9855072463768116,1.3888888888888888,1.4492753623188406,0.35294117647058826
0,1,0,0,0.12829863153354518,0.5,0.6965700750930554,6,5,4,3,2,1,0,6,5,4,0,0,1,1,1,1,1,0,0,1,1,1,0,0,0,0,0,1,1,0,0,0,0,0,0,0,0,0,0,0,0.06893593792646316,1.0811724258493096,0.02955989462265611,0.8734359213491877,0.49265785609397944,0.7337120333874333,1.1956186362233876,1.156396285780063,1.2801770181596213,1.1686086360520904,1.0724637681159421,0.17647058823529413,0.6470588235294118,0.17647058823529413,2.0,1.4705882352941178,1.5072463768115942,0.9444444444444444,1.4492753623188406,1.4705882352941178
1,1,0,0,1.12943575265655,1.0555555555555556,2.415211319674309,0,6,5,4,3,2,1,0,6,5,1,0,0,1,1,1,1,1,0,0,0,1,1,0,0,0,0,0,1,1,0,0,0,0,0,0,0,0,0,0,0.12757827426209703,0.06623545636423678,1.0782194328219434,0.02576358125437163,0.8724399103485585,0.49265785609397944,0.739740820734341,1.197145268973985,1.1553486952540821,1.285355266164039,0.5507246376811594,1.1176470588235294,0.17647058823529413,0.6470588235294118,0.17647058823529413,2.0,1.4492753623188406,1.4444444444444444,0.9855072463768116,1.4705882352941178
2,1,0,0,0.09112653413323925,1.3888888888888888,0.6050511564145477,1,0,6,5,4,3,2,1,0,6,1,1,0,0,1,1,1,1,1,0,0,0,1,1,0,0,0,0,0,1,0,0,0,0,0,0,0,0,0,0,1.1230943190236673,0.12466250995474246,0.06605454827212154,1.0776016165384317,0.02948450421207201,0.8724399103485585,0.4991514964517122,0.7436113882280714,1.1958644895467725,1.160764602848222,1.1304347826086956,0.5882352941176471,1.1176470588235294,0.17647058823529413,0.6470588235294118,0.17647058823529413,1.9710144927536233,1.3888888888888888,1.5072463768115942,1.0
3,1,0,0,-0.5077833980316041,-0.05555555555555555,-0.1375662632943223,2,1,0,6,5,4,3,2,1,0,1,1,1,0,0,1,1,1,1,1,0,0,0,1,1,0,0,0,0,0,0,0,0,0,0,0,0,0,0,0,0.0906148867313916,1.1165239010935646,0.12432202076553553,0.0623688505479133,1.0754695107813588,0.02948450421207201,0.87820117247763,0.5042590745146188,0.7449259880970547,1.2012032594623412,1.4782608695652173,1.1764705882352942,0.5882352941176471,1.1176470588235294,0.17647058823529413,0.6470588235294118,0.17391304347826086,1.8888888888888888,1.4492753623188406,1.5294117647058822
4,1,0,0,0.256518840920676,1.1111111111111112,0.8613382375469903,3,2,1,0,6,5,4,3,2,1,1,1,1,1,0,0,1,1,1,1,0,0,0,0,1,1,0,0,0,0,0,0,0,0,0,0,0,0,0,0,-0.5049323507622724,0.08783481926072689,1.1134743530141018,0.12081293230745328,0.06588608084086872,1.0754695107813588,0.03687133600740491,0.8813598342414241,0.5069433847092935,0.7511232960170589,-0.028985507246376812,1.5294117647058822,1.1764705882352942,0.5882352941176471,1.1176470588235294,0.17647058823529413,0.6376811594202898,0.16666666666666666,1.9710144927536233,1.4705882352941178
5,0,1,0,-0.5447202289926674,0.5555555555555556,-0.08485907447932772,4,3,2,1,0,6,5,4,3,2,1,1,1,1,1,0,0,1,1,1,0,0,0,0,0,1,1,0,0,0,0,0,0,0,0,0,0,0,0,0,0.25507856669396034,-0.5055260959928519,0.08759491709282509,1.1129633947307063,0.124004946286421,0.06588608084086872,1.0808392471459425,0.04435576701711283,0.8818861590111398,0.5135937856979667,1.1884057971014492,0.0,1.5294117647058822,1.1764705882352942,0.5882352941176471,1.1176470588235294,0.17391304347826086,0.6111111111111112,0.17391304347826086,2.0
6,0,1,0,0.08336274163823859,0.5,0.5097371569573028,5,4,3,2,1,0,6,5,4,3,0,1,1,1,1,1,0,0,1,1,1,0,0,0,0,0,1,1,0,0,0,0,0,0,0,0,0,0,0,0,-0.541661792802277,0.25169473418409966,-0.5041453587478691,0.08397450843242407,1.1106345158049307,0.124004946286421,0.07320271521135437,1.0829560279333896,0.049671905997253095,0.88782270961846,0.6086956521739131,1.2352941176470589,0.0,1.5294117647058822,1.1764705882352942,0.5882352941176471,1.1014492753623188,0.16666666666666666,0.6376811594202898,0.17647058823529413
0,1,0,0,-0.0009410657569698038,0.6111111111111112,0.5169422798432045,6,5,4,3,2,1,0,6,5,4,0,0,1,1,1,1,1,0,0,1,1,1,0,0,0,0,0,1,1,0,0,0,0,0,0,0,0,0,0,0,0.08289468553826954,-0.5421207000369053,0.25100728343406176,-0.5095593378409885,0.08737151248164468,1.1106345158049307,0.13120950323974073,0.0805003453303659,1.082328704410194,0.05719290229228536,0.5507246376811594,0.6470588235294118,1.2352941176470589,0.0,1.5294117647058822,1.1764705882352942,0.5797101449275363,1.0555555555555556,0.17391304347826086,0.6470588235294118
1,1,0,0,-0.4553974042269536,0.9444444444444444,-0.028870750550982767,0,6,5,4,3,2,1,0,6,5,1,0,0,1,1,1,1,1,0,0,0,1,1,0,0,0,0,0,1,1,0,0,0,0,0,0,0,0,0,0,-0.0009357819628027024,0.08014295981197675,-0.5406400123973345,0.24788217921815503,-0.5028595718370816,0.08737151248164468,1.1159364393705642,0.13820888650141963,0.08560964443766213,1.087883634148199,0.6666666666666666,0.5882352941176471,0.6470588235294118,1.2352941176470589,0.0,1.5294117647058822,1.1594202898550725,0.5555555555555556,1.1014492753623188,0.17647058823529413
