DIA_SEMANA,LABORAL,FIN_DE_SEMANA,FESTIVO,PORCENTAJE_USO,NUMERO_CONEXIONES,USAGE_KB,DIA_SEMANA_lag_1,DIA_SEMANA_lag_2,DIA_SEMANA_lag_3,DIA_SEMANA_lag_4,DIA_SEMANA_lag_5,DIA_SEMANA_lag_6,DIA_SEMANA_lag_7,DIA_SEMANA_lag_8,DIA_SEMANA_lag_9,DIA_SEMANA_lag_10,LABORAL_lag_1,LABORAL_lag_2,LABORAL_lag_3,LABORAL_lag_4,LABORAL_lag_5,LABORAL_lag_6,LABORAL_lag_7,LABORAL_lag_8,LABORAL_lag_9,LABORAL_lag_10,FIN_DE_SEMANA_lag_1,FIN_DE_SEMANA_lag_2,FIN_DE_SEMANA_lag_3,FIN_DE_SEMANA_lag_4,FIN_DE_SEMANA_lag_5,FIN_DE_SEMANA_lag_6,FIN_DE_SEMANA_lag_7,FIN_DE_SEMANA_lag_8,FIN_DE_SEMANA_lag_9,FIN_DE_SEMANA_lag_10,FESTIVO_lag_1,FESTIVO_lag_2,FESTIVO_lag_3,FESTIVO_lag_4,FESTIVO_lag_5,FESTIVO_lag_6,FESTIVO_lag_7,FESTIVO_lag_8,FESTIVO_lag_9,FESTIVO_lag_10,PORCENTAJE_USO_lag_1,PORCENTAJE_USO_lag_2,PORCENTAJE_USO_lag_3,PORCENTAJE_USO_lag_4,PORCENTAJE_USO_lag_5,PORCENTAJE_USO_lag_6,PORCENTAJE_USO_lag_7,PORCENTAJE_USO_lag_8,PORCENTAJE_USO_lag_9,PORCENTAJE_USO_lag_10,NUMERO_CONEXIONES_lag_1,NUMERO_CONEXIONES_lag_2,NUMERO_CONEXIONES_lag_3,NUMERO_CONEXIONES_lag_4,NUMERO_CONEXIONES_lag_5,NUMERO_CONEXIONES_lag_6,NUMERO_CONEXIONES_lag_7,NUMERO_CONEXIONES_lag_8,NUMERO_CONEXIONES_lag_9,NUMERO_CONEXIONES_lag_10
4,1,0,0,-0.5137329700272479,-0.7142857142857143,-0.7936341078141396,3,2,1,0,6,5,4,3,2,1,1,1,1,1,0,0,1,1,1,1,0,0,0,0,1,1,0,0,0,0,0,0,0,0,0,0,0,0,0,0,-0.18988764044943826,1.2993460490463213,0.01978201634877382,3.3288108108108103,0.0918918918918919,0.5967567567567567,-0.11348189415041786,-0.10919220055710303,1.527027027027027,0.18502702702702697,-1.0714285714285714,-0.9824561403508771,-1.4736842105263157,-1.087719298245614,-1.1578947368421053,-0.9824561403508771,-0.9122807017543859,-1.263157894736842,-1.2413793103448276,-1.3559322033898304
5,0,1,0,0.5276839237057221,-0.8571428571428571,-0.35978604346689574,4,3,2,1,0,6,5,4,3,2,1,1,1,1,1,0,0,1,1,1,0,0,0,0,0,1,1,0,0,0,0,0,0,0,0,0,0,0,0,0,-0.5213483146067416,-0.1922070844686649,1.2993460490463213,0.019621621621621597,3.3259459459459455,0.0918918918918919,0.6179944289693592,-0.10529247910863512,-0.10594594594594592,1.5190810810810809,-0.7142857142857143,-1.0526315789473684,-0.9824561403508771,-1.4736842105263157,-1.087719298245614,-1.1228070175438596,-0.9824561403508771,-0.8771929824561403,-1.2413793103448276,-1.2203389830508475
6,0,1,0,1.4399455040871936,-1.1071428571428572,-0.22646354552474626,5,4,3,2,1,0,6,5,4,3,0,1,1,1,1,1,0,0,1,1,1,0,0,0,0,0,1,1,0,0,0,0,0,0,0,0,0,0,0,0,0.552247191011236,-0.5137329700272479,-0.1922070844686649,1.2888108108108107,0.016756756756756724,3.3259459459459455,0.09766016713091923,0.6261838440111419,-0.10216216216216219,-0.11389189189189186,-0.8571428571428571,-0.7017543859649122,-1.0526315789473684,-0.9824561403508771,-1.4736842105263157,-1.0526315789473684,-1.1228070175438596,-0.9473684210526315,-0.8620689655172413,-1.2203389830508475
0,1,0,0,-0.015640326975476865,-0.8928571428571429,-0.7184261319675748,6,5,4,3,2,1,0,6,5,4,0,0,1,1,1,1,1,0,0,1,1,1,0,0,0,0,0,1,1,0,0,0,0,0,0,0,0,0,0,0,1.4926966292134831,0.5276839237057221,-0.5137329700272479,-0.1906486486486487,1.285945945945946,0.016756756756756724,3.4308077994428965,0.10584958217270195,0.6075675675675675,-0.11010810810810813,-1.1071428571428572,-0.8421052631578947,-0.7017543859649122,-1.0526315789473684,-0.9824561403508771,-1.4385964912280702,-1.0526315789473684,-1.087719298245614,-0.9310344827586207,-0.847457627118644
1,1,0,0,0.43449591280653943,-0.42857142857142855,-0.6496592843698483,0,6,5,4,3,2,1,0,6,5,1,0,0,1,1,1,1,1,0,0,0,1,1,0,0,0,0,0,1,1,0,0,0,0,0,0,0,0,0,0,-0.007865168539325874,1.4399455040871936,0.5276839237057221,-0.5095675675675675,-0.19351351351351356,1.285945945945946,0.020222841225626717,3.4389972144846794,0.10270270270270271,0.5996216216216215,-0.8928571428571429,-1.087719298245614,-0.8421052631578947,-0.7017543859649122,-1.0526315789473684,-0.9473684210526315,-1.4385964912280702,-1.0175438596491229,-1.0689655172413792,-0.9152542372881356
2,1,0,0,-0.14425068119891007,-0.6785714285714286,-0.7317083492181666,1,0,6,5,4,3,2,1,0,6,1,1,0,0,1,1,1,1,1,0,0,0,1,1,0,0,0,0,0,1,0,0,0,0,0,0,0,0,0,0,0.4561797752808988,-0.015640326975476865,1.4399455040871936,0.5234054054054055,-0.5124324324324324,-0.19351351351351356,1.328300835654596,0.02841225626740944,3.3367567567567566,0.09475675675675677,-0.42857142857142855,-0.8771929824561403,-1.087719298245614,-0.8421052631578947,-0.7017543859649122,-1.0175438596491229,-0.9473684210526315,-1.4035087719298245,-1.0,-1.0508474576271187
3,1,0,0,-1.1246321525885559,-0.25,-1.0195501415216934,2,1,0,6,5,4,3,2,1,0,1,1,1,0,0,1,1,1,1,1,0,0,0,1,1,0,0,0,0,0,0,0,0,0,0,0,0,0,0,0,-0.1404494382022472,0.43449591280653943,-0.015640326975476865,1.4282702702702703,0.5205405405405406,-0.5124324324324324,-0.19649025069637888,1.3364902506963787,0.027567567567567536,3.3288108108108103,-0.6785714285714286,-0.42105263157894735,-0.8771929824561403,-1.087719298245614,-0.8421052631578947,-0.6666666666666666,-1.0175438596491229,-0.9122807017543859,-1.3793103448275863,-0.9830508474576272
4,1,0,0,-1.0837602179836512,-0.07142857142857142,-1.0024018242404678,3,2,1,0,6,5,4,3,2,1,1,1,1,1,0,0,1,1,1,1,0,0,0,0,1,1,0,0,0,0,0,0,0,0,0,0,0,0,0,0,-1.151123595505618,-0.14425068119891007,0.43449591280653943,-0.015513513513513539,1.4254054054054053,0.5205405405405406,-0.5251810584958218,-0.18830083565459615,1.2967567567567566,0.019621621621621597,-0.25,-0.6666666666666666,-0.42105263157894735,-0.8771929824561403,-1.087719298245614,-0.8070175438596491,-0.6666666666666666,-0.9824561403508771,-0.896551724137931,-1.3559322033898304
5,0,1,0,-0.04670299727520432,-0.6428571428571429,-0.44991540155984694,4,3,2,1,0,6,5,4,3,2,1,1,1,1,1,0,0,1,1,1,0,0,0,0,0,1,1,0,0,0,0,0,0,0,0,0,0,0,0,0,-1.1089887640449438,-1.1246321525885559,-0.14425068119891007,0.43097297297297293,-0.01837837837837841,1.4254054054054053,0.5394428969359332,-0.516991643454039,-0.18270270270270275,1.2888108108108107,-0.07142857142857142,-0.24561403508771928,-0.6666666666666666,-0.42105263157894735,-0.8771929824561403,-1.0526315789473684,-0.8070175438596491,-0.631578947368421,-0.9655172413793104,-0.8813559322033898
6,0,1,0,0.5080653950953677,-0.6785714285714286,-0.2925055668694682,5,4,3,2,1,0,6,5,4,3,0,1,1,1,1,1,0,0,1,1,1,0,0,0,0,0,1,1,0,0,0,0,0,0,0,0,0,0,0,0,-0.03988764044943817,-1.0837602179836512,-1.1246321525885559,-0.14308108108108109,0.42810810810810807,-0.01837837837837841,1.4720334261838441,0.5476323119777159,-0.5016216216216216,-0.1906486486486487,-0.6428571428571429,-0.07017543859649122,-0.24561403508771928,-0.6666666666666666,-0.42105263157894735,-0.8421052631578947,-1.0526315789473684,-0.7719298245614035,-0.6206896551724138,-0.9491525423728814
0,0,0,1,0.15711171662125348,-0.8214285714285714,-0.4487743150297611,6,5,4,3,2,1,0,6,5,4,0,0,1,1,1,1,1,0,0,1,1,1,0,0,0,0,0,1,1,0,0,0,0,0,0,0,0,0,0,0,0.5320224719101123,-0.04670299727520432,-1.0837602179836512,-1.1155135135135135,-0.14594594594594595,0.42810810810810807,-0.01598885793871869,1.4802228412256266,0.5313513513513514,-0.5095675675675675,-0.6785714285714286,-0.631578947368421,-0.07017543859649122,-0.24561403508771928,-0.6666666666666666,-0.38596491228070173,-0.8421052631578947,-1.0175438596491229,-0.7586206896551724,-0.6101694915254238
1,1,0,0,1.1233242506811991,-0.5,-0.20956857416987545,0,6,5,4,3,2,1,0,6,5,0,0,0,1,1,1,1,1,0,0,0,1,1,0,0,0,0,0,1,1,1,0,0,0,0,0,0,0,0,0,0.17022471910112366,0.5080653950953677,-0.04670299727520432,-1.074972972972973,-1.1183783783783785,-0.14594594594594595,0.44417827298050133,-0.007799442896935965,1.4362162162162162,0.5234054054054055,-0.8214285714285714,-0.6666666666666666,-0.631578947368421,-0.07017543859649122,-0.24561403508771928,-0.631578947368421,-0.38596491228070173,-0.8070175438596491,-1.0,-0.7457627118644068
2,1,0,0,-0.9655040871934604,0.03571428571428571,-0.9603707426462272,1,0,6,5,4,3,2,1,0,6,1,0,0,0,1,1,1,1,1,0,0,0,1,1,0,0,0,0,0,1,0,1,0,0,0,0,0,0,0,0,1.1662921348314608,0.15711171662125348,0.5080653950953677,-0.04632432432432429,-1.077837837837838,-1.1183783783783785,-0.14746518105849582,0.45236768802228405,-0.007567567567567599,1.4282702702702703,-0.5,-0.8070175438596491,-0.6666666666666666,-0.631578947368421,-0.07017543859649122,-0.21052631578947367,-0.631578947368421,-0.3508771929824561,-0.7931034482758621,-0.9830508474576272
3,1,0,0,-0.4946594005449591,-0.5714285714285714,-0.7484183200000599,2,1,0,6,5,4,3,2,1,0,1,1,0,0,0,1,1,1,1,1,0,0,0,1,1,0,0,0,0,0,0,0,1,0,0,0,0,0,0,0,-0.9870786516853932,1.1233242506811991,0.15711171662125348,0.5039459459459459,-0.04918918918918916,-1.077837837837838,-1.1496935933147632,-0.1392757660167131,0.4389189189189189,-0.015513513513513539,0.03571428571428571,-0.49122807017543857,-0.8070175438596491,-0.6666666666666666,-0.631578947368421,-0.03508771929824561,-0.21052631578947367,-0.5964912280701754,-0.3448275862068966,-0.7796610169491526
4,1,0,0,1.7456675749318797,-0.4642857142857143,0.455808643496406,3,2,1,0,6,5,4,3,2,1,1,1,1,0,0,0,1,1,1,1,0,0,0,0,1,1,0,0,0,0,0,0,0,1,0,0,0,0,0,0,-0.501685393258427,-0.9655040871934604,1.1233242506811991,0.15583783783783792,0.5010810810810811,-0.04918918918918916,-1.1079108635097494,-1.1415041782729805,-0.13513513513513514,0.43097297297297293,-0.5714285714285714,0.03508771929824561,-0.49122807017543857,-0.8070175438596491,-0.6666666666666666,-0.5964912280701754,-0.03508771929824561,-0.17543859649122806,-0.5862068965517241,-0.3389830508474576
5,0,1,0,0.1325885558583107,-0.25,-0.42364288597897887,4,3,2,1,0,6,5,4,3,2,1,1,1,1,0,0,0,1,1,1,0,0,0,0,0,1,1,0,0,0,0,0,0,0,1,0,0,0,0,0,1.8078651685393257,-0.4946594005449591,-0.9655040871934604,1.1142162162162164,0.15297297297297305,0.5010810810810811,-0.04774373259052921,-1.0997214484679667,-1.1075675675675676,-0.14308108108108109,-0.4642857142857143,-0.5614035087719298,0.03508771929824561,-0.49122807017543857,-0.8070175438596491,-0.631578947368421,-0.5964912280701754,0.0,-0.1724137931034483,-0.576271186440678
6,0,1,0,-0.7268119891008175,0.10714285714285714,-0.8494881775645985,5,4,3,2,1,0,6,5,4,3,0,1,1,1,1,0,0,0,1,1,1,0,0,0,0,0,1,1,0,0,0,0,0,0,0,1,0,0,0,0,0.14494382022471916,1.7456675749318797,-0.4946594005449591,-0.9576756756756756,1.1113513513513515,0.15297297297297305,0.5193871866295264,-0.039554317548746484,-1.067027027027027,-1.1155135135135135,-0.25,-0.45614035087719296,-0.5614035087719298,0.03508771929824561,-0.49122807017543857,-0.7719298245614035,-0.631578947368421,-0.5614035087719298,0.0,-0.1694915254237288
0,1,0,0,0.23994550408719348,-0.32142857142857145,-0.537579832990171,6,5,4,3,2,1,0,6,5,4,0,0,1,1,1,1,0,0,0,1,1,1,0,0,0,0,0,1,1,0,0,0,0,0,0,0,1,0,0,0,-0.7410112359550562,0.1325885558583107,1.7456675749318797,-0.4906486486486486,-0.9605405405405405,1.1113513513513515,0.16061281337047362,0.5275766016713092,-0.03837837837837835,-1.074972972972973,0.10714285714285714,-0.24561403508771928,-0.45614035087719296,-0.5614035087719298,0.03508771929824561,-0.45614035087719296,-0.7719298245614035,-0.5964912280701754,-0.5517241379310345,0.0
1,1,0,0,3.4388555858310625,0.25,0.8057954612693436,0,6,5,4,3,2,1,0,6,5,1,0,0,1,1,1,1,0,0,0,0,1,1,0,0,0,0,0,1,1,0,0,0,0,0,0,0,1,0,0,0.2556179775280899,-0.7268119891008175,0.1325885558583107,1.7315135135135131,-0.4935135135135135,-0.9605405405405405,1.148356545961003,0.16880222841225634,0.5118918918918919,-0.04632432432432429,-0.32142857142857145,0.10526315789473684,-0.24561403508771928,-0.45614035087719296,-0.5614035087719298,0.07017543859649122,-0.45614035087719296,-0.7368421052631579,-0.5862068965517241,-0.5423728813559322
2,1,0,0,1.1364032697547684,-0.39285714285714285,-0.31662398670991837,1,0,6,5,4,3,2,1,0,6,1,1,0,0,1,1,1,1,0,0,0,0,1,1,0,0,0,0,0,1,0,0,0,0,0,0,0,0,1,0,3.553370786516854,0.23994550408719348,-0.7268119891008175,0.1315135135135136,1.7286486486486483,-0.4935135135135135,-0.9870194986072423,1.1565459610027857,0.16378378378378383,0.5039459459459459,0.25,-0.3157894736842105,0.10526315789473684,-0.24561403508771928,-0.45614035087719296,-0.5263157894736842,0.07017543859649122,-0.42105263157894735,-0.7241379310344828,-0.576271186440678
3,1,0,0,0.7778201634877384,0.03571428571428571,-0.33666284432014537,2,1,0,6,5,4,3,2,1,0,1,1,1,0,0,1,1,1,1,0,0,0,0,1,1,0,0,0,0,0,0,0,0,0,0,0,0,0,0,1,1.1797752808988764,3.4388555858310625,0.23994550408719348,-0.7209189189189189,0.12864864864864872,1.7286486486486483,-0.5056824512534819,-0.9788300835654595,1.1221621621621622,0.15583783783783792,-0.39285714285714285,0.24561403508771928,-0.3157894736842105,0.10526315789473684,-0.24561403508771928,-0.42105263157894735,-0.5263157894736842,0.10526315789473684,-0.41379310344827586,-0.711864406779661
4,1,0,0,2.559291553133515,-0.07142857142857142,0.7420590189277307,3,2,1,0,6,5,4,3,2,1,1,1,1,1,0,0,1,1,1,1,0,0,0,0,1,1,0,0,0,0,0,0,0,0,0,0,0,0,0,0,0.8101123595505617,1.1364032697547684,3.4388555858310625,0.23800000000000002,-0.7237837837837838,0.12864864864864872,1.7845682451253477,-0.49749303621169916,-0.9497297297297297,1.1142162162162164,0.03571428571428571,-0.38596491228070173,0.24561403508771928,-0.3157894736842105,0.10526315789473684,-0.21052631578947367,-0.42105263157894735,-0.49122807017543857,0.10344827586206896,-0.4067796610169492
5,0,1,0,0.12168937329700279,-0.6428571428571429,-0.6106612384852124,4,3,2,1,0,6,5,4,3,2,1,1,1,1,1,0,0,1,1,1,0,0,0,0,0,1,1,0,0,0,0,0,0,0,0,0,0,0,0,0,2.646629213483146,0.7778201634877384,1.1364032697547684,3.410972972972973,0.23513513513513515,-0.7237837837837838,0.13554317548746525,1.7927576601671307,-0.4827027027027027,-0.9576756756756756,-0.07142857142857142,0.03508771929824561,-0.38596491228070173,0.24561403508771928,-0.3157894736842105,0.14035087719298245,-0.21052631578947367,-0.38596491228070173,-0.4827586206896552,0.1016949152542373
6,0,1,0,3.268828337874659,-0.32142857142857145,1.6603425057166674,5,4,3,2,1,0,6,5,4,3,0,1,1,1,1,1,0,0,1,1,1,0,0,0,0,0,1,1,0,0,0,0,0,0,0,0,0,0,0,0,0.13370786516853939,2.559291553133515,0.7778201634877384,1.1271891891891892,3.408108108108108,0.23513513513513515,-0.743008356545961,0.14373259052924797,1.7394594594594592,-0.4906486486486486,-0.6428571428571429,-0.07017543859649122,0.03508771929824561,-0.38596491228070173,0.24561403508771928,-0.2807017543859649,0.14035087719298245,-0.17543859649122806,-0.3793103448275862,-0.4745762711864407
0,1,0,0,0.6579291553133514,-1.1785714285714286,-0.03872897116462729,6,5,4,3,2,1,0,6,5,4,0,0,1,1,1,1,1,0,0,1,1,1,0,0,0,0,0,1,1,0,0,0,0,0,0,0,0,0,0,0,3.3780898876404493,0.12168937329700279,2.559291553133515,0.7715135135135135,1.1243243243243244,3.408108108108108,0.2452924791086351,-0.7348189415041783,0.13945945945945953,1.7315135135135131,-0.32142857142857145,-0.631578947368421,-0.07017543859649122,0.03508771929824561,-0.38596491228070173,0.2807017543859649,-0.2807017543859649,0.17543859649122806,-0.1724137931034483,-0.3728813559322034
1,1,0,0,1.3532970027247957,-0.25,0.2633082446591383,0,6,5,4,3,2,1,0,6,5,1,0,0,1,1,1,1,1,0,0,0,1,1,0,0,0,0,0,1,1,0,0,0,0,0,0,0,0,0,0,0.6865168539325842,3.268828337874659,0.12168937329700279,2.5385405405405406,0.7686486486486486,1.1243243243243244,3.5154874651810584,0.25348189415041783,-0.712972972972973,0.1315135135135136,-1.1785714285714286,-0.3157894736842105,-0.631578947368421,-0.07017543859649122,0.03508771929824561,-0.3508771929824561,0.2807017543859649,-0.24561403508771928,0.1724137931034483,-0.1694915254237288
2,1,0,0,0.16637602179836514,0.17857142857142858,-0.3555797146497235,1,0,6,5,4,3,2,1,0,6,1,1,0,0,1,1,1,1,1,0,0,0,1,1,0,0,0,0,0,1,0,0,0,0,0,0,0,0,0,0,1.403370786516854,0.6579291553133514,3.268828337874659,0.12070270270270277,2.5356756756756758,0.7686486486486486,1.1617270194986073,3.5236768802228413,0.24594594594594596,-0.7209189189189189,-0.25,-1.1578947368421053,-0.3157894736842105,-0.631578947368421,-0.07017543859649122,0.07017543859649122,-0.3508771929824561,0.3157894736842105,-0.2413793103448276,0.1694915254237288
3,1,0,0,1.6295912806539508,0.5714285714285714,0.5439569225791326,2,1,0,6,5,4,3,2,1,0,1,1,1,0,0,1,1,1,1,1,0,0,0,1,1,0,0,0,0,0,0,0,0,0,0,0,0,0,0,0,0.1797752808988764,1.3532970027247957,0.6579291553133514,3.242324324324324,0.1178378378378379,2.5356756756756758,0.7951532033426183,1.16991643454039,3.418918918918919,0.23800000000000002,0.17857142857142858,-0.24561403508771928,-1.1578947368421053,-0.3157894736842105,-0.631578947368421,-0.03508771929824561,0.07017543859649122,-0.3157894736842105,0.3103448275862069,-0.23728813559322035
4,1,0,0,-0.6112806539509537,0.25,-0.7790488349083349,3,2,1,0,6,5,4,3,2,1,1,1,1,1,0,0,1,1,1,1,0,0,0,0,1,1,0,0,0,0,0,0,0,0,0,0,0,0,0,0,1.6882022471910112,0.16637602179836514,1.3532970027247957,0.6525945945945946,3.239459459459459,0.1178378378378379,2.616323119777159,0.803342618384401,1.135135135135135,3.410972972972973,0.5714285714285714,0.17543859649122806,-0.24561403508771928,-1.1578947368421053,-0.3157894736842105,-0.5964912280701754,-0.03508771929824561,0.10526315789473684,-0.3103448275862069,0.3050847457627119
5,0,1,0,0.46980926430517717,-1.6071428571428572,-0.7754666021536464,4,3,2,1,0,6,5,4,3,2,1,1,1,1,1,0,0,1,1,1,0,0,0,0,0,1,1,0,0,0,0,0,0,0,0,0,0,0,0,0,-0.6219101123595506,1.6295912806539508,0.16637602179836514,1.3423243243243244,0.6497297297297296,3.239459459459459,0.1244011142061282,2.6245125348189418,0.7794594594594594,1.1271891891891892,0.25,0.5614035087719298,0.17543859649122806,-0.24561403508771928,-1.1578947368421053,-0.2807017543859649,-0.5964912280701754,0.0,0.10344827586206896,-0.3050847457627119
6,0,1,0,2.415967302452316,-0.8214285714285714,-0.0806008923468933,5,4,3,2,1,0,6,5,4,3,0,1,1,1,1,1,0,0,1,1,1,0,0,0,0,0,1,1,0,0,0,0,0,0,0,0,0,0,0,0,0.4925842696629214,-0.6112806539509537,1.6295912806539508,0.16502702702702704,1.3394594594594595,0.6497297297297296,3.3416713091922,0.13259052924791093,2.5464864864864865,0.7715135135135135,-1.6071428571428572,0.24561403508771928,0.5614035087719298,0.17543859649122806,-0.24561403508771928,-1.1228070175438596,-0.2807017543859649,-0.5614035087719298,0.0,0.1016949152542373
0,0,0,1,-0.4837057220708447,-0.8214285714285714,-0.8003585415962928,6,5,4,3,2,1,0,6,5,4,0,0,1,1,1,1,1,0,0,1,1,1,0,0,0,0,0,1,1,0,0,0,0,0,0,0,0,0,0,0,2.4988764044943816,0.46980926430517717,-0.6112806539509537,1.6163783783783783,0.16216216216216217,1.3394594594594595,0.6725905292479109,3.349860724233983,0.12864864864864872,2.5385405405405406,-0.8214285714285714,-1.5789473684210527,0.24561403508771928,0.5614035087719298,0.17543859649122806,-0.21052631578947367,-1.1228070175438596,-0.24561403508771928,-0.5517241379310345,0.0
1,1,0,0,-0.7049591280653952,0.14285714285714285,-0.914835323275394,0,6,5,4,3,2,1,0,6,5,0,0,0,1,1,1,1,1,0,0,0,1,1,0,0,0,0,0,1,1,1,0,0,0,0,0,0,0,0,0,-0.49039325842696635,2.415967302452316,0.46980926430517717,-0.6063243243243244,1.6135135135135135,0.16216216216216217,1.3834540389972145,0.6807799442896936,3.25027027027027,0.12070270270270277,-0.8214285714285714,-0.8070175438596491,-1.5789473684210527,0.24561403508771928,0.5614035087719298,0.21052631578947367,-0.21052631578947367,-1.087719298245614,-0.2413793103448276,-0.5423728813559322
2,1,0,0,-0.4815258855585831,-0.35714285714285715,-0.8819808692929757,1,0,6,5,4,3,2,1,0,6,1,0,0,0,1,1,1,1,1,0,0,0,1,1,0,0,0,0,0,1,0,1,0,0,0,0,0,0,0,0,-0.7184831460674157,-0.4837057220708447,2.415967302452316,0.466,-0.6091891891891892,1.6135135135135135,0.17008356545961004,1.3916434540389973,0.6605405405405405,3.242324324324324,0.14285714285714285,-0.8070175438596491,-0.8070175438596491,-1.5789473684210527,0.24561403508771928,0.5964912280701754,0.21052631578947367,-0.17543859649122806,-1.0689655172413792,-0.23728813559322035
3,1,0,0,-0.5143324250681198,-0.10714285714285714,-0.8333098025587002,2,1,0,6,5,4,3,2,1,0,1,1,0,0,0,1,1,1,1,1,0,0,0,1,1,0,0,0,0,0,0,0,1,0,0,0,0,0,0,0,-0.48814606741573036,-0.7049591280653952,-0.4837057220708447,2.396378378378378,0.46313513513513516,-0.6091891891891892,1.6659052924791085,0.17827298050139276,1.3502702702702702,0.6525945945945946,-0.35714285714285715,0.14035087719298245,-0.8070175438596491,-0.8070175438596491,-1.5789473684210527,0.2807017543859649,0.5964912280701754,0.24561403508771928,-0.1724137931034483,-1.0508474576271187
4,1,0,0,-0.6956948228882833,0.5357142857142857,-0.8368352993077084,3,2,1,0,6,5,4,3,2,1,1,1,1,0,0,0,1,1,1,1,0,0,0,0,1,1,0,0,0,0,0,0,0,1,0,0,0,0,0,0,-0.5219662921348315,-0.4815258855585831,-0.7049591280653952,-0.47978378378378383,2.393513513513513,0.46313513513513516,-0.6249025069637884,1.6740947075208914,0.17297297297297298,1.3423243243243244,-0.10714285714285714,-0.3508771929824561,0.14035087719298245,-0.8070175438596491,-0.8070175438596491,-1.543859649122807,0.2807017543859649,0.631578947368421,0.2413793103448276,-0.1694915254237288
5,0,1,0,0.10277929155313359,0.35714285714285715,-0.3159757357143232,4,3,2,1,0,6,5,4,3,2,1,1,1,1,0,0,0,1,1,1,0,0,0,0,0,1,1,0,0,0,0,0,0,0,1,0,0,0,0,0,-0.7089325842696629,-0.5143324250681198,-0.4815258855585831,-0.6992432432432433,-0.4826486486486487,2.393513513513513,0.48027855153203347,-0.6167130919220056,1.6243243243243244,0.16502702702702704,0.5357142857142857,-0.10526315789473684,-0.3508771929824561,0.14035087719298245,-0.8070175438596491,-0.7719298245614035,-1.543859649122807,0.3157894736842105,0.6206896551724138,0.23728813559322035
6,0,1,0,-0.43073569482288826,-0.2857142857142857,-0.5557776727527112,5,4,3,2,1,0,6,5,4,3,0,1,1,1,1,0,0,0,1,1,1,0,0,0,0,0,1,1,0,0,0,0,0,0,0,1,0,0,0,0,0.11421348314606748,-0.6956948228882833,-0.5143324250681198,-0.47762162162162164,-0.7021081081081081,-0.4826486486486487,2.469805013927576,0.4884679665738162,-0.5983783783783784,1.6163783783783783,0.35714285714285715,0.5263157894736842,-0.10526315789473684,-0.3508771929824561,0.14035087719298245,-0.7719298245614035,-0.7719298245614035,-1.5087719298245614,0.3103448275862069,0.6101694915254238
0,0,0,1,-0.8786920980926431,-0.5357142857142857,-0.8695994999741599,6,5,4,3,2,1,0,6,5,4,0,0,1,1,1,1,0,0,0,1,1,1,0,0,0,0,0,1,1,0,0,0,0,0,0,0,1,0,0,0,-0.43578651685393255,0.10277929155313359,-0.6956948228882833,-0.5101621621621621,-0.4804864864864865,-0.7021081081081081,-0.49448467966573817,2.477994428969359,0.47394594594594597,-0.6063243243243244,-0.2857142857142857,0.3508771929824561,0.5263157894736842,-0.10526315789473684,-0.3508771929824561,0.17543859649122806,-0.7719298245614035,-0.7368421052631579,-1.4827586206896552,0.3050847457627119
1,1,0,0,-0.8137874659400544,1.0357142857142858,-0.8135566846998534,0,6,5,4,3,2,1,0,6,5,0,0,0,1,1,1,1,0,0,0,0,1,1,0,0,0,0,0,1,1,1,0,0,0,0,0,0,1,0,0,-0.8975842696629214,-0.43073569482288826,0.10277929155313359,-0.6900540540540541,-0.513027027027027,-0.4804864864864865,-0.7206685236768803,-0.48629526462395545,2.404324324324324,0.466,-0.5357142857142857,-0.2807017543859649,0.3508771929824561,0.5263157894736842,-0.10526315789473684,-0.3157894736842105,0.17543859649122806,-0.7368421052631579,-0.7241379310344828,-1.4576271186440677
2,1,0,0,-0.9370572207084468,0.6071428571428571,-0.9138745561296981,1,0,6,5,4,3,2,1,0,6,1,0,0,0,1,1,1,1,0,0,0,0,1,1,0,0,0,0,0,1,0,1,0,0,0,0,0,0,1,0,-0.8306741573033709,-0.8786920980926431,-0.43073569482288826,0.10194594594594603,-0.6929189189189189,-0.513027027027027,-0.49225626740947076,-0.7124791086350974,-0.4718378378378379,2.396378378378378,1.0357142857142858,-0.5263157894736842,-0.2807017543859649,0.3508771929824561,0.5263157894736842,-0.07017543859649122,-0.3157894736842105,0.21052631578947367,-0.7241379310344828,-0.711864406779661
3,1,0,0,-0.7606539509536784,0.7857142857142857,-0.7775841846230819,2,1,0,6,5,4,3,2,1,0,1,1,0,0,0,1,1,1,1,0,0,0,0,1,1,0,0,0,0,0,0,0,1,0,0,0,0,0,0,1,-0.957752808988764,-0.8137874659400544,-0.8786920980926431,-0.4272432432432432,0.09908108108108114,-0.6929189189189189,-0.5257938718662952,-0.48406685236768804,-0.6912972972972973,-0.47978378378378383,0.6071428571428571,1.0175438596491229,-0.5263157894736842,-0.2807017543859649,0.3508771929824561,0.5614035087719298,-0.07017543859649122,-0.2807017543859649,0.20689655172413793,-0.711864406779661
4,1,0,0,-0.13400544959128066,1.2857142857142858,-0.39784878787175193,3,2,1,0,6,5,4,3,2,1,1,1,1,0,0,0,1,1,1,1,0,0,0,0,1,1,0,0,0,0,0,0,0,1,0,0,0,0,0,0,-0.7758988764044945,-0.9370572207084468,-0.8137874659400544,-0.8715675675675676,-0.43010810810810807,0.09908108108108114,-0.7111977715877437,-0.5176044568245125,-0.4696756756756757,-0.6992432432432433,0.7857142857142857,0.5964912280701754,1.0175438596491229,-0.5263157894736842,-0.2807017543859649,0.38596491228070173,0.5614035087719298,-0.03508771929824561,-0.27586206896551724,0.2033898305084746
5,0,1,0,-0.47002724795640327,0.21428571428571427,-0.6036881399652918,4,3,2,1,0,6,5,4,3,2,1,1,1,1,0,0,0,1,1,1,0,0,0,0,0,1,1,0,0,0,0,0,0,0,1,0,0,0,0,0,-0.12988764044943824,-0.7606539509536784,-0.9370572207084468,-0.8071891891891891,-0.8744324324324325,-0.43010810810810807,0.10506963788300844,-0.7030083565459609,-0.5022162162162161,-0.47762162162162164,1.2857142857142858,0.7719298245614035,0.5964912280701754,1.0175438596491229,-0.5263157894736842,-0.24561403508771928,0.38596491228070173,0.5964912280701754,-0.034482758620689655,-0.2711864406779661
6,0,1,0,-1.0583106267029971,-0.07142857142857142,-0.9789404560301573,5,4,3,2,1,0,6,5,4,3,0,1,1,1,1,0,0,0,1,1,1,0,0,0,0,0,1,1,0,0,0,0,0,0,0,1,0,0,0,0,-0.47629213483146066,-0.13400544959128066,-0.7606539509536784,-0.9294594594594594,-0.8100540540540542,-0.8744324324324325,-0.44033426183844004,0.11325905292479116,-0.6821081081081081,-0.5101621621621621,0.21428571428571427,1.263157894736842,0.7719298245614035,0.5964912280701754,1.0175438596491229,-0.49122807017543857,-0.24561403508771928,0.42105263157894735,0.5862068965517241,-0.03389830508474576
0,1,0,0,0.012806539509536754,0.9285714285714286,-0.39011902202855003,6,5,4,3,2,1,0,6,5,4,0,0,1,1,1,1,0,0,0,1,1,1,0,0,0,0,0,1,1,0,0,0,0,0,0,0,1,0,0,0,-1.082752808988764,-0.47002724795640327,-0.13400544959128066,-0.7544864864864864,-0.9323243243243242,-0.8100540540540542,-0.8982729805013928,-0.4321448467966573,0.10989189189189195,-0.6900540540540541,-0.07142857142857142,0.21052631578947367,1.263157894736842,0.7719298245614035,0.5964912280701754,1.0526315789473684,-0.49122807017543857,-0.21052631578947367,0.41379310344827586,0.576271186440678
1,1,0,0,-0.57716621253406,0.42857142857142855,-0.7178233821250499,0,6,5,4,3,2,1,0,6,5,1,0,0,1,1,1,1,0,0,0,0,1,1,0,0,0,0,0,1,1,0,0,0,0,0,0,0,1,0,0,0.021460674157303333,-1.0583106267029971,-0.47002724795640327,-0.13291891891891894,-0.7573513513513515,-0.9323243243243242,-0.8319220055710306,-0.8900835654596101,-0.41929729729729726,0.10194594594594603,0.9285714285714286,-0.07017543859649122,0.21052631578947367,1.263157894736842,0.7719298245614035,0.631578947368421,1.0526315789473684,-0.45614035087719296,-0.20689655172413793,0.4067796610169492
2,1,0,0,-0.28343324250681196,1.2142857142857142,-0.4661392777188156,1,0,6,5,4,3,2,1,0,6,1,1,0,0,1,1,1,1,0,0,0,0,1,1,0,0,0,0,0,1,0,0,0,0,0,0,0,0,1,0,-0.5867415730337079,0.012806539509536754,-1.0583106267029971,-0.46621621621621623,-0.1357837837837838,-0.7573513513513515,-0.9579387186629525,-0.823732590529248,-0.8636216216216217,-0.4272432432432432,0.42857142857142855,0.9122807017543859,-0.07017543859649122,0.21052631578947367,1.263157894736842,0.8070175438596491,0.631578947368421,1.087719298245614,-0.4482758620689655,-0.2033898305084746
3,1,0,0,-0.9078474114441417,0.6428571428571429,-0.8834264203287917,2,1,0,6,5,4,3,2,1,0,1,1,1,0,0,1,1,1,1,0,0,0,0,1,1,0,0,0,0,0,0,0,0,0,0,0,0,0,0,1,-0.2839325842696629,-0.57716621253406,0.012806539509536754,-1.0497297297297297,-0.4690810810810811,-0.1357837837837838,-0.7776044568245124,-0.9497493036211698,-0.7992432432432434,-0.8715675675675676,1.2142857142857142,0.42105263157894735,0.9122807017543859,-0.07017543859649122,0.21052631578947367,1.2982456140350878,0.8070175438596491,0.6666666666666666,1.0689655172413792,-0.4406779661016949
4,1,0,0,-0.5825613079019074,0.5,-0.6414887378092486,3,2,1,0,6,5,4,3,2,1,1,1,1,1,0,0,1,1,1,1,0,0,0,0,1,1,0,0,0,0,0,0,0,0,0,0,0,0,0,0,-0.9276404494382022,-0.28343324250681196,-0.57716621253406,0.012702702702702672,-1.0525945945945945,-0.4690810810810811,-0.13699164345403902,-0.7694150417827299,-0.9215135135135134,-0.8071891891891891,0.6428571428571429,1.1929824561403508,0.42105263157894735,0.9122807017543859,-0.07017543859649122,0.24561403508771928,1.2982456140350878,0.8421052631578947,0.6551724137931034,1.0508474576271187
5,0,1,0,-0.49433242506811986,0.7142857142857143,-0.6026631469121757,4,3,2,1,0,6,5,4,3,2,1,1,1,1,1,0,0,1,1,1,0,0,0,0,0,1,1,0,0,0,0,0,0,0,0,0,0,0,0,0,-0.5923033707865168,-0.9078474114441417,-0.28343324250681196,-0.5724864864864865,0.009837837837837801,-1.0525945945945945,-0.4805013927576602,-0.1288022284122563,-0.7465405405405406,-0.9294594594594594,0.5,0.631578947368421,1.1929824561403508,0.42105263157894735,0.9122807017543859,-0.03508771929824561,0.24561403508771928,1.3333333333333333,0.8275862068965517,0.6440677966101694
6,0,1,0,-0.6293732970027248,-0.5714285714285714,-0.8941115141510458,5,4,3,2,1,0,6,5,4,3,0,1,1,1,1,1,0,0,1,1,1,0,0,0,0,0,1,1,0,0,0,0,0,0,0,0,0,0,0,0,-0.5013483146067416,-0.5825613079019074,-0.9078474114441417,-0.2811351351351351,-0.5753513513513513,0.009837837837837801,-1.0818941504178272,-0.47231197771587746,-0.124972972972973,-0.7544864864864864,0.7142857142857143,0.49122807017543857,0.631578947368421,1.1929824561403508,0.42105263157894735,0.9473684210526315,-0.03508771929824561,0.2807017543859649,1.3103448275862069,0.8135593220338984
0,1,0,0,-1.0137874659400545,-1.5714285714285714,-1.0051199095819061,6,5,4,3,2,1,0,6,5,4,0,0,1,1,1,1,1,0,0,1,1,1,0,0,0,0,0,1,1,0,0,0,0,0,0,0,0,0,0,0,-0.640561797752809,-0.49433242506811986,-0.5825613079019074,-0.9004864864864865,-0.284,-0.5753513513513513,0.013091922005571,-1.0737047353760445,-0.4582702702702703,-0.13291891891891894,-0.5714285714285714,0.7017543859649122,0.49122807017543857,0.631578947368421,1.1929824561403508,0.45614035087719296,0.9473684210526315,0.0,0.27586206896551724,1.2881355932203389
1,1,0,0,-0.9231607629427793,-1.6071428571428572,-0.9654970186446123,0,6,5,4,3,2,1,0,6,5,1,0,0,1,1,1,1,1,0,0,0,1,1,0,0,0,0,0,1,1,0,0,0,0,0,0,0,0,0,0,-1.0368539325842696,-0.6293732970027248,-0.49433242506811986,-0.5778378378378378,-0.9033513513513514,-0.284,-0.5900278551532033,0.021281337047353723,-1.0417837837837838,-0.46621621621621623,-1.5714285714285714,-0.5614035087719298,0.7017543859649122,0.49122807017543857,0.631578947368421,1.2280701754385965,0.45614035087719296,0.9824561403508771,0.0,0.2711864406779661
2,1,0,0,-1.0375476839237057,-2.0714285714285716,-0.9595069697280642,1,0,6,5,4,3,2,1,0,6,1,1,0,0,1,1,1,1,1,0,0,0,1,1,0,0,0,0,0,1,0,0,0,0,0,0,0,0,0,0,-0.9434269662921348,-1.0137874659400545,-0.6293732970027248,-0.49032432432432427,-0.5807027027027027,-0.9033513513513514,-0.28974930362116985,-0.5818384401114206,0.020648648648648613,-1.0497297297297297,-1.6071428571428572,-1.543859649122807,-0.5614035087719298,0.7017543859649122,0.49122807017543857,0.6666666666666666,1.2280701754385965,0.49122807017543857,0.9655172413793104,0.0
3,1,0,0,-0.4397275204359673,0.17857142857142858,-0.5217828812303812,2,1,0,6,5,4,3,2,1,0,1,1,1,0,0,1,1,1,1,1,0,0,0,1,1,0,0,0,0,0,0,0,0,0,0,0,0,0,0,0,-1.0613483146067417,-0.9231607629427793,-1.0137874659400545,-0.6242702702702703,-0.49318918918918914,-0.5807027027027027,-0.9280779944289694,-0.28155988857938713,-0.5645405405405405,0.012702702702702672,-2.0714285714285716,-1.5789473684210527,-1.543859649122807,-0.5614035087719298,0.7017543859649122,0.5263157894736842,0.6666666666666666,1.263157894736842,0.4827586206896552,0.9491525423728814
4,1,0,0,-1.035967302452316,0.6428571428571429,-0.949330252986411,3,2,1,0,6,5,4,3,2,1,1,1,1,1,0,0,1,1,1,1,0,0,0,0,1,1,0,0,0,0,0,0,0,0,0,0,0,0,0,0,-0.4450561797752809,-1.0375476839237057,-0.9231607629427793,-1.0055675675675675,-0.6271351351351351,-0.49318918918918914,-0.5955431754874652,-0.9198885793871866,-0.27318918918918916,-0.5724864864864865,0.17857142857142858,-2.0350877192982457,-1.5789473684210527,-1.543859649122807,-0.5614035087719298,0.7368421052631579,0.5263157894736842,0.7017543859649122,1.2413793103448276,0.4745762711864407
5,0,1,0,-0.4064850136239782,1.2142857142857142,-0.4545063368313671,4,3,2,1,0,6,5,4,3,2,1,1,1,1,1,0,0,1,1,1,0,0,0,0,0,1,1,0,0,0,0,0,0,0,0,0,0,0,0,0,-1.0597191011235956,-0.4397275204359673,-1.0375476839237057,-0.9156756756756758,-1.0084324324324325,-0.6271351351351351,-0.5053481894150418,-0.5873537604456824,-0.8925405405405406,-0.2811351351351351,0.6428571428571429,0.17543859649122806,-2.0350877192982457,-1.5789473684210527,-1.543859649122807,-0.5263157894736842,0.7368421052631579,0.5614035087719298,0.6896551724137931,1.2203389830508475
6,0,1,0,-0.8992370572207083,-0.42857142857142855,-0.8295039962370734,5,4,3,2,1,0,6,5,4,3,0,1,1,1,1,1,0,0,1,1,1,0,0,0,0,0,1,1,0,0,0,0,0,0,0,0,0,0,0,0,-0.41078651685393264,-1.035967302452316,-0.4397275204359673,-1.029135135135135,-0.9185405405405406,-1.0084324324324325,-0.6433983286908078,-0.497158774373259,-0.5698918918918919,-0.9004864864864865,1.2142857142857142,0.631578947368421,0.17543859649122806,-2.0350877192982457,-1.5789473684210527,-1.5087719298245614,-0.5263157894736842,0.7719298245614035,0.5517241379310345,0.6779661016949152
0,1,0,0,-0.5763487738419619,0.4642857142857143,-0.6242546611531004,6,5,4,3,2,1,0,6,5,4,0,0,1,1,1,1,1,0,0,1,1,1,0,0,0,0,0,1,1,0,0,0,0,0,0,0,0,0,0,0,-0.9187640449438201,-0.4064850136239782,-1.035967302452316,-0.43616216216216214,-1.032,-0.9185405405405406,-1.0363788300835655,-0.6352089136490251,-0.4823783783783783,-0.5778378378378378,-0.42857142857142855,1.1929824561403508,0.631578947368421,0.17543859649122806,-2.0350877192982457,-1.543859649122807,-1.5087719298245614,-0.49122807017543857,0.7586206896551724,0.5423728813559322
1,1,0,0,-0.74425068119891,0.6785714285714286,-0.773776131330933,0,6,5,4,3,2,1,0,6,5,1,0,0,1,1,1,1,1,0,0,0,1,1,0,0,0,0,0,1,1,0,0,0,0,0,0,0,0,0,0,-0.5858988764044945,-0.8992370572207083,-0.4064850136239782,-1.0275675675675675,-0.439027027027027,-1.032,-0.943732590529248,-1.0281894150417827,-0.6163243243243243,-0.49032432432432427,0.4642857142857143,-0.42105263157894735,1.1929824561403508,0.631578947368421,0.17543859649122806,-2.0,-1.543859649122807,-1.4736842105263157,-0.4827586206896552,0.7457627118644068
2,1,0,0,-0.8789645776566757,0.5357142857142857,-0.8219008097332771,1,0,6,5,4,3,2,1,0,6,1,1,0,0,1,1,1,1,1,0,0,0,1,1,0,0,0,0,0,1,0,0,0,0,0,0,0,0,0,0,-0.7589887640449438,-0.5763487738419619,-0.8992370572207083,-0.4031891891891892,-1.0304324324324323,-0.439027027027027,-1.0606685236768802,-0.9355431754874652,-0.9976216216216216,-0.6242702702702703,0.6785714285714286,0.45614035087719296,-0.42105263157894735,1.1929824561403508,0.631578947368421,0.21052631578947367,-2.0,-1.5087719298245614,-1.4482758620689655,-0.4745762711864407
3,1,0,0,-0.1328610354223433,1.2857142857142858,-0.23512823835264104,2,1,0,6,5,4,3,2,1,0,1,1,1,0,0,1,1,1,1,1,0,0,0,1,1,0,0,0,0,0,0,0,0,0,0,0,0,0,0,0,-0.8978651685393259,-0.74425068119891,-0.5763487738419619,-0.8919459459459459,-0.4060540540540541,-1.0304324324324323,-0.44952646239554317,-1.0524791086350975,-0.9077297297297298,-1.0055675675675675,0.5357142857142857,0.6666666666666666,0.45614035087719296,-0.42105263157894735,1.1929824561403508,0.6666666666666666,0.21052631578947367,-1.9649122807017543,-1.4827586206896552,-1.423728813559322
4,1,0,0,-0.1356948228882834,0.17857142857142858,-0.2530034505977316,3,2,1,0,6,5,4,3,2,1,1,1,1,1,0,0,1,1,1,1,0,0,0,0,1,1,0,0,0,0,0,0,0,0,0,0,0,0,0,0,-0.1287078651685393,-0.8789645776566757,-0.74425068119891,-0.5716756756756757,-0.8948108108108108,-0.4060540540540541,-1.0590529247910863,-0.44133704735376045,-1.0211891891891893,-0.9156756756756758,1.2857142857142858,0.5263157894736842,0.6666666666666666,0.45614035087719296,-0.42105263157894735,1.2280701754385965,0.6666666666666666,0.24561403508771928,-1.9310344827586208,-1.4576271186440677
5,0,1,0,-0.06784741144414162,1.25,-0.27248356153815617,4,3,2,1,0,6,5,4,3,2,1,1,1,1,1,0,0,1,1,1,0,0,0,0,0,1,1,0,0,0,0,0,0,0,0,0,0,0,0,0,-0.1316292134831461,-0.1328610354223433,-0.8789645776566757,-0.7382162162162161,-0.5745405405405406,-0.8948108108108108,-0.4155431754874652,-1.0508635097493035,-0.4282162162162162,-1.029135135135135,0.17857142857142858,1.263157894736842,0.5263157894736842,0.6666666666666666,0.45614035087719296,-0.38596491228070173,1.2280701754385965,0.7017543859649122,0.2413793103448276,-1.8983050847457628
6,0,0,1,-0.7467029972752043,0.0,-0.6713019171901484,5,4,3,2,1,0,6,5,4,3,0,1,1,1,1,1,0,0,1,1,1,0,0,0,0,0,1,1,0,0,0,0,0,0,0,0,0,0,0,0,-0.06168539325842691,-0.1356948228882834,-0.1328610354223433,-0.8718378378378377,-0.7410810810810811,-0.5745405405405406,-0.919275766016713,-0.4073537604456825,-1.0196216216216216,-0.43616216216216214,1.25,0.17543859649122806,1.263157894736842,0.5263157894736842,0.6666666666666666,0.49122807017543857,-0.38596491228070173,1.263157894736842,0.6896551724137931,0.23728813559322035
0,1,0,0,-0.4278474114441416,1.0357142857142858,-0.3703593505056807,6,5,4,3,2,1,0,6,5,4,0,0,1,1,1,1,1,0,0,1,0,1,0,0,0,0,0,1,1,0,1,0,0,0,0,0,0,0,0,0,-0.7615168539325843,-0.06784741144414162,-0.1356948228882834,-0.13178378378378375,-0.8747027027027027,-0.7410810810810811,-0.5891922005571031,-0.9110863509749303,-0.3952432432432433,-1.0275675675675675,0.0,1.2280701754385965,0.17543859649122806,1.263157894736842,0.5263157894736842,0.7017543859649122,0.49122807017543857,-0.3508771929824561,1.2413793103448276,0.6779661016949152
1,1,0,0,0.0,0.8571428571428571,0.15485278223634985,0,6,5,4,3,2,1,0,6,5,1,0,0,1,1,1,1,1,0,0,0,0,1,0,0,0,0,0,1,1,0,1,0,0,0,0,0,0,0,0,-0.4328089887640449,-0.7467029972752043,-0.06784741144414162,-0.13459459459459464,-0.13464864864864862,-0.8747027027027027,-0.7608356545961003,-0.5810027855153204,-0.884,-0.4031891891891892,1.0357142857142858,0.0,1.2280701754385965,0.17543859649122806,1.263157894736842,0.5614035087719298,0.7017543859649122,0.5263157894736842,-0.3448275862068966,1.2203389830508475
2,1,0,0,-0.8498092643051771,0.9285714285714286,-0.7306957145029215,1,0,6,5,4,3,2,1,0,6,1,1,0,0,1,1,1,1,1,0,0,0,0,1,0,0,0,0,0,1,0,0,1,0,0,0,0,0,0,0,0.008258426966292129,-0.4278474114441416,-0.7467029972752043,-0.06729729729729723,-0.1374594594594595,-0.13464864864864862,-0.8985515320334262,-0.7526462395543175,-0.5637297297297298,-0.8919459459459459,0.8571428571428571,1.0175438596491229,0.0,1.2280701754385965,0.17543859649122806,1.2982456140350878,0.5614035087719298,0.7368421052631579,0.5172413793103449,-0.3389830508474576
3,1,0,0,-0.5349863760217983,0.7142857142857143,-0.31931379767228835,2,1,0,6,5,4,3,2,1,0,1,1,1,0,0,1,1,1,1,1,0,0,0,0,1,0,0,0,0,0,0,0,0,1,0,0,0,0,0,0,-0.8678089887640449,0.0,-0.4278474114441416,-0.7406486486486485,-0.0701621621621621,-0.1374594594594595,-0.13582172701949857,-0.8903621169916435,-0.7302702702702702,-0.5716756756756757,0.9285714285714286,0.8421052631578947,1.0175438596491229,0.0,1.2280701754385965,0.21052631578947367,1.2982456140350878,0.5964912280701754,0.7241379310344828,0.5084745762711864
4,1,0,0,-0.5924250681198909,0.8571428571428571,-0.3942628101661934,3,2,1,0,6,5,4,3,2,1,1,1,1,1,0,0,1,1,1,1,0,0,0,0,0,1,0,0,0,0,0,0,0,0,1,0,0,0,0,0,-0.5432584269662921,-0.8498092643051771,0.0,-0.42437837837837833,-0.7435135135135136,-0.0701621621621621,-0.13871866295264626,-0.12763231197771585,-0.8638918918918919,-0.7382162162162161,0.7142857142857143,0.9122807017543859,0.8421052631578947,1.0175438596491229,0.0,1.263157894736842,0.21052631578947367,1.3333333333333333,0.5862068965517241,0.711864406779661
5,0,1,0,-0.61858310626703,0.39285714285714285,-0.4872244746021177,4,3,2,1,0,6,5,4,3,2,1,1,1,1,1,0,0,1,1,1,0,0,0,0,0,0,1,0,0,0,0,0,0,0,0,1,0,0,0,0,-0.6024719101123596,-0.5349863760217983,-0.8498092643051771,0.0,-0.4272432432432432,-0.7435135135135136,-0.06935933147632306,-0.13052924791086354,-0.12383783783783782,-0.8718378378378377,0.8571428571428571,0.7017543859649122,0.9122807017543859,0.8421052631578947,1.0175438596491229,0.03508771929824561,1.263157894736842,0.24561403508771928,1.3103448275862069,0.576271186440678
6,0,1,0,-0.7026158038147139,0.39285714285714285,-0.5859217185429745,5,4,3,2,1,0,6,5,4,3,0,1,1,1,1,1,0,0,1,1,1,0,0,0,0,0,0,1,0,0,0,0,0,0,0,0,1,0,0,0,-0.629438202247191,-0.5924250681198909,-0.5349863760217983,-0.8429189189189189,-0.002864864864864871,-0.4272432432432432,-0.763342618384401,-0.06116991643454033,-0.1266486486486487,-0.13178378378378375,0.39285714285714285,0.8421052631578947,0.7017543859649122,0.9122807017543859,0.8421052631578947,1.0526315789473684,0.03508771929824561,1.2982456140350878,0.2413793103448276,1.2881355932203389
0,1,0,0,0.022670299727520417,1.0,0.296168503315405,6,5,4,3,2,1,0,6,5,4,0,0,1,1,1,1,1,0,0,1,1,1,0,0,0,0,0,0,1,0,0,0,0,0,0,0,0,1,0,0,-0.716067415730337,-0.61858310626703,-0.5924250681198909,-0.5306486486486487,-0.8457837837837838,-0.002864864864864871,-0.4373816155988857,-0.7551532033426185,-0.0593513513513513,-0.13459459459459464,0.39285714285714285,0.38596491228070173,0.8421052631578947,0.7017543859649122,0.9122807017543859,0.8771929824561403,1.0526315789473684,0.07017543859649122,1.2758620689655173,0.23728813559322035
1,1,0,0,-0.024359673024523156,1.0357142857142858,0.14718256111198078,0,6,5,4,3,2,1,0,6,5,1,0,0,1,1,1,1,1,0,0,0,1,1,0,0,0,0,0,0,1,0,0,0,0,0,0,0,0,1,0,0.03162921348314604,-0.7026158038147139,-0.61858310626703,-0.5876216216216216,-0.5335135135135135,-0.8457837837837838,0.0,-0.429192200557103,-0.7327027027027028,-0.06729729729729723,1.0,0.38596491228070173,0.38596491228070173,0.8421052631578947,0.7017543859649122,0.9473684210526315,0.8771929824561403,1.087719298245614,0.06896551724137931,1.2542372881355932
2,1,0,0,1.1582016348773843,0.8214285714285714,1.4603037080256545,1,0,6,5,4,3,2,1,0,6,1,1,0,0,1,1,1,1,1,0,0,0,1,1,0,0,0,0,0,0,0,0,0,0,0,0,0,0,0,1,-0.016853932584269662,0.022670299727520417,-0.7026158038147139,-0.6135675675675676,-0.5904864864864865,-0.5335135135135135,-0.8687465181058496,0.008189415041782723,-0.4164324324324324,-0.7406486486486485,1.0357142857142858,0.9824561403508771,0.38596491228070173,0.38596491228070173,0.8421052631578947,0.7368421052631579,0.9473684210526315,0.9122807017543859,1.0689655172413792,0.06779661016949153
3,1,0,0,0.035585831062670305,1.0357142857142858,0.11897502941658908,2,1,0,6,5,4,3,2,1,0,1,1,1,0,0,1,1,1,1,1,0,0,0,1,1,0,0,0,0,0,0,0,0,0,0,0,0,0,0,0,1.202247191011236,-0.024359673024523156,0.022670299727520417,-0.696918918918919,-0.6164324324324325,-0.5904864864864865,-0.546908077994429,-0.8605571030640669,0.007945945945945939,-0.42437837837837833,0.8214285714285714,1.0175438596491229,0.9824561403508771,0.38596491228070173,0.38596491228070173,0.8771929824561403,0.7368421052631579,0.9824561403508771,0.896551724137931,1.0508474576271187
4,1,0,0,0.7494822888283379,1.1785714285714286,0.9376413250834562,3,2,1,0,6,5,4,3,2,1,1,1,1,1,0,0,1,1,1,1,0,0,0,0,1,1,0,0,0,0,0,0,0,0,0,0,0,0,0,0,0.0449438202247191,1.1582016348773843,-0.024359673024523156,0.02248648648648647,-0.6997837837837837,-0.6164324324324325,-0.6056267409470751,-0.5387186629526463,-0.834972972972973,0.0,1.0357142857142858,0.8070175438596491,1.0175438596491229,0.9824561403508771,0.38596491228070173,0.42105263157894735,0.8771929824561403,0.7719298245614035,0.9655172413793104,0.8813559322033898
5,0,1,0,-0.21509536784741143,0.21428571428571427,-0.20240804085891198,4,3,2,1,0,6,5,4,3,2,1,1,1,1,1,0,0,1,1,1,0,0,0,0,0,1,1,0,0,0,0,0,0,0,0,0,0,0,0,0,0.7808988764044944,0.035585831062670305,1.1582016348773843,-0.024162162162162156,0.019621621621621597,-0.6997837837837837,-0.6323676880222842,-0.5974373259052924,-0.5227027027027027,-0.8429189189189189,1.1785714285714286,1.0175438596491229,0.8070175438596491,1.0175438596491229,0.9824561403508771,0.42105263157894735,0.42105263157894735,0.9122807017543859,0.7586206896551724,0.9491525423728814
6,0,1,0,0.12822888283378747,0.7142857142857143,0.3660161437342104,5,4,3,2,1,0,6,5,4,3,0,1,1,1,1,1,0,0,1,1,1,0,0,0,0,0,1,1,0,0,0,0,0,0,0,0,0,0,0,0,-0.21348314606741572,0.7494822888283379,0.035585831062670305,1.1488108108108108,-0.02702702702702703,0.019621621621621597,-0.7182729805013928,-0.6241782729805014,-0.5796756756756757,-0.5306486486486487,0.21428571428571427,1.1578947368421053,1.0175438596491229,0.8070175438596491,1.0175438596491229,1.0175438596491229,0.42105263157894735,0.45614035087719296,0.896551724137931,0.7457627118644068
0,1,0,0,0.6949863760217984,0.42857142857142855,0.5516213390296533,6,5,4,3,2,1,0,6,5,4,0,0,1,1,1,1,1,0,0,1,1,1,0,0,0,0,0,1,1,0,0,0,0,0,0,0,0,0,0,0,0.1404494382022472,-0.21509536784741143,0.7494822888283379,0.0352972972972973,1.145945945945946,-0.02702702702702703,0.02317548746518104,-0.71008356545961,-0.6056216216216217,-0.5876216216216216,0.7142857142857143,0.21052631578947367,1.1578947368421053,1.0175438596491229,0.8070175438596491,1.0526315789473684,1.0175438596491229,0.45614035087719296,0.4482758620689655,0.8813559322033898
1,1,0,0,-0.28049046321525883,-0.21428571428571427,-0.32338774247620644,0,6,5,4,3,2,1,0,6,5,1,0,0,1,1,1,1,1,0,0,0,1,1,0,0,0,0,0,1,1,0,0,0,0,0,0,0,0,0,0,0.7247191011235955,0.12822888283378747,-0.21509536784741143,0.7434054054054055,0.032432432432432434,1.145945945945946,-0.024902506963788294,0.03136490250696376,-0.6889729729729729,-0.6135675675675676,0.42857142857142855,0.7017543859649122,0.21052631578947367,1.1578947368421053,1.0175438596491229,0.8421052631578947,1.0526315789473684,1.0526315789473684,0.4482758620689655,0.4406779661016949
2,0,0,1,0.06283378746594007,-0.8571428571428571,0.13415968170913567,1,0,6,5,4,3,2,1,0,6,1,1,0,0,1,1,1,1,1,0,0,0,1,1,0,0,0,0,0,1,0,0,0,0,0,0,0,0,0,0,-0.2808988764044944,0.6949863760217984,0.12822888283378747,-0.21335135135135133,0.7405405405405405,0.032432432432432434,1.1840111420612813,-0.016713091922005572,0.030432432432432408,-0.696918918918919,-0.21428571428571427,0.42105263157894735,0.7017543859649122,0.21052631578947367,1.1578947368421053,1.0526315789473684,0.8421052631578947,1.087719298245614,1.0344827586206897,0.4406779661016949
3,1,0,0,-0.41128065395095365,-0.8928571428571429,-0.34698205644240154,2,1,0,6,5,4,3,2,1,0,0,1,1,0,0,1,1,1,1,1,0,0,0,1,1,0,0,0,0,0,1,0,0,0,0,0,0,0,0,0,0.07303370786516854,-0.28049046321525883,0.6949863760217984,0.1271891891891892,-0.21621621621621623,0.7405405405405405,0.03637883008356547,1.192200557103064,-0.016216216216216217,0.02248648648648647,-0.8571428571428571,-0.21052631578947367,0.42105263157894735,0.7017543859649122,0.21052631578947367,1.1929824561403508,1.0526315789473684,0.8771929824561403,1.0689655172413792,1.0169491525423728
4,1,0,0,-0.25869209809264304,-0.5714285714285714,-0.045467823007629964,3,2,1,0,6,5,4,3,2,1,1,0,1,1,0,0,1,1,1,1,0,0,0,0,1,1,0,0,0,0,0,1,0,0,0,0,0,0,0,0,-0.4157303370786517,0.06283378746594007,-0.28049046321525883,0.6893513513513514,0.12432432432432433,-0.21621621621621623,0.766183844011142,0.04456824512534819,1.1567567567567567,-0.024162162162162156,-0.8928571428571429,-0.8421052631578947,-0.21052631578947367,0.42105263157894735,0.7017543859649122,0.24561403508771928,1.1929824561403508,1.087719298245614,0.8620689655172413,1.0508474576271187
5,0,1,0,0.18817438692098093,-0.8214285714285714,0.04648907110987611,4,3,2,1,0,6,5,4,3,2,1,1,0,1,1,0,0,1,1,1,0,0,0,0,0,1,1,0,0,0,0,0,1,0,0,0,0,0,0,0,-0.25842696629213485,-0.41128065395095365,0.06283378746594007,-0.27821621621621623,0.6864864864864865,0.12432432432432433,-0.21988857938718662,0.7743732590529248,0.043243243243243246,1.1488108108108108,-0.5714285714285714,-0.8771929824561403,-0.8421052631578947,-0.21052631578947367,0.42105263157894735,0.7368421052631579,0.24561403508771928,1.2280701754385965,1.0689655172413792,0.847457627118644
6,0,1,0,-0.024359673024523156,-1.2857142857142858,0.2050461714992761,5,4,3,2,1,0,6,5,4,3,0,1,1,0,1,1,0,0,1,1,1,0,0,0,0,0,1,1,0,0,0,0,0,1,0,0,0,0,0,0,0.20224719101123595,-0.25869209809264304,-0.41128065395095365,0.06232432432432433,-0.2810810810810811,0.6864864864864865,0.13108635097493038,-0.2116991643454039,0.7513513513513513,0.0352972972972973,-0.8214285714285714,-0.5614035087719298,-0.8771929824561403,-0.8421052631578947,-0.21052631578947367,0.45614035087719296,0.7368421052631579,0.2807017543859649,1.206896551724138,1.0508474576271187
0,1,0,0,0.19907356948228883,-1.3928571428571428,0.094307412531055,6,5,4,3,2,1,0,6,5,4,0,0,1,1,0,1,1,0,0,1,1,1,0,0,0,0,0,1,1,0,0,0,0,0,1,0,0,0,0,0,-0.016853932584269662,0.18817438692098093,-0.25869209809264304,-0.40794594594594596,0.05945945945945946,-0.2810810810810811,0.7104735376044569,0.1392757660167131,-0.20540540540540542,0.7434054054054055,-1.2857142857142858,-0.8070175438596491,-0.5614035087719298,-0.8771929824561403,-0.8421052631578947,-0.17543859649122806,0.45614035087719296,0.7719298245614035,0.27586206896551724,1.1864406779661016
1,1,0,0,0.6513896457765668,-1.0,0.1137399625954307,0,6,5,4,3,2,1,0,6,5,1,0,0,1,1,0,1,1,0,0,0,1,1,0,0,0,0,0,1,1,0,0,0,0,0,1,0,0,0,0,0.21348314606741572,-0.024359673024523156,0.18817438692098093,-0.2565945945945946,-0.41081081081081083,0.05945945945945946,-0.2867409470752089,0.7186629526462396,0.13513513513513514,-0.21335135135135133,-1.3928571428571428,-1.263157894736842,-0.8070175438596491,-0.5614035087719298,-0.8771929824561403,-0.8070175438596491,-0.17543859649122806,0.49122807017543857,0.7586206896551724,0.2711864406779661
2,0,0,1,-0.013460490463215253,-1.6071428571428572,-0.4585123107769949,1,0,6,5,4,3,2,1,0,6,1,1,0,0,1,1,0,1,1,0,0,0,1,1,0,0,0,0,0,1,0,0,0,0,0,0,1,0,0,0,0.6797752808988764,0.19907356948228883,-0.024359673024523156,0.18664864864864866,-0.2594594594594595,-0.41081081081081083,0.06423398328690809,-0.2785515320334262,0.6972972972972973,0.1271891891891892,-1.0,-1.368421052631579,-1.263157894736842,-0.8070175438596491,-0.5614035087719298,-0.8421052631578947,-0.8070175438596491,-0.14035087719298245,0.4827586206896552,0.7457627118644068
3,1,0,0,0.2481198910081744,-0.8571428571428571,0.2980658826736852,2,1,0,6,5,4,3,2,1,0,0,1,1,0,0,1,1,0,1,1,0,0,0,1,1,0,0,0,0,0,1,0,0,0,0,0,0,1,0,0,-0.0056179775280898875,0.6513896457765668,0.19907356948228883,-0.024162162162162156,0.1837837837837838,-0.2594594594594595,-0.42044568245125347,0.07242339832869081,-0.2702702702702703,0.6893513513513514,-1.6071428571428572,-0.9824561403508771,-1.368421052631579,-1.263157894736842,-0.8070175438596491,-0.5263157894736842,-0.8421052631578947,-0.7719298245614035,-0.13793103448275862,0.4745762711864407
4,1,0,0,-0.05160762942779291,-1.0,-0.028729952341755228,3,2,1,0,6,5,4,3,2,1,1,0,1,1,0,0,1,1,0,1,0,0,0,0,1,1,0,0,0,0,0,1,0,0,0,0,0,0,1,0,0.2640449438202247,-0.013460490463215253,0.6513896457765668,0.19745945945945947,-0.02702702702702703,0.1837837837837838,-0.2644568245125348,-0.41225626740947074,0.07027027027027027,-0.27821621621621623,-0.8571428571428571,-1.5789473684210527,-0.9824561403508771,-1.368421052631579,-1.263157894736842,-0.7719298245614035,-0.5263157894736842,-0.8070175438596491,-0.7586206896551724,-0.13559322033898305
5,0,1,0,-0.11155313351498637,-0.8214285714285714,-0.07584630272235458,4,3,2,1,0,6,5,4,3,2,1,1,0,1,1,0,0,1,1,0,0,0,0,0,0,1,1,0,0,0,0,0,1,0,0,0,0,0,0,1,-0.0449438202247191,0.2481198910081744,-0.013460490463215253,0.6461081081081081,0.1945945945945946,-0.02702702702702703,0.19236768802228413,-0.2562674094707521,-0.4,0.06232432432432433,-1.0,-0.8421052631578947,-1.5789473684210527,-0.9824561403508771,-1.368421052631579,-1.2280701754385965,-0.7719298245614035,-0.49122807017543857,-0.7931034482758621,-0.7457627118644068
6,0,1,0,-0.06795640326975476,-0.9642857142857143,0.172868055643978,5,4,3,2,1,0,6,5,4,3,0,1,1,0,1,1,0,0,1,1,1,0,0,0,0,0,1,1,0,0,0,0,0,1,0,0,0,0,0,0,-0.10674157303370786,-0.05160762942779291,0.2481198910081744,-0.013351351351351345,0.6432432432432432,0.1945945945945946,-0.024902506963788294,0.20055710306406685,-0.24864864864864866,-0.40794594594594596,-0.8214285714285714,-0.9824561403508771,-0.8421052631578947,-1.5789473684210527,-0.9824561403508771,-1.3333333333333333,-1.2280701754385965,-0.7368421052631579,-0.4827586206896552,-0.7796610169491526
0,0,0,1,0.4988010899182561,-1.3928571428571428,1.0733317554607,6,5,4,3,2,1,0,6,5,4,0,0,1,1,0,1,1,0,0,1,1,1,0,0,0,0,0,1,1,0,0,0,0,0,1,0,0,0,0,0,-0.06179775280898876,-0.11155313351498637,-0.05160762942779291,0.24610810810810813,-0.016216216216216217,0.6432432432432432,0.20350974930362117,-0.016713091922005572,0.1945945945945946,-0.2565945945945946,-0.9642857142857143,-0.8070175438596491,-0.9824561403508771,-0.8421052631578947,-1.5789473684210527,-0.9473684210526315,-1.3333333333333333,-1.1929824561403508,-0.7241379310344828,-0.4745762711864407
1,1,0,0,0.32986376021798364,-0.7142857142857143,0.638874013111822,0,6,5,4,3,2,1,0,6,5,0,0,0,1,1,0,1,1,0,0,0,1,1,0,0,0,0,0,1,1,1,0,0,0,0,1,0,0,0,0,0.5224719101123596,-0.06795640326975476,-0.11155313351498637,-0.05118918918918918,0.24324324324324326,-0.016216216216216217,0.6659052924791087,0.2116991643454039,-0.016216216216216217,0.18664864864864866,-1.3928571428571428,-0.9473684210526315,-0.8070175438596491,-0.9824561403508771,-0.8421052631578947,-1.543859649122807,-0.9473684210526315,-1.2982456140350878,-1.1724137931034482,-0.711864406779661
2,1,0,0,0.7603814713896457,-0.7857142857142857,1.2219997513352623,1,0,6,5,4,3,2,1,0,6,1,0,0,0,1,1,0,1,1,0,0,0,1,1,0,0,0,0,0,1,0,1,0,0,0,0,1,0,0,0,0.34831460674157305,0.4988010899182561,-0.06795640326975476,-0.11064864864864864,-0.05405405405405406,0.24324324324324326,-0.013760445682451248,0.6740947075208914,0.20540540540540542,-0.024162162162162156,-0.7142857142857143,-1.368421052631579,-0.9473684210526315,-0.8070175438596491,-0.9824561403508771,-0.8070175438596491,-1.543859649122807,-0.9122807017543859,-1.2758620689655173,-1.152542372881356
3,1,0,0,-0.4603269754768392,-1.0357142857142858,-0.21869745365810547,2,1,0,6,5,4,3,2,1,0,1,1,0,0,0,1,1,0,1,1,0,0,0,1,1,0,0,0,0,0,0,0,1,0,0,0,0,1,0,0,0.7921348314606742,0.32986376021798364,0.4988010899182561,-0.0674054054054054,-0.11351351351351352,-0.05405405405405406,0.2536490250696379,-0.005571030640668524,0.654054054054054,0.19745945945945947,-0.7857142857142857,-0.7017543859649122,-1.368421052631579,-0.9473684210526315,-0.8070175438596491,-0.9473684210526315,-0.8070175438596491,-1.5087719298245614,-0.896551724137931,-1.2542372881355932
4,1,0,0,-0.09520435967302451,-0.5714285714285714,0.2674336825375188,3,2,1,0,6,5,4,3,2,1,1,1,1,0,0,0,1,1,0,1,0,0,0,0,1,1,0,0,0,0,0,0,0,1,0,0,0,0,1,0,-0.46629213483146065,0.7603814713896457,0.32986376021798364,0.4947567567567568,-0.07027027027027027,-0.11351351351351352,-0.05275766016713091,0.2618384401114206,-0.005405405405405406,0.6461081081081081,-1.0357142857142858,-0.7719298245614035,-0.7017543859649122,-1.368421052631579,-0.9473684210526315,-0.7719298245614035,-0.9473684210526315,-0.7719298245614035,-1.4827586206896552,-0.8813559322033898
5,0,1,0,-0.008010899182561301,-0.5714285714285714,0.2932779629864036,4,3,2,1,0,6,5,4,3,2,1,1,1,1,0,0,0,1,1,0,0,0,0,0,0,1,1,0,0,0,0,0,0,0,1,0,0,0,0,1,-0.0898876404494382,-0.4603269754768392,0.7603814713896457,0.3271891891891892,0.4918918918918919,-0.07027027027027027,-0.11403899721448467,-0.04456824512534819,0.25405405405405407,-0.013351351351351345,-0.5714285714285714,-1.0175438596491229,-0.7719298245614035,-0.7017543859649122,-1.368421052631579,-0.9122807017543859,-0.7719298245614035,-0.9122807017543859,-0.7586206896551724,-1.4576271186440677
6,0,1,0,-0.07885558583106267,-0.4642857142857143,0.3330787390900219,5,4,3,2,1,0,6,5,4,3,0,1,1,1,1,0,0,0,1,1,1,0,0,0,0,0,1,1,0,0,0,0,0,0,0,1,0,0,0,0,0.0,-0.09520435967302451,-0.4603269754768392,0.7542162162162163,0.32432432432432434,0.4918918918918919,-0.06947075208913649,-0.10584958217270195,-0.043243243243243246,0.24610810810810813,-0.5714285714285714,-0.5614035087719298,-1.0175438596491229,-0.7719298245614035,-0.7017543859649122,-1.3333333333333333,-0.9122807017543859,-0.7368421052631579,-0.896551724137931,-0.7457627118644068
0,1,0,0,-0.3022888283378746,-0.4642857142857143,-0.16479319257810657,6,5,4,3,2,1,0,6,5,4,0,0,1,1,1,1,0,0,0,1,1,1,0,0,0,0,0,1,1,0,0,0,0,0,0,0,1,0,0,0,-0.07303370786516854,-0.008010899182561301,-0.09520435967302451,-0.4565945945945946,0.7513513513513513,0.32432432432432434,0.5099164345403899,-0.06128133704735376,-0.10270270270270271,-0.05118918918918918,-0.4642857142857143,-0.5614035087719298,-0.5614035087719298,-1.0175438596491229,-0.7719298245614035,-0.6666666666666666,-1.3333333333333333,-0.8771929824561403,-0.7241379310344828,-0.8813559322033898
1,1,0,0,0.32986376021798364,-0.6785714285714286,0.5012272204000956,0,6,5,4,3,2,1,0,6,5,1,0,0,1,1,1,1,0,0,0,0,1,1,0,0,0,0,0,1,1,0,0,0,0,0,0,0,1,0,0,-0.30337078651685395,-0.07885558583106267,-0.008010899182561301,-0.09443243243243242,-0.4594594594594595,0.7513513513513513,0.33721448467966575,0.5181058495821727,-0.05945945945945946,-0.11064864864864864,-0.4642857142857143,-0.45614035087719296,-0.5614035087719298,-0.5614035087719298,-1.0175438596491229,-0.7368421052631579,-0.6666666666666666,-1.2982456140350878,-0.8620689655172413,-0.711864406779661
2,1,0,0,-0.13880108991825613,-0.21428571428571427,-0.03774648330388554,1,0,6,5,4,3,2,1,0,6,1,1,0,0,1,1,1,1,0,0,0,0,1,1,0,0,0,0,0,1,0,0,0,0,0,0,0,0,1,0,0.34831460674157305,-0.3022888283378746,-0.07885558583106267,-0.007945945945945939,-0.0972972972972973,-0.4594594594594595,0.7773259052924791,0.34540389972144847,0.5027027027027027,-0.0674054054054054,-0.6785714285714286,-0.45614035087719296,-0.45614035087719296,-0.5614035087719298,-0.5614035087719298,-0.9824561403508771,-0.7368421052631579,-0.631578947368421,-1.2758620689655173,-0.847457627118644
3,1,0,0,-0.7219073569482288,-0.07142857142857142,-0.5797502267567752,2,1,0,6,5,4,3,2,1,0,1,1,1,0,0,1,1,1,1,0,0,0,0,1,1,0,0,0,0,0,0,0,0,0,0,0,0,0,0,1,-0.1348314606741573,0.32986376021798364,-0.3022888283378746,-0.07821621621621622,-0.010810810810810811,-0.0972972972972973,-0.4705849582172702,0.7855153203342619,0.33513513513513515,0.4947567567567568,-0.21428571428571427,-0.6666666666666666,-0.45614035087719296,-0.45614035087719296,-0.5614035087719298,-0.5263157894736842,-0.9824561403508771,-0.7017543859649122,-0.6206896551724138,-1.2542372881355932
4,1,0,0,0.26446866485013626,-0.03571428571428571,0.43909399152592515,3,2,1,0,6,5,4,3,2,1,1,1,1,1,0,0,1,1,1,1,0,0,0,0,1,1,0,0,0,0,0,0,0,0,0,0,0,0,0,0,-0.7359550561797753,-0.13880108991825613,0.32986376021798364,-0.29983783783783785,-0.08108108108108109,-0.010810810810810811,-0.0973259052924791,-0.4623955431754875,0.7621621621621621,0.3271891891891892,-0.07142857142857142,-0.21052631578947367,-0.6666666666666666,-0.45614035087719296,-0.45614035087719296,-0.5263157894736842,-0.5263157894736842,-0.9473684210526315,-0.6896551724137931,-0.6101694915254238
5,0,1,0,0.24267029972752044,-0.17857142857142858,0.4071973087285068,4,3,2,1,0,6,5,4,3,2,1,1,1,1,1,0,0,1,1,1,0,0,0,0,0,1,1,0,0,0,0,0,0,0,0,0,0,0,0,0,0.2808988764044944,-0.7219073569482288,-0.13880108991825613,0.3271891891891892,-0.3027027027027027,-0.08108108108108109,-0.008189415041782723,-0.08913649025069638,-0.4486486486486487,0.7542162162162163,-0.03571428571428571,-0.07017543859649122,-0.21052631578947367,-0.6666666666666666,-0.45614035087719296,-0.42105263157894735,-0.5263157894736842,-0.49122807017543857,-0.9310344827586207,-0.6779661016949152
6,0,1,0,-0.21509536784741143,-0.7142857142857143,0.0,5,4,3,2,1,0,6,5,4,3,0,1,1,1,1,1,0,0,1,1,1,0,0,0,0,0,1,1,0,0,0,0,0,0,0,0,0,0,0,0,0.25842696629213485,0.26446866485013626,-0.7219073569482288,-0.13767567567567568,0.32432432432432434,-0.3027027027027027,-0.08061281337047353,0.0,-0.08648648648648649,-0.4565945945945946,-0.17857142857142858,-0.03508771929824561,-0.07017543859649122,-0.21052631578947367,-0.6666666666666666,-0.42105263157894735,-0.42105263157894735,-0.49122807017543857,-0.4827586206896552,-0.9152542372881356
0,1,0,0,-0.3404359673024523,0.14285714285714285,-0.14497884477253542,6,5,4,3,2,1,0,6,5,4,0,0,1,1,1,1,1,0,0,1,1,1,0,0,0,0,0,1,1,0,0,0,0,0,0,0,0,0,0,0,-0.21348314606741572,0.24267029972752044,0.26446866485013626,-0.7160540540540541,-0.14054054054054055,0.32432432432432434,-0.309025069637883,-0.07242339832869081,0.0,-0.09443243243243242,-0.7142857142857143,-0.17543859649122806,-0.03508771929824561,-0.07017543859649122,-0.21052631578947367,-0.631578947368421,-0.42105263157894735,-0.38596491228070173,-0.4827586206896552,-0.4745762711864407
1,1,0,0,-0.13880108991825613,-0.2857142857142857,0.20434511669641406,0,6,5,4,3,2,1,0,6,5,1,0,0,1,1,1,1,1,0,0,0,1,1,0,0,0,0,0,1,1,0,0,0,0,0,0,0,0,0,0,-0.34269662921348315,-0.21509536784741143,0.24267029972752044,0.26232432432432434,-0.7189189189189189,-0.14054054054054055,0.33721448467966575,-0.3008356545961003,-0.07027027027027027,-0.007945945945945939,0.14285714285714285,-0.7017543859649122,-0.17543859649122806,-0.03508771929824561,-0.07017543859649122,-0.17543859649122806,-0.631578947368421,-0.38596491228070173,-0.3793103448275862,-0.4745762711864407
2,1,0,0,-0.11700272479564032,-0.17857142857142858,0.14745163583198953,1,0,6,5,4,3,2,1,0,6,1,1,0,0,1,1,1,1,1,0,0,0,1,1,0,0,0,0,0,1,0,0,0,0,0,0,0,0,0,0,-0.1348314606741573,-0.3404359673024523,-0.21509536784741143,0.24070270270270272,0.2594594594594595,-0.7189189189189189,-0.1418941504178273,0.34540389972144847,-0.2918918918918919,-0.07821621621621622,-0.2857142857142857,0.14035087719298245,-0.7017543859649122,-0.17543859649122806,-0.03508771929824561,-0.03508771929824561,-0.17543859649122806,-0.5964912280701754,-0.3793103448275862,-0.3728813559322034
3,1,0,0,0.2808174386920981,0.35714285714285715,0.925040876138746,2,1,0,6,5,4,3,2,1,0,1,1,1,0,0,1,1,1,1,1,0,0,0,1,1,0,0,0,0,0,0,0,0,0,0,0,0,0,0,0,-0.11235955056179775,-0.13880108991825613,-0.3404359673024523,-0.21335135135135133,0.23783783783783785,0.2594594594594595,-0.7379944289693593,-0.13370473537604458,0.33513513513513515,-0.29983783783783785,-0.17857142857142858,-0.2807017543859649,0.14035087719298245,-0.7017543859649122,-0.17543859649122806,0.0,-0.03508771929824561,-0.14035087719298245,-0.5862068965517241,-0.3728813559322034
4,1,0,0,0.6568392370572207,-0.4642857142857143,1.0231887357869751,3,2,1,0,6,5,4,3,2,1,1,1,1,1,0,0,1,1,1,1,0,0,0,0,1,1,0,0,0,0,0,0,0,0,0,0,0,0,0,0,0.29775280898876405,-0.11700272479564032,-0.13880108991825613,-0.3376756756756757,-0.21621621621621623,0.23783783783783785,0.2703621169916435,-0.7298050139275766,-0.12972972972972974,0.3271891891891892,0.35714285714285715,-0.17543859649122806,-0.2807017543859649,0.14035087719298245,-0.7017543859649122,-0.14035087719298245,0.0,0.0,-0.13793103448275862,-0.576271186440678
5,0,1,0,0.14457765667574932,0.21428571428571427,0.6043129850179495,4,3,2,1,0,6,5,4,3,2,1,1,1,1,1,0,0,1,1,1,0,0,0,0,0,1,1,0,0,0,0,0,0,0,0,0,0,0,0,0,0.6853932584269663,0.2808174386920981,-0.11700272479564032,-0.13767567567567568,-0.34054054054054056,-0.21621621621621623,0.24807799442896936,0.2785515320334262,-0.7081081081081081,-0.13767567567567568,-0.4642857142857143,0.3508771929824561,-0.17543859649122806,-0.2807017543859649,0.14035087719298245,-0.6666666666666666,-0.14035087719298245,0.03508771929824561,0.0,-0.13559322033898305
6,0,1,0,-0.33498637602179837,-0.4642857142857143,0.05362938168614166,5,4,3,2,1,0,6,5,4,3,0,1,1,1,1,1,0,0,1,1,1,0,0,0,0,0,1,1,0,0,0,0,0,0,0,0,0,0,0,0,0.15730337078651685,0.6568392370572207,0.2808174386920981,-0.11605405405405404,-0.14054054054054055,-0.34054054054054056,-0.21988857938718662,0.2562674094707521,0.2702702702702703,-0.7160540540540541,0.21428571428571427,-0.45614035087719296,0.3508771929824561,-0.17543859649122806,-0.2807017543859649,0.17543859649122806,-0.6666666666666666,-0.10526315789473684,0.034482758620689655,0.0
0,1,0,0,-0.41128065395095365,0.4642857142857143,-0.08100778125891767,6,5,4,3,2,1,0,6,5,4,0,0,1,1,1,1,1,0,0,1,1,1,0,0,0,0,0,1,1,0,0,0,0,0,0,0,0,0,0,0,-0.33707865168539325,0.14457765667574932,0.6568392370572207,0.27854054054054056,-0.11891891891891893,-0.14054054054054055,-0.34802228412256264,-0.2116991643454039,0.24864864864864866,0.26232432432432434,-0.4642857142857143,0.21052631578947367,-0.45614035087719296,0.3508771929824561,-0.17543859649122806,-0.24561403508771928,0.17543859649122806,-0.631578947368421,-0.10344827586206896,0.03389830508474576
1,1,0,0,1.1255040871934605,0.8571428571428571,1.5348359074877296,0,6,5,4,3,2,1,0,6,5,1,0,0,1,1,1,1,1,0,0,0,1,1,0,0,0,0,0,1,1,0,0,0,0,0,0,0,0,0,0,-0.4157303370786517,-0.33498637602179837,0.14457765667574932,0.6515135135135135,0.2756756756756757,-0.11891891891891893,-0.1418941504178273,-0.3398328690807799,-0.20540540540540542,0.24070270270270272,0.4642857142857143,-0.45614035087719296,0.21052631578947367,-0.45614035087719296,0.3508771929824561,-0.14035087719298245,-0.24561403508771928,0.21052631578947367,-0.6206896551724138,-0.1016949152542373
2,1,0,0,0.04103542234332426,0.5,0.43665715199482297,1,0,6,5,4,3,2,1,0,6,1,1,0,0,1,1,1,1,1,0,0,0,1,1,0,0,0,0,0,1,0,0,0,0,0,0,0,0,0,0,1.1685393258426966,-0.41128065395095365,-0.33498637602179837,0.14340540540540542,0.6486486486486487,0.2756756756756757,-0.11961002785515319,-0.13370473537604458,-0.32972972972972975,-0.21335135135135133,0.8571428571428571,0.45614035087719296,-0.45614035087719296,0.21052631578947367,-0.45614035087719296,0.38596491228070173,-0.14035087719298245,-0.21052631578947367,0.20689655172413793,-0.6101694915254238
3,1,0,0,0.3571117166212534,0.5,0.36808635257514055,2,1,0,6,5,4,3,2,1,0,1,1,1,0,0,1,1,1,1,1,0,0,0,1,1,0,0,0,0,0,0,0,0,0,0,0,0,0,0,0,0.05056179775280899,1.1255040871934605,-0.41128065395095365,-0.3322702702702703,0.14054054054054055,0.6486486486486487,0.287075208913649,-0.11142061281337047,-0.12972972972972974,-0.3376756756756757,0.5,0.8421052631578947,0.45614035087719296,-0.45614035087719296,0.21052631578947367,-0.42105263157894735,0.38596491228070173,-0.10526315789473684,-0.20689655172413793,0.2033898305084746
4,1,0,0,0.4933514986376022,0.9642857142857143,0.005492532193470154,3,2,1,0,6,5,4,3,2,1,1,1,1,1,0,0,1,1,1,1,0,0,0,0,1,1,0,0,0,0,0,0,0,0,0,0,0,0,0,0,0.37640449438202245,0.04103542234332426,1.1255040871934605,-0.40794594594594596,-0.33513513513513515,0.14054054054054055,0.6714763231197771,0.29526462395543174,-0.10810810810810811,-0.13767567567567568,0.5,0.49122807017543857,0.8421052631578947,0.45614035087719296,-0.45614035087719296,0.24561403508771928,-0.42105263157894735,0.42105263157894735,-0.10344827586206896,-0.2033898305084746
5,0,1,0,0.7712806539509537,0.5714285714285714,0.8319719188603965,4,3,2,1,0,6,5,4,3,2,1,1,1,1,1,0,0,1,1,1,0,0,0,0,0,1,1,0,0,0,0,0,0,0,0,0,0,0,0,0,0.5168539325842697,0.3571117166212534,0.04103542234332426,1.1163783783783783,-0.41081081081081083,-0.33513513513513515,0.14779944289693595,0.6796657381615598,0.2864864864864865,-0.11605405405405404,0.9642857142857143,0.49122807017543857,0.49122807017543857,0.8421052631578947,0.45614035087719296,-0.42105263157894735,0.24561403508771928,-0.38596491228070173,0.41379310344827586,-0.1016949152542373
6,0,1,0,0.8584741144414169,0.39285714285714285,1.2874903286643782,5,4,3,2,1,0,6,5,4,3,0,1,1,1,1,1,0,0,1,1,1,0,0,0,0,0,1,1,0,0,0,0,0,0,0,0,0,0,0,0,0.8033707865168539,0.4933514986376022,0.3571117166212534,0.04070270270270271,1.1135135135135135,-0.41081081081081083,-0.34245125348189415,0.15598885793871867,0.6594594594594595,0.27854054054054056,0.5714285714285714,0.9473684210526315,0.49122807017543857,0.49122807017543857,0.8421052631578947,0.49122807017543857,-0.42105263157894735,0.2807017543859649,-0.3793103448275862,0.4067796610169492
0,1,0,0,-0.2423433242506812,0.5714285714285714,-0.23258785092998366,6,5,4,3,2,1,0,6,5,4,0,0,1,1,1,1,1,0,0,1,1,1,0,0,0,0,0,1,1,0,0,0,0,0,0,0,0,0,0,0,0.8932584269662921,0.7712806539509537,0.4933514986376022,0.35421621621621624,0.03783783783783784,1.1135135135135135,-0.42044568245125347,-0.3342618384401114,0.15135135135135136,0.6515135135135135,0.39285714285714285,0.5614035087719298,0.9473684210526315,0.49122807017543857,0.49122807017543857,0.8771929824561403,0.49122807017543857,-0.38596491228070173,0.27586206896551724,-0.3728813559322034
1,1,0,0,0.030136239782016357,0.5,0.1023262885814201,0,6,5,4,3,2,1,0,6,5,1,0,0,1,1,1,1,1,0,0,0,1,1,0,0,0,0,0,1,1,0,0,0,0,0,0,0,0,0,0,-0.24157303370786518,0.8584741144414169,0.7712806539509537,0.4893513513513514,0.35135135135135137,0.03783783783783784,1.1505849582172702,-0.41225626740947074,-0.32432432432432434,0.14340540540540542,0.5714285714285714,0.38596491228070173,0.5614035087719298,0.9473684210526315,0.49122807017543857,0.5263157894736842,0.8771929824561403,0.5263157894736842,-0.3793103448275862,0.2711864406779661
2,1,0,0,-0.7219073569482288,-0.75,-0.6817578200191592,1,0,6,5,4,3,2,1,0,6,1,1,0,0,1,1,1,1,1,0,0,0,1,1,0,0,0,0,0,1,0,0,0,0,0,0,0,0,0,0,0.03932584269662921,-0.2423433242506812,0.8584741144414169,0.7650270270270271,0.4864864864864865,0.35135135135135137,0.04194986072423399,1.158774373259053,-0.4,-0.3322702702702703,0.5,0.5614035087719298,0.38596491228070173,0.5614035087719298,0.9473684210526315,0.5263157894736842,0.5263157894736842,0.9122807017543859,0.5172413793103449,-0.3728813559322034
3,1,0,0,-0.05160762942779291,0.25,-0.019285747990272117,2,1,0,6,5,4,3,2,1,0,1,1,1,0,0,1,1,1,1,1,0,0,0,1,1,0,0,0,0,0,0,0,0,0,0,0,0,0,0,0,-0.7359550561797753,0.030136239782016357,-0.2423433242506812,0.8515135135135136,0.7621621621621621,0.4864864864864865,0.36506963788300834,0.05013927576601671,1.1243243243243244,-0.40794594594594596,-0.75,0.49122807017543857,0.5614035087719298,0.38596491228070173,0.5614035087719298,0.9824561403508771,0.5263157894736842,0.5614035087719298,0.896551724137931,0.5084745762711864
4,1,0,0,0.05738419618528611,0.25,0.17675681262737514,3,2,1,0,6,5,4,3,2,1,1,1,1,1,0,0,1,1,1,1,0,0,0,0,1,1,0,0,0,0,0,0,0,0,0,0,0,0,0,0,-0.0449438202247191,-0.7219073569482288,0.030136239782016357,-0.24037837837837836,0.8486486486486486,0.7621621621621621,0.5043454038997215,0.3732590529247911,0.04864864864864865,1.1163783783783783,0.25,-0.7368421052631579,0.49122807017543857,0.5614035087719298,0.38596491228070173,0.5964912280701754,0.9824561403508771,0.5614035087719298,0.5517241379310345,0.8813559322033898
5,0,1,0,0.23177111716621254,0.4642857142857143,0.2299534652404895,4,3,2,1,0,6,5,4,3,2,1,1,1,1,1,0,0,1,1,1,0,0,0,0,0,1,1,0,0,0,0,0,0,0,0,0,0,0,0,0,0.06741573033707865,-0.05160762942779291,-0.7219073569482288,0.029891891891891897,-0.24324324324324326,0.8486486486486486,0.7884679665738161,0.5125348189415042,0.3621621621621622,0.04070270270270271,0.25,0.24561403508771928,-0.7368421052631579,0.49122807017543857,0.5614035087719298,0.42105263157894735,0.5964912280701754,1.0175438596491229,0.5517241379310345,0.5423728813559322
6,0,1,0,-0.3186376021798365,-0.5714285714285714,-0.13320247226676632,5,4,3,2,1,0,6,5,4,3,0,1,1,1,1,1,0,0,1,1,1,0,0,0,0,0,1,1,0,0,0,0,0,0,0,0,0,0,0,0,0.24719101123595505,0.05738419618528611,-0.05160762942779291,-0.7160540540540541,0.02702702702702703,-0.24324324324324326,0.8776044568245125,0.7966573816155988,0.4972972972972973,0.35421621621621624,0.4642857142857143,0.24561403508771928,0.24561403508771928,-0.7368421052631579,0.49122807017543857,0.5964912280701754,0.42105263157894735,0.631578947368421,1.0,0.5423728813559322
0,1,0,0,0.13912806539509537,0.0,0.12704127909545954,6,5,4,3,2,1,0,6,5,4,0,0,1,1,1,1,1,0,0,1,1,1,0,0,0,0,0,1,1,0,0,0,0,0,0,0,0,0,0,0,-0.3202247191011236,0.23177111716621254,0.05738419618528611,-0.05118918918918918,-0.7189189189189189,0.02702702702702703,-0.24774373259052923,0.8857938718662952,0.772972972972973,0.4893513513513514,-0.5714285714285714,0.45614035087719296,0.24561403508771928,0.24561403508771928,-0.7368421052631579,0.5263157894736842,0.5964912280701754,0.45614035087719296,0.6206896551724138,0.9830508474576272
1,1,0,0,-0.49847411444141687,0.25,-0.37947605890358327,0,6,5,4,3,2,1,0,6,5,1,0,0,1,1,1,1,1,0,0,0,1,1,0,0,0,0,0,1,1,0,0,0,0,0,0,0,0,0,0,0.15168539325842698,-0.3186376021798365,0.23177111716621254,0.056918918918918926,-0.05405405405405406,-0.7189189189189189,0.03080779944289694,-0.2395543175487465,0.8594594594594595,0.7650270270270271,0.0,-0.5614035087719298,0.45614035087719296,0.24561403508771928,0.24561403508771928,-0.7017543859649122,0.5263157894736842,0.631578947368421,0.4482758620689655,0.6101694915254238
2,1,0,0,0.5968937329700272,0.5,0.9380257442902606,1,0,6,5,4,3,2,1,0,6,1,1,0,0,1,1,1,1,1,0,0,0,1,1,0,0,0,0,0,1,0,0,0,0,0,0,0,0,0,0,-0.5056179775280899,0.13912806539509537,-0.3186376021798365,0.2298918918918919,0.05405405405405406,-0.05405405405405406,-0.7379944289693593,0.03899721448467967,-0.23243243243243245,0.8515135135135136,0.25,0.0,-0.5614035087719298,0.45614035087719296,0.24561403508771928,0.2807017543859649,-0.7017543859649122,0.5614035087719298,0.6206896551724138,0.4406779661016949
3,1,0,0,0.9347683923705722,-0.5,0.48734749623819684,2,1,0,6,5,4,3,2,1,0,1,1,1,0,0,1,1,1,1,1,0,0,0,1,1,0,0,0,0,0,0,0,0,0,0,0,0,0,0,0,0.6235955056179775,-0.49847411444141687,0.13912806539509537,-0.31605405405405407,0.22702702702702704,0.05405405405405406,-0.05275766016713091,-0.7298050139275766,0.03783783783783784,-0.24037837837837836,0.5,0.24561403508771928,0.0,-0.5614035087719298,0.45614035087719296,0.2807017543859649,0.2807017543859649,-0.6666666666666666,0.5517241379310345,0.6101694915254238
4,1,0,0,0.8257765667574932,0.6071428571428571,1.2227397536271722,3,2,1,0,6,5,4,3,2,1,1,1,1,1,0,0,1,1,1,1,0,0,0,0,1,1,0,0,0,0,0,0,0,0,0,0,0,0,0,0,0.9719101123595506,0.5968937329700272,-0.49847411444141687,0.138,-0.31891891891891894,0.22702702702702704,0.05866295264623956,-0.04456824512534819,-0.7081081081081081,0.029891891891891897,-0.5,0.49122807017543857,0.24561403508771928,0.0,-0.5614035087719298,0.49122807017543857,0.2807017543859649,0.3157894736842105,-0.6551724137931034,0.5423728813559322
5,0,1,0,2.493351498637602,-0.6071428571428571,2.4270738227185196,4,3,2,1,0,6,5,4,3,2,1,1,1,1,1,0,0,1,1,1,0,0,0,0,0,1,1,0,0,0,0,0,0,0,0,0,0,0,0,0,0.8595505617977528,0.9347683923705722,0.5968937329700272,-0.4944324324324324,0.13513513513513514,-0.31891891891891894,0.2369359331476323,0.06685236768802229,-0.043243243243243246,-0.7160540540540541,0.6071428571428571,-0.49122807017543857,0.49122807017543857,0.24561403508771928,0.0,-0.5263157894736842,0.49122807017543857,0.3157894736842105,0.3103448275862069,-0.6440677966101694
6,0,1,0,1.4797275204359672,-0.5357142857142857,1.6975426006886216,5,4,3,2,1,0,6,5,4,3,0,1,1,1,1,1,0,0,1,1,1,0,0,0,0,0,1,1,0,0,0,0,0,0,0,0,0,0,0,0,2.5786516853932584,0.8257765667574932,0.9347683923705722,0.5920540540540541,-0.4972972972972973,0.13513513513513514,-0.32573816155988855,0.24512534818941503,0.06486486486486487,-0.05118918918918918,-0.6071428571428571,0.5964912280701754,-0.49122807017543857,0.49122807017543857,0.24561403508771928,0.03508771929824561,-0.5263157894736842,0.5263157894736842,0.3103448275862069,0.3050847457627119
0,1,0,0,2.150027247956403,-0.17857142857142858,2.1552358907103497,6,5,4,3,2,1,0,6,5,4,0,0,1,1,1,1,1,0,0,1,1,1,0,0,0,0,0,1,1,0,0,0,0,0,0,0,0,0,0,0,1.5337078651685394,2.493351498637602,0.8257765667574932,0.9271891891891892,0.5891891891891892,-0.4972972972972973,0.14222841225626742,-0.31754874651810583,0.23783783783783785,0.056918918918918926,-0.5357142857142857,-0.5964912280701754,0.5964912280701754,-0.49122807017543857,0.49122807017543857,0.2807017543859649,0.03508771929824561,-0.49122807017543857,0.5172413793103449,0.3050847457627119
1,1,0,0,-0.4603269754768392,-0.6428571428571429,-0.3732350982787457,0,6,5,4,3,2,1,0,6,5,1,0,0,1,1,1,1,1,0,0,0,1,1,0,0,0,0,0,1,1,0,0,0,0,0,0,0,0,0,0,2.2247191011235956,1.4797275204359672,2.493351498637602,0.8190810810810811,0.9243243243243243,0.5891891891891892,-0.5095821727019498,0.15041782729805014,-0.3081081081081081,0.2298918918918919,-0.17857142857142858,-0.5263157894736842,-0.5964912280701754,0.5964912280701754,-0.49122807017543857,0.5263157894736842,0.2807017543859649,0.07017543859649122,-0.4827586206896552,0.5084745762711864
2,1,0,0,0.9838147138964578,0.32142857142857145,1.2621268999072002,1,0,6,5,4,3,2,1,0,6,1,1,0,0,1,1,1,1,1,0,0,0,1,1,0,0,0,0,0,1,0,0,0,0,0,0,0,0,0,0,-0.46629213483146065,2.150027247956403,1.4797275204359672,2.473135135135135,0.8162162162162162,0.9243243243243243,0.6101949860724234,-0.5013927576601671,0.14594594594594595,-0.31605405405405407,-0.6428571428571429,-0.17543859649122806,-0.5263157894736842,-0.5964912280701754,0.5964912280701754,-0.45614035087719296,0.5263157894736842,0.3157894736842105,0.06896551724137931,-0.4745762711864407
3,1,0,0,0.4933514986376022,0.25,0.9457057022868917,2,1,0,6,5,4,3,2,1,0,1,1,1,0,0,1,1,1,1,1,0,0,0,1,1,0,0,0,0,0,0,0,0,0,0,0,0,0,0,0,1.0224719101123596,-0.4603269754768392,2.150027247956403,1.4677297297297296,2.4702702702702704,0.8162162162162162,0.9555988857938719,0.6183844011142061,-0.4864864864864865,0.138,0.32142857142857145,-0.631578947368421,-0.17543859649122806,-0.5263157894736842,-0.5964912280701754,0.631578947368421,-0.45614035087719296,0.5614035087719298,0.3103448275862069,0.06779661016949153
4,1,0,0,1.1745504087193461,-0.32142857142857145,1.2865291870235955,3,2,1,0,6,5,4,3,2,1,1,1,1,1,0,0,1,1,1,1,0,0,0,0,1,1,0,0,0,0,0,0,0,0,0,0,0,0,0,0,0.5168539325842697,0.9838147138964578,-0.4603269754768392,2.1325945945945946,1.4648648648648648,2.4702702702702704,0.8441782729805014,0.9637883008356546,0.6,-0.4944324324324324,0.25,0.3157894736842105,-0.631578947368421,-0.17543859649122806,-0.5263157894736842,-0.5614035087719298,0.631578947368421,-0.42105263157894735,0.5517241379310345,0.3050847457627119
5,0,1,0,0.4606539509536785,-0.5,0.5321457220302727,4,3,2,1,0,6,5,4,3,2,1,1,1,1,1,0,0,1,1,1,0,0,0,0,0,1,1,0,0,0,0,0,0,0,0,0,0,0,0,0,1.2191011235955056,0.4933514986376022,0.9838147138964578,-0.4565945945945946,2.1297297297297297,1.4648648648648648,2.5489136490250695,0.8523676880222841,0.9351351351351351,0.5920540540540541,-0.32142857142857145,0.24561403508771928,0.3157894736842105,-0.631578947368421,-0.17543859649122806,-0.49122807017543857,-0.5614035087719298,0.6666666666666666,-0.41379310344827586,0.5423728813559322
6,0,1,0,0.5369482288828338,-0.39285714285714285,0.9455662028669846,5,4,3,2,1,0,6,5,4,3,0,1,1,1,1,1,0,0,1,1,1,0,0,0,0,0,1,1,0,0,0,0,0,0,0,0,0,0,0,0,0.48314606741573035,1.1745504087193461,0.4933514986376022,0.9758378378378378,-0.4594594594594595,2.1297297297297297,1.5127019498607241,2.5571030640668524,0.827027027027027,0.9271891891891892,-0.5,-0.3157894736842105,0.24561403508771928,0.3157894736842105,-0.631578947368421,-0.14035087719298245,-0.49122807017543857,-0.5263157894736842,0.6551724137931034,-0.4067796610169492
0,1,0,0,1.921144414168937,0.42857142857142855,1.5252649365492974,6,5,4,3,2,1,0,6,5,4,0,0,1,1,1,1,1,0,0,1,1,1,0,0,0,0,0,1,1,0,0,0,0,0,0,0,0,0,0,0,0.5617977528089888,0.4606539509536785,1.1745504087193461,0.4893513513513514,0.972972972972973,-0.4594594594594595,2.1979387186629524,1.5208913649025069,2.481081081081081,0.8190810810810811,-0.39285714285714285,-0.49122807017543857,-0.3157894736842105,0.24561403508771928,0.3157894736842105,-0.5964912280701754,-0.14035087719298245,-0.45614035087719296,-0.5172413793103449,0.6440677966101694
1,1,0,0,1.190899182561308,0.2857142857142857,1.460055792278061,0,6,5,4,3,2,1,0,6,5,1,0,0,1,1,1,1,1,0,0,0,1,1,0,0,0,0,0,1,1,0,0,0,0,0,0,0,0,0,0,1.9887640449438202,0.5369482288828338,0.4606539509536785,1.165027027027027,0.4864864864864865,0.972972972972973,-0.4705849582172702,2.2061281337047354,1.4756756756756757,2.473135135135135,0.42857142857142855,-0.38596491228070173,-0.49122807017543857,-0.3157894736842105,0.24561403508771928,0.3508771929824561,-0.5964912280701754,-0.10526315789473684,-0.4482758620689655,-0.5084745762711864
2,1,0,0,0.5968937329700272,-0.21428571428571427,0.6202923158851079,1,0,6,5,4,3,2,1,0,6,1,1,0,0,1,1,1,1,1,0,0,0,1,1,0,0,0,0,0,1,0,0,0,0,0,0,0,0,0,0,1.2359550561797752,1.921144414168937,0.5369482288828338,0.45691891891891895,1.162162162162162,0.4864864864864865,1.0057381615598886,-0.4623955431754875,2.1405405405405404,1.4677297297297296,0.2857142857142857,0.42105263157894735,-0.38596491228070173,-0.49122807017543857,-0.3157894736842105,0.2807017543859649,0.3508771929824561,-0.5614035087719298,-0.10344827586206896,-0.4406779661016949
3,1,0,0,0.7658310626702998,0.2857142857142857,0.8438958424304431,2,1,0,6,5,4,3,2,1,0,1,1,1,0,0,1,1,1,1,1,0,0,0,1,1,0,0,0,0,0,0,0,0,0,0,0,0,0,0,0,0.6235955056179775,1.190899182561308,1.921144414168937,0.5325945945945946,0.4540540540540541,1.162162162162162,0.5043454038997215,1.0139275766016713,-0.4486486486486487,2.1325945945945946,-0.21428571428571427,0.2807017543859649,0.42105263157894735,-0.38596491228070173,-0.49122807017543857,-0.2807017543859649,0.2807017543859649,0.38596491228070173,-0.5517241379310345,-0.1016949152542373
4,1,0,0,0.3625613079019074,0.4642857142857143,0.4242063138373688,3,2,1,0,6,5,4,3,2,1,1,1,1,1,0,0,1,1,1,1,0,0,0,0,1,1,0,0,0,0,0,0,0,0,0,0,0,0,0,0,0.797752808988764,0.5968937329700272,1.190899182561308,1.9055675675675674,0.5297297297297298,0.4540540540540541,1.2007242339832869,0.5125348189415042,0.9837837837837838,-0.4565945945945946,0.2857142857142857,-0.21052631578947367,0.2807017543859649,0.42105263157894735,-0.38596491228070173,-0.45614035087719296,-0.2807017543859649,0.3157894736842105,0.3793103448275862,-0.5423728813559322
5,0,1,0,0.9838147138964578,-0.32142857142857145,0.9093587071231213,4,3,2,1,0,6,5,4,3,2,1,1,1,1,1,0,0,1,1,1,0,0,0,0,0,1,1,0,0,0,0,0,0,0,0,0,0,0,0,0,0.38202247191011235,0.7658310626702998,0.5968937329700272,1.1812432432432431,1.9027027027027028,0.5297297297297298,0.4709192200557103,1.2089136490250696,0.4972972972972973,0.9758378378378378,0.4642857142857143,0.2807017543859649,-0.21052631578947367,0.2807017543859649,0.42105263157894735,-0.3508771929824561,-0.45614035087719296,-0.24561403508771928,0.3103448275862069,0.3728813559322034
6,0,1,0,1.501525885558583,-0.5714285714285714,2.046117571983573,5,4,3,2,1,0,6,5,4,3,0,1,1,1,1,1,0,0,1,1,1,0,0,0,0,0,1,1,0,0,0,0,0,0,0,0,0,0,0,0,1.0224719101123596,0.3625613079019074,0.7658310626702998,0.5920540540540541,1.1783783783783783,1.9027027027027028,0.5489136490250697,0.479108635097493,1.172972972972973,0.4893513513513514,-0.32142857142857145,0.45614035087719296,0.2807017543859649,-0.21052631578947367,0.2807017543859649,0.45614035087719296,-0.3508771929824561,-0.42105263157894735,-0.2413793103448276,0.3050847457627119
0,1,0,0,0.8748228882833787,-0.10714285714285714,0.8159437163843848,6,5,4,3,2,1,0,6,5,4,0,0,1,1,1,1,1,0,0,1,1,1,0,0,0,0,0,1,1,0,0,0,0,0,0,0,0,0,0,0,1.5561797752808988,0.9838147138964578,0.3625613079019074,0.7596216216216216,0.5891891891891892,1.1783783783783783,1.9639554317548744,0.5571030640668524,0.4648648648648649,1.165027027027027,-0.5714285714285714,-0.3157894736842105,0.45614035087719296,0.2807017543859649,-0.21052631578947367,0.3157894736842105,0.45614035087719296,-0.3157894736842105,-0.41379310344827586,-0.23728813559322035
1,1,0,0,1.288991825613079,-0.35714285714285715,0.8140287357570156,0,6,5,4,3,2,1,0,6,5,1,0,0,1,1,1,1,1,0,0,0,1,1,0,0,0,0,0,1,1,0,0,0,0,0,0,0,0,0,0,0.9101123595505618,1.501525885558583,0.9838147138964578,0.35962162162162165,0.7567567567567568,0.5891891891891892,1.2174373259052924,1.9721448467966574,0.5405405405405406,0.45691891891891895,-0.10714285714285714,-0.5614035087719298,-0.3157894736842105,0.45614035087719296,0.2807017543859649,-0.17543859649122806,0.3157894736842105,0.49122807017543857,-0.3103448275862069,-0.4067796610169492
2,1,0,0,-0.1769482288828338,0.32142857142857145,-0.09339345727123406,1,0,6,5,4,3,2,1,0,6,1,1,0,0,1,1,1,1,1,0,0,0,1,1,0,0,0,0,0,1,0,0,0,0,0,0,0,0,0,0,1.3370786516853932,0.8748228882833787,1.501525885558583,0.9758378378378378,0.3567567567567568,0.7567567567567568,0.6101949860724234,1.2256267409470751,1.9135135135135135,0.5325945945945946,-0.35714285714285715,-0.10526315789473684,-0.5614035087719298,-0.3157894736842105,0.45614035087719296,0.3157894736842105,-0.17543859649122806,0.3508771929824561,0.4827586206896552,-0.3050847457627119
3,1,0,0,-0.4276294277929155,0.14285714285714285,-0.26856559393797313,2,1,0,6,5,4,3,2,1,0,1,1,1,0,0,1,1,1,1,1,0,0,0,1,1,0,0,0,0,0,0,0,0,0,0,0,0,0,0,0,-0.17415730337078653,1.288991825613079,0.8748228882833787,1.4893513513513512,0.972972972972973,0.3567567567567568,0.7828969359331477,0.6183844011142061,1.1891891891891893,1.9055675675675674,0.32142857142857145,-0.3508771929824561,-0.10526315789473684,-0.5614035087719298,-0.3157894736842105,0.49122807017543857,0.3157894736842105,-0.14035087719298245,0.3448275862068966,0.4745762711864407
4,1,0,0,-0.06250681198910081,0.03571428571428571,-0.0017108808049547198,3,2,1,0,6,5,4,3,2,1,1,1,1,1,0,0,1,1,1,1,0,0,0,0,1,1,0,0,0,0,0,0,0,0,0,0,0,0,0,0,-0.43258426966292135,-0.1769482288828338,1.288991825613079,0.8677297297297297,1.4864864864864864,0.972972972972973,0.3706406685236769,0.7910863509749304,0.6,1.1812432432432431,0.14285714285714285,0.3157894736842105,-0.3508771929824561,-0.10526315789473684,-0.5614035087719298,-0.2807017543859649,0.49122807017543857,0.3508771929824561,-0.13793103448275862,0.3389830508474576
5,0,1,0,0.2372207084468665,-0.03571428571428571,0.597149081251203,4,3,2,1,0,6,5,4,3,2,1,1,1,1,1,0,0,1,1,1,0,0,0,0,0,1,1,0,0,0,0,0,0,0,0,0,0,0,0,0,-0.056179775280898875,-0.4276294277929155,-0.1769482288828338,1.2785405405405406,0.8648648648648649,1.4864864864864864,1.0057381615598886,0.3788300835654596,0.7675675675675676,0.5920540540540541,0.03571428571428571,0.14035087719298245,0.3157894736842105,-0.3508771929824561,-0.10526315789473684,-0.5263157894736842,-0.2807017543859649,0.5263157894736842,0.3448275862068966,-0.13559322033898305
6,0,1,0,-0.5529700272479564,-0.8571428571428571,-0.3845111453482842,5,4,3,2,1,0,6,5,4,3,0,1,1,1,1,1,0,0,1,1,1,0,0,0,0,0,1,1,0,0,0,0,0,0,0,0,0,0,0,0,0.25280898876404495,-0.06250681198910081,-0.4276294277929155,-0.17551351351351352,1.2756756756756757,0.8648648648648649,1.5349860724233981,1.0139275766016713,0.3675675675675676,0.7596216216216216,-0.03571428571428571,0.03508771929824561,0.14035087719298245,0.3157894736842105,-0.3508771929824561,-0.07017543859649122,-0.5263157894736842,-0.24561403508771928,0.5172413793103449,0.3389830508474576
0,1,0,0,-0.28049046321525883,0.0,-0.014476482083031553,6,5,4,3,2,1,0,6,5,4,0,0,1,1,1,1,1,0,0,1,1,1,0,0,0,0,0,1,1,0,0,0,0,0,0,0,0,0,0,0,-0.5617977528089888,0.2372207084468665,-0.06250681198910081,-0.4241621621621622,-0.1783783783783784,1.2756756756756757,0.8943175487465181,1.543175487465181,0.9837837837837838,0.35962162162162165,-0.8571428571428571,-0.03508771929824561,0.03508771929824561,0.14035087719298245,0.3157894736842105,-0.3157894736842105,-0.07017543859649122,-0.49122807017543857,-0.2413793103448276,0.5084745762711864
1,1,0,0,-0.8635967302452316,-0.75,-0.816196126073022,0,6,5,4,3,2,1,0,6,5,1,0,0,1,1,1,1,1,0,0,0,1,1,0,0,0,0,0,1,1,0,0,0,0,0,0,0,0,0,0,-0.2808988764044944,-0.5529700272479564,0.2372207084468665,-0.06199999999999999,-0.42702702702702705,-0.1783783783783784,1.3177158774373259,0.9025069637883009,1.4972972972972973,0.9758378378378378,0.0,-0.8421052631578947,-0.03508771929824561,0.03508771929824561,0.14035087719298245,0.3508771929824561,-0.3157894736842105,-0.03508771929824561,-0.4827586206896552,-0.23728813559322035
2,1,0,0,-0.28049046321525883,0.17857142857142858,-0.15754989585291632,1,0,6,5,4,3,2,1,0,6,1,1,0,0,1,1,1,1,1,0,0,0,1,1,0,0,0,0,0,1,0,0,0,0,0,0,0,0,0,0,-0.8820224719101124,-0.28049046321525883,-0.5529700272479564,0.23529729729729731,-0.06486486486486487,-0.42702702702702705,-0.18089136490250696,1.3259052924791086,0.8756756756756757,1.4893513513513512,-0.75,0.0,-0.8421052631578947,-0.03508771929824561,0.03508771929824561,0.17543859649122806,0.3508771929824561,-0.2807017543859649,-0.034482758620689655,-0.4745762711864407
3,1,0,0,0.18272479564032698,-0.32142857142857145,0.07364202464027875,2,1,0,6,5,4,3,2,1,0,1,1,1,0,0,1,1,1,1,1,0,0,0,1,1,0,0,0,0,0,0,0,0,0,0,0,0,0,0,0,-0.2808988764044944,-0.8635967302452316,-0.28049046321525883,-0.5484864864864865,0.23243243243243245,-0.06486486486486487,-0.43715877437325906,-0.17270194986072424,1.2864864864864864,0.8677297297297297,0.17857142857142858,-0.7368421052631579,0.0,-0.8421052631578947,-0.03508771929824561,0.07017543859649122,0.17543859649122806,0.38596491228070173,-0.27586206896551724,-0.03389830508474576
4,1,0,0,0.019237057220708453,0.5357142857142857,0.14467512925697928,3,2,1,0,6,5,4,3,2,1,1,1,1,1,0,0,1,1,1,1,0,0,0,0,1,1,0,0,0,0,0,0,0,0,0,0,0,0,0,0,0.19662921348314608,-0.28049046321525883,-0.8635967302452316,-0.27821621621621623,-0.5513513513513514,0.23243243243243245,-0.06389972144846796,-0.42896935933147634,-0.16756756756756758,1.2785405405405406,-0.32142857142857145,0.17543859649122806,-0.7368421052631579,0.0,-0.8421052631578947,0.0,0.07017543859649122,0.21052631578947367,0.3793103448275862,-0.2711864406779661
5,0,1,0,-0.05160762942779291,1.3214285714285714,0.13330545841569105,4,3,2,1,0,6,5,4,3,2,1,1,1,1,1,0,0,1,1,1,0,0,0,0,0,1,1,0,0,0,0,0,0,0,0,0,0,0,0,0,0.028089887640449437,0.18272479564032698,-0.28049046321525883,-0.8565945945945946,-0.2810810810810811,-0.5513513513513514,0.24250696378830083,-0.055710306406685235,-0.41621621621621624,-0.17551351351351352,0.5357142857142857,-0.3157894736842105,0.17543859649122806,-0.7368421052631579,0.0,-0.8070175438596491,0.0,0.10526315789473684,0.20689655172413793,0.3728813559322034
6,0,1,0,-0.3513351498637602,-0.75,-0.19462322423792122,5,4,3,2,1,0,6,5,4,3,0,1,1,1,1,1,0,0,1,1,1,0,0,0,0,0,1,1,0,0,0,0,0,0,0,0,0,0,0,0,-0.0449438202247191,0.019237057220708453,0.18272479564032698,-0.27821621621621623,-0.8594594594594595,-0.2810810810810811,-0.5652924791086351,0.25069637883008355,-0.05405405405405406,-0.4241621621621622,1.3214285714285714,0.5263157894736842,-0.3157894736842105,0.17543859649122806,-0.7368421052631579,0.03508771929824561,-0.8070175438596491,0.03508771929824561,0.10344827586206896,0.2033898305084746
0,1,0,0,-0.2859400544959128,-0.07142857142857142,-0.17754737175602994,6,5,4,3,2,1,0,6,5,4,0,0,1,1,1,1,1,0,0,1,1,1,0,0,0,0,0,1,1,0,0,0,0,0,0,0,0,0,0,0,-0.3539325842696629,-0.05160762942779291,0.019237057220708453,0.18124324324324326,-0.2810810810810811,-0.8594594594594595,-0.2867409470752089,-0.5571030640668524,0.24324324324324326,-0.06199999999999999,-0.75,1.2982456140350878,0.5263157894736842,-0.3157894736842105,0.17543859649122806,-0.7017543859649122,0.03508771929824561,-0.7719298245614035,0.034482758620689655,0.1016949152542373
1,1,0,0,-0.37858310626702996,0.0,-0.1710077512993107,0,6,5,4,3,2,1,0,6,5,1,0,0,1,1,1,1,1,0,0,0,1,1,0,0,0,0,0,1,1,0,0,0,0,0,0,0,0,0,0,-0.28651685393258425,-0.3513351498637602,-0.05160762942779291,0.019081081081081086,0.1783783783783784,-0.2810810810810811,-0.8828412256267409,-0.2785515320334262,-0.5405405405405406,0.23529729729729731,-0.07142857142857142,-0.7368421052631579,1.2982456140350878,0.5263157894736842,-0.3157894736842105,0.21052631578947367,-0.7017543859649122,0.07017543859649122,-0.7586206896551724,0.03389830508474576
2,1,0,0,0.8148773841961853,0.35714285714285715,0.836430657366206,1,0,6,5,4,3,2,1,0,6,1,1,0,0,1,1,1,1,1,0,0,0,1,1,0,0,0,0,0,1,0,0,0,0,0,0,0,0,0,0,-0.38202247191011235,-0.2859400544959128,-0.3513351498637602,-0.05118918918918918,0.016216216216216217,0.1783783783783784,-0.2867409470752089,-0.8746518105849582,-0.2702702702702703,-0.5484864864864865,0.0,-0.07017543859649122,-0.7368421052631579,1.2982456140350878,0.5263157894736842,-0.2807017543859649,0.21052631578947367,-0.6666666666666666,0.06896551724137931,-0.7457627118644068
3,1,0,0,-0.11155313351498637,0.17857142857142858,0.06491273140987663,2,1,0,6,5,4,3,2,1,0,1,1,1,0,0,1,1,1,1,1,0,0,0,1,1,0,0,0,0,0,0,0,0,0,0,0,0,0,0,0,0.848314606741573,-0.37858310626702996,-0.2859400544959128,-0.3484864864864865,-0.05405405405405406,0.016216216216216217,0.1867966573816156,-0.2785515320334262,-0.8486486486486486,-0.27821621621621623,0.35714285714285715,0.0,-0.07017543859649122,-0.7368421052631579,1.2982456140350878,0.5614035087719298,-0.2807017543859649,0.24561403508771928,-0.6551724137931034,0.06779661016949153
4,1,0,0,-0.09520435967302451,0.6071428571428571,0.2901441880983963,3,2,1,0,6,5,4,3,2,1,1,1,1,1,0,0,1,1,1,1,0,0,0,0,1,1,0,0,0,0,0,0,0,0,0,0,0,0,0,0,-0.10674157303370786,0.8148773841961853,-0.37858310626702996,-0.28362162162162163,-0.35135135135135137,-0.05405405405405406,0.019665738161559896,0.19498607242339833,-0.2702702702702703,-0.8565945945945946,0.17857142857142858,0.3508771929824561,0.0,-0.07017543859649122,-0.7368421052631579,1.3333333333333333,0.5614035087719298,-0.24561403508771928,0.2413793103448276,-0.6440677966101694
5,0,1,0,-0.17149863760217984,0.32142857142857145,-0.017570747739360407,4,3,2,1,0,6,5,4,3,2,1,1,1,1,1,0,0,1,1,1,0,0,0,0,0,1,1,0,0,0,0,0,0,0,0,0,0,0,0,0,-0.0898876404494382,-0.11155313351498637,0.8148773841961853,-0.37551351351351353,-0.2864864864864865,-0.35135135135135137,-0.05275766016713091,0.027855153203342618,0.1891891891891892,-0.27821621621621623,0.6071428571428571,0.17543859649122806,0.3508771929824561,0.0,-0.07017543859649122,-0.7017543859649122,1.3333333333333333,0.5964912280701754,-0.2413793103448276,0.23728813559322035
6,0,1,0,-0.10610354223433242,-0.2857142857142857,0.11193545801872626,5,4,3,2,1,0,6,5,4,3,0,1,1,1,1,1,0,0,1,1,1,0,0,0,0,0,1,1,0,0,0,0,0,0,0,0,0,0,0,0,-0.16853932584269662,-0.09520435967302451,-0.11155313351498637,0.8082702702702703,-0.3783783783783784,-0.2864864864864865,-0.3591643454038997,-0.04456824512534819,0.02702702702702703,0.18124324324324326,0.32142857142857145,0.5964912280701754,0.17543859649122806,0.3508771929824561,0.0,-0.03508771929824561,-0.7017543859649122,1.368421052631579,0.5862068965517241,-0.23728813559322035
0,0,0,1,0.9729155313351499,0.32142857142857145,1.9076579376855156,6,5,4,3,2,1,0,6,5,4,0,0,1,1,1,1,1,0,0,1,1,1,0,0,0,0,0,1,1,0,0,0,0,0,0,0,0,0,0,0,-0.10112359550561797,-0.17149863760217984,-0.09520435967302451,-0.11064864864864864,0.8054054054054054,-0.3783783783783784,-0.2923119777158774,-0.35097493036211697,-0.043243243243243246,0.019081081081081086,-0.2857142857142857,0.3157894736842105,0.5964912280701754,0.17543859649122806,0.3508771929824561,0.03508771929824561,-0.03508771929824561,-0.6666666666666666,1.3448275862068966,0.576271186440678
1,1,0,0,0.4933514986376022,0.25,0.9003509767955354,0,6,5,4,3,2,1,0,6,5,0,0,0,1,1,1,1,1,0,0,0,1,1,0,0,0,0,0,1,1,1,0,0,0,0,0,0,0,0,0,1.0112359550561798,-0.10610354223433242,-0.17149863760217984,-0.09443243243243242,-0.11351351351351352,0.8054054054054054,-0.38701949860724233,-0.2841225626740947,-0.34054054054054056,-0.05118918918918918,0.32142857142857145,-0.2807017543859649,0.3157894736842105,0.5964912280701754,0.17543859649122806,0.38596491228070173,0.03508771929824561,0.0,-0.6551724137931034,1.3220338983050848
2,1,0,0,0.0028882833787466002,0.2857142857142857,0.18309364399448444,1,0,6,5,4,3,2,1,0,6,1,0,0,0,1,1,1,1,1,0,0,0,1,1,0,0,0,0,0,1,0,1,0,0,0,0,0,0,0,0,0.5168539325842697,0.9729155313351499,-0.10610354223433242,-0.1701081081081081,-0.0972972972972973,-0.11351351351351352,0.8330362116991643,-0.3788300835654596,-0.2756756756756757,-0.3484864864864865,0.25,0.3157894736842105,-0.2807017543859649,0.3157894736842105,0.5964912280701754,0.21052631578947367,0.38596491228070173,0.07017543859649122,0.0,-0.6440677966101694
3,1,0,0,0.11188010899182561,0.9285714285714286,0.5249778860651128,2,1,0,6,5,4,3,2,1,0,1,1,0,0,0,1,1,1,1,1,0,0,0,1,1,0,0,0,0,0,0,0,1,0,0,0,0,0,0,0,0.011235955056179775,0.4933514986376022,0.9729155313351499,-0.10524324324324323,-0.17297297297297298,-0.0972972972972973,-0.11403899721448467,0.841225626740947,-0.3675675675675676,-0.28362162162162163,0.2857142857142857,0.24561403508771928,0.3157894736842105,-0.2807017543859649,0.3157894736842105,0.631578947368421,0.21052631578947367,0.42105263157894735,0.06896551724137931,0.0
4,1,0,0,-0.14425068119891007,0.5714285714285714,-0.20486154542138563,3,2,1,0,6,5,4,3,2,1,1,1,1,0,0,0,1,1,1,1,0,0,0,0,1,1,0,0,0,0,0,0,0,1,0,0,0,0,0,0,0.12359550561797752,0.0028882833787466002,0.4933514986376022,0.965027027027027,-0.10810810810810811,-0.17297297297297298,-0.0973259052924791,-0.10584958217270195,0.8162162162162162,-0.37551351351351353,0.9285714285714286,0.2807017543859649,0.24561403508771928,0.3157894736842105,-0.2807017543859649,0.3508771929824561,0.631578947368421,0.24561403508771928,0.41379310344827586,0.06779661016949153
5,0,1,0,0.733133514986376,0.21428571428571427,1.0266588072631075,4,3,2,1,0,6,5,4,3,2,1,1,1,1,0,0,0,1,1,1,0,0,0,0,0,1,1,0,0,0,0,0,0,0,1,0,0,0,0,0,-0.1404494382022472,0.11188010899182561,0.0028882833787466002,0.4893513513513514,0.9621621621621622,-0.10810810810810811,-0.17532033426183843,-0.08913649025069638,-0.10270270270270271,0.8082702702702703,0.5714285714285714,0.9122807017543859,0.2807017543859649,0.24561403508771928,0.3157894736842105,-0.24561403508771928,0.3508771929824561,0.6666666666666666,0.2413793103448276,0.4067796610169492
6,0,1,0,0.8802724795640327,-0.7142857142857143,1.3955651168312322,5,4,3,2,1,0,6,5,4,3,0,1,1,1,1,0,0,0,1,1,1,0,0,0,0,0,1,1,0,0,0,0,0,0,0,1,0,0,0,0,0.7640449438202247,-0.14425068119891007,0.11188010899182561,0.002864864864864871,0.4864864864864865,0.9621621621621622,-0.10846796657381615,-0.1671309192200557,-0.08648648648648649,-0.11064864864864864,0.21428571428571427,0.5614035087719298,0.9122807017543859,0.2807017543859649,0.24561403508771928,0.3508771929824561,-0.24561403508771928,0.38596491228070173,0.6551724137931034,0.23728813559322035
0,1,0,0,0.5314986376021799,0.8571428571428571,0.6944996408592116,6,5,4,3,2,1,0,6,5,4,0,0,1,1,1,1,0,0,0,1,1,1,0,0,0,0,0,1,1,0,0,0,0,0,0,0,1,0,0,0,0.9157303370786517,0.733133514986376,-0.14425068119891007,0.11097297297297298,0.0,0.4864864864864865,0.9945961002785515,-0.10027855153203342,-0.16216216216216217,-0.09443243243243242,-0.7142857142857143,0.21052631578947367,0.5614035087719298,0.9122807017543859,0.2807017543859649,0.2807017543859649,0.3508771929824561,-0.21052631578947367,0.3793103448275862,0.6440677966101694
1,1,0,0,0.6568392370572207,0.42857142857142855,0.6922895581032873,0,6,5,4,3,2,1,0,6,5,1,0,0,1,1,1,1,0,0,0,0,1,1,0,0,0,0,0,1,1,0,0,0,0,0,0,0,1,0,0,0.5561797752808989,0.8802724795640327,0.733133514986376,-0.14308108108108109,0.10810810810810811,0.0,0.5043454038997215,1.0027855153203342,-0.0972972972972973,-0.1701081081081081,0.8571428571428571,-0.7017543859649122,0.21052631578947367,0.5614035087719298,0.9122807017543859,0.3157894736842105,0.2807017543859649,0.38596491228070173,-0.20689655172413793,0.3728813559322034
2,1,0,0,0.8911716621253406,0.21428571428571427,0.841811777271294,1,0,6,5,4,3,2,1,0,6,1,1,0,0,1,1,1,1,0,0,0,0,1,1,0,0,0,0,0,1,0,0,0,0,0,0,0,0,1,0,0.6853932584269663,0.5314986376021799,0.8802724795640327,0.7271891891891892,-0.14594594594594595,0.10810810810810811,0.002952646239554324,0.5125348189415042,0.972972972972973,-0.10524324324324323,0.42857142857142855,0.8421052631578947,-0.7017543859649122,0.21052631578947367,0.5614035087719298,0.9473684210526315,0.3157894736842105,0.3157894736842105,0.3793103448275862,-0.2033898305084746
3,1,0,0,0.7549318801089918,-0.07142857142857142,0.3886485670694486,2,1,0,6,5,4,3,2,1,0,1,1,1,0,0,1,1,1,1,0,0,0,0,1,1,0,0,0,0,0,0,0,0,0,0,0,0,0,0,1,0.9269662921348315,0.6568392370572207,0.5314986376021799,0.8731351351351352,0.7243243243243244,-0.14594594594594595,0.1143732590529248,0.011142061281337047,0.4972972972972973,0.965027027027027,0.21428571428571427,0.42105263157894735,0.8421052631578947,-0.7017543859649122,0.21052631578947367,0.5964912280701754,0.9473684210526315,0.3508771929824561,0.3103448275862069,0.3728813559322034
4,1,0,0,0.4715531335149864,0.7142857142857143,0.6209879405092085,3,2,1,0,6,5,4,3,2,1,1,1,1,1,0,0,1,1,1,1,0,0,0,0,1,1,0,0,0,0,0,0,0,0,0,0,0,0,0,0,0.7865168539325843,0.8911716621253406,0.6568392370572207,0.5271891891891892,0.8702702702702703,0.7243243243243244,-0.14746518105849582,0.12256267409470752,0.010810810810810811,0.4893513513513514,-0.07142857142857142,0.21052631578947367,0.42105263157894735,0.8421052631578947,-0.7017543859649122,0.24561403508771928,0.5964912280701754,0.9824561403508771,0.3448275862068966,0.3050847457627119
5,0,1,0,1.065558583106267,-0.14285714285714285,1.0267464391134653,4,3,2,1,0,6,5,4,3,2,1,1,1,1,1,0,0,1,1,1,0,0,0,0,0,1,1,0,0,0,0,0,0,0,0,0,0,0,0,0,0.4943820224719101,0.7549318801089918,0.8911716621253406,0.6515135135135135,0.5243243243243243,0.8702702702702703,0.7494707520891365,-0.1392757660167131,0.11891891891891893,0.002864864864864871,0.7142857142857143,-0.07017543859649122,0.21052631578947367,0.42105263157894735,0.8421052631578947,-0.6666666666666666,0.24561403508771928,0.631578947368421,0.9655172413793104,0.3389830508474576
6,0,1,0,0.8039782016348774,-0.07142857142857142,0.9836068520617078,5,4,3,2,1,0,6,5,4,3,0,1,1,1,1,1,0,0,1,1,1,0,0,0,0,0,1,1,0,0,0,0,0,0,0,0,0,0,0,0,1.1067415730337078,0.4715531335149864,0.7549318801089918,0.883945945945946,0.6486486486486487,0.5243243243243243,0.8998885793871866,0.7576601671309192,-0.13513513513513514,0.11097297297297298,-0.14285714285714285,0.7017543859649122,-0.07017543859649122,0.21052631578947367,0.42105263157894735,0.8771929824561403,-0.6666666666666666,0.2807017543859649,0.6206896551724138,0.9491525423728814
0,1,0,0,-0.12790190735694823,0.6071428571428571,0.08228836720891058,6,5,4,3,2,1,0,6,5,4,0,0,1,1,1,1,1,0,0,1,1,1,0,0,0,0,0,1,1,0,0,0,0,0,0,0,0,0,0,0,0.8370786516853933,1.065558583106267,0.4715531335149864,0.7488108108108108,0.8810810810810811,0.6486486486486487,0.5433426183844011,0.9080779944289693,0.7351351351351352,-0.14308108108108109,-0.07142857142857142,-0.14035087719298245,0.7017543859649122,-0.07017543859649122,0.21052631578947367,0.45614035087719296,0.8771929824561403,-0.631578947368421,0.27586206896551724,0.6101694915254238
1,1,0,0,0.3026158038147139,0.10714285714285714,0.48621258887704655,0,6,5,4,3,2,1,0,6,5,1,0,0,1,1,1,1,1,0,0,0,1,1,0,0,0,0,0,1,1,0,0,0,0,0,0,0,0,0,0,-0.12359550561797752,0.8039782016348774,1.065558583106267,0.46772972972972976,0.745945945945946,0.8810810810810811,0.6714763231197771,0.5515320334261838,0.8810810810810811,0.7271891891891892,0.6071428571428571,-0.07017543859649122,-0.14035087719298245,0.7017543859649122,-0.07017543859649122,0.24561403508771928,0.45614035087719296,0.9122807017543859,-0.6206896551724138,0.2711864406779661
2,1,0,0,0.18817438692098093,0.39285714285714285,0.4252309323953979,1,0,6,5,4,3,2,1,0,6,1,1,0,0,1,1,1,1,1,0,0,0,1,1,0,0,0,0,0,1,0,0,0,0,0,0,0,0,0,0,0.3202247191011236,-0.12790190735694823,0.8039782016348774,1.056918918918919,0.4648648648648649,0.745945945945946,0.9110306406685237,0.6796657381615598,0.5351351351351351,0.8731351351351352,0.10714285714285714,0.5964912280701754,-0.07017543859649122,-0.14035087719298245,0.7017543859649122,-0.03508771929824561,0.24561403508771928,0.49122807017543857,0.896551724137931,-0.6101694915254238
3,1,0,0,1.4197820163487738,0.32142857142857145,1.1278790246050763,2,1,0,6,5,4,3,2,1,0,1,1,1,0,0,1,1,1,1,1,0,0,0,1,1,0,0,0,0,0,0,0,0,0,0,0,0,0,0,0,0.20224719101123595,0.3026158038147139,-0.12790190735694823,0.7974594594594595,1.054054054054054,0.4648648648648649,0.7717548746518106,0.9192200557103064,0.6594594594594595,0.5271891891891892,0.39285714285714285,0.10526315789473684,0.5964912280701754,-0.07017543859649122,-0.14035087719298245,0.7368421052631579,-0.03508771929824561,0.2807017543859649,0.4827586206896552,0.8813559322033898
4,1,0,0,0.8257765667574932,0.17857142857142858,0.9462987152571546,3,2,1,0,6,5,4,3,2,1,1,1,1,1,0,0,1,1,1,1,0,0,0,0,1,1,0,0,0,0,0,0,0,0,0,0,0,0,0,0,1.4719101123595506,0.18817438692098093,0.3026158038147139,-0.12686486486486487,0.7945945945945946,1.054054054054054,0.48206128133704734,0.7799442896935933,0.8918918918918919,0.6515135135135135,0.32142857142857145,0.38596491228070173,0.10526315789473684,0.5964912280701754,-0.07017543859649122,-0.10526315789473684,0.7368421052631579,0.0,0.27586206896551724,0.4745762711864407
5,0,1,0,-0.08430517711171662,-0.5,0.11570194235621822,4,3,2,1,0,6,5,4,3,2,1,1,1,1,1,0,0,1,1,1,0,0,0,0,0,1,1,0,0,0,0,0,0,0,0,0,0,0,0,0,0.8595505617977528,1.4197820163487738,0.18817438692098093,0.3001621621621622,-0.12972972972972974,0.7945945945945946,1.0893036211699165,0.49025069637883006,0.7567567567567568,0.883945945945946,0.17857142857142858,0.3157894736842105,0.38596491228070173,0.10526315789473684,0.5964912280701754,-0.03508771929824561,-0.10526315789473684,0.7719298245614035,0.0,0.2711864406779661
6,0,1,0,0.5805449591280654,-0.25,1.0463961963283004,5,4,3,2,1,0,6,5,4,3,0,1,1,1,1,1,0,0,1,1,1,0,0,0,0,0,1,1,0,0,0,0,0,0,0,0,0,0,0,0,-0.07865168539325842,0.8257765667574932,1.4197820163487738,0.18664864864864866,0.2972972972972973,-0.12972972972972974,0.8218941504178273,1.0974930362116992,0.4756756756756757,0.7488108108108108,-0.5,0.17543859649122806,0.3157894736842105,0.38596491228070173,0.10526315789473684,0.631578947368421,-0.03508771929824561,-0.07017543859649122,0.7586206896551724,0.0
0,1,0,0,0.40070844686648505,-0.5714285714285714,0.6609401998755179,6,5,4,3,2,1,0,6,5,4,0,0,1,1,1,1,1,0,0,1,1,1,0,0,0,0,0,1,1,0,0,0,0,0,0,0,0,0,0,0,0.6067415730337079,-0.08430517711171662,0.8257765667574932,1.40827027027027,0.1837837837837838,0.2972972972972973,-0.13075208913649025,0.83008356545961,1.0648648648648649,0.46772972972972976,-0.25,-0.49122807017543857,0.17543859649122806,0.3157894736842105,0.38596491228070173,0.14035087719298245,0.631578947368421,0.0,-0.06896551724137931,0.7457627118644068
1,1,0,0,-0.05160762942779291,-0.2857142857142857,0.3993624970134017,0,6,5,4,3,2,1,0,6,5,1,0,0,1,1,1,1,1,0,0,0,1,1,0,0,0,0,0,1,1,0,0,0,0,0,0,0,0,0,0,0.42134831460674155,0.5805449591280654,-0.08430517711171662,0.8190810810810811,1.4054054054054055,0.1837837837837838,0.3093593314763231,-0.12256267409470752,0.8054054054054054,1.056918918918919,-0.5714285714285714,-0.24561403508771928,-0.49122807017543857,0.17543859649122806,0.3157894736842105,0.42105263157894735,0.14035087719298245,0.6666666666666666,0.0,-0.06779661016949153
2,1,0,0,1.2017983651226158,-1.0357142857142858,1.20435934750972,1,0,6,5,4,3,2,1,0,6,1,1,0,0,1,1,1,1,1,0,0,0,1,1,0,0,0,0,0,1,0,0,0,0,0,0,0,0,0,0,-0.0449438202247191,0.40070844686648505,0.5805449591280654,-0.08362162162162162,0.8162162162162162,1.4054054054054055,0.19236768802228413,0.31754874651810583,-0.11891891891891893,0.7974594594594595,-0.2857142857142857,-0.5614035087719298,-0.24561403508771928,-0.49122807017543857,0.17543859649122806,0.3508771929824561,0.42105263157894735,0.17543859649122806,0.6551724137931034,0.0
