DIA_SEMANA,LABORAL,FIN_DE_SEMANA,FESTIVO,PORCENTAJE_USO,NUMERO_CONEXIONES,USAGE_KB,DIA_SEMANA_lag_1,DIA_SEMANA_lag_2,DIA_SEMANA_lag_3,DIA_SEMANA_lag_4,DIA_SEMANA_lag_5,DIA_SEMANA_lag_6,DIA_SEMANA_lag_7,DIA_SEMANA_lag_8,DIA_SEMANA_lag_9,DIA_SEMANA_lag_10,LABORAL_lag_1,LABORAL_lag_2,LABORAL_lag_3,LABORAL_lag_4,LABORAL_lag_5,LABORAL_lag_6,LABORAL_lag_7,LABORAL_lag_8,LABORAL_lag_9,LABORAL_lag_10,FIN_DE_SEMANA_lag_1,FIN_DE_SEMANA_lag_2,FIN_DE_SEMANA_lag_3,FIN_DE_SEMANA_lag_4,FIN_DE_SEMANA_lag_5,FIN_DE_SEMANA_lag_6,FIN_DE_SEMANA_lag_7,FIN_DE_SEMANA_lag_8,FIN_DE_SEMANA_lag_9,FIN_DE_SEMANA_lag_10,FESTIVO_lag_1,FESTIVO_lag_2,FESTIVO_lag_3,FESTIVO_lag_4,FESTIVO_lag_5,FESTIVO_lag_6,FESTIVO_lag_7,FESTIVO_lag_8,FESTIVO_lag_9,FESTIVO_lag_10,PORCENTAJE_USO_lag_1,PORCENTAJE_USO_lag_2,PORCENTAJE_USO_lag_3,PORCENTAJE_USO_lag_4,PORCENTAJE_USO_lag_5,PORCENTAJE_USO_lag_6,PORCENTAJE_USO_lag_7,PORCENTAJE_USO_lag_8,PORCENTAJE_USO_lag_9,PORCENTAJE_USO_lag_10,NUMERO_CONEXIONES_lag_1,NUMERO_CONEXIONES_lag_2,NUMERO_CONEXIONES_lag_3,NUMERO_CONEXIONES_lag_4,NUMERO_CONEXIONES_lag_5,NUMERO_CONEXIONES_lag_6,NUMERO_CONEXIONES_lag_7,NUMERO_CONEXIONES_lag_8,NUMERO_CONEXIONES_lag_9,NUMERO_CONEXIONES_lag_10
0,1,0,0,0.01605887260159695,-0.64,-0.010092343079345882,6,5,4,3,2,1,0,6,5,4,0,0,1,1,0,1,1,0,0,1,1,1,0,0,0,0,0,1,1,0,0,0,0,0,1,0,0,0,0,0,-0.1792176075529016,-0.1466278498354504,0.4493619049037273,-0.17802754000744325,-0.17926339285714285,0.026877558615556393,-0.09414216598436918,0.3080908075921101,-0.18747767857142858,-0.1671577380952381,-0.75,-0.75,-0.6666666666666666,-0.16666666666666666,-0.96,-0.38461538461538464,-0.46153846153846156,-0.46153846153846156,-0.9230769230769231,-0.6923076923076923
1,1,0,0,0.05391192944821833,-0.56,-0.009791754317444855,0,6,5,4,3,2,1,0,6,5,1,0,0,1,1,0,1,1,0,0,0,1,1,0,0,0,0,0,1,1,0,0,0,0,0,1,0,0,0,0,0.01605289413726863,-0.1792176075529016,-0.14830312867630635,0.44921473762560477,-0.17628720238095238,-0.1810048381094157,0.026877558615556393,-0.10293263863044289,0.30797619047619046,-0.17869047619047618,-0.6666666666666666,-0.75,-0.75,-0.6666666666666666,-0.16,-0.9230769230769231,-0.38461538461538464,-0.46153846153846156,-0.46153846153846156,-0.9230769230769231
2,0,0,1,-0.17882254796806102,-0.88,-0.35095195656643186,1,0,6,5,4,3,2,1,0,6,1,1,0,0,1,1,0,1,1,0,0,0,1,1,0,0,0,0,0,1,0,0,0,0,0,0,1,0,0,0,0.05389185888940181,0.01605289413726863,-0.18089288639375753,-0.14825455898771864,0.4507217261904762,-0.17802754000744325,-0.1810048381094157,0.0180870859694827,-0.10289434523809525,0.31676339285714283,-0.5833333333333334,-0.6666666666666666,-0.75,-0.75,-0.64,-0.15384615384615385,-0.9230769230769231,-0.38461538461538464,-0.46153846153846156,-0.46153846153846156
3,1,0,0,0.49457007508044337,0.0,0.24105710734085006,2,1,0,6,5,4,3,2,1,0,0,1,1,0,0,1,1,0,1,1,0,0,0,1,1,0,0,0,0,0,1,0,0,0,0,0,0,1,0,0,-0.17875597516119904,0.05389185888940181,0.014377615296412672,-0.18083364346855227,-0.14652529761904762,0.44921473762560477,-0.17802754000744325,-0.1897953107554894,0.01808035714285715,-0.09410714285714286,-0.9166666666666666,-0.5833333333333334,-0.6666666666666666,-0.75,-0.72,-0.6153846153846154,-0.15384615384615385,-0.9230769230769231,-0.38461538461538464,-0.46153846153846156
4,1,0,0,-0.16136336551066618,-0.16,-0.33776525827259984,3,2,1,0,6,5,4,3,2,1,1,0,1,1,0,0,1,1,0,1,0,0,0,0,1,1,0,0,0,0,0,1,0,0,0,0,0,0,1,0,0.4943859544621983,-0.17875597516119904,0.05221658004854585,0.014372906587272052,-0.1790922619047619,-0.14825455898771864,0.44921473762560477,-0.18681801265351694,-0.18972470238095238,0.026867559523809533,0.0,-0.9166666666666666,-0.5833333333333334,-0.6666666666666666,-0.72,-0.6923076923076923,-0.6153846153846154,-0.15384615384615385,-0.9230769230769231,-0.38461538461538464
5,0,1,0,-0.1567453223692051,-0.48,-0.3067583713718861,4,3,2,1,0,6,5,4,3,2,1,1,0,1,1,0,0,1,1,0,0,0,0,0,0,1,1,0,0,0,0,0,1,0,0,0,0,0,0,1,-0.16130329248134856,0.4943859544621983,-0.180431254002055,0.05219947897283215,0.01604166666666667,-0.18083364346855227,-0.14825455898771864,0.4404242649795311,-0.1867485119047619,-0.1809375,-0.16666666666666666,0.0,-0.9166666666666666,-0.5833333333333334,-0.64,-0.6923076923076923,-0.6923076923076923,-0.6153846153846154,-0.15384615384615385,-0.9230769230769231
6,0,1,0,0.7441455130496961,-0.32,1.2553481426077533,5,4,3,2,1,0,6,5,4,3,0,1,1,0,1,1,0,0,1,1,1,0,0,0,0,0,1,1,0,0,0,0,0,1,0,0,0,0,0,0,-0.15668696856432326,-0.16130329248134856,0.49271067562134235,-0.18037216226274655,0.05385416666666666,0.014372906587272052,-0.18083364346855227,-0.15704503163379235,0.4402604166666667,-0.17796130952380954,-0.5,-0.16666666666666666,0.0,-0.9166666666666666,-0.56,-0.6153846153846154,-0.6923076923076923,-0.6923076923076923,-0.6153846153846154,-0.15384615384615385
0,0,0,1,0.8409754498867834,0.48,1.3174121820884284,6,5,4,3,2,1,0,6,5,4,0,0,1,1,0,1,1,0,0,1,1,1,0,0,0,0,0,1,1,0,0,0,0,0,1,0,0,0,0,0,0.7438684794424671,-0.15668696856432326,-0.1629785713222045,0.4925493114998139,-0.17863095238095236,0.05219947897283215,0.014372906587272052,-0.18962411611462596,-0.15698660714285714,0.44904761904761903,-0.3333333333333333,-0.5,-0.16666666666666666,0.0,-0.88,-0.5384615384615384,-0.6153846153846154,-0.6923076923076923,-0.6923076923076923,-0.6153846153846154
1,1,0,0,0.5877279227744011,0.08,1.0842075791596484,0,6,5,4,3,2,1,0,6,5,0,0,0,1,1,0,1,1,0,0,0,1,1,0,0,0,0,0,1,1,1,0,0,0,0,1,0,0,0,0,0.8406623680252557,0.7438684794424671,-0.15836224740517924,-0.16292519538518793,0.49404017857142857,-0.18037216226274655,0.05219947897283215,0.005582433941198363,-0.18955357142857143,-0.14819940476190477,0.5,-0.3333333333333333,-0.5,-0.16666666666666666,0.0,-0.8461538461538461,-0.5384615384615384,-0.6153846153846154,-0.6923076923076923,-0.6923076923076923
2,1,0,0,0.3225628649743773,0.08,1.0503647026357814,1,0,6,5,4,3,2,1,0,6,1,0,0,0,1,1,0,1,1,0,0,0,1,1,0,0,0,0,0,1,0,1,0,0,0,0,1,0,0,0,0.587509120962578,0.8406623680252557,0.7421932006016112,-0.15831038332713063,-0.1611904761904762,0.4925493114998139,-0.18037216226274655,0.04340900632675846,0.005580357142857143,-0.18076636904761903,0.08333333333333333,0.5,-0.3333333333333333,-0.5,-0.16,0.0,-0.8461538461538461,-0.5384615384615384,-0.6153846153846154,-0.6923076923076923
3,1,0,0,0.010472530091764989,0.56,0.35156117659891356,2,1,0,6,5,4,3,2,1,0,1,1,0,0,0,1,1,0,1,1,0,0,0,1,1,0,0,0,0,0,0,0,1,0,0,0,0,1,0,0,0.3224427799204801,0.587509120962578,0.8389870891843998,0.7419501302567919,-0.15657738095238094,-0.16292519538518793,0.4925493114998139,-0.18916263490882024,0.043392857142857136,0.014367559523809526,0.08333333333333333,0.08333333333333333,0.5,-0.3333333333333333,-0.48,-0.15384615384615385,0.0,-0.8461538461538461,-0.5384615384615384,-0.6153846153846154
4,1,0,0,-0.17289357645095937,0.24,-0.33626734103101946,3,2,1,0,6,5,4,3,2,1,1,1,1,0,0,0,1,1,0,1,0,0,0,0,1,1,0,0,0,0,0,0,0,1,0,0,0,0,1,0,0.010468631334415442,0.3224427799204801,0.5858338421217221,0.8387123185708969,0.7433482142857143,-0.15831038332713063,-0.16292519538518793,0.4837588388537402,-0.1890922619047619,0.05218005952380952,0.5833333333333334,0.08333333333333333,0.08333333333333333,0.5,-0.32,-0.46153846153846156,-0.15384615384615385,0.0,-0.8461538461538461,-0.5384615384615384
5,0,1,0,0.3650190680491002,0.72,0.1295044960136803,4,3,2,1,0,6,5,4,3,2,1,1,1,1,0,0,0,1,1,0,0,0,0,0,0,1,1,0,0,0,0,0,0,0,1,0,0,0,0,1,-0.17282921090643755,0.010468631334415442,0.32076750107962415,0.5856419799032377,0.8400744047619048,0.7419501302567919,-0.15831038332713063,-0.17171566803126162,0.483578869047619,-0.1803050595238095,0.25,0.5833333333333334,0.08333333333333333,0.08333333333333333,0.48,-0.3076923076923077,-0.46153846153846156,-0.15384615384615385,0.0,-0.8461538461538461
6,0,1,0,-0.17895662018829697,-0.88,-0.351142966147573,5,4,3,2,1,0,6,5,4,3,0,1,1,1,1,0,0,0,1,1,1,0,0,0,0,0,1,1,0,0,0,0,0,0,0,1,0,0,0,0,0.36488317722216435,-0.17282921090643755,0.008793352493559486,0.32066244882768885,0.5870982142857143,0.8387123185708969,0.7419501302567919,-0.16710085597320432,-0.17165178571428572,0.4923660714285714,0.75,0.25,0.5833333333333334,0.08333333333333333,0.08,0.46153846153846156,-0.3076923076923077,-0.46153846153846156,-0.15384615384615385,0.0
0,1,0,0,-0.17931414610892624,-0.56,-0.35110174829058993,6,5,4,3,2,1,0,6,5,4,0,0,1,1,1,1,0,0,0,1,1,1,0,0,0,0,0,1,1,0,0,0,0,0,0,0,1,0,0,0,-0.17888999746846754,0.36488317722216435,-0.17450448974729352,0.00879047264607369,0.3222172619047619,0.5856419799032377,0.8387123185708969,0.7331596576107182,-0.16703869047619047,-0.1628645833333333,-0.9166666666666666,0.75,0.25,0.5833333333333334,0.08,0.07692307692307693,0.46153846153846156,-0.3076923076923077,-0.46153846153846156,-0.15384615384615385
1,1,0,0,-0.1765060779406507,-0.08,-0.35024421580262477,0,6,5,4,3,2,1,0,6,5,1,0,0,1,1,1,1,0,0,0,0,1,1,0,0,0,0,0,1,1,0,0,0,0,0,0,0,1,0,0,-0.17924739028785014,-0.17888999746846754,0.36320789838130835,-0.17444733903982138,0.010461309523809526,0.32066244882768885,0.5856419799032377,0.8299218459248232,0.7328869047619048,-0.1582514880952381,-0.5833333333333334,-0.9166666666666666,0.75,0.25,0.56,0.07692307692307693,0.07692307692307693,0.46153846153846156,-0.3076923076923077,-0.46153846153846156
2,1,0,0,-0.17880765105470148,-0.48,-0.35075893635812083,1,0,6,5,4,3,2,1,0,6,1,1,0,0,1,1,1,1,0,0,0,0,1,1,0,0,0,0,0,1,0,0,0,0,0,0,0,0,1,0,-0.17644036751894926,-0.17924739028785014,-0.18056527630932348,0.36308894678079645,-0.17270833333333332,0.00879047264607369,0.32066244882768885,0.5768515072571642,0.8296130952380952,0.7416741071428571,-0.08333333333333333,-0.5833333333333334,-0.9166666666666666,0.75,0.24,0.5384615384615384,0.07692307692307693,0.07692307692307693,0.46153846153846156,-0.3076923076923077
3,1,0,0,-0.12397211297819093,4.32,-0.13857342986354376,2,1,0,6,5,4,3,2,1,0,1,1,1,0,0,1,1,1,1,0,0,0,0,1,1,0,0,0,0,0,0,0,0,0,0,0,0,0,0,1,-0.17874108379372478,-0.17644036751894926,-0.1809226691287061,-0.1805061406773353,0.3646279761904762,-0.17444733903982138,0.00879047264607369,0.31187197618161516,0.5766369047619048,0.8384002976190476,-0.5,-0.08333333333333333,-0.5833333333333334,-0.9166666666666666,0.72,0.23076923076923078,0.5384615384615384,0.07692307692307693,0.07692307692307693,0.46153846153846156
4,1,0,0,-0.1792024192587296,-0.16,-0.3509177759045435,3,2,1,0,6,5,4,3,2,1,1,1,1,1,0,0,1,1,1,1,0,0,0,0,1,1,0,0,0,0,0,0,0,0,0,0,0,0,0,0,-0.1239259601209179,-0.17874108379372478,-0.17811564635980523,-0.18086341644957202,-0.17876488095238094,0.36308894678079645,-0.17444733903982138,0.0,0.3117559523809524,0.5854241071428571,4.5,-0.5,-0.08333333333333333,-0.5833333333333334,-0.88,0.6923076923076923,0.23076923076923078,0.5384615384615384,0.07692307692307693,0.07692307692307693
5,0,1,0,-0.17927690382552736,-0.32,-0.35093084498114785,4,3,2,1,0,6,5,4,3,2,1,1,1,1,1,0,0,1,1,1,0,0,0,0,0,1,1,0,0,0,0,0,0,0,0,0,0,0,0,0,-0.17913570503179307,-0.1239259601209179,-0.18041636263458075,-0.17805731298846297,-0.17912202380952383,-0.1805061406773353,0.36308894678079645,-0.18323781168589506,0.0,0.32054315476190476,-0.16666666666666666,4.5,-0.5,-0.08333333333333333,-0.56,-0.8461538461538461,0.6923076923076923,0.23076923076923078,0.5384615384615384,0.07692307692307693
6,0,1,0,-0.16903527589083542,0.88,-0.3473237798383355,5,4,3,2,1,0,6,5,4,3,0,1,1,1,1,1,0,0,1,1,1,0,0,0,0,0,1,1,0,0,0,0,0,0,0,0,0,0,0,0,-0.17921016186916444,-0.17913570503179307,-0.12560123896177386,-0.1803572757722367,-0.17631696428571428,-0.18086341644957202,-0.1805061406773353,0.35429847413472276,-0.18316964285714285,0.008787202380952383,-0.3333333333333333,-0.16666666666666666,4.5,-0.5,-0.08,-0.5384615384615384,-0.8461538461538461,0.6923076923076923,0.23076923076923078,0.5384615384615384
0,1,0,0,-0.17797342390656656,-0.8,-0.3506775059577396,6,5,4,3,2,1,0,6,5,4,0,0,1,1,1,1,1,0,0,1,1,1,0,0,0,0,0,1,1,0,0,0,0,0,0,0,0,0,0,0,-0.16897234673060027,-0.17921016186916444,-0.18081098387264904,-0.12556010420543356,-0.17861607142857144,-0.17805731298846297,-0.18086341644957202,-0.189296613323409,0.3541666666666667,-0.17438244047619048,0.9166666666666666,-0.3333333333333333,-0.16666666666666666,4.5,-0.48,-0.07692307692307693,-0.5384615384615384,-0.8461538461538461,0.6923076923076923,0.23076923076923078
1,1,0,0,-0.1720146585627458,-0.16,-0.3497938353165657,0,6,5,4,3,2,1,0,6,5,1,0,0,1,1,1,1,1,0,0,0,1,1,0,0,0,0,0,1,1,0,0,0,0,0,0,0,0,0,0,-0.17790716721516536,-0.16897234673060027,-0.1808854407100204,-0.18075176777074806,-0.12383928571428571,-0.1803572757722367,-0.17805731298846297,-0.1896538890956457,-0.18922619047619046,0.36295386904761906,-0.8333333333333334,0.9166666666666666,-0.3333333333333333,-0.16666666666666666,4.32,-0.46153846153846156,-0.07692307692307693,-0.5384615384615384,-0.8461538461538461,0.6923076923076923
2,1,0,0,-0.17871826957454415,-0.32,-0.35058401179433896,1,0,6,5,4,3,2,1,0,6,1,1,0,0,1,1,1,1,1,0,0,0,1,1,0,0,0,0,0,1,0,0,0,0,0,0,0,0,0,0,-0.17195062022545532,-0.17790716721516536,-0.17064762557145624,-0.18082620022329735,-0.17901041666666667,-0.12556010420543356,-0.1803572757722367,-0.18684778563453666,-0.18958333333333335,-0.1804389880952381,-0.16666666666666666,-0.8333333333333334,0.9166666666666666,-0.3333333333333333,-0.16,4.153846153846154,-0.46153846153846156,-0.07692307692307693,-0.5384615384615384,-0.8461538461538461
3,1,0,0,-0.17797342390656656,0.56,-0.3491956737335185,2,1,0,6,5,4,3,2,1,0,1,1,1,0,0,1,1,1,1,1,0,0,0,1,1,0,0,0,0,0,0,0,0,0,0,0,0,0,0,0,-0.17865173558887915,-0.17195062022545532,-0.17958244605602133,-0.17059173799776703,-0.17908482142857143,-0.18075176777074806,-0.12556010420543356,-0.1891477484183104,-0.1867782738095238,-0.18079613095238095,-0.3333333333333333,-0.16666666666666666,-0.8333333333333334,0.9166666666666666,-0.32,-0.15384615384615385,4.153846153846154,-0.46153846153846156,-0.07692307692307693,-0.5384615384615384
4,1,0,0,-0.17797342390656656,0.56,-0.35050057076678787,3,2,1,0,6,5,4,3,2,1,1,1,1,1,0,0,1,1,1,1,0,0,0,0,1,1,0,0,0,0,0,0,0,0,0,0,0,0,0,0,-0.17790716721516536,-0.17865173558887915,-0.17362589906631126,-0.1795236323036844,-0.16885416666666667,-0.18082620022329735,-0.18075176777074806,-0.13435057685150725,-0.18907738095238097,-0.17799107142857143,0.5833333333333334,-0.3333333333333333,-0.16666666666666666,-0.8333333333333334,0.88,-0.3076923076923077,-0.15384615384615385,4.153846153846154,-0.46153846153846156,-0.07692307692307693
5,0,1,0,-0.17946311524252176,-1.04,-0.3509217971588833,4,3,2,1,0,6,5,4,3,2,1,1,1,1,1,0,0,1,1,1,0,0,0,0,0,1,1,0,0,0,0,0,0,0,0,0,0,0,0,0,-0.17790716721516536,-0.17790716721516536,-0.1803270144297351,-0.17356903609973948,-0.1777827380952381,-0.17059173799776703,-0.18082620022329735,-0.18954224041682174,-0.13430059523809523,-0.18029017857142857,0.5833333333333334,0.5833333333333334,-0.3333333333333333,-0.16666666666666666,-0.8,0.8461538461538461,-0.3076923076923077,-0.15384615384615385,4.153846153846154,-0.46153846153846156
6,0,1,0,-0.17871826957454415,-0.48,-0.35073983540000675,5,4,3,2,1,0,6,5,4,3,0,1,1,1,1,1,0,0,1,1,1,0,0,0,0,0,1,1,0,0,0,0,0,0,0,0,0,0,0,0,-0.1793963039625929,-0.17790716721516536,-0.17958244605602133,-0.1802679568291775,-0.17183035714285713,-0.1795236323036844,-0.17059173799776703,-0.18961667286937103,-0.1894717261904762,-0.12551339285714286,-1.0833333333333333,0.5833333333333334,0.5833333333333334,-0.3333333333333333,-0.16,-0.7692307692307693,0.8461538461538461,-0.3076923076923077,-0.15384615384615385,4.153846153846154
0,1,0,0,-0.1727595042307234,-0.8,-0.3471699668598377,6,5,4,3,2,1,0,6,5,4,0,0,1,1,1,1,1,0,0,1,1,1,0,0,0,0,0,1,1,0,0,0,0,0,0,0,0,0,0,0,-0.17865173558887915,-0.1793963039625929,-0.17958244605602133,-0.1795236323036844,-0.1785267857142857,-0.17356903609973948,-0.1795236323036844,-0.17938221064384072,-0.18954613095238096,-0.18068452380952382,-0.5,-1.0833333333333333,0.5833333333333334,0.5833333333333334,-0.32,-0.15384615384615385,-0.7692307692307693,0.8461538461538461,-0.3076923076923077,-0.15384615384615385
1,1,0,0,-0.17946311524252176,-0.96,-0.35102735508530336,0,6,5,4,3,2,1,0,6,5,1,0,0,1,1,1,1,1,0,0,0,1,1,0,0,0,0,0,1,1,0,0,0,0,0,0,0,0,0,0,-0.17269518859916907,-0.17865173558887915,-0.18107158280344884,-0.1795236323036844,-0.1777827380952381,-0.1802679568291775,-0.17356903609973948,-0.1883141049497581,-0.1793154761904762,-0.18075892857142856,-0.8333333333333334,-0.5,-1.0833333333333333,0.5833333333333334,0.56,-0.3076923076923077,-0.15384615384615385,-0.7692307692307693,0.8461538461538461,-0.3076923076923077
2,1,0,0,-0.12434453581217972,-0.56,-0.29495900582528956,1,0,6,5,4,3,2,1,0,6,1,1,0,0,1,1,1,1,1,0,0,0,1,1,0,0,0,0,0,1,0,0,0,0,0,0,0,0,0,0,-0.1793963039625929,-0.17269518859916907,-0.1803270144297351,-0.18101228135467062,-0.1777827380952381,-0.1795236323036844,-0.1802679568291775,-0.18235950874581316,-0.18824404761904762,-0.17052827380952382,-1.0,-0.8333333333333334,-0.5,-1.0833333333333333,0.56,0.5384615384615384,-0.3076923076923077,-0.15384615384615385,-0.7692307692307693,0.8461538461538461
3,1,0,0,-0.17871826957454415,-0.56,-0.34888704246293784,2,1,0,6,5,4,3,2,1,0,1,1,1,0,0,1,1,1,1,1,0,0,0,1,1,0,0,0,0,0,0,0,0,0,0,0,0,0,0,0,-0.12429824430777478,-0.1793963039625929,-0.17437046744002502,-0.1802679568291775,-0.17927083333333332,-0.1795236323036844,-0.1795236323036844,-0.1890584294752512,-0.18229166666666666,-0.17945684523809524,-0.5833333333333334,-1.0,-0.8333333333333334,-0.5,-1.04,0.5384615384615384,0.5384615384615384,-0.3076923076923077,-0.15384615384615385,-0.7692307692307693
4,1,0,0,0.03356274579907043,0.08,0.268208616643268,3,2,1,0,6,5,4,3,2,1,1,1,1,1,0,0,1,1,1,1,0,0,0,0,1,1,0,0,0,0,0,0,0,0,0,0,0,0,0,0,-0.17865173558887915,-0.12429824430777478,-0.18107158280344884,-0.1743133606252326,-0.1785267857142857,-0.18101228135467062,-0.1795236323036844,-0.1883141049497581,-0.18898809523809523,-0.17350446428571428,-0.5833333333333334,-0.5833333333333334,-1.0,-0.8333333333333334,-0.48,-1.0,0.5384615384615384,0.5384615384615384,-0.3076923076923077,-0.15384615384615385
5,0,1,0,-0.17946311524252176,-0.64,-0.3506302562192468,4,3,2,1,0,6,5,4,3,2,1,1,1,1,1,0,0,1,1,1,0,0,0,0,0,1,1,0,0,0,0,0,0,0,0,0,0,0,0,0,0.033550250919541946,-0.17865173558887915,-0.12597352314863075,-0.18101228135467062,-0.17257440476190475,-0.1802679568291775,-0.18101228135467062,-0.1883141049497581,-0.18824404761904762,-0.18020089285714286,0.08333333333333333,-0.5833333333333334,-0.5833333333333334,-1.0,-0.8,-0.46153846153846156,-1.0,0.5384615384615384,0.5384615384615384,-0.3076923076923077
6,0,1,0,-0.1720146585627458,-0.56,-0.3202667700129032,5,4,3,2,1,0,6,5,4,3,0,1,1,1,1,1,0,0,1,1,1,0,0,0,0,0,1,1,0,0,0,0,0,0,0,0,0,0,0,0,-0.1793963039625929,0.033550250919541946,-0.1803270144297351,-0.12593226646818012,-0.17927083333333332,-0.1743133606252326,-0.1802679568291775,-0.1898027540007443,-0.18824404761904762,-0.17945684523809524,-0.6666666666666666,0.08333333333333333,-0.5833333333333334,-0.5833333333333334,-0.96,-0.7692307692307693,-0.46153846153846156,-1.0,0.5384615384615384,0.5384615384615384
0,1,0,0,-0.17871826957454415,-0.64,-0.34966616049127663,6,5,4,3,2,1,0,6,5,4,0,0,1,1,1,1,1,0,0,1,1,1,0,0,0,0,0,1,1,0,0,0,0,0,0,0,0,0,0,0,-0.17195062022545532,-0.1793963039625929,0.03187497207868599,-0.1802679568291775,-0.12421130952380952,-0.18101228135467062,-0.1743133606252326,-0.1890584294752512,-0.18973214285714285,-0.17945684523809524,-0.5833333333333334,-0.6666666666666666,0.08333333333333333,-0.5833333333333334,-0.56,-0.9230769230769231,-0.7692307692307693,-0.46153846153846156,-1.0,0.5384615384615384
1,1,0,0,-0.17648373257061137,-0.4,-0.34122052106408424,0,6,5,4,3,2,1,0,6,5,1,0,0,1,1,1,1,1,0,0,0,1,1,0,0,0,0,0,1,1,0,0,0,0,0,0,0,0,0,0,-0.17865173558887915,-0.17195062022545532,-0.18107158280344884,0.031864532936360254,-0.1785267857142857,-0.12593226646818012,-0.18101228135467062,-0.18310383327130628,-0.18898809523809523,-0.18094494047619047,-0.6666666666666666,-0.5833333333333334,-0.6666666666666666,0.08333333333333333,-0.56,-0.5384615384615384,-0.9230769230769231,-0.7692307692307693,-0.46153846153846156,-1.0
2,1,0,0,-0.1265790728161125,-0.16,-0.25185920181117294,1,0,6,5,4,3,2,1,0,6,1,1,0,0,1,1,1,1,1,0,0,0,1,1,0,0,0,0,0,1,0,0,0,0,0,0,0,0,0,0,-0.17641803046773785,-0.17865173558887915,-0.17362589906631126,-0.18101228135467062,0.03352678571428572,-0.1802679568291775,-0.12593226646818012,-0.1898027540007443,-0.18303571428571427,-0.18020089285714286,-0.4166666666666667,-0.6666666666666666,-0.5833333333333334,-0.6666666666666666,0.08,-0.5384615384615384,-0.5384615384615384,-0.9230769230769231,-0.7692307692307693,-0.46153846153846156
3,1,0,0,-0.11019246812060542,-0.16,-0.21438613793203978,2,1,0,6,5,4,3,2,1,0,1,1,1,0,0,1,1,1,1,1,0,0,0,1,1,0,0,0,0,0,0,0,0,0,0,0,0,0,0,0,-0.12653194942891607,-0.17641803046773785,-0.1803270144297351,-0.17356903609973948,-0.17927083333333332,0.031864532936360254,-0.1802679568291775,-0.1347227391142538,-0.18973214285714285,-0.1742485119047619,-0.16666666666666666,-0.4166666666666667,-0.6666666666666666,-0.5833333333333334,-0.64,0.07692307692307693,-0.5384615384615384,-0.5384615384615384,-0.9230769230769231,-0.7692307692307693
4,1,0,0,-0.09231617208914313,-0.24,-0.12242407243485443,3,2,1,0,6,5,4,3,2,1,1,1,1,1,0,0,1,1,1,1,0,0,0,0,1,1,0,0,0,0,0,0,0,0,0,0,0,0,0,0,-0.11015144520721339,-0.12653194942891607,-0.17809330930859382,-0.1802679568291775,-0.17183035714285713,-0.18101228135467062,0.031864532936360254,-0.1890584294752512,-0.13467261904761904,-0.18094494047619047,-0.16666666666666666,-0.16666666666666666,-0.4166666666666667,-0.6666666666666666,-0.56,-0.6153846153846154,0.07692307692307693,-0.5384615384615384,-0.5384615384615384,-0.9230769230769231
5,0,1,0,0.16614527469908236,-0.4,0.36027422943970355,4,3,2,1,0,6,5,4,3,2,1,1,1,1,1,0,0,1,1,1,0,0,0,0,0,1,1,0,0,0,0,0,0,0,0,0,0,0,0,0,-0.09228180423808319,-0.11015144520721339,-0.12820722826977202,-0.17803498325269818,-0.1785267857142857,-0.17356903609973948,-0.18101228135467062,0.023074060290286566,-0.18898809523809523,-0.12588541666666667,-0.25,-0.16666666666666666,-0.16666666666666666,-0.4166666666666667,-0.64,-0.5384615384615384,-0.6153846153846154,0.07692307692307693,-0.5384615384615384,-0.5384615384615384
6,0,1,0,0.08346740555356931,-0.48,0.6993654963308568,5,4,3,2,1,0,6,5,4,3,0,1,1,1,1,1,0,0,1,1,1,0,0,0,0,0,1,1,0,0,0,0,0,0,0,0,0,0,0,0,0.1660834214405909,-0.09228180423808319,-0.11182672404806934,-0.12816524004465946,-0.17629464285714286,-0.1802679568291775,-0.17356903609973948,-0.1898027540007443,0.023065476190476192,-0.18020089285714286,-0.4166666666666667,-0.25,-0.16666666666666666,-0.16666666666666666,-0.4,-0.6153846153846154,-0.5384615384615384,-0.6153846153846154,0.07692307692307693,-0.5384615384615384
0,1,0,0,-0.15115897985937315,-0.64,-0.2453568335436952,6,5,4,3,2,1,0,6,5,4,0,0,1,1,1,1,1,0,0,1,1,1,0,0,0,0,0,1,1,0,0,0,0,0,0,0,0,0,0,0,0.08343633195836374,0.1660834214405909,-0.09395708307893914,-0.11179010048381094,-0.1264434523809524,-0.17803498325269818,-0.1802679568291775,-0.18235950874581316,-0.18973214285714285,0.03185267857142857,-0.5,-0.4166666666666667,-0.25,-0.16666666666666666,-0.16,-0.38461538461538464,-0.6153846153846154,-0.5384615384615384,-0.6153846153846154,0.07692307692307693
1,1,0,0,-0.1720146585627458,-0.4,-0.31672907150745266,0,6,5,4,3,2,1,0,6,5,1,0,0,1,1,1,1,1,0,0,0,1,1,0,0,0,0,0,1,1,0,0,0,0,0,0,0,0,0,0,-0.15110270576147009,0.08343633195836374,0.16440814259973494,-0.09392631187197618,-0.11007440476190476,-0.12816524004465946,-0.17803498325269818,-0.1890584294752512,-0.18229166666666666,-0.18094494047619047,-0.6666666666666666,-0.5,-0.4166666666666667,-0.25,-0.16,-0.15384615384615385,-0.38461538461538464,-0.6153846153846154,-0.5384615384615384,-0.6153846153846154
2,1,0,0,-0.17722857823858898,-0.72,-0.3448527190465204,1,0,6,5,4,3,2,1,0,6,1,1,0,0,1,1,1,1,1,0,0,0,1,1,0,0,0,0,0,1,0,0,0,0,0,0,0,0,0,0,-0.17195062022545532,-0.15110270576147009,0.08176105311750778,0.1643542984741347,-0.0922172619047619,-0.11179010048381094,-0.12816524004465946,-0.18682545589877186,-0.18898809523809523,-0.17350446428571428,-0.4166666666666667,-0.6666666666666666,-0.5,-0.4166666666666667,-0.24,-0.15384615384615385,-0.15384615384615385,-0.38461538461538464,-0.6153846153846154,-0.5384615384615384
3,1,0,0,-0.16307651054701466,-0.48,-0.2926306995625378,2,1,0,6,5,4,3,2,1,0,1,1,1,0,0,1,1,1,1,1,0,0,0,1,1,0,0,0,0,0,0,0,0,0,0,0,0,0,0,0,-0.1771625988414516,-0.17195062022545532,-0.15277798460232603,0.08173427614439896,0.1659672619047619,-0.09392631187197618,-0.11179010048381094,-0.13695571269073317,-0.18675595238095238,-0.18020089285714286,-0.75,-0.4166666666666667,-0.6666666666666666,-0.5,-0.4,-0.23076923076923078,-0.15384615384615385,-0.15384615384615385,-0.38461538461538464,-0.6153846153846154
4,1,0,0,-0.17946311524252176,-0.4,-0.35068554846641925,3,2,1,0,6,5,4,3,2,1,1,1,1,1,0,0,1,1,1,1,0,0,0,0,1,1,0,0,0,0,0,0,0,0,0,0,0,0,0,0,-0.1630157997408902,-0.1771625988414516,-0.17362589906631126,-0.15272794938593226,0.0833779761904762,0.1643542984741347,-0.09392631187197618,-0.12058057312988463,-0.13690476190476192,-0.17796875,-0.5,-0.75,-0.4166666666666667,-0.6666666666666666,-0.48,-0.38461538461538464,-0.23076923076923078,-0.15384615384615385,-0.15384615384615385,-0.38461538461538464
5,0,1,0,-0.17946311524252176,-0.96,-0.3511731255551216,4,3,2,1,0,6,5,4,3,2,1,1,1,1,1,0,0,1,1,1,0,0,0,0,0,1,1,0,0,0,0,0,0,0,0,0,0,0,0,0,-0.1793963039625929,-0.1630157997408902,-0.17883787768230758,-0.17356903609973948,-0.15099702380952382,0.08173427614439896,0.1643542984741347,-0.10271678451804987,-0.12053571428571429,-0.12811755952380952,-0.4166666666666667,-0.5,-0.75,-0.4166666666666667,-0.64,-0.46153846153846156,-0.38461538461538464,-0.23076923076923078,-0.15384615384615385,-0.15384615384615385
6,0,1,0,-0.09380586342509832,-0.32,0.07799021729350482,5,4,3,2,1,0,6,5,4,3,0,1,1,1,1,1,0,0,1,1,1,0,0,0,0,0,1,1,0,0,0,0,0,0,0,0,0,0,0,0,-0.1793963039625929,-0.1793963039625929,-0.16469107858174617,-0.1787793077781913,-0.17183035714285713,-0.15272794938593226,0.08173427614439896,0.15556382582806103,-0.10267857142857142,-0.1117485119047619,-1.0,-0.4166666666666667,-0.5,-0.75,-0.4,-0.6153846153846154,-0.46153846153846156,-0.38461538461538464,-0.23076923076923078,-0.15384615384615385
0,1,0,0,-0.17499404123465617,-0.8,-0.32840076222876013,6,5,4,3,2,1,0,6,5,4,0,0,1,1,1,1,1,0,0,1,1,1,0,0,0,0,0,1,1,0,0,0,0,0,0,0,0,0,0,0,-0.0937709409855107,-0.1793963039625929,-0.18107158280344884,-0.1646371417938221,-0.17703869047619047,-0.17356903609973948,-0.15272794938593226,0.07294380349832527,0.15550595238095238,-0.09389136904761905,-0.3333333333333333,-1.0,-0.4166666666666667,-0.5,-0.72,-0.38461538461538464,-0.6153846153846154,-0.46153846153846156,-0.38461538461538464,-0.23076923076923078
1,1,0,0,-0.1712698128947682,-0.56,-0.30112258341463805,0,6,5,4,3,2,1,0,6,5,1,0,0,1,1,1,1,1,0,0,0,1,1,0,0,0,0,0,1,1,0,0,0,0,0,0,0,0,0,0,-0.17492889372031034,-0.0937709409855107,-0.18107158280344884,-0.18101228135467062,-0.1629017857142857,-0.1787793077781913,-0.17356903609973948,-0.16151842203200595,0.07291666666666667,0.16429315476190476,-0.8333333333333334,-0.3333333333333333,-1.0,-0.4166666666666667,-0.48,-0.6923076923076923,-0.38461538461538464,-0.6153846153846154,-0.46153846153846156,-0.38461538461538464
2,1,0,0,-0.1742491955666786,-0.08,-0.3091741399165288,1,0,6,5,4,3,2,1,0,6,1,1,0,0,1,1,1,1,1,0,0,0,1,1,0,0,0,0,0,1,0,0,0,0,0,0,0,0,0,0,-0.17120605185174156,-0.17492889372031034,-0.09544621982636665,-0.18101228135467062,-0.17927083333333332,-0.1646371417938221,-0.1787793077781913,-0.18235950874581316,-0.16145833333333334,0.08170386904761905,-0.5833333333333334,-0.8333333333333334,-0.3333333333333333,-1.0,-0.4,-0.46153846153846156,-0.6923076923076923,-0.38461538461538464,-0.6153846153846154,-0.46153846153846156
3,1,0,0,-0.16009712787510427,-0.32,-0.23071142523809596,2,1,0,6,5,4,3,2,1,0,1,1,1,0,0,1,1,1,1,1,0,0,0,1,1,0,0,0,0,0,0,0,0,0,0,0,0,0,0,0,-0.17418432534659659,-0.17120605185174156,-0.17660417256116628,-0.09541496092296241,-0.17927083333333332,-0.18101228135467062,-0.1646371417938221,-0.18756978042426498,-0.18229166666666666,-0.15267113095238094,-0.08333333333333333,-0.5833333333333334,-0.8333333333333334,-0.3333333333333333,-0.96,-0.38461538461538464,-0.46153846153846156,-0.6923076923076923,-0.38461538461538464,-0.6153846153846154
4,1,0,0,-0.14743475151948518,-0.72,-0.12943311874914862,3,2,1,0,6,5,4,3,2,1,1,1,1,1,0,0,1,1,1,1,0,0,0,0,1,1,0,0,0,0,0,0,0,0,0,0,0,0,0,0,-0.16003752624603518,-0.17418432534659659,-0.1728813306925975,-0.17654633420171195,-0.09370535714285715,-0.18101228135467062,-0.18101228135467062,-0.1734276144398958,-0.1875,-0.17350446428571428,-0.3333333333333333,-0.08333333333333333,-0.5833333333333334,-0.8333333333333334,-0.32,-0.9230769230769231,-0.38461538461538464,-0.46153846153846156,-0.6923076923076923,-0.38461538461538464
5,0,1,0,-0.1429656775116196,-0.56,-0.20987429056276952,4,3,2,1,0,6,5,4,3,2,1,1,1,1,1,0,0,1,1,1,0,0,0,0,0,1,1,0,0,0,0,0,0,0,0,0,0,0,0,0,-0.14737986389290128,-0.16003752624603518,-0.17585960418745253,-0.17282471157424636,-0.17480654761904763,-0.09541496092296241,-0.18101228135467062,-0.1898027540007443,-0.17336309523809523,-0.17871279761904763,-0.75,-0.3333333333333333,-0.08333333333333333,-0.5833333333333334,-0.8,-0.3076923076923077,-0.9230769230769231,-0.38461538461538464,-0.46153846153846156,-0.6923076923076923
6,0,1,0,-0.07443987605768085,0.0,0.24659839582111248,5,4,3,2,1,0,6,5,4,3,0,1,1,1,1,1,0,0,1,1,1,0,0,0,0,0,1,1,0,0,0,0,0,0,0,0,0,0,0,0,-0.14291245365061875,-0.14737986389290128,-0.16171280508689112,-0.17580200967621884,-0.17108630952380952,-0.17654633420171195,-0.09541496092296241,-0.1898027540007443,-0.18973214285714285,-0.16457589285714286,-0.5833333333333334,-0.75,-0.3333333333333333,-0.08333333333333333,-0.56,-0.7692307692307693,-0.3076923076923077,-0.9230769230769231,-0.38461538461538464,-0.46153846153846156
0,1,0,0,-0.16829043022285783,-0.24,-0.30905752354067423,6,5,4,3,2,1,0,6,5,4,0,0,1,1,1,1,1,0,0,1,1,1,0,0,0,0,0,1,1,0,0,0,0,0,0,0,0,0,0,0,-0.07441216326895299,-0.14291245365061875,-0.14905514273375725,-0.16165984369184966,-0.1740625,-0.17282471157424636,-0.17654633420171195,-0.1042054335690361,-0.18973214285714285,-0.18094494047619047,0.0,-0.5833333333333334,-0.75,-0.3333333333333333,-0.08,-0.5384615384615384,-0.7692307692307693,-0.3076923076923077,-0.9230769230769231,-0.38461538461538464
1,1,0,0,0.13933083065188895,-0.08,0.6865517693770423,0,6,5,4,3,2,1,0,6,5,1,0,0,1,1,1,1,1,0,0,0,1,1,0,0,0,0,0,1,1,0,0,0,0,0,0,0,0,0,0,-0.16822777835688651,-0.07441216326895299,-0.1445877324914747,-0.1490063267584667,-0.15992559523809524,-0.17580200967621884,-0.17282471157424636,-0.18533680684778564,-0.10416666666666667,-0.18094494047619047,-0.25,0.0,-0.5833333333333334,-0.75,-0.32,-0.07692307692307693,-0.5384615384615384,-0.7692307692307693,-0.3076923076923077,-0.9230769230769231
2,1,0,0,-0.17573888690263378,-0.16,-0.33599490104949714,1,0,6,5,4,3,2,1,0,6,1,1,0,0,1,1,1,1,1,0,0,0,1,1,0,0,0,0,0,1,0,0,0,0,0,0,0,0,0,0,0.1392789599868956,-0.16822777835688651,-0.07608744210980894,-0.144540379605508,-0.1472767857142857,-0.16165984369184966,-0.17580200967621884,-0.18161518422032005,-0.18526785714285715,-0.09537946428571428,-0.08333333333333333,-0.25,0.0,-0.5833333333333334,-0.72,-0.3076923076923077,-0.07692307692307693,-0.5384615384615384,-0.7692307692307693,-0.3076923076923077
3,1,0,0,-0.17946311524252176,-0.32,-0.3498933613614761,2,1,0,6,5,4,3,2,1,0,1,1,1,0,0,1,1,1,1,1,0,0,0,1,1,0,0,0,0,0,0,0,0,0,0,0,0,0,0,0,-0.1756734620940241,0.1392789599868956,-0.16990305719774249,-0.07606252326014142,-0.1428125,-0.1490063267584667,-0.16165984369184966,-0.18459248232229253,-0.18154761904761904,-0.17648065476190475,-0.16666666666666666,-0.08333333333333333,-0.25,0.0,-0.56,-0.6923076923076923,-0.3076923076923077,-0.07692307692307693,-0.5384615384615384,-0.7692307692307693
4,1,0,0,-0.17871826957454415,-0.4,-0.3482536949044173,3,2,1,0,6,5,4,3,2,1,1,1,1,1,0,0,1,1,1,1,0,0,0,0,1,1,0,0,0,0,0,0,0,0,0,0,0,0,0,0,-0.1793963039625929,-0.1756734620940241,0.13760368114603966,-0.16984741347227392,-0.07436011904761905,-0.144540379605508,-0.1490063267584667,-0.17045031633792335,-0.18452380952380953,-0.17276041666666667,-0.3333333333333333,-0.16666666666666666,-0.08333333333333333,-0.25,0.0,-0.5384615384615384,-0.6923076923076923,-0.3076923076923077,-0.07692307692307693,-0.5384615384615384
5,0,1,0,-0.17946311524252176,-0.8,-0.35110074297700494,4,3,2,1,0,6,5,4,3,2,1,1,1,1,1,0,0,1,1,1,0,0,0,0,0,1,1,0,0,0,0,0,0,0,0,0,0,0,0,0,-0.17865173558887915,-0.1793963039625929,-0.17734874093488007,0.13755861555638257,-0.16811011904761905,-0.07606252326014142,-0.144540379605508,-0.1577967994045404,-0.17038690476190477,-0.17573660714285713,-0.4166666666666667,-0.3333333333333333,-0.16666666666666666,-0.08333333333333333,-0.24,0.0,-0.5384615384615384,-0.6923076923076923,-0.3076923076923077,-0.07692307692307693
6,0,1,0,0.21530508878560364,1.28,1.4495908122380845,5,4,3,2,1,0,6,5,4,3,0,1,1,1,1,1,0,0,1,1,1,0,0,0,0,0,1,1,0,0,0,0,0,0,0,0,0,0,0,0,-0.1793963039625929,-0.17865173558887915,-0.18107158280344884,-0.17729065872720506,0.1391815476190476,-0.16984741347227392,-0.07606252326014142,-0.1533308522515817,-0.15773809523809523,-0.1615997023809524,-0.8333333333333334,-0.4166666666666667,-0.3333333333333333,-0.16666666666666666,-0.08,-0.23076923076923078,0.0,-0.5384615384615384,-0.6923076923076923,-0.3076923076923077
0,1,0,0,-0.17648373257061137,-0.48,-0.34319495694493246,6,5,4,3,2,1,0,6,5,4,0,0,1,1,1,1,1,0,0,1,1,1,0,0,0,0,0,1,1,0,0,0,0,0,0,0,0,0,0,0,0.21522493410569893,-0.1793963039625929,-0.1803270144297351,-0.18101228135467062,-0.17555059523809524,0.13755861555638257,-0.16984741347227392,-0.0848529959062151,-0.15327380952380953,-0.14895089285714286,1.3333333333333333,-0.8333333333333334,-0.4166666666666667,-0.3333333333333333,-0.16,-0.07692307692307693,-0.23076923076923078,0.0,-0.5384615384615384,-0.6923076923076923
1,1,0,0,-0.17946311524252176,-0.4,-0.35092581841322307,0,6,5,4,3,2,1,0,6,5,1,0,0,1,1,1,1,1,0,0,0,1,1,0,0,0,0,0,1,1,0,0,0,0,0,0,0,0,0,0,-0.17641803046773785,0.21522493410569893,-0.18107158280344884,-0.1802679568291775,-0.17927083333333332,-0.17729065872720506,0.13755861555638257,-0.1786378861183476,-0.08482142857142858,-0.14448660714285713,-0.5,1.3333333333333333,-0.8333333333333334,-0.4166666666666667,-0.32,-0.15384615384615385,-0.07692307692307693,-0.23076923076923078,0.0,-0.5384615384615384
2,1,0,0,-0.13849660350375403,0.64,0.008615537423049529,1,0,6,5,4,3,2,1,0,6,1,1,0,0,1,1,1,1,1,0,0,0,1,1,0,0,0,0,0,1,0,0,0,0,0,0,0,0,0,0,-0.1793963039625929,-0.17641803046773785,0.21354965526484299,-0.18101228135467062,-0.1785267857142857,-0.18101228135467062,-0.17729065872720506,0.12876814291030889,-0.17857142857142858,-0.07603422619047619,-0.4166666666666667,-0.5,1.3333333333333333,-0.8333333333333334,-0.4,-0.3076923076923077,-0.15384615384615385,-0.07692307692307693,-0.23076923076923078,0.0
3,1,0,0,-0.17946311524252176,-0.8,-0.3511238651894589,2,1,0,6,5,4,3,2,1,0,1,1,1,0,0,1,1,1,1,1,0,0,0,1,1,0,0,0,0,0,0,0,0,0,0,0,0,0,0,0,-0.1384450434083362,-0.1793963039625929,-0.17809330930859382,0.21347971715668032,-0.17927083333333332,-0.1802679568291775,-0.18101228135467062,-0.18608113137327875,0.12872023809523808,-0.1697842261904762,0.6666666666666666,-0.4166666666666667,-0.5,1.3333333333333333,-0.8,-0.38461538461538464,-0.3076923076923077,-0.15384615384615385,-0.07692307692307693,-0.23076923076923078
4,1,0,0,-0.13179299249195567,-0.08,-0.021395083714975505,3,2,1,0,6,5,4,3,2,1,1,1,1,1,0,0,1,1,1,1,0,0,0,0,1,1,0,0,0,0,0,0,0,0,0,0,0,0,0,0,-0.1793963039625929,-0.1384450434083362,-0.18107158280344884,-0.17803498325269818,0.21507440476190476,-0.18101228135467062,-0.1802679568291775,-0.1898027540007443,-0.18601190476190477,0.13750744047619048,-0.8333333333333334,0.6666666666666666,-0.4166666666666667,-0.5,1.28,-0.7692307692307693,-0.38461538461538464,-0.3076923076923077,-0.15384615384615385,-0.07692307692307693
5,0,1,0,-0.1273239184840901,-0.16,-0.03657330822059998,4,3,2,1,0,6,5,4,3,2,1,1,1,1,1,0,0,1,1,1,0,0,0,0,0,1,1,0,0,0,0,0,0,0,0,0,0,0,0,0,-0.13174392804491236,-0.1793963039625929,-0.14012032224919216,-0.18101228135467062,-0.17629464285714286,0.21347971715668032,-0.18101228135467062,-0.1890584294752512,-0.18973214285714285,-0.1772247023809524,-0.08333333333333333,-0.8333333333333334,0.6666666666666666,-0.4166666666666667,-0.48,1.2307692307692308,-0.7692307692307693,-0.38461538461538464,-0.3076923076923077,-0.15384615384615385
6,0,1,0,-0.14668990585150757,-0.24,-0.10782390324057807,5,4,3,2,1,0,6,5,4,3,0,1,1,1,1,1,0,0,1,1,1,0,0,0,0,0,1,1,0,0,0,0,0,0,0,0,0,0,0,0,-0.12727651780262983,-0.13174392804491236,-0.18107158280344884,-0.1400744324525493,-0.17927083333333332,-0.17803498325269818,0.21347971715668032,-0.1898027540007443,-0.18898809523809523,-0.18094494047619047,-0.16666666666666666,-0.08333333333333333,-0.8333333333333334,0.6666666666666666,-0.4,-0.46153846153846156,1.2307692307692308,-0.7692307692307693,-0.38461538461538464,-0.3076923076923077
0,1,0,0,-0.1727595042307234,0.16,-0.3044632404574378,6,5,4,3,2,1,0,6,5,4,0,0,1,1,1,1,1,0,0,1,1,1,0,0,0,0,0,1,1,0,0,0,0,0,0,0,0,0,0,0,-0.14663529551918753,-0.12727651780262983,-0.13341920688576833,-0.18101228135467062,-0.13834821428571428,-0.18101228135467062,-0.17803498325269818,0.20468924451060663,-0.18973214285714285,-0.18020089285714286,-0.25,-0.16666666666666666,-0.08333333333333333,-0.8333333333333334,0.64,-0.38461538461538464,-0.46153846153846156,1.2307692307692308,-0.7692307692307693,-0.38461538461538464
1,1,0,0,-0.17946311524252176,-0.64,-0.3493605451614509,0,6,5,4,3,2,1,0,6,5,1,0,0,1,1,1,1,1,0,0,0,1,1,0,0,0,0,0,1,1,0,0,0,0,0,0,0,0,0,0,-0.17269518859916907,-0.14663529551918753,-0.12895179664348577,-0.13337551172311127,-0.17927083333333332,-0.1400744324525493,-0.18101228135467062,-0.18682545589877186,0.20461309523809523,-0.18094494047619047,0.16666666666666666,-0.25,-0.16666666666666666,-0.08333333333333333,-0.8,0.6153846153846154,-0.38461538461538464,-0.46153846153846156,1.2307692307692308,-0.7692307692307693
2,1,0,0,-0.17797342390656656,-0.72,-0.3412054413603099,1,0,6,5,4,3,2,1,0,6,1,1,0,0,1,1,1,1,1,0,0,0,1,1,0,0,0,0,0,1,0,0,0,0,0,0,0,0,0,0,-0.1793963039625929,-0.17269518859916907,-0.1483105743600435,-0.1289095645701526,-0.1316517857142857,-0.18101228135467062,-0.1400744324525493,-0.1898027540007443,-0.18675595238095238,0.2134002976190476,-0.6666666666666666,0.16666666666666666,-0.25,-0.16666666666666666,-0.08,-0.7692307692307693,0.6153846153846154,-0.38461538461538464,-0.46153846153846156,1.2307692307692308
3,1,0,0,-0.16754558455488022,0.08,-0.2674395517507787,2,1,0,6,5,4,3,2,1,0,1,1,1,0,0,1,1,1,1,1,0,0,0,1,1,0,0,0,0,0,0,0,0,0,0,0,0,0,0,0,-0.17790716721516536,-0.1793963039625929,-0.17437046744002502,-0.14826200223297356,-0.1271875,-0.13337551172311127,-0.18101228135467062,-0.148864905098623,-0.18973214285714285,-0.17796875,-0.75,-0.6666666666666666,0.16666666666666666,-0.25,-0.16,-0.07692307692307693,-0.7692307692307693,0.6153846153846154,-0.38461538461538464,-0.46153846153846156
4,1,0,0,-0.16829043022285783,-0.32,-0.25545420319096585,3,2,1,0,6,5,4,3,2,1,1,1,1,1,0,0,1,1,1,1,0,0,0,0,1,1,0,0,0,0,0,0,0,0,0,0,0,0,0,0,-0.16748320998317276,-0.17790716721516536,-0.18107158280344884,-0.1743133606252326,-0.1465327380952381,-0.1289095645701526,-0.13337551172311127,-0.1898027540007443,-0.1488095238095238,-0.18094494047619047,0.08333333333333333,-0.75,-0.6666666666666666,0.16666666666666666,-0.24,-0.15384615384615385,-0.07692307692307693,-0.7692307692307693,0.6153846153846154,-0.38461538461538464
5,0,1,0,-0.16680073888690264,-0.32,-0.25136056627303616,4,3,2,1,0,6,5,4,3,2,1,1,1,1,1,0,0,1,1,1,0,0,0,0,0,1,1,0,0,0,0,0,0,0,0,0,0,0,0,0,-0.16822777835688651,-0.16748320998317276,-0.17958244605602133,-0.18101228135467062,-0.17257440476190475,-0.14826200223297356,-0.1289095645701526,-0.14216598436918496,-0.18973214285714285,-0.14002232142857143,-0.3333333333333333,0.08333333333333333,-0.75,-0.6666666666666666,0.16,-0.23076923076923078,-0.15384615384615385,-0.07692307692307693,-0.7692307692307693,0.6153846153846154
6,0,1,0,-0.1712698128947682,-0.4,-0.31392324129184807,5,4,3,2,1,0,6,5,4,3,0,1,1,1,1,1,0,0,1,1,1,0,0,0,0,0,1,1,0,0,0,0,0,0,0,0,0,0,0,0,-0.166738641609459,-0.16822777835688651,-0.1691584888240287,-0.1795236323036844,-0.17927083333333332,-0.1743133606252326,-0.14826200223297356,-0.13770003721622628,-0.14211309523809523,-0.18094494047619047,-0.3333333333333333,-0.3333333333333333,0.08333333333333333,-0.75,-0.64,0.15384615384615385,-0.23076923076923078,-0.15384615384615385,-0.07692307692307693,-0.7692307692307693
0,1,0,0,-0.17946311524252176,-0.4,-0.35095296188001684,6,5,4,3,2,1,0,6,5,4,0,0,1,1,1,1,1,0,0,1,1,1,0,0,0,0,0,1,1,0,0,0,0,0,0,0,0,0,0,0,-0.17120605185174156,-0.166738641609459,-0.16990305719774249,-0.1691030889467808,-0.1777827380952381,-0.18101228135467062,-0.1743133606252326,-0.15705247487904728,-0.13764880952380953,-0.13332589285714286,-0.4166666666666667,-0.3333333333333333,-0.3333333333333333,0.08333333333333333,-0.72,-0.6153846153846154,0.15384615384615385,-0.23076923076923078,-0.15384615384615385,-0.07692307692307693
1,1,0,0,-0.17946311524252176,-0.8,-0.3511449767747429,0,6,5,4,3,2,1,0,6,5,1,0,0,1,1,1,1,1,0,0,0,1,1,0,0,0,0,0,1,1,0,0,0,0,0,0,0,0,0,0,-0.1793963039625929,-0.17120605185174156,-0.16841392045031495,-0.16984741347227392,-0.16736607142857143,-0.1795236323036844,-0.18101228135467062,-0.18310383327130628,-0.15699404761904762,-0.12886160714285713,-0.4166666666666667,-0.4166666666666667,-0.3333333333333333,-0.3333333333333333,0.08,-0.6923076923076923,-0.6153846153846154,0.15384615384615385,-0.23076923076923078,-0.15384615384615385
2,1,0,0,-0.0684811107138601,-0.16,0.29053160479715534,1,0,6,5,4,3,2,1,0,6,1,1,0,0,1,1,1,1,1,0,0,0,1,1,0,0,0,0,0,1,0,0,0,0,0,0,0,0,0,0,-0.1793963039625929,-0.1793963039625929,-0.1728813306925975,-0.1683587644212877,-0.16811011904761905,-0.1691030889467808,-0.1795236323036844,-0.1898027540007443,-0.18303571428571427,-0.14820684523809524,-0.8333333333333334,-0.4166666666666667,-0.4166666666666667,-0.3333333333333333,-0.32,0.07692307692307693,-0.6923076923076923,-0.6153846153846154,0.15384615384615385,-0.23076923076923078
3,1,0,0,-0.13179299249195567,-0.24,-0.09312923456931613,2,1,0,6,5,4,3,2,1,0,1,1,1,0,0,1,1,1,1,1,0,0,0,1,1,0,0,0,0,0,0,0,0,0,0,0,0,0,0,0,-0.06845561627924292,-0.1793963039625929,-0.18107158280344884,-0.17282471157424636,-0.16662202380952382,-0.16984741347227392,-0.1691030889467808,-0.1883141049497581,-0.18973214285714285,-0.1742485119047619,-0.16666666666666666,-0.8333333333333334,-0.4166666666666667,-0.4166666666666667,-0.32,-0.3076923076923077,0.07692307692307693,-0.6923076923076923,-0.6153846153846154,0.15384615384615385
4,1,0,0,-0.12881360982004528,0.8,0.0432807604594082,3,2,1,0,6,5,4,3,2,1,1,1,1,1,0,0,1,1,1,1,0,0,0,0,1,1,0,0,0,0,0,0,0,0,0,0,0,0,0,0,-0.13174392804491236,-0.06845561627924292,-0.18107158280344884,-0.18101228135467062,-0.17108630952380952,-0.1683587644212877,-0.16984741347227392,-0.1778935615928545,-0.18824404761904762,-0.18094494047619047,-0.25,-0.16666666666666666,-0.8333333333333334,-0.4166666666666667,-0.4,-0.3076923076923077,-0.3076923076923077,0.07692307692307693,-0.6923076923076923,-0.6153846153846154
5,0,1,0,0.9720682874508402,0.4,3.602061697100022,4,3,2,1,0,6,5,4,3,2,1,1,1,1,1,0,0,1,1,1,0,0,0,0,0,1,1,0,0,0,0,0,0,0,0,0,0,0,0,0,-0.12876565455005734,-0.13174392804491236,-0.07013089512009887,-0.18101228135467062,-0.17927083333333332,-0.17282471157424636,-0.1683587644212877,-0.1786378861183476,-0.17782738095238096,-0.17945684523809524,0.8333333333333334,-0.25,-0.16666666666666666,-0.8333333333333334,-0.4,-0.38461538461538464,-0.3076923076923077,-0.3076923076923077,0.07692307692307693,-0.6923076923076923
6,0,1,0,0.543782028363723,0.48,6.845006280696622,5,4,3,2,1,0,6,5,4,3,0,1,1,1,1,1,0,0,1,1,1,0,0,0,0,0,1,1,0,0,0,0,0,0,0,0,0,0,0,0,0.9717064017988772,-0.12876565455005734,-0.13341920688576833,-0.0701079270561965,-0.17927083333333332,-0.18101228135467062,-0.17282471157424636,-0.17714923706736138,-0.17857142857142858,-0.16904017857142856,0.4166666666666667,0.8333333333333334,-0.25,-0.16666666666666666,-0.8,-0.38461538461538464,-0.38461538461538464,-0.3076923076923077,-0.3076923076923077,0.07692307692307693
0,0,0,1,0.3277767846502205,0.72,1.9759297768354638,6,5,4,3,2,1,0,6,5,4,0,0,1,1,1,1,1,0,0,1,1,1,0,0,0,0,0,1,1,0,0,0,0,0,0,0,0,0,0,0,0.5435795869134662,0.9717064017988772,-0.13044093339091328,-0.13337551172311127,-0.06840773809523809,-0.18101228135467062,-0.18101228135467062,-0.18161518422032005,-0.17708333333333334,-0.1697842261904762,0.5,0.4166666666666667,0.8333333333333334,-0.25,-0.16,-0.7692307692307693,-0.38461538461538464,-0.38461538461538464,-0.3076923076923077,-0.3076923076923077
1,1,0,0,-0.13477237516386606,0.08,-0.09316341523120453,0,6,5,4,3,2,1,0,6,5,0,0,0,1,1,1,1,1,0,0,0,1,1,0,0,0,0,0,1,1,1,0,0,0,0,0,0,0,0,0,0.3276547585364764,0.5435795869134662,0.9700311229580212,-0.13039821362113882,-0.1316517857142857,-0.0701079270561965,-0.18101228135467062,-0.1898027540007443,-0.18154761904761904,-0.16829613095238094,0.75,0.5,0.4166666666666667,0.8333333333333334,-0.24,-0.15384615384615385,-0.7692307692307693,-0.38461538461538464,-0.38461538461538464,-0.3076923076923077
2,1,0,0,-0.05060481468239781,-0.16,0.14734278026509115,1,0,6,5,4,3,2,1,0,6,1,0,0,0,1,1,1,1,1,0,0,0,1,1,0,0,0,0,0,1,0,1,0,0,0,0,0,0,0,0,-0.1347222015397674,0.3276547585364764,0.5419043080726103,0.9697134350576851,-0.12867559523809524,-0.13337551172311127,-0.0701079270561965,-0.1898027540007443,-0.18973214285714285,-0.17276041666666667,0.08333333333333333,0.75,0.5,0.4166666666666667,0.8,-0.23076923076923078,-0.15384615384615385,-0.7692307692307693,-0.38461538461538464,-0.38461538461538464
3,1,0,0,-0.06997080204981528,0.0,0.29233111611422175,2,1,0,6,5,4,3,2,1,0,1,1,0,0,0,1,1,1,1,1,0,0,0,1,1,0,0,0,0,0,0,0,1,0,0,0,0,0,0,0,-0.050585975310112725,-0.1347222015397674,0.32597947969562047,0.541726832899144,0.9710267857142857,-0.13039821362113882,-0.13337551172311127,-0.0788983997022702,-0.18973214285714285,-0.18094494047619047,-0.16666666666666666,0.08333333333333333,0.75,0.5,0.4,0.7692307692307693,-0.23076923076923078,-0.15384615384615385,-0.7692307692307693,-0.38461538461538464
4,1,0,0,-0.17946311524252176,-0.64,-0.3499848448977068,3,2,1,0,6,5,4,3,2,1,1,1,1,0,0,0,1,1,1,1,0,0,0,0,1,1,0,0,0,0,0,0,0,1,0,0,0,0,0,0,-0.06994475302667044,-0.050585975310112725,-0.13639748038062335,0.3258727205061407,0.5431994047619048,0.9697134350576851,-0.13039821362113882,-0.14216598436918496,-0.07886904761904762,-0.18094494047619047,0.0,-0.16666666666666666,0.08333333333333333,0.75,0.48,0.38461538461538464,0.7692307692307693,-0.23076923076923078,-0.15384615384615385,-0.7692307692307693
5,0,1,0,-0.17946311524252176,-0.56,-0.35082126580038797,4,3,2,1,0,6,5,4,3,2,1,1,1,1,0,0,0,1,1,1,0,0,0,0,0,1,1,0,0,0,0,0,0,0,1,0,0,0,0,0,-0.1793963039625929,-0.06994475302667044,-0.05226125415096868,-0.13635280982508374,0.3274255952380952,0.541726832899144,0.9697134350576851,-0.1391886862672125,-0.14211309523809523,-0.07008184523809524,-0.6666666666666666,0.0,-0.16666666666666666,0.08333333333333333,0.72,0.46153846153846156,0.38461538461538464,0.7692307692307693,-0.23076923076923078,-0.15384615384615385
6,0,1,0,0.6003902991300203,0.88,3.7933055163064378,5,4,3,2,1,0,6,5,4,3,0,1,1,1,1,0,0,0,1,1,1,0,0,0,0,0,1,1,0,0,0,0,0,0,0,1,0,0,0,0,-0.1793963039625929,-0.1793963039625929,-0.0716200318675264,-0.05224413844436174,-0.1346279761904762,0.3258727205061407,0.541726832899144,0.9609229624116115,-0.13913690476190477,-0.13332589285714286,-0.5833333333333334,-0.6666666666666666,0.0,-0.16666666666666666,0.08,0.6923076923076923,0.46153846153846156,0.38461538461538464,0.7692307692307693,-0.23076923076923078
0,1,0,0,-0.1437105231795972,-0.32,-0.258053944121655,6,5,4,3,2,1,0,6,5,4,0,0,1,1,1,1,0,0,0,1,1,1,0,0,0,0,0,1,1,0,0,0,0,0,0,0,1,0,0,0,0.6001667833157118,-0.1793963039625929,-0.18107158280344884,-0.07159657610718273,-0.050550595238095235,-0.13635280982508374,0.3258727205061407,0.5329363602530703,0.9605654761904762,-0.1303497023809524,0.9166666666666666,-0.5833333333333334,-0.6666666666666666,0.0,-0.16,0.07692307692307693,0.6923076923076923,0.46153846153846156,0.38461538461538464,0.7692307692307693
1,1,0,0,-0.08859194374925515,0.08,0.060930045756847816,0,6,5,4,3,2,1,0,6,5,1,0,0,1,1,1,1,0,0,0,0,1,1,0,0,0,0,0,1,1,0,0,0,0,0,0,0,1,0,0,-0.1436570220243325,0.6001667833157118,-0.18107158280344884,-0.18101228135467062,-0.06989583333333334,-0.05224413844436174,-0.13635280982508374,0.317082247860067,0.5327380952380952,0.9693526785714285,-0.3333333333333333,0.9166666666666666,-0.5833333333333334,-0.6666666666666666,0.0,-0.15384615384615385,0.07692307692307693,0.6923076923076923,0.46153846153846156,0.38461538461538464
2,1,0,0,-0.17946311524252176,-1.04,-0.35118116806380123,1,0,6,5,4,3,2,1,0,6,1,1,0,0,1,1,1,1,0,0,0,0,1,1,0,0,0,0,0,1,0,0,0,0,0,0,0,0,1,0,-0.0885589623695144,-0.1436570220243325,0.5984915044748559,-0.18101228135467062,-0.17927083333333332,-0.07159657610718273,-0.05224413844436174,-0.14514328247115743,0.3169642857142857,0.5415252976190476,0.08333333333333333,-0.3333333333333333,0.9166666666666666,-0.5833333333333334,-0.64,0.0,-0.15384615384615385,0.07692307692307693,0.6923076923076923,0.46153846153846156
3,1,0,0,-0.16978012155881303,-0.4,-0.29366215130069984,2,1,0,6,5,4,3,2,1,0,1,1,1,0,0,1,1,1,1,0,0,0,0,1,1,0,0,0,0,0,0,0,0,0,0,0,0,0,0,1,-0.1793963039625929,-0.0885589623695144,-0.14533230086518845,0.5982954968366208,-0.17927083333333332,-0.18101228135467062,-0.07159657610718273,-0.06103461109043543,-0.14508928571428573,0.3257514880952381,-1.0833333333333333,0.08333333333333333,-0.3333333333333333,0.9166666666666666,-0.56,-0.6153846153846154,0.0,-0.15384615384615385,0.07692307692307693,0.6923076923076923
4,1,0,0,-0.05730842569419616,0.24,0.4222387428754683,3,2,1,0,6,5,4,3,2,1,1,1,1,1,0,0,1,1,1,1,0,0,0,0,1,1,0,0,0,0,0,0,0,0,0,0,0,0,0,0,-0.16971691510431403,-0.1793963039625929,-0.09023424121037035,-0.1452847041310011,0.5997470238095237,-0.18101228135467062,-0.18101228135467062,-0.08038704875325642,-0.06101190476190476,-0.13630208333333332,-0.4166666666666667,-1.0833333333333333,0.08333333333333333,-0.3333333333333333,0.88,-0.5384615384615384,-0.6153846153846154,0.0,-0.15384615384615385,0.07692307692307693
5,0,1,0,-0.15413836253128352,-0.32,-0.21004820981296643,4,3,2,1,0,6,5,4,3,2,1,1,1,1,1,0,0,1,1,1,0,0,0,0,0,1,1,0,0,0,0,0,0,0,0,0,0,0,0,0,-0.05728709067353655,-0.16971691510431403,-0.18107158280344884,-0.09020468924451061,-0.14355654761904763,0.5982954968366208,-0.18101228135467062,-0.1898027540007443,-0.08035714285714286,-0.05222470238095238,0.25,-0.4166666666666667,-1.0833333333333333,0.08333333333333333,-0.32,0.8461538461538461,-0.5384615384615384,-0.6153846153846154,0.0,-0.15384615384615385
6,0,1,0,0.16912465737099275,0.88,0.7627434806670658,5,4,3,2,1,0,6,5,4,3,0,1,1,1,1,1,0,0,1,1,1,0,0,0,0,0,1,1,0,0,0,0,0,0,0,0,0,0,0,0,-0.1540809792563251,-0.05728709067353655,-0.17139219394517,-0.18101228135467062,-0.0884970238095238,-0.1452847041310011,0.5982954968366208,-0.1898027540007443,-0.18973214285714285,-0.07156994047619047,-0.3333333333333333,0.25,-0.4166666666666667,-1.0833333333333333,0.08,-0.3076923076923077,0.8461538461538461,-0.5384615384615384,-0.6153846153846154,0.0
0,1,0,0,0.17955249672267906,-0.08,0.6223222844343779,6,5,4,3,2,1,0,6,5,4,0,0,1,1,1,1,1,0,0,1,1,1,0,0,0,0,0,1,1,0,0,0,0,0,0,0,0,0,0,0,0.16906169493544593,-0.1540809792563251,-0.05896236951439251,-0.17133606252326014,-0.17927083333333332,-0.09020468924451061,-0.1452847041310011,0.5895050241905471,-0.18973214285714285,-0.18094494047619047,0.9166666666666666,-0.3333333333333333,0.25,-0.4166666666666667,-1.04,0.07692307692307693,-0.3076923076923077,0.8461538461538461,-0.5384615384615384,-0.6153846153846154
1,1,0,0,-0.06922595638183768,-0.16,0.4656894013307336,0,6,5,4,3,2,1,0,6,5,1,0,0,1,1,1,1,1,0,0,0,1,1,0,0,0,0,0,1,1,0,0,0,0,0,0,0,0,0,0,0.17948565216743856,0.16906169493544593,-0.15575625809718108,-0.05894305917379977,-0.16959821428571428,-0.18101228135467062,-0.09020468924451061,-0.1540751767770748,0.5892857142857143,-0.18094494047619047,-0.08333333333333333,0.9166666666666666,-0.3333333333333333,0.25,-0.4,-1.0,0.07692307692307693,-0.3076923076923077,0.8461538461538461,-0.5384615384615384
2,1,0,0,-0.1593522822071267,-0.08,-0.1449300276612033,1,0,6,5,4,3,2,1,0,6,1,1,0,0,1,1,1,1,1,0,0,0,1,1,0,0,0,0,0,1,0,0,0,0,0,0,0,0,0,0,-0.06920018465295669,0.17948565216743856,0.16738641609458998,-0.15570524748790474,-0.05724702380952381,-0.17133606252326014,-0.18101228135467062,-0.0989951618905843,-0.15401785714285715,0.5980729166666666,-0.16666666666666666,-0.08333333333333333,0.9166666666666666,-0.3333333333333333,0.24,-0.38461538461538464,-1.0,0.07692307692307693,-0.3076923076923077,0.8461538461538461
3,1,0,0,-0.17797342390656656,0.08,-0.3427475923996282,2,1,0,6,5,4,3,2,1,0,1,1,1,0,0,1,1,1,1,1,0,0,0,1,1,0,0,0,0,0,0,0,0,0,0,0,0,0,0,0,-0.15929295787232142,-0.06920018465295669,0.1778103733265826,0.1673315965761072,-0.15397321428571428,-0.05894305917379977,-0.17133606252326014,-0.1898027540007443,-0.09895833333333333,-0.14523065476190475,-0.08333333333333333,-0.16666666666666666,-0.08333333333333333,0.9166666666666666,-0.32,0.23076923076923078,-0.38461538461538464,-1.0,0.07692307692307693,-0.3076923076923077
4,1,0,0,-0.08039864140150162,1.28,0.5372868295375206,3,2,1,0,6,5,4,3,2,1,1,1,1,1,0,0,1,1,1,1,0,0,0,0,1,1,0,0,0,0,0,0,0,0,0,0,0,0,0,0,-0.17790716721516536,-0.15929295787232142,-0.07087546349381264,0.17775213993301078,0.16894345238095237,-0.15570524748790474,-0.05894305917379977,-0.18012653516933383,-0.18973214285714285,-0.09017113095238095,0.08333333333333333,-0.08333333333333333,-0.16666666666666666,-0.08333333333333333,0.88,-0.3076923076923077,0.23076923076923078,-0.38461538461538464,-1.0,0.07692307692307693
5,0,1,0,0.1147509236086283,1.92,1.852249062419418,4,3,2,1,0,6,5,4,3,2,1,1,1,1,1,0,0,1,1,1,0,0,0,0,0,1,1,0,0,0,0,0,0,0,0,0,0,0,0,0,-0.08036871025866306,-0.17790716721516536,-0.16096823671317737,-0.07085225158168962,0.17936011904761906,0.1673315965761072,-0.15570524748790474,-0.06773353181987346,-0.1800595238095238,-0.18094494047619047,1.3333333333333333,0.08333333333333333,-0.08333333333333333,-0.16666666666666666,-0.08,0.8461538461538461,-0.3076923076923077,0.23076923076923078,-0.38461538461538464,-1.0
6,0,1,0,3.7972679060898584,7.28,12.815004707380862,5,4,3,2,1,0,6,5,4,3,0,1,1,1,1,1,0,0,1,1,1,0,0,0,0,0,1,1,0,0,0,0,0,0,0,0,0,0,0,0,0.11470820365434159,-0.08036871025866306,-0.17958244605602133,-0.16091551916635652,-0.06915178571428571,0.17775213993301078,0.1673315965761072,-0.16449572013397842,-0.06770833333333333,-0.17127232142857143,2.0,1.3333333333333333,0.08333333333333333,-0.08333333333333333,-0.16,-0.07692307692307693,0.8461538461538461,-0.3076923076923077,0.23076923076923078,-0.38461538461538464
0,1,0,0,0.18774579907043262,0.4,-0.06506590584534558,6,5,4,3,2,1,0,6,5,4,0,0,1,1,1,1,1,0,0,1,1,1,0,0,0,0,0,1,1,0,0,0,0,0,0,0,0,0,0,0,3.795854243295162,0.11470820365434159,-0.08204398909951902,-0.1795236323036844,-0.15918154761904763,-0.07085225158168962,0.17775213993301078,0.1585411239300335,-0.1644345238095238,-0.058921130952380954,7.583333333333333,2.0,1.3333333333333333,0.08333333333333333,-0.08,-0.15384615384615385,-0.07692307692307693,0.8461538461538461,-0.3076923076923077,0.23076923076923078
1,1,0,0,0.8238439995232988,1.68,2.3870356770711596,0,6,5,4,3,2,1,0,6,5,1,0,0,1,1,1,1,1,0,0,0,1,1,0,0,0,0,0,1,1,0,0,0,0,0,0,0,0,0,0,0.1876759042782899,3.795854243295162,0.11303292481348563,-0.08201711946408634,-0.1777827380952381,-0.16091551916635652,-0.07085225158168962,0.1689616672869371,0.15848214285714285,-0.15564732142857143,0.4166666666666667,7.583333333333333,2.0,1.3333333333333333,0.08,-0.07692307692307693,-0.15384615384615385,-0.07692307692307693,0.8461538461538461,-0.3076923076923077
2,1,0,0,-0.03794243832677869,1.2,-0.046487710795409136,1,0,6,5,4,3,2,1,0,6,1,1,0,0,1,1,1,1,1,0,0,0,1,1,0,0,0,0,0,1,0,0,0,0,0,0,0,0,0,0,0.8235372954298393,0.1876759042782899,3.7941789644543062,0.11299590621510978,-0.0803125,-0.1795236323036844,-0.16091551916635652,-0.0796427242277633,0.16889880952380953,0.16726934523809525,1.75,0.4166666666666667,7.583333333333333,2.0,1.28,0.07692307692307693,-0.07692307692307693,-0.15384615384615385,-0.07692307692307693,0.8461538461538461
3,0,0,1,2.5235818138481707,1.36,11.128508732907784,2,1,0,6,5,4,3,2,1,0,1,1,1,0,0,1,1,1,1,1,0,0,0,1,1,0,0,0,0,0,0,0,0,0,0,0,0,0,0,0,-0.03792831295697884,0.8235372954298393,0.18600062543743393,3.7929363602530706,0.1146279761904762,-0.08201711946408634,-0.1795236323036844,-0.1697059918124302,-0.07961309523809523,0.1776860119047619,1.25,1.75,0.4166666666666667,7.583333333333333,1.92,1.2307692307692308,0.07692307692307693,-0.07692307692307693,-0.15384615384615385,-0.07692307692307693
4,0,0,1,2.0513496603503754,2.8,14.292378365852715,3,2,1,0,6,5,4,3,2,1,0,1,1,1,0,0,1,1,1,1,0,0,0,0,1,1,0,0,0,0,1,0,0,0,0,0,0,0,0,0,2.5226423242446354,-0.03792831295697884,0.8218620165889834,0.18593970971343507,3.793199404761905,0.11299590621510978,-0.08201711946408634,-0.1883141049497581,-0.16964285714285715,-0.07082589285714286,1.4166666666666667,1.25,1.75,0.4166666666666667,7.28,1.8461538461538463,1.2307692307692308,0.07692307692307693,-0.07692307692307693,-0.15384615384615385
5,0,1,0,2.0513496603503754,2.8,14.292378365852715,4,3,2,1,0,6,5,4,3,2,0,0,1,1,1,0,0,1,1,1,0,0,0,0,0,1,1,0,0,0,1,1,0,0,0,0,0,0,0,0,2.0505859753101126,2.5226423242446354,-0.03960359179783479,0.8215928544845552,0.18754464285714287,3.7929363602530706,0.11299590621510978,-0.09080759211016003,-0.18824404761904762,-0.16085565476190475,2.9166666666666665,1.4166666666666667,1.25,1.75,0.4,7.0,1.8461538461538463,1.2307692307692308,0.07692307692307693,-0.07692307692307693
6,0,1,0,3.7272524132999645,6.56,13.502333584159073,5,4,3,2,1,0,6,5,4,3,0,0,0,1,1,1,0,0,1,1,1,0,0,0,0,0,1,1,0,0,0,1,1,0,0,0,0,0,0,0,2.0505859753101126,2.0505859753101126,2.5209670454037796,-0.039590621510978787,0.8229613095238095,0.18593970971343507,3.7929363602530706,0.1042054335690361,-0.09077380952380952,-0.17945684523809524,2.9166666666666665,2.9166666666666665,1.4166666666666667,1.25,1.68,0.38461538461538464,7.0,1.8461538461538463,1.2307692307692308,0.07692307692307693
0,1,0,0,-0.1705249672267906,-0.08,-0.339138516629646,6,5,4,3,2,1,0,6,5,4,0,0,0,0,1,1,1,0,0,1,1,1,0,0,0,0,0,1,1,0,0,0,1,1,0,0,0,0,0,0,3.725864816166069,2.0505859753101126,2.0489106964692567,2.5201414216598437,-0.037901785714285714,0.8215928544845552,0.18593970971343507,3.7841458876069964,0.10416666666666667,-0.08198660714285715,6.833333333333333,2.9166666666666665,2.9166666666666665,1.4166666666666667,1.2,1.6153846153846154,0.38461538461538464,7.0,1.8461538461538463,1.2307692307692308
1,1,0,0,-0.15190382552735074,-0.88,-0.32766587799815927,0,6,5,4,3,2,1,0,6,5,1,0,0,0,0,1,1,1,0,0,0,1,1,0,0,0,0,0,1,1,0,0,0,1,1,0,0,0,0,0,-0.17046148347802778,3.725864816166069,2.0489106964692567,2.0482396724972087,2.520877976190476,-0.039590621510978787,0.8215928544845552,0.17714923706736138,3.7827380952380953,0.11295386904761905,-0.08333333333333333,6.833333333333333,2.9166666666666665,2.9166666666666665,1.36,1.1538461538461537,1.6153846153846154,0.38461538461538464,7.0,1.8461538461538463
2,1,0,0,0.6957305446311524,0.56,0.16051540416873383,1,0,6,5,4,3,2,1,0,6,1,1,0,0,0,0,1,1,1,0,0,0,1,1,0,0,0,0,0,1,0,0,0,0,1,1,0,0,0,0,-0.15184727413518384,-0.17046148347802778,3.724189537325213,2.0482396724972087,2.049151785714286,2.5201414216598437,-0.039590621510978787,0.8128023818384815,0.17708333333333334,3.791525297619048,-0.9166666666666666,-0.08333333333333333,6.833333333333333,2.9166666666666665,2.8,1.3076923076923077,1.1538461538461537,1.6153846153846154,0.38461538461538464,7.0
3,1,0,0,-0.040921820998689074,-0.4,-0.23046009684185764,2,1,0,6,5,4,3,2,1,0,1,1,1,0,0,0,0,1,1,1,0,0,0,1,1,0,0,0,0,0,0,0,0,0,0,1,1,0,0,0,0.695471535151073,-0.15184727413518384,-0.17213676231888375,3.722969854856718,2.049151785714286,2.0482396724972087,2.5201414216598437,-0.048381094157052475,0.8125,0.18587053571428572,0.5833333333333334,-0.9166666666666666,-0.08333333333333333,6.833333333333333,2.8,2.6923076923076925,1.3076923076923077,1.1538461538461537,1.6153846153846154,0.38461538461538464
4,1,0,0,-0.12881360982004528,-0.08,-0.19188621458720065,3,2,1,0,6,5,4,3,2,1,1,1,1,1,0,0,0,0,1,1,0,0,0,0,1,1,0,0,0,0,0,0,0,0,0,0,1,1,0,0,-0.04090658645183387,0.695471535151073,-0.15352255297603978,-0.17208038704875325,3.723258928571429,2.0482396724972087,2.0482396724972087,2.51135094901377,-0.04836309523809524,0.8212872023809523,-0.4166666666666667,0.5833333333333334,-0.9166666666666666,-0.08333333333333333,6.56,2.6923076923076925,2.6923076923076925,1.3076923076923077,1.1538461538461537,1.6153846153846154
5,0,1,0,0.5296299606721487,-0.16,0.40270147866548645,4,3,2,1,0,6,5,4,3,2,1,1,1,1,1,0,0,0,0,1,0,0,0,0,0,1,1,0,0,0,0,0,0,0,0,0,0,1,1,0,-0.12876565455005734,-0.04090658645183387,0.6937962563102169,-0.15347227391142537,-0.1703422619047619,3.722969854856718,2.0482396724972087,2.039449199851135,2.5104166666666665,-0.03957589285714286,-0.08333333333333333,-0.4166666666666667,0.5833333333333334,-0.9166666666666666,-0.08,6.3076923076923075,2.6923076923076925,2.6923076923076925,1.3076923076923077,1.1538461538461537
6,0,1,0,2.528050887856036,4.72,10.197202312824434,5,4,3,2,1,0,6,5,4,3,0,1,1,1,1,1,0,0,0,0,1,0,0,0,0,0,1,1,0,0,0,0,0,0,0,0,0,0,1,1,0.5294327878129048,-0.12876565455005734,-0.04258186529268983,0.6935690360997394,-0.15174107142857143,-0.17208038704875325,3.722969854856718,2.039449199851135,2.0386904761904763,2.519203869047619,-0.16666666666666666,-0.08333333333333333,-0.4166666666666667,0.5833333333333334,-0.88,-0.07692307692307693,6.3076923076923075,2.6923076923076925,2.6923076923076925,1.3076923076923077
0,1,0,0,-0.16978012155881303,-0.16,-0.3381553199435617,6,5,4,3,2,1,0,6,5,4,0,0,1,1,1,1,1,0,0,0,1,1,0,0,0,0,0,1,1,0,0,0,0,0,0,0,0,0,0,1,2.527109734486918,0.5294327878129048,-0.13044093339091328,-0.04256791961295125,0.6949851190476191,-0.15347227391142537,-0.17208038704875325,3.7141793822106437,2.0386904761904763,2.0474776785714286,4.916666666666667,-0.16666666666666666,-0.08333333333333333,-0.4166666666666667,0.56,-0.8461538461538461,-0.07692307692307693,6.3076923076923075,2.6923076923076925,2.6923076923076925
1,1,0,0,-0.17946311524252176,-0.72,-0.3511238651894589,0,6,5,4,3,2,1,0,6,5,1,0,0,1,1,1,1,1,0,0,0,1,1,0,0,0,0,0,1,1,0,0,0,0,0,0,0,0,0,0,-0.16971691510431403,2.527109734486918,0.5277575089720489,-0.13039821362113882,-0.04087797619047619,0.6935690360997394,-0.15347227391142537,-0.18087085969482694,3.712797619047619,2.0474776785714286,-0.16666666666666666,4.916666666666667,-0.16666666666666666,-0.08333333333333333,-0.4,0.5384615384615384,-0.8461538461538461,-0.07692307692307693,6.3076923076923075,2.6923076923076925
2,1,0,0,0.2048772494339173,-0.08,0.4128883212218179,1,0,6,5,4,3,2,1,0,6,1,1,0,0,1,1,1,1,1,0,0,0,1,1,0,0,0,0,0,1,0,0,0,0,0,0,0,0,0,0,-0.1793963039625929,-0.16971691510431403,2.525434455646062,0.5275846669147748,-0.12867559523809524,-0.04256791961295125,0.6935690360997394,-0.16226274655749906,-0.18080357142857142,3.721584821428572,-0.75,-0.16666666666666666,4.916666666666667,-0.16666666666666666,-0.08,-0.38461538461538464,0.5384615384615384,-0.8461538461538461,-0.07692307692307693,6.3076923076923075
3,0,0,1,-0.10274401144082947,0.0,-0.25339632628256653,2,1,0,6,5,4,3,2,1,0,1,1,1,0,0,1,1,1,1,1,0,0,0,1,1,0,0,0,0,0,0,0,0,0,0,0,0,0,0,0,0.20480097687370633,-0.1793963039625929,-0.17139219394517,2.524607368812802,0.5290625,-0.13039821362113882,-0.04256791961295125,0.6847785634536658,-0.16220238095238096,-0.17201636904761905,-0.08333333333333333,-0.75,-0.16666666666666666,4.916666666666667,-0.16,-0.07692307692307693,-0.38461538461538464,0.5384615384615384,-0.8461538461538461,-0.07692307692307693
4,1,0,0,0.021645215111428914,0.24,0.0760630311511494,3,2,1,0,6,5,4,3,2,1,0,1,1,1,0,0,1,1,1,1,0,0,0,0,1,1,0,0,0,0,1,0,0,0,0,0,0,0,0,0,-0.1027057614700758,0.20480097687370633,-0.18107158280344884,-0.17133606252326014,2.525342261904762,0.5275846669147748,-0.13039821362113882,-0.051358392259024936,0.6845238095238095,-0.15341517857142856,0.0,-0.08333333333333333,-0.75,-0.16666666666666666,4.72,-0.15384615384615385,-0.07692307692307693,-0.38461538461538464,0.5384615384615384,-0.8461538461538461
5,0,1,0,0.2048772494339173,0.0,-0.08833187814191912,4,3,2,1,0,6,5,4,3,2,1,0,1,1,1,0,0,1,1,1,0,0,0,0,0,1,1,0,0,0,0,1,0,0,0,0,0,0,0,0,0.021637156940121815,-0.1027057614700758,0.20312569803285035,-0.18101228135467062,-0.16959821428571428,2.524607368812802,0.5275846669147748,-0.1391886862672125,-0.05133928571428571,0.6933110119047619,0.25,0.0,-0.08333333333333333,-0.75,-0.16,4.538461538461538,-0.15384615384615385,-0.07692307692307693,-0.38461538461538464,0.5384615384615384
6,0,1,0,-0.031238827314980337,-0.32,-0.17375236814181355,5,4,3,2,1,0,6,5,4,3,0,1,0,1,1,1,0,0,1,1,1,0,0,0,0,0,1,1,0,0,0,0,1,0,0,0,0,0,0,0,0.20480097687370633,0.021637156940121815,-0.10438104031093176,0.2030591737997767,-0.17927083333333332,-0.17133606252326014,2.524607368812802,0.5187941942687011,-0.13913690476190477,-0.04255208333333333,0.0,0.25,0.0,-0.08333333333333333,-0.72,-0.15384615384615385,4.538461538461538,-0.15384615384615385,-0.07692307692307693,-0.38461538461538464
0,1,0,0,-0.17946311524252176,-0.56,-0.351120849248704,6,5,4,3,2,1,0,6,5,4,0,0,1,0,1,1,1,0,0,1,1,1,0,0,0,0,0,1,1,0,0,0,0,1,0,0,0,0,0,0,-0.031227197593555016,0.20480097687370633,0.01996187809926586,-0.10434685522887979,0.2046577380952381,-0.18101228135467062,-0.17133606252326014,2.515816896166729,0.5186011904761905,-0.1303497023809524,-0.3333333333333333,0.0,0.25,0.0,-0.08,-0.6923076923076923,-0.15384615384615385,4.538461538461538,-0.15384615384615385,-0.07692307692307693
1,1,0,0,-0.02751459897509236,-0.72,-0.11344863274839162,0,6,5,4,3,2,1,0,6,5,1,0,0,1,0,1,1,1,0,0,0,1,1,0,0,0,0,0,1,1,0,0,0,0,1,0,0,0,0,0,-0.1793963039625929,-0.031227197593555016,0.20312569803285035,0.019955340528470415,-0.10263392857142857,0.2030591737997767,-0.18101228135467062,-0.18012653516933383,2.5148809523809526,0.5273883928571428,-0.5833333333333334,-0.3333333333333333,0.0,0.25,0.0,-0.07692307692307693,-0.6923076923076923,-0.15384615384615385,4.538461538461538,-0.15384615384615385
2,1,0,0,-0.17871826957454415,-0.4,-0.34958271946372554,1,0,6,5,4,3,2,1,0,6,1,1,0,0,1,0,1,1,1,0,0,0,1,1,0,0,0,0,0,1,0,0,0,0,0,1,0,0,0,0,-0.027504355724986225,-0.1793963039625929,-0.03290247643441097,0.2030591737997767,0.02162202380952381,-0.10434685522887979,0.2030591737997767,-0.1898027540007443,-0.1800595238095238,2.523668154761905,-0.75,-0.5833333333333334,-0.3333333333333333,0.0,0.24,0.0,-0.07692307692307693,-0.6923076923076923,-0.15384615384615385,4.538461538461538
3,1,0,0,-0.1437105231795972,-0.48,-0.2579906093658029,2,1,0,6,5,4,3,2,1,0,1,1,1,0,0,1,0,1,1,1,0,0,0,1,1,0,0,0,0,0,0,0,0,0,0,0,1,0,0,0,-0.17865173558887915,-0.027504355724986225,-0.18107158280344884,-0.03289170078154075,0.2046577380952381,0.019955340528470415,-0.10434685522887979,0.194268701153703,-0.18973214285714285,-0.17127232142857143,-0.4166666666666667,-0.75,-0.5833333333333334,-0.3333333333333333,0.0,0.23076923076923078,0.0,-0.07692307692307693,-0.6923076923076923,-0.15384615384615385
4,1,0,0,0.6905166249553093,1.44,1.8454802860519275,3,2,1,0,6,5,4,3,2,1,1,1,1,1,0,0,1,0,1,1,0,0,0,0,1,1,0,0,0,0,0,0,0,0,0,0,0,1,0,0,-0.1436570220243325,-0.17865173558887915,-0.02917963456584218,-0.18101228135467062,-0.031205357142857142,0.2030591737997767,0.019955340528470415,-0.11313732787495348,0.19419642857142858,-0.18094494047619047,-0.5,-0.4166666666666667,-0.75,-0.5833333333333334,-0.32,0.0,0.23076923076923078,0.0,-0.07692307692307693,-0.6923076923076923
5,0,1,0,-0.07518472172565845,0.0,-0.2879549860789201,4,3,2,1,0,6,5,4,3,2,1,1,1,1,1,0,0,1,0,1,0,0,0,0,0,1,1,0,0,0,0,0,0,0,0,0,0,0,1,0,0.6902595565350766,-0.1436570220243325,-0.1803270144297351,-0.029170078154075175,-0.17927083333333332,-0.03289170078154075,0.2030591737997767,0.011164867882396725,-0.1130952380952381,0.20298363095238095,1.5,-0.5,-0.4166666666666667,-0.75,-0.56,-0.3076923076923077,0.0,0.23076923076923078,0.0,-0.07692307692307693
6,0,1,0,2.5950869979740196,4.08,11.753007521253586,5,4,3,2,1,0,6,5,4,3,0,1,1,1,1,1,0,0,1,0,1,0,0,0,0,0,1,1,0,0,0,0,0,0,0,0,0,0,0,1,-0.07515673164266674,0.6902595565350766,-0.14533230086518845,-0.1802679568291775,-0.027485119047619046,-0.18101228135467062,-0.03289170078154075,0.194268701153703,0.011160714285714286,-0.10430803571428571,0.0,1.5,-0.5,-0.4166666666666667,-0.72,-0.5384615384615384,-0.3076923076923077,0.0,0.23076923076923078,0.0
0,1,0,0,-0.1593522822071267,-0.08,-0.307922524503262,6,5,4,3,2,1,0,6,5,4,0,0,1,1,1,1,1,0,0,1,1,1,0,0,0,0,0,1,1,0,0,0,0,0,0,0,0,0,0,0,2.5941208881211564,-0.07515673164266674,0.6885842776942206,-0.1452847041310011,-0.1785267857142857,-0.029170078154075175,-0.18101228135467062,-0.04168217342761444,0.19419642857142858,0.01994791666666667,4.25,0.0,1.5,-0.5,-0.4,-0.6923076923076923,-0.5384615384615384,-0.3076923076923077,0.0,0.23076923076923078
1,1,0,0,0.018665832439518533,0.64,0.2411978512427435,0,6,5,4,3,2,1,0,6,5,1,0,0,1,1,1,1,1,0,0,0,1,1,0,0,0,0,0,1,1,0,0,0,0,0,0,0,0,0,0,-0.15929295787232142,2.5941208881211564,-0.0768320104835227,0.6883587644212876,-0.14355654761904763,-0.1802679568291775,-0.029170078154075175,-0.1898027540007443,-0.041666666666666664,0.20298363095238095,-0.08333333333333333,4.25,0.0,1.5,-0.48,-0.38461538461538464,-0.6923076923076923,-0.5384615384615384,-0.3076923076923077,0.0
2,1,0,0,-0.02602490763913717,1.04,0.0,1,0,6,5,4,3,2,1,0,6,1,1,0,0,1,1,1,1,1,0,0,0,1,1,0,0,0,0,0,1,0,0,0,0,0,0,0,0,0,0,0.018658883445266783,-0.15929295787232142,2.5924456092803,-0.07680684778563454,0.6897767857142857,-0.1452847041310011,-0.1802679568291775,-0.037960550800148866,-0.18973214285714285,-0.03287946428571428,0.6666666666666666,-0.08333333333333333,4.25,0.0,1.44,-0.46153846153846156,-0.38461538461538464,-0.6923076923076923,-0.5384615384615384,-0.3076923076923077
3,1,0,0,0.24435406983672983,0.72,0.959179744539765,2,1,0,6,5,4,3,2,1,0,1,1,1,0,0,1,1,1,1,1,0,0,0,1,1,0,0,0,0,0,0,0,0,0,0,0,0,0,0,0,-0.026015218977558707,0.018658883445266783,-0.16096823671317737,2.591596576107183,-0.07510416666666667,0.6883587644212876,-0.1452847041310011,-0.1890584294752512,-0.03794642857142857,-0.18094494047619047,1.0833333333333333,0.6666666666666666,-0.08333333333333333,4.25,0.0,1.3846153846153846,-0.46153846153846156,-0.38461538461538464,-0.6923076923076923,-0.5384615384615384
4,1,0,0,0.24211953283279705,0.24,1.398741045797563,3,2,1,0,6,5,4,3,2,1,1,1,1,1,0,0,1,1,1,1,0,0,0,0,1,1,0,0,0,0,0,0,0,0,0,0,0,0,0,0,0.2442631006805355,-0.026015218977558707,0.016983604604410826,-0.16091551916635652,2.5923065476190477,-0.07680684778563454,0.6883587644212876,-0.1540751767770748,-0.18898809523809523,-0.02915922619047619,0.75,1.0833333333333333,0.6666666666666666,-0.08333333333333333,4.08,0.0,1.3846153846153846,-0.46153846153846156,-0.38461538461538464,-0.6923076923076923
5,0,1,0,0.09091586223334526,-0.08,0.5460702543292573,4,3,2,1,0,6,5,4,3,2,1,1,1,1,1,0,0,1,1,1,0,0,0,0,0,1,1,0,0,0,0,0,0,0,0,0,0,0,0,0,0.24202939555939423,0.2442631006805355,-0.027690497818414664,0.016978042426497954,-0.15918154761904763,2.591596576107183,-0.07680684778563454,0.6795682917752139,-0.15401785714285715,-0.18020089285714286,0.25,0.75,1.0833333333333333,0.6666666666666666,-0.08,3.923076923076923,0.0,1.3846153846153846,-0.46153846153846156,-0.38461538461538464
6,0,1,0,-0.09082648075318794,-0.24,-0.11577492838397349,5,4,3,2,1,0,6,5,4,3,0,1,1,1,1,1,0,0,1,1,1,0,0,0,0,0,1,1,0,0,0,0,0,0,0,0,0,0,0,0,0.09088201569550132,0.24202939555939423,0.24258782183967956,-0.027681429103088944,0.018645833333333334,-0.16091551916635652,2.591596576107183,-0.08559732043170823,0.6793154761904762,-0.14523065476190475,-0.08333333333333333,0.25,0.75,1.0833333333333333,0.64,-0.07692307692307693,3.923076923076923,0.0,1.3846153846153846,-0.46153846153846156
0,1,0,0,-0.1727595042307234,0.08,-0.3327557806787777,6,5,4,3,2,1,0,6,5,4,0,0,1,1,1,1,1,0,0,1,1,1,0,0,0,0,0,1,1,0,0,0,0,0,0,0,0,0,0,0,-0.09079266749065566,0.09088201569550132,0.24035411671853826,0.2425083736509118,-0.025997023809523807,0.016978042426497954,-0.16091551916635652,2.582806103461109,-0.08556547619047619,0.6881026785714285,-0.25,-0.08333333333333333,0.25,0.75,1.04,0.6153846153846154,-0.07692307692307693,3.923076923076923,0.0,1.3846153846153846
1,1,0,0,-0.10795793111667262,-0.32,-0.19118752164565814,0,6,5,4,3,2,1,0,6,5,1,0,0,1,1,1,1,1,0,0,0,1,1,0,0,0,0,0,1,1,0,0,0,0,0,0,0,0,0,0,-0.17269518859916907,-0.09079266749065566,0.08920673685464536,0.24027540007443246,0.2440922619047619,-0.027681429103088944,0.016978042426497954,-0.1697059918124302,2.581845238095238,-0.0767782738095238,0.08333333333333333,-0.25,-0.08333333333333333,0.25,0.72,1.0,0.6153846153846154,-0.07692307692307693,3.923076923076923,0.0
2,1,0,0,0.06857049219401741,1.52,0.37451248574339674,1,0,6,5,4,3,2,1,0,6,1,1,0,0,1,1,1,1,1,0,0,0,1,1,0,0,0,0,0,1,0,0,0,0,0,0,0,0,0,0,-0.1079177400860721,-0.17269518859916907,-0.09246794633151162,0.0891775213993301,0.24186011904761906,0.2425083736509118,-0.027681429103088944,0.008187569780424266,-0.16964285714285715,2.5906324404761905,-0.3333333333333333,0.08333333333333333,-0.25,-0.08333333333333333,0.24,0.6923076923076923,1.0,0.6153846153846154,-0.07692307692307693,3.923076923076923
3,1,0,0,-0.17722857823858898,-0.16,-0.34570120371222096,2,1,0,6,5,4,3,2,1,0,1,1,1,0,0,1,1,1,1,1,0,0,0,1,1,0,0,0,0,0,0,0,0,0,0,0,0,0,0,0,0.06854496448408857,-0.1079177400860721,-0.17437046744002502,-0.09243766282098995,0.09081845238095239,0.24027540007443246,0.2425083736509118,-0.036471901749162636,0.00818452380952381,-0.16085565476190475,1.5833333333333333,-0.3333333333333333,0.08333333333333333,-0.25,-0.08,0.23076923076923078,0.6923076923076923,1.0,0.6153846153846154,-0.07692307692307693
4,1,0,0,0.554954713383387,0.96,0.8762403684675352,3,2,1,0,6,5,4,3,2,1,1,1,1,1,0,0,1,1,1,1,0,0,0,0,1,1,0,0,0,0,0,0,0,0,0,0,0,0,0,0,-0.1771625988414516,0.06854496448408857,-0.10959301892692806,-0.1743133606252326,-0.09072916666666667,0.0891775213993301,0.24027540007443246,0.2337179010048381,-0.036458333333333336,0.016971726190476193,-0.16666666666666666,1.5833333333333333,-0.3333333333333333,0.08333333333333333,-0.24,-0.07692307692307693,0.23076923076923078,0.6923076923076923,1.0,0.6153846153846154
5,0,1,0,-0.17946311524252176,-0.48,-0.35079110639283934,4,3,2,1,0,6,5,4,3,2,1,1,1,1,1,0,0,1,1,1,0,0,0,0,0,1,1,0,0,0,0,0,0,0,0,0,0,0,0,0,0.5547481125191727,-0.1771625988414516,0.06686968564323262,-0.10955712690733159,-0.17257440476190475,-0.09243766282098995,0.0891775213993301,0.23148492742835877,0.23363095238095238,-0.02767113095238095,1.0,-0.16666666666666666,1.5833333333333333,-0.3333333333333333,0.08,-0.23076923076923078,-0.07692307692307693,0.23076923076923078,0.6923076923076923,1.0
6,0,1,0,2.473677154093672,4.8,8.12791710586304,5,4,3,2,1,0,6,5,4,3,0,1,1,1,1,1,0,0,1,1,1,0,0,0,0,0,1,1,0,0,0,0,0,0,0,0,0,0,0,0,-0.1793963039625929,0.5547481125191727,-0.17883787768230758,0.06684778563453667,-0.1078422619047619,-0.1743133606252326,-0.09243766282098995,0.08038704875325642,0.23139880952380953,0.24241815476190476,-0.5,1.0,-0.16666666666666666,1.5833333333333333,-0.32,0.07692307692307693,-0.23076923076923078,-0.07692307692307693,0.23076923076923078,0.6923076923076923
0,1,0,0,0.06708080085806221,0.0,0.17453550742449214,6,5,4,3,2,1,0,6,5,4,0,0,1,1,1,1,1,0,0,1,1,1,0,0,0,0,0,1,1,0,0,0,0,0,0,0,0,0,0,0,2.4727562432058137,-0.1793963039625929,0.5530728336783166,-0.1787793077781913,0.06849702380952381,-0.10955712690733159,-0.1743133606252326,-0.10122813546706363,0.08035714285714286,0.2401860119047619,5.0,-0.5,1.0,-0.16666666666666666,1.52,-0.3076923076923077,0.07692307692307693,-0.23076923076923078,-0.07692307692307693,0.23076923076923078
1,1,0,0,-0.1727595042307234,-0.32,-0.3317464458394846,0,6,5,4,3,2,1,0,6,5,1,0,0,1,1,1,1,1,0,0,0,1,1,0,0,0,0,0,1,1,0,0,0,0,0,0,0,0,0,0,0.06705582773666106,2.4727562432058137,-0.18107158280344884,0.5528917007815407,-0.17703869047619047,0.06684778563453667,-0.10955712690733159,-0.18310383327130628,-0.10119047619047619,0.08914434523809524,0.0,5.0,-0.5,1.0,-0.16,1.4615384615384615,-0.3076923076923077,0.07692307692307693,-0.23076923076923078,-0.07692307692307693
2,1,0,0,1.38098855917054,0.24,0.2844997232874357,1,0,6,5,4,3,2,1,0,6,1,1,0,0,1,1,1,1,1,0,0,0,1,1,0,0,0,0,0,1,0,0,0,0,0,0,0,0,0,0,-0.17269518859916907,0.06705582773666106,2.471080964364958,-0.18101228135467062,0.5543601190476191,-0.1787793077781913,0.06684778563453667,-0.11834759955340529,-0.18303571428571427,-0.0924032738095238,-0.3333333333333333,0.0,5.0,-0.5,0.96,-0.15384615384615385,1.4615384615384615,-0.3076923076923077,0.07692307692307693,-0.23076923076923078
3,1,0,0,1.1493415564295077,0.0,1.9320779982598022,2,1,0,6,5,4,3,2,1,0,1,1,1,0,0,1,1,1,1,1,0,0,0,1,1,0,0,0,0,0,0,0,0,0,0,0,0,0,0,0,1.3804744389677304,-0.17269518859916907,0.06538054889580511,2.470271678451805,-0.17927083333333332,0.5528917007815407,-0.1787793077781913,0.05805731298846297,-0.11830357142857142,-0.1742485119047619,0.25,-0.3333333333333333,0.0,5.0,-0.48,0.9230769230769231,-0.15384615384615385,1.4615384615384615,-0.3076923076923077,0.07692307692307693
4,1,0,0,0.04920450482659993,0.48,0.17502408982677944,3,2,1,0,6,5,4,3,2,1,1,1,1,1,0,0,1,1,1,1,0,0,0,0,1,1,0,0,0,0,0,0,0,0,0,0,0,0,0,0,1.1489136747427515,1.3804744389677304,-0.17437046744002502,0.06535913658355043,2.471026785714286,-0.18101228135467062,0.5528917007815407,-0.18756978042426498,0.05803571428571429,-0.10951636904761905,0.0,0.25,-0.3333333333333333,0.0,4.8,-0.46153846153846156,0.9230769230769231,-0.15384615384615385,1.4615384615384615,-0.3076923076923077
5,0,1,0,1.3050143010368251,-0.08,1.8349958706744498,4,3,2,1,0,6,5,4,3,2,1,1,1,1,1,0,0,1,1,1,0,0,0,0,0,1,1,0,0,0,0,0,0,0,0,0,0,0,0,0,0.049186186767530865,1.1489136747427515,1.3787991601268745,-0.1743133606252326,0.06700892857142857,2.470271678451805,-0.18101228135467062,0.544101228135467,-0.1875,0.06682291666666666,0.5,0.0,0.25,-0.3333333333333333,0.0,4.615384615384615,-0.46153846153846156,0.9230769230769231,-0.15384615384615385,1.4615384615384615
6,0,1,0,1.4629215826480753,3.68,4.63163249354463,5,4,3,2,1,0,6,5,4,3,0,1,1,1,1,1,0,0,1,1,1,0,0,0,0,0,1,1,0,0,0,0,0,0,0,0,0,0,0,0,1.304528464848927,0.049186186767530865,1.1472383959018957,1.3783475995534051,-0.17257440476190475,0.06535913658355043,2.470271678451805,-0.1898027540007443,0.5438988095238095,-0.17871279761904763,-0.08333333333333333,0.5,0.0,0.25,-0.32,0.0,4.615384615384615,-0.46153846153846156,0.9230769230769231,-0.15384615384615385
0,0,0,1,0.2518025265165058,1.28,0.16651712627090487,6,5,4,3,2,1,0,6,5,4,0,0,1,1,1,1,1,0,0,1,1,1,0,0,0,0,0,1,1,0,0,0,0,0,0,0,0,0,0,0,1.4623769600762437,1.304528464848927,0.04751090792667491,1.1468626721250466,1.3795089285714286,-0.1743133606252326,0.06535913658355043,2.461481205805731,-0.18973214285714285,0.5526860119047619,3.8333333333333335,-0.08333333333333333,0.5,0.0,0.24,-0.3076923076923077,0.0,4.615384615384615,-0.46153846153846156,0.9230769230769231
1,1,0,0,-0.17871826957454415,-0.56,-0.34768468741533376,0,6,5,4,3,2,1,0,6,5,0,0,0,1,1,1,1,1,0,0,0,1,1,0,0,0,0,0,1,1,1,0,0,0,0,0,0,0,0,0,0.2517087844176731,1.4623769600762437,1.3028531860080712,0.047495347971715667,1.148110119047619,1.3783475995534051,-0.1743133606252326,0.05656866393747674,2.4605654761904763,-0.18094494047619047,1.3333333333333333,3.8333333333333335,-0.08333333333333333,0.5,0.0,0.23076923076923078,-0.3076923076923077,0.0,4.615384615384615,-0.46153846153846156
2,1,0,0,0.7344625193659874,1.2,1.8929853741953093,1,0,6,5,4,3,2,1,0,6,1,0,0,0,1,1,1,1,1,0,0,0,1,1,0,0,0,0,0,1,0,1,0,0,0,0,0,0,0,0,-0.17865173558887915,0.2517087844176731,1.460701681235388,1.3024264979531075,0.04915178571428572,1.1468626721250466,1.3783475995534051,-0.18310383327130628,0.05654761904761905,2.4693526785714286,-0.5833333333333334,1.3333333333333333,3.8333333333333335,-0.08333333333333333,0.48,0.0,0.23076923076923078,-0.3076923076923077,0.0,4.615384615384615
3,1,0,0,-0.0014450005958765327,0.0,0.0005398533951199063,2,1,0,6,5,4,3,2,1,0,1,1,0,0,0,1,1,1,1,1,0,0,0,1,1,0,0,0,0,0,0,0,1,0,0,0,0,0,0,0,0.7341890905841884,-0.17865173558887915,0.25003350557681714,1.4602232973576479,1.3036160714285714,0.047495347971715667,1.1468626721250466,1.3695571269073317,-0.18303571428571427,0.06533482142857143,1.25,-0.5833333333333334,1.3333333333333333,3.8333333333333335,-0.08,0.46153846153846156,0.0,0.23076923076923078,-0.3076923076923077,0.0
4,1,0,0,0.8171403885115004,-0.24,0.8584855252436755,3,2,1,0,6,5,4,3,2,1,1,1,1,0,0,0,1,1,1,1,0,0,0,0,1,1,0,0,0,0,0,0,0,1,0,0,0,0,0,0,-0.001444462645004689,0.7341890905841884,-0.1803270144297351,0.24995161890584294,1.4613541666666667,1.3024264979531075,0.047495347971715667,1.1380721994789729,1.369047619047619,-0.1742485119047619,0.0,1.25,-0.5833333333333334,1.3333333333333333,3.68,-0.07692307692307693,0.46153846153846156,0.0,0.23076923076923078,-0.3076923076923077
5,0,1,0,1.150831247765463,0.56,1.4538824959322498,4,3,2,1,0,6,5,4,3,2,1,1,1,1,0,0,0,1,1,1,0,0,0,0,0,1,1,0,0,0,0,0,0,0,1,0,0,0,0,0,0.8168361800664155,-0.001444462645004689,0.7325138117433324,-0.1802679568291775,0.2515327380952381,1.4602232973576479,1.3024264979531075,0.03870487532564198,1.1376488095238095,1.3778348214285714,-0.25,0.0,1.25,-0.5833333333333334,1.28,3.5384615384615383,-0.07692307692307693,0.46153846153846156,0.0,0.23076923076923078
6,0,1,0,1.4264241449171733,3.36,2.8749827211727585,5,4,3,2,1,0,6,5,4,3,0,1,1,1,1,0,0,0,1,1,1,0,0,0,0,0,1,1,0,0,0,0,0,0,0,1,0,0,0,0,1.1504028114901792,0.8168361800664155,-0.003119741485860645,0.7322739114253815,-0.1785267857142857,0.24995161890584294,1.4602232973576479,1.2936360253070338,0.03869047619047619,1.1464360119047619,0.5833333333333334,-0.25,0.0,1.25,-0.56,1.2307692307692308,3.5384615384615383,-0.07692307692307693,0.46153846153846156,0.0
0,1,0,0,0.4320551781670838,-0.4,0.7987930205099051,6,5,4,3,2,1,0,6,5,4,0,0,1,1,1,1,0,0,0,1,1,1,0,0,0,0,0,1,1,0,0,0,0,0,0,0,1,0,0,0,1.4258931097642698,1.1504028114901792,0.8151609012255595,-0.0031187197618161504,0.7336755952380952,-0.1802679568291775,0.24995161890584294,1.4514328247115742,1.2931547619047619,0.04747767857142857,3.5,0.5833333333333334,-0.25,0.0,1.2,-0.5384615384615384,1.2307692307692308,3.5384615384615383,-0.07692307692307693,0.46153846153846156
1,1,0,0,0.024624597783339294,0.16,0.5973251621445148,0,6,5,4,3,2,1,0,6,5,1,0,0,1,1,1,1,0,0,0,0,1,1,0,0,0,0,0,1,1,0,0,0,0,0,0,0,1,0,0,0.4318943308564025,1.4258931097642698,1.1487275326493231,0.8148939337551172,-0.0014434523809523793,0.7322739114253815,-0.1802679568291775,0.24116114625976925,1.4508928571428572,1.3019419642857142,-0.4166666666666667,3.5,0.5833333333333334,-0.25,0.0,1.1538461538461537,-0.5384615384615384,1.2307692307692308,3.5384615384615383,-0.07692307692307693
2,1,0,0,0.41790311047550943,0.32,-0.06752389756055632,1,0,6,5,4,3,2,1,0,6,1,1,0,0,1,1,1,1,0,0,0,0,1,1,0,0,0,0,0,1,0,0,0,0,0,0,0,0,1,0,0.024615430434976847,0.4318943308564025,1.4242178309234137,1.1483513211760328,0.8162648809523809,-0.0031187197618161504,0.7322739114253815,-0.1890584294752512,0.24107142857142858,1.4596800595238095,0.16666666666666666,-0.4166666666666667,3.5,0.5833333333333334,-0.24,0.0,1.1538461538461537,-0.5384615384615384,1.2307692307692308,3.5384615384615383
3,1,0,0,0.15273805267548565,1.04,0.47143878972308134,2,1,0,6,5,4,3,2,1,0,1,1,1,0,0,1,1,1,1,0,0,0,0,1,1,0,0,0,0,0,0,0,0,0,0,0,0,0,0,1,0.4177475317558411,0.024615430434976847,0.43021905201554655,1.4237513956084853,1.1495982142857142,0.8148939337551172,-0.0031187197618161504,0.7234834387793078,-0.18898809523809523,0.24985863095238095,0.3333333333333333,0.16666666666666666,-0.4166666666666667,3.5,0.56,-0.23076923076923078,0.0,1.1538461538461537,-0.5384615384615384,1.2307692307692308
4,1,0,0,0.8096919318317245,0.4,3.352311643190081,3,2,1,0,6,5,4,3,2,1,1,1,1,1,0,0,1,1,1,1,0,0,0,0,1,1,0,0,0,0,0,0,0,0,0,0,0,0,0,0,0.15268119071374325,0.4177475317558411,0.02294015159412089,0.43007815407517674,1.4248958333333333,1.1483513211760328,0.8148939337551172,-0.01190919240788984,0.7232142857142857,-0.18020089285714286,1.0833333333333333,0.3333333333333333,0.16666666666666666,-0.4166666666666667,3.36,0.5384615384615384,-0.23076923076923078,0.0,1.1538461538461537,-0.5384615384615384
5,0,1,0,3.23937850077464,0.56,5.064586873922115,4,3,2,1,0,6,5,4,3,2,1,1,1,1,1,0,0,1,1,1,0,0,0,0,0,1,1,0,0,0,0,0,0,0,0,0,0,0,0,0,0.809390496329278,0.15268119071374325,0.4160722529149852,0.022932638630442873,0.43159226190476185,1.4237513956084853,1.1483513211760328,0.8061034611090435,-0.011904761904761904,0.732001488095238,0.4166666666666667,1.0833333333333333,0.3333333333333333,0.16666666666666666,-0.4,3.230769230769231,0.5384615384615384,-0.23076923076923078,0.0,1.1538461538461537
6,0,1,0,2.8662108211178645,4.72,6.675189715239901,5,4,3,2,1,0,6,5,4,3,0,1,1,1,1,1,0,0,1,1,1,0,0,0,0,0,1,1,0,0,0,0,0,0,0,0,0,0,0,0,3.238172531383557,0.809390496329278,0.15100591187288728,0.41593598809080756,0.024598214285714286,0.43007815407517674,1.4237513956084853,1.139560848529959,0.8058035714285714,-0.003117559523809522,0.5833333333333334,0.4166666666666667,1.0833333333333333,0.3333333333333333,0.16,-0.38461538461538464,3.230769230769231,0.5384615384615384,-0.23076923076923078,0.0
0,1,0,0,0.026114289119294486,1.52,0.2735890549499379,6,5,4,3,2,1,0,6,5,4,0,0,1,1,1,1,1,0,0,1,1,1,0,0,0,0,0,1,1,0,0,0,0,0,0,0,0,0,0,0,2.8651437761529643,3.238172531383557,0.8077152174884219,0.15095645701525864,0.4174553571428571,0.022932638630442873,0.43007815407517674,1.4149609229624116,1.1391369047619047,0.8145907738095237,4.916666666666667,0.5833333333333334,0.4166666666666667,1.0833333333333333,0.32,0.15384615384615385,-0.38461538461538464,3.230769230769231,0.5384615384615384,-0.23076923076923078
1,1,0,0,1.1687075437969252,-0.16,4.737343227629636,0,6,5,4,3,2,1,0,6,5,1,0,0,1,1,1,1,1,0,0,0,1,1,0,0,0,0,0,1,1,0,0,0,0,0,0,0,0,0,0,0.026104567182404365,2.8651437761529643,3.2364972525427014,0.8074506885001861,0.15257440476190476,0.41593598809080756,0.022932638630442873,0.4212876814291031,1.4144345238095237,1.1479241071428572,1.5833333333333333,4.916666666666667,0.5833333333333334,0.4166666666666667,1.04,0.3076923076923077,0.15384615384615385,-0.38461538461538464,3.230769230769231,0.5384615384615384
2,1,0,0,-0.01559706828745084,0.64,-0.013272149948553077,1,0,6,5,4,3,2,1,0,6,1,1,0,0,1,1,1,1,1,0,0,0,1,1,0,0,0,0,0,1,0,0,0,0,0,0,0,0,0,0,1.1682724524593093,0.026104567182404365,2.863468497312108,3.2354372906587274,0.8088244047619048,0.15095645701525864,0.41593598809080756,0.014142165984369185,0.4211309523809524,1.423221726190476,-0.16666666666666666,1.5833333333333333,4.916666666666667,0.5833333333333334,0.4,1.0,0.3076923076923077,0.15384615384615385,-0.38461538461538464,3.230769230769231
3,1,0,0,0.24211953283279705,0.16,0.5099412947132067,2,1,0,6,5,4,3,2,1,0,1,1,1,0,0,1,1,1,1,1,0,0,0,1,1,0,0,0,0,0,0,0,0,0,0,0,0,0,0,0,-0.015591261745566094,1.1682724524593093,0.024429288341548408,2.8625307033866765,3.2359077380952384,0.8074506885001861,0.15095645701525864,0.40714551544473393,0.014136904761904762,0.4299181547619047,0.6666666666666666,-0.16666666666666666,1.5833333333333333,4.916666666666667,0.56,0.38461538461538464,1.0,0.3076923076923077,0.15384615384615385,-0.38461538461538464
4,1,0,0,0.1460344416636873,1.12,0.725046231858488,3,2,1,0,6,5,4,3,2,1,1,1,1,1,0,0,1,1,1,1,0,0,0,0,1,1,0,0,0,0,0,0,0,0,0,0,0,0,0,0,0.24202939555939423,-0.015591261745566094,1.1665971736184535,0.024421287681429104,2.8631398809523807,3.2354372906587274,0.8074506885001861,0.14216598436918496,0.4069940476190476,0.022924107142857145,0.16666666666666666,0.6666666666666666,-0.16666666666666666,1.5833333333333333,4.72,0.5384615384615384,0.38461538461538464,1.0,0.3076923076923077,0.15384615384615385
5,0,1,0,0.2227535454653796,0.16,0.17426708869730964,4,3,2,1,0,6,5,4,3,2,1,1,1,1,1,0,0,1,1,1,0,0,0,0,0,1,1,0,0,0,0,0,0,0,0,0,0,0,0,0,0.14598007535031943,0.24202939555939423,-0.01726654058642205,1.1662151097878675,0.026086309523809526,2.8625307033866765,3.2354372906587274,0.7986602158541124,0.14211309523809523,0.41578124999999994,1.1666666666666667,0.16666666666666666,0.6666666666666666,-0.16666666666666666,1.52,4.538461538461538,0.5384615384615384,0.38461538461538464,1.0,0.3076923076923077
6,0,1,0,1.2565993326182816,4.08,4.030448937861065,5,4,3,2,1,0,6,5,4,3,0,1,1,1,1,1,0,0,1,1,1,0,0,0,0,0,1,1,0,0,0,0,0,0,0,0,0,0,0,0,0.2226706178428365,0.14598007535031943,0.24035411671853826,-0.017260885746185336,1.1674553571428572,0.024421287681429104,2.8625307033866765,3.2266468180126533,0.7983630952380952,0.1509002976190476,0.16666666666666666,1.1666666666666667,0.16666666666666666,0.6666666666666666,-0.16,1.4615384615384615,4.538461538461538,0.5384615384615384,0.38461538461538464,1.0
0,0,0,1,0.6748748659277798,0.64,0.1800767959047546,6,5,4,3,2,1,0,6,5,4,0,0,1,1,1,1,1,0,0,1,1,1,0,0,0,0,0,1,1,0,0,0,0,0,0,0,0,0,0,0,1.2561315205575327,0.2226706178428365,0.14430479650946348,0.24027540007443246,-0.01558035714285714,1.1662151097878675,0.024421287681429104,2.853740230740603,3.2254464285714284,0.8071502976190476,4.25,0.16666666666666666,1.1666666666666667,0.16666666666666666,0.64,-0.15384615384615385,1.4615384615384615,4.538461538461538,0.5384615384615384,0.38461538461538464
1,1,0,0,-0.17946311524252176,-0.32,-0.3504492997739552,0,6,5,4,3,2,1,0,6,5,0,0,0,1,1,1,1,1,0,0,0,1,1,0,0,0,0,0,1,1,1,0,0,0,0,0,0,0,0,0,0.6746236206870877,1.2561315205575327,0.22099533900198057,0.1442575362858206,0.24186011904761906,-0.017260885746185336,1.1662151097878675,0.015630815035355416,2.8526785714285716,3.234233630952381,0.6666666666666666,4.25,0.16666666666666666,1.1666666666666667,0.16,0.6153846153846154,-0.15384615384615385,1.4615384615384615,4.538461538461538,0.5384615384615384
2,1,0,0,0.1303926826361578,0.88,0.19896965410678139,1,0,6,5,4,3,2,1,0,6,1,0,0,0,1,1,1,1,1,0,0,0,1,1,0,0,0,0,0,1,0,1,0,0,0,0,0,0,0,0,-0.1793963039625929,0.6746236206870877,1.254456241716677,0.22092296241161147,0.14587797619047618,0.24027540007443246,-0.017260885746185336,1.1574246371417938,0.015625,2.861465773809524,-0.3333333333333333,0.6666666666666666,4.25,0.16666666666666666,1.12,0.15384615384615385,0.6153846153846154,-0.15384615384615385,1.4615384615384615,4.538461538461538
3,1,0,0,-0.12881360982004528,-0.16,-0.23957225917587407,2,1,0,6,5,4,3,2,1,0,1,1,0,0,0,1,1,1,1,1,0,0,0,1,1,0,0,0,0,0,0,0,1,0,0,0,0,0,0,0,0.1303441395023305,-0.1793963039625929,0.6729483418462318,1.2540454037960551,0.22251488095238095,0.1442575362858206,0.24027540007443246,-0.026051358392259024,1.1569940476190477,0.02441220238095238,0.9166666666666666,-0.3333333333333333,0.6666666666666666,4.25,0.16,1.0769230769230769,0.15384615384615385,0.6153846153846154,-0.15384615384615385,1.4615384615384615
4,1,0,0,0.5273954236682159,1.04,1.3086941026797136,3,2,1,0,6,5,4,3,2,1,1,1,1,0,0,0,1,1,1,1,0,0,0,0,1,1,0,0,0,0,0,0,0,1,0,0,0,0,0,0,-0.12876565455005734,0.1303441395023305,-0.18107158280344884,0.6727279493859323,1.255252976190476,0.22092296241161147,0.1442575362858206,0.23148492742835877,-0.026041666666666668,1.16578125,-0.16666666666666666,0.9166666666666666,-0.3333333333333333,0.6666666666666666,4.08,0.15384615384615385,1.0769230769230769,0.15384615384615385,0.6153846153846154,-0.15384615384615385
5,0,1,0,0.46408354189012035,0.48,0.3266545325316963,4,3,2,1,0,6,5,4,3,2,1,1,1,1,0,0,0,1,1,1,0,0,0,0,0,1,1,0,0,0,0,0,0,0,1,0,0,0,0,0,0.5271990826917635,-0.12876565455005734,0.12866886066147454,-0.18101228135467062,0.6741517857142857,1.2540454037960551,0.22092296241161147,0.13546706363974692,0.23139880952380953,-0.017254464285714283,1.0833333333333333,-0.16666666666666666,0.9166666666666666,-0.3333333333333333,0.64,3.923076923076923,0.15384615384615385,1.0769230769230769,0.15384615384615385,0.6153846153846154
6,0,1,0,0.7106274579907044,2.08,1.6217195989401985,5,4,3,2,1,0,6,5,4,3,0,1,1,1,1,0,0,0,1,1,1,0,0,0,0,0,1,1,0,0,0,0,0,0,0,1,0,0,0,0,0.4639107709260941,0.5271990826917635,-0.13044093339091328,0.1286267212504652,-0.17927083333333332,0.6727279493859323,1.2540454037960551,0.21213248976553778,0.13541666666666666,0.2401860119047619,0.5,1.0833333333333333,-0.16666666666666666,0.9166666666666666,-0.32,0.6153846153846154,3.923076923076923,0.15384615384615385,1.0769230769230769,0.15384615384615385
0,0,0,1,0.5177124299845072,0.48,0.8669753984686058,6,5,4,3,2,1,0,6,5,4,0,0,1,1,1,1,0,0,0,1,1,1,0,0,0,0,0,1,1,0,0,0,0,0,0,0,1,0,0,0,0.7103629026253481,0.4639107709260941,0.5255238038509076,-0.13039821362113882,0.13025297619047618,-0.18101228135467062,0.6727279493859323,1.2452549311499814,0.21205357142857142,0.14420386904761906,2.1666666666666665,0.5,1.0833333333333333,-0.16666666666666666,0.88,-0.3076923076923077,0.6153846153846154,3.923076923076923,0.15384615384615385,1.0769230769230769
1,1,0,0,-0.17853205815754977,-0.72,-0.3508695208524657,0,6,5,4,3,2,1,0,6,5,0,0,0,1,1,1,1,0,0,0,0,1,1,0,0,0,0,0,1,1,1,0,0,0,0,0,0,1,0,0,0.5175196938334847,0.7103629026253481,0.4622354920852382,0.5253516933382955,-0.12867559523809524,0.1286267212504652,-0.18101228135467062,0.6639374767398586,1.2447916666666667,0.2208407738095238,0.5,2.1666666666666665,0.5,1.0833333333333333,-0.16,0.8461538461538461,-0.3076923076923077,0.6153846153846154,3.923076923076923,0.15384615384615385
2,1,0,0,0.4613052675485639,1.12,0.1519581749336116,1,0,6,5,4,3,2,1,0,6,1,0,0,0,1,1,1,1,0,0,0,0,1,1,0,0,0,0,0,1,0,1,0,0,0,0,0,0,1,0,-0.1784655934954507,0.5175196938334847,0.7086876237844921,0.46208410867138067,0.5268303571428571,-0.13039821362113882,0.1286267212504652,-0.1898027540007443,0.6636904761904762,1.253578869047619,-0.75,0.5,2.1666666666666665,0.5,1.04,-0.15384615384615385,0.8461538461538461,-0.3076923076923077,0.6153846153846154,3.923076923076923
3,1,0,0,-0.17935138839232512,-0.88,-0.351142966147573,2,1,0,6,5,4,3,2,1,0,1,1,0,0,0,1,1,1,1,0,0,0,0,1,1,0,0,0,0,0,0,0,1,0,0,0,0,0,0,1,0.46113353089214176,-0.1784655934954507,0.5158444149926288,0.7084555266096018,0.46358630952380947,0.5253516933382955,-0.13039821362113882,0.11983624860439152,-0.18973214285714285,0.6724776785714285,1.1666666666666667,-0.75,0.5,2.1666666666666665,0.48,1.0,-0.15384615384615385,0.8461538461538461,-0.3076923076923077,0.6153846153846154
4,1,0,0,0.7008699797401979,0.88,0.4843852180701096,3,2,1,0,6,5,4,3,2,1,1,1,1,0,0,0,1,1,1,1,0,0,0,0,1,1,0,0,0,0,0,0,0,1,0,0,0,0,0,0,-0.1792846187065358,0.46113353089214176,-0.18014087233630666,0.515675474506885,0.7098660714285714,0.46208410867138067,0.5253516933382955,-0.1391886862672125,0.11979166666666667,-0.18094494047619047,-0.9166666666666666,1.1666666666666667,-0.75,0.5,2.08,0.46153846153846156,1.0,-0.15384615384615385,0.8461538461538461,-0.3076923076923077
5,0,1,0,-0.11839321892503873,-0.4,-0.28517931527086415,4,3,2,1,0,6,5,4,3,2,1,1,1,1,0,0,0,1,1,1,0,0,0,0,0,1,1,0,0,0,0,0,0,0,1,0,0,0,0,0,0.7006090569296979,-0.1792846187065358,0.4594582520512858,-0.18008187569780423,0.517157738095238,0.7084555266096018,0.46208410867138067,0.5165612206922218,-0.13913690476190477,0.12857886904761906,0.9166666666666666,-0.9166666666666666,1.1666666666666667,-0.75,0.48,2.0,0.46153846153846156,1.0,-0.15384615384615385,0.8461538461538461
6,0,1,0,3.110944762245263,5.04,4.980138522158871,5,4,3,2,1,0,6,5,4,3,0,1,1,1,1,0,0,0,1,1,1,0,0,0,0,0,1,1,0,0,0,0,0,0,0,1,0,0,0,0,-0.11834914300180185,0.7006090569296979,-0.18095989754739178,0.45930777819129137,-0.17834077380952382,0.515675474506885,0.7084555266096018,0.45329363602530703,0.5163690476190477,-0.1303497023809524,-0.4166666666666667,0.9166666666666666,-0.9166666666666666,1.1666666666666667,-0.72,0.46153846153846156,2.0,0.46153846153846156,1.0,-0.15384615384615385
0,1,0,0,1.3638869026337743,1.28,0.32034920572686937,6,5,4,3,2,1,0,6,5,4,0,0,1,1,1,1,0,0,0,1,1,1,0,0,0,0,0,1,1,0,0,0,0,0,0,0,1,0,0,0,3.109786606704094,-0.11834914300180185,0.6989337780888419,-0.18090063267584666,0.46081101190476187,-0.18008187569780423,0.515675474506885,0.6996650539635281,0.453125,0.52515625,5.25,-0.4166666666666667,0.9166666666666666,-0.9166666666666666,1.12,-0.6923076923076923,0.46153846153846156,2.0,0.46153846153846156,1.0
1,1,0,0,0.11628530568466215,-0.64,-0.26582602344692874,0,6,5,4,3,2,1,0,6,5,1,0,0,1,1,1,1,0,0,0,0,1,1,0,0,0,0,0,1,1,0,0,0,0,0,0,0,1,0,0,1.3633791491072624,3.109786606704094,-0.12002442184265781,0.698704875325642,-0.1791592261904762,0.45930777819129137,-0.18008187569780423,0.5068850018608113,0.6994047619047619,0.4619122023809523,1.3333333333333333,5.25,-0.4166666666666667,0.9166666666666666,-0.88,1.0769230769230769,-0.6923076923076923,0.46153846153846156,2.0,0.46153846153846156
2,1,0,0,1.3704117506852582,1.2,0.6156409703487785,1,0,6,5,4,3,2,1,0,6,1,1,0,0,1,1,1,1,0,0,0,0,1,1,0,0,0,0,0,1,0,0,0,0,0,0,0,0,1,0,0.11624201450419193,1.3633791491072624,3.108111327863238,-0.11998511350949013,0.7001190476190476,-0.18090063267584666,0.45930777819129137,-0.18887234834387792,0.5066964285714286,0.7081919642857143,-0.6666666666666666,1.3333333333333333,5.25,-0.4166666666666667,0.88,-0.8461538461538461,1.0769230769230769,-0.6923076923076923,0.46153846153846156,2.0
3,1,0,0,0.3549934453581218,-0.24,-0.31097164060642524,2,1,0,6,5,4,3,2,1,0,1,1,1,0,0,1,1,1,1,0,0,0,0,1,1,0,0,0,0,0,0,0,0,0,0,0,0,0,0,1,1.3699015680609952,0.11624201450419193,1.3617038702664066,3.1070934127279495,-0.11826636904761904,0.698704875325642,-0.18090063267584666,0.4505173055452177,-0.18880208333333334,0.5154836309523809,1.25,-0.6666666666666666,1.3333333333333333,5.25,-0.4,0.8461538461538461,-0.8461538461538461,1.0769230769230769,-0.6923076923076923,0.46153846153846156
4,1,0,0,-0.00547461565963532,-0.32,-0.23855086057356156,3,2,1,0,6,5,4,3,2,1,1,1,1,1,0,0,1,1,1,1,0,0,0,0,1,1,0,0,0,0,0,0,0,0,0,0,0,0,0,0,0.3548612869119771,1.3699015680609952,0.11456673566333597,1.3612579084480834,3.1076116071428572,-0.11998511350949013,0.698704875325642,-0.18969110532192035,0.45034970238095234,-0.18001488095238094,-0.25,1.25,-0.6666666666666666,1.3333333333333333,5.04,-0.38461538461538464,0.8461538461538461,-0.8461538461538461,1.0769230769230769,-0.6923076923076923
5,0,1,0,2.1763496603503754,-0.4,0.25195671722891344,4,3,2,1,0,6,5,4,3,2,1,1,1,1,1,0,0,1,1,1,0,0,0,0,0,1,1,0,0,0,0,0,0,0,0,0,0,0,0,0,-0.005472577546796118,0.3548612869119771,1.3682262892201393,0.1145292147376256,1.3624255952380953,3.1070934127279495,-0.11998511350949013,0.6899144026795684,-0.18962053571428572,0.4591369047619047,-0.3333333333333333,-0.25,1.25,-0.6666666666666666,1.28,4.846153846153846,-0.38461538461538464,0.8461538461538461,-0.8461538461538461,1.0769230769230769
6,0,1,0,2.2929329043022286,4.88,5.580215227585403,5,4,3,2,1,0,6,5,4,3,0,1,1,1,1,1,0,0,1,1,1,0,0,0,0,0,1,1,0,0,0,0,0,0,0,0,0,0,0,0,2.1755394397867556,-0.005472577546796118,0.35318600807112116,1.367778191291403,0.11616071428571428,1.3612579084480834,3.1070934127279495,-0.1287755861555638,0.6896577380952381,-0.18083333333333332,-0.4166666666666667,-0.3333333333333333,-0.25,1.25,-0.64,1.2307692307692308,4.846153846153846,-0.38461538461538464,0.8461538461538461,-0.8461538461538461
0,1,0,0,1.9140522583720654,0.48,0.18335311287811729,6,5,4,3,2,1,0,6,5,4,0,0,1,1,1,1,1,0,0,1,1,1,0,0,0,0,0,1,1,0,0,0,0,0,0,0,0,0,0,0,2.2920792816404334,2.1755394397867556,-0.007147856387652074,0.3530703386676591,1.3689434523809525,0.1145292147376256,1.3612579084480834,3.0983029400818753,-0.12872767857142856,0.6984449404761905,5.083333333333333,-0.4166666666666667,-0.3333333333333333,-0.25,1.2,-0.6153846153846154,1.2307692307692308,4.846153846153846,-0.38461538461538464,0.8461538461538461
1,1,0,0,-0.16763496603503755,-0.32,-0.3287606644921734,0,6,5,4,3,2,1,0,6,5,1,0,0,1,1,1,1,1,0,0,0,1,1,0,0,0,0,0,1,1,0,0,0,0,0,0,0,0,0,0,1.9133396869834558,2.2920792816404334,2.1738641609458997,-0.0071455154447339,0.3546130952380952,1.367778191291403,0.1145292147376256,1.3524674358020097,3.0971502976190473,-0.11994047619047618,0.5,5.083333333333333,-0.4166666666666667,-0.3333333333333333,-0.24,1.1538461538461537,-0.6153846153846154,1.2307692307692308,4.846153846153846,-0.38461538461538464
2,1,0,0,3.3895542843522826,0.72,1.5533411848324319,1,0,6,5,4,3,2,1,0,6,1,1,0,0,1,1,1,1,1,0,0,0,1,1,0,0,0,0,0,1,0,0,0,0,0,0,0,0,0,0,-0.16757255818801842,1.9133396869834558,2.290404002799577,2.1731522143654636,-0.005468749999999996,0.3530703386676591,1.367778191291403,0.10573874209155192,1.3519642857142857,3.1059375,-0.3333333333333333,0.5,5.083333333333333,-0.4166666666666667,-0.32,-0.23076923076923078,1.1538461538461537,-0.6153846153846154,1.2307692307692308,4.846153846153846
3,1,0,0,0.23194494100822313,0.0,-0.12880680838572273,2,1,0,6,5,4,3,2,1,0,1,1,1,0,0,1,1,1,1,1,0,0,0,1,1,0,0,0,0,0,0,0,0,0,0,0,0,0,0,0,3.388292406891725,-0.16757255818801842,1.9116644081425997,2.289653889095646,2.1740178571428572,-0.0071455154447339,0.3530703386676591,1.3589877186453294,0.10569940476190476,1.360751488095238,0.75,-0.3333333333333333,0.5,5.083333333333333,-0.4,-0.3076923076923077,-0.23076923076923078,1.1538461538461537,-0.6153846153846154,1.2307692307692308
4,1,0,0,1.3907981766178048,0.64,0.8598839164403455,3,2,1,0,6,5,4,3,2,1,1,1,1,1,0,0,1,1,1,1,0,0,0,0,1,1,0,0,0,0,0,0,0,0,0,0,0,0,0,0,0.2318585915744643,3.388292406891725,-0.16924783702887436,1.911038332713063,2.2904761904761903,2.1731522143654636,-0.0071455154447339,0.3442798660215854,1.358482142857143,0.11448660714285715,0.0,0.75,-0.3333333333333333,0.5,4.88,-0.38461538461538464,-0.3076923076923077,-0.23076923076923078,1.1538461538461537,-0.6153846153846154
5,0,1,0,0.43323203432248847,4.16,1.5294006471203547,4,3,2,1,0,6,5,4,3,2,1,1,1,1,1,0,0,1,1,1,0,0,0,0,0,1,1,0,0,0,0,0,0,0,0,0,0,0,0,0,1.3902804044495407,0.2318585915744643,3.3866171280508692,-0.16919240788983997,1.912001488095238,2.289653889095646,2.1731522143654636,-0.01593598809080759,0.3441517857142857,1.3672693452380953,0.6666666666666666,0.0,0.75,-0.3333333333333333,0.48,4.6923076923076925,-0.38461538461538464,-0.3076923076923077,-0.23076923076923078,1.1538461538461537
6,0,0,1,2.296977416279347,4.48,3.824817070626798,5,4,3,2,1,0,6,5,4,3,0,1,1,1,1,1,0,0,1,1,1,0,0,0,0,0,1,1,0,0,0,0,0,0,0,0,0,0,0,0,0.43307074888687036,1.3902804044495407,0.23018331273360837,3.3855080014886494,-0.16745535714285714,1.911038332713063,2.289653889095646,2.16436174171939,-0.01593005952380952,0.35293898809523805,4.333333333333333,0.6666666666666666,0.0,0.75,-0.32,0.46153846153846156,4.6923076923076925,-0.38461538461538464,-0.3076923076923077,-0.23076923076923078
0,1,0,0,1.937462757716601,0.96,0.3534622245880602,6,5,4,3,2,1,0,6,5,4,0,0,1,1,1,1,1,0,0,1,0,1,0,0,0,0,0,1,1,0,1,0,0,0,0,0,0,0,0,0,2.2961222879096987,0.43307074888687036,1.3886051256086847,0.23010792705619654,3.3859226190476193,-0.16919240788983997,1.911038332713063,2.2808634164495722,2.1635565476190477,-0.007142857142857138,4.666666666666667,4.333333333333333,0.6666666666666666,0.0,0.72,-0.3076923076923077,0.46153846153846156,4.6923076923076925,-0.38461538461538464,-0.3076923076923077
1,1,0,0,-0.08095727565248481,-0.08,-0.23902637389924444,0,6,5,4,3,2,1,0,6,5,1,0,0,1,1,1,1,1,0,0,0,0,1,0,0,0,0,0,1,1,0,1,0,0,0,0,0,0,0,0,1.9367414709692792,2.2961222879096987,0.4313954700460144,1.3881503535541497,0.2316964285714286,3.3855080014886494,-0.16919240788983997,1.9022478600669892,2.2800148809523813,2.17234375,1.0,4.666666666666667,4.333333333333333,0.6666666666666666,0.0,0.6923076923076923,-0.3076923076923077,0.46153846153846156,4.6923076923076925,-0.38461538461538464
2,1,0,0,1.3360743653914908,0.96,1.349709891632222,1,0,6,5,4,3,2,1,0,6,1,1,0,0,1,1,1,1,1,0,0,0,0,1,0,0,0,0,0,1,0,0,1,0,0,0,0,0,0,0,-0.08092713653894837,1.9367414709692792,2.294447009068843,0.43125418682545597,1.3893080357142857,0.23010792705619654,3.3855080014886494,-0.17798288053591366,1.9015401785714285,2.2888020833333336,-0.08333333333333333,1.0,4.666666666666667,4.333333333333333,0.64,0.0,0.6923076923076923,-0.3076923076923077,0.46153846153846156,4.6923076923076925
3,1,0,0,-0.0743281492074842,-0.32,-0.2602183842700594,2,1,0,6,5,4,3,2,1,0,1,1,1,0,0,1,1,1,1,1,0,0,0,0,1,0,0,0,0,0,0,0,0,1,0,0,0,0,0,0,1.3355769660327907,-0.08092713653894837,1.9350661921284231,2.2936955712690734,0.4327678571428572,1.3881503535541497,0.23010792705619654,3.3767175288425753,-0.17791666666666667,1.9103273809523809,1.0,-0.08333333333333333,1.0,4.666666666666667,4.16,0.6153846153846154,0.0,0.6923076923076923,-0.3076923076923077,0.46153846153846156
4,1,0,0,3.769894827791682,-0.16,-0.022744214545982792,3,2,1,0,6,5,4,3,2,1,1,1,1,1,0,0,1,1,1,1,0,0,0,0,0,1,0,0,0,0,0,0,0,0,1,0,0,0,0,0,-0.07430047801289592,1.3355769660327907,-0.08260241537980433,1.9344324525493113,2.294516369047619,0.43125418682545597,1.3881503535541497,0.22131745441012285,3.3754613095238093,-0.1691294642857143,-0.3333333333333333,1.0,-0.08333333333333333,1.0,4.48,4.0,0.6153846153846154,0.0,0.6923076923076923,-0.3076923076923077
5,0,1,0,-0.15722202359671075,-0.64,-0.3506724793898149,4,3,2,1,0,6,5,4,3,2,1,1,1,1,1,0,0,1,1,1,0,0,0,0,0,0,1,0,0,0,0,0,0,0,0,1,0,0,0,0,3.7684913555611814,-0.07430047801289592,1.333901687191935,-0.08257536285820617,1.9353869047619046,2.2936955712690734,0.43125418682545597,1.379359880908076,0.22123511904761908,3.384248511904762,-0.16666666666666666,-0.3333333333333333,1.0,-0.08333333333333333,0.96,4.3076923076923075,4.0,0.6153846153846154,0.0,0.6923076923076923
6,0,1,0,3.2830413538314867,4.0,1.8479845221920461,5,4,3,2,1,0,6,5,4,3,0,1,1,1,1,1,0,0,1,1,1,0,0,0,0,0,0,1,0,0,0,0,0,0,0,0,1,0,0,0,-0.15716349232350005,3.7684913555611814,-0.07597575685375188,1.3334648306661705,-0.08087053571428571,1.9344324525493113,2.2936955712690734,0.4224637141793822,1.3788467261904762,0.23002232142857146,-0.6666666666666666,-0.16666666666666666,-0.3333333333333333,1.0,-0.08,0.9230769230769231,4.3076923076923075,4.0,0.6153846153846154,0.0
0,1,0,0,3.9231989631748303,0.08,-0.16592298594219748,6,5,4,3,2,1,0,6,5,4,0,0,1,1,1,1,1,0,0,1,1,1,0,0,0,0,0,0,1,0,0,0,0,0,0,0,0,1,0,0,3.281819129450658,-0.15716349232350005,3.7668160767203256,-0.07595087458131745,1.3346428571428572,-0.08257536285820617,1.9344324525493113,2.2849050986229997,0.4223065476190476,1.3876339285714285,4.166666666666667,-0.6666666666666666,-0.16666666666666666,-0.3333333333333333,0.96,-0.07692307692307693,0.9230769230769231,4.3076923076923075,4.0,0.6153846153846154
1,1,0,0,3.9296493266595163,0.32,0.328704366931416,0,6,5,4,3,2,1,0,6,5,1,0,0,1,1,1,1,1,0,0,0,1,1,0,0,0,0,0,0,1,0,0,0,0,0,0,0,0,1,0,3.921738418238947,3.281819129450658,-0.15883877116435602,3.7655824339411987,-0.0742485119047619,1.3334648306661705,-0.08257536285820617,1.9256419799032378,2.2840550595238094,0.43109375000000005,0.08333333333333333,4.166666666666667,-0.6666666666666666,-0.16666666666666666,-0.32,0.9230769230769231,-0.07692307692307693,0.9230769230769231,4.3076923076923075,4.0
2,1,0,0,5.644075497556907,1.04,0.6118690337780338,1,0,6,5,4,3,2,1,0,6,1,1,0,0,1,1,1,1,1,0,0,0,1,1,0,0,0,0,0,0,0,0,0,0,0,0,0,0,0,1,3.9281863803553083,3.921738418238947,3.280143850609802,-0.15878675102344622,3.765855654761905,-0.07595087458131745,1.3334648306661705,-0.09136583550427986,1.9249255952380953,2.2928422619047617,0.3333333333333333,0.08333333333333333,4.166666666666667,-0.6666666666666666,-0.16,-0.3076923076923077,0.9230769230769231,-0.07692307692307693,0.9230769230769231,4.3076923076923075
3,1,0,0,5.493914610892624,0.08,0.347485635325513,2,1,0,6,5,4,3,2,1,0,1,1,1,0,0,1,1,1,1,1,0,0,0,1,1,0,0,0,0,0,0,0,0,0,0,0,0,0,0,0,5.64197429749974,3.9281863803553083,3.920063139398091,3.2790695943431336,-0.1570535714285714,3.7655824339411987,-0.07595087458131745,1.3246743580200968,-0.09133184523809523,1.9337127976190476,1.0833333333333333,0.3333333333333333,0.08333333333333333,4.166666666666667,-0.64,-0.15384615384615385,-0.3076923076923077,0.9230769230769231,-0.07692307692307693,0.9230769230769231
4,1,0,0,5.5750729948754625,0.08,0.625784584420957,3,2,1,0,6,5,4,3,2,1,1,1,1,1,0,0,1,1,1,1,0,0,0,0,1,1,0,0,0,0,0,0,0,0,0,0,0,0,0,0,5.491869313359047,5.64197429749974,3.926511101514452,3.918779307778191,3.27952380952381,-0.15878675102344622,3.7655824339411987,-0.08474134722739114,1.3241815476190477,-0.08254464285714286,0.08333333333333333,1.0833333333333333,0.3333333333333333,0.08333333333333333,4.0,-0.6153846153846154,-0.15384615384615385,-0.3076923076923077,0.9230769230769231,-0.07692307692307693
5,0,1,0,5.277410320581576,0.08,0.8839058845528038,4,3,2,1,0,6,5,4,3,2,1,1,1,1,1,0,0,1,1,1,0,0,0,0,0,1,1,0,0,0,0,0,0,0,0,0,0,0,0,0,5.572997483358898,5.491869313359047,5.640299018658884,3.9252251581689617,3.9189955357142856,3.2790695943431336,-0.15878675102344622,3.7567919612951246,-0.08470982142857142,1.33296875,0.08333333333333333,0.08333333333333333,1.0833333333333333,0.3333333333333333,0.08,3.8461538461538463,-0.6153846153846154,-0.15384615384615385,-0.3076923076923077,0.9230769230769231
6,0,1,0,5.721479859373138,4.24,4.31496273553869,5,4,3,2,1,0,6,5,4,3,0,1,1,1,1,1,0,0,1,1,1,0,0,0,0,0,1,1,0,0,0,0,0,0,0,0,0,0,0,0,5.2754456241716685,5.572997483358898,5.490194034518191,5.638451804986975,3.9254389880952383,3.918779307778191,3.2790695943431336,-0.1675772236695199,3.7553943452380953,-0.07592261904761904,0.08333333333333333,0.08333333333333333,0.08333333333333333,1.0833333333333333,0.32,0.07692307692307693,3.8461538461538463,-0.6153846153846154,-0.15384615384615385,-0.3076923076923077
0,1,0,0,4.376862114169945,-0.08,-0.227698500423991,6,5,4,3,2,1,0,6,5,4,0,0,1,1,1,1,1,0,0,1,1,1,0,0,0,0,0,1,1,0,0,0,0,0,0,0,0,0,0,0,5.719349842896073,5.2754456241716685,5.571322204518042,5.488395980647563,5.638028273809524,3.9252251581689617,3.918779307778191,3.27027912169706,-0.16751488095238093,3.764181547619048,4.416666666666667,0.08333333333333333,0.08333333333333333,0.08333333333333333,1.04,0.3076923076923077,0.07692307692307693,3.8461538461538463,-0.6153846153846154,-0.15384615384615385
1,1,0,0,0.2871305565486831,0.0,-0.3245805706059377,0,6,5,4,3,2,1,0,6,5,1,0,0,1,1,1,1,1,0,0,0,1,1,0,0,0,0,0,1,1,0,0,0,0,0,0,0,0,0,0,4.375232677616786,5.719349842896073,5.273770345330813,5.569497580945293,5.488028273809524,5.638451804986975,3.9252251581689617,3.9099888351321175,3.2690625,-0.15872767857142855,-0.08333333333333333,4.416666666666667,0.08333333333333333,0.08333333333333333,0.08,1.0,0.3076923076923077,0.07692307692307693,3.8461538461538463,-0.6153846153846154
2,1,0,0,5.425962340603028,0.96,0.42385729774724307,1,0,6,5,4,3,2,1,0,6,1,1,0,0,1,1,1,1,1,0,0,0,1,1,0,0,0,0,0,1,0,0,0,0,0,0,0,0,0,0,0.2870236623829166,4.375232677616786,5.717674564055217,5.272043170822479,5.569099702380953,5.488395980647563,5.638451804986975,3.9164346855228875,3.908534226190476,3.2778497023809527,0.0,-0.08333333333333333,4.416666666666667,0.08333333333333333,0.08,0.07692307692307693,1.0,0.3076923076923077,0.07692307692307693,3.8461538461538463
3,0,0,1,7.001906804910023,0.08,0.021078409935715223,2,1,0,6,5,4,3,2,1,0,1,1,1,0,0,1,1,1,1,1,0,0,0,1,1,0,0,0,0,0,0,0,0,0,0,0,0,0,0,0,5.42394234062514,0.2870236623829166,4.37355739877593,5.715802009676219,5.2717559523809525,5.569497580945293,5.488395980647563,5.6296613323409,3.9149776785714283,3.917321428571429,1.0,0.0,-0.08333333333333333,4.416666666666667,0.08,0.07692307692307693,0.07692307692307693,1.0,0.3076923076923077,0.07692307692307693
4,1,0,0,6.2093686688118215,0.16,-0.17351410882217963,3,2,1,0,6,5,4,3,2,1,0,1,1,1,0,0,1,1,1,1,0,0,0,0,1,1,0,0,0,0,1,0,0,0,0,0,0,0,0,0,6.999300105728709,5.42394234062514,0.28534838354206066,4.372125046520283,5.715349702380952,5.272043170822479,5.569497580945293,5.479605508001489,5.627566964285714,3.923764880952381,0.08333333333333333,1.0,0.0,-0.08333333333333333,4.24,0.07692307692307693,0.07692307692307693,0.07692307692307693,1.0,0.3076923076923077
5,0,1,0,-0.0858509116910976,-0.08,-0.35106053043360685,4,3,2,1,0,6,5,4,3,2,1,0,1,1,1,0,0,1,1,1,0,0,0,0,0,1,1,0,0,0,0,1,0,0,0,0,0,0,0,0,6.207057019046059,6.999300105728709,5.422267061784284,0.28525493114998135,4.372172619047619,5.715802009676219,5.272043170822479,5.560707108299218,5.477566964285715,5.636354166666667,0.16666666666666666,0.08333333333333333,1.0,0.0,-0.08,4.076923076923077,0.07692307692307693,0.07692307692307693,0.07692307692307693,1.0
6,0,1,0,4.8857332260755575,4.16,3.70934976819982,5,4,3,2,1,0,6,5,4,3,0,1,0,1,1,1,0,0,1,1,1,0,0,0,0,0,1,1,0,0,0,0,1,0,0,0,0,0,0,0,-0.08581895075424775,6.207057019046059,6.997624826887853,5.4204912541868255,0.28682291666666665,4.372125046520283,5.715802009676219,5.263252698176405,5.5586383928571435,5.4863541666666675,-0.08333333333333333,0.16666666666666666,0.08333333333333333,1.0,0.0,-0.07692307692307693,4.076923076923077,0.07692307692307693,0.07692307692307693,0.07692307692307693
0,1,0,0,5.826614825408177,0.8,0.581983071524543,6,5,4,3,2,1,0,6,5,4,0,0,1,0,1,1,1,0,0,1,1,1,0,0,0,0,0,1,1,0,0,0,0,1,0,0,0,0,0,0,4.883914344854288,-0.08581895075424775,6.205381740205202,6.995333085225158,5.42014880952381,0.28525493114998135,4.372125046520283,5.707011537030145,5.261294642857143,5.567425595238096,4.333333333333333,-0.08333333333333333,0.16666666666666666,0.08333333333333333,0.96,0.0,-0.07692307692307693,4.076923076923077,0.07692307692307693,0.07692307692307693
1,1,0,0,4.0657177332856635,0.08,-0.16723391485697656,0,6,5,4,3,2,1,0,6,5,1,0,0,1,0,1,1,1,0,0,0,1,1,0,0,0,0,0,1,1,0,0,0,0,1,0,0,0,0,0,5.824445668845771,4.883914344854288,-0.08749422959510371,6.203349460364718,6.994404761904762,5.4204912541868255,0.28525493114998135,4.3633345738742095,5.704888392857143,5.270081845238096,0.8333333333333334,4.333333333333333,-0.08333333333333333,0.16666666666666666,0.08,0.9230769230769231,0.0,-0.07692307692307693,4.076923076923077,0.07692307692307693
2,1,0,0,3.280300321773329,0.32,1.2223839101571354,1,0,6,5,4,3,2,1,0,6,1,1,0,0,1,0,1,1,1,0,0,0,1,1,0,0,0,0,0,1,0,0,0,0,0,1,0,0,0,0,4.064204130865337,5.824445668845771,4.882239066013432,-0.08746557499069593,6.202715773809523,6.995333085225158,5.4204912541868255,0.27646445850390766,4.36171130952381,5.7136755952380955,0.08333333333333333,0.8333333333333334,4.333333333333333,-0.08333333333333333,0.16,0.07692307692307693,0.9230769230769231,0.0,-0.07692307692307693,4.076923076923077
3,1,0,0,1.5029495888451911,-0.08,-0.22802020077117605,2,1,0,6,5,4,3,2,1,0,1,1,1,0,0,1,0,1,1,1,0,0,0,1,1,0,0,0,0,0,0,0,0,0,0,0,1,0,0,0,3.279079117835391,4.064204130865337,5.822770390004915,4.880640119091924,-0.08575892857142857,6.203349460364718,6.995333085225158,5.411700781540752,0.2763616071428571,4.370498511904763,0.3333333333333333,0.08333333333333333,0.8333333333333334,4.333333333333333,-0.08,0.15384615384615385,0.07692307692307693,0.9230769230769231,0.0,-0.07692307692307693
4,1,0,0,5.651993207007509,-0.08,-0.24194882049070363,3,2,1,0,6,5,4,3,2,1,1,1,1,1,0,0,1,0,1,1,0,0,0,0,1,1,0,0,0,0,0,0,0,0,0,0,0,1,0,0,1.502390064479621,3.279079117835391,4.0625288520244816,5.820863416449573,4.880498511904762,-0.08746557499069593,6.203349460364718,6.986542612579084,5.4096874999999995,0.2851488095238095,-0.08333333333333333,0.3333333333333333,0.08333333333333333,0.8333333333333334,4.16,-0.07692307692307693,0.15384615384615385,0.07692307692307693,0.9230769230769231,0.0
5,0,1,0,6.062157370992731,-0.24,-0.2775620542376732,4,3,2,1,0,6,5,4,3,2,1,1,1,1,1,0,0,1,0,1,0,0,0,0,0,1,1,0,0,0,0,0,0,0,0,0,0,0,1,0,5.649889059312317,1.502390064479621,3.277403838994535,4.061198362486044,5.820372023809524,4.880640119091924,-0.08746557499069593,6.194558987718645,6.983943452380952,5.418474702380952,-0.08333333333333333,-0.08333333333333333,0.3333333333333333,0.08333333333333333,0.8,4.0,-0.07692307692307693,0.15384615384615385,0.07692307692307693,0.9230769230769231
6,0,1,0,5.286422953164105,6.88,7.369792035805249,5,4,3,2,1,0,6,5,4,3,0,1,1,1,1,1,0,0,1,0,1,0,0,0,0,0,1,1,0,0,0,0,0,0,0,0,0,0,0,1,6.059900525665272,5.649889059312317,1.500714785638765,3.276330480089319,4.0613616071428575,5.820863416449573,4.880640119091924,-0.09625604763676962,6.192254464285714,6.992730654761904,-0.25,-0.08333333333333333,-0.08333333333333333,0.3333333333333333,0.08,0.7692307692307693,4.0,-0.07692307692307693,0.15384615384615385,0.07692307692307693
0,0,0,1,5.796068704564415,0.64,1.2910126473475556,6,5,4,3,2,1,0,6,5,4,0,0,1,1,1,1,1,0,0,1,1,1,0,0,0,0,0,1,1,0,0,0,0,0,0,0,0,0,0,0,5.284454901493604,6.059900525665272,5.648213780471461,1.5002232973576477,3.2767857142857144,4.061198362486044,5.820863416449573,4.871849646445851,-0.0962202380952381,6.201041666666666,7.166666666666667,-0.25,-0.08333333333333333,-0.08333333333333333,0.32,0.07692307692307693,0.7692307692307693,4.0,-0.07692307692307693,0.15384615384615385
1,1,0,0,5.107659992849482,-0.24,-0.3470463132888884,0,6,5,4,3,2,1,0,6,5,0,0,0,1,1,1,1,1,0,0,0,1,1,0,0,0,0,0,1,1,1,0,0,0,0,0,0,0,0,0,5.79391091983977,5.284454901493604,6.058225246824416,5.646363974692966,1.5013392857142855,3.276330480089319,4.061198362486044,5.812072943803499,4.870037202380952,-0.0874330357142857,0.6666666666666666,7.166666666666667,-0.25,-0.08333333333333333,-0.08,0.3076923076923077,0.07692307692307693,0.7692307692307693,4.0,-0.07692307692307693
2,1,0,0,5.490168037182696,0.16,0.1391323842167778,1,0,6,5,4,3,2,1,0,6,1,0,0,0,1,1,1,1,1,0,0,0,1,1,0,0,0,0,0,1,0,1,0,0,0,0,0,0,0,0,5.105758491802303,5.79391091983977,5.282779622652749,6.05624116114626,5.6459375000000005,1.5002232973576477,3.276330480089319,4.05240788983997,5.8099107142857145,4.878824404761905,-0.25,0.6666666666666666,7.166666666666667,-0.25,-0.08,-0.07692307692307693,0.3076923076923077,0.07692307692307693,0.7692307692307693,4.0
3,1,0,0,7.149349004886188,1.04,2.7542536074421355,2,1,0,6,5,4,3,2,1,0,1,1,0,0,0,1,1,1,1,1,0,0,0,1,1,0,0,0,0,0,0,0,1,0,0,0,0,0,0,0,5.488124134439266,5.105758491802303,5.792235640998913,5.281049497580946,6.055662202380953,5.646363974692966,1.5002232973576477,3.267540007443245,4.050900297619047,5.818697916666667,0.16666666666666666,-0.25,0.6666666666666666,7.166666666666667,-0.24,-0.07692307692307693,-0.07692307692307693,0.3076923076923077,0.07692307692307693,0.7692307692307693
4,1,0,0,4.66989929686569,0.32,0.15218537580381106,3,2,1,0,6,5,4,3,2,1,1,1,1,0,0,0,1,1,1,1,0,0,0,0,1,1,0,0,0,0,0,0,0,1,0,0,0,0,0,0,7.146687415305348,5.488124134439266,5.104083212961447,5.7903386676591,5.280758928571428,6.05624116114626,5.646363974692966,1.491432824711574,3.2663244047619044,4.0596875,1.0833333333333333,0.16666666666666666,-0.25,0.6666666666666666,6.88,-0.23076923076923078,-0.07692307692307693,-0.07692307692307693,0.3076923076923077,0.07692307692307693
5,0,1,0,3.3009623406030277,0.88,0.8174968797579607,4,3,2,1,0,6,5,4,3,2,1,1,1,1,0,0,0,1,1,1,0,0,0,0,0,1,1,0,0,0,0,0,0,0,1,0,0,0,0,0,4.668160767203253,7.146687415305348,5.48644885559841,5.102411611462598,5.789858630952382,5.281049497580946,6.05624116114626,5.637573502046893,1.490877976190476,3.275111607142857,0.3333333333333333,1.0833333333333333,0.16666666666666666,-0.25,0.64,6.615384615384615,-0.23076923076923078,-0.07692307692307693,-0.07692307692307693,0.3076923076923077
6,0,1,0,2.9712191633893457,1.2,0.2302891935324156,5,4,3,2,1,0,6,5,4,3,0,1,1,1,1,0,0,0,1,1,1,0,0,0,0,0,1,1,0,0,0,0,0,0,0,1,0,0,0,0,3.2997334445222113,4.668160767203253,7.145012136464492,5.484652028284332,5.1021875,5.7903386676591,5.281049497580946,6.047450688500186,5.63547619047619,1.4996651785714283,0.9166666666666666,0.3333333333333333,1.0833333333333333,0.16666666666666666,-0.24,0.6153846153846154,6.615384615384615,-0.23076923076923078,-0.07692307692307693,-0.07692307692307693
0,1,0,0,3.9988678345846744,0.56,1.1207406748368502,6,5,4,3,2,1,0,6,5,4,0,0,1,1,1,1,0,0,0,1,1,1,0,0,0,0,0,1,1,0,0,0,0,0,0,0,1,0,0,0,2.9701130254791295,3.2997334445222113,4.666485488362397,7.142672125046521,5.484285714285714,5.102411611462598,5.7903386676591,5.272259024934871,6.045200892857143,5.644263392857143,1.25,0.9166666666666666,0.3333333333333333,1.0833333333333333,0.16,-0.23076923076923078,0.6153846153846154,6.615384615384615,-0.23076923076923078,-0.07692307692307693
1,1,0,0,4.595072101060661,0.48,-0.19753708224822297,0,6,5,4,3,2,1,0,6,5,1,0,0,1,1,1,1,0,0,0,0,1,1,0,0,0,0,0,1,1,0,0,0,0,0,0,0,1,0,0,3.997379119324528,2.9701130254791295,3.298058165681355,4.664957201339785,7.141688988095238,5.484652028284332,5.102411611462598,5.781548195013026,5.270297619047619,6.053988095238095,0.5833333333333334,1.25,0.9166666666666666,0.3333333333333333,1.04,0.15384615384615385,-0.23076923076923078,0.6153846153846154,6.615384615384615,-0.23076923076923078
2,1,0,0,4.372899535216304,0.8,0.6332148571273466,1,0,6,5,4,3,2,1,0,6,1,1,0,0,1,1,1,1,0,0,0,0,1,1,0,0,0,0,0,1,0,0,0,0,0,0,0,0,1,0,4.593361428379969,3.997379119324528,2.9684377466382736,3.2969780424264985,4.664895833333334,7.142672125046521,5.484652028284332,5.093621138816524,5.779397321428571,5.2790848214285715,0.5,0.5833333333333334,1.25,0.9166666666666666,0.32,1.0,0.15384615384615385,-0.23076923076923078,0.6153846153846154,6.615384615384615
3,1,0,0,7.2108509116910975,-0.48,0.1856070259355825,2,1,0,6,5,4,3,2,1,0,1,1,1,0,0,1,1,1,1,0,0,0,0,1,1,0,0,0,0,0,0,0,0,0,0,0,0,0,0,1,4.371271573868628,4.593361428379969,3.9957038404836718,2.9674655749906957,3.2974255952380958,4.664957201339785,7.142672125046521,5.475861555638258,5.09172619047619,5.788184523809524,0.8333333333333334,0.5,0.5833333333333334,1.25,0.88,0.3076923076923077,1.0,0.15384615384615385,-0.23076923076923078,0.6153846153846154
4,1,0,0,2.3466139315933736,1.2,0.4213580881750492,3,2,1,0,6,5,4,3,2,1,1,1,1,1,0,0,1,1,1,1,0,0,0,0,1,1,0,0,0,0,0,0,0,0,0,0,0,0,0,0,7.208166425922893,4.371271573868628,4.591686149539113,3.994395236323037,2.968035714285714,3.2969780424264985,4.664957201339785,7.133881652400447,5.4738244047619045,5.100513392857143,-0.5,0.8333333333333334,0.5,0.5833333333333334,1.2,0.8461538461538461,0.3076923076923077,1.0,0.15384615384615385,-0.23076923076923078
5,0,1,0,4.8814131212012875,0.4,0.6878848151906904,4,3,2,1,0,6,5,4,3,2,1,1,1,1,1,0,0,1,1,1,0,0,0,0,0,1,1,0,0,0,0,0,0,0,0,0,0,0,0,0,2.3457403243339834,7.208166425922893,4.3695962950277725,4.590182359508747,3.9945833333333334,2.9674655749906957,3.2969780424264985,4.6561667286937105,7.131227678571429,5.482611607142857,1.25,-0.5,0.8333333333333334,0.5,0.56,1.1538461538461537,0.8461538461538461,0.3076923076923077,1.0,0.15384615384615385
6,0,1,0,5.156976224526279,1.2,0.5823228675162572,5,4,3,2,1,0,6,5,4,3,0,1,1,1,1,1,0,0,1,1,1,0,0,0,0,0,1,1,0,0,0,0,0,0,0,0,0,0,0,0,4.8795958482867485,2.3457403243339834,7.206491147082037,4.368165240044659,4.59014880952381,3.994395236323037,2.9674655749906957,3.2881875697804244,4.654434523809524,7.140014880952381,0.4166666666666667,1.25,-0.5,0.8333333333333334,0.48,0.5384615384615384,1.1538461538461537,0.8461538461538461,0.3076923076923077,1.0
0,1,0,0,5.494838219520916,0.4,0.6603150954369319,6,5,4,3,2,1,0,6,5,4,0,0,1,1,1,1,1,0,0,1,1,1,0,0,0,0,0,1,1,0,0,0,0,0,0,0,0,0,0,0,5.15505636382589,4.8795958482867485,2.3440650454931276,7.204131001116487,4.368214285714286,4.590182359508747,3.994395236323037,2.958675102344622,3.286964285714286,4.663221726190477,1.25,0.4166666666666667,1.25,-0.5,0.8,0.46153846153846156,0.5384615384615384,1.1538461538461537,0.8461538461538461,0.3076923076923077
1,1,0,0,1.3712161840066739,0.08,-0.24009100098570996,0,6,5,4,3,2,1,0,6,5,1,0,0,1,1,1,1,1,0,0,0,1,1,0,0,0,0,0,1,1,0,0,0,0,0,0,0,0,0,0,5.492792578142452,5.15505636382589,4.877920569445893,2.3432973576479346,7.203125,4.368165240044659,4.590182359508747,3.985604763676963,2.9575744047619046,3.2957514880952385,0.4166666666666667,1.25,0.4166666666666667,1.25,-0.48,0.7692307692307693,0.46153846153846156,0.5384615384615384,1.1538461538461537,0.8461538461538461
2,1,0,0,0.6319568585389108,0.56,0.6919694042863556,1,0,6,5,4,3,2,1,0,6,1,1,0,0,1,1,1,1,1,0,0,0,1,1,0,0,0,0,0,1,0,0,0,0,0,0,0,0,0,0,1.370705701904606,5.492792578142452,5.1533810849850346,4.876323036844064,2.3440997023809524,7.204131001116487,4.368165240044659,4.581391886862672,3.984122023809524,2.966361607142857,0.08333333333333333,0.4166666666666667,1.25,0.4166666666666667,1.2,-0.46153846153846156,0.7692307692307693,0.46153846153846156,0.5384615384615384,1.1538461538461537
3,1,0,0,-0.13612799427958527,-0.56,-0.2631116767675549,2,1,0,6,5,4,3,2,1,0,1,1,1,0,0,1,1,1,1,1,0,0,0,1,1,0,0,0,0,0,0,0,0,0,0,0,0,0,0,0,0.6317215909937011,1.370705701904606,5.491117299301595,5.151693338295497,4.876183035714286,2.3432973576479346,7.204131001116487,4.359374767398585,4.5796875,3.992909226190476,0.5833333333333334,0.08333333333333333,0.4166666666666667,1.25,0.4,1.1538461538461537,-0.46153846153846156,0.7692307692307693,0.46153846153846156,0.5384615384615384
4,1,0,0,-0.05959510189488738,0.4,0.05147808743111717,3,2,1,0,6,5,4,3,2,1,1,1,1,1,0,0,1,1,1,1,0,0,0,0,1,1,0,0,0,0,0,0,0,0,0,0,0,0,0,0,-0.13607731597992642,0.6317215909937011,1.36903042306375,5.489318943059174,5.151450892857143,4.876323036844064,2.3432973576479346,7.195340528470413,4.357752976190476,4.588474702380953,-0.5833333333333334,0.5833333333333334,0.08333333333333333,0.4166666666666667,1.2,0.38461538461538464,1.1538461538461537,-0.46153846153846156,0.7692307692307693,0.46153846153846156
5,0,1,0,0.2883818972708855,-0.16,0.3203190463193208,4,3,2,1,0,6,5,4,3,2,1,1,1,1,1,0,0,1,1,1,0,0,0,0,0,1,1,0,0,0,0,0,0,0,0,0,0,0,0,0,-0.059572915580837785,-0.13607731597992642,0.630046312152845,1.3685820617789357,5.488950892857143,5.151693338295497,4.876323036844064,2.334506885001861,7.1926636904761905,4.366540178571428,0.4166666666666667,-0.5833333333333334,0.5833333333333334,0.08333333333333333,0.4,1.1538461538461537,0.38461538461538464,1.1538461538461537,-0.46153846153846156,0.7692307692307693
6,0,1,0,0.11076599928494815,0.48,0.8235931013371174,5,4,3,2,1,0,6,5,4,3,0,1,1,1,1,1,0,0,1,1,1,0,0,0,0,0,1,1,0,0,0,0,0,0,0,0,0,0,0,0,0.28827453725075575,-0.059572915580837785,-0.1377525948207824,0.629839970227019,1.369747023809524,5.489318943059174,5.151693338295497,4.86753256419799,2.333638392857143,7.201450892857143,-0.16666666666666666,0.4166666666666667,-0.5833333333333334,0.5833333333333334,0.08,0.38461538461538464,1.1538461538461537,0.38461538461538464,1.1538461538461537,-0.46153846153846156
0,1,0,0,0.0,1.36,0.7479894984942915,6,5,4,3,2,1,0,6,5,4,0,0,1,1,1,1,1,0,0,1,1,1,0,0,0,0,0,1,1,0,0,0,0,0,0,0,0,0,0,0,0.11072476285497296,0.28827453725075575,-0.06124819442169374,-0.1377074804614812,0.631279761904762,1.3685820617789357,5.489318943059174,5.142902865649423,4.865721726190476,2.3424255952380952,0.5,-0.16666666666666666,0.4166666666666667,-0.5833333333333334,0.56,0.07692307692307693,0.38461538461538464,1.1538461538461537,0.38461538461538464,1.1538461538461537
1,1,0,0,-0.17926945536884759,-0.56,-0.34986822852185223,0,6,5,4,3,2,1,0,6,5,1,0,0,1,1,1,1,1,0,0,0,1,1,0,0,0,0,0,1,1,0,0,0,0,0,0,0,0,0,0,0.0,0.11072476285497296,0.2865992584098998,-0.061228135467063634,-0.13598214285714286,0.629839970227019,1.3685820617789357,5.4805284704131,5.140989583333333,4.874508928571428,1.4166666666666667,0.5,-0.16666666666666666,0.4166666666666667,-0.56,0.5384615384615384,0.07692307692307693,0.38461538461538464,1.1538461538461537,0.38461538461538464
2,1,0,0,-0.015723692051007022,0.8,0.05790606249330838,1,0,6,5,4,3,2,1,0,6,1,1,0,0,1,1,1,1,1,0,0,0,1,1,0,0,0,0,0,1,0,0,0,0,0,0,0,0,0,0,-0.17920271618542732,0.0,0.109049484014117,0.28650539635280986,-0.059531249999999994,-0.1377074804614812,0.629839970227019,1.359791589132862,5.478489583333333,5.149776785714286,-0.5833333333333334,1.4166666666666667,0.5,-0.16666666666666666,0.4,-0.5384615384615384,0.5384615384615384,0.07692307692307693,0.38461538461538464,1.1538461538461537
3,1,0,0,-0.16410439756882375,0.4,-0.2811962628472793,2,1,0,6,5,4,3,2,1,0,1,1,1,0,0,1,1,1,1,1,0,0,0,1,1,0,0,0,0,0,0,0,0,0,0,0,0,0,0,0,-0.015717838369097424,-0.17920271618542732,-0.001675278840855956,0.1090137700037216,0.2880729166666667,-0.061228135467063634,-0.1377074804614812,0.6210494975809454,1.3592857142857144,5.487276785714286,0.8333333333333334,-0.5833333333333334,1.4166666666666667,0.5,-0.16,0.38461538461538464,-0.5384615384615384,0.5384615384615384,0.07692307692307693,0.38461538461538464
4,1,0,0,0.001675902752949589,0.48,1.2674541287977605,3,2,1,0,6,5,4,3,2,1,1,1,1,1,0,0,1,1,1,1,0,0,0,0,1,1,0,0,0,0,0,0,0,0,0,0,0,0,0,0,-0.1640433040966152,-0.015717838369097424,-0.18087799502628327,-0.0016747301823595087,0.11064732142857141,0.28650539635280986,-0.061228135467063634,-0.1464979531075549,0.6208184523809525,1.3680729166666667,0.4166666666666667,0.8333333333333334,-0.5833333333333334,1.4166666666666667,0.48,-0.15384615384615385,0.38461538461538464,-0.5384615384615384,0.5384615384615384,0.07692307692307693
5,0,1,0,1.4079519723513287,-0.16,4.262438116665637,4,3,2,1,0,6,5,4,3,2,1,1,1,1,1,0,0,1,1,1,0,0,0,0,0,1,1,0,0,0,0,0,0,0,0,0,0,0,0,0,0.001675278840855956,-0.1640433040966152,-0.01739311720995338,-0.18081875697804242,0.0,0.1090137700037216,0.28650539635280986,-0.07001860811313733,-0.14644345238095238,0.6296056547619048,0.5,0.4166666666666667,0.8333333333333334,-0.5833333333333334,1.36,0.46153846153846156,-0.15384615384615385,0.38461538461538464,-0.5384615384615384,0.5384615384615384
6,0,1,0,0.2451063639613872,0.32,1.7056642885973814,5,4,3,2,1,0,6,5,4,3,0,1,1,1,1,1,0,0,1,1,1,0,0,0,0,0,1,1,0,0,0,0,0,0,0,0,0,0,0,0,1.4074278140961682,0.001675278840855956,-0.16571858293747116,-0.017387420915519154,-0.17907738095238096,-0.0016747301823595087,0.1090137700037216,0.27771492370673617,-0.06999255952380952,-0.13765624999999998,-0.16666666666666666,0.5,0.4166666666666667,0.8333333333333334,-0.56,1.3076923076923077,0.46153846153846156,-0.15384615384615385,0.38461538461538464,-0.5384615384615384
0,1,0,0,-0.13583750446907403,0.8,-0.06429583563927137,6,5,4,3,2,1,0,6,5,4,0,0,1,1,1,1,1,0,0,1,1,1,0,0,0,0,0,1,1,0,0,0,0,0,0,0,0,0,0,0,0.2450151147379864,1.4074278140961682,0.0,-0.1656643096390026,-0.015706845238095228,-0.18081875697804242,-0.0016747301823595087,0.10022329735764791,0.27761160714285715,-0.06120535714285714,0.3333333333333333,-0.16666666666666666,0.5,0.4166666666666667,0.8,-0.5384615384615384,1.3076923076923077,0.46153846153846156,-0.15384615384615385,0.38461538461538464
1,1,0,0,-0.14805297342390655,0.16,-0.10095660614176229,0,6,5,4,3,2,1,0,6,5,1,0,0,1,1,1,1,1,0,0,0,1,1,0,0,0,0,0,1,1,0,0,0,0,0,0,0,0,0,0,-0.13578693431417807,0.2450151147379864,1.4057525352553124,0.0,-0.16392857142857142,-0.017387420915519154,-0.18081875697804242,-0.010465202828433199,0.10018601190476188,0.2863988095238095,0.8333333333333334,0.3333333333333333,-0.16666666666666666,0.5,0.4,0.7692307692307693,-0.5384615384615384,1.3076923076923077,0.46153846153846156,-0.15384615384615385
2,1,0,0,0.05653378619949945,0.8,1.1488070195015756,1,0,6,5,4,3,2,1,0,6,1,1,0,0,1,1,1,1,1,0,0,0,1,1,0,0,0,0,0,1,0,0,0,0,0,0,0,0,0,0,-0.1479978556430837,-0.13578693431417807,0.24333983589713043,1.4052921473762559,0.0016741071428571428,-0.1656643096390026,-0.017387420915519154,-0.1896092296241161,-0.010461309523809526,0.10897321428571427,0.16666666666666666,0.8333333333333334,0.3333333333333333,-0.16666666666666666,0.48,0.38461538461538464,0.7692307692307693,-0.5384615384615384,1.3076923076923077,0.46153846153846156
3,1,0,0,-0.17933649147896558,-0.56,-0.35020098731847177,2,1,0,6,5,4,3,2,1,0,1,1,1,0,0,1,1,1,1,1,0,0,0,1,1,0,0,0,0,0,0,0,0,0,0,0,0,0,0,0,0.05651273956487423,-0.1479978556430837,-0.13746221315503404,0.24326014142165983,1.4064434523809521,0.0,-0.1656643096390026,-0.026177893561592846,-0.18953869047619049,-0.0016741071428571428,0.8333333333333334,0.16666666666666666,0.8333333333333334,0.3333333333333333,-0.16,0.46153846153846156,0.38461538461538464,0.7692307692307693,-0.5384615384615384,1.3076923076923077
4,1,0,0,-0.17940352758908354,-0.32,-0.35068052189849447,3,2,1,0,6,5,4,3,2,1,1,1,1,1,0,0,1,1,1,1,0,0,0,0,1,1,0,0,0,0,0,0,0,0,0,0,0,0,0,0,-0.17926972733906157,0.05651273956487423,-0.14967313448393965,-0.1374171938965389,0.24484375,1.4052921473762559,0.0,-0.1744547822850763,-0.026168154761904754,-0.1807514880952381,-0.5833333333333334,0.8333333333333334,0.16666666666666666,0.8333333333333334,0.32,-0.15384615384615385,0.46153846153846156,0.38461538461538464,0.7692307692307693,-0.5384615384615384
5,0,1,0,-0.17023447741627937,-0.48,-0.30873481787990426,4,3,2,1,0,6,5,4,3,2,1,1,1,1,1,0,0,1,1,1,0,0,0,0,0,1,1,0,0,0,0,0,0,0,0,0,0,0,0,0,-0.17933673849269577,-0.17926972733906157,0.054837460724018273,-0.14962411611462598,-0.13569196428571428,0.24326014142165983,1.4052921473762559,-0.00879047264607369,-0.17438988095238095,-0.01738095238095237,-0.3333333333333333,-0.5833333333333334,0.8333333333333334,0.16666666666666666,0.8,0.3076923076923077,-0.15384615384615385,0.46153846153846156,0.38461538461538464,0.7692307692307693
6,0,1,0,0.21490287212489576,0.16,1.195867759040408,5,4,3,2,1,0,6,5,4,3,0,1,1,1,1,1,0,0,1,1,1,0,0,0,0,0,1,1,0,0,0,0,0,0,0,0,0,0,0,0,-0.17017110181227943,-0.17933673849269577,-0.18094500617991752,0.0548195013025679,-0.14789434523809522,-0.1374171938965389,0.24326014142165983,1.3965016747301822,-0.008787202380952383,-0.16560267857142857,-0.5,-0.3333333333333333,-0.5833333333333334,0.8333333333333334,0.16,0.7692307692307693,0.3076923076923077,-0.15384615384615385,0.46153846153846156,0.38461538461538464
0,1,0,0,-0.16417888213562148,-0.32,-0.31831143509016907,6,5,4,3,2,1,0,6,5,4,0,0,1,1,1,1,1,0,0,1,1,1,0,0,0,0,0,1,1,0,0,0,0,0,0,0,0,0,0,0,0.21482286718389354,-0.17017110181227943,-0.18101201733355174,-0.18088574618533682,0.056473214285714265,-0.14962411611462598,-0.1374171938965389,0.23446966877558614,1.3959821428571426,0.0,0.16666666666666666,-0.5,-0.3333333333333333,-0.5833333333333334,0.8,0.15384615384615385,0.7692307692307693,0.3076923076923077,-0.15384615384615385,0.46153846153846156
1,1,0,0,-0.1662346561792397,-0.08,-0.26322427188906966,0,6,5,4,3,2,1,0,6,5,1,0,0,1,1,1,1,1,0,0,0,1,1,0,0,0,0,0,1,1,0,0,0,0,0,0,0,0,0,0,-0.16411776093398656,0.21482286718389354,-0.1718463806531354,-0.18095273539263118,-0.17914434523809525,0.0548195013025679,-0.14962411611462598,-0.14620766654261258,0.23438244047619047,1.4047693452380952,-0.3333333333333333,0.16666666666666666,-0.5,-0.3333333333333333,-0.56,0.7692307692307693,0.15384615384615385,0.7692307692307693,0.3076923076923077,-0.15384615384615385
2,1,0,0,-0.026099392205934924,1.36,1.4434523674883597,1,0,6,5,4,3,2,1,0,6,1,1,0,0,1,1,1,1,1,0,0,0,1,1,0,0,0,0,0,1,0,0,0,0,0,0,0,0,0,0,-0.16617276964543656,-0.16411776093398656,0.21314758834303757,-0.17179010048381094,-0.1792113095238095,-0.18088574618533682,0.0548195013025679,-0.15841458876069966,-0.1461532738095238,0.24316964285714285,-0.08333333333333333,-0.3333333333333333,0.16666666666666666,-0.5,-0.32,-0.5384615384615384,0.7692307692307693,0.15384615384615385,0.7692307692307693,0.3076923076923077
3,1,0,0,-0.17438326778691457,-0.32,-0.2985831612990461,2,1,0,6,5,4,3,2,1,0,1,1,1,0,0,1,1,1,1,1,0,0,0,1,1,0,0,0,0,0,0,0,0,0,0,0,0,0,0,0,-0.02608967581493008,-0.16617276964543656,-0.16579303977484253,0.21307778191291407,-0.17005208333333335,-0.18095273539263118,-0.18088574618533682,0.04602902865649421,-0.15835565476190475,-0.13736607142857143,1.4166666666666667,-0.08333333333333333,-0.3333333333333333,0.16666666666666666,-0.48,-0.3076923076923077,-0.5384615384615384,0.7692307692307693,0.15384615384615385,0.7692307692307693
4,1,0,0,0.022799725896794194,1.68,1.3369273293995412,3,2,1,0,6,5,4,3,2,1,1,1,1,1,0,0,1,1,1,1,0,0,0,0,1,1,0,0,0,0,0,0,0,0,0,0,0,0,0,0,-0.17431834765386506,-0.02608967581493008,-0.1678480484862925,-0.1657387420915519,0.21467261904761908,-0.17179010048381094,-0.18095273539263118,-0.1896762188314105,0.04601190476190474,-0.14956845238095237,-0.3333333333333333,1.4166666666666667,-0.08333333333333333,-0.3333333333333333,0.16,-0.46153846153846156,-0.3076923076923077,-0.5384615384615384,0.7692307692307693,0.15384615384615385
5,0,1,0,-0.088331247765463,0.08,0.03463405831522512,4,3,2,1,0,6,5,4,3,2,1,1,1,1,1,0,0,1,1,1,0,0,0,0,0,1,1,0,0,0,0,0,0,0,0,0,0,0,0,0,0.02279123791937815,-0.17431834765386506,-0.027764954655786035,-0.1677930777819129,-0.16400297619047619,0.21307778191291407,-0.17179010048381094,-0.18974320803870487,-0.18960565476190477,0.05479910714285713,1.75,-0.3333333333333333,1.4166666666666667,-0.08333333333333333,-0.32,0.15384615384615385,-0.46153846153846156,-0.3076923076923077,-0.5384615384615384,0.7692307692307693
6,0,1,0,-0.06411631509951138,0.64,0.18499277933517608,5,4,3,2,1,0,6,5,4,3,0,1,1,1,1,1,0,0,1,1,1,0,0,0,0,0,1,1,0,0,0,0,0,0,0,0,0,0,0,0,-0.08829836343871458,0.02279123791937815,-0.17599362649472103,-0.027755861555638254,-0.16605654761904762,-0.1657387420915519,0.21307778191291407,-0.18058057312988465,-0.18967261904761903,-0.1808184523809524,0.08333333333333333,1.75,-0.3333333333333333,1.4166666666666667,-0.08,-0.3076923076923077,0.15384615384615385,-0.46153846153846156,-0.3076923076923077,-0.5384615384615384
0,1,0,0,-0.06495054224764628,0.96,0.5377774225669778,6,5,4,3,2,1,0,6,5,4,0,0,1,1,1,1,1,0,0,1,1,1,0,0,0,0,0,1,1,0,0,0,0,0,0,0,0,0,0,0,-0.06409244560928029,-0.08829836343871458,0.021115959078522192,-0.1759359880908076,-0.026071428571428565,-0.1677930777819129,-0.1657387420915519,0.20428730926684036,-0.18051339285714288,-0.18088541666666666,0.6666666666666666,0.08333333333333333,1.75,-0.3333333333333333,1.36,-0.07692307692307693,-0.3076923076923077,0.15384615384615385,-0.46153846153846156,-0.3076923076923077
1,1,0,0,-0.13685794303420332,1.04,0.061627733384805386,0,6,5,4,3,2,1,0,6,5,1,0,0,1,1,1,1,1,0,0,0,1,1,0,0,0,0,0,1,1,0,0,0,0,0,0,0,0,0,0,-0.0649263621878397,-0.06409244560928029,-0.08997364227957054,0.021109043542984752,-0.17419642857142859,-0.027755861555638254,-0.1677930777819129,-0.1745292147376256,0.20421130952380956,-0.17172619047619048,1.0,0.6666666666666666,0.08333333333333333,1.75,-0.32,1.3076923076923077,-0.07692307692307693,-0.3076923076923077,0.15384615384615385,-0.46153846153846156
