DIA_SEMANA,LABORAL,FIN_DE_SEMANA,FESTIVO,PORCENTAJE_USO,NUMERO_CONEXIONES,USAGE_KB,DIA_SEMANA_lag_1,DIA_SEMANA_lag_2,DIA_SEMANA_lag_3,DIA_SEMANA_lag_4,DIA_SEMANA_lag_5,DIA_SEMANA_lag_6,DIA_SEMANA_lag_7,DIA_SEMANA_lag_8,DIA_SEMANA_lag_9,DIA_SEMANA_lag_10,LABORAL_lag_1,LABORAL_lag_2,LABORAL_lag_3,LABORAL_lag_4,LABORAL_lag_5,LABORAL_lag_6,LABORAL_lag_7,LABORAL_lag_8,LABORAL_lag_9,LABORAL_lag_10,FIN_DE_SEMANA_lag_1,FIN_DE_SEMANA_lag_2,FIN_DE_SEMANA_lag_3,FIN_DE_SEMANA_lag_4,FIN_DE_SEMANA_lag_5,FIN_DE_SEMANA_lag_6,FIN_DE_SEMANA_lag_7,FIN_DE_SEMANA_lag_8,FIN_DE_SEMANA_lag_9,FIN_DE_SEMANA_lag_10,FESTIVO_lag_1,FESTIVO_lag_2,FESTIVO_lag_3,FESTIVO_lag_4,FESTIVO_lag_5,FESTIVO_lag_6,FESTIVO_lag_7,FESTIVO_lag_8,FESTIVO_lag_9,FESTIVO_lag_10,PORCENTAJE_USO_lag_1,PORCENTAJE_USO_lag_2,PORCENTAJE_USO_lag_3,PORCENTAJE_USO_lag_4,PORCENTAJE_USO_lag_5,PORCENTAJE_USO_lag_6,PORCENTAJE_USO_lag_7,PORCENTAJE_USO_lag_8,PORCENTAJE_USO_lag_9,PORCENTAJE_USO_lag_10,NUMERO_CONEXIONES_lag_1,NUMERO_CONEXIONES_lag_2,NUMERO_CONEXIONES_lag_3,NUMERO_CONEXIONES_lag_4,NUMERO_CONEXIONES_lag_5,NUMERO_CONEXIONES_lag_6,NUMERO_CONEXIONES_lag_7,NUMERO_CONEXIONES_lag_8,NUMERO_CONEXIONES_lag_9,NUMERO_CONEXIONES_lag_10
1,1,0,0,0.4560656734569778,-0.9333333333333333,-0.4249880056605219,0,6,5,4,3,2,1,0,6,5,1,0,0,1,1,1,1,1,0,0,0,1,1,0,0,0,0,0,1,1,0,0,0,0,0,0,0,0,0,0,0.35270132517838937,4.18756371049949,-0.6392883004034343,-0.3786076342195096,0.7053815749467923,1.0905036991993513,-0.39308989345194995,-0.19654494672597497,-0.9138874548270521,-1.065979381443299,-1.4,-0.75,-0.75,-1.1875,-0.5,-0.8125,-0.75,-0.9375,-0.875,-0.375
2,1,0,0,-0.6861254687341644,-0.6,-0.8216219975514076,1,0,6,5,4,3,2,1,0,6,1,1,0,0,1,1,1,1,1,0,0,0,1,1,0,0,0,0,0,1,0,0,0,0,0,0,0,0,0,0,0.45871559633027525,0.35270132517838937,4.249508637633184,-0.6392883004034343,-0.3709334144116752,0.7053815749467923,1.1130650667218371,-0.39308989345194995,-0.188022715539494,-0.9103092783505154,-0.9333333333333333,-1.3125,-0.75,-0.75,-1.1875,-0.5,-0.8125,-0.6875,-0.9375,-0.875
3,1,0,0,-0.9425357251444207,-0.7333333333333333,-0.930815171596329,2,1,0,6,5,4,3,2,1,0,1,1,1,0,0,1,1,1,1,1,0,0,0,1,1,0,0,0,0,0,0,0,0,0,0,0,0,0,0,0,-0.690112130479103,0.45871559633027525,0.35791869245888064,4.249508637633184,-0.6263301915475828,-0.3709334144116752,0.7199751732698871,1.1130650667218371,-0.3842023748064016,-0.18556701030927836,-0.6,-0.875,-1.3125,-0.75,-0.75,-1.1875,-0.5,-0.75,-0.6875,-0.9375
4,1,0,0,1.2830647613256307,-1.0,-0.3514385143952232,3,2,1,0,6,5,4,3,2,1,1,1,1,1,0,0,1,1,1,1,0,0,0,0,1,1,0,0,0,0,0,0,0,0,0,0,0,0,0,0,-0.9480122324159022,-0.690112130479103,0.4655011896141512,0.35791869245888064,4.163372859025032,-0.6263301915475828,-0.3786076342195096,0.7199751732698871,1.119153329891585,-0.38144329896907214,-0.7333333333333333,-0.5625,-0.875,-1.3125,-0.75,-0.75,-1.1875,-0.4375,-0.75,-0.6875
5,0,1,0,1.5931894192763756,-1.3333333333333333,-0.35787346072643367,4,3,2,1,0,6,5,4,3,2,1,1,1,1,1,0,0,1,1,1,0,0,0,0,0,1,1,0,0,0,0,0,0,0,0,0,0,0,0,0,1.290519877675841,-0.9480122324159022,-0.7003206785972897,0.4655011896141512,0.35066382892469844,4.163372859025032,-0.6392883004034343,-0.3786076342195096,0.7267940113577698,1.1195876288659794,-1.0,-0.6875,-0.5625,-0.875,-1.3125,-0.75,-0.75,-1.125,-0.4375,-0.75
6,0,1,0,1.4067092327961894,-1.0,-0.26669699409085595,5,4,3,2,1,0,6,5,4,3,0,1,1,1,1,1,0,0,1,1,1,0,0,0,0,0,1,1,0,0,0,0,0,0,0,0,0,0,0,0,1.6024464831804281,1.290519877675841,-0.9620357918692459,-0.7003206785972897,0.4560656734569778,0.35066382892469844,4.249508637633184,-0.6392883004034343,-0.36974703149199784,0.7278350515463917,-1.3333333333333333,-0.9375,-0.6875,-0.5625,-0.875,-1.3125,-0.75,-0.6875,-1.125,-0.4375
0,1,0,0,0.1976284584980237,-1.2,-0.5489916691416891,6,5,4,3,2,1,0,6,5,4,0,0,1,1,1,1,1,0,0,1,1,1,0,0,0,0,0,1,1,0,0,0,0,0,0,0,0,0,0,0,1.414882772680938,1.6024464831804281,1.3096100134478121,-0.9620357918692459,-0.6861254687341644,0.4560656734569778,0.35791869245888064,4.249508637633184,-0.6299432111512648,-0.36701030927835043,-1.0,-1.25,-0.9375,-0.6875,-0.5625,-0.875,-1.3125,-0.6875,-0.6875,-1.125
1,1,0,0,1.3408330799635149,-0.4666666666666667,-0.010684033484701674,0,6,5,4,3,2,1,0,6,5,1,0,0,1,1,1,1,1,0,0,0,1,1,0,0,0,0,0,1,1,0,0,0,0,0,0,0,0,0,0,0.19877675840978595,1.414882772680938,1.6261508223854348,1.3096100134478121,-0.9425357251444207,-0.6861254687341644,0.4655011896141512,0.35791869245888064,4.249767681982447,-0.6268041237113402,-1.2,-0.9375,-1.25,-0.9375,-0.6875,-0.5625,-0.875,-1.25,-0.6875,-0.6875
2,1,0,0,0.2736394040741867,-0.5333333333333333,-0.2862101381398493,1,0,6,5,4,3,2,1,0,6,1,1,0,0,1,1,1,1,1,0,0,0,1,1,0,0,0,0,0,1,0,0,0,0,0,0,0,0,0,0,1.3486238532110093,0.19877675840978595,1.4358125581876489,1.6261508223854348,1.2830647613256307,-0.9425357251444207,-0.7003206785972897,0.4655011896141512,0.36541042849767685,4.245360824742267,-0.4666666666666667,-1.125,-0.9375,-1.25,-0.9375,-0.6875,-0.5625,-0.8125,-1.25,-0.6875
3,1,0,0,-0.8705786966656532,-0.2,-0.8843003167580745,2,1,0,6,5,4,3,2,1,0,1,1,1,0,0,1,1,1,1,1,0,0,0,1,1,0,0,0,0,0,0,0,0,0,0,0,0,0,0,0,0.27522935779816515,1.3486238532110093,0.2017171821661322,1.4358125581876489,1.5931894192763756,1.2830647613256307,-0.9620357918692459,-0.7003206785972897,0.4727929788332474,0.36701030927835043,-0.5333333333333333,-0.4375,-1.125,-0.9375,-1.25,-0.9375,-0.6875,-0.5,-0.8125,-1.25
4,1,0,0,-1.0459106111280025,-0.8666666666666667,-0.9592676263034184,3,2,1,0,6,5,4,3,2,1,1,1,1,1,0,0,1,1,1,1,0,0,0,0,1,1,0,0,0,0,0,0,0,0,0,0,0,0,0,0,-0.8756371049949032,0.27522935779816515,1.3685734974656047,0.2017171821661322,1.4067092327961894,1.5931894192763756,1.3096100134478121,-0.9620357918692459,-0.690862157976252,0.4742268041237113,-0.2,-0.5,-0.4375,-1.125,-0.9375,-1.25,-0.9375,-0.625,-0.5,-0.8125
5,0,1,0,-1.061112800243235,-0.9333333333333333,-0.9661524443590319,4,3,2,1,0,6,5,4,3,2,1,1,1,1,1,0,0,1,1,1,0,0,0,0,0,1,1,0,0,0,0,0,0,0,0,0,0,0,0,0,-1.0519877675840978,-0.8756371049949032,0.27930071376849075,1.3685734974656047,0.1976284584980237,1.4067092327961894,1.6261508223854348,1.3096100134478121,-0.9520908621579762,-0.6876288659793814,-0.8666666666666667,-0.1875,-0.5,-0.4375,-1.125,-0.9375,-1.25,-0.875,-0.625,-0.5
6,0,1,0,-1.0570588831458396,-0.6666666666666666,-0.9648334029923357,5,4,3,2,1,0,6,5,4,3,0,1,1,1,1,1,0,0,1,1,1,0,0,0,0,0,1,1,0,0,0,0,0,0,0,0,0,0,0,0,-1.067278287461774,-1.0519877675840978,-0.8885900486190131,0.27930071376849075,1.3408330799635149,0.1976284584980237,1.4358125581876489,1.6261508223854348,1.3153329891584926,-0.9484536082474226,-0.9333333333333333,-0.8125,-0.1875,-0.5,-0.4375,-1.125,-0.9375,-1.1875,-0.875,-0.625
0,1,0,0,-0.2776933211715821,-0.6666666666666666,-0.6412069732469113,6,5,4,3,2,1,0,6,5,4,0,0,1,1,1,1,1,0,0,1,1,1,0,0,0,0,0,1,1,0,0,0,0,0,0,0,0,0,0,0,-1.0632008154943935,-1.067278287461774,-1.0675493948484536,-0.8885900486190131,0.2736394040741867,1.3408330799635149,0.2017171821661322,1.4358125581876489,1.6312854930304597,1.3154639175257732,-0.6666666666666666,-0.875,-0.8125,-0.1875,-0.5,-0.4375,-1.125,-0.875,-1.1875,-0.875
1,1,0,0,-0.8138238573021181,-0.6,-0.8431449494087496,0,6,5,4,3,2,1,0,6,5,1,0,0,1,1,1,1,1,0,0,0,1,1,0,0,0,0,0,1,1,0,0,0,0,0,0,0,0,0,0,-0.27930682976554544,-1.0632008154943935,-1.0830661011689253,-1.0675493948484536,-0.8705786966656532,0.2736394040741867,1.3685734974656047,0.2017171821661322,1.4413009808982968,1.6309278350515464,-0.6666666666666666,-0.625,-0.875,-0.8125,-0.1875,-0.5,-0.4375,-1.0625,-0.875,-1.1875
2,1,0,0,-0.11655011655011654,-0.7333333333333333,-0.5346303794780547,1,0,6,5,4,3,2,1,0,6,1,1,0,0,1,1,1,1,1,0,0,0,1,1,0,0,0,0,0,1,0,0,0,0,0,0,0,0,0,0,-0.81855249745158,-0.27930682976554544,-1.0789283128167995,-1.0830661011689253,-1.0459106111280025,-0.8705786966656532,0.27930071376849075,1.3685734974656047,0.20949922560660825,1.441237113402062,-0.6,-0.625,-0.625,-0.875,-0.8125,-0.1875,-0.5,-0.375,-1.0625,-0.875
3,1,0,0,-0.7570690179385832,-0.4,-0.8410017591697901,2,1,0,6,5,4,3,2,1,0,1,1,1,0,0,1,1,1,1,1,0,0,0,1,1,0,0,0,0,0,0,0,0,0,0,0,0,0,0,0,-0.11722731906218145,-0.81855249745158,-0.2834385021206166,-1.0789283128167995,-1.061112800243235,-1.0459106111280025,-0.8885900486190131,0.27930071376849075,1.3741868869385652,0.211340206185567,-0.7333333333333333,-0.5625,-0.625,-0.625,-0.875,-0.8125,-0.1875,-0.4375,-0.375,-1.0625
4,1,0,0,-0.5989662511401642,-0.8666666666666667,-0.8086798700714016,3,2,1,0,6,5,4,3,2,1,1,1,1,1,0,0,1,1,1,1,0,0,0,0,1,1,0,0,0,0,0,0,0,0,0,0,0,0,0,0,-0.761467889908257,-0.11722731906218145,-0.8306610116892521,-0.2834385021206166,-1.0570588831458396,-1.061112800243235,-1.0675493948484536,-0.8885900486190131,0.28693856479091384,1.3742268041237116,-0.4,-0.6875,-0.5625,-0.625,-0.625,-0.875,-0.8125,-0.125,-0.4375,-0.375
5,0,1,0,-1.0286814634640722,-1.0,-0.9535526763167903,4,3,2,1,0,6,5,4,3,2,1,1,1,1,1,0,0,1,1,1,0,0,0,0,0,1,1,0,0,0,0,0,0,0,0,0,0,0,0,0,-0.6024464831804281,-0.761467889908257,-0.11896141512361642,-0.8306610116892521,-0.2776933211715821,-1.0570588831458396,-1.0830661011689253,-1.0675493948484536,-0.8787816210635001,0.28865979381443296,-0.8666666666666667,-0.375,-0.6875,-0.5625,-0.625,-0.625,-0.875,-0.75,-0.125,-0.4375
6,0,1,0,-0.7408533495490016,-0.7333333333333333,-0.870163458992798,5,4,3,2,1,0,6,5,4,3,0,1,1,1,1,1,0,0,1,1,1,0,0,0,0,0,1,1,0,0,0,0,0,0,0,0,0,0,0,0,-1.034658511722732,-0.6024464831804281,-0.7727319747594911,-0.11896141512361642,-0.8138238573021181,-0.2776933211715821,-1.0789283128167995,-1.0830661011689253,-1.057408363448632,-0.875257731958763,-1.0,-0.8125,-0.375,-0.6875,-0.5625,-0.625,-0.625,-0.8125,-0.75,-0.125
0,1,0,0,0.3993108340934428,-0.6666666666666666,-0.46049629015415916,6,5,4,3,2,1,0,6,5,4,0,0,1,1,1,1,1,0,0,1,1,1,0,0,0,0,0,1,1,0,0,0,0,0,0,0,0,0,0,0,-0.745158002038736,-1.034658511722732,-0.6113582290265853,-0.7727319747594911,-0.11655011655011654,-0.8138238573021181,-0.2834385021206166,-1.0789283128167995,-1.072896231285493,-1.0536082474226804,-0.7333333333333333,-0.9375,-0.8125,-0.375,-0.6875,-0.5625,-0.625,-0.5625,-0.8125,-0.75
1,1,0,0,1.276983885679538,-0.8666666666666667,0.11229322363496354,0,6,5,4,3,2,1,0,6,5,1,0,0,1,1,1,1,1,0,0,0,1,1,0,0,0,0,0,1,1,0,0,0,0,0,0,0,0,0,0,0.4016309887869522,-0.745158002038736,-1.0499637943519189,-0.6113582290265853,-0.7570690179385832,-0.11655011655011654,-0.8306610116892521,-0.2834385021206166,-1.0687661331956633,-1.0690721649484536,-0.6666666666666666,-0.6875,-0.9375,-0.8125,-0.375,-0.6875,-0.5625,-0.5625,-0.5625,-0.8125
2,1,0,0,-0.05979527718658159,-1.2666666666666666,-0.6490587299304799,1,0,6,5,4,3,2,1,0,6,1,1,0,0,1,1,1,1,1,0,0,0,1,1,0,0,0,0,0,1,0,0,0,0,0,0,0,0,0,0,1.2844036697247707,0.4016309887869522,-0.7561808213509879,-1.0499637943519189,-0.5989662511401642,-0.7570690179385832,-0.11896141512361642,-0.8306610116892521,-0.27475477542591636,-1.0649484536082474,-0.8666666666666667,-0.625,-0.6875,-0.9375,-0.8125,-0.375,-0.6875,-0.5,-0.5625,-0.5625
3,1,0,0,-0.014188709840883811,-0.5333333333333333,-0.34963029212432184,2,1,0,6,5,4,3,2,1,0,1,1,1,0,0,1,1,1,1,1,0,0,0,1,1,0,0,0,0,0,0,0,0,0,0,0,0,0,0,0,-0.06014271151885837,1.2844036697247707,0.40757215268439023,-0.7561808213509879,-1.0286814634640722,-0.5989662511401642,-0.7727319747594911,-0.11896141512361642,-0.8209602478058854,-0.2721649484536083,-1.2666666666666666,-0.8125,-0.625,-0.6875,-0.9375,-0.8125,-0.375,-0.625,-0.5,-0.5625
4,1,0,0,-0.6131549609810479,-0.7333333333333333,-0.7280517026586445,3,2,1,0,6,5,4,3,2,1,1,1,1,1,0,0,1,1,1,1,0,0,0,0,1,1,0,0,0,0,0,0,0,0,0,0,0,0,0,0,-0.014271151885830844,-0.06014271151885837,1.3034033309196233,0.40757215268439023,-0.7408533495490016,-1.0286814634640722,-0.6113582290265853,-0.7727319747594911,-0.11058337635518838,-0.8175257731958763,-0.5333333333333333,-1.1875,-0.8125,-0.625,-0.6875,-0.9375,-0.8125,-0.3125,-0.625,-0.5
5,0,1,0,-0.9131448261883044,-0.6,-0.8918691817374255,4,3,2,1,0,6,5,4,3,2,1,1,1,1,1,0,0,1,1,1,0,0,0,0,0,1,1,0,0,0,0,0,0,0,0,0,0,0,0,0,-0.616717635066259,-0.014271151885830844,-0.061032378193855444,1.3034033309196233,0.3993108340934428,-0.7408533495490016,-1.0499637943519189,-0.6113582290265853,-0.7631388745482706,-0.10824742268041238,-0.7333333333333333,-0.5,-1.1875,-0.8125,-0.625,-0.6875,-0.9375,-0.75,-0.3125,-0.625
6,0,1,0,-1.016519712171886,-1.1333333333333333,-0.9435802397792773,5,4,3,2,1,0,6,5,4,3,0,1,1,1,1,1,0,0,1,1,1,0,0,0,0,0,1,1,0,0,0,0,0,0,0,0,0,0,0,0,-0.9184505606523955,-0.616717635066259,-0.01448225923244032,-0.061032378193855444,1.276983885679538,0.3993108340934428,-0.7561808213509879,-1.0499637943519189,-0.6020650490449148,-0.7597938144329898,-0.6,-0.6875,-0.5,-1.1875,-0.8125,-0.625,-0.6875,-0.875,-0.75,-0.3125
0,1,0,0,-0.6496402148576061,-1.1333333333333333,-0.7406259365328094,6,5,4,3,2,1,0,6,5,4,0,0,1,1,1,1,1,0,0,1,1,1,0,0,0,0,0,1,1,0,0,0,0,0,0,0,0,0,0,0,-1.0224260958205913,-0.9184505606523955,-0.6258404882590255,-0.01448225923244032,-0.05979527718658159,1.276983885679538,0.40757215268439023,-0.7561808213509879,-1.039855446566856,-0.5989690721649484,-1.1333333333333333,-0.5625,-0.6875,-0.5,-1.1875,-0.8125,-0.625,-0.625,-0.875,-0.75
1,1,0,0,-0.8705786966656532,-1.4,-0.8798046232971062,0,6,5,4,3,2,1,0,6,5,1,0,0,1,1,1,1,1,0,0,0,1,1,0,0,0,0,0,1,1,0,0,0,0,0,0,0,0,0,0,-0.6534148827726809,-1.0224260958205913,-0.9320368263163339,-0.6258404882590255,-0.014188709840883811,-0.05979527718658159,1.3034033309196233,0.40757215268439023,-0.7466184821889521,-1.0360824742268042,-1.1333333333333333,-1.0625,-0.5625,-0.6875,-0.5,-1.1875,-0.8125,-0.5625,-0.625,-0.875
2,1,0,0,-0.3942434377216986,-1.0666666666666667,-0.6998895311254789,1,0,6,5,4,3,2,1,0,6,1,1,0,0,1,1,1,1,1,0,0,0,1,1,0,0,0,0,0,1,0,0,0,0,0,0,0,0,0,0,-0.8756371049949032,-0.6534148827726809,-1.0375504292955415,-0.9320368263163339,-0.6131549609810479,-0.014188709840883811,-0.061032378193855444,1.3034033309196233,0.41497160557563256,-0.7432989690721649,-1.4,-1.0625,-1.0625,-0.5625,-0.6875,-0.5,-1.1875,-0.75,-0.5625,-0.625
3,1,0,0,11.33779264214047,-0.4666666666666667,5.599624244558198,2,1,0,6,5,4,3,2,1,0,1,1,1,0,0,1,1,1,1,1,0,0,0,1,1,0,0,0,0,0,0,0,0,0,0,0,0,0,0,0,-0.3965341488277269,-0.8756371049949032,-0.6630805834281576,-1.0375504292955415,-0.9131448261883044,-0.6131549609810479,-0.01448225923244032,-0.061032378193855444,1.3091378420237483,0.4164948453608248,-1.0666666666666667,-1.3125,-1.0625,-1.0625,-0.5625,-0.6875,-0.5,-1.125,-0.75,-0.5625
4,1,0,0,-0.07601094557616296,-1.2,-0.5269587058746057,3,2,1,0,6,5,4,3,2,1,1,1,1,1,0,0,1,1,1,1,0,0,0,0,1,1,0,0,0,0,0,0,0,0,0,0,0,0,0,0,11.403669724770642,-0.3965341488277269,-0.8885900486190131,-0.6630805834281576,-1.016519712171886,-0.9131448261883044,-0.6258404882590255,-0.01448225923244032,-0.05276200309757356,1.309278350515464,-0.4666666666666667,-1.0,-1.3125,-1.0625,-1.0625,-0.5625,-0.6875,-0.4375,-1.125,-0.75
5,0,1,0,7.960879700010135,-0.4666666666666667,2.1305061409674226,4,3,2,1,0,6,5,4,3,2,1,1,1,1,1,0,0,1,1,1,0,0,0,0,0,1,1,0,0,0,0,0,0,0,0,0,0,0,0,0,-0.07645259938837921,11.403669724770642,-0.402399917244233,-0.8885900486190131,-0.6496402148576061,-1.016519712171886,-0.9320368263163339,-0.6258404882590255,-0.006298399586990185,-0.05051546391752583,-1.2,-0.4375,-1.0,-1.3125,-1.0625,-1.0625,-0.5625,-0.625,-0.4375,-1.125
6,0,1,0,-1.0499645282253978,-0.6666666666666666,-0.9630161093722492,5,4,3,2,1,0,6,5,4,3,0,1,1,1,1,1,0,0,1,1,1,0,0,0,0,0,1,1,0,0,0,0,0,0,0,0,0,0,0,0,8.007135575942916,-0.07645259938837921,11.5723595738078,-0.402399917244233,-0.8705786966656532,-0.6496402148576061,-1.0375504292955415,-0.9320368263163339,-0.6165203923593185,-0.004123711340206244,-0.4666666666666667,-1.125,-0.4375,-1.0,-1.3125,-1.0625,-1.0625,-0.5,-0.625,-0.4375
0,0,0,1,-1.0448971318536535,-0.2,-0.9623239990270138,6,5,4,3,2,1,0,6,5,4,0,0,1,1,1,1,1,0,0,1,1,1,0,0,0,0,0,1,1,0,0,0,0,0,0,0,0,0,0,0,-1.056065239551478,8.007135575942916,-0.07758353160235854,11.5723595738078,-0.3942434377216986,-0.8705786966656532,-0.6630805834281576,-1.0375504292955415,-0.9221476510067114,-0.6134020618556701,-0.6666666666666666,-0.4375,-1.125,-0.4375,-1.0,-1.3125,-1.0625,-1.0,-0.5,-0.625
1,1,0,0,-1.0590858416945372,-0.26666666666666666,-0.9651623233942704,0,6,5,4,3,2,1,0,6,5,0,0,0,1,1,1,1,1,0,0,0,1,1,0,0,0,0,0,1,1,1,0,0,0,0,0,0,0,0,0,-1.0509683995922527,-1.056065239551478,8.125581876487017,-0.07758353160235854,11.33779264214047,-0.3942434377216986,-0.8885900486190131,-0.6630805834281576,-1.027465152297367,-0.9185567010309278,-0.2,-0.625,-0.4375,-1.125,-0.4375,-1.0,-1.3125,-1.0,-1.0,-0.5
2,1,0,0,-0.6840985101854667,-0.13333333333333333,-0.8342798894236132,1,0,6,5,4,3,2,1,0,6,1,0,0,0,1,1,1,1,1,0,0,0,1,1,0,0,0,0,0,1,0,1,0,0,0,0,0,0,0,0,-1.0652395514780837,-1.0509683995922527,-1.0716871832005792,8.125581876487017,-0.07601094557616296,11.33779264214047,-0.402399917244233,-0.8885900486190131,-0.6536912751677852,-1.0237113402061855,-0.26666666666666666,-0.1875,-0.625,-0.4375,-1.125,-0.4375,-1.0,-1.25,-1.0,-1.0
3,1,0,0,-1.061112800243235,-0.8,-0.9661215345766233,2,1,0,6,5,4,3,2,1,0,1,1,0,0,0,1,1,1,1,1,0,0,0,1,1,0,0,0,0,0,0,0,1,0,0,0,0,0,0,0,-0.6880733944954129,-1.0652395514780837,-1.0665149477604219,-1.0716871832005792,7.960879700010135,-0.07601094557616296,11.5723595738078,-0.402399917244233,-0.8787816210635001,-0.6505154639175258,-0.13333333333333333,-0.25,-0.1875,-0.625,-0.4375,-1.125,-0.4375,-0.9375,-1.25,-1.0
4,1,0,0,-0.36789297658862874,-0.6,-0.6683340030452856,3,2,1,0,6,5,4,3,2,1,1,1,1,0,0,0,1,1,1,1,0,0,0,0,1,1,0,0,0,0,0,0,0,1,0,0,0,0,0,0,-1.067278287461774,-0.6880733944954129,-1.0809972069928624,-1.0665149477604219,-1.0499645282253978,7.960879700010135,-0.07758353160235854,11.5723595738078,-0.39349509550851836,-0.875257731958763,-0.8,-0.125,-0.25,-0.1875,-0.625,-0.4375,-1.125,-0.375,-0.9375,-1.25
5,0,1,0,1.2871186784230262,-0.4,0.17521613329373298,4,3,2,1,0,6,5,4,3,2,1,1,1,1,0,0,0,1,1,1,0,0,0,0,0,1,1,0,0,0,0,0,0,0,1,0,0,0,0,0,-0.37003058103975534,-1.067278287461774,-0.6982517844212268,-1.0809972069928624,-1.0448971318536535,-1.0499645282253978,8.125581876487017,-0.07758353160235854,11.559008776458441,-0.39072164948453614,-0.6,-0.75,-0.125,-0.25,-0.1875,-0.625,-0.4375,-1.0625,-0.375,-0.9375
6,0,1,0,0.36991993513732646,-0.7333333333333333,-0.38673882980939417,5,4,3,2,1,0,6,5,4,3,0,1,1,1,1,0,0,0,1,1,1,0,0,0,0,0,1,1,0,0,0,0,0,0,0,1,0,0,0,0,1.2945973496432213,-0.37003058103975534,-1.0830661011689253,-0.6982517844212268,-1.0590858416945372,-1.0448971318536535,-1.0716871832005792,8.125581876487017,-0.06928239545689203,11.543298969072165,-0.4,-0.5625,-0.75,-0.125,-0.25,-0.1875,-0.625,-0.375,-1.0625,-0.375
0,1,0,0,-0.8300395256916997,-0.8666666666666667,-0.8777867520672596,6,5,4,3,2,1,0,6,5,4,0,0,1,1,1,1,0,0,0,1,1,1,0,0,0,0,0,1,1,0,0,0,0,0,0,0,1,0,0,0,0.3720693170234455,1.2945973496432213,-0.3755042929554153,-1.0830661011689253,-0.6840985101854667,-1.0590858416945372,-1.0665149477604219,-1.0716871832005792,8.118637067630356,-0.06701030927835051,-0.7333333333333333,-0.375,-0.5625,-0.75,-0.125,-0.25,-0.1875,-0.5625,-0.375,-1.0625
1,1,0,0,-0.38005472788081485,-1.2,-0.620342870121126,0,6,5,4,3,2,1,0,6,5,1,0,0,1,1,1,1,0,0,0,0,1,1,0,0,0,0,0,1,1,0,0,0,0,0,0,0,1,0,0,-0.834862385321101,0.3720693170234455,1.313747801799938,-0.3755042929554153,-1.061112800243235,-0.6840985101854667,-1.0809972069928624,-1.0665149477604219,-1.0615384615384615,8.108247422680412,-0.8666666666666667,-0.6875,-0.375,-0.5625,-0.75,-0.125,-0.25,-0.125,-0.5625,-0.375
2,1,0,0,-0.7337589946285599,-0.9333333333333333,-0.8112873789982812,1,0,6,5,4,3,2,1,0,6,1,1,0,0,1,1,1,1,0,0,0,0,1,1,0,0,0,0,0,1,0,0,0,0,0,0,0,0,1,0,-0.382262996941896,-0.834862385321101,0.3775731871314782,1.313747801799938,-0.36789297658862874,-1.061112800243235,-0.6982517844212268,-1.0809972069928624,-1.0563758389261744,-1.0577319587628866,-1.2,-0.8125,-0.6875,-0.375,-0.5625,-0.75,-0.125,-0.1875,-0.125,-0.5625
3,1,0,0,0.2229654403567447,-0.13333333333333333,-0.43148040386990477,2,1,0,6,5,4,3,2,1,0,1,1,1,0,0,1,1,1,1,0,0,0,0,1,1,0,0,0,0,0,0,0,0,0,0,0,0,0,0,1,-0.7380224260958207,-0.382262996941896,-0.8472121650977553,0.3775731871314782,1.2871186784230262,-0.36789297658862874,-1.0830661011689253,-0.6982517844212268,-1.0708311822405783,-1.052577319587629,-0.9333333333333333,-1.125,-0.8125,-0.6875,-0.375,-0.5625,-0.75,-0.0625,-0.1875,-0.125
4,1,0,0,-0.06688963210702335,-1.0,-0.38687355614358804,3,2,1,0,6,5,4,3,2,1,1,1,1,1,0,0,1,1,1,1,0,0,0,0,1,1,0,0,0,0,0,0,0,0,0,0,0,0,0,0,0.22426095820591235,-0.7380224260958207,-0.3879176580117927,-0.8472121650977553,0.36991993513732646,1.2871186784230262,-0.3755042929554153,-1.0830661011689253,-0.688797108931337,-1.0670103092783505,-0.13333333333333333,-0.875,-1.125,-0.8125,-0.6875,-0.375,-0.5625,-0.6875,-0.0625,-0.1875
5,0,1,0,-0.9486166007905138,-0.6666666666666666,-0.9246063370429551,4,3,2,1,0,6,5,4,3,2,1,1,1,1,1,0,0,1,1,1,0,0,0,0,0,1,1,0,0,0,0,0,0,0,0,0,0,0,0,0,-0.06727828746177365,0.22426095820591235,-0.7489396917347678,-0.3879176580117927,-0.8300395256916997,0.36991993513732646,1.313747801799938,-0.3755042929554153,-1.072896231285493,-0.6855670103092784,-1.0,-0.125,-0.875,-1.125,-0.8125,-0.6875,-0.375,-0.5,-0.6875,-0.0625
6,0,1,0,-0.05472788081483739,-0.26666666666666666,-0.5782595373477525,5,4,3,2,1,0,6,5,4,3,0,1,1,1,1,1,0,0,1,1,1,0,0,0,0,0,1,1,0,0,0,0,0,0,0,0,0,0,0,0,-0.9541284403669724,-0.06727828746177365,0.22757835936691836,-0.7489396917347678,-0.38005472788081485,-0.8300395256916997,0.3775731871314782,1.313747801799938,-0.3666494579246256,-1.0690721649484536,-0.6666666666666666,-0.9375,-0.125,-0.875,-1.125,-0.8125,-0.6875,-0.3125,-0.5,-0.6875
0,1,0,0,-1.0621262795175839,-1.0,-0.9660734900235317,6,5,4,3,2,1,0,6,5,4,0,0,1,1,1,1,1,0,0,1,1,1,0,0,0,0,0,1,1,0,0,0,0,0,0,0,0,0,0,0,-0.055045871559633086,-0.9541284403669724,-0.06827350781007545,0.22757835936691836,-0.7337589946285599,-0.38005472788081485,-0.8472121650977553,0.3775731871314782,1.3194630872483224,-0.36391752577319586,-0.26666666666666666,-0.625,-0.9375,-0.125,-0.875,-1.125,-0.8125,-0.625,-0.3125,-0.5
1,1,0,0,0.23512719164893067,-1.2666666666666666,-0.6261848189963459,0,6,5,4,3,2,1,0,6,5,1,0,0,1,1,1,1,1,0,0,0,1,1,0,0,0,0,0,1,1,0,0,0,0,0,0,0,0,0,0,-1.0682976554536188,-0.055045871559633086,-0.9682424743974345,-0.06827350781007545,0.2229654403567447,-0.7337589946285599,-0.3879176580117927,-0.8472121650977553,0.38502839442436765,1.3195876288659794,-1.0,-0.25,-0.625,-0.9375,-0.125,-0.875,-1.125,-0.75,-0.625,-0.3125
2,1,0,0,2.6289652376608896,-0.5333333333333333,0.5015874861073967,1,0,6,5,4,3,2,1,0,6,1,1,0,0,1,1,1,1,1,0,0,0,1,1,0,0,0,0,0,1,0,0,0,0,0,0,0,0,0,0,0.2364933741080529,-1.0682976554536188,-0.05586014275369821,-0.9682424743974345,-0.06688963210702335,0.2229654403567447,-0.7489396917347678,-0.3879176580117927,-0.8374806401652038,0.3865979381443299,-1.2666666666666666,-0.9375,-0.25,-0.625,-0.9375,-0.125,-0.875,-1.0625,-0.75,-0.625
3,1,0,0,-0.8199047329482112,-1.2666666666666666,-0.8839220078994653,2,1,0,6,5,4,3,2,1,0,1,1,1,0,0,1,1,1,1,1,0,0,0,1,1,0,0,0,0,0,0,0,0,0,0,0,0,0,0,0,2.6442405708460752,0.2364933741080529,-1.0841005482569566,-0.05586014275369821,-0.9486166007905138,-0.06688963210702335,0.22757835936691836,-0.7489396917347678,-0.37903975219411457,-0.8340206185567011,-0.5333333333333333,-1.1875,-0.9375,-0.25,-0.625,-0.9375,-0.125,-0.8125,-1.0625,-0.75
4,1,0,0,-0.5989662511401642,-0.6666666666666666,-0.7524455685451303,3,2,1,0,6,5,4,3,2,1,1,1,1,1,0,0,1,1,1,1,0,0,0,0,1,1,0,0,0,0,0,0,0,0,0,0,0,0,0,0,-0.8246687054026505,2.6442405708460752,0.23999172442329564,-1.0841005482569566,-0.05472788081483739,-0.9486166007905138,-0.06827350781007545,0.22757835936691836,-0.73939081053175,-0.37628865979381443,-1.2666666666666666,-0.5,-1.1875,-0.9375,-0.25,-0.625,-0.9375,-0.0625,-0.8125,-1.0625
5,0,1,0,-0.8614573831965137,-0.4666666666666667,-0.8717667359672948,4,3,2,1,0,6,5,4,3,2,1,1,1,1,1,0,0,1,1,1,0,0,0,0,0,1,1,0,0,0,0,0,0,0,0,0,0,0,0,0,-0.6024464831804281,-0.8246687054026505,2.6833557463535738,0.23999172442329564,-1.0621262795175839,-0.05472788081483739,-0.9682424743974345,-0.06827350781007545,0.23531233866804344,-0.7360824742268042,-0.6666666666666666,-1.1875,-0.5,-1.1875,-0.9375,-0.25,-0.625,-0.875,-0.0625,-0.8125
6,0,1,0,-0.7793655619742577,0.06666666666666667,-0.8372798181967233,5,4,3,2,1,0,6,5,4,3,0,1,1,1,1,1,0,0,1,1,1,0,0,0,0,0,1,1,0,0,0,0,0,0,0,0,0,0,0,0,-0.8664627930682977,-0.6024464831804281,-0.8368676942174408,2.6833557463535738,0.23512719164893067,-1.0621262795175839,-0.05586014275369821,-0.9682424743974345,-0.059989674754775305,0.23711340206185566,-0.4666666666666667,-0.625,-1.1875,-0.5,-1.1875,-0.9375,-0.25,-0.5625,-0.875,-0.0625
0,0,0,1,-1.0621262795175839,-0.7333333333333333,-0.9665848453368562,6,5,4,3,2,1,0,6,5,4,0,0,1,1,1,1,1,0,0,1,1,1,0,0,0,0,0,1,1,0,0,0,0,0,0,0,0,0,0,0,-0.7838939857288482,-0.8664627930682977,-0.6113582290265853,-0.8368676942174408,2.6289652376608896,0.23512719164893067,-1.0841005482569566,-0.05586014275369821,-0.9582860092927207,-0.05773195876288654,0.06666666666666667,-0.4375,-0.625,-1.1875,-0.5,-1.1875,-0.9375,-0.1875,-0.5625,-0.875
1,1,0,0,-1.0631397587919327,-0.7333333333333333,-0.9667598887785395,0,6,5,4,3,2,1,0,6,5,0,0,0,1,1,1,1,1,0,0,0,1,1,0,0,0,0,0,1,1,1,0,0,0,0,0,0,0,0,0,-1.0682976554536188,-0.7838939857288482,-0.8792800248267301,-0.6113582290265853,-0.8199047329482112,2.6289652376608896,0.23999172442329564,-1.0841005482569566,-0.04759938048528652,-0.9546391752577319,-0.7333333333333333,0.0625,-0.4375,-0.625,-1.1875,-0.5,-1.1875,-0.875,-0.1875,-0.5625
2,1,0,0,-0.9844937671024627,-1.2,-0.9506800824081677,1,0,6,5,4,3,2,1,0,6,1,0,0,0,1,1,1,1,1,0,0,0,1,1,0,0,0,0,0,1,0,1,0,0,0,0,0,0,0,0,-1.0693170234454639,-1.0682976554536188,-0.795489810696183,-0.8792800248267301,-0.5989662511401642,-0.8199047329482112,2.6833557463535738,0.23999172442329564,-1.0739287558079504,-0.0453608247422681,-0.7333333333333333,-0.6875,0.0625,-0.4375,-0.625,-1.1875,-0.5,-1.125,-0.875,-0.1875
3,1,0,0,-0.8266950440863483,-0.6,-0.8972162381182125,2,1,0,6,5,4,3,2,1,0,1,1,0,0,0,1,1,1,1,1,0,0,0,1,1,0,0,0,0,0,0,0,1,0,0,0,0,0,0,0,-0.9902140672782875,-1.0693170234454639,-1.0841005482569566,-0.795489810696183,-0.8614573831965137,-0.5989662511401642,-0.8368676942174408,2.6833557463535738,0.24770263293753222,-1.0701030927835051,-1.2,-0.6875,-0.6875,0.0625,-0.4375,-0.625,-1.1875,-0.4375,-1.125,-0.875
4,1,0,0,-1.015607580824972,-0.6666666666666666,-0.9473139399086952,3,2,1,0,6,5,4,3,2,1,1,1,1,0,0,0,1,1,1,1,0,0,0,0,1,1,0,0,0,0,0,0,0,1,0,0,0,0,0,0,-0.8314984709480122,-0.9902140672782875,-1.0851349953449883,-1.0841005482569566,-0.7793655619742577,-0.8614573831965137,-0.6113582290265853,-0.8368676942174408,2.686525554981931,0.24948453608247412,-0.6,-1.125,-0.6875,-0.6875,0.0625,-0.4375,-0.625,-1.125,-0.4375,-1.125
5,0,1,0,0.3250228032836728,-0.06666666666666667,-0.20040189436649056,4,3,2,1,0,6,5,4,3,2,1,1,1,1,0,0,0,1,1,1,0,0,0,0,0,1,1,0,0,0,0,0,0,0,1,0,0,0,0,0,-1.0215086646279308,-0.8314984709480122,-1.0048619013137479,-1.0851349953449883,-1.0621262795175839,-0.7793655619742577,-0.8792800248267301,-0.6113582290265853,-0.8271553949406297,2.6845360824742266,-0.6666666666666666,-0.5625,-1.125,-0.6875,-0.6875,0.0625,-0.4375,-0.5625,-1.125,-0.4375
6,0,1,0,0.8359177054829228,-0.06666666666666667,0.25298749766496753,5,4,3,2,1,0,6,5,4,3,0,1,1,1,1,0,0,0,1,1,1,0,0,0,0,0,1,1,0,0,0,0,0,0,0,1,0,0,0,0,0.32691131498470943,-1.0215086646279308,-0.8437984897072514,-1.0048619013137479,-1.0631397587919327,-1.0621262795175839,-0.795489810696183,-0.8792800248267301,-0.6020650490449148,-0.8237113402061856,-0.06666666666666667,-0.625,-0.5625,-1.125,-0.6875,-0.6875,0.0625,-0.375,-0.5625,-1.125
0,0,0,1,-0.290868551738117,-0.7333333333333333,-0.5169980284934438,6,5,4,3,2,1,0,6,5,4,0,0,1,1,1,1,0,0,0,1,1,1,0,0,0,0,0,1,1,0,0,0,0,0,0,0,1,0,0,0,0.8407747196738022,0.32691131498470943,-1.0366194269163131,-0.8437984897072514,-0.9844937671024627,-1.0631397587919327,-1.0841005482569566,-0.795489810696183,-0.8694889003613836,-0.5989690721649484,-0.06666666666666667,-0.0625,-0.625,-0.5625,-1.125,-0.6875,-0.6875,0.125,-0.375,-0.5625
1,1,0,0,-0.8509171987432858,-0.6666666666666666,-0.8321104930647856,0,6,5,4,3,2,1,0,6,5,0,0,0,1,1,1,1,0,0,0,0,1,1,0,0,0,0,0,1,1,1,0,0,0,0,0,0,1,0,0,-0.2925586136595311,0.8407747196738022,0.33174718113168505,-1.0366194269163131,-0.8266950440863483,-0.9844937671024627,-1.0851349953449883,-1.0841005482569566,-0.7858544140423334,-0.865979381443299,-0.7333333333333333,-0.0625,-0.0625,-0.625,-0.5625,-1.125,-0.6875,-0.625,0.125,-0.375
2,1,0,0,-0.7022397891963108,-0.13333333333333333,-0.7728648395849488,1,0,6,5,4,3,2,1,0,6,1,0,0,0,1,1,1,1,0,0,0,0,1,1,0,0,0,0,0,1,0,1,0,0,0,0,0,0,1,0,-0.8558613659531092,-0.2925586136595311,0.8532119582083375,0.33174718113168505,-1.015607580824972,-0.8266950440863483,-1.0048619013137479,-1.0851349953449883,-1.0739287558079504,-0.7824742268041238,-0.6666666666666666,-0.6875,-0.0625,-0.0625,-0.625,-0.5625,-1.125,-0.625,-0.625,0.125
3,1,0,0,-0.8419985811290159,-0.06666666666666667,-0.8258462224886137,2,1,0,6,5,4,3,2,1,0,1,1,0,0,0,1,1,1,1,0,0,0,0,1,1,0,0,0,0,0,0,0,1,0,0,0,0,0,0,1,-0.7063200815494393,-0.8558613659531092,-0.2968863142650254,0.8532119582083375,0.3250228032836728,-1.015607580824972,-0.8437984897072514,-1.0048619013137479,-1.0749612803304078,-1.0701030927835051,-0.13333333333333333,-0.625,-0.6875,-0.0625,-0.0625,-0.625,-0.5625,-1.0625,-0.625,-0.625
4,1,0,0,0.010844228235532515,0.06666666666666667,-0.31803007924999427,3,2,1,0,6,5,4,3,2,1,1,1,1,0,0,0,1,1,1,1,0,0,0,0,1,1,0,0,0,0,0,0,0,1,0,0,0,0,0,0,-0.8468909276248726,-0.7063200815494393,-0.8685217751112031,-0.2968863142650254,0.8359177054829228,0.3250228032836728,-1.0366194269163131,-0.8437984897072514,-0.9948373773877129,-1.0711340206185567,-0.06666666666666667,-0.125,-0.625,-0.6875,-0.0625,-0.0625,-0.625,-0.5,-1.0625,-0.625
5,0,1,0,0.9678727070031418,1.8,0.2731544508070813,4,3,2,1,0,6,5,4,3,2,1,1,1,1,0,0,0,1,1,1,0,0,0,0,0,1,1,0,0,0,0,0,0,0,1,0,0,0,0,0,0.010907237512742031,-0.8468909276248726,-0.7167683872969897,-0.8685217751112031,-0.290868551738117,0.8359177054829228,0.33174718113168505,-1.0366194269163131,-0.8340733092410946,-0.9911340206185567,0.06666666666666667,-0.0625,-0.125,-0.625,-0.6875,-0.0625,-0.0625,-0.5625,-0.5,-1.0625
6,0,1,0,0.29532786054525173,0.13333333333333333,-0.19296943560081226,5,4,3,2,1,0,6,5,4,3,0,1,1,1,1,0,0,0,1,1,1,0,0,0,0,0,1,1,0,0,0,0,0,0,0,1,0,0,0,0,0.9734964322120286,0.010907237512742031,-0.8594186407365263,-0.7167683872969897,-0.8509171987432858,-0.290868551738117,0.8532119582083375,0.33174718113168505,-1.0265358802271554,-0.8306185567010309,1.8,0.0625,-0.0625,-0.125,-0.625,-0.6875,-0.0625,0.0,-0.5625,-0.5
0,1,0,0,-0.46630181412790106,-0.3333333333333333,-0.6486663100842494,6,5,4,3,2,1,0,6,5,4,0,0,1,1,1,1,0,0,0,1,1,1,0,0,0,0,0,1,1,0,0,0,0,0,0,0,1,0,0,0,0.2970438328236492,0.9734964322120286,0.011068583841936415,-0.8594186407365263,-0.7022397891963108,-0.8509171987432858,-0.2968863142650254,0.8532119582083375,0.3392875580795044,-1.022783505154639,0.13333333333333333,1.6875,0.0625,-0.0625,-0.125,-0.625,-0.6875,0.0,0.0,-0.5625
1,1,0,0,-0.38461538461538464,0.0,-0.6073469864978007,0,6,5,4,3,2,1,0,6,5,1,0,0,1,1,1,1,0,0,0,0,1,1,0,0,0,0,0,1,1,0,0,0,0,0,0,0,1,0,0,-0.4690112130479103,0.2970438328236492,0.9878969690700321,0.011068583841936415,-0.8419985811290159,-0.7022397891963108,-0.8685217751112031,-0.2968863142650254,0.8597831698502839,0.34092783505154634,-0.3333333333333333,0.125,1.6875,0.0625,-0.0625,-0.125,-0.625,-0.625,0.0,0.0
2,1,0,0,0.8572007702442486,0.6666666666666666,0.24822772714994334,1,0,6,5,4,3,2,1,0,6,1,1,0,0,1,1,1,1,0,0,0,0,1,1,0,0,0,0,0,1,0,0,0,0,0,0,0,0,1,0,-0.3868501529051988,-0.4690112130479103,0.30143788145236355,0.9878969690700321,0.010844228235532515,-0.8419985811290159,-0.7167683872969897,-0.8685217751112031,-0.28817759421786265,0.8606185567010308,0.0,-0.3125,0.125,1.6875,0.0625,-0.0625,-0.125,-0.5625,-0.625,0.0
3,1,0,0,-0.5767710550319246,0.26666666666666666,-0.6754949932872016,2,1,0,6,5,4,3,2,1,0,1,1,1,0,0,1,1,1,1,0,0,0,0,1,1,0,0,0,0,0,0,0,0,0,0,0,0,0,0,1,0.8621814475025485,-0.3868501529051988,-0.47594910520326883,0.30143788145236355,0.9678727070031418,0.010844228235532515,-0.8594186407365263,-0.7167683872969897,-0.8587506453278264,-0.2855670103092784,0.6666666666666666,0.0,-0.3125,0.125,1.6875,0.0625,-0.0625,-0.0625,-0.5625,-0.625
4,1,0,0,0.05026857200770238,-0.2,-0.2214289458017124,3,2,1,0,6,5,4,3,2,1,1,1,1,1,0,0,1,1,1,1,0,0,0,0,1,1,0,0,0,0,0,0,0,0,0,0,0,0,0,0,-0.5801223241590214,0.8621814475025485,-0.3925726699079342,-0.47594910520326883,0.29532786054525173,0.9678727070031418,0.011068583841936415,-0.8594186407365263,-0.7072792978833248,-0.855257731958763,0.26666666666666666,0.625,0.0,-0.3125,0.125,1.6875,0.0625,0.0,-0.0625,-0.5625
5,0,1,0,-0.4121820208776731,0.5333333333333333,-0.5530018774333054,4,3,2,1,0,6,5,4,3,2,1,1,1,1,1,0,0,1,1,1,0,0,0,0,0,1,1,0,0,0,0,0,0,0,0,0,0,0,0,0,0.05056065239551472,-0.5801223241590214,0.8749353470569982,-0.3925726699079342,-0.46630181412790106,0.29532786054525173,0.9878969690700321,0.011068583841936415,-0.8496644295302013,-0.704020618556701,-0.2,0.25,0.625,0.0,-0.3125,0.125,1.6875,0.125,0.0,-0.0625
6,0,1,0,-1.0537144015404885,-1.1333333333333333,-0.9646704546828992,5,4,3,2,1,0,6,5,4,3,0,1,1,1,1,1,0,0,1,1,1,0,0,0,0,0,1,1,0,0,0,0,0,0,0,0,0,0,0,0,-0.41457696228338436,0.05056065239551472,-0.5887038377986965,0.8749353470569982,-0.38461538461538464,-0.46630181412790106,0.30143788145236355,0.9878969690700321,0.01920495611770779,-0.8461855670103092,0.5333333333333333,-0.1875,0.25,0.625,0.0,-0.3125,0.125,1.75,0.125,0.0
0,1,0,0,-0.2852944157291984,-2.3333333333333335,-0.8610363378089803,6,5,4,3,2,1,0,6,5,4,0,0,1,1,1,1,1,0,0,1,1,1,0,0,0,0,0,1,1,0,0,0,0,0,0,0,0,0,0,0,-1.059836901121305,-0.41457696228338436,0.05130857556635972,-0.5887038377986965,0.8572007702442486,-0.38461538461538464,-0.47594910520326883,0.30143788145236355,0.9942178626742386,0.02134020618556694,-1.1333333333333333,0.5,-0.1875,0.25,0.625,0.0,-0.3125,0.1875,1.75,0.125
1,1,0,0,-0.5261984392419176,-1.1333333333333333,-0.8267916586592412,0,6,5,4,3,2,1,0,6,5,1,0,0,1,1,1,1,1,0,0,0,1,1,0,0,0,0,0,1,1,0,0,0,0,0,0,0,0,0,0,-0.28695208970438335,-1.059836901121305,-0.4207096307023896,0.05130857556635972,-0.5767710550319246,0.8572007702442486,-0.3925726699079342,-0.47594910520326883,0.30903458957150226,0.9948453608247423,-2.3333333333333335,-1.0625,0.5,-0.1875,0.25,0.625,0.0,-0.25,0.1875,1.75
2,1,0,0,0.12141481706699102,-0.06666666666666667,-0.2039689504516188,1,0,6,5,4,3,2,1,0,6,1,1,0,0,1,1,1,1,1,0,0,0,1,1,0,0,0,0,0,1,0,0,0,0,0,0,0,0,0,0,-0.5292558613659532,-0.28695208970438335,-1.0755146374262956,-0.4207096307023896,0.05026857200770238,-0.5767710550319246,0.8749353470569982,-0.3925726699079342,-0.46690758905524,0.31072164948453596,-1.1333333333333333,-2.1875,-1.0625,0.5,-0.1875,0.25,0.625,0.0625,-0.25,0.1875
3,1,0,0,-0.4966048444309314,0.8,-0.5711019068647939,2,1,0,6,5,4,3,2,1,0,1,1,1,0,0,1,1,1,1,1,0,0,0,1,1,0,0,0,0,0,0,0,0,0,0,0,0,0,0,0,0.12212028542303777,-0.5292558613659532,-0.29119685528085243,-1.0755146374262956,-0.4121820208776731,0.05026857200770238,-0.5887038377986965,0.8749353470569982,-0.38368611254517293,-0.464020618556701,-0.06666666666666667,-1.0625,-2.1875,-1.0625,0.5,-0.1875,0.25,0.6875,0.0625,-0.25
4,1,0,0,-0.7221039829735482,0.13333333333333333,-0.7152187673447556,3,2,1,0,6,5,4,3,2,1,1,1,1,1,0,0,1,1,1,1,0,0,0,0,1,1,0,0,0,0,0,0,0,0,0,0,0,0,0,0,-0.4994903160040775,0.12212028542303777,-0.5370849281059273,-0.29119685528085243,-1.0537144015404885,-0.4121820208776731,0.05130857556635972,-0.5887038377986965,0.8814661848218898,-0.3809278350515464,0.8,-0.0625,-1.0625,-2.1875,-1.0625,0.5,-0.1875,0.3125,0.6875,0.0625
5,0,1,0,-0.5448464578899361,0.2,-0.5748319112593586,4,3,2,1,0,6,5,4,3,2,1,1,1,1,1,0,0,1,1,1,0,0,0,0,0,1,1,0,0,0,0,0,0,0,0,0,0,0,0,0,-0.7262996941896025,-0.4994903160040775,0.12392676114616741,-0.5370849281059273,-0.2852944157291984,-1.0537144015404885,-0.4207096307023896,0.05130857556635972,-0.5794527620030975,0.8822680412371136,0.13333333333333333,0.75,-0.0625,-1.0625,-2.1875,-1.0625,0.5,-0.125,0.3125,0.6875
6,0,1,0,0.12394851525286311,0.6,-0.015422637518293888,5,4,3,2,1,0,6,5,4,3,0,1,1,1,1,1,0,0,1,1,1,0,0,0,0,0,1,1,0,0,0,0,0,0,0,0,0,0,0,0,-0.5480122324159021,-0.7262996941896025,-0.5068790731354091,0.12392676114616741,-0.5261984392419176,-0.2852944157291984,-1.0755146374262956,-0.4207096307023896,0.05937016004130098,-0.5763917525773196,0.2,0.125,0.75,-0.0625,-1.0625,-2.1875,-1.0625,0.5625,-0.125,0.3125
0,1,0,0,-0.10175331914462356,-0.06666666666666667,-0.30148360236043226,6,5,4,3,2,1,0,6,5,4,0,0,1,1,1,1,1,0,0,1,1,1,0,0,0,0,0,1,1,0,0,0,0,0,0,0,0,0,0,0,0.1246687054026504,-0.5480122324159021,-0.7370435502224061,-0.5068790731354091,0.12141481706699102,-0.5261984392419176,-0.29119685528085243,-1.0755146374262956,-0.41177077955601443,0.0614432989690721,0.6,0.1875,0.125,0.75,-0.0625,-1.0625,-2.1875,-1.0,0.5625,-0.125
1,1,0,0,0.6908888213236037,0.8,0.11907187330752142,0,6,5,4,3,2,1,0,6,5,1,0,0,1,1,1,1,1,0,0,0,1,1,0,0,0,0,0,1,1,0,0,0,0,0,0,0,0,0,0,-0.1023445463812437,0.1246687054026504,-0.556118754525706,-0.7370435502224061,-0.4966048444309314,0.12141481706699102,-0.5370849281059273,-0.29119685528085243,-1.0653588022715539,-0.4089690721649485,-0.06666666666666667,0.5625,0.1875,0.125,0.75,-0.0625,-1.0625,-2.125,-1.0,0.5625
2,1,0,0,0.018952062430323345,-0.06666666666666667,-0.13790903385427516,1,0,6,5,4,3,2,1,0,6,1,1,0,0,1,1,1,1,1,0,0,0,1,1,0,0,0,0,0,1,0,0,0,0,0,0,0,0,0,0,0.6949031600407747,-0.1023445463812437,0.12651287886624604,-0.556118754525706,-0.7221039829735482,-0.4966048444309314,0.12392676114616741,-0.5370849281059273,-0.28249870934434695,-1.0615463917525774,0.8,-0.0625,0.5625,0.1875,0.125,0.75,-0.0625,-1.0,-2.125,-1.0
3,1,0,0,0.48748353096179176,-0.3333333333333333,0.21289280621851067,2,1,0,6,5,4,3,2,1,0,1,1,1,0,0,1,1,1,1,1,0,0,0,1,1,0,0,0,0,0,0,0,0,0,0,0,0,0,0,0,0.019062181447502595,0.6949031600407747,-0.10385848763835737,0.12651287886624604,-0.5448464578899361,-0.7221039829735482,-0.5068790731354091,0.12392676114616741,-0.5279297883324728,-0.2798969072164949,-0.06666666666666667,0.75,-0.0625,0.5625,0.1875,0.125,0.75,0.0,-1.0,-2.125
4,1,0,0,-0.4140062835715009,-0.4666666666666667,-0.48263676570788105,3,2,1,0,6,5,4,3,2,1,1,1,1,1,0,0,1,1,1,1,0,0,0,0,1,1,0,0,0,0,0,0,0,0,0,0,0,0,0,0,0.49031600407747195,0.019062181447502595,0.7051825799110374,-0.10385848763835737,0.12394851525286311,-0.5448464578899361,-0.7370435502224061,-0.5068790731354091,0.13185338151781117,-0.5249484536082475,-0.3333333333333333,-0.0625,0.75,-0.0625,0.5625,0.1875,0.125,0.8125,0.0,-1.0
5,0,1,0,1.07428803080977,0.0,0.48712372379556,4,3,2,1,0,6,5,4,3,2,1,1,1,1,1,0,0,1,1,1,0,0,0,0,0,1,1,0,0,0,0,0,0,0,0,0,0,0,0,0,-0.41641182466870535,0.49031600407747195,0.019344160546188108,0.7051825799110374,-0.10175331914462356,0.12394851525286311,-0.556118754525706,-0.7370435502224061,-0.49778007227671656,0.13381443298969076,-0.4666666666666667,-0.3125,-0.0625,0.75,-0.0625,0.5625,0.1875,0.1875,0.8125,0.0
6,0,0,1,-0.5797101449275363,0.0,-0.5407367413832262,5,4,3,2,1,0,6,5,4,3,0,1,1,1,1,1,0,0,1,1,1,0,0,0,0,0,1,1,0,0,0,0,0,0,0,0,0,0,0,0,1.0805300713557595,-0.41641182466870535,0.497569049343126,0.019344160546188108,0.6908888213236037,-0.10175331914462356,0.12651287886624604,-0.556118754525706,-0.72751677852349,-0.4948453608247423,0.0,-0.4375,-0.3125,-0.0625,0.75,-0.0625,0.5625,0.25,0.1875,0.8125
0,1,0,0,0.2260058781797912,0.0,0.18628788296212476,6,5,4,3,2,1,0,6,5,4,0,0,1,1,1,1,1,0,0,1,0,1,0,0,0,0,0,1,1,0,1,0,0,0,0,0,0,0,0,0,-0.5830784913353722,1.0805300713557595,-0.4225716354608461,0.497569049343126,0.018952062430323345,0.6908888213236037,-0.10385848763835737,0.12651287886624604,-0.5469282395456891,-0.7242268041237113,0.0,0.0,-0.4375,-0.3125,-0.0625,0.75,-0.0625,0.625,0.25,0.1875
1,1,0,0,0.0031417857504814255,0.8,0.10423719360678188,0,6,5,4,3,2,1,0,6,5,1,0,0,1,1,1,1,1,0,0,0,0,1,0,0,0,0,0,1,1,0,1,0,0,0,0,0,0,0,0,0.22731906218144748,-0.5830784913353722,1.096513913313334,-0.4225716354608461,0.48748353096179176,0.018952062430323345,0.7051825799110374,-0.10385848763835737,0.13443469282395468,-0.5439175257731959,0.0,0.0,0.0,-0.4375,-0.3125,-0.0625,0.75,0.0,0.625,0.25
2,1,0,0,1.013175230566535,0.26666666666666666,1.1091945179485043,1,0,6,5,4,3,2,1,0,6,1,1,0,0,1,1,1,1,1,0,0,0,0,1,0,0,0,0,0,1,0,0,1,0,0,0,0,0,0,0,0.003160040774719697,0.22731906218144748,-0.5917037343539878,1.096513913313334,-0.4140062835715009,0.48748353096179176,0.019344160546188108,0.7051825799110374,-0.09550851832731028,0.13639175257731964,0.8,0.0,0.0,0.0,-0.4375,-0.3125,-0.0625,0.8125,0.0,0.625
3,1,0,0,-0.6168034863687037,-0.06666666666666667,-0.458295984012923,2,1,0,6,5,4,3,2,1,0,1,1,1,0,0,1,1,1,1,1,0,0,0,0,1,0,0,0,0,0,0,0,0,1,0,0,0,0,0,0,1.0190621814475025,0.003160040774719697,0.2306817006310127,-0.5917037343539878,1.07428803080977,-0.4140062835715009,0.497569049343126,0.019344160546188108,0.7120289106866288,-0.09319587628865986,0.26666666666666666,0.75,0.0,0.0,0.0,-0.4375,-0.3125,0.0,0.8125,0.0
4,1,0,0,-0.6283571500962806,-0.06666666666666667,-0.47710290672905964,3,2,1,0,6,5,4,3,2,1,1,1,1,1,0,0,1,1,1,1,0,0,0,0,0,1,0,0,0,0,0,0,0,0,1,0,0,0,0,0,-0.6203873598369012,1.0190621814475025,0.0032067859728975097,0.2306817006310127,-0.5797101449275363,1.07428803080977,-0.4225716354608461,0.497569049343126,0.027465152297367176,0.7130927835051545,-0.06666666666666667,0.25,0.75,0.0,0.0,0.0,-0.4375,-0.25,0.0,0.8125
5,0,1,0,1.3710347623391101,0.3333333333333333,1.4849711262315197,4,3,2,1,0,6,5,4,3,2,1,1,1,1,1,0,0,1,1,1,0,0,0,0,0,0,1,0,0,0,0,0,0,0,0,1,0,0,0,0,-0.6320081549439348,-0.6203873598369012,1.0341367539050377,0.0032067859728975097,0.2260058781797912,-0.5797101449275363,1.096513913313334,-0.4225716354608461,0.504801239029427,0.02958762886597943,-0.06666666666666667,-0.0625,0.25,0.75,0.0,0.0,0.0,-0.375,-0.25,0.0
6,0,1,0,-0.37812911725955206,0.06666666666666667,-0.2934453790547251,5,4,3,2,1,0,6,5,4,3,0,1,1,1,1,1,0,0,1,1,1,0,0,0,0,0,0,1,0,0,0,0,0,0,0,0,1,0,0,0,1.379001019367992,-0.6320081549439348,-0.6295644977759387,1.0341367539050377,0.0031417857504814255,0.2260058781797912,-0.5917037343539878,1.096513913313334,-0.4136293236964377,0.5061855670103093,0.3333333333333333,-0.0625,-0.0625,0.25,0.75,0.0,0.0,0.0625,-0.375,-0.25
0,1,0,0,-0.093442789094963,-0.6,0.10298030778079857,6,5,4,3,2,1,0,6,5,4,0,0,1,1,1,1,1,0,0,1,1,1,0,0,0,0,0,0,1,0,0,0,0,0,0,0,0,1,0,0,-0.38032619775739046,1.379001019367992,-0.6413571945794972,-0.6295644977759387,1.013175230566535,0.0031417857504814255,0.2306817006310127,-0.5917037343539878,1.1026329375322665,-0.41082474226804117,0.06666666666666667,0.3125,-0.0625,-0.0625,0.25,0.75,0.0,0.0625,0.0625,-0.375
1,1,0,0,-0.30505726157900065,-0.3333333333333333,-0.19418062870497418,0,6,5,4,3,2,1,0,6,5,1,0,0,1,1,1,1,1,0,0,0,1,1,0,0,0,0,0,0,1,0,0,0,0,0,0,0,0,1,0,-0.09398572884811417,-0.38032619775739046,1.3994000206889416,-0.6413571945794972,-0.6168034863687037,1.013175230566535,0.0032067859728975097,0.2306817006310127,-0.582447083118224,1.1030927835051547,-0.6,0.0625,0.3125,-0.0625,-0.0625,0.25,0.75,0.0625,0.0625,0.0625
2,1,0,0,-0.2878281139150705,0.0,-0.15529007486886862,1,0,6,5,4,3,2,1,0,6,1,1,0,0,1,1,1,1,1,0,0,0,1,1,0,0,0,0,0,0,0,0,0,0,0,0,0,0,0,1,-0.30682976554536184,-0.09398572884811417,-0.38595220854453294,1.3994000206889416,-0.6283571500962806,-0.6168034863687037,1.0341367539050377,0.0032067859728975097,0.23840991223541563,-0.5793814432989691,-0.3333333333333333,-0.5625,0.0625,0.3125,-0.0625,-0.0625,0.25,0.8125,0.0625,0.0625
3,1,0,0,-0.5290361812100943,0.4,-0.4626109224419803,2,1,0,6,5,4,3,2,1,0,1,1,1,0,0,1,1,1,1,1,0,0,0,1,1,0,0,0,0,0,0,0,0,0,0,0,0,0,0,0,-0.289500509683996,-0.30682976554536184,-0.09537602151649942,-0.38595220854453294,1.3710347623391101,-0.6283571500962806,-0.6295644977759387,1.0341367539050377,0.011357769747031581,0.2402061855670103,0.0,-0.3125,-0.5625,0.0625,0.3125,-0.0625,-0.0625,0.3125,0.8125,0.0625
4,1,0,0,1.7533191446234924,-0.3333333333333333,1.8650488979318667,3,2,1,0,6,5,4,3,2,1,1,1,1,1,0,0,1,1,1,1,0,0,0,0,1,1,0,0,0,0,0,0,0,0,0,0,0,0,0,0,-0.5321100917431193,-0.289500509683996,-0.31136857349746555,-0.09537602151649942,-0.37812911725955206,1.3710347623391101,-0.6413571945794972,-0.6295644977759387,1.0403717088280848,0.01350515463917528,0.4,0.0,-0.3125,-0.5625,0.0625,0.3125,-0.0625,0.0,0.3125,0.8125
5,0,1,0,1.976284584980237,-0.26666666666666666,1.6650434551223556,4,3,2,1,0,6,5,4,3,2,1,1,1,1,1,0,0,1,1,1,0,0,0,0,0,1,1,0,0,0,0,0,0,0,0,0,0,0,0,0,1.7635066258919472,-0.5321100917431193,-0.29378297300093104,-0.31136857349746555,-0.093442789094963,-0.37812911725955206,1.3994000206889416,-0.6413571945794972,-0.6202374806401652,1.0409278350515463,-0.3333333333333333,0.375,0.0,-0.3125,-0.5625,0.0625,0.3125,0.0,0.0,0.3125
6,0,1,0,0.6993006993006993,-0.26666666666666666,0.9002968011063014,5,4,3,2,1,0,6,5,4,3,0,1,1,1,1,1,0,0,1,1,1,0,0,0,0,0,1,1,0,0,0,0,0,0,0,0,0,0,0,0,1.9877675840978595,1.7635066258919472,-0.5399813799524155,-0.29378297300093104,-0.30505726157900065,-0.093442789094963,-0.38595220854453294,1.3994000206889416,-0.6320082601961796,-0.6171134020618556,-0.26666666666666666,-0.3125,0.375,0.0,-0.3125,-0.5625,0.0625,0.375,0.0,0.0
0,1,0,0,-0.13681970203709334,-0.2,-0.19635069701559332,6,5,4,3,2,1,0,6,5,4,0,0,1,1,1,1,1,0,0,1,1,1,0,0,0,0,0,1,1,0,0,0,0,0,0,0,0,0,0,0,0.7033639143730888,1.9877675840978595,1.7895934622944036,-0.5399813799524155,-0.2878281139150705,-0.30505726157900065,-0.09537602151649942,-0.38595220854453294,1.4049561177077956,-0.6288659793814433,-0.26666666666666666,-0.25,-0.3125,0.375,0.0,-0.3125,-0.5625,0.125,0.375,0.0
1,1,0,0,0.07094354920441877,-0.9333333333333333,-0.06701408814126039,0,6,5,4,3,2,1,0,6,5,1,0,0,1,1,1,1,1,0,0,0,1,1,0,0,0,0,0,1,1,0,0,0,0,0,0,0,0,0,0,-0.13761467889908258,0.7033639143730888,2.017171821661322,1.7895934622944036,-0.5290361812100943,-0.2878281139150705,-0.31136857349746555,-0.09537602151649942,-0.3770779556014455,1.4049484536082475,-0.2,-0.25,-0.25,-0.3125,0.375,0.0,-0.3125,-0.5,0.125,0.375
2,0,0,1,0.0,-0.06666666666666667,0.032429065409131284,1,0,6,5,4,3,2,1,0,6,1,1,0,0,1,1,1,1,1,0,0,0,1,1,0,0,0,0,0,1,0,0,0,0,0,0,0,0,0,0,0.07135575942915393,-0.13761467889908258,0.7137684907416986,2.017171821661322,1.7533191446234924,-0.5290361812100943,-0.29378297300093104,-0.31136857349746555,-0.08704181724315946,-0.3743298969072165,-0.9333333333333333,-0.1875,-0.25,-0.25,-0.3125,0.375,0.0,-0.25,-0.5,0.125
3,1,0,0,-0.28276071754332627,-0.6,-0.2585227005473719,2,1,0,6,5,4,3,2,1,0,0,1,1,0,0,1,1,1,1,1,0,0,0,1,1,0,0,0,0,0,1,0,0,0,0,0,0,0,0,0,0.0,0.07135575942915393,-0.13965035688424537,0.7137684907416986,1.976284584980237,1.7533191446234924,-0.5399813799524155,-0.29378297300093104,-0.3026329375322663,-0.0847422680412371,-0.06666666666666667,-0.875,-0.1875,-0.25,-0.25,-0.3125,0.375,0.0625,-0.25,-0.5
4,1,0,0,-0.4064051890138846,-0.6666666666666666,-0.25597062764329037,3,2,1,0,6,5,4,3,2,1,1,0,1,1,0,0,1,1,1,1,0,0,0,0,1,1,0,0,0,0,0,1,0,0,0,0,0,0,0,0,-0.2844036697247707,0.0,0.07241129616220131,-0.13965035688424537,0.6993006993006993,1.976284584980237,1.7895934622944036,-0.5399813799524155,-0.2850800206504905,-0.29999999999999993,-0.6,-0.0625,-0.875,-0.1875,-0.25,-0.25,-0.3125,0.4375,0.0625,-0.25
5,0,1,0,0.25336981858720986,-0.8666666666666667,0.06219686574806377,4,3,2,1,0,6,5,4,3,2,1,1,0,1,1,0,0,1,1,1,0,0,0,0,0,1,1,0,0,0,0,0,1,0,0,0,0,0,0,0,-0.40876656472986744,-0.2844036697247707,0.0,0.07241129616220131,-0.13681970203709334,0.6993006993006993,2.017171821661322,1.7895934622944036,-0.5308208569953536,-0.28247422680412376,-0.6666666666666666,-0.5625,-0.0625,-0.875,-0.1875,-0.25,-0.25,-0.25,0.4375,0.0625
6,0,1,0,0.3141785750481403,-0.3333333333333333,0.5059377020055074,5,4,3,2,1,0,6,5,4,3,0,1,1,0,1,1,0,0,1,1,1,0,0,0,0,0,1,1,0,0,0,0,0,1,0,0,0,0,0,0,0.25484199796126406,-0.40876656472986744,-0.2886107375607738,0.0,0.07094354920441877,-0.13681970203709334,0.7137684907416986,2.017171821661322,1.7944243675787304,-0.5278350515463918,-0.8666666666666667,-0.625,-0.5625,-0.0625,-0.875,-0.1875,-0.25,-0.1875,-0.25,0.4375
0,1,0,0,-0.5837640620249316,-1.0666666666666667,-0.5780297298350627,6,5,4,3,2,1,0,6,5,4,0,0,1,1,0,1,1,0,0,1,1,1,0,0,0,0,0,1,1,0,0,0,0,0,1,0,0,0,0,0,0.3160040774719674,0.25484199796126406,-0.41481328230061026,-0.2886107375607738,0.0,0.07094354920441877,-0.13965035688424537,0.7137684907416986,2.02157976251936,1.7938144329896908,-0.3333333333333333,-0.8125,-0.625,-0.5625,-0.0625,-0.875,-0.1875,-0.1875,-0.1875,-0.25
1,1,0,0,-0.4226208574034661,-0.06666666666666667,-0.5723786152686262,0,6,5,4,3,2,1,0,6,5,1,0,0,1,1,0,1,1,0,0,0,1,1,0,0,0,0,0,1,1,0,0,0,0,0,1,0,0,0,0,-0.5871559633027523,0.3160040774719674,0.2586117720078618,-0.41481328230061026,-0.28276071754332627,0.0,0.07241129616220131,-0.13965035688424537,0.7205988642230254,2.020618556701031,-1.0666666666666667,-0.3125,-0.8125,-0.625,-0.5625,-0.0625,-0.875,-0.125,-0.1875,-0.1875
2,0,0,1,-0.972940103374886,-0.7333333333333333,-0.92210902820988,1,0,6,5,4,3,2,1,0,6,1,1,0,0,1,1,0,1,1,0,0,0,1,1,0,0,0,0,0,1,0,0,0,0,0,0,1,0,0,0,-0.4250764525993884,-0.5871559633027523,0.3206785972897486,0.2586117720078618,-0.4064051890138846,-0.28276071754332627,0.0,0.07241129616220131,-0.13123386680433655,0.7216494845360825,-0.06666666666666667,-1.0,-0.3125,-0.8125,-0.625,-0.5625,-0.0625,-0.8125,-0.125,-0.1875
3,1,0,0,-0.020269585486976792,-0.3333333333333333,-0.0038845533066075707,2,1,0,6,5,4,3,2,1,0,0,1,1,0,0,1,1,0,1,1,0,0,0,1,1,0,0,0,0,0,1,0,0,0,0,0,0,1,0,0,-0.9785932721712539,-0.4250764525993884,-0.5958415227061136,0.3206785972897486,0.25336981858720986,-0.4064051890138846,-0.2886107375607738,0.0,0.08043366029943218,-0.12886597938144329,-0.7333333333333333,-0.0625,-1.0,-0.3125,-0.8125,-0.625,-0.5625,0.0,-0.8125,-0.125
4,1,0,0,-0.2229654403567447,-0.8666666666666667,-0.2201364465307801,3,2,1,0,6,5,4,3,2,1,1,0,1,1,0,0,1,1,0,1,0,0,0,0,1,1,0,0,0,0,0,1,0,0,0,0,0,0,1,0,-0.020387359836901122,-0.9785932721712539,-0.4313644357091135,-0.5958415227061136,0.3141785750481403,0.25336981858720986,-0.41481328230061026,-0.2886107375607738,0.008156943727413591,0.08247422680412371,-0.3333333333333333,-0.6875,-0.0625,-1.0,-0.3125,-0.8125,-0.625,-0.5,0.0,-0.8125
5,0,1,0,0.0,-0.2,-0.017144178008092988,4,3,2,1,0,6,5,4,3,2,1,1,0,1,1,0,0,1,1,0,0,0,0,0,0,1,1,0,0,0,0,0,1,0,0,0,0,0,0,1,-0.22426095820591235,-0.020387359836901122,-0.9930692045101893,-0.4313644357091135,-0.5837640620249316,0.3141785750481403,0.2586117720078618,-0.41481328230061026,-0.2799173980382034,0.010309278350515464,-0.8666666666666667,-0.3125,-0.6875,-0.0625,-1.0,-0.3125,-0.8125,-0.5625,-0.5,0.0
6,0,1,0,0.4966048444309314,-0.9333333333333333,0.7226928871215064,5,4,3,2,1,0,6,5,4,3,0,1,1,0,1,1,0,0,1,1,1,0,0,0,0,0,1,1,0,0,0,0,0,1,0,0,0,0,0,0,0.0,-0.22426095820591235,-0.020688941760628944,-0.9930692045101893,-0.4226208574034661,-0.5837640620249316,0.3206785972897486,0.2586117720078618,-0.40588538977800714,-0.27731958762886605,-0.2,-0.8125,-0.3125,-0.6875,-0.0625,-1.0,-0.3125,-0.75,-0.5625,-0.5
0,0,0,1,0.17229147663930272,0.2,0.5635710071616622,6,5,4,3,2,1,0,6,5,4,0,0,1,1,0,1,1,0,0,1,1,1,0,0,0,0,0,1,1,0,0,0,0,0,1,0,0,0,0,0,0.4994903160040775,0.0,-0.22757835936691836,-0.020688941760628944,-0.972940103374886,-0.4226208574034661,-0.5958415227061136,0.3206785972897486,0.2662880743417657,-0.4030927835051546,-0.9333333333333333,-0.1875,-0.8125,-0.3125,-0.6875,-0.0625,-1.0,-0.25,-0.75,-0.5625
1,1,0,0,0.21283064761325632,-0.4666666666666667,0.4386440819189868,0,6,5,4,3,2,1,0,6,5,0,0,0,1,1,0,1,1,0,0,0,1,1,0,0,0,0,0,1,1,1,0,0,0,0,1,0,0,0,0,0.17329255861365955,0.4994903160040775,0.0,-0.22757835936691836,-0.020269585486976792,-0.972940103374886,-0.4313644357091135,-0.5958415227061136,0.3282395456892102,0.26804123711340205,0.2,-0.875,-0.1875,-0.8125,-0.3125,-0.6875,-0.0625,-0.9375,-0.25,-0.75
2,1,0,0,1.6317016317016317,-0.13333333333333333,2.1213185441223703,1,0,6,5,4,3,2,1,0,6,1,0,0,0,1,1,0,1,1,0,0,0,1,1,0,0,0,0,0,1,0,1,0,0,0,0,1,0,0,0,0.21406727828746178,0.17329255861365955,0.5068790731354091,0.0,-0.2229654403567447,-0.020269585486976792,-0.9930692045101893,-0.4313644357091135,-0.5865771812080537,0.32989690721649484,-0.4666666666666667,0.1875,-0.875,-0.1875,-0.8125,-0.3125,-0.6875,0.0,-0.9375,-0.25
3,1,0,0,5.249822641126989,0.13333333333333333,6.329719016638871,2,1,0,6,5,4,3,2,1,0,1,1,0,0,0,1,1,0,1,1,0,0,0,1,1,0,0,0,0,0,0,0,1,0,0,0,0,1,0,0,1.6411824668705404,0.21406727828746178,0.175856004965346,0.5068790731354091,0.0,-0.2229654403567447,-0.020688941760628944,-0.9930692045101893,-0.42240578213732577,-0.5835051546391753,-0.13333333333333333,-0.4375,0.1875,-0.875,-0.1875,-0.8125,-0.3125,-0.625,0.0,-0.9375
4,1,0,0,2.868146346407216,-0.8666666666666667,3.752740219405699,3,2,1,0,6,5,4,3,2,1,1,1,1,0,0,0,1,1,0,1,0,0,0,0,1,1,0,0,0,0,0,0,0,1,0,0,0,0,1,0,5.2803261977573905,1.6411824668705404,0.2172338884866039,0.175856004965346,0.4966048444309314,0.0,-0.22757835936691836,-0.020688941760628944,-0.9830665978316985,-0.4195876288659794,0.13333333333333333,-0.125,-0.4375,0.1875,-0.875,-0.1875,-0.8125,-0.25,-0.625,0.0
5,0,1,0,1.2871186784230262,0.26666666666666666,1.6881888345802518,4,3,2,1,0,6,5,4,3,2,1,1,1,1,0,0,0,1,1,0,0,0,0,0,0,1,1,0,0,0,0,0,0,0,1,0,0,0,0,1,2.884811416921509,5.2803261977573905,1.6654598117306298,0.2172338884866039,0.17229147663930272,0.4966048444309314,0.0,-0.22757835936691836,-0.012493546721734578,-0.979381443298969,-0.8666666666666667,0.125,-0.125,-0.4375,0.1875,-0.875,-0.1875,-0.75,-0.25,-0.625
6,0,1,0,1.9357454140062835,0.6,2.7588848825629855,5,4,3,2,1,0,6,5,4,3,0,1,1,1,1,0,0,0,1,1,1,0,0,0,0,0,1,1,0,0,0,0,0,0,0,1,0,0,0,0,1.2945973496432213,2.884811416921509,5.358435916002897,1.6654598117306298,0.21283064761325632,0.17229147663930272,0.5068790731354091,0.0,-0.21899845121321626,-0.010309278350515464,0.26666666666666666,-0.8125,0.125,-0.125,-0.4375,0.1875,-0.875,-0.125,-0.75,-0.25
0,1,0,0,0.6790311138137225,-0.13333333333333333,0.7696777722379086,6,5,4,3,2,1,0,6,5,4,0,0,1,1,1,1,0,0,0,1,1,1,0,0,0,0,0,1,1,0,0,0,0,0,0,0,1,0,0,0,1.9469928644240573,1.2945973496432213,2.9274852591289955,5.358435916002897,1.6317016317016317,0.21283064761325632,0.175856004965346,0.5068790731354091,0.008156943727413591,-0.21649484536082475,0.6,0.25,-0.8125,0.125,-0.125,-0.4375,0.1875,-0.8125,-0.125,-0.75
1,1,0,0,-0.4155265024830242,-0.4666666666666667,-0.3185975425379082,0,6,5,4,3,2,1,0,6,5,1,0,0,1,1,1,1,0,0,0,0,1,1,0,0,0,0,0,1,1,0,0,0,0,0,0,0,1,0,0,0.6829765545361876,1.9469928644240573,1.313747801799938,2.9274852591289955,5.249822641126989,1.6317016317016317,0.2172338884866039,0.175856004965346,0.5140939597315437,0.010309278350515464,-0.13333333333333333,0.5625,0.25,-0.8125,0.125,-0.125,-0.4375,0.25,-0.8125,-0.125
2,1,0,0,-0.12161751292186075,0.7333333333333333,-0.06120876063867674,1,0,6,5,4,3,2,1,0,6,1,1,0,0,1,1,1,1,0,0,0,0,1,1,0,0,0,0,0,1,0,0,0,0,0,0,0,0,1,0,-0.417940876656473,0.6829765545361876,1.9757939381400642,1.313747801799938,2.868146346407216,5.249822641126989,1.6654598117306298,0.2172338884866039,0.18368611254517303,0.5154639175257731,-0.4666666666666667,-0.125,0.5625,0.25,-0.8125,0.125,-0.125,-0.375,0.25,-0.8125
3,1,0,0,0.33444816053511706,0.2,0.4935862201502215,2,1,0,6,5,4,3,2,1,0,1,1,1,0,0,1,1,1,1,0,0,0,0,1,1,0,0,0,0,0,0,0,0,0,0,0,0,0,0,1,-0.12232415902140674,-0.417940876656473,0.6930795489810696,1.9757939381400642,1.2871186784230262,2.868146346407216,5.358435916002897,1.6654598117306298,0.22498709344346937,0.18556701030927836,0.7333333333333333,-0.4375,-0.125,0.5625,0.25,-0.8125,0.125,-0.0625,-0.375,0.25
4,1,0,0,0.435796087970001,-0.2,0.5516247122366453,3,2,1,0,6,5,4,3,2,1,1,1,1,1,0,0,1,1,1,1,0,0,0,0,1,1,0,0,0,0,0,0,0,0,0,0,0,0,0,0,0.3363914373088685,-0.12232415902140674,-0.42412330609289334,0.6930795489810696,1.9357454140062835,1.2871186784230262,2.9274852591289955,5.358435916002897,1.6705214248838414,0.2268041237113402,0.2,0.6875,-0.4375,-0.125,0.5625,0.25,-0.8125,0.1875,-0.0625,-0.375
5,0,1,0,0.8918617614269788,-0.4,0.9989853527948491,4,3,2,1,0,6,5,4,3,2,1,1,1,1,1,0,0,1,1,1,0,0,0,0,0,1,1,0,0,0,0,0,0,0,0,0,0,0,0,0,0.43832823649337416,0.3363914373088685,-0.12413365056377366,-0.42412330609289334,0.6790311138137225,1.9357454140062835,1.313747801799938,2.9274852591289955,5.356633970056789,1.6701030927835052,-0.2,0.1875,0.6875,-0.4375,-0.125,0.5625,0.25,-0.75,0.1875,-0.0625
6,0,1,0,-0.4053917097395358,-0.6,-0.2566234288087235,5,4,3,2,1,0,6,5,4,3,0,1,1,1,1,1,0,0,1,1,1,0,0,0,0,0,1,1,0,0,0,0,0,0,0,0,0,0,0,0,0.8970438328236494,0.43832823649337416,0.3413675390503776,-0.12413365056377366,-0.4155265024830242,0.6790311138137225,1.9757939381400642,1.313747801799938,2.9302013422818796,5.350515463917525,-0.4,-0.1875,0.1875,0.6875,-0.4375,-0.125,0.5625,0.3125,-0.75,0.1875
0,1,0,0,-0.21283064761325632,0.0,-0.05273914428283257,6,5,4,3,2,1,0,6,5,4,0,0,1,1,1,1,1,0,0,1,1,1,0,0,0,0,0,1,1,0,0,0,0,0,0,0,0,0,0,0,-0.40774719673802245,0.8970438328236494,0.4448122478535223,0.3413675390503776,-0.12161751292186075,-0.4155265024830242,0.6930795489810696,1.9757939381400642,1.3194630872483224,2.9278350515463916,-0.6,-0.375,-0.1875,0.1875,0.6875,-0.4375,-0.125,0.625,0.3125,-0.75
1,1,0,0,-0.47633525894395456,-0.3333333333333333,-0.2610559588012918,0,6,5,4,3,2,1,0,6,5,1,0,0,1,1,1,1,1,0,0,0,1,1,0,0,0,0,0,1,1,0,0,0,0,0,0,0,0,0,0,-0.21406727828746178,-0.40774719673802245,0.9103134374676735,0.4448122478535223,0.33444816053511706,-0.12161751292186075,-0.42412330609289334,0.6930795489810696,1.9802787816210639,1.3195876288659794,0.0,-0.5625,-0.375,-0.1875,0.1875,0.6875,-0.4375,-0.0625,0.625,0.3125
2,1,0,0,-0.3952569169960474,-0.13333333333333333,-0.22439762881651817,1,0,6,5,4,3,2,1,0,6,1,1,0,0,1,1,1,1,1,0,0,0,1,1,0,0,0,0,0,1,0,0,0,0,0,0,0,0,0,0,-0.47910295616717635,-0.21406727828746178,-0.41377883521257885,0.9103134374676735,0.435796087970001,0.33444816053511706,-0.12413365056377366,-0.42412330609289334,0.6999483737738772,1.9793814432989691,-0.3333333333333333,0.0,-0.5625,-0.375,-0.1875,0.1875,0.6875,-0.375,-0.0625,0.625
3,1,0,0,-0.486470051687443,-0.13333333333333333,-0.19510758620133556,2,1,0,6,5,4,3,2,1,0,1,1,1,0,0,1,1,1,1,1,0,0,0,1,1,0,0,0,0,0,0,0,0,0,0,0,0,0,0,0,-0.3975535168195719,-0.47910295616717635,-0.2172338884866039,-0.41377883521257885,0.8918617614269788,0.435796087970001,0.3413675390503776,-0.12413365056377366,-0.4151781104801239,0.7010309278350515,-0.13333333333333333,-0.3125,0.0,-0.5625,-0.375,-0.1875,0.1875,0.75,-0.375,-0.0625
4,1,0,0,0.5675483936353501,0.6666666666666666,0.8316397908348463,3,2,1,0,6,5,4,3,2,1,1,1,1,1,0,0,1,1,1,1,0,0,0,0,1,1,0,0,0,0,0,0,0,0,0,0,0,0,0,0,-0.48929663608562696,-0.3975535168195719,-0.4861901313747802,-0.2172338884866039,-0.4053917097395358,0.8918617614269788,0.4448122478535223,0.3413675390503776,-0.11574599896747542,-0.41237113402061853,-0.13333333333333333,-0.125,-0.3125,0.0,-0.5625,-0.375,-0.1875,0.25,0.75,-0.375
5,0,1,0,0.9121313469139556,0.6,1.4668492583668078,4,3,2,1,0,6,5,4,3,2,1,1,1,1,1,0,0,1,1,1,0,0,0,0,0,1,1,0,0,0,0,0,0,0,0,0,0,0,0,0,0.5708460754332314,-0.48929663608562696,-0.4034343643322644,-0.4861901313747802,-0.21283064761325632,-0.4053917097395358,0.9103134374676735,0.4448122478535223,0.3488900361383584,-0.1134020618556701,0.6666666666666666,-0.125,-0.125,-0.3125,0.0,-0.5625,-0.375,-0.125,0.25,0.75
6,0,1,0,-0.13175230566534915,0.7333333333333333,0.25280539872947355,5,4,3,2,1,0,6,5,4,3,0,1,1,1,1,1,0,0,1,1,1,0,0,0,0,0,1,1,0,0,0,0,0,0,0,0,0,0,0,0,0.9174311926605505,0.5708460754332314,-0.49653460225509466,-0.4034343643322644,-0.47633525894395456,-0.21283064761325632,-0.41377883521257885,0.9103134374676735,0.4521424883840992,0.35051546391752575,0.6,0.625,-0.125,-0.125,-0.3125,0.0,-0.5625,-0.3125,-0.125,0.25
0,1,0,0,0.13175230566534915,0.7333333333333333,0.5423232195629357,6,5,4,3,2,1,0,6,5,4,0,0,1,1,1,1,1,0,0,1,1,1,0,0,0,0,0,1,1,0,0,0,0,0,0,0,0,0,0,0,-0.1325178389398573,0.9174311926605505,0.5792903692976105,-0.49653460225509466,-0.3952569169960474,-0.47633525894395456,-0.2172338884866039,-0.41377883521257885,0.916778523489933,0.4536082474226804,0.7333333333333333,0.5625,0.625,-0.125,-0.125,-0.3125,0.0,-0.5,-0.3125,-0.125
1,1,0,0,1.1148272017837235,1.2666666666666666,1.4128545721615748,0,6,5,4,3,2,1,0,6,5,1,0,0,1,1,1,1,1,0,0,0,1,1,0,0,0,0,0,1,1,0,0,0,0,0,0,0,0,0,0,0.1325178389398573,-0.1325178389398573,0.9310023792283024,0.5792903692976105,-0.486470051687443,-0.3952569169960474,-0.4861901313747802,-0.2172338884866039,-0.40485286525554975,0.9175257731958762,0.7333333333333333,0.6875,0.5625,0.625,-0.125,-0.125,-0.3125,0.0625,-0.5,-0.3125
2,1,0,0,0.7094354920441877,1.0,1.1589475084699523,1,0,6,5,4,3,2,1,0,6,1,1,0,0,1,1,1,1,1,0,0,0,1,1,0,0,0,0,0,1,0,0,0,0,0,0,0,0,0,0,1.1213047910295617,0.1325178389398573,-0.13447812144408813,0.9310023792283024,0.5675483936353501,-0.486470051687443,-0.4034343643322644,-0.4861901313747802,-0.20867320598864217,-0.4020618556701031,1.2666666666666666,0.6875,0.6875,0.5625,0.625,-0.125,-0.125,-0.25,0.0625,-0.5
3,1,0,0,0.47633525894395456,0.4,0.423018178983767,2,1,0,6,5,4,3,2,1,0,1,1,1,0,0,1,1,1,1,1,0,0,0,1,1,0,0,0,0,0,0,0,0,0,0,0,0,0,0,0,0.7135575942915393,1.1213047910295617,0.13447812144408813,-0.13447812144408813,0.9121313469139556,0.5675483936353501,-0.49653460225509466,-0.4034343643322644,-0.47712958182756837,-0.20618556701030927,1.0,1.1875,0.6875,0.6875,0.5625,0.625,-0.125,-0.0625,-0.25,0.0625
4,1,0,0,0.2837741968176751,0.9333333333333333,-0.14650329726744085,3,2,1,0,6,5,4,3,2,1,1,1,1,1,0,0,1,1,1,1,0,0,0,0,1,1,0,0,0,0,0,0,0,0,0,0,0,0,0,0,0.47910295616717635,0.7135575942915393,1.1378917968345919,0.13447812144408813,-0.13175230566534915,0.9121313469139556,0.5792903692976105,-0.49653460225509466,-0.3945276200309757,-0.4742268041237113,0.4,0.9375,1.1875,0.6875,0.6875,0.5625,0.625,-0.0625,-0.0625,-0.25
5,0,1,0,-0.2837741968176751,0.26666666666666666,-0.23312359478081604,4,3,2,1,0,6,5,4,3,2,1,1,1,1,1,0,0,1,1,1,0,0,0,0,0,1,1,0,0,0,0,0,0,0,0,0,0,0,0,0,0.2854230377166157,0.47910295616717635,0.724112961622013,1.1378917968345919,0.13175230566534915,-0.13175230566534915,0.9310023792283024,0.5792903692976105,-0.48745482705214244,-0.3917525773195876,0.9333333333333333,0.375,0.9375,1.1875,0.6875,0.6875,0.5625,0.6875,-0.0625,-0.0625
6,0,1,0,0.9019965541704672,0.13333333333333333,1.2343438592341631,5,4,3,2,1,0,6,5,4,3,0,1,1,1,1,1,0,0,1,1,1,0,0,0,0,0,1,1,0,0,0,0,0,0,0,0,0,0,0,0,-0.2854230377166157,0.2854230377166157,0.4861901313747802,0.724112961622013,1.1148272017837235,0.13175230566534915,-0.13447812144408813,0.9310023792283024,0.5863706763035623,-0.4845360824742268,0.26666666666666666,0.875,0.375,0.9375,1.1875,0.6875,0.6875,0.625,0.6875,-0.0625
0,1,0,0,-0.4560656734569778,-0.2,-0.449130897552886,6,5,4,3,2,1,0,6,5,4,0,0,1,1,1,1,1,0,0,1,1,1,0,0,0,0,0,1,1,0,0,0,0,0,0,0,0,0,0,0,0.9072375127421,-0.2854230377166157,0.28964518464880523,0.4861901313747802,0.7094354920441877,1.1148272017837235,0.13447812144408813,-0.13447812144408813,0.9374290139390812,0.5876288659793815,0.13333333333333333,0.25,0.875,0.375,0.9375,1.1875,0.6875,0.75,0.625,0.6875
1,1,0,0,0.040539170973953584,0.5333333333333333,0.07023240124660496,0,6,5,4,3,2,1,0,6,5,1,0,0,1,1,1,1,1,0,0,0,1,1,0,0,0,0,0,1,1,0,0,0,0,0,0,0,0,0,0,-0.45871559633027525,0.9072375127421,-0.28964518464880523,0.28964518464880523,0.47633525894395456,0.7094354920441877,1.1378917968345919,0.13447812144408813,-0.12607124419204951,0.9381443298969072,-0.2,0.125,0.25,0.875,0.375,0.9375,1.1875,0.75,0.75,0.625
2,1,0,0,-0.15202189115232592,0.06666666666666667,-0.2328890836055858,1,0,6,5,4,3,2,1,0,6,1,1,0,0,1,1,1,1,1,0,0,0,1,1,0,0,0,0,0,1,0,0,0,0,0,0,0,0,0,0,0.040774719673802244,-0.45871559633027525,0.920657908347988,-0.28964518464880523,0.2837741968176751,0.47633525894395456,0.724112961622013,1.1378917968345919,0.1423851316468767,-0.12371134020618557,0.5333333333333333,-0.1875,0.125,0.25,0.875,0.375,0.9375,1.25,0.75,0.75
3,1,0,0,0.5472788081483734,-0.2,0.4841076681794541,2,1,0,6,5,4,3,2,1,0,1,1,1,0,0,1,1,1,1,1,0,0,0,1,1,0,0,0,0,0,0,0,0,0,0,0,0,0,0,0,-0.15290519877675843,0.040774719673802244,-0.4655011896141512,0.920657908347988,-0.2837741968176751,0.2837741968176751,0.4861901313747802,0.724112961622013,1.1439339184305628,0.14432989690721648,0.06666666666666667,0.5,-0.1875,0.125,0.25,0.875,0.375,1.0,1.25,0.75
4,1,0,0,-0.060808756460930376,-0.3333333333333333,0.01138521517912219,3,2,1,0,6,5,4,3,2,1,1,1,1,1,0,0,1,1,1,1,0,0,0,0,1,1,0,0,0,0,0,0,0,0,0,0,0,0,0,0,0.5504587155963303,-0.15290519877675843,0.04137788352125789,-0.4655011896141512,0.9019965541704672,-0.2837741968176751,0.28964518464880523,0.4861901313747802,0.7309241094475994,1.1443298969072164,-0.2,0.0625,0.5,-0.1875,0.125,0.25,0.875,0.4375,1.0,1.25
5,0,1,0,-0.6283571500962806,-0.4666666666666667,-0.5849427698659188,4,3,2,1,0,6,5,4,3,2,1,1,1,1,1,0,0,1,1,1,0,0,0,0,0,1,1,0,0,0,0,0,0,0,0,0,0,0,0,0,-0.06116207951070337,0.5504587155963303,-0.15516706320471707,0.04137788352125789,-0.4560656734569778,0.9019965541704672,-0.28964518464880523,0.28964518464880523,0.4934434692823956,0.7319587628865979,-0.3333333333333333,-0.1875,0.0625,0.5,-0.1875,0.125,0.25,0.9375,0.4375,1.0
6,0,1,0,-0.5776831863788385,-0.7333333333333333,-0.454979229970125,5,4,3,2,1,0,6,5,4,3,0,1,1,1,1,1,0,0,1,1,1,0,0,0,0,0,1,1,0,0,0,0,0,0,0,0,0,0,0,0,-0.6320081549439348,-0.06116207951070337,0.5586014275369815,-0.15516706320471707,0.040539170973953584,-0.4560656734569778,0.920657908347988,-0.28964518464880523,0.29726381001548796,0.4948453608247423,-0.4666666666666667,-0.3125,-0.1875,0.0625,0.5,-0.1875,0.125,0.3125,0.9375,0.4375
0,1,0,0,-0.6688963210702341,-0.06666666666666667,-0.6203781475901793,6,5,4,3,2,1,0,6,5,4,0,0,1,1,1,1,1,0,0,1,1,1,0,0,0,0,0,1,1,0,0,0,0,0,0,0,0,0,0,0,-0.581039755351682,-0.6320081549439348,-0.06206682528188683,0.5586014275369815,-0.15202189115232592,0.040539170973953584,-0.4655011896141512,0.920657908347988,-0.28094992256066076,0.29896907216494845,-0.7333333333333333,-0.4375,-0.3125,-0.1875,0.0625,0.5,-0.1875,0.1875,0.3125,0.9375
1,1,0,0,0.2432350258437215,-0.4,0.31971735019842734,0,6,5,4,3,2,1,0,6,5,1,0,0,1,1,1,1,1,0,0,0,1,1,0,0,0,0,0,1,1,0,0,0,0,0,0,0,0,0,0,-0.672782874617737,-0.581039755351682,-0.6413571945794972,-0.06206682528188683,0.5472788081483734,-0.15202189115232592,0.04137788352125789,-0.4655011896141512,0.9271037687145071,-0.27835051546391754,-0.06666666666666667,-0.6875,-0.4375,-0.3125,-0.1875,0.0625,0.5,-0.125,0.1875,0.3125
2,1,0,0,0.6587615283267457,0.06666666666666667,0.9136945119009382,1,0,6,5,4,3,2,1,0,6,1,1,0,0,1,1,1,1,1,0,0,0,1,1,0,0,0,0,0,1,0,0,0,0,0,0,0,0,0,0,0.24464831804281348,-0.672782874617737,-0.5896348401779249,-0.6413571945794972,-0.060808756460930376,0.5472788081483734,-0.15516706320471707,0.04137788352125789,-0.4564790913784202,0.9278350515463918,-0.4,-0.0625,-0.6875,-0.4375,-0.3125,-0.1875,0.0625,0.5625,-0.125,0.1875
3,1,0,0,-0.7601094557616297,-0.8,-0.7520192151334295,2,1,0,6,5,4,3,2,1,0,1,1,1,0,0,1,1,1,1,1,0,0,0,1,1,0,0,0,0,0,0,0,0,0,0,0,0,0,0,0,0.6625891946992865,0.24464831804281348,-0.6827350781007552,-0.5896348401779249,-0.6283571500962806,-0.060808756460930376,0.5586014275369815,-0.15516706320471707,0.04945792462570993,-0.4536082474226804,0.06666666666666667,-0.375,-0.0625,-0.6875,-0.4375,-0.3125,-0.1875,0.125,0.5625,-0.125
4,1,0,0,-0.7094354920441877,-0.26666666666666666,-0.5756012960606154,3,2,1,0,6,5,4,3,2,1,1,1,1,1,0,0,1,1,1,1,0,0,0,0,1,1,0,0,0,0,0,0,0,0,0,0,0,0,0,0,-0.764525993883792,0.6625891946992865,0.24826730112754733,-0.6827350781007552,-0.5776831863788385,-0.6283571500962806,-0.06206682528188683,0.5586014275369815,-0.14672173464119767,0.05154639175257732,-0.8,0.0625,-0.375,-0.0625,-0.6875,-0.4375,-0.3125,-0.125,0.125,0.5625
5,0,1,0,0.010134792743488396,-0.26666666666666666,0.015489160745651464,4,3,2,1,0,6,5,4,3,2,1,1,1,1,1,0,0,1,1,1,0,0,0,0,0,1,1,0,0,0,0,0,0,0,0,0,0,0,0,0,-0.7135575942915393,-0.764525993883792,0.6723906072204406,0.24826730112754733,-0.6688963210702341,-0.5776831863788385,-0.6413571945794972,-0.06206682528188683,0.5657201858544142,-0.14432989690721648,-0.26666666666666666,-0.75,0.0625,-0.375,-0.0625,-0.6875,-0.4375,-0.25,-0.125,0.125
6,0,1,0,-0.32431336779162867,-0.8,-0.22771438285931614,5,4,3,2,1,0,6,5,4,3,0,1,1,1,1,1,0,0,1,1,1,0,0,0,0,0,1,1,0,0,0,0,0,0,0,0,0,0,0,0,0.010193679918450561,-0.7135575942915393,-0.7758353160235854,0.6723906072204406,0.2432350258437215,-0.6688963210702341,-0.5896348401779249,-0.6413571945794972,-0.05379452762003092,0.5670103092783505,-0.26666666666666666,-0.25,-0.75,0.0625,-0.375,-0.0625,-0.6875,-0.375,-0.25,-0.125
0,1,0,0,0.15202189115232592,-0.5333333333333333,0.1680679101358552,6,5,4,3,2,1,0,6,5,4,0,0,1,1,1,1,1,0,0,1,1,1,0,0,0,0,0,1,1,0,0,0,0,0,0,0,0,0,0,0,-0.32619775739041795,0.010193679918450561,-0.724112961622013,-0.7758353160235854,0.6587615283267457,0.2432350258437215,-0.6827350781007552,-0.5896348401779249,-0.6320082601961796,-0.05154639175257732,-0.8,-0.25,-0.25,-0.75,0.0625,-0.375,-0.0625,-0.625,-0.375,-0.25
1,1,0,0,-0.2432350258437215,-1.0,-0.20469297850695,0,6,5,4,3,2,1,0,6,5,1,0,0,1,1,1,1,1,0,0,0,1,1,0,0,0,0,0,1,1,0,0,0,0,0,0,0,0,0,0,0.15290519877675843,-0.32619775739041795,0.010344470880314472,-0.724112961622013,-0.7601094557616297,0.6587615283267457,0.24826730112754733,-0.6827350781007552,-0.5803820340733092,-0.6288659793814433,-0.5333333333333333,-0.75,-0.25,-0.25,-0.75,0.0625,-0.375,0.0,-0.625,-0.375
2,1,0,0,-0.4053917097395358,-0.2,-0.2857270048017675,1,0,6,5,4,3,2,1,0,6,1,1,0,0,1,1,1,1,1,0,0,0,1,1,0,0,0,0,0,1,0,0,0,0,0,0,0,0,0,0,-0.24464831804281348,0.15290519877675843,-0.3310230681700631,0.010344470880314472,-0.7094354920441877,-0.7601094557616297,0.6723906072204406,0.24826730112754733,-0.673309241094476,-0.5773195876288659,-1.0,-0.5,-0.75,-0.25,-0.25,-0.75,0.0625,-0.3125,0.0,-0.625
3,1,0,0,-0.38512212425255904,-0.2,-0.17571908920966375,2,1,0,6,5,4,3,2,1,0,1,1,1,0,0,1,1,1,1,1,0,0,0,1,1,0,0,0,0,0,0,0,0,0,0,0,0,0,0,0,-0.40774719673802245,-0.24464831804281348,0.15516706320471707,-0.3310230681700631,0.010134792743488396,-0.7094354920441877,-0.7758353160235854,0.6723906072204406,0.2559628291171916,-0.6701030927835051,-0.2,-0.9375,-0.5,-0.75,-0.25,-0.25,-0.75,0.125,-0.3125,0.0
4,1,0,0,-0.8513225904530253,-0.26666666666666666,-0.7657515579202285,3,2,1,0,6,5,4,3,2,1,1,1,1,1,0,0,1,1,1,1,0,0,0,0,1,1,0,0,0,0,0,0,0,0,0,0,0,0,0,0,-0.3873598369011213,-0.40774719673802245,-0.24826730112754733,0.15516706320471707,-0.32431336779162867,0.010134792743488396,-0.724112961622013,-0.7758353160235854,0.6792978833247291,0.25773195876288657,-0.2,-0.1875,-0.9375,-0.5,-0.75,-0.25,-0.25,-0.6875,0.125,-0.3125
5,0,1,0,-0.7297050775311644,-0.7333333333333333,-0.6568117097006992,4,3,2,1,0,6,5,4,3,2,1,1,1,1,1,0,0,1,1,1,0,0,0,0,0,1,1,0,0,0,0,0,0,0,0,0,0,0,0,0,-0.8562691131498471,-0.3873598369011213,-0.41377883521257885,-0.24826730112754733,0.15202189115232592,-0.32431336779162867,0.010344470880314472,-0.724112961622013,-0.7662364481156427,0.6804123711340206,-0.26666666666666666,-0.1875,-0.1875,-0.9375,-0.5,-0.75,-0.25,-0.1875,-0.6875,0.125
6,0,1,0,-0.4459308807134894,0.5333333333333333,-0.2578373097200514,5,4,3,2,1,0,6,5,4,3,0,1,1,1,1,1,0,0,1,1,1,0,0,0,0,0,1,1,0,0,0,0,0,0,0,0,0,0,0,0,-0.7339449541284404,-0.8562691131498471,-0.39308989345194995,-0.41377883521257885,-0.2432350258437215,0.15202189115232592,-0.3310230681700631,0.010344470880314472,-0.7146102219927724,-0.7628865979381443,-0.7333333333333333,-0.25,-0.1875,-0.1875,-0.9375,-0.5,-0.75,-0.1875,-0.1875,-0.6875
0,1,0,0,-0.050673963717441976,-0.4,-0.15315360414782403,6,5,4,3,2,1,0,6,5,4,0,0,1,1,1,1,1,0,0,1,1,1,0,0,0,0,0,1,1,0,0,0,0,0,0,0,0,0,0,0,-0.4485219164118247,-0.7339449541284404,-0.8689355539464156,-0.39308989345194995,-0.4053917097395358,-0.2432350258437215,0.15516706320471707,-0.3310230681700631,0.018482188951987676,-0.711340206185567,0.5333333333333333,-0.6875,-0.25,-0.1875,-0.1875,-0.9375,-0.5,-0.6875,-0.1875,-0.1875
1,1,0,0,1.7533191446234924,0.4,1.9437677143291032,0,6,5,4,3,2,1,0,6,5,1,0,0,1,1,1,1,1,0,0,0,1,1,0,0,0,0,0,1,1,0,0,0,0,0,0,0,0,0,0,-0.05096839959225281,-0.4485219164118247,-0.744801903382642,-0.8689355539464156,-0.38512212425255904,-0.4053917097395358,-0.24826730112754733,0.15516706320471707,-0.3222509034589571,0.020618556701030927,-0.4,0.5,-0.6875,-0.25,-0.1875,-0.1875,-0.9375,-0.4375,-0.6875,-0.1875
2,1,0,0,1.408736191344887,0.2,1.299097165572953,1,0,6,5,4,3,2,1,0,6,1,1,0,0,1,1,1,1,1,0,0,0,1,1,0,0,0,0,0,1,0,0,0,0,0,0,0,0,0,0,1.7635066258919472,-0.05096839959225281,-0.45515671873383673,-0.744801903382642,-0.8513225904530253,-0.38512212425255904,-0.41377883521257885,-0.24826730112754733,0.16303562209602485,-0.31958762886597936,0.4,-0.375,0.5,-0.6875,-0.25,-0.1875,-0.1875,-0.875,-0.4375,-0.6875
3,1,0,0,-0.2837741968176751,-0.13333333333333333,-0.23070524028324113,2,1,0,6,5,4,3,2,1,0,1,1,1,0,0,1,1,1,1,1,0,0,0,1,1,0,0,0,0,0,0,0,0,0,0,0,0,0,0,0,1.416921508664628,1.7635066258919472,-0.05172235440157236,-0.45515671873383673,-0.7297050775311644,-0.8513225904530253,-0.39308989345194995,-0.41377883521257885,-0.23964894166236442,0.16494845360824742,0.2,0.375,-0.375,0.5,-0.6875,-0.25,-0.1875,-0.125,-0.875,-0.4375
4,1,0,0,0.6993006993006993,0.2,0.6840929524352205,3,2,1,0,6,5,4,3,2,1,1,1,1,1,0,0,1,1,1,1,0,0,0,0,1,1,0,0,0,0,0,0,0,0,0,0,0,0,0,0,-0.2854230377166157,1.416921508664628,1.7895934622944036,-0.05172235440157236,-0.4459308807134894,-0.7297050775311644,-0.8689355539464156,-0.39308989345194995,-0.40485286525554975,-0.23711340206185566,-0.13333333333333333,0.1875,0.375,-0.375,0.5,-0.6875,-0.25,-0.125,-0.125,-0.875
5,0,1,0,-0.8411877977095368,0.0,-0.7717090825035848,4,3,2,1,0,6,5,4,3,2,1,1,1,1,1,0,0,1,1,1,0,0,0,0,0,1,1,0,0,0,0,0,0,0,0,0,0,0,0,0,0.7033639143730888,-0.2854230377166157,1.4378814523637116,1.7895934622944036,-0.050673963717441976,-0.4459308807134894,-0.744801903382642,-0.8689355539464156,-0.3842023748064016,-0.4020618556701031,0.2,-0.125,0.1875,0.375,-0.375,0.5,-0.6875,-0.1875,-0.125,-0.125
6,0,1,0,-0.4459308807134894,0.6666666666666666,-0.2730758324474769,5,4,3,2,1,0,6,5,4,3,0,1,1,1,1,1,0,0,1,1,1,0,0,0,0,0,1,1,0,0,0,0,0,0,0,0,0,0,0,0,-0.8460754332313966,0.7033639143730888,-0.28964518464880523,1.4378814523637116,1.7533191446234924,-0.050673963717441976,-0.45515671873383673,-0.744801903382642,-0.8591636551368095,-0.38144329896907214,0.0,0.1875,-0.125,0.1875,0.375,-0.375,0.5,-0.625,-0.1875,-0.125
0,1,0,0,-0.29390898956116346,0.06666666666666667,-0.2845635202748014,6,5,4,3,2,1,0,6,5,4,0,0,1,1,1,1,1,0,0,1,1,1,0,0,0,0,0,1,1,0,0,0,0,0,0,0,0,0,0,0,-0.4485219164118247,-0.8460754332313966,0.7137684907416986,-0.28964518464880523,1.408736191344887,1.7533191446234924,-0.05172235440157236,-0.45515671873383673,-0.7352607124419205,-0.8556701030927835,0.6666666666666666,0.0,0.1875,-0.125,0.1875,0.375,-0.375,0.5625,-0.625,-0.1875
1,1,0,0,0.030404378230465188,0.13333333333333333,-0.1644853991595227,0,6,5,4,3,2,1,0,6,5,1,0,0,1,1,1,1,1,0,0,0,1,1,0,0,0,0,0,1,1,0,0,0,0,0,0,0,0,0,0,-0.29561671763506625,-0.4485219164118247,-0.8585910830661011,0.7137684907416986,-0.2837741968176751,1.408736191344887,1.7895934622944036,-0.05172235440157236,-0.4461538461538461,-0.7319587628865979,0.06666666666666667,0.625,0.0,0.1875,-0.125,0.1875,0.375,-0.3125,0.5625,-0.625
2,1,0,0,-0.435796087970001,0.13333333333333333,-0.37946293581113316,1,0,6,5,4,3,2,1,0,6,1,1,0,0,1,1,1,1,1,0,0,0,1,1,0,0,0,0,0,1,0,0,0,0,0,0,0,0,0,0,0.030581039755351685,-0.29561671763506625,-0.45515671873383673,-0.8585910830661011,0.6993006993006993,-0.2837741968176751,1.4378814523637116,1.7895934622944036,-0.04346928239545683,-0.44329896907216493,0.13333333333333333,0.0625,0.625,0.0,0.1875,-0.125,0.1875,0.4375,-0.3125,0.5625
3,1,0,0,5.5640012161751295,0.5333333333333333,5.878302475067229,2,1,0,6,5,4,3,2,1,0,1,1,1,0,0,1,1,1,1,1,0,0,0,1,1,0,0,0,0,0,0,0,0,0,0,0,0,0,0,0,-0.43832823649337416,0.030581039755351685,-0.29998965552911966,-0.45515671873383673,-0.8411877977095368,0.6993006993006993,-0.28964518464880523,1.4378814523637116,1.7944243675787304,-0.041237113402061855,0.13333333333333333,0.125,0.0625,0.625,0.0,0.1875,-0.125,0.25,0.4375,-0.3125
4,1,0,0,0.5979527718658153,0.13333333333333333,0.5659853299484882,3,2,1,0,6,5,4,3,2,1,1,1,1,1,0,0,1,1,1,1,0,0,0,0,1,1,0,0,0,0,0,0,0,0,0,0,0,0,0,0,5.596330275229358,-0.43832823649337416,0.031033412640943416,-0.29998965552911966,-0.4459308807134894,-0.8411877977095368,0.7137684907416986,-0.28964518464880523,1.4433660299432114,1.7938144329896908,0.5333333333333333,0.125,0.125,0.0625,0.625,0.0,0.1875,-0.0625,0.25,0.4375
5,0,1,0,-0.5168744299179082,0.06666666666666667,-0.33684741721889905,4,3,2,1,0,6,5,4,3,2,1,1,1,1,1,0,0,1,1,1,0,0,0,0,0,1,1,0,0,0,0,0,0,0,0,0,0,0,0,0,0.6014271151885832,5.596330275229358,-0.4448122478535223,0.031033412640943416,-0.29390898956116346,-0.4459308807134894,-0.8585910830661011,0.7137684907416986,-0.28094992256066076,1.443298969072165,0.13333333333333333,0.5,0.125,0.125,0.0625,0.625,0.0,0.25,-0.0625,0.25
6,0,1,0,0.5878179791223269,0.7333333333333333,0.7879179036179228,5,4,3,2,1,0,6,5,4,3,0,1,1,1,1,1,0,0,1,1,1,0,0,0,0,0,1,1,0,0,0,0,0,0,0,0,0,0,0,0,-0.5198776758409787,0.6014271151885832,5.679114513292645,-0.4448122478535223,0.030404378230465188,-0.29390898956116346,-0.45515671873383673,-0.8585910830661011,0.7205988642230254,-0.27835051546391754,0.06666666666666667,0.125,0.5,0.125,0.125,0.0625,0.625,0.0625,0.25,-0.0625
0,1,0,0,-0.486470051687443,0.6666666666666666,-0.30537722701622494,6,5,4,3,2,1,0,6,5,4,0,0,1,1,1,1,1,0,0,1,1,1,0,0,0,0,0,1,1,0,0,0,0,0,0,0,0,0,0,0,0.5912334352701325,-0.5198776758409787,0.6103237819385539,5.679114513292645,-0.435796087970001,0.030404378230465188,-0.29998965552911966,-0.45515671873383673,-0.8488384099122354,0.7216494845360825,0.7333333333333333,0.0625,0.125,0.5,0.125,0.125,0.0625,0.6875,0.0625,0.25
1,1,0,0,0.030404378230465188,-0.5333333333333333,-0.16121601771802485,0,6,5,4,3,2,1,0,6,5,1,0,0,1,1,1,1,1,0,0,0,1,1,0,0,0,0,0,1,1,0,0,0,0,0,0,0,0,0,0,-0.48929663608562696,0.5912334352701325,-0.5275680148960381,0.6103237819385539,5.5640012161751295,-0.435796087970001,0.031033412640943416,-0.29998965552911966,-0.4461538461538461,-0.845360824742268,0.6666666666666666,0.6875,0.0625,0.125,0.5,0.125,0.125,0.125,0.6875,0.0625
2,1,0,0,0.2331002331002331,-0.6666666666666666,0.3066569592031189,1,0,6,5,4,3,2,1,0,6,1,1,0,0,1,1,1,1,1,0,0,0,1,1,0,0,0,0,0,1,0,0,0,0,0,0,0,0,0,0,0.030581039755351685,-0.48929663608562696,0.5999793110582393,-0.5275680148960381,0.5979527718658153,5.5640012161751295,-0.4448122478535223,0.031033412640943416,-0.2912751677852349,-0.44329896907216493,-0.5333333333333333,0.625,0.6875,0.0625,0.125,0.5,0.125,0.1875,0.125,0.6875
3,1,0,0,2.2397891963109355,0.2,1.6841184866032972,2,1,0,6,5,4,3,2,1,0,1,1,1,0,0,1,1,1,1,1,0,0,0,1,1,0,0,0,0,0,0,0,0,0,0,0,0,0,0,0,0.2344546381243629,0.030581039755351685,-0.49653460225509466,0.5999793110582393,-0.5168744299179082,0.5979527718658153,5.679114513292645,-0.4448122478535223,0.03913267940113584,-0.28865979381443296,-0.6666666666666666,-0.5,0.625,0.6875,0.0625,0.125,0.5,0.1875,0.1875,0.125
4,1,0,0,-0.050673963717441976,0.3333333333333333,0.022661910143918634,3,2,1,0,6,5,4,3,2,1,1,1,1,1,0,0,1,1,1,1,0,0,0,0,1,1,0,0,0,0,0,0,0,0,0,0,0,0,0,0,2.252803261977574,0.2344546381243629,0.031033412640943416,-0.49653460225509466,0.5878179791223269,-0.5168744299179082,0.6103237819385539,5.679114513292645,-0.43582860092927206,0.041237113402061855,0.2,-0.625,-0.5,0.625,0.6875,0.0625,0.125,0.5625,0.1875,0.1875
5,0,1,0,1.4695449478058173,0.4,1.6441581855151384,4,3,2,1,0,6,5,4,3,2,1,1,1,1,1,0,0,1,1,1,0,0,0,0,0,1,1,0,0,0,0,0,0,0,0,0,0,0,0,0,-0.05096839959225281,2.252803261977574,0.23792283024723285,0.031033412640943416,-0.486470051687443,0.5878179791223269,-0.5275680148960381,0.6103237819385539,5.676716572018585,-0.4329896907216495,0.3333333333333333,0.1875,-0.625,-0.5,0.625,0.6875,0.0625,0.1875,0.5625,0.1875
6,0,1,0,-0.3547177460220938,-0.2,-0.2367188728411869,5,4,3,2,1,0,6,5,4,3,0,1,1,1,1,1,0,0,1,1,1,0,0,0,0,0,1,1,0,0,0,0,0,0,0,0,0,0,0,0,1.4780835881753314,-0.05096839959225281,2.2861280645494984,0.23792283024723285,0.030404378230465188,-0.486470051687443,0.5999793110582393,-0.5275680148960381,0.6173464119772846,5.670103092783505,0.4,0.3125,0.1875,-0.625,-0.5,0.625,0.6875,0.125,0.1875,0.5625
0,1,0,0,-0.08107834194790717,-0.5333333333333333,-0.01977890098252791,6,5,4,3,2,1,0,6,5,4,0,0,1,1,1,1,1,0,0,1,1,1,0,0,0,0,0,1,1,0,0,0,0,0,0,0,0,0,0,0,-0.35677879714576965,1.4780835881753314,-0.05172235440157236,2.2861280645494984,0.2331002331002331,0.030404378230465188,-0.49653460225509466,0.5999793110582393,-0.5184305627258647,0.6185567010309279,-0.2,0.375,0.3125,0.1875,-0.625,-0.5,0.625,0.75,0.125,0.1875
1,1,0,0,-0.6891659065572109,-1.0,-0.5524838026020661,0,6,5,4,3,2,1,0,6,5,1,0,0,1,1,1,1,1,0,0,0,1,1,0,0,0,0,0,1,1,0,0,0,0,0,0,0,0,0,0,-0.08154943934760449,-0.35677879714576965,1.4999482776455983,-0.05172235440157236,2.2397891963109355,0.2331002331002331,0.031033412640943416,-0.49653460225509466,0.6070211667527105,-0.5154639175257731,-0.5333333333333333,-0.1875,0.375,0.3125,0.1875,-0.625,-0.5,0.6875,0.75,0.125
2,1,0,0,0.2837741968176751,0.6,0.27447046839071576,1,0,6,5,4,3,2,1,0,6,1,1,0,0,1,1,1,1,1,0,0,0,1,1,0,0,0,0,0,1,0,0,0,0,0,0,0,0,0,0,-0.6931702344546382,-0.08154943934760449,-0.3620564808110065,1.4999482776455983,-0.050673963717441976,2.2397891963109355,0.23792283024723285,0.031033412640943416,-0.48745482705214244,0.6082474226804123,-1.0,-0.5,-0.1875,0.375,0.3125,0.1875,-0.625,-0.4375,0.6875,0.75
3,1,0,0,0.5979527718658153,0.13333333333333333,0.744312600036823,2,1,0,6,5,4,3,2,1,0,1,1,1,0,0,1,1,1,1,1,0,0,0,1,1,0,0,0,0,0,0,0,0,0,0,0,0,0,0,0,0.2854230377166157,-0.6931702344546382,-0.08275576704251578,-0.3620564808110065,1.4695449478058173,-0.050673963717441976,2.2861280645494984,0.23792283024723285,0.03913267940113584,-0.4845360824742268,0.6,-0.9375,-0.5,-0.1875,0.375,0.3125,0.1875,-0.5625,-0.4375,0.6875
4,1,0,0,-0.13175230566534915,0.8,0.17659934605651653,3,2,1,0,6,5,4,3,2,1,1,1,1,1,0,0,1,1,1,1,0,0,0,0,1,1,0,0,0,0,0,0,0,0,0,0,0,0,0,0,0.6014271151885832,0.2854230377166157,-0.703424019861384,-0.08275576704251578,-0.3547177460220938,1.4695449478058173,-0.05172235440157236,2.2861280645494984,0.24563758389261753,0.041237113402061855,0.13333333333333333,0.5625,-0.9375,-0.5,-0.1875,0.375,0.3125,0.25,-0.5625,-0.4375
5,0,1,0,0.4662004662004662,1.6666666666666667,0.5746027756984603,4,3,2,1,0,6,5,4,3,2,1,1,1,1,1,0,0,1,1,1,0,0,0,0,0,1,1,0,0,0,0,0,0,0,0,0,0,0,0,0,-0.1325178389398573,0.6014271151885832,0.28964518464880523,-0.703424019861384,-0.08107834194790717,-0.3547177460220938,1.4999482776455983,-0.05172235440157236,2.2900361383582863,0.24742268041237114,0.8,0.125,0.5625,-0.9375,-0.5,-0.1875,0.375,0.375,0.25,-0.5625
6,0,1,0,-0.010134792743488396,0.26666666666666666,0.16020540222362287,5,4,3,2,1,0,6,5,4,3,0,1,1,1,1,1,0,0,1,1,1,0,0,0,0,0,1,1,0,0,0,0,0,0,0,0,0,0,0,0,0.4689092762487258,-0.1325178389398573,0.6103237819385539,0.28964518464880523,-0.6891659065572109,-0.08107834194790717,-0.3620564808110065,1.4999482776455983,-0.04346928239545683,2.288659793814433,1.6666666666666667,0.75,0.125,0.5625,-0.9375,-0.5,-0.1875,0.4375,0.375,0.25
0,0,0,1,0.060808756460930376,0.5333333333333333,0.5402247141181103,6,5,4,3,2,1,0,6,5,4,0,0,1,1,1,1,1,0,0,1,1,1,0,0,0,0,0,1,1,0,0,0,0,0,0,0,0,0,0,0,-0.010193679918450561,0.4689092762487258,-0.13447812144408813,0.6103237819385539,0.2837741968176751,-0.6891659065572109,-0.08275576704251578,-0.3620564808110065,1.505317501290656,-0.041237113402061855,0.26666666666666666,1.5625,0.75,0.125,0.5625,-0.9375,-0.5,-0.125,0.4375,0.375
1,1,0,0,-0.4662004662004662,0.06666666666666667,-0.28463205935753344,0,6,5,4,3,2,1,0,6,5,0,0,0,1,1,1,1,1,0,0,0,1,1,0,0,0,0,0,1,1,1,0,0,0,0,0,0,0,0,0,0.06116207951070337,-0.010193679918450561,0.4758456604944657,-0.13447812144408813,0.5979527718658153,0.2837741968176751,-0.703424019861384,-0.08275576704251578,-0.3532266391326794,1.5051546391752577,0.5333333333333333,0.25,1.5625,0.75,0.125,0.5625,-0.9375,-0.4375,-0.125,0.4375
2,1,0,0,0.9628053106313976,0.4,1.112892940608869,1,0,6,5,4,3,2,1,0,6,1,0,0,0,1,1,1,1,1,0,0,0,1,1,0,0,0,0,0,1,0,1,0,0,0,0,0,0,0,0,-0.4689092762487258,0.06116207951070337,-0.010344470880314472,0.4758456604944657,-0.13175230566534915,0.5979527718658153,0.28964518464880523,-0.703424019861384,-0.07444501806917908,-0.35051546391752575,0.06666666666666667,0.5,0.25,1.5625,0.75,0.125,0.5625,-0.875,-0.4375,-0.125
3,1,0,0,-0.020269585486976792,0.8,0.28144129627564,2,1,0,6,5,4,3,2,1,0,1,1,0,0,0,1,1,1,1,1,0,0,0,1,1,0,0,0,0,0,0,0,1,0,0,0,0,0,0,0,0.9683995922528034,-0.4689092762487258,0.06206682528188683,-0.010344470880314472,0.4662004662004662,-0.13175230566534915,0.6103237819385539,0.28964518464880523,-0.6939597315436241,-0.07216494845360824,0.4,0.0625,0.5,0.25,1.5625,0.75,0.125,0.625,-0.875,-0.4375
4,1,0,0,0.33444816053511706,-0.5333333333333333,0.15429928195231563,3,2,1,0,6,5,4,3,2,1,1,1,1,0,0,0,1,1,1,1,0,0,0,0,1,1,0,0,0,0,0,0,0,1,0,0,0,0,0,0,-0.020387359836901122,0.9683995922528034,-0.4758456604944657,0.06206682528188683,-0.010134792743488396,0.4662004662004662,-0.13447812144408813,0.6103237819385539,0.29726381001548796,-0.6907216494845361,0.8,0.375,0.0625,0.5,0.25,1.5625,0.75,0.1875,0.625,-0.875
5,0,1,0,0.17229147663930272,0.5333333333333333,0.3395560548903979,4,3,2,1,0,6,5,4,3,2,1,1,1,1,0,0,0,1,1,1,0,0,0,0,0,1,1,0,0,0,0,0,0,0,1,0,0,0,0,0,0.3363914373088685,-0.020387359836901122,0.9827247336298748,-0.4758456604944657,0.060808756460930376,-0.010134792743488396,0.4758456604944657,-0.13447812144408813,0.6173464119772846,0.29896907216494845,-0.5333333333333333,0.75,0.375,0.0625,0.5,0.25,1.5625,0.8125,0.1875,0.625
6,0,1,0,0.3547177460220938,0.06666666666666667,0.6747948195204683,5,4,3,2,1,0,6,5,4,3,0,1,1,1,1,0,0,0,1,1,1,0,0,0,0,0,1,1,0,0,0,0,0,0,0,1,0,0,0,0,0.17329255861365955,0.3363914373088685,-0.020688941760628944,0.9827247336298748,-0.4662004662004662,0.060808756460930376,-0.010344470880314472,0.4758456604944657,-0.12607124419204951,0.6185567010309279,0.5333333333333333,-0.5,0.75,0.375,0.0625,0.5,0.25,1.625,0.8125,0.1875
0,1,0,0,-0.010134792743488396,-0.06666666666666667,0.08798200781883105,6,5,4,3,2,1,0,6,5,4,0,0,1,1,1,1,0,0,0,1,1,1,0,0,0,0,0,1,1,0,0,0,0,0,0,0,1,0,0,0,0.35677879714576965,0.17329255861365955,0.3413675390503776,-0.020688941760628944,0.9628053106313976,-0.4662004662004662,0.06206682528188683,-0.010344470880314472,0.48311822405782145,-0.12371134020618557,0.06666666666666667,0.5,-0.5,0.75,0.375,0.0625,0.5,0.3125,1.625,0.8125
1,1,0,0,1.2465795074490726,0.13333333333333333,1.1756243440070635,0,6,5,4,3,2,1,0,6,5,1,0,0,1,1,1,1,0,0,0,0,1,1,0,0,0,0,0,1,1,0,0,0,0,0,0,0,1,0,0,-0.010193679918450561,0.35677879714576965,0.175856004965346,0.3413675390503776,-0.020269585486976792,0.9628053106313976,-0.4758456604944657,0.06206682528188683,-0.002168301497160493,0.4845360824742268,-0.06666666666666667,0.0625,0.5,-0.5,0.75,0.375,0.0625,0.5625,0.3125,1.625
2,1,0,0,0.486470051687443,0.6666666666666666,0.4091652208503953,1,0,6,5,4,3,2,1,0,6,1,1,0,0,1,1,1,1,0,0,0,0,1,1,0,0,0,0,0,1,0,0,0,0,0,0,0,0,1,0,1.253822629969419,-0.010193679918450561,0.3620564808110065,0.175856004965346,0.33444816053511706,-0.020269585486976792,0.9827247336298748,-0.4758456604944657,0.0701084150748581,0.0,0.13333333333333333,-0.0625,0.0625,0.5,-0.5,0.75,0.375,0.125,0.5625,0.3125
3,1,0,0,-0.4155265024830242,-0.4666666666666667,-0.501621419672867,2,1,0,6,5,4,3,2,1,0,1,1,1,0,0,1,1,1,1,0,0,0,0,1,1,0,0,0,0,0,0,0,0,0,0,0,0,0,0,1,0.48929663608562696,1.253822629969419,-0.010344470880314472,0.3620564808110065,0.17229147663930272,0.33444816053511706,-0.020688941760628944,0.9827247336298748,-0.4668043366029943,0.07216494845360824,0.6666666666666666,0.125,-0.0625,0.0625,0.5,-0.5,0.75,0.4375,0.125,0.5625
4,1,0,0,0.5979527718658153,0.13333333333333333,0.6733938000352103,3,2,1,0,6,5,4,3,2,1,1,1,1,1,0,0,1,1,1,1,0,0,0,0,1,1,0,0,0,0,0,0,0,0,0,0,0,0,0,0,-0.417940876656473,0.48929663608562696,1.27236991827868,-0.010344470880314472,0.3547177460220938,0.17229147663930272,0.3413675390503776,-0.020688941760628944,0.9890552400619516,-0.4639175257731959,-0.4666666666666667,0.625,0.125,-0.0625,0.0625,0.5,-0.5,0.8125,0.4375,0.125
5,0,1,0,-0.13175230566534915,0.0,-0.13185743602011019,4,3,2,1,0,6,5,4,3,2,1,1,1,1,1,0,0,1,1,1,0,0,0,0,0,1,1,0,0,0,0,0,0,0,0,0,0,0,0,0,0.6014271151885832,-0.417940876656473,0.49653460225509466,1.27236991827868,-0.010134792743488396,0.3547177460220938,0.175856004965346,0.3413675390503776,-0.012493546721734578,0.9896907216494846,0.13333333333333333,-0.4375,0.625,0.125,-0.0625,0.0625,0.5,-0.4375,0.8125,0.4375
6,0,1,0,-0.020269585486976792,-0.6666666666666666,0.07628231920129122,5,4,3,2,1,0,6,5,4,3,0,1,1,1,1,1,0,0,1,1,1,0,0,0,0,0,1,1,0,0,0,0,0,0,0,0,0,0,0,0,-0.1325178389398573,0.6014271151885832,-0.42412330609289334,0.49653460225509466,1.2465795074490726,-0.010134792743488396,0.3620564808110065,0.175856004965346,0.3488900361383584,-0.010309278350515464,0.0,0.125,-0.4375,0.625,0.125,-0.0625,0.0625,0.5625,-0.4375,0.8125
0,1,0,0,0.3141785750481403,0.0,0.4997080369465973,6,5,4,3,2,1,0,6,5,4,0,0,1,1,1,1,1,0,0,1,1,1,0,0,0,0,0,1,1,0,0,0,0,0,0,0,0,0,0,0,-0.020387359836901122,-0.1325178389398573,0.6103237819385539,-0.42412330609289334,0.486470051687443,1.2465795074490726,-0.010344470880314472,0.3620564808110065,0.18368611254517303,0.35051546391752575,-0.6666666666666666,0.0,0.125,-0.4375,0.625,0.125,-0.0625,0.125,0.5625,-0.4375
1,1,0,0,0.15202189115232592,0.0,0.2728920536325042,0,6,5,4,3,2,1,0,6,5,1,0,0,1,1,1,1,1,0,0,0,1,1,0,0,0,0,0,1,1,0,0,0,0,0,0,0,0,0,0,0.3160040774719674,-0.020387359836901122,-0.13447812144408813,0.6103237819385539,-0.4155265024830242,0.486470051687443,1.27236991827868,-0.010344470880314472,0.3695405265875065,0.18556701030927836,0.0,-0.625,0.0,0.125,-0.4375,0.625,0.125,0.0,0.125,0.5625
2,1,0,0,-0.2837741968176751,-0.06666666666666667,-0.1447185933092416,1,0,6,5,4,3,2,1,0,6,1,1,0,0,1,1,1,1,1,0,0,0,1,1,0,0,0,0,0,1,0,0,0,0,0,0,0,0,0,0,0.15290519877675843,0.3160040774719674,-0.020688941760628944,-0.13447812144408813,0.5979527718658153,-0.4155265024830242,0.49653460225509466,1.27236991827868,-0.002168301497160493,0.3711340206185567,0.0,0.0,-0.625,0.0,0.125,-0.4375,0.625,0.1875,0.0,0.125
3,1,0,0,-0.2736394040741867,-0.6666666666666666,-0.3275264379432362,2,1,0,6,5,4,3,2,1,0,1,1,1,0,0,1,1,1,1,1,0,0,0,1,1,0,0,0,0,0,0,0,0,0,0,0,0,0,0,0,-0.2854230377166157,0.15290519877675843,0.3206785972897486,-0.020688941760628944,-0.13175230566534915,0.5979527718658153,-0.42412330609289334,0.49653460225509466,1.278162106350026,0.0,-0.06666666666666667,0.0,0.0,-0.625,0.0,0.125,-0.4375,0.6875,0.1875,0.0
4,1,0,0,-0.2432350258437215,-0.6666666666666666,-0.1744323015289591,3,2,1,0,6,5,4,3,2,1,1,1,1,1,0,0,1,1,1,1,0,0,0,0,1,1,0,0,0,0,0,0,0,0,0,0,0,0,0,0,-0.27522935779816515,-0.2854230377166157,0.15516706320471707,0.3206785972897486,-0.020269585486976792,-0.13175230566534915,0.6103237819385539,-0.42412330609289334,0.5037687145069696,1.2783505154639174,-0.6666666666666666,-0.0625,0.0,0.0,-0.625,0.0,0.125,-0.375,0.6875,0.1875
5,0,1,0,-0.4155265024830242,0.6,-0.28818870018989357,4,3,2,1,0,6,5,4,3,2,1,1,1,1,1,0,0,1,1,1,0,0,0,0,0,1,1,0,0,0,0,0,0,0,0,0,0,0,0,0,-0.24464831804281348,-0.27522935779816515,-0.28964518464880523,0.15516706320471707,0.3141785750481403,-0.020269585486976792,-0.13447812144408813,0.6103237819385539,-0.4151781104801239,0.5051546391752577,-0.6666666666666666,-0.625,-0.0625,0.0,0.0,-0.625,0.0,0.1875,-0.375,0.6875
6,0,1,0,-0.08107834194790717,0.8,0.1808662399324823,5,4,3,2,1,0,6,5,4,3,0,1,1,1,1,1,0,0,1,1,1,0,0,0,0,0,1,1,0,0,0,0,0,0,0,0,0,0,0,0,-0.417940876656473,-0.24464831804281348,-0.27930071376849075,-0.28964518464880523,0.15202189115232592,0.3141785750481403,-0.020688941760628944,-0.13447812144408813,0.6173464119772846,-0.41237113402061853,0.6,-0.625,-0.625,-0.0625,0.0,0.0,-0.625,0.0625,0.1875,-0.375
0,1,0,0,-0.2229654403567447,0.4,-0.07125443992146227,6,5,4,3,2,1,0,6,5,4,0,0,1,1,1,1,1,0,0,1,1,1,0,0,0,0,0,1,1,0,0,0,0,0,0,0,0,0,0,0,-0.08154943934760449,-0.417940876656473,-0.24826730112754733,-0.27930071376849075,-0.2837741968176751,0.15202189115232592,0.3206785972897486,-0.020688941760628944,-0.12607124419204951,0.6185567010309279,0.8,0.5625,-0.625,-0.625,-0.0625,0.0,0.0,-0.5625,0.0625,0.1875
1,1,0,0,-0.6891659065572109,0.26666666666666666,-0.4878336408632699,0,6,5,4,3,2,1,0,6,5,1,0,0,1,1,1,1,1,0,0,0,1,1,0,0,0,0,0,1,1,0,0,0,0,0,0,0,0,0,0,-0.22426095820591235,-0.08154943934760449,-0.42412330609289334,-0.24826730112754733,-0.2736394040741867,-0.2837741968176751,0.15516706320471707,0.3206785972897486,-0.012493546721734578,-0.12371134020618557,0.4,0.75,0.5625,-0.625,-0.625,-0.0625,0.0,0.0625,-0.5625,0.0625
2,1,0,0,1.3276578493969797,-0.26666666666666666,1.2334572188452912,1,0,6,5,4,3,2,1,0,6,1,1,0,0,1,1,1,1,1,0,0,0,1,1,0,0,0,0,0,1,0,0,0,0,0,0,0,0,0,0,-0.6931702344546382,-0.22426095820591235,-0.08275576704251578,-0.42412330609289334,-0.2432350258437215,-0.2736394040741867,-0.28964518464880523,0.15516706320471707,0.3282395456892102,-0.010309278350515464,0.26666666666666666,0.375,0.75,0.5625,-0.625,-0.625,-0.0625,0.0625,0.0625,-0.5625
3,0,0,1,-0.16215668389581434,0.5333333333333333,0.028730642748766633,2,1,0,6,5,4,3,2,1,0,1,1,1,0,0,1,1,1,1,1,0,0,0,1,1,0,0,0,0,0,0,0,0,0,0,0,0,0,0,0,1.3353720693170235,-0.6931702344546382,-0.22757835936691836,-0.08275576704251578,-0.4155265024830242,-0.2432350258437215,-0.27930071376849075,-0.28964518464880523,0.16303562209602485,0.32989690721649484,-0.26666666666666666,0.25,0.375,0.75,0.5625,-0.625,-0.625,0.0,0.0625,0.0625
4,0,0,1,-0.2736394040741867,0.3333333333333333,-0.10094496580437333,3,2,1,0,6,5,4,3,2,1,0,1,1,1,0,0,1,1,1,1,0,0,0,0,1,1,0,0,0,0,1,0,0,0,0,0,0,0,0,0,-0.16309887869520898,1.3353720693170235,-0.703424019861384,-0.22757835936691836,-0.08107834194790717,-0.4155265024830242,-0.24826730112754733,-0.27930071376849075,-0.28094992256066076,0.16494845360824742,0.5333333333333333,-0.25,0.25,0.375,0.75,0.5625,-0.625,-0.5625,0.0,0.0625
5,0,1,0,-0.040539170973953584,0.6666666666666666,0.1508783753818366,4,3,2,1,0,6,5,4,3,2,0,0,1,1,1,0,0,1,1,1,0,0,0,0,0,1,1,0,0,0,1,1,0,0,0,0,0,0,0,0,-0.27522935779816515,-0.16309887869520898,1.3551256853211957,-0.703424019861384,-0.2229654403567447,-0.08107834194790717,-0.42412330609289334,-0.24826730112754733,-0.2706246773360867,-0.27835051546391754,0.3333333333333333,0.5,-0.25,0.25,0.375,0.75,0.5625,-0.5625,-0.5625,0.0
6,0,1,0,-0.25336981858720986,-0.2,0.041214163131080325,5,4,3,2,1,0,6,5,4,3,0,0,0,1,1,1,0,0,1,1,1,0,0,0,0,0,1,1,0,0,0,1,1,0,0,0,0,0,0,0,-0.040774719673802244,-0.27522935779816515,-0.16551153408503155,1.3551256853211957,-0.6891659065572109,-0.2229654403567447,-0.08275576704251578,-0.42412330609289334,-0.23964894166236442,-0.26804123711340205,0.6666666666666666,0.3125,0.5,-0.25,0.25,0.375,0.75,0.625,-0.5625,-0.5625
0,1,0,0,0.38512212425255904,-0.26666666666666666,0.4326099548314006,6,5,4,3,2,1,0,6,5,4,0,0,0,0,1,1,1,0,0,1,1,1,0,0,0,0,0,1,1,0,0,0,1,1,0,0,0,0,0,0,-0.25484199796126406,-0.040774719673802244,-0.27930071376849075,-0.16551153408503155,1.3276578493969797,-0.6891659065572109,-0.22757835936691836,-0.08275576704251578,-0.4151781104801239,-0.23711340206185566,-0.2,0.625,0.3125,0.5,-0.25,0.25,0.375,0.8125,0.625,-0.5625
1,1,0,0,0.08107834194790717,0.5333333333333333,0.21051611273200815,0,6,5,4,3,2,1,0,6,5,1,0,0,0,0,1,1,1,0,0,0,1,1,0,0,0,0,0,1,1,0,0,0,1,1,0,0,0,0,0,0.3873598369011213,-0.25484199796126406,-0.04137788352125789,-0.27930071376849075,-0.16215668389581434,1.3276578493969797,-0.703424019861384,-0.22757835936691836,-0.07444501806917908,-0.41237113402061853,-0.26666666666666666,-0.1875,0.625,0.3125,0.5,-0.25,0.25,0.4375,0.8125,0.625
2,1,0,0,-0.10134792743488395,0.26666666666666666,-0.02758126920942184,1,0,6,5,4,3,2,1,0,6,1,1,0,0,0,0,1,1,1,0,0,0,1,1,0,0,0,0,0,1,0,0,0,0,1,1,0,0,0,0,0.08154943934760449,0.3873598369011213,-0.2586117720078618,-0.04137788352125789,-0.2736394040741867,-0.16215668389581434,1.3551256853211957,-0.703424019861384,-0.21899845121321626,-0.07216494845360824,0.5333333333333333,-0.25,-0.1875,0.625,0.3125,0.5,-0.25,0.3125,0.4375,0.8125
3,1,0,0,0.3648525387655822,0.6,0.4849449201116515,2,1,0,6,5,4,3,2,1,0,1,1,1,0,0,0,0,1,1,1,0,0,0,1,1,0,0,0,0,0,0,0,0,0,0,1,1,0,0,0,-0.10193679918450561,0.08154943934760449,0.39308989345194995,-0.2586117720078618,-0.040539170973953584,-0.2736394040741867,-0.16551153408503155,1.3551256853211957,-0.6939597315436241,-0.21649484536082475,0.26666666666666666,0.5,-0.25,-0.1875,0.625,0.3125,0.5,-0.1875,0.3125,0.4375
4,1,0,0,-0.19256106212627952,0.8,-0.25948930319943125,3,2,1,0,6,5,4,3,2,1,1,1,1,1,0,0,0,0,1,1,0,0,0,0,1,1,0,0,0,0,0,0,0,0,0,0,1,1,0,0,0.3669724770642202,-0.10193679918450561,0.08275576704251578,0.39308989345194995,-0.25336981858720986,-0.040539170973953584,-0.27930071376849075,-0.16551153408503155,1.3607640681466189,-0.6907216494845361,0.6,0.25,0.5,-0.25,-0.1875,0.625,0.3125,0.5625,-0.1875,0.3125
5,0,1,0,0.8918617614269788,0.06666666666666667,0.7697983875844812,4,3,2,1,0,6,5,4,3,2,1,1,1,1,1,0,0,0,0,1,0,0,0,0,0,1,1,0,0,0,0,0,0,0,0,0,0,1,1,0,-0.19367991845056065,0.3669724770642202,-0.10344470880314471,0.08275576704251578,0.38512212425255904,-0.25336981858720986,-0.04137788352125789,-0.27930071376849075,-0.15704697986577176,1.3608247422680413,0.8,0.5625,0.25,0.5,-0.25,-0.1875,0.625,0.375,0.5625,-0.1875
6,0,1,0,1.6621060099320968,1.4666666666666666,2.3658239943233514,5,4,3,2,1,0,6,5,4,3,0,1,1,1,1,1,0,0,0,0,1,0,0,0,0,0,1,1,0,0,0,0,0,0,0,0,0,0,1,1,0.8970438328236494,-0.19367991845056065,0.372400951691321,-0.10344470880314471,0.08107834194790717,0.38512212425255904,-0.2586117720078618,-0.04137788352125789,-0.2706246773360867,-0.15463917525773196,0.06666666666666667,0.75,0.5625,0.25,0.5,-0.25,-0.1875,0.6875,0.375,0.5625
0,1,0,0,1.104692409040235,0.6666666666666666,1.3540241848888794,6,5,4,3,2,1,0,6,5,4,0,0,1,1,1,1,1,0,0,0,1,1,0,0,0,0,0,1,1,0,0,0,0,0,0,0,0,0,0,1,1.671763506625892,0.8970438328236494,-0.19654494672597497,0.372400951691321,-0.10134792743488395,0.08107834194790717,0.39308989345194995,-0.2586117720078618,-0.03314403717088275,-0.26804123711340205,1.4666666666666666,0.0625,0.75,0.5625,0.25,0.5,-0.25,-0.125,0.6875,0.375
1,1,0,0,1.4290057768318638,1.6666666666666667,1.7405990584611497,0,6,5,4,3,2,1,0,6,5,1,0,0,1,1,1,1,1,0,0,0,1,1,0,0,0,0,0,1,1,0,0,0,0,0,0,0,0,0,0,1.1111111111111112,1.671763506625892,0.9103134374676735,-0.19654494672597497,0.3648525387655822,-0.10134792743488395,0.08275576704251578,0.39308989345194995,-0.2499741868869385,-0.030927835051546393,0.6666666666666666,1.375,0.0625,0.75,0.5625,0.25,0.5,-0.1875,-0.125,0.6875
2,1,0,0,0.14188709840883754,0.6666666666666666,0.2135214171194502,1,0,6,5,4,3,2,1,0,6,1,1,0,0,1,1,1,1,1,0,0,0,1,1,0,0,0,0,0,1,0,0,0,0,0,0,0,0,0,0,1.4373088685015292,1.1111111111111112,1.6964932243715733,0.9103134374676735,-0.19256106212627952,0.3648525387655822,-0.10344470880314471,0.08275576704251578,0.4005162622612288,-0.24742268041237114,1.6666666666666667,0.625,1.375,0.0625,0.75,0.5625,0.25,0.5625,-0.1875,-0.125
3,0,0,1,0.7094354920441877,-0.13333333333333333,0.6452954639222364,2,1,0,6,5,4,3,2,1,0,1,1,1,0,0,1,1,1,1,1,0,0,0,1,1,0,0,0,0,0,0,0,0,0,0,0,0,0,0,0,0.14271151885830785,1.4373088685015292,1.1275473259542774,1.6964932243715733,0.8918617614269788,-0.19256106212627952,0.372400951691321,-0.10344470880314471,0.09075890552400627,0.4020618556701031,0.6666666666666666,1.5625,0.625,1.375,0.0625,0.75,0.5625,0.3125,0.5625,-0.1875
4,1,0,0,-0.5168744299179082,-0.3333333333333333,-0.532033621779839,3,2,1,0,6,5,4,3,2,1,0,1,1,1,0,0,1,1,1,1,0,0,0,0,1,1,0,0,0,0,1,0,0,0,0,0,0,0,0,0,0.7135575942915393,0.14271151885830785,1.4585703941243404,1.1275473259542774,1.6621060099320968,0.8918617614269788,-0.19654494672597497,0.372400951691321,-0.09509550851832725,0.09278350515463918,-0.13333333333333333,0.625,1.5625,0.625,1.375,0.0625,0.75,0.625,0.3125,0.5625
5,0,1,0,0.050673963717441976,-0.13333333333333333,-0.03547670275943723,4,3,2,1,0,6,5,4,3,2,1,0,1,1,1,0,0,1,1,1,0,0,0,0,0,1,1,0,0,0,0,1,0,0,0,0,0,0,0,0,-0.5198776758409787,0.7135575942915393,0.14482259232440262,1.4585703941243404,1.104692409040235,1.6621060099320968,0.9103134374676735,-0.19654494672597497,0.37986577181208064,-0.09278350515463918,-0.3333333333333333,-0.125,0.625,1.5625,0.625,1.375,0.0625,0.8125,0.625,0.3125
6,0,1,0,-0.060808756460930376,0.0,0.11533246158787584,5,4,3,2,1,0,6,5,4,3,0,1,0,1,1,1,0,0,1,1,1,0,0,0,0,0,1,1,0,0,0,0,1,0,0,0,0,0,0,0,0.05096839959225281,-0.5198776758409787,0.724112961622013,0.14482259232440262,1.4290057768318638,1.104692409040235,1.6964932243715733,0.9103134374676735,-0.188022715539494,0.38144329896907214,-0.13333333333333333,-0.3125,-0.125,0.625,1.5625,0.625,1.375,0.125,0.8125,0.625
0,1,0,0,1.1756359582446538,1.2666666666666666,0.9516698673970335,6,5,4,3,2,1,0,6,5,4,0,0,1,0,1,1,1,0,0,1,1,1,0,0,0,0,0,1,1,0,0,0,0,1,0,0,0,0,0,0,-0.06116207951070337,0.05096839959225281,-0.5275680148960381,0.724112961622013,0.14188709840883754,1.4290057768318638,1.1275473259542774,1.6964932243715733,0.916778523489933,-0.18556701030927836,0.0,-0.125,-0.3125,-0.125,0.625,1.5625,0.625,1.4375,0.125,0.8125
1,1,0,0,-0.13175230566534915,0.6666666666666666,0.03290850301235988,0,6,5,4,3,2,1,0,6,5,1,0,0,1,0,1,1,1,0,0,0,1,1,0,0,0,0,0,1,1,0,0,0,0,1,0,0,0,0,0,1.182466870540265,-0.06116207951070337,0.05172235440157236,-0.5275680148960381,0.7094354920441877,0.14188709840883754,1.4585703941243404,1.1275473259542774,1.7014971605575635,0.9175257731958762,1.2666666666666666,0.0,-0.125,-0.3125,-0.125,0.625,1.5625,0.6875,1.4375,0.125
2,1,0,0,0.82091821222256,0.13333333333333333,0.7083598194331145,1,0,6,5,4,3,2,1,0,6,1,1,0,0,1,0,1,1,1,0,0,0,1,1,0,0,0,0,0,1,0,0,0,0,0,1,0,0,0,0,-0.1325178389398573,1.182466870540265,-0.06206682528188683,0.05172235440157236,-0.5168744299179082,0.7094354920441877,0.14482259232440262,1.4585703941243404,1.1336086732059887,1.7010309278350515,0.6666666666666666,1.1875,0.0,-0.125,-0.3125,-0.125,0.625,1.625,0.6875,1.4375
3,1,0,0,-0.37498733150907065,0.6666666666666666,-0.3812426001308962,2,1,0,6,5,4,3,2,1,0,1,1,1,0,0,1,0,1,1,1,0,0,0,1,1,0,0,0,0,0,0,0,0,0,0,0,1,0,0,0,0.8256880733944955,-0.1325178389398573,1.1999586221164786,-0.06206682528188683,0.050673963717441976,-0.5168744299179082,0.724112961622013,0.14482259232440262,1.4640165203923596,1.134020618556701,0.13333333333333333,0.625,1.1875,0.0,-0.125,-0.3125,-0.125,0.6875,1.625,0.6875
4,1,0,0,0.4560656734569778,0.4,0.693318178580596,3,2,1,0,6,5,4,3,2,1,1,1,1,1,0,0,1,0,1,1,0,0,0,0,1,1,0,0,0,0,0,0,0,0,0,0,0,1,0,0,-0.37716615698267075,0.8256880733944955,-0.13447812144408813,1.1999586221164786,-0.060808756460930376,0.050673963717441976,-0.5275680148960381,0.724112961622013,0.15271037687145078,1.4639175257731958,0.6666666666666666,0.125,0.625,1.1875,0.0,-0.125,-0.3125,-0.0625,0.6875,1.625
5,0,1,0,0.32431336779162867,0.5333333333333333,0.3510145128147926,4,3,2,1,0,6,5,4,3,2,1,1,1,1,1,0,0,1,0,1,0,0,0,0,0,1,1,0,0,0,0,0,0,0,0,0,0,0,1,0,0.45871559633027525,-0.37716615698267075,0.8379021413054722,-0.13447812144408813,1.1756359582446538,-0.060808756460930376,0.05172235440157236,-0.5275680148960381,0.7309241094475994,0.15463917525773196,0.4,0.625,0.125,0.625,1.1875,0.0,-0.125,-0.25,-0.0625,0.6875
6,0,1,0,-0.5168744299179082,0.6666666666666666,-0.34712525584564463,5,4,3,2,1,0,6,5,4,3,0,1,1,1,1,1,0,0,1,0,1,0,0,0,0,0,1,1,0,0,0,0,0,0,0,0,0,0,0,1,0.32619775739041795,0.45871559633027525,-0.38274542257163546,0.8379021413054722,-0.13175230566534915,1.1756359582446538,-0.06206682528188683,0.05172235440157236,-0.5184305627258647,0.7319587628865979,0.5333333333333333,0.375,0.625,0.125,0.625,1.1875,0.0,-0.0625,-0.25,-0.0625
0,1,0,0,-0.060808756460930376,0.6666666666666666,0.060276091552087685,6,5,4,3,2,1,0,6,5,4,0,0,1,1,1,1,1,0,0,1,1,1,0,0,0,0,0,1,1,0,0,0,0,0,0,0,0,0,0,0,-0.5198776758409787,0.32619775739041795,0.4655011896141512,-0.38274542257163546,0.82091821222256,-0.13175230566534915,1.1999586221164786,-0.06206682528188683,0.059783169850284014,-0.5154639175257731,0.6666666666666666,0.5,0.375,0.625,0.125,0.625,1.1875,0.0625,-0.0625,-0.25
1,1,0,0,0.7499746630181413,0.06666666666666667,1.1216394011028072,0,6,5,4,3,2,1,0,6,5,1,0,0,1,1,1,1,1,0,0,0,1,1,0,0,0,0,0,1,1,0,0,0,0,0,0,0,0,0,0,-0.06116207951070337,-0.5198776758409787,0.3310230681700631,0.4655011896141512,-0.37498733150907065,0.82091821222256,-0.13447812144408813,1.1999586221164786,-0.05379452762003092,0.061855670103092786,0.6666666666666666,0.625,0.5,0.375,0.625,0.125,0.625,1.25,0.0625,-0.0625
2,1,0,0,-0.2229654403567447,0.0,-0.08169455490585284,1,0,6,5,4,3,2,1,0,6,1,1,0,0,1,1,1,1,1,0,0,0,1,1,0,0,0,0,0,1,0,0,0,0,0,0,0,0,0,0,0.7543323139653415,-0.06116207951070337,-0.5275680148960381,0.3310230681700631,0.4560656734569778,-0.37498733150907065,0.8379021413054722,-0.13447812144408813,1.2058853897780073,-0.05154639175257732,0.06666666666666667,0.625,0.625,0.5,0.375,0.625,0.125,0.6875,1.25,0.0625
3,1,0,0,0.3648525387655822,-0.6,0.14239229620710092,2,1,0,6,5,4,3,2,1,0,1,1,1,0,0,1,1,1,1,1,0,0,0,1,1,0,0,0,0,0,0,0,0,0,0,0,0,0,0,0,-0.22426095820591235,0.7543323139653415,-0.06206682528188683,-0.5275680148960381,0.32431336779162867,0.4560656734569778,-0.38274542257163546,0.8379021413054722,-0.12607124419204951,1.2061855670103092,0.0,0.0625,0.625,0.625,0.5,0.375,0.625,0.1875,0.6875,1.25
4,1,0,0,-0.08107834194790717,-0.4,-0.12574401862112805,3,2,1,0,6,5,4,3,2,1,1,1,1,1,0,0,1,1,1,1,0,0,0,0,1,1,0,0,0,0,0,0,0,0,0,0,0,0,0,0,0.3669724770642202,-0.22426095820591235,0.7654908451432709,-0.06206682528188683,-0.5168744299179082,0.32431336779162867,0.4655011896141512,-0.38274542257163546,0.8445018069179144,-0.12371134020618557,-0.6,0.0,0.0625,0.625,0.625,0.5,0.375,0.6875,0.1875,0.6875
5,0,1,0,-0.4155265024830242,-0.2,-0.447345857618791,4,3,2,1,0,6,5,4,3,2,1,1,1,1,1,0,0,1,1,1,0,0,0,0,0,1,1,0,0,0,0,0,0,0,0,0,0,0,0,0,-0.08154943934760449,0.3669724770642202,-0.22757835936691836,0.7654908451432709,-0.060808756460930376,-0.5168744299179082,0.3310230681700631,0.4655011896141512,-0.3738771295818275,0.845360824742268,-0.4,-0.5625,0.0,0.0625,0.625,0.625,0.5,0.4375,0.6875,0.1875
6,0,1,0,0.7499746630181413,-0.3333333333333333,0.8737711681613114,5,4,3,2,1,0,6,5,4,3,0,1,1,1,1,1,0,0,1,1,1,0,0,0,0,0,1,1,0,0,0,0,0,0,0,0,0,0,0,0,-0.417940876656473,-0.08154943934760449,0.372400951691321,-0.22757835936691836,0.7499746630181413,-0.060808756460930376,-0.5275680148960381,0.3310230681700631,0.4727929788332474,-0.3711340206185567,-0.2,-0.375,-0.5625,0.0,0.0625,0.625,0.625,0.5625,0.4375,0.6875
0,1,0,0,0.19256106212627952,1.0,0.19215570198131704,6,5,4,3,2,1,0,6,5,4,0,0,1,1,1,1,1,0,0,1,1,1,0,0,0,0,0,1,1,0,0,0,0,0,0,0,0,0,0,0,0.7543323139653415,-0.417940876656473,-0.08275576704251578,0.372400951691321,-0.2229654403567447,0.7499746630181413,-0.06206682528188683,-0.5275680148960381,0.3385647909137843,0.4742268041237113,-0.3333333333333333,-0.1875,-0.375,-0.5625,0.0,0.0625,0.625,0.6875,0.5625,0.4375
1,1,0,0,2.614776527820006,0.8666666666666667,2.668132753483734,0,6,5,4,3,2,1,0,6,5,1,0,0,1,1,1,1,1,0,0,0,1,1,0,0,0,0,0,1,1,0,0,0,0,0,0,0,0,0,0,0.19367991845056065,0.7543323139653415,-0.42412330609289334,-0.08275576704251578,0.3648525387655822,-0.2229654403567447,0.7654908451432709,-0.06206682528188683,-0.5184305627258647,0.3402061855670103,1.0,-0.3125,-0.1875,-0.375,-0.5625,0.0,0.0625,0.6875,0.6875,0.5625
2,1,0,0,2.026958548697679,1.5333333333333334,1.9208279521194032,1,0,6,5,4,3,2,1,0,6,1,1,0,0,1,1,1,1,1,0,0,0,1,1,0,0,0,0,0,1,0,0,0,0,0,0,0,0,0,0,2.6299694189602447,0.19367991845056065,0.7654908451432709,-0.42412330609289334,-0.08107834194790717,0.3648525387655822,-0.22757835936691836,0.7654908451432709,-0.05379452762003092,-0.5154639175257731,0.8666666666666667,0.9375,-0.3125,-0.1875,-0.375,-0.5625,0.0,0.125,0.6875,0.6875
3,1,0,0,0.050673963717441976,0.4,0.0,2,1,0,6,5,4,3,2,1,0,1,1,1,0,0,1,1,1,1,1,0,0,0,1,1,0,0,0,0,0,0,0,0,0,0,0,0,0,0,0,2.0387359836901124,2.6299694189602447,0.19654494672597497,0.7654908451432709,-0.4155265024830242,-0.08107834194790717,0.372400951691321,-0.22757835936691836,0.7722250903458958,-0.05154639175257732,1.5333333333333334,0.8125,0.9375,-0.3125,-0.1875,-0.375,-0.5625,0.0625,0.125,0.6875
4,1,0,0,0.5472788081483734,1.0,0.683258388310189,3,2,1,0,6,5,4,3,2,1,1,1,1,1,0,0,1,1,1,1,0,0,0,0,1,1,0,0,0,0,0,0,0,0,0,0,0,0,0,0,0.05096839959225281,2.0387359836901124,2.6688734871211337,0.19654494672597497,0.7499746630181413,-0.4155265024830242,-0.08275576704251578,0.372400951691321,-0.21899845121321626,0.7731958762886598,0.4,1.4375,0.8125,0.9375,-0.3125,-0.1875,-0.375,-0.5,0.0625,0.125
5,0,1,0,0.5574136008918618,0.6666666666666666,0.581665325002923,4,3,2,1,0,6,5,4,3,2,1,1,1,1,1,0,0,1,1,1,0,0,0,0,0,1,1,0,0,0,0,0,0,0,0,0,0,0,0,0,0.5504587155963303,0.05096839959225281,2.0688941760628943,2.6688734871211337,0.19256106212627952,0.7499746630181413,-0.42412330609289334,-0.08275576704251578,0.37986577181208064,-0.21649484536082475,1.0,0.375,1.4375,0.8125,0.9375,-0.3125,-0.1875,-0.3125,-0.5,0.0625
6,0,1,0,0.5168744299179082,0.06666666666666667,0.6078405350886505,5,4,3,2,1,0,6,5,4,3,0,1,1,1,1,1,0,0,1,1,1,0,0,0,0,0,1,1,0,0,0,0,0,0,0,0,0,0,0,0,0.5606523955147809,0.5504587155963303,0.05172235440157236,2.0688941760628943,2.614776527820006,0.19256106212627952,0.7654908451432709,-0.42412330609289334,-0.07444501806917908,0.38144329896907214,0.6666666666666666,0.9375,0.375,1.4375,0.8125,0.9375,-0.3125,-0.125,-0.3125,-0.5
0,1,0,0,-0.12161751292186075,0.26666666666666666,-0.30554151922924444,6,5,4,3,2,1,0,6,5,4,0,0,1,1,1,1,1,0,0,1,1,1,0,0,0,0,0,1,1,0,0,0,0,0,0,0,0,0,0,0,0.5198776758409787,0.5606523955147809,0.5586014275369815,0.05172235440157236,2.026958548697679,2.614776527820006,0.19654494672597497,0.7654908451432709,-0.4151781104801239,-0.07216494845360824,0.06666666666666667,0.625,0.9375,0.375,1.4375,0.8125,0.9375,-0.25,-0.125,-0.3125
1,1,0,0,0.09121313469139555,0.9333333333333333,0.11293527357173287,0,6,5,4,3,2,1,0,6,5,1,0,0,1,1,1,1,1,0,0,0,1,1,0,0,0,0,0,1,1,0,0,0,0,0,0,0,0,0,0,-0.12232415902140674,0.5198776758409787,0.5689458984172959,0.5586014275369815,0.050673963717441976,2.026958548697679,2.6688734871211337,0.19654494672597497,0.7722250903458958,-0.41237113402061853,0.26666666666666666,0.0625,0.625,0.9375,0.375,1.4375,0.8125,1.0,-0.25,-0.125
2,1,0,0,-0.2736394040741867,0.4,-0.1029205040713559,1,0,6,5,4,3,2,1,0,6,1,1,0,0,1,1,1,1,1,0,0,0,1,1,0,0,0,0,0,1,0,0,0,0,0,0,0,0,0,0,0.09174311926605505,-0.12232415902140674,0.5275680148960381,0.5689458984172959,0.5472788081483734,0.050673963717441976,2.0688941760628943,2.6688734871211337,0.2043366029943212,0.7731958762886598,0.9333333333333333,0.25,0.0625,0.625,0.9375,0.375,1.4375,0.875,1.0,-0.25
3,1,0,0,0.29390898956116346,0.4,0.4075760548635199,2,1,0,6,5,4,3,2,1,0,1,1,1,0,0,1,1,1,1,1,0,0,0,1,1,0,0,0,0,0,0,0,0,0,0,0,0,0,0,0,-0.27522935779816515,0.09174311926605505,-0.12413365056377366,0.5275680148960381,0.5574136008918618,0.5472788081483734,0.05172235440157236,2.0688941760628943,2.6720702116675277,0.20618556701030927,0.4,0.875,0.25,0.0625,0.625,0.9375,0.375,1.5,0.875,1.0
4,1,0,0,0.15202189115232592,0.8,0.08363044801713745,3,2,1,0,6,5,4,3,2,1,1,1,1,1,0,0,1,1,1,1,0,0,0,0,1,1,0,0,0,0,0,0,0,0,0,0,0,0,0,0,0.29561671763506625,-0.27522935779816515,0.09310023792283025,-0.12413365056377366,0.5168744299179082,0.5574136008918618,0.5586014275369815,0.05172235440157236,2.0732059886422305,2.670103092783505,0.4,0.375,0.875,0.25,0.0625,0.625,0.9375,0.4375,1.5,0.875
5,0,1,0,-0.4155265024830242,0.3333333333333333,-0.30816784280628573,4,3,2,1,0,6,5,4,3,2,1,1,1,1,1,0,0,1,1,1,0,0,0,0,0,1,1,0,0,0,0,0,0,0,0,0,0,0,0,0,0.15290519877675843,0.29561671763506625,-0.27930071376849075,0.09310023792283025,-0.12161751292186075,0.5168744299179082,0.5689458984172959,0.5586014275369815,0.059783169850284014,2.0721649484536084,0.8,0.375,0.375,0.875,0.25,0.0625,0.625,1.0,0.4375,1.5
6,0,1,0,0.47633525894395456,-0.6,0.10777031612643982,5,4,3,2,1,0,6,5,4,3,0,1,1,1,1,1,0,0,1,1,1,0,0,0,0,0,1,1,0,0,0,0,0,0,0,0,0,0,0,0,-0.417940876656473,0.15290519877675843,0.29998965552911966,-0.27930071376849075,0.09121313469139555,-0.12161751292186075,0.5275680148960381,0.5689458984172959,0.5657201858544142,0.061855670103092786,0.3333333333333333,0.75,0.375,0.375,0.875,0.25,0.0625,0.6875,1.0,0.4375
0,0,0,1,0.6182223573527921,-0.4,0.35209870703036283,6,5,4,3,2,1,0,6,5,4,0,0,1,1,1,1,1,0,0,1,1,1,0,0,0,0,0,1,1,0,0,0,0,0,0,0,0,0,0,0,0.47910295616717635,-0.417940876656473,0.15516706320471707,0.29998965552911966,-0.2736394040741867,0.09121313469139555,-0.12413365056377366,0.5275680148960381,0.5760454310789882,0.5670103092783505,-0.6,0.3125,0.75,0.375,0.375,0.875,0.25,0.125,0.6875,1.0
1,1,0,0,0.9932096888618628,0.2,0.8186600340545168,0,6,5,4,3,2,1,0,6,5,0,0,0,1,1,1,1,1,0,0,0,1,1,0,0,0,0,0,1,1,1,0,0,0,0,0,0,0,0,0,0.6218144750254843,0.47910295616717635,-0.42412330609289334,0.15516706320471707,0.29390898956116346,-0.2736394040741867,0.09310023792283025,-0.12413365056377366,0.5347444501806918,0.5773195876288659,-0.4,-0.5625,0.3125,0.75,0.375,0.375,0.875,0.3125,0.125,0.6875
2,1,0,0,-0.42566129522651264,-0.13333333333333333,-0.3798442684528041,1,0,6,5,4,3,2,1,0,6,1,0,0,0,1,1,1,1,1,0,0,0,1,1,0,0,0,0,0,1,0,1,0,0,0,0,0,0,0,0,0.998980632008155,0.6218144750254843,0.4861901313747802,-0.42412330609289334,0.15202189115232592,0.29390898956116346,-0.27930071376849075,0.09310023792283025,-0.11574599896747542,0.5360824742268041,0.2,-0.375,-0.5625,0.3125,0.75,0.375,0.375,0.9375,0.3125,0.125
3,1,0,0,0.8411877977095368,0.6666666666666666,0.7685270547949807,2,1,0,6,5,4,3,2,1,0,1,1,0,0,0,1,1,1,1,1,0,0,0,1,1,0,0,0,0,0,0,0,1,0,0,0,0,0,0,0,-0.42813455657492355,0.998980632008155,0.6310127236991828,0.4861901313747802,-0.4155265024830242,0.15202189115232592,0.29998965552911966,-0.27930071376849075,0.10108415074858035,-0.1134020618556701,-0.13333333333333333,0.1875,-0.375,-0.5625,0.3125,0.75,0.375,0.4375,0.9375,0.3125
4,1,0,0,-0.25336981858720986,0.0,-0.18766975182132534,3,2,1,0,6,5,4,3,2,1,1,1,1,0,0,0,1,1,1,1,0,0,0,0,1,1,0,0,0,0,0,0,0,1,0,0,0,0,0,0,0.8460754332313966,-0.42813455657492355,1.0137581462708183,0.6310127236991828,0.47633525894395456,-0.4155265024830242,0.15516706320471707,0.29998965552911966,-0.2706246773360867,0.10309278350515463,0.6666666666666666,-0.125,0.1875,-0.375,-0.5625,0.3125,0.75,0.4375,0.4375,0.9375
5,0,1,0,-0.2635046113306983,0.6666666666666666,0.0352015385008218,4,3,2,1,0,6,5,4,3,2,1,1,1,1,0,0,0,1,1,1,0,0,0,0,0,1,1,0,0,0,0,0,0,0,1,0,0,0,0,0,-0.25484199796126406,0.8460754332313966,-0.4344677769732078,1.0137581462708183,0.6182223573527921,0.47633525894395456,-0.42412330609289334,0.15516706320471707,0.307589055240062,-0.26804123711340205,0.0,0.625,-0.125,0.1875,-0.375,-0.5625,0.3125,0.8125,0.4375,0.4375
6,0,1,0,0.7702442485051181,1.0666666666666667,1.3499813869353756,5,4,3,2,1,0,6,5,4,3,0,1,1,1,1,0,0,0,1,1,1,0,0,0,0,0,1,1,0,0,0,0,0,0,0,1,0,0,0,0,-0.2650356778797146,-0.25484199796126406,0.8585910830661011,-0.4344677769732078,0.9932096888618628,0.6182223573527921,0.4861901313747802,-0.42412330609289334,0.16303562209602485,0.30927835051546393,0.6666666666666666,0.0,0.625,-0.125,0.1875,-0.375,-0.5625,0.375,0.8125,0.4375
0,1,0,0,0.3547177460220938,0.13333333333333333,0.06278616746920108,6,5,4,3,2,1,0,6,5,4,0,0,1,1,1,1,0,0,0,1,1,1,0,0,0,0,0,1,1,0,0,0,0,0,0,0,1,0,0,0,0.7747196738022426,-0.2650356778797146,-0.2586117720078618,0.8585910830661011,-0.42566129522651264,0.9932096888618628,0.6310127236991828,0.4861901313747802,-0.4151781104801239,0.16494845360824742,1.0666666666666667,0.625,0.0,0.625,-0.125,0.1875,-0.375,-0.5,0.375,0.8125
1,1,0,0,1.07428803080977,0.3333333333333333,0.3779849778457494,0,6,5,4,3,2,1,0,6,5,1,0,0,1,1,1,1,0,0,0,0,1,1,0,0,0,0,0,1,1,0,0,0,0,0,0,0,1,0,0,0.35677879714576965,0.7747196738022426,-0.26895624288817627,-0.2586117720078618,0.8411877977095368,-0.42566129522651264,1.0137581462708183,0.6310127236991828,0.4934434692823956,-0.41237113402061853,0.13333333333333333,1.0,0.625,0.0,0.625,-0.125,0.1875,-0.3125,-0.5,0.375
2,1,0,0,1.1249619945272118,0.6666666666666666,0.8364889309381388,1,0,6,5,4,3,2,1,0,6,1,1,0,0,1,1,1,1,0,0,0,0,1,1,0,0,0,0,0,1,0,0,0,0,0,0,0,0,1,0,1.0805300713557595,0.35677879714576965,0.7861797869038999,-0.26895624288817627,-0.25336981858720986,0.8411877977095368,-0.4344677769732078,1.0137581462708183,0.6379969024264327,0.4948453608247423,0.3333333333333333,0.125,1.0,0.625,0.0,0.625,-0.125,0.25,-0.3125,-0.5
3,1,0,0,0.7094354920441877,0.8,0.17824865172873036,2,1,0,6,5,4,3,2,1,0,1,1,1,0,0,1,1,1,1,0,0,0,0,1,1,0,0,0,0,0,0,0,0,0,0,0,0,0,0,1,1.1314984709480123,1.0805300713557595,0.3620564808110065,0.7861797869038999,-0.2635046113306983,-0.25336981858720986,0.8585910830661011,-0.4344677769732078,1.0200309757356738,0.6391752577319587,0.6666666666666666,0.3125,0.125,1.0,0.625,0.0,0.625,-0.0625,0.25,-0.3125
4,1,0,0,-0.3141785750481403,0.2,-0.2964197736597586,3,2,1,0,6,5,4,3,2,1,1,1,1,1,0,0,1,1,1,1,0,0,0,0,1,1,0,0,0,0,0,0,0,0,0,0,0,0,0,0,0.7135575942915393,1.1314984709480123,1.096513913313334,0.3620564808110065,0.7702442485051181,-0.2635046113306983,-0.2586117720078618,0.8585910830661011,-0.42550335570469794,1.0206185567010309,0.8,0.625,0.3125,0.125,1.0,0.625,0.0,0.6875,-0.0625,0.25
5,0,1,0,1.1756359582446538,0.9333333333333333,1.433845674175952,4,3,2,1,0,6,5,4,3,2,1,1,1,1,1,0,0,1,1,1,0,0,0,0,0,1,1,0,0,0,0,0,0,0,0,0,0,0,0,0,-0.3160040774719674,0.7135575942915393,1.1482362677149063,1.096513913313334,0.3547177460220938,0.7702442485051181,-0.26895624288817627,-0.2586117720078618,0.8651522973670626,-0.422680412371134,0.2,0.75,0.625,0.3125,0.125,1.0,0.625,0.0625,0.6875,-0.0625
6,0,1,0,2.6553156987939595,1.6666666666666667,3.0744730890027028,5,4,3,2,1,0,6,5,4,3,0,1,1,1,1,1,0,0,1,1,1,0,0,0,0,0,1,1,0,0,0,0,0,0,0,0,0,0,0,0,1.182466870540265,-0.3160040774719674,0.724112961622013,1.1482362677149063,1.07428803080977,0.3547177460220938,0.7861797869038999,-0.26895624288817627,-0.2499741868869385,0.865979381443299,0.9333333333333333,0.1875,0.75,0.625,0.3125,0.125,1.0,0.6875,0.0625,0.6875
0,1,0,0,1.0438836525793047,0.8,1.1961114821778227,6,5,4,3,2,1,0,6,5,4,0,0,1,1,1,1,1,0,0,1,1,1,0,0,0,0,0,1,1,0,0,0,0,0,0,0,0,0,0,0,2.670744138634047,1.182466870540265,-0.3206785972897486,0.724112961622013,1.1249619945272118,1.07428803080977,0.3620564808110065,0.7861797869038999,-0.2602994321115126,-0.24742268041237114,1.6666666666666667,0.875,0.1875,0.75,0.625,0.3125,0.125,1.0625,0.6875,0.0625
1,1,0,0,0.9324009324009324,0.9333333333333333,1.0822630261214539,0,6,5,4,3,2,1,0,6,5,1,0,0,1,1,1,1,1,0,0,0,1,1,0,0,0,0,0,1,1,0,0,0,0,0,0,0,0,0,0,1.0499490316004079,2.670744138634047,1.1999586221164786,-0.3206785972897486,0.7094354920441877,1.1249619945272118,1.096513913313334,0.3620564808110065,0.7928755807950439,-0.25773195876288657,0.8,1.5625,0.875,0.1875,0.75,0.625,0.3125,0.1875,1.0625,0.6875
2,1,0,0,0.8918617614269788,0.6666666666666666,1.2659360086869929,1,0,6,5,4,3,2,1,0,6,1,1,0,0,1,1,1,1,1,0,0,0,1,1,0,0,0,0,0,1,0,0,0,0,0,0,0,0,0,0,0.9378185524974516,1.0499490316004079,2.7102513706423914,1.1999586221164786,-0.3141785750481403,0.7094354920441877,1.1482362677149063,1.096513913313334,0.3695405265875065,0.7938144329896907,0.9333333333333333,0.75,1.5625,0.875,0.1875,0.75,0.625,0.375,0.1875,1.0625
3,1,0,0,0.6080875646093037,0.6,0.8314170388159672,2,1,0,6,5,4,3,2,1,0,1,1,1,0,0,1,1,1,1,1,0,0,0,1,1,0,0,0,0,0,0,0,0,0,0,0,0,0,0,0,0.8970438328236494,0.9378185524974516,1.0654805006723906,2.7102513706423914,1.1756359582446538,-0.3141785750481403,0.724112961622013,1.1482362677149063,1.1026329375322665,0.3711340206185567,0.6666666666666666,0.875,0.75,1.5625,0.875,0.1875,0.75,0.6875,0.375,0.1875
4,1,0,0,0.6993006993006993,1.1333333333333333,1.1662260902753794,3,2,1,0,6,5,4,3,2,1,1,1,1,1,0,0,1,1,1,1,0,0,0,0,1,1,0,0,0,0,0,0,0,0,0,0,0,0,0,0,0.6116207951070337,0.8970438328236494,0.9516913209889314,1.0654805006723906,2.6553156987939595,1.1756359582446538,-0.3206785972897486,0.724112961622013,1.154259163655137,1.1030927835051547,0.6,0.625,0.875,0.75,1.5625,0.875,0.1875,0.8125,0.6875,0.375
5,0,1,0,0.922266139657444,1.3333333333333333,1.1988994101607173,4,3,2,1,0,6,5,4,3,2,1,1,1,1,1,0,0,1,1,1,0,0,0,0,0,1,1,0,0,0,0,0,0,0,0,0,0,0,0,0,0.7033639143730888,0.6116207951070337,0.9103134374676735,0.9516913209889314,1.0438836525793047,2.6553156987939595,1.1999586221164786,-0.3206785972897486,0.7309241094475994,1.1546391752577319,1.1333333333333333,0.5625,0.625,0.875,0.75,1.5625,0.875,0.25,0.8125,0.6875
6,0,1,0,0.040539170973953584,-0.2,0.02288264630742332,5,4,3,2,1,0,6,5,4,3,0,1,1,1,1,1,0,0,1,1,1,0,0,0,0,0,1,1,0,0,0,0,0,0,0,0,0,0,0,0,0.9276248725790011,0.7033639143730888,0.6206682528188683,0.9103134374676735,0.9324009324009324,1.0438836525793047,2.7102513706423914,1.1999586221164786,-0.311925658234383,0.7319587628865979,1.3333333333333333,1.0625,0.5625,0.625,0.875,0.75,1.5625,0.9375,0.25,0.8125
0,0,0,1,-0.050673963717441976,0.06666666666666667,0.32766318013280454,6,5,4,3,2,1,0,6,5,4,0,0,1,1,1,1,1,0,0,1,1,1,0,0,0,0,0,1,1,0,0,0,0,0,0,0,0,0,0,0,0.040774719673802244,0.9276248725790011,0.7137684907416986,0.6206682528188683,0.8918617614269788,0.9324009324009324,1.0654805006723906,2.7102513706423914,1.2058853897780073,-0.30927835051546393,-0.2,1.25,1.0625,0.5625,0.625,0.875,0.75,1.625,0.9375,0.25
1,1,0,0,0.9425357251444207,0.5333333333333333,1.4621244293449411,0,6,5,4,3,2,1,0,6,5,0,0,0,1,1,1,1,1,0,0,0,1,1,0,0,0,0,0,1,1,1,0,0,0,0,0,0,0,0,0,-0.05096839959225281,0.040774719673802244,0.941346850108617,0.7137684907416986,0.6080875646093037,0.8918617614269788,0.9516913209889314,1.0654805006723906,2.7133711925658237,1.2061855670103092,0.06666666666666667,-0.1875,1.25,1.0625,0.5625,0.625,0.875,0.8125,1.625,0.9375
2,1,0,0,0.6587615283267457,0.9333333333333333,0.9540317779441232,1,0,6,5,4,3,2,1,0,6,1,0,0,0,1,1,1,1,1,0,0,0,1,1,0,0,0,0,0,1,0,1,0,0,0,0,0,0,0,0,0.9480122324159022,-0.05096839959225281,0.04137788352125789,0.941346850108617,0.6993006993006993,0.6080875646093037,0.9103134374676735,0.9516913209889314,1.0716572018585442,2.711340206185567,0.5333333333333333,0.0625,-0.1875,1.25,1.0625,0.5625,0.625,0.9375,0.8125,1.625
3,1,0,0,1.0337488598358164,1.3333333333333333,1.1469817269429823,2,1,0,6,5,4,3,2,1,0,1,1,0,0,0,1,1,1,1,1,0,0,0,1,1,0,0,0,0,0,0,0,1,0,0,0,0,0,0,0,0.6625891946992865,0.9480122324159022,-0.05172235440157236,0.04137788352125789,0.922266139657444,0.6993006993006993,0.6206682528188683,0.9103134374676735,0.9580795043882293,1.0721649484536082,0.9333333333333333,0.5,0.0625,-0.1875,1.25,1.0625,0.5625,0.6875,0.9375,0.8125
4,1,0,0,0.0,0.26666666666666666,0.24681461253243847,3,2,1,0,6,5,4,3,2,1,1,1,1,0,0,0,1,1,1,1,0,0,0,0,1,1,0,0,0,0,0,0,0,1,0,0,0,0,0,0,1.0397553516819573,0.6625891946992865,0.9620357918692459,-0.05172235440157236,0.040539170973953584,0.922266139657444,0.7137684907416986,0.6206682528188683,0.916778523489933,0.9587628865979382,1.3333333333333333,0.875,0.5,0.0625,-0.1875,1.25,1.0625,0.625,0.6875,0.9375
5,0,1,0,0.050673963717441976,1.0666666666666667,0.26472851131768405,4,3,2,1,0,6,5,4,3,2,1,1,1,1,0,0,0,1,1,1,0,0,0,0,0,1,1,0,0,0,0,0,0,0,1,0,0,0,0,0,0.0,1.0397553516819573,0.6723906072204406,0.9620357918692459,-0.050673963717441976,0.040539170973953584,0.941346850108617,0.7137684907416986,0.6276716572018587,0.9175257731958762,0.26666666666666666,1.25,0.875,0.5,0.0625,-0.1875,1.25,1.125,0.625,0.6875
6,0,1,0,0.25336981858720986,1.4666666666666666,0.552654142381209,5,4,3,2,1,0,6,5,4,3,0,1,1,1,1,0,0,0,1,1,1,0,0,0,0,0,1,1,0,0,0,0,0,0,0,1,0,0,0,0,0.05096839959225281,0.0,1.0551360297920762,0.6723906072204406,0.9425357251444207,-0.050673963717441976,0.04137788352125789,0.941346850108617,0.7205988642230254,0.6288659793814433,1.0666666666666667,0.25,1.25,0.875,0.5,0.0625,-0.1875,1.3125,1.125,0.625
0,0,0,1,1.276983885679538,1.0666666666666667,1.5277022205318902,6,5,4,3,2,1,0,6,5,4,0,0,1,1,1,1,0,0,0,1,1,1,0,0,0,0,0,1,1,0,0,0,0,0,0,0,1,0,0,0,0.25484199796126406,0.05096839959225281,0.0,1.0551360297920762,0.6587615283267457,0.9425357251444207,-0.05172235440157236,0.04137788352125789,0.9477542591636553,0.7216494845360825,1.4666666666666666,1.0,0.25,1.25,0.875,0.5,0.0625,-0.125,1.3125,1.125
1,1,0,0,0.19418262896523764,0.4,0.5143656573502791,0,6,5,4,3,2,1,0,6,5,0,0,0,1,1,1,1,0,0,0,0,1,1,0,0,0,0,0,1,1,1,0,0,0,0,0,0,1,0,0,1.2844036697247707,0.25484199796126406,0.05172235440157236,0.0,1.0337488598358164,0.6587615283267457,0.9620357918692459,-0.05172235440157236,0.04945792462570993,0.9484536082474226,1.0666666666666667,1.375,1.0,0.25,1.25,0.875,0.5,0.125,-0.125,1.3125
2,1,0,0,0.4072159724333638,0.2,0.7646374618499371,1,0,6,5,4,3,2,1,0,6,1,0,0,0,1,1,1,1,0,0,0,0,1,1,0,0,0,0,0,1,0,1,0,0,0,0,0,0,1,0,0.1953109072375127,1.2844036697247707,0.2586117720078618,0.05172235440157236,0.0,1.0337488598358164,0.6723906072204406,0.9620357918692459,-0.04346928239545683,0.05154639175257732,0.4,1.0,1.375,1.0,0.25,1.25,0.875,0.5625,0.125,-0.125
3,1,0,0,-0.2758690584777541,0.2,-0.10951033529050491,2,1,0,6,5,4,3,2,1,0,1,1,0,0,0,1,1,1,1,0,0,0,0,1,1,0,0,0,0,0,0,0,1,0,0,0,0,0,0,1,0.4095820591233436,0.1953109072375127,1.3034033309196233,0.2586117720078618,0.050673963717441976,0.0,1.0551360297920762,0.6723906072204406,0.9684047496128034,-0.041237113402061855,0.2,0.375,1.0,1.375,1.0,0.25,1.25,0.9375,0.5625,0.125
4,1,0,0,0.4495794061011454,0.06666666666666667,0.8432299513103731,3,2,1,0,6,5,4,3,2,1,1,1,1,0,0,0,1,1,1,1,0,0,0,0,1,1,0,0,0,0,0,0,0,1,0,0,0,0,0,0,-0.2774719673802243,0.4095820591233436,0.19820006206682525,1.3034033309196233,0.25336981858720986,0.050673963717441976,0.0,1.0551360297920762,0.6792978833247291,0.9690721649484536,0.2,0.1875,0.375,1.0,1.375,1.0,0.25,1.3125,0.9375,0.5625
5,0,1,0,0.05837640620249321,1.5333333333333334,0.3968490164641628,4,3,2,1,0,6,5,4,3,2,1,1,1,1,0,0,0,1,1,1,0,0,0,0,0,1,1,0,0,0,0,0,0,0,1,0,0,0,0,0,0.452191641182467,-0.2774719673802243,0.41564083997103557,0.19820006206682525,1.276983885679538,0.25336981858720986,0.05172235440157236,0.0,1.0613319566339703,0.6804123711340206,0.06666666666666667,0.1875,0.1875,0.375,1.0,1.375,1.0,0.3125,1.3125,0.9375
6,0,1,0,0.3350562480997264,1.2,0.8259611262449587,5,4,3,2,1,0,6,5,4,3,0,1,1,1,1,0,0,0,1,1,1,0,0,0,0,0,1,1,0,0,0,0,0,0,0,1,0,0,0,0,0.05871559633027529,0.452191641182467,-0.2815764973621599,0.41564083997103557,0.19418262896523764,1.276983885679538,0.2586117720078618,0.05172235440157236,0.008156943727413591,1.0618556701030928,1.5333333333333334,0.0625,0.1875,0.1875,0.375,1.0,1.375,1.0625,0.3125,1.3125
0,1,0,0,0.46326137630485464,-0.06666666666666667,0.7600070420547749,6,5,4,3,2,1,0,6,5,4,0,0,1,1,1,1,0,0,0,1,1,1,0,0,0,0,0,1,1,0,0,0,0,0,0,0,1,0,0,0,0.3370030581039756,0.05871559633027529,0.4588807282507501,-0.2815764973621599,0.4072159724333638,0.19418262896523764,1.3034033309196233,0.2586117720078618,0.059783169850284014,0.010309278350515464,1.2,1.4375,0.0625,0.1875,0.1875,0.375,1.0,1.4375,1.0625,0.3125
1,1,0,0,0.6756866322083712,0.6666666666666666,1.1739142266977198,0,6,5,4,3,2,1,0,6,5,1,0,0,1,1,1,1,0,0,0,0,1,1,0,0,0,0,0,1,1,0,0,0,0,0,0,0,1,0,0,0.46595310907237525,0.3370030581039756,0.05958415227061141,0.4588807282507501,-0.2758690584777541,0.4072159724333638,0.19820006206682525,1.3034033309196233,0.2662880743417657,0.061855670103092786,-0.06666666666666667,1.125,1.4375,0.0625,0.1875,0.1875,0.375,1.0625,1.4375,1.0625
2,1,0,0,0.1961082395865004,0.8,0.4616362563684231,1,0,6,5,4,3,2,1,0,6,1,1,0,0,1,1,1,1,0,0,0,0,1,1,0,0,0,0,0,1,0,0,0,0,0,0,0,0,1,0,0.6796126401630987,0.46595310907237525,0.34198820730319646,0.05958415227061141,0.4495794061011454,-0.2758690584777541,0.41564083997103557,0.19820006206682525,1.3091378420237483,0.26804123711340205,0.6666666666666666,-0.0625,1.125,1.4375,0.0625,0.1875,0.1875,0.4375,1.0625,1.4375
3,1,0,0,-0.16043376912942128,0.6,0.08991622105063694,2,1,0,6,5,4,3,2,1,0,1,1,1,0,0,1,1,1,1,0,0,0,0,1,1,0,0,0,0,0,0,0,0,0,0,0,0,0,0,1,0.1972477064220183,0.6796126401630987,0.4728457639391746,0.34198820730319646,0.05837640620249321,0.4495794061011454,-0.2815764973621599,0.41564083997103557,0.205988642230253,1.309278350515464,0.8,0.625,-0.0625,1.125,1.4375,0.0625,0.1875,0.25,0.4375,1.0625
4,1,0,0,-0.09405087665957232,0.2,0.055424935593420786,3,2,1,0,6,5,4,3,2,1,1,1,1,1,0,0,1,1,1,1,0,0,0,0,1,1,0,0,0,0,0,0,0,0,0,0,0,0,0,0,-0.16136595310907237,0.1972477064220183,0.6896658735905657,0.4728457639391746,0.3350562480997264,0.05837640620249321,0.4588807282507501,-0.2815764973621599,0.42302529685080037,0.20783505154639173,0.6,0.75,0.625,-0.0625,1.125,1.4375,0.0625,0.25,0.25,0.4375
5,0,1,0,-0.028073375899462814,0.5333333333333333,0.43208213669918466,4,3,2,1,0,6,5,4,3,2,1,1,1,1,1,0,0,1,1,1,0,0,0,0,0,1,1,0,0,0,0,0,0,0,0,0,0,0,0,0,-0.09459734964322122,-0.16136595310907237,0.20016551153408496,0.6896658735905657,0.46326137630485464,0.3350562480997264,0.05958415227061141,0.4588807282507501,-0.27289623128549295,0.42453608247422686,0.2,0.5625,0.75,0.625,-0.0625,1.125,1.4375,0.125,0.25,0.25
6,0,1,0,-0.3736698084524172,0.6,-0.08503247543008274,5,4,3,2,1,0,6,5,4,3,0,1,1,1,1,1,0,0,1,1,1,0,0,0,0,0,1,1,0,0,0,0,0,0,0,0,0,0,0,0,-0.028236493374108013,-0.09459734964322122,-0.16375297403537806,0.20016551153408496,0.6756866322083712,0.46326137630485464,0.34198820730319646,0.05958415227061141,0.4661848218895201,-0.27030927835051544,0.5333333333333333,0.1875,0.5625,0.75,0.625,-0.0625,1.125,1.5,0.125,0.25
0,1,0,0,0.14735988649032133,0.9333333333333333,0.5163952877364766,6,5,4,3,2,1,0,6,5,4,0,0,1,1,1,1,1,0,0,1,1,1,0,0,0,0,0,1,1,0,0,0,0,0,0,0,0,0,0,0,-0.37584097859327226,-0.028236493374108013,-0.09599668976931831,-0.16375297403537806,0.1961082395865004,0.6756866322083712,0.4728457639391746,0.34198820730319646,0.06763035622096036,0.4676288659793816,0.6,0.5,0.1875,0.5625,0.75,0.625,-0.0625,1.1875,1.5,0.125
1,1,0,0,0.7591973244147157,0.6666666666666666,1.3797817769361955,0,6,5,4,3,2,1,0,6,5,1,0,0,1,1,1,1,1,0,0,0,1,1,0,0,0,0,0,1,1,0,0,0,0,0,0,0,0,0,0,0.14821610601427124,-0.37584097859327226,-0.028654184338471046,-0.09599668976931831,-0.16043376912942128,0.1961082395865004,0.6896658735905657,0.4728457639391746,0.34950955085183283,0.06969072164948459,0.9333333333333333,0.5625,0.5,0.1875,0.5625,0.75,0.625,0.0,1.1875,1.5
2,1,0,0,-0.008006486267355896,0.2,0.4340328127498821,1,0,6,5,4,3,2,1,0,6,1,1,0,0,1,1,1,1,1,0,0,0,1,1,0,0,0,0,0,1,0,0,0,0,0,0,0,0,0,0,0.7636085626911315,0.14821610601427124,-0.38140064135719465,-0.028654184338471046,-0.09405087665957232,-0.16043376912942128,0.20016551153408496,0.6896658735905657,0.4801239029426951,0.3511340206185567,0.6666666666666666,0.875,0.5625,0.5,0.1875,0.5625,0.75,0.6875,0.0,1.1875
3,1,0,0,0.7569676700111483,0.9333333333333333,1.2704478289909569,2,1,0,6,5,4,3,2,1,0,1,1,1,0,0,1,1,1,1,1,0,0,0,1,1,0,0,0,0,0,0,0,0,0,0,0,0,0,0,0,-0.008053007135576008,0.7636085626911315,0.15040860659977248,-0.38140064135719465,-0.028073375899462814,-0.09405087665957232,-0.16375297403537806,0.20016551153408496,0.6965410428497677,0.4815463917525774,0.2,0.625,0.875,0.5625,0.5,0.1875,0.5625,0.8125,0.6875,0.0
4,1,0,0,0.5621769534813013,1.2666666666666666,0.9168338706707826,3,2,1,0,6,5,4,3,2,1,1,1,1,1,0,0,1,1,1,1,0,0,0,0,1,1,0,0,0,0,0,0,0,0,0,0,0,0,0,0,0.7613659531090724,-0.008053007135576008,0.7749043136443571,0.15040860659977248,-0.3736698084524172,-0.028073375899462814,-0.09599668976931831,-0.16375297403537806,0.20795043882292205,0.6976288659793813,0.9333333333333333,0.1875,0.625,0.875,0.5625,0.5,0.1875,0.625,0.8125,0.6875
5,0,1,0,0.06587615283267458,0.5333333333333333,0.5070645651598372,4,3,2,1,0,6,5,4,3,2,1,1,1,1,1,0,0,1,1,1,0,0,0,0,0,1,1,0,0,0,0,0,0,0,0,0,0,0,0,0,0.5654434250764526,0.7613659531090724,-0.008172131995448497,0.7749043136443571,0.14735988649032133,-0.3736698084524172,-0.028654184338471046,-0.09599668976931831,-0.15529168817759414,0.20979381443298964,1.2666666666666666,0.875,0.1875,0.625,0.875,0.5625,0.5,0.25,0.625,0.8125
6,0,0,1,-0.07702442485051175,0.9333333333333333,0.4233733055055698,5,4,3,2,1,0,6,5,4,3,0,1,1,1,1,1,0,0,1,1,1,0,0,0,0,0,1,1,0,0,0,0,0,0,0,0,0,0,0,0,0.06625891946992865,0.5654434250764526,0.7726285300506879,-0.008172131995448497,0.7591973244147157,0.14735988649032133,-0.38140064135719465,-0.028654184338471046,-0.08766133195663392,-0.15288659793814433,0.5333333333333333,1.1875,0.875,0.1875,0.625,0.875,0.5625,0.5625,0.25,0.625
0,1,0,0,0.7990270598966251,0.7333333333333333,1.0571548754806135,6,5,4,3,2,1,0,6,5,4,0,0,1,1,1,1,1,0,0,1,0,1,0,0,0,0,0,1,1,0,1,0,0,0,0,0,0,0,0,0,-0.0774719673802242,0.06625891946992865,0.5738077997310438,0.7726285300506879,-0.008006486267355896,0.7591973244147157,0.15040860659977248,-0.38140064135719465,-0.02044398554465658,-0.08536082474226805,0.9333333333333333,0.5,1.1875,0.875,0.1875,0.625,0.875,0.625,0.5625,0.25
1,1,0,0,0.8600385122124253,0.3333333333333333,1.4222524899173634,0,6,5,4,3,2,1,0,6,5,1,0,0,1,1,1,1,1,0,0,0,0,1,0,0,0,0,0,1,1,0,1,0,0,0,0,0,0,0,0,0.8036697247706422,-0.0774719673802242,0.06723906072204407,0.5738077997310438,0.7569676700111483,-0.008006486267355896,0.7749043136443571,0.15040860659977248,-0.37253484770263295,-0.01824742268041233,0.7333333333333333,0.875,0.5,1.1875,0.875,0.1875,0.625,0.9375,0.625,0.5625
2,1,0,0,-0.001520218911523317,0.8666666666666667,0.29474762162663404,1,0,6,5,4,3,2,1,0,6,1,1,0,0,1,1,1,1,1,0,0,0,0,1,0,0,0,0,0,1,0,0,1,0,0,0,0,0,0,0,0.8650356778797148,0.8036697247706422,-0.07861797869038993,0.06723906072204407,0.5621769534813013,0.7569676700111483,-0.008172131995448497,0.7749043136443571,0.15828600929272085,-0.36979381443298975,0.3333333333333333,0.6875,0.875,0.5,1.1875,0.875,0.1875,0.6875,0.9375,0.625
3,1,0,0,-0.3736698084524172,0.6,-0.08503247543008274,2,1,0,6,5,4,3,2,1,0,1,1,1,0,0,1,1,1,1,1,0,0,0,0,1,0,0,0,0,0,0,0,0,1,0,0,0,0,0,0,-0.0015290519877676422,0.8650356778797148,0.815558084203993,-0.07861797869038993,0.06587615283267458,0.5621769534813013,0.7726285300506879,-0.008172131995448497,0.7816210635002582,0.16020618556701038,0.8666666666666667,0.3125,0.6875,0.875,0.5,1.1875,0.875,0.25,0.6875,0.9375
4,1,0,0,0.7088274044795784,1.0,0.8699464185641466,3,2,1,0,6,5,4,3,2,1,1,1,1,1,0,0,1,1,1,1,0,0,0,0,0,1,0,0,0,0,0,0,0,0,1,0,0,0,0,0,-0.37584097859327226,-0.0015290519877676422,0.8778317989034862,0.815558084203993,-0.07702442485051175,0.06587615283267458,0.5738077997310438,0.7726285300506879,0.0,0.7825773195876289,0.6,0.8125,0.3125,0.6875,0.875,0.5,1.1875,0.9375,0.25,0.6875
5,0,1,0,1.1333738725043074,1.3333333333333333,1.8936313753106098,4,3,2,1,0,6,5,4,3,2,1,1,1,1,1,0,0,1,1,1,0,0,0,0,0,0,1,0,0,0,0,0,0,0,0,1,0,0,0,0,0.7129459734964322,-0.37584097859327226,-0.0015516706320472297,0.8778317989034862,0.7990270598966251,-0.07702442485051175,0.06723906072204407,0.5738077997310438,0.7793495095508519,0.002164948453608183,1.0,0.5625,0.8125,0.3125,0.6875,0.875,0.5,1.25,0.9375,0.25
6,0,1,0,-0.5402858011553664,-0.3333333333333333,-0.3360961751160125,5,4,3,2,1,0,6,5,4,3,0,1,1,1,1,1,0,0,1,1,1,0,0,0,0,0,0,1,0,0,0,0,0,0,0,0,1,0,0,0,1.1399592252803263,0.7129459734964322,-0.38140064135719465,-0.0015516706320472297,0.8600385122124253,0.7990270598966251,-0.07861797869038993,0.06723906072204407,0.580898296334538,0.7803092783505154,1.3333333333333333,0.9375,0.5625,0.8125,0.3125,0.6875,0.875,0.5625,1.25,0.9375
