DIA_SEMANA,LABORAL,FIN_DE_SEMANA,FESTIVO,PORCENTAJE_USO,NUMERO_CONEXIONES,USAGE_KB,DIA_SEMANA_lag_1,DIA_SEMANA_lag_2,DIA_SEMANA_lag_3,DIA_SEMANA_lag_4,DIA_SEMANA_lag_5,DIA_SEMANA_lag_6,DIA_SEMANA_lag_7,DIA_SEMANA_lag_8,DIA_SEMANA_lag_9,DIA_SEMANA_lag_10,LABORAL_lag_1,LABORAL_lag_2,LABORAL_lag_3,LABORAL_lag_4,LABORAL_lag_5,LABORAL_lag_6,LABORAL_lag_7,LABORAL_lag_8,LABORAL_lag_9,LABORAL_lag_10,FIN_DE_SEMANA_lag_1,FIN_DE_SEMANA_lag_2,FIN_DE_SEMANA_lag_3,FIN_DE_SEMANA_lag_4,FIN_DE_SEMANA_lag_5,FIN_DE_SEMANA_lag_6,FIN_DE_SEMANA_lag_7,FIN_DE_SEMANA_lag_8,FIN_DE_SEMANA_lag_9,FIN_DE_SEMANA_lag_10,FESTIVO_lag_1,FESTIVO_lag_2,FESTIVO_lag_3,FESTIVO_lag_4,FESTIVO_lag_5,FESTIVO_lag_6,FESTIVO_lag_7,FESTIVO_lag_8,FESTIVO_lag_9,FESTIVO_lag_10,PORCENTAJE_USO_lag_1,PORCENTAJE_USO_lag_2,PORCENTAJE_USO_lag_3,PORCENTAJE_USO_lag_4,PORCENTAJE_USO_lag_5,PORCENTAJE_USO_lag_6,PORCENTAJE_USO_lag_7,PORCENTAJE_USO_lag_8,PORCENTAJE_USO_lag_9,PORCENTAJE_USO_lag_10,NUMERO_CONEXIONES_lag_1,NUMERO_CONEXIONES_lag_2,NUMERO_CONEXIONES_lag_3,NUMERO_CONEXIONES_lag_4,NUMERO_CONEXIONES_lag_5,NUMERO_CONEXIONES_lag_6,NUMERO_CONEXIONES_lag_7,NUMERO_CONEXIONES_lag_8,NUMERO_CONEXIONES_lag_9,NUMERO_CONEXIONES_lag_10
1,1,0,0,-1.1070122435999363,-0.6617647058823529,-1.146312471453245,0,6,5,4,3,2,1,0,6,5,1,0,0,1,1,1,1,0,0,0,0,1,1,0,0,0,0,0,1,1,0,0,0,0,0,0,0,1,0,0,-0.8674193035458736,-0.17914263345423168,0.21381573681261495,0.9331945889698231,0.2910870685213807,0.0269835136527563,0.664564155927319,0.5366609679326378,-0.9031907584642176,-0.5603719622285778,-0.5294117647058824,0.23529411764705882,0.06015037593984962,0.09090909090909091,-0.43410852713178294,-0.12403100775193798,-0.37209302325581395,-0.43410852713178294,0.15503875968992248,-0.5891472868217055
2,1,0,0,0.11842900302114805,-0.4264705882352941,-0.3937190532578507,1,0,6,5,4,3,2,1,0,6,1,1,0,0,1,1,1,1,0,0,0,0,1,1,0,0,0,0,0,1,0,0,0,0,0,0,0,0,1,0,-1.1070122435999363,-0.8684231549682839,-0.17949251580885295,0.21381573681261495,0.9384981968057705,0.28786707882534773,0.02683102537420954,0.6632687299279401,0.5366609679326378,-0.9031907584642176,-0.6470588235294118,-0.5294117647058824,0.24060150375939848,0.06060606060606061,0.09302325581395349,-0.43410852713178294,-0.12403100775193798,-0.37209302325581395,-0.43410852713178294,0.15503875968992248
3,1,0,0,-0.7456829384639846,-0.3382352941176471,-0.9309836120839735,2,1,0,6,5,4,3,2,1,0,1,1,1,0,0,1,1,1,1,0,0,0,0,1,1,0,0,0,0,0,0,0,0,0,0,0,0,0,0,1,0.11842900302114805,-1.109176026970457,-0.8701192667894019,-0.17949251580885295,0.21503091190108187,0.9352782071097375,0.28624029456495625,0.026778724016169472,0.6632687299279401,0.5366609679326378,-0.4117647058823529,-0.6470588235294118,-0.5413533834586466,0.24242424242424243,0.06201550387596899,0.09302325581395349,-0.43410852713178294,-0.12403100775193798,-0.37209302325581395,-0.43410852713178294
4,1,0,0,-1.0939100015900778,-0.3088235294117647,-1.1193820702439454,3,2,1,0,6,5,4,3,2,1,1,1,1,1,0,0,1,1,1,1,0,0,0,0,1,1,0,0,0,0,0,0,0,0,0,0,0,0,0,0,-0.7456829384639846,0.12219790052247273,-1.1113423517169614,-0.8701192667894019,-0.1805126223596085,0.21181092220504888,0.9299927959657408,0.2856823301963665,0.026778724016169472,0.6632687299279401,-0.3235294117647059,-0.4117647058823529,-0.6616541353383458,-0.5454545454545454,0.24806201550387597,0.06201550387596899,0.09302325581395349,-0.43410852713178294,-0.12403100775193798,-0.37209302325581395
5,0,1,0,0.8861822229289232,0.6323529411764706,0.0746933580509523,4,3,2,1,0,6,5,4,3,2,1,1,1,1,1,0,0,1,1,1,0,0,0,0,0,1,1,0,0,0,0,0,0,0,0,0,0,0,0,0,-1.0939100015900778,-0.7460974323741351,0.12243656447610662,-1.1113423517169614,-0.8750643997939208,-0.18373261205564145,0.21061394380853266,0.92817997347692,0.2856823301963665,0.026778724016169472,-0.29411764705882354,-0.3235294117647059,-0.42105263157894735,-0.6666666666666666,-0.5581395348837209,0.24806201550387597,0.06201550387596899,0.09302325581395349,-0.43410852713178294,-0.12403100775193798
6,0,1,0,1.1183335983463187,1.3970588235294117,-0.6635288996531358,5,4,3,2,1,0,6,5,4,3,0,1,1,1,1,1,0,0,1,1,1,0,0,0,0,0,1,1,0,0,0,0,0,0,0,0,0,0,0,0,0.8861822229289232,-1.0960103535878056,-0.747554630593132,0.12243656447610662,-1.1176584234930451,-0.8782843894899538,-0.18269430881293522,0.21020339687155468,0.92817997347692,0.2856823301963665,0.6470588235294118,-0.29411764705882354,-0.3308270676691729,-0.42424242424242425,-0.6821705426356589,-0.5581395348837209,0.24806201550387597,0.06201550387596899,0.09302325581395349,-0.43410852713178294
0,1,0,0,-0.08567339799650181,-1.9558823529411764,-1.0659147614939515,6,5,4,3,2,1,0,6,5,4,0,0,1,1,1,1,1,0,0,1,1,1,0,0,0,0,0,1,1,0,0,0,0,0,0,0,0,0,0,0,1.1183335983463187,0.8936680141243386,-1.0981509645401424,-0.747554630593132,0.12313240597630093,-1.120878413189078,-0.8733210597934842,-0.18233818524613735,0.21020339687155468,0.92817997347692,1.411764705882353,0.6470588235294118,-0.3007518796992481,-0.3333333333333333,-0.43410852713178294,-0.6821705426356589,-0.5581395348837209,0.24806201550387597,0.06201550387596899,0.09302325581395349
1,1,0,0,-0.12332644299570668,-1.661764705882353,-0.9372598160015165,0,6,5,4,3,2,1,0,6,5,1,0,0,1,1,1,1,1,0,0,0,1,1,0,0,0,0,0,1,1,0,0,0,0,0,0,0,0,0,0,-0.08567339799650181,1.1269432949334524,0.8954134315216519,-1.0981509645401424,-0.7518031942297786,0.11991241628026796,-1.1145441447210438,-0.8716187067601896,-0.18233818524613735,0.21020339687155468,-1.9411764705882353,1.411764705882353,0.6616541353383458,-0.30303030303030304,-0.34108527131782945,-0.43410852713178294,-0.6821705426356589,-0.5581395348837209,0.24806201550387597,0.06201550387596899
2,1,0,0,-0.9391636190173317,-0.22058823529411764,-1.0281136455133508,1,0,6,5,4,3,2,1,0,6,1,1,0,0,1,1,1,1,1,0,0,0,1,1,0,0,0,0,0,1,0,0,0,0,0,0,0,0,0,0,-0.12332644299570668,-0.08289261348203299,1.1291443208196588,0.8954134315216519,-1.1043920659453892,-0.7550231839258116,0.11923477147202434,-1.1123715787623627,-0.8716187067601896,-0.18233818524613735,-1.6470588235294117,-1.9411764705882353,1.443609022556391,0.6666666666666666,-0.31007751937984496,-0.34108527131782945,-0.43410852713178294,-0.6821705426356589,-0.5581395348837209,0.24806201550387597
3,1,0,0,0.2961997137859754,0.3382352941176471,-0.19035055251645783,2,1,0,6,5,4,3,2,1,0,1,1,1,0,0,1,1,1,1,1,0,0,0,1,1,0,0,0,0,0,0,0,0,0,0,0,0,0,0,0,-0.9391636190173317,-0.120727946698196,-0.08305451052589448,1.1291443208196588,0.9005023183925812,-1.1076120556414222,-0.7507564235972143,0.11900234873056706,-1.1123715787623627,-0.8716187067601896,-0.20588235294117646,-1.6470588235294117,-1.9849624060150375,1.4545454545454546,0.6821705426356589,-0.31007751937984496,-0.34108527131782945,-0.43410852713178294,-0.6821705426356589,-0.5581395348837209
4,1,0,0,1.4990618540308474,0.6911764705882353,0.7113110488570722,3,2,1,0,6,5,4,3,2,1,1,1,1,1,0,0,1,1,1,1,0,0,0,0,1,1,0,0,0,0,0,0,0,0,0,0,0,0,0,0,0.2961997137859754,-0.9405148033936758,-0.12096373969422866,-0.08305451052589448,1.1355615662029883,0.8972823286965482,-1.1013527575442246,-0.7492929841660407,0.11900234873056706,-1.1123715787623627,0.35294117647058826,-0.20588235294117646,-1.6842105263157894,-2.0,1.4883720930232558,0.6821705426356589,-0.31007751937984496,-0.34108527131782945,-0.43410852713178294,-0.6821705426356589
5,0,1,0,0.6787088567339797,1.1029411764705883,0.16981452390556936,4,3,2,1,0,6,5,4,3,2,1,1,1,1,1,0,0,1,1,1,0,0,0,0,0,1,1,0,0,0,0,0,0,0,0,0,0,0,0,0,1.4990618540308474,0.3008292456899994,-0.9423517169614983,-0.12096373969422866,-0.08352653271509532,1.1323415765069553,0.8922116385175696,-1.0992059053797112,-0.7492929841660407,0.11900234873056706,0.7058823529411765,0.35294117647058826,-0.21052631578947367,-1.696969696969697,-2.046511627906977,1.4883720930232558,0.6821705426356589,-0.31007751937984496,-0.34108527131782945,-0.43410852713178294
6,0,1,0,0.4817936078867864,1.2794117647058822,0.10301786834049521,5,4,3,2,1,0,6,5,4,3,0,1,1,1,1,1,0,0,1,1,1,0,0,0,0,0,1,1,0,0,0,0,0,0,0,0,0,0,0,0,0.6787088567339797,1.509514755460399,0.3014167934043063,-0.9423517169614983,-0.12165121071612564,-0.08674652241112829,1.1259425278155764,0.8904724623324329,-1.0992059053797112,-0.7492929841660407,1.1176470588235294,0.7058823529411765,0.3609022556390977,-0.21212121212121213,-1.7364341085271318,-2.046511627906977,1.4883720930232558,0.6821705426356589,-0.31007751937984496,-0.34108527131782945
0,1,0,0,-0.020925425345841894,0.36764705882352944,-0.4086979383936224,6,5,4,3,2,1,0,6,5,4,0,0,1,1,1,1,1,0,0,1,1,1,0,0,0,0,0,1,1,0,0,0,0,0,0,0,0,0,0,0,0.4817936078867864,0.6851902152204129,1.5124629792683901,0.3014167934043063,-0.9477073673364247,-0.12487120041215861,-0.08625630352997676,1.1237477431415466,0.8904724623324329,-1.0992059053797112,1.2941176470588236,1.1176470588235294,0.7218045112781954,0.36363636363636365,-0.21705426356589147,-1.7364341085271318,-2.046511627906977,1.4883720930232558,0.6821705426356589,-0.31007751937984496
1,1,0,0,1.480680553347114,0.6323529411764706,0.39214548051771747,0,6,5,4,3,2,1,0,6,5,1,0,0,1,1,1,1,1,0,0,0,1,1,0,0,0,0,0,1,1,0,0,0,0,0,0,0,0,0,0,-0.020925425345841894,0.4873216482656142,0.6865284559353235,1.5124629792683901,0.3031298299845441,-0.9509273570324577,-0.12416553269831095,-0.08608816527393866,1.1237477431415466,0.8904724623324329,0.38235294117647056,1.2941176470588236,1.1428571428571428,0.7272727272727273,0.37209302325581395,-0.21705426356589147,-1.7364341085271318,-2.046511627906977,1.4883720930232558,0.6821705426356589
2,1,0,0,0.6363491811098744,0.45588235294117646,0.15737485863845463,1,0,6,5,4,3,2,1,0,6,1,1,0,0,1,1,1,1,1,0,0,0,1,1,0,0,0,0,0,1,0,0,0,0,0,0,0,0,0,0,1.480680553347114,-0.01783117899883357,0.48827343312254856,0.6865284559353235,1.521058732612056,0.2999098402885111,-0.9455535099655805,-0.12392349849010167,-0.08608816527393866,1.1237477431415466,0.6470588235294118,0.38235294117647056,1.3233082706766917,1.1515151515151516,0.7441860465116279,0.37209302325581395,-0.21705426356589147,-1.7364341085271318,-2.046511627906977,1.4883720930232558
3,1,0,0,0.309937986961361,0.45588235294117646,-0.08844654457343241,2,1,0,6,5,4,3,2,1,0,1,1,1,0,0,1,1,1,1,1,0,0,0,1,1,0,0,0,0,0,0,0,0,0,0,0,0,0,0,0,0.6363491811098744,1.491044466103184,-0.017866004962779104,0.48827343312254856,0.69043019062339,1.517838742916023,0.29821500040022403,-0.9437103551855814,-0.12392349849010167,-0.08608816527393866,0.47058823529411764,0.6470588235294118,0.39097744360902253,1.3333333333333333,1.178294573643411,0.7441860465116279,0.37209302325581395,-0.21705426356589147,-1.7364341085271318,-2.046511627906977
4,1,0,0,-0.5103514072189537,0.4264705882352941,-0.6937495349494676,3,2,1,0,6,5,4,3,2,1,1,1,1,1,0,0,1,1,1,1,0,0,0,0,1,1,0,0,0,0,0,0,0,0,0,0,0,0,0,0,0.309937986961361,0.6426254653522296,1.4939566157047945,-0.017866004962779104,0.4910484286450284,0.6872102009273571,1.5092611862643077,0.29763369389809374,-0.9437103551855814,-0.12392349849010167,0.47058823529411764,0.47058823529411764,0.6616541353383458,0.3939393939393939,1.3643410852713178,1.178294573643411,0.7441860465116279,0.37209302325581395,-0.21705426356589147,-1.7364341085271318
5,0,1,0,0.6443631737955159,1.6029411764705883,0.008998002436827109,4,3,2,1,0,6,5,4,3,2,1,1,1,1,1,0,0,1,1,1,0,0,0,0,0,1,1,0,0,0,0,0,0,0,0,0,0,0,0,0,-0.5103514072189537,0.31463402943103186,0.6438805731209477,1.4939566157047945,-0.01796754250386394,0.48782843894899547,0.6833266629312412,1.5063192036684931,0.29763369389809374,-0.9437103551855814,0.4411764705882353,0.47058823529411764,0.48120300751879697,0.6666666666666666,0.40310077519379844,1.3643410852713178,1.178294573643411,0.7441860465116279,0.37209302325581395,-0.21705426356589147
6,0,0,1,0.8347909047543328,0.8676470588235294,0.529727587528602,5,4,3,2,1,0,6,5,4,3,0,1,1,1,1,1,0,0,1,1,1,0,0,0,0,0,1,1,0,0,0,0,0,0,0,0,0,0,0,0,0.6443631737955159,-0.5096265997731156,0.3152485391819418,0.6438805731209477,1.5024471921689855,-0.021187532199896913,0.48507164011846626,0.6819946634285072,1.5063192036684931,0.29763369389809374,1.6176470588235294,0.4411764705882353,0.48120300751879697,0.48484848484848486,0.6821705426356589,0.40310077519379844,1.3643410852713178,1.178294573643411,0.7441860465116279,0.37209302325581395
0,1,0,0,-0.08134838607091742,0.6911764705882353,-0.22374687062755155,6,5,4,3,2,1,0,6,5,4,0,0,1,1,1,1,1,0,0,1,0,1,0,0,0,0,0,1,1,0,1,0,0,0,0,0,0,0,0,0,0.8347909047543328,0.6506782558678319,-0.5106219482910429,0.3152485391819418,0.647539927872231,1.4992272024729525,-0.02106779796686139,0.4841260964737085,0.6819946634285072,1.5063192036684931,0.8823529411764706,1.6176470588235294,0.45112781954887216,0.48484848484848486,0.49612403100775193,0.6821705426356589,0.40310077519379844,1.3643410852713178,1.178294573643411,0.7441860465116279
1,1,0,0,-0.5913817777071075,1.2205882352941178,-0.5898061124257433,0,6,5,4,3,2,1,0,6,5,1,0,0,1,1,1,1,1,0,0,0,0,1,0,0,0,0,0,1,1,0,1,0,0,0,0,0,0,0,0,-0.08134838607091742,0.8420278971671432,0.651949091491235,-0.5106219482910429,0.3170401854714065,0.644319938176198,1.4907548227007124,-0.021026730790739235,0.4841260964737085,0.6819946634285072,0.7058823529411765,0.8823529411764706,1.6541353383458646,0.45454545454545453,0.49612403100775193,0.49612403100775193,0.6821705426356589,0.40310077519379844,1.3643410852713178,1.178294573643411
2,1,0,0,-0.5372555255207504,0.4852941176470588,-0.5409765224655393,1,0,6,5,4,3,2,1,0,6,1,1,0,0,1,1,1,1,1,0,0,0,0,1,0,0,0,0,0,1,0,0,1,0,0,0,0,0,0,0,-0.5913817777071075,-0.07854666304504124,0.8436724565756822,0.651949091491235,-0.5135239567233385,0.3138201957753735,0.6406787801168654,1.4878489143112785,-0.021026730790739235,0.4841260964737085,1.2352941176470589,0.7058823529411765,0.9022556390977443,1.6666666666666667,0.46511627906976744,0.49612403100775193,0.49612403100775193,0.6821705426356589,0.40310077519379844,1.3643410852713178
3,1,0,0,-0.43631737955159794,0.8088235294117647,-0.33820127673421957,2,1,0,6,5,4,3,2,1,0,1,1,1,0,0,1,1,1,1,1,0,0,0,0,1,0,0,0,0,0,0,0,0,1,0,0,0,0,0,0,-0.5372555255207504,-0.5910492594308722,-0.07870007204034253,0.8436724565756822,0.6556543019062341,-0.5167439464193715,0.3120467461778595,0.639429913560324,1.4878489143112785,-0.021026730790739235,0.5,1.2352941176470589,0.7218045112781954,0.9090909090909091,1.7054263565891472,0.46511627906976744,0.49612403100775193,0.49612403100775193,0.6821705426356589,0.40310077519379844
4,1,0,0,-0.5481952615678167,0.6617647058823529,-0.4680652405669665,3,2,1,0,6,5,4,3,2,1,1,1,1,1,0,0,1,1,1,1,0,0,0,0,0,1,0,0,0,0,0,0,0,0,1,0,0,0,0,0,-0.43631737955159794,-0.5366609679326376,-0.5922036340350596,-0.07870007204034253,0.8484672849046885,0.6524343122102011,-0.5138237412951252,0.3114384776391262,0.639429913560324,1.4878489143112785,0.8235294117647058,0.5,1.263157894736842,0.7272727272727273,0.9302325581395349,1.7054263565891472,0.46511627906976744,0.49612403100775193,0.49612403100775193,0.6821705426356589
5,0,1,0,0.20721895372873275,1.1323529411764706,0.17859598424437684,4,3,2,1,0,6,5,4,3,2,1,1,1,1,1,0,0,1,1,1,0,0,0,0,0,0,1,0,0,0,0,0,0,0,0,1,0,0,0,0,-0.5481952615678167,-0.4352341540575518,-0.537709117105579,-0.5922036340350596,-0.07914734672849043,0.8452472952086555,0.6487472984871527,-0.5128221515650213,0.3114384776391262,0.639429913560324,0.6764705882352942,0.8235294117647058,0.5112781954887218,1.2727272727272727,0.7441860465116279,0.9302325581395349,1.7054263565891472,0.46511627906976744,0.49612403100775193,0.49612403100775193
6,0,1,0,0.36457306408013984,1.5147058823529411,0.2914707885965816,5,4,3,2,1,0,6,5,4,3,0,1,1,1,1,1,0,0,1,1,1,0,0,0,0,0,0,1,0,0,0,0,0,0,0,0,1,0,0,0,0.20721895372873275,-0.5476536660967931,-0.43608420715600726,-0.537709117105579,-0.5955692941782588,-0.0823673364245234,0.8404706635715999,0.6474827040759262,-0.5128221515650213,0.3114384776391262,1.1470588235294117,0.6764705882352942,0.8421052631578947,0.5151515151515151,1.302325581395349,0.7441860465116279,0.9302325581395349,1.7054263565891472,0.46511627906976744,0.49612403100775193
0,1,0,0,-0.050946096358721514,0.6029411764705882,0.039633232951919464,6,5,4,3,2,1,0,6,5,4,0,0,1,1,1,1,1,0,0,1,1,1,0,0,0,0,0,0,1,0,0,0,0,0,0,0,0,1,0,0,0.36457306408013984,0.211417706552479,-0.5487232850396221,-0.43608420715600726,-0.5407650695517775,-0.5987892838742918,-0.08190186504442482,0.8388323453752375,0.6474827040759262,-0.5128221515650213,1.5294117647058822,1.1470588235294117,0.6917293233082706,0.8484848484848485,0.5271317829457365,1.302325581395349,0.7441860465116279,0.9302325581395349,1.7054263565891472,0.46511627906976744
1,1,0,0,1.2975035776753059,0.6911764705882353,1.2527941090099046,0,6,5,4,3,2,1,0,6,5,1,0,0,1,1,1,1,1,0,0,0,1,1,0,0,0,0,0,0,1,0,0,0,0,0,0,0,0,1,0,-0.050946096358721514,0.3695336092159713,0.2118306251500841,-0.5487232850396221,-0.43856259659969093,-0.5439850592478105,-0.5954054270391419,-0.08174221483694691,0.8388323453752375,0.6474827040759262,0.6176470588235294,1.5294117647058822,1.1729323308270676,0.696969696969697,0.8682170542635659,0.5271317829457365,1.302325581395349,0.7441860465116279,0.9302325581395349,1.7054263565891472
2,1,0,0,-0.5851486722849418,1.0735294117647058,-0.5544330814829828,1,0,6,5,4,3,2,1,0,6,1,1,0,0,1,1,1,1,1,0,0,0,1,1,0,0,0,0,0,0,0,0,0,0,0,0,0,0,0,1,1.2975035776753059,-0.047997187914423055,0.37025534299207546,0.2118306251500841,-0.551841834106131,-0.44178258629572387,-0.5409109101096613,-0.5942448112227778,-0.08174221483694691,0.8388323453752375,0.7058823529411765,0.6176470588235294,1.5639097744360901,1.1818181818181819,0.7131782945736435,0.8682170542635659,0.5271317829457365,1.302325581395349,0.7441860465116279,0.9302325581395349
3,1,0,0,-1.119414851327715,-0.4264705882352941,-1.1022687130682052,2,1,0,6,5,4,3,2,1,0,1,1,1,0,0,1,1,1,1,1,0,0,0,1,1,0,0,0,0,0,0,0,0,0,0,0,0,0,0,0,-0.5851486722849418,1.3069806828894177,-0.048090930921315875,0.37025534299207546,0.2130345182895416,-0.555061823802164,-0.43928600016008956,-0.5398565197245433,-0.5942448112227778,-0.08174221483694691,1.088235294117647,0.7058823529411765,0.631578947368421,1.5757575757575757,1.2093023255813953,0.7131782945736435,0.8682170542635659,0.5271317829457365,1.302325581395349,0.7441860465116279
4,1,0,0,-1.1499443472730162,-0.27941176470588236,-1.1242726057013073,3,2,1,0,6,5,4,3,2,1,1,1,1,1,0,0,1,1,1,1,0,0,0,0,1,1,0,0,0,0,0,0,0,0,0,0,0,0,0,0,-1.119414851327715,-0.584785977918737,1.3095333386696548,-0.048090930921315875,0.372359608449253,0.20981452859350863,-0.5519250780437044,-0.43842970584945745,-0.5398565197245433,-0.5942448112227778,-0.4117647058823529,1.088235294117647,0.7218045112781954,0.6363636363636364,1.6124031007751938,1.2093023255813953,0.7131782945736435,0.8682170542635659,0.5271317829457365,1.302325581395349
5,0,1,0,-0.7893146764191444,0.04411764705882353,-0.839836370541412,4,3,2,1,0,6,5,4,3,2,1,1,1,1,1,0,0,1,1,1,0,0,0,0,0,1,1,0,0,0,0,0,0,0,0,0,0,0,0,0,-1.1499443472730162,-1.121638678958889,-0.5859281197470583,1.3095333386696548,-0.0483642452344152,0.36913961875322,0.2086288321460018,-0.5508492178886988,-0.43842970584945745,-0.5398565197245433,-0.2647058823529412,-0.4117647058823529,1.112781954887218,0.7272727272727273,0.6511627906976745,1.6124031007751938,1.2093023255813953,0.7131782945736435,0.8682170542635659,0.5271317829457365
6,0,1,0,-0.5406264906980441,0.6029411764705882,-0.5023120516328806,5,4,3,2,1,0,6,5,4,3,0,1,1,1,1,1,0,0,1,1,1,0,0,0,0,0,1,1,0,0,0,0,0,0,0,0,0,0,0,0,-0.7893146764191444,-1.1523159761611834,-1.1238293444328822,-0.5859281197470583,1.316975785677486,-0.051584234930448176,0.36705354998799317,0.20822215476057332,-0.5508492178886988,-0.43842970584945745,0.058823529411764705,-0.2647058823529412,-0.42105263157894735,1.121212121212121,0.7441860465116279,0.6511627906976745,1.6124031007751938,1.2093023255813953,0.7131782945736435,0.8682170542635659
0,1,0,0,-0.7797742089362377,0.7794117647058824,-0.8470223527213538,6,5,4,3,2,1,0,6,5,4,0,0,1,1,1,1,1,0,0,1,1,1,0,0,0,0,0,1,1,0,0,0,0,0,0,0,0,0,0,0,-0.5406264906980441,-0.7899404029590807,-1.1545665572720722,-1.1238293444328822,-0.5892581143740341,1.3137557959814532,-0.05129272392539816,0.3663380574240656,0.20822215476057332,-0.5508492178886988,0.6176470588235294,0.058823529411764705,-0.2706766917293233,-0.42424242424242425,1.1472868217054264,0.7441860465116279,0.6511627906976745,1.6124031007751938,1.2093023255813953,0.7131782945736435
1,1,0,0,-0.7969470504054698,-0.5735294117647058,-0.8772578595863664,0,6,5,4,3,2,1,0,6,5,1,0,0,1,1,1,1,1,0,0,0,1,1,0,0,0,0,0,1,1,0,0,0,0,0,0,0,0,0,0,-0.7797742089362377,-0.5400482528320577,-0.7914832306091409,-1.1545665572720722,-1.1302163833075736,-0.5924781040700671,1.3063315456655726,-0.051192739706328726,0.3663380574240656,0.20822215476057332,0.7941176470588235,0.6176470588235294,0.06015037593984962,-0.2727272727272727,-0.43410852713178294,1.1472868217054264,0.7441860465116279,0.6511627906976745,1.6124031007751938,1.2093023255813953
2,0,0,1,0.5597074256638574,0.3382352941176471,0.39326526944594514,1,0,6,5,4,3,2,1,0,6,1,1,0,0,1,1,1,1,1,0,0,0,1,1,0,0,0,0,0,1,0,0,0,0,0,0,0,0,0,0,-0.7969470504054698,-0.7803537475833637,-0.5411030176899063,-0.7914832306091409,-1.1611282843894903,-1.1334363730036066,-0.5891299127511406,1.303785131097512,-0.051192739706328726,0.3663380574240656,-0.5588235294117647,0.7941176470588235,0.631578947368421,0.06060606060606061,-0.27906976744186046,-0.43410852713178294,1.1472868217054264,0.7441860465116279,0.6511627906976745,1.6124031007751938
3,1,0,0,-0.012720623310542216,-1.1323529411764706,-0.15125360038919297,2,1,0,6,5,4,3,2,1,0,0,1,1,0,0,1,1,1,1,1,0,0,0,1,1,0,0,0,0,0,1,0,0,0,0,0,0,0,0,0,0.5597074256638574,-0.7976097272596544,-0.7818778515968942,-0.5411030176899063,-0.795981452859351,-1.164348274085523,-1.1270311374369646,-0.5879815297106427,1.303785131097512,-0.051192739706328726,0.35294117647058826,-0.5588235294117647,0.8120300751879699,0.6363636363636364,0.06201550387596899,-0.27906976744186046,-0.43410852713178294,1.1472868217054264,0.7441860465116279,0.6511627906976745
4,1,0,0,-0.9317856574972172,-1.1029411764705883,-0.8925665318059898,3,2,1,0,6,5,4,3,2,1,1,0,1,1,0,0,1,1,1,1,0,0,0,0,1,1,0,0,0,0,0,1,0,0,0,0,0,0,0,0,-0.012720623310542216,0.565612667167303,-0.7991675338189385,-0.7818778515968942,-0.5441782586295725,-0.799201442555384,-1.1577683502761547,-1.1248342307507946,-0.5879815297106427,1.303785131097512,-1.1176470588235294,0.35294117647058826,-0.5714285714285714,0.8181818181818182,0.6511627906976745,0.06201550387596899,-0.27906976744186046,-0.43410852713178294,1.1472868217054264,0.7441860465116279
5,0,1,0,-1.1111464461758624,-1.5735294117647058,-1.1161621746574302,4,3,2,1,0,6,5,4,3,2,1,1,0,1,1,0,0,1,1,1,0,0,0,0,0,1,1,0,0,0,0,0,1,0,0,0,0,0,0,0,-0.9317856574972172,-0.009586655375717,0.5667173617225646,-0.7991675338189385,-0.786321483771252,-0.5473982483256055,-0.7946850236132232,-1.1555115279530892,-1.1248342307507946,-0.5879815297106427,-1.088235294117647,-1.1176470588235294,0.3609022556390977,-0.5757575757575758,0.8372093023255814,0.6511627906976745,0.06201550387596899,-0.27906976744186046,-0.43410852713178294,1.1472868217054264
6,0,1,0,-1.0456352361265702,-0.8382352941176471,-1.0114132758192163,5,4,3,2,1,0,6,5,4,3,0,1,1,0,1,1,0,0,1,1,1,0,0,0,0,0,1,1,0,0,0,0,0,1,0,0,0,0,0,0,-1.1111464461758624,-0.9331011232364547,-0.009605379012246857,0.5667173617225646,-0.8037094281298302,-0.789541473467285,-0.5443048106939885,-0.7931359547509864,-1.1555115279530892,-1.1248342307507946,-1.5588235294117647,-1.088235294117647,-1.1428571428571428,0.36363636363636365,-0.5891472868217055,0.8372093023255814,0.6511627906976745,0.06201550387596899,-0.27906976744186046,-0.43410852713178294
0,1,0,0,-0.8083956113849577,-1.4558823529411764,-0.8781591972287033,6,5,4,3,2,1,0,6,5,4,0,0,1,1,0,1,1,0,0,1,1,1,0,0,0,0,0,1,1,0,0,0,0,0,1,0,0,0,0,0,-1.0456352361265702,-1.1133302442999342,-0.9349235571920274,-0.009605379012246857,0.5699381761978363,-0.806929417825863,-0.7850796446009763,-0.5432438046239634,-0.7931359547509864,-1.1555115279530892,-0.8235294117647058,-1.5588235294117647,-1.112781954887218,-1.1515151515151516,0.37209302325581395,-0.5891472868217055,0.8372093023255814,0.6511627906976745,0.06201550387596899,-0.27906976744186046
1,1,0,0,-0.30529495945301316,-1.2205882352941178,-0.6635980323507865,0,6,5,4,3,2,1,0,6,5,1,0,0,1,1,0,1,1,0,0,0,1,1,0,0,0,0,0,1,1,0,0,0,0,0,1,0,0,0,0,-0.8083956113849577,-1.0475018773866775,-1.1155046826222683,-0.9349235571920274,-0.00965996908809892,0.5667181865018033,-0.8023693268230208,-0.7835492993752694,-0.5432438046239634,-0.7931359547509864,-1.4411764705882353,-0.8235294117647058,-1.593984962406015,-1.121212121212121,-1.178294573643411,0.37209302325581395,-0.5891472868217055,0.8372093023255814,0.6511627906976745,0.06201550387596899
2,0,0,1,-0.7377961520114484,-1.661764705882353,-0.9800210020714186,1,0,6,5,4,3,2,1,0,6,1,1,0,0,1,1,0,1,1,0,0,0,1,1,0,0,0,0,0,1,0,0,0,0,0,0,1,0,0,0,-0.30529495945301316,-0.8091137137105148,-1.0495477467381733,-1.1155046826222683,-0.9402369912416282,-0.012879958784131893,0.5635155687184823,-0.8008052790515601,-0.7835492993752694,-0.5432438046239634,-1.2058823529411764,-1.4411764705882353,-0.8421052631578947,-1.606060606060606,-1.1472868217054264,-1.178294573643411,0.37209302325581395,-0.5891472868217055,0.8372093023255814,0.6511627906976745
3,1,0,0,-1.0303704881539193,-0.7205882352941176,-1.0268736782328114,2,1,0,6,5,4,3,2,1,0,0,1,1,0,0,1,1,0,1,1,0,0,0,1,1,0,0,0,0,0,1,0,0,0,0,0,0,1,0,0,-0.7377961520114484,-0.30357742023103834,-0.8106939886336347,-1.0495477467381733,-1.1218444100978877,-0.9434569809376612,-0.012807172016329143,0.5624171153753973,-0.8008052790515601,-0.7835492993752694,-1.6470588235294117,-1.2058823529411764,-1.4736842105263157,-0.8484848484848485,-1.6434108527131783,-1.1472868217054264,-1.178294573643411,0.37209302325581395,-0.5891472868217055,0.8372093023255814
4,1,0,0,-0.4770233741453331,-1.338235294117647,-0.5651273471015589,3,2,1,0,6,5,4,3,2,1,1,0,1,1,0,0,1,1,0,1,0,0,0,0,1,1,0,0,0,0,0,1,0,0,0,0,0,0,1,0,-1.0303704881539193,-0.738172463930209,-0.3041703353878171,-0.8106939886336347,-1.0555126223596087,-1.1250643997939207,-0.9381253501961097,-0.012782207167622666,0.5624171153753973,-0.8008052790515601,-0.7058823529411765,-1.6470588235294117,-1.2330827067669172,-1.4848484848484849,-0.8682170542635659,-1.6434108527131783,-1.1472868217054264,-1.178294573643411,0.37209302325581395,-0.5891472868217055
5,0,1,0,0.41342025759262196,-0.27941176470588236,0.19917079951412173,4,3,2,1,0,6,5,4,3,2,1,1,0,1,1,0,0,1,1,0,0,0,0,0,0,1,1,0,0,0,0,0,1,0,0,0,0,0,0,1,-0.4770233741453331,-1.0321632287855302,-0.7396141839430079,-0.3041703353878171,-0.8153013910355488,-1.0587326120556417,-1.1187064756263505,-0.9362966750283603,-0.012782207167622666,0.5624171153753973,-1.3235294117647058,-0.7058823529411765,-1.6842105263157894,-1.2424242424242424,-1.5193798449612403,-0.8682170542635659,-1.6434108527131783,-1.1472868217054264,-1.178294573643411,0.37209302325581395
6,0,1,0,0.0,-0.22058823529411764,0.07058960896365715,5,4,3,2,1,0,6,5,4,3,0,1,1,0,1,1,0,0,1,1,1,0,0,0,0,0,1,1,0,0,0,0,0,1,0,0,0,0,0,0,0.41342025759262196,-0.47613721699394435,-1.0341791403185783,-0.7396141839430079,-0.30589902112313244,-0.8185213807315818,-1.0527495397422555,-1.1165257960918398,-0.9362966750283603,-0.012782207167622666,-0.2647058823529412,-1.3235294117647058,-0.7218045112781954,-1.696969696969697,-1.2713178294573644,-1.5193798449612403,-0.8682170542635659,-1.6434108527131783,-1.1472868217054264,-1.178294573643411
0,0,0,1,-0.6869136587692796,-0.6323529411764706,-0.5581740848747555,6,5,4,3,2,1,0,6,5,4,0,0,1,1,0,1,1,0,0,1,1,1,0,0,0,0,0,1,1,0,0,0,0,0,1,0,0,0,0,0,0.0,0.4186172847396423,-0.4770671576082606,-1.0341791403185783,-0.7438176197836168,-0.30911901081916543,-0.8138957816377169,-1.0506974291785833,-1.1165257960918398,-0.9362966750283603,-0.20588235294117646,-0.2647058823529412,-1.3533834586466165,-0.7272727272727273,-1.7364341085271318,-1.2713178294573644,-1.5193798449612403,-0.8682170542635659,-1.6434108527131783,-1.1472868217054264
1,1,0,0,-0.9095245667037684,-0.8088235294117647,-0.8658652331412305,0,6,5,4,3,2,1,0,6,5,0,0,0,1,1,0,1,1,0,0,0,1,1,0,0,0,0,0,1,1,1,0,0,0,0,1,0,0,0,0,-0.6869136587692796,0.0031955517919056665,0.4194348835347794,-0.4770671576082606,-1.0400566718186504,-0.7470376094796498,-0.3073721283918994,-0.8123092655024204,-1.0506974291785833,-1.1165257960918398,-0.6176470588235294,-0.20588235294117646,-0.2706766917293233,-1.3636363636363635,-0.7441860465116279,-1.7364341085271318,-1.2713178294573644,-1.5193798449612403,-0.8682170542635659,-1.6434108527131783
2,1,0,0,-0.9922086182222928,-0.8382352941176471,-0.9393681623127219,1,0,6,5,4,3,2,1,0,6,1,0,0,0,1,1,0,1,1,0,0,0,1,1,0,0,0,0,0,1,0,1,0,0,0,0,1,0,0,0,-0.9095245667037684,-0.6870436352597183,0.003201793004082286,0.4194348835347794,-0.479778464708913,-1.0432766615146833,-0.7428159769470902,-0.306772972022944,-0.8123092655024204,-1.0506974291785833,-0.7941176470588235,-0.6176470588235294,-0.21052631578947367,-0.2727272727272727,-1.3953488372093024,-0.7441860465116279,-1.7364341085271318,-1.2713178294573644,-1.5193798449612403,-0.8682170542635659
3,1,0,0,-0.9286055016695817,-0.8676470588235294,-0.8671572509121522,2,1,0,6,5,4,3,2,1,0,1,1,0,0,0,1,1,0,1,1,0,0,0,1,1,0,0,0,0,0,0,0,1,0,0,0,0,1,0,0,-0.9922086182222928,-0.910732260693115,-0.6883854958776914,0.003201793004082286,0.4218186501803195,-0.482998454404946,-1.0373809333226605,-0.7413680157221146,-0.306772972022944,-0.8123092655024204,-0.8235294117647058,-0.7941176470588235,-0.631578947368421,-0.21212121212121213,-0.27906976744186046,-1.3953488372093024,-0.7441860465116279,-1.7364341085271318,-1.2713178294573644,-1.5193798449612403
4,1,0,0,2.843059309906185,-0.4264705882352941,3.4550119723664148,3,2,1,0,6,5,4,3,2,1,1,1,1,0,0,0,1,1,0,1,0,0,0,0,1,1,0,0,0,0,0,0,0,1,0,0,0,0,1,0,-0.9286055016695817,-0.9938166072826623,-0.9125110061634514,-0.6883854958776914,0.0032199896960329734,0.4185986604842865,-0.4802689506123428,-1.035358780577436,-0.7413680157221146,-0.306772972022944,-0.8529411764705882,-0.8235294117647058,-0.8120300751879699,-0.6363636363636364,-0.21705426356589147,-0.27906976744186046,-1.3953488372093024,-0.7441860465116279,-1.7364341085271318,-1.2713178294573644
5,0,1,0,0.5533471140085864,0.39705882352941174,0.7212573147644381,4,3,2,1,0,6,5,4,3,2,1,1,1,1,0,0,0,1,1,0,0,0,0,0,0,1,1,0,0,0,0,0,0,0,1,0,0,0,0,1,2.843059309906185,-0.929905571444549,-0.9957576242695908,-0.9125110061634514,-0.6922977846470892,0.0,0.4162330905306971,-0.47933276878585,-1.035358780577436,-0.7413680157221146,-0.4117647058823529,-0.8529411764705882,-0.8421052631578947,-0.8181818181818182,-0.6511627906976745,-0.21705426356589147,-0.27906976744186046,-1.3953488372093024,-0.7441860465116279,-1.7364341085271318
6,0,1,0,-0.9222451900143106,-0.6911764705882353,-0.8311397183375133,5,4,3,2,1,0,6,5,4,3,0,1,1,1,1,0,0,0,1,1,1,0,0,0,0,0,1,1,0,0,0,0,0,0,0,1,0,0,0,0,0.5533471140085864,2.8600188537555717,-0.9317217641879452,-0.9957576242695908,-0.9176970633693974,-0.6955177743431222,0.0,0.41542173294773665,-0.47933276878585,-1.035358780577436,0.4117647058823529,-0.4117647058823529,-0.8721804511278195,-0.8484848484848485,-0.8372093023255814,-0.6511627906976745,-0.21705426356589147,-0.27906976744186046,-1.3953488372093024,-0.7441860465116279
0,1,0,0,-0.37525838766099534,-0.6323529411764706,-0.3923295664219272,6,5,4,3,2,1,0,6,5,4,0,0,1,1,1,1,0,0,0,1,1,1,0,0,0,0,0,1,1,0,0,0,0,0,0,0,1,0,0,0,-0.9222451900143106,0.5592215635834916,2.8656047386536456,-0.9317217641879452,-1.0014167954662547,-0.9209170530654304,-0.6915872888817737,0.0,0.41542173294773665,-0.47933276878585,-0.6764705882352942,0.4117647058823529,-0.42105263157894735,-0.8787878787878788,-0.8682170542635659,-0.8372093023255814,-0.6511627906976745,-0.21705426356589147,-0.27906976744186046,-1.3953488372093024
1,1,0,0,-0.45158212752424864,-0.6029411764705882,-0.45364464215815403,0,6,5,4,3,2,1,0,6,5,1,0,0,1,1,1,1,0,0,0,0,1,1,0,0,0,0,0,1,1,0,0,0,0,0,0,0,1,0,0,-0.37525838766099534,-0.9235144678607377,0.5603137757144,2.8656047386536456,-0.9370170015455952,-1.0046367851622877,-0.9157127991675337,-0.690239187051624,0.0,0.41542173294773665,-0.6176470588235294,-0.6764705882352942,0.42105263157894735,-0.42424242424242425,-0.8992248062015504,-0.8682170542635659,-0.8372093023255814,-0.6511627906976745,-0.21705426356589147,-0.27906976744186046
2,1,0,0,-0.4961043091111464,-0.25,-0.5298158121049645,1,0,6,5,4,3,2,1,0,6,1,1,0,0,1,1,1,1,0,0,0,0,1,1,0,0,0,0,0,1,0,0,0,0,0,0,0,0,1,0,-0.45158212752424864,-0.373879559652963,-0.9253181781797806,0.5603137757144,2.881890777949511,-0.9402369912416282,-0.9989594172736731,-0.9139278124850206,-0.690239187051624,0.0,-0.5882352941176471,-0.6176470588235294,-0.6917293233082706,0.42424242424242425,-0.43410852713178294,-0.8992248062015504,-0.8682170542635659,-0.8372093023255814,-0.6511627906976745,-0.21705426356589147
3,1,0,0,-0.6105899189060263,-0.9558823529411765,-0.5823261153136411,2,1,0,6,5,4,3,2,1,0,1,1,1,0,0,1,1,1,1,0,0,0,0,1,1,0,0,0,0,0,0,0,0,0,0,0,0,0,0,1,-0.4961043091111464,-0.450572802658699,-0.3746097814776274,-0.9253181781797806,0.5634981968057703,2.878670788253478,-0.9349235571920274,-0.997012159074568,-0.9139278124850206,-0.690239187051624,-0.23529411764705882,-0.5882352941176471,-0.631578947368421,-0.696969696969697,0.43410852713178294,-0.43410852713178294,-0.8992248062015504,-0.8682170542635659,-0.8372093023255814,-0.6511627906976745
4,1,0,0,-0.7823183335983462,-0.8676470588235294,-0.7714402174745856,3,2,1,0,6,5,4,3,2,1,1,1,1,1,0,0,1,1,1,1,0,0,0,0,1,1,0,0,0,0,0,0,0,0,0,0,0,0,0,0,-0.6105899189060263,-0.4953105277453783,-0.4514528135756023,-0.3746097814776274,-0.9305770221535292,0.5602782071097373,2.8624029456495634,-0.9331011232364547,-0.997012159074568,-0.9139278124850206,-0.9411764705882353,-0.23529411764705882,-0.6015037593984962,-0.6363636363636364,-0.7131782945736435,0.43410852713178294,-0.43410852713178294,-0.8992248062015504,-0.8682170542635659,-0.8372093023255814
5,0,1,0,0.14628716807123546,-0.07352941176470588,0.11705582530649625,4,3,2,1,0,6,5,4,3,2,1,1,1,1,1,0,0,1,1,1,0,0,0,0,0,1,1,0,0,0,0,0,0,0,0,0,0,0,0,0,-0.7823183335983462,-0.6103503922539824,-0.49627791563275425,-0.4514528135756023,-0.3767387944358579,-0.9337970118495622,0.5571119827103177,2.856823301963666,-0.9331011232364547,-0.997012159074568,-0.8529411764705882,-0.9411764705882353,-0.24060150375939848,-0.6060606060606061,-0.6511627906976745,-0.7131782945736435,0.43410852713178294,-0.43410852713178294,-0.8992248062015504,-0.8682170542635659
6,0,1,0,0.5469868023533152,-0.27941176470588236,0.6182915973978975,5,4,3,2,1,0,6,5,4,3,0,1,1,1,1,1,0,0,1,1,1,0,0,0,0,0,1,1,0,0,0,0,0,0,0,0,0,0,0,0,0.14628716807123546,-0.7829101890168884,-0.6115424637797165,-0.49627791563275425,-0.4540185471406492,-0.3799587841318908,-0.9285199711838629,0.5560260117915861,2.856823301963666,-0.9331011232364547,-0.058823529411764705,-0.8529411764705882,-0.9624060150375939,-0.24242424242424243,-0.6201550387596899,-0.6511627906976745,-0.7131782945736435,0.43410852713178294,-0.43410852713178294,-0.8992248062015504
0,1,0,0,-0.6169502305612974,-0.6029411764705882,-0.5769546654798887,6,5,4,3,2,1,0,6,5,4,0,0,1,1,1,1,1,0,0,1,1,1,0,0,0,0,0,1,1,0,0,0,0,0,0,0,0,0,0,0,0.5469868023533152,0.15019093421956634,-0.78443928600016,-0.6115424637797165,-0.49909840288511087,-0.4572385368366822,-0.3778115744817097,-0.9267100196526433,0.5560260117915861,2.856823301963666,-0.2647058823529412,-0.058823529411764705,-0.8721804511278195,-0.9696969696969697,-0.24806201550387597,-0.6201550387596899,-0.6511627906976745,-0.7131782945736435,0.43410852713178294,-0.43410852713178294
1,1,0,0,-1.004929241532835,-0.8970588235294118,-0.9410514631136614,0,6,5,4,3,2,1,0,6,5,1,0,0,1,1,1,1,1,0,0,0,1,1,0,0,0,0,0,1,1,0,0,0,0,0,0,0,0,0,0,-0.6169502305612974,0.5528304599996804,0.1504842711918674,-0.78443928600016,-0.6150180319422979,-0.5023183925811439,-0.45465460657968454,-0.37707511144486866,-0.9267100196526433,0.5560260117915861,-0.5882352941176471,-0.2647058823529412,-0.06015037593984962,-0.8787878787878788,-0.9922480620155039,-0.24806201550387597,-0.6201550387596899,-0.6511627906976745,-0.7131782945736435,0.43410852713178294
2,1,0,0,-0.7187152170456351,-1.0735294117647058,-0.654632285140625,1,0,6,5,4,3,2,1,0,6,1,1,0,0,1,1,1,1,1,0,0,0,1,1,0,0,0,0,0,1,0,0,0,0,0,0,0,0,0,0,-1.004929241532835,-0.6167414958377937,0.5539101897062354,0.1504842711918674,-0.7888974755280784,-0.6182380216383309,-0.49947970863683655,-0.45376835445060465,-0.37707511144486866,-0.9267100196526433,-0.8823529411764706,-0.5882352941176471,-0.2706766917293233,-0.06060606060606061,-0.8992248062015504,-0.9922480620155039,-0.24806201550387597,-0.6201550387596899,-0.6511627906976745,-0.7131782945736435
3,1,0,0,-0.6487517888376529,-0.7794117647058824,-0.4603625718589426,2,1,0,6,5,4,3,2,1,0,1,1,1,0,0,1,1,1,1,1,0,0,0,1,1,0,0,0,0,0,0,0,0,0,0,0,0,0,0,0,-0.7187152170456351,-1.006598814450285,-0.6179460497878811,0.5539101897062354,0.15133951571354975,-0.7921174652241114,-0.6147442567837988,-0.498506079537284,-0.45376835445060465,-0.37707511144486866,-1.0588235294117647,-0.8823529411764706,-0.6015037593984962,-0.2727272727272727,-0.06201550387596899,-0.8992248062015504,-0.9922480620155039,-0.24806201550387597,-0.6201550387596899,-0.6511627906976745
4,1,0,0,-0.6296708538718396,-0.6911764705882353,-0.5673474311450138,3,2,1,0,6,5,4,3,2,1,1,1,1,1,0,0,1,1,1,1,0,0,0,0,1,1,0,0,0,0,0,0,0,0,0,0,0,0,0,0,-0.6487517888376529,-0.718999153178775,-1.0085647962859199,-0.6179460497878811,0.5570582174137044,0.14811952601751677,-0.7876410790042423,-0.613545944045888,-0.498506079537284,-0.45376835445060465,-0.7647058823529411,-1.0588235294117647,-0.9022556390977443,-0.6060606060606061,-0.27906976744186046,-0.06201550387596899,-0.8992248062015504,-0.9922480620155039,-0.24806201550387597,-0.6201550387596899
5,0,1,0,0.10176498648433772,0.8676470588235294,0.3629134026043634,4,3,2,1,0,6,5,4,3,2,1,1,1,1,1,0,0,1,1,1,0,0,0,0,0,1,1,0,0,0,0,0,0,0,0,0,0,0,0,0,-0.6296708538718396,-0.6486970137568503,-0.7204034259185143,-1.0085647962859199,-0.6214580113343638,0.5538382277176714,0.14728247818778514,-0.786105740808794,-0.613545944045888,-0.498506079537284,-0.6764705882352942,-0.7647058823529411,-1.0827067669172932,-0.9090909090909091,-0.6201550387596899,-0.27906976744186046,-0.06201550387596899,-0.8992248062015504,-0.9922480620155039,-0.24806201550387597
6,0,1,0,-0.09540467482906662,-0.10294117647058823,0.21597768179475316,5,4,3,2,1,0,6,5,4,3,0,1,1,1,1,1,0,0,1,1,1,0,0,0,0,0,1,1,0,0,0,0,0,0,0,0,0,0,0,0,0.10176498648433772,-0.6295237030054164,-0.649963979828704,-0.7204034259185143,-1.0142967542503867,-0.6246780010303968,0.5507083967021531,0.14699538242766066,-0.786105740808794,-0.613545944045888,0.8823529411764706,-0.6764705882352942,-0.7819548872180451,-1.0909090909090908,-0.9302325581395349,-0.6201550387596899,-0.27906976744186046,-0.06201550387596899,-0.8992248062015504,-0.9922480620155039
0,1,0,0,-0.7314358403561774,-0.5441176470588235,-0.6012262713696529,6,5,4,3,2,1,0,6,5,4,0,0,1,1,1,1,1,0,0,1,1,1,0,0,0,0,0,1,1,0,0,0,0,0,0,0,0,0,0,0,-0.09540467482906662,0.105453209132887,-0.6307532218042102,-0.649963979828704,-0.724497681607419,-1.0175167439464194,-0.6211478427919634,0.5496349082077747,0.14699538242766066,-0.786105740808794,-0.08823529411764706,0.8823529411764706,-0.6917293233082706,-0.7878787878787878,-1.1162790697674418,-0.9302325581395349,-0.6201550387596899,-0.27906976744186046,-0.06201550387596899,-0.8992248062015504
1,1,0,0,-0.8968039433932261,-0.7205882352941176,-0.8490828688522079,0,6,5,4,3,2,1,0,6,5,1,0,0,1,1,1,1,1,0,0,0,1,1,0,0,0,0,0,1,1,0,0,0,0,0,0,0,0,0,0,-0.7314358403561774,-0.09267100196526433,0.10565916913471543,-0.6307532218042102,-0.6536579082946936,-0.727717671303452,-1.0117665892900023,-0.6199370476296994,0.5496349082077747,0.14699538242766066,-0.5294117647058824,-0.08823529411764706,0.9022556390977443,-0.696969696969697,-0.8062015503875969,-1.1162790697674418,-0.9302325581395349,-0.6201550387596899,-0.27906976744186046,-0.06201550387596899
2,1,0,0,-0.6996342820798218,-0.3382352941176471,-0.5937935015364691,1,0,6,5,4,3,2,1,0,6,1,1,0,0,1,1,1,1,1,0,0,0,1,1,0,0,0,0,0,1,0,0,0,0,0,0,0,0,0,0,-0.8968039433932261,-0.7317813603463976,-0.09285199711838628,0.10565916913471543,-0.6343379701184957,-0.6568778979907266,-0.7236052189225965,-1.0097943662421907,-0.6199370476296994,0.5496349082077747,-0.7058823529411765,-0.5294117647058824,-0.09022556390977443,0.9090909090909091,-0.7131782945736435,-0.8062015503875969,-1.1162790697674418,-0.9302325581395349,-0.6201550387596899,-0.27906976744186046
3,1,0,0,-0.6042296072507553,-0.8088235294117647,-0.6644195860368229,2,1,0,6,5,4,3,2,1,0,1,1,1,0,0,1,1,1,1,1,0,0,0,1,1,0,0,0,0,0,0,0,0,0,0,0,0,0,0,0,-0.6996342820798218,-0.8979500535254924,-0.7332105979348434,-0.09285199711838628,0.10625965996908812,-0.6375579598145287,-0.6531657728327863,-0.7221947049706807,-1.0097943662421907,-0.6199370476296994,-0.3235294117647059,-0.7058823529411765,-0.5413533834586466,-0.09090909090909091,0.9302325581395349,-0.7131782945736435,-0.8062015503875969,-1.1162790697674418,-0.9302325581395349,-0.6201550387596899
4,1,0,0,-0.5787883606296708,-0.014705882352941176,-0.8286919385195283,3,2,1,0,6,5,4,3,2,1,1,1,1,1,0,0,1,1,1,1,0,0,0,0,1,1,0,0,0,0,0,0,0,0,0,0,0,0,0,0,-0.6042296072507553,-0.699825842427341,-0.8997038341471223,-0.7332105979348434,-0.09337970118495623,0.10303967027305515,-0.6339550148082925,-0.651892565548756,-0.7221947049706807,-1.0097943662421907,-0.7941176470588235,-0.3235294117647059,-0.7218045112781954,-0.5454545454545454,-0.09302325581395349,0.9302325581395349,-0.7131782945736435,-0.8062015503875969,-1.1162790697674418,-0.9302325581395349
5,0,1,0,0.15900779138177767,0.6617647058823529,0.04380611473686543,4,3,2,1,0,6,5,4,3,2,1,1,1,1,1,0,0,1,1,1,0,0,0,0,0,1,1,0,0,0,0,0,0,0,0,0,0,0,0,0,-0.5787883606296708,-0.603959288670171,-0.7011926678940206,-0.8997038341471223,-0.7373776403915508,-0.0965996908809892,0.10245737613063315,-0.632719254797322,-0.651892565548756,-0.7221947049706807,0.0,-0.7941176470588235,-0.3308270676691729,-0.7272727272727273,-0.5581395348837209,-0.09302325581395349,0.9302325581395349,-0.7131782945736435,-0.8062015503875969,-1.1162790697674418
6,0,1,0,-0.5787883606296708,-0.45588235294117646,-0.5028908370085619,5,4,3,2,1,0,6,5,4,3,0,1,1,1,1,1,0,0,1,1,1,0,0,0,0,0,1,1,0,0,0,0,0,0,0,0,0,0,0,0,0.15900779138177767,-0.5783948743349256,-0.605138877771552,-0.7011926678940206,-0.9048171045852655,-0.7405976300875838,-0.09605379012246856,0.10225765734098133,-0.632719254797322,-0.651892565548756,0.6764705882352942,0.0,-0.8120300751879699,-0.3333333333333333,-0.7441860465116279,-0.5581395348837209,-0.09302325581395349,0.9302325581395349,-0.7131782945736435,-0.8062015503875969
0,1,0,0,-0.5151852440769596,-1.1911764705882353,-0.619357125197155,6,5,4,3,2,1,0,6,5,4,0,0,1,1,1,1,1,0,0,1,1,1,0,0,0,0,0,1,1,0,0,0,0,0,0,0,0,0,0,0,-0.5787883606296708,0.162973141387189,-0.5795245337388937,-0.605138877771552,-0.7051777434312212,-0.9080370942812984,-0.7364123909389257,-0.09586655375717,0.10225765734098133,-0.632719254797322,-0.4411764705882353,0.6764705882352942,0.0,-0.8181818181818182,-0.34108527131782945,-0.7441860465116279,-0.5581395348837209,-0.09302325581395349,0.9302325581395349,-0.7131782945736435
1,1,0,0,-0.8013992685641596,0.19117647058823528,-0.8178981941645069,0,6,5,4,3,2,1,0,6,5,1,0,0,1,1,1,1,1,0,0,0,1,1,0,0,0,0,0,1,1,0,0,0,0,0,0,0,0,0,0,-0.5151852440769596,-0.5783948743349256,0.16329144320819658,-0.5795245337388937,-0.6085780525502319,-0.7083977331272541,-0.9029056271512046,-0.7349769121383033,-0.09586655375717,0.10225765734098133,-1.1764705882352942,-0.4411764705882353,0.6917293233082706,0.0,-0.8372093023255814,-0.34108527131782945,-0.7441860465116279,-0.5581395348837209,-0.09302325581395349,0.9302325581395349
2,1,0,0,-0.37525838766099534,-0.014705882352941176,-0.5501247478427559,1,0,6,5,4,3,2,1,0,6,1,1,0,0,1,1,1,1,1,0,0,0,1,1,0,0,0,0,0,1,0,0,0,0,0,0,0,0,0,0,-0.8013992685641596,-0.5144838384968123,-0.5795245337388937,0.16329144320819658,-0.5828181349819681,-0.6117980422462649,-0.7043944608981029,-0.901145605317398,-0.7349769121383033,-0.09586655375717,0.20588235294117646,-1.1764705882352942,-0.45112781954887216,0.696969696969697,0.0,-0.8372093023255814,-0.34108527131782945,-0.7441860465116279,-0.5581395348837209,-0.09302325581395349
3,1,0,0,-0.17808872634759101,-0.4264705882352941,-0.30004464987529234,2,1,0,6,5,4,3,2,1,0,1,1,1,0,0,1,1,1,1,1,0,0,0,1,1,0,0,0,0,0,0,0,0,0,0,0,0,0,0,0,-0.37525838766099534,-0.8020834997683224,-0.5154886736572479,-0.5795245337388937,0.16421947449768165,-0.5860381246780011,-0.6083406707756343,-0.7030213942192467,-0.901145605317398,-0.7349769121383033,0.0,0.20588235294117646,-1.2030075187969924,-0.45454545454545453,0.7131782945736435,0.0,-0.8372093023255814,-0.34108527131782945,-0.7441860465116279,-0.5581395348837209
4,1,0,0,0.012720623310542216,-0.6617647058823529,-0.05040949316538375,3,2,1,0,6,5,4,3,2,1,1,1,1,1,0,0,1,1,1,1,0,0,0,0,1,1,0,0,0,0,0,0,0,0,0,0,0,0,0,0,-0.17808872634759101,-0.373879559652963,-0.8036500440246537,-0.5154886736572479,-0.5828181349819681,0.16099948480164866,-0.582726326742976,-0.6071548404620767,-0.7030213942192467,-0.901145605317398,-0.4117647058823529,0.0,0.21052631578947367,-1.2121212121212122,-0.46511627906976744,0.7131782945736435,0.0,-0.8372093023255814,-0.34108527131782945,-0.7441860465116279
5,0,1,0,-0.8395611384957862,-1.5735294117647058,-0.8713357597771395,4,3,2,1,0,6,5,4,3,2,1,1,1,1,1,0,0,1,1,1,0,0,0,0,0,1,1,0,0,0,0,0,0,0,0,0,0,0,0,0,0.012720623310542216,-0.17575534855481167,-0.3746097814776274,-0.8036500440246537,-0.5184183410613087,-0.5860381246780011,0.16008965020411428,-0.5815904261268313,-0.6071548404620767,-0.7030213942192467,-0.6470588235294118,-0.4117647058823529,0.0,0.21212121212121213,-1.2403100775193798,-0.46511627906976744,0.7131782945736435,0.0,-0.8372093023255814,-0.34108527131782945
6,0,1,0,0.6360311655271107,-0.4852941176470588,0.6735035019278527,5,4,3,2,1,0,6,5,4,3,0,1,1,1,1,1,0,0,1,1,1,0,0,0,0,0,1,1,0,0,0,0,0,0,0,0,0,0,0,0,-0.8395611384957862,0.015977758959528333,-0.17609861522452572,-0.3746097814776274,-0.8082174137042762,-0.5216383307573417,-0.582726326742976,0.15977758959528335,-0.5815904261268313,-0.6071548404620767,-1.5588235294117647,-0.6470588235294118,-0.42105263157894735,0.0,0.21705426356589147,-1.2403100775193798,-0.46511627906976744,0.7131782945736435,0.0,-0.8372093023255814
0,1,0,0,0.19716966131340433,-1.161764705882353,-0.014453255569766723,6,5,4,3,2,1,0,6,5,4,0,0,1,1,1,1,1,0,0,1,1,1,0,0,0,0,0,1,1,0,0,0,0,0,0,0,0,0,0,0,0.6360311655271107,-0.8404301212711903,0.01600896502041143,-0.17609861522452572,-0.3767387944358579,-0.8114374034003092,-0.5186904666613302,-0.5815904261268313,0.15977758959528335,-0.5815904261268313,-0.47058823529411764,-1.5588235294117647,-0.6616541353383458,-0.42424242424242425,0.0,0.21705426356589147,-1.2403100775193798,-0.46511627906976744,0.7131782945736435,0.0
1,1,0,0,-0.4961043091111464,-0.36764705882352944,-0.5132573252147297,0,6,5,4,3,2,1,0,6,5,1,0,0,1,1,1,1,1,0,0,0,1,1,0,0,0,0,0,1,1,0,0,0,0,0,0,0,0,0,0,0.19716966131340433,0.6423059101730391,-0.8420715600736411,0.01600896502041143,-0.17709943328181352,-0.3799587841318908,-0.806851837028736,-0.517679390288718,-0.5815904261268313,0.15977758959528335,-1.1470588235294117,-0.47058823529411764,-1.593984962406015,-0.6666666666666666,-0.43410852713178294,0.0,0.21705426356589147,-1.2403100775193798,-0.46511627906976744,0.7131782945736435
2,1,0,0,1.303863889330577,-0.10294117647058823,1.4427227310068338,1,0,6,5,4,3,2,1,0,6,1,1,0,0,1,1,1,1,1,0,0,0,1,1,0,0,0,0,0,1,0,0,0,0,0,0,0,0,0,0,-0.4961043091111464,0.201319762890057,0.6435603938205394,-0.8420715600736411,0.016099948480164866,-0.1803194229778465,-0.3778115744817097,-0.805279051560228,-0.517679390288718,-0.5815904261268313,-0.35294117647058826,-1.1470588235294117,-0.48120300751879697,-1.606060606060606,-0.6821705426356589,-0.43410852713178294,0.0,0.21705426356589147,-1.2403100775193798,-0.46511627906976744
3,1,0,0,-0.6741930354587374,-1.7794117647058822,-0.831931930820477,2,1,0,6,5,4,3,2,1,0,1,1,1,0,0,1,1,1,1,1,0,0,0,1,1,0,0,0,0,0,0,0,0,0,0,0,0,0,0,0,1.303863889330577,-0.4953105277453783,0.201712959257184,0.6435603938205394,-0.846857290056672,0.012879958784131893,-0.179300408228608,-0.37707511144486866,-0.805279051560228,-0.517679390288718,-0.08823529411764706,-0.35294117647058826,-1.1729323308270676,-0.48484848484848486,-1.6434108527131783,-0.6821705426356589,-0.43410852713178294,0.0,0.21705426356589147,-1.2403100775193798
4,1,0,0,-0.8586420734615995,-1.0147058823529411,-0.8100351536753048,3,2,1,0,6,5,4,3,2,1,1,1,1,1,0,0,1,1,1,1,0,0,0,0,1,1,0,0,0,0,0,0,0,0,0,0,0,0,0,0,-0.6741930354587374,1.313371786473229,-0.49627791563275425,0.201712959257184,0.6472179289026276,-0.850077279752705,0.012807172016329143,-0.17895090034671735,-0.37707511144486866,-0.805279051560228,-1.7647058823529411,-0.08823529411764706,-0.3609022556390977,-1.1818181818181819,-0.49612403100775193,-1.6434108527131783,-0.6821705426356589,-0.43410852713178294,0.0,0.21705426356589147
5,0,1,0,0.6423914771823819,-0.3088235294117647,0.43417032297078073,4,3,2,1,0,6,5,4,3,2,1,1,1,1,1,0,0,1,1,1,0,0,0,0,0,1,1,0,0,0,0,0,0,0,0,0,0,0,0,0,-0.8586420734615995,-0.6742614280920957,1.3159369246778194,-0.49627791563275425,0.2028593508500773,0.6439979392065946,-0.8452733530777234,0.012782207167622666,-0.17895090034671735,-0.37707511144486866,-1.0,-1.7647058823529411,-0.09022556390977443,-0.36363636363636365,-1.2093023255813953,-0.49612403100775193,-1.6434108527131783,-0.6821705426356589,-0.43410852713178294,0.0
6,0,1,0,-0.4961043091111464,-0.27941176470588236,-0.49818197584967777,5,4,3,2,1,0,6,5,4,3,0,1,1,1,1,1,0,0,1,1,1,0,0,0,0,0,1,1,0,0,0,0,0,0,0,0,0,0,0,0,0.6423914771823819,-0.8596034320226243,-0.6755783238613623,1.3159369246778194,-0.49909840288511087,0.19963936115404435,0.6403586008164571,-0.843625673063096,0.012782207167622666,-0.17895090034671735,-0.29411764705882354,-1.0,-1.8045112781954886,-0.09090909090909091,-0.37209302325581395,-1.2093023255813953,-0.49612403100775193,-1.6434108527131783,-0.6821705426356589,-0.43410852713178294
0,1,0,0,-0.38797901097153753,-0.7205882352941176,-0.4511882207529626,6,5,4,3,2,1,0,6,5,4,0,0,1,1,1,1,1,0,0,1,1,1,0,0,0,0,0,1,1,0,0,0,0,0,0,0,0,0,0,0,-0.4961043091111464,0.6486970137568503,-0.8612823180981348,-0.6755783238613623,1.323415765069552,-0.5023183925811439,0.1985111662531017,0.6391103583811334,-0.843625673063096,0.012782207167622666,-0.2647058823529412,-0.29411764705882354,-1.0225563909774436,-1.8181818181818181,-0.09302325581395349,-0.37209302325581395,-1.2093023255813953,-0.49612403100775193,-1.6434108527131783,-0.6821705426356589
1,1,0,0,-0.4579424391795197,-0.8676470588235294,-0.5141596676927882,0,6,5,4,3,2,1,0,6,5,1,0,0,1,1,1,1,1,0,0,0,1,1,0,0,0,0,0,1,1,0,0,0,0,0,0,0,0,0,0,-0.38797901097153753,-0.4953105277453783,0.649963979828704,-0.8612823180981348,-0.6794178258629574,1.320195775373519,-0.49947970863683655,0.19812421109815134,0.6391103583811334,-0.843625673063096,-0.7058823529411765,-0.2647058823529412,-0.3007518796992481,-1.0303030303030303,-1.8604651162790697,-0.09302325581395349,-0.37209302325581395,-1.2093023255813953,-0.49612403100775193,-1.6434108527131783
2,1,0,0,-0.4452218158689775,-1.1323529411764706,-0.41910361519293526,1,0,6,5,4,3,2,1,0,6,1,1,0,0,1,1,1,1,1,0,0,0,1,1,0,0,0,0,0,1,0,0,0,0,0,0,0,0,0,0,-0.4579424391795197,-0.3866617668205857,-0.49627791563275425,0.649963979828704,-0.8661772282328698,-0.6826378155589903,1.312735131673737,-0.498506079537284,0.19812421109815134,0.6391103583811334,-0.8529411764705882,-0.7058823529411765,-0.2706766917293233,-0.30303030303030304,-1.054263565891473,-1.8604651162790697,-0.09302325581395349,-0.37209302325581395,-1.2093023255813953,-0.49612403100775193
3,1,0,0,-0.5660677373191285,0.45588235294117646,-0.45561874241694444,2,1,0,6,5,4,3,2,1,0,1,1,1,0,0,1,1,1,1,1,0,0,0,1,1,0,0,0,0,0,0,0,0,0,0,0,0,0,0,0,-0.4452218158689775,-0.4569639062425103,-0.38741695349395655,-0.49627791563275425,0.6536579082946936,-0.8693972179289028,-0.6787801168654446,1.3101762346813233,-0.498506079537284,0.19812421109815134,-1.1176470588235294,-0.8529411764705882,-0.7218045112781954,-0.2727272727272727,-0.31007751937984496,-1.054263565891473,-1.8604651162790697,-0.09302325581395349,-0.37209302325581395,-1.2093023255813953
4,1,0,0,-0.11448560979487993,-0.8382352941176471,-0.17571733086894023,3,2,1,0,6,5,4,3,2,1,1,1,1,1,0,0,1,1,1,1,0,0,0,0,1,1,0,0,0,0,0,0,0,0,0,0,0,0,0,0,-0.5660677373191285,-0.4441816990748877,-0.45785639958376684,-0.38741695349395655,-0.49909840288511087,0.6504379185986606,-0.8644841111022171,-0.6774569798840013,1.3101762346813233,-0.498506079537284,0.47058823529411764,-1.1176470588235294,-0.8721804511278195,-0.7272727272727273,-0.27906976744186046,-0.31007751937984496,-1.054263565891473,-1.8604651162790697,-0.09302325581395349,-0.37209302325581395
5,0,1,0,0.2480521545555732,-0.04411764705882353,0.12484772342660436,4,3,2,1,0,6,5,4,3,2,1,1,1,1,1,0,0,1,1,1,0,0,0,0,0,1,1,0,0,0,0,0,0,0,0,0,0,0,0,0,-0.11448560979487993,-0.565612667167303,-0.4450492275674377,-0.45785639958376684,-0.3896187532199898,-0.5023183925811439,0.6467621868246217,-0.86279898381453,-0.6774569798840013,1.3101762346813233,-0.8235294117647058,0.47058823529411764,-1.1428571428571428,-0.8787878787878788,-0.7441860465116279,-0.27906976744186046,-0.31007751937984496,-1.054263565891473,-1.8604651162790697,-0.09302325581395349
6,0,1,0,0.09540467482906662,-0.27941176470588236,0.24031399910499282,5,4,3,2,1,0,6,5,4,3,0,1,1,1,1,1,0,0,1,1,1,0,0,0,0,0,1,1,0,0,0,0,0,0,0,0,0,0,0,0,0.2480521545555732,-0.11184431271669834,-0.5667173617225646,-0.4450492275674377,-0.4604585265327152,-0.3928387429160227,-0.49947970863683655,0.6455014619649446,-0.86279898381453,-0.6774569798840013,-0.029411764705882353,-0.8235294117647058,0.48120300751879697,-1.1515151515151516,-0.8992248062015504,-0.7441860465116279,-0.27906976744186046,-0.31007751937984496,-1.054263565891473,-1.8604651162790697
0,1,0,0,-0.8013992685641596,-1.1911764705882353,-0.8733126735759505,6,5,4,3,2,1,0,6,5,4,0,0,1,1,1,1,1,0,0,1,1,1,0,0,0,0,0,1,1,0,0,0,0,0,0,0,0,0,0,0,0.09540467482906662,0.25244859156054766,-0.11206275514288,-0.5667173617225646,-0.4475785677485833,-0.46367851622874817,-0.39061874649803885,-0.498506079537284,0.6455014619649446,-0.86279898381453,-0.2647058823529412,-0.029411764705882353,-0.8421052631578947,0.48484848484848486,-1.178294573643411,-0.8992248062015504,-0.7441860465116279,-0.27906976744186046,-0.31007751937984496,-1.054263565891473
1,1,0,0,0.044522181586897754,0.25,0.05351001426816483,0,6,5,4,3,2,1,0,6,5,1,0,0,1,1,1,1,1,0,0,0,1,1,0,0,0,0,0,1,1,0,0,0,0,0,0,0,0,0,0,-0.8013992685641596,0.09906210554907567,0.2529416473225006,-0.11206275514288,-0.5699381761978363,-0.4507985574446163,-0.46105819258784914,-0.38985731861249134,-0.498506079537284,0.6455014619649446,-1.1764705882352942,-0.2647058823529412,-0.03007518796992481,-0.8484848484848485,0.49612403100775193,-1.178294573643411,-0.8992248062015504,-0.7441860465116279,-0.27906976744186046,-0.31007751937984496
2,1,0,0,0.6042296072507553,-0.45588235294117646,0.40113152540945674,1,0,6,5,4,3,2,1,0,6,1,1,0,0,1,1,1,1,1,0,0,0,1,1,0,0,0,0,0,1,0,0,0,0,0,0,0,0,0,0,0.044522181586897754,-0.8020834997683224,0.09925558312655085,0.2529416473225006,-0.11269963936115407,-0.5731581658938693,-0.44825102057152,-0.460159458034416,-0.38985731861249134,-0.498506079537284,0.2647058823529412,-1.1764705882352942,-0.2706766917293233,-0.030303030303030304,-0.8682170542635659,0.49612403100775193,-1.178294573643411,-0.8992248062015504,-0.7441860465116279,-0.27906976744186046
3,1,0,0,0.5024646207664175,-0.19117647058823528,0.3667605166483443,2,1,0,6,5,4,3,2,1,0,1,1,1,0,0,1,1,1,1,1,0,0,0,1,1,0,0,0,0,0,0,0,0,0,0,0,0,0,0,0,0.6042296072507553,0.047933276878585,-0.8036500440246537,0.09925558312655085,0.25437918598660486,-0.11591962905718704,-0.5699191547266469,-0.44737725086679336,-0.460159458034416,-0.38985731861249134,-0.4411764705882353,0.2647058823529412,-1.2030075187969924,-0.2727272727272727,-0.031007751937984496,-0.8682170542635659,0.49612403100775193,-1.178294573643411,-0.8992248062015504,-0.7441860465116279
4,1,0,0,1.3165845126411193,0.39705882352941174,1.0651486747397514,3,2,1,0,6,5,4,3,2,1,1,1,1,1,0,0,1,1,1,1,0,0,0,0,1,1,0,0,0,0,0,0,0,0,0,0,0,0,0,0,0.5024646207664175,0.6103503922539824,0.04802689506123428,-0.8036500440246537,0.09981968057702217,0.25115919629057193,-0.11526454814696228,-0.5688082189592086,-0.44737725086679336,-0.460159458034416,-0.17647058823529413,-0.4411764705882353,0.2706766917293233,-1.2121212121212122,-0.27906976744186046,-0.031007751937984496,-0.8682170542635659,0.49612403100775193,-1.178294573643411,-0.8992248062015504
5,0,1,0,0.31801558276355535,-0.25,0.09483910846754463,4,3,2,1,0,6,5,4,3,2,1,1,1,1,1,0,0,1,1,1,0,0,0,0,0,1,1,0,0,0,0,0,0,0,0,0,0,0,0,0,1.3165845126411193,0.508092734913001,0.6115424637797165,0.04802689506123428,-0.8082174137042762,0.0965996908809892,0.24973985431841828,-0.115039864508604,-0.5688082189592086,-0.44737725086679336,0.4117647058823529,-0.17647058823529413,-0.45112781954887216,0.2727272727272727,-1.2403100775193798,-0.27906976744186046,-0.031007751937984496,-0.8682170542635659,0.49612403100775193,-1.178294573643411
6,0,1,0,0.38797901097153753,0.25,0.5336842286662449,5,4,3,2,1,0,6,5,4,3,0,1,1,1,1,1,0,0,1,1,1,0,0,0,0,0,1,1,0,0,0,0,0,0,0,0,0,0,0,0,0.31801558276355535,1.3261539936408517,0.5090850876490834,0.6115424637797165,0.0482998454404946,-0.8114374034003092,0.09605379012246856,0.249253039768642,-0.115039864508604,-0.5688082189592086,-0.23529411764705882,0.4117647058823529,-0.18045112781954886,-0.45454545454545453,0.27906976744186046,-1.2403100775193798,-0.27906976744186046,-0.031007751937984496,-0.8682170542635659,0.49612403100775193
0,1,0,0,0.8013992685641596,0.36764705882352944,0.5086045338891146,6,5,4,3,2,1,0,6,5,4,0,0,1,1,1,1,1,0,0,1,1,1,0,0,0,0,0,1,1,0,0,0,0,0,0,0,0,0,0,0,0.38797901097153753,0.3227507309824723,1.3287440966941486,0.5090850876490834,0.6150180319422979,0.045079855744461626,-0.806851837028736,0.09586655375717,0.249253039768642,-0.115039864508604,0.2647058823529412,-0.23529411764705882,0.42105263157894735,-0.18181818181818182,-0.46511627906976744,0.27906976744186046,-1.2403100775193798,-0.27906976744186046,-0.031007751937984496,-0.8682170542635659
1,1,0,0,0.47066306249006196,-0.5441176470588235,-0.018170343871363744,0,6,5,4,3,2,1,0,6,5,1,0,0,1,1,1,1,1,0,0,0,1,1,0,0,0,0,0,1,1,0,0,0,0,0,0,0,0,0,0,0.8013992685641596,0.393052870404397,0.32338109341231086,1.3287440966941486,0.5119783616692427,0.6117980422462649,0.044825102057152,-0.805279051560228,0.09586655375717,0.249253039768642,0.38235294117647056,0.2647058823529412,-0.24060150375939848,0.42424242424242425,-0.18604651162790697,-0.46511627906976744,0.27906976744186046,-1.2403100775193798,-0.27906976744186046,-0.031007751937984496
2,1,0,0,0.10176498648433772,0.45588235294117646,-0.010245606468851021,1,0,6,5,4,3,2,1,0,6,1,1,0,0,1,1,1,1,1,0,0,0,1,1,0,0,0,0,0,1,0,0,0,0,0,0,0,0,0,0,0.47066306249006196,0.8084746033521337,0.39382053950212115,0.32338109341231086,1.336295723853684,0.5087583719732097,0.6083406707756343,0.044737725086679336,-0.805279051560228,0.09586655375717,-0.5294117647058824,0.38235294117647056,0.2706766917293233,-0.24242424242424243,0.43410852713178294,-0.18604651162790697,-0.46511627906976744,0.27906976744186046,-1.2403100775193798,-0.27906976744186046
3,1,0,0,-0.2734934011766576,-0.8970588235294118,-0.25641347703756945,2,1,0,6,5,4,3,2,1,0,1,1,1,0,0,1,1,1,1,1,0,0,0,1,1,0,0,0,0,0,0,0,0,0,0,0,0,0,0,0,0.10176498648433772,0.47613721699394435,0.8100536300328183,0.39382053950212115,0.3252189592993303,1.333075734157651,0.5058832946450011,0.6071548404620767,0.044737725086679336,-0.805279051560228,0.47058823529411764,-0.5294117647058824,0.39097744360902253,0.2727272727272727,-0.24806201550387597,0.43410852713178294,-0.18604651162790697,-0.46511627906976744,0.27906976744186046,-1.2403100775193798
4,1,0,0,0.4006996342820798,0.36764705882352944,0.2292260388506669,3,2,1,0,6,5,4,3,2,1,1,1,1,1,0,0,1,1,1,1,0,0,0,0,1,1,0,0,0,0,0,0,0,0,0,0,0,0,0,0,-0.2734934011766576,0.105453209132887,0.4770671576082606,0.8100536300328183,0.3960587326120557,0.3219989696032973,1.3255423036900662,0.5048971831210953,0.6071548404620767,0.044737725086679336,-0.8823529411764706,0.47058823529411764,-0.5413533834586466,0.3939393939393939,0.27906976744186046,-0.24806201550387597,0.43410852713178294,-0.18604651162790697,-0.46511627906976744,0.27906976744186046
5,0,1,0,0.6741930354587374,0.04411764705882353,0.8774274758561841,4,3,2,1,0,6,5,4,3,2,1,1,1,1,1,0,0,1,1,1,0,0,0,0,0,1,1,0,0,0,0,0,0,0,0,0,0,0,0,0,0.4006996342820798,-0.2716219023119817,0.10565916913471543,0.4770671576082606,0.8146573930963422,0.3928387429160227,0.32017930040822856,1.322958441848946,0.5048971831210953,0.6071548404620767,0.38235294117647056,-0.8823529411764706,0.48120300751879697,-0.5454545454545454,0.40310077519379844,0.27906976744186046,-0.24806201550387597,0.43410852713178294,-0.18604651162790697,-0.46511627906976744
6,0,1,0,-0.6169502305612974,0.04411764705882353,-0.5766244764617483,5,4,3,2,1,0,6,5,4,3,0,1,1,1,1,1,0,0,1,1,1,0,0,0,0,0,1,1,0,0,0,0,0,0,0,0,0,0,0,0,0.6741930354587374,0.4058350775720197,-0.27215240534699425,0.10565916913471543,0.479778464708913,0.8114374034003092,0.39061874649803885,0.3195551791905667,1.322958441848946,0.5048971831210953,0.058823529411764705,0.38235294117647056,-0.9022556390977443,0.48484848484848486,-0.5581395348837209,0.40310077519379844,0.27906976744186046,-0.24806201550387597,0.43410852713178294,-0.18604651162790697
0,1,0,0,-0.28621402448719985,-0.36764705882352944,-0.1680032070336893,6,5,4,3,2,1,0,6,5,4,0,0,1,1,1,1,1,0,0,1,1,1,0,0,0,0,0,1,1,0,0,0,0,0,0,0,0,0,0,0,-0.6169502305612974,0.680652531675907,0.4066277115184503,-0.27215240534699425,0.10625965996908812,0.47655847501288007,0.806851837028736,0.38985731861249134,0.3195551791905667,1.322958441848946,0.058823529411764705,0.058823529411764705,0.39097744360902253,-0.9090909090909091,0.49612403100775193,-0.5581395348837209,0.40310077519379844,0.27906976744186046,-0.24806201550387597,0.43410852713178294
1,1,0,0,0.38161869931626646,-0.39705882352941174,-0.0732676971290487,0,6,5,4,3,2,1,0,6,5,1,0,0,1,1,1,1,1,0,0,0,1,1,0,0,0,0,0,1,1,0,0,0,0,0,0,0,0,0,0,-0.28621402448719985,-0.6167414958377937,0.6819819098695268,0.4066277115184503,-0.27369912416280273,0.10303967027305515,0.4738653646041783,0.805279051560228,0.38985731861249134,0.3195551791905667,-0.35294117647058826,0.058823529411764705,0.06015037593984962,0.3939393939393939,-0.9302325581395349,0.49612403100775193,-0.5581395348837209,0.40310077519379844,0.27906976744186046,-0.24806201550387597
2,1,0,0,-0.6233105422165686,-0.36764705882352944,-0.6337849584231635,1,0,6,5,4,3,2,1,0,6,1,1,0,0,1,1,1,1,1,0,0,0,1,1,0,0,0,0,0,1,0,0,0,0,0,0,0,0,0,0,0.38161869931626646,-0.2844041094796043,-0.6179460497878811,0.6819819098695268,0.4089386913961876,-0.2769191138588357,0.10245737613063315,0.4729416652020387,0.805279051560228,0.38985731861249134,-0.38235294117647056,-0.35294117647058826,0.06015037593984962,0.06060606060606061,0.40310077519379844,-0.9302325581395349,0.49612403100775193,-0.5581395348837209,0.40310077519379844,0.27906976744186046
3,1,0,0,-0.9222451900143106,-1.0441176470588236,-0.9692385118764799,2,1,0,6,5,4,3,2,1,0,1,1,1,0,0,1,1,1,1,1,0,0,0,1,1,0,0,0,0,0,0,0,0,0,0,0,0,0,0,0,-0.6233105422165686,0.3866617668205857,-0.28495957736332345,-0.6179460497878811,0.6858578052550233,0.4057187017001546,-0.27535419835107655,0.10225765734098133,0.4729416652020387,0.805279051560228,-0.35294117647058826,-0.38235294117647056,-0.3609022556390977,0.06060606060606061,0.06201550387596899,0.40310077519379844,-0.9302325581395349,0.49612403100775193,-0.5581395348837209,0.40310077519379844
4,1,0,0,-0.13992685641596436,-0.45588235294117646,-0.1841519219166277,3,2,1,0,6,5,4,3,2,1,1,1,1,1,0,0,1,1,1,1,0,0,0,0,1,1,0,0,0,0,0,0,0,0,0,0,0,0,0,0,-0.9222451900143106,-0.623132599421605,0.38741695349395655,-0.28495957736332345,-0.6214580113343638,0.6826378155589903,0.403425918514368,-0.27481745410388736,0.10225765734098133,0.4729416652020387,-1.0294117647058822,-0.35294117647058826,-0.39097744360902253,-0.36363636363636365,0.06201550387596899,0.06201550387596899,0.40310077519379844,-0.9302325581395349,0.49612403100775193,-0.5581395348837209
5,0,1,0,0.2544124662108443,0.6617647058823529,0.26048647815178155,4,3,2,1,0,6,5,4,3,2,1,1,1,1,1,0,0,1,1,1,0,0,0,0,0,1,1,0,0,0,0,0,0,0,0,0,0,0,0,0,-0.13992685641596436,-0.9235144678607377,-0.6243496357960457,0.38741695349395655,-0.2865790829469346,-0.6246780010303968,0.6787801168654446,0.402639525780114,-0.27481745410388736,0.10225765734098133,-0.4411764705882353,-1.0294117647058822,-0.3609022556390977,-0.3939393939393939,-0.37209302325581395,0.06201550387596899,0.06201550387596899,0.40310077519379844,-0.9302325581395349,0.49612403100775193
6,0,1,0,-0.47066306249006196,-0.6911764705882353,-0.45595596528513643,5,4,3,2,1,0,6,5,4,3,0,1,1,1,1,1,0,0,1,1,1,0,0,0,0,0,1,1,0,0,0,0,0,0,0,0,0,0,0,0,0.2544124662108443,-0.13740872705194368,-0.9253181781797806,-0.6243496357960457,0.3896187532199898,-0.2897990726429676,-0.6211478427919634,0.6774569798840013,0.402639525780114,-0.27481745410388736,0.6764705882352942,-0.4411764705882353,-1.0526315789473684,-0.36363636363636365,-0.40310077519379844,-0.37209302325581395,0.06201550387596899,0.06201550387596899,0.40310077519379844,-0.9302325581395349
0,1,0,0,1.125775162982986,-1.0441176470588236,0.9691657617702312,6,5,4,3,2,1,0,6,5,4,0,0,1,1,1,1,1,0,0,1,1,1,0,0,0,0,0,1,1,0,0,0,0,0,0,0,0,0,0,0,-0.47066306249006196,0.258839695144359,-0.13767709917553828,-0.9253181781797806,-0.6278979907264298,0.3863987635239568,-0.2881613703674057,-0.6199370476296994,0.6774569798840013,0.402639525780114,-0.6764705882352942,0.6764705882352942,-0.45112781954887216,-1.0606060606060606,-0.37209302325581395,-0.40310077519379844,-0.37209302325581395,0.06201550387596899,0.06201550387596899,0.40310077519379844
1,1,0,0,1.2020989028462392,-0.6911764705882353,1.3392726828224488,0,6,5,4,3,2,1,0,6,5,1,0,0,1,1,1,1,1,0,0,0,1,1,0,0,0,0,0,1,1,0,0,0,0,0,0,0,0,0,0,1.125775162982986,-0.469746113410133,0.2593452333306651,-0.13767709917553828,-0.9305770221535292,-0.6311179804224628,0.38421516048987425,-0.28759966127151,-0.6199370476296994,0.6774569798840013,-1.0294117647058822,-0.6764705882352942,0.6917293233082706,-0.45454545454545453,-1.0852713178294573,-0.37209302325581395,-0.40310077519379844,-0.37209302325581395,0.06201550387596899,0.06201550387596899
2,1,0,0,0.17808872634759101,-0.3088235294117647,0.03485945940541559,1,0,6,5,4,3,2,1,0,6,1,1,0,0,1,1,1,1,1,0,0,0,1,1,0,0,0,0,0,1,0,0,0,0,0,0,0,0,0,0,1.2020989028462392,1.1344208861265117,-0.470663571600096,0.2593452333306651,-0.13845955692941786,-0.9337970118495622,-0.6275514288001279,0.38346621502868,-0.28759966127151,-0.6199370476296994,-0.6764705882352942,-1.0294117647058822,-0.6917293233082706,0.696969696969697,-0.46511627906976744,-1.0852713178294573,-0.37209302325581395,-0.40310077519379844,-0.37209302325581395,0.06201550387596899
3,1,0,0,0.2925743361424709,0.19117647058823528,0.2936952939172119,2,1,0,6,5,4,3,2,1,0,1,1,1,0,0,1,1,1,1,1,0,0,0,1,1,0,0,0,0,0,0,0,0,0,0,0,0,0,0,0,0.17808872634759101,1.2111141291322476,1.1366365164492114,-0.470663571600096,0.26081916537867084,-0.14167954662545082,-0.9285199711838629,-0.6263281512135107,0.38346621502868,-0.28759966127151,-0.29411764705882354,-0.6764705882352942,-1.0526315789473684,-0.696969696969697,0.7131782945736435,-0.46511627906976744,-1.0852713178294573,-0.37209302325581395,-0.40310077519379844,-0.37209302325581395
4,1,0,0,0.655112100492924,-0.19117647058823528,0.9987760598492214,3,2,1,0,6,5,4,3,2,1,1,1,1,1,0,0,1,1,1,1,0,0,0,0,1,1,0,0,0,0,0,0,0,0,0,0,0,0,0,0,0.2925743361424709,0.182146452138623,1.2134795485471863,1.1366365164492114,-0.4733384853168471,0.25759917568263785,-0.14087889217962057,-0.9267100196526433,-0.6263281512135107,0.38346621502868,0.20588235294117646,-0.29411764705882354,-0.6917293233082706,-1.0606060606060606,-0.7131782945736435,0.7131782945736435,-0.46511627906976744,-1.0852713178294573,-0.37209302325581395,-0.40310077519379844
5,0,1,0,0.8268405151852439,0.1323529411764706,0.7763303509976587,4,3,2,1,0,6,5,4,3,2,1,1,1,1,1,0,0,1,1,1,0,0,0,0,0,1,1,0,0,0,0,0,0,0,0,0,0,0,0,0,0.655112100492924,0.297186316647227,0.1825022012326903,1.2134795485471863,1.1430963420917055,-0.47655847501288007,0.25614344032658287,-0.14060427884384932,-0.9267100196526433,-0.6263281512135107,-0.17647058823529413,0.20588235294117646,-0.3007518796992481,-0.696969696969697,-1.0852713178294573,-0.7131782945736435,0.7131782945736435,-0.46511627906976744,-1.0852713178294573,-0.37209302325581395
6,0,1,0,-0.5724280489743997,-0.3088235294117647,-0.5303511885774697,5,4,3,2,1,0,6,5,4,3,0,1,1,1,1,1,0,0,1,1,1,0,0,0,0,0,1,1,0,0,0,0,0,0,0,0,0,0,0,0,0.8268405151852439,0.661479220924473,0.2977667493796526,0.1825022012326903,1.2203760947964968,1.1398763523956725,-0.4738653646041783,0.25564414335245333,-0.14060427884384932,-0.9267100196526433,0.14705882352941177,-0.17647058823529413,0.21052631578947367,-0.30303030303030304,-0.7131782945736435,-1.0852713178294573,-0.7131782945736435,0.7131782945736435,-0.46511627906976744,-1.0852713178294573
0,0,0,1,0.10812529813960882,0.5441176470588235,0.5171225263017006,6,5,4,3,2,1,0,6,5,4,0,0,1,1,1,1,1,0,0,1,1,1,0,0,0,0,0,1,1,0,0,0,0,0,0,0,0,0,0,0,-0.5724280489743997,0.834039017687379,0.6627711518450331,0.2977667493796526,0.18353941267387947,1.2171561051004638,1.1334347234451292,-0.4729416652020387,0.25564414335245333,-0.14060427884384932,-0.29411764705882354,0.14705882352941177,-0.18045112781954886,0.21212121212121213,-0.31007751937984496,-0.7131782945736435,-1.0852713178294573,-0.7131782945736435,0.7131782945736435,-0.46511627906976744
1,1,0,0,-0.6805533471140085,-0.3088235294117647,-0.5981711688414912,0,6,5,4,3,2,1,0,6,5,0,0,0,1,1,1,1,1,0,0,0,1,1,0,0,0,0,0,1,1,1,0,0,0,0,0,0,0,0,0,0.10812529813960882,-0.5720037707511143,0.8356679740654765,0.6627711518450331,0.2994590417310665,0.1803194229778465,1.210277755543104,1.131225334334606,-0.4729416652020387,0.25564414335245333,0.5588235294117647,-0.29411764705882354,0.15037593984962405,-0.18181818181818182,0.21705426356589147,-0.31007751937984496,-0.7131782945736435,-1.0852713178294573,-0.7131782945736435,0.7131782945736435
2,1,0,0,-0.26713308952138654,-0.4852941176470588,-0.25678184981313323,1,0,6,5,4,3,2,1,0,6,1,0,0,0,1,1,1,1,1,0,0,0,1,1,0,0,0,0,0,1,0,1,0,0,0,0,0,0,0,0,-0.6805533471140085,0.11184431271669834,-0.5731209477307291,0.8356679740654765,0.6665378670788255,0.29623905203503353,0.179300408228608,1.207918577340342,1.131225334334606,-0.4729416652020387,-0.29411764705882354,0.5588235294117647,-0.3007518796992481,0.15151515151515152,-0.18604651162790697,0.21705426356589147,-0.31007751937984496,-0.7131782945736435,-1.0852713178294573,-0.7131782945736435
3,1,0,0,0.3434568293846398,-0.36764705882352944,0.5969368286409934,2,1,0,6,5,4,3,2,1,0,1,1,0,0,0,1,1,1,1,1,0,0,0,1,1,0,0,0,0,0,0,0,1,0,0,0,0,0,0,0,-0.26713308952138654,-0.680652531675907,0.11206275514288,-0.5731209477307291,0.840417310664606,0.6633178773827925,0.2945649563755703,0.17895090034671735,1.207918577340342,1.131225334334606,-0.47058823529411764,-0.29411764705882354,0.5714285714285714,-0.30303030303030304,0.15503875968992248,-0.18604651162790697,0.21705426356589147,-0.31007751937984496,-0.7131782945736435,-1.0852713178294573
4,1,0,0,-0.08904436317379551,-1.0147058823529411,-0.33441867314356977,3,2,1,0,6,5,4,3,2,1,1,1,1,0,0,0,1,1,1,1,0,0,0,0,1,1,0,0,0,0,0,0,0,1,0,0,0,0,0,0,0.3434568293846398,-0.26523079872817035,-0.6819819098695268,0.11206275514288,-0.5763781555899022,0.837197320968573,0.6595693588409508,0.29399076485532133,0.17895090034671735,1.207918577340342,-0.35294117647058826,-0.47058823529411764,-0.3007518796992481,0.5757575757575758,-0.31007751937984496,0.15503875968992248,-0.18604651162790697,0.21705426356589147,-0.31007751937984496,-0.7131782945736435
5,0,1,0,0.22897121958975986,0.9264705882352942,0.27334696861913116,4,3,2,1,0,6,5,4,3,2,1,1,1,1,0,0,0,1,1,1,0,0,0,0,0,1,1,0,0,0,0,0,0,0,1,0,0,0,0,0,-0.08904436317379551,0.3483151453177177,-0.2657488193388297,-0.6819819098695268,0.11269963936115407,-0.5795981452859352,0.8324661810613943,0.6582836691325673,0.29399076485532133,0.17895090034671735,-1.0,-0.35294117647058826,-0.48120300751879697,-0.30303030303030304,0.5891472868217055,-0.31007751937984496,0.15503875968992248,-0.18604651162790697,0.21705426356589147,-0.31007751937984496
6,0,1,0,-0.22897121958975986,0.014705882352941176,-0.09021405060784773,5,4,3,2,1,0,6,5,4,3,0,1,1,1,1,0,0,0,1,1,1,0,0,0,0,0,1,1,0,0,0,0,0,0,0,1,0,0,0,0,0.22897121958975986,-0.086279898381453,0.34899543744496914,-0.2657488193388297,-0.6858578052550233,0.1094796496651211,-0.5763227407348114,0.8308434658954733,0.6582836691325673,0.29399076485532133,0.9411764705882353,-1.0,-0.3609022556390977,-0.48484848484848486,-0.31007751937984496,0.5891472868217055,-0.31007751937984496,0.15503875968992248,-0.18604651162790697,0.21705426356589147
0,1,0,0,0.22897121958975986,-0.25,0.18917770826212607,6,5,4,3,2,1,0,6,5,4,0,0,1,1,1,1,0,0,0,1,1,1,0,0,0,0,0,1,1,0,0,0,0,0,0,0,1,0,0,0,-0.22897121958975986,0.23327528080911367,-0.08644841111022171,0.34899543744496914,-0.26725914477073676,-0.6890777949510563,0.10886096213879771,-0.57519932254302,0.8308434658954733,0.6582836691325673,0.029411764705882353,0.9411764705882353,-1.0225563909774436,-0.36363636363636365,-0.49612403100775193,-0.31007751937984496,0.5891472868217055,-0.31007751937984496,0.15503875968992248,-0.18604651162790697
1,1,0,0,0.057242804897439964,-0.4264705882352941,-0.06817197421732216,0,6,5,4,3,2,1,0,6,5,1,0,0,1,1,1,1,0,0,0,0,1,1,0,0,0,0,0,1,1,0,0,0,0,0,0,0,1,0,0,0.22897121958975986,-0.22688417722530232,0.23373088929800684,-0.08644841111022171,0.3509788768675941,-0.27047913446676974,-0.6851837028736091,0.10864876092479267,-0.57519932254302,0.8308434658954733,-0.23529411764705882,0.029411764705882353,0.9624060150375939,-1.0303030303030303,-0.37209302325581395,-0.49612403100775193,-0.31007751937984496,0.5891472868217055,-0.31007751937984496,0.15503875968992248
2,1,0,0,-0.5342661790427731,-0.8382352941176471,-0.6115175978638399,1,0,6,5,4,3,2,1,0,6,1,1,0,0,1,1,1,1,0,0,0,0,1,1,0,0,0,0,0,1,0,0,0,0,0,0,0,0,1,0,0.057242804897439964,0.23327528080911367,-0.22732730328984227,0.23373088929800684,-0.08693972179289028,0.3477588871715611,-0.268950612342912,-0.6838480834678127,0.10864876092479267,-0.57519932254302,-0.4117647058823529,-0.23529411764705882,0.03007518796992481,0.9696969696969697,-1.054263565891473,-0.37209302325581395,-0.49612403100775193,-0.31007751937984496,0.5891472868217055,-0.31007751937984496
3,1,0,0,0.044522181586897754,-0.9852941176470589,-0.32892604012178406,2,1,0,6,5,4,3,2,1,0,1,1,1,0,0,1,1,1,1,0,0,0,0,1,1,0,0,0,0,0,0,0,0,0,0,0,0,0,0,1,-0.5342661790427731,0.06071548404620767,0.23373088929800684,-0.22732730328984227,0.23505924781040705,-0.09015971148892325,0.34579364444088684,-0.268426350520076,-0.6838480834678127,0.10864876092479267,-0.8235294117647058,-0.4117647058823529,-0.24060150375939848,0.030303030303030304,0.9922480620155039,-1.054263565891473,-0.37209302325581395,-0.49612403100775193,-0.31007751937984496,0.5891472868217055
4,1,0,0,0.0,-0.014705882352941176,-0.04299199683516941,3,2,1,0,6,5,4,3,2,1,1,1,1,1,0,0,1,1,1,1,0,0,0,0,1,1,0,0,0,0,0,0,0,0,0,0,0,0,0,0,0.044522181586897754,-0.5336571492482464,0.060834067077563427,0.23373088929800684,-0.2286192684183411,0.23183925811437409,-0.089650204114304,0.345119593525812,-0.268426350520076,-0.6838480834678127,-0.9705882352941176,-0.8235294117647058,-0.42105263157894735,-0.24242424242424243,0.031007751937984496,0.9922480620155039,-1.054263565891473,-0.37209302325581395,-0.49612403100775193,-0.31007751937984496
5,0,1,0,-0.2925743361424709,-0.04411764705882353,-0.3994170747011455,4,3,2,1,0,6,5,4,3,2,1,1,1,1,1,0,0,1,1,1,0,0,0,0,0,1,1,0,0,0,0,0,0,0,0,0,0,0,0,0,0.0,0.047933276878585,-0.5346994316817417,0.060834067077563427,0.23505924781040705,-0.23183925811437409,0.23052909629392457,-0.08947545017335867,0.345119593525812,-0.268426350520076,0.0,-0.9705882352941176,-0.8421052631578947,-0.42424242424242425,-0.24806201550387597,0.031007751937984496,0.9922480620155039,-1.054263565891473,-0.37209302325581395,-0.49612403100775193
6,0,1,0,-0.4261408809031642,0.22058823529411764,-0.4356868210419232,5,4,3,2,1,0,6,5,4,3,0,1,1,1,1,1,0,0,1,1,1,0,0,0,0,0,1,1,0,0,0,0,0,0,0,0,0,0,0,0,-0.2925743361424709,0.0031955517919056665,0.04802689506123428,-0.5346994316817417,0.061179804224626495,0.23183925811437409,-0.23052909629392457,0.230079729017208,-0.08947545017335867,0.345119593525812,-0.029411764705882353,0.0,-0.9924812030075187,-0.8484848484848485,-0.43410852713178294,-0.24806201550387597,0.031007751937984496,0.9922480620155039,-1.054263565891473,-0.37209302325581395
0,1,0,0,0.9985689298775638,-0.16176470588235295,1.0541831034763247,6,5,4,3,2,1,0,6,5,4,0,0,1,1,1,1,1,0,0,1,1,1,0,0,0,0,0,1,1,0,0,0,0,0,0,0,0,0,0,0,-0.4261408809031642,-0.29079521306341566,0.003201793004082286,0.04802689506123428,-0.5377382792375065,0.05795981452859352,0.23052909629392457,-0.230079729017208,0.230079729017208,-0.08947545017335867,0.23529411764705882,-0.029411764705882353,0.0,-1.0,-0.8682170542635659,-0.43410852713178294,-0.24806201550387597,0.031007751937984496,0.9922480620155039,-1.054263565891473
1,1,0,0,0.0826840515185244,-0.22058823529411764,0.06893765903723374,0,6,5,4,3,2,1,0,6,5,1,0,0,1,1,1,1,1,0,0,0,1,1,0,0,0,0,0,1,1,0,0,0,0,0,0,0,0,0,0,0.9985689298775638,-0.42500838832345367,-0.291363163371488,0.003201793004082286,0.0482998454404946,-0.5409582689335395,0.05763227407348114,0.230079729017208,-0.230079729017208,0.230079729017208,-0.14705882352941177,0.23529411764705882,-0.03007518796992481,0.0,-1.0232558139534884,-0.8682170542635659,-0.43410852713178294,-0.24806201550387597,0.031007751937984496,0.9922480620155039
2,1,0,0,-0.29893464779774204,-0.36764705882352944,-0.2604458827886261,1,0,6,5,4,3,2,1,0,6,1,1,0,0,1,1,1,1,1,0,0,0,1,1,0,0,0,0,0,1,0,0,0,0,0,0,0,0,0,0,0.0826840515185244,1.006598814450285,-0.42583846954294396,-0.291363163371488,0.0032199896960329734,0.045079855744461626,-0.537901224685824,0.057519932254302,0.230079729017208,-0.230079729017208,-0.20588235294117646,-0.14705882352941177,0.24060150375939848,-0.030303030303030304,0.0,-1.0232558139534884,-0.8682170542635659,-0.43410852713178294,-0.24806201550387597,0.031007751937984496
3,1,0,0,0.06360311655271107,-0.6323529411764706,-0.2019097807242464,2,1,0,6,5,4,3,2,1,0,1,1,1,0,0,1,1,1,1,1,0,0,0,1,1,0,0,0,0,0,0,0,0,0,0,0,0,0,0,0,-0.29893464779774204,0.086279898381453,1.0085647962859199,-0.42583846954294396,-0.29301906233900055,0.0,0.044825102057152,-0.536852701040152,0.057519932254302,0.230079729017208,-0.35294117647058826,-0.20588235294117646,-0.15037593984962405,0.24242424242424243,-0.031007751937984496,0.0,-1.0232558139534884,-0.8682170542635659,-0.43410852713178294,-0.24806201550387597
4,1,0,0,-0.4961043091111464,-0.22058823529411764,-0.521343238266998,3,2,1,0,6,5,4,3,2,1,1,1,1,1,0,0,1,1,1,1,0,0,0,0,1,1,0,0,0,0,0,0,0,0,0,0,0,0,0,0,0.06360311655271107,-0.297186316647227,0.08644841111022171,1.0085647962859199,-0.4282586295723854,-0.29623905203503353,0.0,0.044737725086679336,-0.536852701040152,0.057519932254302,-0.6176470588235294,-0.35294117647058826,-0.21052631578947367,-0.15151515151515152,0.24806201550387597,-0.031007751937984496,0.0,-1.0232558139534884,-0.8682170542635659,-0.43410852713178294
5,0,1,0,0.9858483065670216,0.07352941176470588,1.0160751106663262,4,3,2,1,0,6,5,4,3,2,1,1,1,1,1,0,0,1,1,1,0,0,0,0,0,1,1,0,0,0,0,0,0,0,0,0,0,0,0,0,-0.4961043091111464,0.067106587630019,-0.2977667493796526,0.08644841111022171,1.0142967542503867,-0.4314786192684184,-0.2945649563755703,0.0,0.044737725086679336,-0.536852701040152,-0.20588235294117646,-0.6176470588235294,-0.3609022556390977,-0.21212121212121213,-0.15503875968992248,0.24806201550387597,-0.031007751937984496,0.0,-1.0232558139534884,-0.8682170542635659
6,0,1,0,0.10812529813960882,0.5441176470588235,0.2847205031855553,5,4,3,2,1,0,6,5,4,3,0,1,1,1,1,1,0,0,1,1,1,0,0,0,0,0,1,1,0,0,0,0,0,0,0,0,0,0,0,0,0.9858483065670216,-0.4953105277453783,0.067237653085728,-0.2977667493796526,0.08693972179289028,1.0110767645543537,-0.42904026254702626,-0.29399076485532133,0.0,0.044737725086679336,0.08823529411764706,-0.20588235294117646,-0.631578947368421,-0.36363636363636365,-0.21705426356589147,-0.15503875968992248,0.24806201550387597,-0.031007751937984496,0.0,-1.0232558139534884
0,1,0,0,-0.006360311655271108,-0.014705882352941176,0.03409799489553502,6,5,4,3,2,1,0,6,5,4,0,0,1,1,1,1,1,0,0,1,1,1,0,0,0,0,0,1,1,0,0,0,0,0,0,0,0,0,0,0,0.10812529813960882,0.9938166072826623,-0.49627791563275425,0.067237653085728,-0.2994590417310665,0.0837197320968573,1.0053630032818377,-0.42820394011535934,-0.29399076485532133,0.0,0.5588235294117647,0.08823529411764706,-0.21052631578947367,-0.6363636363636364,-0.37209302325581395,-0.21705426356589147,-0.15503875968992248,0.24806201550387597,-0.031007751937984496,0.0
1,1,0,0,-0.06996342820798218,0.5147058823529411,0.21115145582357817,0,6,5,4,3,2,1,0,6,5,1,0,0,1,1,1,1,1,0,0,0,1,1,0,0,0,0,0,1,1,0,0,0,0,0,0,0,0,0,0,-0.006360311655271108,0.11184431271669834,0.9957576242695908,-0.49627791563275425,0.06761978361669244,-0.3026790314270995,0.08324661810613943,1.0034032626583793,-0.42820394011535934,-0.29399076485532133,0.0,0.5588235294117647,0.09022556390977443,-0.21212121212121213,-0.6511627906976745,-0.37209302325581395,-0.21705426356589147,-0.15503875968992248,0.24806201550387597,-0.031007751937984496
2,1,0,0,-0.8650023851168706,-1.0735294117647058,-0.88105593764713,1,0,6,5,4,3,2,1,0,6,1,1,0,0,1,1,1,1,1,0,0,0,1,1,0,0,0,0,0,1,0,0,0,0,0,0,0,0,0,0,-0.06996342820798218,-0.0031955517919056665,0.11206275514288,0.9957576242695908,-0.49909840288511087,0.06439979392065946,-0.3009685423837348,0.08308434658954733,1.0034032626583793,-0.42820394011535934,0.5294117647058824,0.0,0.5714285714285714,0.09090909090909091,-0.21705426356589147,-0.6511627906976745,-0.37209302325581395,-0.21705426356589147,-0.15503875968992248,0.24806201550387597
3,0,0,1,-0.6741930354587374,-0.6617647058823529,-0.6141434345717046,2,1,0,6,5,4,3,2,1,0,1,1,1,0,0,1,1,1,1,1,0,0,0,1,1,0,0,0,0,0,0,0,0,0,0,0,0,0,0,0,-0.8650023851168706,-0.067106587630019,-0.003201793004082286,0.11206275514288,1.0014167954662547,-0.5023183925811439,0.06403586008164572,-0.30038186843913267,0.08308434658954733,1.0034032626583793,-1.0588235294117647,0.5294117647058824,0.0,0.5757575757575758,0.09302325581395349,-0.21705426356589147,-0.6511627906976745,-0.37209302325581395,-0.21705426356589147,-0.15503875968992248
4,0,0,1,0.3116552711082843,-0.3088235294117647,0.41460355889701395,3,2,1,0,6,5,4,3,2,1,0,1,1,1,0,0,1,1,1,1,0,0,0,0,1,1,0,0,0,0,1,0,0,0,0,0,0,0,0,0,-0.6741930354587374,-0.8659945356064357,-0.067237653085728,-0.003201793004082286,0.11269963936115407,0.9981968057702217,-0.49947970863683655,0.06391103583811333,-0.30038186843913267,0.08308434658954733,-0.6470588235294118,-1.0588235294117647,0.5413533834586466,0.0,0.5891472868217055,0.09302325581395349,-0.21705426356589147,-0.6511627906976745,-0.37209302325581395,-0.21705426356589147
5,0,1,0,0.7314358403561774,1.6029411764705883,0.8416846653678495,4,3,2,1,0,6,5,4,3,2,0,0,1,1,1,0,0,1,1,1,0,0,0,0,0,1,1,0,0,0,1,1,0,0,0,0,0,0,0,0,0.3116552711082843,-0.6742614280920957,-0.8676859041062994,-0.067237653085728,-0.0032199896960329734,0.1094796496651211,0.9925558312655085,-0.498506079537284,0.06391103583811333,-0.30038186843913267,-0.29411764705882354,-0.6470588235294118,-1.0827067669172932,0.5454545454545454,0.0,0.5891472868217055,0.09302325581395349,-0.21705426356589147,-0.6511627906976745,-0.37209302325581395
6,0,1,0,0.32437589441882647,0.3088235294117647,0.6441992768096828,5,4,3,2,1,0,6,5,4,3,0,0,0,1,1,1,0,0,1,1,1,0,0,0,0,0,1,1,0,0,0,1,1,0,0,0,0,0,0,0,0.7314358403561774,0.316359627398661,-0.6755783238613623,-0.8676859041062994,-0.06761978361669244,-0.006439979392065947,0.10886096213879771,0.9906210554907566,-0.498506079537284,0.06391103583811333,1.6176470588235294,-0.29411764705882354,-0.6616541353383458,-1.0909090909090908,0.5581395348837209,0.0,0.5891472868217055,0.09302325581395349,-0.21705426356589147,-0.6511627906976745
0,1,0,0,-0.2607727778661154,-0.4852941176470588,-0.3091002293989711,6,5,4,3,2,1,0,6,5,4,0,0,0,0,1,1,1,0,0,1,1,1,0,0,0,0,0,1,1,0,0,0,1,1,0,0,0,0,0,0,0.32437589441882647,0.738172463930209,0.31697750740414626,-0.6755783238613623,-0.8726172076249358,-0.07083977331272541,-0.006403586008164572,0.10864876092479267,0.9906210554907566,-0.498506079537284,0.3235294117647059,1.6176470588235294,-0.3007518796992481,-0.6666666666666666,-1.1162790697674418,0.5581395348837209,0.0,0.5891472868217055,0.09302325581395349,-0.21705426356589147
1,1,0,0,-0.09540467482906662,-0.4264705882352941,-0.0949371804339795,0,6,5,4,3,2,1,0,6,5,1,0,0,0,0,1,1,1,0,0,0,1,1,0,0,0,0,0,1,1,0,0,0,1,1,0,0,0,0,0,-0.2607727778661154,0.32914183456628365,0.7396141839430079,0.31697750740414626,-0.6794178258629574,-0.8758371973209688,-0.07043944608981029,-0.006391103583811333,0.10864876092479267,0.9906210554907566,-0.47058823529411764,0.3235294117647059,1.6541353383458646,-0.30303030303030304,-0.6821705426356589,-1.1162790697674418,0.5581395348837209,0.0,0.5891472868217055,0.09302325581395349
2,1,0,0,-0.30529495945301316,-0.22058823529411764,-0.3406844267696074,1,0,6,5,4,3,2,1,0,6,1,1,0,0,0,0,1,1,1,0,0,0,1,1,0,0,0,0,0,1,0,0,0,0,1,1,0,0,0,0,-0.09540467482906662,-0.258839695144359,0.3297846794204754,0.7396141839430079,0.31877897990726434,-0.6826378155589903,-0.8708876971103817,-0.07030213942192466,-0.006391103583811333,0.10864876092479267,-0.4117647058823529,-0.47058823529411764,0.3308270676691729,1.6666666666666667,-0.31007751937984496,-0.6821705426356589,-1.1162790697674418,0.5581395348837209,0.0,0.5891472868217055
3,1,0,0,0.07632373986325329,-0.16176470588235295,0.06310498960723535,2,1,0,6,5,4,3,2,1,0,1,1,1,0,0,0,0,1,1,1,0,0,0,1,1,0,0,0,0,0,0,0,0,0,0,1,1,0,0,0,-0.30529495945301316,-0.09267100196526433,-0.2593452333306651,0.3297846794204754,0.7438176197836168,0.3155589902112314,-0.6787801168654446,-0.8691900873983414,-0.07030213942192466,-0.006391103583811333,-0.20588235294117646,-0.4117647058823529,-0.48120300751879697,0.3333333333333333,1.7054263565891472,-0.31007751937984496,-0.6821705426356589,-1.1162790697674418,0.5581395348837209,0.0
4,1,0,0,-0.4070599459373509,-0.9264705882352942,-0.5693060569336905,3,2,1,0,6,5,4,3,2,1,1,1,1,1,0,0,0,0,1,1,0,0,0,0,1,1,0,0,0,0,0,0,0,0,0,0,1,1,0,0,0.07632373986325329,-0.30357742023103834,-0.09285199711838628,-0.2593452333306651,0.33165893869139623,0.7405976300875838,0.31377571440006397,-0.6774569798840013,-0.8691900873983414,-0.07030213942192466,-0.14705882352941177,-0.20588235294117646,-0.42105263157894735,-0.48484848484848486,0.34108527131782945,1.7054263565891472,-0.31007751937984496,-0.6821705426356589,-1.1162790697674418,0.5581395348837209
5,0,1,0,0.09540467482906662,-0.5441176470588235,-0.08046613927193924,4,3,2,1,0,6,5,4,3,2,1,1,1,1,1,0,0,0,0,1,0,0,0,0,0,1,1,0,0,0,0,0,0,0,0,0,0,1,1,0,-0.4070599459373509,0.07988879479764167,-0.3041703353878171,-0.09285199711838628,-0.26081916537867084,0.3284389489953633,0.7364123909389257,0.31316407560675535,-0.6774569798840013,-0.8691900873983414,-0.9117647058823529,-0.14705882352941177,-0.21052631578947367,-0.42424242424242425,-0.49612403100775193,0.34108527131782945,1.7054263565891472,-0.31007751937984496,-0.6821705426356589,-1.1162790697674418
6,0,1,0,-0.06996342820798218,0.3382352941176471,0.1550386155855748,5,4,3,2,1,0,6,5,4,3,0,1,1,1,1,1,0,0,0,0,1,0,0,0,0,0,1,1,0,0,0,0,0,0,0,0,0,0,1,1,0.09540467482906662,-0.4058350775720197,0.08004482510205714,-0.3041703353878171,-0.09337970118495623,-0.2640391550747038,0.32658288641639316,0.7349769121383033,0.31316407560675535,-0.6774569798840013,-0.5294117647058824,-0.9117647058823529,-0.15037593984962405,-0.21212121212121213,-0.43410852713178294,-0.49612403100775193,0.34108527131782945,1.7054263565891472,-0.31007751937984496,-0.6821705426356589
0,1,0,0,-0.5660677373191285,-0.6029411764705882,-0.5224188144234723,6,5,4,3,2,1,0,6,5,4,0,0,1,1,1,1,1,0,0,0,1,1,0,0,0,0,0,1,1,0,0,0,0,0,0,0,0,0,0,1,-0.06996342820798218,0.09906210554907567,-0.4066277115184503,0.08004482510205714,-0.30589902112313244,-0.0965996908809892,-0.2625470263347474,0.325946282774378,0.7349769121383033,0.31316407560675535,0.35294117647058826,-0.5294117647058824,-0.9323308270676691,-0.15151515151515152,-0.21705426356589147,-0.43410852713178294,-0.49612403100775193,0.34108527131782945,1.7054263565891472,-0.31007751937984496
1,1,0,0,-0.8204802035299729,0.22058823529411764,-0.7778687544875336,0,6,5,4,3,2,1,0,6,5,1,0,0,1,1,1,1,1,0,0,0,1,1,0,0,0,0,0,1,1,0,0,0,0,0,0,0,0,0,0,-0.5660677373191285,-0.067106587630019,0.09925558312655085,-0.4066277115184503,0.08049974240082433,-0.30911901081916543,-0.09605379012246856,-0.2620352469362647,0.325946282774378,0.7349769121383033,-0.5882352941176471,0.35294117647058826,-0.5413533834586466,-0.9393939393939394,-0.15503875968992248,-0.21705426356589147,-0.43410852713178294,-0.49612403100775193,0.34108527131782945,1.7054263565891472
2,1,0,0,-0.22897121958975986,-0.6617647058823529,-0.26550764225296025,1,0,6,5,4,3,2,1,0,6,1,1,0,0,1,1,1,1,1,0,0,0,1,1,0,0,0,0,0,1,0,0,0,0,0,0,0,0,0,0,-0.8204802035299729,-0.565612667167303,-0.067237653085728,0.09925558312655085,-0.4089386913961876,0.07727975270479136,-0.3073721283918994,-0.09586655375717,-0.2620352469362647,0.325946282774378,0.23529411764705882,-0.5882352941176471,0.3609022556390977,-0.5454545454545454,-0.9612403100775194,-0.15503875968992248,-0.21705426356589147,-0.43410852713178294,-0.49612403100775193,0.34108527131782945
3,0,0,1,-0.7950389569088884,-1.3088235294117647,-0.8286328541790942,2,1,0,6,5,4,3,2,1,0,1,1,1,0,0,1,1,1,1,1,0,0,0,1,1,0,0,0,0,0,0,0,0,0,0,0,0,0,0,0,-0.22897121958975986,-0.8212568105197563,-0.5667173617225646,-0.067237653085728,0.09981968057702217,-0.4121586810922206,0.07684303209797486,-0.306772972022944,-0.09586655375717,-0.2620352469362647,-0.6470588235294118,0.23529411764705882,-0.6015037593984962,0.36363636363636365,-0.5581395348837209,-0.9612403100775194,-0.15503875968992248,-0.21705426356589147,-0.43410852713178294,-0.49612403100775193
4,1,0,0,-0.11448560979487993,-0.8676470588235294,-0.36141499157621093,3,2,1,0,6,5,4,3,2,1,0,1,1,1,0,0,1,1,1,1,0,0,0,0,1,1,0,0,0,0,1,0,0,0,0,0,0,0,0,0,-0.7950389569088884,-0.22688417722530232,-0.8228608020491474,-0.5667173617225646,-0.06761978361669244,0.0965996908809892,-0.4098295045225326,0.076693243005736,-0.306772972022944,-0.09586655375717,-1.2941176470588236,-0.6470588235294118,0.24060150375939848,-0.6060606060606061,0.37209302325581395,-0.5581395348837209,-0.9612403100775194,-0.15503875968992248,-0.21705426356589147,-0.43410852713178294
5,0,1,0,-0.5088249324216886,-0.3382352941176471,-0.6322949880150731,4,3,2,1,0,6,5,4,3,2,1,0,1,1,1,0,0,1,1,1,0,0,0,0,0,1,1,0,0,0,0,1,0,0,0,0,0,0,0,0,-0.11448560979487993,-0.795692396184511,-0.22732730328984227,-0.8228608020491474,-0.5699381761978363,-0.07083977331272541,0.09605379012246856,-0.4090306293639253,0.076693243005736,-0.306772972022944,-0.8529411764705882,-1.2941176470588236,-0.6616541353383458,0.24242424242424243,-0.6201550387596899,0.37209302325581395,-0.5581395348837209,-0.9612403100775194,-0.15503875968992248,-0.21705426356589147
6,0,1,0,-0.5851486722849418,-0.3088235294117647,-0.5308558170768917,5,4,3,2,1,0,6,5,4,3,0,1,0,1,1,1,0,0,1,1,1,0,0,0,0,0,1,1,0,0,0,0,1,0,0,0,0,0,0,0,-0.5088249324216886,-0.11184431271669834,-0.7972464580164891,-0.22732730328984227,-0.8275373518804742,-0.5731581658938693,-0.07043944608981029,0.09586655375717,-0.4090306293639253,0.076693243005736,-0.3235294117647059,-0.8529411764705882,-1.3233082706766917,-0.6666666666666666,0.24806201550387597,-0.6201550387596899,0.37209302325581395,-0.5581395348837209,-0.9612403100775194,-0.15503875968992248
0,1,0,0,0.0,-0.4264705882352941,-0.20196946796611354,6,5,4,3,2,1,0,6,5,4,0,0,1,0,1,1,1,0,0,1,1,1,0,0,0,0,0,1,1,0,0,0,0,1,0,0,0,0,0,0,-0.5851486722849418,-0.508092734913001,-0.11206275514288,-0.7972464580164891,-0.2286192684183411,-0.830757341576507,-0.5699191547266469,-0.07030213942192466,0.09586655375717,-0.4090306293639253,-0.29411764705882354,-0.3235294117647059,-0.8721804511278195,-1.3333333333333333,-0.6821705426356589,0.24806201550387597,-0.6201550387596899,0.37209302325581395,-0.5581395348837209,-0.9612403100775194
1,1,0,0,-0.6296708538718396,-0.8676470588235294,-0.5870223155424322,0,6,5,4,3,2,1,0,6,5,1,0,0,1,0,1,1,1,0,0,0,1,1,0,0,0,0,0,1,1,0,0,0,0,1,0,0,0,0,0,0.0,-0.584785977918737,-0.5090850876490834,-0.11206275514288,-0.8017774343122104,-0.23183925811437409,-0.8260625950532297,-0.5688082189592086,-0.07030213942192466,0.09586655375717,-0.4117647058823529,-0.29411764705882354,-0.3308270676691729,-0.8787878787878788,-1.3643410852713178,-0.6821705426356589,0.24806201550387597,-0.6201550387596899,0.37209302325581395,-0.5581395348837209
2,1,0,0,-0.3434568293846398,-0.5735294117647058,-0.4519452639856678,1,0,6,5,4,3,2,1,0,6,1,1,0,0,1,0,1,1,1,0,0,0,1,1,0,0,0,0,0,1,0,0,0,0,0,1,0,0,0,0,-0.6296708538718396,0.0031955517919056665,-0.5859281197470583,-0.5090850876490834,-0.11269963936115407,-0.8049974240082434,-0.23052909629392457,-0.824452362311662,-0.5688082189592086,-0.07030213942192466,-0.8529411764705882,-0.4117647058823529,-0.3007518796992481,-0.3333333333333333,-0.8992248062015504,-1.3643410852713178,-0.6821705426356589,0.24806201550387597,-0.6201550387596899,0.37209302325581395
3,1,0,0,1.6854825886468434,0.3382352941176471,1.144379569459043,2,1,0,6,5,4,3,2,1,0,1,1,1,0,0,1,0,1,1,1,0,0,0,1,1,0,0,0,0,0,0,0,0,0,0,0,1,0,0,0,-0.3434568293846398,-0.6295237030054164,0.003201793004082286,-0.5859281197470583,-0.5119783616692427,-0.11591962905718704,-0.8004482510205714,-0.230079729017208,-0.824452362311662,-0.5688082189592086,-0.5588235294117647,-0.8529411764705882,-0.42105263157894735,-0.30303030303030304,-0.34108527131782945,-0.8992248062015504,-1.3643410852713178,-0.6821705426356589,0.24806201550387597,-0.6201550387596899
4,1,0,0,-0.24169184290030207,-0.014705882352941176,-0.17346870949098991,3,2,1,0,6,5,4,3,2,1,1,1,1,1,0,0,1,0,1,1,0,0,0,0,1,1,0,0,0,0,0,0,0,0,0,0,0,1,0,0,1.6854825886468434,-0.34192404173390634,-0.6307532218042102,0.003201793004082286,-0.5892581143740341,-0.5151983513652757,-0.11526454814696228,-0.7988879479764167,-0.230079729017208,-0.824452362311662,0.35294117647058826,-0.5588235294117647,-0.8721804511278195,-0.42424242424242425,-0.31007751937984496,-0.34108527131782945,-0.8992248062015504,-1.3643410852713178,-0.6821705426356589,0.24806201550387597
5,0,1,0,0.8968039433932261,0.5441176470588235,0.7171579869543183,4,3,2,1,0,6,5,4,3,2,1,1,1,1,1,0,0,1,0,1,0,0,0,0,0,1,1,0,0,0,0,0,0,0,0,0,0,0,1,0,-0.24169184290030207,1.696838001501909,-0.34259185143680454,-0.6307532218042102,0.0032199896960329734,-0.5924781040700671,-0.5122868806531657,-0.115039864508604,-0.7988879479764167,-0.230079729017208,0.0,0.35294117647058826,-0.5714285714285714,-0.8787878787878788,-0.43410852713178294,-0.31007751937984496,-0.34108527131782945,-0.8992248062015504,-1.3643410852713178,-0.6821705426356589
6,0,1,0,0.09540467482906662,0.5441176470588235,0.21840817843832552,5,4,3,2,1,0,6,5,4,3,0,1,1,1,1,1,0,0,1,0,1,0,0,0,0,0,1,1,0,0,0,0,0,0,0,0,0,0,0,1,0.8968039433932261,-0.239666384392925,1.7001520851676937,-0.34259185143680454,-0.6343379701184957,0.0,-0.5891299127511406,-0.5112882867049067,-0.115039864508604,-0.7988879479764167,0.5588235294117647,0.0,0.3609022556390977,-0.5757575757575758,-0.8992248062015504,-0.43410852713178294,-0.31007751937984496,-0.34108527131782945,-0.8992248062015504,-1.3643410852713178
0,1,0,0,1.6791222769915723,0.45588235294117646,1.6481234115117296,6,5,4,3,2,1,0,6,5,4,0,0,1,1,1,1,1,0,0,1,1,1,0,0,0,0,0,1,1,0,0,0,0,0,0,0,0,0,0,0,0.09540467482906662,0.9043411571093036,-0.2401344753061714,1.7001520851676937,-0.3445388974755281,-0.6375579598145287,0.0,-0.5879815297106427,-0.5112882867049067,-0.115039864508604,0.5588235294117647,0.5588235294117647,0.0,0.36363636363636365,-0.5891472868217055,-0.8992248062015504,-0.43410852713178294,-0.31007751937984496,-0.34108527131782945,-0.8992248062015504
1,1,0,0,1.0430911114644617,0.5147058823529411,1.2937250872963593,0,6,5,4,3,2,1,0,6,5,1,0,0,1,1,1,1,1,0,0,0,1,1,0,0,0,0,0,1,1,0,0,0,0,0,0,0,0,0,0,1.6791222769915723,0.09906210554907567,0.9061074201552868,-0.2401344753061714,1.709814528593509,-0.3477588871715611,-0.6339550148082925,0.0,-0.5879815297106427,-0.5112882867049067,0.47058823529411764,0.5588235294117647,0.5714285714285714,0.0,0.37209302325581395,-0.5891472868217055,-0.8992248062015504,-0.43410852713178294,-0.31007751937984496,-0.34108527131782945
2,1,0,0,0.4579424391795197,0.19117647058823528,0.485721209032408,1,0,6,5,4,3,2,1,0,6,1,1,0,0,1,1,1,1,1,0,0,0,1,1,0,0,0,0,0,1,0,0,0,0,0,0,0,0,0,0,1.0430911114644617,1.6904468979180978,0.09925558312655085,0.9061074201552868,-0.241499227202473,1.706594538897476,-0.34579364444088684,-0.632719254797322,0.0,-0.5879815297106427,0.5294117647058824,0.47058823529411764,0.5714285714285714,0.5757575757575758,0.0,0.37209302325581395,-0.5891472868217055,-0.8992248062015504,-0.43410852713178294,-0.31007751937984496
3,1,0,0,-0.9222451900143106,-1.4264705882352942,-0.9740617233404899,2,1,0,6,5,4,3,2,1,0,1,1,1,0,0,1,1,1,1,1,0,0,0,1,1,0,0,0,0,0,0,0,0,0,0,0,0,0,0,0,0.4579424391795197,1.0513365395369643,1.693748499159529,0.09925558312655085,0.9112570839773314,-0.24471921689850598,1.6969502921636115,-0.345119593525812,-0.632719254797322,0.0,0.20588235294117646,0.5294117647058824,0.48120300751879697,0.5757575757575758,0.5891472868217055,0.0,0.37209302325581395,-0.5891472868217055,-0.8992248062015504,-0.43410852713178294
4,1,0,0,0.05088249324216886,-0.8088235294117647,-0.16024044914950955,3,2,1,0,6,5,4,3,2,1,1,1,1,1,0,0,1,1,1,1,0,0,0,0,1,1,0,0,0,0,0,0,0,0,0,0,0,0,0,0,-0.9222451900143106,0.46335500982632166,1.053389898343072,1.693748499159529,0.09981968057702217,0.9080370942812984,-0.2433362683102537,1.6936424497100033,-0.345119593525812,-0.632719254797322,-1.411764705882353,0.20588235294117646,0.5413533834586466,0.48484848484848486,0.5891472868217055,0.5891472868217055,0.0,0.37209302325581395,-0.5891472868217055,-0.8992248062015504
5,0,1,0,1.119414851327715,0.39705882352941174,0.5894413570587775,4,3,2,1,0,6,5,4,3,2,1,1,1,1,1,0,0,1,1,1,0,0,0,0,0,1,1,0,0,0,0,0,0,0,0,0,0,0,0,0,0.05088249324216886,-0.9235144678607377,0.46425998559193143,1.053389898343072,1.703374549201443,0.0965996908809892,0.9029056271512046,-0.24286193618483068,1.6936424497100033,-0.345119593525812,-0.7941176470588235,-1.411764705882353,0.21052631578947367,0.5454545454545454,0.49612403100775193,0.5891472868217055,0.5891472868217055,0.0,0.37209302325581395,-0.5891472868217055
6,0,1,0,1.4755923040228969,0.6617647058823529,1.4125352552893171,5,4,3,2,1,0,6,5,4,3,0,1,1,1,1,1,0,0,1,1,1,0,0,0,0,0,1,1,0,0,0,0,0,0,0,0,0,0,0,0,1.119414851327715,0.054324380462396335,-0.9253181781797806,0.46425998559193143,1.0593766099948483,1.70015455950541,0.09605379012246856,0.901145605317398,-0.24286193618483068,1.6936424497100033,0.4117647058823529,-0.7941176470588235,-1.443609022556391,0.21212121212121213,0.5581395348837209,0.49612403100775193,0.5891472868217055,0.5891472868217055,0.0,0.37209302325581395
0,1,0,0,1.1575767212593415,0.9852941176470589,0.8893830112725988,6,5,4,3,2,1,0,6,5,4,0,0,1,1,1,1,1,0,0,1,1,1,0,0,0,0,0,1,1,0,0,0,0,0,0,0,0,0,0,0,1.4755923040228969,1.1280297825427004,0.05443048106939886,-0.9253181781797806,0.4668985059247811,1.0561566202988153,1.6905467061554469,0.09586655375717,0.901145605317398,-0.24286193618483068,0.6764705882352942,0.4117647058823529,-0.8120300751879699,-1.4545454545454546,0.21705426356589147,0.5581395348837209,0.49612403100775193,0.5891472868217055,0.5891472868217055,0.0
1,1,0,0,0.0,-0.27941176470588236,-0.044224930265656964,0,6,5,4,3,2,1,0,6,5,1,0,0,1,1,1,1,1,0,0,0,1,1,0,0,0,0,0,1,1,0,0,0,0,0,0,0,0,0,0,1.1575767212593415,1.485931583236135,1.1302329304410468,0.05443048106939886,-0.9305770221535292,0.46367851622874817,1.0501881053389897,1.687251346126192,0.09586655375717,0.901145605317398,1.0,0.6764705882352942,0.42105263157894735,-0.8181818181818182,-1.4883720930232558,0.21705426356589147,0.5581395348837209,0.49612403100775193,0.5891472868217055,0.5891472868217055
2,1,0,0,1.1130545396724438,0.10294117647058823,0.8829773845141049,1,0,6,5,4,3,2,1,0,6,1,1,0,0,1,1,1,1,1,0,0,0,1,1,0,0,0,0,0,1,0,0,0,0,0,0,0,0,0,0,0.0,1.1663764040455684,1.4888337468982629,1.1302329304410468,0.05473982483256055,-0.9337970118495622,0.46105819258784914,1.0481409877450587,1.687251346126192,0.09586655375717,-0.2647058823529412,1.0,0.6917293233082706,0.42424242424242425,-0.8372093023255814,-1.4883720930232558,0.21705426356589147,0.5581395348837209,0.49612403100775193,0.5891472868217055
3,1,0,0,-0.10812529813960882,-0.27941176470588236,-0.2776549003250694,2,1,0,6,5,4,3,2,1,0,1,1,1,0,0,1,1,1,1,1,0,0,0,1,1,0,0,0,0,0,0,0,0,0,0,0,0,0,0,0,1.1130545396724438,0.0031955517919056665,1.1686544464900344,1.4888337468982629,1.1366563626996395,0.051519835136527574,-0.9285199711838629,0.460159458034416,1.0481409877450587,1.687251346126192,0.11764705882352941,-0.2647058823529412,1.0225563909774436,0.696969696969697,0.43410852713178294,-0.8372093023255814,-1.4883720930232558,0.21705426356589147,0.5581395348837209,0.49612403100775193
4,1,0,0,0.6423914771823819,1.1323529411764706,0.6234602713830172,3,2,1,0,6,5,4,3,2,1,1,1,1,1,0,0,1,1,1,1,0,0,0,0,1,1,0,0,0,0,0,0,0,0,0,0,0,0,0,0,-0.10812529813960882,1.121638678958889,0.003201793004082286,1.1686544464900344,1.4972952086553326,1.1334363730036066,0.05122868806531657,-0.9267100196526433,0.460159458034416,1.0481409877450587,-0.2647058823529412,0.11764705882352941,-0.2706766917293233,1.0303030303030303,0.7131782945736435,0.43410852713178294,-0.8372093023255814,-1.4883720930232558,0.21705426356589147,0.5581395348837209
5,0,1,0,1.3229448242963904,0.8676470588235294,1.1242273880938323,4,3,2,1,0,6,5,4,3,2,1,1,1,1,1,0,0,1,1,1,0,0,0,0,0,1,1,0,0,0,0,0,0,0,0,0,0,0,0,0,0.6423914771823819,-0.105453209132887,1.1238293444328822,0.003201793004082286,1.1752962390520352,1.4940752189592996,1.1270311374369646,0.051128828670490664,-0.9267100196526433,0.460159458034416,1.1470588235294117,-0.2647058823529412,0.12030075187969924,-0.2727272727272727,1.054263565891473,0.7131782945736435,0.43410852713178294,-0.8372093023255814,-1.4883720930232558,0.21705426356589147
6,0,1,0,0.6105899189060263,-0.04411764705882353,0.5497943578574712,5,4,3,2,1,0,6,5,4,3,0,1,1,1,1,1,0,0,1,1,1,0,0,0,0,0,1,1,0,0,0,0,0,0,0,0,0,0,0,0,1.3229448242963904,0.6486970137568503,-0.10565916913471543,1.1238293444328822,0.0032199896960329734,1.1720762493560022,1.4856319538941805,1.1248342307507946,0.051128828670490664,-0.9267100196526433,0.8823529411764706,1.1470588235294117,-0.2706766917293233,0.12121212121212122,-0.27906976744186046,1.054263565891473,0.7131782945736435,0.43410852713178294,-0.8372093023255814,-1.4883720930232558
0,1,0,0,0.9667673716012083,-0.6911764705882353,0.26703860995849477,6,5,4,3,2,1,0,6,5,4,0,0,1,1,1,1,1,0,0,1,1,1,0,0,0,0,0,1,1,0,0,0,0,0,0,0,0,0,0,0,0.6105899189060263,1.332545097224663,0.649963979828704,-0.10565916913471543,1.1302163833075736,0.0,1.165452653485952,1.4827360314442293,1.1248342307507946,0.051128828670490664,-0.029411764705882353,0.8823529411764706,1.1729323308270676,-0.2727272727272727,0.12403100775193798,-0.27906976744186046,1.054263565891473,0.7131782945736435,0.43410852713178294,-0.8372093023255814
1,1,0,0,2.4805215455557317,0.22058823529411764,2.1151320673173615,0,6,5,4,3,2,1,0,6,5,1,0,0,1,1,1,1,1,0,0,0,1,1,0,0,0,0,0,1,1,0,0,0,0,0,0,0,0,0,0,0.9667673716012083,0.6167414958377937,1.3351476827023132,0.649963979828704,-0.10625965996908812,1.1269963936115406,0.0,1.1631808522536626,1.4827360314442293,1.1248342307507946,-0.6764705882352942,-0.029411764705882353,0.9022556390977443,1.1818181818181819,-0.27906976744186046,0.12403100775193798,-0.27906976744186046,1.054263565891473,0.7131782945736435,0.43410852713178294
2,1,0,0,1.7045635236126568,0.4852941176470588,1.8623145958769278,1,0,6,5,4,3,2,1,0,6,1,1,0,0,1,1,1,1,1,0,0,0,1,1,0,0,0,0,0,1,0,0,0,0,0,0,0,0,0,0,2.4805215455557317,0.9746432965312284,0.6179460497878811,1.3351476827023132,0.6536579082946936,-0.1094796496651211,1.1206275514288,0.0,1.1631808522536626,1.4827360314442293,0.23529411764705882,-0.6764705882352942,-0.03007518796992481,0.9090909090909091,1.2093023255813953,-0.27906976744186046,0.12403100775193798,-0.27906976744186046,1.054263565891473,0.7131782945736435
3,1,0,0,0.5406264906980441,0.07352941176470588,0.502779501210601,2,1,0,6,5,4,3,2,1,0,1,1,1,0,0,1,1,1,1,1,0,0,0,1,1,0,0,0,0,0,0,0,0,0,0,0,0,0,0,0,1.7045635236126568,2.4957259494783255,0.9765468662450971,0.6179460497878811,1.3427357032457499,0.6504379185986606,-0.10886096213879771,1.1184431271669832,0.0,1.1631808522536626,0.5,0.23529411764705882,-0.6917293233082706,-0.030303030303030304,0.9302325581395349,1.2093023255813953,-0.27906976744186046,0.12403100775193798,-0.27906976744186046,1.054263565891473
4,1,0,0,0.5469868023533152,-0.5735294117647058,0.2631215593482857,3,2,1,0,6,5,4,3,2,1,1,1,1,1,0,0,1,1,1,1,0,0,0,0,1,1,0,0,0,0,0,0,0,0,0,0,0,0,0,0,0.5406264906980441,1.716011312253343,2.500600336188265,0.9765468662450971,0.6214580113343638,1.3395157135497169,0.6467621868246217,-0.10864876092479267,1.1184431271669832,0.0,0.08823529411764706,0.5,0.24060150375939848,-0.696969696969697,-0.031007751937984496,0.9302325581395349,1.2093023255813953,-0.27906976744186046,0.12403100775193798,-0.27906976744186046
5,0,1,0,2.5822865320400696,1.338235294117647,2.511997160736185,4,3,2,1,0,6,5,4,3,2,1,1,1,1,1,0,0,1,1,1,0,0,0,0,0,1,1,0,0,0,0,0,0,0,0,0,0,0,0,0,0.5469868023533152,0.546439356415869,1.7193628431921875,2.500600336188265,0.9820968572900568,0.6182380216383309,1.3319458896982308,0.6455014619649446,-0.10864876092479267,1.1184431271669832,-0.5588235294117647,0.08823529411764706,0.5112781954887218,0.24242424242424243,-0.7131782945736435,-0.031007751937984496,0.9302325581395349,1.2093023255813953,-0.27906976744186046,0.12403100775193798
6,0,1,0,-0.6996342820798218,-0.5441176470588235,-0.8521982615236696,5,4,3,2,1,0,6,5,4,3,0,1,1,1,1,1,0,0,1,1,1,0,0,0,0,0,1,1,0,0,0,0,0,0,0,0,0,0,0,0,2.5822865320400696,0.5528304599996804,0.5475066036980708,1.7193628431921875,2.514811952601752,0.9788768675940239,0.6147442567837988,1.3293495454327573,0.6455014619649446,-0.10864876092479267,1.3529411764705883,-0.5588235294117647,0.09022556390977443,0.5151515151515151,0.24806201550387597,-0.7131782945736435,-0.031007751937984496,0.9302325581395349,1.2093023255813953,-0.27906976744186046
0,0,0,1,0.1844490380028621,0.4852941176470588,-0.14636648137328487,6,5,4,3,2,1,0,6,5,4,0,0,1,1,1,1,1,0,0,1,1,1,0,0,0,0,0,1,1,0,0,0,0,0,0,0,0,0,0,0,-0.6996342820798218,2.597983606819307,0.5539101897062354,0.5475066036980708,1.7291344667697066,2.5115919629057193,0.9733450732410148,0.613545944045888,1.3293495454327573,0.6455014619649446,-0.5294117647058824,1.3529411764705883,-0.5714285714285714,0.09090909090909091,0.5271317829457365,0.24806201550387597,-0.7131782945736435,-0.031007751937984496,0.9302325581395349,1.2093023255813953
1,1,0,0,1.1066942280171728,0.9264705882352942,0.7260531946968187,0,6,5,4,3,2,1,0,6,5,0,0,0,1,1,1,1,1,0,0,0,1,1,0,0,0,0,0,1,1,1,0,0,0,0,0,0,0,0,0,0.1844490380028621,-0.699825842427341,2.6030577123188983,0.5539101897062354,0.5506182380216385,1.7259144770736736,2.497398543184183,0.9714477447393227,0.613545944045888,1.3293495454327573,0.5,-0.5294117647058824,1.3834586466165413,-0.5757575757575758,0.09302325581395349,0.5271317829457365,0.24806201550387597,-0.7131782945736435,-0.031007751937984496,0.9302325581395349
2,1,0,0,-0.10812529813960882,-0.10294117647058823,-0.21415671849994505,1,0,6,5,4,3,2,1,0,6,1,0,0,0,1,1,1,1,1,0,0,0,1,1,0,0,0,0,0,1,0,1,0,0,0,0,0,0,0,0,1.1066942280171728,0.18853755572243433,-0.7011926678940206,2.6030577123188983,0.5570582174137044,0.5473982483256055,1.716161050188105,2.49253039768642,0.9714477447393227,0.613545944045888,0.9411764705882353,0.5,-0.5413533834586466,1.393939393939394,-0.5891472868217055,0.09302325581395349,0.5271317829457365,0.24806201550387597,-0.7131782945736435,-0.031007751937984496
3,1,0,0,0.3370965177293687,-0.014705882352941176,0.15736621705124829,2,1,0,6,5,4,3,2,1,0,1,1,0,0,0,1,1,1,1,1,0,0,0,1,1,0,0,0,0,0,0,0,1,0,0,0,0,0,0,0,-0.10812529813960882,1.1152475753750777,0.18890578724085486,-0.7011926678940206,2.617851622874807,0.5538382277176714,0.5443048106939885,1.7128157604614374,2.49253039768642,0.9714477447393227,-0.08823529411764706,0.9411764705882353,0.5112781954887218,-0.5454545454545454,1.426356589147287,-0.5891472868217055,0.09302325581395349,0.5271317829457365,0.24806201550387597,-0.7131782945736435
4,1,0,0,1.2784226427094927,0.45588235294117646,1.1099663575976206,3,2,1,0,6,5,4,3,2,1,1,1,1,0,0,0,1,1,1,1,0,0,0,0,1,1,0,0,0,0,0,0,0,1,0,0,0,0,0,0,0.3370965177293687,-0.105453209132887,1.1174257584247176,0.18890578724085486,-0.7051777434312212,2.6146316331787745,0.5507083967021531,0.5432438046239634,1.7128157604614374,2.49253039768642,0.0,-0.08823529411764706,0.9624060150375939,0.5151515151515151,-0.5581395348837209,1.426356589147287,-0.5891472868217055,0.09302325581395349,0.5271317829457365,0.24806201550387597
5,0,1,0,0.5724280489743997,1.3970588235294117,0.9412401712621907,4,3,2,1,0,6,5,4,3,2,1,1,1,1,0,0,0,1,1,1,0,0,0,0,0,1,1,0,0,0,0,0,0,0,1,0,0,0,0,0,1.2784226427094927,0.34192404173390634,-0.10565916913471543,1.1174257584247176,0.1899793920659454,-0.7083977331272541,2.599855919314816,0.5496349082077747,0.5432438046239634,1.7128157604614374,0.47058823529411764,0.0,-0.09022556390977443,0.9696969696969697,0.5271317829457365,-0.5581395348837209,1.426356589147287,-0.5891472868217055,0.09302325581395349,0.5271317829457365
6,0,1,0,0.7886786452536173,-0.16176470588235295,1.232156190056839,5,4,3,2,1,0,6,5,4,3,0,1,1,1,1,0,0,0,1,1,1,0,0,0,0,0,1,1,0,0,0,0,0,0,0,1,0,0,0,0,0.5724280489743997,1.2878073721379837,0.34259185143680454,-0.10565916913471543,1.1237764039155076,0.18675940236991245,-0.7043944608981029,2.594788055027401,0.5496349082077747,0.5432438046239634,1.411764705882353,0.47058823529411764,0.0,-0.09090909090909091,0.9922480620155039,0.5271317829457365,-0.5581395348837209,1.426356589147287,-0.5891472868217055,0.09302325581395349
0,1,0,0,0.47066306249006196,-0.36764705882352944,-0.02969962797464659,6,5,4,3,2,1,0,6,5,4,0,0,1,1,1,1,0,0,0,1,1,1,0,0,0,0,0,1,1,0,0,0,0,0,0,0,1,0,0,0,0.7886786452536173,0.5783948743349256,1.290322580645161,0.34259185143680454,-0.10625965996908812,1.1205564142194746,0.18570399423677256,-0.7030213942192467,2.594788055027401,0.5496349082077747,-0.14705882352941177,1.411764705882353,0.48120300751879697,0.0,-0.09302325581395349,0.9922480620155039,0.5271317829457365,-0.5581395348837209,1.426356589147287,-0.5891472868217055
1,1,0,0,-0.29893464779774204,-0.3382352941176471,-0.6470156303703759,0,6,5,4,3,2,1,0,6,5,1,0,0,1,1,1,1,0,0,0,0,1,1,0,0,0,0,0,1,1,0,0,0,0,0,0,0,1,0,0,0.47066306249006196,0.795692396184511,0.5795245337388937,1.290322580645161,0.3445388974755281,-0.1094796496651211,1.1142239654206354,0.18534200393052866,-0.7030213942192467,2.594788055027401,-0.35294117647058826,-0.14705882352941177,1.443609022556391,0.48484848484848486,0.0,-0.09302325581395349,0.9922480620155039,0.5271317829457365,-0.5581395348837209,1.426356589147287
2,1,0,0,0.2607727778661154,-0.45588235294117646,-0.0344599367224801,1,0,6,5,4,3,2,1,0,6,1,1,0,0,1,1,1,1,0,0,0,0,1,1,0,0,0,0,0,1,0,0,0,0,0,0,0,0,1,0,-0.29893464779774204,0.47613721699394435,0.7972464580164891,0.5795245337388937,1.2976558475012883,0.34131890777949514,-0.10886096213879771,1.1120520235831721,0.18534200393052866,-0.7030213942192467,-0.3235294117647059,-0.35294117647058826,-0.15037593984962405,1.4545454545454546,0.49612403100775193,0.0,-0.09302325581395349,0.9922480620155039,0.5271317829457365,-0.5581395348837209
3,1,0,0,0.591508983940213,-0.45588235294117646,-0.08661171454566528,2,1,0,6,5,4,3,2,1,0,1,1,1,0,0,1,1,1,1,0,0,0,0,1,1,0,0,0,0,0,0,0,0,0,0,0,0,0,0,1,0.2607727778661154,-0.297186316647227,0.4770671576082606,0.7972464580164891,0.5828181349819681,1.2944358578052553,0.3393900584327223,-0.10864876092479267,1.1120520235831721,0.18534200393052866,-0.4411764705882353,-0.3235294117647059,-0.3609022556390977,-0.15151515151515152,1.4883720930232558,0.49612403100775193,0.0,-0.09302325581395349,0.9922480620155039,0.5271317829457365
4,1,0,0,0.6932739704245507,-0.3088235294117647,0.4385805469531849,3,2,1,0,6,5,4,3,2,1,1,1,1,1,0,0,1,1,1,1,0,0,0,0,1,1,0,0,0,0,0,0,0,0,0,0,0,0,0,0,0.591508983940213,0.26523079872817035,-0.2977667493796526,0.4770671576082606,0.8017774343122104,0.5795981452859352,1.2871207876410788,0.33872848994200067,-0.10864876092479267,1.1120520235831721,-0.4411764705882353,-0.4411764705882353,-0.3308270676691729,-0.36363636363636365,-0.15503875968992248,1.4883720930232558,0.49612403100775193,0.0,-0.09302325581395349,0.9922480620155039
5,0,1,0,0.48974399745587527,0.27941176470588236,0.5533149002919098,4,3,2,1,0,6,5,4,3,2,1,1,1,1,1,0,0,1,1,1,0,0,0,0,0,1,1,0,0,0,0,0,0,0,0,0,0,0,0,0,0.6932739704245507,0.5975681850863597,0.2657488193388297,-0.2977667493796526,0.479778464708913,0.7985574446161774,0.5763227407348114,1.2846118203460781,0.33872848994200067,-0.10864876092479267,-0.29411764705882354,-0.4411764705882353,-0.45112781954887216,-0.3333333333333333,-0.37209302325581395,-0.15503875968992248,1.4883720930232558,0.49612403100775193,0.0,-0.09302325581395349
6,0,1,0,2.2706312609317854,2.4558823529411766,2.4296430356268024,5,4,3,2,1,0,6,5,4,3,0,1,1,1,1,1,0,0,1,1,1,0,0,0,0,0,1,1,0,0,0,0,0,0,0,0,0,0,0,0,0.48974399745587527,0.699825842427341,0.5987352917633874,0.2657488193388297,-0.2994590417310665,0.47655847501288007,0.7940446650124068,0.57519932254302,1.2846118203460781,0.33872848994200067,0.29411764705882354,-0.29411764705882354,-0.45112781954887216,-0.45454545454545453,-0.34108527131782945,-0.37209302325581395,-0.15503875968992248,1.4883720930232558,0.49612403100775193,0.0
0,1,0,0,0.05088249324216886,0.19117647058823528,0.04991029077885872,6,5,4,3,2,1,0,6,5,4,0,0,1,1,1,1,1,0,0,1,1,1,0,0,0,0,0,1,1,0,0,0,0,0,0,0,0,0,0,0,2.2706312609317854,0.4953105277453783,0.7011926678940206,0.5987352917633874,0.26725914477073676,-0.3026790314270995,0.4738653646041783,0.7924968443926054,0.57519932254302,1.2846118203460781,2.4705882352941178,0.29411764705882354,-0.3007518796992481,-0.45454545454545453,-0.46511627906976744,-0.34108527131782945,-0.37209302325581395,-0.15503875968992248,1.4883720930232558,0.49612403100775193
1,1,0,0,0.20352997296867545,0.3088235294117647,0.20045698923785774,0,6,5,4,3,2,1,0,6,5,1,0,0,1,1,1,1,1,0,0,0,1,1,0,0,0,0,0,1,1,0,0,0,0,0,0,0,0,0,0,0.05088249324216886,2.284819531212552,0.49627791563275425,0.7011926678940206,0.602138073158166,0.2640391550747038,-0.3009685423837348,0.4729416652020387,0.7924968443926054,0.57519932254302,0.20588235294117646,2.4705882352941178,0.3007518796992481,-0.30303030303030304,-0.46511627906976744,-0.46511627906976744,-0.34108527131782945,-0.37209302325581395,-0.15503875968992248,1.4883720930232558
2,1,0,0,0.591508983940213,0.9264705882352942,0.780051860576431,1,0,6,5,4,3,2,1,0,6,1,1,0,0,1,1,1,1,1,0,0,0,1,1,0,0,0,0,0,1,0,0,0,0,0,0,0,0,0,0,0.20352997296867545,0.054324380462396335,2.289281997918834,0.49627791563275425,0.7051777434312212,0.598918083462133,0.2625470263347474,-0.30038186843913267,0.4729416652020387,0.7924968443926054,0.3235294117647059,0.20588235294117646,2.526315789473684,0.30303030303030304,-0.31007751937984496,-0.46511627906976744,-0.46511627906976744,-0.34108527131782945,-0.37209302325581395,-0.15503875968992248
3,1,0,0,-0.006360311655271108,-0.22058823529411764,0.05447726913384316,2,1,0,6,5,4,3,2,1,0,1,1,1,0,0,1,1,1,1,1,0,0,0,1,1,0,0,0,0,0,0,0,0,0,0,0,0,0,0,0,0.591508983940213,0.20771086647386833,0.05443048106939886,2.289281997918834,0.49909840288511087,0.7019577537351882,0.5955334987593052,0.2620352469362647,-0.30038186843913267,0.4729416652020387,0.9411764705882353,0.3235294117647059,0.21052631578947367,2.5454545454545454,0.31007751937984496,-0.31007751937984496,-0.46511627906976744,-0.46511627906976744,-0.34108527131782945,-0.37209302325581395
4,1,0,0,0.9540467482906662,1.338235294117647,1.3138189881897135,3,2,1,0,6,5,4,3,2,1,1,1,1,1,0,0,1,1,1,1,0,0,0,0,1,1,0,0,0,0,0,0,0,0,0,0,0,0,0,0,-0.006360311655271108,0.5975681850863597,0.20811654526534856,0.05443048106939886,2.3022926326635758,0.4958784131890779,0.6979908748899383,0.594372633294454,0.2620352469362647,-0.30038186843913267,-0.20588235294117646,0.9411764705882353,0.3308270676691729,0.21212121212121213,2.604651162790698,0.31007751937984496,-0.31007751937984496,-0.46511627906976744,-0.46511627906976744,-0.34108527131782945
5,0,1,0,1.4247098107807281,2.0441176470588234,1.5545245717754408,4,3,2,1,0,6,5,4,3,2,1,1,1,1,1,0,0,1,1,1,0,0,0,0,0,1,1,0,0,0,0,0,0,0,0,0,0,0,0,0,0.9540467482906662,-0.0031955517919056665,0.5987352917633874,0.20811654526534856,0.05473982483256055,2.299072642967543,0.493076122628672,0.6966302906354354,0.594372633294454,0.2620352469362647,1.3529411764705883,-0.20588235294117646,0.9624060150375939,0.3333333333333333,0.21705426356589147,2.604651162790698,0.31007751937984496,-0.31007751937984496,-0.46511627906976744,-0.46511627906976744
6,0,1,0,0.8204802035299729,-0.7205882352941176,0.5568097189318737,5,4,3,2,1,0,6,5,4,3,0,1,1,1,1,1,0,0,1,1,1,0,0,0,0,0,1,1,0,0,0,0,0,0,0,0,0,0,0,0,1.4247098107807281,0.9618610893636057,-0.003201793004082286,0.5987352917633874,0.20929933024214326,0.051519835136527574,2.286080204914752,0.4921149759534727,0.6966302906354354,0.594372633294454,2.0588235294117645,1.3529411764705883,-0.21052631578947367,0.9696969696969697,0.34108527131782945,0.21705426356589147,2.604651162790698,0.31007751937984496,-0.31007751937984496,-0.46511627906976744
0,0,0,1,0.7505167753219907,1.338235294117647,1.2061438067628558,6,5,4,3,2,1,0,6,5,4,0,0,1,1,1,1,1,0,0,1,1,1,0,0,0,0,0,1,1,0,0,0,0,0,0,0,0,0,0,0,0.8204802035299729,1.4348027545656443,0.9637396942287679,-0.003201793004082286,0.602138073158166,0.2060793405461103,0.05122868806531657,2.281623979420646,0.4921149759534727,0.6966302906354354,-0.7058823529411765,2.0588235294117645,1.3834586466165413,-0.21212121212121213,0.9922480620155039,0.34108527131782945,0.21705426356589147,2.604651162790698,0.31007751937984496,-0.31007751937984496
1,1,0,0,0.1717284146923199,0.39705882352941174,0.41548359402205143,0,6,5,4,3,2,1,0,6,5,0,0,0,1,1,1,1,1,0,0,0,1,1,0,0,0,0,0,1,1,1,0,0,0,0,0,0,0,0,0,0.7505167753219907,0.8276479141035676,1.4376050588329463,0.9637396942287679,-0.0032199896960329734,0.598918083462133,0.2049147522612663,0.051128828670490664,2.281623979420646,0.4921149759534727,1.3529411764705883,-0.7058823529411765,2.1052631578947367,1.393939393939394,-0.21705426356589147,0.9922480620155039,0.34108527131782945,0.21705426356589147,2.604651162790698,0.31007751937984496
2,1,0,0,-0.6932739704245507,-1.161764705882353,-0.628198473744974,1,0,6,5,4,3,2,1,0,6,1,0,0,0,1,1,1,1,1,0,0,0,1,1,0,0,0,0,0,1,0,1,0,0,0,0,0,0,0,0,0.1717284146923199,0.757345774681643,0.829264388057312,1.4376050588329463,0.969216898505925,-0.006439979392065947,0.5955334987593052,0.20451531468196266,0.051128828670490664,2.281623979420646,0.4117647058823529,1.3529411764705883,-0.7218045112781954,2.121212121212121,1.426356589147287,-0.21705426356589147,0.9922480620155039,0.34108527131782945,0.21705426356589147,2.604651162790698
3,1,0,0,0.038161869931626645,0.22058823529411764,0.012961074523088638,2,1,0,6,5,4,3,2,1,0,1,1,0,0,0,1,1,1,1,1,0,0,0,1,1,0,0,0,0,0,0,0,1,0,0,0,0,0,0,0,-0.6932739704245507,0.17575534855481167,0.7588249419675017,0.829264388057312,1.445775373518805,0.965996908809892,-0.006403586008164572,0.594372633294454,0.20451531468196266,0.051128828670490664,-1.1470588235294117,0.4117647058823529,1.3834586466165413,-0.7272727272727273,2.1705426356589146,1.426356589147287,-0.21705426356589147,0.9922480620155039,0.34108527131782945,0.21705426356589147
4,1,0,0,-0.1717284146923199,0.22058823529411764,-0.05200497132424938,3,2,1,0,6,5,4,3,2,1,1,1,1,0,0,0,1,1,1,1,0,0,0,0,1,1,0,0,0,0,0,0,0,1,0,0,0,0,0,0,0.038161869931626645,-0.6934347388435297,0.17609861522452572,0.7588249419675017,0.83397733127254,1.442555383822772,0.9605379012246856,-0.006391103583811333,0.594372633294454,0.20451531468196266,0.23529411764705882,-1.1470588235294117,0.42105263157894735,1.393939393939394,-0.7441860465116279,2.1705426356589146,1.426356589147287,-0.21705426356589147,0.9922480620155039,0.34108527131782945
5,0,1,0,0.4770233741453331,1.338235294117647,0.5957322315778568,4,3,2,1,0,6,5,4,3,2,1,1,1,1,0,0,0,1,1,1,0,0,0,0,0,1,1,0,0,0,0,0,0,0,1,0,0,0,0,0,-0.1717284146923199,0.041542173294773665,-0.694789081885856,0.17609861522452572,0.7631375579598146,0.830757341576507,1.434403265828864,0.9586655375717,-0.006391103583811333,0.594372633294454,0.23529411764705882,0.23529411764705882,-1.1729323308270676,0.42424242424242425,1.426356589147287,-0.7441860465116279,2.1705426356589146,1.426356589147287,-0.21705426356589147,0.9922480620155039
6,0,1,0,0.5406264906980441,1.25,0.7481338567790564,5,4,3,2,1,0,6,5,4,3,0,1,1,1,1,0,0,0,1,1,1,0,0,0,0,0,1,1,0,0,0,0,0,0,0,1,0,0,0,0,0.4770233741453331,-0.16936424497100033,0.04162330905306971,-0.694789081885856,0.17709943328181352,0.7599175682637817,0.8260625950532297,1.4316072027737388,0.9586655375717,-0.006391103583811333,1.3529411764705883,0.23529411764705882,0.24060150375939848,-1.1818181818181819,0.43410852713178294,1.426356589147287,-0.7441860465116279,2.1705426356589146,1.426356589147287,-0.21705426356589147
0,0,0,1,0.5787883606296708,0.5735294117647058,0.6444623428016156,6,5,4,3,2,1,0,6,5,4,0,0,1,1,1,1,0,0,0,1,1,1,0,0,0,0,0,1,1,0,0,0,0,0,0,0,1,0,0,0,0.5406264906980441,0.4825283205777557,-0.16969502921636115,0.04162330905306971,-0.6987377640391552,0.17387944358578056,0.7556231489634194,0.824452362311662,1.4316072027737388,0.9586655375717,1.2647058823529411,1.3529411764705883,0.24060150375939848,0.24242424242424243,-1.2093023255813953,0.43410852713178294,1.426356589147287,-0.7441860465116279,2.1705426356589146,1.426356589147287
1,1,0,0,1.2832564795674986,0.19117647058823528,1.6224042392813294,0,6,5,4,3,2,1,0,6,5,0,0,0,1,1,1,1,0,0,0,0,1,1,0,0,0,0,0,1,1,1,0,0,0,0,0,0,1,0,0,0.5787883606296708,0.546439356415869,0.4834707436164251,-0.16969502921636115,0.04185986604842865,-0.7019577537351882,0.17289682222044342,0.7541502228897373,0.824452362311662,1.4316072027737388,0.5882352941176471,1.2647058823529411,1.3834586466165413,0.24242424242424243,0.24806201550387597,-1.2093023255813953,0.43410852713178294,1.426356589147287,-0.7441860465116279,2.1705426356589146
2,1,0,0,0.45342661790427735,0.19117647058823528,0.6904520660452395,1,0,6,5,4,3,2,1,0,6,1,0,0,0,1,1,1,1,0,0,0,0,1,1,0,0,0,0,0,1,0,1,0,0,0,0,0,0,1,0,1.2832564795674986,0.584785977918737,0.5475066036980708,0.4834707436164251,-0.17065945388974757,0.03863987635239568,-0.6979908748899383,0.172559796762906,0.7541502228897373,0.824452362311662,0.20588235294117646,0.5882352941176471,1.2932330827067668,1.393939393939394,0.24806201550387597,0.24806201550387597,-1.2093023255813953,0.43410852713178294,1.426356589147287,-0.7441860465116279
3,1,0,0,-0.18826522499602474,0.27941176470588236,-0.11915070681903124,2,1,0,6,5,4,3,2,1,0,1,1,0,0,0,1,1,1,1,0,0,0,0,1,1,0,0,0,0,0,0,0,1,0,0,0,0,0,0,1,0.45342661790427735,1.2926646108616802,0.5859281197470583,0.5475066036980708,0.486218444100979,-0.17387944358578056,0.03842151604898743,-0.6966302906354354,0.172559796762906,0.7541502228897373,0.20588235294117646,0.20588235294117646,0.6015037593984962,1.303030303030303,1.426356589147287,0.24806201550387597,0.24806201550387597,-1.2093023255813953,0.43410852713178294,1.426356589147287
4,1,0,0,-0.44566703768484645,0.4852941176470588,-0.30372516215662065,3,2,1,0,6,5,4,3,2,1,1,1,1,0,0,0,1,1,1,1,0,0,0,0,1,1,0,0,0,0,0,0,0,1,0,0,0,0,0,0,-0.18826522499602474,0.45881732628181576,1.2951893060113662,0.5859281197470583,0.5506182380216385,0.482998454404946,-0.17289682222044342,0.038346621502868,-0.6966302906354354,0.172559796762906,0.29411764705882354,0.20588235294117646,0.21052631578947367,0.6060606060606061,1.3333333333333333,1.426356589147287,0.24806201550387597,0.24806201550387597,-1.2093023255813953,0.43410852713178294
5,0,1,0,0.7662903482270631,1.9264705882352942,1.1145845825744103,4,3,2,1,0,6,5,4,3,2,1,1,1,1,0,0,0,1,1,1,0,0,0,0,0,1,1,0,0,0,0,0,0,0,1,0,0,0,0,0,-0.44566703768484645,-0.18598111428890976,0.4597134395261347,1.2951893060113662,0.5892581143740341,0.5473982483256055,0.4802689506123428,-0.172559796762906,0.038346621502868,-0.6966302906354354,0.5,0.29411764705882354,0.21052631578947367,0.21212121212121213,0.6201550387596899,1.3333333333333333,1.426356589147287,0.24806201550387597,0.24806201550387597,-1.2093023255813953
6,0,1,0,-0.014946732389887066,1.0735294117647058,0.28771712427471585,5,4,3,2,1,0,6,5,4,3,0,1,1,1,1,0,0,0,1,1,1,0,0,0,0,0,1,1,0,0,0,0,0,0,0,1,0,0,0,0,0.7662903482270631,-0.44462907632575444,-0.186344352837589,0.4597134395261347,1.3025502318392583,0.5860381246780011,0.5443048106939885,0.47933276878585,-0.172559796762906,0.038346621502868,1.9411764705882353,0.5,0.3007518796992481,0.21212121212121213,0.21705426356589147,0.6201550387596899,1.3333333333333333,1.426356589147287,0.24806201550387597,0.24806201550387597
0,1,0,0,-0.18489425981873106,0.22058823529411764,-0.07242383608999128,6,5,4,3,2,1,0,6,5,4,0,0,1,1,1,1,0,0,0,1,1,1,0,0,0,0,0,1,1,0,0,0,0,0,0,0,1,0,0,0,-0.014946732389887066,0.7731957115694952,-0.4454974785880092,-0.186344352837589,0.4623261205564144,1.2993302421432253,0.582726326742976,0.5432438046239634,0.47933276878585,-0.172559796762906,1.088235294117647,1.9411764705882353,0.5112781954887218,0.30303030303030304,0.21705426356589147,0.21705426356589147,0.6201550387596899,1.3333333333333333,1.426356589147287,0.24806201550387597
1,1,0,0,0.11461281602798543,-0.04411764705882353,0.37991240947497784,0,6,5,4,3,2,1,0,6,5,1,0,0,1,1,1,1,0,0,0,0,1,1,0,0,0,0,0,1,1,0,0,0,0,0,0,0,1,0,0,-0.18489425981873106,-0.01182354163005093,0.7747058352677499,-0.4454974785880092,-0.187403400309119,0.45910613086038143,1.2919875130072838,0.5815904261268313,0.5432438046239634,0.47933276878585,0.23529411764705882,1.088235294117647,1.9849624060150375,0.5151515151515151,0.31007751937984496,0.21705426356589147,0.21705426356589147,0.6201550387596899,1.3333333333333333,1.426356589147287
2,1,0,0,-0.2494514231197328,-0.39705882352941174,-0.1392454115809628,1,0,6,5,4,3,2,1,0,6,1,1,0,0,1,1,1,1,0,0,0,0,1,1,0,0,0,0,0,1,0,0,0,0,0,0,0,0,1,0,0.11461281602798543,-0.18259382938948976,-0.01184663411510442,0.7747058352677499,-0.44802936630602785,-0.190623390005152,0.4565116465220524,1.2894690590697746,0.5815904261268313,0.5432438046239634,-0.029411764705882353,0.23529411764705882,1.112781954887218,2.0,0.5271317829457365,0.31007751937984496,0.21705426356589147,0.21705426356589147,0.6201550387596899,1.3333333333333333
3,1,0,0,0.17401812688821758,-0.6617647058823529,0.36726856158922006,2,1,0,6,5,4,3,2,1,0,1,1,1,0,0,1,1,1,1,0,0,0,0,1,1,0,0,0,0,0,0,0,0,0,0,0,0,0,0,1,-0.2494514231197328,0.11836323837218596,-0.18295045225326176,-0.01184663411510442,0.7791087068521383,-0.45124935600206084,-0.18954614584167126,0.4556217744899101,1.2894690590697746,0.5815904261268313,-0.38235294117647056,-0.029411764705882353,0.24060150375939848,1.121212121212121,2.046511627906977,0.5271317829457365,0.31007751937984496,0.21705426356589147,0.21705426356589147,0.6201550387596899
4,1,0,0,-0.5195738591190967,-0.04411764705882353,-0.4862863286422745,3,2,1,0,6,5,4,3,2,1,1,1,1,1,0,0,1,1,1,1,0,0,0,0,1,1,0,0,0,0,0,0,0,0,0,0,0,0,0,0,0.17401812688821758,-0.24746353076517483,0.11859441287120792,-0.18295045225326176,-0.011913961875321965,0.7758887171561053,-0.44869927159209144,-0.18917666608081543,0.4556217744899101,1.2894690590697746,-0.6470588235294118,-0.38235294117647056,-0.03007518796992481,0.24242424242424243,1.1472868217054264,2.046511627906977,0.5271317829457365,0.31007751937984496,0.21705426356589147,0.21705426356589147
5,0,1,0,0.14724121481952618,0.6029411764705882,0.5775181773526005,4,3,2,1,0,6,5,4,3,2,1,1,1,1,1,0,0,1,1,1,0,0,0,0,0,1,1,0,0,0,0,0,0,0,0,0,0,0,0,0,-0.5195738591190967,0.17805614584498383,-0.2479468502361322,0.11859441287120792,-0.18399021123132406,-0.015133951571354937,0.7715040422636676,-0.4478246281176601,-0.18917666608081543,0.4556217744899101,-0.029411764705882353,-0.6470588235294118,-0.39097744360902253,-0.030303030303030304,0.24806201550387597,1.1472868217054264,2.046511627906977,0.5271317829457365,0.31007751937984496,0.21705426356589147
6,0,1,0,0.6722849419621559,1.7205882352941178,1.1201328834951763,5,4,3,2,1,0,6,5,4,3,0,1,1,1,1,1,0,0,1,1,1,0,0,0,0,0,1,1,0,0,0,0,0,0,0,0,0,0,0,0,0.14724121481952618,-0.5188936999696422,0.17840390618746504,-0.2479468502361322,0.1192684183410614,-0.18721020092735702,-0.015048427119186705,0.7700001597775896,-0.4478246281176601,-0.18917666608081543,0.6176470588235294,-0.029411764705882353,-0.6616541353383458,-0.3939393939393939,-0.031007751937984496,0.24806201550387597,1.1472868217054264,2.046511627906977,0.5271317829457365,0.31007751937984496
0,1,0,0,0.8638575290189218,0.6911764705882353,1.2465275515152898,6,5,4,3,2,1,0,6,5,4,0,0,1,1,1,1,1,0,0,1,1,1,0,0,0,0,0,1,1,0,0,0,0,0,0,0,0,0,0,0,0.6722849419621559,0.15114959975713807,-0.5199071480028815,0.17840390618746504,-0.24935600206079345,0.11604842864502843,-0.18615224525734403,-0.015019093421956597,0.7700001597775896,-0.4478246281176601,1.7352941176470589,0.6176470588235294,-0.03007518796992481,-0.6666666666666666,-0.40310077519379844,-0.031007751937984496,0.24806201550387597,1.1472868217054264,2.046511627906977,0.5271317829457365
1,1,0,0,-0.486055016695818,-0.10294117647058823,-0.2836055374687917,0,6,5,4,3,2,1,0,6,5,1,0,0,1,1,1,1,1,0,0,0,1,1,0,0,0,0,0,1,1,0,0,0,0,0,0,0,0,0,0,0.8638575290189218,0.6787352006007635,0.15144480909309216,-0.5199071480028815,0.17941782586295735,-0.25257599175682643,0.11539261986712564,-0.18578938118139543,-0.015019093421956597,0.7700001597775896,0.7058823529411765,1.7352941176470589,0.631578947368421,-0.030303030303030304,-0.6821705426356589,-0.40310077519379844,-0.031007751937984496,0.24806201550387597,1.1472868217054264,2.046511627906977
2,1,0,0,0.10074733661949437,0.4852941176470588,0.48701061423045333,1,0,6,5,4,3,2,1,0,6,1,1,0,0,1,1,1,1,1,0,0,0,1,1,0,0,0,0,0,1,0,0,0,0,0,0,0,0,0,0,-0.486055016695818,0.8712352405451609,0.6800608340670774,0.15144480909309216,-0.5228619268418342,0.1761978361669244,-0.25114864324021446,0.11516768658028029,-0.18578938118139543,-0.015019093421956597,-0.08823529411764706,0.7058823529411765,1.7744360902255638,0.6363636363636364,-0.031007751937984496,-0.6821705426356589,-0.40310077519379844,-0.031007751937984496,0.24806201550387597,1.1472868217054264
3,1,0,0,2.049801240260772,1.2205882352941178,2.6438818492052074,2,1,0,6,5,4,3,2,1,0,1,1,1,0,0,1,1,1,1,1,0,0,0,1,1,0,0,0,0,0,0,0,0,0,0,0,0,0,0,0,0.10074733661949437,-0.4852125840829564,0.8729368446329943,0.6800608340670774,0.15230551262235967,-0.5260819165378672,0.17520211318338275,-0.25065908255708047,0.11516768658028029,-0.18578938118139543,0.5,-0.08823529411764706,0.7218045112781954,1.7878787878787878,0.6511627906976745,-0.031007751937984496,-0.6821705426356589,-0.40310077519379844,-0.031007751937984496,0.24806201550387597
4,1,0,0,-0.4974399745587533,-0.16176470588235295,-0.38960183937188525,3,2,1,0,6,5,4,3,2,1,1,1,1,1,0,0,1,1,1,1,0,0,0,0,1,1,0,0,0,0,0,0,0,0,0,0,0,0,0,0,2.049801240260772,0.10443063255947721,-0.4861602497398543,0.8729368446329943,0.6839258114374035,0.1490855229263267,-0.5231089410069638,0.17486059405307816,-0.25065908255708047,0.11516768658028029,1.2352941176470589,0.5,-0.09022556390977443,0.7272727272727273,1.8294573643410852,0.6511627906976745,-0.031007751937984496,-0.6821705426356589,-0.40310077519379844,-0.031007751937984496
5,0,1,0,0.0887899507075847,0.45588235294117646,0.4437745427984906,4,3,2,1,0,6,5,4,3,2,1,1,1,1,1,0,0,1,1,1,0,0,0,0,0,1,1,0,0,0,0,0,0,0,0,0,0,0,0,0,-0.4974399745587533,2.062920414782622,0.10463459537340912,-0.4861602497398543,0.8778979907264298,0.6807058217413705,0.14824301608900986,-0.5220892517615479,0.17486059405307816,-0.25065908255708047,-0.14705882352941177,1.2352941176470589,0.5112781954887218,-0.09090909090909091,0.7441860465116279,1.8294573643410852,0.6511627906976745,-0.031007751937984496,-0.6821705426356589,-0.40310077519379844
6,0,0,1,-0.54240737796152,0.4852941176470588,-0.27118436117895567,5,4,3,2,1,0,6,5,4,3,0,1,1,1,1,1,0,0,1,1,1,0,0,0,0,0,1,1,0,0,0,0,0,0,0,0,0,0,0,0,0.0887899507075847,-0.49665265949797865,2.06694949171536,0.10463459537340912,-0.4889232354456467,0.8746780010303968,0.6768590410629951,0.1479540479652324,-0.5220892517615479,0.17486059405307816,0.47058823529411764,-0.14705882352941177,1.263157894736842,0.5151515151515151,-0.09302325581395349,0.7441860465116279,1.8294573643410852,0.6511627906976745,-0.031007751937984496,-0.6821705426356589
0,1,0,0,1.3432978215932578,0.6911764705882353,1.465313045767102,6,5,4,3,2,1,0,6,5,4,0,0,1,1,1,1,1,0,0,1,0,1,0,0,0,0,0,1,1,0,1,0,0,0,0,0,0,0,0,0,-0.54240737796152,0.09241535782191193,-0.4976226686944688,2.06694949171536,0.10522926326635759,-0.49214322514167963,0.8697350516289121,0.6755396488088579,0.1479540479652324,-0.5220892517615479,0.5,0.47058823529411764,-0.15037593984962405,1.2727272727272727,0.5271317829457365,-0.09302325581395349,0.7441860465116279,1.8294573643410852,0.6511627906976745,-0.031007751937984496
1,1,0,0,0.182922563205597,0.27941176470588236,0.4752128380223406,0,6,5,4,3,2,1,0,6,5,1,0,0,1,1,1,1,1,0,0,0,0,1,0,0,0,0,0,1,1,0,1,0,0,0,0,0,0,0,0,1.3432978215932578,-0.5418377618355249,0.09259585367805975,-0.4976226686944688,2.078696548171046,0.10200927357032462,-0.4893620427439365,0.8680396887532552,0.6755396488088579,0.1479540479652324,0.7058823529411765,0.5,0.48120300751879697,-0.15151515151515152,1.302325581395349,0.5271317829457365,-0.09302325581395349,0.7441860465116279,1.8294573643410852,0.6511627906976745
2,1,0,0,0.7826999522976625,0.22058823529411764,1.0803446043914033,1,0,6,5,4,3,2,1,0,6,1,1,0,0,1,1,1,1,1,0,0,0,0,1,0,0,0,0,0,1,0,0,1,0,0,0,0,0,0,0,0.182922563205597,1.3529966286928592,-0.5428960217721923,0.09259585367805975,-0.5004507985574447,2.075476558475013,0.10143280236932684,-0.4884081358748621,0.8680396887532552,0.6755396488088579,0.29411764705882354,0.7058823529411765,0.5112781954887218,0.48484848484848486,-0.15503875968992248,1.302325581395349,0.5271317829457365,-0.09302325581395349,0.7441860465116279,1.8294573643410852
3,1,0,0,0.6722849419621559,1.7205882352941178,1.1201328834951763,2,1,0,6,5,4,3,2,1,0,1,1,1,0,0,1,1,1,1,1,0,0,0,0,1,0,0,0,0,0,0,0,0,1,0,0,0,0,0,0,0.7826999522976625,0.18700369086231955,1.3556391579284397,-0.5428960217721923,0.09312210200927364,-0.5036707882534777,2.063747698711278,0.10123508076757154,-0.4884081358748621,0.8680396887532552,0.23529411764705882,0.29411764705882354,0.7218045112781954,0.5151515151515151,0.49612403100775193,-0.15503875968992248,1.302325581395349,0.5271317829457365,-0.09302325581395349,0.7441860465116279
4,1,0,0,-0.05469868023533149,1.4264705882352942,-0.039541993868391946,3,2,1,0,6,5,4,3,2,1,1,1,1,1,0,0,1,1,1,1,0,0,0,0,0,1,0,0,0,0,0,0,0,0,1,0,0,0,0,0,0.6722849419621559,0.7896847588157284,0.18736892659889529,1.3556391579284397,-0.545981452859351,0.08990211231324066,-0.5008244616985511,2.0597248629907163,0.10123508076757154,-0.4884081358748621,1.7352941176470589,0.23529411764705882,0.3007518796992481,0.7272727272727273,0.5271317829457365,0.49612403100775193,-0.15503875968992248,1.302325581395349,0.5271317829457365,-0.09302325581395349
5,0,1,0,0.04318651613929077,0.8088235294117647,0.38368295503696764,4,3,2,1,0,6,5,4,3,2,1,1,1,1,1,0,0,1,1,1,0,0,0,0,0,0,1,0,0,0,0,0,0,0,0,1,0,0,0,0,-0.05469868023533149,0.6787352006007635,0.7912270871688144,0.18736892659889529,1.363343637300361,-0.549201442555384,0.08939406067397747,-0.4998482112898843,2.0597248629907163,0.10123508076757154,1.4411764705882353,1.7352941176470589,0.24060150375939848,0.30303030303030304,0.7441860465116279,0.5271317829457365,0.49612403100775193,-0.15503875968992248,1.302325581395349,0.5271317829457365
6,0,1,0,2.677882016218794,1.9558823529411764,3.289841497715682,5,4,3,2,1,0,6,5,4,3,0,1,1,1,1,1,0,0,1,1,1,0,0,0,0,0,0,1,0,0,0,0,0,0,0,0,1,0,0,0,0.04318651613929077,-0.051767939028871765,0.6800608340670774,0.7912270871688144,0.18843379701184954,1.360123647604328,-0.5460978147762746,0.08921980603000626,-0.4998482112898843,2.0597248629907163,0.8235294117647058,1.4411764705882353,1.7744360902255638,0.24242424242424243,0.31007751937984496,0.7441860465116279,0.5271317829457365,0.49612403100775193,-0.15503875968992248,1.302325581395349
0,1,0,0,1.3506757831133724,1.0441176470588236,1.5464826705277814,6,5,4,3,2,1,0,6,5,4,0,0,1,1,1,1,1,0,0,1,1,1,0,0,0,0,0,0,1,0,0,0,0,0,0,0,0,1,0,0,2.677882016218794,0.04659114512598457,-0.05186904666613299,0.6800608340670774,0.7957238536836684,0.18521380731581658,1.3524373649243573,-0.5450333136274306,0.08921980603000626,-0.4998482112898843,1.9705882352941178,0.8235294117647058,1.4736842105263157,1.7878787878787878,0.24806201550387597,0.31007751937984496,0.7441860465116279,0.5271317829457365,0.49612403100775193,-0.15503875968992248
1,1,0,0,-0.4704722531404038,0.4852941176470588,-0.20698480402010655,0,6,5,4,3,2,1,0,6,5,1,0,0,1,1,1,1,1,0,0,0,1,1,0,0,0,0,0,0,1,0,0,0,0,0,0,0,0,1,0,1.3506757831133724,2.694041893683991,0.04668214199951967,-0.05186904666613299,0.6839258114374035,0.7925038639876354,0.18416713359481302,1.3498010769009536,-0.5450333136274306,0.08921980603000626,1.0588235294117647,1.9705882352941178,0.8421052631578947,1.4848484848484849,1.8294573643410852,0.24806201550387597,0.31007751937984496,0.7441860465116279,0.5271317829457365,0.49612403100775193
2,1,0,0,-0.4700270313245349,-0.16176470588235295,-0.35721819470108923,1,0,6,5,4,3,2,1,0,6,1,1,0,0,1,1,1,1,1,0,0,0,1,1,0,0,0,0,0,0,0,0,0,0,0,0,0,0,0,1,-0.4704722531404038,1.3604103088500805,2.6993036100216115,0.04668214199951967,-0.05216383307573413,0.6807058217413705,0.7880252941647321,0.18380813907041388,1.3498010769009536,-0.5450333136274306,0.5,1.0588235294117647,2.0150375939849625,0.8484848484848485,1.5193798449612403,1.8294573643410852,0.24806201550387597,0.31007751937984496,0.7441860465116279,0.5271317829457365
3,1,0,0,1.4978533948163457,1.2205882352941178,1.9096065862158345,2,1,0,6,5,4,3,2,1,0,1,1,1,0,0,1,1,1,1,1,0,0,0,1,1,0,0,0,0,0,0,0,0,0,0,0,0,0,0,0,-0.4700270313245349,-0.46955438030261865,1.3630673176979107,2.6993036100216115,0.0469474497681607,-0.0553838227717671,0.6768590410629951,0.7864892070238227,0.18380813907041388,1.3498010769009536,-0.14705882352941177,0.5,1.0827067669172932,2.0303030303030303,0.8682170542635659,1.5193798449612403,1.8294573643410852,0.24806201550387597,0.31007751937984496,0.7441860465116279
4,1,0,0,1.0607091747495625,1.5147058823529411,1.3162830463463897,3,2,1,0,6,5,4,3,2,1,1,1,1,1,0,0,1,1,1,1,0,0,0,0,1,1,0,0,0,0,0,0,0,0,0,0,0,0,0,0,1.4978533948163457,-0.4691070030517519,-0.470471464019851,1.3630673176979107,2.714644513137558,0.04372746007212772,-0.055070839670215276,0.6755396488088579,0.7864892070238227,0.18380813907041388,1.2352941176470589,-0.14705882352941177,0.5112781954887218,1.0909090909090908,2.0775193798449614,0.8682170542635659,1.5193798449612403,1.8294573643410852,0.24806201550387597,0.31007751937984496
5,0,1,0,0.9668945778343137,1.5735294117647058,1.2492544746967544,4,3,2,1,0,6,5,4,3,2,1,1,1,1,1,0,0,1,1,1,0,0,0,0,0,1,1,0,0,0,0,0,0,0,0,0,0,0,0,0,1.0607091747495625,1.5083004457794746,-0.47002321299927957,-0.470471464019851,1.3708140133951574,2.7114245234415253,0.04348034899543739,-0.05496349082077743,0.6755396488088579,0.7864892070238227,1.5294117647058822,1.2352941176470589,-0.15037593984962405,0.5151515151515151,1.1162790697674418,2.0775193798449614,0.8682170542635659,1.5193798449612403,1.8294573643410852,0.24806201550387597
6,0,1,0,1.0402289712195896,1.5735294117647058,1.4273800953398181,5,4,3,2,1,0,6,5,4,3,0,1,1,1,1,1,0,0,1,1,1,0,0,0,0,0,1,1,0,0,0,0,0,0,0,0,0,0,0,0,0.9668945778343137,1.0690398964641217,1.5112462979268388,-0.47002321299927957,-0.4731452859350851,1.3675940236991244,2.6961018170175293,0.0433955933340789,-0.05496349082077743,0.6755396488088579,1.588235294117647,1.5294117647058822,1.263157894736842,-0.15151515151515152,0.5271317829457365,1.1162790697674418,2.0775193798449614,0.8682170542635659,1.5193798449612403,1.8294573643410852
0,1,0,0,-0.6811257751629829,-0.07352941176470588,-0.6811087015708748,6,5,4,3,2,1,0,6,5,4,0,0,1,1,1,1,1,0,0,1,1,1,0,0,0,0,0,1,1,0,0,0,0,0,0,0,0,0,0,0,1.0402289712195896,0.9747711186029044,1.0711278315856878,1.5112462979268388,-0.4726944873776405,-0.4763652756311181,1.3598655246938285,2.6908463418920854,0.0433955933340789,-0.05496349082077743,1.588235294117647,1.588235294117647,1.5639097744360901,1.2727272727272727,-0.15503875968992248,0.5271317829457365,1.1162790697674418,2.0775193798449614,0.8682170542635659,1.5193798449612403
1,1,0,0,1.461981237080617,0.8676470588235294,1.6166553731505182,0,6,5,4,3,2,1,0,6,5,1,0,0,1,1,1,1,1,0,0,0,1,1,0,0,0,0,0,1,1,0,0,0,0,0,0,0,0,0,0,-0.6811257751629829,1.0484605429242493,0.9766749379652603,1.0711278315856878,1.5198351365275633,-0.47591447707367346,-0.4736732570239333,1.357214757058175,2.6908463418920854,0.0433955933340789,-0.058823529411764705,1.588235294117647,1.6240601503759398,1.5757575757575757,1.302325581395349,-0.15503875968992248,0.5271317829457365,1.1162790697674418,2.0775193798449614,0.8682170542635659
2,1,0,0,0.49686754650977893,1.3088235294117647,0.5815095858062131,1,0,6,5,4,3,2,1,0,6,1,1,0,0,1,1,1,1,1,0,0,0,1,1,0,0,0,0,0,1,0,0,0,0,0,0,0,0,0,0,1.461981237080617,-0.68122773099845,1.050508284639398,0.9766749379652603,1.0772153529108708,1.5166151468315303,-0.47322500600336187,-0.4727499320945243,1.357214757058175,2.6908463418920854,0.8823529411764706,-0.058823529411764705,1.6240601503759398,1.6363636363636365,1.6124031007751938,1.302325581395349,-0.15503875968992248,0.5271317829457365,1.1162790697674418,2.0775193798449614
3,0,0,1,0.7464461758626173,0.4852941176470588,0.6356370716253433,2,1,0,6,5,4,3,2,1,0,1,1,1,0,0,1,1,1,1,1,0,0,0,1,1,0,0,0,0,0,0,0,0,0,0,0,0,0,0,0,0.49686754650977893,1.4722546215667789,-0.6825582326102617,1.050508284639398,0.9822256568778981,1.0739953632148378,1.5080445049227564,-0.4723025548436576,-0.4727499320945243,1.357214757058175,1.3235294117647058,0.8823529411764706,-0.06015037593984962,1.6363636363636365,1.6744186046511629,1.6124031007751938,1.302325581395349,-0.15503875968992248,0.5271317829457365,1.1162790697674418
4,1,0,0,-0.46818254094450623,0.19117647058823528,-0.26166796399331965,3,2,1,0,6,5,4,3,2,1,0,1,1,1,0,0,1,1,1,1,0,0,0,0,1,1,0,0,0,0,1,0,0,0,0,0,0,0,0,0,0.7464461758626173,0.5024685637592471,1.4751300728407908,-0.6825582326102617,1.0564786192684186,0.9790056671818651,1.0679260385816054,1.505104893987569,-0.4723025548436576,-0.4727499320945243,0.5,1.3235294117647058,0.9022556390977443,-0.06060606060606061,1.6744186046511629,1.6744186046511629,1.6124031007751938,1.302325581395349,-0.15503875968992248,0.5271317829457365
5,0,1,0,0.1517570360947687,0.22058823529411764,0.4229935352386593,4,3,2,1,0,6,5,4,3,2,1,0,1,1,1,0,0,1,1,1,0,0,0,0,0,1,1,0,0,0,0,1,0,0,0,0,0,0,0,0,-0.46818254094450623,0.7532554683880038,0.5034499319618986,1.4751300728407908,-0.6864374034003092,1.0532586295723856,0.973473144961178,1.065844344672216,1.505104893987569,-0.4723025548436576,0.20588235294117646,0.5,1.3533834586466165,0.9090909090909091,-0.06201550387596899,1.6744186046511629,1.6744186046511629,1.6124031007751938,1.302325581395349,-0.15503875968992248
6,0,1,0,-0.36349181109874384,0.8970588235294118,-0.05696845785500432,5,4,3,2,1,0,6,5,4,3,0,1,0,1,1,1,0,0,1,1,1,0,0,0,0,0,1,1,0,0,0,0,1,0,0,0,0,0,0,0,0.1517570360947687,-0.46725358301244657,0.7547266469222764,0.5034499319618986,1.4835136527563115,-0.6896573930963422,1.0473064916353156,0.9715755668109988,1.065844344672216,1.505104893987569,0.23529411764705882,0.20588235294117646,0.5112781954887218,1.3636363636363635,0.9302325581395349,-0.06201550387596899,1.6744186046511629,1.6744186046511629,1.6124031007751938,1.302325581395349
0,1,0,0,0.4979487994911751,-0.39705882352941174,0.9029294026035595,6,5,4,3,2,1,0,6,5,4,0,0,1,0,1,1,1,0,0,1,1,1,0,0,0,0,0,1,1,0,0,0,0,1,0,0,0,0,0,0,-0.36349181109874384,0.15568728330164416,-0.46816617305691177,0.7547266469222764,0.5063111798042248,1.4802936630602785,-0.6857600256143439,1.0452649911323437,0.9715755668109988,1.065844344672216,0.9117647058823529,0.23529411764705882,0.21052631578947367,0.5151515151515151,1.3953488372093024,0.9302325581395349,-0.06201550387596899,1.6744186046511629,1.6744186046511629,1.6124031007751938
1,1,0,0,-0.04560343456829376,0.3088235294117647,0.3391042221137111,0,6,5,4,3,2,1,0,6,5,1,0,0,1,0,1,1,1,0,0,0,1,1,0,0,0,0,0,1,1,0,0,0,0,1,0,0,0,0,0,0.4979487994911751,-0.3620560180229121,0.15599135515888904,-0.46816617305691177,0.7590159711488925,0.5030911901081918,1.4719282798367084,-0.6844232827903557,1.0452649911323437,0.9715755668109988,-0.38235294117647056,0.9117647058823529,0.24060150375939848,0.21212121212121213,0.5271317829457365,1.3953488372093024,0.9302325581395349,-0.06201550387596899,1.6744186046511629,1.6744186046511629
2,1,0,0,-0.3401494673238988,-0.4852941176470588,-0.2704283227819721,1,0,6,5,4,3,2,1,0,6,1,1,0,0,1,0,1,1,1,0,0,0,1,1,0,0,0,0,0,1,0,0,0,0,0,1,0,0,0,0,-0.04560343456829376,0.5035550513684951,-0.362763147362523,0.15599135515888904,-0.47082689335394134,0.7557959814528595,0.5002481389578163,1.469059069774873,-0.6844232827903557,1.0452649911323437,0.3235294117647059,-0.38235294117647056,0.9323308270676691,0.24242424242424243,0.21705426356589147,0.5271317829457365,1.3953488372093024,0.9302325581395349,-0.06201550387596899,1.6744186046511629
3,1,0,0,-0.23393226268087133,0.22058823529411764,-0.008998002436827109,2,1,0,6,5,4,3,2,1,0,1,1,1,0,0,1,0,1,1,1,0,0,0,1,1,0,0,0,0,0,0,0,0,0,0,0,1,0,0,0,-0.3401494673238988,-0.042628660904021516,0.5045385415832867,-0.362763147362523,0.15687789799072654,-0.47404688304997433,0.7515248539181941,0.4992730119673414,1.469059069774873,-0.6844232827903557,-0.47058823529411764,0.3235294117647059,-0.39097744360902253,0.9393939393939394,0.24806201550387597,0.21705426356589147,0.5271317829457365,1.3953488372093024,0.9302325581395349,-0.06201550387596899
4,1,0,0,-0.7584035617745268,-0.45588235294117646,-0.7017840004127865,3,2,1,0,6,5,4,3,2,1,1,1,1,1,0,0,1,0,1,1,0,0,0,0,1,1,0,0,0,0,0,0,0,0,0,0,0,1,0,0,-0.23393226268087133,-0.3386006678703244,-0.04271191867445761,0.5045385415832867,-0.3648248325605359,0.15365790829469358,-0.47136796606099407,0.7500599165960982,0.4992730119673414,1.469059069774873,0.23529411764705882,-0.47058823529411764,0.3308270676691729,-0.3939393939393939,0.9612403100775194,0.24806201550387597,0.21705426356589147,0.5271317829457365,1.3953488372093024,0.9302325581395349
5,0,1,0,0.08968039433932258,0.9558823529411765,0.37718106501633786,4,3,2,1,0,6,5,4,3,2,1,1,1,1,1,0,0,1,0,1,0,0,0,0,0,1,1,0,0,0,0,0,0,0,0,0,0,0,1,0,-0.7584035617745268,-0.2318692380206752,-0.3392619867125589,-0.04271191867445761,0.507405976300876,-0.36804482225656887,0.15278956215480677,-0.47044913480435224,0.7500599165960982,0.4992730119673414,-0.4411764705882353,0.23529411764705882,-0.48120300751879697,0.3333333333333333,-0.40310077519379844,0.9612403100775194,0.24806201550387597,0.21705426356589147,0.5271317829457365,1.3953488372093024
6,0,1,0,1.007091747495627,1.9852941176470589,1.5311054685119403,5,4,3,2,1,0,6,5,4,3,0,1,1,1,1,1,0,0,1,0,1,0,0,0,0,0,1,1,0,0,0,0,0,0,0,0,0,0,0,1,0.08968039433932258,-0.7588796395417577,-0.23232210037621065,-0.3392619867125589,-0.042954662545079784,0.504185986604843,-0.36596494036660526,0.1524917315097385,-0.47044913480435224,0.7500599165960982,0.9705882352941176,-0.4411764705882353,0.24060150375939848,-0.48484848484848486,0.34108527131782945,-0.40310077519379844,0.9612403100775194,0.24806201550387597,0.21705426356589147,0.5271317829457365
0,0,0,1,-0.483192876450946,0.6029411764705882,-0.2852695454238751,6,5,4,3,2,1,0,6,5,4,0,0,1,1,1,1,1,0,0,1,1,1,0,0,0,0,0,1,1,0,0,0,0,0,0,0,0,0,0,0,1.007091747495627,0.09331011232364543,-0.7603618026094612,-0.23232210037621065,-0.3411901081916538,-0.04617465224111276,0.5013367485792044,-0.36525156981481777,0.1524917315097385,-0.47044913480435224,2.0,0.9705882352941176,-0.45112781954887216,0.24242424242424243,-0.49612403100775193,0.34108527131782945,-0.40310077519379844,0.9612403100775194,0.24806201550387597,0.21705426356589147
1,1,0,0,0.1789155668627762,0.014705882352941176,0.4527037139883834,0,6,5,4,3,2,1,0,6,5,0,0,0,1,1,1,1,1,0,0,0,1,1,0,0,0,0,0,1,1,1,0,0,0,0,0,0,0,0,0,-0.483192876450946,1.015162893252592,0.0934923557192027,-0.7603618026094612,-0.23364245234415254,-0.34441009788768673,-0.045913711678539894,0.5003594995765894,-0.36525156981481777,0.1524917315097385,0.6176470588235294,2.0,0.9924812030075187,-0.45454545454545453,0.24806201550387597,-0.49612403100775193,0.34108527131782945,-0.40310077519379844,0.9612403100775194,0.24806201550387597
2,1,0,0,-0.025504849737637083,-0.1323529411764706,0.29377949915068774,1,0,6,5,4,3,2,1,0,6,1,0,0,0,1,1,1,1,1,0,0,0,1,1,0,0,0,0,0,1,0,1,0,0,0,0,0,0,0,0,0.1789155668627762,-0.48233658747024133,1.0171456015368603,0.0934923557192027,-0.7646831530139104,-0.23686244204018553,-0.3424637797166412,-0.04582421269592718,0.5003594995765894,-0.36525156981481777,0.029411764705882353,0.6176470588235294,2.045112781954887,1.0,-0.46511627906976744,0.24806201550387597,-0.49612403100775193,0.34108527131782945,-0.40310077519379844,0.9612403100775194
3,1,0,0,0.1773890920655111,1.0147058823529411,0.6154348494411933,2,1,0,6,5,4,3,2,1,0,1,1,0,0,0,1,1,1,1,1,0,0,0,1,1,0,0,0,0,0,0,0,1,0,0,0,0,0,0,0,-0.025504849737637083,0.18297729560451845,-0.4832786360361802,1.0171456015368603,0.09402369912416278,-0.7679031427099434,-0.23552389338029295,-0.34179621966223006,-0.04582421269592718,0.5003594995765894,-0.11764705882352941,0.029411764705882353,0.631578947368421,2.0606060606060606,1.0232558139534884,-0.46511627906976744,0.24806201550387597,-0.49612403100775193,0.34108527131782945,-0.40310077519379844
4,1,0,0,-0.07028144379074582,0.19117647058823528,0.11748890950253547,3,2,1,0,6,5,4,3,2,1,1,1,1,0,0,0,1,1,1,1,0,0,0,0,1,1,0,0,0,0,0,0,0,1,0,0,0,0,0,0,0.1773890920655111,-0.022432773579177723,0.18333466741375165,-0.4832786360361802,1.022926326635755,0.0908037094281298,-0.7635635956135435,-0.23506478981258086,-0.34179621966223006,-0.04582421269592718,1.0294117647058822,-0.11764705882352941,0.03007518796992481,0.6363636363636364,2.108527131782946,1.0232558139534884,-0.46511627906976744,0.24806201550387597,-0.49612403100775193,0.34108527131782945
5,0,1,0,0.26808713626967723,0.6323529411764706,0.5950445220099467,4,3,2,1,0,6,5,4,3,2,1,1,1,1,0,0,0,1,1,1,0,0,0,0,0,1,1,0,0,0,0,0,0,0,1,0,0,0,0,0,-0.07028144379074582,0.18144343074440367,-0.02247658688865759,0.18333466741375165,-0.486025244719217,1.019706336939722,0.09029056271512041,-0.7620751913336634,-0.23506478981258086,-0.34179621966223006,0.20588235294117646,1.0294117647058822,-0.12030075187969924,0.030303030303030304,0.6511627906976745,2.108527131782946,1.0232558139534884,-0.46511627906976744,0.24806201550387597,-0.49612403100775193
6,0,1,0,-0.1457783431388137,0.4852941176470588,0.24334237300295808,5,4,3,2,1,0,6,5,4,3,0,1,1,1,1,0,0,0,1,1,1,0,0,0,0,0,1,1,0,0,0,0,0,0,0,1,0,0,0,0,0.26808713626967723,-0.06742614280920964,0.18179780677179208,-0.02247658688865759,0.184376609994848,-0.48924523441525,1.013943808532778,0.09011456053173976,-0.7620751913336634,-0.23506478981258086,0.6470588235294118,0.20588235294117646,1.0526315789473684,-0.12121212121212122,0.031007751937984496,0.6511627906976745,2.108527131782946,1.0232558139534884,-0.46511627906976744,0.24806201550387597
0,1,0,0,-0.7006519319446651,0.22058823529411764,-0.5472876946661963,6,5,4,3,2,1,0,6,5,4,0,0,1,1,1,1,0,0,0,1,1,1,0,0,0,0,0,1,1,0,0,0,0,0,0,0,1,0,0,0,-0.1457783431388137,0.2725805678495534,-0.0675578323861363,0.18179780677179208,-0.022604327666151412,0.18115662029881505,-0.48648042904026245,1.0119673414606865,0.09011456053173976,-0.7620751913336634,0.5,0.6470588235294118,0.21052631578947367,1.0606060606060606,-0.12403100775193798,0.031007751937984496,0.6511627906976745,2.108527131782946,1.0232558139534884,-0.46511627906976744
1,1,0,0,-0.3530608999840991,-0.27941176470588236,-0.04708690336811388,0,6,5,4,3,2,1,0,6,5,1,0,0,1,1,1,1,0,0,0,0,1,1,0,0,0,0,0,1,1,0,0,0,0,0,0,0,1,0,0,-0.7006519319446651,-0.14328854234905,0.273112943248219,-0.0675578323861363,0.18283101494075213,-0.025824317362184386,0.18013287440966935,-0.485532139262147,1.0119673414606865,0.09011456053173976,0.23529411764705882,0.5,0.6616541353383458,0.21212121212121213,1.0852713178294573,-0.12403100775193798,0.031007751937984496,0.6511627906976745,2.108527131782946,1.0232558139534884
2,1,0,0,-0.3486086818254094,-0.10294117647058823,-0.22202357736488967,1,0,6,5,4,3,2,1,0,6,1,1,0,0,1,1,1,1,0,0,0,0,1,1,0,0,0,0,0,1,0,0,0,0,0,0,0,0,1,0,-0.3530608999840991,-0.7008484190007508,-0.1435683983030496,0.273112943248219,-0.06794178258629581,0.17961102524471917,-0.025678379892739873,0.17978174381261278,-0.485532139262147,1.0119673414606865,-0.2647058823529412,0.23529411764705882,0.5112781954887218,0.6666666666666666,0.21705426356589147,1.0852713178294573,-0.12403100775193798,0.031007751937984496,0.6511627906976745,2.108527131782946
3,1,0,0,-0.3522340594689139,0.4264705882352941,0.03933560061116118,2,1,0,6,5,4,3,2,1,0,1,1,1,0,0,1,1,1,1,0,0,0,0,1,1,0,0,0,0,0,0,0,0,0,0,0,0,0,0,1,-0.3486086818254094,-0.3515746081454614,-0.7022172416553268,-0.1435683983030496,0.2746651210716127,-0.07116177228232878,0.1785960137677098,-0.02562832537108339,0.17978174381261278,-0.485532139262147,-0.08823529411764706,-0.2647058823529412,0.24060150375939848,0.5151515151515151,0.6821705426356589,0.21705426356589147,1.0852713178294573,-0.12403100775193798,0.031007751937984496,0.6511627906976745
4,1,0,0,-0.4900620130386388,0.4852941176470588,-0.3226379791427254,3,2,1,0,6,5,4,3,2,1,1,1,1,1,0,0,1,1,1,1,0,0,0,0,1,1,0,0,0,0,0,0,0,0,0,0,0,0,0,0,-0.3522340594689139,-0.34710083563679356,-0.352261266309133,-0.7022172416553268,-0.14438433797011843,0.2714451313755797,-0.07075962539021859,0.178247878952498,-0.02562832537108339,0.17978174381261278,0.4411764705882353,-0.08823529411764706,-0.2706766917293233,0.24242424242424243,0.5271317829457365,0.6821705426356589,0.21705426356589147,1.0852713178294573,-0.12403100775193798,0.031007751937984496
5,0,1,0,0.03275560502464624,0.9558823529411765,0.4802629413923034,4,3,2,1,0,6,5,4,3,2,1,1,1,1,1,0,0,1,1,1,0,0,0,0,0,1,1,0,0,0,0,0,0,0,0,0,0,0,0,0,-0.4900620130386388,-0.350743764679566,-0.34777875610341785,-0.352261266309133,-0.7062081401339517,-0.14760432766615142,0.2699111502441367,-0.07062169460111531,0.178247878952498,-0.02562832537108339,0.5,0.4411764705882353,-0.09022556390977443,-0.2727272727272727,0.24806201550387597,0.5271317829457365,0.6821705426356589,0.21705426356589147,1.0852713178294573,-0.12403100775193798
6,0,1,0,0.002862140244871926,0.75,0.3480141004577479,5,4,3,2,1,0,6,5,4,3,0,1,1,1,1,1,0,0,1,1,1,0,0,0,0,0,1,1,0,0,0,0,0,0,0,0,0,0,0,0,0.03275560502464624,-0.48923897934075755,-0.35142880012807165,-0.34777875610341785,-0.3542632663575477,-0.7094281298299846,-0.1467701913071319,0.26938501605764775,-0.07062169460111531,0.178247878952498,0.9705882352941176,0.5,0.45112781954887216,-0.09090909090909091,-0.27906976744186046,0.24806201550387597,0.5271317829457365,0.6821705426356589,0.21705426356589147,1.0852713178294573
0,1,0,0,-0.4104945142311972,-0.39705882352941174,-0.35879779645555254,6,5,4,3,2,1,0,6,5,4,0,0,1,1,1,1,1,0,0,1,1,1,0,0,0,0,0,1,1,0,0,0,0,0,0,0,0,0,0,0,0.002862140244871926,0.03610973524853407,-0.4901945089249979,-0.35142880012807165,-0.3497552807831016,-0.3574832560535806,-0.7054190346594091,-0.14648409414095567,0.26938501605764775,-0.07062169460111531,0.7647058823529411,0.9705882352941176,0.5112781954887218,0.45454545454545453,-0.09302325581395349,-0.27906976744186046,0.24806201550387597,0.5271317829457365,0.6821705426356589,0.21705426356589147
1,1,0,0,0.3059945937350931,-0.36764705882352944,0.576433356707487,0,6,5,4,3,2,1,0,6,5,1,0,0,1,1,1,1,1,0,0,0,1,1,0,0,0,0,0,1,1,0,0,0,0,0,0,0,0,0,0,-0.4104945142311972,0.006071548404620694,0.03618026094612986,-0.4901945089249979,-0.35342606903657914,-0.3529752704791345,-0.3554630593132153,-0.7040439707926565,-0.14648409414095567,0.26938501605764775,-0.38235294117647056,0.7647058823529411,0.9924812030075187,0.5151515151515151,0.46511627906976744,-0.09302325581395349,-0.27906976744186046,0.24806201550387597,0.5271317829457365,0.6821705426356589
2,1,0,0,0.17656225155032587,0.6323529411764706,0.49733630610632135,1,0,6,5,4,3,2,1,0,6,1,1,0,0,1,1,1,1,1,0,0,0,1,1,0,0,0,0,0,1,0,0,0,0,0,0,0,0,0,0,0.3059945937350931,-0.40928627350727775,0.00608340670775627,0.03618026094612986,-0.49298042246264817,-0.35664605873261207,-0.35098054910750015,-0.35477015993736705,-0.7040439707926565,-0.14648409414095567,-0.35294117647058826,-0.38235294117647056,0.7819548872180451,1.0,0.5271317829457365,0.46511627906976744,-0.09302325581395349,-0.27906976744186046,0.24806201550387597,0.5271317829457365
3,1,0,0,-0.5628239783749402,-0.39705882352941174,-0.26651750215323733,2,1,0,6,5,4,3,2,1,0,1,1,1,0,0,1,1,1,1,1,0,0,0,1,1,0,0,0,0,0,0,0,0,0,0,0,0,0,0,0,0.17656225155032587,0.310671545209069,-0.41008564796285907,0.00608340670775627,0.03638588356517263,-0.49620041215868116,-0.35463059313215395,-0.3502963874286992,-0.35477015993736705,-0.7040439707926565,0.6470588235294118,-0.35294117647058826,-0.39097744360902253,0.7878787878787878,1.0232558139534884,0.5271317829457365,0.46511627906976744,-0.09302325581395349,-0.27906976744186046,0.24806201550387597
4,1,0,0,-0.6166958180950866,-0.4852941176470588,-0.4301081740823627,3,2,1,0,6,5,4,3,2,1,1,1,1,1,0,0,1,1,1,1,0,0,0,0,1,1,0,0,0,0,0,0,0,0,0,0,0,0,0,0,-0.5628239783749402,0.18061258727850824,0.3112783158568799,-0.41008564796285907,0.006117980422462576,0.03316589386913966,-0.4933963019290802,-0.3539393164714716,-0.3502963874286992,-0.35477015993736705,-0.38235294117647056,0.6470588235294118,-0.3609022556390977,-0.3939393939393939,0.8062015503875969,1.0232558139534884,0.5271317829457365,0.46511627906976744,-0.09302325581395349,-0.27906976744186046
5,0,1,0,0.021879472094132595,0.4264705882352941,0.43705078505051637,4,3,2,1,0,6,5,4,3,2,1,1,1,1,1,0,0,1,1,1,0,0,0,0,0,1,1,0,0,0,0,0,0,0,0,0,0,0,0,0,-0.6166958180950866,-0.5623532043395592,0.18096534059073072,0.3112783158568799,-0.41241628026790317,0.0028979907264296027,0.032978467942047576,-0.4924345311326632,-0.3539393164714716,-0.3502963874286992,-0.47058823529411764,-0.38235294117647056,0.6616541353383458,-0.36363636363636365,-0.40310077519379844,0.8062015503875969,1.0232558139534884,0.5271317829457365,0.46511627906976744,-0.09302325581395349
6,0,1,0,0.257783431388138,1.4264705882352942,1.0075535008451422,5,4,3,2,1,0,6,5,4,3,0,1,1,1,1,1,0,0,1,1,1,0,0,0,0,0,1,1,0,0,0,0,0,0,0,0,0,0,0,0,0.021879472094132595,-0.6164858516944411,-0.5634515328584006,0.18096534059073072,0.3130473982483257,-0.41563626996393616,0.0028816137036739844,0.0329141834566284,-0.4924345311326632,-0.3539393164714716,0.4411764705882353,-0.47058823529411764,-0.39097744360902253,0.6666666666666666,-0.37209302325581395,-0.40310077519379844,0.8062015503875969,1.0232558139534884,0.5271317829457365,0.46511627906976744
0,1,0,0,0.22572746064557167,0.9558823529411765,0.8608607493130315,6,5,4,3,2,1,0,6,5,4,0,0,1,1,1,1,1,0,0,1,1,1,0,0,0,0,0,1,1,0,0,0,0,0,0,0,0,0,0,0,0.257783431388138,0.02518094812021664,-0.6176899063475545,-0.5634515328584006,0.1819938176197836,0.3098274085522928,-0.41328744096694137,0.002875996612715027,0.0329141834566284,-0.4924345311326632,1.4411764705882353,0.4411764705882353,-0.48120300751879697,-0.3939393939393939,0.6821705426356589,-0.37209302325581395,-0.40310077519379844,0.8062015503875969,1.0232558139534884,0.5271317829457365
1,1,0,0,0.06290348227063117,0.6029411764705882,0.613694473971263,0,6,5,4,3,2,1,0,6,5,1,0,0,1,1,1,1,1,0,0,0,1,1,0,0,0,0,0,1,1,0,0,0,0,0,0,0,0,0,0,0.22572746064557167,0.26222698004377903,0.025230128872168398,-0.6176899063475545,-0.5666537867078826,0.17877382792375063,0.30807652285279763,-0.4124818252991834,0.002875996612715027,0.0329141834566284,0.9705882352941176,1.4411764705882353,0.45112781954887216,-0.48484848484848486,-0.40310077519379844,0.6821705426356589,-0.37209302325581395,-0.40310077519379844,0.8062015503875969,1.0232558139534884
2,1,0,0,0.2622992526633805,0.6911764705882353,0.8496323130248162,1,0,6,5,4,3,2,1,0,6,1,1,0,0,1,1,1,1,1,0,0,0,1,1,0,0,0,0,0,1,0,0,0,0,0,0,0,0,0,0,0.06290348227063117,0.23001581798136994,0.2627391339149924,0.025230128872168398,-0.6212004121586812,-0.5698737764039156,0.17776354758664845,0.30747599341716336,-0.4124818252991834,0.002875996612715027,0.6176470588235294,0.9705882352941176,1.4736842105263157,0.45454545454545453,-0.49612403100775193,-0.40310077519379844,0.6821705426356589,-0.37209302325581395,-0.40310077519379844,0.8062015503875969
3,1,0,0,-0.53184926061377,-0.19117647058823528,-0.24167736021215297,2,1,0,6,5,4,3,2,1,0,1,1,1,0,0,1,1,1,1,1,0,0,0,1,1,0,0,0,0,0,0,0,0,0,0,0,0,0,0,0,0.2622992526633805,0.06640356623579967,0.230465060433843,0.2627391339149924,0.025373518804739814,-0.6244204018547141,-0.5666533258624828,0.17741703548660256,0.30747599341716336,-0.4124818252991834,0.7058823529411765,0.6176470588235294,0.9924812030075187,1.4848484848484849,0.46511627906976744,-0.49612403100775193,-0.40310077519379844,0.6821705426356589,-0.37209302325581395,-0.40310077519379844
4,1,0,0,-0.2055016695818095,0.9264705882352942,0.32311587901195105,3,2,1,0,6,5,4,3,2,1,1,1,1,1,0,0,1,1,1,1,0,0,0,0,1,1,0,0,0,0,0,0,0,0,0,0,0,0,0,0,-0.53184926061377,0.2667646635882851,0.06653325862482981,0.230465060433843,0.2642323544564658,0.02215352910870684,-0.6208916993516368,-0.5655487561314648,0.17741703548660256,0.30747599341716336,-0.17647058823529413,0.7058823529411765,0.631578947368421,1.0,1.5193798449612403,0.46511627906976744,-0.49612403100775193,-0.40310077519379844,0.6821705426356589,-0.37209302325581395
5,0,1,0,-0.5452059150898393,0.19117647058823528,-0.193822058967679,4,3,2,1,0,6,5,4,3,2,1,1,1,1,1,0,0,1,1,1,0,0,0,0,0,1,1,0,0,0,0,0,0,0,0,0,0,0,0,0,-0.2055016695818095,-0.531228529886398,0.2672856799807893,0.06653325862482981,0.23177485832045347,0.2610123647604328,0.02202833586808611,-0.6196814034863468,-0.5655487561314648,0.17741703548660256,0.9411764705882353,-0.17647058823529413,0.7218045112781954,0.6363636363636364,1.0232558139534884,1.5193798449612403,0.46511627906976744,-0.49612403100775193,-0.40310077519379844,0.6821705426356589
6,0,1,0,-0.2509778979169979,0.4852941176470588,0.35515265439162697,5,4,3,2,1,0,6,5,4,3,0,1,1,1,1,1,0,0,1,1,1,0,0,0,0,0,1,1,0,0,0,0,0,0,0,0,0,0,0,0,-0.5452059150898393,-0.20330100500103854,-0.5322660689986392,0.2672856799807893,0.0669113858835651,0.2285548686244205,0.2595373409109101,0.021985396328310973,-0.6196814034863468,-0.5655487561314648,0.20588235294117646,0.9411764705882353,-0.18045112781954886,0.7272727272727273,0.6511627906976745,1.0232558139534884,1.5193798449612403,0.46511627906976744,-0.49612403100775193,-0.40310077519379844
0,1,0,0,-0.2292892351725235,0.27941176470588236,0.34745882823795377,6,5,4,3,2,1,0,6,5,4,0,0,1,1,1,1,1,0,0,1,1,1,0,0,0,0,0,1,1,0,0,0,0,0,0,0,0,0,0,0,-0.2509778979169979,-0.5446498474124019,-0.20369807091971504,-0.5322660689986392,0.26880473982483266,0.06369139618753213,0.2272632674297607,0.25903142825187336,0.021985396328310973,-0.6196814034863468,0.5,0.20588235294117646,0.9624060150375939,-0.18181818181818182,0.7441860465116279,0.6511627906976745,1.0232558139534884,1.5193798449612403,0.46511627906976744,-0.49612403100775193
1,1,0,0,-0.2317061536015265,0.8970588235294118,0.3516417583801164,0,6,5,4,3,2,1,0,6,5,1,0,0,1,1,1,1,1,0,0,0,1,1,0,0,0,0,0,1,1,0,0,0,0,0,0,0,0,0,0,-0.2292892351725235,-0.2489973956252896,-0.5457135996157848,-0.20369807091971504,-0.5352910870685215,0.2655847501287997,0.06333146562074753,0.22682026618946427,0.25903142825187336,0.021985396328310973,0.29411764705882354,0.5,0.21052631578947367,0.9696969696969697,-0.18604651162790697,0.7441860465116279,0.6511627906976745,1.0232558139534884,1.5193798449612403,0.46511627906976744
2,1,0,0,-0.5739545237716647,0.25,-0.3718457892685655,1,0,6,5,4,3,2,1,0,6,1,1,0,0,1,1,1,1,1,0,0,0,1,1,0,0,0,0,0,1,0,0,0,0,0,0,0,0,0,0,-0.2317061536015265,-0.227203732404493,-0.24948371087809174,-0.5457135996157848,-0.20485574446161778,-0.5385110767645545,0.264083886976707,0.063208014443894,0.22682026618946427,0.25903142825187336,0.9117647058823529,0.29411764705882354,0.5112781954887218,0.21212121212121213,0.9922480620155039,-0.18604651162790697,0.7441860465116279,0.6511627906976745,1.0232558139534884,1.5193798449612403
3,1,0,0,-0.03981555096199708,-0.25,0.2654772962141659,2,1,0,6,5,4,3,2,1,0,1,1,1,0,0,1,1,1,1,1,0,0,0,1,1,0,0,0,0,0,0,0,0,0,0,0,0,0,0,0,-0.5739545237716647,-0.22963235176634125,-0.22764748259025058,-0.24948371087809174,-0.54881504379186,-0.20807573415765074,-0.5354678620027215,0.26356911179637943,0.063208014443894,0.22682026618946427,0.2647058823529412,0.9117647058823529,0.3007518796992481,0.5151515151515151,0.21705426356589147,0.9922480620155039,-0.18604651162790697,0.7441860465116279,0.6511627906976745,1.0232558139534884
4,1,0,0,0.17465415805374465,0.9852941176470589,0.7527327889099898,3,2,1,0,6,5,4,3,2,1,1,1,1,1,0,0,1,1,1,1,0,0,0,0,1,1,0,0,0,0,0,0,0,0,0,0,0,0,0,0,-0.03981555096199708,-0.5735376356112291,-0.2300808452733531,-0.22764748259025058,-0.25090159711488935,-0.552035033487893,-0.2068998639237973,-0.5344240816783037,0.26356911179637943,0.063208014443894,-0.23529411764705882,0.2647058823529412,0.9323308270676691,0.30303030303030304,0.5271317829457365,0.21705426356589147,0.9922480620155039,-0.18604651162790697,0.7441860465116279,0.6511627906976745
5,0,1,0,-0.5995229766258546,0.07352941176470588,-0.498122489574955,4,3,2,1,0,6,5,4,3,2,1,1,1,1,1,0,0,1,1,1,0,0,0,0,0,1,1,0,0,0,0,0,0,0,0,0,0,0,0,0,0.17465415805374465,-0.03681275664275322,-0.5746578083726885,-0.2300808452733531,-0.22894126738794446,-0.2541215868109223,-0.548915392619867,-0.2064965567929442,-0.5344240816783037,0.26356911179637943,1.0,-0.23529411764705882,0.2706766917293233,0.9393939393939394,0.31007751937984496,0.5271317829457365,0.21705426356589147,0.9922480620155039,-0.18604651162790697,0.7441860465116279
6,0,1,0,-0.10462712672920964,0.22058823529411764,0.3814877909194101,5,4,3,2,1,0,6,5,4,3,0,1,1,1,1,1,0,0,1,1,1,0,0,0,0,0,1,1,0,0,0,0,0,0,0,0,0,0,0,0,-0.5995229766258546,0.17869525620336493,-0.03688465540702787,-0.5746578083726885,-0.2313884595569295,-0.23216125708397745,-0.25268550388217403,-0.5478453992043075,-0.2064965567929442,-0.5344240816783037,0.08823529411764706,1.0,-0.24060150375939848,0.2727272727272727,0.9612403100775194,0.31007751937984496,0.5271317829457365,0.21705426356589147,0.9922480620155039,-0.18604651162790697
0,1,0,0,-0.42315153442518677,0.22058823529411764,-0.09509272900369382,6,5,4,3,2,1,0,6,5,4,0,0,1,1,1,1,1,0,0,1,1,1,0,0,0,0,0,1,1,0,0,0,0,0,0,0,0,0,0,0,-0.10462712672920964,-0.5992298720181507,0.17904426478828145,-0.03688465540702787,-0.577923750643998,-0.23460844925296248,-0.23084927559433285,-0.2521929474171953,-0.5478453992043075,-0.2064965567929442,0.23529411764705882,0.08823529411764706,1.0225563909774436,-0.24242424242424243,0.27906976744186046,0.9612403100775194,0.31007751937984496,0.5271317829457365,0.21705426356589147,0.9922480620155039
1,1,0,0,-0.3284464938781999,-0.1323529411764706,0.2737052930374782,0,6,5,4,3,2,1,0,6,5,1,0,0,1,1,1,1,1,0,0,0,1,1,0,0,0,0,0,1,1,0,0,0,0,0,0,0,0,0,0,-0.42315153442518677,-0.1019381021617907,-0.6004002241255102,0.17904426478828145,-0.037094281298299794,-0.581143740340031,-0.23328263827743537,-0.23039928419639863,-0.2521929474171953,-0.5478453992043075,0.23529411764705882,0.23529411764705882,0.09022556390977443,1.0303030303030303,-0.24806201550387597,0.27906976744186046,0.9612403100775194,0.31007751937984496,0.5271317829457365,0.21705426356589147
2,1,0,0,-0.6189219271744315,0.3088235294117647,-0.3858172261097921,1,0,6,5,4,3,2,1,0,6,1,1,0,0,1,1,1,1,1,0,0,0,1,1,0,0,0,0,0,1,0,0,0,0,0,0,0,0,0,0,-0.3284464938781999,-0.42200456963906235,-0.10213719683022483,-0.6004002241255102,0.18006182380216393,-0.04031427099433277,-0.5778596013767708,-0.23282790355824692,-0.23039928419639863,-0.2521929474171953,-0.11764705882352941,0.23529411764705882,0.24060150375939848,0.09090909090909091,1.054263565891473,-0.24806201550387597,0.27906976744186046,0.9612403100775194,0.31007751937984496,0.5271317829457365
3,1,0,0,-0.5220543806646525,-0.1323529411764706,-0.32411327894927944,2,1,0,6,5,4,3,2,1,0,1,1,1,0,0,1,1,1,1,1,0,0,0,1,1,0,0,0,0,0,0,0,0,0,0,0,0,0,0,0,-0.6189219271744315,-0.3268410372761115,-0.4228287841191066,-0.10213719683022483,-0.6038124678001032,0.17684183410613094,-0.04008644841111016,-0.5767331874031347,-0.23282790355824692,-0.23039928419639863,0.3235294117647059,-0.11764705882352941,0.24060150375939848,0.24242424242424243,0.09302325581395349,1.054263565891473,-0.24806201550387597,0.27906976744186046,0.9612403100775194,0.31007751937984496
4,1,0,0,1.023374145333121,1.4852941176470589,1.9019549631624713,3,2,1,0,6,5,4,3,2,1,1,1,1,1,0,0,1,1,1,1,0,0,0,0,1,1,0,0,0,0,0,0,0,0,0,0,0,0,0,0,-0.5220543806646525,-0.6187227379487752,-0.3274793884575361,-0.4228287841191066,-0.10271767130345177,-0.6070324574961361,0.17584247178419918,-0.04000830843465889,-0.5767331874031347,-0.23282790355824692,-0.11764705882352941,0.3235294117647059,-0.12030075187969924,0.24242424242424243,0.24806201550387597,0.09302325581395349,1.054263565891473,-0.24806201550387597,0.27906976744186046,0.9612403100775194
5,0,1,0,0.5189378279535695,1.6911764705882353,1.1797204456587103,4,3,2,1,0,6,5,4,3,2,1,1,1,1,1,0,0,1,1,1,0,0,0,0,0,1,1,0,0,0,0,0,0,0,0,0,0,0,0,0,1.023374145333121,-0.5213862303673286,-0.6199311614504122,-0.3274793884575361,-0.4252318392581145,-0.10593766099948475,-0.6036020171295925,0.17549970441145926,-0.04000830843465889,-0.5767331874031347,1.5,-0.11764705882352941,0.3308270676691729,-0.12121212121212122,0.24806201550387597,0.24806201550387597,0.09302325581395349,1.054263565891473,-0.24806201550387597,0.27906976744186046
6,0,1,0,1.8065829225632055,2.1029411764705883,2.615406211623126,5,4,3,2,1,0,6,5,4,3,0,1,1,1,1,1,0,0,1,1,1,0,0,0,0,0,1,1,0,0,0,0,0,0,0,0,0,0,0,0,0.5189378279535695,1.031524118427149,-0.5224045465460657,-0.6199311614504122,-0.32934054611025243,-0.4284518289541474,-0.10533898983430712,-0.6024254238100564,0.17549970441145926,-0.04000830843465889,1.7058823529411764,1.5,-0.12030075187969924,0.3333333333333333,-0.12403100775193798,0.24806201550387597,0.24806201550387597,0.09302325581395349,1.054263565891473,-0.24806201550387597
0,1,0,0,0.5081889012561613,0.6617647058823529,1.1288860074666327,6,5,4,3,2,1,0,6,5,4,0,0,1,1,1,1,1,0,0,1,1,1,0,0,0,0,0,1,1,0,0,0,0,0,0,0,0,0,0,0,1.8065829225632055,0.5246456931950721,1.0335387817177617,-0.5224045465460657,-0.6234544049459043,-0.3325605358062854,-0.4260305771231889,-0.10513365395369637,-0.6024254238100564,0.17549970441145926,2.1176470588235294,1.7058823529411764,1.5338345864661653,-0.12121212121212122,0.34108527131782945,-0.12403100775193798,0.24806201550387597,0.24806201550387597,0.09302325581395349,1.054263565891473
1,1,0,0,0.021752265861027107,0.5147058823529411,0.4308338664405518,0,6,5,4,3,2,1,0,6,5,1,0,0,1,1,1,1,1,0,0,0,1,1,0,0,0,0,0,1,1,0,0,0,0,0,0,0,0,0,0,0.5081889012561613,1.818524613737677,0.5256703754102295,1.0335387817177617,-0.5253735188047399,-0.6266743946419373,-0.33068118146161835,-0.425200121430968,-0.10513365395369637,-0.6024254238100564,0.6764705882352942,2.1176470588235294,1.744360902255639,1.5454545454545454,-0.12403100775193798,0.34108527131782945,-0.12403100775193798,0.24806201550387597,0.24806201550387597,0.09302325581395349
