DIA_SEMANA,LABORAL,FIN_DE_SEMANA,FESTIVO,PORCENTAJE_USO,NUMERO_CONEXIONES,USAGE_KB,DIA_SEMANA_lag_1,DIA_SEMANA_lag_2,DIA_SEMANA_lag_3,DIA_SEMANA_lag_4,DIA_SEMANA_lag_5,DIA_SEMANA_lag_6,DIA_SEMANA_lag_7,DIA_SEMANA_lag_8,DIA_SEMANA_lag_9,DIA_SEMANA_lag_10,LABORAL_lag_1,LABORAL_lag_2,LABORAL_lag_3,LABORAL_lag_4,LABORAL_lag_5,LABORAL_lag_6,LABORAL_lag_7,LABORAL_lag_8,LABORAL_lag_9,LABORAL_lag_10,FIN_DE_SEMANA_lag_1,FIN_DE_SEMANA_lag_2,FIN_DE_SEMANA_lag_3,FIN_DE_SEMANA_lag_4,FIN_DE_SEMANA_lag_5,FIN_DE_SEMANA_lag_6,FIN_DE_SEMANA_lag_7,FIN_DE_SEMANA_lag_8,FIN_DE_SEMANA_lag_9,FIN_DE_SEMANA_lag_10,FESTIVO_lag_1,FESTIVO_lag_2,FESTIVO_lag_3,FESTIVO_lag_4,FESTIVO_lag_5,FESTIVO_lag_6,FESTIVO_lag_7,FESTIVO_lag_8,FESTIVO_lag_9,FESTIVO_lag_10,PORCENTAJE_USO_lag_1,PORCENTAJE_USO_lag_2,PORCENTAJE_USO_lag_3,PORCENTAJE_USO_lag_4,PORCENTAJE_USO_lag_5,PORCENTAJE_USO_lag_6,PORCENTAJE_USO_lag_7,PORCENTAJE_USO_lag_8,PORCENTAJE_USO_lag_9,PORCENTAJE_USO_lag_10,NUMERO_CONEXIONES_lag_1,NUMERO_CONEXIONES_lag_2,NUMERO_CONEXIONES_lag_3,NUMERO_CONEXIONES_lag_4,NUMERO_CONEXIONES_lag_5,NUMERO_CONEXIONES_lag_6,NUMERO_CONEXIONES_lag_7,NUMERO_CONEXIONES_lag_8,NUMERO_CONEXIONES_lag_9,NUMERO_CONEXIONES_lag_10
5,0,1,0,-1.0106896551724138,-0.9841269841269841,-0.9690908881915469,4,3,2,1,0,6,5,4,3,2,1,1,1,1,1,0,0,1,1,1,0,0,0,0,0,1,1,0,0,0,0,0,0,0,0,0,0,0,0,0,1.796896551724138,1.22974358974359,0.5980991174473862,-0.9801078894133513,0.8349579831932772,0.14218487394957988,-0.5295887662988966,-0.9323558813728757,-0.9546507778881164,-0.958291956305859,-0.5714285714285714,-0.90625,-0.59375,-0.625,-0.47619047619047616,-0.7096774193548387,-0.9523809523809523,1.1111111111111112,-0.0967741935483871,-0.5483870967741935
6,0,1,0,-1.0010344827586208,-0.7301587301587301,-0.9678940923588305,5,4,3,2,1,0,6,5,4,3,0,1,1,1,1,1,0,0,1,1,1,0,0,0,0,0,1,1,0,0,0,0,0,0,0,0,0,0,0,0,-1.0106896551724138,1.7815384615384615,1.217583163611677,0.5940660822656776,-0.9889075630252101,0.8349579831932772,0.1531260448010699,-0.5244918360546484,-0.9228732207878185,-0.9513406156901687,-0.9841269841269841,-0.5625,-0.875,-0.59375,-0.6349206349206349,-0.45161290322580644,-0.6984126984126984,-0.9523809523809523,1.1290322580645162,-0.0967741935483871
0,1,0,0,-0.996551724137931,-0.6984126984126984,-0.96616570280652,6,5,4,3,2,1,0,6,5,4,0,0,1,1,1,1,1,0,0,1,1,1,0,0,0,0,0,1,1,0,0,0,0,0,0,0,0,0,0,0,-1.0010344827586208,-1.0020512820512821,1.7654446707399865,1.2093728927848955,0.5805042016806722,-0.9889075630252101,0.8421932464058842,0.1559480173275575,-0.5177093677590202,-0.9195630585898709,-0.7301587301587301,-0.96875,-0.53125,-0.875,-0.6031746031746031,-0.6129032258064516,-0.4444444444444444,-0.6984126984126984,-0.967741935483871,1.1290322580645162
1,1,0,0,-1.0041379310344827,-0.8888888888888888,-0.9691384895625205,0,6,5,4,3,2,1,0,6,5,1,0,0,1,1,1,1,1,0,0,0,1,1,0,0,0,0,0,1,1,0,0,0,0,0,0,0,0,0,0,-0.996551724137931,-0.9924786324786325,-0.9983027834351663,1.75354012137559,1.1939495798319328,0.5805042016806722,-0.971915747241725,0.8427190936354547,0.15822575306190007,-0.5143992055610724,-0.6984126984126984,-0.71875,-0.9375,-0.53125,-0.8888888888888888,-0.5806451612903226,-0.6031746031746031,-0.4444444444444444,-0.7096774193548387,-0.967741935483871
2,1,0,0,-0.6524137931034483,-0.9523809523809523,-0.8824142008953656,1,0,6,5,4,3,2,1,0,6,1,1,0,0,1,1,1,1,1,0,0,0,1,1,0,0,0,0,0,1,0,0,0,0,0,0,0,0,0,0,-1.0041379310344827,-0.9880341880341881,-0.9887983706720977,-0.9915711395819286,1.7364705882352942,1.1939495798319328,0.5891006352390504,-0.9653448850383205,0.8404501820589207,0.16153591525984776,-0.8888888888888888,-0.6875,-0.6875,-0.9375,-0.5396825396825397,-0.8709677419354839,-0.5714285714285714,-0.6031746031746031,-0.45161290322580644,-0.7096774193548387
3,1,0,0,1.1513793103448275,-0.2222222222222222,-0.276946263867111,2,1,0,6,5,4,3,2,1,0,1,1,1,0,0,1,1,1,1,1,0,0,0,1,1,0,0,0,0,0,0,0,0,0,0,0,0,0,0,0,-0.6524137931034483,-0.9955555555555555,-0.9843856076035301,-0.9821308159136884,-1.0003361344537816,1.7364705882352942,1.1992644600468072,0.5904698433855381,-0.9556438265475007,0.8437603442568684,-0.9523809523809523,-0.875,-0.65625,-0.6875,-0.9523809523809523,-0.5161290322580645,-0.8571428571428571,-0.5714285714285714,-0.6129032258064516,-0.45161290322580644
4,1,0,0,0.8827586206896552,-0.06349206349206349,-0.196621790203719,3,2,1,0,6,5,4,3,2,1,1,1,1,1,0,0,1,1,1,1,0,0,0,0,1,1,0,0,0,0,0,0,0,0,0,0,0,0,0,0,1.1513793103448275,-0.6468376068376068,-0.9918533604887982,-0.9777478084962913,-0.9909243697478992,-1.0003361344537816,1.738883316616516,1.198600466511163,0.58987090367428,-0.952333664349553,-0.2222222222222222,-0.9375,-0.84375,-0.65625,-0.6984126984126984,-0.9354838709677419,-0.5079365079365079,-0.8571428571428571,-0.5806451612903226,-0.6129032258064516
5,0,1,0,-0.3248275862068965,-0.8571428571428571,-0.6733057056058052,4,3,2,1,0,6,5,4,3,2,1,1,1,1,1,0,0,1,1,1,0,0,0,0,0,1,1,0,0,0,0,0,0,0,0,0,0,0,0,0,0.8827586206896552,1.1415384615384614,-0.645621181262729,-0.9851652056641941,-0.9865546218487395,-0.9909243697478992,-0.9832831828819792,1.736421192935688,1.1939755047997354,0.5931810658722276,-0.06349206349206349,-0.21875,-0.90625,-0.84375,-0.6666666666666666,-0.6774193548387096,-0.9206349206349206,-0.5079365079365079,-0.8709677419354839,-0.5806451612903226
6,0,1,0,0.015517241379310345,-0.9523809523809523,-0.49791277454462596,5,4,3,2,1,0,6,5,4,3,0,1,1,1,1,1,0,0,1,1,1,0,0,0,0,0,1,1,0,0,0,0,0,0,0,0,0,0,0,0,-0.3248275862068965,0.8752136752136752,1.1300067888662593,-0.6412677006068779,-0.9939495798319328,-0.9865546218487395,-0.9739217652958876,-0.9766744418527158,1.7282356835484938,1.197285666997683,-0.8571428571428571,-0.0625,-0.1875,-0.90625,-0.8571428571428571,-0.6451612903225806,-0.6666666666666666,-0.9206349206349206,-0.5161290322580645,-0.8709677419354839
0,1,0,0,2.8120689655172413,-0.19047619047619047,0.08637566271724041,6,5,4,3,2,1,0,6,5,4,0,0,1,1,1,1,1,0,0,1,1,1,0,0,0,0,0,1,1,0,0,0,0,0,0,0,0,0,0,0,0.015517241379310345,-0.32205128205128203,0.8655804480651731,1.1223870532703977,-0.6510924369747899,-0.9939495798319328,-0.9695753928452022,-0.967344218593802,-0.966898378020523,1.7315458457464414,-0.9523809523809523,-0.84375,-0.03125,-0.1875,-0.9206349206349206,-0.8387096774193549,-0.6349206349206349,-0.6666666666666666,-0.9354838709677419,-0.5161290322580645
1,1,0,0,0.33137931034482765,-0.25396825396825395,-0.5601640083599908,0,6,5,4,3,2,1,0,6,5,1,0,0,1,1,1,1,1,0,0,0,1,1,0,0,0,0,0,1,1,0,0,0,0,0,0,0,0,0,0,2.8120689655172413,0.015384615384615385,-0.3231500339443312,0.8597437626432906,1.1072268907563025,-0.6510924369747899,-0.9769307923771313,-0.963012329223592,-0.9576299238662694,-0.9635882158225753,-0.19047619047619047,-0.9375,-0.8125,-0.03125,-0.19047619047619047,-0.9032258064516129,-0.8253968253968254,-0.6349206349206349,-0.6774193548387096,-0.9354838709677419
2,1,0,0,-0.9851724137931034,-0.25396825396825395,-0.9670725630160337,1,0,6,5,4,3,2,1,0,6,1,1,0,0,1,1,1,1,1,0,0,0,1,1,0,0,0,0,0,1,0,0,0,0,0,0,0,0,0,0,0.33137931034482765,2.788034188034188,0.011880515953835708,-0.32097100472016177,0.8453781512605042,1.1072268907563025,-0.6359077231695084,-0.9703432189270242,-0.9533267130089373,-0.9543197616683217,-0.25396825396825395,-0.1875,-0.90625,-0.8125,-0.031746031746031744,-0.16129032258064516,-0.8888888888888888,-0.8253968253968254,-0.6451612903225806,-0.6774193548387096
3,1,0,0,4.163793103448276,-0.19047619047619047,0.10838940355617402,2,1,0,6,5,4,3,2,1,0,1,1,1,0,0,1,1,1,1,1,0,0,0,1,1,0,0,0,0,0,0,0,0,0,0,0,0,0,0,0,-0.9851724137931034,0.32854700854700863,2.764765784114053,0.011800404585300066,-0.3317647058823529,0.8453781512605042,1.11300568371782,-0.6304565144951682,-0.9606090698444223,-0.9500165508109897,-0.25396825396825395,-0.25,-0.15625,-0.90625,-0.8253968253968254,0.0,-0.15873015873015872,-0.8888888888888888,-0.8387096774193549,-0.6451612903225806
4,1,0,0,2.231724137931035,-0.06349206349206349,-0.36917162119856733,3,2,1,0,6,5,4,3,2,1,1,1,1,1,0,0,1,1,1,1,0,0,0,0,1,1,0,0,0,0,0,0,0,0,0,0,0,0,0,0,4.163793103448276,-0.9767521367521367,0.32281059063136464,2.746122724207687,0.0,-0.3317647058823529,0.8525576730190572,1.112629123625458,-0.6229725256537569,-0.9572989076464745,-0.19047619047619047,-0.25,-0.21875,-0.15625,-0.9206349206349206,-0.8064516129032258,0.0,-0.15873015873015872,-0.9032258064516129,-0.8387096774193549
5,0,1,0,3.64448275862069,-0.06349206349206349,0.331314196770815,4,3,2,1,0,6,5,4,3,2,1,1,1,1,1,0,0,1,1,1,0,0,0,0,0,1,1,0,0,0,0,0,0,0,0,0,0,0,0,0,2.231724137931035,4.128205128205129,-0.9731839782756279,0.32063385030343905,2.7260504201680673,0.0,-0.3182881979271146,0.8530489836721092,1.1085733200926844,-0.6196623634558093,-0.06349206349206349,-0.1875,-0.21875,-0.21875,-0.15873015873015872,-0.9032258064516129,-0.7936507936507936,0.0,-0.16129032258064516,-0.9032258064516129
6,0,1,0,-0.8789655172413793,-0.9206349206349206,-0.9333721446784169,5,4,3,2,1,0,6,5,4,3,0,1,1,1,1,1,0,0,1,1,1,0,0,0,0,0,1,1,0,0,0,0,0,0,0,0,0,0,0,0,3.64448275862069,2.212649572649573,4.095383570943652,-0.9666217127444369,0.3078991596638656,2.7260504201680673,0.011701771982614509,-0.3138953682105964,0.8507116848725587,1.111883482290632,-0.06349206349206349,-0.0625,-0.15625,-0.21875,-0.2222222222222222,-0.12903225806451613,-0.8888888888888888,-0.7936507936507936,0.0,-0.16129032258064516
0,1,0,0,2.1406896551724137,-0.06349206349206349,0.08185785987211189,6,5,4,3,2,1,0,6,5,4,0,0,1,1,1,1,1,0,0,1,1,1,0,0,0,0,0,1,1,0,0,0,0,0,0,0,0,0,0,0,-0.8789655172413793,3.6133333333333337,2.1934826883910388,4.067768037761295,-0.9754621848739495,0.3078991596638656,2.7231695085255767,0.014995001666111295,-0.3085071168487255,0.8540218470705064,-0.9206349206349206,-0.0625,-0.03125,-0.15625,-0.2222222222222222,-0.1935483870967742,-0.12698412698412698,-0.8888888888888888,-0.8064516129032258,0.0
1,1,0,0,0.28482758620689663,-0.5396825396825397,-0.5906990707590323,0,6,5,4,3,2,1,0,6,5,1,0,0,1,1,1,1,1,0,0,0,1,1,0,0,0,0,0,1,1,0,0,0,0,0,0,0,0,0,0,2.1406896551724137,-0.8714529914529915,3.5841819416157503,2.1786918408631153,4.0436974789915965,-0.9754621848739495,0.3179538615847543,2.7174275241586137,0.018205892088712344,-0.30519695465077784,-0.06349206349206349,-0.90625,-0.03125,-0.03125,-0.15873015873015872,-0.1935483870967742,-0.19047619047619047,-0.12698412698412698,-0.9032258064516129,-0.8064516129032258
2,1,0,0,1.8941379310344826,-1.0158730158730158,-0.39949923898660467,1,0,6,5,4,3,2,1,0,6,1,1,0,0,1,1,1,1,1,0,0,0,1,1,0,0,0,0,0,1,0,0,0,0,0,0,0,0,0,0,0.28482758620689663,2.1223931623931622,-0.8686354378818737,3.560013486176669,2.1603361344537815,4.0436974789915965,-0.9585422935473085,0.32022659113628793,2.7027474346242966,0.021516054286660046,-0.5396825396825397,-0.0625,-0.875,-0.03125,-0.031746031746031744,-0.12903225806451613,-0.19047619047619047,-0.19047619047619047,-0.12903225806451613,-0.9032258064516129
3,1,0,0,0.4634482758620689,-0.2857142857142857,-0.27675004344301257,2,1,0,6,5,4,3,2,1,0,1,1,1,0,0,1,1,1,1,1,0,0,0,1,1,0,0,0,0,0,0,0,0,0,0,0,0,0,0,0,1.8941379310344826,0.2823931623931625,2.1038696537678203,-0.8627781523937963,3.537478991596639,2.1603361344537815,4.033767970578402,-0.9520159946684438,0.3214167494207217,2.706057596822244,-1.0158730158730158,-0.53125,-0.03125,-0.875,-0.031746031746031744,0.0,-0.12698412698412698,-0.19047619047619047,-0.1935483870967742,-0.12903225806451613
4,1,0,0,0.33448275862068966,0.031746031746031744,-0.47829343675813024,3,2,1,0,6,5,4,3,2,1,1,1,1,1,0,0,1,1,1,1,0,0,0,0,1,1,0,0,0,0,0,0,0,0,0,0,0,0,0,0,0.4634482758620689,1.8779487179487178,0.27698574338085546,2.0896830748482804,-0.8719327731092437,3.537478991596639,2.160481444332999,4.023658780406531,-0.9424031777557099,0.32472691161866934,-0.2857142857142857,-1.0,-0.5,-0.03125,-0.8888888888888888,0.0,0.0,-0.12698412698412698,-0.1935483870967742,-0.1935483870967742
5,0,1,0,1.59,-0.38095238095238093,0.052299031271531335,4,3,2,1,0,6,5,4,3,2,1,1,1,1,1,0,0,1,1,1,0,0,0,0,0,1,1,0,0,0,0,0,0,0,0,0,0,0,0,0,0.33448275862068966,0.45948717948717943,1.8611676849966052,0.27511800404585307,2.071596638655462,-0.8719327731092437,3.5302574389836177,2.1566144618460514,4.0003310162197945,-0.9390930155577623,0.031746031746031744,-0.28125,-0.96875,-0.5,-0.031746031746031744,-0.8709677419354839,0.0,0.0,-0.12903225806451613,-0.1935483870967742
6,0,1,0,-1.0110344827586206,-0.7301587301587301,-0.9689173866035948,5,4,3,2,1,0,6,5,4,3,0,1,1,1,1,1,0,0,1,1,1,0,0,0,0,0,1,1,0,0,0,0,0,0,0,0,0,0,0,0,1.59,0.3316239316239316,0.4528173794976238,1.848617666891436,0.2625210084033614,2.071596638655462,-0.8555667001003009,3.521826057980673,2.145647136709699,4.003641178417742,-0.38095238095238093,0.03125,-0.25,-0.96875,-0.5079365079365079,0.0,-0.8571428571428571,0.0,0.0,-0.12903225806451613
0,0,0,1,-1.0034482758620689,-0.5079365079365079,-0.967158029113918,6,5,4,3,2,1,0,6,5,4,0,0,1,1,1,1,1,0,0,1,1,1,0,0,0,0,0,1,1,0,0,0,0,0,0,0,0,0,0,0,-1.0110344827586206,1.5764102564102564,0.32586558044806513,0.4497639919082939,1.8312605042016805,0.2625210084033614,2.072216649949849,-0.8493835388203932,3.5018205892088714,2.1489572989076464,-0.7301587301587301,-0.375,0.0625,-0.25,-0.9841269841269841,-0.4838709677419355,0.0,-0.8571428571428571,0.0,0.0
1,1,0,0,-0.9862068965517241,0.06349206349206349,-0.9650115047915784,0,6,5,4,3,2,1,0,6,5,0,0,0,1,1,1,1,1,0,0,0,1,1,0,0,0,0,0,1,1,1,0,0,0,0,0,0,0,0,0,-1.0034482758620689,-1.0023931623931623,1.5617786829599456,0.3236682400539447,0.4366386554621848,1.8312605042016805,0.27281845536609833,2.068643785404865,-0.8404501820589209,3.505130751406819,-0.5079365079365079,-0.71875,-0.34375,0.0625,-0.25396825396825395,-0.967741935483871,-0.47619047619047616,0.0,-0.8709677419354839,0.0
2,1,0,0,-0.9924137931034483,-0.3492063492063492,-0.9675593952191726,1,0,6,5,4,3,2,1,0,6,1,0,0,0,1,1,1,1,1,0,0,0,1,1,0,0,0,0,0,1,0,1,0,0,0,0,0,0,0,0,-0.9862068965517241,-0.9948717948717949,-0.998642226748133,1.5512474713418745,0.31092436974789917,0.4366386554621848,1.833166165162153,0.2752415861379541,2.058258854683879,-0.8371400198609732,0.06349206349206349,-0.5,-0.6875,-0.34375,0.06349206349206349,-0.22580645161290322,-0.9523809523809523,-0.47619047619047616,0.0,-0.8709677419354839
3,1,0,0,2.57,-0.6031746031746031,-0.11208797598835389,2,1,0,6,5,4,3,2,1,0,1,1,0,0,0,1,1,1,1,1,0,0,0,1,1,0,0,0,0,0,0,0,1,0,0,0,0,0,0,0,-0.9924137931034483,-0.9777777777777777,-0.9911744738628648,-0.9919082939986512,1.5347899159663867,0.31092436974789917,0.44600468070879296,1.8303898700433185,0.2767295597484277,2.061569016881827,-0.3492063492063492,0.0625,-0.46875,-0.6875,-0.3492063492063492,0.0967741935483871,-0.2222222222222222,-0.9523809523809523,-0.4838709677419355,0.0
4,1,0,0,-0.43896551724137933,-0.25396825396825395,-0.86155925593107,3,2,1,0,6,5,4,3,2,1,1,1,1,0,0,0,1,1,1,1,0,0,0,0,1,1,0,0,0,0,0,0,0,1,0,0,0,0,0,0,2.57,-0.9839316239316239,-0.9742023082145281,-0.9844908968307484,-1.000672268907563,1.5347899159663867,0.320962888665998,0.4478507164278573,1.8215822575306186,0.28003972194637544,-0.6031746031746031,-0.34375,0.09375,-0.46875,-0.6984126984126984,-0.3225806451612903,0.09523809523809523,-0.2222222222222222,-0.967741935483871,-0.4838709677419355
5,0,1,0,-0.983448275862069,-0.8253968253968254,-0.9662072187749544,4,3,2,1,0,6,5,4,3,2,1,1,1,1,0,0,0,1,1,1,0,0,0,0,0,1,1,0,0,0,0,0,0,0,1,0,0,0,0,0,-0.43896551724137933,2.5480341880341877,-0.9803122878479293,-0.9676331759946054,-0.9932773109243698,-1.000672268907563,1.5382815112002675,0.32322559146951013,0.4481959616021184,1.8248924197285663,-0.25396825396825395,-0.59375,-0.3125,0.09375,-0.47619047619047616,-0.6774193548387096,-0.31746031746031744,0.09523809523809523,-0.22580645161290322,-0.967741935483871
6,0,1,0,-0.9951724137931035,-0.9841269841269841,-0.9678060568687629,5,4,3,2,1,0,6,5,4,3,0,1,1,1,1,0,0,0,1,1,1,0,0,0,0,0,1,1,0,0,0,0,0,0,0,1,0,0,0,0,-0.983448275862069,-0.43521367521367527,2.526476578411405,-0.973701955495617,-0.9764705882352941,-0.9932773109243698,-0.9836175192243396,1.5364878373875375,0.32439589539887453,0.4515061238000661,-0.8253968253968254,-0.25,-0.5625,-0.3125,0.09523809523809523,-0.45161290322580644,-0.6666666666666666,-0.31746031746031744,0.0967741935483871,-0.22580645161290322
0,1,0,0,2.221379310344828,-0.2222222222222222,-0.27844029780607715,6,5,4,3,2,1,0,6,5,4,0,0,1,1,1,1,0,0,0,1,1,1,0,0,0,0,0,1,1,0,0,0,0,0,0,0,1,0,0,0,-0.9951724137931035,-0.975042735042735,-0.43550577053632045,2.50944032366824,-0.9825210084033614,-0.9764705882352941,-0.9762621196924105,-0.9770076641119626,1.529625951671632,0.3277060575968222,-0.9841269841269841,-0.8125,-0.21875,-0.5625,-0.31746031746031744,0.12903225806451613,-0.4444444444444444,-0.6666666666666666,-0.3225806451612903,0.0967741935483871
1,1,0,0,-0.45,-0.09523809523809523,-0.8314772179432827,0,6,5,4,3,2,1,0,6,5,1,0,0,1,1,1,1,0,0,0,0,1,1,0,0,0,0,0,1,1,0,0,0,0,0,0,0,1,0,0,2.221379310344828,-0.9866666666666667,-0.9714867617107942,-0.4325691166554282,2.4900840336134453,-0.9825210084033614,-0.9595453025743897,-0.9696767744085304,-0.9672293942403176,1.5329361138695796,-0.2222222222222222,-0.96875,-0.78125,-0.21875,-0.5714285714285714,-0.2903225806451613,0.12698412698412698,-0.4444444444444444,-0.6774193548387096,-0.3225806451612903
2,1,0,0,4.561379310344828,0.15873015873015872,0.6515463345930117,1,0,6,5,4,3,2,1,0,6,1,1,0,0,1,1,1,1,0,0,0,0,1,1,0,0,0,0,0,1,0,0,0,0,0,0,0,0,1,0,-0.45,2.2023931623931627,-0.9830278343516633,-0.9649359406608226,-0.44302521008403367,2.4900840336134453,-0.9655633567368772,-0.9530156614461845,-0.9599470374048328,-0.96391923204237,-0.09523809523809523,-0.21875,-0.9375,-0.78125,-0.2222222222222222,-0.5483870967741935,-0.2857142857142857,0.12698412698412698,-0.45161290322580644,-0.6774193548387096
3,1,0,0,2700510.4827586208,-0.6349206349206349,-0.4259739855803006,2,1,0,6,5,4,3,2,1,0,1,1,1,0,0,1,1,1,1,0,0,0,0,1,1,0,0,0,0,0,0,0,0,0,0,0,0,0,0,1,4.561379310344828,-0.4461538461538462,2.1832993890020367,-0.9763991908293999,-0.973781512605042,-0.44302521008403367,2.488465396188565,-0.9590136621126291,-0.9433962264150942,-0.9566368752068851,0.15873015873015872,-0.09375,-0.1875,-0.9375,-0.7936507936507936,-0.1935483870967742,-0.5396825396825397,-0.2857142857142857,0.12903225806451613,-0.45161290322580644
4,1,0,0,2839078.4448275864,-0.9523809523809523,-0.5995060005449816,3,2,1,0,6,5,4,3,2,1,1,1,1,1,0,0,1,1,1,1,0,0,0,0,1,1,0,0,0,0,0,0,0,0,0,0,0,0,0,0,2700510.4827586208,4.522393162393162,-0.4463679565512559,2.1685772083614294,-0.9852100840336135,-0.973781512605042,-0.4289535272484119,2.4835054981672773,-0.9493545183714002,-0.9400860642171466,-0.6349206349206349,0.15625,-0.0625,-0.1875,-0.9523809523809523,-0.7741935483870968,-0.19047619047619047,-0.5396825396825397,-0.2903225806451613,0.12903225806451613
5,0,1,0,2971961.172413793,-0.38095238095238093,-0.3202836608970289,4,3,2,1,0,6,5,4,3,2,1,1,1,1,1,0,0,1,1,1,0,0,0,0,0,1,1,0,0,0,0,0,0,0,0,0,0,0,0,0,2839078.4448275864,2677429.1965811965,4.486761710794297,-0.44335805799055966,2.150252100840336,-0.9852100840336135,-0.9568706118355064,-0.4241919360213262,2.4703740483283676,-0.9460443561734525,-0.9523809523809523,-0.625,0.1875,-0.0625,-0.19047619047619047,-0.9354838709677419,-0.7619047619047619,-0.19047619047619047,-0.5483870967741935,-0.2903225806451613
6,0,1,0,2002404.4965517242,-0.6349206349206349,-0.532022808088717,5,4,3,2,1,0,6,5,4,3,0,1,1,1,1,1,0,0,1,1,1,0,0,0,0,0,1,1,0,0,0,0,0,0,0,0,0,0,0,0,2971961.172413793,2814812.8170940173,2658343.6490156143,4.45650708024275,-0.453781512605042,2.150252100840336,-0.9682380474757606,-0.9503498833722092,-0.41807348560079444,2.4736842105263155,-0.38095238095238093,-0.9375,-0.59375,0.1875,-0.06349206349206349,-0.16129032258064516,-0.9206349206349206,-0.7619047619047619,-0.1935483870967742,-0.5483870967741935
0,1,0,0,3.0924137931034483,-0.09523809523809523,0.036281169938922844,6,5,4,3,2,1,0,6,5,4,0,0,1,1,1,1,1,0,0,1,1,1,0,0,0,0,0,1,1,0,0,0,0,0,0,0,0,0,0,0,2002404.4965517242,2946559.794871795,2794747.9565512557,2640418.2029669588,4.43126050420168,-0.453781512605042,2.1504513540621866,-0.9616794401866045,-0.9407480966567361,-0.4147633234028468,-0.6349206349206349,-0.375,-0.90625,-0.59375,0.19047619047619047,-0.03225806451612903,-0.15873015873015872,-0.9206349206349206,-0.7741935483870968,-0.1935483870967742
1,1,0,0,0.16965517241379308,-0.4444444444444444,-0.6761072897037017,0,6,5,4,3,2,1,0,6,5,1,0,0,1,1,1,1,1,0,0,0,1,1,0,0,0,0,0,1,1,0,0,0,0,0,0,0,0,0,0,3.0924137931034483,1985289.9282051283,2925555.8010862186,2775902.7242076867,2632430.3714285716,4.43126050420168,-0.43965229020394514,2.1466177940686437,-0.9520026481297583,-0.9374379344587884,-0.09523809523809523,-0.625,-0.34375,-0.90625,-0.6031746031746031,0.22580645161290322,-0.031746031746031744,-0.15873015873015872,-0.9354838709677419,-0.7741935483870968
2,1,0,0,-0.9444827586206895,4.634920634920635,-0.9507926236807355,1,0,6,5,4,3,2,1,0,6,1,1,0,0,1,1,1,1,1,0,0,0,1,1,0,0,0,0,0,1,0,0,0,0,0,0,0,0,0,0,0.16965517241379308,3.065982905982906,1971138.1636116768,2905828.5198921105,2767505.0235294118,2632430.3714285716,4.419257773319959,-0.43485504831722754,2.1357166501158558,-0.9486924859318107,-0.4444444444444444,-0.09375,-0.59375,-0.34375,-0.9206349206349206,-0.5806451612903226,0.2222222222222222,-0.031746031746031744,-0.16129032258064516,-0.9354838709677419
3,1,0,0,-0.9806896551724137,0.6349206349206349,-0.963432816141733,2,1,0,6,5,4,3,2,1,0,1,1,1,0,0,1,1,1,1,1,0,0,0,1,1,0,0,0,0,0,0,0,0,0,0,0,0,0,0,0,-0.9444827586206895,0.16820512820512817,3.040733197556008,1957846.6048550236,2897037.7663865546,2767505.0235294118,2618348.508859913,4.4078640453182265,-0.42866600463422705,2.139026812313803,4.634920634920635,-0.4375,-0.0625,-0.59375,-0.3492063492063492,-0.9032258064516129,-0.5714285714285714,0.2222222222222222,-0.03225806451612903,-0.16129032258064516
4,1,0,0,-0.5244827586206896,0.6666666666666666,-0.8582758431832335,3,2,1,0,6,5,4,3,2,1,1,1,1,1,0,0,1,1,1,1,0,0,0,0,1,1,0,0,0,0,0,0,0,0,0,0,0,0,0,0,-0.9806896551724137,-0.9364102564102563,0.163611676849966,3.0202292650033713,1951923.6957983193,2897037.7663865546,2752700.5951186894,2609623.5921359546,4.381992717643164,-0.42535584243627933,0.6349206349206349,4.5625,-0.40625,-0.0625,-0.6031746031746031,-0.3225806451612903,-0.8888888888888888,-0.5714285714285714,0.22580645161290322,-0.03225806451612903
5,0,1,0,0.15482758620689646,-0.15873015873015872,-0.7277213751116502,4,3,2,1,0,6,5,4,3,2,1,1,1,1,1,0,0,1,1,1,0,0,0,0,0,1,1,0,0,0,0,0,0,0,0,0,0,0,0,0,-0.5244827586206896,-0.9723076923076922,-0.9331296673455531,0.16250842886041802,2.999327731092437,1951923.6957983193,2881540.417920428,2743527.987337554,2592347.040714995,4.385302879841111,0.6666666666666666,0.625,4.59375,-0.40625,-0.06349206349206349,-0.5806451612903226,-0.31746031746031744,-0.8888888888888888,-0.5806451612903226,0.22580645161290322
6,0,1,0,1.792758620689655,-0.47619047619047616,-0.6895151895028159,5,4,3,2,1,0,6,5,4,3,0,1,1,1,1,1,0,0,1,1,1,0,0,0,0,0,1,1,0,0,0,0,0,0,0,0,0,0,0,0,0.15482758620689646,-0.52,-0.9687712152070602,-0.9268374915711395,0.1502521008403361,2.999327731092437,1941482.1230357739,2871938.4871709426,2725364.9453823236,2592347.044025157,-0.15873015873015872,0.65625,0.65625,4.59375,-0.4126984126984127,-0.03225806451612903,-0.5714285714285714,-0.31746031746031744,-0.9032258064516129,-0.5806451612903226
0,0,0,1,9.735517241379311,0.09523809523809523,1.2312112182367343,6,5,4,3,2,1,0,6,5,4,0,0,1,1,1,1,1,0,0,1,1,1,0,0,0,0,0,1,1,0,0,0,0,0,0,0,0,0,0,0,1.792758620689655,0.15350427350427343,-0.5196877121520705,-0.9622387053270396,-0.935798319327731,0.1502521008403361,2.9949849548645933,1935012.6757747417,2852925.3260509763,2725364.9486924857,-0.47619047619047616,-0.15625,0.6875,0.65625,4.666666666666667,-0.3870967741935484,-0.031746031746031744,-0.5714285714285714,-0.3225806451612903,-0.9032258064516129
1,1,0,0,0.2737931034482758,0.9841269841269841,-0.7661145854251905,0,6,5,4,3,2,1,0,6,5,0,0,0,1,1,1,1,1,0,0,0,1,1,0,0,0,0,0,1,1,1,0,0,0,0,0,0,0,0,0,9.735517241379311,1.7774358974358972,0.14901561439239638,-0.5161834120026971,-0.9710924369747899,-0.935798319327731,0.16115011701771978,2.9883372209263577,1922202.2674611055,2852925.3293611384,0.09523809523809523,-0.46875,-0.125,0.6875,0.6666666666666666,4.774193548387097,-0.38095238095238093,-0.031746031746031744,-0.5806451612903226,-0.3225806451612903
2,1,0,0,-0.6895172413793103,-1.2063492063492063,-0.8933699539335028,1,0,6,5,4,3,2,1,0,6,1,0,0,0,1,1,1,1,1,0,0,0,1,1,0,0,0,0,0,1,0,1,0,0,0,0,0,0,0,0,0.2737931034482758,9.652307692307692,1.7613713509843854,0.14801078894133504,-0.5263865546218487,-0.9710924369747899,-0.9190906051487795,0.16394535154948345,2.971863621317444,1922202.2707712676,0.9841269841269841,0.09375,-0.4375,-0.125,0.6984126984126984,0.7096774193548387,4.698412698412699,-0.38095238095238093,-0.03225806451612903,-0.5806451612903226
3,1,0,0,1.2986896551724139,-0.5396825396825397,-0.3950094289931566,2,1,0,6,5,4,3,2,1,0,1,1,0,0,0,1,1,1,1,1,0,0,0,1,1,0,0,0,0,0,0,0,1,0,0,0,0,0,0,0,-0.6895172413793103,0.2714529914529914,9.58010862186015,1.7494942683749155,0.135798319327731,-0.5263865546218487,-0.9541959210966231,-0.9126957680773075,0.16617014233697447,2.975173783515392,-1.2063492063492063,0.96875,0.125,-0.4375,-0.12698412698412698,0.7419354838709677,0.6984126984126984,4.698412698412699,-0.3870967741935484,-0.03225806451612903
4,1,0,0,0.2077241379310345,-0.6984126984126984,-0.7352546977617214,3,2,1,0,6,5,4,3,2,1,1,1,1,0,0,0,1,1,1,1,0,0,0,0,1,1,0,0,0,0,0,0,0,1,0,0,0,0,0,0,1.2986896551724139,-0.6836239316239315,0.2661235573659198,9.51550910316925,1.732436974789916,0.135798319327731,-0.5118689401537947,-0.9476841052982338,-0.903343263819927,0.16948030453492216,-0.5396825396825397,-1.1875,1.0,0.125,-0.4444444444444444,-0.0967741935483871,0.7301587301587301,0.6984126984126984,4.774193548387097,-0.3870967741935484
5,0,1,0,0.8924827586206898,-0.19047619047619047,-0.6192229752344401,4,3,2,1,0,6,5,4,3,2,1,1,1,1,0,0,0,1,1,1,0,0,0,0,0,1,1,0,0,0,0,0,0,0,1,0,0,0,0,0,0.2077241379310345,1.2875897435897437,-0.6821452817379496,0.26432906271072143,9.474957983193278,1.732436974789916,0.1467736542962219,-0.5068310563145617,-0.9380999668983778,-0.9000331016219794,-0.6984126984126984,-0.53125,-1.15625,1.0,0.12698412698412698,-0.41935483870967744,-0.09523809523809523,0.7301587301587301,0.7096774193548387,4.774193548387097
6,0,1,0,-0.3652068965517241,-0.9523809523809523,-0.8292916118135243,5,4,3,2,1,0,6,5,4,3,0,1,1,1,1,0,0,0,1,1,1,0,0,0,0,0,1,1,0,0,0,0,0,0,0,1,0,0,0,0,0.8924827586206898,0.20594871794871797,1.2750169721656484,-0.6775455158462574,0.2517647058823529,9.474957983193278,1.734871280508191,0.14961679440186595,-0.5001655081098973,-0.9347898047004302,-0.19047619047619047,-0.6875,-0.5,-1.15625,1.0158730158730158,0.16129032258064516,-0.4126984126984127,-0.09523809523809523,0.7419354838709677,0.7096774193548387
0,0,0,1,2.6174137931034482,-0.8888888888888888,-0.08508461076074969,6,5,4,3,2,1,0,6,5,4,0,0,1,1,1,1,0,0,0,1,1,1,0,0,0,0,0,1,1,0,0,0,0,0,0,0,1,0,0,0,-0.3652068965517241,0.884854700854701,0.20108621860149356,1.2664194200944032,-0.6872605042016806,0.2517647058823529,9.435974590437981,1.7324225258247248,0.15193644488579933,-0.49685534591194963,-0.9523809523809523,-0.1875,-0.65625,-0.5,-1.1746031746031746,1.064516129032258,0.15873015873015872,-0.4126984126984127,-0.0967741935483871,0.7419354838709677
1,1,0,0,1.964758620689655,-0.2857142857142857,-0.28280190865269866,0,6,5,4,3,2,1,0,6,5,0,0,0,1,1,1,1,0,0,0,0,1,1,0,0,0,0,0,1,1,1,0,0,0,0,0,0,1,0,0,2.6174137931034482,-0.3620854700854701,0.8751527494908351,0.19973027646662173,1.2508235294117647,-0.6872605042016806,0.26211969241056493,9.407864045318227,1.7242634889109565,0.15524660708374702,-0.8888888888888888,-0.9375,-0.15625,-0.65625,-0.5079365079365079,-1.1612903225806452,1.0476190476190477,0.15873015873015872,-0.41935483870967744,-0.0967741935483871
2,1,0,0,-1.0083793103448275,-0.8571428571428571,-0.9685413087266701,1,0,6,5,4,3,2,1,0,6,1,0,0,0,1,1,1,1,0,0,0,0,1,1,0,0,0,0,0,1,0,1,0,0,0,0,0,0,1,0,1.964758620689655,2.595042735042735,-0.36289884589273586,0.8692515171948754,0.18736134453781517,1.2508235294117647,-0.6718823136074891,0.2645784738420526,9.348891095663687,1.7275736511089042,-0.2857142857142857,-0.875,-0.90625,-0.15625,-0.6666666666666666,-0.4838709677419355,-1.1428571428571428,1.0476190476190477,0.16129032258064516,-0.41935483870967744
3,1,0,0,-0.7944827586206896,0.5079365079365079,-0.9071446006589815,2,1,0,6,5,4,3,2,1,0,1,1,0,0,0,1,1,1,1,0,0,0,0,1,1,0,0,0,0,0,0,0,1,0,0,0,0,0,0,1,-1.0083793103448275,1.9479658119658119,2.573150033944331,-0.36045178691840857,0.854857142857143,0.18736134453781517,1.2558341691741892,-0.6663112295901366,0.26613704071499494,9.352201257861635,-0.8571428571428571,-0.28125,-0.84375,-0.90625,-0.15873015873015872,-0.6451612903225806,-0.47619047619047616,-1.1428571428571428,1.064516129032258,0.16129032258064516
4,1,0,0,-0.9436551724137932,-0.5079365079365079,-0.9527230485973486,3,2,1,0,6,5,4,3,2,1,1,1,1,0,0,0,1,1,1,1,0,0,0,0,1,1,0,0,0,0,0,0,0,1,0,0,0,0,0,0,-0.7944827586206896,-0.9997606837606838,1.9306856754921926,2.5557990559676327,-0.37112605042016805,0.854857142857143,0.1980608492143096,1.2549816727757412,-0.6585898709036742,0.26944720291294266,0.5079365079365079,-0.84375,-0.25,-0.84375,-0.9206349206349206,-0.12903225806451613,-0.6349206349206349,-0.47619047619047616,-1.1612903225806452,1.064516129032258
5,0,1,0,-0.18465517241379314,0.031746031746031744,-0.6807632988020547,4,3,2,1,0,6,5,4,3,2,1,1,1,1,0,0,0,1,1,1,0,0,0,0,0,1,1,0,0,0,0,0,0,0,1,0,0,0,0,0,-0.9436551724137932,-0.7876923076923077,-0.9960285132382891,1.9176668914362776,2.536302521008403,-0.37112605042016805,0.861985957873621,0.20073308897034323,1.2499834491890103,-0.6552797087057265,-0.5079365079365079,0.5,-0.8125,-0.25,-0.8571428571428571,-0.9032258064516129,-0.12698412698412698,-0.6349206349206349,-0.4838709677419355,-1.1612903225806452
6,0,1,0,-0.23858620689655172,0.25396825396825395,-0.5939846472055493,5,4,3,2,1,0,6,5,4,3,0,1,1,1,1,0,0,0,1,1,1,0,0,0,0,0,1,1,0,0,0,0,0,0,0,1,0,0,0,0,-0.18465517241379314,-0.9355897435897437,-0.7854718262050238,-0.9893122049898854,1.9001008403361344,2.536302521008403,-0.3574389836175192,0.8624458513828724,0.20271433300231712,1.253293611386958,0.031746031746031744,-0.5,0.53125,-0.8125,-0.25396825396825395,-0.8387096774193549,-0.8888888888888888,-0.12698412698412698,-0.6451612903225806,-0.4838709677419355
0,1,0,0,0.1227241379310344,0.5396825396825397,-0.2277912220096839,6,5,4,3,2,1,0,6,5,4,0,0,1,1,1,1,0,0,0,1,1,1,0,0,0,0,0,1,1,0,0,0,0,0,0,0,1,0,0,0,-0.23858620689655172,-0.1830769230769231,-0.9323150033944332,-0.7801753202966959,-0.9980840336134454,1.9001008403361344,2.5344366432631222,-0.3529156947684105,0.8600463422707714,0.20602449520026483,0.25396825396825395,0.03125,-0.46875,0.53125,-0.8253968253968254,-0.22580645161290322,-0.8253968253968254,-0.8888888888888888,-0.12903225806451613,-0.6451612903225806
1,1,0,0,-0.044068965517241286,0.25396825396825395,-0.23323725158879718,0,6,5,4,3,2,1,0,6,5,1,0,0,1,1,1,1,0,0,0,0,1,1,0,0,0,0,0,1,1,0,0,0,0,0,0,0,1,0,0,0.1227241379310344,-0.23654700854700855,-0.18516632722335372,-0.9260283209710047,-0.7895798319327731,-0.9980840336134454,1.9016382480775658,2.5293235588137284,-0.3472691161866931,0.863356504468719,0.5396825396825397,0.25,0.0625,-0.46875,0.5396825396825397,-0.8064516129032258,-0.2222222222222222,-0.8253968253968254,-0.9032258064516129,-0.12903225806451613
2,1,0,0,0.3944827586206896,0.06349206349206349,0.0,1,0,6,5,4,3,2,1,0,6,1,1,0,0,1,1,1,1,0,0,0,0,1,1,0,0,0,0,0,1,0,0,0,0,0,0,0,0,1,0,-0.044068965517241286,0.12167521367521358,-0.23825526137135095,-0.18391773432231964,-0.9349915966386555,-0.7895798319327731,-0.9810431293881644,1.8986337887370874,2.5158887785501487,-0.34395895398874543,0.25396825396825395,0.53125,0.28125,0.0625,-0.47619047619047616,0.5806451612903226,-0.7936507936507936,-0.2222222222222222,-0.8387096774193549,-0.9032258064516129
3,1,0,0,-0.1934827586206897,0.8888888888888888,-0.3550304980090591,2,1,0,6,5,4,3,2,1,0,1,1,1,0,0,1,1,1,1,0,0,0,0,1,1,0,0,0,0,0,0,0,0,0,0,0,0,0,0,1,0.3944827586206896,-0.0436923076923076,0.11741344195519339,-0.23664868509777476,-0.19512605042016812,-0.9349915966386555,-0.7736542962219993,-0.9744418527157613,1.8893743793445876,2.519198940748096,0.06349206349206349,0.25,0.5625,0.28125,0.06349206349206349,-0.45161290322580644,0.5714285714285714,-0.7936507936507936,-0.22580645161290322,-0.8387096774193549
4,1,0,0,-0.27879310344827585,0.7936507936507936,-0.5029555447821392,3,2,1,0,6,5,4,3,2,1,1,1,1,1,0,0,1,1,1,1,0,0,0,0,1,1,0,0,0,0,0,0,0,0,0,0,0,0,0,0,-0.1934827586206897,0.391111111111111,-0.04677528852681592,0.11662171274443686,-0.24769747899159664,-0.19512605042016812,-0.9182881979271147,-0.7677440853048983,-0.964680569347898,1.8926845415425353,0.8888888888888888,0.0625,0.28125,0.5625,0.2857142857142857,0.0967741935483871,-0.4444444444444444,0.5714285714285714,-0.8064516129032258,-0.22580645161290322
5,0,1,0,-0.4408620689655172,0.4126984126984127,-0.5386237118386097,4,3,2,1,0,6,5,4,3,2,1,1,1,1,1,0,0,1,1,1,0,0,0,0,0,1,1,0,0,0,0,0,0,0,0,0,0,0,0,0,-0.27879310344827585,-0.19182905982905987,0.3849287169042769,-0.04645987862440988,0.10450420168067219,-0.24769747899159664,-0.1823804747576062,-0.9118960346551149,-0.7593512082092022,-0.9613704071499503,0.7936507936507936,0.875,0.09375,0.28125,0.5714285714285714,0.3225806451612903,0.09523809523809523,-0.4444444444444444,0.5806451612903226,-0.8064516129032258
6,0,1,0,-0.5201379310344828,0.06349206349206349,-0.6172880876892983,5,4,3,2,1,0,6,5,4,3,0,1,1,1,1,1,0,0,1,1,1,0,0,0,0,0,1,1,0,0,0,0,0,0,0,0,0,0,0,0,-0.4408620689655172,-0.2764102564102564,-0.19385607603530214,0.3823331085637221,-0.05808403361344529,0.10450420168067219,-0.23467067870277497,-0.17844051982672446,-0.9025488248924197,-0.7560410460112545,0.4126984126984127,0.78125,0.90625,0.09375,0.2857142857142857,0.6129032258064516,0.31746031746031744,0.09523809523809523,-0.45161290322580644,0.5806451612903226
0,1,0,0,2.3620344827586206,0.38095238095238093,1.4677471636953,6,5,4,3,2,1,0,6,5,4,0,0,1,1,1,1,1,0,0,1,1,1,0,0,0,0,0,1,1,0,0,0,0,0,0,0,0,0,0,0,-0.5201379310344828,-0.4370940170940171,-0.2778343516632722,-0.19254888739042483,0.3694117647058823,-0.05808403361344529,0.1156469408224673,-0.23055648117294233,-0.17394902350215163,-0.8992386626944721,0.06349206349206349,0.40625,0.8125,0.90625,0.09523809523809523,0.3225806451612903,0.6031746031746031,0.31746031746031744,0.0967741935483871,-0.45161290322580644
1,1,0,0,0.27658620689655167,0.4126984126984127,-0.1005681737504133,0,6,5,4,3,2,1,0,6,5,1,0,0,1,1,1,1,1,0,0,0,1,1,0,0,0,0,0,1,1,0,0,0,0,0,0,0,0,0,0,2.3620344827586206,-0.5156923076923077,-0.4373727087576374,-0.2759608900876601,-0.20373109243697485,0.3694117647058823,-0.04607154797726504,0.11859380206597792,-0.2257199602780536,-0.17063886130420394,0.38095238095238093,0.0625,0.4375,0.8125,0.9206349206349206,0.12903225806451613,0.31746031746031744,0.6031746031746031,0.3225806451612903,0.0967741935483871
2,1,0,0,0.038896551724137834,0.09523809523809523,-0.30634240937314267,1,0,6,5,4,3,2,1,0,6,1,1,0,0,1,1,1,1,1,0,0,0,1,1,0,0,0,0,0,1,0,0,0,0,0,0,0,0,0,0,0.27658620689655167,2.341846153846154,-0.5154107264086897,-0.4344234659474039,-0.286890756302521,-0.20373109243697485,0.37913741223671005,-0.04258580473175599,0.12111883482290622,-0.2224097980801059,0.4126984126984127,0.375,0.09375,0.4375,0.8253968253968254,0.967741935483871,0.12698412698412698,0.31746031746031744,0.6129032258064516,0.3225806451612903
3,1,0,0,2.8322068965517238,-0.19047619047619047,1.4397200985294287,2,1,0,6,5,4,3,2,1,0,1,1,1,0,0,1,1,1,1,1,0,0,0,1,1,0,0,0,0,0,0,0,0,0,0,0,0,0,0,0,0.038896551724137834,0.27422222222222215,2.3217583163611675,-0.5119352663519892,-0.4448739495798319,-0.286890756302521,-0.1909394851220328,0.38120626457847373,-0.03899371069182381,0.12442899702085393,0.09523809523809523,0.40625,0.40625,0.09375,0.4444444444444444,0.8709677419354839,0.9523809523809523,0.12698412698412698,0.3225806451612903,0.6129032258064516
4,1,0,0,2.0791724137931036,0.5714285714285714,1.3447268296607928,3,2,1,0,6,5,4,3,2,1,1,1,1,1,0,0,1,1,1,1,0,0,0,0,1,1,0,0,0,0,0,0,0,0,0,0,0,0,0,0,2.8322068965517238,0.03856410256410247,0.26887304820095037,2.306102494942684,-0.5221512605042017,-0.4448739495798319,-0.27365429622199927,-0.18697100966344554,0.3819927176431644,-0.03568354849387611,-0.19047619047619047,0.09375,0.4375,0.40625,0.09523809523809523,0.4838709677419355,0.8571428571428571,0.9523809523809523,0.12903225806451613,0.3225806451612903
5,0,1,0,-0.45834482758620687,-0.06349206349206349,-0.5766270506961363,4,3,2,1,0,6,5,4,3,2,1,1,1,1,1,0,0,1,1,1,0,0,0,0,0,1,1,0,0,0,0,0,0,0,0,0,0,0,0,0,2.0791724137931036,2.808,0.034894772572980216,0.2670600134861766,2.2873613445378154,-0.5221512605042017,-0.4307923771313941,-0.2694101966011329,-0.18242303872889776,0.3853028798411121,0.5714285714285714,-0.1875,0.125,0.4375,0.4126984126984127,0.12903225806451613,0.47619047619047616,0.8571428571428571,0.967741935483871,0.12903225806451613
6,0,1,0,0.04924137931034473,0.15873015873015872,-0.1283433032511601,5,4,3,2,1,0,6,5,4,3,0,1,1,1,1,1,0,0,1,1,1,0,0,0,0,0,1,1,0,0,0,0,0,0,0,0,0,0,0,0,-0.45834482758620687,2.0614017094017094,2.7845892735913096,0.034659474039109815,0.2544873949579831,2.2873613445378154,-0.5076563022400534,-0.42602465844718423,-0.26431645150612376,-0.17911287653095004,-0.06349206349206349,0.5625,-0.15625,0.125,0.4444444444444444,0.45161290322580644,0.12698412698412698,0.47619047619047616,0.8709677419354839,0.967741935483871
0,1,0,0,0.36193103448275854,-0.09523809523809523,0.06400761621935577,6,5,4,3,2,1,0,6,5,4,0,0,1,1,1,1,1,0,0,1,1,1,0,0,0,0,0,1,1,0,0,0,0,0,0,0,0,0,0,0,0.04924137931034473,-0.4544273504273504,2.0433129667345553,2.7658125421443014,0.02278991596638646,0.2544873949579831,2.2868271481109996,-0.5026324558480506,-0.4198940748096656,-0.26100628930817604,0.15873015873015872,-0.0625,0.59375,-0.15625,0.12698412698412698,0.4838709677419355,0.4444444444444444,0.12698412698412698,0.4838709677419355,0.8709677419354839
1,1,0,0,-0.011793103448275917,0.3492063492063492,-0.6790157064239538,0,6,5,4,3,2,1,0,6,5,1,0,0,1,1,1,1,1,0,0,0,1,1,0,0,0,0,0,1,1,0,0,0,0,0,0,0,0,0,0,0.36193103448275854,0.04882051282051273,-0.45458248472505086,2.0295347269049224,2.7456806722689073,0.02278991596638646,0.2648278167836843,2.2825391536154616,-0.49599470374048327,-0.4165839126117179,-0.09523809523809523,0.15625,-0.03125,0.59375,-0.15873015873015872,0.16129032258064516,0.47619047619047616,0.4444444444444444,0.12903225806451613,0.4838709677419355
2,1,0,0,-0.9690689655172413,-1.873015873015873,-0.962736781322412,1,0,6,5,4,3,2,1,0,6,1,1,0,0,1,1,1,1,1,0,0,0,1,1,0,0,0,0,0,1,0,0,0,0,0,0,0,0,0,0,-0.011793103448275917,0.3588376068376068,0.045078071961982255,-0.45151719487525277,2.0116302521008405,2.7456806722689073,0.03436977599465053,0.2672775741419526,2.2707381661701422,-0.49268454154253555,0.3492063492063492,-0.09375,0.1875,-0.03125,0.6031746031746031,-0.12903225806451613,0.15873015873015872,0.47619047619047616,0.45161290322580644,0.12903225806451613
3,1,0,0,-0.38579310344827583,-1.1428571428571428,-0.7759903823593647,2,1,0,6,5,4,3,2,1,0,1,1,1,0,0,1,1,1,1,1,0,0,0,1,1,0,0,0,0,0,0,0,0,0,0,0,0,0,0,0,-0.9690689655172413,-0.011692307692307747,0.35288526816021715,0.04477410654079559,-0.4619159663865546,2.0116302521008405,2.7426947509194246,0.03758747084305222,0.2688182720953326,2.2740483283680897,-1.873015873015873,0.34375,-0.0625,0.1875,-0.031746031746031744,0.6451612903225806,-0.12698412698412698,0.15873015873015872,0.4838709677419355,0.45161290322580644
4,1,0,0,-0.4555517241379311,0.8571428571428571,-0.5447801107408031,3,2,1,0,6,5,4,3,2,1,1,1,1,1,0,0,1,1,1,1,0,0,0,0,1,1,0,0,0,0,0,0,0,0,0,0,0,0,0,0,-0.38579310344827583,-0.9607863247863246,-0.01500339443312972,0.3505057316250842,0.03287394957983184,-0.4619159663865546,2.0125710464727518,2.7368877040986335,0.04064879179079765,0.27212843429328026,-1.1428571428571428,-1.84375,0.375,-0.0625,0.19047619047619047,0.0,0.6349206349206349,-0.12698412698412698,0.16129032258064516,0.4838709677419355
5,0,1,0,-0.0794827586206897,0.12698412698412698,-0.19844524726680907,4,3,2,1,0,6,5,4,3,2,1,1,1,1,1,0,0,1,1,1,0,0,0,0,0,1,1,0,0,0,0,0,0,0,0,0,0,0,0,0,-0.4555517241379311,-0.3824957264957265,-0.9573319755600813,-0.014902225219150423,0.33768067226890747,0.03287394957983184,-0.4477432296890671,2.0091969343552147,2.7220787818603105,0.04395895398874535,0.8571428571428571,-1.125,-1.8125,0.375,-0.06349206349206349,0.22580645161290322,0.0,0.6349206349206349,-0.12903225806451613,0.16129032258064516
6,0,0,1,1.6924482758620687,0.5396825396825397,1.3887425462270842,5,4,3,2,1,0,6,5,4,3,0,1,1,1,1,1,0,0,1,1,1,0,0,0,0,0,1,1,0,0,0,0,0,0,0,0,0,0,0,0,-0.0794827586206897,-0.4516581196581197,-0.3831636116768499,-0.9508766014834793,-0.026621848739495853,0.33768067226890747,0.04439986626546296,-0.44291902699100294,1.9992055610724926,2.7253889440582584,0.12698412698412698,0.84375,-1.09375,-1.8125,0.38095238095238093,-0.03225806451612903,0.2222222222222222,0.0,0.6451612903225806,-0.12903225806451613
0,1,0,0,1.3584137931034486,0.31746031746031744,1.1505076916107317,6,5,4,3,2,1,0,6,5,4,0,0,1,1,1,1,1,0,0,1,0,1,0,0,0,0,0,1,1,0,1,0,0,0,0,0,0,0,0,0,1.6924482758620687,-0.07880341880341885,-0.45183299389002035,-0.38057990559676325,-0.9597647058823529,-0.026621848739495853,0.3475760615178869,0.04758413862045975,-0.43667659715326046,2.0025157232704403,0.5396825396825397,0.125,0.875,-1.09375,-1.8412698412698412,0.41935483870967744,-0.031746031746031744,0.2222222222222222,0.0,0.6451612903225806
1,1,0,0,1.068206896551724,0.15873015873015872,1.0032531209663078,0,6,5,4,3,2,1,0,6,5,1,0,0,1,1,1,1,1,0,0,0,0,1,0,0,0,0,0,1,1,0,1,0,0,0,0,0,0,0,0,1.3584137931034486,1.677982905982906,-0.08163611676849969,-0.4487862440997977,-0.39119327731092435,-0.9597647058823529,-0.014777666332330377,0.34975008330556473,0.050579278384640755,-0.43336643495531274,0.31746031746031744,0.53125,0.15625,0.875,-1.1111111111111112,-1.8387096774193548,0.4126984126984127,-0.031746031746031744,0.22580645161290322,0.0
2,1,0,0,-0.20524137931034486,0.6349206349206349,-0.30830542500113256,1,0,6,5,4,3,2,1,0,6,1,1,0,0,1,1,1,1,1,0,0,0,0,1,0,0,0,0,0,1,0,0,1,0,0,0,0,0,0,0,1.068206896551724,1.346803418803419,1.6626272912423623,-0.08108563722184764,-0.4591932773109244,-0.39119327731092435,-0.9429287863590771,-0.011396201266244637,0.35074478649453816,0.05388944058258845,0.15873015873015872,0.3125,0.5625,0.15625,0.8888888888888888,-1.096774193548387,-1.8095238095238095,0.4126984126984127,-0.03225806451612903,0.22580645161290322
3,1,0,0,0.29962068965517236,0.31746031746031744,-0.008251941074371057,2,1,0,6,5,4,3,2,1,0,1,1,1,0,0,1,1,1,1,1,0,0,0,0,1,0,0,0,0,0,0,0,0,1,0,0,0,0,0,0,-0.20524137931034486,1.059076923076923,1.3338085539714868,1.6514160485502356,-0.09260504201680676,-0.4591932773109244,-0.37739886325643596,-0.9364545151616126,-0.008010592519033485,0.3540549486924858,0.6349206349206349,0.15625,0.34375,0.5625,0.15873015873015872,0.9354838709677419,-1.0793650793650793,-1.8095238095238095,0.41935483870967744,-0.03225806451612903
4,1,0,0,0.529896551724138,0.38095238095238093,0.4282938762594248,3,2,1,0,6,5,4,3,2,1,1,1,1,1,0,0,1,1,1,1,0,0,0,0,0,1,0,0,0,0,0,0,0,0,1,0,0,0,0,0,0.29962068965517236,-0.2034871794871795,1.0481330617786828,1.3248145650708025,1.6346554621848737,-0.09260504201680676,-0.44503510531594787,-0.37280906364545147,-0.9269447202912942,-0.004700430321085786,0.31746031746031744,0.625,0.1875,0.34375,0.5714285714285714,0.1935483870967742,0.9206349206349206,-1.0793650793650793,-1.8387096774193548,0.41935483870967744
5,0,1,0,0.7173793103448276,0.5714285714285714,0.5876025474847341,4,3,2,1,0,6,5,4,3,2,1,1,1,1,1,0,0,1,1,1,0,0,0,0,0,0,1,0,0,0,0,0,0,0,0,1,0,0,0,0,0.529896551724138,0.29705982905982903,-0.20543109300746779,1.041065407956844,1.309042016806723,1.6346554621848737,-0.08040789033767974,-0.440219926691103,-0.36703078450844084,-0.9236345580933464,0.38095238095238093,0.3125,0.65625,0.1875,0.3492063492063492,0.6129032258064516,0.19047619047619047,0.9206349206349206,-1.096774193548387,-1.8387096774193548
6,0,1,0,1.221206896551724,0.8253968253968254,1.0007349813955722,5,4,3,2,1,0,6,5,4,3,0,1,1,1,1,1,0,0,1,1,1,0,0,0,0,0,0,1,0,0,0,0,0,0,0,0,1,0,0,0,0.7173793103448276,0.5253675213675214,0.29154786150712825,-0.20404585300067432,1.0261512605042016,1.309042016806723,1.6376128385155464,-0.07680773075641456,-0.43399536577292286,-0.3637206223104932,0.5714285714285714,0.375,0.34375,0.65625,0.19047619047619047,0.3870967741935484,0.6031746031746031,0.19047619047619047,0.9354838709677419,-1.096774193548387
0,1,0,0,0.5475172413793102,-0.09523809523809523,0.28620784083832507,6,5,4,3,2,1,0,6,5,4,0,0,1,1,1,1,1,0,0,1,1,1,0,0,0,0,0,0,1,0,0,0,0,0,0,0,0,1,0,0,1.221206896551724,0.7112478632478633,0.5182281059063136,0.2895819285232636,-0.2151932773109244,1.0261512605042016,1.313741223671013,1.6354881706097963,-0.07298907646474681,-0.4306852035749752,0.8253968253968254,0.5625,0.40625,0.34375,0.6666666666666666,0.22580645161290322,0.38095238095238093,0.6031746031746031,0.1935483870967742,0.9354838709677419
1,1,0,0,-0.22424137931034482,0.5396825396825397,-0.14766662001191386,0,6,5,4,3,2,1,0,6,5,1,0,0,1,1,1,1,1,0,0,0,1,1,0,0,0,0,0,0,1,0,0,0,0,0,0,0,0,1,0,0.5475172413793102,1.2107692307692306,0.7027834351663272,0.5147336480107889,0.2769411764705882,-0.2151932773109244,1.032363757940488,1.3126957680773077,1.6279708705726577,-0.0696789142667991,-0.09523809523809523,0.8125,0.59375,0.40625,0.3492063492063492,0.7096774193548387,0.2222222222222222,0.38095238095238093,0.6129032258064516,0.1935483870967742
2,1,0,0,0.8931724137931034,1.2063492063492063,1.0470580121424065,1,0,6,5,4,3,2,1,0,6,1,1,0,0,1,1,1,1,1,0,0,0,1,1,0,0,0,0,0,0,0,0,0,0,0,0,0,0,0,1,-0.22424137931034482,0.5428376068376067,1.198744059742023,0.6980445043830075,0.5014117647058824,0.2769411764705882,-0.20234035439652293,1.0322559146951014,1.3073154584574644,1.6312810327706055,0.5396825396825397,-0.09375,0.84375,0.59375,0.4126984126984127,0.3870967741935484,0.6984126984126984,0.2222222222222222,0.3870967741935484,0.6129032258064516
3,1,0,0,0.09944827586206888,0.19047619047619047,0.3522095758542046,2,1,0,6,5,4,3,2,1,0,1,1,1,0,0,1,1,1,1,1,0,0,0,1,1,0,0,0,0,0,0,0,0,0,0,0,0,0,0,0,0.8931724137931034,-0.22232478632478633,0.5355736591989136,1.1906608226567765,0.6841680672268908,0.5014117647058824,0.28716148445336004,-0.19833388870376542,1.0287322078781858,1.310625620655412,1.2063492063492063,0.53125,-0.0625,0.84375,0.6031746031746031,0.45161290322580644,0.38095238095238093,0.6984126984126984,0.22580645161290322,0.3870967741935484
4,1,0,0,-0.13072413793103457,0.9206349206349206,0.07426746966933952,3,2,1,0,6,5,4,3,2,1,1,1,1,1,0,0,1,1,1,1,0,0,0,0,1,1,0,0,0,0,0,0,0,0,0,0,0,0,0,0,0.09944827586206888,0.8855384615384615,-0.2241344195519348,0.5319622387053269,1.1752941176470588,0.6841680672268908,0.510431293881645,0.28953682105964673,-0.19371069182389938,1.0320423700761336,0.19047619047619047,1.1875,0.5625,-0.0625,0.8571428571428571,0.6451612903225806,0.4444444444444444,0.38095238095238093,0.7096774193548387,0.22580645161290322
5,0,1,0,1.1099999999999999,0.19047619047619047,1.888107568279907,4,3,2,1,0,6,5,4,3,2,1,1,1,1,1,0,0,1,1,1,0,0,0,0,0,1,1,0,0,0,0,0,0,0,0,0,0,0,0,0,-0.13072413793103457,0.09859829059829052,0.8758316361167684,-0.22262306136210383,0.5185882352941176,1.1752941176470588,0.6922099632230023,0.5120626457847385,0.29093015557762325,-0.1904005296259517,0.9206349206349206,0.1875,1.21875,0.5625,-0.06349206349206349,0.9032258064516129,0.6349206349206349,0.4444444444444444,0.3870967741935484,0.7096774193548387
6,0,1,0,1.2189999999999999,0.19047619047619047,2.0007593230057292,5,4,3,2,1,0,6,5,4,3,0,1,1,1,1,1,0,0,1,1,1,0,0,0,0,0,1,1,0,0,0,0,0,0,0,0,0,0,0,0,1.1099999999999999,-0.1296068376068377,0.0945010183299388,0.8699258260283208,-0.2337142857142857,0.5185882352941176,1.180708793045804,0.6932355881372876,0.5119827871565706,0.2942403177755709,0.19047619047619047,0.90625,0.21875,1.21875,0.5714285714285714,-0.03225806451612903,0.8888888888888888,0.6349206349206349,0.45161290322580644,0.3870967741935484
0,1,0,0,0.48634482758620695,1.6507936507936507,0.8171076893118018,6,5,4,3,2,1,0,6,5,4,0,0,1,1,1,1,1,0,0,1,1,1,0,0,0,0,0,1,1,0,0,0,0,0,0,0,0,0,0,0,1.2189999999999999,1.1005128205128205,-0.1320773930753565,0.09386378961564387,0.8555294117647059,-0.2337142857142857,0.527515880976262,1.1801066311229589,0.6919563058589872,0.5152929493545184,0.19047619047619047,0.1875,0.9375,0.21875,1.2380952380952381,0.6129032258064516,-0.031746031746031744,0.8888888888888888,0.6451612903225806,0.45161290322580644
1,1,0,0,-0.1776206896551724,-0.15873015873015872,0.0015700338551227933,0,6,5,4,3,2,1,0,6,5,1,0,0,1,1,1,1,1,0,0,0,1,1,0,0,0,0,0,1,1,0,0,0,0,0,0,0,0,0,0,0.48634482758620695,1.2085811965811966,1.089273591310251,-0.13118678354686453,0.08181512605042009,0.8555294117647059,-0.22076228686058172,0.5290903032322558,1.1756041046011252,0.6952664680569348,1.6507936507936507,0.1875,0.21875,0.9375,0.2222222222222222,1.2903225806451613,0.6031746031746031,-0.031746031746031744,0.9032258064516129,0.6451612903225806
2,0,0,1,-0.6458620689655172,0.5396825396825397,-0.4901015518452631,1,0,6,5,4,3,2,1,0,6,1,1,0,0,1,1,1,1,1,0,0,0,1,1,0,0,0,0,0,1,0,0,0,0,0,0,0,0,0,0,-0.1776206896551724,0.48218803418803424,1.196571622539036,1.0819285232636546,-0.14255462184873957,0.08181512605042009,0.8626546305583416,-0.21669443518827056,0.5288977159880833,1.178914266799073,-0.15873015873015872,1.625,0.21875,0.21875,0.9523809523809523,0.25806451612903225,1.2698412698412698,0.6031746031746031,-0.03225806451612903,0.9032258064516129
3,1,0,0,-0.496551724137931,0.2222222222222222,-0.34782619278960936,2,1,0,6,5,4,3,2,1,0,0,1,1,0,0,1,1,1,1,1,0,0,0,1,1,0,0,0,0,0,1,0,0,0,0,0,0,0,0,0,-0.6458620689655172,-0.17610256410256409,0.4753564154786151,1.1885030343897505,1.066890756302521,-0.14255462184873957,0.09307923771313933,0.8631122959013661,-0.21194968553459118,0.532207878186031,0.5396825396825397,-0.15625,1.65625,0.21875,0.2222222222222222,1.0,0.25396825396825395,1.2698412698412698,0.6129032258064516,-0.03225806451612903
4,1,0,0,-0.19655172413793104,0.25396825396825395,0.039732675028009756,3,2,1,0,6,5,4,3,2,1,1,0,1,1,0,0,1,1,1,1,0,0,0,0,1,1,0,0,0,0,0,1,0,0,0,0,0,0,0,0,-0.496551724137931,-0.6403418803418803,-0.17824168363883228,0.4721510451786919,1.173142857142857,1.066890756302521,-0.13009027081243738,0.09610129956681097,0.8607083747103607,-0.20863952333664348,0.2222222222222222,0.53125,-0.125,1.65625,0.2222222222222222,0.25806451612903225,0.9841269841269841,0.25396825396825395,1.2903225806451613,0.6129032258064516
5,0,1,0,-0.07241379310344828,0.5079365079365079,0.08101225938149322,4,3,2,1,0,6,5,4,3,2,1,1,0,1,1,0,0,1,1,1,0,0,0,0,0,1,1,0,0,0,0,0,1,0,0,0,0,0,0,0,-0.19655172413793104,-0.49230769230769234,-0.6391717583163612,-0.17703978422117325,0.45895798319327735,1.173142857142857,1.0728853226345703,-0.12632455848050658,0.09877523998675926,0.8640185369083084,0.25396825396825395,0.21875,0.5625,-0.125,1.6825396825396826,0.25806451612903225,0.25396825396825395,0.9841269841269841,0.25806451612903225,1.2903225806451613
6,0,1,0,-0.5206896551724138,0.4126984126984127,-0.3833968581742846,5,4,3,2,1,0,6,5,4,3,0,1,1,0,1,1,0,0,1,1,1,0,0,0,0,0,1,1,0,0,0,0,0,1,0,0,0,0,0,0,-0.07241379310344828,-0.19487179487179487,-0.49219280380176506,-0.6348617666891436,-0.18826890756302517,0.45895798319327735,1.1785690404546973,1.0726424525158278,-0.12217808672624966,0.10208540218470696,0.5079365079365079,0.25,0.25,0.5625,-0.12698412698412698,1.7419354838709677,0.25396825396825395,0.25396825396825395,1.0,0.25806451612903225
0,1,0,0,-0.5206896551724138,-0.2857142857142857,-0.46440195030389825,6,5,4,3,2,1,0,6,5,4,0,0,1,1,0,1,1,0,0,1,1,1,0,0,0,0,0,1,1,0,0,0,0,0,1,0,0,0,0,0,-0.5206896551724138,-0.07179487179487179,-0.19687712152070602,-0.48887390424814564,-0.6447058823529412,-0.18826890756302517,0.4682046138415246,1.1779740086637787,1.068851373717312,-0.11886792452830196,0.4126984126984127,0.5,0.28125,0.25,0.5714285714285714,-0.0967741935483871,1.7142857142857142,0.25396825396825395,0.25806451612903225,1.0
1,1,0,0,-0.13448275862068965,0.4126984126984127,0.13563456211133718,0,6,5,4,3,2,1,0,6,5,1,0,0,1,1,0,1,1,0,0,0,1,1,0,0,0,0,0,1,1,0,0,0,0,0,1,0,0,0,0,-0.5206896551724138,-0.5162393162393163,-0.0746775288526816,-0.19554956169925825,-0.4991596638655462,-0.6447058823529412,-0.17556001337345364,0.46997667444185276,1.1734856007944388,1.0721615359152596,-0.2857142857142857,0.40625,0.53125,0.28125,0.25396825396825395,0.6129032258064516,-0.09523809523809523,1.7142857142857142,0.25806451612903225,0.25806451612903225
2,0,0,1,-0.10689655172413794,0.38095238095238093,-0.07750639136305579,1,0,6,5,4,3,2,1,0,6,1,1,0,0,1,1,0,1,1,0,0,0,1,1,0,0,0,0,0,1,0,0,0,0,0,0,1,0,0,0,-0.13448275862068965,-0.5162393162393163,-0.5159538357094365,-0.07417397167902899,-0.20672268907563024,-0.4991596638655462,-0.6295553326646607,-0.17164278573808725,0.47017543859649125,1.1767957629923864,0.4126984126984127,-0.28125,0.4375,0.53125,0.2857142857142857,0.2903225806451613,0.6031746031746031,-0.09523809523809523,1.7419354838709677,0.25806451612903225
3,1,0,0,-0.6655172413793103,-1.1746031746031746,-0.6426355472703927,2,1,0,6,5,4,3,2,1,0,0,1,1,0,0,1,1,0,1,1,0,0,0,1,1,0,0,0,0,0,1,0,0,0,0,0,0,1,0,0,-0.10689655172413794,-0.13333333333333333,-0.5159538357094365,-0.5124747134187457,-0.08571428571428572,-0.20672268907563024,-0.4847876964226011,-0.6241252915694768,-0.16719629261833827,0.47348560079443897,0.38095238095238093,0.40625,-0.25,0.4375,0.5396825396825397,0.3225806451612903,0.2857142857142857,0.6031746031746031,-0.0967741935483871,1.7419354838709677
4,1,0,0,-0.593103448275862,-1.6507936507936507,-0.5028524986324748,3,2,1,0,6,5,4,3,2,1,1,0,1,1,0,0,1,1,0,1,0,0,0,0,1,1,0,0,0,0,0,1,0,0,0,0,0,0,1,0,-0.6655172413793103,-0.10598290598290598,-0.1357773251866938,-0.5124747134187457,-0.5226890756302521,-0.08571428571428572,-0.19391507856904044,-0.47984005331556145,-0.6166832174776564,-0.16388613042039055,-1.1746031746031746,0.375,0.4375,-0.25,0.4444444444444444,0.5806451612903226,0.31746031746031744,0.2857142857142857,0.6129032258064516,-0.0967741935483871
5,0,1,0,-0.6948275862068966,-1.4603174603174602,-0.6277268519739355,4,3,2,1,0,6,5,4,3,2,1,1,0,1,1,0,0,1,1,0,0,0,0,0,0,1,1,0,0,0,0,0,1,0,0,0,0,0,0,1,-0.593103448275862,-0.6598290598290598,-0.10862186014935504,-0.13486176668914363,-0.5226890756302521,-0.5226890756302521,-0.0735539953192912,-0.18993668777074307,-0.473353194306521,-0.6133730552797086,-1.6507936507936507,-1.15625,0.40625,0.4375,-0.25396825396825395,0.4838709677419355,0.5714285714285714,0.31746031746031744,0.2903225806451613,0.6129032258064516
6,0,1,0,-0.6137931034482759,-1.1746031746031746,-0.45705294773518224,5,4,3,2,1,0,6,5,4,3,0,1,1,0,1,1,0,0,1,1,1,0,0,0,0,0,1,1,0,0,0,0,0,1,0,0,0,0,0,0,-0.6948275862068966,-0.588034188034188,-0.658520027155465,-0.1078894133513149,-0.146218487394958,-0.5226890756302521,-0.5081912403878301,-0.06997667444185271,-0.18536908308507116,-0.4700430321085733,-1.4603174603174602,-1.625,-1.125,0.40625,0.4444444444444444,-0.22580645161290322,0.47619047619047616,0.5714285714285714,0.3225806451612903,0.2903225806451613
0,0,0,1,-0.3275862068965517,-1.4285714285714286,-0.3359868393027751,6,5,4,3,2,1,0,6,5,4,0,0,1,1,0,1,1,0,0,1,1,1,0,0,0,0,0,1,1,0,0,0,0,0,1,0,0,0,0,0,-0.6137931034482759,-0.6888888888888889,-0.5872369314324507,-0.6540795684423465,-0.11932773109243698,-0.146218487394958,-0.5081912403878301,-0.5031656114628457,-0.06620324395895398,-0.18205892088712344,-1.1746031746031746,-1.4375,-1.59375,-1.125,0.4126984126984127,0.4838709677419355,-0.2222222222222222,0.47619047619047616,0.5806451612903226,0.3225806451612903
1,1,0,0,-0.6782758620689655,-0.3492063492063492,-0.5447917406212114,0,6,5,4,3,2,1,0,6,5,0,0,0,1,1,0,1,1,0,0,0,1,1,0,0,0,0,0,1,1,1,0,0,0,0,1,0,0,0,0,-0.3275862068965517,-0.6085470085470085,-0.6873727087576375,-0.5832771409305462,-0.6638655462184874,-0.11932773109243698,-0.13373453694416582,-0.5031656114628457,-0.4965243296921549,-0.06289308176100629,-1.4285714285714286,-1.15625,-1.40625,-1.59375,-1.1428571428571428,0.45161290322580644,0.47619047619047616,-0.2222222222222222,0.4838709677419355,0.5806451612903226
2,1,0,0,-0.7234482758620691,-1.3968253968253967,-0.6915082264499993,1,0,6,5,4,3,2,1,0,6,1,0,0,0,1,1,0,1,1,0,0,0,1,1,0,0,0,0,0,1,0,1,0,0,0,0,1,0,0,0,-0.6782758620689655,-0.3247863247863248,-0.6076035302104548,-0.6827376938637896,-0.5932773109243697,-0.6638655462184874,-0.10698762955533266,-0.12995668110629788,-0.4965243296921549,-0.49321416749420716,-0.3492063492063492,-1.40625,-1.125,-1.40625,-1.619047619047619,-1.1290322580645162,0.4444444444444444,0.47619047619047616,-0.22580645161290322,0.4838709677419355
3,1,0,0,-0.5827586206896552,-1.3650793650793651,-0.6552059604489404,2,1,0,6,5,4,3,2,1,0,1,1,0,0,0,1,1,0,1,1,0,0,0,1,1,0,0,0,0,0,0,0,1,0,0,0,0,1,0,0,-0.7234482758620691,-0.6724786324786325,-0.32586558044806513,-0.6035064059339177,-0.692436974789916,-0.5932773109243697,-0.6486125041792042,-0.10329890036654447,-0.12578616352201258,-0.49321416749420716,-1.3968253968253967,-0.34375,-1.375,-1.125,-1.4285714285714286,-1.6129032258064515,-1.1111111111111112,0.4444444444444444,0.4838709677419355,-0.22580645161290322
4,1,0,0,-0.6862068965517242,-1.7777777777777777,-0.7823070301950913,3,2,1,0,6,5,4,3,2,1,1,1,1,0,0,0,1,1,0,1,0,0,0,0,1,1,0,0,0,0,0,0,0,1,0,0,0,0,1,0,-0.5827586206896552,-0.7172649572649573,-0.6710794297352342,-0.3236682400539447,-0.6134453781512605,-0.692436974789916,-0.5784018722835171,-0.6431189603465511,-0.09930486593843098,-0.12247600132406487,-1.3650793650793651,-1.375,-0.3125,-1.375,-1.1428571428571428,-1.4193548387096775,-1.5873015873015872,-1.1111111111111112,0.45161290322580644,0.4838709677419355
5,0,1,0,-0.5137931034482759,-1.2380952380952381,-0.42582969392453696,4,3,2,1,0,6,5,4,3,2,1,1,1,1,0,0,0,1,1,0,0,0,0,0,0,1,1,0,0,0,0,0,0,0,1,0,0,0,0,1,-0.6862068965517242,-0.5777777777777777,-0.7155465037338764,-0.6665542818610923,-0.334453781512605,-0.6134453781512605,-0.6770310932798395,-0.5731422859046984,-0.6355511420059582,-0.09599470374048327,-1.7777777777777777,-1.34375,-1.34375,-0.3125,-1.3968253968253967,-1.1290322580645162,-1.3968253968253967,-1.5873015873015872,-1.1290322580645162,0.45161290322580644
6,0,1,0,-0.4379310344827586,-1.2698412698412698,-0.36717155223067194,5,4,3,2,1,0,6,5,4,3,0,1,1,1,1,0,0,0,1,1,1,0,0,0,0,0,1,1,0,0,0,0,0,0,0,1,0,0,0,0,-0.5137931034482759,-0.6803418803418804,-0.5770536320434487,-0.7107215104517869,-0.6763025210084033,-0.334453781512605,-0.5984620528251421,-0.6714428523825391,-0.5660377358490566,-0.6322409798080105,-1.2380952380952381,-1.75,-1.3125,-1.34375,-0.31746031746031744,-1.3870967741935485,-1.1111111111111112,-1.3968253968253967,-1.6129032258064515,-1.1290322580645162
0,1,0,0,-0.7206896551724138,-0.7301587301587301,-0.659294133874799,6,5,4,3,2,1,0,6,5,4,0,0,1,1,1,1,0,0,0,1,1,1,0,0,0,0,0,1,1,0,0,0,0,0,0,0,1,0,0,0,-0.4379310344827586,-0.5094017094017094,-0.678886625933469,-0.5731625084288604,-0.7203361344537815,-0.6763025210084033,-0.320962888665998,-0.5931356214595135,-0.6636875206885137,-0.5627275736511088,-1.2698412698412698,-1.21875,-1.71875,-1.3125,-1.3650793650793651,-0.2903225806451613,-1.3650793650793651,-1.1111111111111112,-1.4193548387096775,-1.6129032258064515
1,1,0,0,-0.6827586206896552,-1.492063492063492,-0.5453836474415278,0,6,5,4,3,2,1,0,6,5,1,0,0,1,1,1,1,0,0,0,0,1,1,0,0,0,0,0,1,1,0,0,0,0,0,0,0,1,0,0,-0.7206896551724138,-0.4341880341880342,-0.5091649694501018,-0.6743088334457181,-0.5831932773109244,-0.7203361344537815,-0.6609829488465395,-0.31656114628457177,-0.5858987090367428,-0.660377358490566,-0.7301587301587301,-1.25,-1.1875,-1.71875,-1.3333333333333333,-1.3548387096774193,-0.2857142857142857,-1.3650793650793651,-1.1290322580645162,-1.4193548387096775
2,1,0,0,-0.23448275862068965,-0.31746031746031744,0.17485822702473175,1,0,6,5,4,3,2,1,0,6,1,1,0,0,1,1,1,1,0,0,0,0,1,1,0,0,0,0,0,1,0,0,0,0,0,0,0,0,1,0,-0.6827586206896552,-0.7145299145299145,-0.43448744059742017,-0.5057316250842886,-0.6840336134453782,-0.5831932773109244,-0.704781009695754,-0.655448183938687,-0.3111552466070837,-0.582588546838795,-1.492063492063492,-0.71875,-1.21875,-1.1875,-1.746031746031746,-1.3225806451612903,-1.3333333333333333,-0.2857142857142857,-1.3870967741935485,-1.1290322580645162
3,1,0,0,-0.4413793103448276,-0.8253968253968254,-0.22745341455317256,2,1,0,6,5,4,3,2,1,0,1,1,1,0,0,1,1,1,1,0,0,0,0,1,1,0,0,0,0,0,0,0,0,0,0,0,0,0,0,1,-0.23448275862068965,-0.676923076923077,-0.7128309572301426,-0.4315576534052596,-0.5159663865546219,-0.6840336134453782,-0.5683717820127048,-0.6991002999000333,-0.6477987421383647,-0.30784508440913605,-0.31746031746031744,-1.46875,-0.6875,-1.21875,-1.2063492063492063,-1.7419354838709677,-1.3015873015873016,-1.3333333333333333,-0.2903225806451613,-1.3870967741935485
4,1,0,0,-0.503448275862069,-1.0476190476190477,-0.27738833455379464,3,2,1,0,6,5,4,3,2,1,1,1,1,1,0,0,1,1,1,1,0,0,0,0,1,1,0,0,0,0,0,0,0,0,0,0,0,0,0,0,-0.4413793103448276,-0.23247863247863249,-0.6754921928038017,-0.708024275118004,-0.44201680672268906,-0.5159663865546219,-0.6686726847208291,-0.5631456181272909,-0.6911618669314796,-0.644488579940417,-0.8253968253968254,-0.3125,-1.4375,-0.6875,-1.2380952380952381,-1.1935483870967742,-1.7142857142857142,-1.3015873015873016,-1.3548387096774193,-0.2903225806451613
5,0,1,0,-0.6206896551724138,-1.1111111111111112,-0.4317962282675062,4,3,2,1,0,6,5,4,3,2,1,1,1,1,1,0,0,1,1,1,0,0,0,0,0,1,1,0,0,0,0,0,0,0,0,0,0,0,0,0,-0.503448275862069,-0.4376068376068376,-0.23421588594704681,-0.6709372892784895,-0.7176470588235294,-0.44201680672268906,-0.5015045135406219,-0.6631122959013661,-0.5561072492552135,-0.687851704733532,-1.0476190476190477,-0.8125,-0.28125,-1.4375,-0.6984126984126984,-1.2258064516129032,-1.1746031746031746,-1.7142857142857142,-1.3225806451612903,-1.3548387096774193
6,0,1,0,-0.29310344827586204,-0.5079365079365079,0.05248497412689687,5,4,3,2,1,0,6,5,4,3,0,1,1,1,1,1,0,0,1,1,1,0,0,0,0,0,1,1,0,0,0,0,0,0,0,0,0,0,0,0,-0.6206896551724138,-0.49914529914529915,-0.43788187372708753,-0.23263654753877275,-0.680672268907563,-0.7176470588235294,-0.4279505182213306,-0.4965011662779073,-0.6554121151936444,-0.5527970870572657,-1.1111111111111112,-1.03125,-0.78125,-0.28125,-1.4603174603174602,-0.6774193548387096,-1.2063492063492063,-1.1746031746031746,-1.7419354838709677,-1.3225806451612903
0,1,0,0,-0.5379310344827586,-0.6031746031746031,-0.33479085485706406,6,5,4,3,2,1,0,6,5,4,0,0,1,1,1,1,1,0,0,1,1,1,0,0,0,0,0,1,1,0,0,0,0,0,0,0,0,0,0,0,-0.29310344827586204,-0.6153846153846154,-0.4989816700610998,-0.43492919757248816,-0.24369747899159663,-0.680672268907563,-0.7021063189568706,-0.42319226924358544,-0.4899040052962595,-0.6521019529956967,-0.5079365079365079,-1.09375,-1.0,-0.78125,-0.2857142857142857,-1.4516129032258065,-0.6666666666666666,-1.2063492063492063,-1.1935483870967742,-1.7419354838709677
1,1,0,0,-0.2896551724137931,-0.6349206349206349,0.09192311567200762,0,6,5,4,3,2,1,0,6,5,1,0,0,1,1,1,1,1,0,0,0,1,1,0,0,0,0,0,1,1,0,0,0,0,0,0,0,0,0,0,-0.5379310344827586,-0.2905982905982906,-0.6143923964697895,-0.4956169925826028,-0.44537815126050423,-0.24369747899159663,-0.665329321297225,-0.6964345218260579,-0.4170804369414101,-0.4865938430983118,-0.6031746031746031,-0.5,-1.0625,-1.0,-0.7936507936507936,-0.25806451612903225,-1.4285714285714286,-0.6666666666666666,-1.2258064516129032,-1.1935483870967742
2,1,0,0,-0.3896551724137931,-0.47619047619047616,-0.23419090178227916,1,0,6,5,4,3,2,1,0,6,1,1,0,0,1,1,1,1,1,0,0,0,1,1,0,0,0,0,0,1,0,0,0,0,0,0,0,0,0,0,-0.2896551724137931,-0.5333333333333333,-0.29192124915139167,-0.6102494942683748,-0.5058823529411764,-0.44537815126050423,-0.23069207622868604,-0.659780073308897,-0.6885137371731215,-0.4137702747434624,-0.6349206349206349,-0.59375,-0.46875,-1.0625,-1.0158730158730158,-0.7741935483870968,-0.25396825396825395,-1.4285714285714286,-0.6774193548387096,-1.2258064516129032
3,1,0,0,-0.6517241379310345,-0.6666666666666666,-0.5378128657580484,2,1,0,6,5,4,3,2,1,0,1,1,1,0,0,1,1,1,1,1,0,0,0,1,1,0,0,0,0,0,0,0,0,0,0,0,0,0,0,0,-0.3896551724137931,-0.28717948717948716,-0.5329260013577732,-0.28995279838165877,-0.6201680672268908,-0.5058823529411764,-0.43129388164493476,-0.226591136287904,-0.6521019529956967,-0.6852035749751737,-0.47619047619047616,-0.625,-0.5625,-0.46875,-1.0793650793650793,-1.0,-0.7619047619047619,-0.25396825396825395,-1.4516129032258065,-0.6774193548387096
4,1,0,0,-0.30689655172413793,-0.6031746031746031,-0.1677892882039881,3,2,1,0,6,5,4,3,2,1,1,1,1,1,0,0,1,1,1,1,0,0,0,0,1,1,0,0,0,0,0,0,0,0,0,0,0,0,0,0,-0.6517241379310345,-0.38632478632478634,-0.28852681602172436,-0.5293324342548887,-0.30084033613445377,-0.6201680672268908,-0.4914744232698094,-0.4265244918360546,-0.22178086726249585,-0.6487917907977491,-0.6666666666666666,-0.46875,-0.59375,-0.5625,-0.47619047619047616,-1.064516129032258,-0.9841269841269841,-0.7619047619047619,-0.25806451612903225,-1.4516129032258065
5,0,1,0,0.017241379310344827,-0.6031746031746031,0.30023482892243075,4,3,2,1,0,6,5,4,3,2,1,1,1,1,1,0,0,1,1,1,0,0,0,0,0,1,1,0,0,0,0,0,0,0,0,0,0,0,0,0,-0.30689655172413793,-0.6461538461538462,-0.3869653767820774,-0.2865812542144302,-0.5394957983193277,-0.30084033613445377,-0.6051487796723504,-0.4865044985004998,-0.4203905991393578,-0.21847070506454816,-0.6031746031746031,-0.65625,-0.4375,-0.59375,-0.5714285714285714,-0.45161290322580644,-1.0476190476190477,-0.9841269841269841,-0.7741935483870968,-0.25806451612903225
6,0,1,0,-0.32413793103448274,-0.3492063492063492,-0.14425176256922992,5,4,3,2,1,0,6,5,4,3,0,1,1,1,1,1,0,0,1,1,1,0,0,0,0,0,1,1,0,0,0,0,0,0,0,0,0,0,0,0,0.017241379310344827,-0.30427350427350425,-0.6449422946367956,-0.3843560350640593,-0.29747899159663865,-0.5394957983193277,-0.2875292544299565,-0.5998000666444518,-0.4799735187024164,-0.4170804369414101,-0.6031746031746031,-0.59375,-0.625,-0.4375,-0.6031746031746031,-0.5483870967741935,-0.4444444444444444,-1.0476190476190477,-1.0,-0.7741935483870968
0,1,0,0,-0.05172413793103448,-0.7301587301587301,0.17402412118335386,6,5,4,3,2,1,0,6,5,4,0,0,1,1,1,1,1,0,0,1,1,1,0,0,0,0,0,1,1,0,0,0,0,0,0,0,0,0,0,0,-0.32413793103448274,0.017094017094017096,-0.30549898167006106,-0.6405933917734322,-0.3949579831932773,-0.29747899159663865,-0.5249080575058509,-0.28323892035988,-0.5925190334326381,-0.47666335650446867,-0.3492063492063492,-0.59375,-0.5625,-0.625,-0.4444444444444444,-0.5806451612903226,-0.5396825396825397,-0.4444444444444444,-1.064516129032258,-1.0
1,1,0,0,-0.5793103448275863,-0.4444444444444444,-0.41950885392261666,0,6,5,4,3,2,1,0,6,5,1,0,0,1,1,1,1,1,0,0,0,1,1,0,0,0,0,0,1,1,0,0,0,0,0,0,0,0,0,0,-0.05172413793103448,-0.3213675213675214,0.01357773251866938,-0.30343897505057316,-0.6504201680672269,-0.3949579831932773,-0.2841858910063524,-0.5198267244251915,-0.27805362462760674,-0.5892088712346905,-0.7301587301587301,-0.34375,-0.5625,-0.5625,-0.6349206349206349,-0.41935483870967744,-0.5714285714285714,-0.5396825396825397,-0.45161290322580644,-1.064516129032258
2,1,0,0,0.6172413793103448,-0.5079365079365079,1.0970548680177612,1,0,6,5,4,3,2,1,0,6,1,1,0,0,1,1,1,1,1,0,0,0,1,1,0,0,0,0,0,1,0,0,0,0,0,0,0,0,0,0,-0.5793103448275863,-0.05128205128205128,-0.3224711473183978,0.013486176668914362,-0.3142857142857143,-0.6504201680672269,-0.3811434302908726,-0.27990669776741084,-0.5130751406818934,-0.274743462429659,-0.4444444444444444,-0.71875,-0.3125,-0.5625,-0.5714285714285714,-0.6129032258064516,-0.4126984126984127,-0.5714285714285714,-0.5483870967741935,-0.45161290322580644
3,1,0,0,-0.5206896551724138,-0.3492063492063492,-0.27461095683488745,2,1,0,6,5,4,3,2,1,0,1,1,1,0,0,1,1,1,1,1,0,0,0,1,1,0,0,0,0,0,0,0,0,0,0,0,0,0,0,0,0.6172413793103448,-0.5743589743589743,-0.05431093007467752,-0.3202966958867161,0.0016806722689075631,-0.3142857142857143,-0.6352390504847877,-0.37654115294901697,-0.274743462429659,-0.5097649784839456,-0.5079365079365079,-0.4375,-0.6875,-0.3125,-0.5714285714285714,-0.5483870967741935,-0.6031746031746031,-0.4126984126984127,-0.5806451612903226,-0.5483870967741935
4,1,0,0,-0.2827586206896552,-0.47619047619047616,-0.007827315208299948,3,2,1,0,6,5,4,3,2,1,1,1,1,1,0,0,1,1,1,1,0,0,0,0,1,1,0,0,0,0,0,0,0,0,0,0,0,0,0,0,-0.5206896551724138,0.611965811965812,-0.5736591989137814,-0.05394470667565745,-0.3310924369747899,0.0016806722689075631,-0.3009027081243731,-0.6297900699766744,-0.3707381661701423,-0.27143330023171136,-0.3492063492063492,-0.5,-0.40625,-0.6875,-0.31746031746031744,-0.5483870967741935,-0.5396825396825397,-0.6031746031746031,-0.41935483870967744,-0.5806451612903226
5,0,1,0,-0.4068965517241379,-0.09523809523809523,-0.015659633969798824,4,3,2,1,0,6,5,4,3,2,1,1,1,1,1,0,0,1,1,1,0,0,0,0,0,1,1,0,0,0,0,0,0,0,0,0,0,0,0,0,-0.2827586206896552,-0.5162393162393163,0.6042090970807875,-0.5697909642616318,-0.06554621848739496,-0.3310924369747899,0.013373453694416582,-0.29656781072975674,-0.6223104932141674,-0.3674280039721946,-0.47619047619047616,-0.34375,-0.46875,-0.40625,-0.6984126984126984,-0.2903225806451613,-0.5396825396825397,-0.5396825396825397,-0.6129032258064516,-0.41935483870967744
6,0,1,0,-0.0896551724137931,0.25396825396825395,0.23834074062053526,5,4,3,2,1,0,6,5,4,3,0,1,1,1,1,1,0,0,1,1,1,0,0,0,0,0,1,1,0,0,0,0,0,0,0,0,0,0,0,0,-0.4068965517241379,-0.28034188034188035,-0.5159538357094365,0.6001348617666891,-0.5798319327731093,-0.06554621848739496,-0.31761952524239384,0.016661112962345882,-0.2912942734193975,-0.6190003310162198,-0.09523809523809523,-0.46875,-0.3125,-0.46875,-0.4126984126984127,-0.6774193548387096,-0.2857142857142857,-0.5396825396825397,-0.5483870967741935,-0.6129032258064516
0,1,0,0,0.03103448275862069,-0.19047619047619047,0.5546272386674591,6,5,4,3,2,1,0,6,5,4,0,0,1,1,1,1,1,0,0,1,1,1,0,0,0,0,0,1,1,0,0,0,0,0,0,0,0,0,0,0,-0.0896551724137931,-0.40341880341880343,-0.28173794976238964,-0.5124747134187457,0.5865546218487395,-0.5798319327731093,-0.05349381477766633,-0.3132289236921026,0.019860973187686193,-0.28798411122144985,0.25396825396825395,-0.09375,-0.4375,-0.3125,-0.47619047619047616,-0.3870967741935484,-0.6666666666666666,-0.2857142857142857,-0.5483870967741935,-0.5483870967741935
1,1,0,0,-0.32068965517241377,-0.19047619047619047,0.1000618682591489,0,6,5,4,3,2,1,0,6,5,1,0,0,1,1,1,1,1,0,0,0,1,1,0,0,0,0,0,1,1,0,0,0,0,0,0,0,0,0,0,0.03103448275862069,-0.08888888888888889,-0.4039375424304141,-0.279838165879973,-0.5226890756302521,0.5865546218487395,-0.5650284185891006,-0.04998333888703765,-0.30784508440913605,0.023171135385633895,-0.19047619047619047,0.25,-0.0625,-0.4375,-0.31746031746031744,-0.45161290322580644,-0.38095238095238093,-0.6666666666666666,-0.2903225806451613,-0.5483870967741935
2,1,0,0,-0.41379310344827586,-0.47619047619047616,-0.07534134037076329,1,0,6,5,4,3,2,1,0,6,1,1,0,0,1,1,1,1,1,0,0,0,1,1,0,0,0,0,0,1,0,0,0,0,0,0,0,0,0,0,-0.32068965517241377,0.03076923076923077,-0.09164969450101833,-0.40121375590020225,-0.2907563025210084,-0.5226890756302521,0.5951186894015379,-0.5598133955348217,-0.04634227077126779,-0.30453492221118833,-0.19047619047619047,-0.1875,0.28125,-0.0625,-0.4444444444444444,-0.2903225806451613,-0.4444444444444444,-0.38095238095238093,-0.6774193548387096,-0.2903225806451613
3,1,0,0,-0.4,0.0,-0.1782779527894471,2,1,0,6,5,4,3,2,1,0,1,1,1,0,0,1,1,1,1,1,0,0,0,1,1,0,0,0,0,0,0,0,0,0,0,0,0,0,0,0,-0.41379310344827586,-0.31794871794871793,0.02715546503733876,-0.09103169251517194,-0.4117647058823529,-0.2907563025210084,-0.5081912403878301,0.5964678440519826,-0.5527970870572657,-0.04303210857332009,-0.47619047619047616,-0.1875,-0.15625,0.28125,-0.06349206349206349,-0.41935483870967744,-0.2857142857142857,-0.4444444444444444,-0.3870967741935484,-0.6774193548387096
4,1,0,0,-0.3793103448275862,0.2222222222222222,-0.0693725070979459,3,2,1,0,6,5,4,3,2,1,1,1,1,1,0,0,1,1,1,1,0,0,0,0,1,1,0,0,0,0,0,0,0,0,0,0,0,0,0,0,-0.4,-0.41025641025641024,-0.31907671418873046,0.026972353337828724,-0.10252100840336134,-0.4117647058823529,-0.27749916415914405,-0.5031656114628457,0.5958291956305859,-0.549486924859318,0.0,-0.46875,-0.15625,-0.15625,0.2857142857142857,-0.03225806451612903,-0.4126984126984127,-0.2857142857142857,-0.45161290322580644,-0.3870967741935484
5,0,1,0,-0.28620689655172415,-0.031746031746031744,-0.19371567241331514,4,3,2,1,0,6,5,4,3,2,1,1,1,1,1,0,0,1,1,1,0,0,0,0,0,1,1,0,0,0,0,0,0,0,0,0,0,0,0,0,-0.3793103448275862,-0.39658119658119656,-0.4107264086897488,-0.3169251517194875,0.015126050420168067,-0.10252100840336134,-0.3978602474088933,-0.2732422525824725,-0.4965243296921549,0.5991393578285336,0.2222222222222222,0.0,-0.4375,-0.15625,-0.15873015873015872,0.3225806451612903,-0.031746031746031744,-0.4126984126984127,-0.2903225806451613,-0.45161290322580644
6,0,1,0,0.09310344827586207,0.2222222222222222,-0.16999301531019664,5,4,3,2,1,0,6,5,4,3,0,1,1,1,1,1,0,0,1,1,1,0,0,0,0,0,1,1,0,0,0,0,0,0,0,0,0,0,0,0,-0.28620689655172415,-0.37606837606837606,-0.3971486761710794,-0.40795684423465944,-0.3277310924369748,0.015126050420168067,-0.09027081243731193,-0.39320226591136287,-0.26812313803376364,-0.49321416749420716,-0.031746031746031744,0.21875,0.03125,-0.4375,-0.15873015873015872,-0.12903225806451613,0.31746031746031744,-0.031746031746031744,-0.41935483870967744,-0.2903225806451613
0,1,0,0,-0.017241379310344827,0.15873015873015872,0.1358691881870166,6,5,4,3,2,1,0,6,5,4,0,0,1,1,1,1,1,0,0,1,1,1,0,0,0,0,0,1,1,0,0,0,0,0,0,0,0,0,0,0,0.09310344827586207,-0.28376068376068375,-0.37678207739307534,-0.39447066756574506,-0.4184873949579832,-0.3277310924369748,0.026746907388833164,-0.0866377874041986,-0.3872889771598808,-0.2648129758358159,0.2222222222222222,-0.03125,0.25,0.03125,-0.4444444444444444,-0.12903225806451613,-0.12698412698412698,0.31746031746031744,-0.03225806451612903,-0.41935483870967744
1,1,0,0,0.0034482758620689655,-0.2222222222222222,0.37932464202619565,0,6,5,4,3,2,1,0,6,5,1,0,0,1,1,1,1,1,0,0,0,1,1,0,0,0,0,0,1,1,0,0,0,0,0,0,0,0,0,0,-0.017241379310344827,0.09230769230769231,-0.285132382892057,-0.37424140256237354,-0.4050420168067227,-0.4184873949579832,-0.3142761618187897,0.02999000333222259,-0.08275405494869248,-0.3839788149619331,0.15873015873015872,0.21875,0.0,0.25,0.031746031746031744,-0.41935483870967744,-0.12698412698412698,-0.12698412698412698,0.3225806451612903,-0.03225806451612903
2,1,0,0,-0.4379310344827586,-0.3492063492063492,-0.38624171624579345,1,0,6,5,4,3,2,1,0,6,1,1,0,0,1,1,1,1,1,0,0,0,1,1,0,0,0,0,0,1,0,0,0,0,0,0,0,0,0,0,0.0034482758620689655,-0.017094017094017096,0.08825526137135098,-0.2832097100472016,-0.38487394957983195,-0.4050420168067227,-0.4045469742561016,-0.3098967010996334,0.03310162197947699,-0.07944389275074477,-0.2222222222222222,0.15625,0.25,0.0,0.25396825396825395,0.06451612903225806,-0.4126984126984127,-0.12698412698412698,-0.12903225806451613,0.3225806451612903
3,1,0,0,-0.9517241379310345,-1.619047619047619,-0.8978749098177151,2,1,0,6,5,4,3,2,1,0,1,1,1,0,0,1,1,1,1,1,0,0,0,1,1,0,0,0,0,0,0,0,0,0,0,0,0,0,0,0,-0.4379310344827586,0.003418803418803419,-0.02036659877800407,0.08766014834794335,-0.29411764705882354,-0.38487394957983195,-0.39117352056168503,-0.3998667110963012,-0.30453492221118833,0.03641178417742469,-0.3492063492063492,-0.21875,0.1875,0.25,0.0,0.2903225806451613,0.06349206349206349,-0.4126984126984127,-0.12903225806451613,-0.12903225806451613
4,1,0,0,-0.31724137931034485,-0.5396825396825397,-0.23879484688112979,3,2,1,0,6,5,4,3,2,1,1,1,1,1,0,0,1,1,1,1,0,0,0,0,1,1,0,0,0,0,0,0,0,0,0,0,0,0,0,0,-0.9517241379310345,-0.4341880341880342,0.0,-0.020229265003371542,0.07563025210084033,-0.29411764705882354,-0.37111334002006013,-0.3865378207264245,-0.3939093015557762,-0.3012247600132406,-1.619047619047619,-0.34375,-0.1875,0.1875,0.25396825396825395,0.03225806451612903,0.2857142857142857,0.06349206349206349,-0.41935483870967744,-0.12903225806451613
5,0,1,0,-0.7586206896551724,-1.3650793650793651,-0.6524023478835308,4,3,2,1,0,6,5,4,3,2,1,1,1,1,1,0,0,1,1,1,0,0,0,0,0,1,1,0,0,0,0,0,0,0,0,0,0,0,0,0,-0.31724137931034485,-0.9435897435897436,-0.43448744059742017,0.0,-0.031932773109243695,0.07563025210084033,-0.28084252758274825,-0.3665444851716094,-0.3806686527639854,-0.39059913935782853,-0.5396825396825397,-1.59375,-0.3125,-0.1875,0.19047619047619047,0.2903225806451613,0.031746031746031744,0.2857142857142857,0.06451612903225806,-0.41935483870967744
6,0,1,0,-0.5586206896551724,-0.5396825396825397,-0.500254978366394,5,4,3,2,1,0,6,5,4,3,0,1,1,1,1,1,0,0,1,1,1,0,0,0,0,0,1,1,0,0,0,0,0,0,0,0,0,0,0,0,-0.7586206896551724,-0.3145299145299145,-0.9402579769178546,-0.4315576534052596,-0.011764705882352941,-0.031932773109243695,0.08692744901370779,-0.27657447517494166,-0.3608076795762992,-0.3773584905660377,-1.3650793650793651,-0.53125,-1.5625,-0.3125,-0.19047619047619047,0.22580645161290322,0.2857142857142857,0.031746031746031744,0.2903225806451613,0.06451612903225806
0,1,0,0,0.09655172413793103,-0.7619047619047619,0.32337558631163077,6,5,4,3,2,1,0,6,5,4,0,0,1,1,1,1,1,0,0,1,1,1,0,0,0,0,0,1,1,0,0,0,0,0,0,0,0,0,0,0,-0.5586206896551724,-0.7521367521367521,-0.3156822810590631,-0.9339177343223195,-0.44201680672268906,-0.011764705882352941,-0.020060180541624874,0.08997000999666777,-0.27143330023171136,-0.3574975173783515,-0.5396825396825397,-1.34375,-0.5,-1.5625,-0.31746031746031744,-0.16129032258064516,0.2222222222222222,0.2857142857142857,0.03225806451612903,0.2903225806451613
1,1,0,0,-0.4482758620689655,0.031746031746031744,-0.2381059793136883,0,6,5,4,3,2,1,0,6,5,1,0,0,1,1,1,1,1,0,0,0,1,1,0,0,0,0,0,1,1,0,0,0,0,0,0,0,0,0,0,0.09655172413793103,-0.5538461538461539,-0.7501697216564833,-0.3135536075522589,-0.9428571428571428,-0.44201680672268906,0.0,-0.016661112962345882,0.09268454154253558,-0.26812313803376364,-0.7619047619047619,-0.53125,-1.3125,-0.5,-1.5873015873015872,-0.2903225806451613,-0.15873015873015872,0.2222222222222222,0.2903225806451613,0.03225806451612903
2,1,0,0,0.20689655172413793,-0.7301587301587301,0.049140707353668045,1,0,6,5,4,3,2,1,0,6,1,1,0,0,1,1,1,1,1,0,0,0,1,1,0,0,0,0,0,1,0,0,0,0,0,0,0,0,0,0,-0.4482758620689655,0.09572649572649573,-0.5532926001357773,-0.7451112609575185,-0.3243697478991597,-0.9428571428571428,-0.4279505182213306,0.0033322225924691767,-0.013240648791790797,0.09599470374048327,0.031746031746031744,-0.75,-0.5,-1.3125,-0.5079365079365079,-1.5806451612903225,-0.2857142857142857,-0.15873015873015872,0.22580645161290322,0.2903225806451613
3,1,0,0,-0.15172413793103448,0.2222222222222222,0.15876314869545874,2,1,0,6,5,4,3,2,1,0,1,1,1,0,0,1,1,1,1,1,0,0,0,1,1,0,0,0,0,0,0,0,0,0,0,0,0,0,0,0,0.20689655172413793,-0.4444444444444444,0.09164969450101833,-0.5495616992582603,-0.7546218487394958,-0.3243697478991597,-0.9261116683383483,-0.42319226924358544,0.006620324395895398,-0.009930486593843097,-0.7301587301587301,0.03125,-0.71875,-0.5,-1.3333333333333333,-0.4838709677419355,-1.5555555555555556,-0.2857142857142857,-0.16129032258064516,0.22580645161290322
4,1,0,0,-0.10344827586206896,-0.47619047619047616,0.019085309905885868,3,2,1,0,6,5,4,3,2,1,1,1,1,1,0,0,1,1,1,1,0,0,0,0,1,1,0,0,0,0,0,0,0,0,0,0,0,0,0,0,-0.15172413793103448,0.20512820512820512,-0.44467073998642226,0.09103169251517194,-0.5596638655462185,-0.7546218487394958,-0.3109327983951855,-0.9196934355214927,-0.4170804369414101,0.009930486593843097,0.2222222222222222,-0.71875,0.0625,-0.71875,-0.5079365079365079,-1.3225806451612903,-0.47619047619047616,-1.5555555555555556,-0.2903225806451613,-0.16129032258064516
5,0,1,0,0.22758620689655173,-0.7301587301587301,0.5079251549580142,4,3,2,1,0,6,5,4,3,2,1,1,1,1,1,0,0,1,1,1,0,0,0,0,0,1,1,0,0,0,0,0,0,0,0,0,0,0,0,0,-0.10344827586206896,-0.15042735042735042,0.20027155465037338,-0.44167228590694535,0.07899159663865546,-0.5596638655462185,-0.7388833166165162,-0.30656447850716423,-0.9102946044356173,-0.4137702747434624,-0.47619047619047616,0.21875,-0.6875,0.0625,-0.7301587301587301,-0.4838709677419355,-1.3015873015873016,-0.47619047619047616,-1.5806451612903225,-0.2903225806451613
6,0,1,0,-0.4241379310344828,0.2222222222222222,-0.31938248039655187,5,4,3,2,1,0,6,5,4,3,0,1,1,1,1,1,0,0,1,1,1,0,0,0,0,0,1,1,0,0,0,0,0,0,0,0,0,0,0,0,0.22758620689655173,-0.10256410256410256,-0.15274949083503053,0.19892110586648684,-0.45210084033613446,0.07899159663865546,-0.5449682380474757,-0.7330889703432188,-0.3012247600132406,-0.9069844422376696,-0.7301587301587301,-0.46875,0.25,-0.6875,0.06349206349206349,-0.7096774193548387,-0.47619047619047616,-1.3015873015873016,-0.4838709677419355,-1.5806451612903225
0,1,0,0,0.12758620689655173,-0.8888888888888888,0.2880599669089333,6,5,4,3,2,1,0,6,5,4,0,0,1,1,1,1,1,0,0,1,1,1,0,0,0,0,0,1,1,0,0,0,0,0,0,0,0,0,0,0,-0.4241379310344828,0.22564102564102564,-0.10522742701968771,-0.15171948752528658,0.1865546218487395,-0.45210084033613446,0.09027081243731193,-0.5398200599800066,-0.7249255213505461,-0.29791459781529295,0.2222222222222222,-0.71875,-0.4375,0.25,-0.6984126984126984,0.0967741935483871,-0.6984126984126984,-0.47619047619047616,-1.3225806451612903,-0.4838709677419355
1,1,0,0,-0.6344827586206897,-0.3492063492063492,-0.5045844041951413,0,6,5,4,3,2,1,0,6,5,1,0,0,1,1,1,1,1,0,0,0,1,1,0,0,0,0,0,1,1,0,0,0,0,0,0,0,0,0,0,0.12758620689655173,-0.4205128205128205,0.22063815342837745,-0.1045178691840863,-0.16302521008403362,0.1865546218487395,-0.43798060849214304,0.09330223258913695,-0.5329361138695796,-0.7216153591525984,-0.8888888888888888,0.21875,-0.6875,-0.4375,0.25396825396825395,-0.6774193548387096,0.09523809523809523,-0.6984126984126984,-0.4838709677419355,-1.3225806451612903
2,1,0,0,-0.020689655172413793,0.5714285714285714,0.4031268150558268,1,0,6,5,4,3,2,1,0,6,1,1,0,0,1,1,1,1,1,0,0,0,1,1,0,0,0,0,0,1,0,0,0,0,0,0,0,0,0,0,-0.6344827586206897,0.1264957264957265,-0.42090970807875083,0.2191503708698584,-0.11596638655462185,-0.16302521008403362,0.19725844199264458,-0.433188937020993,0.09599470374048327,-0.5296259516716318,-0.3492063492063492,-0.875,0.25,-0.6875,-0.4444444444444444,0.2903225806451613,-0.6666666666666666,0.09523809523809523,-0.7096774193548387,-0.4838709677419355
3,1,0,0,0.6517241379310345,0.12698412698412698,0.9343574389651029,2,1,0,6,5,4,3,2,1,0,1,1,1,0,0,1,1,1,1,1,0,0,0,1,1,0,0,0,0,0,0,0,0,0,0,0,0,0,0,0,-0.020689655172413793,-0.629059829059829,0.12219959266802444,-0.4180714767363452,0.20672268907563024,-0.11596638655462185,-0.15045135406218654,0.1999333555481506,-0.4270109235352532,0.09930486593843098,0.5714285714285714,-0.34375,-0.84375,0.25,-0.6984126984126984,-0.41935483870967744,0.2857142857142857,-0.6666666666666666,0.0967741935483871,-0.7096774193548387
4,1,0,0,-0.017241379310344827,0.09523809523809523,0.1403069341809623,3,2,1,0,6,5,4,3,2,1,1,1,1,1,0,0,1,1,1,1,0,0,0,0,1,1,0,0,0,0,0,0,0,0,0,0,0,0,0,0,0.6517241379310345,-0.020512820512820513,-0.6279701289884588,0.12137559002022925,-0.42857142857142855,0.20672268907563024,-0.10364426613172852,-0.14661779406864378,0.20191989407480965,-0.4237007613373055,0.12698412698412698,0.5625,-0.3125,-0.84375,0.25396825396825395,-0.6774193548387096,-0.4126984126984127,0.2857142857142857,-0.6774193548387096,0.0967741935483871
5,0,1,0,-0.6344827586206897,-0.8253968253968254,-0.4594170590060915,4,3,2,1,0,6,5,4,3,2,1,1,1,1,1,0,0,1,1,1,0,0,0,0,0,1,1,0,0,0,0,0,0,0,0,0,0,0,0,0,-0.017241379310344827,0.6461538461538462,-0.023761031907671416,-0.6237356709372892,0.1092436974789916,-0.42857142857142855,0.21731862253426945,-0.0999666777740753,-0.14233697451175106,0.20523005627275734,0.09523809523809523,0.125,0.59375,-0.3125,-0.8571428571428571,0.2903225806451613,-0.6666666666666666,-0.4126984126984127,0.2903225806451613,-0.6774193548387096
6,0,1,0,-0.4379310344827586,-0.38095238095238093,-0.4223772422172773,5,4,3,2,1,0,6,5,4,3,0,1,1,1,1,1,0,0,1,1,1,0,0,0,0,0,1,1,0,0,0,0,0,0,0,0,0,0,0,0,-0.6344827586206897,-0.017094017094017096,0.6381534283774609,-0.02360080917060013,-0.6336134453781512,0.1092436974789916,-0.41457706452691406,0.21992669110296567,-0.09599470374048327,-0.13902681231380337,-0.8253968253968254,0.09375,0.15625,0.59375,-0.31746031746031744,-0.8387096774193549,0.2857142857142857,-0.6666666666666666,-0.41935483870967744,0.2903225806451613
0,1,0,0,-0.21379310344827587,-0.06349206349206349,0.0053535314605168945,6,5,4,3,2,1,0,6,5,4,0,0,1,1,1,1,1,0,0,1,1,1,0,0,0,0,0,1,1,0,0,0,0,0,0,0,0,0,0,0,-0.4379310344827586,-0.629059829059829,-0.02036659877800407,0.633850303438975,-0.03529411764705882,-0.6336134453781512,0.12036108324974924,-0.4098633788737087,0.22178086726249585,-0.09268454154253558,-0.38095238095238093,-0.8125,0.125,0.15625,0.6031746031746031,-0.2903225806451613,-0.8253968253968254,0.2857142857142857,-0.6774193548387096,-0.41935483870967744
1,1,0,0,-0.49310344827586206,-0.8888888888888888,-0.4031085588482091,0,6,5,4,3,2,1,0,6,5,1,0,0,1,1,1,1,1,0,0,0,1,1,0,0,0,0,0,1,1,0,0,0,0,0,0,0,0,0,0,-0.21379310344827587,-0.4341880341880342,-0.6279701289884588,-0.020229265003371542,0.6201680672268908,-0.03529411764705882,-0.6185222333667669,0.12329223592135954,-0.4038397881496193,0.22509102946044354,-0.06349206349206349,-0.375,-0.78125,0.125,0.15873015873015872,0.6451612903225806,-0.2857142857142857,-0.8253968253968254,0.2903225806451613,-0.6774193548387096
2,1,0,0,-0.5,-0.4126984126984127,-0.40205875929460716,1,0,6,5,4,3,2,1,0,6,1,1,0,0,1,1,1,1,1,0,0,0,1,1,0,0,0,0,0,1,0,0,0,0,0,0,0,0,0,0,-0.49310344827586206,-0.21196581196581196,-0.43448744059742017,-0.6237356709372892,-0.031932773109243695,0.6201680672268908,-0.023403543965229017,-0.6131289570143285,0.12578616352201258,-0.4005296259516716,-0.8888888888888888,-0.0625,-0.34375,-0.78125,0.12698412698412698,0.1935483870967742,0.6349206349206349,-0.2857142857142857,-0.8387096774193549,0.2903225806451613
3,1,0,0,0.10689655172413794,0.2222222222222222,0.39868582351386017,2,1,0,6,5,4,3,2,1,0,1,1,1,0,0,1,1,1,1,1,0,0,0,1,1,0,0,0,0,0,0,0,0,0,0,0,0,0,0,0,-0.5,-0.4888888888888889,-0.21384928716904275,-0.4315576534052596,-0.6336134453781512,-0.031932773109243695,0.6285523236375794,-0.01999333555481506,-0.605759682224429,0.12909632571996027,-0.4126984126984127,-0.875,-0.03125,-0.34375,-0.7936507936507936,0.16129032258064516,0.19047619047619047,0.6349206349206349,-0.2903225806451613,-0.8387096774193549
4,1,0,0,0.3724137931034483,0.031746031746031744,0.5426786183972537,3,2,1,0,6,5,4,3,2,1,1,1,1,1,0,0,1,1,1,1,0,0,0,0,1,1,0,0,0,0,0,0,0,0,0,0,0,0,0,0,0.10689655172413794,-0.49572649572649574,-0.48879837067209775,-0.2124072825354012,-0.44201680672268906,-0.6336134453781512,-0.020060180541624874,0.6297900699766744,-0.016550810989738495,-0.6024495200264812,0.2222222222222222,-0.40625,-0.84375,-0.03125,-0.3492063492063492,-0.7741935483870968,0.15873015873015872,0.19047619047619047,0.6451612903225806,-0.2903225806451613
5,0,1,0,0.0,0.06349206349206349,0.40367680021420616,4,3,2,1,0,6,5,4,3,2,1,1,1,1,1,0,0,1,1,1,0,0,0,0,0,1,1,0,0,0,0,0,0,0,0,0,0,0,0,0,0.3724137931034483,0.10598290598290598,-0.4955872369314324,-0.485502360080917,-0.2235294117647059,-0.44201680672268906,-0.6185222333667669,-0.016661112962345882,0.6289308176100629,-0.013240648791790797,0.031746031746031744,0.21875,-0.375,-0.84375,-0.031746031746031744,-0.3225806451612903,-0.7619047619047619,0.15873015873015872,0.1935483870967742,0.6451612903225806
6,0,1,0,-0.3137931034482759,-0.47619047619047616,-0.09022515313239333,5,4,3,2,1,0,6,5,4,3,0,1,1,1,1,1,0,0,1,1,1,0,0,0,0,0,1,1,0,0,0,0,0,0,0,0,0,0,0,0,0.0,0.36923076923076925,0.10183299389002036,-0.4922454484153742,-0.4957983193277311,-0.2235294117647059,-0.4279505182213306,-0.6131289570143285,-0.013240648791790797,0.6322409798080105,0.06349206349206349,0.03125,0.25,-0.375,-0.8571428571428571,0.0,-0.31746031746031744,-0.7619047619047619,0.16129032258064516,0.1935483870967742
0,1,0,0,0.596551724137931,-0.15873015873015872,1.2137248816558246,6,5,4,3,2,1,0,6,5,4,0,0,1,1,1,1,1,0,0,1,1,1,0,0,0,0,0,1,1,0,0,0,0,0,0,0,0,0,0,0,-0.3137931034482759,0.0,0.36320434487440595,0.10114632501685772,-0.5025210084033613,-0.4957983193277311,-0.21063189568706117,-0.42319226924358544,-0.605759682224429,-0.009930486593843097,-0.47619047619047616,0.0625,0.0625,0.25,-0.38095238095238093,-0.8387096774193549,0.0,-0.31746031746031744,-0.7741935483870968,0.16129032258064516
1,1,0,0,-0.45517241379310347,-0.2857142857142857,-0.4808768929827871,0,6,5,4,3,2,1,0,6,5,1,0,0,1,1,1,1,1,0,0,0,1,1,0,0,0,0,0,1,1,0,0,0,0,0,0,0,0,0,0,0.596551724137931,-0.3111111111111111,-0.003394433129667345,0.36075522589345915,0.08907563025210084,-0.5025210084033613,-0.48144433299899697,-0.20659780073308895,-0.4170804369414101,-0.6024495200264812,-0.15873015873015872,-0.46875,0.09375,0.0625,0.25396825396825395,-0.3548387096774194,-0.8253968253968254,0.0,-0.3225806451612903,-0.7741935483870968
2,1,0,0,0.19655172413793104,-0.06349206349206349,0.4339006956967414,1,0,6,5,4,3,2,1,0,6,1,1,0,0,1,1,1,1,1,0,0,0,1,1,0,0,0,0,0,1,0,0,0,0,0,0,0,0,0,0,-0.45517241379310347,0.5914529914529915,-0.3122878479293958,-0.0033715441672285905,0.34789915966386553,0.08907563025210084,-0.48813105984620525,-0.4765078307230923,-0.20191989407480965,-0.4137702747434624,-0.2857142857142857,-0.15625,-0.4375,0.09375,0.06349206349206349,0.2903225806451613,-0.3492063492063492,-0.8253968253968254,0.0,-0.3225806451612903
3,1,0,0,1.3482758620689654,0.7619047619047619,1.2750217891218696,2,1,0,6,5,4,3,2,1,0,1,1,1,0,0,1,1,1,1,1,0,0,0,1,1,0,0,0,0,0,0,0,0,0,0,0,0,0,0,0,0.19655172413793104,-0.4512820512820513,0.5838424983027833,-0.3101820633850303,-0.015126050420168067,0.34789915966386553,0.10030090270812436,-0.48317227590803064,-0.4700430321085733,-0.19860973187686196,-0.06349206349206349,-0.28125,-0.125,-0.4375,0.09523809523809523,0.0967741935483871,0.2857142857142857,-0.3492063492063492,-0.8387096774193549,0.0
4,1,0,0,0.5310344827586206,0.7936507936507936,0.8244380299793975,3,2,1,0,6,5,4,3,2,1,1,1,1,1,0,0,1,1,1,1,0,0,0,0,1,1,0,0,0,0,0,0,0,0,0,0,0,0,0,0,1.3482758620689654,0.19487179487179487,-0.45145960624575693,0.5799055967633175,-0.32100840336134456,-0.015126050420168067,0.3577398863256436,0.10329890036654447,-0.47666335650446867,-0.46673286991062557,0.7619047619047619,-0.0625,-0.25,-0.125,-0.4444444444444444,0.12903225806451613,0.09523809523809523,0.2857142857142857,-0.3548387096774194,-0.8387096774193549
5,0,1,0,0.3620689655172414,1.1746031746031746,0.7108381695379624,4,3,2,1,0,6,5,4,3,2,1,1,1,1,1,0,0,1,1,1,0,0,0,0,0,1,1,0,0,0,0,0,0,0,0,0,0,0,0,0,0.5310344827586206,1.3367521367521367,0.19008825526137133,-0.44841537424140254,0.5663865546218487,-0.32100840336134456,-0.0033433634236041455,0.35988003998667106,0.10592519033432637,-0.473353194306521,0.7936507936507936,0.75,-0.03125,-0.25,-0.12698412698412698,-0.41935483870967744,0.12698412698412698,0.09523809523809523,0.2903225806451613,-0.3548387096774194
6,0,1,0,1.2758620689655173,-0.2857142857142857,1.8102372698450049,5,4,3,2,1,0,6,5,4,3,0,1,1,1,1,1,0,0,1,1,1,0,0,0,0,0,1,1,0,0,0,0,0,0,0,0,0,0,0,0,0.3620689655172414,0.5264957264957265,1.3238289205702647,0.18880647336480105,-0.4588235294117647,0.5663865546218487,-0.30758943497158137,0.0,0.3608076795762992,0.10923535253227408,1.1746031746031746,0.78125,0.78125,-0.03125,-0.25396825396825395,-0.0967741935483871,-0.4126984126984127,0.12698412698412698,0.0967741935483871,0.2903225806451613
0,1,0,0,-0.3896551724137931,-0.3492063492063492,-0.25736952389839,6,5,4,3,2,1,0,6,5,4,0,0,1,1,1,1,1,0,0,1,1,1,0,0,0,0,0,1,1,0,0,0,0,0,0,0,0,0,0,0,1.2758620689655173,0.358974358974359,0.5193482688391038,1.3149022252191502,0.17647058823529413,-0.4588235294117647,0.575058508859913,-0.3032322559146951,0.003310162197947699,0.3641178417742469,-0.2857142857142857,1.15625,0.8125,0.78125,-0.031746031746031744,-0.22580645161290322,-0.09523809523809523,-0.4126984126984127,0.12903225806451613,0.0967741935483871
1,1,0,0,-0.06896551724137931,0.031746031746031744,0.2538064530960838,0,6,5,4,3,2,1,0,6,5,1,0,0,1,1,1,1,1,0,0,0,1,1,0,0,0,0,0,1,1,0,0,0,0,0,0,0,0,0,0,-0.3896551724137931,1.264957264957265,0.3530210454854039,0.5158462575859744,1.2991596638655463,0.17647058823529413,-0.4446673353393514,0.5764745084971675,-0.29791459781529295,0.006620324395895398,-0.3492063492063492,-0.28125,1.1875,0.8125,0.7936507936507936,0.0,-0.2222222222222222,-0.09523809523809523,-0.41935483870967744,0.12903225806451613
2,1,0,0,0.5620689655172414,0.5714285714285714,0.7488262272735571,1,0,6,5,4,3,2,1,0,6,1,1,0,0,1,1,1,1,1,0,0,0,1,1,0,0,0,0,0,1,0,0,0,0,0,0,0,0,0,0,-0.06896551724137931,-0.38632478632478634,1.2525458248472505,0.3506405933917734,0.5025210084033613,1.2991596638655463,0.18722835172183214,-0.43985338220593134,0.5759682224428997,-0.29460443561734523,0.031746031746031744,-0.34375,-0.25,1.1875,0.8253968253968254,0.8387096774193549,0.0,-0.2222222222222222,-0.0967741935483871,-0.41935483870967744
3,1,0,0,0.5275862068965518,1.1428571428571428,0.9089109901693703,2,1,0,6,5,4,3,2,1,0,1,1,1,0,0,1,1,1,1,1,0,0,0,1,1,0,0,0,0,0,0,0,0,0,0,0,0,0,0,0,0.5620689655172414,-0.06837606837606838,-0.3869653767820774,1.2440997977073498,0.3378151260504202,0.5025210084033613,1.3039117352056167,0.18993668777074307,-0.4336312479311486,0.5792783846408474,0.5714285714285714,0.03125,-0.3125,-0.25,1.2063492063492063,0.8709677419354839,0.8253968253968254,0.0,-0.22580645161290322,-0.0967741935483871
4,1,0,0,0.6310344827586207,0.9206349206349206,1.4075314294137256,3,2,1,0,6,5,4,3,2,1,1,1,1,1,0,0,1,1,1,1,0,0,0,0,1,1,0,0,0,0,0,0,0,0,0,0,0,0,0,0,0.5275862068965518,0.5572649572649573,-0.07128309572301425,-0.3843560350640593,1.2285714285714286,0.3378151260504202,0.5115346038114342,1.302899033655448,0.19198940748096655,-0.4303210857332009,1.1428571428571428,0.5625,0.0625,-0.3125,-0.25396825396825395,1.2580645161290323,0.8571428571428571,0.8253968253968254,0.0,-0.22580645161290322
5,0,1,0,-0.0034482758620689655,0.7301587301587301,0.2328320990108516,4,3,2,1,0,6,5,4,3,2,1,1,1,1,1,0,0,1,1,1,0,0,0,0,0,1,1,0,0,0,0,0,0,0,0,0,0,0,0,0,0.6310344827586207,0.5230769230769231,0.5498981670061099,-0.0708024275118004,-0.3949579831932773,1.2285714285714286,0.34770979605483116,0.5131622792402533,1.2975835815954981,0.19529956967891426,0.9206349206349206,1.125,0.59375,0.0625,-0.31746031746031744,-0.22580645161290322,1.2380952380952381,0.8571428571428571,0.8387096774193549,0.0
6,0,1,0,-0.21379310344827587,-0.031746031746031744,0.0404508877588071,5,4,3,2,1,0,6,5,4,3,0,1,1,1,1,1,0,0,1,1,1,0,0,0,0,0,1,1,0,0,0,0,0,0,0,0,0,0,0,0,-0.0034482758620689655,0.6256410256410256,0.5159538357094365,0.5461901550910316,-0.08235294117647059,-0.3949579831932773,1.2337011033099297,0.3498833722092636,0.5130751406818934,1.3008937437934458,0.7301587301587301,0.90625,1.15625,0.59375,0.06349206349206349,-0.2903225806451613,-0.2222222222222222,1.2380952380952381,0.8709677419354839,0.8387096774193549
0,0,0,1,-0.16551724137931034,-0.4444444444444444,0.3785311055350793,6,5,4,3,2,1,0,6,5,4,0,0,1,1,1,1,1,0,0,1,1,1,0,0,0,0,0,1,1,0,0,0,0,0,0,0,0,0,0,0,-0.21379310344827587,-0.003418803418803419,0.6177868295994569,0.5124747134187457,0.5327731092436975,-0.08235294117647059,-0.3811434302908726,1.2329223592135954,0.3508771929824561,0.5163853028798411,-0.031746031746031744,0.71875,0.9375,1.15625,0.6031746031746031,0.0967741935483871,-0.2857142857142857,-0.2222222222222222,1.2580645161290323,0.8709677419354839
1,1,0,0,1.1551724137931034,0.6031746031746031,1.9588524012660342,0,6,5,4,3,2,1,0,6,5,0,0,0,1,1,1,1,1,0,0,0,1,1,0,0,0,0,0,1,1,1,0,0,0,0,0,0,0,0,0,-0.16551724137931034,-0.21196581196581196,-0.00678886625933469,0.6136210384356034,0.4991596638655462,0.5327731092436975,-0.07021063189568706,-0.37654115294901697,1.2280701754385963,0.35418735518040384,-0.4444444444444444,-0.03125,0.75,0.9375,1.1746031746031746,0.6451612903225806,0.09523809523809523,-0.2857142857142857,-0.22580645161290322,1.2580645161290323
2,1,0,0,0.5172413793103449,1.1111111111111112,0.8896398726392865,1,0,6,5,4,3,2,1,0,6,1,0,0,0,1,1,1,1,1,0,0,0,1,1,0,0,0,0,0,1,0,1,0,0,0,0,0,0,0,0,1.1551724137931034,-0.1641025641025641,-0.21384928716904275,-0.006743088334457181,0.6,0.4991596638655462,0.5416248746238715,-0.06664445184938353,-0.3707381661701423,1.2313803376365442,0.6031746031746031,-0.4375,0.0,0.75,0.9523809523809523,1.2258064516129032,0.6349206349206349,0.09523809523809523,-0.2903225806451613,-0.22580645161290322
3,1,0,0,0.5206896551724138,0.7301587301587301,1.2059247479121997,2,1,0,6,5,4,3,2,1,0,1,1,0,0,0,1,1,1,1,1,0,0,0,1,1,0,0,0,0,0,0,0,1,0,0,0,0,0,0,0,0.5172413793103449,1.1452991452991452,-0.16632722335369993,-0.2124072825354012,-0.018487394957983194,0.6,0.5081912403878301,0.5431522825724758,-0.06289308176100629,-0.3674280039721946,1.1111111111111112,0.59375,-0.40625,0.0,0.7619047619047619,1.0,1.2063492063492063,0.6349206349206349,0.0967741935483871,-0.2903225806451613
4,1,0,0,-0.1103448275862069,0.4126984126984127,-0.11436810870422172,3,2,1,0,6,5,4,3,2,1,1,1,1,0,0,0,1,1,1,1,0,0,0,0,1,1,0,0,0,0,0,0,0,1,0,0,0,0,0,0,0.5206896551724138,0.5128205128205128,1.1337406653088933,-0.16520566419420094,-0.2235294117647059,-0.018487394957983194,0.6084921430959545,0.509830056647784,0.5428666004634227,-0.059582919563058584,0.7301587301587301,1.09375,0.625,-0.40625,0.0,0.8064516129032258,0.9841269841269841,1.2063492063492063,0.6451612903225806,0.0967741935483871
5,0,1,0,0.6482758620689655,0.09523809523809523,1.1121722250057304,4,3,2,1,0,6,5,4,3,2,1,1,1,1,0,0,0,1,1,1,0,0,0,0,0,1,1,0,0,0,0,0,0,0,1,0,0,0,0,0,-0.1103448275862069,0.5162393162393163,0.5057705363204344,1.1260957518543493,-0.17647058823529413,-0.2235294117647059,-0.006686726847208291,0.6097967344218593,0.5097649784839456,0.5461767626613704,0.4126984126984127,0.71875,1.125,0.625,-0.4126984126984127,0.03225806451612903,0.7936507936507936,0.9841269841269841,1.2258064516129032,0.6451612903225806
6,0,1,0,0.596551724137931,-0.2222222222222222,1.2368329131024802,5,4,3,2,1,0,6,5,4,3,0,1,1,1,1,0,0,0,1,1,1,0,0,0,0,0,1,1,0,0,0,0,0,0,0,1,0,0,0,0,0.6482758620689655,-0.1094017094017094,0.5091649694501018,0.50236008091706,1.1109243697478992,-0.17647058823529413,-0.21063189568706117,-0.0033322225924691767,0.6090698444223767,0.5130751406818934,0.09523809523809523,0.40625,0.75,1.125,0.6349206349206349,-0.3870967741935484,0.031746031746031744,0.7936507936507936,1.0,1.2258064516129032
0,1,0,0,-0.16551724137931034,-0.06349206349206349,0.029329070846932516,6,5,4,3,2,1,0,6,5,4,0,0,1,1,1,1,0,0,0,1,1,1,0,0,0,0,0,1,1,0,0,0,0,0,0,0,1,0,0,0,0.596551724137931,0.6427350427350428,-0.11201629327902239,0.5057316250842886,0.4890756302521008,1.1109243697478992,-0.16382480775660313,-0.20659780073308895,0.0,0.6123800066203243,-0.2222222222222222,0.09375,0.4375,0.75,1.1428571428571428,0.6774193548387096,-0.38095238095238093,0.031746031746031744,0.8064516129032258,1.0
1,1,0,0,-0.2793103448275862,0.6984126984126984,-0.16486112773327546,0,6,5,4,3,2,1,0,6,5,1,0,0,1,1,1,1,0,0,0,0,1,1,0,0,0,0,0,1,1,0,0,0,0,0,0,0,1,0,0,-0.16551724137931034,0.5914529914529915,0.6347589952477936,-0.11126095751854348,0.492436974789916,0.4890756302521008,1.1166833834837846,-0.15994668443852048,-0.20191989407480965,0.003310162197947699,-0.06349206349206349,-0.21875,0.125,0.4375,0.7619047619047619,1.1935483870967742,0.6666666666666666,-0.38095238095238093,0.03225806451612903,0.8064516129032258
2,1,0,0,-0.4482758620689655,0.09523809523809523,-0.37508960755239024,1,0,6,5,4,3,2,1,0,6,1,1,0,0,1,1,1,1,0,0,0,0,1,1,0,0,0,0,0,1,0,0,0,0,0,0,0,0,1,0,-0.2793103448275862,-0.1641025641025641,0.5838424983027833,0.6304787592717465,-0.1226890756302521,0.492436974789916,0.49816115011701767,1.1162945684771741,-0.15557762330354186,-0.19860973187686196,0.6984126984126984,-0.0625,-0.1875,0.125,0.4444444444444444,0.8064516129032258,1.1746031746031746,0.6666666666666666,-0.3870967741935484,0.03225806451612903
3,1,0,0,0.8517241379310345,0.47619047619047616,0.6231399460021948,2,1,0,6,5,4,3,2,1,0,1,1,1,0,0,1,1,1,1,0,0,0,0,1,1,0,0,0,0,0,0,0,0,0,0,0,0,0,0,1,-0.4482758620689655,-0.27692307692307694,-0.16632722335369993,0.5799055967633175,0.6168067226890757,-0.1226890756302521,0.5015045135406219,0.4998333888703765,1.112214498510427,-0.15226746110559417,0.09523809523809523,0.6875,-0.03125,-0.1875,0.12698412698412698,0.4838709677419355,0.7936507936507936,1.1746031746031746,0.6774193548387096,-0.3870967741935484
4,1,0,0,-0.1793103448275862,0.38095238095238093,0.006180875743517863,3,2,1,0,6,5,4,3,2,1,1,1,1,1,0,0,1,1,1,1,0,0,0,0,1,1,0,0,0,0,0,0,0,0,0,0,0,0,0,0,0.8517241379310345,-0.4444444444444444,-0.27834351663272233,-0.16520566419420094,0.5663865546218487,0.6168067226890757,-0.1103309929789368,0.5031656114628457,0.4998344918901026,1.1155246607083746,0.47619047619047616,0.09375,0.71875,-0.03125,-0.19047619047619047,0.16129032258064516,0.47619047619047616,0.7936507936507936,1.1935483870967742,0.6774193548387096
5,0,1,0,-0.006896551724137931,0.47619047619047616,0.10297096113523861,4,3,2,1,0,6,5,4,3,2,1,1,1,1,1,0,0,1,1,1,0,0,0,0,0,1,1,0,0,0,0,0,0,0,0,0,0,0,0,0,-0.1793103448275862,0.8444444444444444,-0.44467073998642226,-0.27646662171274444,-0.17647058823529413,0.5663865546218487,0.6252089602139752,-0.10663112295901366,0.5031446540880503,0.5031446540880503,0.38095238095238093,0.46875,0.125,0.71875,-0.031746031746031744,-0.16129032258064516,0.15873015873015872,0.47619047619047616,0.8064516129032258,1.1935483870967742
6,0,1,0,-0.1103448275862069,0.15873015873015872,0.10017992506841007,5,4,3,2,1,0,6,5,4,3,0,1,1,1,1,1,0,0,1,1,1,0,0,0,0,0,1,1,0,0,0,0,0,0,0,0,0,0,0,0,-0.006896551724137931,-0.17777777777777778,0.8350305498981669,-0.44167228590694535,-0.28739495798319326,-0.17647058823529413,0.575058508859913,0.6264578473842052,-0.10261502813637867,0.506454816285998,0.47619047619047616,0.375,0.5,0.125,0.7301587301587301,0.0,-0.15873015873015872,0.15873015873015872,0.4838709677419355,0.8064516129032258
0,1,0,0,-0.35172413793103446,0.5079365079365079,-0.13971786721516427,6,5,4,3,2,1,0,6,5,4,0,0,1,1,1,1,1,0,0,1,1,1,0,0,0,0,0,1,1,0,0,0,0,0,0,0,0,0,0,0,-0.1103448275862069,-0.006837606837606838,-0.1799049558723693,0.8293998651382333,-0.45210084033613446,-0.28739495798319326,-0.16382480775660313,0.5764745084971675,0.6256206554121152,-0.09930486593843098,0.15873015873015872,0.46875,0.40625,0.5,0.12698412698412698,0.7741935483870968,0.0,-0.15873015873015872,0.16129032258064516,0.4838709677419355
1,1,0,0,0.02413793103448276,0.7619047619047619,0.27852481728578876,0,6,5,4,3,2,1,0,6,5,1,0,0,1,1,1,1,1,0,0,0,1,1,0,0,0,0,0,1,1,0,0,0,0,0,0,0,0,0,0,-0.35172413793103446,-0.1094017094017094,-0.010183299389002035,-0.1786918408631153,0.8151260504201681,-0.45210084033613446,-0.2741558007355399,-0.15994668443852048,0.5759682224428997,0.6289308176100629,0.5079365079365079,0.15625,0.5,0.40625,0.5079365079365079,0.16129032258064516,0.7619047619047619,0.0,-0.16129032258064516,0.16129032258064516
2,1,0,0,-0.30344827586206896,0.6666666666666666,-0.0787486248680651,1,0,6,5,4,3,2,1,0,6,1,1,0,0,1,1,1,1,1,0,0,0,1,1,0,0,0,0,0,1,0,0,0,0,0,0,0,0,0,0,0.02413793103448276,-0.3487179487179487,-0.11201629327902239,-0.010114632501685771,-0.1899159663865546,0.8151260504201681,-0.43798060849214304,-0.2699100299900033,-0.15557762330354186,0.5792783846408474,0.7619047619047619,0.5,0.1875,0.5,0.4126984126984127,0.5483870967741935,0.15873015873015872,0.7619047619047619,0.0,-0.16129032258064516
3,1,0,0,-0.3896551724137931,-0.31746031746031744,-0.3683419779857182,2,1,0,6,5,4,3,2,1,0,1,1,1,0,0,1,1,1,1,1,0,0,0,1,1,0,0,0,0,0,0,0,0,0,0,0,0,0,0,0,-0.30344827586206896,0.023931623931623933,-0.34962661235573655,-0.11126095751854348,-0.021848739495798318,-0.1899159663865546,0.8224674022066198,-0.433188937020993,-0.2648129758358159,-0.15226746110559417,0.6666666666666666,0.75,0.53125,0.1875,0.5079365079365079,0.45161290322580644,0.5396825396825397,0.15873015873015872,0.7741935483870968,0.0
4,1,0,0,-0.3137931034482759,0.7936507936507936,-0.16661602259442349,3,2,1,0,6,5,4,3,2,1,1,1,1,1,0,0,1,1,1,1,0,0,0,0,1,1,0,0,0,0,0,0,0,0,0,0,0,0,0,0,-0.3896551724137931,-0.30085470085470084,0.02036659877800407,-0.3472690492245448,-0.1226890756302521,-0.021848739495798318,-0.17719826145101972,0.8230589803398867,-0.4270109235352532,-0.26150281363786826,-0.31746031746031744,0.65625,0.78125,0.53125,0.19047619047619047,0.5483870967741935,0.4444444444444444,0.5396825396825397,0.16129032258064516,0.7741935483870968
5,0,1,0,0.11724137931034483,0.6349206349206349,0.4338491726219092,4,3,2,1,0,6,5,4,3,2,1,1,1,1,1,0,0,1,1,1,0,0,0,0,0,1,1,0,0,0,0,0,0,0,0,0,0,0,0,0,-0.3137931034482759,-0.38632478632478634,-0.30210454854039376,0.020229265003371542,-0.35798319327731093,-0.1226890756302521,-0.010030090270812437,-0.1732755748083972,0.8209202250910294,-0.4237007613373055,0.7936507936507936,-0.3125,0.6875,0.78125,0.5396825396825397,0.22580645161290322,0.5396825396825397,0.4444444444444444,0.5483870967741935,0.16129032258064516
6,0,1,0,0.08275862068965517,0.09523809523809523,0.5419508042535611,5,4,3,2,1,0,6,5,4,3,0,1,1,1,1,1,0,0,1,1,1,0,0,0,0,0,1,1,0,0,0,0,0,0,0,0,0,0,0,0,0.11724137931034483,-0.3111111111111111,-0.3869653767820774,-0.30006743088334453,0.008403361344537815,-0.35798319327731093,-0.1103309929789368,-0.0066644451849383534,-0.16881827209533265,0.8242303872889771,0.6349206349206349,0.78125,-0.28125,0.6875,0.7936507936507936,0.5806451612903226,0.2222222222222222,0.5396825396825397,0.45161290322580644,0.5483870967741935
0,1,0,0,0.296551724137931,0.5396825396825397,0.673473121791218,6,5,4,3,2,1,0,6,5,4,0,0,1,1,1,1,1,0,0,1,1,1,0,0,0,0,0,1,1,0,0,0,0,0,0,0,0,0,0,0,0.08275862068965517,0.11623931623931624,-0.3122878479293958,-0.3843560350640593,-0.31092436974789917,0.008403361344537815,-0.344366432631227,-0.10663112295901366,-0.003310162197947699,-0.16550810989738496,0.09523809523809523,0.625,0.8125,-0.28125,0.6984126984126984,0.8387096774193549,0.5714285714285714,0.2222222222222222,0.5483870967741935,0.45161290322580644
1,1,0,0,-0.27241379310344827,-0.19047619047619047,0.14612457900847156,0,6,5,4,3,2,1,0,6,5,1,0,0,1,1,1,1,1,0,0,0,1,1,0,0,0,0,0,1,1,0,0,0,0,0,0,0,0,0,0,0.296551724137931,0.08205128205128205,0.11201629327902239,-0.3101820633850303,-0.3949579831932773,-0.31092436974789917,0.020060180541624874,-0.33988670443185603,-0.10261502813637867,0.0,0.5396825396825397,0.09375,0.65625,0.8125,-0.2857142857142857,0.7419354838709677,0.8253968253968254,0.5714285714285714,0.22580645161290322,0.5483870967741935
2,1,0,0,0.4689655172413793,0.031746031746031744,0.6425310135778853,1,0,6,5,4,3,2,1,0,6,1,1,0,0,1,1,1,1,1,0,0,0,1,1,0,0,0,0,0,1,0,0,0,0,0,0,0,0,0,0,-0.27241379310344827,0.294017094017094,0.07807196198234895,0.11126095751854348,-0.32100840336134456,-0.3949579831932773,-0.29755934470076895,0.023325558147284237,-0.33432638199271764,-0.09930486593843098,-0.19047619047619047,0.53125,0.125,0.65625,0.8253968253968254,-0.25806451612903225,0.7301587301587301,0.8253968253968254,0.5806451612903226,0.22580645161290322
3,0,0,1,-0.4689655172413793,-0.7619047619047619,-0.2556819741586762,2,1,0,6,5,4,3,2,1,0,1,1,1,0,0,1,1,1,1,1,0,0,0,1,1,0,0,0,0,0,0,0,0,0,0,0,0,0,0,0,0.4689655172413793,-0.27008547008547007,0.28852681602172436,0.07754551584625757,0.09915966386554621,-0.32100840336134456,-0.3811434302908726,-0.29323558813728756,0.026481297583581594,-0.3310162197947699,0.031746031746031744,-0.1875,0.5625,0.125,0.6666666666666666,0.8709677419354839,-0.25396825396825395,0.7301587301587301,0.8387096774193549,0.5806451612903226
4,0,0,1,0.3931034482758621,-0.06349206349206349,0.8560366855111299,3,2,1,0,6,5,4,3,2,1,0,1,1,1,0,0,1,1,1,1,0,0,0,0,1,1,0,0,0,0,1,0,0,0,0,0,0,0,0,0,-0.4689655172413793,0.46495726495726497,-0.2715546503733876,0.2865812542144302,0.06554621848739496,0.09915966386554621,-0.30758943497158137,-0.37654115294901697,-0.28798411122144985,0.029791459781529292,-0.7619047619047619,0.03125,-0.15625,0.5625,0.12698412698412698,0.7096774193548387,0.8571428571428571,-0.25396825396825395,0.7419354838709677,0.8387096774193549
5,0,1,0,0.4827586206896552,-0.15873015873015872,0.9643176336709379,4,3,2,1,0,6,5,4,3,2,0,0,1,1,1,0,0,1,1,1,0,0,0,0,0,1,1,0,0,0,1,1,0,0,0,0,0,0,0,0,0.3931034482758621,-0.46495726495726497,0.4582484725050916,-0.26972353337828725,0.2739495798319328,0.06554621848739496,0.1103309929789368,-0.3032322559146951,-0.3707381661701423,-0.2846739490235021,-0.06349206349206349,-0.75,0.0625,-0.15625,0.5714285714285714,0.16129032258064516,0.6984126984126984,0.8571428571428571,-0.25806451612903225,0.7419354838709677
6,0,1,0,0.4586206896551724,0.09523809523809523,1.1964231356186048,5,4,3,2,1,0,6,5,4,3,0,0,0,1,1,1,0,0,1,1,1,0,0,0,0,0,1,1,0,0,0,1,1,0,0,0,0,0,0,0,0.4827586206896552,0.38974358974358975,-0.4650373387644263,0.45515846257585973,-0.280672268907563,0.2739495798319328,0.07689735874289534,0.113295568143952,-0.29791459781529295,-0.3674280039721946,-0.15873015873015872,-0.0625,-0.71875,0.0625,-0.15873015873015872,0.6129032258064516,0.15873015873015872,0.6984126984126984,0.8709677419354839,-0.25806451612903225
0,1,0,0,1.0448275862068965,0.6666666666666666,1.3829697981471978,6,5,4,3,2,1,0,6,5,4,0,0,0,0,1,1,1,0,0,1,1,1,0,0,0,0,0,1,1,0,0,0,1,1,0,0,0,0,0,0,0.4586206896551724,0.47863247863247865,0.38357094365241,-0.46190155091031687,0.44201680672268906,-0.280672268907563,0.2841858910063524,0.07997334221926024,0.11585567692816948,-0.29460443561734523,0.09523809523809523,-0.15625,-0.03125,-0.71875,0.06349206349206349,-0.12903225806451613,0.6031746031746031,0.15873015873015872,0.7096774193548387,0.8709677419354839
1,1,0,0,-0.20344827586206896,0.38095238095238093,0.010473248232359601,0,6,5,4,3,2,1,0,6,5,1,0,0,0,0,1,1,1,0,0,0,1,1,0,0,0,0,0,1,1,0,0,0,1,1,0,0,0,0,0,1.0448275862068965,0.4547008547008547,0.471826205023761,0.38098449089683073,-0.4722689075630252,0.44201680672268906,-0.26746907388833163,0.2865711429523492,0.08275405494869248,0.11916583912611717,0.6666666666666666,0.09375,-0.125,-0.03125,-0.7301587301587301,0.0967741935483871,-0.12698412698412698,0.6031746031746031,0.16129032258064516,0.7096774193548387
2,1,0,0,0.9551724137931035,1.5555555555555556,1.307619532519377,1,0,6,5,4,3,2,1,0,6,1,1,0,0,0,0,1,1,1,0,0,0,1,1,0,0,0,0,0,1,0,0,0,0,1,1,0,0,0,0,-0.20344827586206896,1.035897435897436,0.44806517311608957,0.46864463924477406,0.3680672268907563,-0.4722689075630252,0.45135406218655966,-0.26324558480506494,0.28798411122144985,0.08606421714664018,0.38095238095238093,0.65625,0.125,-0.125,-0.031746031746031744,-0.7096774193548387,0.09523809523809523,-0.12698412698412698,0.6129032258064516,0.16129032258064516
3,1,0,0,0.6310344827586207,0.6984126984126984,1.0084098910780561,2,1,0,6,5,4,3,2,1,0,1,1,1,0,0,0,0,1,1,1,0,0,0,1,1,0,0,0,0,0,0,0,0,0,0,1,1,0,0,0,0.9551724137931035,-0.20170940170940171,1.0251188051595383,0.4450438300741739,0.45546218487394957,0.3680672268907563,-0.45804078903376794,0.453182272575808,-0.25819265143992054,0.2912942734193975,1.5555555555555556,0.375,0.6875,0.125,-0.12698412698412698,0.0,-0.6984126984126984,0.09523809523809523,-0.12903225806451613,0.6129032258064516
4,1,0,0,-0.15517241379310345,-0.031746031746031744,-0.1479399222015093,3,2,1,0,6,5,4,3,2,1,1,1,1,1,0,0,0,0,1,1,0,0,0,0,1,1,0,0,0,0,0,0,0,0,0,0,1,1,0,0,0.6310344827586207,0.947008547008547,-0.20366598778004072,1.0182063385030342,0.4319327731092437,0.45546218487394957,0.37780006686726847,-0.453182272575808,0.4534922211188348,-0.2548824892419728,0.6984126984126984,1.53125,0.40625,0.6875,0.12698412698412698,-0.0967741935483871,0.0,-0.6984126984126984,0.0967741935483871,-0.12903225806451613
5,0,1,0,0.506896551724138,0.9841269841269841,0.6302226784020274,4,3,2,1,0,6,5,4,3,2,1,1,1,1,1,0,0,0,0,1,0,0,0,0,0,1,1,0,0,0,0,0,0,0,0,0,0,1,1,0,-0.15517241379310345,0.6256410256410256,0.9368635437881873,-0.20229265003371544,1.0033613445378151,0.4319327731092437,0.4647275158809762,0.37987337554148615,-0.44687189672293937,0.45680238331678247,-0.031746031746031744,0.6875,1.5625,0.40625,0.6984126984126984,0.16129032258064516,-0.09523809523809523,0.0,-0.7096774193548387,0.0967741935483871
6,0,1,0,0.41379310344827586,0.5396825396825397,1.091302269381838,5,4,3,2,1,0,6,5,4,3,0,1,1,1,1,1,0,0,0,0,1,0,0,0,0,0,1,1,0,0,0,0,0,0,0,0,0,0,1,1,0.506896551724138,-0.15384615384615385,0.6177868295994569,0.930546190155091,-0.2134453781512605,1.0033613445378151,0.4413239719157472,0.46651116294568473,0.3806686527639854,-0.4435617345249917,0.9841269841269841,-0.03125,0.71875,1.5625,0.4126984126984127,0.7419354838709677,0.15873015873015872,-0.09523809523809523,0.0,-0.7096774193548387
0,1,0,0,0.2689655172413793,0.3492063492063492,0.6574559366144471,6,5,4,3,2,1,0,6,5,4,0,0,1,1,1,1,1,0,0,0,1,1,0,0,0,0,0,1,1,0,0,0,0,0,0,0,0,0,0,1,0.41379310344827586,0.5025641025641026,-0.1561439239646979,0.6136210384356034,0.9159663865546218,-0.2134453781512605,1.009695753928452,0.4431856047984005,0.46673286991062557,0.3839788149619331,0.5396825396825397,0.96875,0.0,0.71875,1.5873015873015872,0.45161290322580644,0.7301587301587301,0.15873015873015872,-0.0967741935483871,0.0
1,1,0,0,1.006896551724138,0.7301587301587301,1.625189915270912,0,6,5,4,3,2,1,0,6,5,1,0,0,1,1,1,1,1,0,0,0,1,1,0,0,0,0,0,1,1,0,0,0,0,0,0,0,0,0,0,0.2689655172413793,0.41025641025641024,0.4955872369314324,-0.15509103169251515,0.6,0.9159663865546218,-0.20060180541624872,1.0096634455181606,0.4435617345249917,0.4700430321085733,0.3492063492063492,0.53125,1.0,0.0,0.7301587301587301,1.6451612903225807,0.4444444444444444,0.7301587301587301,0.16129032258064516,-0.0967741935483871
2,1,0,0,-0.21379310344827587,0.7301587301587301,-0.04120020365813831,1,0,6,5,4,3,2,1,0,6,1,1,0,0,1,1,1,1,1,0,0,0,1,1,0,0,0,0,0,1,0,0,0,0,0,0,0,0,0,0,1.006896551724138,0.26666666666666666,0.4039375424304141,0.4922454484153742,-0.16638655462184873,0.6,0.9227683049147442,-0.19660113295568143,1.0062893081761006,0.44687189672293937,0.7301587301587301,0.34375,0.5625,1.0,0.0,0.7741935483870968,1.619047619047619,0.4444444444444444,0.7419354838709677,0.16129032258064516
3,0,0,1,0.3931034482758621,-0.09523809523809523,0.5382220752710202,2,1,0,6,5,4,3,2,1,0,1,1,1,0,0,1,1,1,1,1,0,0,0,1,1,0,0,0,0,0,0,0,0,0,0,0,0,0,0,0,-0.21379310344827587,0.9982905982905983,0.2613713509843856,0.40121375590020225,0.4789915966386555,-0.16638655462184873,0.6084921430959545,0.923025658113962,-0.19198940748096655,1.0095994703740483,0.7301587301587301,0.71875,0.375,0.5625,1.0158730158730158,0.03225806451612903,0.7619047619047619,1.619047619047619,0.45161290322580644,0.7419354838709677
4,1,0,0,0.04827586206896552,0.5396825396825397,0.02389859285208618,3,2,1,0,6,5,4,3,2,1,0,1,1,1,0,0,1,1,1,1,0,0,0,0,1,1,0,0,0,0,1,0,0,0,0,0,0,0,0,0,0.3931034482758621,-0.21196581196581196,0.9877800407331975,0.2596089008766015,0.38823529411764707,0.4789915966386555,-0.15379471748579068,0.6097967344218593,0.9202250910294604,-0.18867924528301885,-0.09523809523809523,0.71875,0.75,0.375,0.5714285714285714,1.064516129032258,0.031746031746031744,0.7619047619047619,1.6451612903225807,0.45161290322580644
5,0,1,0,-0.2,-0.7619047619047619,-0.1673201712837968,4,3,2,1,0,6,5,4,3,2,1,0,1,1,1,0,0,1,1,1,0,0,0,0,0,1,1,0,0,0,0,1,0,0,0,0,0,0,0,0,0.04827586206896552,0.38974358974358975,-0.21384928716904275,0.9811193526635198,0.24705882352941178,0.38823529411764707,0.48813105984620525,-0.14995001666111296,0.6090698444223767,0.923535253227408,0.5396825396825397,-0.09375,0.75,0.75,0.38095238095238093,0.6129032258064516,1.0476190476190477,0.031746031746031744,0.7741935483870968,1.6451612903225807
6,0,1,0,1.2551724137931035,0.4126984126984127,1.9393385437902186,5,4,3,2,1,0,6,5,4,3,0,1,0,1,1,1,0,0,1,1,1,0,0,0,0,0,1,1,0,0,0,0,1,0,0,0,0,0,0,0,-0.2,0.04786324786324787,0.38357094365241,-0.2124072825354012,0.9663865546218487,0.24705882352941178,0.3978602474088933,0.489836721092969,-0.14564713670969875,0.6123800066203243,-0.7619047619047619,0.53125,-0.0625,0.75,0.7619047619047619,0.41935483870967744,0.6031746031746031,1.0476190476190477,0.03225806451612903,0.7741935483870968
0,1,0,0,0.23448275862068965,0.25396825396825395,0.2933203240950161,6,5,4,3,2,1,0,6,5,4,0,0,1,0,1,1,1,0,0,1,1,1,0,0,0,0,0,1,1,0,0,0,0,1,0,0,0,0,0,0,1.2551724137931035,-0.19829059829059828,0.04412763068567549,0.38098449089683073,-0.2235294117647059,0.9663865546218487,0.2574389836175192,0.3998667110963012,0.4899040052962595,-0.14233697451175106,0.4126984126984127,-0.75,0.5625,-0.0625,0.7619047619047619,0.8064516129032258,0.4126984126984127,0.6031746031746031,1.064516129032258,0.03225806451612903
1,1,0,0,1.006896551724138,0.6349206349206349,1.5863796520366829,0,6,5,4,3,2,1,0,6,5,1,0,0,1,0,1,1,1,0,0,0,1,1,0,0,0,0,0,1,1,0,0,0,0,1,0,0,0,0,0,0.23448275862068965,1.2444444444444445,-0.20027155465037338,0.043830074173971674,0.3680672268907563,-0.2235294117647059,0.9729187562688063,0.25991336221259576,0.4005296259516716,0.49321416749420716,0.25396825396825395,0.40625,-0.71875,0.5625,-0.06349206349206349,0.8064516129032258,0.7936507936507936,0.4126984126984127,0.6129032258064516,1.064516129032258
2,1,0,0,1.1344827586206896,1.0793650793650793,1.2855856422364802,1,0,6,5,4,3,2,1,0,6,1,1,0,0,1,0,1,1,1,0,0,0,1,1,0,0,0,0,0,1,0,0,0,0,0,1,0,0,0,0,1.006896551724138,0.23247863247863249,1.2321792260692463,-0.19892110586648684,0.031932773109243695,0.3680672268907563,-0.21063189568706117,0.9730089970009996,0.26150281363786826,0.4038397881496193,0.6349206349206349,0.25,0.4375,-0.71875,0.5714285714285714,-0.03225806451612903,0.7936507936507936,0.7936507936507936,0.41935483870967744,0.6129032258064516
3,1,0,0,0.5724137931034483,0.9523809523809523,0.6171148565636814,2,1,0,6,5,4,3,2,1,0,1,1,1,0,0,1,0,1,1,1,0,0,0,1,1,0,0,0,0,0,0,0,0,0,0,0,1,0,0,0,1.1344827586206896,0.9982905982905983,0.22742701968771215,1.2238705327039783,-0.21008403361344538,0.031932773109243695,0.37780006686726847,-0.20659780073308895,0.9698775239986759,0.2648129758358159,1.0793650793650793,0.625,0.28125,0.4375,-0.7301587301587301,0.6129032258064516,-0.031746031746031744,0.7936507936507936,0.8064516129032258,0.41935483870967744
4,1,0,0,0.5758620689655173,0.6031746031746031,1.0801144596602046,3,2,1,0,6,5,4,3,2,1,1,1,1,1,0,0,1,0,1,1,0,0,0,0,1,1,0,0,0,0,0,0,0,0,0,0,0,1,0,0,0.5724137931034483,1.1247863247863248,0.9877800407331975,0.22589345920431556,1.2084033613445377,-0.21008403361344538,0.043463724506853894,0.37987337554148615,-0.20191989407480965,0.9731876861966235,0.9523809523809523,1.0625,0.65625,0.28125,0.4444444444444444,-0.7096774193548387,0.6031746031746031,-0.031746031746031744,0.8064516129032258,0.8064516129032258
5,0,1,0,0.8655172413793103,1.492063492063492,1.132269604969475,4,3,2,1,0,6,5,4,3,2,1,1,1,1,1,0,0,1,0,1,0,0,0,0,0,1,1,0,0,0,0,0,0,0,0,0,0,0,1,0,0.5758620689655173,0.5675213675213675,1.1133740665308893,0.9811193526635198,0.2134453781512605,1.2084033613445377,-0.19725844199264458,0.04665111629456847,0.3806686527639854,-0.19860973187686196,0.6031746031746031,0.9375,1.09375,0.65625,0.2857142857142857,0.4838709677419355,-0.6984126984126984,0.6031746031746031,-0.03225806451612903,0.8064516129032258
6,0,1,0,0.027586206896551724,0.4444444444444444,0.41294662628664003,5,4,3,2,1,0,6,5,4,3,0,1,1,1,1,1,0,0,1,0,1,0,0,0,0,0,1,1,0,0,0,0,0,0,0,0,0,0,0,1,0.8655172413793103,0.5709401709401709,0.560081466395112,1.1058664868509778,0.9663865546218487,0.2134453781512605,1.213640922768305,-0.19326891036321225,0.04965243296921549,0.3839788149619331,1.492063492063492,0.59375,0.96875,1.09375,0.6666666666666666,0.3225806451612903,0.47619047619047616,-0.6984126984126984,0.6129032258064516,-0.03225806451612903
0,1,0,0,0.30689655172413793,0.9206349206349206,0.6349425166114585,6,5,4,3,2,1,0,6,5,4,0,0,1,1,1,1,1,0,0,1,1,1,0,0,0,0,0,1,1,0,0,0,0,0,0,0,0,0,0,0,0.027586206896551724,0.8581196581196581,0.5634758995247793,0.5563047875927174,1.0907563025210083,0.9663865546218487,0.22400534938147776,1.2129290236587804,-0.18867924528301885,0.05296259516716319,0.4444444444444444,1.46875,0.625,0.96875,1.1111111111111112,0.7096774193548387,0.31746031746031744,0.47619047619047616,-0.7096774193548387,0.6129032258064516
1,1,0,0,0.6137931034482759,0.6031746031746031,1.2444552178607917,0,6,5,4,3,2,1,0,6,5,1,0,0,1,1,1,1,1,0,0,0,1,1,0,0,0,0,0,1,1,0,0,0,0,0,0,0,0,0,0,0.30689655172413793,0.02735042735042735,0.8486082824168363,0.559676331759946,0.5428571428571428,1.0907563025210083,0.9729187562688063,0.226591136287904,1.20820920225091,-0.18536908308507116,0.9206349206349206,0.4375,1.5,0.625,0.9841269841269841,1.1612903225806452,0.6984126984126984,0.31746031746031744,0.4838709677419355,-0.7096774193548387
2,1,0,0,1.5310344827586206,0.38095238095238093,2.1819121551858784,1,0,6,5,4,3,2,1,0,6,1,1,0,0,1,1,1,1,1,0,0,0,1,1,0,0,0,0,0,1,0,0,0,0,0,0,0,0,0,0,0.6137931034482759,0.30427350427350425,0.023761031907671416,0.8428860418071477,0.5462184873949579,0.5428571428571428,1.0966232029421596,0.9730089970009996,0.22840119165839123,1.211519364448858,0.6031746031746031,0.90625,0.46875,1.5,0.6349206349206349,1.032258064516129,1.1428571428571428,0.6984126984126984,0.3225806451612903,0.4838709677419355
3,1,0,0,-0.4,0.2222222222222222,-0.4055056665239978,2,1,0,6,5,4,3,2,1,0,1,1,1,0,0,1,1,1,1,1,0,0,0,1,1,0,0,0,0,0,0,0,0,0,0,0,0,0,0,0,1.5310344827586206,0.6085470085470085,0.2987101154107264,0.02360080917060013,0.8285714285714286,0.5462184873949579,0.551654964894684,1.0963012329223591,0.9698775239986759,0.23171135385633895,0.38095238095238093,0.59375,0.9375,0.46875,1.5238095238095237,0.6774193548387096,1.0158730158730158,1.1428571428571428,0.7096774193548387,0.3225806451612903
4,1,0,0,1.0758620689655172,-0.31746031746031744,1.1388368361586505,3,2,1,0,6,5,4,3,2,1,1,1,1,1,0,0,1,1,1,1,0,0,0,0,1,1,0,0,0,0,0,0,0,0,0,0,0,0,0,0,-0.4,1.5179487179487179,0.6008146639511202,0.29669588671611596,0.011764705882352941,0.8285714285714286,0.5549983283182881,0.5531489503498833,1.0923535253227408,0.9731876861966235,0.2222222222222222,0.375,0.625,0.9375,0.47619047619047616,1.5806451612903225,0.6666666666666666,1.0158730158730158,1.1612903225806452,0.7096774193548387
5,0,1,0,0.45517241379310347,0.0,0.42102073837569787,4,3,2,1,0,6,5,4,3,2,1,1,1,1,1,0,0,1,1,1,0,0,0,0,0,1,1,0,0,0,0,0,0,0,0,0,0,0,0,0,1.0758620689655172,-0.39658119658119656,1.503733876442634,0.5967633175994606,0.28403361344537814,0.011764705882352941,0.8358408559010364,0.5564811729423526,0.5527970870572657,1.0956636875206884,-0.31746031746031744,0.21875,0.40625,0.625,0.9523809523809523,0.5161290322580645,1.5555555555555556,0.6666666666666666,1.032258064516129,1.1612903225806452
6,0,1,0,-0.04827586206896552,-0.25396825396825395,0.1871054377128623,5,4,3,2,1,0,6,5,4,3,0,1,1,1,1,1,0,0,1,1,1,0,0,0,0,0,1,1,0,0,0,0,0,0,0,0,0,0,0,0,0.45517241379310347,1.0666666666666667,-0.3971486761710794,1.4935940660822655,0.5831932773109244,0.28403361344537814,0.023403543965229017,0.8363878707097634,0.5561072492552135,0.5561072492552135,0.0,-0.3125,0.25,0.40625,0.6349206349206349,1.0,0.5079365079365079,1.5555555555555556,0.6774193548387096,1.032258064516129
0,1,0,0,1.2379310344827585,0.8571428571428571,1.4812390420494554,6,5,4,3,2,1,0,6,5,4,0,0,1,1,1,1,1,0,0,1,1,1,0,0,0,0,0,1,1,0,0,0,0,0,0,0,0,0,0,0,-0.04827586206896552,0.4512820512820513,1.0556687033265444,-0.39447066756574506,1.477310924369748,0.5831932773109244,0.2942159812771648,0.026657780739753414,0.8341608738828202,0.5594174114531612,-0.25396825396825395,0.0,-0.28125,0.25,0.4126984126984127,0.6774193548387096,0.9841269841269841,0.5079365079365079,1.5806451612903225,0.6774193548387096
1,1,0,0,0.33793103448275863,0.9523809523809523,0.6126599362114583,0,6,5,4,3,2,1,0,6,5,1,0,0,1,1,1,1,1,0,0,0,1,1,0,0,0,0,0,1,1,0,0,0,0,0,0,0,0,0,0,1.2379310344827585,-0.04786324786324787,0.44467073998642226,1.0485502360080916,-0.4050420168067227,1.477310924369748,0.5917753259779338,0.29656781072975674,0.029791459781529292,0.8374710360807679,0.8571428571428571,-0.25,0.03125,-0.28125,0.25396825396825395,0.45161290322580644,0.6666666666666666,0.9841269841269841,0.5161290322580645,1.5806451612903225
2,1,0,0,0.4827586206896552,1.7142857142857142,0.683504569799229,1,0,6,5,4,3,2,1,0,6,1,1,0,0,1,1,1,1,1,0,0,0,1,1,0,0,0,0,0,1,0,0,0,0,0,0,0,0,0,0,0.33793103448275863,1.2273504273504274,-0.05091649694501018,0.44167228590694535,1.0336134453781514,-0.4050420168067227,1.4811099966566366,0.5931356214595135,0.29791459781529295,0.03310162197947699,0.9523809523809523,0.84375,-0.21875,0.03125,-0.2857142857142857,0.2903225806451613,0.4444444444444444,0.6666666666666666,1.0,0.5161290322580645
3,1,0,0,0.996551724137931,0.9523809523809523,1.0863855345924707,2,1,0,6,5,4,3,2,1,0,1,1,1,0,0,1,1,1,1,1,0,0,0,1,1,0,0,0,0,0,0,0,0,0,0,0,0,0,0,0,0.4827586206896552,0.335042735042735,1.2152070604209095,-0.05057316250842886,0.42857142857142855,1.0336134453781514,-0.39117352056168503,1.4795068310563144,0.5925190334326381,0.3012247600132406,1.7142857142857142,0.9375,0.875,-0.21875,0.031746031746031744,-0.25806451612903225,0.2857142857142857,0.4444444444444444,0.6774193548387096,1.0
4,1,0,0,0.6655172413793103,0.8253968253968254,1.0642268259419359,3,2,1,0,6,5,4,3,2,1,1,1,1,1,0,0,1,1,1,1,0,0,0,0,1,1,0,0,0,0,0,0,0,0,0,0,0,0,0,0,0.996551724137931,0.47863247863247865,0.3292600135777325,1.2070128118678354,-0.06218487394957983,0.42857142857142855,1.0397860247408892,-0.3865378207264245,1.473022178086726,0.5958291956305859,0.9523809523809523,1.6875,0.96875,0.875,-0.2222222222222222,0.06451612903225806,-0.25396825396825395,0.2857142857142857,0.45161290322580644,0.6774193548387096
5,0,1,0,0.6344827586206897,0.5396825396825397,0.8965883204897532,4,3,2,1,0,6,5,4,3,2,1,1,1,1,1,0,0,1,1,1,0,0,0,0,0,1,1,0,0,0,0,0,0,0,0,0,0,0,0,0,0.6655172413793103,0.9880341880341881,0.471826205023761,0.32703978422117325,1.1915966386554622,-0.06218487394957983,0.43798060849214304,1.039653448850383,-0.3806686527639854,1.4763323402846737,0.8253968253968254,0.9375,1.71875,0.96875,0.8888888888888888,-0.1935483870967742,0.06349206349206349,-0.25396825396825395,0.2903225806451613,0.45161290322580644
6,0,1,0,0.6275862068965518,0.7301587301587301,0.9663923502433147,5,4,3,2,1,0,6,5,4,3,0,1,1,1,1,1,0,0,1,1,1,0,0,0,0,0,1,1,0,0,0,0,0,0,0,0,0,0,0,0,0.6344827586206897,0.6598290598290598,0.9775967413441955,0.46864463924477406,0.3142857142857143,1.1915966386554622,-0.05015045135406218,0.43985338220593134,1.0360807679576298,-0.3773584905660377,0.5396825396825397,0.8125,0.96875,1.71875,0.9841269841269841,0.9354838709677419,-0.19047619047619047,0.06349206349206349,-0.25806451612903225,0.2903225806451613
0,1,0,0,0.6482758620689655,0.3492063492063492,0.4106148352647725,6,5,4,3,2,1,0,6,5,4,0,0,1,1,1,1,1,0,0,1,1,1,0,0,0,0,0,1,1,0,0,0,0,0,0,0,0,0,0,0,0.6275862068965518,0.629059829059829,0.6517311608961303,0.971004720161834,0.45546218487394957,0.3142857142857143,1.1969241056502842,-0.04665111629456847,0.440251572327044,1.0393909301555775,0.7301587301587301,0.53125,0.84375,0.96875,1.746031746031746,1.032258064516129,0.9206349206349206,-0.19047619047619047,0.06451612903225806,-0.25806451612903225
1,1,0,0,0.3310344827586207,0.9841269841269841,0.5221278083287524,0,6,5,4,3,2,1,0,6,5,1,0,0,1,1,1,1,1,0,0,0,1,1,0,0,0,0,0,1,1,0,0,0,0,0,0,0,0,0,0,0.6482758620689655,0.6222222222222222,0.6211812627291242,0.6473364801078894,0.9563025210084034,0.45546218487394957,0.3243062520896021,1.1962679106964345,-0.04303210857332009,0.4435617345249917,0.3492063492063492,0.71875,0.5625,0.84375,0.9841269841269841,1.8064516129032258,1.0158730158730158,0.9206349206349206,-0.1935483870967742,0.06451612903225806
2,1,0,0,0.9310344827586207,0.9841269841269841,1.5479327549496298,1,0,6,5,4,3,2,1,0,6,1,1,0,0,1,1,1,1,1,0,0,0,1,1,0,0,0,0,0,1,0,0,0,0,0,0,0,0,0,0,0.3310344827586207,0.6427350427350428,0.6143923964697895,0.6169925826028321,0.6336134453781512,0.9563025210084034,0.4647275158809762,0.3265578140619793,1.1916583912611718,-0.03972194637537239,0.9841269841269841,0.34375,0.75,0.5625,0.8571428571428571,1.032258064516129,1.7777777777777777,1.0158730158730158,0.9354838709677419,-0.1935483870967742
3,1,0,0,1.0758620689655172,0.4444444444444444,1.5227279642502884,2,1,0,6,5,4,3,2,1,0,1,1,1,0,0,1,1,1,1,1,0,0,0,1,1,0,0,0,0,0,0,0,0,0,0,0,0,0,0,0,0.9310344827586207,0.3282051282051282,0.6347589952477936,0.6102494942683748,0.6033613445378151,0.6336134453781512,0.9628886659979939,0.46651116294568473,0.3277060575968222,1.1949685534591195,0.9841269841269841,0.96875,0.375,0.75,0.5714285714285714,0.9032258064516129,1.0158730158730158,1.7777777777777777,1.032258064516129,0.9354838709677419
4,1,0,0,0.3103448275862069,0.9206349206349206,0.38612149573785165,3,2,1,0,6,5,4,3,2,1,1,1,1,1,0,0,1,1,1,1,0,0,0,0,1,1,0,0,0,0,0,0,0,0,0,0,0,0,0,0,1.0758620689655172,0.9230769230769231,0.3224711473183978,0.6304787592717465,0.5966386554621849,0.6033613445378151,0.641925777331996,0.963012329223592,0.46673286991062557,0.3310162197947699,0.4444444444444444,0.96875,1.0,0.375,0.7619047619047619,0.6129032258064516,0.8888888888888888,1.0158730158730158,1.8064516129032258,1.032258064516129
5,0,1,0,0.7482758620689656,0.6666666666666666,1.1578383027406625,4,3,2,1,0,6,5,4,3,2,1,1,1,1,1,0,0,1,1,1,0,0,0,0,0,1,1,0,0,0,0,0,0,0,0,0,0,0,0,0,0.3103448275862069,1.0666666666666667,0.9131025118805158,0.3202966958867161,0.6168067226890757,0.5966386554621849,0.6118355065195586,0.6431189603465511,0.9599470374048328,0.4700430321085733,0.9206349206349206,0.4375,1.0,1.0,0.38095238095238093,0.8064516129032258,0.6031746031746031,0.8888888888888888,1.032258064516129,1.8064516129032258
6,0,1,0,0.16551724137931034,-0.5714285714285714,0.0030301247710367296,5,4,3,2,1,0,6,5,4,3,0,1,1,1,1,1,0,0,1,1,1,0,0,0,0,0,1,1,0,0,0,0,0,0,0,0,0,0,0,0,0.7482758620689656,0.3076923076923077,1.0556687033265444,0.9069453809844908,0.30756302521008405,0.6168067226890757,0.6051487796723504,0.6131289570143285,0.6421714664018536,0.9632571996027804,0.6666666666666666,0.90625,0.46875,1.0,1.0158730158730158,0.41935483870967744,0.7936507936507936,0.6031746031746031,0.9032258064516129,1.032258064516129
0,0,0,1,0.4103448275862069,-0.6666666666666666,0.35430863403673823,6,5,4,3,2,1,0,6,5,4,0,0,1,1,1,1,1,0,0,1,1,1,0,0,0,0,0,1,1,0,0,0,0,0,0,0,0,0,0,0,0.16551724137931034,0.7418803418803419,0.30210454854039376,1.0485502360080916,0.892436974789916,0.30756302521008405,0.6252089602139752,0.6064645118293902,0.6123800066203243,0.6454816285998013,-0.5714285714285714,0.65625,0.9375,0.46875,1.0158730158730158,1.064516129032258,0.4126984126984127,0.7936507936507936,0.6129032258064516,0.9032258064516129
1,1,0,0,0.6931034482758621,0.9523809523809523,0.7798205347175595,0,6,5,4,3,2,1,0,6,5,0,0,0,1,1,1,1,1,0,0,0,1,1,0,0,0,0,0,1,1,1,0,0,0,0,0,0,0,0,0,0.4103448275862069,0.1641025641025641,0.7331975560081466,0.30006743088334453,1.0336134453781514,0.892436974789916,0.31761952524239384,0.6264578473842052,0.605759682224429,0.6156901688182721,-0.6666666666666666,-0.5625,0.6875,0.9375,0.47619047619047616,1.064516129032258,1.0476190476190477,0.4126984126984127,0.8064516129032258,0.6129032258064516
2,1,0,0,1.0034482758620689,0.4126984126984127,1.2329516433629557,1,0,6,5,4,3,2,1,0,6,1,0,0,0,1,1,1,1,1,0,0,0,1,1,0,0,0,0,0,1,0,1,0,0,0,0,0,0,0,0,0.6931034482758621,0.40683760683760684,0.15953835709436523,0.7282535401213756,0.28739495798319326,1.0336134453781514,0.8993647609495151,0.31989336887704095,0.6256206554121152,0.6090698444223767,0.9523809523809523,-0.65625,-0.53125,0.6875,0.9523809523809523,0.5161290322580645,1.0476190476190477,1.0476190476190477,0.41935483870967744,0.8064516129032258
3,1,0,0,0.5620689655172414,1.3333333333333333,0.7251810576294382,2,1,0,6,5,4,3,2,1,0,1,1,0,0,0,1,1,1,1,1,0,0,0,1,1,0,0,0,0,0,0,0,1,0,0,0,0,0,0,0,1.0034482758620689,0.6871794871794872,0.40054310930074677,0.15846257585974374,0.7142857142857143,0.28739495798319326,1.0397860247408892,0.8997000999666777,0.3210857332009268,0.6289308176100629,0.4126984126984127,0.9375,-0.625,-0.53125,0.6984126984126984,1.0,0.5079365079365079,1.0476190476190477,1.064516129032258,0.41935483870967744
4,1,0,0,-0.32413793103448274,0.6984126984126984,-0.18256978435361867,3,2,1,0,6,5,4,3,2,1,1,1,1,0,0,0,1,1,1,1,0,0,0,0,1,1,0,0,0,0,0,0,0,1,0,0,0,0,0,0,0.5620689655172414,0.9948717948717949,0.678886625933469,0.3978422117329737,0.146218487394958,0.7142857142857143,0.29755934470076895,1.039653448850383,0.8970539556438265,0.32439589539887453,1.3333333333333333,0.40625,0.96875,-0.625,-0.5396825396825397,0.7419354838709677,0.9841269841269841,0.5079365079365079,1.064516129032258,1.064516129032258
5,0,1,0,-0.08275862068965517,0.7936507936507936,0.40362000312383994,4,3,2,1,0,6,5,4,3,2,1,1,1,1,0,0,0,1,1,1,0,0,0,0,0,1,1,0,0,0,0,0,0,0,1,0,0,0,0,0,-0.32413793103448274,0.5572649572649573,0.9843856076035301,0.6743088334457181,0.38487394957983195,0.146218487394958,0.7221664994984954,0.2999000333222259,1.0360807679576298,0.9003641178417742,0.6984126984126984,1.3125,0.4375,0.96875,-0.6349206349206349,-0.5161290322580645,0.7301587301587301,0.9841269841269841,0.5161290322580645,1.064516129032258
6,0,1,0,-0.09310344827586207,1.1746031746031746,0.4050036884300946,5,4,3,2,1,0,6,5,4,3,0,1,1,1,1,0,0,0,1,1,1,0,0,0,0,0,1,1,0,0,0,0,0,0,0,1,0,0,0,0,-0.08275862068965517,-0.3213675213675214,0.5498981670061099,0.9777478084962913,0.6605042016806723,0.38487394957983195,0.15713808090939485,0.7230923025658114,0.3012247600132406,1.0393909301555775,0.7936507936507936,0.6875,1.34375,0.4375,0.9841269841269841,-0.6129032258064516,-0.5079365079365079,0.7301587301587301,1.0,0.5161290322580645
0,1,0,0,0.2103448275862069,0.15873015873015872,0.08045253757905108,6,5,4,3,2,1,0,6,5,4,0,0,1,1,1,1,0,0,0,1,1,1,0,0,0,0,0,1,1,0,0,0,0,0,0,0,1,0,0,0,-0.09310344827586207,-0.08205128205128205,-0.3224711473183978,0.5461901550910316,0.9630252100840336,0.6605042016806723,0.39451688398528917,0.15994668443852048,0.7216153591525984,0.30453492221118833,1.1746031746031746,0.78125,0.71875,1.34375,0.4444444444444444,1.032258064516129,-0.6031746031746031,-0.5079365079365079,0.7419354838709677,1.0
1,1,0,0,1.4275862068965517,-0.031746031746031744,0.8478681820671301,0,6,5,4,3,2,1,0,6,5,1,0,0,1,1,1,1,0,0,0,0,1,1,0,0,0,0,0,1,1,0,0,0,0,0,0,0,1,0,0,0.2103448275862069,-0.09230769230769231,-0.08486082824168363,-0.3202966958867161,0.5327731092436975,0.9630252100840336,0.6686726847208291,0.39653448850383205,0.16219794769943727,0.7249255213505461,0.15873015873015872,1.15625,0.8125,0.71875,1.3650793650793651,0.4838709677419355,1.0158730158730158,-0.6031746031746031,-0.5161290322580645,0.7419354838709677
