DIA_SEMANA,LABORAL,FIN_DE_SEMANA,FESTIVO,PORCENTAJE_USO,NUMERO_CONEXIONES,USAGE_KB,DIA_SEMANA_lag_1,DIA_SEMANA_lag_2,DIA_SEMANA_lag_3,DIA_SEMANA_lag_4,DIA_SEMANA_lag_5,DIA_SEMANA_lag_6,DIA_SEMANA_lag_7,DIA_SEMANA_lag_8,DIA_SEMANA_lag_9,DIA_SEMANA_lag_10,LABORAL_lag_1,LABORAL_lag_2,LABORAL_lag_3,LABORAL_lag_4,LABORAL_lag_5,LABORAL_lag_6,LABORAL_lag_7,LABORAL_lag_8,LABORAL_lag_9,LABORAL_lag_10,FIN_DE_SEMANA_lag_1,FIN_DE_SEMANA_lag_2,FIN_DE_SEMANA_lag_3,FIN_DE_SEMANA_lag_4,FIN_DE_SEMANA_lag_5,FIN_DE_SEMANA_lag_6,FIN_DE_SEMANA_lag_7,FIN_DE_SEMANA_lag_8,FIN_DE_SEMANA_lag_9,FIN_DE_SEMANA_lag_10,FESTIVO_lag_1,FESTIVO_lag_2,FESTIVO_lag_3,FESTIVO_lag_4,FESTIVO_lag_5,FESTIVO_lag_6,FESTIVO_lag_7,FESTIVO_lag_8,FESTIVO_lag_9,FESTIVO_lag_10,PORCENTAJE_USO_lag_1,PORCENTAJE_USO_lag_2,PORCENTAJE_USO_lag_3,PORCENTAJE_USO_lag_4,PORCENTAJE_USO_lag_5,PORCENTAJE_USO_lag_6,PORCENTAJE_USO_lag_7,PORCENTAJE_USO_lag_8,PORCENTAJE_USO_lag_9,PORCENTAJE_USO_lag_10,NUMERO_CONEXIONES_lag_1,NUMERO_CONEXIONES_lag_2,NUMERO_CONEXIONES_lag_3,NUMERO_CONEXIONES_lag_4,NUMERO_CONEXIONES_lag_5,NUMERO_CONEXIONES_lag_6,NUMERO_CONEXIONES_lag_7,NUMERO_CONEXIONES_lag_8,NUMERO_CONEXIONES_lag_9,NUMERO_CONEXIONES_lag_10
0,0,0,1,-1.102258726899384,-1.2892561983471074,-0.9884324726498152,6,5,4,3,2,1,0,6,5,4,0,0,1,1,1,1,1,0,0,1,1,1,0,0,0,0,0,1,1,0,0,0,0,0,0,0,0,0,0,0,-1.0965306122448981,-1.0749898167006111,-0.42792756539235416,-0.10354124748490942,0.9784158415841583,1.1322339763534535,-0.03836770029907131,1.3119150878794796,1.7304648862512364,1.0757437419158487,-1.024793388429752,-0.03305785123966942,-0.9333333333333333,0.2,-0.5833333333333334,-1.4,-1.6333333333333333,-0.7603305785123967,-0.1652892561983471,-0.7903225806451613
1,1,0,0,-0.835893223819302,0.2644628099173554,-0.9259521909551598,0,6,5,4,3,2,1,0,6,5,0,0,0,1,1,1,1,1,0,0,0,1,1,0,0,0,0,0,1,1,1,0,0,0,0,0,0,0,0,0,-1.091142857142857,-1.094297352342159,-1.0585110663983903,-0.42619718309859156,-0.10190099009900987,0.9591630367143744,1.1472926176609475,-0.037091988130563795,1.3119150878794796,1.7304648862512364,-1.2892561983471074,-1.024793388429752,-0.03333333333333333,-0.9333333333333333,0.21666666666666667,-0.5666666666666667,-1.4,-1.6198347107438016,-0.7603305785123967,-0.14516129032258066
2,1,0,0,-0.680082135523614,-2.28099173553719,-0.904521962210062,1,0,6,5,4,3,2,1,0,6,1,0,0,0,1,1,1,1,1,0,0,0,1,1,0,0,0,0,0,1,0,1,0,0,0,0,0,0,0,0,-0.8264081632653062,-1.0889205702647657,-1.0775855130784708,-1.0567806841046279,-0.41944554455445543,-0.10174237710018667,0.9721784983472374,1.1091455527657306,-0.037091988130563795,1.3119150878794796,0.2644628099173554,-1.2892561983471074,-1.0333333333333334,-0.03333333333333333,-0.9166666666666666,0.23333333333333334,-0.5666666666666667,-1.3884297520661157,-1.6198347107438016,-0.7258064516129032
3,1,0,0,-0.1619712525667351,-0.4297520661157025,-0.7202450731465316,2,1,0,6,5,4,3,2,1,0,1,1,0,0,0,1,1,1,1,1,0,0,0,1,1,0,0,0,0,0,0,0,1,0,0,0,0,0,0,0,-0.6715510204081633,-0.8247250509164971,-1.0722736418511065,-1.0758551307847084,-1.040039603960396,-0.4135812072184194,-0.10125137730206198,0.9398539146313625,1.1091455527657306,-0.037091988130563795,-2.28099173553719,0.2644628099173554,-1.3,-1.0333333333333334,-0.016666666666666666,-0.9,0.23333333333333334,-0.5619834710743802,-1.3884297520661157,-1.564516129032258
4,1,0,0,1.502094455852156,0.8264462809917356,0.04212075325022105,3,2,1,0,6,5,4,3,2,1,1,1,1,0,0,0,1,1,1,1,0,0,0,0,1,1,0,0,0,0,0,0,0,1,0,0,0,0,0,0,-0.1566122448979592,-0.670183299389002,-0.811267605633803,-1.0705432595573439,-1.0588118811881189,-1.0230242688238955,-0.41677160396662993,-0.09788480559993909,0.9398539146313625,1.1091455527657306,-0.4297520661157025,-2.28099173553719,0.26666666666666666,-1.3,-1.0166666666666666,0.0,-0.9,0.23140495867768596,-0.5619834710743802,-1.3387096774193548
5,0,1,0,-0.009199178644763897,0.7933884297520661,-0.4006127744462668,4,3,2,1,0,6,5,4,3,2,1,1,1,1,0,0,0,1,1,1,0,0,0,0,0,1,1,0,0,0,0,0,0,0,1,0,0,0,0,0,1.497265306122449,-0.15629327902240328,-0.6585915492957747,-0.8095372233400403,-1.0535841584158414,-1.0414592408214065,-1.0334094128758067,-0.40291409875979606,-0.09788480559993909,0.9398539146313625,0.8264462809917356,-0.4297520661157025,-2.3,0.26666666666666666,-1.2833333333333334,-1.0,0.0,-0.8925619834710744,0.23140495867768596,-0.532258064516129
6,0,1,0,-0.1461190965092403,0.5950413223140496,-0.38820107631284256,5,4,3,2,1,0,6,5,4,3,0,1,1,1,1,0,0,0,1,1,1,0,0,0,0,0,1,1,0,0,0,0,0,0,0,1,0,0,0,0,-0.004775510204081698,1.4942158859470467,-0.15090543259557343,-0.656861167002012,-0.7967128712871288,-1.0363254511512134,-1.0520620179442783,-0.9990489233812676,-0.40291409875979606,-0.09788480559993909,0.7933884297520661,0.8264462809917356,-0.43333333333333335,-2.3,0.2833333333333333,-1.2666666666666666,-1.0,0.0,-0.8925619834710744,0.24193548387096775
0,0,0,1,0.39408624229979455,-0.23140495867768596,-0.14256876884706943,6,5,4,3,2,1,0,6,5,4,0,0,1,1,1,1,0,0,0,1,1,1,0,0,0,0,0,1,1,0,0,0,0,0,0,0,1,0,0,0,-0.14085714285714293,-0.004765784114053018,1.4796780684104627,-0.14917505030181083,-0.6464554455445544,-0.7840696950840076,-1.0468676215960961,-1.017081336072434,-0.9990489233812676,-0.40291409875979606,0.5950413223140496,0.7933884297520661,0.8333333333333334,-0.43333333333333335,-2.283333333333333,0.3,-1.2666666666666666,-0.9917355371900827,0.0,-0.8548387096774194
1,1,0,0,0.0765503080082135,0.23140495867768596,-0.26064304423225954,0,6,5,4,3,2,1,0,6,5,0,0,0,1,1,1,1,0,0,0,0,1,1,0,0,0,0,0,1,1,1,0,0,0,0,0,0,1,0,0,0.3960408163265305,-0.1405702647657842,-0.0012072434607646332,1.4814084507042253,-0.14681188118811878,-0.6365121344119476,-0.7916338737604282,-1.0120596515255267,-1.017081336072434,-0.9990489233812676,-0.23140495867768596,0.5950413223140496,0.8,0.8333333333333334,-0.4166666666666667,-2.2666666666666666,0.3,-1.256198347107438,-0.9917355371900827,0.016129032258064516
2,1,0,0,-0.5564681724845996,0.2975206611570248,-0.6991115633997116,1,0,6,5,4,3,2,1,0,6,1,0,0,0,1,1,1,1,0,0,0,0,1,1,0,0,0,0,0,1,0,1,0,0,0,0,0,0,1,0,0.08044897959183665,0.3952342158859469,-0.13537223340040247,0.0005231388329979697,1.457940594059406,-0.1458462974486621,-0.6423343302376829,-0.7653123335615918,-1.0120596515255267,-1.017081336072434,0.23140495867768596,-0.23140495867768596,0.6,0.8,0.85,-0.4,-2.2666666666666666,0.2975206611570248,-1.256198347107438,-0.9516129032258065
3,1,0,0,-0.5070225872689939,-0.1652892561983471,-0.6143982893914258,2,1,0,6,5,4,3,2,1,0,1,1,0,0,0,1,1,1,1,0,0,0,0,1,1,0,0,0,0,0,0,0,1,0,0,0,0,0,0,1,-0.5486938775510204,0.08028513238289198,0.393963782696177,-0.13364185110663987,0.0005148514851484969,1.4300715619166147,-0.14587596411144338,-0.6209769459027619,-0.7653123335615918,-1.0120596515255267,0.2975206611570248,0.23140495867768596,-0.23333333333333334,0.6,0.8166666666666667,0.8666666666666667,-0.4,-2.2479338842975207,0.2975206611570248,-1.2096774193548387
4,1,0,0,-0.2321971252566735,0.5619834710743802,-0.4743021788633373,3,2,1,0,6,5,4,3,2,1,1,1,1,0,0,0,1,1,1,1,0,0,0,0,1,1,0,0,0,0,0,0,0,1,0,0,0,0,0,0,-0.49955102040816335,-0.5475763747454175,0.08281690140845065,0.3956941649899396,-0.13152475247524756,-0.001166770379589341,1.4486463088304737,-0.141025641025641,-0.6209769459027619,-0.7653123335615918,-0.1652892561983471,0.2975206611570248,0.23333333333333334,-0.23333333333333334,0.6166666666666667,0.8333333333333334,0.8666666666666667,-0.39669421487603307,-2.2479338842975207,0.3064516129032258
5,0,1,0,0.002053388090349076,0.03305785123966942,-0.3312964428847654,4,3,2,1,0,6,5,4,3,2,1,1,1,1,0,0,0,1,1,1,0,0,0,0,0,1,1,0,0,0,0,0,0,0,1,0,0,0,0,0,-0.2264081632653061,-0.49853360488798376,-0.5374647887323943,0.08454728370221325,0.3894257425742574,-0.13083385189794655,0.0005115693373209328,1.400479342615841,-0.141025641025641,-0.6209769459027619,0.5619834710743802,-0.1652892561983471,0.3,0.23333333333333334,-0.21666666666666667,0.6333333333333333,0.8333333333333334,0.859504132231405,-0.39669421487603307,-2.1774193548387095
6,0,1,0,1.7981930184804928,0.9256198347107438,0.607348204127233,5,4,3,2,1,0,6,5,4,3,0,1,1,1,1,0,0,0,1,1,1,0,0,0,0,0,1,1,0,0,0,0,0,0,0,1,0,0,0,0,0.0064081632653060945,-0.22594704684317718,-0.4890140845070423,-0.5357344064386318,0.08320792079207917,0.38075606720597377,-0.13068628994175982,0.0004945598417408333,1.400479342615841,-0.141025641025641,0.03305785123966942,0.5619834710743802,-0.16666666666666666,0.3,0.25,-0.2,0.6333333333333333,0.8264462809917356,0.859504132231405,-0.3709677419354839
0,1,0,0,-0.25330595482546203,0.4297520661157025,-0.5461618161243619,6,5,4,3,2,1,0,6,5,4,0,0,1,1,1,1,0,0,0,1,1,1,0,0,0,0,0,1,1,0,0,0,0,0,0,0,1,0,0,0,1.7915510204081633,0.006395112016293251,-0.21971830985915491,-0.4872837022132797,-0.5272475247524753,0.0800404480398257,0.3869431764520698,-0.1263410180324127,0.0004945598417408333,1.400479342615841,0.9256198347107438,0.03305785123966942,0.5666666666666667,-0.16666666666666666,0.31666666666666665,0.26666666666666666,-0.2,0.628099173553719,0.8264462809917356,0.8548387096774194
1,1,0,0,-0.3365913757700206,-0.2975206611570248,-0.5913057539478639,0,6,5,4,3,2,1,0,6,5,1,0,0,1,1,1,1,0,0,0,0,1,1,0,0,0,0,0,1,1,0,0,0,0,0,0,0,1,0,0,-0.24738775510204086,1.7879022403258655,0.009818913480885302,-0.21798792756539231,-0.4795643564356436,-0.519446172993155,0.08267747520856285,0.3740774556798295,-0.1263410180324127,0.0004945598417408333,0.4297520661157025,0.9256198347107438,0.03333333333333333,0.5666666666666667,-0.15,0.3333333333333333,0.26666666666666666,-0.19834710743801653,0.628099173553719,0.8225806451612904
2,1,0,0,0.2558521560574949,-0.5619834710743802,-0.15288407137714183,1,0,6,5,4,3,2,1,0,6,1,1,0,0,1,1,1,1,0,0,0,0,1,1,0,0,0,0,0,1,0,0,0,0,0,0,0,0,1,0,-0.3301632653061225,-0.24688391038696544,1.7698189134808853,0.011549295774647906,-0.21453465346534648,-0.47261978842563784,-0.5238863529041398,0.07992847903827129,0.3740774556798295,-0.1263410180324127,-0.2975206611570248,0.4297520661157025,0.9333333333333333,0.03333333333333333,0.5833333333333334,-0.13333333333333333,0.3333333333333333,0.2644628099173554,-0.19834710743801653,0.6290322580645161
3,1,0,0,1.0595482546201231,1.2892561983471074,0.26416023715540676,2,1,0,6,5,4,3,2,1,0,1,1,1,0,0,1,1,1,1,0,0,0,0,1,1,0,0,0,0,0,0,0,0,0,0,0,0,0,0,1,0.25865306122448983,-0.32949083503054993,-0.24040241448692157,1.771549295774648,0.011366336633663385,-0.212352209085252,-0.4765071619707225,-0.5064673210073803,0.07992847903827129,0.3740774556798295,-0.5619834710743802,-0.2975206611570248,0.43333333333333335,0.9333333333333333,0.05,0.6,-0.13333333333333333,0.3305785123966942,0.2644628099173554,-0.1774193548387097
4,1,0,0,-0.33987679671457904,1.322314049586777,-0.48730888493510677,3,2,1,0,6,5,4,3,2,1,1,1,1,1,0,0,1,1,1,1,0,0,0,0,1,1,0,0,0,0,0,0,0,0,0,0,0,0,0,0,1.0574285714285714,0.2581262729124236,-0.32201207243460767,-0.23867203219315897,1.7434851485148515,0.009489732420659605,-0.2131670077128915,-0.4606634710492277,-0.5064673210073803,0.07992847903827129,1.2892561983471074,-0.5619834710743802,-0.3,0.43333333333333335,0.95,0.06666666666666667,0.6,-0.1322314049586777,0.3305785123966942,0.27419354838709675
5,0,1,0,0.19926078028747427,1.2231404958677685,-0.18383625873451834,4,3,2,1,0,6,5,4,3,2,1,1,1,1,1,0,0,1,1,1,0,0,0,0,0,1,1,0,0,0,0,0,0,0,0,0,0,0,0,0,-0.3334285714285714,1.055274949083503,0.2585110663983904,-0.32028169014084507,-0.2348910891089109,1.710485376477909,0.01129387690854716,-0.2060792817469375,-0.4606634710492277,-0.5064673210073803,1.322314049586777,1.2892561983471074,-0.5666666666666667,-0.3,0.45,0.9666666666666667,0.06666666666666667,0.5950413223140496,-0.1322314049586777,0.3387096774193548
6,0,1,0,-0.2475564681724846,0.2975206611570248,-0.7862401928516495,5,4,3,2,1,0,6,5,4,3,0,1,1,1,1,1,0,0,1,1,1,0,0,0,0,0,1,1,0,0,0,0,0,0,0,0,0,0,0,0,0.20240816326530603,-0.3327494908350305,1.046036217303823,0.260241448692153,-0.3152079207920792,-0.23234287492221534,1.7323705336061703,0.010918359583048027,-0.2060792817469375,-0.4606634710492277,1.2231404958677685,1.322314049586777,1.3,-0.5666666666666667,-0.2833333333333333,0.4666666666666667,0.9666666666666667,0.06611570247933884,0.5950413223140496,-0.11290322580645161
0,1,0,0,-0.5023408624229979,0.3305785123966942,-0.9118559452812488,6,5,4,3,2,1,0,6,5,4,0,0,1,1,1,1,1,0,0,1,1,1,0,0,0,0,0,1,1,0,0,0,0,0,0,0,0,0,0,0,-0.24167346938775514,0.2019959266802443,-0.32523138832997983,1.0477665995975856,0.2561188118811882,-0.3112165525824518,-0.23339367228081223,1.6747698394582666,0.010918359583048027,-0.2060792817469375,0.2975206611570248,1.2231404958677685,1.3333333333333333,1.3,-0.55,-0.26666666666666666,0.4666666666666667,0.9586776859504132,0.06611570247933884,0.5967741935483871
1,1,0,0,-0.9588501026694045,-0.06611570247933884,-0.9514702864640077,0,6,5,4,3,2,1,0,6,5,1,0,0,1,1,1,1,1,0,0,0,1,1,0,0,0,0,0,1,1,0,0,0,0,0,0,0,0,0,0,-0.49489795918367346,-0.24118126272912427,0.20305835010060355,-0.32350100603621723,1.0311683168316832,0.2498444306160548,-0.31319848890288055,-0.22563341702807577,1.6747698394582666,0.010918359583048027,0.3305785123966942,0.2975206611570248,1.2333333333333334,1.3333333333333333,1.3166666666666667,-0.5333333333333333,-0.26666666666666666,0.4628099173553719,0.9586776859504132,0.08064516129032258
2,1,0,0,-0.006735112936344913,0.628099173553719,-0.300435050494234,1,0,6,5,4,3,2,1,0,6,1,1,0,0,1,1,1,1,1,0,0,0,1,1,0,0,0,0,0,1,0,0,0,0,0,0,0,0,0,0,-0.9486122448979591,-0.4938900203665988,-0.23476861167002014,0.20478873239436615,-0.3183762376237623,1.0109676415681395,0.25448606957342995,-0.30278475233964847,-0.22563341702807577,1.6747698394582666,-0.06611570247933884,0.3305785123966942,0.3,1.2333333333333334,1.35,1.3333333333333333,-0.5333333333333333,-0.2644628099173554,0.4628099173553719,0.9516129032258065
3,1,0,0,0.13626283367556472,1.487603305785124,-0.14616367388881318,2,1,0,6,5,4,3,2,1,0,1,1,1,0,0,1,1,1,1,1,0,0,0,1,1,0,0,0,0,0,0,0,0,0,0,0,0,0,0,0,-0.00232653061224487,-0.9466802443991853,-0.4844265593561368,-0.23303822937625754,0.2015445544554455,-0.3143279402613565,1.0245946796788918,0.24602449973369858,-0.30278475233964847,-0.22563341702807577,0.628099173553719,-0.06611570247933884,0.3333333333333333,0.3,1.25,1.3666666666666667,1.3333333333333333,-0.5289256198347108,-0.2644628099173554,0.46774193548387094
4,1,0,0,-0.1347843942505133,0.8925619834710744,-0.2910496768176704,3,2,1,0,6,5,4,3,2,1,1,1,1,1,0,0,1,1,1,1,0,0,0,0,1,1,0,0,0,0,0,0,0,0,0,0,0,0,0,0,0.13979591836734695,-0.0023217922606924364,-0.9317505030181086,-0.4826961770623742,-0.22934653465346533,0.19625077784691963,-0.31634660790177865,0.9905272768774253,0.24602449973369858,-0.30278475233964847,1.487603305785124,0.628099173553719,-0.06666666666666667,0.3333333333333333,0.31666666666666665,1.2666666666666666,1.3666666666666667,1.322314049586777,-0.5289256198347108,-0.24193548387096775
5,0,1,0,0.1869404517453798,1.1239669421487604,-0.03941940674385504,4,3,2,1,0,6,5,4,3,2,1,1,1,1,1,0,0,1,1,1,0,0,0,0,0,1,1,0,0,0,0,0,0,0,0,0,0,0,0,0,-0.12959183673469388,0.1395112016293279,0.0012072434607646332,-0.930020120724346,-0.475049504950495,-0.22689794648413192,0.20025971981740903,-0.3058281975195921,0.9905272768774253,0.24602449973369858,0.8925619834710744,1.487603305785124,0.6333333333333333,-0.06666666666666667,0.35,0.3333333333333333,1.2666666666666666,1.3553719008264462,1.322314049586777,-0.5
6,0,1,0,0.7582751540041067,0.8264462809917356,0.457884774253164,5,4,3,2,1,0,6,5,4,3,0,1,1,1,1,1,0,0,1,1,1,0,0,0,0,0,1,1,0,0,0,0,0,0,0,0,0,0,0,0,0.19016326530612235,-0.12932790224032586,0.14132796780684106,0.002937625754527236,-0.9152871287128712,-0.4681860609831985,-0.22788446403274043,0.19360115650916832,-0.3058281975195921,0.9905272768774253,1.1239669421487604,0.8925619834710744,1.5,0.6333333333333333,-0.05,0.36666666666666664,0.3333333333333333,1.256198347107438,1.3553719008264462,1.3064516129032258
0,1,0,0,-0.486652977412731,0.8264462809917356,-0.567873849420734,6,5,4,3,2,1,0,6,5,4,0,0,1,1,1,1,1,0,0,1,1,1,0,0,0,0,0,1,1,0,0,0,0,0,0,0,0,0,0,0,0.7579999999999999,0.18977596741344185,-0.1242655935613682,0.14305835010060367,0.002891089108910963,-0.9005133789670192,-0.47202109239729256,-0.22030738796317428,0.19360115650916832,-0.3058281975195921,0.8264462809917356,1.1239669421487604,0.9,1.5,0.65,-0.03333333333333333,0.36666666666666664,0.3305785123966942,1.256198347107438,1.3387096774193548
1,1,0,0,-0.33757700205338803,0.4628099173553719,-0.5240133390104172,0,6,5,4,3,2,1,0,6,5,1,0,0,1,1,1,1,1,0,0,0,1,1,0,0,0,0,0,1,1,0,0,0,0,0,0,0,0,0,0,-0.47930612244897963,0.7564562118126272,0.19098591549295765,-0.12253521126760558,0.14079207920792083,0.001166770379589341,-0.9094522272941916,-0.4563265616678079,-0.22030738796317428,0.19360115650916832,0.8264462809917356,0.8264462809917356,1.1333333333333333,0.9,1.5166666666666666,0.6666666666666666,-0.03333333333333333,0.36363636363636365,0.3305785123966942,1.2419354838709677
2,1,0,0,-0.551129363449692,0.0,-0.5698054011361537,1,0,6,5,4,3,2,1,0,6,1,1,0,0,1,1,1,1,1,0,0,0,1,1,0,0,0,0,0,1,0,0,0,0,0,0,0,0,0,0,-0.3311428571428571,-0.4783299389002037,0.750824949698189,0.19271629778672028,-0.12059405940594055,0.13658991910392038,0.002872658586494641,-0.8792132694209844,-0.4563265616678079,-0.22030738796317428,0.4628099173553719,0.8264462809917356,0.8333333333333334,1.1333333333333333,0.9166666666666666,1.5333333333333334,0.6666666666666666,-0.03305785123966942,0.36363636363636365,0.3387096774193548
3,1,0,0,0.1634496919917865,1.0578512396694215,-0.05039303819779579,2,1,0,6,5,4,3,2,1,0,1,1,1,0,0,1,1,1,1,1,0,0,0,1,1,0,0,0,0,0,0,0,0,0,0,0,0,0,0,0,-0.5433877551020408,-0.33046843177189406,-0.46905432595573443,0.7525553319919517,0.1896633663366336,-0.12009956440572493,0.13989453801353696,0.002777143726698692,-0.8792132694209844,-0.4563265616678079,0.0,0.4628099173553719,0.8333333333333334,0.8333333333333334,1.15,0.9333333333333333,1.5333333333333334,0.6611570247933884,-0.03305785123966942,0.3709677419354839
4,1,0,0,-0.9788911704312115,-0.09917355371900827,-0.8874122132705741,3,2,1,0,6,5,4,3,2,1,1,1,1,1,0,0,1,1,1,1,0,0,0,0,1,1,0,0,0,0,0,0,0,0,0,0,0,0,0,0,0.16681632653061226,-0.5422810590631364,-0.3229778672032193,-0.46732394366197183,0.7406336633663366,0.18458307405102667,-0.1198252793955611,0.13524309518374805,0.002777143726698692,-0.8792132694209844,1.0578512396694215,0.0,0.4666666666666667,0.8333333333333334,0.85,1.1666666666666667,0.9333333333333333,1.5206611570247934,0.6611570247933884,-0.016129032258064516
5,0,1,0,0.1462012320328543,0.8264462809917356,-0.16143240442276152,4,3,2,1,0,6,5,4,3,2,1,1,1,1,1,0,0,1,1,1,0,0,0,0,0,1,1,0,0,0,0,0,0,0,0,0,0,0,0,0,-0.968530612244898,0.1664765784114053,-0.5322334004024144,-0.32124748490945665,-0.4599207920792079,0.7256533914125699,0.18845427357154096,-0.1158411321616069,0.13524309518374805,0.002777143726698692,-0.09917355371900827,1.0578512396694215,0.0,0.4666666666666667,0.85,0.8666666666666667,1.1666666666666667,0.9256198347107438,1.5206611570247934,0.6612903225806451
6,0,0,1,-0.31383983572895274,0.5619834710743802,-0.30557922642557417,5,4,3,2,1,0,6,5,4,3,0,1,1,1,1,1,0,0,1,1,1,0,0,0,0,0,1,1,0,0,0,0,0,0,0,0,0,0,0,0,0.14967346938775516,-0.9665580448065174,0.1679678068410463,-0.5305030181086519,-0.3161584158415841,-0.45332918481642814,0.7359121674799307,0.18218823708437945,-0.1158411321616069,0.13524309518374805,0.8264462809917356,-0.09917355371900827,1.0666666666666667,0.0,0.48333333333333334,0.8666666666666667,0.8666666666666667,1.1570247933884297,0.9256198347107438,1.5
0,1,0,0,-0.4298973305954826,0.5289256198347108,-0.3944876465532484,6,5,4,3,2,1,0,6,5,4,0,0,1,1,1,1,1,0,0,1,0,1,0,0,0,0,0,1,1,0,1,0,0,0,0,0,0,0,0,0,-0.30755102040816323,0.14936863543788192,-0.9513883299798793,0.1696981891348089,-0.52209900990099,-0.3121499688861232,-0.4569888241775539,0.7114433538765882,0.18218823708437945,-0.1158411321616069,0.5619834710743802,0.8264462809917356,-0.1,1.0666666666666667,0.016666666666666666,0.5,0.8666666666666667,0.859504132231405,1.1570247933884297,0.9193548387096774
1,1,0,0,-0.4456673511293635,0.1322314049586777,-0.3361161641795409,0,6,5,4,3,2,1,0,6,5,1,0,0,1,1,1,1,1,0,0,0,0,1,0,0,0,0,0,1,1,0,1,0,0,0,0,0,0,0,0,-0.4228979591836735,-0.3069246435845214,0.15106639839034214,-0.9496579476861168,0.16700990099009907,-0.5143901680149346,-0.3141429246025499,-0.4417941109335768,0.7114433538765882,0.18218823708437945,0.5289256198347108,0.5619834710743802,0.8333333333333334,-0.1,1.0833333333333333,0.03333333333333333,0.5,0.859504132231405,0.859504132231405,1.1451612903225807
2,1,0,0,-0.44484599589322377,0.49586776859504134,-0.3381717412963572,1,0,6,5,4,3,2,1,0,6,1,1,0,0,1,1,1,1,1,0,0,0,0,1,0,0,0,0,0,1,0,0,1,0,0,0,0,0,0,0,-0.43857142857142867,-0.4220366598778005,-0.2997183098591549,0.15279678068410474,-0.9346138613861387,0.16233665214685752,-0.5187706595309302,-0.3036977858936315,-0.4417941109335768,0.7114433538765882,0.1322314049586777,0.5289256198347108,0.5666666666666667,0.8333333333333334,-0.08333333333333333,1.1,0.03333333333333333,0.49586776859504134,0.859504132231405,0.8548387096774194
3,1,0,0,-0.4606981519507187,1.0909090909090908,-0.2650373113019913,2,1,0,6,5,4,3,2,1,0,1,1,1,0,0,1,1,1,1,1,0,0,0,0,1,0,0,0,0,0,0,0,0,1,0,0,0,0,0,0,-0.4377551020408163,-0.4376782077393076,-0.41344064386317914,-0.2979879275653923,0.15037623762376248,-0.9194928438083385,0.16594522272941922,-0.5015217225899717,-0.3036977858936315,-0.4417941109335768,0.49586776859504134,0.1322314049586777,0.5333333333333333,0.5666666666666667,0.85,-0.06666666666666667,1.1,0.03305785123966942,0.49586776859504134,0.8548387096774194
4,1,0,0,-0.9260780287474333,-0.39669421487603307,-0.7762265808021892,3,2,1,0,6,5,4,3,2,1,1,1,1,1,0,0,1,1,1,1,0,0,0,0,0,1,0,0,0,0,0,0,0,0,1,0,0,0,0,0,-0.45351020408163273,-0.43686354378818737,-0.42889336016096585,-0.41171026156941654,-0.2932673267326732,0.1460018668326074,-0.9286557531874705,0.16042760404778214,-0.5015217225899717,-0.3036977858936315,1.0909090909090908,0.49586776859504134,0.13333333333333333,0.5333333333333333,0.5833333333333334,0.8666666666666667,-0.06666666666666667,1.0909090909090908,0.03305785123966942,0.5
5,0,1,0,-0.7167967145790555,0.0,-0.5964706007794368,4,3,2,1,0,6,5,4,3,2,1,1,1,1,1,0,0,1,1,1,0,0,0,0,0,0,1,0,0,0,0,0,0,0,0,1,0,0,0,0,-0.9160408163265307,-0.4525865580448066,-0.4280885311871227,-0.42716297786720325,-0.4051881188118812,-0.2896701929060361,0.14941759798520393,-0.8977782850186411,0.16042760404778214,-0.5015217225899717,-0.39669421487603307,1.0909090909090908,0.5,0.13333333333333333,0.55,0.6,0.8666666666666667,-0.06611570247933884,1.0909090909090908,0.04838709677419355
6,0,1,0,0.24328542094455857,0.5619834710743802,0.2998539103750323,5,4,3,2,1,0,6,5,4,3,0,1,1,1,1,1,0,0,1,1,1,0,0,0,0,0,0,1,0,0,0,0,0,0,0,0,1,0,0,0,-0.7080408163265307,-0.9141751527494909,-0.4436217303822938,-0.4263581488933601,-0.42039603960396044,-0.3995799626633479,-0.2913977648355107,0.14444951685307778,-0.8977782850186411,0.16042760404778214,0.0,-0.39669421487603307,1.1,0.5,0.15,0.5666666666666667,0.6,0.859504132231405,-0.06611570247933884,1.0806451612903225
0,1,0,0,0.6980698151950719,1.024793388429752,0.940092394999186,6,5,4,3,2,1,0,6,5,4,0,0,1,1,1,1,1,0,0,1,1,1,0,0,0,0,0,0,1,0,0,0,0,0,0,0,0,1,0,0,0.24616326530612245,-0.7065987780040734,-0.8996378269617706,-0.4418913480885312,-0.41960396039603953,-0.4145146235220909,-0.4026050684715882,-0.2817088944685383,0.14444951685307778,-0.8977782850186411,0.5619834710743802,0.0,-0.4,1.1,0.5166666666666667,0.16666666666666666,0.5666666666666667,0.5950413223140496,0.859504132231405,-0.04838709677419355
1,1,0,0,-0.09240246406570841,0.7603305785123967,0.017514532264298915,0,6,5,4,3,2,1,0,6,5,1,0,0,1,1,1,1,1,0,0,0,1,1,0,0,0,0,0,0,1,0,0,0,0,0,0,0,0,1,0,0.6981632653061225,0.24566191446028515,-0.6945674044265594,-0.897907444668008,-0.4348910891089109,-0.41373677660236463,-0.4177160396662994,-0.38921859545004944,-0.2817088944685383,0.14444951685307778,1.024793388429752,0.5619834710743802,0.0,-0.4,1.1166666666666667,0.5333333333333333,0.16666666666666666,0.5619834710743802,0.5950413223140496,0.8548387096774194
2,1,0,0,-0.7626283367556468,0.36363636363636365,-0.6271925300076384,1,0,6,5,4,3,2,1,0,6,1,1,0,0,1,1,1,1,1,0,0,0,1,1,0,0,0,0,0,0,0,0,0,0,0,0,0,0,0,1,-0.08746938775510207,0.6967413441955194,0.24619718309859157,-0.6928370221327969,-0.8836831683168317,-0.4287492221530803,-0.4169290099165748,-0.4038271323137792,-0.38921859545004944,-0.2817088944685383,0.7603305785123967,1.024793388429752,0.5666666666666667,0.0,-0.38333333333333336,1.1333333333333333,0.5333333333333333,0.1652892561983471,0.5619834710743802,0.5967741935483871
3,1,0,0,-0.668993839835729,1.322314049586777,-0.5786208859430094,2,1,0,6,5,4,3,2,1,0,1,1,1,0,0,1,1,1,1,1,0,0,0,1,1,0,0,0,0,0,0,0,0,0,0,0,0,0,0,0,-0.7535918367346939,-0.08729124236252549,0.691830985915493,0.2479275653923542,-0.6818613861386139,-0.869477286869944,-0.4321186840862585,-0.4030662710187932,-0.4038271323137792,-0.38921859545004944,0.36363636363636365,0.7603305785123967,1.0333333333333334,0.5666666666666667,0.016666666666666666,-0.36666666666666664,1.1333333333333333,0.5289256198347108,0.1652892561983471,0.5645161290322581
4,1,0,0,0.5975359342915811,0.859504132231405,0.6701660233067017,3,2,1,0,6,5,4,3,2,1,1,1,1,1,0,0,1,1,1,1,0,0,0,0,1,1,0,0,0,0,0,0,0,0,0,0,0,0,0,0,-0.6605306122448981,-0.7520570264765783,-0.0827364185110664,0.6935613682092556,0.24400000000000005,-0.6712818917237089,-0.8780497402801826,-0.4177508940120216,-0.4030662710187932,-0.4038271323137792,1.322314049586777,0.36363636363636365,0.7666666666666667,1.0333333333333334,0.5833333333333334,0.03333333333333333,-0.36666666666666664,1.1239669421487604,0.5289256198347108,0.1774193548387097
5,0,1,0,-0.14168377823408623,0.49586776859504134,-0.1763395250311192,4,3,2,1,0,6,5,4,3,2,1,1,1,1,1,0,0,1,1,1,0,0,0,0,0,1,1,0,0,0,0,0,0,0,0,0,0,0,0,0,0.5982448979591837,-0.6591853360488799,-0.739476861167002,-0.0810060362173038,0.6825742574257426,0.23794337274424396,-0.6775145600503699,-0.8488549037510461,-0.4177508940120216,-0.4030662710187932,0.859504132231405,1.322314049586777,0.36666666666666664,0.7666666666666667,1.05,0.6,0.03333333333333333,-0.36363636363636365,1.1239669421487604,0.532258064516129
6,0,1,0,0.1293634496919918,0.7603305785123967,0.2893392252376516,5,4,3,2,1,0,6,5,4,3,0,1,1,1,1,1,0,0,1,1,1,0,0,0,0,0,1,1,0,0,0,0,0,0,0,0,0,0,0,0,-0.13644897959183677,0.5970264765784113,-0.6477263581488933,-0.7377464788732394,-0.07972277227722771,0.6686372121966397,0.24244451440264447,-0.6549874457886328,-0.8488549037510461,-0.4177508940120216,0.49586776859504134,0.859504132231405,1.3333333333333333,0.36666666666666664,0.7833333333333333,1.0666666666666667,0.6,0.03305785123966942,-0.36363636363636365,1.1129032258064515
0,1,0,0,-0.4636550308008214,-0.5950413223140496,-0.4635705801019952,6,5,4,3,2,1,0,6,5,4,0,0,1,1,1,1,1,0,0,1,1,1,0,0,0,0,0,1,1,0,0,0,0,0,0,0,0,0,0,0,0.13293877551020405,-0.13617107942973528,0.5933199195171026,-0.6459959758551308,-0.726059405940594,-0.07996266334785315,0.6782228868251221,0.23438332192041395,-0.6549874457886328,-0.8488549037510461,0.7603305785123967,0.49586776859504134,0.8666666666666667,1.3333333333333333,0.38333333333333336,0.8,1.0666666666666667,0.5950413223140496,0.03305785123966942,-0.3387096774193548
1,1,0,0,-0.480082135523614,-1.0578512396694215,-0.5007512498535539,0,6,5,4,3,2,1,0,6,5,1,0,0,1,1,1,1,1,0,0,0,1,1,0,0,0,0,0,1,1,0,0,0,0,0,0,0,0,0,0,-0.4564489795918368,0.1326680244399185,-0.1310261569416499,0.5950503018108652,-0.6357623762376238,-0.7146857498444306,-0.07921454430977488,0.6556722209541201,0.23438332192041395,-0.6549874457886328,-0.5950413223140496,0.7603305785123967,0.5,0.8666666666666667,1.35,0.4,0.8,1.0578512396694215,0.5950413223140496,0.04838709677419355
2,0,0,1,-0.39712525667351123,-0.5289256198347108,-0.3368537751637956,1,0,6,5,4,3,2,1,0,6,1,1,0,0,1,1,1,1,1,0,0,0,1,1,0,0,0,0,0,1,0,0,0,0,0,0,0,0,0,0,-0.4727755102040817,-0.45551934826883916,0.13456740442655934,-0.1292957746478873,0.5856237623762376,-0.6260112009956441,-0.7214308200849991,-0.07658068934033324,0.6556722209541201,0.23438332192041395,-1.0578512396694215,-0.5950413223140496,0.7666666666666667,0.5,0.8833333333333333,1.3666666666666667,0.4,0.7933884297520661,1.0578512396694215,0.5967741935483871
3,1,0,0,-0.7125256673511293,-1.2892561983471074,-0.6325162026169491,2,1,0,6,5,4,3,2,1,0,0,1,1,0,0,1,1,1,1,1,0,0,0,1,1,0,0,0,0,0,1,0,0,0,0,0,0,0,0,0,-0.39032653061224487,-0.4718126272912424,-0.4465191146881288,0.13629778672032195,-0.12724752475247522,0.573428749222153,-0.6317094286164017,-0.6974435060488472,-0.07658068934033324,0.6556722209541201,-0.5289256198347108,-1.0578512396694215,-0.6,0.7666666666666667,0.5166666666666667,0.9,1.3666666666666667,0.39669421487603307,0.7933884297520661,1.0483870967741935
4,1,0,0,-0.3059548254620123,-0.7272727272727273,-0.14023007889415393,3,2,1,0,6,5,4,3,2,1,1,0,1,1,0,0,1,1,1,1,0,0,0,0,1,1,0,0,0,0,0,1,0,0,0,0,0,0,0,0,-0.703795918367347,-0.38953156822810586,-0.46261569416499,-0.4447887323943662,0.13413861386138615,-0.126633478531425,0.5818904454588384,-0.610705318420452,-0.6974435060488472,-0.07658068934033324,-1.2892561983471074,-0.5289256198347108,-1.0666666666666667,-0.6,0.7833333333333333,0.5333333333333333,0.9,1.3553719008264462,0.39669421487603307,0.7903225806451613
5,0,1,0,0.1293634496919918,-1.1239669421487604,-0.05353475337620888,4,3,2,1,0,6,5,4,3,2,1,1,0,1,1,0,0,1,1,1,0,0,0,0,0,1,1,0,0,0,0,0,1,0,0,0,0,0,0,0,-0.29971428571428577,-0.7023625254582485,-0.38132796780684103,-0.4608853118712274,-0.43774257425742574,0.13005600497822029,-0.12643632929324727,0.5625427984478429,-0.610705318420452,-0.6974435060488472,-0.7272727272727273,-1.2892561983471074,-0.5333333333333333,-1.0666666666666667,-0.5833333333333334,0.8,0.5333333333333333,0.8925619834710744,1.3553719008264462,0.4032258064516129
6,0,1,0,-0.5958932238193019,-0.5950413223140496,-0.44630357532655934,5,4,3,2,1,0,6,5,4,3,0,1,1,0,1,1,0,0,1,1,1,0,0,0,0,0,1,1,0,0,0,0,0,1,0,0,0,0,0,0,0.13293877551020405,-0.29910386965376784,-0.6903822937625754,-0.37959758551307843,-0.4535841584158416,-0.43154947106409464,0.1332834881158508,-0.12223236703948867,0.5625427984478429,-0.610705318420452,-1.1239669421487604,-0.7272727272727273,-1.3,-0.5333333333333333,-1.05,-0.5666666666666667,0.8,0.5289256198347108,0.8925619834710744,1.3387096774193548
0,1,0,0,-0.2648870636550308,-1.487603305785124,-0.3217279093327218,6,5,4,3,2,1,0,6,5,4,0,0,1,1,0,1,1,0,0,1,1,1,0,0,0,0,0,1,1,0,0,0,0,0,1,0,0,0,0,0,-0.5878775510204082,0.1326680244399185,-0.2919919517102616,-0.6886519114688129,-0.3735841584158415,-0.44710640945861857,-0.4349519911852668,0.12885186030586626,-0.12223236703948867,0.5625427984478429,-0.5950413223140496,-1.1239669421487604,-0.7333333333333333,-1.3,-0.5166666666666667,-1.0333333333333334,-0.5666666666666667,0.7933884297520661,0.5289256198347108,0.8870967741935484
1,1,0,0,-0.28952772073921973,-1.256198347107438,-0.5000507941583251,0,6,5,4,3,2,1,0,6,5,1,0,0,1,1,0,1,1,0,0,0,1,1,0,0,0,0,0,1,1,0,0,0,0,0,1,0,0,0,0,-0.2588979591836735,-0.5866802443991853,0.13456740442655934,-0.290261569416499,-0.6777425742574257,-0.3685438705662725,-0.4506925861797576,-0.4204899946739709,0.12885186030586626,-0.12223236703948867,-1.487603305785124,-0.5950413223140496,-1.1333333333333333,-0.7333333333333333,-1.2833333333333334,-0.5,-1.0333333333333334,-0.5619834710743802,0.7933884297520661,0.532258064516129
2,0,0,1,-0.43737166324435317,-1.5537190082644627,-0.6716980248366099,1,0,6,5,4,3,2,1,0,6,1,1,0,0,1,1,0,1,1,0,0,0,1,1,0,0,0,0,0,1,0,0,0,0,0,0,1,0,0,0,-0.28338775510204084,-0.2583706720977597,-0.5760965794768611,0.13629778672032195,-0.28566336633663364,-0.6672370877411326,-0.371202581457579,-0.4357072205736894,-0.4204899946739709,0.12885186030586626,-1.256198347107438,-1.487603305785124,-0.6,-1.1333333333333333,-0.7166666666666667,-1.2666666666666666,-0.5,-1.024793388429752,-0.5619834710743802,0.7903225806451613
3,1,0,0,-0.6591375770020534,-1.0909090909090908,-0.5822296588038967,2,1,0,6,5,4,3,2,1,0,0,1,1,0,0,1,1,0,1,1,0,0,0,1,1,0,0,0,0,0,1,0,0,0,0,0,0,1,0,0,-0.4303265306122449,-0.2828105906313646,-0.25175050301810864,-0.5743661971830986,0.13413861386138615,-0.2822028624766646,-0.6734220053518023,-0.358860229780111,-0.4357072205736894,-0.4204899946739709,-1.5537190082644627,-1.256198347107438,-1.5,-0.6,-1.1166666666666667,-0.7,-1.2666666666666666,-0.49586776859504134,-1.024793388429752,-0.532258064516129
4,1,0,0,-0.36344969199178645,-1.322314049586777,-0.3452084820553364,3,2,1,0,6,5,4,3,2,1,1,0,1,1,0,0,1,1,0,1,0,0,0,0,1,1,0,0,0,0,0,1,0,0,0,0,0,0,1,0,-0.650734693877551,-0.4294501018329939,-0.27589537223340044,-0.25002012072434604,-0.5652673267326732,0.13005600497822029,-0.2838422792381552,-0.6510309670547059,-0.358860229780111,-0.4357072205736894,-1.0909090909090908,-1.5537190082644627,-1.2666666666666666,-1.5,-0.5833333333333334,-1.1,-0.7,-1.256198347107438,-0.49586776859504134,-0.9838709677419355
5,0,1,0,1.2628336755646816,-0.23140495867768596,1.0570104082561669,4,3,2,1,0,6,5,4,3,2,1,1,0,1,1,0,0,1,1,0,0,0,0,0,0,1,1,0,0,0,0,0,1,0,0,0,0,0,0,1,-0.3568571428571429,-0.6494093686354379,-0.4207645875251509,-0.2741649899396378,-0.24605940594059403,-0.5567828251400124,0.1332834881158508,-0.2744046260366735,-0.6510309670547059,-0.358860229780111,-1.322314049586777,-1.0909090909090908,-1.5666666666666667,-1.2666666666666666,-1.4833333333333334,-0.5666666666666667,-1.1,-0.6942148760330579,-1.256198347107438,-0.46774193548387094
6,0,1,0,0.022587268993839837,-0.4628099173553719,0.20350396616356792,5,4,3,2,1,0,6,5,4,3,0,1,1,0,1,1,0,0,1,1,1,0,0,0,0,0,1,1,0,0,0,0,0,1,0,0,0,0,0,0,1.259469387755102,-0.35613034623217926,-0.6380684104627766,-0.4190342052313883,-0.2698217821782178,-0.2433105164903547,-0.5616637808909176,0.12885186030586626,-0.2744046260366735,-0.6510309670547059,-0.23140495867768596,-1.322314049586777,-1.1,-1.5666666666666667,-1.25,-1.4666666666666666,-0.5666666666666667,-1.0909090909090908,-0.6942148760330579,-1.2096774193548387
0,0,0,1,-0.14989733059548255,-0.6942148760330579,0.1715768449547075,6,5,4,3,2,1,0,6,5,4,0,0,1,1,0,1,1,0,0,1,1,1,0,0,0,0,0,1,1,0,0,0,0,0,1,0,0,0,0,0,0.026816326530612215,1.2569042769857433,-0.34832997987927566,-0.6363380281690141,-0.4123960396039604,-0.26664592408214066,-0.2444907917519282,-0.5429886631667047,0.12885186030586626,-0.2744046260366735,-0.4628099173553719,-0.23140495867768596,-1.3333333333333333,-1.1,-1.55,-1.2333333333333334,-1.4666666666666666,-0.5619834710743802,-1.0909090909090908,-0.6612903225806451
1,1,0,0,-0.19096509240246407,-0.5950413223140496,-0.008253445646096787,0,6,5,4,3,2,1,0,6,5,0,0,0,1,1,0,1,1,0,0,0,1,1,0,0,0,0,0,1,1,1,0,0,0,0,1,0,0,0,0,-0.1446122448979592,0.026761710794297323,1.24523138832998,-0.34659959758551306,-0.6262574257425743,-0.40665836963285623,-0.2681016842436644,-0.2363615612873773,-0.5429886631667047,0.12885186030586626,-0.6942148760330579,-0.4628099173553719,-0.23333333333333334,-1.3333333333333333,-1.0833333333333333,-1.5333333333333334,-1.2333333333333334,-1.4545454545454546,-0.5619834710743802,-1.0483870967741935
2,1,0,0,0.47433264887063653,0.2644628099173554,0.7722669259512751,1,0,6,5,4,3,2,1,0,6,1,0,0,0,1,1,0,1,1,0,0,0,1,1,0,0,0,0,0,1,0,1,0,0,0,0,1,0,0,0,-0.18542857142857144,-0.1443177189409369,0.02993963782696176,1.2469617706237426,-0.3411089108910891,-0.6166770379589297,-0.40976703919408153,-0.259187400136955,-0.2363615612873773,-0.5429886631667047,-0.5950413223140496,-0.6942148760330579,-0.4666666666666667,-0.23333333333333334,-1.3166666666666667,-1.0666666666666667,-1.5333333333333334,-1.2231404958677685,-1.4545454545454546,-0.532258064516129
3,1,0,0,0.039014373716632446,-0.6942148760330579,0.30017941163945683,2,1,0,6,5,4,3,2,1,0,1,1,0,0,0,1,1,0,1,1,0,0,0,1,1,0,0,0,0,0,0,0,1,0,0,0,0,1,0,0,0.4757959183673469,-0.18505091649694505,-0.13907444668008048,0.03167002012072436,1.2272079207920792,-0.33665214685749845,-0.6222650716197072,-0.39614243323442133,-0.259187400136955,-0.2363615612873773,0.2644628099173554,-0.5950413223140496,-0.7,-0.4666666666666667,-0.21666666666666667,-1.3,-1.0666666666666667,-1.5206611570247934,-1.2231404958677685,-1.403225806451613
4,1,0,0,-0.11704312114989733,-0.1322314049586777,0.17391998307602752,3,2,1,0,6,5,4,3,2,1,1,1,1,0,0,0,1,1,0,1,0,0,0,0,1,1,0,0,0,0,0,0,0,1,0,0,0,0,1,0,0.043142857142857115,0.4748268839103869,-0.1793158953722334,-0.13734406438631788,0.031168316831683186,1.2034847542003733,-0.3389343617188729,-0.6015749828806208,-0.39614243323442133,-0.259187400136955,-0.6942148760330579,0.2644628099173554,-0.6,-0.7,-0.45,-0.2,-1.3,-1.0578512396694215,-1.5206611570247934,-1.1774193548387097
5,0,1,0,0.31006160164271046,-0.2975206611570248,0.5655254781601146,4,3,2,1,0,6,5,4,3,2,1,1,1,1,0,0,0,1,1,0,0,0,0,0,0,1,1,0,0,0,0,0,0,0,1,0,0,0,0,1,-0.11195918367346941,0.043054989816700584,0.47259557344064385,-0.1775855130784708,-0.13516831683168315,0.028935905413814553,1.2193845427357155,-0.32766491668568815,-0.6015749828806208,-0.39614243323442133,-0.1322314049586777,-0.6942148760330579,0.26666666666666666,-0.6,-0.6833333333333333,-0.43333333333333335,-0.2,-1.2892561983471074,-1.0578512396694215,-1.467741935483871
6,0,1,0,-0.059548254620123205,-0.19834710743801653,0.2754740226638105,5,4,3,2,1,0,6,5,4,3,0,1,1,1,1,0,0,0,1,1,1,0,0,0,0,0,1,1,0,0,0,0,0,0,0,1,0,0,0,0,0.3125306122448979,-0.11173116089613037,0.04603621730382293,0.47432595573440645,-0.17477227722772276,-0.134411947728687,0.03096962065166065,1.1788404473864413,-0.32766491668568815,-0.6015749828806208,-0.2975206611570248,-0.1322314049586777,-0.7,0.26666666666666666,-0.5833333333333334,-0.6666666666666666,-0.43333333333333335,-0.19834710743801653,-1.2892561983471074,-1.0161290322580645
0,1,0,0,0.006160164271047228,-0.3305785123966942,0.08900052337934418,6,5,4,3,2,1,0,6,5,4,0,0,1,1,1,1,0,0,0,1,1,1,0,0,0,0,0,1,1,0,0,0,0,0,0,0,1,0,0,0,-0.054816326530612275,0.31189409368635435,-0.10688128772635816,0.04776659959758553,0.46681188118811884,-0.1733042937149969,-0.13430662679049266,0.029939891957696127,1.1788404473864413,-0.32766491668568815,-0.19834710743801653,-0.2975206611570248,-0.13333333333333333,-0.7,0.2833333333333333,-0.5666666666666667,-0.6666666666666666,-0.4297520661157025,-0.19834710743801653,-1.2419354838709677
1,1,0,0,-0.4127310061601643,-0.1652892561983471,-0.3029707681417731,0,6,5,4,3,2,1,0,6,5,1,0,0,1,1,1,1,0,0,0,0,1,1,0,0,0,0,0,1,1,0,0,0,0,0,0,0,1,0,0,0.01048979591836732,-0.054704684317718966,0.3116297786720322,-0.10515090543259556,0.04700990099009903,0.4567517112632234,-0.17365811427671965,-0.1298409799893479,0.029939891957696127,1.1788404473864413,-0.3305785123966942,-0.19834710743801653,-0.3,-0.13333333333333333,-0.6833333333333333,0.3,-0.5666666666666667,-0.6611570247933884,-0.4297520661157025,-0.1774193548387097
2,1,0,0,0.351129363449692,-0.4297520661157025,0.36489110393138935,1,0,6,5,4,3,2,1,0,6,1,1,0,0,1,1,1,1,0,0,0,0,1,1,0,0,0,0,0,1,0,0,0,0,0,0,0,0,1,0,-0.4058367346938776,0.010468431771894066,-0.050543259557344074,0.3133601609657948,-0.10348514851485147,0.04449284380833851,0.46383598300015744,-0.16788404473864413,-0.1298409799893479,0.029939891957696127,-0.1652892561983471,-0.3305785123966942,-0.2,-0.3,-0.11666666666666667,-0.6666666666666666,0.3,-0.5619834710743802,-0.6611570247933884,-0.4032258064516129
3,1,0,0,-0.4537987679671458,-0.1652892561983471,-0.3163244313490948,2,1,0,6,5,4,3,2,1,0,1,1,1,0,0,1,1,1,1,0,0,0,0,1,1,0,0,0,0,0,0,0,0,0,0,0,0,0,0,1,0.35334693877551016,-0.40501018329938904,0.013843058350100594,-0.048812877263581474,0.3083960396039604,-0.10329807093963908,0.046710215646151444,0.44841360419995435,-0.16788404473864413,-0.1298409799893479,-0.4297520661157025,-0.1652892561983471,-0.3333333333333333,-0.2,-0.2833333333333333,-0.1,-0.6666666666666666,0.2975206611570248,-0.5619834710743802,-0.6290322580645161
4,1,0,0,-0.39630390143737165,-0.06611570247933884,-0.2830882403444819,3,2,1,0,6,5,4,3,2,1,1,1,1,1,0,0,1,1,1,1,0,0,0,0,1,1,0,0,0,0,0,0,0,0,0,0,0,0,0,0,-0.44665306122448983,0.3526272912423625,-0.39661971830985915,0.015573440643863198,-0.04803960396039602,0.30118232731798383,-0.10282543680151107,0.04515711785741461,0.44841360419995435,-0.16788404473864413,-0.1652892561983471,-0.4297520661157025,-0.16666666666666666,-0.3333333333333333,-0.18333333333333332,-0.26666666666666666,-0.1,-0.6611570247933884,0.2975206611570248,-0.532258064516129
5,0,1,0,0.5811088295687885,0.06611570247933884,0.6536630568689826,4,3,2,1,0,6,5,4,3,2,1,1,1,1,1,0,0,1,1,1,0,0,0,0,0,1,1,0,0,0,0,0,0,0,0,0,0,0,0,0,-0.38951020408163267,-0.44574338085539716,0.3518712273641851,-0.39488933601609655,0.015326732673267346,-0.048848786558805236,0.3064300330552495,-0.09940652818991096,0.04515711785741461,0.44841360419995435,-0.06611570247933884,-0.1652892561983471,-0.43333333333333335,-0.16666666666666666,-0.31666666666666665,-0.16666666666666666,-0.26666666666666666,-0.09917355371900827,-0.6611570247933884,0.3064516129032258
6,0,1,0,-0.15811088295687886,-0.19834710743801653,0.010698629983755682,5,4,3,2,1,0,6,5,4,3,0,1,1,1,1,1,0,0,1,1,1,0,0,0,0,0,1,1,0,0,0,0,0,0,0,0,0,0,0,0,0.5819183673469388,-0.3887169042769858,-0.4368611670020121,0.3536016096579477,-0.3886336633663366,0.013378967019290594,-0.04773335432079331,0.2962413452027695,-0.09940652818991096,0.04515711785741461,0.06611570247933884,-0.06611570247933884,-0.16666666666666666,-0.43333333333333335,-0.15,-0.3,-0.16666666666666666,-0.2644628099173554,-0.09917355371900827,-0.6290322580645161
0,1,0,0,-0.5277207392197125,-0.5950413223140496,-0.3793494828448209,6,5,4,3,2,1,0,6,5,4,0,0,1,1,1,1,1,0,0,1,1,1,0,0,0,0,0,1,1,0,0,0,0,0,0,0,0,0,0,0,-0.15277551020408167,0.5807331975560082,-0.380523138832998,-0.43513078470824945,0.34800000000000003,-0.3833229620410703,0.015229025657169859,-0.04614623754089627,0.2962413452027695,-0.09940652818991096,-0.19834710743801653,0.06611570247933884,-0.06666666666666667,-0.16666666666666666,-0.4166666666666667,-0.13333333333333333,-0.3,-0.1652892561983471,-0.2644628099173554,-0.08064516129032258
1,1,0,0,0.7946611909650924,-0.1322314049586777,1.2133331754669645,0,6,5,4,3,2,1,0,6,5,1,0,0,1,1,1,1,1,0,0,0,1,1,0,0,0,0,0,1,1,0,0,0,0,0,0,0,0,0,0,-0.5201224489795918,-0.15246435845213852,0.5772233400402415,-0.3787927565392354,-0.42823762376237623,0.3400746733042937,-0.3861561467023453,0.014722666057977648,-0.04614623754089627,0.2962413452027695,-0.5950413223140496,-0.19834710743801653,0.06666666666666667,-0.06666666666666667,-0.15,-0.4,-0.13333333333333333,-0.2975206611570248,-0.1652892561983471,-0.24193548387096775
2,1,0,0,-0.14168377823408623,-0.2644628099173554,0.05608564712771627,1,0,6,5,4,3,2,1,0,6,1,1,0,0,1,1,1,1,1,0,0,0,1,1,0,0,0,0,0,1,0,0,0,0,0,0,0,0,0,0,0.7941632653061225,-0.5190631364562118,-0.14712273641851106,0.578953722334004,-0.3727920792079208,-0.4222153080273802,0.3457815205414765,-0.3733165943848436,0.014722666057977648,-0.04614623754089627,-0.1322314049586777,-0.5950413223140496,-0.2,0.06666666666666667,-0.05,-0.13333333333333333,-0.4,-0.1322314049586777,-0.2975206611570248,-0.14516129032258066
3,1,0,0,-0.5605749486652978,-1.1900826446280992,-0.26599000431145264,2,1,0,6,5,4,3,2,1,0,1,1,1,0,0,1,1,1,1,1,0,0,0,1,1,0,0,0,0,0,0,0,0,0,0,0,0,0,0,0,-0.13644897959183677,0.7925458248472504,-0.5092957746478873,-0.14539235412474846,0.5697821782178218,-0.36776602364654637,-0.4255076341885723,0.33428440995206576,-0.3733165943848436,0.014722666057977648,-0.2644628099173554,-0.1322314049586777,-0.6,-0.2,0.08333333333333333,-0.03333333333333333,-0.13333333333333333,-0.39669421487603307,-0.1322314049586777,-0.27419354838709675
4,1,0,0,-0.07597535934291581,-0.4297520661157025,0.1185863380656394,3,2,1,0,6,5,4,3,2,1,1,1,1,1,0,0,1,1,1,1,0,0,0,0,1,1,0,0,0,0,0,0,0,0,0,0,0,0,0,0,-0.5527755102040817,-0.13617107942973528,0.7864788732394367,-0.5075653923541247,-0.14308910891089108,0.5578718108276292,-0.3704155517078545,-0.4113596591341398,0.33428440995206576,-0.3733165943848436,-1.1900826446280992,-0.2644628099173554,-0.13333333333333333,-0.6,-0.18333333333333332,0.1,-0.03333333333333333,-0.1322314049586777,-0.39669421487603307,-0.11290322580645161
5,0,1,0,0.9507186858316222,0.0,1.4609093325255111,4,3,2,1,0,6,5,4,3,2,1,1,1,1,1,0,0,1,1,1,0,0,0,0,0,1,1,0,0,0,0,0,0,0,0,0,0,0,0,0,-0.07114285714285717,-0.5516496945010183,-0.1310261569416499,0.7882092555331992,-0.4995247524752475,-0.14219041692594897,0.5661498504643475,-0.35809936848512514,-0.4113596591341398,0.33428440995206576,-0.4297520661157025,-1.1900826446280992,-0.26666666666666666,-0.13333333333333333,-0.5833333333333334,-0.16666666666666666,0.1,-0.03305785123966942,-0.1322314049586777,-0.3709677419354839
6,0,1,0,1.320328542094456,-0.1322314049586777,2.071271039918321,5,4,3,2,1,0,6,5,4,3,0,1,1,1,1,1,0,0,1,1,1,0,0,0,0,0,1,1,0,0,0,0,0,0,0,0,0,0,0,0,0.949265306122449,-0.07099796334012223,-0.5414889336016097,-0.1292957746478873,0.7757227722772277,-0.492221530802738,-0.14217692428773807,0.5473255725481244,-0.35809936848512514,-0.4113596591341398,0.0,-0.4297520661157025,-1.2,-0.26666666666666666,-0.11666666666666667,-0.5666666666666667,-0.16666666666666666,0.09917355371900827,-0.03305785123966942,-0.11290322580645161
0,1,0,0,-0.29774127310061604,-0.6942148760330579,0.004132871761725224,6,5,4,3,2,1,0,6,5,4,0,0,1,1,1,1,1,0,0,1,1,1,0,0,0,0,0,1,1,0,0,0,0,0,0,0,0,0,0,0,1.3166122448979591,0.9473319755600814,-0.06663983903420524,-0.5397585513078471,-0.12724752475247522,0.7601120099564406,-0.49634031166378084,-0.13744959293920717,0.5473255725481244,-0.35809936848512514,-0.1322314049586777,0.0,-0.43333333333333335,-1.2,-0.25,-0.1,-0.5666666666666667,-0.1652892561983471,0.09917355371900827,-0.016129032258064516
1,1,0,0,-0.5687885010266941,-0.5289256198347108,-0.40679258864496426,0,6,5,4,3,2,1,0,6,5,1,0,0,1,1,1,1,1,0,0,0,1,1,0,0,0,0,0,1,1,0,0,0,0,0,0,0,0,0,0,-0.2915510204081633,1.3139307535641547,0.9393963782696177,-0.06490945674044264,-0.5312079207920792,-0.126633478531425,0.7707775853927279,-0.479837175682873,-0.13744959293920717,0.5473255725481244,-0.6942148760330579,-0.1322314049586777,0.0,-0.43333333333333335,-1.1833333333333333,-0.23333333333333334,-0.1,-0.5619834710743802,-0.1652892561983471,0.11290322580645161
2,1,0,0,-0.7412731006160165,-0.36363636363636365,-0.5510642210200684,1,0,6,5,4,3,2,1,0,6,1,1,0,0,1,1,1,1,1,0,0,0,1,1,0,0,0,0,0,1,0,0,0,0,0,0,0,0,0,0,-0.5609387755102041,-0.2909572301425662,1.301569416498994,0.9411267605633803,-0.06388118811881187,-0.523335407591786,-0.12643632929324727,0.7451495092444647,-0.479837175682873,-0.13744959293920717,-0.5289256198347108,-0.6942148760330579,-0.13333333333333333,0.0,-0.4166666666666667,-1.1666666666666667,-0.23333333333333334,-0.09917355371900827,-0.5619834710743802,-0.14516129032258066
3,1,0,0,-0.15811088295687886,-0.5289256198347108,-0.1522181544012893,2,1,0,6,5,4,3,2,1,0,1,1,1,0,0,1,1,1,1,1,0,0,0,1,1,0,0,0,0,0,0,0,0,0,0,0,0,0,0,0,-0.7323673469387756,-0.55979633401222,-0.283943661971831,1.3032997987927566,0.9262178217821783,-0.06440572495332919,-0.5278215016527624,-0.12223236703948867,0.7451495092444647,-0.479837175682873,-0.36363636363636365,-0.5289256198347108,-0.7,-0.13333333333333333,0.016666666666666666,-0.4,-1.1666666666666667,-0.23140495867768596,-0.09917355371900827,-0.532258064516129
4,1,0,0,0.4414784394250513,-0.09917355371900827,-0.07229477279377225,3,2,1,0,6,5,4,3,2,1,1,1,1,1,0,0,1,1,1,1,0,0,0,0,1,1,0,0,0,0,0,0,0,0,0,0,0,0,0,0,-0.15277551020408167,-0.7308757637474542,-0.5495372233400403,-0.2822132796780684,1.2826534653465347,0.9079029247044181,-0.06347394931528409,-0.5102716274823099,-0.12223236703948867,0.7451495092444647,-0.5289256198347108,-0.36363636363636365,-0.5333333333333333,-0.7,-0.11666666666666667,0.03333333333333333,-0.4,-1.1570247933884297,-0.23140495867768596,-0.08064516129032258
5,0,1,0,0.5071868583162218,0.4297520661157025,0.48446702863855107,4,3,2,1,0,6,5,4,3,2,1,1,1,1,1,0,0,1,1,1,0,0,0,0,0,1,1,0,0,0,0,0,0,0,0,0,0,0,0,0,0.4431428571428571,-0.15246435845213852,-0.7185513078470825,-0.5478068410462776,-0.2777425742574257,1.2579340385812072,0.9203132378403903,-0.06136346344061475,-0.5102716274823099,-0.12223236703948867,-0.09917355371900827,-0.5289256198347108,-0.36666666666666664,-0.5333333333333333,-0.6833333333333333,-0.1,0.03333333333333333,-0.39669421487603307,-1.1570247933884297,-0.20967741935483872
6,0,1,0,-0.6591375770020534,-0.7272727272727273,-0.4934468340194088,5,4,3,2,1,0,6,5,4,3,0,1,1,1,1,1,0,0,1,1,1,0,0,0,0,0,1,1,0,0,0,0,0,0,0,0,0,0,0,0,0.5084489795918367,0.44224032586558043,-0.14712273641851106,-0.7168209255533199,-0.5391287128712872,-0.2744243932794026,1.2744766252164332,0.8897131552917903,-0.06136346344061475,-0.5102716274823099,0.4297520661157025,-0.09917355371900827,-0.5333333333333333,-0.36666666666666664,-0.5166666666666667,-0.6666666666666666,-0.1,0.03305785123966942,-0.39669421487603307,-1.1129032258064515
0,1,0,0,0.10472279260780287,-0.7933884297520661,0.019193061694591243,6,5,4,3,2,1,0,6,5,4,0,0,1,1,1,1,1,0,0,1,1,1,0,0,0,0,0,1,1,0,0,0,0,0,0,0,0,0,0,0,-0.650734693877551,0.5074134419551934,0.4404024144869215,-0.14539235412474846,-0.7054653465346534,-0.5311138767890479,-0.2759719817409098,1.232100738035456,0.8897131552917903,-0.06136346344061475,-0.7272727272727273,0.4297520661157025,-0.1,-0.5333333333333333,-0.35,-0.5,-0.6666666666666666,-0.09917355371900827,0.03305785123966942,-0.3709677419354839
1,1,0,0,-0.4948665297741273,-0.23140495867768596,-0.42529723086471544,0,6,5,4,3,2,1,0,6,5,1,0,0,1,1,1,1,1,0,0,0,1,1,0,0,0,0,0,1,1,0,0,0,0,0,0,0,0,0,0,0.1084489795918367,-0.6494093686354379,0.5047887323943662,0.4421327967806841,-0.14308910891089108,-0.6944617299315494,-0.5356917991500079,-0.2667960130868142,1.232100738035456,0.8897131552917903,-0.7933884297520661,-0.7272727272727273,0.43333333333333335,-0.1,-0.5166666666666667,-0.3333333333333333,-0.5,-0.6611570247933884,-0.09917355371900827,0.04838709677419355
2,1,0,0,1.106776180698152,-0.09917355371900827,0.7301922243268891,1,0,6,5,4,3,2,1,0,6,1,1,0,0,1,1,1,1,1,0,0,0,1,1,0,0,0,0,0,1,0,0,0,0,0,0,0,0,0,0,-0.48746938775510207,0.10822810590631361,-0.6380684104627766,0.5065191146881288,0.4351287128712871,-0.14219041692594897,-0.7009680465921612,-0.5178802404321692,-0.2667960130868142,1.232100738035456,-0.23140495867768596,-0.7933884297520661,-0.7333333333333333,0.43333333333333335,-0.08333333333333333,-0.5,-0.3333333333333333,-0.49586776859504134,-0.6611570247933884,-0.08064516129032258
3,1,0,0,-0.39630390143737165,-0.5950413223140496,-0.3652262865035179,2,1,0,6,5,4,3,2,1,0,1,1,1,0,0,1,1,1,1,1,0,0,0,1,1,0,0,0,0,0,0,0,0,0,0,0,0,0,0,0,1.1043673469387756,-0.48647657841140535,0.1104225352112676,-0.6363380281690141,0.4984950495049505,0.42563783447417547,-0.14217692428773807,-0.6776611123792132,-0.5178802404321692,-0.2667960130868142,-0.09917355371900827,-0.23140495867768596,-0.8,-0.7333333333333333,0.45,-0.06666666666666667,-0.5,-0.3305785123966942,-0.49586776859504134,-0.6290322580645161
4,1,0,0,0.23613963039014374,-0.09917355371900827,0.282893567562543,3,2,1,0,6,5,4,3,2,1,1,1,1,1,0,0,1,1,1,1,0,0,0,0,1,1,0,0,0,0,0,0,0,0,0,0,0,0,0,0,-0.38951020408163267,1.1021181262729125,-0.477102615694165,0.1121529175050302,-0.6262574257425743,0.4878655880522713,0.43235479301117585,-0.13744959293920717,-0.6776611123792132,-0.5178802404321692,-0.5950413223140496,-0.09917355371900827,-0.23333333333333334,-0.8,-0.7166666666666667,0.4666666666666667,-0.06666666666666667,-0.49586776859504134,-0.3305785123966942,-0.46774193548387094
5,0,1,0,-0.33880903490759756,-0.9917355371900827,-0.3210337334046523,4,3,2,1,0,6,5,4,3,2,1,1,1,1,1,0,0,1,1,1,0,0,0,0,0,1,1,0,0,0,0,0,0,0,0,0,0,0,0,0,0.2390612244897959,-0.3887169042769858,1.0923138832997987,-0.4753722334004024,0.11037623762376239,-0.6166770379589297,0.495317172989139,0.41797915240051736,-0.13744959293920717,-0.6776611123792132,-0.09917355371900827,-0.5950413223140496,-0.1,-0.23333333333333334,-0.7833333333333333,-0.7,0.4666666666666667,-0.06611570247933884,-0.49586776859504134,-0.3064516129032258
6,0,1,0,0.22792607802874743,-0.2975206611570248,0.373485750259809,5,4,3,2,1,0,6,5,4,3,0,1,1,1,1,1,0,0,1,1,1,0,0,0,0,0,1,1,0,0,0,0,0,0,0,0,0,0,0,0,-0.33236734693877557,0.23857433808553968,-0.380523138832998,1.0940442655935614,-0.4678415841584158,0.10672059738643434,-0.6222650716197072,0.4788480559993913,0.41797915240051736,-0.13744959293920717,-0.9917355371900827,-0.09917355371900827,-0.6,-0.1,-0.21666666666666667,-0.7666666666666667,-0.7,0.4628099173553719,-0.06611570247933884,-0.46774193548387094
0,1,0,0,-0.7987679671457906,-0.4628099173553719,-0.7193109577815833,6,5,4,3,2,1,0,6,5,4,0,0,1,1,1,1,1,0,0,1,1,1,0,0,0,0,0,1,1,0,0,0,0,0,0,0,0,0,0,0,0.23089795918367345,-0.3316904276985744,0.23919517102615692,-0.3787927565392354,1.0767128712871288,-0.4611076540136901,0.1096725956241146,-0.6015749828806208,0.4788480559993913,0.41797915240051736,-0.2975206611570248,-0.9917355371900827,-0.1,-0.6,-0.08333333333333333,-0.2,-0.7666666666666667,-0.6942148760330579,0.4628099173553719,-0.04838709677419355
1,1,0,0,-0.7412731006160165,-0.7933884297520661,-0.6282624453374069,0,6,5,4,3,2,1,0,6,5,1,0,0,1,1,1,1,1,0,0,0,1,1,0,0,0,0,0,1,1,0,0,0,0,0,0,0,0,0,0,-0.7895102040816326,0.23042769857433806,-0.3241851106639839,0.24092555331991952,-0.3727920792079208,1.0556938394523958,-0.46485912167479926,0.10602602145628853,-0.6015749828806208,0.4788480559993913,-0.4628099173553719,-0.2975206611570248,-1.0,-0.1,-0.5833333333333334,-0.06666666666666667,-0.2,-0.7603305785123967,-0.6942148760330579,0.46774193548387094
2,1,0,0,-0.7248459958932238,-0.5289256198347108,-0.574121694430324,1,0,6,5,4,3,2,1,0,6,1,1,0,0,1,1,1,1,1,0,0,0,1,1,0,0,0,0,0,1,0,0,0,0,0,0,0,0,0,0,-0.7323673469387756,-0.7879022403258656,0.23114688128772634,-0.3224547283702213,0.23710891089108913,-0.36776602364654637,1.069848890288053,-0.449402723883436,0.10602602145628853,-0.6015749828806208,-0.7933884297520661,-0.4628099173553719,-0.3,-1.0,-0.08333333333333333,-0.5666666666666667,-0.06666666666666667,-0.19834710743801653,-0.7603305785123967,-0.6612903225806451
3,1,0,0,-0.4948665297741273,-0.859504132231405,-0.562948680369075,2,1,0,6,5,4,3,2,1,0,1,1,1,0,0,1,1,1,1,1,0,0,0,1,1,0,0,0,0,0,0,0,0,0,0,0,0,0,0,0,-0.7160408163265306,-0.7308757637474542,-0.7748893360160966,0.23287726358148894,-0.31734653465346535,0.231176104542626,-0.3704155517078545,1.034276801339116,-0.449402723883436,0.10602602145628853,-0.5289256198347108,-0.7933884297520661,-0.4666666666666667,-0.3,-0.9833333333333333,-0.06666666666666667,-0.5666666666666667,-0.06611570247933884,-0.19834710743801653,-0.7258064516129032
4,1,0,0,-0.5523613963039015,-0.09917355371900827,-0.38366760773774594,3,2,1,0,6,5,4,3,2,1,1,1,1,1,0,0,1,1,1,1,0,0,0,0,1,1,0,0,0,0,0,0,0,0,0,0,0,0,0,0,-0.48746938775510207,-0.7145824847250509,-0.7185513078470825,-0.773158953722334,0.2291881188118812,-0.3133167392657125,0.23559735558004094,-0.35809936848512514,1.034276801339116,-0.449402723883436,-0.859504132231405,-0.5289256198347108,-0.8,-0.4666666666666667,-0.2833333333333333,-0.9666666666666667,-0.06666666666666667,-0.5619834710743802,-0.06611570247933884,-0.1774193548387097
5,0,1,0,0.26899383983572894,-0.2975206611570248,0.2349114366399949,4,3,2,1,0,6,5,4,3,2,1,1,1,1,1,0,0,1,1,1,0,0,0,0,0,1,1,0,0,0,0,0,0,0,0,0,0,0,0,0,-0.5446122448979592,-0.48647657841140535,-0.7024547283702214,-0.7168209255533199,-0.7609108910891089,0.22339763534536403,-0.3153234692271368,0.22776382865403638,-0.35809936848512514,1.034276801339116,-0.09917355371900827,-0.859504132231405,-0.5333333333333333,-0.8,-0.45,-0.26666666666666666,-0.9666666666666667,-0.06611570247933884,-0.5619834710743802,-0.04838709677419355
6,0,1,0,1.2628336755646816,-0.8264462809917356,1.316288126445205,5,4,3,2,1,0,6,5,4,3,0,1,1,1,1,1,0,0,1,1,1,0,0,0,0,0,1,1,0,0,0,0,0,0,0,0,0,0,0,0,0.2717142857142857,-0.5435030549898168,-0.477102615694165,-0.7007243460764587,-0.7054653465346534,-0.7489110143123833,0.22772705808279553,-0.3048390778361104,0.22776382865403638,-0.35809936848512514,-0.2975206611570248,-0.09917355371900827,-0.8666666666666667,-0.5333333333333333,-0.7833333333333333,-0.43333333333333335,-0.26666666666666666,-0.9586776859504132,-0.06611570247933884,-0.532258064516129
0,1,0,0,-0.2402464065708419,-0.23140495867768596,-0.20119353516286936,6,5,4,3,2,1,0,6,5,4,0,0,1,1,1,1,1,0,0,1,1,1,0,0,0,0,0,1,1,0,0,0,0,0,0,0,0,0,0,0,1.259469387755102,0.2711608961303462,-0.5334406438631791,-0.4753722334004024,-0.6896237623762376,-0.6944617299315494,-0.7560601290728789,0.22015521570417712,-0.3048390778361104,0.22776382865403638,-0.8264462809917356,-0.2975206611570248,-0.1,-0.8666666666666667,-0.5166666666666667,-0.7666666666666667,-0.43333333333333335,-0.2644628099173554,-0.9586776859504132,-0.04838709677419355
1,1,0,0,0.351129363449692,-0.7272727272727273,0.33226300371337025,0,6,5,4,3,2,1,0,6,5,1,0,0,1,1,1,1,1,0,0,0,1,1,0,0,0,0,0,1,1,0,0,0,0,0,0,0,0,0,0,-0.23440816326530614,1.2569042769857433,0.2713883299798793,-0.5317102615694165,-0.4678415841584158,-0.6789047915370255,-0.7009680465921612,-0.730921403028228,0.22015521570417712,-0.3048390778361104,-0.23140495867768596,-0.8264462809917356,-0.3,-0.1,-0.85,-0.5,-0.7666666666666667,-0.4297520661157025,-0.2644628099173554,-0.9193548387096774
2,1,0,0,-0.6427104722792608,0.1322314049586777,-0.5096873585212613,1,0,6,5,4,3,2,1,0,6,1,1,0,0,1,1,1,1,1,0,0,0,1,1,0,0,0,0,0,1,0,0,0,0,0,0,0,0,0,0,0.35334693877551016,-0.23393075356415483,1.24523138832998,0.2731187122736419,-0.5232871287128713,-0.4611076540136901,-0.6852274515976704,-0.6776611123792132,-0.730921403028228,0.22015521570417712,-0.7272727272727273,-0.23140495867768596,-0.8333333333333334,-0.3,-0.08333333333333333,-0.8333333333333334,-0.5,-0.7603305785123967,-0.4297520661157025,-0.24193548387096775
3,1,0,0,-0.5934291581108829,-0.3305785123966942,-0.39262281736389637,2,1,0,6,5,4,3,2,1,0,1,1,1,0,0,1,1,1,1,1,0,0,0,1,1,0,0,0,0,0,0,0,0,0,0,0,0,0,0,0,-0.6344081632653061,0.3526272912423625,-0.2276056338028169,1.2469617706237426,0.2687920792079208,-0.515556938394524,-0.46485912167479926,-0.6624438864794947,-0.6776611123792132,-0.730921403028228,0.1322314049586777,-0.7272727272727273,-0.23333333333333334,-0.8333333333333334,-0.2833333333333333,-0.06666666666666667,-0.8333333333333334,-0.49586776859504134,-0.7603305785123967,-0.4032258064516129
4,1,0,0,0.2032854209445585,0.3305785123966942,0.24032276433257097,3,2,1,0,6,5,4,3,2,1,1,1,1,1,0,0,1,1,1,1,0,0,0,0,1,1,0,0,0,0,0,0,0,0,0,0,0,0,0,0,-0.5854285714285714,-0.6331160896130347,0.3518712273641851,-0.2258752515090543,1.2272079207920792,0.2622899813316739,-0.5199512041555171,-0.449402723883436,-0.6624438864794947,-0.6776611123792132,-0.3305785123966942,0.1322314049586777,-0.7333333333333333,-0.23333333333333334,-0.8166666666666667,-0.26666666666666666,-0.06666666666666667,-0.8264462809917356,-0.49586776859504134,-0.7258064516129032
5,0,1,0,0.8603696098562629,0.9586776859504132,0.8069715358433083,4,3,2,1,0,6,5,4,3,2,1,1,1,1,1,0,0,1,1,1,0,0,0,0,0,1,1,0,0,0,0,0,0,0,0,0,0,0,0,0,0.2064081632653061,-0.5842362525458249,-0.6219718309859155,0.3536016096579477,-0.22229702970297027,1.2034847542003733,0.2670785455690225,-0.5026630145324507,-0.449402723883436,-0.6624438864794947,0.3305785123966942,-0.3305785123966942,0.13333333333333333,-0.7333333333333333,-0.21666666666666667,-0.8,-0.26666666666666666,-0.06611570247933884,-0.8264462809917356,-0.46774193548387094
6,0,1,0,0.6139630390143738,0.7933884297520661,0.9132134216155211,5,4,3,2,1,0,6,5,4,3,0,1,1,1,1,1,0,0,1,1,1,0,0,0,0,0,1,1,0,0,0,0,0,0,0,0,0,0,0,0,0.8594693877551021,0.20598778004073318,-0.573682092555332,-0.6202414486921529,0.34800000000000003,-0.21997510889856878,1.2193845427357155,0.2581982804534733,-0.5026630145324507,-0.449402723883436,0.9586776859504132,0.3305785123966942,-0.3333333333333333,0.13333333333333333,-0.7166666666666667,-0.2,-0.8,-0.2644628099173554,-0.06611570247933884,-0.7903225806451613
0,1,0,0,-0.5687885010266941,-0.8925619834710744,-0.5639599845386899,6,5,4,3,2,1,0,6,5,4,0,0,1,1,1,1,1,0,0,1,1,1,0,0,0,0,0,1,1,0,0,0,0,0,0,0,0,0,0,0,0.6145714285714285,0.8577189409368635,0.2070020120724346,-0.5719517102615694,-0.6104158415841584,0.3400746733042937,-0.22087989926019203,1.1788404473864413,0.2581982804534733,-0.5026630145324507,0.7933884297520661,0.9586776859504132,0.3333333333333333,-0.3333333333333333,0.15,-0.7,-0.2,-0.7933884297520661,-0.2644628099173554,-0.04838709677419355
1,1,0,0,-0.6427104722792608,-1.487603305785124,-0.5158234760068086,0,6,5,4,3,2,1,0,6,5,1,0,0,1,1,1,1,1,0,0,0,1,1,0,0,0,0,0,1,1,0,0,0,0,0,0,0,0,0,0,-0.5609387755102041,0.6133197556008146,0.8508651911468813,0.2087323943661972,-0.5628910891089108,-0.6011200995644057,0.3457815205414765,-0.21353572243779956,1.1788404473864413,0.2581982804534733,-0.8925619834710744,0.7933884297520661,0.9666666666666667,0.3333333333333333,-0.31666666666666665,0.16666666666666666,-0.7,-0.19834710743801653,-0.7933884297520661,-0.24193548387096775
2,1,0,0,-0.33880903490759756,-0.09917355371900827,-0.2993701066467999,1,0,6,5,4,3,2,1,0,6,1,1,0,0,1,1,1,1,1,0,0,0,1,1,0,0,0,0,0,1,0,0,0,0,0,0,0,0,0,0,-0.6344081632653061,-0.55979633401222,0.6094164989939638,0.8525955734406439,0.20542574257425744,-0.5544492843808339,-0.6065244766252164,0.33428440995206576,-0.21353572243779956,1.1788404473864413,-1.487603305785124,-0.8925619834710744,0.8,0.9666666666666667,0.35,-0.3,0.16666666666666666,-0.6942148760330579,-0.19834710743801653,-0.7580645161290323
3,1,0,0,-0.2402464065708419,-0.8264462809917356,-0.18524711308964478,2,1,0,6,5,4,3,2,1,0,1,1,1,0,0,1,1,1,1,1,0,0,0,1,1,0,0,0,0,0,0,0,0,0,0,0,0,0,0,0,-0.33236734693877557,-0.6331160896130347,-0.5495372233400403,0.6111468812877264,0.8390891089108911,0.20006222775357807,-0.5593026916417441,-0.5863577569809023,0.33428440995206576,-0.21353572243779956,-0.09917355371900827,-1.487603305785124,-0.9,0.8,0.9833333333333333,0.36666666666666664,-0.3,0.1652892561983471,-0.6942148760330579,-0.1774193548387097
4,1,0,0,-0.4784394250513347,-0.39669421487603307,-0.4128101755253794,3,2,1,0,6,5,4,3,2,1,1,1,1,1,0,0,1,1,1,1,0,0,0,0,1,1,0,0,0,0,0,0,0,0,0,0,0,0,0,0,-0.23440816326530614,-0.3316904276985744,-0.6219718309859155,-0.5478068410462776,0.6014653465346534,0.8223397635345364,0.20411616559105936,-0.5407060792817469,-0.5863577569809023,0.33428440995206576,-0.8264462809917356,-0.09917355371900827,-1.5,-0.9,0.8166666666666667,1.0,0.36666666666666664,-0.2975206611570248,0.1652892561983471,-0.6612903225806451
5,0,1,0,0.1868583162217659,-0.4297520661157025,0.12158231031456335,4,3,2,1,0,6,5,4,3,2,1,1,1,1,1,0,0,1,1,1,0,0,0,0,0,1,1,0,0,0,0,0,0,0,0,0,0,0,0,0,-0.4711428571428572,-0.23393075356415483,-0.3241851106639839,-0.6202414486921529,-0.5391287128712872,0.588985687616677,0.8337399653706911,0.19732937685459942,-0.5407060792817469,-0.5863577569809023,-0.39669421487603307,-0.8264462809917356,-0.1,-1.5,-0.8833333333333333,0.8333333333333334,1.0,0.36363636363636365,-0.2975206611570248,0.1774193548387097
6,0,1,0,0.9342915811088296,0.06611570247933884,1.233130926407605,5,4,3,2,1,0,6,5,4,3,0,1,1,1,1,1,0,0,1,1,1,0,0,0,0,0,1,1,0,0,0,0,0,0,0,0,0,0,0,0,0.1900816326530612,-0.47018329938900205,-0.2276056338028169,-0.3224547283702213,-0.6104158415841584,-0.5311138767890479,0.5976310404533292,0.8060184128433386,0.19732937685459942,-0.5407060792817469,-0.4297520661157025,-0.39669421487603307,-0.8333333333333334,-0.1,-1.4833333333333334,-0.8666666666666667,0.8333333333333334,0.9917355371900827,0.36363636363636365,-0.27419354838709675
0,1,0,0,0.3675564681724846,-0.23140495867768596,0.27945618001371214,6,5,4,3,2,1,0,6,5,4,0,0,1,1,1,1,1,0,0,1,1,1,0,0,0,0,0,1,1,0,0,0,0,0,0,0,0,0,0,0,0.9329387755102041,0.1896945010183299,-0.46100603621730385,-0.2258752515090543,-0.31734653465346535,-0.6011200995644057,-0.5356917991500079,0.5777600243475615,0.8060184128433386,0.19732937685459942,0.06611570247933884,-0.4297520661157025,-0.4,-0.8333333333333334,-0.08333333333333333,-1.4666666666666666,-0.8666666666666667,0.8264462809917356,0.9917355371900827,0.3709677419354839
1,1,0,0,0.728952772073922,-1.0578512396694215,0.3113597520957251,0,6,5,4,3,2,1,0,6,5,1,0,0,1,1,1,1,1,0,0,0,1,1,0,0,0,0,0,1,1,0,0,0,0,0,0,0,0,0,0,0.3696734693877551,0.9310386965376782,0.19090543259557344,-0.45927565392354125,-0.22229702970297027,-0.3133167392657125,-0.6065244766252164,-0.5178802404321692,0.5777600243475615,0.8060184128433386,-0.23140495867768596,0.06611570247933884,-0.43333333333333335,-0.4,-0.8166666666666667,-0.06666666666666667,-1.4666666666666666,-0.859504132231405,0.8264462809917356,0.9838709677419355
2,1,0,0,-0.42915811088295686,-0.3305785123966942,-0.36121665517229423,1,0,6,5,4,3,2,1,0,6,1,1,0,0,1,1,1,1,1,0,0,0,1,1,0,0,0,0,0,1,0,0,0,0,0,0,0,0,0,0,0.7288571428571429,0.36892057026476577,0.9232997987927565,0.19263581488933604,-0.45199999999999996,-0.21997510889856878,-0.3153234692271368,-0.5863577569809023,-0.5178802404321692,0.5777600243475615,-1.0578512396694215,-0.23140495867768596,0.06666666666666667,-0.43333333333333335,-0.38333333333333336,-0.8,-0.06666666666666667,-1.4545454545454546,-0.859504132231405,0.8225806451612904
3,1,0,0,-0.5030800821355236,-0.4297520661157025,-0.3769105782743213,2,1,0,6,5,4,3,2,1,0,1,1,1,0,0,1,1,1,1,1,0,0,0,1,1,0,0,0,0,0,0,0,0,0,0,0,0,0,0,0,-0.42216326530612247,0.7273727087576375,0.36796780684104624,0.9250301810865191,0.1895841584158416,-0.44555071561916615,-0.22087989926019203,-0.3048390778361104,-0.5863577569809023,-0.5178802404321692,-0.3305785123966942,-1.0578512396694215,-0.23333333333333334,0.06666666666666667,-0.4166666666666667,-0.36666666666666664,-0.8,-0.06611570247933884,-1.4545454545454546,-0.8225806451612904
4,1,0,0,-0.4620123203285421,0.0,-0.4069796733749189,3,2,1,0,6,5,4,3,2,1,1,1,1,1,0,0,1,1,1,1,0,0,0,0,1,1,0,0,0,0,0,0,0,0,0,0,0,0,0,0,-0.4956326530612245,-0.4213034623217923,0.7220925553319919,0.3696981891348089,0.9103762376237624,0.18450528935905414,-0.4491185266803085,-0.21353572243779956,-0.3048390778361104,-0.5863577569809023,-0.4297520661157025,-0.3305785123966942,-1.0666666666666667,-0.23333333333333334,0.08333333333333333,-0.4,-0.36666666666666664,-0.7933884297520661,-0.06611570247933884,-1.403225806451613
5,0,1,0,0.34291581108829566,0.9917355371900827,0.6248219179049964,4,3,2,1,0,6,5,4,3,2,1,1,1,1,1,0,0,1,1,1,0,0,0,0,0,1,1,0,0,0,0,0,0,0,0,0,0,0,0,0,-0.45481632653061227,-0.49462321792260694,-0.4127162977867203,0.7238229376257546,0.3638415841584159,0.8923459863098941,0.18837557059656856,-0.4341854979837175,-0.21353572243779956,-0.3048390778361104,0.0,-0.4297520661157025,-0.3333333333333333,-1.0666666666666667,-0.21666666666666667,0.1,-0.4,-0.36363636363636365,-0.7933884297520661,-0.04838709677419355
6,0,1,0,-0.3141683778234086,-1.1570247933884297,-0.1646193862561147,5,4,3,2,1,0,6,5,4,3,0,1,1,1,1,1,0,0,1,1,1,0,0,0,0,0,1,1,0,0,0,0,0,0,0,0,0,0,0,0,0.3451836734693877,-0.4538900203665988,-0.4851509054325956,-0.4109859154929577,0.7123564356435643,0.3556316116988177,0.9045726428458996,0.18211215095488092,-0.4341854979837175,-0.21353572243779956,0.9917355371900827,0.0,-0.43333333333333335,-0.3333333333333333,-1.05,-0.2,0.1,-0.39669421487603307,-0.36363636363636365,-0.7580645161290323
0,1,0,0,-0.33880903490759756,0.5619834710743802,-0.12442992306434844,6,5,4,3,2,1,0,6,5,4,0,0,1,1,1,1,1,0,0,1,1,1,0,0,0,0,0,1,1,0,0,0,0,0,0,0,0,0,0,0,-0.3078775510204082,0.3444806517311609,-0.4449094567404427,-0.483420523138833,-0.40447524752475245,0.6978842563783447,0.36152211553596725,0.8744959293920718,0.18211215095488092,-0.4341854979837175,-1.1570247933884297,0.9917355371900827,0.0,-0.43333333333333335,-0.31666666666666665,-1.0333333333333334,-0.2,0.09917355371900827,-0.39669421487603307,-0.3387096774193548
1,1,0,0,0.1704312114989733,-1.6528925619834711,-0.07193918097837596,0,6,5,4,3,2,1,0,6,5,1,0,0,1,1,1,1,1,0,0,0,1,1,0,0,0,0,0,1,1,0,0,0,0,0,0,0,0,0,0,-0.33236734693877557,-0.3072505091649695,0.3438229376257545,-0.4431790744466801,-0.47576237623762374,-0.3988799004355943,0.7078152054147647,0.34950163585178423,0.8744959293920718,0.18211215095488092,0.5619834710743802,-1.1570247933884297,1.0,0.0,-0.4166666666666667,-0.3,-1.0333333333333334,-0.19834710743801653,0.09917355371900827,-0.3709677419354839
2,1,0,0,-0.42915811088295686,-0.39669421487603307,-0.33593169601923595,1,0,6,5,4,3,2,1,0,6,1,1,0,0,1,1,1,1,1,0,0,0,1,1,0,0,0,0,0,1,0,0,0,0,0,0,0,0,0,0,0.1737551020408163,-0.3316904276985744,-0.3000402414486922,0.3455533199195171,-0.43615841584158416,-0.4688861232109521,-0.4018967416968361,0.6842806056455908,0.34950163585178423,0.8744959293920718,-1.6528925619834711,0.5619834710743802,-1.1666666666666667,1.0,0.016666666666666666,-0.4,-0.3,-1.024793388429752,-0.19834710743801653,0.11290322580645161
3,1,0,0,-0.11704312114989733,-0.49586776859504134,-0.21482690966574566,2,1,0,6,5,4,3,2,1,0,1,1,1,0,0,1,1,1,1,1,0,0,0,1,1,0,0,0,0,0,0,0,0,0,0,0,0,0,0,0,-0.42216326530612247,0.17340122199592664,-0.3241851106639839,-0.2983098591549296,0.3400792079207921,-0.4299937772246422,-0.4727294191720447,-0.38853382028456207,0.6842806056455908,0.34950163585178423,-0.39669421487603307,-1.6528925619834711,0.5666666666666667,-1.1666666666666667,1.0166666666666666,0.03333333333333333,-0.4,-0.2975206611570248,-1.024793388429752,-0.1774193548387097
4,1,0,0,-0.3470225872689938,0.8264462809917356,-0.26082044765451023,3,2,1,0,6,5,4,3,2,1,1,1,1,1,0,0,1,1,1,1,0,0,0,0,1,1,0,0,0,0,0,0,0,0,0,0,0,0,0,0,-0.11195918367346941,-0.4213034623217923,0.17480885311871228,-0.3224547283702213,-0.29358415841584157,0.3322962041070317,-0.4333779316858177,-0.45701133683329526,-0.38853382028456207,0.6842806056455908,-0.49586776859504134,-0.39669421487603307,-1.6666666666666667,0.5666666666666667,-1.15,1.0333333333333334,0.03333333333333333,-0.39669421487603307,-0.2975206611570248,-0.9838709677419355
5,0,1,0,-0.16632443531827515,0.03305785123966942,-0.044785467781491055,4,3,2,1,0,6,5,4,3,2,1,1,1,1,1,0,0,1,1,1,0,0,0,0,0,1,1,0,0,0,0,0,0,0,0,0,0,0,0,0,-0.340530612244898,-0.11173116089613037,-0.4127162977867203,0.17653923541247488,-0.31734653465346535,-0.2899813316739266,0.3379112230442311,-0.41896827208399906,-0.45701133683329526,-0.38853382028456207,0.8264462809917356,-0.49586776859504134,-0.4,-1.6666666666666667,0.5833333333333334,-1.1333333333333333,1.0333333333333334,0.03305785123966942,-0.39669421487603307,-0.27419354838709675
6,0,1,0,0.04722792607802875,0.1322314049586777,0.1671535339618639,5,4,3,2,1,0,6,5,4,3,0,1,1,1,1,1,0,0,1,1,1,0,0,0,0,0,1,1,0,0,0,0,0,0,0,0,0,0,0,0,-0.1609387755102041,-0.339837067209776,-0.10688128772635816,-0.4109859154929577,0.17374257425742576,-0.3133167392657125,-0.2917125767354006,0.3266757970022065,-0.41896827208399906,-0.45701133683329526,0.03305785123966942,0.8264462809917356,-0.5,-0.4,-1.65,0.6,-1.1333333333333333,1.024793388429752,0.03305785123966942,-0.3709677419354839
0,1,0,0,0.26899383983572894,-0.23140495867768596,0.3017150763668747,6,5,4,3,2,1,0,6,5,4,0,0,1,1,1,1,1,0,0,1,1,1,0,0,0,0,0,1,1,0,0,0,0,0,0,0,0,0,0,0,0.051306122448979564,-0.16061099796334016,-0.3322334004024145,-0.10515090543259556,-0.40447524752475245,0.16894835096453018,-0.3153234692271368,-0.28201323898653274,0.3266757970022065,-0.41896827208399906,0.1322314049586777,0.03305785123966942,0.8333333333333334,-0.5,-0.38333333333333336,-1.6333333333333333,0.6,-1.1239669421487604,1.024793388429752,0.04838709677419355
1,1,0,0,-1.0123203285420945,-1.1570247933884297,-0.8742199924106397,0,6,5,4,3,2,1,0,6,5,1,0,0,1,1,1,1,1,0,0,0,1,1,0,0,0,0,0,1,1,0,0,0,0,0,0,0,0,0,0,0.2717142857142857,0.05120162932790221,-0.15517102615694167,-0.3305030181086519,-0.10348514851485147,-0.3988799004355943,0.17263497560207777,-0.3048390778361104,-0.28201323898653274,0.3266757970022065,-0.23140495867768596,0.1322314049586777,0.03333333333333333,0.8333333333333334,-0.48333333333333334,-0.36666666666666664,-1.6333333333333333,0.5950413223140496,-1.1239669421487604,1.0161290322580645
2,1,0,0,-0.2648870636550308,-0.06611570247933884,-0.23096695789304916,1,0,6,5,4,3,2,1,0,6,1,1,0,0,1,1,1,1,1,0,0,0,1,1,0,0,0,0,0,1,0,0,0,0,0,0,0,0,0,0,-1.0017551020408164,0.2711608961303462,0.05408450704225351,-0.15344064386317904,-0.3252673267326732,-0.10329807093963908,-0.4018967416968361,0.16689492505516246,-0.3048390778361104,-0.28201323898653274,-1.1570247933884297,-0.23140495867768596,0.13333333333333333,0.03333333333333333,0.85,-0.4666666666666667,-0.36666666666666664,-1.6198347107438016,0.5950413223140496,-1.0806451612903225
3,1,0,0,-0.29774127310061604,0.6942148760330579,-0.17525992839364668,2,1,0,6,5,4,3,2,1,0,1,1,1,0,0,1,1,1,1,1,0,0,0,1,1,0,0,0,0,0,0,0,0,0,0,0,0,0,0,0,-0.2588979591836735,-0.9997148676171079,0.2713883299798793,0.05581488933601612,-0.151009900990099,-0.3210952084629745,-0.10282543680151107,-0.38853382028456207,0.16689492505516246,-0.3048390778361104,-0.06611570247933884,-1.1570247933884297,-0.23333333333333334,0.13333333333333333,0.05,0.8666666666666667,-0.4666666666666667,-0.36363636363636365,-1.6198347107438016,0.5967741935483871
4,1,0,0,-0.25667351129363447,0.7603305785123967,0.028581575254734502,3,2,1,0,6,5,4,3,2,1,1,1,1,1,0,0,1,1,1,1,0,0,0,0,1,1,0,0,0,0,0,0,0,0,0,0,0,0,0,0,-0.2915510204081633,-0.2583706720977597,-0.9841448692152918,0.2731187122736419,0.05493069306930695,-0.14996888612321096,-0.32319376672438216,-0.09940652818991096,-0.38853382028456207,0.16689492505516246,0.6942148760330579,-0.06611570247933884,-1.1666666666666667,-0.23333333333333334,0.15,0.06666666666666667,0.8666666666666667,-0.4628099173553719,-0.36363636363636365,-1.564516129032258
5,0,1,0,0.11293634496919917,0.39669421487603307,0.20605721482776004,4,3,2,1,0,6,5,4,3,2,1,1,1,1,1,0,0,1,1,1,0,0,0,0,0,1,1,0,0,0,0,0,0,0,0,0,0,0,0,0,-0.25073469387755104,-0.2909572301425662,-0.25175050301810864,-0.9824144869215291,0.2687920792079208,0.052271313005600485,-0.15004722178498345,-0.3124476907859697,-0.09940652818991096,-0.38853382028456207,0.7603305785123967,0.6942148760330579,-0.06666666666666667,-1.1666666666666667,-0.21666666666666667,0.16666666666666666,0.06666666666666667,0.859504132231405,-0.4628099173553719,-0.3387096774193548
6,0,1,0,1.0739219712525667,0.628099173553719,1.270683934020318,5,4,3,2,1,0,6,5,4,3,0,1,1,1,1,1,0,0,1,1,1,0,0,0,0,0,1,1,0,0,0,0,0,0,0,0,0,0,0,0,0.11661224489795916,-0.25022403258655807,-0.283943661971831,-0.25002012072434604,-0.9668514851485148,0.2622899813316739,0.05458051314339684,-0.1450582058890664,-0.3124476907859697,-0.09940652818991096,0.39669421487603307,0.7603305785123967,0.7,-0.06666666666666667,-1.15,-0.2,0.16666666666666666,0.06611570247933884,0.859504132231405,-0.43548387096774194
0,0,0,1,-0.20739219712525667,-0.03305785123966942,0.19616841315059125,6,5,4,3,2,1,0,6,5,4,0,0,1,1,1,1,1,0,0,1,1,1,0,0,0,0,0,1,1,0,0,0,0,0,0,0,0,0,0,0,1.0717142857142856,0.11637474541751525,-0.2437022132796781,-0.2822132796780684,-0.24605940594059403,-0.9511512134411948,0.2670785455690225,0.05276573080727385,-0.1450582058890664,-0.3124476907859697,0.628099173553719,0.39669421487603307,0.7666666666666667,0.7,-0.05,-1.1333333333333333,-0.2,0.1652892561983471,0.06611570247933884,0.8548387096774194
1,1,0,0,0.12114989733059549,0.36363636363636365,0.3755926121417597,0,6,5,4,3,2,1,0,6,5,0,0,0,1,1,1,1,1,0,0,0,1,1,0,0,0,0,0,1,1,1,0,0,0,0,0,0,0,0,0,-0.20175510204081634,1.069531568228106,0.11847082494969818,-0.2419718309859155,-0.2777425742574257,-0.2433105164903547,-0.9606878640012592,0.2581982804534733,0.05276573080727385,-0.1450582058890664,-0.03305785123966942,0.628099173553719,0.4,0.7666666666666667,0.7166666666666667,-0.03333333333333333,-1.1333333333333333,-0.19834710743801653,0.1652892561983471,0.08064516129032258
2,1,0,0,-0.2731006160164271,-0.19834710743801653,-0.15121208337097378,1,0,6,5,4,3,2,1,0,6,1,0,0,0,1,1,1,1,1,0,0,0,1,1,0,0,0,0,0,1,0,1,0,0,0,0,0,0,0,0,0.1247755102040816,-0.2013441955193483,1.0601207243460764,0.12020120724346078,-0.23813861386138613,-0.2744243932794026,-0.2444907917519282,-0.9287453397245682,0.2581982804534733,0.05276573080727385,0.36363636363636365,-0.03305785123966942,0.6333333333333333,0.4,0.7833333333333333,0.7333333333333333,-0.03333333333333333,-1.1239669421487604,-0.19834710743801653,0.1774193548387097
3,1,0,0,-0.14989733059548255,-0.49586776859504134,0.12758498274797508,2,1,0,6,5,4,3,2,1,0,1,1,0,0,0,1,1,1,1,1,0,0,0,1,1,0,0,0,0,0,0,0,1,0,0,0,0,0,0,0,-0.26706122448979597,0.12452138492871688,-0.19541247484909458,1.061851106639839,0.11829702970297032,-0.2355320472930927,-0.2759719817409098,-0.2363615612873773,-0.9287453397245682,0.2581982804534733,-0.19834710743801653,0.36363636363636365,-0.03333333333333333,0.6333333333333333,0.4166666666666667,0.8,0.7333333333333333,-0.03305785123966942,-1.1239669421487604,-0.1774193548387097
4,1,0,0,-0.5277207392197125,-1.024793388429752,-0.5330745197073812,3,2,1,0,6,5,4,3,2,1,1,1,1,0,0,0,1,1,1,1,0,0,0,0,1,1,0,0,0,0,0,0,0,1,0,0,0,0,0,0,-0.1446122448979592,-0.2665173116089613,0.12651911468812876,-0.19368209255533197,1.045029702970297,0.11449906658369632,-0.23662049425468282,-0.2667960130868142,-0.2363615612873773,-0.9287453397245682,-0.49586776859504134,-0.19834710743801653,0.36666666666666664,-0.03333333333333333,0.65,0.43333333333333335,0.8,0.7272727272727273,-0.03305785123966942,-1.0806451612903225
5,0,1,0,1.2956878850102669,1.9173553719008265,1.4777304738326353,4,3,2,1,0,6,5,4,3,2,1,1,1,1,0,0,0,1,1,1,0,0,0,0,0,1,1,0,0,0,0,0,0,0,1,0,0,0,0,0,-0.5201224489795918,-0.1443177189409369,-0.2597987927565392,0.12824949698189136,-0.1906138613861386,1.0245799626633478,0.11754289312136,-0.22875294833751805,-0.2667960130868142,-0.2363615612873773,-1.024793388429752,-0.49586776859504134,-0.2,0.36666666666666664,-0.016666666666666666,0.6666666666666666,0.43333333333333335,0.7933884297520661,0.7272727272727273,-0.016129032258064516
6,0,1,0,0.6550308008213552,0.2644628099173554,0.9936509591592072,5,4,3,2,1,0,6,5,4,3,0,1,1,1,1,0,0,0,1,1,1,0,0,0,0,0,1,1,0,0,0,0,0,0,0,1,0,0,0,0,1.2921224489795917,-0.5190631364562118,-0.13907444668008048,-0.2580684104627766,0.12621782178217825,-0.18886123210952085,1.0383677002990712,0.11363463440614777,-0.22875294833751805,-0.2667960130868142,1.9173553719008265,-1.024793388429752,-0.5,-0.2,0.38333333333333336,0.0,0.6666666666666666,0.4297520661157025,0.7933884297520661,0.7258064516129032
0,1,0,0,-0.0513347022587269,0.39669421487603307,0.041283189305347204,6,5,4,3,2,1,0,6,5,4,0,0,1,1,1,1,0,0,0,1,1,1,0,0,0,0,0,1,1,0,0,0,0,0,0,0,1,0,0,0,0.6553877551020408,1.2894908350305498,-0.5092957746478873,-0.13734406438631788,-0.253980198019802,0.12227753578095829,-0.18939870927121044,1.0038423495396789,0.11363463440614777,-0.22875294833751805,0.2644628099173554,1.9173553719008265,-1.0333333333333334,-0.5,-0.18333333333333332,0.4,0.0,0.6611570247933884,0.4297520661157025,0.7903225806451613
1,1,0,0,-0.4784394250513347,-0.1652892561983471,-0.41317701859026945,0,6,5,4,3,2,1,0,6,5,1,0,0,1,1,1,1,0,0,0,0,1,1,0,0,0,0,0,1,1,0,0,0,0,0,0,0,1,0,0,-0.046653061224489825,0.6540529531568228,1.2774245472837022,-0.5075653923541247,-0.13516831683168315,-0.2510889856876167,0.1254131906186054,-0.1831012706383626,1.0038423495396789,0.11363463440614777,0.39669421487603307,0.2644628099173554,1.9333333333333333,-1.0333333333333334,-0.48333333333333334,-0.16666666666666666,0.4,0.0,0.6611570247933884,0.43548387096774194
2,1,0,0,-0.002053388090349076,0.03305785123966942,-0.03191142179096212,1,0,6,5,4,3,2,1,0,6,1,1,0,0,1,1,1,1,0,0,0,0,1,1,0,0,0,0,0,1,0,0,0,0,0,0,0,0,1,0,-0.4711428571428572,-0.04655804480651734,0.6496579476861167,1.279154929577465,-0.4995247524752475,-0.134411947728687,-0.2523610892491736,0.12124324735600701,-0.1831012706383626,1.0038423495396789,-0.1652892561983471,0.39669421487603307,0.26666666666666666,1.9333333333333333,-1.0166666666666666,-0.4666666666666667,-0.16666666666666666,0.39669421487603307,0.0,0.6612903225806451
3,1,0,0,-0.35523613963039014,-1.0909090909090908,-0.46100058539204486,2,1,0,6,5,4,3,2,1,0,1,1,1,0,0,1,1,1,1,0,0,0,0,1,1,0,0,0,0,0,0,0,0,0,0,0,0,0,0,1,0.00232653061224487,-0.47018329938900205,-0.04249496981891349,0.6513883299798793,1.258891089108911,-0.492221530802738,-0.13430662679049266,-0.24397017423723652,0.12124324735600701,-0.1831012706383626,0.03305785123966942,-0.1652892561983471,0.4,0.26666666666666666,1.95,-1.0,-0.4666666666666667,-0.1652892561983471,0.39669421487603307,0.016129032258064516
4,1,0,0,-0.29774127310061604,0.2644628099173554,-0.2026036045471009,3,2,1,0,6,5,4,3,2,1,1,1,1,1,0,0,1,1,1,1,0,0,0,0,1,1,0,0,0,0,0,0,0,0,0,0,0,0,0,0,-0.34869387755102044,0.0023217922606924364,-0.46100603621730385,-0.040764587525150886,0.6410693069306931,1.2345986309894212,-0.49634031166378084,-0.1298409799893479,-0.24397017423723652,0.12124324735600701,-1.0909090909090908,0.03305785123966942,-0.16666666666666666,0.4,0.2833333333333333,1.9666666666666666,-1.0,-0.4628099173553719,-0.1652892561983471,0.4032258064516129
5,0,1,0,0.45790554414784396,0.03305785123966942,0.37646916297441435,4,3,2,1,0,6,5,4,3,2,1,1,1,1,1,0,0,1,1,1,0,0,0,0,0,1,1,0,0,0,0,0,0,0,0,0,0,0,0,0,-0.2915510204081633,-0.3479837067209776,0.005794768611670011,-0.45927565392354125,-0.0401188118811881,0.6278780336029869,1.250865732724697,-0.479837175682873,-0.1298409799893479,-0.24397017423723652,0.2644628099173554,-1.0909090909090908,0.03333333333333333,-0.16666666666666666,0.4166666666666667,0.3,1.9666666666666666,-0.9917355371900827,-0.4628099173553719,-0.14516129032258066
6,0,1,0,1.2053388090349075,0.8925619834710744,1.2464492659246555,5,4,3,2,1,0,6,5,4,3,0,1,1,1,1,1,0,0,1,1,1,0,0,0,0,0,1,1,0,0,0,0,0,0,0,0,0,0,0,0,0.459469387755102,-0.2909572301425662,-0.3402816901408451,0.007525150905432614,-0.45199999999999996,-0.041070317361543256,0.6369825279395561,1.2092748991858784,-0.479837175682873,-0.1298409799893479,0.03305785123966942,0.2644628099173554,-1.1,0.03333333333333333,-0.15,0.43333333333333335,0.3,1.9504132231404958,-0.9917355371900827,-0.43548387096774194
0,1,0,0,-0.7659137577002053,0.1652892561983471,-0.6289526964110018,6,5,4,3,2,1,0,6,5,4,0,0,1,1,1,1,1,0,0,1,1,1,0,0,0,0,0,1,1,0,0,0,0,0,0,0,0,0,0,0,1.2023265306122448,0.45853360488798367,-0.283943661971831,-0.3385513078470825,0.007405940594059424,-0.44555071561916615,-0.03986305682354791,0.6158030890968577,1.2092748991858784,-0.479837175682873,0.8925619834710744,0.03305785123966942,0.26666666666666666,-1.1,0.05,-0.13333333333333333,0.43333333333333335,0.2975206611570248,1.9504132231404958,-0.9516129032258065
1,1,0,0,-0.19917864476386038,-0.1652892561983471,-0.0865074558170955,0,6,5,4,3,2,1,0,6,5,1,0,0,1,1,1,1,1,0,0,0,1,1,0,0,0,0,0,1,1,0,0,0,0,0,0,0,0,0,0,-0.7568571428571429,1.199877800407332,0.4564989939637827,-0.2822132796780684,-0.33318811881188115,0.005600497822028616,-0.4491185266803085,-0.03853762459103703,0.6158030890968577,1.2092748991858784,0.1652892561983471,0.8925619834710744,0.03333333333333333,0.26666666666666666,-1.0833333333333333,0.06666666666666667,-0.13333333333333333,0.4297520661157025,0.2975206611570248,1.9193548387096775
2,1,0,0,2.700205338809035,0.5619834710743802,2.8995131937580947,1,0,6,5,4,3,2,1,0,6,1,1,0,0,1,1,1,1,1,0,0,0,1,1,0,0,0,0,0,1,0,0,0,0,0,0,0,0,0,0,-0.1935918367346939,-0.755315682281059,1.1888933601609657,0.4582293762575453,-0.2777425742574257,-0.32887367766023645,0.007358728159924463,-0.4341854979837175,-0.03853762459103703,0.6158030890968577,-0.1652892561983471,0.1652892561983471,0.9,0.03333333333333333,0.2833333333333333,-1.0666666666666667,0.06666666666666667,-0.1322314049586777,0.4297520661157025,0.3064516129032258
3,1,0,0,0.6386036960985626,0.03305785123966942,0.3849743226208137,2,1,0,6,5,4,3,2,1,0,1,1,1,0,0,1,1,1,1,1,0,0,0,1,1,0,0,0,0,0,0,0,0,0,0,0,0,0,0,0,2.6880408163265304,-0.19319755600814667,-0.7426961770623742,1.1906237424547284,0.450970297029703,-0.2744243932794026,-0.33106406422162754,0.007114053108118407,-0.4341854979837175,-0.03853762459103703,0.5619834710743802,-0.1652892561983471,0.16666666666666666,0.9,0.05,0.3,-1.0666666666666667,0.06611570247933884,-0.1322314049586777,0.43548387096774194
4,1,0,0,2.215605749486653,0.1652892561983471,2.1242162801524493,3,2,1,0,6,5,4,3,2,1,1,1,1,1,0,0,1,1,1,1,0,0,0,0,1,1,0,0,0,0,0,0,0,0,0,0,0,0,0,0,0.6390612244897959,2.6825661914460284,-0.187364185110664,-0.7409657947686117,1.1717623762376237,0.4411947728686994,-0.2759719817409098,-0.32005630373582894,0.007114053108118407,-0.4341854979837175,0.03305785123966942,0.5619834710743802,-0.16666666666666666,0.16666666666666666,0.9166666666666666,0.06666666666666667,0.3,-1.0578512396694215,0.06611570247933884,-0.11290322580645161
5,0,1,0,0.9425051334702259,1.2231404958677685,1.0945142243594654,4,3,2,1,0,6,5,4,3,2,1,1,1,1,1,0,0,1,1,1,0,0,0,0,0,1,1,0,0,0,0,0,0,0,0,0,0,0,0,0,2.206408163265306,0.6377596741344195,2.653682092555332,-0.1856338028169014,-0.7292277227722772,1.1490354698195395,0.4480953880056666,-0.2667960130868142,-0.32005630373582894,0.007114053108118407,0.1652892561983471,0.03305785123966942,0.5666666666666667,-0.16666666666666666,0.18333333333333332,0.9333333333333333,0.06666666666666667,0.2975206611570248,-1.0578512396694215,0.08064516129032258
6,0,1,0,1.0903490759753593,0.06611570247933884,1.486509326664395,5,4,3,2,1,0,6,5,4,3,0,1,1,1,1,1,0,0,1,1,1,0,0,0,0,0,1,1,0,0,0,0,0,0,0,0,0,0,0,0,0.9411020408163265,2.201914460285132,0.6335613682092556,2.6554124748490944,-0.1826930693069307,-0.7177971375233354,1.1642924602549976,0.4331963783002359,-0.2667960130868142,-0.32005630373582894,1.2231404958677685,0.1652892561983471,0.03333333333333333,0.5666666666666667,-0.15,0.2,0.9333333333333333,0.06611570247933884,0.2975206611570248,-1.0161290322580645
0,1,0,0,1.4353182751540041,-1.0578512396694215,1.6152387969771556,6,5,4,3,2,1,0,6,5,4,0,0,1,1,1,1,1,0,0,1,1,1,0,0,0,0,0,1,1,0,0,0,0,0,0,0,0,0,0,0,1.0880408163265305,0.9391853360488798,2.1788329979879277,0.6352917505030181,2.6133465346534654,-0.18108276291225886,-0.7245789390838974,1.1255801567374266,0.4331963783002359,-0.2667960130868142,0.06611570247933884,1.2231404958677685,0.16666666666666666,0.03333333333333333,0.5833333333333334,-0.13333333333333333,0.2,0.9256198347107438,0.06611570247933884,0.3064516129032258
1,1,0,0,0.8685831622176592,-0.09917355371900827,1.446327713181578,0,6,5,4,3,2,1,0,6,5,1,0,0,1,1,1,1,1,0,0,0,1,1,0,0,0,0,0,1,1,0,0,0,0,0,0,0,0,0,0,1.4308979591836735,1.0858248472505092,0.9313480885311871,2.18056338028169,0.6252277227722772,2.5647168637212197,-0.18152841177396503,-0.7004869512287909,1.1255801567374266,0.4331963783002359,-1.0578512396694215,0.06611570247933884,1.2333333333333334,0.16666666666666666,0.05,0.6,-0.13333333333333333,0.19834710743801653,0.9256198347107438,0.08064516129032258
2,1,0,0,1.895277207392197,-0.03305785123966942,1.6782905374833088,1,0,6,5,4,3,2,1,0,6,1,1,0,0,1,1,1,1,1,0,0,0,1,1,0,0,0,0,0,1,0,0,0,0,0,0,0,0,0,0,0.8676326530612245,1.4279837067209775,1.0762173038229377,0.9330784708249498,2.146019801980198,0.612321095208463,2.5966866047536596,-0.17549265768850336,-0.7004869512287909,1.1255801567374266,-0.09917355371900827,-1.0578512396694215,0.06666666666666667,1.2333333333333334,0.18333333333333332,0.06666666666666667,0.6,-0.1322314049586777,0.19834710743801653,0.9193548387096774
3,0,0,1,1.3696098562628336,-0.19834710743801653,1.657198631193919,2,1,0,6,5,4,3,2,1,0,1,1,1,0,0,1,1,1,1,1,0,0,0,1,1,0,0,0,0,0,0,0,0,0,0,0,0,0,0,0,1.8880408163265305,0.8658655804480652,1.4142454728370222,1.0779476861167,0.9182970297029703,2.1057871810827633,0.6212419329450654,2.5103477136118086,-0.17549265768850336,-0.7004869512287909,-0.03305785123966942,-0.09917355371900827,-1.0666666666666667,0.06666666666666667,1.25,0.2,0.06666666666666667,0.5950413223140496,-0.1322314049586777,0.20967741935483872
4,0,0,1,0.7618069815195072,-0.2975206611570248,0.9924844924093642,3,2,1,0,6,5,4,3,2,1,0,1,1,1,0,0,1,1,1,1,0,0,0,0,1,1,0,0,0,0,1,0,0,0,0,0,0,0,0,0,1.3655918367346938,1.884195519348269,0.8589134808853118,1.4159758551307848,1.060871287128713,0.9001244555071561,2.132339052416181,0.6005858631971391,2.5103477136118086,-0.17549265768850336,-0.19834710743801653,-0.03305785123966942,-0.1,-1.0666666666666667,0.08333333333333333,1.2666666666666666,0.2,0.06611570247933884,0.5950413223140496,-0.11290322580645161
5,0,1,0,0.5893223819301848,0.06611570247933884,0.8131775157385029,4,3,2,1,0,6,5,4,3,2,0,0,1,1,1,0,0,1,1,1,0,0,0,0,0,1,1,0,0,0,1,1,0,0,0,0,0,0,0,0,0.7615102040816326,1.3628105906313646,1.8649496981891347,0.8606438631790745,1.3935445544554457,1.0401369010578718,0.912442940343145,2.0614395495701134,0.6005858631971391,2.5103477136118086,-0.2975206611570248,-0.19834710743801653,-0.03333333333333333,-0.1,-1.05,0.1,1.2666666666666666,0.19834710743801653,0.06611570247933884,0.5967741935483871
6,0,1,0,0.8603696098562629,0.7603305785123967,1.375924458587585,5,4,3,2,1,0,6,5,4,3,0,0,0,1,1,1,0,0,1,1,1,0,0,0,0,0,1,1,0,0,0,1,1,0,0,0,0,0,0,0,0.5900816326530612,0.759959266802444,1.3498591549295775,1.8666800804828974,0.847009900990099,1.366832607342875,1.054108295293562,0.882104542341931,2.0614395495701134,0.6005858631971391,0.06611570247933884,-0.2975206611570248,-0.2,-0.03333333333333333,-0.08333333333333333,-1.0333333333333334,0.1,1.256198347107438,0.19834710743801653,0.08064516129032258
0,1,0,0,0.7618069815195072,0.06611570247933884,0.7564845627950877,6,5,4,3,2,1,0,6,5,4,0,0,0,0,1,1,1,0,0,1,1,1,0,0,0,0,0,1,1,0,0,0,1,1,0,0,0,0,0,0,0.8594693877551021,0.5888798370672097,0.7542857142857142,1.35158953722334,1.8371089108910892,0.8301182327317984,1.3846607901778687,1.0190595754393974,0.882104542341931,2.0614395495701134,0.7603305785123967,0.06611570247933884,-0.3,-0.2,-0.016666666666666666,-0.06666666666666667,-1.0333333333333334,0.09917355371900827,1.256198347107438,0.20967741935483872
1,1,0,0,-0.10882956878850103,-0.36363636363636365,0.005379405542849566,0,6,5,4,3,2,1,0,6,5,1,0,0,0,0,1,1,1,0,0,0,1,1,0,0,0,0,0,1,1,0,0,0,1,1,0,0,0,0,0,0.7615102040816326,0.8577189409368635,0.585271629778672,0.7560160965794769,1.3301782178217822,1.8024268823895457,0.8416102628679364,1.3386213193334855,1.0190595754393974,0.882104542341931,0.06611570247933884,0.7603305785123967,0.06666666666666667,-0.3,-0.18333333333333332,0.0,-0.06666666666666667,-1.024793388429752,0.09917355371900827,1.2419354838709677
2,1,0,0,-0.0513347022587269,0.4297520661157025,0.02122849122510473,1,0,6,5,4,3,2,1,0,6,1,1,0,0,0,0,1,1,1,0,0,0,1,1,0,0,0,0,0,1,0,0,0,0,1,1,0,0,0,0,-0.10379591836734697,0.759959266802444,0.8508651911468813,0.5870020120724346,0.744039603960396,1.304604853764779,1.825397450023611,0.8136270257931979,1.3386213193334855,1.0190595754393974,-0.36363636363636365,0.06611570247933884,0.7666666666666667,0.06666666666666667,-0.2833333333333333,-0.16666666666666666,0.0,-0.06611570247933884,-1.024793388429752,0.11290322580645161
3,1,0,0,0.014373716632443531,-0.49586776859504134,0.1191468072846084,2,1,0,6,5,4,3,2,1,0,1,1,1,0,0,0,0,1,1,1,0,0,0,1,1,0,0,0,0,0,0,0,0,0,0,1,1,0,0,0,-0.046653061224489825,-0.10358452138492874,0.7542857142857142,0.8525955734406439,0.5777029702970298,0.7289981331673926,1.3216984101999056,1.7647036445256028,0.8136270257931979,1.3386213193334855,0.4297520661157025,-0.36363636363636365,0.06666666666666667,0.7666666666666667,0.08333333333333333,-0.26666666666666666,-0.16666666666666666,0.0,-0.06611570247933884,-0.9838709677419355
4,1,0,0,-0.08418891170431211,0.6942148760330579,-0.1845348828309923,3,2,1,0,6,5,4,3,2,1,1,1,1,1,0,0,0,0,1,1,0,0,0,0,1,1,0,0,0,0,0,0,0,0,0,0,1,1,0,0,0.01865306122448977,-0.04655804480651734,-0.09883299798792758,0.7560160965794769,0.8390891089108911,0.565650280024891,0.7392963954037463,1.2777524157346116,1.7647036445256028,0.8136270257931979,-0.49586776859504134,0.4297520661157025,-0.36666666666666664,0.06666666666666667,0.7833333333333333,0.1,-0.26666666666666666,-0.1652892561983471,0.0,-0.04838709677419355
5,0,1,0,-0.5277207392197125,-0.4297520661157025,-0.4844416479129488,4,3,2,1,0,6,5,4,3,2,1,1,1,1,1,0,0,0,0,1,0,0,0,0,0,1,1,0,0,0,0,0,0,0,0,0,0,1,1,0,-0.07930612244897962,0.018615071283095697,-0.04249496981891349,-0.09710261569416496,0.744039603960396,0.8223397635345364,0.574020147961593,0.7147150574450277,1.2777524157346116,1.7647036445256028,0.6942148760330579,-0.49586776859504134,0.43333333333333335,-0.36666666666666664,0.08333333333333333,0.8,0.1,-0.2644628099173554,-0.1652892561983471,0.016129032258064516
6,0,1,0,0.6139630390143738,1.2892561983471074,1.053029297534125,5,4,3,2,1,0,6,5,4,3,0,1,1,1,1,1,0,0,0,0,1,0,0,0,0,0,1,1,0,0,0,0,0,0,0,0,0,0,1,1,-0.5201224489795918,-0.07914460285132385,0.021891348088531177,-0.040764587525150886,-0.09556435643564355,0.7289981331673926,0.8337399653706911,0.5549341854979837,0.7147150574450277,1.2777524157346116,-0.4297520661157025,0.6942148760330579,-0.5,0.43333333333333335,-0.35,0.1,0.8,0.09917355371900827,-0.2644628099173554,-0.14516129032258066
0,1,0,0,2.273100616016427,-0.03305785123966942,2.5073100741660124,6,5,4,3,2,1,0,6,5,4,0,0,1,1,1,1,1,0,0,0,1,1,0,0,0,0,0,1,1,0,0,0,0,0,0,0,0,0,0,1,0.6145714285714285,-0.5190631364562118,-0.07468812877263582,0.02362173038229378,-0.0401188118811881,-0.09551960174237711,0.7392963954037463,0.8060184128433386,0.5549341854979837,0.7147150574450277,1.2892561983471074,-0.4297520661157025,0.7,-0.5,0.45,-0.3333333333333333,0.1,0.7933884297520661,0.09917355371900827,-0.24193548387096775
1,1,0,0,0.7535934291581109,0.4297520661157025,0.9646504711035533,0,6,5,4,3,2,1,0,6,5,1,0,0,1,1,1,1,1,0,0,0,1,1,0,0,0,0,0,1,1,0,0,0,0,0,0,0,0,0,0,2.263551020408163,0.6133197556008146,-0.5092957746478873,-0.07295774647887322,0.023247524752475265,-0.041070317361543256,-0.09495513930426568,0.7147150574450277,0.8060184128433386,0.5549341854979837,-0.03305785123966942,1.2892561983471074,-0.43333333333333335,0.7,-0.48333333333333334,0.4666666666666667,-0.3333333333333333,0.09917355371900827,0.7933884297520661,0.11290322580645161
2,1,0,0,0.26078028747433263,0.6942148760330579,0.3167433441500142,1,0,6,5,4,3,2,1,0,6,1,1,0,0,1,1,1,1,1,0,0,0,1,1,0,0,0,0,0,1,0,0,0,0,0,0,0,0,0,0,0.7533469387755102,2.2589409368635436,0.6094164989939638,-0.5075653923541247,-0.07180198019801978,0.021157436216552573,-0.03986305682354791,-0.09179791524005172,0.7147150574450277,0.8060184128433386,0.4297520661157025,-0.03305785123966942,1.3,-0.43333333333333335,0.7166666666666667,-0.4666666666666667,0.4666666666666667,-0.3305785123966942,0.09917355371900827,0.7903225806451613
3,0,0,1,-0.37166324435318276,-1.421487603305785,-0.33484869784121885,2,1,0,6,5,4,3,2,1,0,1,1,1,0,0,1,1,1,1,1,0,0,0,1,1,0,0,0,0,0,0,0,0,0,0,0,0,0,0,0,0.26355102040816325,0.7518126272912423,2.2351710261569417,0.6111468812877264,-0.4995247524752475,-0.07218419415059117,0.023099323154415253,-0.03853762459103703,-0.09179791524005172,0.7147150574450277,0.6942148760330579,0.4297520661157025,-0.03333333333333333,1.3,-0.4166666666666667,0.7333333333333333,-0.4666666666666667,0.4628099173553719,-0.3305785123966942,0.11290322580645161
4,1,0,0,2.4948665297741273,0.6611570247933884,1.7667711484732544,3,2,1,0,6,5,4,3,2,1,0,1,1,1,0,0,1,1,1,1,0,0,0,0,1,1,0,0,0,0,1,0,0,0,0,0,0,0,0,0,-0.3650204081632653,0.26301425661914457,0.7462374245472837,2.2369014084507044,0.6014653465346534,-0.492221530802738,-0.07134424681252949,0.022331279007836886,-0.03853762459103703,-0.09179791524005172,-1.421487603305785,0.6942148760330579,0.43333333333333335,-0.03333333333333333,1.3166666666666667,-0.4,0.7333333333333333,-0.4628099173553719,0.4628099173553719,-0.3064516129032258
5,0,1,0,-0.13347022587268995,-0.3305785123966942,-0.20077383739105503,4,3,2,1,0,6,5,4,3,2,1,0,1,1,1,0,0,1,1,1,0,0,0,0,0,1,1,0,0,0,0,1,0,0,0,0,0,0,0,0,2.483959183673469,-0.3642769857433809,0.2633400402414487,0.7479678068410462,2.2014653465346536,0.588985687616677,-0.49634031166378084,-0.068972076390474,0.022331279007836886,-0.03853762459103703,0.6611570247933884,-1.421487603305785,0.7,0.43333333333333335,-0.016666666666666666,1.3333333333333333,-0.4,0.7272727272727273,-0.4628099173553719,0.46774193548387094
6,0,1,0,3.0698151950718686,-0.23140495867768596,3.380584961619175,5,4,3,2,1,0,6,5,4,3,0,1,0,1,1,1,0,0,1,1,1,0,0,0,0,0,1,1,0,0,0,0,1,0,0,0,0,0,0,0,-0.1282857142857143,2.4789002036659875,-0.35637826961770624,0.2650704225352113,0.7361188118811881,2.160236465463597,0.5976310404533292,-0.479837175682873,-0.068972076390474,0.022331279007836886,-0.3305785123966942,0.6611570247933884,-1.4333333333333333,0.7,0.45,0.0,1.3333333333333333,-0.39669421487603307,0.7272727272727273,-0.43548387096774194
0,1,0,0,0.7700205338809035,0.5950413223140496,0.5634371939226769,6,5,4,3,2,1,0,6,5,4,0,0,1,0,1,1,1,0,0,1,1,1,0,0,0,0,0,1,1,0,0,0,0,1,0,0,0,0,0,0,3.0553877551020405,-0.12802443991853363,2.4524748490945676,-0.35464788732394364,0.2608712871287129,0.7212196639701307,2.187431134896899,0.5777600243475615,-0.479837175682873,-0.068972076390474,-0.23140495867768596,-0.3305785123966942,0.6666666666666666,-1.4333333333333333,0.7166666666666667,0.4666666666666667,0.0,1.322314049586777,-0.39669421487603307,0.7258064516129032
1,1,0,0,0.3675564681724846,0.49586776859504134,0.5452460167469616,0,6,5,4,3,2,1,0,6,5,1,0,0,1,0,1,1,1,0,0,0,1,1,0,0,0,0,0,1,1,0,0,0,0,1,0,0,0,0,0,0.769673469387755,3.0491649694501017,-0.12297786720321932,2.45420523138833,-0.349029702970297,0.2545115121344119,0.7314260979065008,2.114699840219128,0.5777600243475615,-0.479837175682873,0.5950413223140496,-0.23140495867768596,-0.3333333333333333,0.6666666666666666,-1.4166666666666667,0.7333333333333333,0.4666666666666667,0.0,1.322314049586777,-0.3709677419354839
2,1,0,0,1.353182751540041,0.2975206611570248,1.1253031377706997,1,0,6,5,4,3,2,1,0,6,1,1,0,0,1,0,1,1,1,0,0,0,1,1,0,0,0,0,0,1,0,0,0,0,0,1,0,0,0,0,0.3696734693877551,0.7681059063136456,3.0158551307847086,-0.12124748490945672,2.4153267326732673,-0.34443061605476044,0.2592082480717771,0.7071064444951685,2.114699840219128,0.5777600243475615,0.49586776859504134,0.5950413223140496,-0.23333333333333334,-0.3333333333333333,0.6833333333333333,-1.4,0.7333333333333333,0.4628099173553719,0.0,1.3064516129032258
3,1,0,0,-0.08418891170431211,-0.09917355371900827,-0.14855652683347778,2,1,0,6,5,4,3,2,1,0,1,1,1,0,0,1,0,1,1,1,0,0,0,1,1,0,0,0,0,0,0,0,0,0,0,0,1,0,0,0,1.3492653061224489,0.36892057026476577,0.7623340040241449,3.017585513078471,-0.11932673267326731,2.3702551337896702,-0.34680465921611836,0.2505896675036141,0.7071064444951685,2.114699840219128,0.2975206611570248,0.49586776859504134,0.6,-0.23333333333333334,-0.31666666666666665,0.7,-1.4,0.7272727272727273,0.4628099173553719,0.016129032258064516
4,1,0,0,0.46611909650924027,0.1322314049586777,0.6727794530728373,3,2,1,0,6,5,4,3,2,1,1,1,1,1,0,0,1,0,1,1,0,0,0,0,1,1,0,0,0,0,0,0,0,0,0,0,0,1,0,0,-0.07930612244897962,1.3465173116089613,0.36796780684104624,0.7640643863179075,2.9697821782178218,-0.11885500933416304,2.399929167322525,-0.3352735296355474,0.2505896675036141,0.7071064444951685,-0.09917355371900827,0.2975206611570248,0.5,0.6,-0.21666666666666667,-0.3,0.7,-1.3884297520661157,0.7272727272727273,0.46774193548387094
5,0,1,0,2.0184804928131417,1.2231404958677685,1.867171542502478,4,3,2,1,0,6,5,4,3,2,1,1,1,1,1,0,0,1,0,1,0,0,0,0,0,1,1,0,0,0,0,0,0,0,0,0,0,0,1,0,0.4676326530612245,-0.07914460285132385,1.3337625754527163,0.3696981891348089,0.751960396039604,2.914747977598009,-0.11856603179600186,2.3201323898653277,-0.3352735296355474,0.2505896675036141,0.1322314049586777,-0.09917355371900827,0.3,0.5,0.6166666666666667,-0.2,-0.3,0.6942148760330579,-1.3884297520661157,0.7258064516129032
6,0,1,0,1.6570841889117043,0.9256198347107438,2.017351127489674,5,4,3,2,1,0,6,5,4,3,0,1,1,1,1,1,0,0,1,0,1,0,0,0,0,0,1,1,0,0,0,0,0,0,0,0,0,0,0,1,2.0104897959183674,0.4666802443991853,-0.07468812877263582,1.335492957746479,0.3638415841584159,0.7367766023646546,2.9508499921297027,-0.11462375408962944,2.3201323898653277,-0.3352735296355474,1.2231404958677685,0.1322314049586777,-0.1,0.3,0.5166666666666667,0.6333333333333333,-0.2,-0.2975206611570248,0.6942148760330579,-1.3387096774193548
0,1,0,0,1.8542094455852156,0.2975206611570248,1.944568626113195,6,5,4,3,2,1,0,6,5,4,0,0,1,1,1,1,1,0,0,1,1,1,0,0,0,0,0,1,1,0,0,0,0,0,0,0,0,0,0,0,1.6513061224489796,2.006395112016293,0.46454728370221327,-0.07295774647887322,1.3143366336633664,0.3556316116988177,0.7471666929009917,2.8527352963554744,-0.11462375408962944,2.3201323898653277,0.9256198347107438,1.2231404958677685,0.13333333333333333,-0.1,0.31666666666666665,0.5333333333333333,0.6333333333333333,-0.19834710743801653,-0.2975206611570248,0.6935483870967742
1,1,0,0,-0.757700205338809,-0.4297520661157025,-0.5807463254694731,0,6,5,4,3,2,1,0,6,5,1,0,0,1,1,1,1,1,0,0,0,1,1,0,0,0,0,0,1,1,0,0,0,0,0,0,0,0,0,0,1.8472244897959182,1.6479429735234215,1.9856740442655936,0.46627766599597587,-0.07180198019801978,1.2890479153702552,0.36152211553596725,0.722323670394887,2.8527352963554744,-0.11462375408962944,0.2975206611570248,0.9256198347107438,1.2333333333333334,0.13333333333333333,-0.08333333333333333,0.3333333333333333,0.5333333333333333,0.628099173553719,-0.19834710743801653,-0.27419354838709675
2,1,0,0,0.9014373716632443,0.39669421487603307,1.0510161088456342,1,0,6,5,4,3,2,1,0,6,1,1,0,0,1,1,1,1,1,0,0,0,1,1,0,0,0,0,0,1,0,0,0,0,0,0,0,0,0,0,-0.7486938775510205,1.8434623217922608,1.6315492957746478,1.9874044265593562,0.4588910891089109,-0.07218419415059117,1.3059578152054148,0.34950163585178423,0.722323670394887,2.8527352963554744,-0.4297520661157025,0.2975206611570248,0.9333333333333333,1.2333333333333334,0.15,-0.06666666666666667,0.3333333333333333,0.5289256198347108,0.628099173553719,-0.1774193548387097
3,1,0,0,-0.11704312114989733,-0.2975206611570248,-0.2367453903074803,2,1,0,6,5,4,3,2,1,0,1,1,1,0,0,1,1,1,1,1,0,0,0,1,1,0,0,0,0,0,0,0,0,0,0,0,0,0,0,0,0.9002857142857142,-0.7471690427698575,1.824708249496982,1.6332796780684105,1.9559207920792079,0.4489732420659614,-0.07134424681252949,1.262535189834893,0.34950163585178423,0.722323670394887,0.39669421487603307,-0.4297520661157025,0.3,0.9333333333333333,1.25,0.16666666666666666,-0.06666666666666667,0.3305785123966942,0.5289256198347108,0.6290322580645161
4,1,0,0,2.3059548254620124,-0.5289256198347108,1.8203291893193458,3,2,1,0,6,5,4,3,2,1,1,1,1,1,0,0,1,1,1,1,0,0,0,0,1,1,0,0,0,0,0,0,0,0,0,0,0,0,0,0,-0.11195918367346941,0.8984521384928716,-0.7346478873239437,1.8264386317907444,1.6074059405940595,1.9191039203484754,0.455965685502912,-0.068972076390474,1.262535189834893,0.34950163585178423,-0.2975206611570248,0.39669421487603307,-0.43333333333333335,0.3,0.95,1.2666666666666666,0.16666666666666666,-0.06611570247933884,0.3305785123966942,0.532258064516129
5,0,1,0,2.1991786447638604,0.8925619834710744,1.5688273928153316,4,3,2,1,0,6,5,4,3,2,1,1,1,1,1,0,0,1,1,1,0,0,0,0,0,1,1,0,0,0,0,0,0,0,0,0,0,0,0,0,2.296204081632653,-0.11173116089613037,0.8911066398390342,-0.732917505030181,1.7975049504950495,1.5768512756689483,1.9434519124822918,0.4408049912500951,-0.068972076390474,1.262535189834893,-0.5289256198347108,-0.2975206611570248,0.4,-0.43333333333333335,0.31666666666666665,0.9666666666666667,1.2666666666666666,0.1652892561983471,-0.06611570247933884,0.3387096774193548
6,0,1,0,1.4024640657084189,0.6942148760330579,1.4710571745980017,5,4,3,2,1,0,6,5,4,3,0,1,1,1,1,1,0,0,1,1,1,0,0,0,0,0,1,1,0,0,0,0,0,0,0,0,0,0,0,0,2.1900816326530608,2.29152749490835,-0.10688128772635816,0.8928370221327968,-0.7213069306930693,1.7635345364032358,1.5971588226034945,1.8788328387734916,0.4408049912500951,-0.068972076390474,0.8925619834710744,-0.5289256198347108,-0.3,0.4,-0.4166666666666667,0.3333333333333333,0.9666666666666667,1.256198347107438,0.1652892561983471,-0.04838709677419355
0,1,0,0,0.5400410677618069,0.5950413223140496,0.4816484598118778,6,5,4,3,2,1,0,6,5,4,0,0,1,1,1,1,1,0,0,1,1,1,0,0,0,0,0,1,1,0,0,0,0,0,0,0,0,0,0,0,1.3982448979591837,2.185621181262729,2.2673641851106643,-0.10515090543259556,0.8786930693069307,-0.7100186683260734,1.786045962537384,1.544053868979685,1.8788328387734916,0.4408049912500951,0.6942148760330579,0.8925619834710744,-0.5333333333333333,-0.3,0.4166666666666667,-0.4,0.3333333333333333,0.9586776859504132,1.256198347107438,0.1774193548387097
1,1,0,0,-0.32238193018480493,0.6942148760330579,-0.22554882711938382,0,6,5,4,3,2,1,0,6,5,1,0,0,1,1,1,1,1,0,0,0,1,1,0,0,0,0,0,1,1,0,0,0,0,0,0,0,0,0,0,0.5411020408163265,1.3953971486761712,2.1627364185110665,2.2690945674044265,-0.10348514851485147,0.8612321095208463,-0.7167086415866519,1.7266605797763066,1.544053868979685,1.8788328387734916,0.5950413223140496,0.6942148760330579,0.9,-0.5333333333333333,-0.2833333333333333,0.43333333333333335,-0.4,0.3305785123966942,0.9586776859504132,1.2419354838709677
2,1,0,0,0.5811088295687885,0.5950413223140496,0.5371974485044375,1,0,6,5,4,3,2,1,0,6,1,1,0,0,1,1,1,1,1,0,0,0,1,1,0,0,0,0,0,1,0,0,0,0,0,0,0,0,0,0,-0.31604081632653064,0.5399999999999999,1.3820523138832999,2.164466800804829,2.2331485148514854,-0.10329807093963908,0.873091452856918,-0.6928783382789317,1.7266605797763066,1.544053868979685,0.6942148760330579,0.5950413223140496,0.7,0.9,-0.5166666666666667,-0.26666666666666666,0.43333333333333335,-0.39669421487603307,0.3305785123966942,0.9516129032258065
3,1,0,0,0.5564681724845996,0.06611570247933884,0.4036859354998574,2,1,0,6,5,4,3,2,1,0,1,1,1,0,0,1,1,1,1,1,0,0,0,1,1,0,0,0,0,0,0,0,0,0,0,0,0,0,0,0,0.5819183673469388,-0.3153971486761711,0.5369818913480885,1.3837826961770623,2.1301782178217823,2.191350342252645,-0.10282543680151107,0.8440614775926348,-0.6928783382789317,1.7266605797763066,0.5950413223140496,0.6942148760330579,0.6,0.7,0.9166666666666666,-0.5,-0.26666666666666666,0.4297520661157025,-0.39669421487603307,0.3387096774193548
4,1,0,0,1.2546201232032854,0.6942148760330579,1.3525446237964842,3,2,1,0,6,5,4,3,2,1,1,1,1,1,0,0,1,1,1,1,0,0,0,0,1,1,0,0,0,0,0,0,0,0,0,0,0,0,0,0,0.5574285714285714,0.5807331975560082,-0.30808853118712276,0.5387122736418511,1.361861386138614,2.0902302426882393,2.218912324885881,-0.09940652818991096,0.8440614775926348,-0.6928783382789317,0.06611570247933884,0.5950413223140496,0.7,0.6,0.7166666666666667,0.9333333333333333,-0.5,-0.2644628099173554,0.4297520661157025,-0.3709677419354839
5,0,1,0,2.593429158110883,1.5867768595041323,2.42573694539435,4,3,2,1,0,6,5,4,3,2,1,1,1,1,1,0,0,1,1,1,0,0,0,0,0,1,1,0,0,0,0,0,0,0,0,0,0,0,0,0,1.2513061224489797,0.5562932790224032,0.5772233400402415,-0.30635814889336016,0.5301782178217822,1.335718730553827,2.1165984574216905,2.145134292018565,-0.09940652818991096,0.8440614775926348,0.6942148760330579,0.06611570247933884,0.6,0.7,0.6166666666666667,0.7333333333333333,0.9333333333333333,-0.49586776859504134,-0.2644628099173554,0.43548387096774194
6,0,1,0,2.2566735112936347,1.1900826446280992,2.252897082269725,5,4,3,2,1,0,6,5,4,3,0,1,1,1,1,1,0,0,1,1,1,0,0,0,0,0,1,1,0,0,0,0,0,0,0,0,0,0,0,0,2.5819183673469386,1.2487576374745417,0.5530784708249497,0.578953722334004,-0.3015049504950495,0.5189794648413192,1.3531796001888872,2.0462223236703947,2.145134292018565,-0.09940652818991096,1.5867768595041323,0.6942148760330579,0.06666666666666667,0.6,0.7166666666666667,0.6333333333333333,0.7333333333333333,0.9256198347107438,-0.49586776859504134,-0.24193548387096775
0,1,0,0,0.1540041067761807,-0.6942148760330579,-0.12620578888561018,6,5,4,3,2,1,0,6,5,4,0,0,1,1,1,1,1,0,0,1,1,1,0,0,0,0,0,1,1,0,0,0,0,0,0,0,0,0,0,0,2.247224489795918,2.5766598778004073,1.2371830985915493,0.5548088531187123,0.5697821782178218,-0.29775980087118853,0.5267983629781205,1.3081868675340484,2.0462223236703947,2.145134292018565,1.1900826446280992,1.5867768595041323,0.7,0.06666666666666667,0.6166666666666667,0.7333333333333333,0.6333333333333333,0.7272727272727273,0.9256198347107438,-0.46774193548387094
1,1,0,0,0.7125256673511293,-0.19834710743801653,0.6673076826213528,0,6,5,4,3,2,1,0,6,5,1,0,0,1,1,1,1,1,0,0,0,1,1,0,0,0,0,0,1,1,0,0,0,0,0,0,0,0,0,0,0.1574285714285714,2.24264765784114,2.549054325955735,1.238913480885312,0.5460198019801981,0.5578718108276292,-0.29958287423264596,0.5092825077988282,1.3081868675340484,2.0462223236703947,-0.6942148760330579,1.1900826446280992,1.6,0.7,0.08333333333333333,0.6333333333333333,0.7333333333333333,0.628099173553719,0.7272727272727273,0.9193548387096774
2,1,0,0,0.5071868583162218,0.5950413223140496,0.7230335514222331,1,0,6,5,4,3,2,1,0,6,1,1,0,0,1,1,1,1,1,0,0,0,1,1,0,0,0,0,0,1,0,0,0,0,0,0,0,0,0,0,0.7125306122448979,0.1571079429735234,2.219074446680081,2.550784708249497,1.2192871287128713,0.5345364032358432,0.5661498504643475,-0.28962185193639195,0.5092825077988282,1.3081868675340484,-0.19834710743801653,-0.6942148760330579,1.2,1.6,0.7166666666666667,0.1,0.6333333333333333,0.7272727272727273,0.628099173553719,0.7258064516129032
3,1,0,0,0.5646817248459959,0.2644628099173554,0.6498316139309046,2,1,0,6,5,4,3,2,1,0,1,1,1,0,0,1,1,1,1,1,0,0,0,1,1,0,0,0,0,0,0,0,0,0,0,0,0,0,0,0,0.5084489795918367,0.7110794297352342,0.1587122736418511,2.220804828973843,2.5103762376237624,1.1957062850031113,0.5425389579726114,0.5473255725481244,-0.28962185193639195,0.5092825077988282,0.5950413223140496,-0.19834710743801653,-0.7,1.2,1.6166666666666667,0.7333333333333333,0.1,0.628099173553719,0.7272727272727273,0.6290322580645161
4,1,0,0,0.7453798767967146,0.5950413223140496,0.5643663378052907,3,2,1,0,6,5,4,3,2,1,1,1,1,1,0,0,1,1,1,1,0,0,0,0,1,1,0,0,0,0,0,0,0,0,0,0,0,0,0,0,0.5655918367346938,0.5074134419551934,0.7059959758551307,0.1604426559356137,2.185623762376238,2.463596764156814,1.21151424523847,0.5244997336985467,0.5473255725481244,-0.28962185193639195,0.2644628099173554,0.5950413223140496,-0.2,-0.7,1.2166666666666666,1.6333333333333333,0.7333333333333333,0.09917355371900827,0.628099173553719,0.7258064516129032
5,0,1,0,1.0903490759753593,2.5454545454545454,1.1853866416662158,4,3,2,1,0,6,5,4,3,2,1,1,1,1,1,0,0,1,1,1,0,0,0,0,0,1,1,0,0,0,0,0,0,0,0,0,0,0,0,0,0.7451836734693877,0.5644399185336049,0.5047887323943662,0.7077263581488934,0.15790099009900993,2.144679527069073,2.4943727372894697,1.1712318344365822,0.5244997336985467,0.5473255725481244,0.5950413223140496,0.2644628099173554,0.6,-0.2,-0.6833333333333333,1.2333333333333334,1.6333333333333333,0.7272727272727273,0.09917355371900827,0.6290322580645161
6,0,1,0,-0.01026694045174538,-0.4297520661157025,-0.24342810919285301,5,4,3,2,1,0,6,5,4,3,0,1,1,1,1,1,0,0,1,1,1,0,0,0,0,0,1,1,0,0,0,0,0,0,0,0,0,0,0,0,1.0880408163265305,0.7436659877800407,0.5611267605633803,0.5065191146881288,0.6965148514851486,0.1533914125700062,2.1716905399024085,2.4114357452636384,1.1712318344365822,0.5244997336985467,2.5454545454545454,0.5950413223140496,0.26666666666666666,0.6,-0.18333333333333332,-0.6666666666666666,1.2333333333333334,1.6198347107438016,0.7272727272727273,0.11290322580645161
0,0,0,1,1.3285420944558521,0.1652892561983471,0.8589525701615163,6,5,4,3,2,1,0,6,5,4,0,0,1,1,1,1,1,0,0,1,1,1,0,0,0,0,0,1,1,0,0,0,0,0,0,0,0,0,0,0,-0.005836734693877579,1.0858248472505092,0.7381891348088531,0.5628571428571428,0.4984950495049505,0.6823273179838207,0.15689438060758698,2.0994826143194096,2.4114357452636384,1.1712318344365822,-0.4297520661157025,2.5454545454545454,0.6,0.26666666666666666,0.6166666666666667,-0.16666666666666666,-0.6666666666666666,1.2231404958677685,1.6198347107438016,0.7258064516129032
1,1,0,0,0.7864476386036962,0.2644628099173554,0.5999302291702904,0,6,5,4,3,2,1,0,6,5,0,0,0,1,1,1,1,1,0,0,0,1,1,0,0,0,0,0,1,1,1,0,0,0,0,0,0,0,0,0,1.3247755102040817,-0.005824847250509193,1.0762173038229377,0.7399195171026157,0.553940594059406,0.4878655880522713,0.6920746104202739,0.15167769915544396,2.0994826143194096,2.4114357452636384,0.1652892561983471,-0.4297520661157025,2.566666666666667,0.6,0.2833333333333333,0.6333333333333333,-0.16666666666666666,-0.6611570247933884,1.2231404958677685,1.596774193548387
2,1,0,0,0.9096509240246407,0.6611570247933884,0.8099431739944899,1,0,6,5,4,3,2,1,0,6,1,0,0,0,1,1,1,1,1,0,0,0,1,1,0,0,0,0,0,1,0,1,0,0,0,0,0,0,0,0,0.7859999999999999,1.3220773930753564,-0.0022535211267605726,1.0779476861167,0.7281980198019802,0.5423148724331052,0.495317172989139,0.6690633797458723,0.15167769915544396,2.0994826143194096,0.2644628099173554,0.1652892561983471,-0.43333333333333335,2.566666666666667,0.6166666666666667,0.3,0.6333333333333333,-0.1652892561983471,-0.6611570247933884,1.2096774193548387
3,1,0,0,0.9835728952772074,0.4297520661157025,0.8546422949775403,2,1,0,6,5,4,3,2,1,0,1,1,0,0,0,1,1,1,1,1,0,0,0,1,1,0,0,0,0,0,0,0,1,0,0,0,0,0,0,0,0.9084489795918367,0.7843991853360488,1.3096177062374246,-0.0005231388329979697,1.060871287128713,0.7134411947728687,0.5504092554698568,0.4788480559993913,0.6690633797458723,0.15167769915544396,0.6611570247933884,0.2644628099173554,0.16666666666666666,-0.43333333333333335,2.5833333333333335,0.6333333333333333,0.3,0.628099173553719,-0.1652892561983471,-0.6290322580645161
4,1,0,0,-0.18275154004106775,0.9256198347107438,-0.11560030878138436,3,2,1,0,6,5,4,3,2,1,1,1,1,0,0,0,1,1,1,1,0,0,0,0,1,1,0,0,0,0,0,0,0,1,0,0,0,0,0,0,0.9819183673469387,0.9065987780040733,0.778430583501006,1.3113480885311872,-0.0005148514851484969,1.0401369010578718,0.7235558004092555,0.532108346648406,0.4788480559993913,0.6690633797458723,0.4297520661157025,0.6611570247933884,0.26666666666666666,0.16666666666666666,-0.4166666666666667,2.6,0.6333333333333333,0.2975206611570248,0.628099173553719,-0.14516129032258066
5,0,1,0,1.0657084188911705,1.3884297520661157,1.62829207798869,4,3,2,1,0,6,5,4,3,2,1,1,1,1,0,0,0,1,1,1,0,0,0,0,0,1,1,0,0,0,0,0,0,0,1,0,0,0,0,0,-0.177265306122449,0.979918533604888,0.8991549295774648,0.7801609657947687,1.2905742574257426,-0.002177971375233363,1.054108295293562,0.6994978315453093,0.532108346648406,0.4788480559993913,0.9256198347107438,0.4297520661157025,0.6666666666666666,0.26666666666666666,0.18333333333333332,-0.4,2.6,0.628099173553719,0.2975206611570248,0.6290322580645161
6,0,1,0,1.6817248459958931,1.3884297520661157,2.4096719927159933,5,4,3,2,1,0,6,5,4,3,0,1,1,1,1,0,0,0,1,1,1,0,0,0,0,0,1,1,0,0,0,0,0,0,0,1,0,0,0,0,1.0635510204081633,-0.1769042769857434,0.9715895372233401,0.9008853118712273,0.7678019801980198,1.2657125077784692,-0.0005115693373209328,1.0190595754393974,0.6994978315453093,0.532108346648406,1.3884297520661157,0.9256198347107438,0.43333333333333335,0.6666666666666666,0.2833333333333333,0.2,-0.4,2.5785123966942147,0.628099173553719,0.3064516129032258
0,1,0,0,0.2936344969199179,-0.4628099173553719,-0.004132871761725224,6,5,4,3,2,1,0,6,5,4,0,0,1,1,1,1,0,0,0,1,1,1,0,0,0,0,0,1,1,0,0,0,0,0,0,0,1,0,0,0,1.675795918367347,1.0613849287169042,-0.17126760563380283,0.9733199195171026,0.8866138613861386,0.7523335407591786,1.2823469227136786,-0.0004945598417408333,1.0190595754393974,0.6994978315453093,1.3884297520661157,1.3884297520661157,0.9333333333333333,0.43333333333333335,0.6833333333333333,0.3,0.2,-0.39669421487603307,2.5785123966942147,0.6290322580645161
1,1,0,0,1.4928131416837782,-0.2644628099173554,0.5923128716060393,0,6,5,4,3,2,1,0,6,5,1,0,0,1,1,1,1,0,0,0,0,1,1,0,0,0,0,0,1,1,0,0,0,0,0,0,0,1,0,0,0.29620408163265305,1.6723828920570265,1.0520724346076458,-0.16953722334004023,0.9579009900990099,0.8690105787181083,0.7629072878954825,1.2397093509853154,-0.0004945598417408333,1.0190595754393974,-0.4628099173553719,1.3884297520661157,1.4,0.9333333333333333,0.45,0.7,0.3,0.19834710743801653,-0.39669421487603307,2.532258064516129
2,1,0,0,0.23613963039014374,0.3305785123966942,0.08535224031674622,1,0,6,5,4,3,2,1,0,6,1,1,0,0,1,1,1,1,0,0,0,0,1,1,0,0,0,0,0,1,0,0,0,0,0,0,0,0,1,0,1.4880408163265306,0.2956008146639511,1.6556941649899397,1.0538028169014084,-0.16685148514851483,0.9390168014934661,0.8809617503541634,0.7375408962946055,1.2397093509853154,-0.0004945598417408333,-0.2644628099173554,-0.4628099173553719,1.4,1.4,0.95,0.4666666666666667,0.7,0.2975206611570248,0.19834710743801653,-0.3709677419354839
3,1,0,0,-0.15811088295687886,0.4297520661157025,-0.39290148203159103,2,1,0,6,5,4,3,2,1,0,1,1,1,0,0,1,1,1,1,0,0,0,0,1,1,0,0,0,0,0,0,0,0,0,0,0,0,0,0,1,0.2390612244897959,1.485010183299389,0.295533199195171,1.6574245472837021,1.0371089108910891,-0.16552582451773493,0.951794427829372,0.8516700905424941,0.7375408962946055,1.2397093509853154,0.3305785123966942,-0.2644628099173554,-0.4666666666666667,1.4,1.4166666666666667,0.9666666666666667,0.4666666666666667,0.6942148760330579,0.2975206611570248,0.20967741935483872
4,1,0,0,-0.36344969199178645,-0.7272727272727273,-0.3343926297512735,3,2,1,0,6,5,4,3,2,1,1,1,1,1,0,0,1,1,1,1,0,0,0,0,1,1,0,0,0,0,0,0,0,0,0,0,0,0,0,0,-0.15277551020408167,0.23857433808553968,1.4705835010060362,0.2972635814889336,1.6311683168316833,1.0168014934660858,-0.16578781677947424,0.9201476070912272,0.8516700905424941,0.7375408962946055,0.4297520661157025,0.3305785123966942,-0.26666666666666666,-0.4666666666666667,1.4166666666666667,1.4333333333333333,0.9666666666666667,0.4628099173553719,0.6942148760330579,0.3064516129032258
5,0,1,0,0.8439425051334702,0.2975206611570248,1.0323167938439441,4,3,2,1,0,6,5,4,3,2,1,1,1,1,1,0,0,1,1,1,0,0,0,0,0,1,1,0,0,0,0,0,0,0,0,0,0,0,0,0,-0.3568571428571429,-0.15246435845213852,0.23919517102615692,1.4723138832997988,0.2925544554455446,1.6001866832607343,1.030497402801826,-0.16027543178878487,0.9201476070912272,0.8516700905424941,-0.7272727272727273,0.4297520661157025,0.3333333333333333,-0.26666666666666666,-0.45,1.4333333333333333,1.4333333333333333,0.9586776859504132,0.4628099173553719,0.6935483870967742
6,0,1,0,0.9835728952772074,1.1900826446280992,1.209607441942735,5,4,3,2,1,0,6,5,4,3,0,1,1,1,1,1,0,0,1,1,1,0,0,0,0,0,1,1,0,0,0,0,0,0,0,0,0,0,0,0,0.8431428571428571,-0.35613034623217926,-0.14712273641851106,0.24092555331991952,1.448990099009901,0.28562538892345984,1.6207697150952305,0.9962337365898196,-0.16027543178878487,0.9201476070912272,0.2975206611570248,-0.7272727272727273,0.43333333333333335,0.3333333333333333,-0.25,-0.43333333333333335,1.4333333333333333,1.421487603305785,0.9586776859504132,0.46774193548387094
0,1,0,0,0.26899383983572894,1.0578512396694215,0.37779864201343466,6,5,4,3,2,1,0,6,5,4,0,0,1,1,1,1,1,0,0,1,1,1,0,0,0,0,0,1,1,0,0,0,0,0,0,0,0,0,0,0,0.9819183673469387,0.8414256619144602,-0.34832997987927566,-0.14539235412474846,0.23710891089108913,1.4212818917237087,0.2906894380607587,1.5668797078292627,0.9962337365898196,-0.16027543178878487,1.1900826446280992,0.2975206611570248,-0.7333333333333333,0.43333333333333335,0.35,-0.23333333333333334,-0.43333333333333335,1.421487603305785,1.421487603305785,0.9516129032258065
1,1,0,0,0.6714579055441479,-0.1652892561983471,0.7832010472035053,0,6,5,4,3,2,1,0,6,5,1,0,0,1,1,1,1,1,0,0,0,1,1,0,0,0,0,0,1,1,0,0,0,0,0,0,0,0,0,0,0.2717142857142857,0.979918533604888,0.8347686116700201,-0.34659959758551306,-0.14308910891089108,0.231176104542626,1.4397528726585864,0.28102411930305105,1.5668797078292627,0.9962337365898196,1.0578512396694215,1.1900826446280992,0.3,-0.7333333333333333,0.45,0.36666666666666664,-0.23333333333333334,-0.4297520661157025,1.421487603305785,1.403225806451613
2,1,0,0,-0.33880903490759756,0.19834710743801653,-0.1303580232627433,1,0,6,5,4,3,2,1,0,6,1,1,0,0,1,1,1,1,1,0,0,0,1,1,0,0,0,0,0,1,0,0,0,0,0,0,0,0,0,0,0.6717142857142857,0.2711608961303462,0.9715895372233401,0.8364989939637827,-0.3411089108910891,-0.14219041692594897,0.23559735558004094,1.3918816099825002,0.28102411930305105,1.5668797078292627,-0.1652892561983471,1.0578512396694215,1.2,0.3,-0.7166666666666667,0.4666666666666667,0.36666666666666664,-0.23140495867768596,-0.4297520661157025,1.403225806451613
3,1,0,0,0.08829568788501027,0.49586776859504134,0.266510440014781,2,1,0,6,5,4,3,2,1,0,1,1,1,0,0,1,1,1,1,1,0,0,0,1,1,0,0,0,0,0,0,0,0,0,0,0,0,0,0,0,-0.33236734693877557,0.6703462321792261,0.2713883299798793,0.9733199195171026,0.8232475247524753,-0.33665214685749845,-0.14217692428773807,0.22776382865403638,1.3918816099825002,0.28102411930305105,0.19834710743801653,-0.1652892561983471,1.0666666666666667,1.2,0.31666666666666665,-0.7,0.4666666666666667,0.36363636363636365,-0.23140495867768596,-0.4032258064516129
4,1,0,0,0.3347022587268994,1.8512396694214877,0.7066292296603084,3,2,1,0,6,5,4,3,2,1,1,1,1,1,0,0,1,1,1,1,0,0,0,0,1,1,0,0,0,0,0,0,0,0,0,0,0,0,0,0,0.0921224489795918,-0.3316904276985744,0.6657545271629779,0.2731187122736419,0.9579009900990099,0.8067828251400124,-0.3389343617188729,-0.13744959293920717,0.22776382865403638,1.3918816099825002,0.49586776859504134,0.19834710743801653,-0.16666666666666666,1.0666666666666667,1.2166666666666666,0.3333333333333333,-0.7,0.4628099173553719,0.36363636363636365,-0.20967741935483872
5,0,1,0,0.006160164271047228,1.487603305785124,0.1883370201889935,4,3,2,1,0,6,5,4,3,2,1,1,1,1,1,0,0,1,1,1,0,0,0,0,0,1,1,0,0,0,0,0,0,0,0,0,0,0,0,0,0.3370204081632653,0.09193482688391036,-0.3241851106639839,0.6674849094567404,0.2687920792079208,0.9390168014934661,0.8179993703762002,-0.32766491668568815,-0.13744959293920717,0.22776382865403638,1.8512396694214877,0.49586776859504134,0.2,-0.16666666666666666,1.0833333333333333,1.2333333333333334,0.3333333333333333,-0.6942148760330579,0.4628099173553719,0.3709677419354839
6,0,1,0,-0.17453798767967146,-1.322314049586777,-0.16844376445613848,5,4,3,2,1,0,6,5,4,3,0,1,1,1,1,1,0,0,1,1,1,0,0,0,0,0,1,1,0,0,0,0,0,0,0,0,0,0,0,0,0.01048979591836732,0.33633401221995923,0.09432595573440643,-0.3224547283702213,0.6569108910891089,0.2622899813316739,0.951794427829372,0.7908011869436201,-0.32766491668568815,-0.13744959293920717,1.487603305785124,1.8512396694214877,0.5,0.2,-0.15,1.1,1.2333333333333334,0.3305785123966942,-0.6942148760330579,0.46774193548387094
0,0,0,1,0.030800821355236138,0.4628099173553719,0.4176461195519831,6,5,4,3,2,1,0,6,5,4,0,0,1,1,1,1,1,0,0,1,1,1,0,0,0,0,0,1,1,0,0,0,0,0,0,0,0,0,0,0,-0.16910204081632657,0.010468431771894066,0.3357746478873239,0.09605633802816903,-0.31734653465346535,0.6434349719975109,0.2670785455690225,0.9201476070912272,0.7908011869436201,-0.32766491668568815,-1.322314049586777,1.487603305785124,1.8666666666666667,0.5,0.21666666666666667,-0.13333333333333333,1.1,1.2231404958677685,0.3305785123966942,-0.6612903225806451
