DIA_SEMANA,LABORAL,FIN_DE_SEMANA,FESTIVO,PORCENTAJE_USO,NUMERO_CONEXIONES,USAGE_KB,DIA_SEMANA_lag_1,DIA_SEMANA_lag_2,DIA_SEMANA_lag_3,DIA_SEMANA_lag_4,DIA_SEMANA_lag_5,DIA_SEMANA_lag_6,DIA_SEMANA_lag_7,DIA_SEMANA_lag_8,DIA_SEMANA_lag_9,DIA_SEMANA_lag_10,LABORAL_lag_1,LABORAL_lag_2,LABORAL_lag_3,LABORAL_lag_4,LABORAL_lag_5,LABORAL_lag_6,LABORAL_lag_7,LABORAL_lag_8,LABORAL_lag_9,LABORAL_lag_10,FIN_DE_SEMANA_lag_1,FIN_DE_SEMANA_lag_2,FIN_DE_SEMANA_lag_3,FIN_DE_SEMANA_lag_4,FIN_DE_SEMANA_lag_5,FIN_DE_SEMANA_lag_6,FIN_DE_SEMANA_lag_7,FIN_DE_SEMANA_lag_8,FIN_DE_SEMANA_lag_9,FIN_DE_SEMANA_lag_10,FESTIVO_lag_1,FESTIVO_lag_2,FESTIVO_lag_3,FESTIVO_lag_4,FESTIVO_lag_5,FESTIVO_lag_6,FESTIVO_lag_7,FESTIVO_lag_8,FESTIVO_lag_9,FESTIVO_lag_10,PORCENTAJE_USO_lag_1,PORCENTAJE_USO_lag_2,PORCENTAJE_USO_lag_3,PORCENTAJE_USO_lag_4,PORCENTAJE_USO_lag_5,PORCENTAJE_USO_lag_6,PORCENTAJE_USO_lag_7,PORCENTAJE_USO_lag_8,PORCENTAJE_USO_lag_9,PORCENTAJE_USO_lag_10,NUMERO_CONEXIONES_lag_1,NUMERO_CONEXIONES_lag_2,NUMERO_CONEXIONES_lag_3,NUMERO_CONEXIONES_lag_4,NUMERO_CONEXIONES_lag_5,NUMERO_CONEXIONES_lag_6,NUMERO_CONEXIONES_lag_7,NUMERO_CONEXIONES_lag_8,NUMERO_CONEXIONES_lag_9,NUMERO_CONEXIONES_lag_10
6,0,1,0,-0.856216537775134,-1.3529411764705883,-0.7359421825346231,5,4,3,2,1,0,6,5,4,3,0,1,1,1,1,0,0,0,1,1,1,0,0,0,0,0,1,1,0,0,0,0,0,0,0,1,0,0,0,0,-0.8531857612922525,-0.8453917742419694,-0.1731011708195736,-0.549204443110177,0.11179825878114683,10.090303212248573,6.93012264433144,1.5076877056536047,-0.8386670669468628,0.7675773041128788,-1.2941176470588236,-0.47058823529411764,-0.5294117647058824,-0.23529411764705882,-1.1176470588235294,-0.6376811594202898,-0.2318840579710145,-0.9444444444444444,-1.3333333333333333,-0.782608695652174
0,0,0,1,-0.852528256989887,0.29411764705882354,-0.7350551353269678,6,5,4,3,2,1,0,6,5,4,0,0,1,1,1,1,0,0,0,1,1,1,0,0,0,0,0,1,1,0,0,0,0,0,0,0,1,0,0,0,-0.8523481902482799,-0.8497148003602522,-0.8443710597418191,-0.1731011708195736,-0.5502251576103272,0.11179825878114683,10.047562069997008,6.93012264433144,1.5196637646352447,-0.8386670669468628,-1.3529411764705883,-1.2941176470588236,-0.47058823529411764,-0.5294117647058824,-0.23529411764705882,-1.1014492753623188,-0.6376811594202898,-0.2222222222222222,-0.9444444444444444,-1.3623188405797102
1,1,0,0,-0.26930398572278413,-0.058823529411764705,-0.6255748540343627,0,6,5,4,3,2,1,0,6,5,0,0,0,1,1,1,1,0,0,0,0,1,1,0,0,0,0,0,1,1,1,0,0,0,0,0,0,1,0,0,-0.8486389470535447,-0.8488742119483638,-0.848694085860102,-0.8443710597418191,-0.1741218853197238,-0.5502251576103272,0.10487586000598266,10.047562069997008,6.96163314320024,1.5196637646352447,0.29411764705882354,-1.3529411764705883,-1.2941176470588236,-0.47058823529411764,-0.5294117647058824,-0.2318840579710145,-1.1014492753623188,-0.6111111111111112,-0.2222222222222222,-0.9565217391304348
2,1,0,0,-0.7475907198096372,-0.17647058823529413,-0.7066610472714497,1,0,6,5,4,3,2,1,0,6,1,0,0,0,1,1,1,1,0,0,0,0,1,1,0,0,0,0,0,1,0,1,0,0,0,0,0,0,1,0,-0.2620999102602453,-0.8451516061242869,-0.8478534974482136,-0.848694085860102,-0.8453917742419694,-0.1741218853197238,-0.5547711636254861,0.10487586000598266,10.090303212248573,6.96163314320024,-0.058823529411764705,0.29411764705882354,-1.3529411764705883,-1.2941176470588236,-0.47058823529411764,-0.5217391304347826,-0.2318840579710145,-1.0555555555555556,-0.6111111111111112,-0.2028985507246377
3,1,0,0,-0.7972040452111839,-0.23529411764705882,-0.7133793040843038,2,1,0,6,5,4,3,2,1,0,1,1,0,0,0,1,1,1,1,0,0,0,0,1,1,0,0,0,0,0,0,0,1,0,0,0,0,0,0,1,-0.7431049955130122,-0.25649954968477934,-0.8441308916241367,-0.8478534974482136,-0.8497148003602522,-0.8453917742419694,-0.18001794795094228,-0.5547711636254861,0.11179825878114683,10.090303212248573,-0.17647058823529413,-0.058823529411764705,0.29411764705882354,-1.3529411764705883,-1.2941176470588236,-0.463768115942029,-0.5217391304347826,-0.2222222222222222,-1.0555555555555556,-0.6086956521739131
4,1,0,0,-0.858834027364664,-0.7058823529411765,-0.7361094420403372,3,2,1,0,6,5,4,3,2,1,1,1,1,0,0,0,1,1,1,1,0,0,0,0,1,1,0,0,0,0,0,0,0,1,0,0,0,0,0,0,-0.7930002991325158,-0.7392374662263584,-0.2554788351846291,-0.8441308916241367,-0.8488742119483638,-0.8497148003602522,-0.8488782530661083,-0.18001794795094228,-0.5502251576103272,0.11179825878114683,-0.23529411764705882,-0.17647058823529413,-0.058823529411764705,0.29411764705882354,-1.3529411764705883,-1.2753623188405796,-0.463768115942029,-0.5,-0.2222222222222222,-1.0724637681159421
5,0,1,0,-0.556276026174896,-0.6470588235294118,-0.5599583781153088,4,3,2,1,0,6,5,4,3,2,1,1,1,1,0,0,0,1,1,1,0,0,0,0,0,1,1,0,0,0,0,0,0,0,1,0,0,0,0,0,-0.8549805563864792,-0.7893125187631342,-0.7382167517262083,-0.2554788351846291,-0.8451516061242869,-0.8488742119483638,-0.8531857612922525,-0.8488782530661083,-0.1741218853197238,-0.5502251576103272,-0.7058823529411765,-0.23529411764705882,-0.17647058823529413,-0.058823529411764705,0.29411764705882354,-1.3333333333333333,-1.2753623188405796,-0.4444444444444444,-0.5,-0.2028985507246377
6,0,1,0,-0.6875074360499703,-0.8235294117647058,-0.6457167583571006,5,4,3,2,1,0,6,5,4,3,0,1,1,1,1,0,0,0,1,1,1,0,0,0,0,0,1,1,0,0,0,0,0,0,0,1,0,0,0,0,-0.5507029614119056,-0.8515160612428699,-0.788291804262984,-0.7382167517262083,-0.25649954968477934,-0.8451516061242869,-0.8523481902482799,-0.8531857612922525,-0.8453917742419694,-0.1741218853197238,-0.6470588235294118,-0.7058823529411765,-0.23529411764705882,-0.17647058823529413,-0.058823529411764705,0.2898550724637681,-1.3333333333333333,-1.2222222222222223,-0.4444444444444444,-0.4927536231884058
0,1,0,0,-0.7976799524092802,-0.17647058823529413,-0.7009349109454817,6,5,4,3,2,1,0,6,5,4,0,0,1,1,1,1,0,0,0,1,1,1,0,0,0,0,0,1,1,0,0,0,0,0,0,0,1,0,0,0,-0.6826802273407119,-0.5461422996097268,-0.8504953467427198,-0.788291804262984,-0.7392374662263584,-0.25649954968477934,-0.8486389470535447,-0.8523481902482799,-0.8497148003602522,-0.8453917742419694,-0.8235294117647058,-0.6470588235294118,-0.7058823529411765,-0.23529411764705882,-0.17647058823529413,-0.057971014492753624,0.2898550724637681,-1.2777777777777777,-1.2222222222222223,-0.43478260869565216
1,1,0,0,-0.6476502082093992,1.411764705882353,-0.6333995968080953,0,6,5,4,3,2,1,0,6,5,1,0,0,1,1,1,1,0,0,0,0,1,1,0,0,0,0,0,1,1,0,0,0,0,0,0,0,1,0,0,-0.7934789111576428,-0.6785950165115581,-0.5451215851095766,-0.8504953467427198,-0.7893125187631342,-0.7392374662263584,-0.2620999102602453,-0.8486389470535447,-0.8488742119483638,-0.8497148003602522,-0.17647058823529413,-0.8235294117647058,-0.6470588235294118,-0.7058823529411765,-0.23529411764705882,-0.17391304347826086,-0.057971014492753624,0.2777777777777778,-1.2777777777777777,-1.2463768115942029
2,1,0,0,-0.14544913741820356,0.4117647058823529,-0.32470002070193776,1,0,6,5,4,3,2,1,0,6,1,1,0,0,1,1,1,1,0,0,0,0,1,1,0,0,0,0,0,1,0,0,0,0,0,0,0,0,1,0,-0.6425964702363146,-0.7897928549984988,-0.6775743020114078,-0.5451215851095766,-0.8515160612428699,-0.7893125187631342,-0.7431049955130122,-0.2620999102602453,-0.8451516061242869,-0.8488742119483638,1.411764705882353,-0.17647058823529413,-0.8235294117647058,-0.6470588235294118,-0.7058823529411765,-0.2318840579710145,-0.17391304347826086,-0.05555555555555555,0.2777777777777778,-1.3043478260869565
3,1,0,0,0.002201070791195575,0.7647058823529411,-0.2649233317986321,2,1,0,6,5,4,3,2,1,0,1,1,1,0,0,1,1,1,1,0,0,0,0,1,1,0,0,0,0,0,0,0,0,0,0,0,0,0,0,1,-0.1375411307209094,-0.6383668567997598,-0.7887721404983487,-0.6775743020114078,-0.5461422996097268,-0.8515160612428699,-0.7930002991325158,-0.7431049955130122,-0.25649954968477934,-0.8451516061242869,0.4117647058823529,1.411764705882353,-0.17647058823529413,-0.8235294117647058,-0.6470588235294118,-0.6956521739130435,-0.2318840579710145,-0.16666666666666666,-0.05555555555555555,0.3188405797101449
4,1,0,0,-0.8287328970850685,-0.17647058823529413,-0.7194074367400336,3,2,1,0,6,5,4,3,2,1,1,1,1,1,0,0,1,1,1,1,0,0,0,0,1,1,0,0,0,0,0,0,0,0,0,0,0,0,0,0,0.010948250074783034,-0.1314920444311018,-0.6373461422996095,-0.7887721404983487,-0.6785950165115581,-0.5461422996097268,-0.8549805563864792,-0.7930002991325158,-0.7392374662263584,-0.25649954968477934,0.7647058823529411,0.4117647058823529,1.411764705882353,-0.17647058823529413,-0.8235294117647058,-0.6376811594202898,-0.6956521739130435,-0.2222222222222222,-0.16666666666666666,-0.028985507246376812
5,0,1,0,0.07299226650803083,-0.5294117647058824,-0.25522549699616404,4,3,2,1,0,6,5,4,3,2,1,1,1,1,1,0,0,1,1,1,0,0,0,0,0,1,1,0,0,0,0,0,0,0,0,0,0,0,0,0,-0.8247083457971881,0.017532272590813493,-0.1304713299309516,-0.6373461422996095,-0.7897928549984988,-0.6785950165115581,-0.5507029614119056,-0.8549805563864792,-0.7893125187631342,-0.7392374662263584,-0.17647058823529413,0.7647058823529411,0.4117647058823529,1.411764705882353,-0.17647058823529413,-0.8115942028985508,-0.6376811594202898,-0.6666666666666666,-0.2222222222222222,-0.14492753623188406
6,0,1,0,-0.0022010707911957438,0.4117647058823529,-0.32255495328036365,5,4,3,2,1,0,6,5,4,3,0,1,1,1,1,1,0,0,1,1,1,0,0,0,0,0,1,1,0,0,0,0,0,0,0,0,0,0,0,0,0.08214178881244386,-0.8211347943560491,0.018552987090963695,-0.1304713299309516,-0.6383668567997598,-0.7897928549984988,-0.6826802273407119,-0.5507029614119056,-0.8515160612428699,-0.7893125187631342,-0.5294117647058824,-0.17647058823529413,0.7647058823529411,0.4117647058823529,1.411764705882353,-0.17391304347826086,-0.8115942028985508,-0.6111111111111112,-0.6666666666666666,-0.2028985507246377
0,1,0,0,0.4530041641879832,0.8235294117647058,-0.10661757052172725,6,5,4,3,2,1,0,6,5,4,0,0,1,1,1,1,1,0,0,1,1,1,0,0,0,0,0,1,1,0,0,0,0,0,0,0,0,0,0,0,0.006521088842357184,0.08898228760132088,-0.8201140798558989,0.018552987090963695,-0.1314920444311018,-0.6383668567997598,-0.7934789111576428,-0.6826802273407119,-0.5461422996097268,-0.8515160612428699,0.4117647058823529,-0.5294117647058824,-0.17647058823529413,0.7647058823529411,0.4117647058823529,1.391304347826087,-0.17391304347826086,-0.7777777777777778,-0.6111111111111112,-0.6666666666666666
1,1,0,0,1.9180844735276623,1.3529411764705883,0.8557557417945676,0,6,5,4,3,2,1,0,6,5,1,0,0,1,1,1,1,1,0,0,0,1,1,0,0,0,0,0,1,1,0,0,0,0,0,0,0,0,0,0,0.4643134908764582,0.013089162413689622,0.09000300210147108,-0.8201140798558989,0.017532272590813493,-0.1314920444311018,-0.6425964702363146,-0.7934789111576428,-0.6785950165115581,-0.5461422996097268,0.8235294117647058,0.4117647058823529,-0.5294117647058824,-0.17647058823529413,0.7647058823529411,0.4057971014492754,1.391304347826087,-0.16666666666666666,-0.7777777777777778,-0.6086956521739131
2,1,0,0,-0.14080904223676394,0.8235294117647058,-0.3466153046557738,1,0,6,5,4,3,2,1,0,6,1,1,0,0,1,1,1,1,1,0,0,0,1,1,0,0,0,0,0,1,0,0,0,0,0,0,0,0,0,0,1.937720610230332,0.47253077154007794,0.014109876913839824,0.09000300210147108,-0.8211347943560491,0.017532272590813493,-0.1375411307209094,-0.6425964702363146,-0.7897928549984988,-0.6785950165115581,1.3529411764705883,0.8235294117647058,0.4117647058823529,-0.5294117647058824,-0.17647058823529413,0.7536231884057971,0.4057971014492754,1.3333333333333333,-0.16666666666666666,-0.782608695652174
3,1,0,0,-0.8321832242712672,0.29411764705882354,-0.7198720464781286,2,1,0,6,5,4,3,2,1,0,1,1,1,0,0,1,1,1,1,1,0,0,0,1,1,0,0,0,0,0,0,0,0,0,0,0,0,0,0,0,-0.13287466347591986,1.9512458721104773,0.4735514860402282,0.014109876913839824,0.08898228760132088,-0.8211347943560491,0.010948250074783034,-0.1375411307209094,-0.6383668567997598,-0.7897928549984988,0.8235294117647058,1.3529411764705883,0.8235294117647058,0.4117647058823529,-0.5294117647058824,-0.17391304347826086,0.7536231884057971,0.3888888888888889,1.3333333333333333,-0.14492753623188406
4,1,0,0,-0.6044616299821536,-0.4117647058823529,-0.5661205328108737,3,2,1,0,6,5,4,3,2,1,1,1,1,1,0,0,1,1,1,1,0,0,0,0,1,1,0,0,0,0,0,0,0,0,0,0,0,0,0,0,-0.8281782829793599,-0.12680876613629544,1.9522665866106275,0.4735514860402282,0.013089162413689622,0.08898228760132088,-0.8247083457971881,0.010948250074783034,-0.1314920444311018,-0.6383668567997598,0.29411764705882354,0.8235294117647058,1.3529411764705883,0.8235294117647058,0.4117647058823529,-0.5217391304347826,-0.17391304347826086,0.7222222222222222,0.3888888888888889,1.4202898550724639
5,0,1,0,0.47108863771564546,-0.47058823529411764,0.17459033259713538,4,3,2,1,0,6,5,4,3,2,1,1,1,1,1,0,0,1,1,1,0,0,0,0,0,1,1,0,0,0,0,0,0,0,0,0,0,0,0,0,-0.5991624289560276,-0.8246172320624436,-0.12578805163614523,1.9522665866106275,0.47253077154007794,0.013089162413689622,0.08214178881244386,-0.8247083457971881,0.017532272590813493,-0.1314920444311018,-0.4117647058823529,0.29411764705882354,0.8235294117647058,1.3529411764705883,0.8235294117647058,0.4057971014492754,-0.5217391304347826,-0.16666666666666666,0.7222222222222222,0.43478260869565216
6,0,1,0,-0.4012492563950031,0.7647058823529411,-0.40367617094386093,5,4,3,2,1,0,6,5,4,3,0,1,1,1,1,1,0,0,1,1,1,0,0,0,0,0,1,1,0,0,0,0,0,0,0,0,0,0,0,0,0.48250074783128927,-0.5947763434404083,-0.8235965175622935,-0.12578805163614523,1.9512458721104773,0.47253077154007794,0.006521088842357184,0.08214178881244386,-0.8211347943560491,0.017532272590813493,-0.47058823529411764,-0.4117647058823529,0.29411764705882354,0.8235294117647058,1.3529411764705883,0.8115942028985508,0.4057971014492754,-0.5,-0.16666666666666666,0.782608695652174
0,1,0,0,-0.2565734681737062,-0.35294117647058826,-0.3585178913615558,6,5,4,3,2,1,0,6,5,4,0,0,1,1,1,1,1,0,0,1,1,1,0,0,0,0,0,1,1,0,0,0,0,0,0,0,0,0,0,0,-0.39479509422674247,0.4907835484839388,-0.593755628940258,-0.8235965175622935,-0.12680876613629544,1.9512458721104773,0.4643134908764582,0.006521088842357184,0.08898228760132088,-0.8211347943560491,0.7647058823529411,-0.47058823529411764,-0.4117647058823529,0.29411764705882354,0.8235294117647058,1.3333333333333333,0.8115942028985508,0.3888888888888889,-0.5,-0.14492753623188406
1,1,0,0,-0.4621653777513386,-0.11764705882352941,-0.5135835358034072,0,6,5,4,3,2,1,0,6,5,1,0,0,1,1,1,1,1,0,0,0,1,1,0,0,0,0,0,1,1,0,0,0,0,0,0,0,0,0,0,-0.24929703858809452,-0.38967277093965774,0.49180426298408897,-0.593755628940258,-0.8246172320624436,-0.12680876613629544,1.937720610230332,0.4643134908764582,0.013089162413689622,0.08898228760132088,-0.35294117647058826,0.7647058823529411,-0.47058823529411764,-0.4117647058823529,0.29411764705882354,0.8115942028985508,1.3333333333333333,0.7777777777777778,0.3888888888888889,-0.4927536231884058
2,1,0,0,0.21374182034503258,1.1176470588235294,0.008235743695893628,1,0,6,5,4,3,2,1,0,6,1,1,0,0,1,1,1,1,1,0,0,0,1,1,0,0,0,0,0,1,0,0,0,0,0,0,0,0,0,0,-0.45605743344301525,-0.24365055538877212,-0.38865205643950756,0.49180426298408897,-0.5947763434404083,-0.8246172320624436,-0.13287466347591986,1.937720610230332,0.47253077154007794,0.013089162413689622,-0.11764705882352941,-0.35294117647058826,0.7647058823529411,-0.47058823529411764,-0.4117647058823529,0.2898550724637681,0.8115942028985508,1.2777777777777777,0.7777777777777778,0.43478260869565216
3,1,0,0,-0.017192147531231498,0.35294117647058826,-0.15591194894939675,2,1,0,6,5,4,3,2,1,0,1,1,1,0,0,1,1,1,1,1,0,0,0,1,1,0,0,0,0,0,0,0,0,0,0,0,0,0,0,0,0.22369129524379291,-0.4511558090663464,-0.2426298408886219,-0.38865205643950756,0.4907835484839388,-0.5947763434404083,-0.8281782829793599,-0.13287466347591986,1.9512458721104773,0.47253077154007794,1.1176470588235294,-0.11764705882352941,-0.35294117647058826,0.7647058823529411,-0.47058823529411764,-0.4057971014492754,0.2898550724637681,0.7777777777777778,1.2777777777777777,0.8405797101449275
4,1,0,0,-0.7379535990481857,-0.17647058823529413,-0.6543392003119318,3,2,1,0,6,5,4,3,2,1,1,1,1,1,0,0,1,1,1,1,0,0,0,0,1,1,0,0,0,0,0,0,0,0,0,0,0,0,0,0,-0.008555189949147514,0.23104172921044724,-0.4501350945661962,-0.2426298408886219,-0.38967277093965774,0.4907835484839388,-0.5991624289560276,-0.8281782829793599,-0.12680876613629544,1.9512458721104773,0.35294117647058826,1.1176470588235294,-0.11764705882352941,-0.35294117647058826,0.7647058823529411,-0.463768115942029,-0.4057971014492754,0.2777777777777778,0.7777777777777778,1.3623188405797102
5,0,1,0,-0.6160023795359906,-0.11764705882352941,-0.5863371320838131,4,3,2,1,0,6,5,4,3,2,1,1,1,1,1,0,0,1,1,1,0,0,0,0,0,1,1,0,0,0,0,0,0,0,0,0,0,0,0,0,-0.7334131020041879,-0.0020414290003002303,0.23206244371059745,-0.4501350945661962,-0.24365055538877212,-0.38967277093965774,0.48250074783128927,-0.5991624289560276,-0.8246172320624436,-0.12680876613629544,-0.17647058823529413,0.35294117647058826,1.1176470588235294,-0.11764705882352941,-0.35294117647058826,0.7536231884057971,-0.463768115942029,-0.3888888888888889,0.2777777777777778,0.8405797101449275
6,0,0,1,-0.4584770969660917,-0.058823529411764705,-0.41645007960462427,5,4,3,2,1,0,6,5,4,3,0,1,1,1,1,1,0,0,1,1,1,0,0,0,0,0,1,1,0,0,0,0,0,0,0,0,0,0,0,0,-0.6107687705653605,-0.7295106574602221,-0.00102071450015003,0.23206244371059745,-0.4511558090663464,-0.24365055538877212,-0.39479509422674247,0.48250074783128927,-0.5947763434404083,-0.8246172320624436,-0.11764705882352941,-0.17647058823529413,0.35294117647058826,1.1176470588235294,-0.11764705882352941,-0.34782608695652173,0.7536231884057971,-0.4444444444444444,-0.3888888888888889,0.3188405797101449
0,1,0,0,-0.1662700773349198,0.8235294117647058,-0.1746954058763661,6,5,4,3,2,1,0,6,5,4,0,0,1,1,1,1,1,0,0,1,0,1,0,0,0,0,0,1,1,0,1,0,0,0,0,0,0,0,0,0,-0.45234819024828,-0.6064244971480036,-0.7284899429600719,-0.00102071450015003,0.23104172921044724,-0.4511558090663464,-0.24929703858809452,-0.39479509422674247,0.4907835484839388,-0.5947763434404083,-0.058823529411764705,-0.11764705882352941,-0.17647058823529413,0.35294117647058826,1.1176470588235294,-0.11594202898550725,-0.34782608695652173,0.7222222222222222,-0.4444444444444444,-0.37681159420289856
1,1,0,0,-0.36579417013682336,0.5882352941176471,-0.28721530703243126,0,6,5,4,3,2,1,0,6,5,1,0,0,1,1,1,1,1,0,0,0,0,1,0,0,0,0,0,1,1,0,1,0,0,0,0,0,0,0,0,-0.1584804068202214,-0.44743320324226954,-0.6054037826478533,-0.7284899429600719,-0.0020414290003002303,0.23104172921044724,-0.45605743344301525,-0.24929703858809452,-0.38967277093965774,0.4907835484839388,0.8235294117647058,-0.058823529411764705,-0.11764705882352941,-0.17647058823529413,0.35294117647058826,1.1014492753623188,-0.11594202898550725,-0.3333333333333333,0.7222222222222222,-0.43478260869565216
2,1,0,0,-0.4083878643664486,0.11764705882352941,-0.3277106918047935,1,0,6,5,4,3,2,1,0,6,1,1,0,0,1,1,1,1,1,0,0,0,0,1,0,0,0,0,0,1,0,0,1,0,0,0,0,0,0,0,-0.3591384983547712,-0.15250675472830985,-0.4464124887421193,-0.6054037826478533,-0.7295106574602221,-0.0020414290003002303,0.22369129524379291,-0.45605743344301525,-0.24365055538877212,-0.38967277093965774,0.5882352941176471,0.8235294117647058,-0.058823529411764705,-0.11764705882352941,-0.17647058823529413,0.34782608695652173,1.1014492753623188,-0.1111111111111111,-0.3333333333333333,0.782608695652174
3,1,0,0,-0.31784651992861396,-0.058823529411764705,-0.1779494610035624,2,1,0,6,5,4,3,2,1,0,1,1,1,0,0,1,1,1,1,1,0,0,0,0,1,0,0,0,0,0,0,0,0,1,0,0,0,0,0,0,-0.4019742746036494,-0.3538877214049834,-0.15148604022815965,-0.4464124887421193,-0.6064244971480036,-0.7295106574602221,-0.008555189949147514,0.22369129524379291,-0.4511558090663464,-0.24365055538877212,0.11764705882352941,0.5882352941176471,0.8235294117647058,-0.058823529411764705,-0.11764705882352941,-0.17391304347826086,0.34782608695652173,1.0555555555555556,-0.1111111111111111,-0.3188405797101449
4,1,0,0,-0.02254610350981571,-0.11764705882352941,0.11673355408848081,3,2,1,0,6,5,4,3,2,1,1,1,1,1,0,0,1,1,1,1,0,0,0,0,0,1,0,0,0,0,0,0,0,0,1,0,0,0,0,0,-0.3109183368232127,-0.39687781447012904,-0.35286700690483325,-0.15148604022815965,-0.44743320324226954,-0.6064244971480036,-0.7334131020041879,-0.008555189949147514,0.23104172921044724,-0.4511558090663464,-0.058823529411764705,0.11764705882352941,0.5882352941176471,0.8235294117647058,-0.058823529411764705,-0.11594202898550725,-0.17391304347826086,0.3333333333333333,1.0555555555555556,-0.08695652173913043
5,0,1,0,-0.6386079714455681,-0.17647058823529413,-0.5347386467472985,4,3,2,1,0,6,5,4,3,2,1,1,1,1,1,0,0,1,1,1,0,0,0,0,0,0,1,0,0,0,0,0,0,0,0,1,0,0,0,0,-0.013939575231827773,-0.30549384569198434,-0.3958570999699788,-0.35286700690483325,-0.15250675472830985,-0.44743320324226954,-0.6107687705653605,-0.7334131020041879,-0.0020414290003002303,0.23104172921044724,-0.11764705882352941,-0.058823529411764705,0.11764705882352941,0.5882352941176471,0.8235294117647058,-0.057971014492753624,-0.11594202898550725,-0.16666666666666666,0.3333333333333333,1.1304347826086956
6,0,1,0,-0.49535990481856046,-0.7647058823529411,-0.41222463273270316,5,4,3,2,1,0,6,5,4,3,0,1,1,1,1,1,0,0,1,1,1,0,0,0,0,0,0,1,0,0,0,0,0,0,0,0,1,0,0,0,-0.6335028417588991,-0.007445211648153762,-0.30447313119183417,-0.3958570999699788,-0.3538877214049834,-0.15250675472830985,-0.45234819024828,-0.6107687705653605,-0.7295106574602221,-0.0020414290003002303,-0.17647058823529413,-0.11764705882352941,-0.058823529411764705,0.11764705882352941,0.5882352941176471,0.8115942028985508,-0.057971014492753624,-0.1111111111111111,-0.16666666666666666,0.37681159420289856
0,1,0,0,0.008030933967876231,0.5294117647058824,0.13037163686210088,6,5,4,3,2,1,0,6,5,4,0,0,1,1,1,1,1,0,0,1,1,1,0,0,0,0,0,0,1,0,0,0,0,0,0,0,0,1,0,0,-0.48944062219563267,-0.6292404683278294,-0.006424497148003561,-0.30447313119183417,-0.39687781447012904,-0.3538877214049834,-0.1584804068202214,-0.45234819024828,-0.6064244971480036,-0.7295106574602221,-0.7647058823529411,-0.17647058823529413,-0.11764705882352941,-0.058823529411764705,0.11764705882352941,0.5797101449275363,0.8115942028985508,-0.05555555555555555,-0.1111111111111111,-0.14492753623188406
1,1,0,0,0.43694229625223074,1.2941176470588236,0.4609679125325707,0,6,5,4,3,2,1,0,6,5,1,0,0,1,1,1,1,1,0,0,0,1,1,0,0,0,0,0,0,1,0,0,0,0,0,0,0,0,1,0,0.016811247382590502,-0.48465926148303806,-0.6282197538276793,-0.006424497148003561,-0.30549384569198434,-0.39687781447012904,-0.3591384983547712,-0.1584804068202214,-0.44743320324226954,-0.6064244971480036,0.5294117647058824,-0.7647058823529411,-0.17647058823529413,-0.11764705882352941,-0.058823529411764705,0.11594202898550725,0.5797101449275363,0.7777777777777778,-0.05555555555555555,-0.08695652173913043
2,1,0,0,0.7938726948245092,1.2352941176470589,0.8259320853141419,1,0,6,5,4,3,2,1,0,6,1,1,0,0,1,1,1,1,1,0,0,0,1,1,0,0,0,0,0,0,0,0,0,0,0,0,0,0,0,1,0.44816033502841757,0.023416391474031854,-0.4836385469828879,-0.6282197538276793,-0.007445211648153762,-0.30549384569198434,-0.4019742746036494,-0.3591384983547712,-0.15250675472830985,-0.44743320324226954,1.2941176470588236,0.5294117647058824,-0.7647058823529411,-0.17647058823529413,-0.11764705882352941,-0.057971014492753624,0.11594202898550725,0.5555555555555556,0.7777777777777778,-0.028985507246376812
3,1,0,0,-0.16032123735871515,-0.11764705882352941,-0.13956411922636403,2,1,0,6,5,4,3,2,1,0,1,1,1,0,0,1,1,1,1,1,0,0,0,1,1,0,0,0,0,0,0,0,0,0,0,0,0,0,0,0,0.807119353873766,0.4563194235965175,0.024437105974182055,-0.4836385469828879,-0.6292404683278294,-0.007445211648153762,-0.3109183368232127,-0.4019742746036494,-0.3538877214049834,-0.15250675472830985,1.2352941176470589,1.2941176470588236,0.5294117647058824,-0.7647058823529411,-0.17647058823529413,-0.11594202898550725,-0.057971014492753624,0.1111111111111111,0.5555555555555556,0.8405797101449275
4,1,0,0,1.4958358120166568,-0.11764705882352941,1.414163752953064,3,2,1,0,6,5,4,3,2,1,1,1,1,1,0,0,1,1,1,1,0,0,0,0,1,1,0,0,0,0,0,0,0,0,0,0,0,0,0,0,-0.15249775650613226,0.816571600120084,0.45734013809666774,0.024437105974182055,-0.48465926148303806,-0.6292404683278294,-0.013939575231827773,-0.3109183368232127,-0.39687781447012904,-0.3538877214049834,-0.11764705882352941,1.2352941176470589,1.2941176470588236,0.5294117647058824,-0.7647058823529411,-0.17391304347826086,-0.11594202898550725,-0.05555555555555555,0.1111111111111111,0.6086956521739131
5,0,1,0,0.3536585365853658,0.29411764705882354,0.21146104662814397,4,3,2,1,0,6,5,4,3,2,1,1,1,1,1,0,0,1,1,1,0,0,0,0,0,1,1,0,0,0,0,0,0,0,0,0,0,0,0,0,1.5130720909362847,-0.1465025517862504,0.8175923146202342,0.45734013809666774,0.023416391474031854,-0.48465926148303806,-0.6335028417588991,-0.013939575231827773,-0.30549384569198434,-0.39687781447012904,-0.11764705882352941,-0.11764705882352941,1.2352941176470589,1.2941176470588236,0.5294117647058824,-0.7536231884057971,-0.17391304347826086,-0.1111111111111111,-0.05555555555555555,0.14492753623188406
6,0,1,0,-0.42088042831647837,0.17647058823529413,-0.3144557333690487,5,4,3,2,1,0,6,5,4,3,0,1,1,1,1,1,0,0,1,1,1,0,0,0,0,0,1,1,0,0,0,0,0,0,0,0,0,0,0,0,0.3644032306311696,1.5250675472830981,-0.1454818372861002,0.8175923146202342,0.4563194235965175,0.023416391474031854,-0.48944062219563267,-0.6335028417588991,-0.007445211648153762,-0.30549384569198434,0.29411764705882354,-0.11764705882352941,-0.11764705882352941,1.2352941176470589,1.2941176470588236,0.5217391304347826,-0.7536231884057971,-0.16666666666666666,-0.1111111111111111,-0.028985507246376812
0,1,0,0,-0.2911957168352172,-0.5294117647058824,-0.30855840622419795,6,5,4,3,2,1,0,6,5,4,0,0,1,1,1,1,1,0,0,1,1,1,0,0,0,0,0,1,1,0,0,0,0,0,0,0,0,0,0,0,-0.41453784026323665,0.37226058240768534,1.5260882617832483,-0.1454818372861002,0.816571600120084,0.4563194235965175,0.016811247382590502,-0.48944062219563267,-0.6292404683278294,-0.007445211648153762,0.17647058823529413,0.29411764705882354,-0.11764705882352941,-0.11764705882352941,1.2352941176470589,1.2753623188405796,0.5217391304347826,-0.7222222222222222,-0.16666666666666666,-0.08695652173913043
1,1,0,0,-0.5993456276026176,-0.8823529411764706,-0.5499102990487383,0,6,5,4,3,2,1,0,6,5,1,0,0,1,1,1,1,1,0,0,0,1,1,0,0,0,0,0,1,1,0,0,0,0,0,0,0,0,0,0,-0.28411606341609336,-0.4094866406484539,0.37328129690783557,1.5260882617832483,-0.1465025517862504,0.816571600120084,0.44816033502841757,0.016811247382590502,-0.48465926148303806,-0.6292404683278294,-0.5294117647058824,0.17647058823529413,0.29411764705882354,-0.11764705882352941,-0.11764705882352941,1.2173913043478262,1.2753623188405796,0.5,-0.7222222222222222,-0.14492753623188406
2,0,0,1,-0.048483045806067854,-0.9411764705882353,-0.04857351854940977,1,0,6,5,4,3,2,1,0,6,1,1,0,0,1,1,1,1,1,0,0,0,1,1,0,0,0,0,0,1,0,0,0,0,0,0,0,0,0,0,-0.5940173496859109,-0.2785950165115581,-0.4084659261483037,0.37328129690783557,1.5250675472830981,-0.1465025517862504,0.807119353873766,0.44816033502841757,0.023416391474031854,-0.48465926148303806,-0.8823529411764706,-0.5294117647058824,0.17647058823529413,0.29411764705882354,-0.11764705882352941,-0.11594202898550725,1.2173913043478262,1.2222222222222223,0.5,-0.7246376811594203
3,1,0,0,-0.690957763236169,-1.1176470588235294,-0.5973787612056944,2,1,0,6,5,4,3,2,1,0,0,1,1,0,0,1,1,1,1,1,0,0,0,1,1,0,0,0,0,0,1,0,0,0,0,0,0,0,0,0,-0.04002393060125634,-0.5896127289102372,-0.2775743020114079,-0.4084659261483037,0.37226058240768534,1.5250675472830981,-0.15249775650613226,0.807119353873766,0.4563194235965175,0.023416391474031854,-0.9411764705882353,-0.8823529411764706,-0.5294117647058824,0.17647058823529413,0.29411764705882354,-0.11594202898550725,-0.11594202898550725,1.1666666666666667,1.2222222222222223,0.5507246376811594
4,1,0,0,-0.49821534800713874,-0.7058823529411765,-0.38294599921427347,3,2,1,0,6,5,4,3,2,1,1,0,1,1,0,0,1,1,1,1,0,0,0,0,1,1,0,0,0,0,0,1,0,0,0,0,0,0,0,0,-0.6861501645228836,-0.03362353647553284,-0.5885920144100869,-0.2775743020114079,-0.4094866406484539,0.37226058240768534,1.5130720909362847,-0.15249775650613226,0.816571600120084,0.4563194235965175,-1.1176470588235294,-0.9411764705882353,-0.8823529411764706,-0.5294117647058824,0.17647058823529413,0.2898550724637681,-0.11594202898550725,-0.1111111111111111,1.1666666666666667,1.3043478260869565
5,0,1,0,-0.46728138013087456,-1.3529411764705883,-0.4592617226174433,4,3,2,1,0,6,5,4,3,2,1,1,0,1,1,0,0,1,1,1,0,0,0,0,0,1,1,0,0,0,0,0,1,0,0,0,0,0,0,0,-0.49231229434639545,-0.6820774542179525,-0.03260282197538263,-0.5885920144100869,-0.2785950165115581,-0.4094866406484539,0.3644032306311696,1.5130720909362847,-0.1465025517862504,0.816571600120084,-0.7058823529411765,-1.1176470588235294,-0.9411764705882353,-0.8823529411764706,-0.5294117647058824,0.17391304347826086,0.2898550724637681,-0.1111111111111111,-0.1111111111111111,1.2463768115942029
6,0,1,0,-0.47441998810232017,-0.9411764705882353,-0.36204034796052853,5,4,3,2,1,0,6,5,4,3,0,1,1,0,1,1,0,0,1,1,1,0,0,0,0,0,1,1,0,0,0,0,0,1,0,0,0,0,0,0,-0.4612025127131319,-0.48754127889522664,-0.6810567397178023,-0.03260282197538263,-0.5896127289102372,-0.2785950165115581,-0.41453784026323665,0.3644032306311696,1.5250675472830981,-0.1465025517862504,-1.3529411764705883,-0.7058823529411765,-1.1176470588235294,-0.9411764705882353,-0.8823529411764706,-0.5217391304347826,0.17391304347826086,0.2777777777777778,-0.1111111111111111,-0.08695652173913043
0,1,0,0,-0.17697798929208813,-1.0588235294117647,-0.23471976750928705,6,5,4,3,2,1,0,6,5,4,0,0,1,1,0,1,1,0,0,1,1,1,0,0,0,0,0,1,1,0,0,0,0,0,1,0,0,0,0,0,-0.4683816930900389,-0.4563194235965175,-0.48652056439507646,-0.6810567397178023,-0.03362353647553284,-0.5896127289102372,-0.28411606341609336,-0.41453784026323665,0.37226058240768534,1.5250675472830981,-0.9411764705882353,-1.3529411764705883,-0.7058823529411765,-1.1176470588235294,-0.9411764705882353,-0.8695652173913043,-0.5217391304347826,0.16666666666666666,0.2777777777777778,-0.08695652173913043
1,1,0,0,-0.2971445568114219,-0.47058823529411764,-0.42258507250011595,0,6,5,4,3,2,1,0,6,5,1,0,0,1,1,0,1,1,0,0,0,1,1,0,0,0,0,0,1,1,0,0,0,0,0,1,0,0,0,0,-0.16924917738558184,-0.46352446712698886,-0.4552987090963673,-0.48652056439507646,-0.6820774542179525,-0.03362353647553284,-0.5940173496859109,-0.28411606341609336,-0.4094866406484539,0.37226058240768534,-1.0588235294117647,-0.9411764705882353,-1.3529411764705883,-0.7058823529411765,-1.1176470588235294,-0.927536231884058,-0.8695652173913043,-0.5,0.16666666666666666,0.3188405797101449
2,0,0,1,-0.4553837001784653,-1.2352941176470589,-0.5599858973074883,1,0,6,5,4,3,2,1,0,6,1,1,0,0,1,1,0,1,1,0,0,0,1,1,0,0,0,0,0,1,0,0,0,0,0,0,1,0,0,0,-0.29009871373018253,-0.16331432002401683,-0.4625037526268387,-0.4552987090963673,-0.48754127889522664,-0.6820774542179525,-0.04002393060125634,-0.5940173496859109,-0.2785950165115581,-0.4094866406484539,-0.47058823529411764,-1.0588235294117647,-0.9411764705882353,-1.3529411764705883,-0.7058823529411765,-1.1014492753623188,-0.927536231884058,-0.8333333333333334,-0.5,0.2028985507246377
3,1,0,0,-0.31261154074955394,-1.4705882352941178,-0.2830552629159497,2,1,0,6,5,4,3,2,1,0,0,1,1,0,0,1,1,0,1,1,0,0,0,1,1,0,0,0,0,0,1,0,0,0,0,0,0,1,0,0,-0.44923721208495365,-0.28459921945361755,-0.16229360552386662,-0.4625037526268387,-0.4563194235965175,-0.48754127889522664,-0.6861501645228836,-0.04002393060125634,-0.5896127289102372,-0.2785950165115581,-1.2352941176470589,-0.47058823529411764,-1.0588235294117647,-0.9411764705882353,-1.3529411764705883,-0.6956521739130435,-1.1014492753623188,-0.8888888888888888,-0.8333333333333334,-0.4927536231884058
4,1,0,0,-0.3839976204640096,-1.3529411764705883,-0.350781067045955,3,2,1,0,6,5,4,3,2,1,1,0,1,1,0,0,1,1,0,1,0,0,0,0,1,1,0,0,0,0,0,1,0,0,0,0,0,0,1,0,-0.30565360454681423,-0.44431101771239867,-0.28357850495346737,-0.16229360552386662,-0.46352446712698886,-0.4563194235965175,-0.49231229434639545,-0.6861501645228836,-0.03362353647553284,-0.5896127289102372,-1.4705882352941178,-1.2352941176470589,-0.47058823529411764,-1.0588235294117647,-0.9411764705882353,-1.3333333333333333,-0.6956521739130435,-1.0555555555555556,-0.8888888888888888,-0.8405797101449275
5,0,1,0,-0.16983938132064255,-0.8235294117647058,-0.17448382974947974,4,3,2,1,0,6,5,4,3,2,1,1,0,1,1,0,0,1,1,0,0,0,0,0,0,1,1,0,0,0,0,0,1,0,0,0,0,0,0,1,-0.37744540831588397,-0.30021014710297206,-0.44329030321224844,-0.28357850495346737,-0.16331432002401683,-0.46352446712698886,-0.4612025127131319,-0.49231229434639545,-0.6820774542179525,-0.03362353647553284,-1.3529411764705883,-1.4705882352941178,-1.2352941176470589,-0.47058823529411764,-1.0588235294117647,-0.927536231884058,-1.3333333333333333,-0.6666666666666666,-1.0555555555555556,-0.8985507246376812
6,0,1,0,-0.18173706127305184,-1.1764705882352942,-0.0704026710056451,5,4,3,2,1,0,6,5,4,3,0,1,1,0,1,1,0,0,1,1,1,0,0,0,0,0,1,1,0,0,0,0,0,1,0,0,0,0,0,0,-0.16206999700867486,-0.37226058240768534,-0.2991894326028219,-0.44329030321224844,-0.28459921945361755,-0.16331432002401683,-0.4683816930900389,-0.4612025127131319,-0.48754127889522664,-0.6820774542179525,-0.8235294117647058,-1.3529411764705883,-1.4705882352941178,-1.2352941176470589,-0.47058823529411764,-1.0434782608695652,-0.927536231884058,-1.2777777777777777,-0.6666666666666666,-1.0724637681159421
0,0,0,1,0.18709101725163588,-0.8235294117647058,0.4461979689585299,6,5,4,3,2,1,0,6,5,4,0,0,1,1,0,1,1,0,0,1,1,1,0,0,0,0,0,1,1,0,0,0,0,0,1,0,0,0,0,0,-0.17403529763685313,-0.15610927649354547,-0.37123986790753516,-0.2991894326028219,-0.44431101771239867,-0.28459921945361755,-0.16924917738558184,-0.4683816930900389,-0.4563194235965175,-0.48754127889522664,-1.1764705882352942,-0.8235294117647058,-1.3529411764705883,-1.4705882352941178,-1.2352941176470589,-0.463768115942029,-1.0434782608695652,-0.8888888888888888,-1.2777777777777777,-0.6666666666666666
1,1,0,0,0.3417608566329565,-0.5294117647058824,0.45350485057033973,0,6,5,4,3,2,1,0,6,5,0,0,0,1,1,0,1,1,0,0,0,1,1,0,0,0,0,0,1,1,1,0,0,0,0,1,0,0,0,0,0.19688902183667362,-0.16811768237766436,-0.15508856199339527,-0.37123986790753516,-0.30021014710297206,-0.44431101771239867,-0.29009871373018253,-0.16924917738558184,-0.46352446712698886,-0.4563194235965175,-0.8235294117647058,-1.1764705882352942,-0.8235294117647058,-1.3529411764705883,-1.4705882352941178,-1.2173913043478262,-0.463768115942029,-1.0,-0.8888888888888888,-1.3043478260869565
2,1,0,0,-0.09845330160618686,-1.2352941176470589,0.05110742858255878,1,0,6,5,4,3,2,1,0,6,1,0,0,0,1,1,0,1,1,0,0,0,1,1,0,0,0,0,0,1,0,1,0,0,0,0,1,0,0,0,0.3524379300029913,0.204142900030021,-0.16709696787751416,-0.15508856199339527,-0.37226058240768534,-0.30021014710297206,-0.44923721208495365,-0.29009871373018253,-0.16331432002401683,-0.46352446712698886,-0.5294117647058824,-0.8235294117647058,-1.1764705882352942,-0.8235294117647058,-1.3529411764705883,-1.4492753623188406,-1.2173913043478262,-0.4444444444444444,-1.0,-0.8985507246376812
3,1,0,0,-0.20553242117787038,-0.7647058823529411,-0.0477275714339706,2,1,0,6,5,4,3,2,1,0,1,1,0,0,0,1,1,0,1,1,0,0,0,1,1,0,0,0,0,0,0,0,1,0,0,0,0,1,0,0,-0.09027819323960516,0.36025217652356645,0.2051636145301712,-0.16709696787751416,-0.15610927649354547,-0.37226058240768534,-0.30565360454681423,-0.44923721208495365,-0.28459921945361755,-0.16331432002401683,-1.2352941176470589,-0.5294117647058824,-0.8235294117647058,-1.1764705882352942,-0.8235294117647058,-1.3333333333333333,-1.4492753623188406,-1.1666666666666667,-0.4444444444444444,-1.0144927536231885
4,1,0,0,-0.28881618084473537,-1.2941176470588236,-0.12157871887259945,3,2,1,0,6,5,4,3,2,1,1,1,1,0,0,0,1,1,0,1,0,0,0,0,1,1,0,0,0,0,0,0,0,1,0,0,0,0,1,0,-0.1979658988932097,-0.08405884118883218,0.3612728910237167,0.2051636145301712,-0.16811768237766436,-0.15610927649354547,-0.37744540831588397,-0.30565360454681423,-0.44431101771239867,-0.28459921945361755,-0.7647058823529411,-1.2352941176470589,-0.5294117647058824,-0.8235294117647058,-1.1764705882352942,-0.8115942028985508,-1.3333333333333333,-1.3888888888888888,-1.1666666666666667,-0.43478260869565216
5,0,1,0,-0.4553837001784653,-1.1764705882352942,-0.32336694814571126,4,3,2,1,0,6,5,4,3,2,1,1,1,1,0,0,0,1,1,0,0,0,0,0,0,1,1,0,0,0,0,0,0,0,1,0,0,0,0,1,-0.2817230032904577,-0.1921344941459021,-0.08303812668868198,0.3612728910237167,0.204142900030021,-0.16811768237766436,-0.16206999700867486,-0.37744540831588397,-0.30021014710297206,-0.44431101771239867,-1.2941176470588236,-0.7647058823529411,-1.2352941176470589,-0.5294117647058824,-0.8235294117647058,-1.1594202898550725,-0.8115942028985508,-1.2777777777777777,-1.3888888888888888,-1.1884057971014492
6,0,1,0,-0.24122546103509823,-0.8235294117647058,-0.03788463543637442,5,4,3,2,1,0,6,5,4,3,0,1,1,1,1,0,0,0,1,1,1,0,0,0,0,0,1,1,0,0,0,0,0,0,0,1,0,0,0,0,-0.44923721208495365,-0.2761933353347343,-0.1911137796457519,-0.08303812668868198,0.36025217652356645,0.204142900030021,-0.17403529763685313,-0.16206999700867486,-0.37226058240768534,-0.30021014710297206,-1.1764705882352942,-1.2941176470588236,-0.7647058823529411,-1.2352941176470589,-0.5294117647058824,-0.8115942028985508,-1.1594202898550725,-0.7777777777777778,-1.2777777777777777,-1.4202898550724639
0,1,0,0,1.1151100535395597,-0.7058823529411765,1.04265644549069,6,5,4,3,2,1,0,6,5,4,0,0,1,1,1,1,0,0,0,1,1,1,0,0,0,0,0,1,1,0,0,0,0,0,0,0,1,0,0,0,-0.23386180077774454,-0.44431101771239867,-0.2751726208345841,-0.1911137796457519,-0.08405884118883218,0.36025217652356645,0.19688902183667362,-0.17403529763685313,-0.15610927649354547,-0.37226058240768534,-0.8235294117647058,-1.1764705882352942,-1.2941176470588236,-0.7647058823529411,-1.2352941176470589,-0.5217391304347826,-0.8115942028985508,-1.1111111111111112,-0.7777777777777778,-1.3043478260869565
1,1,0,0,-0.16983938132064255,-0.6470588235294118,-0.10734986694738625,0,6,5,4,3,2,1,0,6,5,1,0,0,1,1,1,1,0,0,0,0,1,1,0,0,0,0,0,1,1,0,0,0,0,0,0,0,1,0,0,1.1301824708345796,-0.22815971179825875,-0.44329030321224844,-0.2751726208345841,-0.1921344941459021,-0.08405884118883218,0.3524379300029913,0.19688902183667362,-0.16811768237766436,-0.15610927649354547,-0.7058823529411765,-0.8235294117647058,-1.1764705882352942,-1.2941176470588236,-0.7647058823529411,-1.2173913043478262,-0.5217391304347826,-0.7777777777777778,-1.1111111111111112,-0.782608695652174
2,1,0,0,-0.06276026174895902,-0.8235294117647058,-0.04620472366933761,1,0,6,5,4,3,2,1,0,6,1,1,0,0,1,1,1,1,0,0,0,0,1,1,0,0,0,0,0,1,0,0,0,0,0,0,0,0,1,0,-0.16206999700867486,1.140798558991294,-0.22713899729810857,-0.44329030321224844,-0.2761933353347343,-0.1921344941459021,-0.09027819323960516,0.3524379300029913,0.204142900030021,-0.16811768237766436,-0.6470588235294118,-0.7058823529411765,-0.8235294117647058,-1.1764705882352942,-1.2941176470588236,-0.7536231884057971,-1.2173913043478262,-0.5,-0.7777777777777778,-1.1304347826086956
3,1,0,0,-0.2531231409875075,-0.6470588235294118,-0.16403404195551022,2,1,0,6,5,4,3,2,1,0,1,1,1,0,0,1,1,1,1,0,0,0,0,1,1,0,0,0,0,0,0,0,0,0,0,0,0,0,0,1,-0.05438229135507031,-0.15610927649354547,1.141819273491444,-0.22713899729810857,-0.44431101771239867,-0.2761933353347343,-0.1979658988932097,-0.09027819323960516,0.36025217652356645,0.204142900030021,-0.8235294117647058,-0.6470588235294118,-0.7058823529411765,-0.8235294117647058,-1.1764705882352942,-1.2753623188405796,-0.7536231884057971,-1.1666666666666667,-0.5,-0.782608695652174
4,1,0,0,0.6154074955383699,-0.47058823529411764,0.615660082223415,3,2,1,0,6,5,4,3,2,1,1,1,1,1,0,0,1,1,1,1,0,0,0,0,1,1,0,0,0,0,0,0,0,0,0,0,0,0,0,0,-0.24582710140592284,-0.04803362353647553,-0.15508856199339527,1.141819273491444,-0.22815971179825875,-0.44431101771239867,-0.2817230032904577,-0.1979658988932097,-0.08405884118883218,0.36025217652356645,-0.6470588235294118,-0.8235294117647058,-0.6470588235294118,-0.7058823529411765,-0.8235294117647058,-1.1594202898550725,-1.2753623188405796,-0.7222222222222222,-1.1666666666666667,-0.4927536231884058
5,0,1,0,0.2227840571088637,-0.8235294117647058,0.24556840489380585,4,3,2,1,0,6,5,4,3,2,1,1,1,1,1,0,0,1,1,1,0,0,0,0,0,1,1,0,0,0,0,0,0,0,0,0,0,0,0,0,0.6276398444510918,-0.24016811768237764,-0.04701290903632533,-0.15508856199339527,1.140798558991294,-0.22815971179825875,-0.44923721208495365,-0.2817230032904577,-0.1921344941459021,-0.08405884118883218,-0.47058823529411764,-0.6470588235294118,-0.8235294117647058,-0.6470588235294118,-0.7058823529411765,-0.8115942028985508,-1.1594202898550725,-1.2222222222222223,-0.7222222222222222,-1.1884057971014492
6,0,1,0,-0.4196906603212374,-0.7647058823529411,-0.30517140123348524,5,4,3,2,1,0,6,5,4,3,0,1,1,1,1,1,0,0,1,1,1,0,0,0,0,0,1,1,0,0,0,0,0,0,0,0,0,0,0,0,0.23278492372120846,0.6364455118583008,-0.23914740318222744,-0.04701290903632533,-0.15610927649354547,1.140798558991294,-0.23386180077774454,-0.44923721208495365,-0.2761933353347343,-0.1921344941459021,-0.8235294117647058,-0.47058823529411764,-0.6470588235294118,-0.8235294117647058,-0.6470588235294118,-0.6956521739130435,-0.8115942028985508,-1.1111111111111112,-1.2222222222222223,-0.7246376811594203
0,1,0,0,1.4125520523497919,0.23529411764705882,1.462983157271558,6,5,4,3,2,1,0,6,5,4,0,0,1,1,1,1,1,0,0,1,1,1,0,0,0,0,0,1,1,0,0,0,0,0,0,0,0,0,0,0,-0.4133413102004188,0.24016811768237764,0.637466226358451,-0.23914740318222744,-0.04803362353647553,-0.15610927649354547,1.1301824708345796,-0.23386180077774454,-0.44431101771239867,-0.2761933353347343,-0.7647058823529411,-0.8235294117647058,-0.47058823529411764,-0.6470588235294118,-0.8235294117647058,-0.6376811594202898,-0.6956521739130435,-0.7777777777777778,-1.1111111111111112,-1.2463768115942029
1,1,0,0,0.18709101725163588,0.0,0.3975783468274169,0,6,5,4,3,2,1,0,6,5,1,0,0,1,1,1,1,1,0,0,0,1,1,0,0,0,0,0,1,1,0,0,0,0,0,0,0,0,0,0,1.4293149865390367,-0.408285800060042,0.24118883218252785,0.637466226358451,-0.24016811768237764,-0.04803362353647553,-0.16206999700867486,1.1301824708345796,-0.22815971179825875,-0.44431101771239867,0.23529411764705882,-0.7647058823529411,-0.8235294117647058,-0.47058823529411764,-0.6470588235294118,-0.8115942028985508,-0.6376811594202898,-0.6666666666666666,-0.7777777777777778,-1.1304347826086956
2,1,0,0,-0.12224866151100543,-0.4117647058823529,0.005573887288715371,1,0,6,5,4,3,2,1,0,6,1,1,0,0,1,1,1,1,1,0,0,0,1,1,0,0,0,0,0,1,0,0,0,0,0,0,0,0,0,0,0.19688902183667362,1.4410087060942658,-0.4072650855598918,0.24118883218252785,0.6364455118583008,-0.24016811768237764,-0.05438229135507031,-0.16206999700867486,1.140798558991294,-0.22815971179825875,0.0,0.23529411764705882,-0.7647058823529411,-0.8235294117647058,-0.47058823529411764,-0.6376811594202898,-0.8115942028985508,-0.6111111111111112,-0.6666666666666666,-0.782608695652174
3,1,0,0,0.37745389649018435,0.11764705882352941,0.7543761099817025,2,1,0,6,5,4,3,2,1,0,1,1,1,0,0,1,1,1,1,1,0,0,0,1,1,0,0,0,0,0,0,0,0,0,0,0,0,0,0,0,-0.11420879449596173,0.204142900030021,1.4420294205944162,-0.4072650855598918,0.24016811768237764,0.6364455118583008,-0.24582710140592284,-0.05438229135507031,-0.15610927649354547,1.140798558991294,-0.4117647058823529,0.0,0.23529411764705882,-0.7647058823529411,-0.8235294117647058,-0.463768115942029,-0.6376811594202898,-0.7777777777777778,-0.6111111111111112,-0.6666666666666666
4,1,0,0,-0.22932778108268895,0.17647058823529413,-0.10532059456822969,3,2,1,0,6,5,4,3,2,1,1,1,1,1,0,0,1,1,1,1,0,0,0,0,1,1,0,0,0,0,0,0,0,0,0,0,0,0,0,0,0.3883338318875261,-0.10807565295706995,0.2051636145301712,1.4420294205944162,-0.408285800060042,0.24016811768237764,0.6276398444510918,-0.24582710140592284,-0.04803362353647553,-0.15610927649354547,0.11764705882352941,-0.4117647058823529,0.0,0.23529411764705882,-0.7647058823529411,-0.8115942028985508,-0.463768115942029,-0.6111111111111112,-0.7777777777777778,-0.6086956521739131
5,0,1,0,1.1983938132064247,-0.23529411764705882,1.5615833506742962,4,3,2,1,0,6,5,4,3,2,1,1,1,1,1,0,0,1,1,1,0,0,0,0,0,1,1,0,0,0,0,0,0,0,0,0,0,0,0,0,-0.22189650014956627,0.3962773941759231,-0.10705493845691974,0.2051636145301712,1.4410087060942658,-0.408285800060042,0.23278492372120846,0.6276398444510918,-0.24016811768237764,-0.04803362353647553,0.17647058823529413,0.11764705882352941,-0.4117647058823529,0.0,0.23529411764705882,-0.7536231884057971,-0.8115942028985508,-0.4444444444444444,-0.6111111111111112,-0.782608695652174
6,0,1,0,-0.21743010113027966,-0.7058823529411765,0.0216125728398618,5,4,3,2,1,0,6,5,4,3,0,1,1,1,1,1,0,0,1,1,1,0,0,0,0,0,1,1,0,0,0,0,0,0,0,0,0,0,0,0,1.2139395752318276,-0.2161513059141399,0.39729810867607335,-0.10705493845691974,0.204142900030021,1.4410087060942658,-0.4133413102004188,0.23278492372120846,0.6364455118583008,-0.24016811768237764,-0.23529411764705882,0.17647058823529413,0.11764705882352941,-0.4117647058823529,0.0,0.2318840579710145,-0.7536231884057971,-0.7777777777777778,-0.4444444444444444,-0.6086956521739131
0,1,0,0,0.3536585365853658,0.35294117647058826,0.6396328725327994,6,5,4,3,2,1,0,6,5,4,0,0,1,1,1,1,1,0,0,1,1,1,0,0,0,0,0,1,1,0,0,0,0,0,0,0,0,0,0,0,-0.209931199521388,1.224857400180126,-0.21513059141398969,0.39729810867607335,-0.10807565295706995,0.204142900030021,1.4293149865390367,-0.4133413102004188,0.24016811768237764,0.6364455118583008,-0.7058823529411765,-0.23529411764705882,0.17647058823529413,0.11764705882352941,-0.4117647058823529,0.0,0.2318840579710145,-0.7222222222222222,-0.7777777777777778,-0.43478260869565216
1,1,0,0,2.661808447352766,1.588235294117647,2.751478910872574,0,6,5,4,3,2,1,0,6,5,1,0,0,1,1,1,1,1,0,0,0,1,1,0,0,0,0,0,1,1,0,0,0,0,0,0,0,0,0,0,0.3644032306311696,-0.204142900030021,1.2258781146802762,-0.21513059141398969,0.3962773941759231,-0.10807565295706995,0.19688902183667362,1.4293149865390367,-0.408285800060042,0.24016811768237764,0.35294117647058826,-0.7058823529411765,-0.23529411764705882,0.17647058823529413,0.11764705882352941,-0.4057971014492754,0.0,0.2222222222222222,-0.7222222222222222,-0.782608695652174
2,1,0,0,0.3298631766805472,0.8235294117647058,0.5586320960091007,1,0,6,5,4,3,2,1,0,6,1,1,0,0,1,1,1,1,1,0,0,0,1,1,0,0,0,0,0,1,0,0,0,0,0,0,0,0,0,0,2.685671552497756,0.37226058240768534,-0.2031221855298708,1.2258781146802762,-0.2161513059141399,0.3962773941759231,-0.11420879449596173,0.19688902183667362,1.4410087060942658,-0.408285800060042,1.588235294117647,0.35294117647058826,-0.7058823529411765,-0.23529411764705882,0.17647058823529413,0.11594202898550725,-0.4057971014492754,0.0,0.2222222222222222,-0.7246376811594203
3,1,0,0,0.8176680547293277,0.058823529411764705,0.6322166289364842,2,1,0,6,5,4,3,2,1,0,1,1,1,0,0,1,1,1,1,1,0,0,0,1,1,0,0,0,0,0,0,0,0,0,0,0,0,0,0,0,0.340472629374813,2.7018913239267484,0.37328129690783557,-0.2031221855298708,1.224857400180126,-0.2161513059141399,0.3883338318875261,-0.11420879449596173,0.204142900030021,1.4410087060942658,0.8235294117647058,1.588235294117647,0.35294117647058826,-0.7058823529411765,-0.23529411764705882,0.17391304347826086,0.11594202898550725,-0.3888888888888889,0.0,0.2608695652173913
4,1,0,0,-0.6457465794170137,-0.11764705882352941,-0.616003536037499,3,2,1,0,6,5,4,3,2,1,1,1,1,1,0,0,1,1,1,1,0,0,0,0,1,1,0,0,0,0,0,0,0,0,0,0,0,0,0,0,0.8310499551301226,0.3482437706394476,2.7029120384268985,0.37328129690783557,-0.204142900030021,1.224857400180126,-0.22189650014956627,0.3883338318875261,-0.10807565295706995,0.204142900030021,0.058823529411764705,0.8235294117647058,1.588235294117647,0.35294117647058826,-0.7058823529411765,-0.2318840579710145,0.17391304347826086,0.1111111111111111,-0.3888888888888889,0.028985507246376812
5,0,1,0,-0.360202260559191,-0.17647058823529413,-0.3117252576774749,4,3,2,1,0,6,5,4,3,2,1,1,1,1,1,0,0,1,1,1,0,0,0,0,0,1,1,0,0,0,0,0,0,0,0,0,0,0,0,0,-0.6406820221358062,0.8405884118883218,0.3492644851395978,2.7029120384268985,0.37226058240768534,-0.204142900030021,1.2139395752318276,-0.22189650014956627,0.3962773941759231,-0.10807565295706995,-0.11764705882352941,0.058823529411764705,0.8235294117647058,1.588235294117647,0.35294117647058826,-0.6956521739130435,-0.2318840579710145,0.16666666666666666,0.1111111111111111,-0.37681159420289856
6,0,1,0,2.8521713265913147,-0.9411764705882353,3.037485160409639,5,4,3,2,1,0,6,5,4,3,0,1,1,1,1,1,0,0,1,1,1,0,0,0,0,0,1,1,0,0,0,0,0,0,0,0,0,0,0,0,-0.35351480705952737,-0.6364455118583008,0.841609126388472,0.3492644851395978,2.7018913239267484,0.37226058240768534,-0.209931199521388,1.2139395752318276,-0.2161513059141399,0.3962773941759231,-0.17647058823529413,-0.11764705882352941,0.058823529411764705,0.8235294117647058,1.588235294117647,0.34782608695652173,-0.6956521739130435,-0.2222222222222222,0.16666666666666666,0.14492753623188406
0,1,0,0,2.019333729922665,0.17647058823529413,1.4995068435674201,6,5,4,3,2,1,0,6,5,4,0,0,1,1,1,1,1,0,0,1,1,1,0,0,0,0,0,1,1,0,0,0,0,0,0,0,0,0,0,0,2.877116362548609,-0.3482437706394476,-0.6354247973581506,0.841609126388472,0.3482437706394476,2.7018913239267484,0.3644032306311696,-0.209931199521388,1.224857400180126,-0.2161513059141399,-0.9411764705882353,-0.17647058823529413,-0.11764705882352941,0.058823529411764705,0.8235294117647058,1.565217391304348,0.34782608695652173,-0.6666666666666666,-0.2222222222222222,0.2028985507246377
1,1,0,0,-0.02706722189173118,0.23529411764705882,-0.03177251563568128,0,6,5,4,3,2,1,0,6,5,1,0,0,1,1,1,1,1,0,0,0,1,1,0,0,0,0,0,1,1,0,0,0,0,0,0,0,0,0,0,2.039545318576129,2.8940258180726506,-0.3472230561392974,-0.6354247973581506,0.8405884118883218,0.3482437706394476,2.685671552497756,0.3644032306311696,-0.204142900030021,1.224857400180126,0.17647058823529413,-0.9411764705882353,-0.17647058823529413,-0.11764705882352941,0.058823529411764705,0.8115942028985508,1.565217391304348,0.3333333333333333,-0.6666666666666666,-0.2028985507246377
2,1,0,0,0.2703747769185008,0.5882352941176471,0.08468405957047366,1,0,6,5,4,3,2,1,0,6,1,1,0,0,1,1,1,1,1,0,0,0,1,1,0,0,0,0,0,1,0,0,0,0,0,0,0,0,0,0,-0.018486389470535467,2.053437406184329,2.8950465325728008,-0.3472230561392974,-0.6364455118583008,0.8405884118883218,0.340472629374813,2.685671552497756,0.37226058240768534,-0.204142900030021,0.23529411764705882,0.17647058823529413,-0.9411764705882353,-0.17647058823529413,-0.11764705882352941,0.057971014492753624,0.8115942028985508,1.5,0.3333333333333333,-0.6666666666666666
3,1,0,0,0.3060678167757287,0.17647058823529413,0.21633480278076075,2,1,0,6,5,4,3,2,1,0,1,1,1,0,0,1,1,1,1,1,0,0,0,1,1,0,0,0,0,0,0,0,0,0,0,0,0,0,0,0,0.2806461262339216,-0.012008405884118882,2.054458120684479,2.8950465325728008,-0.3482437706394476,-0.6364455118583008,0.8310499551301226,0.340472629374813,2.7018913239267484,0.37226058240768534,0.5882352941176471,0.23529411764705882,0.17647058823529413,-0.9411764705882353,-0.17647058823529413,-0.11594202898550725,0.057971014492753624,0.7777777777777778,1.5,0.37681159420289856
4,1,0,0,2.9830458060678167,0.058823529411764705,2.647253365717823,3,2,1,0,6,5,4,3,2,1,1,1,1,1,0,0,1,1,1,1,0,0,0,0,1,1,0,0,0,0,0,0,0,0,0,0,0,0,0,0,0.31654202811845644,0.28820174121885317,-0.010987691383968682,2.054458120684479,2.8940258180726506,-0.3482437706394476,-0.6406820221358062,0.8310499551301226,0.3482437706394476,2.7018913239267484,0.17647058823529413,0.5882352941176471,0.23529411764705882,0.17647058823529413,-0.9411764705882353,-0.17391304347826086,-0.11594202898550725,0.05555555555555555,0.7777777777777778,1.5942028985507246
5,0,1,0,-0.03896490184414046,-0.8823529411764706,-0.07930816750860802,4,3,2,1,0,6,5,4,3,2,1,1,1,1,1,0,0,1,1,1,0,0,0,0,0,1,1,0,0,0,0,0,0,0,0,0,0,0,0,0,3.00873466945857,0.32422695887120984,0.2892224557190034,-0.010987691383968682,2.053437406184329,2.8940258180726506,-0.35351480705952737,-0.6406820221358062,0.8405884118883218,0.3482437706394476,0.058823529411764705,0.17647058823529413,0.5882352941176471,0.23529411764705882,0.17647058823529413,-0.927536231884058,-0.17391304347826086,-0.1111111111111111,0.05555555555555555,0.8405797101449275
6,0,1,0,-0.19363474122546112,-1.0,-0.10341426507361517,5,4,3,2,1,0,6,5,4,3,0,1,1,1,1,1,0,0,1,1,1,0,0,0,0,0,1,1,0,0,0,0,0,0,0,0,0,0,0,0,-0.03045169009871375,3.0261182827979582,0.32524767337136,0.2892224557190034,-0.012008405884118882,2.053437406184329,2.877116362548609,-0.35351480705952737,-0.6364455118583008,0.8405884118883218,-0.8823529411764706,0.058823529411764705,0.17647058823529413,0.5882352941176471,0.23529411764705882,0.17391304347826086,-0.927536231884058,-0.16666666666666666,-0.1111111111111111,0.08695652173913043
0,1,0,0,0.25847709696609156,0.058823529411764705,0.145477529015995,6,5,4,3,2,1,0,6,5,4,0,0,1,1,1,1,1,0,0,1,1,1,0,0,0,0,0,1,1,0,0,0,0,0,0,0,0,0,0,0,-0.18600059826503143,-0.024016811768237764,3.0271389972981084,0.32524767337136,0.28820174121885317,-0.012008405884118882,2.039545318576129,2.877116362548609,-0.3482437706394476,-0.6364455118583008,-1.0,-0.8823529411764706,0.058823529411764705,0.17647058823529413,0.5882352941176471,0.2318840579710145,0.17391304347826086,-0.8888888888888888,-0.16666666666666666,-0.08695652173913043
1,1,0,0,-0.28881618084473537,0.11764705882352941,-0.2261084047097489,0,6,5,4,3,2,1,0,6,5,1,0,0,1,1,1,1,1,0,0,0,1,1,0,0,0,0,0,1,1,0,0,0,0,0,0,0,0,0,0,0.2686808256057433,-0.18012608826178322,-0.022996097268087563,3.0271389972981084,0.32422695887120984,0.28820174121885317,-0.018486389470535467,2.039545318576129,2.8940258180726506,-0.3482437706394476,0.058823529411764705,-1.0,-0.8823529411764706,0.058823529411764705,0.17647058823529413,0.5797101449275363,0.2318840579710145,0.16666666666666666,-0.8888888888888888,-0.14492753623188406
2,1,0,0,1.6029149315883402,1.0,1.6997229049652396,1,0,6,5,4,3,2,1,0,6,1,1,0,0,1,1,1,1,1,0,0,0,1,1,0,0,0,0,0,1,0,0,0,0,0,0,0,0,0,0,-0.2817230032904577,0.2761933353347343,-0.17910537376163305,-0.022996097268087563,3.0261182827979582,0.32422695887120984,0.2806461262339216,-0.018486389470535467,2.053437406184329,2.8940258180726506,0.11764705882352941,0.058823529411764705,-1.0,-0.8823529411764706,0.058823529411764705,0.17391304347826086,0.5797101449275363,0.2222222222222222,0.16666666666666666,-0.8985507246376812
3,1,0,0,0.2822724568709101,0.8235294117647058,-0.005573887288715371,2,1,0,6,5,4,3,2,1,0,1,1,1,0,0,1,1,1,1,1,0,0,0,1,1,0,0,0,0,0,0,0,0,0,0,0,0,0,0,0,1.620759796589889,-0.2761933353347343,0.2772140498348845,-0.17910537376163305,-0.024016811768237764,3.0261182827979582,0.31654202811845644,0.2806461262339216,-0.012008405884118882,2.053437406184329,1.0,0.11764705882352941,0.058823529411764705,-1.0,-0.8823529411764706,0.057971014492753624,0.17391304347826086,0.5555555555555556,0.2222222222222222,0.2028985507246377
4,1,0,0,1.1032123735871504,0.8235294117647058,1.237235718589098,3,2,1,0,6,5,4,3,2,1,1,1,1,1,0,0,1,1,1,1,0,0,0,0,1,1,0,0,0,0,0,0,0,0,0,0,0,0,0,0,0.2926114268620999,1.633143200240168,-0.2751726208345841,0.2772140498348845,-0.18012608826178322,-0.024016811768237764,3.00873466945857,0.31654202811845644,0.28820174121885317,-0.012008405884118882,0.8235294117647058,1.0,0.11764705882352941,0.058823529411764705,-1.0,-0.8695652173913043,0.057971014492753624,0.16666666666666666,0.5555555555555556,0.2608695652173913
5,0,1,0,0.8771564544913741,0.0,0.7053415556152599,4,3,2,1,0,6,5,4,3,2,1,1,1,1,1,0,0,1,1,1,0,0,0,0,0,1,1,0,0,0,0,0,0,0,0,0,0,0,0,0,1.1182171702064014,0.30021014710297206,1.6341639147403182,-0.2751726208345841,0.2761933353347343,-0.18012608826178322,-0.03045169009871375,3.00873466945857,0.32422695887120984,0.28820174121885317,0.8235294117647058,0.8235294117647058,1.0,0.11764705882352941,0.058823529411764705,-0.9855072463768116,-0.8695652173913043,0.05555555555555555,0.16666666666666666,0.6086956521739131
6,0,1,0,-0.4553837001784653,-0.35294117647058826,-0.36720037519023313,5,4,3,2,1,0,6,5,4,3,0,1,1,1,1,1,0,0,1,1,1,0,0,0,0,0,1,1,0,0,0,0,0,0,0,0,0,0,0,0,0.890876458271014,1.128790153107175,0.30123086160312224,1.6341639147403182,-0.2761933353347343,0.2761933353347343,-0.18600059826503143,-0.03045169009871375,3.0261182827979582,0.32422695887120984,0.0,0.8235294117647058,0.8235294117647058,1.0,0.11764705882352941,0.057971014492753624,-0.9855072463768116,-0.8333333333333334,0.05555555555555555,0.2028985507246377
0,1,0,0,-0.0151695419393219,0.9411764705882353,-0.01982025142713369,6,5,4,3,2,1,0,6,5,4,0,0,1,1,1,1,1,0,0,1,1,1,0,0,0,0,0,1,1,0,0,0,0,0,0,0,0,0,0,0,-0.44923721208495365,0.9006304413089162,1.129810867607325,0.30123086160312224,1.633143200240168,-0.2761933353347343,0.2686808256057433,-0.18600059826503143,-0.024016811768237764,3.0261182827979582,-0.35294117647058826,0.0,0.8235294117647058,0.8235294117647058,1.0,0.11594202898550725,0.057971014492753624,-0.9444444444444444,-0.8333333333333334,0.08695652173913043
1,1,0,0,0.2941701368233194,0.47058823529411764,0.23996235231553006,0,6,5,4,3,2,1,0,6,5,1,0,0,1,1,1,1,1,0,0,0,1,1,0,0,0,0,0,1,1,0,0,0,0,0,0,0,0,0,0,-0.006521088842357184,-0.44431101771239867,0.9016511558090664,1.129810867607325,0.30021014710297206,1.633143200240168,-0.2817230032904577,0.2686808256057433,-0.18012608826178322,-0.024016811768237764,0.9411764705882353,-0.35294117647058826,0.0,0.8235294117647058,0.8235294117647058,0.9855072463768116,0.11594202898550725,0.05555555555555555,-0.9444444444444444,-0.8405797101449275
2,1,0,0,-0.2531231409875075,0.35294117647058826,-0.15912597616069565,1,0,6,5,4,3,2,1,0,6,1,1,0,0,1,1,1,1,1,0,0,0,1,1,0,0,0,0,0,1,0,0,0,0,0,0,0,0,0,0,0.30457672749027814,0.0,-0.44329030321224844,0.9016511558090664,1.128790153107175,0.30021014710297206,1.620759796589889,-0.2817230032904577,0.2761933353347343,-0.18012608826178322,0.47058823529411764,0.9411764705882353,-0.35294117647058826,0.0,0.8235294117647058,0.8115942028985508,0.9855072463768116,0.1111111111111111,0.05555555555555555,-0.9565217391304348
3,1,0,0,1.4958358120166568,0.47058823529411764,1.7533563809546104,2,1,0,6,5,4,3,2,1,0,1,1,1,0,0,1,1,1,1,1,0,0,0,1,1,0,0,0,0,0,0,0,0,0,0,0,0,0,0,0,-0.24582710140592284,0.31221855298709095,0.0010207145001502006,-0.44329030321224844,0.9006304413089162,1.128790153107175,0.2926114268620999,1.620759796589889,-0.2761933353347343,0.2761933353347343,0.35294117647058826,0.47058823529411764,0.9411764705882353,-0.35294117647058826,0.0,0.8115942028985508,0.8115942028985508,0.9444444444444444,0.1111111111111111,0.08695652173913043
4,1,0,0,0.11570493753718018,0.35294117647058826,0.12191859876562128,3,2,1,0,6,5,4,3,2,1,1,1,1,1,0,0,1,1,1,1,0,0,0,0,1,1,0,0,0,0,0,0,0,0,0,0,0,0,0,0,1.5130720909362847,-0.24016811768237764,0.3132392674872411,0.0010207145001502006,-0.44431101771239867,0.9006304413089162,1.1182171702064014,0.2926114268620999,1.633143200240168,-0.2761933353347343,0.47058823529411764,0.35294117647058826,0.47058823529411764,0.9411764705882353,-0.35294117647058826,0.0,0.8115942028985508,0.7777777777777778,0.9444444444444444,0.14492753623188406
5,0,1,0,-0.3245092207019632,-0.11764705882352941,-0.28272181608083996,4,3,2,1,0,6,5,4,3,2,1,1,1,1,1,0,0,1,1,1,0,0,0,0,0,1,1,0,0,0,0,0,0,0,0,0,0,0,0,0,0.12509721806760393,1.5250675472830981,-0.23914740318222744,0.3132392674872411,0.0,-0.44431101771239867,0.890876458271014,1.1182171702064014,0.30021014710297206,1.633143200240168,0.35294117647058826,0.47058823529411764,0.35294117647058826,0.47058823529411764,0.9411764705882353,-0.34782608695652173,0.0,0.7777777777777778,0.7777777777777778,1.0144927536231885
6,0,1,0,0.15139797739440802,-0.11764705882352941,0.3063339977550415,5,4,3,2,1,0,6,5,4,3,0,1,1,1,1,1,0,0,1,1,1,0,0,0,0,0,1,1,0,0,0,0,0,0,0,0,0,0,0,0,-0.3176189051749925,0.1320924647253077,1.5260882617832483,-0.23914740318222744,0.31221855298709095,0.0,-0.44923721208495365,0.890876458271014,1.128790153107175,0.30021014710297206,-0.11764705882352941,0.35294117647058826,0.47058823529411764,0.35294117647058826,0.47058823529411764,0.927536231884058,-0.34782608695652173,0.0,0.7777777777777778,0.8405797101449275
0,1,0,0,1.4125520523497919,0.8823529411764706,0.9265679841539488,6,5,4,3,2,1,0,6,5,4,0,0,1,1,1,1,1,0,0,1,1,1,0,0,0,0,0,1,1,0,0,0,0,0,0,0,0,0,0,0,0.16099311995213877,-0.31221855298709095,0.1331131792254579,1.5260882617832483,-0.24016811768237764,0.31221855298709095,-0.006521088842357184,-0.44923721208495365,0.9006304413089162,1.128790153107175,-0.11764705882352941,-0.11764705882352941,0.35294117647058826,0.47058823529411764,0.35294117647058826,0.463768115942029,0.927536231884058,-0.3333333333333333,0.0,0.8405797101449275
1,1,0,0,-0.27691850089232606,0.0,-0.19551170910355428,0,6,5,4,3,2,1,0,6,5,1,0,0,1,1,1,1,1,0,0,0,1,1,0,0,0,0,0,1,1,0,0,0,0,0,0,0,0,0,0,1.4293149865390367,0.16811768237766436,-0.3111978384869407,0.1331131792254579,1.5250675472830981,-0.24016811768237764,0.30457672749027814,-0.006521088842357184,-0.44431101771239867,0.9006304413089162,0.8823529411764706,-0.11764705882352941,-0.11764705882352941,0.35294117647058826,0.47058823529411764,0.34782608695652173,0.463768115942029,0.8888888888888888,-0.3333333333333333,0.028985507246376812
2,1,0,0,0.008625817965496661,0.5294117647058824,-0.014419699309938387,1,0,6,5,4,3,2,1,0,6,1,1,0,0,1,1,1,1,1,0,0,0,1,1,0,0,0,0,0,1,0,0,0,0,0,0,0,0,0,0,-0.2697577026622794,1.4410087060942658,0.16913839687781457,-0.3111978384869407,0.1320924647253077,1.5250675472830981,-0.24582710140592284,0.30457672749027814,0.0,-0.44431101771239867,0.0,0.8823529411764706,-0.11764705882352941,-0.11764705882352941,0.35294117647058826,0.463768115942029,0.34782608695652173,0.4444444444444444,0.8888888888888888,-0.3188405797101449
3,1,0,0,-0.740928019036288,0.0,-0.634369201592289,2,1,0,6,5,4,3,2,1,0,1,1,1,0,0,1,1,1,1,1,0,0,0,1,1,0,0,0,0,0,0,0,0,0,0,0,0,0,0,0,0.017409512413999382,-0.2641849294506154,1.4420294205944162,0.16913839687781457,-0.31221855298709095,0.1320924647253077,1.5130720909362847,-0.24582710140592284,0.31221855298709095,0.0,0.5294117647058824,0.0,0.8823529411764706,-0.11764705882352941,-0.11764705882352941,0.34782608695652173,0.463768115942029,0.3333333333333333,0.4444444444444444,0.9565217391304348
4,1,0,0,-0.3958953004164189,0.5294117647058824,-0.34876680513526,3,2,1,0,6,5,4,3,2,1,1,1,1,1,0,0,1,1,1,1,0,0,0,0,1,1,0,0,0,0,0,0,0,0,0,0,0,0,0,0,-0.7364044271612324,0.024016811768237764,-0.2631642149504652,1.4420294205944162,0.16811768237766436,-0.31221855298709095,0.12509721806760393,1.5130720909362847,-0.24016811768237764,0.31221855298709095,0.0,0.5294117647058824,0.0,0.8823529411764706,-0.11764705882352941,-0.11594202898550725,0.34782608695652173,0.4444444444444444,0.3333333333333333,0.4927536231884058
5,0,1,0,-0.22932778108268895,0.0,-0.23488702701500128,4,3,2,1,0,6,5,4,3,2,1,1,1,1,1,0,0,1,1,1,0,0,0,0,0,1,1,0,0,0,0,0,0,0,0,0,0,0,0,0,-0.3894107089440622,-0.7325127589312518,0.025037526268387966,-0.2631642149504652,1.4410087060942658,0.16811768237766436,-0.3176189051749925,0.12509721806760393,1.5250675472830981,-0.24016811768237764,0.5294117647058824,0.0,0.5294117647058824,0.0,0.8823529411764706,-0.11594202898550725,-0.11594202898550725,0.3333333333333333,0.4444444444444444,0.37681159420289856
6,0,1,0,-0.18173706127305184,0.058823529411764705,-0.045850190699960484,5,4,3,2,1,0,6,5,4,3,0,1,1,1,1,1,0,0,1,1,1,0,0,0,0,0,1,1,0,0,0,0,0,0,0,0,0,0,0,0,-0.22189650014956627,-0.3842689882918042,-0.7314920444311016,0.025037526268387966,-0.2641849294506154,1.4410087060942658,0.16099311995213877,-0.3176189051749925,0.1320924647253077,1.5250675472830981,0.0,0.5294117647058824,0.0,0.5294117647058824,0.0,0.8695652173913043,-0.11594202898550725,-0.1111111111111111,0.3333333333333333,0.4927536231884058
0,1,0,0,-0.33640690065437245,0.47058823529411764,-0.32098707411034605,6,5,4,3,2,1,0,6,5,4,0,0,1,1,1,1,1,0,0,1,1,1,0,0,0,0,0,1,1,0,0,0,0,0,0,0,0,0,0,0,-0.17403529763685313,-0.2161513059141399,-0.38324827379165405,-0.7314920444311016,0.024016811768237764,-0.2641849294506154,1.4293149865390367,0.16099311995213877,-0.31221855298709095,0.1320924647253077,0.058823529411764705,0.0,0.5294117647058824,0.0,0.5294117647058824,0.0,0.8695652173913043,-0.1111111111111111,-0.1111111111111111,0.37681159420289856
1,1,0,0,0.6035098155859607,0.9411764705882353,0.2365442542115756,0,6,5,4,3,2,1,0,6,5,1,0,0,1,1,1,1,1,0,0,0,1,1,0,0,0,0,0,1,1,0,0,0,0,0,0,0,0,0,0,-0.3295842058031708,-0.16811768237766436,-0.21513059141398969,-0.38324827379165405,-0.7325127589312518,0.024016811768237764,-0.2697577026622794,1.4293149865390367,0.16811768237766436,-0.31221855298709095,0.47058823529411764,0.058823529411764705,0.0,0.5294117647058824,0.0,0.5217391304347826,0.0,0.8333333333333334,-0.1111111111111111,-0.08695652173913043
2,1,0,0,-0.46728138013087456,0.29411764705882354,-0.40445135442226715,1,0,6,5,4,3,2,1,0,6,1,1,0,0,1,1,1,1,1,0,0,0,1,1,0,0,0,0,0,1,0,0,0,0,0,0,0,0,0,0,0.6156745438229135,-0.32422695887120984,-0.16709696787751416,-0.21513059141398969,-0.3842689882918042,-0.7325127589312518,0.017409512413999382,-0.2697577026622794,1.4410087060942658,0.16811768237766436,0.9411764705882353,0.47058823529411764,0.058823529411764705,0.0,0.5294117647058824,0.0,0.5217391304347826,0.0,0.8333333333333334,-0.08695652173913043
3,1,0,0,-0.360202260559191,-0.11764705882352941,-0.26584897735375984,2,1,0,6,5,4,3,2,1,0,1,1,1,0,0,1,1,1,1,1,0,0,0,1,1,0,0,0,0,0,0,0,0,0,0,0,0,0,0,0,-0.4612025127131319,0.6244371059741819,-0.3232062443710596,-0.16709696787751416,-0.2161513059141399,-0.3842689882918042,-0.7364044271612324,0.017409512413999382,-0.2641849294506154,1.4410087060942658,0.29411764705882354,0.9411764705882353,0.47058823529411764,0.058823529411764705,0.0,0.5217391304347826,0.0,0.5,0.0,0.8985507246376812
4,1,0,0,-0.5743604997025581,0.35294117647058826,-0.5000162166668201,3,2,1,0,6,5,4,3,2,1,1,1,1,1,0,0,1,1,1,1,0,0,0,0,1,1,0,0,0,0,0,0,0,0,0,0,0,0,0,0,-0.35351480705952737,-0.4563194235965175,0.6254578204743321,-0.3232062443710596,-0.16811768237766436,-0.2161513059141399,-0.3894107089440622,-0.7364044271612324,0.024016811768237764,-0.2641849294506154,-0.11764705882352941,0.29411764705882354,0.9411764705882353,0.47058823529411764,0.058823529411764705,0.0,0.5217391304347826,0.0,0.5,0.028985507246376812
5,0,1,0,-0.19363474122546112,0.4117647058823529,-0.04427087498254363,4,3,2,1,0,6,5,4,3,2,1,1,1,1,1,0,0,1,1,1,0,0,0,0,0,1,1,0,0,0,0,0,0,0,0,0,0,0,0,0,-0.5688902183667365,-0.3482437706394476,-0.4552987090963673,0.6254578204743321,-0.32422695887120984,-0.16811768237766436,-0.22189650014956627,-0.3894107089440622,-0.7325127589312518,0.024016811768237764,0.35294117647058826,-0.11764705882352941,0.29411764705882354,0.9411764705882353,0.47058823529411764,0.057971014492753624,0.0,0.5,0.0,0.5507246376811594
6,0,1,0,0.6035098155859607,-0.5882352941176471,0.6732906315288278,5,4,3,2,1,0,6,5,4,3,0,1,1,1,1,1,0,0,1,1,1,0,0,0,0,0,1,1,0,0,0,0,0,0,0,0,0,0,0,0,-0.18600059826503143,-0.5643950765535874,-0.3472230561392974,-0.4552987090963673,0.6244371059741819,-0.32422695887120984,-0.17403529763685313,-0.22189650014956627,-0.3842689882918042,-0.7325127589312518,0.4117647058823529,0.35294117647058826,-0.11764705882352941,0.29411764705882354,0.9411764705882353,0.463768115942029,0.057971014492753624,0.0,0.5,0.028985507246376812
0,1,0,0,0.7938726948245092,0.7058823529411765,0.9841924577935558,6,5,4,3,2,1,0,6,5,4,0,0,1,1,1,1,1,0,0,1,1,1,0,0,0,0,0,1,1,0,0,0,0,0,0,0,0,0,0,0,0.6156745438229135,-0.18012608826178322,-0.5633743620534373,-0.3472230561392974,-0.4563194235965175,0.6244371059741819,-0.3295842058031708,-0.17403529763685313,-0.2161513059141399,-0.3842689882918042,-0.5882352941176471,0.4117647058823529,0.35294117647058826,-0.11764705882352941,0.29411764705882354,0.927536231884058,0.463768115942029,0.05555555555555555,0.0,0.5507246376811594
1,1,0,0,-0.08655562165377759,0.47058823529411764,-0.22263955692671022,0,6,5,4,3,2,1,0,6,5,1,0,0,1,1,1,1,1,0,0,0,1,1,0,0,0,0,0,1,1,0,0,0,0,0,0,0,0,0,0,0.807119353873766,0.6244371059741819,-0.17910537376163305,-0.5633743620534373,-0.3482437706394476,-0.4563194235965175,0.6156745438229135,-0.3295842058031708,-0.16811768237766436,-0.2161513059141399,0.7058823529411765,-0.5882352941176471,0.4117647058823529,0.35294117647058826,-0.11764705882352941,0.2898550724637681,0.927536231884058,0.4444444444444444,0.05555555555555555,0.028985507246376812
2,1,0,0,3.113920285544319,0.47058823529411764,2.7915464972937825,1,0,6,5,4,3,2,1,0,6,1,1,0,0,1,1,1,1,1,0,0,0,1,1,0,0,0,0,0,1,0,0,0,0,0,0,0,0,0,0,-0.07831289261142688,0.816571600120084,0.6254578204743321,-0.17910537376163305,-0.5643950765535874,-0.3482437706394476,-0.4612025127131319,0.6156745438229135,-0.32422695887120984,-0.16811768237766436,0.47058823529411764,0.7058823529411765,-0.5882352941176471,0.4117647058823529,0.35294117647058826,-0.11594202898550725,0.2898550724637681,0.8888888888888888,0.4444444444444444,0.08695652173913043
3,1,0,0,1.6505056513979774,1.0,1.0897571511703386,2,1,0,6,5,4,3,2,1,0,1,1,1,0,0,1,1,1,1,1,0,0,0,1,1,0,0,0,0,0,0,0,0,0,0,0,0,0,0,0,3.140352976368531,-0.07205043530471329,0.8175923146202342,0.6254578204743321,-0.18012608826178322,-0.5643950765535874,-0.35351480705952737,-0.4612025127131319,0.6244371059741819,-0.32422695887120984,0.47058823529411764,0.47058823529411764,0.7058823529411765,-0.5882352941176471,0.4117647058823529,0.34782608695652173,-0.11594202898550725,0.2777777777777778,0.8888888888888888,0.4927536231884058
4,1,0,0,0.7105889351576442,0.11764705882352941,0.6601789873276801,3,2,1,0,6,5,4,3,2,1,1,1,1,1,0,0,1,1,1,1,0,0,0,0,1,1,0,0,0,0,0,0,0,0,0,0,0,0,0,0,1.6686209991026022,3.158210747523266,-0.07102972080456309,0.8175923146202342,0.6244371059741819,-0.18012608826178322,-0.5688902183667365,-0.35351480705952737,-0.4563194235965175,0.6244371059741819,1.0,0.47058823529411764,0.47058823529411764,0.7058823529411765,-0.5882352941176471,0.4057971014492754,0.34782608695652173,-0.1111111111111111,0.2777777777777778,0.9565217391304348
5,0,1,0,1.3649613325401546,-0.35294117647058826,1.3477370691291937,4,3,2,1,0,6,5,4,3,2,1,1,1,1,1,0,0,1,1,1,0,0,0,0,0,1,1,0,0,0,0,0,0,0,0,0,0,0,0,0,0.7233622494765181,1.6811768237766436,3.1592314620234165,-0.07102972080456309,0.816571600120084,0.6244371059741819,-0.18600059826503143,-0.5688902183667365,-0.3482437706394476,-0.4563194235965175,0.11764705882352941,1.0,0.47058823529411764,0.47058823529411764,0.7058823529411765,-0.5797101449275363,0.4057971014492754,0.3333333333333333,-0.1111111111111111,0.3188405797101449
6,0,1,0,0.4726353361094586,0.0,0.5045908356265248,5,4,3,2,1,0,6,5,4,3,0,1,1,1,1,1,0,0,1,1,1,0,0,0,0,0,1,1,0,0,0,0,0,0,0,0,0,0,0,0,1.3814537840263237,0.7325127589312518,1.6821975382767937,3.1592314620234165,-0.07205043530471329,0.816571600120084,0.6156745438229135,-0.18600059826503143,-0.5643950765535874,-0.3482437706394476,-0.35294117647058826,0.11764705882352941,1.0,0.47058823529411764,0.47058823529411764,0.6956521739130435,-0.5797101449275363,0.3888888888888889,0.3333333333333333,-0.08695652173913043
0,1,0,0,-0.5386674598453303,-0.058823529411764705,-0.4519008747975932,6,5,4,3,2,1,0,6,5,4,0,0,1,1,1,1,1,0,0,1,1,1,0,0,0,0,0,1,1,0,0,0,0,0,0,0,0,0,0,0,0.4840562369129524,1.3929750825577905,0.7335334734314021,1.6821975382767937,3.158210747523266,-0.07205043530471329,0.807119353873766,0.6156745438229135,-0.18012608826178322,-0.5643950765535874,0.0,-0.35294117647058826,0.11764705882352941,1.0,0.47058823529411764,0.463768115942029,0.6956521739130435,-0.5555555555555556,0.3888888888888889,0.37681159420289856
1,1,0,0,-0.03896490184414046,-0.23529411764705882,0.0760884220236095,0,6,5,4,3,2,1,0,6,5,1,0,0,1,1,1,1,1,0,0,0,1,1,0,0,0,0,0,1,1,0,0,0,0,0,0,0,0,0,0,-0.5329943164822016,0.49234464124887417,1.3939957970579406,0.7335334734314021,1.6811768237766436,3.158210747523266,-0.07831289261142688,0.807119353873766,0.6244371059741819,-0.18012608826178322,-0.058823529411764705,0.0,-0.35294117647058826,0.11764705882352941,1.0,0.463768115942029,0.463768115942029,0.6666666666666666,-0.5555555555555556,0.43478260869565216
2,1,0,0,0.5202260559190958,0.7058823529411765,0.4202248550305932,1,0,6,5,4,3,2,1,0,6,1,1,0,0,1,1,1,1,1,0,0,0,1,1,0,0,0,0,0,1,0,0,0,0,0,0,0,0,0,0,-0.03045169009871375,-0.5283698589012308,0.4933653557490244,1.3939957970579406,0.7325127589312518,1.6811768237766436,3.140352976368531,-0.07831289261142688,0.816571600120084,0.6244371059741819,-0.23529411764705882,-0.058823529411764705,0.0,-0.35294117647058826,0.11764705882352941,0.9855072463768116,0.463768115942029,0.4444444444444444,0.6666666666666666,-0.5507246376811594
3,1,0,0,0.2822724568709101,-0.058823529411764705,0.3235863868989346,2,1,0,6,5,4,3,2,1,0,1,1,1,0,0,1,1,1,1,1,0,0,0,1,1,0,0,0,0,0,0,0,0,0,0,0,0,0,0,0,0.5319174394256655,-0.024016811768237764,-0.5273491444010806,0.4933653557490244,1.3929750825577905,0.7325127589312518,1.6686209991026022,3.140352976368531,-0.07205043530471329,0.816571600120084,0.7058823529411765,-0.23529411764705882,-0.058823529411764705,0.0,-0.35294117647058826,0.11594202898550725,0.9855072463768116,0.4444444444444444,0.4444444444444444,0.7246376811594203
4,1,0,0,0.4726353361094586,0.17647058823529413,0.7381762405906477,3,2,1,0,6,5,4,3,2,1,1,1,1,1,0,0,1,1,1,1,0,0,0,0,1,1,0,0,0,0,0,0,0,0,0,0,0,0,0,0,0.2926114268620999,0.5403782647853497,-0.022996097268087563,-0.5273491444010806,0.49234464124887417,1.3929750825577905,0.7233622494765181,1.6686209991026022,3.158210747523266,-0.07205043530471329,-0.058823529411764705,0.7058823529411765,-0.23529411764705882,-0.058823529411764705,0.0,-0.34782608695652173,0.11594202898550725,0.9444444444444444,0.4444444444444444,0.4927536231884058
5,0,1,0,1.507733491969066,0.17647058823529413,1.4244491403781692,4,3,2,1,0,6,5,4,3,2,1,1,1,1,1,0,0,1,1,1,0,0,0,0,0,1,1,0,0,0,0,0,0,0,0,0,0,0,0,0,0.4840562369129524,0.30021014710297206,0.5413989792855,-0.022996097268087563,-0.5283698589012308,0.49234464124887417,1.3814537840263237,0.7233622494765181,1.6811768237766436,3.158210747523266,0.17647058823529413,-0.058823529411764705,0.7058823529411765,-0.23529411764705882,-0.058823529411764705,0.0,-0.34782608695652173,0.1111111111111111,0.9444444444444444,0.4927536231884058
6,0,1,0,0.032421177870315225,-0.47058823529411764,0.12577450219970374,5,4,3,2,1,0,6,5,4,3,0,1,1,1,1,1,0,0,1,1,1,0,0,0,0,0,1,1,0,0,0,0,0,0,0,0,0,0,0,0,1.525037391564463,0.49234464124887417,0.30123086160312224,0.5413989792855,-0.024016811768237764,-0.5283698589012308,0.4840562369129524,1.3814537840263237,0.7325127589312518,1.6811768237766436,0.17647058823529413,0.17647058823529413,-0.058823529411764705,0.7058823529411765,-0.23529411764705882,-0.057971014492753624,0.0,-0.3333333333333333,0.1111111111111111,1.0144927536231885
0,0,0,1,0.6392028554431886,-0.7647058823529411,1.0799124282122112,6,5,4,3,2,1,0,6,5,4,0,0,1,1,1,1,1,0,0,1,1,1,0,0,0,0,0,1,1,0,0,0,0,0,0,0,0,0,0,0,0.04134011367035595,1.537075953167217,0.4933653557490244,0.30123086160312224,0.5403782647853497,-0.024016811768237764,-0.5329943164822016,0.4840562369129524,1.3929750825577905,0.7325127589312518,-0.47058823529411764,0.17647058823529413,0.17647058823529413,-0.058823529411764705,0.7058823529411765,-0.2318840579710145,-0.057971014492753624,0.0,-0.3333333333333333,0.14492753623188406
1,1,0,0,-0.2531231409875075,0.47058823529411764,-0.10592029852247849,0,6,5,4,3,2,1,0,6,5,0,0,0,1,1,1,1,1,0,0,0,1,1,0,0,0,0,0,1,1,1,0,0,0,0,0,0,0,0,0,0.6515704457074484,0.04803362353647553,1.538096667667367,0.4933653557490244,0.30021014710297206,0.5403782647853497,-0.03045169009871375,-0.5329943164822016,0.49234464124887417,1.3929750825577905,-0.7647058823529411,-0.47058823529411764,0.17647058823529413,0.17647058823529413,-0.058823529411764705,0.6956521739130435,-0.2318840579710145,-0.05555555555555555,0.0,-0.3188405797101449
2,1,0,0,-0.27691850089232606,0.29411764705882354,-0.19380802093317046,1,0,6,5,4,3,2,1,0,6,1,0,0,0,1,1,1,1,1,0,0,0,1,1,0,0,0,0,0,1,0,1,0,0,0,0,0,0,0,0,-0.24582710140592284,0.6604623236265386,0.04905433803662573,1.538096667667367,0.49234464124887417,0.30021014710297206,0.5319174394256655,-0.03045169009871375,-0.5283698589012308,0.49234464124887417,0.47058823529411764,-0.7647058823529411,-0.47058823529411764,0.17647058823529413,0.17647058823529413,-0.057971014492753624,0.6956521739130435,-0.2222222222222222,-0.05555555555555555,0.028985507246376812
3,1,0,0,0.37745389649018435,1.0,0.6108888976052853,2,1,0,6,5,4,3,2,1,0,1,1,0,0,0,1,1,1,1,1,0,0,0,1,1,0,0,0,0,0,0,0,1,0,0,0,0,0,0,0,-0.2697577026622794,-0.24016811768237764,0.6614830381266887,0.04905433803662573,1.537075953167217,0.49234464124887417,0.2926114268620999,0.5319174394256655,-0.024016811768237764,-0.5283698589012308,0.29411764705882354,0.47058823529411764,-0.7647058823529411,-0.47058823529411764,0.17647058823529413,0.17391304347826086,-0.057971014492753624,0.6666666666666666,-0.2222222222222222,-0.028985507246376812
4,1,0,0,0.0443188578227245,0.29411764705882354,-0.08257187222267244,3,2,1,0,6,5,4,3,2,1,1,1,1,0,0,0,1,1,1,1,0,0,0,0,1,1,0,0,0,0,0,0,0,1,0,0,0,0,0,0,0.3883338318875261,-0.2641849294506154,-0.23914740318222744,0.6614830381266887,0.04803362353647553,1.537075953167217,0.4840562369129524,0.2926114268620999,0.5403782647853497,-0.024016811768237764,1.0,0.29411764705882354,0.47058823529411764,-0.7647058823529411,-0.47058823529411764,0.17391304347826086,0.17391304347826086,-0.05555555555555555,0.6666666666666666,-0.2028985507246377
5,0,1,0,0.008625817965496661,-0.17647058823529413,0.10262585808727855,4,3,2,1,0,6,5,4,3,2,1,1,1,1,0,0,0,1,1,1,0,0,0,0,0,1,1,0,0,0,0,0,0,0,1,0,0,0,0,0,0.05330541429853423,0.3962773941759231,-0.2631642149504652,-0.23914740318222744,0.6604623236265386,0.04803362353647553,1.525037391564463,0.4840562369129524,0.30021014710297206,0.5403782647853497,0.29411764705882354,1.0,0.29411764705882354,0.47058823529411764,-0.7647058823529411,-0.463768115942029,0.17391304347826086,0.16666666666666666,-0.05555555555555555,0.7246376811594203
6,0,1,0,0.05621653777513378,-0.8235294117647058,0.22766198819551742,5,4,3,2,1,0,6,5,4,3,0,1,1,1,1,0,0,0,1,1,1,0,0,0,0,0,1,1,0,0,0,0,0,0,0,1,0,0,0,0,0.017409512413999382,0.06004202942059441,0.39729810867607335,-0.2631642149504652,-0.24016811768237764,0.6604623236265386,0.04134011367035595,1.525037391564463,0.49234464124887417,0.30021014710297206,-0.17647058823529413,0.29411764705882354,1.0,0.29411764705882354,0.47058823529411764,-0.7536231884057971,-0.463768115942029,0.16666666666666666,0.16666666666666666,-0.028985507246376812
0,1,0,0,0.43694229625223074,0.0,0.43449909575329726,6,5,4,3,2,1,0,6,5,4,0,0,1,1,1,1,0,0,0,1,1,1,0,0,0,0,0,1,1,0,0,0,0,0,0,0,1,0,0,0,0.0652707149267125,0.024016811768237764,0.061062743920744615,0.39729810867607335,-0.2641849294506154,-0.24016811768237764,0.6515704457074484,0.04134011367035595,1.537075953167217,0.49234464124887417,-0.8235294117647058,-0.17647058823529413,0.29411764705882354,1.0,0.29411764705882354,0.463768115942029,-0.7536231884057971,-0.4444444444444444,0.16666666666666666,0.2028985507246377
1,1,0,0,-0.15794170136823327,0.5882352941176471,-0.1463810162605367,0,6,5,4,3,2,1,0,6,5,1,0,0,1,1,1,1,0,0,0,0,1,1,0,0,0,0,0,1,1,0,0,0,0,0,0,0,1,0,0,0.44816033502841757,0.07205043530471329,0.025037526268387966,0.061062743920744615,0.3962773941759231,-0.2641849294506154,-0.24582710140592284,0.6515704457074484,0.04803362353647553,1.537075953167217,0.0,-0.8235294117647058,-0.17647058823529413,0.29411764705882354,1.0,0.2898550724637681,0.463768115942029,-0.7222222222222222,-0.4444444444444444,0.2028985507246377
2,1,0,0,-0.27691850089232606,0.0,-0.26394336264335777,1,0,6,5,4,3,2,1,0,6,1,1,0,0,1,1,1,1,0,0,0,0,1,1,0,0,0,0,0,1,0,0,0,0,0,0,0,0,1,0,-0.1501046963804966,0.4563194235965175,0.0730711498048635,0.025037526268387966,0.06004202942059441,0.3962773941759231,-0.2697577026622794,-0.24582710140592284,0.6604623236265386,0.04803362353647553,0.5882352941176471,0.0,-0.8235294117647058,-0.17647058823529413,0.29411764705882354,0.9855072463768116,0.2898550724637681,0.4444444444444444,-0.7222222222222222,-0.43478260869565216
3,1,0,0,0.3655562165377751,0.4117647058823529,0.0662240424996397,2,1,0,6,5,4,3,2,1,0,1,1,1,0,0,1,1,1,1,0,0,0,0,1,1,0,0,0,0,0,0,0,0,0,0,0,0,0,0,1,-0.2697577026622794,-0.14410087060942658,0.45734013809666774,0.0730711498048635,0.024016811768237764,0.06004202942059441,0.3883338318875261,-0.2697577026622794,-0.24016811768237764,0.6604623236265386,0.0,0.5882352941176471,0.0,-0.8235294117647058,-0.17647058823529413,0.2898550724637681,0.9855072463768116,0.2777777777777778,0.4444444444444444,-0.7246376811594203
4,1,0,0,1.5672218917311125,0.5294117647058824,1.4310512447564994,3,2,1,0,6,5,4,3,2,1,1,1,1,1,0,0,1,1,1,1,0,0,0,0,1,1,0,0,0,0,0,0,0,0,0,0,0,0,0,0,0.3763685312593479,-0.2641849294506154,-0.14308015610927638,0.45734013809666774,0.07205043530471329,0.024016811768237764,0.05330541429853423,0.3883338318875261,-0.2641849294506154,-0.24016811768237764,0.4117647058823529,0.0,0.5882352941176471,0.0,-0.8235294117647058,-0.17391304347826086,0.2898550724637681,0.9444444444444444,0.2777777777777778,0.4927536231884058
5,0,1,0,1.6148126115407495,-0.6470588235294118,1.2856641359433798,4,3,2,1,0,6,5,4,3,2,1,1,1,1,1,0,0,1,1,1,0,0,0,0,0,1,1,0,0,0,0,0,0,0,0,0,0,0,0,0,1.5848638947053542,0.3842689882918042,-0.2631642149504652,-0.14308015610927638,0.4563194235965175,0.07205043530471329,0.017409512413999382,0.05330541429853423,0.3962773941759231,-0.2641849294506154,0.5294117647058824,0.4117647058823529,0.0,0.5882352941176471,0.0,-0.8115942028985508,-0.17391304347826086,0.2777777777777778,0.9444444444444444,0.3188405797101449
6,0,1,0,1.079417013682332,-0.47058823529411764,1.023149269548611,5,4,3,2,1,0,6,5,4,3,0,1,1,1,1,1,0,0,1,1,1,0,0,0,0,0,1,1,0,0,0,0,0,0,0,0,0,0,0,0,1.6327250972180674,1.5971179825878115,0.38528970279195446,-0.2631642149504652,-0.14410087060942658,0.4563194235965175,0.0652707149267125,0.017409512413999382,0.06004202942059441,0.3962773941759231,-0.6470588235294118,0.5294117647058824,0.4117647058823529,0.0,0.5882352941176471,0.0,-0.8115942028985508,-0.16666666666666666,0.2777777777777778,1.0144927536231885
0,1,0,0,3.7444973230220113,0.29411764705882354,3.6929254858008562,6,5,4,3,2,1,0,6,5,4,0,0,1,1,1,1,1,0,0,1,1,1,0,0,0,0,0,1,1,0,0,0,0,0,0,0,0,0,0,0,1.0942865689500447,1.6451516061242868,1.5981386970879616,0.38528970279195446,-0.2641849294506154,-0.14410087060942658,0.44816033502841757,0.0652707149267125,0.024016811768237764,0.06004202942059441,-0.47058823529411764,-0.6470588235294118,0.5294117647058824,0.4117647058823529,0.0,0.5797101449275363,0.0,-0.7777777777777778,-0.16666666666666666,0.3188405797101449
1,1,0,0,1.0675193337299227,0.47058823529411764,1.0436750129934367,0,6,5,4,3,2,1,0,6,5,1,0,0,1,1,1,1,1,0,0,0,1,1,0,0,0,0,0,1,1,0,0,0,0,0,0,0,0,0,0,3.7745139096619797,1.1047733413389371,1.6461723206244372,1.5981386970879616,0.3842689882918042,-0.2641849294506154,-0.1501046963804966,0.44816033502841757,0.07205043530471329,0.024016811768237764,0.29411764705882354,-0.47058823529411764,-0.6470588235294118,0.5294117647058824,0.4117647058823529,0.0,0.5797101449275363,0.0,-0.7777777777777778,-0.14492753623188406
2,1,0,0,1.341165972635336,1.0588235294117647,1.3794148758567246,1,0,6,5,4,3,2,1,0,6,1,1,0,0,1,1,1,1,1,0,0,0,1,1,0,0,0,0,0,1,0,0,0,0,0,0,0,0,0,0,1.0823212683218666,3.7946562593815667,1.1057940558390873,1.6461723206244372,1.5971179825878115,0.3842689882918042,-0.2697577026622794,-0.1501046963804966,0.4563194235965175,0.07205043530471329,0.47058823529411764,0.29411764705882354,-0.47058823529411764,-0.6470588235294118,0.5294117647058824,0.4057971014492754,0.0,0.5555555555555556,0.0,-0.782608695652174
3,1,0,0,0.9009518143961927,-0.17647058823529413,0.5586220890301262,2,1,0,6,5,4,3,2,1,0,1,1,1,0,0,1,1,1,1,1,0,0,0,1,1,0,0,0,0,0,0,0,0,0,0,0,0,0,0,0,1.357523182769967,1.0927649354548183,3.7956769738817173,1.1057940558390873,1.6451516061242868,1.5971179825878115,0.3763685312593479,-0.2697577026622794,-0.14410087060942658,0.4563194235965175,1.0588235294117647,0.47058823529411764,0.29411764705882354,-0.47058823529411764,-0.6470588235294118,0.5217391304347826,0.4057971014492754,0.0,0.5555555555555556,0.028985507246376812
4,1,0,0,1.805175490779298,0.8235294117647058,1.6044478877188368,3,2,1,0,6,5,4,3,2,1,1,1,1,1,0,0,1,1,1,1,0,0,0,0,1,1,0,0,0,0,0,0,0,0,0,0,0,0,0,0,0.9148070595273706,1.3689582707895527,1.0937856499549685,3.7956769738817173,1.1047733413389371,1.6451516061242868,1.5848638947053542,0.3763685312593479,-0.2641849294506154,-0.14410087060942658,-0.17647058823529413,1.0588235294117647,0.47058823529411764,0.29411764705882354,-0.47058823529411764,-0.6376811594202898,0.5217391304347826,0.3888888888888889,0.0,0.6086956521739131
5,0,1,0,-0.24122546103509823,0.35294117647058826,-0.15368682569602782,4,3,2,1,0,6,5,4,3,2,1,1,1,1,1,0,0,1,1,1,0,0,0,0,0,1,1,0,0,0,0,0,0,0,0,0,0,0,0,0,1.82416990726892,0.9246472530771539,1.3699789852897029,1.0937856499549685,3.7946562593815667,1.1047733413389371,1.6327250972180674,1.5848638947053542,0.3842689882918042,-0.2641849294506154,0.8235294117647058,-0.17647058823529413,1.0588235294117647,0.47058823529411764,0.29411764705882354,-0.463768115942029,-0.6376811594202898,0.5,0.3888888888888889,0.028985507246376812
6,0,1,0,-0.2650208209399168,-0.17647058823529413,-0.11334619170566188,5,4,3,2,1,0,6,5,4,3,0,1,1,1,1,1,0,0,1,1,1,0,0,0,0,0,1,1,0,0,0,0,0,0,0,0,0,0,0,0,-0.23386180077774454,1.837286100270189,0.9256679675773042,1.3699789852897029,1.0927649354548183,3.7946562593815667,1.0942865689500447,1.6327250972180674,1.5971179825878115,0.3842689882918042,0.35294117647058826,0.8235294117647058,-0.17647058823529413,1.0588235294117647,0.47058823529411764,0.2898550724637681,-0.463768115942029,-0.6111111111111112,0.5,0.43478260869565216
0,1,0,0,2.5904223676383107,-0.5294117647058824,2.5740669675967767,6,5,4,3,2,1,0,6,5,4,0,0,1,1,1,1,1,0,0,1,1,1,0,0,0,0,0,1,1,0,0,0,0,0,0,0,0,0,0,0,-0.25779240203410114,-0.22815971179825875,1.8383068147703392,0.9256679675773042,1.3689582707895527,1.0927649354548183,3.7745139096619797,1.0942865689500447,1.6451516061242868,1.5971179825878115,-0.17647058823529413,0.35294117647058826,0.8235294117647058,-0.17647058823529413,1.0588235294117647,0.463768115942029,0.2898550724637681,-0.4444444444444444,-0.6111111111111112,0.5507246376811594
1,1,0,0,0.6511005353955979,-0.4117647058823529,1.0029612616441699,0,6,5,4,3,2,1,0,6,5,1,0,0,1,1,1,1,1,0,0,0,1,1,0,0,0,0,0,1,1,0,0,0,0,0,0,0,0,0,0,2.6138797487286864,-0.25217652356649656,-0.22713899729810857,1.8383068147703392,0.9246472530771539,1.3689582707895527,1.0823212683218666,3.7745139096619797,1.1047733413389371,1.6451516061242868,-0.5294117647058824,-0.17647058823529413,0.35294117647058826,0.8235294117647058,-0.17647058823529413,1.0434782608695652,0.463768115942029,0.2777777777777778,-0.4444444444444444,-0.6086956521739131
2,1,0,0,0.6629982153480071,-0.5294117647058824,0.5329699132135813,1,0,6,5,4,3,2,1,0,6,1,1,0,0,1,1,1,1,1,0,0,0,1,1,0,0,0,0,0,1,0,0,0,0,0,0,0,0,0,0,0.6635357463356266,2.6298408886220352,-0.2511558090663463,-0.22713899729810857,1.837286100270189,0.9246472530771539,1.357523182769967,1.0823212683218666,3.7946562593815667,1.1047733413389371,-0.4117647058823529,-0.5294117647058824,-0.17647058823529413,0.35294117647058826,0.8235294117647058,-0.17391304347826086,1.0434782608695652,0.4444444444444444,0.2777777777777778,-0.43478260869565216
3,0,0,1,-0.14604402141582398,-0.8823529411764706,-0.017200567288490214,2,1,0,6,5,4,3,2,1,0,1,1,1,0,0,1,1,1,1,1,0,0,0,1,1,0,0,0,0,0,0,0,0,0,0,0,0,0,0,0,0.675501046963805,0.6724707295106575,2.6308616031221854,-0.2511558090663463,-0.22815971179825875,1.837286100270189,0.9148070595273706,1.357523182769967,1.0927649354548183,3.7946562593815667,-0.5294117647058824,-0.4117647058823529,-0.5294117647058824,-0.17647058823529413,0.35294117647058826,0.8115942028985508,-0.17391304347826086,1.0,0.4444444444444444,0.3188405797101449
4,0,0,1,-0.5624628197501488,-0.9411764705882353,-0.4446726194491533,3,2,1,0,6,5,4,3,2,1,0,1,1,1,0,0,1,1,1,1,0,0,0,0,1,1,0,0,0,0,1,0,0,0,0,0,0,0,0,0,-0.1381393957523183,0.6844791353947763,0.6734914440108076,2.6308616031221854,-0.25217652356649656,-0.22815971179825875,1.82416990726892,0.9148070595273706,1.3689582707895527,1.0927649354548183,-0.8823529411764706,-0.5294117647058824,-0.4117647058823529,-0.5294117647058824,-0.17647058823529413,0.34782608695652173,0.8115942028985508,-0.16666666666666666,1.0,0.4927536231884058
5,0,1,0,0.2941701368233194,-0.4117647058823529,0.40992409974492033,4,3,2,1,0,6,5,4,3,2,0,0,1,1,1,0,0,1,1,1,0,0,0,0,0,1,1,0,0,0,1,1,0,0,0,0,0,0,0,0,-0.5569249177385582,-0.1320924647253077,0.6854998498949265,0.6734914440108076,2.6298408886220352,-0.25217652356649656,-0.23386180077774454,1.82416990726892,0.9246472530771539,1.3689582707895527,-0.9411764705882353,-0.8823529411764706,-0.5294117647058824,-0.4117647058823529,-0.5294117647058824,-0.17391304347826086,0.34782608695652173,0.7777777777777778,-0.16666666666666666,1.0724637681159421
6,0,1,0,-0.24122546103509823,-0.8235294117647058,-0.03580532816234608,5,4,3,2,1,0,6,5,4,3,0,0,0,1,1,1,0,0,1,1,1,0,0,0,0,0,1,1,0,0,0,1,1,0,0,0,0,0,0,0,0.30457672749027814,-0.5523866706694686,-0.13107175022515752,0.6854998498949265,0.6724707295106575,2.6298408886220352,-0.25779240203410114,-0.23386180077774454,1.837286100270189,0.9246472530771539,-0.4117647058823529,-0.9411764705882353,-0.8823529411764706,-0.5294117647058824,-0.4117647058823529,-0.5217391304347826,-0.17391304347826086,0.3333333333333333,0.7777777777777778,-0.14492753623188406
0,1,0,0,1.424449732302201,0.5294117647058824,1.25894300033711,6,5,4,3,2,1,0,6,5,4,0,0,0,0,1,1,1,0,0,1,1,1,0,0,0,0,0,1,1,0,0,0,1,1,0,0,0,0,0,0,-0.23386180077774454,0.31221855298709095,-0.5513659561693184,-0.13107175022515752,0.6844791353947763,0.6724707295106575,2.6138797487286864,-0.25779240203410114,-0.22815971179825875,1.837286100270189,-0.8235294117647058,-0.4117647058823529,-0.9411764705882353,-0.8823529411764706,-0.5294117647058824,-0.4057971014492754,-0.5217391304347826,-0.16666666666666666,0.3333333333333333,0.8405797101449275
1,1,0,0,0.2941701368233194,0.5294117647058824,0.33855039438665663,0,6,5,4,3,2,1,0,6,5,1,0,0,0,0,1,1,1,0,0,0,1,1,0,0,0,0,0,1,1,0,0,0,1,1,0,0,0,0,0,1.441280287167215,-0.22815971179825875,0.3132392674872411,-0.5513659561693184,-0.1320924647253077,0.6844791353947763,0.6635357463356266,2.6138797487286864,-0.25217652356649656,-0.22815971179825875,0.5294117647058824,-0.8235294117647058,-0.4117647058823529,-0.9411764705882353,-0.8823529411764706,-0.5217391304347826,-0.4057971014492754,-0.5,-0.16666666666666666,0.37681159420289856
2,1,0,0,2.1383105294467577,1.0,1.9186663127293508,1,0,6,5,4,3,2,1,0,6,1,1,0,0,0,0,1,1,1,0,0,0,1,1,0,0,0,0,0,1,0,0,0,0,1,1,0,0,0,0,0.30457672749027814,1.4530171119783848,-0.22713899729810857,0.3132392674872411,-0.5523866706694686,-0.1320924647253077,0.675501046963805,0.6635357463356266,2.6298408886220352,-0.25217652356649656,0.5294117647058824,0.5294117647058824,-0.8235294117647058,-0.4117647058823529,-0.9411764705882353,-0.8695652173913043,-0.5217391304347826,-0.3888888888888889,-0.5,-0.14492753623188406
3,1,0,0,0.6629982153480071,1.0588235294117647,0.6680466171541599,2,1,0,6,5,4,3,2,1,0,1,1,1,0,0,0,0,1,1,1,0,0,0,1,1,0,0,0,0,0,0,0,0,0,0,1,1,0,0,0,2.1591983248579116,0.31221855298709095,1.454037826478535,-0.22713899729810857,0.31221855298709095,-0.5523866706694686,-0.1381393957523183,0.675501046963805,0.6724707295106575,2.6298408886220352,1.0,0.5294117647058824,0.5294117647058824,-0.8235294117647058,-0.4117647058823529,-0.927536231884058,-0.8695652173913043,-0.5,-0.3888888888888889,-0.4927536231884058
4,1,0,0,-0.19363474122546112,0.17647058823529413,-0.24695758801070997,3,2,1,0,6,5,4,3,2,1,1,1,1,1,0,0,0,0,1,1,0,0,0,0,1,1,0,0,0,0,0,0,0,0,0,0,1,1,0,0,0.675501046963805,2.1735214650255177,0.3132392674872411,1.454037826478535,-0.22815971179825875,0.31221855298709095,-0.5569249177385582,-0.1381393957523183,0.6844791353947763,0.6724707295106575,1.0588235294117647,1.0,0.5294117647058824,0.5294117647058824,-0.8235294117647058,-0.4057971014492754,-0.927536231884058,-0.8333333333333334,-0.5,-0.37681159420289856
5,0,1,0,-0.11035098155859614,-0.5882352941176471,-0.1302780001302694,4,3,2,1,0,6,5,4,3,2,1,1,1,1,1,0,0,0,0,1,0,0,0,0,0,1,1,0,0,0,0,0,0,0,0,0,0,1,1,0,-0.18600059826503143,0.6844791353947763,2.174542179525668,0.3132392674872411,1.4530171119783848,-0.22815971179825875,0.30457672749027814,-0.5569249177385582,-0.1320924647253077,0.6844791353947763,0.17647058823529413,1.0588235294117647,1.0,0.5294117647058824,0.5294117647058824,-0.8115942028985508,-0.4057971014492754,-0.8888888888888888,-0.8333333333333334,-0.4927536231884058
6,0,1,0,-0.7052349791790602,-0.7647058823529411,-0.5708452564551939,5,4,3,2,1,0,6,5,4,3,0,1,1,1,1,1,0,0,0,0,1,0,0,0,0,0,1,1,0,0,0,0,0,0,0,0,0,0,1,1,-0.10224349386778345,-0.18012608826178322,0.6854998498949265,2.174542179525668,0.31221855298709095,1.4530171119783848,-0.23386180077774454,0.30457672749027814,-0.5523866706694686,-0.1320924647253077,-0.5882352941176471,0.17647058823529413,1.0588235294117647,1.0,0.5294117647058824,0.5217391304347826,-0.8115942028985508,-0.3888888888888889,-0.8888888888888888,-0.8405797101449275
0,1,0,0,0.38935157644259366,0.9411764705882353,0.4824436041957476,6,5,4,3,2,1,0,6,5,4,0,0,1,1,1,1,1,0,0,0,1,1,0,0,0,0,0,1,1,0,0,0,0,0,0,0,0,0,0,1,-0.7005085252766976,-0.09606724707295106,-0.17910537376163305,0.6854998498949265,2.1735214650255177,0.31221855298709095,1.441280287167215,-0.23386180077774454,0.31221855298709095,-0.5523866706694686,-0.7647058823529411,-0.5882352941176471,0.17647058823529413,1.0588235294117647,1.0,0.5217391304347826,0.5217391304347826,-0.7777777777777778,-0.3888888888888889,-0.8985507246376812
1,1,0,0,0.008625817965496661,0.4117647058823529,0.1213803662536435,0,6,5,4,3,2,1,0,6,5,1,0,0,1,1,1,1,1,0,0,0,1,1,0,0,0,0,0,1,1,0,0,0,0,0,0,0,0,0,0,0.4002991325157044,-0.6964875412788952,-0.09504653257280087,-0.17910537376163305,0.6844791353947763,2.1735214650255177,0.30457672749027814,1.441280287167215,-0.22815971179825875,0.31221855298709095,0.9411764705882353,-0.7647058823529411,-0.5882352941176471,0.17647058823529413,1.0588235294117647,0.9855072463768116,0.5217391304347826,0.5,-0.7777777777777778,-0.37681159420289856
2,1,0,0,0.6867935752528257,-0.17647058823529413,0.6344867835952377,1,0,6,5,4,3,2,1,0,6,1,1,0,0,1,1,1,1,1,0,0,0,1,1,0,0,0,0,0,1,0,0,0,0,0,0,0,0,0,0,0.017409512413999382,0.408285800060042,-0.6954668267787449,-0.09504653257280087,-0.18012608826178322,0.6844791353947763,2.1591983248579116,0.30457672749027814,1.4530171119783848,-0.22815971179825875,0.4117647058823529,0.9411764705882353,-0.7647058823529411,-0.5882352941176471,0.17647058823529413,1.0434782608695652,0.9855072463768116,0.5,0.5,-0.782608695652174
3,0,0,1,-0.22932778108268895,-0.9411764705882353,-0.21478264886341716,2,1,0,6,5,4,3,2,1,0,1,1,1,0,0,1,1,1,1,1,0,0,0,1,1,0,0,0,0,0,0,0,0,0,0,0,0,0,0,0,0.6994316482201615,0.024016811768237764,0.4093065145601922,-0.6954668267787449,-0.09606724707295106,-0.18012608826178322,0.675501046963805,2.1591983248579116,0.31221855298709095,1.4530171119783848,-0.17647058823529413,0.4117647058823529,0.9411764705882353,-0.7647058823529411,-0.5882352941176471,0.17391304347826086,1.0434782608695652,0.9444444444444444,0.5,0.5507246376811594
4,1,0,0,1.4958358120166568,0.058823529411764705,0.9548870198671592,3,2,1,0,6,5,4,3,2,1,0,1,1,1,0,0,1,1,1,1,0,0,0,0,1,1,0,0,0,0,1,0,0,0,0,0,0,0,0,0,-0.22189650014956627,0.7084959471630141,0.025037526268387966,0.4093065145601922,-0.6964875412788952,-0.09606724707295106,-0.18600059826503143,0.675501046963805,2.1735214650255177,0.31221855298709095,-0.9411764705882353,-0.17647058823529413,0.4117647058823529,0.9411764705882353,-0.7647058823529411,-0.5797101449275363,0.17391304347826086,1.0,0.9444444444444444,0.5507246376811594
5,0,1,0,-0.12224866151100543,-0.29411764705882354,-0.18003734568814017,4,3,2,1,0,6,5,4,3,2,1,0,1,1,1,0,0,1,1,1,0,0,0,0,0,1,1,0,0,0,0,1,0,0,0,0,0,0,0,0,1.5130720909362847,-0.2161513059141399,0.7095166616631643,0.025037526268387966,0.408285800060042,-0.6964875412788952,-0.10224349386778345,-0.18600059826503143,0.6844791353947763,2.1735214650255177,0.058823529411764705,-0.9411764705882353,-0.17647058823529413,0.4117647058823529,0.9411764705882353,-0.7536231884057971,-0.5797101449275363,0.16666666666666666,1.0,1.0144927536231885
6,0,1,0,-0.2531231409875075,-0.7058823529411765,-0.14514872827826622,5,4,3,2,1,0,6,5,4,3,0,1,0,1,1,1,0,0,1,1,1,0,0,0,0,0,1,1,0,0,0,0,1,0,0,0,0,0,0,0,-0.11420879449596173,1.5250675472830981,-0.21513059141398969,0.7095166616631643,0.024016811768237764,0.408285800060042,-0.7005085252766976,-0.10224349386778345,-0.18012608826178322,0.6844791353947763,-0.29411764705882354,0.058823529411764705,-0.9411764705882353,-0.17647058823529413,0.4117647058823529,0.927536231884058,-0.7536231884057971,-0.5555555555555556,0.16666666666666666,1.0724637681159421
0,1,0,0,-0.31261154074955394,-0.29411764705882354,-0.3117056011116324,6,5,4,3,2,1,0,6,5,4,0,0,1,0,1,1,1,0,0,1,1,1,0,0,0,0,0,1,1,0,0,0,0,1,0,0,0,0,0,0,-0.24582710140592284,-0.10807565295706995,1.5260882617832483,-0.21513059141398969,0.7084959471630141,0.024016811768237764,0.4002991325157044,-0.7005085252766976,-0.09606724707295106,-0.18012608826178322,-0.7058823529411765,-0.29411764705882354,0.058823529411764705,-0.9411764705882353,-0.17647058823529413,0.4057971014492754,0.927536231884058,-0.7222222222222222,-0.5555555555555556,0.2028985507246377
1,1,0,0,0.9723378941106484,0.4117647058823529,1.038867374380472,0,6,5,4,3,2,1,0,6,5,1,0,0,1,0,1,1,1,0,0,0,1,1,0,0,0,0,0,1,1,0,0,0,0,1,0,0,0,0,0,-0.30565360454681423,-0.24016811768237764,-0.10705493845691974,1.5260882617832483,-0.2161513059141399,0.7084959471630141,0.017409512413999382,0.4002991325157044,-0.6964875412788952,-0.09606724707295106,-0.29411764705882354,-0.7058823529411765,-0.29411764705882354,0.058823529411764705,-0.9411764705882353,-0.17391304347826086,0.4057971014492754,0.8888888888888888,-0.7222222222222222,-0.5507246376811594
2,1,0,0,0.3655562165377751,0.058823529411764705,0.25004295406376714,1,0,6,5,4,3,2,1,0,6,1,1,0,0,1,0,1,1,1,0,0,0,1,1,0,0,0,0,0,1,0,0,0,0,0,1,0,0,0,0,0.9865988632964403,-0.30021014710297206,-0.23914740318222744,-0.10705493845691974,1.5250675472830981,-0.2161513059141399,0.6994316482201615,0.017409512413999382,0.408285800060042,-0.6964875412788952,0.4117647058823529,-0.29411764705882354,-0.7058823529411765,-0.29411764705882354,0.058823529411764705,-0.927536231884058,-0.17391304347826086,0.3888888888888889,0.8888888888888888,-0.7246376811594203
3,1,0,0,0.6629982153480071,1.0,0.4275503210319268,2,1,0,6,5,4,3,2,1,0,1,1,1,0,0,1,0,1,1,1,0,0,0,1,1,0,0,0,0,0,0,0,0,0,0,0,1,0,0,0,0.3763685312593479,0.9966976883818672,-0.2991894326028219,-0.23914740318222744,-0.10807565295706995,1.5250675472830981,-0.22189650014956627,0.6994316482201615,0.024016811768237764,0.408285800060042,0.058823529411764705,0.4117647058823529,-0.29411764705882354,-0.7058823529411765,-0.29411764705882354,0.057971014492753624,-0.927536231884058,-0.16666666666666666,0.3888888888888889,0.9565217391304348
4,1,0,0,0.4012492563950029,0.11764705882352941,0.5127940566407518,3,2,1,0,6,5,4,3,2,1,1,1,1,1,0,0,1,0,1,1,0,0,0,0,1,1,0,0,0,0,0,0,0,0,0,0,0,1,0,0,0.675501046963805,0.3842689882918042,0.9977184028820174,-0.2991894326028219,-0.24016811768237764,-0.10807565295706995,1.5130720909362847,-0.22189650014956627,0.7084959471630141,0.024016811768237764,1.0,0.058823529411764705,0.4117647058823529,-0.29411764705882354,-0.7058823529411765,-0.2898550724637681,0.057971014492753624,-0.8888888888888888,-0.16666666666666666,0.43478260869565216
5,0,1,0,0.1751933372992266,0.058823529411764705,0.14684026511703832,4,3,2,1,0,6,5,4,3,2,1,1,1,1,1,0,0,1,0,1,0,0,0,0,0,1,1,0,0,0,0,0,0,0,0,0,0,0,1,0,0.4122644331438827,0.6844791353947763,0.38528970279195446,0.9977184028820174,-0.30021014710297206,-0.24016811768237764,-0.11420879449596173,1.5130720909362847,-0.2161513059141399,0.7084959471630141,0.11764705882352941,1.0,0.058823529411764705,0.4117647058823529,-0.29411764705882354,-0.6956521739130435,-0.2898550724637681,0.05555555555555555,-0.8888888888888888,-0.14492753623188406
6,0,1,0,-0.47917906008328387,-0.8235294117647058,-0.3451610761755364,5,4,3,2,1,0,6,5,4,3,0,1,1,1,1,1,0,0,1,0,1,0,0,0,0,0,1,1,0,0,0,0,0,0,0,0,0,0,0,1,0.18492372120849535,0.4202942059441609,0.6854998498949265,0.38528970279195446,0.9966976883818672,-0.30021014710297206,-0.24582710140592284,-0.11420879449596173,1.5250675472830981,-0.2161513059141399,0.058823529411764705,0.11764705882352941,1.0,0.058823529411764705,0.4117647058823529,-0.2898550724637681,-0.6956521739130435,-0.2777777777777778,0.05555555555555555,-0.8985507246376812
0,1,0,0,-0.18173706127305184,0.29411764705882354,-0.10272985919019059,6,5,4,3,2,1,0,6,5,4,0,0,1,1,1,1,1,0,0,1,1,1,0,0,0,0,0,1,1,0,0,0,0,0,0,0,0,0,0,0,-0.4731678133413102,0.1921344941459021,0.42131492044431107,0.6854998498949265,0.3842689882918042,0.9966976883818672,-0.30565360454681423,-0.24582710140592284,-0.10807565295706995,1.5250675472830981,-0.8235294117647058,0.058823529411764705,0.11764705882352941,1.0,0.058823529411764705,0.4057971014492754,-0.2898550724637681,-0.6666666666666666,-0.2777777777777778,0.08695652173913043
1,1,0,0,0.8057703747769185,0.8235294117647058,1.0062496264135639,0,6,5,4,3,2,1,0,6,5,1,0,0,1,1,1,1,1,0,0,0,1,1,0,0,0,0,0,1,1,0,0,0,0,0,0,0,0,0,0,-0.17403529763685313,-0.4683278294806364,0.19315520864605232,0.42131492044431107,0.6844791353947763,0.3842689882918042,0.9865988632964403,-0.30565360454681423,-0.24016811768237764,-0.10807565295706995,0.29411764705882354,-0.8235294117647058,0.058823529411764705,0.11764705882352941,1.0,0.057971014492753624,0.4057971014492754,-0.2777777777777778,-0.6666666666666666,-0.2608695652173913
2,1,0,0,0.7343842950624627,0.0,0.7726613623125914,1,0,6,5,4,3,2,1,0,6,1,1,0,0,1,1,1,1,1,0,0,0,1,1,0,0,0,0,0,1,0,0,0,0,0,0,0,0,0,0,0.8190846545019443,-0.16811768237766436,-0.4673071149804862,0.19315520864605232,0.4202942059441609,0.6844791353947763,0.3763685312593479,0.9865988632964403,-0.30021014710297206,-0.24016811768237764,0.8235294117647058,0.29411764705882354,-0.8235294117647058,0.058823529411764705,0.11764705882352941,0.9855072463768116,0.057971014492753624,0.3888888888888889,-0.2777777777777778,-0.6666666666666666
3,1,0,0,0.829565734681737,-0.11764705882352941,0.45015930306394936,2,1,0,6,5,4,3,2,1,0,1,1,1,0,0,1,1,1,1,1,0,0,0,1,1,0,0,0,0,0,0,0,0,0,0,0,0,0,0,0,0.7472928507328747,0.8285800060042029,-0.16709696787751416,-0.4673071149804862,0.1921344941459021,0.4202942059441609,0.675501046963805,0.3763685312593479,0.9966976883818672,-0.30021014710297206,0.0,0.8235294117647058,0.29411764705882354,-0.8235294117647058,0.058823529411764705,0.11594202898550725,0.9855072463768116,0.05555555555555555,0.3888888888888889,-0.2608695652173913
4,1,0,0,-0.0151695419393219,-0.5882352941176471,-0.08043073611426683,3,2,1,0,6,5,4,3,2,1,1,1,1,1,0,0,1,1,1,1,0,0,0,0,1,1,0,0,0,0,0,0,0,0,0,0,0,0,0,0,0.8430152557583008,0.7565295706994896,0.8296007205043531,-0.16709696787751416,-0.4683278294806364,0.1921344941459021,0.4122644331438827,0.675501046963805,0.3842689882918042,0.9966976883818672,-0.11764705882352941,0.0,0.8235294117647058,0.29411764705882354,-0.8235294117647058,0.057971014492753624,0.11594202898550725,0.9444444444444444,0.05555555555555555,0.43478260869565216
5,0,1,0,-0.2531231409875075,0.0,-0.2946394132550835,4,3,2,1,0,6,5,4,3,2,1,1,1,1,1,0,0,1,1,1,0,0,0,0,0,1,1,0,0,0,0,0,0,0,0,0,0,0,0,0,-0.006521088842357184,0.8525968177724407,0.7575502851996397,0.8296007205043531,-0.16811768237766436,-0.4683278294806364,0.18492372120849535,0.4122644331438827,0.6844791353947763,0.3842689882918042,-0.5882352941176471,-0.11764705882352941,0.0,0.8235294117647058,0.29411764705882354,-0.8115942028985508,0.057971014492753624,0.1111111111111111,0.9444444444444444,0.08695652173913043
6,0,1,0,6.016954193932183,-0.7058823529411765,5.57957446930176,5,4,3,2,1,0,6,5,4,3,0,1,1,1,1,1,0,0,1,1,1,0,0,0,0,0,1,1,0,0,0,0,0,0,0,0,0,0,0,0,-0.24582710140592284,0.0,0.8536175322725909,0.7575502851996397,0.8285800060042029,-0.16811768237766436,-0.4731678133413102,0.18492372120849535,0.4202942059441609,0.6844791353947763,0.0,-0.5882352941176471,-0.11764705882352941,0.0,0.8235294117647058,0.2898550724637681,-0.8115942028985508,0.05555555555555555,0.1111111111111111,1.0144927536231885
0,1,0,0,8.420285544318858,0.29411764705882354,6.998765299621012,6,5,4,3,2,1,0,6,5,4,0,0,1,1,1,1,1,0,0,1,1,1,0,0,0,0,0,1,1,0,0,0,0,0,0,0,0,0,0,0,6.059886329644032,-0.24016811768237764,0.0010207145001502006,0.8536175322725909,0.7565295706994896,0.8285800060042029,-0.17403529763685313,-0.4731678133413102,0.1921344941459021,0.4202942059441609,-0.7058823529411765,0.0,-0.5882352941176471,-0.11764705882352941,0.0,0.8115942028985508,0.2898550724637681,-0.7777777777777778,0.05555555555555555,0.14492753623188406
1,1,0,0,0.9247471743010113,0.5882352941176471,0.8614883111784477,0,6,5,4,3,2,1,0,6,5,1,0,0,1,1,1,1,1,0,0,0,1,1,0,0,0,0,0,1,1,0,0,0,0,0,0,0,0,0,0,8.476877056536045,6.0882617832482735,-0.23914740318222744,0.0010207145001502006,0.8525968177724407,0.7565295706994896,0.8190846545019443,-0.17403529763685313,-0.4683278294806364,0.1921344941459021,0.29411764705882354,-0.7058823529411765,0.0,-0.5882352941176471,-0.11764705882352941,0.0,0.8115942028985508,0.2777777777777778,-0.7777777777777778,0.08695652173913043
2,1,0,0,0.6986912552052349,1.5294117647058822,0.5849801142564695,1,0,6,5,4,3,2,1,0,6,1,1,0,0,1,1,1,1,1,0,0,0,1,1,0,0,0,0,0,1,0,0,0,0,0,0,0,0,0,0,0.9387376607837271,8.513959771840288,6.089282497748424,-0.23914740318222744,0.0,0.8525968177724407,0.7472928507328747,0.8190846545019443,-0.16811768237766436,-0.4683278294806364,0.5882352941176471,0.29411764705882354,-0.7058823529411765,0.0,-0.5882352941176471,-0.11594202898550725,0.0,0.7777777777777778,0.2777777777777778,-0.782608695652174
3,1,0,0,2.4476502082093994,1.4705882352941178,1.8528318276254985,2,1,0,6,5,4,3,2,1,0,1,1,1,0,0,1,1,1,1,1,0,0,0,1,1,0,0,0,0,0,0,0,0,0,0,0,0,0,0,0,0.7113969488483398,0.9486640648453917,8.514980486340438,6.089282497748424,-0.24016811768237764,0.0,0.8430152557583008,0.7472928507328747,0.8285800060042029,-0.16811768237766436,1.5294117647058822,0.5882352941176471,0.29411764705882354,-0.7058823529411765,0.0,-0.5797101449275363,-0.11594202898550725,0.0,0.7777777777777778,0.3188405797101449
4,1,0,0,0.6867935752528257,1.1764705882352942,0.700532130041764,3,2,1,0,6,5,4,3,2,1,1,1,1,1,0,0,1,1,1,1,0,0,0,0,1,1,0,0,0,0,0,0,0,0,0,0,0,0,0,0,2.470296141190547,0.7205043530471329,0.949684779345542,8.514980486340438,6.0882617832482735,-0.24016811768237764,-0.006521088842357184,0.8430152557583008,0.7565295706994896,0.8285800060042029,1.4705882352941178,1.5294117647058822,0.5882352941176471,0.29411764705882354,-0.7058823529411765,0.0,-0.5797101449275363,-0.1111111111111111,0.0,0.8405797101449275
5,0,1,0,-0.6338488994646045,-0.5882352941176471,-0.5402414130068747,4,3,2,1,0,6,5,4,3,2,1,1,1,1,1,0,0,1,1,1,0,0,0,0,0,1,1,0,0,0,0,0,0,0,0,0,0,0,0,0,0.6994316482201615,2.4857400180126086,0.7215250675472832,0.949684779345542,8.513959771840288,6.0882617832482735,-0.24582710140592284,-0.006521088842357184,0.8525968177724407,0.7565295706994896,1.1764705882352942,1.4705882352941178,1.5294117647058822,0.5882352941176471,0.29411764705882354,-0.6956521739130435,0.0,-0.5555555555555556,-0.1111111111111111,0.028985507246376812
6,0,1,0,-0.5386674598453303,-1.0588235294117647,-0.4514430555095165,5,4,3,2,1,0,6,5,4,3,0,1,1,1,1,1,0,0,1,1,1,0,0,0,0,0,1,1,0,0,0,0,0,0,0,0,0,0,0,0,-0.6287167215076279,0.7084959471630141,2.4867607325127588,0.7215250675472832,0.9486640648453917,8.513959771840288,6.059886329644032,-0.24582710140592284,0.0,0.8525968177724407,-0.5882352941176471,1.1764705882352942,1.4705882352941178,1.5294117647058822,0.5882352941176471,0.2898550724637681,-0.6956521739130435,0.0,-0.5555555555555556,-0.08695652173913043
0,1,0,0,15.689767995240928,0.058823529411764705,9.79955896027131,6,5,4,3,2,1,0,6,5,4,0,0,1,1,1,1,1,0,0,1,1,1,0,0,0,0,0,1,1,0,0,0,0,0,0,0,0,0,0,0,-0.5329943164822016,-0.6244371059741819,0.7095166616631643,2.4867607325127588,0.7205043530471329,0.9486640648453917,8.476877056536045,6.059886329644032,-0.24016811768237764,0.0,-1.0588235294117647,-0.5882352941176471,1.1764705882352942,1.4705882352941178,1.5294117647058822,0.5797101449275363,0.2898550724637681,-0.6666666666666666,0.0,-0.5507246376811594
1,1,0,0,1.127007733491969,0.29411764705882354,0.9486962738030961,0,6,5,4,3,2,1,0,6,5,1,0,0,1,1,1,1,1,0,0,0,1,1,0,0,0,0,0,1,1,0,0,0,0,0,0,0,0,0,0,15.787675740352975,-0.5283698589012308,-0.6234163914740317,0.7095166616631643,2.4857400180126086,0.7205043530471329,0.9387376607837271,8.476877056536045,6.0882617832482735,-0.24016811768237764,0.058823529411764705,-1.0588235294117647,-0.5882352941176471,1.1764705882352942,1.4705882352941178,1.5072463768115942,0.5797101449275363,0.2777777777777778,-0.6666666666666666,0.028985507246376812
2,1,0,0,1.852766210588935,1.1764705882352942,1.9522915490437125,1,0,6,5,4,3,2,1,0,6,1,1,0,0,1,1,1,1,1,0,0,0,1,1,0,0,0,0,0,1,0,0,0,0,0,0,0,0,0,0,1.142147771462758,15.851095767036925,-0.5273491444010806,-0.6234163914740317,0.7084959471630141,2.4857400180126086,0.7113969488483398,0.9387376607837271,8.513959771840288,6.0882617832482735,0.29411764705882354,0.058823529411764705,-1.0588235294117647,-0.5882352941176471,1.1764705882352942,1.4492753623188406,1.5072463768115942,0.5555555555555556,0.2777777777777778,-0.6666666666666666
3,1,0,0,0.234681737061273,1.1176470588235294,0.2623804869628274,2,1,0,6,5,4,3,2,1,0,1,1,1,0,0,1,1,1,1,1,0,0,0,1,1,0,0,0,0,0,0,0,0,0,0,0,0,0,0,0,1.8720311097816331,1.1528069648754127,15.852116481537076,-0.5273491444010806,-0.6244371059741819,0.7084959471630141,2.470296141190547,0.7113969488483398,0.9486640648453917,8.513959771840288,1.1764705882352942,0.29411764705882354,0.058823529411764705,-1.0588235294117647,-0.5882352941176471,1.1594202898550725,1.4492753623188406,1.4444444444444444,0.5555555555555556,0.3188405797101449
4,1,0,0,-0.03896490184414046,0.8235294117647058,-0.09186478176878536,3,2,1,0,6,5,4,3,2,1,1,1,1,1,0,0,1,1,1,1,0,0,0,0,1,1,0,0,0,0,0,0,0,0,0,0,0,0,0,0,0.24475022434938676,1.8853197238066646,1.1538276793755629,15.852116481537076,-0.5283698589012308,-0.6244371059741819,0.6994316482201615,2.470296141190547,0.7205043530471329,0.9486640648453917,1.1176470588235294,1.1764705882352942,0.29411764705882354,0.058823529411764705,-1.0588235294117647,-0.5797101449275363,1.1594202898550725,1.3888888888888888,1.4444444444444444,0.6086956521739131
5,0,1,0,-0.2531231409875075,0.35294117647058826,-0.1790427234565106,4,3,2,1,0,6,5,4,3,2,1,1,1,1,1,0,0,1,1,1,0,0,0,0,0,1,1,0,0,0,0,0,0,0,0,0,0,0,0,0,-0.03045169009871375,0.25217652356649656,1.8863404383068147,1.1538276793755629,15.851095767036925,-0.5283698589012308,-0.6287167215076279,0.6994316482201615,2.4857400180126086,0.7205043530471329,0.8235294117647058,1.1176470588235294,1.1764705882352942,0.29411764705882354,0.058823529411764705,-1.0434782608695652,-0.5797101449275363,1.1111111111111112,1.3888888888888888,1.536231884057971
6,0,1,0,-0.5029744199881024,-0.35294117647058826,-0.5120531828045434,5,4,3,2,1,0,6,5,4,3,0,1,1,1,1,1,0,0,1,1,1,0,0,0,0,0,1,1,0,0,0,0,0,0,0,0,0,0,0,0,-0.24582710140592284,-0.024016811768237764,0.25319723806664673,1.8863404383068147,1.1528069648754127,15.851095767036925,-0.5329943164822016,-0.6287167215076279,0.7084959471630141,2.4857400180126086,0.35294117647058826,0.8235294117647058,1.1176470588235294,1.1764705882352942,0.29411764705882354,0.057971014492753624,-1.0434782608695652,-0.5555555555555556,1.1111111111111112,1.4782608695652173
0,0,0,1,0.7105889351576442,-0.5882352941176471,0.3794893027628465,6,5,4,3,2,1,0,6,5,4,0,0,1,1,1,1,1,0,0,1,1,1,0,0,0,0,0,1,1,0,0,0,0,0,0,0,0,0,0,0,-0.4970984145976668,-0.24016811768237764,-0.022996097268087563,0.25319723806664673,1.8853197238066646,1.1528069648754127,15.787675740352975,-0.5329943164822016,-0.6244371059741819,0.7084959471630141,-0.35294117647058826,0.35294117647058826,0.8235294117647058,1.1176470588235294,1.1764705882352942,0.2898550724637681,0.057971014492753624,-1.0,-0.5555555555555556,1.1884057971014492
1,1,0,0,-0.02706722189173118,0.8235294117647058,-0.08210368856351515,0,6,5,4,3,2,1,0,6,5,0,0,0,1,1,1,1,1,0,0,0,1,1,0,0,0,0,0,1,1,1,0,0,0,0,0,0,0,0,0,0.7233622494765181,-0.49234464124887417,-0.23914740318222744,-0.022996097268087563,0.25217652356649656,1.8853197238066646,1.142147771462758,15.787675740352975,-0.5283698589012308,-0.6244371059741819,-0.5882352941176471,-0.35294117647058826,0.35294117647058826,0.8235294117647058,1.1176470588235294,1.1594202898550725,0.2898550724637681,0.05555555555555555,-1.0,-0.5507246376811594
2,1,0,0,0.0443188578227245,0.5882352941176471,0.02432089022084956,1,0,6,5,4,3,2,1,0,6,1,0,0,0,1,1,1,1,1,0,0,0,1,1,0,0,0,0,0,1,0,1,0,0,0,0,0,0,0,0,-0.018486389470535467,0.7325127589312518,-0.491323926748724,-0.23914740318222744,-0.024016811768237764,0.25217652356649656,1.8720311097816331,1.142147771462758,15.851095767036925,-0.5283698589012308,0.8235294117647058,-0.5882352941176471,-0.35294117647058826,0.35294117647058826,0.8235294117647058,1.1014492753623188,1.1594202898550725,0.2777777777777778,0.05555555555555555,-1.0144927536231885
3,1,0,0,4.0300416418798335,1.7647058823529411,3.2906174118396323,2,1,0,6,5,4,3,2,1,0,1,1,0,0,0,1,1,1,1,1,0,0,0,1,1,0,0,0,0,0,0,0,1,0,0,0,0,0,0,0,0.05330541429853423,-0.012008405884118882,0.7335334734314021,-0.491323926748724,-0.24016811768237764,-0.024016811768237764,0.24475022434938676,1.8720311097816331,1.1528069648754127,15.851095767036925,0.5882352941176471,0.8235294117647058,-0.5882352941176471,-0.35294117647058826,0.35294117647058826,0.8115942028985508,1.1014492753623188,1.1111111111111112,0.2777777777777778,0.08695652173913043
4,1,0,0,5.0056513979773944,0.7647058823529411,4.402402425477268,3,2,1,0,6,5,4,3,2,1,1,1,1,0,0,0,1,1,1,1,0,0,0,0,1,1,0,0,0,0,0,0,0,1,0,0,0,0,0,0,4.061681124738259,0.06004202942059441,-0.010987691383968682,0.7335334734314021,-0.49234464124887417,-0.24016811768237764,-0.03045169009871375,0.24475022434938676,1.8853197238066646,1.1528069648754127,1.7647058823529411,0.5882352941176471,0.8235294117647058,-0.5882352941176471,-0.35294117647058826,0.34782608695652173,0.8115942028985508,1.0555555555555556,1.1111111111111112,0.3188405797101449
5,0,1,0,0.4131469363474122,0.0,0.7018562677953347,4,3,2,1,0,6,5,4,3,2,1,1,1,1,0,0,0,1,1,1,0,0,0,0,0,1,1,0,0,0,0,0,0,0,1,0,0,0,0,0,5.042835776248878,4.08285800060042,0.061062743920744615,-0.010987691383968682,0.7325127589312518,-0.49234464124887417,-0.24582710140592284,-0.03045169009871375,0.25217652356649656,1.8853197238066646,0.7647058823529411,1.7647058823529411,0.5882352941176471,0.8235294117647058,-0.5882352941176471,-0.34782608695652173,0.34782608695652173,0.7777777777777778,1.0555555555555556,1.1884057971014492
6,0,1,0,0.8890541344437835,-0.8823529411764706,1.2568258094998217,5,4,3,2,1,0,6,5,4,3,0,1,1,1,1,0,0,0,1,1,1,0,0,0,0,0,1,1,0,0,0,0,0,0,0,1,0,0,0,0,0.42422973377206097,5.067547283098168,4.08387871510057,0.061062743920744615,-0.012008405884118882,0.7325127589312518,-0.4970984145976668,-0.24582710140592284,-0.024016811768237764,0.25217652356649656,0.0,0.7647058823529411,1.7647058823529411,0.5882352941176471,0.8235294117647058,-0.5797101449275363,-0.34782608695652173,0.3333333333333333,0.7777777777777778,1.1304347826086956
0,1,0,0,-0.03896490184414046,0.29411764705882354,-0.2015544948356394,6,5,4,3,2,1,0,6,5,4,0,0,1,1,1,1,0,0,0,1,1,1,0,0,0,0,0,1,1,0,0,0,0,0,0,0,1,0,0,0,0.9028417588991923,0.4323026118282798,5.068567997598319,4.08387871510057,0.06004202942059441,-0.012008405884118882,0.7233622494765181,-0.4970984145976668,-0.24016811768237764,-0.024016811768237764,-0.8823529411764706,0.0,0.7647058823529411,1.7647058823529411,0.5882352941176471,0.8115942028985508,-0.5797101449275363,-0.3333333333333333,0.3333333333333333,0.8405797101449275
1,1,0,0,5.755205234979179,-0.4117647058823529,3.035876895931618,0,6,5,4,3,2,1,0,6,5,1,0,0,1,1,1,1,0,0,0,0,1,1,0,0,0,0,0,1,1,0,0,0,0,0,0,0,1,0,0,-0.03045169009871375,0.912638847193035,0.43332332632842996,5.068567997598319,4.08285800060042,0.06004202942059441,-0.018486389470535467,0.7233622494765181,-0.49234464124887417,-0.24016811768237764,0.29411764705882354,-0.8823529411764706,0.0,0.7647058823529411,1.7647058823529411,0.5797101449275363,0.8115942028985508,-0.5555555555555556,-0.3333333333333333,0.37681159420289856
2,1,0,0,-0.8123140987507437,-0.7058823529411765,-0.6995736044128633,1,0,6,5,4,3,2,1,0,6,1,1,0,0,1,1,1,1,0,0,0,0,1,1,0,0,0,0,0,1,0,0,0,0,0,0,0,0,1,0,5.79664971582411,-0.024016811768237764,0.9136595616931853,0.43332332632842996,5.067547283098168,4.08285800060042,0.05330541429853423,-0.018486389470535467,0.7325127589312518,-0.49234464124887417,-0.4117647058823529,0.29411764705882354,-0.8823529411764706,0.0,0.7647058823529411,1.7391304347826086,0.5797101449275363,0.7777777777777778,-0.5555555555555556,-0.3188405797101449
3,1,0,0,3.1258179654967284,0.8235294117647058,1.593889095332468,2,1,0,6,5,4,3,2,1,0,1,1,1,0,0,1,1,1,1,0,0,0,0,1,1,0,0,0,0,0,0,0,0,0,0,0,0,0,0,1,-0.8081962309303021,5.824076853797658,-0.022996097268087563,0.9136595616931853,0.4323026118282798,5.067547283098168,4.061681124738259,0.05330541429853423,-0.012008405884118882,0.7325127589312518,-0.7058823529411765,-0.4117647058823529,0.29411764705882354,-0.8823529411764706,0.0,0.7536231884057971,1.7391304347826086,0.5555555555555556,0.7777777777777778,-0.5507246376811594
4,1,0,0,2.352468768590125,-0.058823529411764705,1.8737235405871004,3,2,1,0,6,5,4,3,2,1,1,1,1,1,0,0,1,1,1,1,0,0,0,0,1,1,0,0,0,0,0,0,0,0,0,0,0,0,0,0,3.1523182769967093,-0.8045631942359651,5.825097568297808,-0.022996097268087563,0.912638847193035,0.4323026118282798,5.042835776248878,4.061681124738259,0.06004202942059441,-0.012008405884118882,0.8235294117647058,-0.7058823529411765,-0.4117647058823529,0.29411764705882354,-0.8823529411764706,0.0,0.7536231884057971,1.6666666666666667,0.5555555555555556,0.8405797101449275
5,0,1,0,-0.5743604997025581,-0.6470588235294118,-0.45967736963698524,4,3,2,1,0,6,5,4,3,2,1,1,1,1,1,0,0,1,1,1,0,0,0,0,0,1,1,0,0,0,0,0,0,0,0,0,0,0,0,0,2.3745737361651207,3.170219153407385,-0.8035424797358149,5.825097568297808,-0.024016811768237764,0.912638847193035,0.42422973377206097,5.042835776248878,4.08285800060042,0.06004202942059441,-0.058823529411764705,0.8235294117647058,-0.7058823529411765,-0.4117647058823529,0.29411764705882354,-0.8695652173913043,0.0,0.7222222222222222,1.6666666666666667,0.6086956521739131
6,0,1,0,-0.27691850089232606,-0.8235294117647058,-0.16103587957637241,5,4,3,2,1,0,6,5,4,3,0,1,1,1,1,1,0,0,1,1,1,0,0,0,0,0,1,1,0,0,0,0,0,0,0,0,0,0,0,0,-0.5688902183667365,2.3896727709396575,3.1712398679075355,-0.8035424797358149,5.824076853797658,-0.024016811768237764,0.9028417588991923,0.42422973377206097,5.067547283098168,4.08285800060042,-0.6470588235294118,-0.058823529411764705,0.8235294117647058,-0.7058823529411765,-0.4117647058823529,0.2898550724637681,-0.8695652173913043,0.0,0.7222222222222222,1.7681159420289856
0,1,0,0,1.8408685306365258,1.4705882352941178,1.7659280056832494,6,5,4,3,2,1,0,6,5,4,0,0,1,1,1,1,1,0,0,1,1,1,0,0,0,0,0,1,1,0,0,0,0,0,0,0,0,0,0,0,-0.2697577026622794,-0.5643950765535874,2.3906934854398076,3.1712398679075355,-0.8045631942359651,5.824076853797658,-0.03045169009871375,0.9028417588991923,0.4323026118282798,5.067547283098168,-0.8235294117647058,-0.6470588235294118,-0.058823529411764705,0.8235294117647058,-0.7058823529411765,-0.4057971014492754,0.2898550724637681,-0.8333333333333334,0.0,0.782608695652174
1,1,0,0,2.090719809637121,0.9411764705882353,2.0042245533916554,0,6,5,4,3,2,1,0,6,5,1,0,0,1,1,1,1,1,0,0,0,1,1,0,0,0,0,0,1,1,0,0,0,0,0,0,0,0,0,0,1.8600658091534548,-0.2641849294506154,-0.5633743620534373,2.3906934854398076,3.170219153407385,-0.8045631942359651,5.79664971582411,-0.03045169009871375,0.912638847193035,0.4323026118282798,1.4705882352941178,-0.8235294117647058,-0.6470588235294118,-0.058823529411764705,0.8235294117647058,-0.6956521739130435,-0.4057971014492754,0.2777777777777778,-0.8333333333333334,0.028985507246376812
2,1,0,0,5.6838191552647235,1.5294117647058822,6.023699564044174,1,0,6,5,4,3,2,1,0,6,1,1,0,0,1,1,1,1,1,0,0,0,1,1,0,0,0,0,0,1,0,0,0,0,0,0,0,0,0,0,2.1113371223451987,1.8733113179225456,-0.2631642149504652,-0.5633743620534373,2.3896727709396575,3.170219153407385,-0.8081962309303021,5.79664971582411,-0.024016811768237764,0.912638847193035,0.9411764705882353,1.4705882352941178,-0.8235294117647058,-0.6470588235294118,-0.058823529411764705,0.8115942028985508,-0.6956521739130435,-0.3888888888888889,0.2777777777777778,-0.8405797101449275
3,1,0,0,-0.5862581796549674,0.7058823529411765,-0.47300559345450655,2,1,0,6,5,4,3,2,1,0,1,1,1,0,0,1,1,1,1,1,0,0,0,1,1,0,0,0,0,0,0,0,0,0,0,0,0,0,0,0,5.72485791205504,2.125487841489042,1.8743320324226957,-0.2631642149504652,-0.5643950765535874,2.3896727709396575,3.1523182769967093,-0.8081962309303021,5.824076853797658,-0.024016811768237764,1.5294117647058822,0.9411764705882353,1.4705882352941178,-0.8235294117647058,-0.6470588235294118,-0.057971014492753624,0.8115942028985508,-0.6666666666666666,-0.3888888888888889,0.3188405797101449
4,1,0,0,2.864069006543724,0.4117647058823529,3.343658689108985,3,2,1,0,6,5,4,3,2,1,1,1,1,1,0,0,1,1,1,1,0,0,0,0,1,1,0,0,0,0,0,0,0,0,0,0,0,0,0,0,-0.5808555189949147,5.752026418492945,2.1265085559891923,1.8743320324226957,-0.2641849294506154,-0.5643950765535874,2.3745737361651207,3.1523182769967093,-0.8045631942359651,5.824076853797658,0.7058823529411765,1.5294117647058822,0.9411764705882353,1.4705882352941178,-0.8235294117647058,-0.6376811594202898,-0.057971014492753624,0.7777777777777778,-0.6666666666666666,-0.37681159420289856
5,0,1,0,-0.03896490184414046,-0.17647058823529413,0.06952634556117664,4,3,2,1,0,6,5,4,3,2,1,1,1,1,1,0,0,1,1,1,0,0,0,0,0,1,1,0,0,0,0,0,0,0,0,0,0,0,0,0,2.889081663176787,-0.5764034824377063,5.753047132993095,2.1265085559891923,1.8733113179225456,-0.2641849294506154,-0.5688902183667365,2.3745737361651207,3.170219153407385,-0.8045631942359651,0.4117647058823529,0.7058823529411765,1.5294117647058822,0.9411764705882353,1.4705882352941178,-0.8115942028985508,-0.6376811594202898,-0.05555555555555555,0.7777777777777778,-0.6666666666666666
6,0,1,0,-0.8123140987507437,-1.0,-0.6963402780278282,5,4,3,2,1,0,6,5,4,3,0,1,1,1,1,1,0,0,1,1,1,0,0,0,0,0,1,1,0,0,0,0,0,0,0,0,0,0,0,0,-0.03045169009871375,2.9060342239567696,-0.5753827679375562,5.753047132993095,2.125487841489042,1.8733113179225456,-0.2697577026622794,-0.5688902183667365,2.3896727709396575,3.170219153407385,-0.17647058823529413,0.4117647058823529,0.7058823529411765,1.5294117647058822,0.9411764705882353,1.4492753623188406,-0.8115942028985508,-0.6111111111111112,-0.05555555555555555,0.8405797101449275
0,0,0,1,0.02052349791790594,-0.5294117647058824,0.2763405800241579,6,5,4,3,2,1,0,6,5,4,0,0,1,1,1,1,1,0,0,1,1,1,0,0,0,0,0,1,1,0,0,0,0,0,0,0,0,0,0,0,-0.8081962309303021,-0.024016811768237764,2.9070549384569198,-0.5753827679375562,5.752026418492945,2.125487841489042,1.8600658091534548,-0.2697577026622794,-0.5643950765535874,2.3896727709396575,-1.0,-0.17647058823529413,0.4117647058823529,0.7058823529411765,1.5294117647058822,0.927536231884058,1.4492753623188406,-0.7777777777777778,-0.6111111111111112,-0.028985507246376812
1,1,0,0,2.316775728732897,0.17647058823529413,2.7443871793087125,0,6,5,4,3,2,1,0,6,5,0,0,0,1,1,1,1,1,0,0,0,1,1,0,0,0,0,0,1,1,1,0,0,0,0,0,0,0,0,0,0.029374813042177664,-0.8045631942359651,-0.022996097268087563,2.9070549384569198,-0.5764034824377063,5.752026418492945,2.1113371223451987,1.8600658091534548,-0.2641849294506154,-0.5643950765535874,-0.5294117647058824,-1.0,-0.17647058823529413,0.4117647058823529,0.7058823529411765,1.5072463768115942,0.927536231884058,1.3888888888888888,-0.7777777777777778,-0.6086956521739131
2,1,0,0,1.5672218917311125,0.4117647058823529,1.725859347085722,1,0,6,5,4,3,2,1,0,6,1,0,0,0,1,1,1,1,1,0,0,0,1,1,0,0,0,0,0,1,0,1,0,0,0,0,0,0,0,0,2.338677834280586,0.036025217652356646,-0.8035424797358149,-0.022996097268087563,2.9060342239567696,-0.5764034824377063,5.72485791205504,2.1113371223451987,1.8733113179225456,-0.2641849294506154,0.17647058823529413,-0.5294117647058824,-1.0,-0.17647058823529413,0.4117647058823529,0.6956521739130435,1.5072463768115942,0.8888888888888888,1.3888888888888888,-0.782608695652174
