DIA_SEMANA,LABORAL,FIN_DE_SEMANA,FESTIVO,PORCENTAJE_USO,NUMERO_CONEXIONES,USAGE_KB,DIA_SEMANA_lag_1,DIA_SEMANA_lag_2,DIA_SEMANA_lag_3,DIA_SEMANA_lag_4,DIA_SEMANA_lag_5,DIA_SEMANA_lag_6,DIA_SEMANA_lag_7,DIA_SEMANA_lag_8,DIA_SEMANA_lag_9,DIA_SEMANA_lag_10,LABORAL_lag_1,LABORAL_lag_2,LABORAL_lag_3,LABORAL_lag_4,LABORAL_lag_5,LABORAL_lag_6,LABORAL_lag_7,LABORAL_lag_8,LABORAL_lag_9,LABORAL_lag_10,FIN_DE_SEMANA_lag_1,FIN_DE_SEMANA_lag_2,FIN_DE_SEMANA_lag_3,FIN_DE_SEMANA_lag_4,FIN_DE_SEMANA_lag_5,FIN_DE_SEMANA_lag_6,FIN_DE_SEMANA_lag_7,FIN_DE_SEMANA_lag_8,FIN_DE_SEMANA_lag_9,FIN_DE_SEMANA_lag_10,FESTIVO_lag_1,FESTIVO_lag_2,FESTIVO_lag_3,FESTIVO_lag_4,FESTIVO_lag_5,FESTIVO_lag_6,FESTIVO_lag_7,FESTIVO_lag_8,FESTIVO_lag_9,FESTIVO_lag_10,PORCENTAJE_USO_lag_1,PORCENTAJE_USO_lag_2,PORCENTAJE_USO_lag_3,PORCENTAJE_USO_lag_4,PORCENTAJE_USO_lag_5,PORCENTAJE_USO_lag_6,PORCENTAJE_USO_lag_7,PORCENTAJE_USO_lag_8,PORCENTAJE_USO_lag_9,PORCENTAJE_USO_lag_10,NUMERO_CONEXIONES_lag_1,NUMERO_CONEXIONES_lag_2,NUMERO_CONEXIONES_lag_3,NUMERO_CONEXIONES_lag_4,NUMERO_CONEXIONES_lag_5,NUMERO_CONEXIONES_lag_6,NUMERO_CONEXIONES_lag_7,NUMERO_CONEXIONES_lag_8,NUMERO_CONEXIONES_lag_9,NUMERO_CONEXIONES_lag_10
1,1,0,0,1.1366551085356007,-1.0,-0.5166555261855033,0,6,5,4,3,2,1,0,6,5,1,0,0,1,1,1,1,1,0,0,0,0,1,0,0,0,0,0,1,1,0,1,0,0,0,0,0,0,0,0,-0.6215741224528571,0.6614100185528758,-0.03553726737117738,-0.49976620218834744,0.583820729833253,-0.8781099728204057,-0.8063279671057217,-0.1585517225227757,-0.7046066652614815,1.8241176608351486,-1.1666666666666667,-0.6666666666666666,-1.3333333333333333,-1.25,-1.25,-1.0833333333333333,-1.6666666666666667,-0.5,-1.6666666666666667,-1.76
2,1,0,0,1.993540113048022,-0.75,-0.26848108510516655,1,0,6,5,4,3,2,1,0,6,1,1,0,0,1,1,1,1,1,0,0,0,0,1,0,0,0,0,0,1,0,0,1,0,0,0,0,0,0,0,1.1366551085356007,-0.6353432282003711,0.6667913588328814,-0.03553726737117738,-0.4902864744604234,0.5913071758775291,-0.8781099728204057,-0.8128995995222371,-0.1585517225227757,-0.7046066652614815,-1.0,-1.1666666666666667,-0.6666666666666666,-1.3333333333333333,-1.25,-1.25,-1.0833333333333333,-1.6666666666666667,-0.5,-1.6
3,1,0,0,-0.7586567235073386,-1.4166666666666667,-0.9232369656370388,2,1,0,6,5,4,3,2,1,0,1,1,1,0,0,1,1,1,1,1,0,0,0,0,1,0,0,0,0,0,0,0,0,1,0,0,0,0,0,0,1.993540113048022,1.0815398886827459,-0.6405124848031423,0.6667913588328814,-0.03486318493543427,-0.4965735126721955,0.5913071758775291,-0.8852666338790135,-0.8128995995222371,-0.1585517225227757,-0.75,-1.0,-1.1666666666666667,-0.6666666666666666,-1.3333333333333333,-1.25,-1.25,-1.0833333333333333,-1.6666666666666667,-0.48
4,1,0,0,-0.03320191896641813,-0.3333333333333333,-0.6878149796186975,3,2,1,0,6,5,4,3,2,1,1,1,1,1,0,0,1,1,1,1,0,0,0,0,0,1,0,0,0,0,0,0,0,0,1,0,0,0,0,0,-0.7586567235073386,1.9182745825602971,1.0903394744225194,-0.6405124848031423,0.6541434436569648,-0.035310242293307294,-0.4965735126721955,0.5961263729829738,-0.8852666338790135,-0.8128995995222371,-1.4166666666666667,-0.75,-1.0,-1.1666666666666667,-0.6666666666666666,-1.3333333333333333,-1.25,-1.25,-1.0833333333333333,-1.6
5,0,1,0,0.3824633068921293,-0.9166666666666666,-0.404504535463223,4,3,2,1,0,6,5,4,3,2,1,1,1,1,1,0,0,1,1,1,0,0,0,0,0,0,1,0,0,0,0,0,0,0,0,1,0,0,0,0,-0.03320191896641813,-0.7692022263450835,1.933881978864678,1.0903394744225194,-0.6283630358494462,0.66253165145074,-0.035310242293307294,-0.5006206234338041,0.5961263729829738,-0.8852666338790135,-0.3333333333333333,-1.4166666666666667,-0.75,-1.0,-1.1666666666666667,-0.6666666666666666,-1.3333333333333333,-1.25,-1.25,-1.04
6,0,1,0,-0.4129577732389683,-0.25,-0.6249800809413231,5,4,3,2,1,0,6,5,4,3,0,1,1,1,1,1,0,0,1,1,1,0,0,0,0,0,0,1,0,0,0,0,0,0,0,0,1,0,0,0,0.3824633068921293,-0.06080705009276444,-0.7754605816889554,1.933881978864678,1.0696575609532328,-0.6364206564917417,0.66253165145074,-0.035598023372912686,-0.5006206234338041,0.5961263729829738,-0.9166666666666666,-0.3333333333333333,-1.4166666666666667,-0.75,-1.0,-1.1666666666666667,-0.6666666666666666,-1.3333333333333333,-1.25,-1.2
0,1,0,0,1.3095045836697858,-0.4166666666666667,0.5031262278351055,6,5,4,3,2,1,0,6,5,4,0,0,1,1,1,1,1,0,0,1,1,1,0,0,0,0,0,0,1,0,0,0,0,0,0,0,0,1,0,0,-0.4129577732389683,0.3450834879406307,-0.06130178621528108,-0.7754605816889554,1.897199477052226,1.0833739865728158,-0.6364206564917417,0.6679313332864939,-0.035598023372912686,-0.5006206234338041,-0.25,-0.9166666666666666,-0.3333333333333333,-1.4166666666666667,-0.75,-1.0,-1.1666666666666667,-0.6666666666666666,-1.3333333333333333,-1.2
1,1,0,0,-0.6869804778416377,-0.75,-0.7589371190289961,0,6,5,4,3,2,1,0,6,5,1,0,0,1,1,1,1,1,0,0,0,1,1,0,0,0,0,0,0,1,0,0,0,0,0,0,0,0,1,0,1.3095045836697858,-0.4316326530612245,0.34789114373889446,-0.06130178621528108,-0.7607513933805822,1.9215276325876371,1.0833739865728158,-0.6416075317923137,0.6679313332864939,-0.035598023372912686,-0.4166666666666667,-0.25,-0.9166666666666666,-0.3333333333333333,-1.4166666666666667,-0.75,-1.0,-1.1666666666666667,-0.6666666666666666,-1.28
2,1,0,0,0.2981047831662945,-0.3333333333333333,-0.1355706338943919,1,0,6,5,4,3,2,1,0,6,1,1,0,0,1,1,1,1,1,0,0,0,1,1,0,0,0,0,0,0,0,0,0,0,0,0,0,0,0,1,-0.6869804778416377,1.2503246753246753,-0.4351444870476012,0.34789114373889446,-0.06013899401362423,-0.7705066555160639,1.9215276325876371,1.0922035644862877,-0.6416075317923137,0.6679313332864939,-0.75,-0.4166666666666667,-0.25,-0.9166666666666666,-0.3333333333333333,-1.4166666666666667,-0.75,-1.0,-1.1666666666666667,-0.64
3,1,0,0,-0.5745974445447205,0.08333333333333333,-0.7187120245427131,2,1,0,6,5,4,3,2,1,0,1,1,1,0,0,1,1,1,1,1,0,0,0,1,1,0,0,0,0,0,0,0,0,0,0,0,0,0,0,0,0.2981047831662945,-0.6992115027829314,1.2604975217431964,-0.4351444870476012,0.3412922314731988,-0.060910167955955184,-0.7705066555160639,1.9371882245485845,1.0922035644862877,-0.6416075317923137,-0.3333333333333333,-0.75,-0.4166666666666667,-0.25,-0.9166666666666666,-0.3333333333333333,-1.4166666666666667,-0.75,-1.0,-1.12
4,1,0,0,0.416140217546193,-0.5,-0.05935347297150997,3,2,1,0,6,5,4,3,2,1,1,1,1,1,0,0,1,1,1,1,0,0,0,0,1,1,0,0,0,0,0,0,0,0,0,0,0,0,0,0,-0.5745974445447205,0.26270871985157696,-0.704900402132236,1.2604975217431964,-0.42689052501204156,0.3456686877134294,-0.060910167955955184,-0.7767863416005059,1.9371882245485845,1.0922035644862877,0.08333333333333333,-0.3333333333333333,-0.75,-0.4166666666666667,-0.25,-0.9166666666666666,-0.3333333333333333,-1.4166666666666667,-0.75,-0.96
5,0,1,0,0.10573314966988073,-0.4166666666666667,-0.2880128625420733,4,3,2,1,0,6,5,4,3,2,1,1,1,1,1,0,0,1,1,1,0,0,0,0,0,1,1,0,0,0,0,0,0,0,0,0,0,0,0,0,0.416140217546193,-0.5894712430426716,0.2648461610399326,-0.704900402132236,1.2365879951375032,-0.43236462471252357,0.3456686877134294,-0.061406590318274494,-0.7767863416005059,1.9371882245485845,-0.5,0.08333333333333333,-0.3333333333333333,-0.75,-0.4166666666666667,-0.25,-0.9166666666666666,-0.3333333333333333,-1.4166666666666667,-0.72
6,0,1,0,-0.40383793283617525,-0.9166666666666666,-0.5807526241459133,5,4,3,2,1,0,6,5,4,3,0,1,1,1,1,1,0,0,1,1,1,0,0,0,0,0,1,1,0,0,0,0,0,0,0,0,0,0,0,0,0.10573314966988073,0.3779684601113173,-0.5942672776582811,0.2648461610399326,-0.6915296222390421,1.252445001974586,-0.43236462471252357,0.34848591301904014,-0.061406590318274494,-0.7767863416005059,-0.4166666666666667,-0.5,0.08333333333333333,-0.3333333333333333,-0.75,-0.4166666666666667,-0.25,-0.9166666666666666,-0.3333333333333333,-1.36
0,1,0,0,-0.14833990405167904,-0.9166666666666666,-0.46781019296245974,6,5,4,3,2,1,0,6,5,4,0,0,1,1,1,1,1,0,0,1,1,1,0,0,0,0,0,1,1,0,0,0,0,0,0,0,0,0,0,0,-0.40383793283617525,0.07486085343228194,0.3810436734312167,-0.5942672776582811,0.2598224729924998,-0.7003972402257997,1.252445001974586,-0.43588842830042857,0.34848591301904014,-0.061406590318274494,-0.9166666666666666,-0.4166666666666667,-0.5,0.08333333333333333,-0.3333333333333333,-0.75,-0.4166666666666667,-0.25,-0.9166666666666666,-0.32
1,1,0,0,-0.8233980905334156,-0.75,-0.8488931085530917,0,6,5,4,3,2,1,0,6,5,1,0,0,1,1,1,1,1,0,0,0,1,1,0,0,0,0,0,1,1,0,0,0,0,0,0,0,0,0,0,-0.14833990405167904,-0.4227272727272727,0.07546993360142142,0.3810436734312167,-0.5829950228216243,0.263154226775385,-0.7003972402257997,1.2626525211363264,-0.43588842830042857,0.34848591301904014,-0.9166666666666666,-0.9166666666666666,-0.4166666666666667,-0.5,0.08333333333333333,-0.3333333333333333,-0.75,-0.4166666666666667,-0.25,-0.88
2,0,0,1,-0.5283807533368166,-0.3333333333333333,-0.6988699051305413,1,0,6,5,4,3,2,1,0,6,1,1,0,0,1,1,1,1,1,0,0,0,1,1,0,0,0,0,0,1,0,0,0,0,0,0,0,0,0,0,-0.8233980905334156,-0.17323747680890536,-0.4261666510801458,0.07546993360142142,0.3738159132090186,-0.5904708806653194,0.263154226775385,-0.7061055294034989,1.2626525211363264,-0.43588842830042857,-0.75,-0.9166666666666666,-0.9166666666666666,-0.4166666666666667,-0.5,0.08333333333333333,-0.3333333333333333,-0.75,-0.4166666666666667,-0.24
3,1,0,0,-0.8334204151427349,-0.6666666666666666,-0.8282338515735144,2,1,0,6,5,4,3,2,1,0,0,1,1,0,0,1,1,1,1,1,0,0,0,1,1,0,0,0,0,0,1,0,0,0,0,0,0,0,0,0,-0.5283807533368166,-0.8324211502782931,-0.1746469653044047,-0.4261666510801458,0.07403839537604068,0.3786094269054755,-0.5904708806653194,0.26529895313707574,-0.7061055294034989,1.2626525211363264,-0.3333333333333333,-0.75,-0.9166666666666666,-0.9166666666666666,-0.4166666666666667,-0.5,0.08333333333333333,-0.3333333333333333,-0.75,-0.4
4,1,0,0,-0.9997625041561772,-0.4166666666666667,-0.933174143054726,3,2,1,0,6,5,4,3,2,1,1,0,1,1,0,0,1,1,1,1,0,0,0,0,1,1,0,0,0,0,0,1,0,0,0,0,0,0,0,0,-0.8334204151427349,-0.5443413729128015,-0.8391938651454222,-0.1746469653044047,-0.4180829835546686,0.07498780402815522,0.3786094269054755,-0.5952832619030891,0.26529895313707574,-0.7061055294034989,-0.6666666666666666,-0.3333333333333333,-0.75,-0.9166666666666666,-0.9166666666666666,-0.4166666666666667,-0.5,0.08333333333333333,-0.3333333333333333,-0.72
5,0,1,0,-0.49926376288414953,-0.8333333333333334,-0.6028098645260723,4,3,2,1,0,6,5,4,3,2,1,1,0,1,1,0,0,1,1,1,0,0,0,0,0,1,1,0,0,0,0,0,1,0,0,0,0,0,0,0,-0.9997625041561772,-0.8422077922077922,-0.5487702235107079,-0.8391938651454222,-0.1713342049129567,-0.4234441424489511,0.07498780402815522,0.3816951216656128,-0.5952832619030891,0.26529895313707574,-0.4166666666666667,-0.6666666666666666,-0.3333333333333333,-0.75,-0.9166666666666666,-0.9166666666666666,-0.4166666666666667,-0.5,0.08333333333333333,-0.32
6,0,1,0,-1.0630788961193178,-0.6666666666666666,-0.9684199290334117,5,4,3,2,1,0,6,5,4,3,0,1,1,0,1,1,0,0,1,1,1,0,0,0,0,0,1,1,0,0,0,0,0,1,0,0,0,0,0,0,-0.49926376288414953,-1.0046382189239331,-0.8490601327971569,-0.5487702235107079,-0.823275763205578,-0.17353125653355633,-0.4234441424489511,0.07559896016300141,0.3816951216656128,-0.5952832619030891,-0.8333333333333334,-0.4166666666666667,-0.6666666666666666,-0.3333333333333333,-0.75,-0.9166666666666666,-0.9166666666666666,-0.4166666666666667,-0.5,0.08
0,1,0,0,-0.9265187859212464,-0.8333333333333334,-0.9504897351464644,6,5,4,3,2,1,0,6,5,4,0,0,1,1,0,1,1,0,0,1,1,1,0,0,0,0,0,1,1,0,0,0,0,0,1,0,0,0,0,0,-1.0630788961193178,-0.515909090909091,-1.012812120078556,-0.8490601327971569,-0.538360971581917,-0.8338327874184032,-0.17353125653355633,-0.42689524344832425,0.07559896016300141,0.3816951216656128,-0.6666666666666666,-0.8333333333333334,-0.4166666666666667,-0.6666666666666666,-0.3333333333333333,-0.75,-0.9166666666666666,-0.9166666666666666,-0.4166666666666667,-0.48
1,1,0,0,0.0,-0.25,-0.8469326778391805,0,6,5,4,3,2,1,0,6,5,1,0,0,1,1,0,1,1,0,0,0,1,1,0,0,0,0,0,1,1,0,0,0,0,0,1,0,0,0,0,-0.9265187859212464,-1.066465677179963,-0.5201066118021135,-1.012812120078556,-0.8329548842863368,-0.5452644783608614,-0.8338327874184032,-0.17494554907609075,-0.42689524344832425,0.07559896016300141,-0.8333333333333334,-0.6666666666666666,-0.8333333333333334,-0.4166666666666667,-0.6666666666666666,-0.3333333333333333,-0.75,-0.9166666666666666,-0.9166666666666666,-0.4
2,0,0,1,0.9850377618391678,0.6666666666666666,-0.4659478370031031,1,0,6,5,4,3,2,1,0,6,1,1,0,0,1,1,0,1,1,0,0,0,1,1,0,0,0,0,0,1,0,0,0,0,0,0,1,0,0,0,0.0,-0.9331168831168831,-1.075142616665108,-0.5201066118021135,-0.9936007706598775,-0.8436360257393082,-0.5452644783608614,-0.8406285861495585,-0.17494554907609075,-0.42689524344832425,-0.25,-0.8333333333333334,-0.6666666666666666,-0.8333333333333334,-0.4166666666666667,-0.6666666666666666,-0.3333333333333333,-0.75,-0.9166666666666666,-0.88
3,1,0,0,-0.4624994062603905,-0.5833333333333334,-0.5947196856255558,2,1,0,6,5,4,3,2,1,0,0,1,1,0,0,1,1,0,1,1,0,0,0,1,1,0,0,0,0,0,1,0,0,0,0,0,0,1,0,0,0.9850377618391678,-0.028385899814471264,-0.9407088749649303,-1.075142616665108,-0.5102410605747838,-1.0063419053592586,-0.8436360257393082,-0.5497084240848732,-0.8406285861495585,-0.17494554907609075,0.6666666666666666,-0.25,-0.8333333333333334,-0.6666666666666666,-0.8333333333333334,-0.4166666666666667,-0.6666666666666666,-0.3333333333333333,-0.75,-0.88
4,1,0,0,-0.34451147104925667,-0.3333333333333333,-0.48176189699991606,3,2,1,0,6,5,4,3,2,1,1,0,1,1,0,0,1,1,0,1,0,0,0,0,1,1,0,0,0,0,0,1,0,0,0,0,0,0,1,0,-0.4624994062603905,0.9334879406307978,-0.02861685214626393,-0.9407088749649303,-1.054748962132159,-0.5167839803006017,-1.0063419053592586,-0.8505117215859855,-0.5497084240848732,-0.8406285861495585,-0.5833333333333334,0.6666666666666666,-0.25,-0.8333333333333334,-0.6666666666666666,-0.8333333333333334,-0.4166666666666667,-0.6666666666666666,-0.3333333333333333,-0.72
5,0,1,0,-0.6532085688500451,0.08333333333333333,-0.6730747241438454,4,3,2,1,0,6,5,4,3,2,1,1,0,1,1,0,0,1,1,0,0,0,0,0,0,1,1,0,0,0,0,0,1,0,0,0,0,0,0,1,-0.34451147104925667,-0.4800092764378479,0.9410829514635742,-0.02861685214626393,-0.9228652033303516,-1.0682742119079147,-0.5167839803006017,-1.0145436661280123,-0.8505117215859855,-0.5497084240848732,-0.3333333333333333,-0.5833333333333334,0.6666666666666666,-0.25,-0.8333333333333334,-0.6666666666666666,-0.8333333333333334,-0.4166666666666667,-0.6666666666666666,-0.32
6,0,1,0,-0.0120172896974303,0.16666666666666666,-0.19707278028700476,5,4,3,2,1,0,6,5,4,3,0,1,1,0,1,1,0,0,1,1,1,0,0,0,0,0,1,1,0,0,0,0,0,1,0,0,0,0,0,0,-0.6532085688500451,-0.364795918367347,-0.4839147105583092,0.9410829514635742,-0.02807403839537606,-0.9346992821799429,-1.0682742119079147,-0.5209958078643528,-1.0145436661280123,-0.8505117215859855,0.08333333333333333,-0.3333333333333333,-0.5833333333333334,0.6666666666666666,-0.25,-0.8333333333333334,-0.6666666666666666,-0.8333333333333334,-0.4166666666666667,-0.64
0,0,0,1,-0.6285090010924809,0.16666666666666666,-0.6260780620306857,6,5,4,3,2,1,0,6,5,4,0,0,1,1,0,1,1,0,0,1,1,1,0,0,0,0,0,1,1,0,0,0,0,0,1,0,0,0,0,0,-0.0120172896974303,-0.6662337662337662,-0.36776395772935566,-0.4839147105583092,0.9232321842244088,-0.028434037215136966,-0.9346992821799429,-1.0769807255439237,-0.5209958078643528,-1.0145436661280123,0.16666666666666666,0.08333333333333333,-0.3333333333333333,-0.5833333333333334,0.6666666666666666,-0.25,-0.8333333333333334,-0.6666666666666666,-0.8333333333333334,-0.4
1,1,0,0,-0.8262005414905239,0.16666666666666666,-0.8081216844650805,0,6,5,4,3,2,1,0,6,5,0,0,0,1,1,0,1,1,0,0,0,1,1,0,0,0,0,0,1,1,1,0,0,0,0,1,0,0,0,0,-0.6285090010924809,-0.04012059369202229,-0.6716543533152529,-0.36776395772935566,-0.47473565907474946,0.935070968940925,-0.028434037215136966,-0.94231715028455,-1.0769807255439237,-0.5209958078643528,0.16666666666666666,0.16666666666666666,0.08333333333333333,-0.3333333333333333,-0.5833333333333334,0.6666666666666666,-0.25,-0.8333333333333334,-0.6666666666666666,-0.8
2,1,0,0,-0.7695340331544197,-0.75,-0.7935807716308813,1,0,6,5,4,3,2,1,0,6,1,0,0,0,1,1,0,1,1,0,0,0,1,1,0,0,0,0,0,1,0,1,0,0,0,0,1,0,0,0,-0.8262005414905239,-0.6421150278293135,-0.040447021415879574,-0.6716543533152529,-0.36078809146998786,-0.4808232861755756,0.935070968940925,-0.028665776716082364,-0.94231715028455,-1.0769807255439237,0.16666666666666666,0.16666666666666666,0.16666666666666666,0.08333333333333333,-0.3333333333333333,-0.5833333333333334,0.6666666666666666,-0.25,-0.8333333333333334,-0.64
3,1,0,0,-0.6243765734099652,-0.5833333333333334,-0.6392319393438815,2,1,0,6,5,4,3,2,1,0,1,1,0,0,0,1,1,0,1,1,0,0,0,1,1,0,0,0,0,0,0,0,1,0,0,0,0,1,0,0,-0.7695340331544197,-0.8351576994434138,-0.6473393809033947,-0.040447021415879574,-0.6589141952797082,-0.365414546890608,-0.4808232861755756,0.9426918663200543,-0.028665776716082364,-0.94231715028455,-0.75,0.16666666666666666,0.16666666666666666,0.16666666666666666,0.08333333333333333,-0.3333333333333333,-0.5833333333333334,0.6666666666666666,-0.25,-0.8
4,1,0,0,-0.3964280625089061,-0.4166666666666667,-0.47420010534293017,3,2,1,0,6,5,4,3,2,1,1,1,1,0,0,0,1,1,0,1,0,0,0,0,1,1,0,0,0,0,0,0,0,1,0,0,0,0,1,0,-0.6243765734099652,-0.7798237476808906,-0.8419526793229215,-0.6473393809033947,-0.03967980916993512,-0.6673635793435082,-0.365414546890608,-0.4847420314293075,0.9426918663200543,-0.028665776716082364,-0.5833333333333334,-0.75,0.16666666666666666,0.16666666666666666,0.16666666666666666,0.08333333333333333,-0.3333333333333333,-0.5833333333333334,0.6666666666666666,-0.24
5,0,1,0,-1.0377618391678145,-0.8333333333333334,-0.9461254845957252,4,3,2,1,0,6,5,4,3,2,1,1,1,1,0,0,0,1,1,0,0,0,0,0,0,1,1,0,0,0,0,0,0,0,1,0,0,0,0,1,-0.3964280625089061,-0.6380797773654916,-0.786168521462639,-0.8419526793229215,-0.63506043716599,-0.040188631031198484,-0.6673635793435082,-0.36839270240520855,-0.4847420314293075,0.9426918663200543,-0.4166666666666667,-0.5833333333333334,-0.75,0.16666666666666666,0.16666666666666666,0.16666666666666666,0.08333333333333333,-0.3333333333333333,-0.5833333333333334,0.64
6,0,1,0,-0.5624376573409965,0.0,-0.6379895070656398,5,4,3,2,1,0,6,5,4,3,0,1,1,1,1,0,0,0,1,1,1,0,0,0,0,0,1,1,0,0,0,0,0,0,0,1,0,0,0,0,-1.0377618391678145,-0.415491651205937,-0.6432712989806415,-0.786168521462639,-0.82598224729925,-0.6432039398796664,-0.040188631031198484,-0.6728026417480503,-0.36839270240520855,-0.4847420314293075,-0.8333333333333334,-0.4166666666666667,-0.5833333333333334,-0.75,0.16666666666666666,0.16666666666666666,0.16666666666666666,0.08333333333333333,-0.3333333333333333,-0.56
0,1,0,0,-0.5578777371396,0.0,-0.529858973064567,6,5,4,3,2,1,0,6,5,4,0,0,1,1,1,1,0,0,0,1,1,1,0,0,0,0,0,1,1,0,0,0,0,0,0,0,1,0,0,0,-0.5624376573409965,-1.0417439703153988,-0.41887215935658845,-0.6432712989806415,-0.7712562214729696,-0.8365739772806468,-0.6432039398796664,-0.04051617133890726,-0.6728026417480503,-0.36839270240520855,0.0,-0.8333333333333334,-0.4166666666666667,-0.5833333333333334,-0.75,0.16666666666666666,0.16666666666666666,0.16666666666666666,0.08333333333333333,-0.32
1,1,0,0,-0.45043461739419555,-0.5,-0.4298846093492459,0,6,5,4,3,2,1,0,6,5,1,0,0,1,1,1,1,0,0,0,0,1,1,0,0,0,0,0,1,1,0,0,0,0,0,0,0,1,0,0,-0.5578777371396,-0.5775974025974027,-1.0502197699429532,-0.41887215935658845,-0.6310695199431179,-0.7811461890491789,-0.8365739772806468,-0.6484460994402679,-0.04051617133890726,-0.6728026417480503,0.0,0.0,-0.8333333333333334,-0.4166666666666667,-0.5833333333333334,-0.75,0.16666666666666666,0.16666666666666666,0.16666666666666666,0.08
2,1,0,0,-0.24908564100128247,-0.3333333333333333,-0.1656458275806281,1,0,6,5,4,3,2,1,0,6,1,1,0,0,1,1,1,1,0,0,0,0,1,1,0,0,0,0,0,1,0,0,0,0,0,0,0,0,1,0,-0.45043461739419555,-0.5731447124304268,-0.582296829701674,-1.0502197699429532,-0.4109268561205533,-0.6391618463539852,-0.7811461890491789,-0.843392116911403,-0.6484460994402679,-0.04051617133890726,-0.5,0.0,0.0,-0.8333333333333334,-0.4166666666666667,-0.5833333333333334,-0.75,0.16666666666666666,0.16666666666666666,0.16
3,1,0,0,-0.07371870992257627,-0.25,0.0,2,1,0,6,5,4,3,2,1,0,1,1,1,0,0,1,1,1,1,0,0,0,0,1,1,0,0,0,0,0,0,0,0,0,0,0,0,0,0,1,-0.24908564100128247,-0.46822820037105745,-0.5778079117179462,-0.582296829701674,-1.0302988600655978,-0.4161962506097987,-0.6391618463539852,-0.7875125881168177,-0.843392116911403,-0.6484460994402679,-0.3333333333333333,-0.5,0.0,0.0,-0.8333333333333334,-0.4166666666666667,-0.5833333333333334,-0.75,0.16666666666666666,0.16
4,1,0,0,-0.725407305372156,-0.3333333333333333,-0.5789171817238531,3,2,1,0,6,5,4,3,2,1,1,1,1,1,0,0,1,1,1,1,0,0,0,0,1,1,0,0,0,0,0,0,0,0,0,0,0,0,0,0,-0.07371870992257627,-0.2716141001855288,-0.47203778172636296,-0.5778079117179462,-0.5712516342117938,-1.0435105814574768,-0.4161962506097987,-0.6443710625541581,-0.7875125881168177,-0.843392116911403,-0.25,-0.3333333333333333,-0.5,0.0,0.0,-0.8333333333333334,-0.4166666666666667,-0.5833333333333334,-0.75,0.16
5,0,1,0,-0.7493943855982519,-0.3333333333333333,-0.6096133634683856,4,3,2,1,0,6,5,4,3,2,1,1,1,1,1,0,0,1,1,1,0,0,0,0,0,1,1,0,0,0,0,0,0,0,0,0,0,0,0,0,-0.725407305372156,-0.10037105751391459,-0.273823997007388,-0.47203778172636296,-0.5668478634831073,-0.5785769043138895,-1.0435105814574768,-0.41958828075598964,-0.6443710625541581,-0.7875125881168177,-0.3333333333333333,-0.25,-0.3333333333333333,-0.5,0.0,0.0,-0.8333333333333334,-0.4166666666666667,-0.5833333333333334,-0.72
6,0,1,0,-0.5501353726309789,-0.4166666666666667,-0.4558690974203146,5,4,3,2,1,0,6,5,4,3,0,1,1,1,1,1,0,0,1,1,1,0,0,0,0,0,1,1,0,0,0,0,0,0,0,0,0,0,0,0,-0.7493943855982519,-0.7367346938775511,-0.10118769288319454,-0.273823997007388,-0.46308401568843316,-0.5741166631821033,-0.5785769043138895,-1.0520152696784468,-0.41958828075598964,-0.6443710625541581,-0.3333333333333333,-0.3333333333333333,-0.25,-0.3333333333333333,-0.5,0.0,0.0,-0.8333333333333334,-0.4166666666666667,-0.56
0,1,0,0,0.09837077851137609,0.3333333333333333,0.1458999582764145,6,5,4,3,2,1,0,6,5,4,0,0,1,1,1,1,1,0,0,1,1,1,0,0,0,0,0,1,1,0,0,0,0,0,0,0,0,0,0,0,-0.5501353726309789,-0.7601576994434137,-0.7427288880576077,-0.10118769288319454,-0.2686300144498727,-0.4690222315143912,-0.5741166631821033,-0.58329234876695,-1.0520152696784468,-0.41958828075598964,-0.4166666666666667,-0.3333333333333333,-0.3333333333333333,-0.25,-0.3333333333333333,-0.5,0.0,0.0,-0.8333333333333334,-0.4
1,1,0,0,-0.12948273405215405,0.3333333333333333,0.04277078059597823,0,6,5,4,3,2,1,0,6,5,1,0,0,1,1,1,1,1,0,0,0,1,1,0,0,0,0,0,1,1,0,0,0,0,0,0,0,0,0,0,0.09837077851137609,-0.5655844155844156,-0.7663424670345085,-0.7427288880576077,-0.09926833184247338,-0.2720747090389575,-0.4690222315143912,-0.5787957563408979,-0.58329234876695,-1.0520152696784468,0.3333333333333333,-0.4166666666666667,-0.3333333333333333,-0.3333333333333333,-0.25,-0.3333333333333333,-0.5,0.0,0.0,-0.8
2,1,0,0,-0.384173276967653,-0.16666666666666666,-0.28727023137735275,1,0,6,5,4,3,2,1,0,6,1,1,0,0,1,1,1,1,1,0,0,0,1,1,0,0,0,0,0,1,0,0,0,0,0,0,0,0,0,0,-0.12948273405215405,0.06767161410018555,-0.5701861030580754,-0.7663424670345085,-0.7286405651505768,-0.10054126884568025,-0.2720747090389575,-0.4728447973020445,-0.5787957563408979,-0.58329234876695,0.3333333333333333,0.3333333333333333,-0.4166666666666667,-0.3333333333333333,-0.3333333333333333,-0.25,-0.3333333333333333,-0.5,0.0,0.0
3,1,0,0,-0.5266707832612929,-0.16666666666666666,-0.4093611364872147,2,1,0,6,5,4,3,2,1,0,1,1,1,0,0,1,1,1,1,1,0,0,0,1,1,0,0,0,0,0,0,0,0,0,0,0,0,0,0,0,-0.384173276967653,-0.15482374768089052,0.06822220144019453,-0.5701861030580754,-0.7518062340879377,-0.737984063930123,-0.10054126884568025,-0.27429213798918006,-0.4728447973020445,-0.5787957563408979,-0.16666666666666666,0.3333333333333333,0.3333333333333333,-0.4166666666666667,-0.3333333333333333,-0.3333333333333333,-0.25,-0.3333333333333333,-0.5,0.0
4,1,0,0,-0.09917826438037332,-0.5,-0.07959230096450819,3,2,1,0,6,5,4,3,2,1,1,1,1,1,0,0,1,1,1,1,0,0,0,0,1,1,0,0,0,0,0,0,0,0,0,0,0,0,0,0,-0.5266707832612929,-0.4035250463821892,-0.15608341905919756,0.06822220144019453,-0.5593706277666919,-0.7614467907171232,-0.737984063930123,-0.10136068760392508,-0.27429213798918006,-0.4728447973020445,-0.16666666666666666,-0.16666666666666666,0.3333333333333333,0.3333333333333333,-0.4166666666666667,-0.3333333333333333,-0.3333333333333333,-0.25,-0.3333333333333333,-0.48
5,0,1,0,0.1098180781836318,-0.16666666666666666,0.18240338192164482,4,3,2,1,0,6,5,4,3,2,1,1,1,1,1,0,0,1,1,1,0,0,0,0,0,1,1,0,0,0,0,0,0,0,0,0,0,0,0,0,-0.09917826438037332,-0.5426716141001855,-0.4068081922753203,-0.15608341905919756,0.06692814055368244,-0.5665435454270914,-0.7614467907171232,-0.7439986884938757,-0.10136068760392508,-0.27429213798918006,-0.5,-0.16666666666666666,-0.16666666666666666,0.3333333333333333,0.3333333333333333,-0.4166666666666667,-0.3333333333333333,-0.3333333333333333,-0.25,-0.32
6,0,1,0,1.078801120980383,0.0,0.8287102363890487,5,4,3,2,1,0,6,5,4,3,0,1,1,1,1,1,0,0,1,1,1,0,0,0,0,0,1,1,0,0,0,0,0,0,0,0,0,0,0,0,0.1098180781836318,-0.12523191094619665,-0.54708687926681,-0.4068081922753203,-0.153122778045368,0.0677863730341255,-0.5665435454270914,-0.7676526382350874,-0.7439986884938757,-0.10136068760392508,-0.16666666666666666,-0.5,-0.16666666666666666,-0.16666666666666666,0.3333333333333333,0.3333333333333333,-0.4166666666666667,-0.3333333333333333,-0.3333333333333333,-0.24
0,1,0,0,0.11931791193654114,-0.25,0.2577447124782715,6,5,4,3,2,1,0,6,5,4,0,0,1,1,1,1,1,0,0,1,1,1,0,0,0,0,0,1,1,0,0,0,0,0,0,0,0,0,0,0,1.078801120980383,0.07884972170686456,-0.12625081829234078,-0.54708687926681,-0.3990917222872084,-0.15508630101981555,0.0677863730341255,-0.5711609171174968,-0.7676526382350874,-0.7439986884938757,0.0,-0.16666666666666666,-0.5,-0.16666666666666666,-0.16666666666666666,0.3333333333333333,0.3333333333333333,-0.4166666666666667,-0.3333333333333333,-0.32
1,1,0,0,-0.06592884624519069,0.0,-0.16145309380994724,0,6,5,4,3,2,1,0,6,5,1,0,0,1,1,1,1,1,0,0,0,1,1,0,0,0,0,0,1,1,0,0,0,0,0,0,0,0,0,0,0.11931791193654114,1.0250463821892393,0.0794912559618442,-0.12625081829234078,-0.5367095575586596,-0.40420935256812324,-0.15508630101981555,0.06833883697510482,-0.5711609171174968,-0.7676526382350874,-0.25,0.0,-0.16666666666666666,-0.5,-0.16666666666666666,-0.16666666666666666,0.3333333333333333,0.3333333333333333,-0.4166666666666667,-0.32
2,1,0,0,-0.34617394195601575,-0.8333333333333334,-0.4124359701098559,1,0,6,5,4,3,2,1,0,6,1,1,0,0,1,1,1,1,1,0,0,0,1,1,0,0,0,0,0,1,0,0,0,0,0,0,0,0,0,0,-0.06592884624519069,0.08812615955473098,1.0333863275039745,0.0794912559618442,-0.12385605174430606,-0.5435918879364416,-0.40420935256812324,-0.15635026581418765,0.06833883697510482,-0.5711609171174968,0.0,-0.25,0.0,-0.16666666666666666,-0.5,-0.16666666666666666,-0.16666666666666666,0.3333333333333333,0.3333333333333333,-0.4
3,1,0,0,-0.6121692870374769,0.16666666666666666,-0.5506634415024383,2,1,0,6,5,4,3,2,1,0,1,1,1,0,0,1,1,1,1,1,0,0,0,1,1,0,0,0,0,0,0,0,0,0,0,0,0,0,0,0,-0.34617394195601575,-0.0927643784786642,0.08884316842794351,1.0333863275039745,0.07798343998715566,-0.12544428183148654,-0.5435918879364416,-0.40750368861097447,-0.15635026581418765,0.06833883697510482,-0.8333333333333334,0.0,-0.25,0.0,-0.16666666666666666,-0.5,-0.16666666666666666,-0.16666666666666666,0.3333333333333333,0.32
4,1,0,0,-0.07542867999810002,-0.75,-0.09164986978105458,3,2,1,0,6,5,4,3,2,1,1,1,1,1,0,0,1,1,1,1,0,0,0,0,1,1,0,0,0,0,0,0,0,0,0,0,0,0,0,0,-0.6121692870374769,-0.36641929499072357,-0.09351912466099317,0.08884316842794351,1.0137847198330237,0.07898343670871373,-0.12544428183148654,-0.5480222019251036,-0.40750368861097447,-0.15635026581418765,0.16666666666666666,-0.8333333333333334,0.0,-0.25,0.0,-0.16666666666666666,-0.5,-0.16666666666666666,-0.16666666666666666,0.32
5,0,1,0,-0.5171709495083836,-0.16666666666666666,-0.38191069692984964,4,3,2,1,0,6,5,4,3,2,1,1,1,1,1,0,0,1,1,1,0,0,0,0,0,1,1,0,0,0,0,0,0,0,0,0,0,0,0,0,-0.07542867999810002,-0.6261595547309833,-0.369400542410923,-0.09351912466099317,0.08715796233858575,1.0267846772132785,0.07898343670871373,-0.12646666198271622,-0.5480222019251036,-0.40750368861097447,-0.75,0.16666666666666666,-0.8333333333333334,0.0,-0.25,0.0,-0.16666666666666666,-0.5,-0.16666666666666666,-0.16
6,0,1,0,0.8603049446634684,-0.5833333333333334,0.48760365513206183,5,4,3,2,1,0,6,5,4,3,0,1,1,1,1,1,0,0,1,1,1,0,0,0,0,0,1,1,0,0,0,0,0,0,0,0,0,0,0,0,-0.5171709495083836,-0.10204081632653061,-0.6312540914617039,-0.369400542410923,-0.09174522351430078,0.0882756057332683,1.0267846772132785,0.07962715754467317,-0.12646666198271622,-0.5480222019251036,-0.16666666666666666,-0.75,0.16666666666666666,-0.8333333333333334,0.0,-0.25,0.0,-0.16666666666666666,-0.5,-0.16
0,1,0,0,-0.35567377570892506,-0.5,-0.22050975760178182,6,5,4,3,2,1,0,6,5,4,0,0,1,1,1,1,1,0,0,1,1,1,0,0,0,0,0,1,1,0,0,0,0,0,0,0,0,0,0,0,0.8603049446634684,-0.5333951762523191,-0.10287103712709249,-0.6312540914617039,-0.3623936328814881,-0.09292169024554557,0.0882756057332683,1.0351530480807514,0.07962715754467317,-0.12646666198271622,-0.5833333333333334,-0.16666666666666666,-0.75,0.16666666666666666,-0.8333333333333334,0.0,-0.25,0.0,-0.16666666666666666,-0.48
1,1,0,0,0.029069491283902554,-0.16666666666666666,-0.10864630077231208,0,6,5,4,3,2,1,0,6,5,1,0,0,1,1,1,1,1,0,0,0,1,1,0,0,0,0,0,1,1,0,0,0,0,0,0,0,0,0,0,-0.35567377570892506,0.8116883116883117,-0.5377349668007108,-0.10287103712709249,-0.6192802587215303,-0.367040676469905,-0.09292169024554557,0.08899505843228178,1.0351530480807514,0.07962715754467317,-0.5,-0.5833333333333334,-0.16666666666666666,-0.75,0.16666666666666666,-0.8333333333333334,0.0,-0.25,0.0,-0.16
2,1,0,0,-0.4174226951028357,-1.4166666666666667,-0.5850204725348113,1,0,6,5,4,3,2,1,0,6,1,1,0,0,1,1,1,1,1,0,0,0,1,1,0,0,0,0,0,1,0,0,0,0,0,0,0,0,0,0,0.029069491283902554,-0.37569573283859,0.8182923407836902,-0.5377349668007108,-0.10091974586573087,-0.6272214091574326,-0.367040676469905,-0.09367900887608609,0.08899505843228178,1.0351530480807514,-0.16666666666666666,-0.5,-0.5833333333333334,-0.16666666666666666,-0.75,0.16666666666666666,-0.8333333333333334,0.0,-0.25,0.0
3,1,0,0,0.17631691445399708,-0.4166666666666667,-0.39045871007217087,2,1,0,6,5,4,3,2,1,0,1,1,1,0,0,1,1,1,1,1,0,0,0,1,1,0,0,0,0,0,0,0,0,0,0,0,0,0,0,0,-0.4174226951028357,0.0,-0.3787524548770223,0.8182923407836902,-0.5275350352072296,-0.10221385927010013,-0.6272214091574326,-0.37003208506054003,-0.09367900887608609,0.08899505843228178,-1.4166666666666667,-0.16666666666666666,-0.5,-0.5833333333333334,-0.16666666666666666,-0.75,0.16666666666666666,-0.8333333333333334,0.0,-0.24
4,1,0,0,1.6582909799078516,-0.6666666666666666,1.4676471911998512,3,2,1,0,6,5,4,3,2,1,1,1,1,1,0,0,1,1,1,1,0,0,0,0,1,1,0,0,0,0,0,0,0,0,0,0,0,0,0,0,0.17631691445399708,-0.4359925788497217,0.0,-0.3787524548770223,0.8027707057501319,-0.534299718911887,-0.10221385927010013,-0.632333309913581,-0.37003208506054003,-0.09367900887608609,-0.4166666666666667,-1.4166666666666667,-0.16666666666666666,-0.5,-0.5833333333333334,-0.16666666666666666,-0.75,0.16666666666666666,-0.8333333333333334,0.0
5,0,1,0,0.07656866004844917,-0.75,0.019089604745054296,4,3,2,1,0,6,5,4,3,2,1,1,1,1,1,0,0,1,1,1,0,0,0,0,0,1,1,0,0,0,0,0,0,0,0,0,0,0,0,0,1.6582909799078516,0.1437847866419295,-0.43953988590666787,0.0,-0.3715681552329182,0.8130647896485238,-0.534299718911887,-0.1030469097636947,-0.632333309913581,-0.37003208506054003,-0.6666666666666666,-0.4166666666666667,-1.4166666666666667,-0.16666666666666666,-0.5,-0.5833333333333334,-0.16666666666666666,-0.75,0.16666666666666666,-0.8
6,0,1,0,0.2808150857359996,-0.8333333333333334,0.19831779748125783,5,4,3,2,1,0,6,5,4,3,0,1,1,1,1,1,0,0,1,1,1,0,0,0,0,0,1,1,0,0,0,0,0,0,0,0,0,0,0,0,0.07656866004844917,1.590909090909091,0.1449546432245394,-0.43953988590666787,0.0,-0.37633284549445956,0.8130647896485238,-0.538654301037495,-0.1030469097636947,-0.632333309913581,-0.75,-0.6666666666666666,-0.4166666666666667,-1.4166666666666667,-0.16666666666666666,-0.5,-0.5833333333333334,-0.16666666666666666,-0.75,0.16
0,1,0,0,-0.5361706170142022,-0.6666666666666666,-0.3979870498748901,6,5,4,3,2,1,0,6,5,4,0,0,1,1,1,1,1,0,0,1,1,1,0,0,0,0,0,1,1,0,0,0,0,0,0,0,0,0,0,0,0.2808150857359996,0.0463821892393321,1.6038529879360328,0.1449546432245394,-0.4312025505172137,0.0,-0.37633284549445956,0.8196913276657533,-0.538654301037495,-0.1030469097636947,-0.8333333333333334,-0.75,-0.6666666666666666,-0.4166666666666667,-1.4166666666666667,-0.16666666666666666,-0.5,-0.5833333333333334,-0.16666666666666666,-0.72
1,1,0,0,2.5322756851755095,-0.6666666666666666,3.358076098710948,0,6,5,4,3,2,1,0,6,5,1,0,0,1,1,1,1,1,0,0,0,1,1,0,0,0,0,0,1,1,0,0,0,0,0,0,0,0,0,0,-0.5361706170142022,0.24582560296846012,0.046759562330496586,1.6038529879360328,0.14220509644716622,-0.4367319441540642,0.0,-0.37939998594814867,0.8196913276657533,-0.538654301037495,-0.6666666666666666,-0.8333333333333334,-0.75,-0.6666666666666666,-0.4166666666666667,-1.4166666666666667,-0.16666666666666666,-0.5,-0.5833333333333334,-0.16
2,1,0,0,-0.07542867999810002,0.0,0.09561117754176313,1,0,6,5,4,3,2,1,0,6,1,1,0,0,1,1,1,1,1,0,0,0,1,1,0,0,0,0,0,1,0,0,0,0,0,0,0,0,0,0,2.5322756851755095,-0.551948051948052,0.24782568035163188,0.046759562330496586,1.5734305832702584,0.14402861988059565,-0.4367319441540642,0.0,-0.37939998594814867,0.8196913276657533,-0.6666666666666666,-0.6666666666666666,-0.8333333333333334,-0.75,-0.6666666666666666,-0.4166666666666667,-1.4166666666666667,-0.16666666666666666,-0.5,-0.56
3,1,0,0,-0.13242768251555595,0.08333333333333333,0.07854632230314192,2,1,0,6,5,4,3,2,1,0,1,1,1,0,0,1,1,1,1,1,0,0,0,1,1,0,0,0,0,0,0,0,0,0,0,0,0,0,0,0,-0.07542867999810002,2.4443413729128016,-0.5564387917329093,0.24782568035163188,0.04587261175715039,1.5936069877111065,0.14402861988059565,-0.44029134171760465,0.0,-0.37939998594814867,0.0,-0.6666666666666666,-0.6666666666666666,-0.8333333333333334,-0.75,-0.6666666666666666,-0.4166666666666667,-1.4166666666666667,-0.16666666666666666,-0.48
4,1,0,0,-0.1134280150097373,-0.08333333333333333,0.11156162987165436,3,2,1,0,6,5,4,3,2,1,1,1,1,1,0,0,1,1,1,1,0,0,0,0,1,1,0,0,0,0,0,0,0,0,0,0,0,0,0,0,-0.13242768251555595,-0.10204081632653061,2.4642289348171698,-0.5564387917329093,0.24312484231289708,0.046460845122772786,1.5936069877111065,0.14520246375793344,-0.44029134171760465,0.0,0.08333333333333333,0.0,-0.6666666666666666,-0.6666666666666666,-0.8333333333333334,-0.75,-0.6666666666666666,-0.4166666666666667,-1.4166666666666667,-0.16
5,0,1,0,-0.1894266850330119,-0.08333333333333333,0.06357175179453993,4,3,2,1,0,6,5,4,3,2,1,1,1,1,1,0,0,1,1,1,0,0,0,0,0,1,1,0,0,0,0,0,0,0,0,0,0,0,0,0,-0.1134280150097373,-0.15769944341372913,-0.10287103712709249,2.4642289348171698,-0.5458840799100897,0.24624247915069578,0.046460845122772786,1.6065950022248765,0.14520246375793344,-0.44029134171760465,-0.08333333333333333,0.08333333333333333,0.0,-0.6666666666666666,-0.6666666666666666,-0.8333333333333334,-0.75,-0.6666666666666666,-0.4166666666666667,-1.36
6,0,1,0,0.21431624946563438,0.0,0.44649588785478733,5,4,3,2,1,0,6,5,4,3,0,1,1,1,1,1,0,0,1,1,1,0,0,0,0,0,1,1,0,0,0,0,0,0,0,0,0,0,0,0,-0.1894266850330119,-0.1391465677179963,-0.1589825119236884,-0.10287103712709249,2.4174866396018255,-0.5528840569609962,0.24624247915069578,0.04683950443804304,1.6065950022248765,0.14520246375793344,-0.08333333333333333,-0.08333333333333333,0.08333333333333333,0.0,-0.6666666666666666,-0.6666666666666666,-0.8333333333333334,-0.75,-0.6666666666666666,-0.4
0,1,0,0,-0.013679760604189404,0.0,0.3138278105335632,6,5,4,3,2,1,0,6,5,4,0,0,1,1,1,1,1,0,0,1,1,1,0,0,0,0,0,1,1,0,0,0,0,0,0,0,0,0,0,0,0.21431624946563438,-0.21335807050092764,-0.14027868699148974,-0.1589825119236884,-0.10091974586573087,2.4484865379701257,-0.5528840569609962,0.24824937352162812,0.04683950443804304,1.6065950022248765,0.0,-0.08333333333333333,-0.08333333333333333,0.08333333333333333,0.0,-0.6666666666666666,-0.6666666666666666,-0.8333333333333334,-0.75,-0.64
1,1,0,0,-0.13242768251555595,-0.75,-0.05938403580199908,0,6,5,4,3,2,1,0,6,5,1,0,0,1,1,1,1,1,0,0,0,1,1,0,0,0,0,0,1,1,0,0,0,0,0,0,0,0,0,0,-0.013679760604189404,0.1808905380333952,-0.2150939867202843,-0.14027868699148974,-0.15596687997431133,-0.10221385927010013,2.4484865379701257,-0.5573901028127123,0.24824937352162812,0.04683950443804304,0.0,0.0,-0.08333333333333333,-0.08333333333333333,0.08333333333333333,0.0,-0.6666666666666666,-0.6666666666666666,-0.8333333333333334,-0.72
2,1,0,0,1.1168004559920202,-0.25,1.1601233826028463,1,0,6,5,4,3,2,1,0,6,1,1,0,0,1,1,1,1,1,0,0,0,1,1,0,0,0,0,0,1,0,0,0,0,0,0,0,0,0,0,-0.13242768251555595,-0.041743970315398886,0.18236229308893667,-0.2150939867202843,-0.1376178352714512,-0.15796687341742746,-0.10221385927010013,2.4684418838848683,-0.5573901028127123,0.24824937352162812,-0.75,0.0,0.0,-0.08333333333333333,-0.08333333333333333,0.08333333333333333,0.0,-0.6666666666666666,-0.6666666666666666,-0.8
3,1,0,0,2.0382843300242244,-0.16666666666666666,1.9113650546116727,2,1,0,6,5,4,3,2,1,0,1,1,1,0,0,1,1,1,1,1,0,0,0,1,1,0,0,0,0,0,0,0,0,0,0,0,0,0,0,0,1.1168004559920202,-0.15769944341372913,-0.04208360609744693,0.18236229308893667,-0.2110140140828918,-0.13938253536831835,-0.15796687341742746,-0.1030469097636947,2.4684418838848683,-0.5573901028127123,-0.25,-0.75,0.0,0.0,-0.08333333333333333,-0.08333333333333333,0.08333333333333333,0.0,-0.6666666666666666,-0.64
4,1,0,0,1.230798461026932,-0.16666666666666666,1.356846591012764,3,2,1,0,6,5,4,3,2,1,1,1,1,1,0,0,1,1,1,1,0,0,0,0,1,1,0,0,0,0,0,0,0,0,0,0,0,0,0,0,2.0382843300242244,1.062152133580705,-0.1589825119236884,-0.04208360609744693,0.17890318585288653,-0.21371988756475482,-0.13938253536831835,-0.15925431508934634,-0.1030469097636947,2.4684418838848683,-0.16666666666666666,-0.25,-0.75,0.0,0.0,-0.08333333333333333,-0.08333333333333333,0.08333333333333333,0.0,-0.64
5,0,1,0,0.4565620101648221,-0.16666666666666666,0.5275276829299446,4,3,2,1,0,6,5,4,3,2,1,1,1,1,1,0,0,1,1,1,0,0,0,0,0,1,1,0,0,0,0,0,0,0,0,0,0,0,0,0,1.230798461026932,1.9619666048237476,1.0707939773683717,-0.1589825119236884,-0.04128535058143535,0.18119729597881387,-0.21371988756475482,-0.14051851331412912,-0.15925431508934634,-0.1030469097636947,-0.16666666666666666,-0.16666666666666666,-0.25,-0.75,0.0,0.0,-0.08333333333333333,-0.08333333333333333,0.08333333333333333,0.0
6,0,1,0,-0.1276777656391013,-0.16666666666666666,-0.04943667077414889,5,4,3,2,1,0,6,5,4,3,0,1,1,1,1,1,0,0,1,1,1,0,0,0,0,0,1,1,0,0,0,0,0,0,0,0,0,0,0,0,0.4565620101648221,1.1734693877551021,1.9779294865800054,1.0707939773683717,-0.15596687997431133,-0.04181476061049551,0.18119729597881387,-0.215461720414998,-0.14051851331412912,-0.15925431508934634,-0.16666666666666666,-0.16666666666666666,-0.16666666666666666,-0.25,-0.75,0.0,0.0,-0.08333333333333333,-0.08333333333333333,0.08
0,1,0,0,-0.06592884624519069,-0.5,0.0812477115890604,6,5,4,3,2,1,0,6,5,4,0,0,1,1,1,1,1,0,0,1,1,1,0,0,0,0,0,1,1,0,0,0,0,0,0,0,0,0,0,0,-0.1276777656391013,0.4174397031539889,1.1830169269615636,1.9779294865800054,1.050482809238744,-0.15796687341742746,-0.04181476061049551,0.18267406730836788,-0.215461720414998,-0.14051851331412912,-0.16666666666666666,-0.16666666666666666,-0.16666666666666666,-0.16666666666666666,-0.25,-0.75,0.0,0.0,-0.08333333333333333,-0.08
1,1,0,0,0.5943095995820074,-0.5833333333333334,0.763300457256437,0,6,5,4,3,2,1,0,6,5,1,0,0,1,1,1,1,1,0,0,0,1,1,0,0,0,0,0,1,1,0,0,0,0,0,0,0,0,0,0,-0.06592884624519069,-0.15306122448979592,0.42083606097446924,1.1830169269615636,1.9404114773274617,1.0639533533114969,-0.15796687341742746,-0.04215555399423874,0.18267406730836788,-0.215461720414998,-0.5,-0.16666666666666666,-0.16666666666666666,-0.16666666666666666,-0.16666666666666666,-0.25,-0.75,0.0,0.0,-0.08
2,1,0,0,0.6513086020994633,-0.4166666666666667,1.0265438943067378,1,0,6,5,4,3,2,1,0,6,1,1,0,0,1,1,1,1,1,0,0,0,1,1,0,0,0,0,0,1,0,0,0,0,0,0,0,0,0,0,0.5943095995820074,-0.0927643784786642,-0.15430655569063872,0.42083606097446924,1.160577077455905,1.9652937486932889,1.0639533533114969,-0.15925431508934634,-0.04215555399423874,0.18267406730836788,-0.5833333333333334,-0.5,-0.16666666666666666,-0.16666666666666666,-0.16666666666666666,-0.16666666666666666,-0.25,-0.75,0.0,0.0
3,1,0,0,-0.4506721132380183,-0.5833333333333334,-0.29067851916547965,2,1,0,6,5,4,3,2,1,0,1,1,1,0,0,1,1,1,1,1,0,0,0,1,1,0,0,0,0,0,0,0,0,0,0,0,0,0,0,0,0.6513086020994633,0.551948051948052,-0.09351912466099317,-0.15430655569063872,0.41285350581435354,1.1754593816061516,1.9652937486932889,1.0726246516311857,-0.15925431508934634,-0.04215555399423874,-0.4166666666666667,-0.5833333333333334,-0.5,-0.16666666666666666,-0.16666666666666666,-0.16666666666666666,-0.16666666666666666,-0.25,-0.75,0.0
4,1,0,0,-0.3034246900679238,-0.4166666666666667,0.033450941943394596,3,2,1,0,6,5,4,3,2,1,1,1,1,1,0,0,1,1,1,1,0,0,0,0,1,1,0,0,0,0,0,0,0,0,0,0,0,0,0,0,-0.4506721132380183,0.6076066790352505,0.5564387917329093,-0.09351912466099317,-0.1513796187985963,0.4181476061049551,1.1754593816061516,1.9813110377292207,1.0726246516311857,-0.15925431508934634,-0.5833333333333334,-0.4166666666666667,-0.5833333333333334,-0.5,-0.16666666666666666,-0.16666666666666666,-0.16666666666666666,-0.16666666666666666,-0.25,-0.72
5,0,1,0,-0.6311689545432955,-0.6666666666666666,-0.4921353170080175,4,3,2,1,0,6,5,4,3,2,1,1,1,1,1,0,0,1,1,1,0,0,0,0,0,1,1,0,0,0,0,0,0,0,0,0,0,0,0,0,-0.3034246900679238,-0.4684601113172542,0.6125502665295053,0.5564387917329093,-0.09174522351430078,-0.1533207889051502,0.4181476061049551,1.1850394622824891,1.9813110377292207,1.0726246516311857,-0.4166666666666667,-0.5833333333333334,-0.4166666666666667,-0.5833333333333334,-0.5,-0.16666666666666666,-0.16666666666666666,-0.16666666666666666,-0.16666666666666666,-0.24
6,0,1,0,-0.45542203011447296,-1.0,-0.22206314007082062,5,4,3,2,1,0,6,5,4,3,0,1,1,1,1,1,0,0,1,1,1,0,0,0,0,0,1,1,0,0,0,0,0,0,0,0,0,0,0,0,-0.6311689545432955,-0.3246753246753247,-0.4722715795380155,0.6125502665295053,0.5458840799100897,-0.09292169024554557,-0.1533207889051502,0.4215555399423874,1.1850394622824891,1.9813110377292207,-0.6666666666666666,-0.4166666666666667,-0.5833333333333334,-0.4166666666666667,-0.5833333333333334,-0.5,-0.16666666666666666,-0.16666666666666666,-0.16666666666666666,-0.16
0,1,0,0,-0.5314207001377476,-0.8333333333333334,-0.27128556692377964,6,5,4,3,2,1,0,6,5,4,0,0,1,1,1,1,1,0,0,1,1,1,0,0,0,0,0,1,1,0,0,0,0,0,0,0,0,0,0,0,-0.45542203011447296,-0.6447124304267161,-0.3273169363134761,-0.4722715795380155,0.6009312140186701,0.5528840569609962,-0.09292169024554557,-0.15457036464554205,0.4215555399423874,1.1850394622824891,-1.0,-0.6666666666666666,-0.4166666666666667,-0.5833333333333334,-0.4166666666666667,-0.5833333333333334,-0.5,-0.16666666666666666,-0.16666666666666666,-0.16
1,1,0,0,-0.5219208663848383,-0.75,-0.28581720447111403,0,6,5,4,3,2,1,0,6,5,1,0,0,1,1,1,1,1,0,0,0,1,1,0,0,0,0,0,1,1,0,0,0,0,0,0,0,0,0,0,-0.5314207001377476,-0.4730983302411874,-0.6499579163939025,-0.3273169363134761,-0.46331337874721895,0.6086370711083235,0.5528840569609962,-0.09367900887608609,-0.15457036464554205,0.4215555399423874,-0.8333333333333334,-1.0,-0.6666666666666666,-0.4166666666666667,-0.5833333333333334,-0.4166666666666667,-0.5833333333333334,-0.5,-0.16666666666666666,-0.16
2,1,0,0,-0.3746734432147437,-0.08333333333333333,-0.22626895047544207,1,0,6,5,4,3,2,1,0,6,1,1,0,0,1,1,1,1,1,0,0,0,1,1,0,0,0,0,0,1,0,0,0,0,0,0,0,0,0,0,-0.5219208663848383,-0.5473098330241187,-0.47694753577106513,-0.6499579163939025,-0.3211082823000527,-0.46925453574000514,0.6086370711083235,0.5573901028127123,-0.09367900887608609,-0.15457036464554205,-0.75,-0.8333333333333334,-1.0,-0.6666666666666666,-0.4166666666666667,-0.5833333333333334,-0.4166666666666667,-0.5833333333333334,-0.5,-0.16
3,1,0,0,-0.7166674583194794,-0.5,-0.5481197320932224,2,1,0,6,5,4,3,2,1,0,1,1,1,0,0,1,1,1,1,1,0,0,0,1,1,0,0,0,0,0,0,0,0,0,0,0,0,0,0,0,-0.3746734432147437,-0.5380333951762524,-0.5517628354998597,-0.47694753577106513,-0.6376293034243905,-0.3252259158594095,-0.46925453574000514,0.6135975081383639,0.5573901028127123,-0.09367900887608609,-0.08333333333333333,-0.75,-0.8333333333333334,-1.0,-0.6666666666666666,-0.4166666666666667,-0.5833333333333334,-0.4166666666666667,-0.5833333333333334,-0.48
4,1,0,0,-0.6834180401842967,-0.25,-0.6305225970316649,3,2,1,0,6,5,4,3,2,1,1,1,1,1,0,0,1,1,1,1,0,0,0,0,1,1,0,0,0,0,0,0,0,0,0,0,0,0,0,0,-0.7166674583194794,-0.3942486085343228,-0.5424109230337604,-0.5517628354998597,-0.467900639922934,-0.6458057472065417,-0.3252259158594095,-0.47307899482423477,0.6135975081383639,0.5573901028127123,-0.5,-0.08333333333333333,-0.75,-0.8333333333333334,-1.0,-0.6666666666666666,-0.4166666666666667,-0.5833333333333334,-0.4166666666666667,-0.56
5,0,1,0,-0.6026694532845674,0.16666666666666666,-0.6976563630900755,4,3,2,1,0,6,5,4,3,2,1,1,1,1,1,0,0,1,1,1,0,0,0,0,0,1,1,0,0,0,0,0,0,0,0,0,0,0,0,0,-0.6834180401842967,-0.7282003710575139,-0.39745627980922094,-0.5424109230337604,-0.5412968187343746,-0.4739006202522824,-0.6458057472065417,-0.3278765310663013,-0.47307899482423477,0.6135975081383639,-0.25,-0.5,-0.08333333333333333,-0.75,-0.8333333333333334,-1.0,-0.6666666666666666,-0.4166666666666667,-0.5833333333333334,-0.4
6,0,1,0,-0.6216691207903862,0.4166666666666667,-0.5573641520198229,5,4,3,2,1,0,6,5,4,3,0,1,1,1,1,1,0,0,1,1,1,0,0,0,0,0,1,1,0,0,0,0,0,0,0,0,0,0,0,0,-0.6026694532845674,-0.6957328385899815,-0.7341251285887964,-0.39745627980922094,-0.5321222963829445,-0.5482379724487189,-0.4739006202522824,-0.6510691116887983,-0.3278765310663013,-0.47307899482423477,0.16666666666666666,-0.25,-0.5,-0.08333333333333333,-0.75,-0.8333333333333334,-1.0,-0.6666666666666666,-0.4166666666666667,-0.56
0,1,0,0,-0.35567377570892506,0.5,-0.18407460615003218,6,5,4,3,2,1,0,6,5,4,0,0,1,1,1,1,1,0,0,1,1,1,0,0,0,0,0,1,1,0,0,0,0,0,0,0,0,0,0,0,-0.6216691207903862,-0.6168831168831169,-0.7013934349574488,-0.7341251285887964,-0.38991719993577834,-0.5389458034241643,-0.5482379724487189,-0.47776294526803903,-0.6510691116887983,-0.3278765310663013,0.4166666666666667,0.16666666666666666,-0.25,-0.5,-0.08333333333333333,-0.75,-0.8333333333333334,-1.0,-0.6666666666666666,-0.4
1,1,0,0,-0.14192751626846528,-1.0,-0.1983880463752179,0,6,5,4,3,2,1,0,6,5,1,0,0,1,1,1,1,1,0,0,0,1,1,0,0,0,0,0,1,1,0,0,0,0,0,0,0,0,0,0,-0.35567377570892506,-0.6354359925788498,-0.6219021789956045,-0.7013934349574488,-0.7202000045872612,-0.3949171835435687,-0.5389458034241643,-0.552706152368908,-0.47776294526803903,-0.6510691116887983,0.5,0.4166666666666667,0.16666666666666666,-0.25,-0.5,-0.08333333333333333,-0.75,-0.8333333333333334,-1.0,-0.64
2,1,0,0,-0.42217261197929035,0.25,-0.37920717888956873,1,0,6,5,4,3,2,1,0,6,1,1,0,0,1,1,1,1,1,0,0,0,1,1,0,0,0,0,0,1,0,0,0,0,0,0,0,0,0,0,-0.14192751626846528,-0.37569573283859,-0.6406060039278032,-0.6219021789956045,-0.6880891763572559,-0.7294352684275327,-0.3949171835435687,-0.5433382514812993,-0.552706152368908,-0.47776294526803903,-1.0,0.5,0.4166666666666667,0.16666666666666666,-0.25,-0.5,-0.08333333333333333,-0.75,-0.8333333333333334,-0.96
3,1,0,0,0.21906616634208903,1.75,0.03232619937061857,2,1,0,6,5,4,3,2,1,0,1,1,1,0,0,1,1,1,1,1,0,0,0,1,1,0,0,0,0,0,0,0,0,0,0,0,0,0,0,0,-0.42217261197929035,-0.16697588126159554,-0.3787524548770223,-0.6406060039278032,-0.6101057363701002,-0.6969126768415917,-0.7294352684275327,-0.3981357877233659,-0.5433382514812993,-0.552706152368908,0.25,-1.0,0.5,0.4166666666666667,0.16666666666666666,-0.25,-0.5,-0.08333333333333333,-0.75,-0.8
4,1,0,0,-0.10867809813328265,1.25,-0.13050267797298792,3,2,1,0,6,5,4,3,2,1,1,1,1,1,0,0,1,1,1,1,0,0,0,0,1,1,0,0,0,0,0,0,0,0,0,0,0,0,0,0,0.21906616634208903,-0.44063079777365494,-0.1683344243897877,-0.3787524548770223,-0.6284547810729604,-0.6179292401328781,-0.6969126768415917,-0.7353802196772758,-0.3981357877233659,-0.5433382514812993,1.75,0.25,-1.0,0.5,0.4166666666666667,0.16666666666666666,-0.25,-0.5,-0.08333333333333333,-0.72
5,0,1,0,-0.5836697857787488,0.9166666666666666,-0.5076312802815308,4,3,2,1,0,6,5,4,3,2,1,1,1,1,1,0,0,1,1,1,0,0,0,0,0,1,1,0,0,0,0,0,0,0,0,0,0,0,0,0,-0.10867809813328265,0.1855287569573284,-0.44421584213971754,-0.1683344243897877,-0.3715681552329182,-0.6365135781819872,-0.6179292401328781,-0.7025925665706456,-0.7353802196772758,-0.3981357877233659,1.25,1.75,0.25,-1.0,0.5,0.4166666666666667,0.16666666666666666,-0.25,-0.5,-0.08
6,0,1,0,-0.37942336009119837,-0.5833333333333334,-0.37438783106691953,5,4,3,2,1,0,6,5,4,3,0,1,1,1,1,1,0,0,1,1,1,0,0,0,0,0,1,1,0,0,0,0,0,0,0,0,0,0,0,0,-0.5836697857787488,-0.1345083487940631,0.18703824932198634,-0.44421584213971754,-0.1651414023257414,-0.37633284549445956,-0.6365135781819872,-0.6229654090259725,-0.7025925665706456,-0.7353802196772758,0.9166666666666666,1.25,1.75,0.25,-1.0,0.5,0.4166666666666667,0.16666666666666666,-0.25,-0.48
0,1,0,0,0.4328124257825488,0.9166666666666666,0.5661256488139189,6,5,4,3,2,1,0,6,5,4,0,0,1,1,1,1,1,0,0,1,1,1,0,0,0,0,0,1,1,0,0,0,0,0,0,0,0,0,0,0,-0.37942336009119837,-0.5983302411873841,-0.1356027307584401,0.18703824932198634,-0.43578981169292874,-0.16725904244198203,-0.37633284549445956,-0.6417012108011897,-0.6229654090259725,-0.7025925665706456,-0.5833333333333334,0.9166666666666666,1.25,1.75,0.25,-1.0,0.5,0.4166666666666667,0.16666666666666666,-0.24
1,1,0,0,0.3568137557592742,0.4166666666666667,0.23619077045094317,0,6,5,4,3,2,1,0,6,5,1,0,0,1,1,1,1,1,0,0,0,1,1,0,0,0,0,0,1,1,0,0,0,0,0,0,0,0,0,0,0.4328124257825488,-0.39888682745825604,-0.6031983540634059,-0.1356027307584401,0.18349044702860157,-0.44137802866634146,-0.16725904244198203,-0.37939998594814867,-0.6417012108011897,-0.6229654090259725,0.9166666666666666,-0.5833333333333334,0.9166666666666666,1.25,1.75,0.25,-1.0,0.5,0.4166666666666667,0.16
2,1,0,0,0.10506816130717715,0.5,0.15638878718173602,1,0,6,5,4,3,2,1,0,6,1,1,0,0,1,1,1,1,1,0,0,0,1,1,0,0,0,0,0,1,0,0,0,0,0,0,0,0,0,0,0.3568137557592742,0.3942486085343228,-0.4021322360422706,-0.6031983540634059,-0.13303057409573613,0.18584338049109114,-0.44137802866634146,-0.16862221597695495,-0.37939998594814867,-0.6417012108011897,0.4166666666666667,0.9166666666666666,-0.5833333333333334,0.9166666666666666,1.25,1.75,0.25,-1.0,0.5,0.4
3,1,0,0,0.7605566902579205,0.5833333333333334,0.9751510503274025,2,1,0,6,5,4,3,2,1,0,1,1,1,0,0,1,1,1,1,1,0,0,0,1,1,0,0,0,0,0,0,0,0,0,0,0,0,0,0,0,0.10506816130717715,0.3200371057513915,0.39745627980922094,-0.4021322360422706,-0.5917566916672401,-0.13473645085604108,0.18584338049109114,-0.4449752921614089,-0.16862221597695495,-0.37939998594814867,0.5,0.4166666666666667,0.9166666666666666,-0.5833333333333334,0.9166666666666666,1.25,1.75,0.25,-1.0,0.48
4,1,0,0,0.7273072721227378,-0.16666666666666666,0.2533883687294499,3,2,1,0,6,5,4,3,2,1,1,1,1,1,0,0,1,1,1,1,0,0,0,0,1,1,0,0,0,0,0,0,0,0,0,0,0,0,0,0,0.7605566902579205,0.07421150278293136,0.3226409800804264,0.39745627980922094,-0.3945044611114934,-0.5993449020837689,-0.13473645085604108,0.18735801775217217,-0.4449752921614089,-0.16862221597695495,0.5833333333333334,0.5,0.4166666666666667,0.9166666666666666,-0.5833333333333334,0.9166666666666666,1.25,1.75,0.25,-0.96
5,0,1,0,0.4660618439177315,0.16666666666666666,0.6820639976547209,4,3,2,1,0,6,5,4,3,2,1,1,1,1,1,0,0,1,1,1,0,0,0,0,0,1,1,0,0,0,0,0,0,0,0,0,0,0,0,0,0.7273072721227378,0.7142857142857143,0.07481529972879454,0.3226409800804264,0.38991719993577834,-0.39956326805584597,-0.5993449020837689,-0.13583456287032483,0.18735801775217217,-0.4449752921614089,-0.16666666666666666,0.5833333333333334,0.5,0.4166666666666667,0.9166666666666666,-0.5833333333333334,0.9166666666666666,1.25,1.75,0.24
6,0,1,0,-0.15617726689782926,0.3333333333333333,-0.15486809629754877,5,4,3,2,1,0,6,5,4,3,0,1,1,1,1,1,0,0,1,1,1,0,0,0,0,0,1,1,0,0,0,0,0,0,0,0,0,0,0,0,0.4660618439177315,0.6818181818181819,0.7200972598896473,0.07481529972879454,0.3165210211243377,0.3949171835435687,-0.39956326805584597,-0.6042296072507553,-0.13583456287032483,0.18735801775217217,0.16666666666666666,-0.16666666666666666,0.5833333333333334,0.5,0.4166666666666667,0.9166666666666666,-0.5833333333333334,0.9166666666666666,1.25,1.68
0,0,0,1,0.06706882629553985,0.8333333333333334,0.14358007218301935,6,5,4,3,2,1,0,6,5,4,0,0,1,1,1,1,1,0,0,1,1,1,0,0,0,0,0,1,1,0,0,0,0,0,0,0,0,0,0,0,-0.15617726689782926,0.4267161410018553,0.6873655662582998,0.7200972598896473,0.07339617881144063,0.32057983134713225,0.3949171835435687,-0.4028197381671702,-0.6042296072507553,-0.13583456287032483,0.3333333333333333,0.16666666666666666,-0.16666666666666666,0.5833333333333334,0.5,0.4166666666666667,0.9166666666666666,-0.5833333333333334,0.9166666666666666,1.2
1,1,0,0,0.17631691445399708,0.8333333333333334,0.15966813327705312,0,6,5,4,3,2,1,0,6,5,0,0,0,1,1,1,1,1,0,0,0,1,1,0,0,0,0,0,1,1,1,0,0,0,0,0,0,0,0,0,0.06706882629553985,-0.1808905380333952,0.4301879734405686,0.6873655662582998,0.706438221060116,0.07433735219643646,0.32057983134713225,0.3981357877233659,-0.4028197381671702,-0.6042296072507553,0.8333333333333334,0.3333333333333333,0.16666666666666666,-0.16666666666666666,0.5833333333333334,0.5,0.4166666666666667,0.9166666666666666,-0.5833333333333334,0.88
2,1,0,0,0.907804113428015,0.5833333333333334,0.8133661749446828,1,0,6,5,4,3,2,1,0,6,1,0,0,0,1,1,1,1,1,0,0,0,1,1,0,0,0,0,0,1,0,1,0,0,0,0,0,0,0,0,0.17631691445399708,0.03710575139146568,-0.18236229308893667,0.4301879734405686,0.6743273928301108,0.7154970148907009,0.07433735219643646,0.323192580622497,0.3981357877233659,-0.4028197381671702,0.8333333333333334,0.8333333333333334,0.3333333333333333,0.16666666666666666,-0.16666666666666666,0.5833333333333334,0.5,0.4166666666666667,0.9166666666666666,-0.56
3,1,0,0,0.1858167482069064,0.8333333333333334,0.30012425843321244,2,1,0,6,5,4,3,2,1,0,1,1,0,0,0,1,1,1,1,1,0,0,0,1,1,0,0,0,0,0,0,0,1,0,0,0,0,0,0,0,0.907804113428015,0.1437847866419295,0.03740764986439727,-0.18236229308893667,0.4220280281657836,0.68297442330476,0.7154970148907009,0.07494320710086887,0.323192580622497,0.3981357877233659,0.5833333333333334,0.8333333333333334,0.8333333333333334,0.3333333333333333,0.16666666666666666,-0.16666666666666666,0.5833333333333334,0.5,0.4166666666666667,0.88
4,1,0,0,0.3568137557592742,0.6666666666666666,0.6560316126104976,3,2,1,0,6,5,4,3,2,1,1,1,1,0,0,0,1,1,1,1,0,0,0,0,1,1,0,0,0,0,0,0,0,1,0,0,0,0,0,0,0.1858167482069064,0.8580705009276438,0.1449546432245394,0.03740764986439727,-0.17890318585288653,0.42743977512950965,0.68297442330476,0.7213283683458629,0.07494320710086887,0.323192580622497,0.8333333333333334,0.5833333333333334,0.8333333333333334,0.8333333333333334,0.3333333333333333,0.16666666666666666,-0.16666666666666666,0.5833333333333334,0.5,0.4
5,0,1,0,0.19531658195981572,0.5,0.21735965730704057,4,3,2,1,0,6,5,4,3,2,1,1,1,1,0,0,0,1,1,1,0,0,0,0,0,1,1,0,0,0,0,0,0,0,1,0,0,0,0,0,0.3568137557592742,0.15306122448979592,0.8650519031141868,0.1449546432245394,0.036698089405720315,-0.18119729597881387,0.42743977512950965,0.6885407152392328,0.7213283683458629,0.07494320710086887,0.6666666666666666,0.8333333333333334,0.5833333333333334,0.8333333333333334,0.8333333333333334,0.3333333333333333,0.16666666666666666,-0.16666666666666666,0.5833333333333334,0.48
6,0,1,0,-0.1134280150097373,0.16666666666666666,-0.09286462825258461,5,4,3,2,1,0,6,5,4,3,0,1,1,1,1,0,0,0,1,1,1,0,0,0,0,0,1,1,0,0,0,0,0,0,0,1,0,0,0,0,0.19531658195981572,0.3200371057513915,0.15430655569063872,0.8650519031141868,0.14220509644716622,0.03716867609821823,-0.18119729597881387,0.430923440829996,0.6885407152392328,0.7213283683458629,0.5,0.6666666666666666,0.8333333333333334,0.5833333333333334,0.8333333333333334,0.8333333333333334,0.3333333333333333,0.16666666666666666,-0.16666666666666666,0.56
0,1,0,0,-0.23217593692110386,0.0,-0.03773703679825612,6,5,4,3,2,1,0,6,5,4,0,0,1,1,1,1,0,0,0,1,1,1,0,0,0,0,0,1,1,0,0,0,0,0,0,0,1,0,0,0,-0.1134280150097373,0.16233766233766234,0.3226409800804264,0.15430655569063872,0.8486433175072823,0.14402861988059565,0.03716867609821823,-0.18267406730836788,0.430923440829996,0.6885407152392328,0.16666666666666666,0.5,0.6666666666666666,0.8333333333333334,0.5833333333333334,0.8333333333333334,0.8333333333333334,0.3333333333333333,0.16666666666666666,-0.16
1,1,0,0,0.5753099320761886,0.0,0.31434996356788963,0,6,5,4,3,2,1,0,6,5,1,0,0,1,1,1,1,0,0,0,0,1,1,0,0,0,0,0,1,1,0,0,0,0,0,0,0,1,0,0,-0.23217593692110386,-0.1391465677179963,0.16365846815673804,0.3226409800804264,0.1513796187985963,0.8595256347712965,0.14402861988059565,0.03747160355043443,-0.18267406730836788,0.430923440829996,0.0,0.16666666666666666,0.5,0.6666666666666666,0.8333333333333334,0.5833333333333334,0.8333333333333334,0.8333333333333334,0.3333333333333333,0.16
2,1,0,0,-0.3271742744501971,0.4166666666666667,-0.21926048289880387,1,0,6,5,4,3,2,1,0,6,1,1,0,0,1,1,1,1,0,0,0,0,1,1,0,0,0,0,0,1,0,0,0,0,0,0,0,0,1,0,0.5753099320761886,-0.25510204081632654,-0.14027868699148974,0.16365846815673804,0.3165210211243377,0.1533207889051502,0.8595256347712965,0.14520246375793344,0.03747160355043443,-0.18267406730836788,0.0,0.0,0.16666666666666666,0.5,0.6666666666666666,0.8333333333333334,0.5833333333333334,0.8333333333333334,0.8333333333333334,0.32
3,1,0,0,0.6370588514700993,0.5,0.5473989966876582,2,1,0,6,5,4,3,2,1,0,1,1,1,0,0,1,1,1,1,0,0,0,0,1,1,0,0,0,0,0,0,0,0,0,0,0,0,0,0,1,-0.3271742744501971,0.5333951762523191,-0.2571775928177312,-0.14027868699148974,0.16055414115002636,0.32057983134713225,0.1533207889051502,0.8665308321037963,0.14520246375793344,0.03747160355043443,0.4166666666666667,0.0,0.0,0.16666666666666666,0.5,0.6666666666666666,0.8333333333333334,0.5833333333333334,0.8333333333333334,0.8
4,1,0,0,0.18106683133045173,0.8333333333333334,0.18239212993430057,3,2,1,0,6,5,4,3,2,1,1,1,1,1,0,0,1,1,1,1,0,0,0,0,1,1,0,0,0,0,0,0,0,0,0,0,0,0,0,0,0.6370588514700993,-0.34786641929499074,0.5377349668007108,-0.2571775928177312,-0.1376178352714512,0.16261295792970476,0.32057983134713225,0.15457036464554205,0.8665308321037963,0.14520246375793344,0.5,0.4166666666666667,0.0,0.0,0.16666666666666666,0.5,0.6666666666666666,0.8333333333333334,0.5833333333333334,0.8
5,0,1,0,0.6750581864817365,0.25,0.6127006655094352,4,3,2,1,0,6,5,4,3,2,1,1,1,1,1,0,0,1,1,1,0,0,0,0,0,1,1,0,0,0,0,0,0,0,0,0,0,0,0,0,0.18106683133045173,0.5936920222634509,-0.3506967174787244,0.5377349668007108,-0.2522993646643272,-0.13938253536831835,0.16261295792970476,0.323192580622497,0.15457036464554205,0.8665308321037963,0.8333333333333334,0.5,0.4166666666666667,0.0,0.0,0.16666666666666666,0.5,0.6666666666666666,0.8333333333333334,0.56
6,0,1,0,-0.089678430627464,-0.08333333333333333,-0.1297043950870782,5,4,3,2,1,0,6,5,4,3,0,1,1,1,1,1,0,0,1,1,1,0,0,0,0,0,1,1,0,0,0,0,0,0,0,0,0,0,0,0,0.6750581864817365,0.14842300556586271,0.5985223978303563,-0.3506967174787244,0.5275350352072296,-0.25553464817525035,-0.13938253536831835,0.16393826553315066,0.323192580622497,0.15457036464554205,0.25,0.8333333333333334,0.5,0.4166666666666667,0.0,0.0,0.16666666666666666,0.5,0.6666666666666666,0.8
0,1,0,0,-0.5409205338906569,0.9166666666666666,-0.3810411007727987,6,5,4,3,2,1,0,6,5,4,0,0,1,1,1,1,1,0,0,1,1,1,0,0,0,0,0,1,1,0,0,0,0,0,0,0,0,0,0,0,-0.089678430627464,0.6307977736549165,0.14963059945758908,0.5985223978303563,-0.34404458817862793,0.534299718911887,-0.25553464817525035,-0.14051851331412912,0.16393826553315066,0.323192580622497,-0.08333333333333333,0.25,0.8333333333333334,0.5,0.4166666666666667,0.0,0.0,0.16666666666666666,0.5,0.64
1,1,0,0,-0.2986747731914691,0.8333333333333334,-0.3048123837548064,0,6,5,4,3,2,1,0,6,5,1,0,0,1,1,1,1,1,0,0,0,1,1,0,0,0,0,0,1,1,0,0,0,0,0,0,0,0,0,0,-0.5409205338906569,-0.11595547309833025,0.6359300476947536,0.14963059945758908,0.587169430491525,-0.3484563384207959,0.534299718911887,-0.25761727440923676,-0.14051851331412912,0.16393826553315066,0.9166666666666666,-0.08333333333333333,0.25,0.8333333333333334,0.5,0.4166666666666667,0.0,0.0,0.16666666666666666,0.48
2,1,0,0,-0.3936731107205624,0.0,-0.49237693062815285,1,0,6,5,4,3,2,1,0,6,1,1,0,0,1,1,1,1,1,0,0,0,1,1,0,0,0,0,0,1,0,0,0,0,0,0,0,0,0,0,-0.2986747731914691,-0.5565862708719852,-0.11689890582624146,0.6359300476947536,0.14679235762288126,0.5946988175714917,-0.3484563384207959,0.538654301037495,-0.25761727440923676,-0.14051851331412912,0.8333333333333334,0.9166666666666666,-0.08333333333333333,0.25,0.8333333333333334,0.5,0.4166666666666667,0.0,0.0,0.16
3,1,0,0,0.3378140882534556,0.08333333333333333,0.3103872873222338,2,1,0,6,5,4,3,2,1,0,1,1,1,0,0,1,1,1,1,1,0,0,0,1,1,0,0,0,0,0,0,0,0,0,0,0,0,0,0,0,-0.3936731107205624,-0.3200371057513915,-0.561114747965959,-0.11689890582624146,0.6238675198972453,0.14867470439287292,0.5946988175714917,-0.3512962832853228,0.538654301037495,-0.25761727440923676,0.0,0.8333333333333334,0.9166666666666666,-0.08333333333333333,0.25,0.8333333333333334,0.5,0.4166666666666667,0.0,0.0
4,1,0,0,-0.1656771006507386,0.6666666666666666,-0.06077228775406683,3,2,1,0,6,5,4,3,2,1,1,1,1,1,0,0,1,1,1,1,0,0,0,0,1,1,0,0,0,0,0,0,0,0,0,0,0,0,0,0,0.3378140882534556,-0.4128014842300557,-0.3226409800804264,-0.561114747965959,-0.11468152939287599,0.6318674936697098,0.14867470439287292,0.5995456568069509,-0.3512962832853228,0.538654301037495,0.08333333333333333,0.0,0.8333333333333334,0.9166666666666666,-0.08333333333333333,0.25,0.8333333333333334,0.5,0.4166666666666667,0.0
5,0,1,0,-0.17042701752719325,0.5833333333333334,-0.16302913230755756,4,3,2,1,0,6,5,4,3,2,1,1,1,1,1,0,0,1,1,1,0,0,0,0,0,1,1,0,0,0,0,0,0,0,0,0,0,0,0,0,-0.1656771006507386,0.3014842300556586,-0.41616010474141957,-0.3226409800804264,-0.5504713410858048,-0.11615211280693197,0.6318674936697098,0.14988641420173773,0.5995456568069509,-0.3512962832853228,0.6666666666666666,0.08333333333333333,0.0,0.8333333333333334,0.9166666666666666,-0.08333333333333333,0.25,0.8333333333333334,0.5,0.4
6,0,1,0,-0.14667743314491993,2.0833333333333335,0.06312866677938928,5,4,3,2,1,0,6,5,4,3,0,1,1,1,1,1,0,0,1,1,1,0,0,0,0,0,1,1,0,0,0,0,0,0,0,0,0,0,0,0,-0.17042701752719325,-0.1901669758812616,0.3039371551482278,-0.41616010474141957,-0.3165210211243377,-0.5575301414732734,-0.11615211280693197,0.6370172603573854,0.14988641420173773,0.5995456568069509,0.5833333333333334,0.6666666666666666,0.08333333333333333,0.0,0.8333333333333334,0.9166666666666666,-0.08333333333333333,0.25,0.8333333333333334,0.48
0,1,0,0,-0.004179926851280081,1.0,0.13416048618316775,6,5,4,3,2,1,0,6,5,4,0,0,1,1,1,1,1,0,0,1,1,1,0,0,0,0,0,1,1,0,0,0,0,0,0,0,0,0,0,0,-0.14667743314491993,-0.19480519480519481,-0.191714205555036,0.3039371551482278,-0.4082662446386385,-0.32057983134713225,-0.5575301414732734,-0.11709876109510761,0.6370172603573854,0.14988641420173773,2.0833333333333335,0.5833333333333334,0.6666666666666666,0.08333333333333333,0.0,0.8333333333333334,0.9166666666666666,-0.08333333333333333,0.25,0.8
1,1,0,0,-0.6169192039139315,0.5,-0.4571735676828326,0,6,5,4,3,2,1,0,6,5,1,0,0,1,1,1,1,1,0,0,0,1,1,0,0,0,0,0,1,1,0,0,0,0,0,0,0,0,0,0,-0.004179926851280081,-0.17161410018552875,-0.19639016178808566,-0.191714205555036,0.2981719764214775,-0.4135015215926778,-0.32057983134713225,-0.5620740532565165,-0.11709876109510761,0.6370172603573854,1.0,2.0833333333333335,0.5833333333333334,0.6666666666666666,0.08333333333333333,0.0,0.8333333333333334,0.9166666666666666,-0.08333333333333333,0.24
2,1,0,0,0.30456467011827293,0.0,0.009666825613659061,1,0,6,5,4,3,2,1,0,6,1,1,0,0,1,1,1,1,1,0,0,0,1,1,0,0,0,0,0,1,0,0,0,0,0,0,0,0,0,0,-0.6169192039139315,-0.03246753246753247,-0.17301038062283736,-0.19639016178808566,-0.1880777082043166,0.3019954932980231,-0.4135015215926778,-0.323192580622497,-0.5620740532565165,-0.11709876109510761,0.5,1.0,2.0833333333333335,0.5833333333333334,0.6666666666666666,0.08333333333333333,0.0,0.8333333333333334,0.9166666666666666,-0.08
3,0,0,1,-0.013679760604189404,0.4166666666666667,0.03686713653343908,2,1,0,6,5,4,3,2,1,0,1,1,1,0,0,1,1,1,1,1,0,0,0,1,1,0,0,0,0,0,0,0,0,0,0,0,0,0,0,0,0.30456467011827293,-0.6307977736549165,-0.032731693631347605,-0.17301038062283736,-0.19266496938003164,-0.1904894650033684,0.3019954932980231,-0.4168715894985831,-0.323192580622497,-0.5620740532565165,0.0,0.5,1.0,2.0833333333333335,0.5833333333333334,0.6666666666666666,0.08333333333333333,0.0,0.8333333333333334,0.88
4,0,0,1,-0.3176744406972878,0.3333333333333333,-0.38215367903493225,3,2,1,0,6,5,4,3,2,1,0,1,1,1,0,0,1,1,1,1,0,0,0,0,1,1,0,0,0,0,1,0,0,0,0,0,0,0,0,0,-0.013679760604189404,0.2690166975881262,-0.6359300476947536,-0.032731693631347605,-0.16972866350145646,-0.1951355495156457,-0.1904894650033684,0.3044567788472798,-0.4168715894985831,-0.323192580622497,0.4166666666666667,0.0,0.5,1.0,2.0833333333333335,0.5833333333333334,0.6666666666666666,0.08333333333333333,0.0,0.8
5,0,1,0,-0.06117892936873603,0.25,-0.006946429592361786,4,3,2,1,0,6,5,4,3,2,0,0,1,1,1,0,0,1,1,1,0,0,0,0,0,1,1,0,0,0,1,1,0,0,0,0,0,0,0,0,-0.3176744406972878,-0.041743970315398886,0.2712054615168802,-0.6359300476947536,-0.03211082823000527,-0.1719051269542593,-0.1951355495156457,-0.1920419681959765,0.3044567788472798,-0.4168715894985831,0.3333333333333333,0.4166666666666667,0.0,0.5,1.0,2.0833333333333335,0.5833333333333334,0.6666666666666666,0.08333333333333333,0.0
6,0,1,0,-0.49817128200256494,0.6666666666666666,-0.39026180029364643,5,4,3,2,1,0,6,5,4,3,0,0,0,1,1,1,0,0,1,1,1,0,0,0,0,0,1,1,0,0,0,1,1,0,0,0,0,0,0,0,-0.06117892936873603,-0.3385899814471243,-0.04208360609744693,0.2712054615168802,-0.6238675198972453,-0.03252259158594095,-0.1719051269542593,-0.19672591863978078,-0.1920419681959765,0.3044567788472798,0.25,0.3333333333333333,0.4166666666666667,0.0,0.5,1.0,2.0833333333333335,0.5833333333333334,0.6666666666666666,0.08
0,1,0,0,-0.2891749394385598,0.3333333333333333,-0.18470745441120479,6,5,4,3,2,1,0,6,5,4,0,0,0,0,1,1,1,0,0,1,1,1,0,0,0,0,0,1,1,0,0,0,1,1,0,0,0,0,0,0,-0.49817128200256494,-0.08812615955473098,-0.34134480501262504,-0.04208360609744693,0.26606114819147225,-0.6318674936697098,-0.03252259158594095,-0.17330616642075927,-0.19672591863978078,-0.1920419681959765,0.6666666666666666,0.25,0.3333333333333333,0.4166666666666667,0.0,0.5,1.0,2.0833333333333335,0.5833333333333334,0.64
1,1,0,0,-0.1894266850330119,0.0,-0.14084659952778147,0,6,5,4,3,2,1,0,6,5,1,0,0,0,0,1,1,1,0,0,0,1,1,0,0,0,0,0,1,1,0,0,0,1,1,0,0,0,0,0,-0.2891749394385598,-0.5148423005565863,-0.08884316842794351,-0.34134480501262504,-0.04128535058143535,0.26947290171208216,-0.6318674936697098,-0.03278765310663013,-0.17330616642075927,-0.19672591863978078,0.3333333333333333,0.6666666666666666,0.25,0.3333333333333333,0.4166666666666667,0.0,0.5,1.0,2.0833333333333335,0.56
2,1,0,0,-0.5884197026552035,0.5833333333333334,-0.45005273228663495,1,0,6,5,4,3,2,1,0,6,1,1,0,0,0,0,1,1,1,0,0,0,1,1,0,0,0,0,0,1,0,0,0,0,1,1,0,0,0,0,-0.1894266850330119,-0.3107606679035251,-0.5190311418685121,-0.08884316842794351,-0.33487006582719786,-0.04181476061049551,0.26947290171208216,-0.6370172603573854,-0.03278765310663013,-0.17330616642075927,0.0,0.3333333333333333,0.6666666666666666,0.25,0.3333333333333333,0.4166666666666667,0.0,0.5,1.0,2.0
3,1,0,0,-0.2986747731914691,1.0833333333333333,-0.27638271719072544,2,1,0,6,5,4,3,2,1,0,1,1,1,0,0,0,0,1,1,1,0,0,0,1,1,0,0,0,0,0,0,0,0,0,0,1,1,0,0,0,-0.5884197026552035,-0.21335807050092764,-0.3132890676143271,-0.5190311418685121,-0.08715796233858575,-0.33916416939624133,-0.04181476061049551,0.27166912574064966,-0.6370172603573854,-0.03278765310663013,0.5833333333333334,0.0,0.3333333333333333,0.6666666666666666,0.25,0.3333333333333333,0.4166666666666667,0.0,0.5,0.96
4,1,0,0,-0.1656771006507386,0.0,-0.06010613969251056,3,2,1,0,6,5,4,3,2,1,1,1,1,1,0,0,0,0,1,1,0,0,0,0,1,1,0,0,0,0,0,0,0,0,0,0,1,1,0,0,-0.2986747731914691,-0.6029684601113172,-0.2150939867202843,-0.3132890676143271,-0.5091859905043693,-0.0882756057332683,-0.33916416939624133,-0.04215555399423874,0.27166912574064966,-0.6370172603573854,1.0833333333333333,0.5833333333333334,0.0,0.3333333333333333,0.6666666666666666,0.25,0.3333333333333333,0.4166666666666667,0.0,0.48
5,0,1,0,-0.32242435757374244,0.08333333333333333,-0.07054874421739082,4,3,2,1,0,6,5,4,3,2,1,1,1,1,1,0,0,0,0,1,0,0,0,0,0,1,1,0,0,0,0,0,0,0,0,0,0,1,1,0,-0.1656771006507386,-0.3200371057513915,-0.6078743102964556,-0.2150939867202843,-0.30734649877290765,-0.5157153808627779,-0.0882756057332683,-0.3419283823977142,-0.04215555399423874,0.27166912574064966,0.0,1.0833333333333333,0.5833333333333334,0.0,0.3333333333333333,0.6666666666666666,0.25,0.3333333333333333,0.4166666666666667,0.0
6,0,1,0,-0.33192419132665174,0.5833333333333334,-0.2441631075921112,5,4,3,2,1,0,6,5,4,3,0,1,1,1,1,1,0,0,0,0,1,0,0,0,0,0,1,1,0,0,0,0,0,0,0,0,0,0,1,1,-0.32242435757374244,-0.1901669758812616,-0.3226409800804264,-0.6078743102964556,-0.2110140140828918,-0.31128766232257765,-0.5157153808627779,-0.08899505843228178,-0.3419283823977142,-0.04215555399423874,0.08333333333333333,0.0,1.0833333333333333,0.5833333333333334,0.0,0.3333333333333333,0.6666666666666666,0.25,0.3333333333333333,0.4
0,1,0,0,-0.469671780743837,0.08333333333333333,-0.34130121022726584,6,5,4,3,2,1,0,6,5,4,0,0,1,1,1,1,1,0,0,0,1,1,0,0,0,0,0,1,1,0,0,0,0,0,0,0,0,0,0,1,-0.33192419132665174,-0.3432282003710575,-0.191714205555036,-0.3226409800804264,-0.596343952842955,-0.21371988756475482,-0.31128766232257765,-0.5199184992622778,-0.08899505843228178,-0.3419283823977142,0.5833333333333334,0.08333333333333333,0.0,1.0833333333333333,0.5833333333333334,0.0,0.3333333333333333,0.6666666666666666,0.25,0.32
1,1,0,0,1.287797463544388,-0.16666666666666666,2.1058848502025964,0,6,5,4,3,2,1,0,6,5,1,0,0,1,1,1,1,1,0,0,0,1,1,0,0,0,0,0,1,1,0,0,0,0,0,0,0,0,0,0,-0.469671780743837,-0.3525046382189239,-0.3460207612456747,-0.191714205555036,-0.3165210211243377,-0.6039909865960462,-0.21371988756475482,-0.3138246797348884,-0.5199184992622778,-0.08899505843228178,0.08333333333333333,0.5833333333333334,0.08333333333333333,0.0,1.0833333333333333,0.5833333333333334,0.0,0.3333333333333333,0.6666666666666666,0.24
2,1,0,0,0.7130575214933739,0.5833333333333334,1.0088051362585257,1,0,6,5,4,3,2,1,0,6,1,1,0,0,1,1,1,1,1,0,0,0,1,1,0,0,0,0,0,1,0,0,0,0,0,0,0,0,0,0,1.287797463544388,-0.487012987012987,-0.35537267371177406,-0.3460207612456747,-0.1880777082043166,-0.32057983134713225,-0.6039909865960462,-0.215461720414998,-0.3138246797348884,-0.5199184992622778,-0.16666666666666666,0.08333333333333333,0.5833333333333334,0.08333333333333333,0.0,1.0833333333333333,0.5833333333333334,0.0,0.3333333333333333,0.64
3,0,0,1,0.18106683133045173,0.5833333333333334,0.2815165124434816,2,1,0,6,5,4,3,2,1,0,1,1,1,0,0,1,1,1,1,1,0,0,0,1,1,0,0,0,0,0,0,0,0,0,0,0,0,0,0,0,0.7130575214933739,1.2291280148423005,-0.49097540447021415,-0.35537267371177406,-0.3394573270029129,-0.1904894650033684,-0.32057983134713225,-0.6089135576945596,-0.215461720414998,-0.3138246797348884,0.5833333333333334,-0.16666666666666666,0.08333333333333333,0.5833333333333334,0.08333333333333333,0.0,1.0833333333333333,0.5833333333333334,0.0,0.32
4,1,0,0,1.919536408112858,1.4166666666666667,2.5036299823495853,3,2,1,0,6,5,4,3,2,1,0,1,1,1,0,0,1,1,1,1,0,0,0,0,1,1,0,0,0,0,1,0,0,0,0,0,0,0,0,0,0.18106683133045173,0.6679035250463822,1.2391284017581594,-0.49097540447021415,-0.348631849354343,-0.3438102539085186,-0.1904894650033684,-0.323192580622497,-0.6089135576945596,-0.215461720414998,0.5833333333333334,0.5833333333333334,-0.16666666666666666,0.08333333333333333,0.5833333333333334,0.08333333333333333,0.0,1.0833333333333333,0.5833333333333334,0.0
5,0,1,0,0.07656866004844917,0.25,-0.08046493819921978,4,3,2,1,0,6,5,4,3,2,1,0,1,1,1,0,0,1,1,1,0,0,0,0,0,1,1,0,0,0,0,1,0,0,0,0,0,0,0,0,1.919536408112858,0.14842300556586271,0.6733376975591508,1.2391284017581594,-0.48166242345007915,-0.3531024229330732,-0.3438102539085186,-0.1920419681959765,-0.323192580622497,-0.6089135576945596,1.4166666666666667,0.5833333333333334,0.5833333333333334,-0.16666666666666666,0.08333333333333333,0.5833333333333334,0.08333333333333333,0.0,1.0833333333333333,0.56
6,0,1,0,0.21431624946563438,0.3333333333333333,0.35692368233146043,5,4,3,2,1,0,6,5,4,3,0,1,0,1,1,1,0,0,1,1,1,0,0,0,0,0,1,1,0,0,0,0,1,0,0,0,0,0,0,0,0.07656866004844917,1.8460111317254175,0.14963059945758908,0.6733376975591508,1.2156242115644853,-0.4878388737891143,-0.3531024229330732,-0.34661233284151854,-0.1920419681959765,-0.323192580622497,0.25,1.4166666666666667,0.5833333333333334,0.5833333333333334,-0.16666666666666666,0.08333333333333333,0.5833333333333334,0.08333333333333333,0.0,1.04
0,1,0,0,0.22381608321854368,1.25,0.489878837383846,6,5,4,3,2,1,0,6,5,4,0,0,1,0,1,1,1,0,0,1,1,1,0,0,0,0,0,1,1,0,0,0,0,1,0,0,0,0,0,0,0.21431624946563438,0.0463821892393321,1.861030580753764,0.14963059945758908,0.6605656093029656,1.2312123957534788,-0.4878388737891143,-0.3559802337291271,-0.34661233284151854,-0.1920419681959765,0.3333333333333333,0.25,1.4166666666666667,0.5833333333333334,0.5833333333333334,-0.16666666666666666,0.08333333333333333,0.5833333333333334,0.08333333333333333,0.0
1,1,0,0,0.029069491283902554,0.16666666666666666,0.09537990358567384,0,6,5,4,3,2,1,0,6,5,1,0,0,1,0,1,1,1,0,0,0,1,1,0,0,0,0,0,1,1,0,0,0,0,1,0,0,0,0,0,0.22381608321854368,0.1808905380333952,0.046759562330496586,1.861030580753764,0.14679235762288126,0.6690361697679281,1.2312123957534788,-0.491814796599452,-0.3559802337291271,-0.34661233284151854,1.25,0.3333333333333333,0.25,1.4166666666666667,0.5833333333333334,0.5833333333333334,-0.16666666666666666,0.08333333333333333,0.5833333333333334,0.08
2,1,0,0,0.37581342326509287,0.8333333333333334,0.33060832501091747,1,0,6,5,4,3,2,1,0,6,1,1,0,0,1,0,1,1,1,0,0,0,1,1,0,0,0,0,0,1,0,0,0,0,0,1,0,0,0,0,0.029069491283902554,0.1901669758812616,0.18236229308893667,0.046759562330496586,1.8257299479345857,0.14867470439287292,0.6690361697679281,1.2412468676081407,-0.491814796599452,-0.3559802337291271,0.16666666666666666,1.25,0.3333333333333333,0.25,1.4166666666666667,0.5833333333333334,0.5833333333333334,-0.16666666666666666,0.08333333333333333,0.56
3,1,0,0,1.4065453854557546,0.08333333333333333,1.1636902625909737,2,1,0,6,5,4,3,2,1,0,1,1,1,0,0,1,0,1,1,1,0,0,0,1,1,0,0,0,0,0,0,0,0,0,0,0,1,0,0,0,0.37581342326509287,0.0,0.191714205555036,0.18236229308893667,0.04587261175715039,1.8491416358863568,0.14867470439287292,0.6744888639078198,1.2412468676081407,-0.491814796599452,0.8333333333333334,0.16666666666666666,1.25,0.3333333333333333,0.25,1.4166666666666667,0.5833333333333334,0.5833333333333334,-0.16666666666666666,0.08
4,1,0,0,1.1358001234978388,-0.25,0.5664841918701046,3,2,1,0,6,5,4,3,2,1,1,1,1,1,0,0,1,0,1,1,0,0,0,0,1,1,0,0,0,0,0,0,0,0,0,0,0,1,0,0,1.4065453854557546,0.3385899814471243,0.0,0.191714205555036,0.17890318585288653,0.046460845122772786,1.8491416358863568,0.14988641420173773,0.6744888639078198,1.2412468676081407,0.08333333333333333,0.8333333333333334,0.16666666666666666,1.25,0.3333333333333333,0.25,1.4166666666666667,0.5833333333333334,0.5833333333333334,-0.16
5,0,1,0,1.6202916448962144,0.5833333333333334,1.603747276714955,4,3,2,1,0,6,5,4,3,2,1,1,1,1,1,0,0,1,0,1,0,0,0,0,0,1,1,0,0,0,0,0,0,0,0,0,0,0,1,0,1.1358001234978388,1.3450834879406308,0.34134480501262504,0.0,0.1880777082043166,0.18119729597881387,0.046460845122772786,1.8642122766341132,0.14988641420173773,0.6744888639078198,-0.25,0.08333333333333333,0.8333333333333334,0.16666666666666666,1.25,0.3333333333333333,0.25,1.4166666666666667,0.5833333333333334,0.56
6,0,1,0,1.159549707880112,0.5833333333333334,0.9760530339615389,5,4,3,2,1,0,6,5,4,3,0,1,1,1,1,1,0,0,1,0,1,0,0,0,0,0,1,1,0,0,0,0,0,0,0,0,0,0,0,1,1.6202916448962144,1.0807050092764379,1.356027307584401,0.34134480501262504,0.0,0.1904894650033684,0.18119729597881387,0.04683950443804304,1.8642122766341132,0.14988641420173773,0.5833333333333334,-0.25,0.08333333333333333,0.8333333333333334,0.16666666666666666,1.25,0.3333333333333333,0.25,1.4166666666666667,0.56
0,1,0,0,1.0170522015864722,0.8333333333333334,1.0560158902389922,6,5,4,3,2,1,0,6,5,4,0,0,1,1,1,1,1,0,0,1,1,1,0,0,0,0,0,1,1,0,0,0,0,0,0,0,0,0,0,0,1.159549707880112,1.5538033395176252,1.0894978023005704,1.356027307584401,0.33487006582719786,0.0,0.1904894650033684,0.18267406730836788,0.04683950443804304,1.8642122766341132,0.5833333333333334,0.5833333333333334,-0.25,0.08333333333333333,0.8333333333333334,0.16666666666666666,1.25,0.3333333333333333,0.25,1.36
1,1,0,0,0.684558020234646,0.25,0.8374127362765288,0,6,5,4,3,2,1,0,6,5,1,0,0,1,1,1,1,1,0,0,0,1,1,0,0,0,0,0,1,1,0,0,0,0,0,0,0,0,0,0,1.0170522015864722,1.103896103896104,1.5664453380716354,1.0894978023005704,1.3303057409573613,0.33916416939624133,0.0,0.1920419681959765,0.18267406730836788,0.04683950443804304,0.8333333333333334,0.5833333333333334,0.5833333333333334,-0.25,0.08333333333333333,0.8333333333333334,0.16666666666666666,1.25,0.3333333333333333,0.24
2,1,0,0,1.848287654966038,0.8333333333333334,1.900935830828499,1,0,6,5,4,3,2,1,0,6,1,1,0,0,1,1,1,1,1,0,0,0,1,1,0,0,0,0,0,1,0,0,0,0,0,0,0,0,0,0,0.684558020234646,0.9647495361781077,1.1128775834658187,1.5664453380716354,1.0688318539416042,1.347364508560411,0.33916416939624133,0.0,0.1920419681959765,0.18267406730836788,0.25,0.8333333333333334,0.5833333333333334,0.5833333333333334,-0.25,0.08333333333333333,0.8333333333333334,0.16666666666666666,1.25,0.32
3,1,0,0,0.6893079371111006,0.8333333333333334,0.8408047542991715,2,1,0,6,5,4,3,2,1,0,1,1,1,0,0,1,1,1,1,1,0,0,0,1,1,0,0,0,0,0,0,0,0,0,0,0,0,0,0,0,1.848287654966038,0.640074211502783,0.972598896474329,1.1128775834658187,1.5367324938645381,1.082537691360606,1.347364508560411,0.3419283823977142,0.0,0.1920419681959765,0.8333333333333334,0.25,0.8333333333333334,0.5833333333333334,0.5833333333333334,-0.25,0.08333333333333333,0.8333333333333334,0.16666666666666666,1.2
4,1,0,0,0.4850615114235501,0.3333333333333333,0.2521766513355805,3,2,1,0,6,5,4,3,2,1,1,1,1,1,0,0,1,1,1,1,0,0,0,0,1,1,0,0,0,0,0,0,0,0,0,0,0,0,0,0,0.6893079371111006,1.7764378478664193,0.6452819601608528,0.972598896474329,1.0917681598201794,1.5564383116128884,1.082537691360606,1.3583456287032483,0.3419283823977142,0.0,0.8333333333333334,0.8333333333333334,0.25,0.8333333333333334,0.5833333333333334,0.5833333333333334,-0.25,0.08333333333333333,0.8333333333333334,0.16
5,0,1,0,0.2808150857359996,1.1666666666666667,0.3048032605218246,4,3,2,1,0,6,5,4,3,2,1,1,1,1,1,0,0,1,1,1,0,0,0,0,0,1,1,0,0,0,0,0,0,0,0,0,0,0,0,0,0.4850615114235501,0.6447124304267161,1.7908912372580192,0.6452819601608528,0.9541503245487282,1.1057681139219924,1.5564383116128884,1.091360453406403,1.3583456287032483,0.3419283823977142,0.3333333333333333,0.8333333333333334,0.8333333333333334,0.25,0.8333333333333334,0.5833333333333334,0.5833333333333334,-0.25,0.08333333333333333,0.8
6,0,1,0,0.2855650026124543,0.5833333333333334,0.41380323862606544,5,4,3,2,1,0,6,5,4,3,0,1,1,1,1,1,0,0,1,1,1,0,0,0,0,0,1,1,0,0,0,0,0,0,0,0,0,0,0,0,0.2808150857359996,0.4452690166975881,0.6499579163939025,1.7908912372580192,0.6330420422486754,0.9663855785536739,1.1057681139219924,1.569123398674442,1.091360453406403,1.3583456287032483,1.1666666666666667,0.3333333333333333,0.8333333333333334,0.8333333333333334,0.25,0.8333333333333334,0.5833333333333334,0.5833333333333334,-0.25,0.08
0,1,0,0,0.907804113428015,0.9166666666666666,1.2668060595297035,6,5,4,3,2,1,0,6,5,4,0,0,1,1,1,1,1,0,0,1,1,1,0,0,0,0,0,1,1,0,0,0,0,0,0,0,0,0,0,0,0.2855650026124543,0.24582560296846012,0.4488917983727672,0.6499579163939025,1.75692103029886,0.6411596626942645,0.9663855785536739,1.1147802056254246,1.569123398674442,1.091360453406403,0.5833333333333334,1.1666666666666667,0.3333333333333333,0.8333333333333334,0.8333333333333334,0.25,0.8333333333333334,0.5833333333333334,0.5833333333333334,-0.24
1,1,0,0,0.47081176079418613,-0.08333333333333333,0.6184735432325682,0,6,5,4,3,2,1,0,6,5,1,0,0,1,1,1,1,1,0,0,0,1,1,0,0,0,0,0,1,1,0,0,0,0,0,0,0,0,0,0,0.907804113428015,0.2504638218923933,0.24782568035163188,0.4488917983727672,0.6376293034243905,1.7794503682021978,0.6411596626942645,0.9742616923112953,1.1147802056254246,1.569123398674442,0.9166666666666666,0.5833333333333334,1.1666666666666667,0.3333333333333333,0.8333333333333334,0.8333333333333334,0.25,0.8333333333333334,0.5833333333333334,0.56
2,1,0,0,3.36826105543153,0.4166666666666667,4.49043246557196,1,0,6,5,4,3,2,1,0,6,1,1,0,0,1,1,1,1,1,0,0,0,1,1,0,0,0,0,0,1,0,0,0,0,0,0,0,0,0,0,0.47081176079418613,0.8580705009276438,0.25250163658468155,0.24782568035163188,0.44037707286864375,0.6458057472065417,1.7794503682021978,0.646385161244994,0.9742616923112953,1.1147802056254246,-0.08333333333333333,0.9166666666666666,0.5833333333333334,1.1666666666666667,0.3333333333333333,0.8333333333333334,0.8333333333333334,0.25,0.8333333333333334,0.56
3,1,0,0,2.8885194509096093,0.0,2.5531948345471287,2,1,0,6,5,4,3,2,1,0,1,1,1,0,0,1,1,1,1,1,0,0,0,1,1,0,0,0,0,0,0,0,0,0,0,0,0,0,0,0,3.36826105543153,0.4313543599257885,0.8650519031141868,0.25250163658468155,0.24312484231289708,0.44602411317861873,0.6458057472065417,1.7939530199770486,0.646385161244994,0.9742616923112953,0.4166666666666667,-0.08333333333333333,0.9166666666666666,0.5833333333333334,1.1666666666666667,0.3333333333333333,0.8333333333333334,0.8333333333333334,0.25,0.8
4,1,0,0,2.541775518928419,-0.3333333333333333,2.8983728105761384,3,2,1,0,6,5,4,3,2,1,1,1,1,1,0,0,1,1,1,1,0,0,0,0,1,1,0,0,0,0,0,0,0,0,0,0,0,0,0,0,2.8885194509096093,3.2606679035250465,0.43486392967361825,0.8650519031141868,0.2477121034886121,0.24624247915069578,0.44602411317861873,0.6510691116887983,1.7939530199770486,0.646385161244994,0.0,0.4166666666666667,-0.08333333333333333,0.9166666666666666,0.5833333333333334,1.1666666666666667,0.3333333333333333,0.8333333333333334,0.8333333333333334,0.24
5,0,1,0,0.38531325701800223,0.08333333333333333,0.5810219115727602,4,3,2,1,0,6,5,4,3,2,1,1,1,1,1,0,0,1,1,1,0,0,0,0,0,1,1,0,0,0,0,0,0,0,0,0,0,0,0,0,2.541775518928419,2.792207792207792,3.2871972318339098,0.43486392967361825,0.8486433175072823,0.2508885636629731,0.24624247915069578,0.4496592426052132,0.6510691116887983,1.7939530199770486,-0.3333333333333333,0.0,0.4166666666666667,-0.08333333333333333,0.9166666666666666,0.5833333333333334,1.1666666666666667,0.3333333333333333,0.8333333333333334,0.8
6,0,1,0,0.12406782881299579,0.5,0.3013619770410801,5,4,3,2,1,0,6,5,4,3,0,1,1,1,1,1,0,0,1,1,1,0,0,0,0,0,1,1,0,0,0,0,0,0,0,0,0,0,0,0,0.38531325701800223,2.453617810760668,2.8149256522958943,3.2871972318339098,0.42661528934149867,0.8595256347712965,0.2508885636629731,0.24824937352162812,0.4496592426052132,0.6510691116887983,0.08333333333333333,-0.3333333333333333,0.0,0.4166666666666667,-0.08333333333333333,0.9166666666666666,0.5833333333333334,1.1666666666666667,0.3333333333333333,0.8
0,1,0,0,0.2998147532418183,0.4166666666666667,0.6890511776877348,6,5,4,3,2,1,0,6,5,4,0,0,1,1,1,1,1,0,0,1,1,1,0,0,0,0,0,1,1,0,0,0,0,0,0,0,0,0,0,0,0.12406782881299579,0.34786641929499074,2.4735808472832694,2.8149256522958943,3.2248446065276726,0.4320858596417869,0.8595256347712965,0.25293332396543244,0.24824937352162812,0.4496592426052132,0.5,0.08333333333333333,-0.3333333333333333,0.0,0.4166666666666667,-0.08333333333333333,0.9166666666666666,0.5833333333333334,1.1666666666666667,0.32
1,1,0,0,-0.469671780743837,-0.3333333333333333,-0.4017728874545815,0,6,5,4,3,2,1,0,6,5,1,0,0,1,1,1,1,1,0,0,0,1,1,0,0,0,0,0,1,1,0,0,0,0,0,0,0,0,0,0,0.2998147532418183,0.0927643784786642,0.3506967174787244,2.4735808472832694,2.761531227780454,3.2661974121309267,0.4320858596417869,0.8665308321037963,0.25293332396543244,0.24824937352162812,0.4166666666666667,0.5,0.08333333333333333,-0.3333333333333333,0.0,0.4166666666666667,-0.08333333333333333,0.9166666666666666,0.5833333333333334,1.12
2,1,0,0,0.9885527003277442,0.3333333333333333,1.0747820763748408,1,0,6,5,4,3,2,1,0,6,1,1,0,0,1,1,1,1,1,0,0,0,1,1,0,0,0,0,0,1,0,0,0,0,0,0,0,0,0,0,-0.469671780743837,0.26437847866419295,0.09351912466099317,0.3506967174787244,2.426661161953256,2.7969428763909217,3.2661974121309267,0.4356073912738003,0.8665308321037963,0.25293332396543244,-0.3333333333333333,0.4166666666666667,0.5,0.08333333333333333,-0.3333333333333333,0.0,0.4166666666666667,-0.08333333333333333,0.9166666666666666,0.56
3,1,0,0,0.39481309077091153,-0.08333333333333333,0.42255515602553045,2,1,0,6,5,4,3,2,1,0,1,1,1,0,0,1,1,1,1,1,0,0,0,1,1,0,0,0,0,0,0,0,0,0,0,0,0,0,0,0,0.9885527003277442,-0.487012987012987,0.2665295052838305,0.09351912466099317,0.34404458817862793,2.4577787069946804,2.7969428763909217,3.292817161994426,0.4356073912738003,0.8665308321037963,0.3333333333333333,-0.3333333333333333,0.4166666666666667,0.5,0.08333333333333333,-0.3333333333333333,0.0,0.4166666666666667,-0.08333333333333333,0.88
4,1,0,0,1.9147864912364034,1.0833333333333333,1.9697783784244054,3,2,1,0,6,5,4,3,2,1,1,1,1,1,0,0,1,1,1,1,0,0,0,0,1,1,0,0,0,0,0,0,0,0,0,0,0,0,0,0,0.39481309077091153,0.9369202226345084,-0.49097540447021415,0.2665295052838305,0.09174522351430078,0.3484563384207959,2.4577787069946804,2.819738167170191,3.292817161994426,0.4356073912738003,-0.08333333333333333,0.3333333333333333,-0.3333333333333333,0.4166666666666667,0.5,0.08333333333333333,-0.3333333333333333,0.0,0.4166666666666667,-0.08
5,0,1,0,1.4207951360851185,1.0833333333333333,0.9772246091302883,4,3,2,1,0,6,5,4,3,2,1,1,1,1,1,0,0,1,1,1,0,0,0,0,0,1,1,0,0,0,0,0,0,0,0,0,0,0,0,0,1.9147864912364034,0.35714285714285715,0.944543159076031,-0.49097540447021415,0.26147388701575724,0.09292169024554557,0.3484563384207959,2.477809784772477,2.819738167170191,3.292817161994426,1.0833333333333333,-0.08333333333333333,0.3333333333333333,-0.3333333333333333,0.4166666666666667,0.5,0.08333333333333333,-0.3333333333333333,0.0,0.4
6,0,1,0,0.993302617204199,-0.25,0.8057935874620017,5,4,3,2,1,0,6,5,4,3,0,1,1,1,1,1,0,0,1,1,1,0,0,0,0,0,1,1,0,0,0,0,0,0,0,0,0,0,0,0,1.4207951360851185,1.8413729128014842,0.3600486299448237,0.944543159076031,-0.48166242345007915,0.2648268171998049,0.09292169024554557,0.3512962832853228,2.477809784772477,2.819738167170191,1.0833333333333333,1.0833333333333333,-0.08333333333333333,0.3333333333333333,-0.3333333333333333,0.4166666666666667,0.5,0.08333333333333333,-0.3333333333333333,0.0
0,0,0,1,0.47081176079418613,1.3333333333333333,0.8635562727092474,6,5,4,3,2,1,0,6,5,4,0,0,1,1,1,1,1,0,0,1,1,1,0,0,0,0,0,1,1,0,0,0,0,0,0,0,0,0,0,0,0.993302617204199,1.3589981447124304,1.8563546245207143,0.3600486299448237,0.9266267574944379,-0.4878388737891143,0.2648268171998049,0.09367900887608609,0.3512962832853228,2.477809784772477,-0.25,1.0833333333333333,1.0833333333333333,-0.08333333333333333,0.3333333333333333,-0.3333333333333333,0.4166666666666667,0.5,0.08333333333333333,-0.32
1,1,0,0,2.6890229420985134,1.25,2.9307607438232672,0,6,5,4,3,2,1,0,6,5,0,0,0,1,1,1,1,1,0,0,0,1,1,0,0,0,0,0,1,1,1,0,0,0,0,0,0,0,0,0,0.47081176079418613,0.9415584415584416,1.37005517628355,1.8563546245207143,0.353219110530058,0.9385090714800103,-0.4878388737891143,0.26698517529684535,0.09367900887608609,0.3512962832853228,1.3333333333333333,-0.25,1.0833333333333333,1.0833333333333333,-0.08333333333333333,0.3333333333333333,-0.3333333333333333,0.4166666666666667,0.5,0.08
2,1,0,0,0.247565667600817,0.8333333333333334,0.42086021139139035,1,0,6,5,4,3,2,1,0,6,1,0,0,0,1,1,1,1,1,0,0,0,1,1,0,0,0,0,0,1,0,1,0,0,0,0,0,0,0,0,2.6890229420985134,0.4313543599257885,0.9492191153090807,1.37005517628355,1.8211426867588705,0.35774850744535047,0.9385090714800103,-0.491814796599452,0.26698517529684535,0.09367900887608609,1.25,1.3333333333333333,-0.25,1.0833333333333333,1.0833333333333333,-0.08333333333333333,0.3333333333333333,-0.3333333333333333,0.4166666666666667,0.48
3,1,0,0,1.3970455517028453,0.6666666666666666,1.3754873326951125,2,1,0,6,5,4,3,2,1,0,1,1,0,0,0,1,1,1,1,1,0,0,0,1,1,0,0,0,0,0,0,0,1,0,0,0,0,0,0,0,0.247565667600817,2.5974025974025974,0.43486392967361825,0.9492191153090807,1.3440675244845064,1.8444955513740797,0.35774850744535047,0.9461579896484695,-0.491814796599452,0.26698517529684535,0.8333333333333334,1.25,1.3333333333333333,-0.25,1.0833333333333333,1.0833333333333333,-0.08333333333333333,0.3333333333333333,-0.3333333333333333,0.4
4,1,0,0,1.5062936398613025,0.25,1.2896206803012369,3,2,1,0,6,5,4,3,2,1,1,1,1,0,0,0,1,1,1,1,0,0,0,0,1,1,0,0,0,0,0,0,0,1,0,0,0,0,0,0,1.3970455517028453,0.21335807050092764,2.6185354905078086,0.43486392967361825,0.931214018670153,1.3613027620972427,1.8444955513740797,0.36066418417293145,0.9461579896484695,-0.491814796599452,0.6666666666666666,0.8333333333333334,1.25,1.3333333333333333,-0.25,1.0833333333333333,1.0833333333333333,-0.08333333333333333,0.3333333333333333,-0.32
5,0,1,0,1.5727924761316676,-0.5833333333333334,1.0555718929005433,4,3,2,1,0,6,5,4,3,2,1,1,1,1,0,0,0,1,1,1,0,0,0,0,0,1,1,0,0,0,0,0,0,0,1,0,0,0,0,0,1.5062936398613025,1.3358070500927643,0.2150939867202843,2.6185354905078086,0.42661528934149867,0.9431551559922876,1.3613027620972427,1.8595283261903088,0.36066418417293145,0.9461579896484695,0.25,0.6666666666666666,0.8333333333333334,1.25,1.3333333333333333,-0.25,1.0833333333333333,1.0833333333333333,-0.08333333333333333,0.32
6,0,1,0,3.278012634778891,0.16666666666666666,2.531963854967357,5,4,3,2,1,0,6,5,4,3,0,1,1,1,1,0,0,0,1,1,1,0,0,0,0,0,1,1,0,0,0,0,0,0,0,1,0,0,0,0,1.5727924761316676,1.4424860853432282,1.3466753951183017,0.2150939867202843,2.568866258400422,0.4320858596417869,0.9431551559922876,1.3723974800346612,1.8595283261903088,0.36066418417293145,-0.5833333333333334,0.25,0.6666666666666666,0.8333333333333334,1.25,1.3333333333333333,-0.25,1.0833333333333333,1.0833333333333333,-0.08
0,1,0,0,4.859734954638294,-0.5,5.249442114303162,6,5,4,3,2,1,0,6,5,4,0,0,1,1,1,1,0,0,0,1,1,1,0,0,0,0,0,1,1,0,0,0,0,0,0,0,1,0,0,0,3.278012634778891,1.5074211502782933,1.4542223884784438,1.3466753951183017,0.2110140140828918,2.601807326875276,0.4320858596417869,0.9508419400922739,1.3723974800346612,1.8595283261903088,0.16666666666666666,-0.5833333333333334,0.25,0.6666666666666666,0.8333333333333334,1.25,1.3333333333333333,-0.25,1.0833333333333333,1.04
1,1,0,0,3.829002992447632,0.8333333333333334,3.077937498555488,0,6,5,4,3,2,1,0,6,5,1,0,0,1,1,1,1,0,0,0,0,1,1,0,0,0,0,0,1,1,0,0,0,0,0,0,0,1,0,0,4.859734954638294,3.1725417439703154,1.519685775741139,1.4542223884784438,1.3211312186059312,0.21371988756475482,2.601807326875276,0.4356073912738003,0.9508419400922739,1.3723974800346612,-0.5,0.16666666666666666,-0.5833333333333334,0.25,0.6666666666666666,0.8333333333333334,1.25,1.3333333333333333,-0.25,1.04
2,1,0,0,2.59402460456942,1.1666666666666667,2.821944902971376,1,0,6,5,4,3,2,1,0,6,1,1,0,0,1,1,1,1,0,0,0,0,1,1,0,0,0,0,0,1,0,0,0,0,0,0,0,0,1,0,3.829002992447632,4.717068645640074,3.1983540634059664,1.519685775741139,1.4266382256473773,1.3380723395358562,0.21371988756475482,2.6230122485304106,0.4356073912738003,0.9508419400922739,0.8333333333333334,-0.5,0.16666666666666666,-0.5833333333333334,0.25,0.6666666666666666,0.8333333333333334,1.25,1.3333333333333333,-0.24
3,1,0,0,2.9977675390680663,1.5,2.5220783758699,2,1,0,6,5,4,3,2,1,0,1,1,1,0,0,1,1,1,1,0,0,0,0,1,1,0,0,0,0,0,0,0,0,0,0,0,0,0,0,1,2.59402460456942,3.710575139146568,4.755447489011503,3.1983540634059664,1.4908598821073877,1.4449322833182336,1.3380723395358562,0.215461720414998,2.6230122485304106,0.4356073912738003,1.1666666666666667,0.8333333333333334,-0.5,0.16666666666666666,-0.5833333333333334,0.25,0.6666666666666666,0.8333333333333334,1.25,1.28
4,1,0,0,0.5753099320761886,0.6666666666666666,0.37798208075399264,3,2,1,0,6,5,4,3,2,1,1,1,1,1,0,0,1,1,1,1,0,0,0,0,1,1,0,0,0,0,0,0,0,0,0,0,0,0,0,0,2.9977675390680663,2.504638218923933,3.7407649864397268,4.755447489011503,3.137686644189087,1.5099774664901155,1.4449322833182336,1.3489777278156396,0.215461720414998,2.6230122485304106,1.5,1.1666666666666667,0.8333333333333334,-0.5,0.16666666666666666,-0.5833333333333334,0.25,0.6666666666666666,0.8333333333333334,1.2
5,0,1,0,0.30931458699472764,1.6666666666666667,0.493322249618953,4,3,2,1,0,6,5,4,3,2,1,1,1,1,1,0,0,1,1,1,0,0,0,0,0,1,1,0,0,0,0,0,0,0,0,0,0,0,0,0,0.5753099320761886,2.898886827458256,2.5250163658468154,3.7407649864397268,4.6652446157021945,3.1779218063976584,1.5099774664901155,1.4567085880231387,1.3489777278156396,0.215461720414998,0.6666666666666666,1.5,1.1666666666666667,0.8333333333333334,-0.5,0.16666666666666666,-0.5833333333333334,0.25,0.6666666666666666,0.8
6,0,1,0,0.4470621764119128,1.5833333333333333,0.42195332675649605,5,4,3,2,1,0,6,5,4,3,0,1,1,1,1,1,0,0,1,1,1,0,0,0,0,0,1,1,0,0,0,0,0,0,0,0,0,0,0,0,0.30931458699472764,0.5333951762523191,2.9224726456560366,2.5250163658468154,3.6698089405720316,4.725067948985992,3.1779218063976584,1.522283894236399,1.4567085880231387,1.3489777278156396,1.6666666666666667,0.6666666666666666,1.5,1.1666666666666667,0.8333333333333334,-0.5,0.16666666666666666,-0.5833333333333334,0.25,0.64
0,1,0,0,0.46131192704127677,1.5,0.7046742580074616,6,5,4,3,2,1,0,6,5,4,0,0,1,1,1,1,1,0,0,1,1,1,0,0,0,0,0,1,1,0,0,0,0,0,0,0,0,0,0,0,0.4470621764119128,0.27365491651205937,0.5377349668007108,2.9224726456560366,2.477121034886121,3.716867609821823,4.725067948985992,3.2038221035621444,1.522283894236399,1.4567085880231387,1.5833333333333333,1.6666666666666667,0.6666666666666666,1.5,1.1666666666666667,0.8333333333333334,-0.5,0.16666666666666666,-0.5833333333333334,0.24
1,1,0,0,0.19056666508336106,1.0,0.28977851223182255,0,6,5,4,3,2,1,0,6,5,1,0,0,1,1,1,1,1,0,0,0,1,1,0,0,0,0,0,1,1,0,0,0,0,0,0,0,0,0,0,0.46131192704127677,0.40816326530612246,0.27588141774992986,0.5377349668007108,2.8670382348218997,2.5088856366297305,3.716867609821823,4.7635776013489775,3.2038221035621444,1.522283894236399,1.5,1.5833333333333333,1.6666666666666667,0.6666666666666666,1.5,1.1666666666666667,0.8333333333333334,-0.5,0.16666666666666666,-0.56
2,1,0,0,0.570560015199734,1.1666666666666667,0.8680220952538509,1,0,6,5,4,3,2,1,0,6,1,1,0,0,1,1,1,1,1,0,0,0,1,1,0,0,0,0,0,1,0,0,0,0,0,0,0,0,0,0,0.19056666508336106,0.4220779220779221,0.41148414850836995,0.27588141774992986,0.5275350352072296,2.9038028201732993,2.5088856366297305,3.7471603550434436,4.7635776013489775,3.2038221035621444,1.0,1.5,1.5833333333333333,1.6666666666666667,0.6666666666666666,1.5,1.1666666666666667,0.8333333333333334,-0.5,0.16
3,1,0,0,1.007552367833563,0.5,1.1405776162087007,2,1,0,6,5,4,3,2,1,0,1,1,1,0,0,1,1,1,1,1,0,0,0,1,1,0,0,0,0,0,0,0,0,0,0,0,0,0,0,0,0.570560015199734,0.15769944341372913,0.4255120172075189,0.41148414850836995,0.2706484093671873,0.534299718911887,2.9038028201732993,2.529333239654324,3.7471603550434436,4.7635776013489775,1.1666666666666667,1.0,1.5,1.5833333333333333,1.6666666666666667,0.6666666666666666,1.5,1.1666666666666667,0.8333333333333334,-0.48
4,1,0,0,2.185531753194319,1.0833333333333333,1.4749538364411119,3,2,1,0,6,5,4,3,2,1,1,1,1,1,0,0,1,1,1,1,0,0,0,0,1,1,0,0,0,0,0,0,0,0,0,0,0,0,0,0,1.007552367833563,0.5287569573283859,0.1589825119236884,0.4255120172075189,0.40367898346292347,0.27411898622435943,0.534299718911887,2.92746902737769,2.529333239654324,3.7471603550434436,0.5,1.1666666666666667,1.0,1.5,1.5833333333333333,1.6666666666666667,0.6666666666666666,1.5,1.1666666666666667,0.8
5,0,1,0,0.10506816130717715,-0.25,-0.0003766374682663546,4,3,2,1,0,6,5,4,3,2,1,1,1,1,1,0,0,1,1,1,0,0,0,0,0,1,1,0,0,0,0,0,0,0,0,0,0,0,0,0,2.185531753194319,0.9554730983302412,0.533059010567661,0.1589825119236884,0.41744076699006855,0.4088554370804005,0.27411898622435943,0.538654301037495,2.92746902737769,2.529333239654324,1.0833333333333333,0.5,1.1666666666666667,1.0,1.5,1.5833333333333333,1.6666666666666667,0.6666666666666666,1.5,1.12
6,0,1,0,0.46131192704127677,1.5,0.7046742580074616,5,4,3,2,1,0,6,5,4,3,0,1,1,1,1,1,0,0,1,1,1,0,0,0,0,0,1,1,0,0,0,0,0,0,0,0,0,0,0,0,0.10506816130717715,2.1057513914656774,0.9632469840082296,0.533059010567661,0.15596687997431133,0.4227936906172324,0.4088554370804005,0.276353076184454,0.538654301037495,2.92746902737769,-0.25,1.0833333333333333,0.5,1.1666666666666667,1.0,1.5,1.5833333333333333,1.6666666666666667,0.6666666666666666,1.44
0,0,0,1,1.0503016197216548,0.6666666666666666,1.115043815846934,6,5,4,3,2,1,0,6,5,4,0,0,1,1,1,1,1,0,0,1,1,1,0,0,0,0,0,1,1,0,0,0,0,0,0,0,0,0,0,0,0.46131192704127677,0.07421150278293136,2.122884129804545,0.9632469840082296,0.5229477740315145,0.15796687341742746,0.4227936906172324,0.4121876390547788,0.276353076184454,0.538654301037495,1.5,-0.25,1.0833333333333333,0.5,1.1666666666666667,1.0,1.5,1.5833333333333333,1.6666666666666667,0.64
1,1,0,0,3.183014297249798,1.1666666666666667,2.814447582160795,0,6,5,4,3,2,1,0,6,5,0,0,0,1,1,1,1,1,0,0,0,1,1,0,0,0,0,0,1,1,1,0,0,0,0,0,0,0,0,0,1.0503016197216548,0.4220779220779221,0.07481529972879454,2.122884129804545,0.944975802197298,0.5296536343996098,0.15796687341742746,0.4262394903861917,0.4121876390547788,0.276353076184454,0.6666666666666666,1.5,-0.25,1.0833333333333333,0.5,1.1666666666666667,1.0,1.5,1.5833333333333333,1.6
2,1,0,0,0.9553032821925617,1.25,0.9747636170334409,1,0,6,5,4,3,2,1,0,6,1,0,0,0,1,1,1,1,1,0,0,0,1,1,0,0,0,0,0,1,0,1,0,0,0,0,0,0,0,0,3.183014297249798,0.9972170686456401,0.4255120172075189,0.07481529972879454,2.0826165737746276,0.9570934095291194,0.5296536343996098,0.15925431508934634,0.4262394903861917,0.4121876390547788,1.1666666666666667,0.6666666666666666,1.5,-0.25,1.0833333333333333,0.5,1.1666666666666667,1.0,1.5,1.52
3,1,0,0,-0.9779128865244858,-1.9166666666666667,-0.8817531691070302,2,1,0,6,5,4,3,2,1,0,1,1,0,0,0,1,1,1,1,1,0,0,0,1,1,0,0,0,0,0,0,0,1,0,0,0,0,0,0,0,0.9553032821925617,3.079777365491651,1.0053305901056766,0.4255120172075189,0.07339617881144063,2.1093223685738844,0.9570934095291194,0.5339703505936907,0.15925431508934634,0.4262394903861917,1.25,1.1666666666666667,0.6666666666666666,1.5,-0.25,1.0833333333333333,0.5,1.1666666666666667,1.0,1.44
4,1,0,0,-1.0111623046596685,-1.9166666666666667,-0.8904828866395726,3,2,1,0,6,5,4,3,2,1,1,1,1,0,0,0,1,1,1,1,0,0,0,0,1,1,0,0,0,0,0,0,0,1,0,0,0,0,0,0,-0.9779128865244858,0.9044526901669759,3.104834938744973,1.0053305901056766,0.41744076699006855,0.07433735219643646,2.1093223685738844,0.9648937914236867,0.5339703505936907,0.15925431508934634,-1.9166666666666667,1.25,1.1666666666666667,0.6666666666666666,1.5,-0.25,1.0833333333333333,0.5,1.1666666666666667,0.96
5,0,1,0,-0.792666128342754,-1.3333333333333333,-0.6612091993815664,4,3,2,1,0,6,5,4,3,2,1,1,1,1,0,0,0,1,1,1,0,0,0,0,0,1,1,0,0,0,0,0,0,0,1,0,0,0,0,0,-1.0111623046596685,-0.9833024118738405,0.9118114654446834,3.104834938744973,0.9862611527787334,0.4227936906172324,0.07433735219643646,2.126513501487154,0.9648937914236867,0.5339703505936907,-1.9166666666666667,-1.9166666666666667,1.25,1.1666666666666667,0.6666666666666666,1.5,-0.25,1.0833333333333333,0.5,1.12
6,0,1,0,2.3327791763644137,-0.25,2.8396301380527613,5,4,3,2,1,0,6,5,4,3,0,1,1,1,1,0,0,0,1,1,1,0,0,0,0,0,1,1,0,0,0,0,0,0,0,1,0,0,0,0,-0.792666128342754,-1.015769944341373,-0.9913027214065275,0.9118114654446834,3.045941420674786,0.9989081701396149,0.4227936906172324,0.07494320710086887,2.126513501487154,0.9648937914236867,-1.3333333333333333,-1.9166666666666667,-1.9166666666666667,1.25,1.1666666666666667,0.6666666666666666,1.5,-0.25,1.0833333333333333,0.48
0,0,0,1,-0.17517693440364793,-0.75,-0.03659815321435827,6,5,4,3,2,1,0,6,5,4,0,0,1,1,1,1,0,0,0,1,1,1,0,0,0,0,0,1,1,0,0,0,0,0,0,0,1,0,0,0,2.3327791763644137,-0.8024118738404453,-1.0240344150378753,-0.9913027214065275,0.8945159292644327,3.0850001161521132,0.9989081701396149,0.4262394903861917,0.07494320710086887,2.126513501487154,-0.25,-1.3333333333333333,-1.9166666666666667,-1.9166666666666667,1.25,1.1666666666666667,0.6666666666666666,1.5,-0.25,1.04
1,1,0,0,-0.9606706882629554,-1.3333333333333333,-0.8319339307631767,0,6,5,4,3,2,1,0,6,5,0,0,0,1,1,1,1,0,0,0,0,1,1,0,0,0,0,0,1,1,1,0,0,0,0,0,0,1,0,0,-0.17517693440364793,2.249536178107607,-0.8089404283175909,-1.0240344150378753,-0.9724993692515883,0.9059864798940693,3.0850001161521132,1.0070493454179255,0.4262394903861917,0.07494320710086887,-0.75,-0.25,-1.3333333333333333,-1.9166666666666667,-1.9166666666666667,1.25,1.1666666666666667,0.6666666666666666,1.5,-0.24
2,1,0,0,-0.5331306702132712,-0.3333333333333333,-0.3460437708389847,1,0,6,5,4,3,2,1,0,6,1,0,0,0,1,1,1,1,0,0,0,0,1,1,0,0,0,0,0,1,0,1,0,0,0,0,0,0,1,0,-0.9606706882629554,-0.19944341372912802,2.267838773029084,-0.8089404283175909,-1.0046101974815935,-0.9849699166027831,0.9059864798940693,3.110143094686058,1.0070493454179255,0.4262394903861917,-1.3333333333333333,-0.75,-0.25,-1.3333333333333333,-1.9166666666666667,-1.9166666666666667,1.25,1.1666666666666667,0.6666666666666666,1.44
3,1,0,0,-0.5724599819503159,-1.0833333333333333,-0.4361665634727647,2,1,0,6,5,4,3,2,1,0,1,1,0,0,0,1,1,1,1,0,0,0,0,1,1,0,0,0,0,0,0,0,1,0,0,0,0,0,0,1,-0.5331306702132712,-0.9664656771799629,-0.2010661180211353,2.267838773029084,-0.7935961833987017,-1.017492508188724,-0.9849699166027831,0.9133703365418394,3.110143094686058,1.0070493454179255,-0.3333333333333333,-1.3333333333333333,-0.75,-0.25,-1.3333333333333333,-1.9166666666666667,-1.9166666666666667,1.25,1.1666666666666667,0.64
4,1,0,0,-0.794756091768394,-0.8333333333333334,-0.6377837781618997,3,2,1,0,6,5,4,3,2,1,1,1,1,0,0,0,1,1,1,1,0,0,0,0,1,1,0,0,0,0,0,0,0,1,0,0,0,0,0,0,-0.5724599819503159,-0.5489795918367347,-0.9743290002805574,-0.2010661180211353,2.224821670221794,-0.8037726206239693,-1.017492508188724,-0.9929974940865125,0.9133703365418394,3.110143094686058,-1.0833333333333333,-0.3333333333333333,-1.3333333333333333,-0.75,-0.25,-1.3333333333333333,-1.9166666666666667,-1.9166666666666667,1.25,1.12
