DIA_SEMANA,LABORAL,FIN_DE_SEMANA,FESTIVO,PORCENTAJE_USO,NUMERO_CONEXIONES,USAGE_KB,DIA_SEMANA_lag_1,DIA_SEMANA_lag_2,DIA_SEMANA_lag_3,DIA_SEMANA_lag_4,DIA_SEMANA_lag_5,DIA_SEMANA_lag_6,DIA_SEMANA_lag_7,DIA_SEMANA_lag_8,DIA_SEMANA_lag_9,DIA_SEMANA_lag_10,LABORAL_lag_1,LABORAL_lag_2,LABORAL_lag_3,LABORAL_lag_4,LABORAL_lag_5,LABORAL_lag_6,LABORAL_lag_7,LABORAL_lag_8,LABORAL_lag_9,LABORAL_lag_10,FIN_DE_SEMANA_lag_1,FIN_DE_SEMANA_lag_2,FIN_DE_SEMANA_lag_3,FIN_DE_SEMANA_lag_4,FIN_DE_SEMANA_lag_5,FIN_DE_SEMANA_lag_6,FIN_DE_SEMANA_lag_7,FIN_DE_SEMANA_lag_8,FIN_DE_SEMANA_lag_9,FIN_DE_SEMANA_lag_10,FESTIVO_lag_1,FESTIVO_lag_2,FESTIVO_lag_3,FESTIVO_lag_4,FESTIVO_lag_5,FESTIVO_lag_6,FESTIVO_lag_7,FESTIVO_lag_8,FESTIVO_lag_9,FESTIVO_lag_10,PORCENTAJE_USO_lag_1,PORCENTAJE_USO_lag_2,PORCENTAJE_USO_lag_3,PORCENTAJE_USO_lag_4,PORCENTAJE_USO_lag_5,PORCENTAJE_USO_lag_6,PORCENTAJE_USO_lag_7,PORCENTAJE_USO_lag_8,PORCENTAJE_USO_lag_9,PORCENTAJE_USO_lag_10,NUMERO_CONEXIONES_lag_1,NUMERO_CONEXIONES_lag_2,NUMERO_CONEXIONES_lag_3,NUMERO_CONEXIONES_lag_4,NUMERO_CONEXIONES_lag_5,NUMERO_CONEXIONES_lag_6,NUMERO_CONEXIONES_lag_7,NUMERO_CONEXIONES_lag_8,NUMERO_CONEXIONES_lag_9,NUMERO_CONEXIONES_lag_10
2,1,0,0,-0.3622704507512521,-0.7916666666666666,-0.6282357753619552,1,0,6,5,4,3,2,1,0,6,1,1,0,0,1,1,1,1,1,0,0,0,1,1,0,0,0,0,0,1,0,0,0,0,0,0,0,0,0,0,-0.2537562604340567,3.234248788368336,0.27922077922077926,3.1470777135517016,0.7369942196531792,0.2906229929351318,0.24405908798972384,-0.1300578034682081,0.9403225806451613,9.476874003189794,-0.75,0.5,-0.5,-0.2916666666666667,-0.4166666666666667,-0.5833333333333334,-0.875,-0.7391304347826086,-0.8333333333333334,-1.125
3,1,0,0,-0.8430717863105176,-0.16666666666666666,-0.8639191373597381,2,1,0,6,5,4,3,2,1,0,1,1,1,0,0,1,1,1,1,1,0,0,0,1,1,0,0,0,0,0,0,0,0,0,0,0,0,0,0,0,-0.36060100166944903,-0.24555735056542805,3.248376623376623,0.2713551701991009,3.1470777135517016,0.7369942196531792,0.2906229929351318,0.2488760436737315,-0.13548387096774192,0.9298245614035087,-0.7916666666666666,-0.75,0.5,-0.5,-0.2916666666666667,-0.4166666666666667,-0.5833333333333334,-0.8260869565217391,-0.7083333333333334,-0.8333333333333334
4,1,0,0,-0.8330550918196995,1.2083333333333333,-0.8606900148872658,3,2,1,0,6,5,4,3,2,1,1,1,1,1,0,0,1,1,1,1,0,0,0,0,1,1,0,0,0,0,0,0,0,0,0,0,0,0,0,0,-0.8414023372287145,-0.3489499192245557,-0.24837662337662333,3.2080924855491326,0.2713551701991009,3.1470777135517016,0.7369942196531792,0.2954399486191394,0.2451612903225807,-0.13397129186602869,-0.16666666666666666,-0.7916666666666666,-0.75,0.5,-0.5,-0.2916666666666667,-0.4166666666666667,-0.5217391304347826,-0.7916666666666666,-0.7083333333333334
5,0,1,0,-0.39899833055091816,-0.20833333333333334,-0.7052473430260231,4,3,2,1,0,6,5,4,3,2,1,1,1,1,1,0,0,1,1,1,0,0,0,0,0,1,1,0,0,0,0,0,0,0,0,0,0,0,0,0,-0.8313856427378965,-0.81421647819063,-0.35227272727272724,-0.25048169556840066,3.2080924855491326,0.2713551701991009,3.1470777135517016,0.7418111753371869,0.2919354838709679,0.24242424242424246,1.2083333333333333,-0.16666666666666666,-0.7916666666666666,-0.75,0.5,-0.5,-0.2916666666666667,-0.34782608695652173,-0.5,-0.7916666666666666
6,0,1,0,-0.8347245409015025,-0.9166666666666666,-0.86293450971626,5,4,3,2,1,0,6,5,4,3,0,1,1,1,1,1,0,0,1,1,1,0,0,0,0,0,1,1,0,0,0,0,0,0,0,0,0,0,0,0,-0.39732888146911516,-0.8045234248788368,-0.8198051948051948,-0.35324341682723176,-0.25048169556840066,3.2080924855491326,0.2713551701991009,3.1518946692357095,0.7403225806451614,0.2886762360446572,-0.20833333333333334,1.2083333333333333,-0.16666666666666666,-0.7916666666666666,-0.75,0.5,-0.5,-0.21739130434782608,-0.3333333333333333,-0.5
0,1,0,0,-0.2904841402337229,-0.8333333333333334,-0.6497599637474548,6,5,4,3,2,1,0,6,5,4,0,0,1,1,1,1,1,0,0,1,1,1,0,0,0,0,0,1,1,0,0,0,0,0,0,0,0,0,0,0,-0.8330550918196995,-0.38449111470113084,-0.810064935064935,-0.8156711624919716,-0.35324341682723176,-0.25048169556840066,3.2080924855491326,0.2761721258831086,3.161290322580645,0.7320574162679426,-0.9166666666666666,-0.20833333333333334,1.2083333333333333,-0.16666666666666666,-0.7916666666666666,-0.75,0.5,-0.43478260869565216,-0.20833333333333334,-0.3333333333333333
1,1,0,0,2.2170283806343907,-0.125,0.5292559864600394,0,6,5,4,3,2,1,0,6,5,1,0,0,1,1,1,1,1,0,0,0,1,1,0,0,0,0,0,1,1,0,0,0,0,0,0,0,0,0,0,-0.2888146911519198,-0.8061389337641357,-0.38798701298701294,-0.8060372511239562,-0.8156711624919716,-0.35324341682723176,-0.25048169556840066,3.21290944123314,0.27258064516129044,3.1259968102073366,-0.8333333333333334,-0.9166666666666666,-0.20833333333333334,1.2083333333333333,-0.16666666666666666,-0.7916666666666666,-0.75,0.6086956521739131,-0.4166666666666667,-0.20833333333333334
2,0,0,1,2.1435726210350587,-0.875,0.7679776280434119,1,0,6,5,4,3,2,1,0,6,1,1,0,0,1,1,1,1,1,0,0,0,1,1,0,0,0,0,0,1,0,0,0,0,0,0,0,0,0,0,2.2186978297161937,-0.2794830371567043,-0.8116883116883117,-0.3885677585099549,-0.8060372511239562,-0.8156711624919716,-0.35324341682723176,-0.245664739884393,3.2225806451612904,0.2695374800637959,-0.125,-0.8333333333333334,-0.9166666666666666,-0.20833333333333334,1.2083333333333333,-0.16666666666666666,-0.7916666666666666,-0.6956521739130435,0.5833333333333334,-0.4166666666666667
3,1,0,0,-0.1469115191986644,-0.5833333333333334,-0.3760783383439095,2,1,0,6,5,4,3,2,1,0,0,1,1,0,0,1,1,1,1,1,0,0,0,1,1,0,0,0,0,0,1,0,0,0,0,0,0,0,0,0,2.1452420701168613,2.147011308562197,-0.2824675324675324,-0.8076429030186254,-0.3885677585099549,-0.8060372511239562,-0.8156711624919716,-0.34842646114322406,-0.2516129032258064,3.186602870813397,-0.875,-0.125,-0.8333333333333334,-0.9166666666666666,-0.20833333333333334,1.2083333333333333,-0.16666666666666666,-0.7391304347826086,-0.6666666666666666,0.5833333333333334
4,1,0,0,-0.05175292153589318,-0.25,-0.3964407421431276,3,2,1,0,6,5,4,3,2,1,1,0,1,1,0,0,1,1,1,1,0,0,0,0,1,1,0,0,0,0,0,1,0,0,0,0,0,0,0,0,-0.14524207011686135,2.0759289176090467,2.155844155844156,-0.2842003853564546,-0.8076429030186254,-0.3885677585099549,-0.8060372511239562,-0.8108542068079639,-0.3548387096774193,-0.24880382775119608,-0.5833333333333334,-0.875,-0.125,-0.8333333333333334,-0.9166666666666666,-0.20833333333333334,1.2083333333333333,-0.08695652173913043,-0.7083333333333334,-0.6666666666666666
5,0,1,0,0.7462437395659433,-0.3333333333333333,0.07364330476012342,4,3,2,1,0,6,5,4,3,2,1,1,0,1,1,0,0,1,1,1,0,0,0,0,0,1,1,0,0,0,0,0,1,0,0,0,0,0,0,0,-0.05008347245409015,-0.14054927302100154,2.0844155844155843,2.127488760436737,-0.2842003853564546,-0.8076429030186254,-0.3885677585099549,-0.8012202954399484,-0.8193548387096774,-0.35087719298245607,-0.25,-0.5833333333333334,-0.875,-0.125,-0.8333333333333334,-0.9166666666666666,-0.20833333333333334,1.3478260869565217,-0.08333333333333333,-0.7083333333333334
6,0,1,0,1.0934891485809684,-0.6666666666666666,0.06033296381284319,5,4,3,2,1,0,6,5,4,3,0,1,1,0,1,1,0,0,1,1,1,0,0,0,0,0,1,1,0,0,0,0,0,1,0,0,0,0,0,0,0.7479131886477464,-0.048465266558966075,-0.14285714285714282,2.056840077071291,2.127488760436737,-0.2842003853564546,-0.8076429030186254,-0.38375080282594726,-0.8096774193548386,-0.8102073365231259,-0.3333333333333333,-0.25,-0.5833333333333334,-0.875,-0.125,-0.8333333333333334,-0.9166666666666666,-0.13043478260869565,1.2916666666666667,-0.08333333333333333
0,1,0,0,1.9933222036727882,0.0,0.5305204156269151,6,5,4,3,2,1,0,6,5,4,0,0,1,1,0,1,1,0,0,1,1,1,0,0,0,0,0,1,1,0,0,0,0,0,1,0,0,0,0,0,1.0951585976627711,0.7237479806138934,-0.05032467532467535,-0.14611432241490033,2.056840077071291,2.127488760436737,-0.2842003853564546,-0.8028259473346178,-0.39032258064516123,-0.8006379585326953,-0.6666666666666666,-0.3333333333333333,-0.25,-0.5833333333333334,-0.875,-0.125,-0.8333333333333334,-0.8695652173913043,-0.125,1.2916666666666667
1,1,0,0,0.8614357262103505,-0.7916666666666666,0.10782318976777994,0,6,5,4,3,2,1,0,6,5,1,0,0,1,1,0,1,1,0,0,0,1,1,0,0,0,0,0,1,1,0,0,0,0,0,1,0,0,0,0,1.994991652754591,1.059773828756058,0.7256493506493507,-0.05459216441875398,-0.14611432241490033,2.056840077071291,2.127488760436737,-0.27938342967244695,-0.8112903225806452,-0.3859649122807017,0.0,-0.6666666666666666,-0.3333333333333333,-0.25,-0.5833333333333334,-0.875,-0.125,-0.782608695652174,-0.8333333333333334,-0.125
2,1,0,0,0.041736227045075125,-0.5,-0.25983068966513534,1,0,6,5,4,3,2,1,0,6,1,1,0,0,1,1,0,1,1,0,0,0,1,1,0,0,0,0,0,1,0,0,0,0,0,0,1,0,0,0,0.8631051752921536,1.9305331179321488,1.0633116883116882,0.7129094412331407,-0.05459216441875398,-0.14611432241490033,2.056840077071291,2.132305716120745,-0.28548387096774186,-0.8022328548644337,-0.7916666666666666,0.0,-0.6666666666666666,-0.3333333333333333,-0.25,-0.5833333333333334,-0.875,-0.043478260869565216,-0.75,-0.8333333333333334
3,1,0,0,-0.6343906510851419,-1.125,-0.732401016409447,2,1,0,6,5,4,3,2,1,0,1,1,1,0,0,1,1,0,1,1,0,0,0,1,1,0,0,0,0,0,0,0,0,0,0,0,0,1,0,0,0.04340567612687816,0.8352180936995153,1.9383116883116884,1.0468850353243415,0.7129094412331407,-0.05459216441875398,-0.14611432241490033,2.0616570327552983,2.1370967741935485,-0.28229665071770327,-0.5,-0.7916666666666666,0.0,-0.6666666666666666,-0.3333333333333333,-0.25,-0.5833333333333334,-0.8260869565217391,-0.041666666666666664,-0.75
4,1,0,0,1.0634390651085142,1.0,0.21431732229942108,3,2,1,0,6,5,4,3,2,1,1,1,1,1,0,0,1,1,0,1,0,0,0,0,1,1,0,0,0,0,0,0,0,0,0,0,0,0,1,0,-0.6327212020033389,0.04200323101777062,0.8376623376623376,1.9123314065510597,1.0468850353243415,0.7129094412331407,-0.05459216441875398,-0.1412973667308927,2.0661290322580648,2.113237639553429,-1.125,-0.5,-0.7916666666666666,0.0,-0.6666666666666666,-0.3333333333333333,-0.25,-0.5217391304347826,-0.7916666666666666,-0.041666666666666664
5,0,1,0,1.2637729549248748,-0.375,0.1220048691547713,4,3,2,1,0,6,5,4,3,2,1,1,1,1,1,0,0,1,1,0,0,0,0,0,0,1,1,0,0,0,0,0,0,0,0,0,0,0,0,1,1.0651085141903174,-0.6122778675282714,0.040584415584415584,0.8236994219653178,1.9123314065510597,1.0468850353243415,0.7129094412331407,-0.04977520873474632,-0.146774193548387,2.043062200956938,1.0,-1.125,-0.5,-0.7916666666666666,0.0,-0.6666666666666666,-0.3333333333333333,-0.17391304347826086,-0.5,-0.7916666666666666
6,0,1,0,3.1202003338898163,-0.7083333333333334,1.2373963859983668,5,4,3,2,1,0,6,5,4,3,0,1,1,1,1,1,0,0,1,1,1,0,0,0,0,0,1,1,0,0,0,0,0,0,0,0,0,0,0,0,1.265442404006678,1.0306946688206786,-0.6168831168831169,0.03532434168272323,0.8236994219653178,1.9123314065510597,1.0468850353243415,0.7177263969171483,-0.054838709677419335,-0.14513556618819767,-0.375,1.0,-1.125,-0.5,-0.7916666666666666,0.0,-0.6666666666666666,-0.2608695652173913,-0.16666666666666666,-0.5
0,0,0,1,-0.2654424040066778,-0.6666666666666666,-0.6268314454333807,6,5,4,3,2,1,0,6,5,4,0,0,1,1,1,1,1,0,0,1,1,1,0,0,0,0,0,1,1,0,0,0,0,0,0,0,0,0,0,0,3.1218697829716193,1.224555735056543,1.0340909090909092,-0.6149646756583171,0.03532434168272323,0.8236994219653178,1.9123314065510597,1.0517019910083492,0.7161290322580646,-0.05422647527910683,-0.7083333333333334,-0.375,1.0,-1.125,-0.5,-0.7916666666666666,0.0,-0.6086956521739131,-0.25,-0.16666666666666666
1,1,0,0,0.7896494156928213,-0.2916666666666667,-0.0878318271191544,0,6,5,4,3,2,1,0,6,5,0,0,0,1,1,1,1,1,0,0,0,1,1,0,0,0,0,0,1,1,1,0,0,0,0,0,0,0,0,0,-0.26377295492487474,3.0210016155088852,1.228896103896104,1.0179833012202955,-0.6149646756583171,0.03532434168272323,0.8236994219653178,1.9171483622350673,1.0516129032258066,0.7081339712918661,-0.6666666666666666,-0.7083333333333334,-0.375,1.0,-1.125,-0.5,-0.7916666666666666,0.08695652173913043,-0.5833333333333334,-0.25
2,1,0,0,-0.5425709515859767,-0.2916666666666667,-0.6724847135607938,1,0,6,5,4,3,2,1,0,6,1,0,0,0,1,1,1,1,1,0,0,0,1,1,0,0,0,0,0,1,0,1,0,0,0,0,0,0,0,0,0.7913188647746243,-0.2552504038772213,3.034090909090909,1.2106615285806037,1.0179833012202955,-0.6149646756583171,0.03532434168272323,0.8285163776493254,1.920967741935484,1.039872408293461,-0.2916666666666667,-0.6666666666666666,-0.7083333333333334,-0.375,1.0,-1.125,-0.5,-0.7391304347826086,0.08333333333333333,-0.5833333333333334
3,1,0,0,0.22036727879799672,-0.9583333333333334,-0.4022732353115605,2,1,0,6,5,4,3,2,1,0,1,1,0,0,0,1,1,1,1,1,0,0,0,1,1,0,0,0,0,0,0,0,1,0,0,0,0,0,0,0,-0.5409015025041736,0.7657512116316639,-0.2581168831168831,2.996146435452794,1.2106615285806037,1.0179833012202955,-0.6149646756583171,0.04014129736673089,0.8274193548387097,1.8995215311004785,-0.2916666666666667,-0.2916666666666667,-0.6666666666666666,-0.7083333333333334,-0.375,1.0,-1.125,-0.43478260869565216,-0.7083333333333334,0.08333333333333333
4,1,0,0,1.2454090150250416,0.5833333333333334,0.825809105410662,3,2,1,0,6,5,4,3,2,1,1,1,1,0,0,0,1,1,1,1,0,0,0,0,1,1,0,0,0,0,0,0,0,1,0,0,0,0,0,0,0.22203672787979975,-0.5234248788368336,0.7678571428571428,-0.26011560693641606,2.996146435452794,1.2106615285806037,1.0179833012202955,-0.6101477199743095,0.035483870967741984,0.8181818181818181,-0.9583333333333334,-0.2916666666666667,-0.2916666666666667,-0.6666666666666666,-0.7083333333333334,-0.375,1.0,-1.0869565217391304,-0.4166666666666667,-0.7083333333333334
5,0,1,0,-0.25041736227045075,-0.2916666666666667,-0.430153784391637,4,3,2,1,0,6,5,4,3,2,1,1,1,1,0,0,0,1,1,1,0,0,0,0,0,1,1,0,0,0,0,0,0,0,1,0,0,0,0,0,1.2470784641068446,0.21486268174474968,-0.5275974025974026,0.7546563904945407,-0.26011560693641606,2.996146435452794,1.2106615285806037,1.022800256904303,-0.6177419354838709,0.03508771929824566,0.5833333333333334,-0.9583333333333334,-0.2916666666666667,-0.2916666666666667,-0.6666666666666666,-0.7083333333333334,-0.375,1.1304347826086956,-1.0416666666666667,-0.4166666666666667
6,0,1,0,0.05843071786310518,-0.5416666666666666,-0.2450255394923123,5,4,3,2,1,0,6,5,4,3,0,1,1,1,1,0,0,0,1,1,1,0,0,0,0,0,1,1,0,0,0,0,0,0,0,1,0,0,0,0,-0.24874791318864772,1.206785137318255,0.21428571428571433,-0.5266538214515092,0.7546563904945407,-0.26011560693641606,2.996146435452794,1.2154784842646114,1.0225806451612904,-0.6108452950558213,-0.2916666666666667,0.5833333333333334,-0.9583333333333334,-0.2916666666666667,-0.2916666666666667,-0.6666666666666666,-0.7083333333333334,-0.30434782608695654,1.0833333333333333,-1.0416666666666667
0,1,0,0,-0.18196994991652754,-0.4583333333333333,-0.4129406683910956,6,5,4,3,2,1,0,6,5,4,0,0,1,1,1,1,0,0,0,1,1,1,0,0,0,0,0,1,1,0,0,0,0,0,0,0,1,0,0,0,0.060100166944908204,-0.2407108239095315,1.211038961038961,0.20712909441233146,-0.5266538214515092,0.7546563904945407,-0.26011560693641606,3.000963391136801,1.2161290322580647,1.0111642743221692,-0.5416666666666666,-0.2916666666666667,0.5833333333333334,-0.9583333333333334,-0.2916666666666667,-0.2916666666666667,-0.6666666666666666,-0.6521739130434783,-0.2916666666666667,1.0833333333333333
1,1,0,0,1.6661101836393992,-0.16666666666666666,1.0240401211053984,0,6,5,4,3,2,1,0,6,5,1,0,0,1,1,1,1,0,0,0,0,1,1,0,0,0,0,0,1,1,0,0,0,0,0,0,0,1,0,0,-0.1803005008347245,0.05815831987075931,-0.2435064935064935,1.192999357739242,0.20712909441233146,-0.5266538214515092,0.7546563904945407,-0.2552986512524084,3.0096774193548392,1.2025518341307815,-0.4583333333333333,-0.5416666666666666,-0.2916666666666667,0.5833333333333334,-0.9583333333333334,-0.2916666666666667,-0.2916666666666667,-0.6086956521739131,-0.625,-0.2916666666666667
2,1,0,0,-0.8464106844741236,-0.16666666666666666,-0.8650991698714585,1,0,6,5,4,3,2,1,0,6,1,1,0,0,1,1,1,1,0,0,0,0,1,1,0,0,0,0,0,1,0,0,0,0,0,0,0,0,1,0,1.6677796327212022,-0.17447495961227782,0.056818181818181816,-0.245664739884393,1.192999357739242,0.20712909441233146,-0.5266538214515092,0.7594733461785483,-0.2612903225806451,2.9760765550239237,-0.16666666666666666,-0.4583333333333333,-0.5416666666666666,-0.2916666666666667,0.5833333333333334,-0.9583333333333334,-0.2916666666666667,-0.21739130434782608,-0.5833333333333334,-0.625
3,1,0,0,-0.8330550918196995,0.625,-0.8581543135814748,2,1,0,6,5,4,3,2,1,0,1,1,1,0,0,1,1,1,1,0,0,0,0,1,1,0,0,0,0,0,0,0,0,0,0,0,0,0,0,1,-0.8447412353923206,1.6138933764135703,-0.1769480519480519,0.05138086062941558,-0.245664739884393,1.192999357739242,0.20712909441233146,-0.5218368657675015,0.7580645161290323,-0.2583732057416267,-0.16666666666666666,-0.16666666666666666,-0.4583333333333333,-0.5416666666666666,-0.2916666666666667,0.5833333333333334,-0.9583333333333334,-0.21739130434782608,-0.20833333333333334,-0.5833333333333334
4,1,0,0,-0.8447412353923206,0.16666666666666666,-0.863925220001551,3,2,1,0,6,5,4,3,2,1,1,1,1,1,0,0,1,1,1,1,0,0,0,0,1,1,0,0,0,0,0,0,0,0,0,0,0,0,0,0,-0.8313856427378965,-0.8174474959612278,1.6201298701298703,-0.1798330122029543,0.05138086062941558,-0.245664739884393,1.192999357739242,0.21194605009633913,-0.529032258064516,0.7496012759170654,0.625,-0.16666666666666666,-0.16666666666666666,-0.4583333333333333,-0.5416666666666666,-0.2916666666666667,0.5833333333333334,-0.9130434782608695,-0.20833333333333334,-0.20833333333333334
5,0,1,0,-0.8430717863105176,-0.375,-0.8630690881663724,4,3,2,1,0,6,5,4,3,2,1,1,1,1,1,0,0,1,1,1,0,0,0,0,0,1,1,0,0,0,0,0,0,0,0,0,0,0,0,0,-0.8430717863105176,-0.8045234248788368,-0.823051948051948,1.5976236351958895,-0.1798330122029543,0.05138086062941558,-0.245664739884393,1.1978163134232496,0.20806451612903235,-0.5231259968102072,0.16666666666666666,0.625,-0.16666666666666666,-0.16666666666666666,-0.4583333333333333,-0.5416666666666666,-0.2916666666666667,0.6956521739130435,-0.875,-0.20833333333333334
6,0,1,0,-0.5141903171953256,-0.7083333333333334,-0.7095439691366754,5,4,3,2,1,0,6,5,4,3,0,1,1,1,1,1,0,0,1,1,1,0,0,0,0,0,1,1,0,0,0,0,0,0,0,0,0,0,0,0,-0.8414023372287145,-0.815831987075929,-0.810064935064935,-0.8188824662813101,1.5976236351958895,-0.1798330122029543,0.05138086062941558,-0.24084778420038533,1.1983870967741934,0.20574162679425845,-0.375,0.16666666666666666,0.625,-0.16666666666666666,-0.16666666666666666,-0.4583333333333333,-0.5416666666666666,-0.21739130434782608,0.6666666666666666,-0.875
0,1,0,0,-0.8480801335559265,0.08333333333333333,-0.8666730534405703,6,5,4,3,2,1,0,6,5,4,0,0,1,1,1,1,1,0,0,1,1,1,0,0,0,0,0,1,1,0,0,0,0,0,0,0,0,0,0,0,-0.5125208681135225,-0.81421647819063,-0.8214285714285714,-0.8060372511239562,-0.8188824662813101,1.5976236351958895,-0.1798330122029543,0.05619781631342324,-0.24677419354838706,1.1850079744816586,-0.7083333333333334,-0.375,0.16666666666666666,0.625,-0.16666666666666666,-0.16666666666666666,-0.4583333333333333,-0.4782608695652174,-0.20833333333333334,0.6666666666666666
1,1,0,0,0.2921535893155259,0.08333333333333333,-0.47466503651866077,0,6,5,4,3,2,1,0,6,5,1,0,0,1,1,1,1,1,0,0,0,1,1,0,0,0,0,0,1,1,0,0,0,0,0,0,0,0,0,0,-0.8464106844741235,-0.49596122778675283,-0.8198051948051948,-0.8172768143866408,-0.8060372511239562,-0.8188824662813101,1.5976236351958895,-0.17501605651894664,0.0516129032258065,-0.2440191387559808,0.08333333333333333,-0.7083333333333334,-0.375,0.16666666666666666,0.625,-0.16666666666666666,-0.16666666666666666,-0.391304347826087,-0.4583333333333333,-0.20833333333333334
2,1,0,0,2.3505843071786314,0.0,0.8343438122045167,1,0,6,5,4,3,2,1,0,6,1,1,0,0,1,1,1,1,1,0,0,0,1,1,0,0,0,0,0,1,0,0,0,0,0,0,0,0,0,0,0.29382303839732893,-0.8190630048465266,-0.5,-0.8156711624919716,-0.8172768143866408,-0.8060372511239562,-0.8188824662813101,1.6024405908798973,-0.18064516129032251,0.051036682615630026,0.08333333333333333,0.08333333333333333,-0.7083333333333334,-0.375,0.16666666666666666,0.625,-0.16666666666666666,-0.08695652173913043,-0.375,-0.4583333333333333
3,1,0,0,3.9382303839732886,-0.20833333333333334,1.4318204282483968,2,1,0,6,5,4,3,2,1,0,1,1,1,0,0,1,1,1,1,1,0,0,0,1,1,0,0,0,0,0,0,0,0,0,0,0,0,0,0,0,2.3522537562604344,0.284329563812601,-0.8246753246753246,-0.4993577392421322,-0.8156711624919716,-0.8172768143866408,-0.8060372511239562,-0.8140655105973025,1.6048387096774195,-0.17862838915470486,0.0,0.08333333333333333,0.08333333333333333,-0.7083333333333334,-0.375,0.16666666666666666,0.625,-0.08695652173913043,-0.08333333333333333,-0.375
4,1,0,0,2.005008347245409,0.041666666666666664,0.5070018810569806,3,2,1,0,6,5,4,3,2,1,1,1,1,1,0,0,1,1,1,1,0,0,0,0,1,1,0,0,0,0,0,0,0,0,0,0,0,0,0,0,3.9398998330550916,2.276252019386107,0.28409090909090906,-0.8204881181759792,-0.4993577392421322,-0.8156711624919716,-0.8172768143866408,-0.8012202954399484,-0.8225806451612904,1.586921850079745,-0.20833333333333334,0.0,0.08333333333333333,0.08333333333333333,-0.7083333333333334,-0.375,0.16666666666666666,0.7391304347826086,-0.08333333333333333,-0.08333333333333333
5,0,1,0,5.4440734557596,-0.25,2.842574386907722,4,3,2,1,0,6,5,4,3,2,1,1,1,1,1,0,0,1,1,1,0,0,0,0,0,1,1,0,0,0,0,0,0,0,0,0,0,0,0,0,2.006677796327212,3.812600969305331,2.285714285714286,0.2761721258831086,-0.8204881181759792,-0.4993577392421322,-0.8156711624919716,-0.8124598587026332,-0.8096774193548386,-0.8133971291866028,0.041666666666666664,-0.20833333333333334,0.0,0.08333333333333333,0.08333333333333333,-0.7083333333333334,-0.375,0.2608695652173913,0.7083333333333334,-0.08333333333333333
6,0,1,0,1.4574290484140235,-0.4166666666666667,0.6723197219016163,5,4,3,2,1,0,6,5,4,3,0,1,1,1,1,1,0,0,1,1,1,0,0,0,0,0,1,1,0,0,0,0,0,0,0,0,0,0,0,0,5.445742904841404,1.9418416801292406,3.829545454545454,2.255940912010276,0.2761721258831086,-0.8204881181759792,-0.4993577392421322,-0.8108542068079639,-0.8209677419354838,-0.8006379585326953,-0.25,0.041666666666666664,-0.20833333333333334,0.0,0.08333333333333333,0.08333333333333333,-0.7083333333333334,-0.30434782608695654,0.25,0.7083333333333334
0,1,0,0,0.48414023372287146,-0.5833333333333334,-0.12568790877253808,6,5,4,3,2,1,0,6,5,4,0,0,1,1,1,1,1,0,0,1,1,1,0,0,0,0,0,1,1,0,0,0,0,0,0,0,0,0,0,0,1.4590984974958265,5.269789983844912,1.9496753246753245,3.782915863840718,2.255940912010276,0.2761721258831086,-0.8204881181759792,-0.49454078355812453,-0.8193548387096774,-0.8118022328548644,-0.4166666666666667,-0.25,0.041666666666666664,-0.20833333333333334,0.0,0.08333333333333333,0.08333333333333333,-0.6521739130434783,-0.2916666666666667,0.25
1,1,0,0,-0.637729549248748,-0.875,-0.7560472864574542,0,6,5,4,3,2,1,0,6,5,1,0,0,1,1,1,1,1,0,0,0,1,1,0,0,0,0,0,1,1,0,0,0,0,0,0,0,0,0,0,0.4858096828046745,1.4119547657512117,5.293831168831169,1.923570969813744,3.782915863840718,2.255940912010276,0.2761721258831086,-0.8156711624919716,-0.5016129032258064,-0.8102073365231259,-0.5833333333333334,-0.4166666666666667,-0.25,0.041666666666666664,-0.20833333333333334,0.0,0.08333333333333333,0.17391304347826086,-0.625,-0.2916666666666667
2,1,0,0,1.634390651085142,-0.4166666666666667,0.8642263107712942,1,0,6,5,4,3,2,1,0,6,1,1,0,0,1,1,1,1,1,0,0,0,1,1,0,0,0,0,0,1,0,0,0,0,0,0,0,0,0,0,-0.6360601001669448,0.47011308562197096,1.4172077922077924,5.231213872832369,1.923570969813744,3.782915863840718,2.255940912010276,0.2809890815671162,-0.8241935483870967,-0.49601275917065385,-0.875,-0.5833333333333334,-0.4166666666666667,-0.25,0.041666666666666664,-0.20833333333333334,0.0,0.17391304347826086,0.16666666666666666,-0.625
3,1,0,0,-0.4323873121869783,1.1666666666666667,-0.5968508642673686,2,1,0,6,5,4,3,2,1,0,1,1,1,0,0,1,1,1,1,1,0,0,0,1,1,0,0,0,0,0,0,0,0,0,0,0,0,0,0,0,1.636060100166945,-0.615508885298869,0.47077922077922074,1.3969171483622351,5.231213872832369,1.923570969813744,3.782915863840718,2.260757867694284,0.2774193548387097,-0.8149920255183412,-0.4166666666666667,-0.875,-0.5833333333333334,-0.4166666666666667,-0.25,0.041666666666666664,-0.20833333333333334,0.08695652173913043,0.16666666666666666,0.16666666666666666
4,1,0,0,0.1736227045075125,0.20833333333333334,-0.3690711349753425,3,2,1,0,6,5,4,3,2,1,1,1,1,1,0,0,1,1,1,1,0,0,0,0,1,1,0,0,0,0,0,0,0,0,0,0,0,0,0,0,-0.43071786310517524,1.5831987075928917,-0.6201298701298702,0.4608220937700706,1.3969171483622351,5.231213872832369,1.923570969813744,3.787732819524726,2.2661290322580645,0.2743221690590112,1.1666666666666667,-0.4166666666666667,-0.875,-0.5833333333333334,-0.4166666666666667,-0.25,0.041666666666666664,-0.13043478260869565,0.08333333333333333,0.16666666666666666
5,0,1,0,-0.17028380634390655,-0.125,-0.5614133930648759,4,3,2,1,0,6,5,4,3,2,1,1,1,1,1,0,0,1,1,1,0,0,0,0,0,1,1,0,0,0,0,0,0,0,0,0,0,0,0,0,0.17529215358931552,-0.4168012924071082,1.5892857142857144,-0.6181759794476557,0.4608220937700706,1.3969171483622351,5.231213872832369,1.9283879254977518,3.7999999999999994,2.2408293460925037,0.20833333333333334,1.1666666666666667,-0.4166666666666667,-0.875,-0.5833333333333334,-0.4166666666666667,-0.25,0.13043478260869565,-0.125,0.08333333333333333
6,0,1,0,0.0801335559265442,-0.8333333333333334,-0.4633269921792433,5,4,3,2,1,0,6,5,4,3,0,1,1,1,1,1,0,0,1,1,1,0,0,0,0,0,1,1,0,0,0,0,0,0,0,0,0,0,0,0,-0.16861435726210353,0.16962843295638128,-0.4204545454545454,1.567116249197174,-0.6181759794476557,0.4608220937700706,1.3969171483622351,5.236030828516378,1.932258064516129,3.757575757575757,-0.125,0.20833333333333334,1.1666666666666667,-0.4166666666666667,-0.875,-0.5833333333333334,-0.4166666666666667,-0.17391304347826086,0.125,-0.125
0,1,0,0,2.697829716193656,-0.5833333333333334,0.6508776491805921,6,5,4,3,2,1,0,6,5,4,0,0,1,1,1,1,1,0,0,1,1,1,0,0,0,0,0,1,1,0,0,0,0,0,0,0,0,0,0,0,0.08180300500834722,-0.16316639741518582,0.1688311688311688,-0.4206807964033396,1.567116249197174,-0.6181759794476557,0.4608220937700706,1.4017341040462428,5.254838709677419,1.9106858054226474,-0.8333333333333334,-0.125,0.20833333333333334,1.1666666666666667,-0.4166666666666667,-0.875,-0.5833333333333334,-0.34782608695652173,-0.16666666666666666,0.125
1,1,0,0,-0.05342237061769621,-0.3333333333333333,-0.5477555812040286,0,6,5,4,3,2,1,0,6,5,1,0,0,1,1,1,1,1,0,0,0,1,1,0,0,0,0,0,1,1,0,0,0,0,0,0,0,0,0,0,2.699499165275459,0.07915993537964457,-0.16558441558441564,0.16217084136159282,-0.4206807964033396,1.567116249197174,-0.6181759794476557,0.4656390494540783,1.4032258064516132,5.196172248803828,-0.5833333333333334,-0.8333333333333334,-0.125,0.20833333333333334,1.1666666666666667,-0.4166666666666667,-0.875,-0.5217391304347826,-0.3333333333333333,-0.16666666666666666
2,1,0,0,-0.5943238731218699,-0.7916666666666666,-0.7817084316060151,1,0,6,5,4,3,2,1,0,6,1,1,0,0,1,1,1,1,1,0,0,0,1,1,0,0,0,0,0,1,0,0,0,0,0,0,0,0,0,0,-0.05175292153589318,2.612277867528271,0.07792207792207788,-0.16859344894026973,0.16217084136159282,-0.4206807964033396,1.567116249197174,-0.613359023763648,0.46290322580645166,1.3875598086124403,-0.3333333333333333,-0.5833333333333334,-0.8333333333333334,-0.125,0.20833333333333334,1.1666666666666667,-0.4166666666666667,-0.8260869565217391,-0.5,-0.3333333333333333
3,1,0,0,3.7061769616026714,-0.4166666666666667,1.1458267754851288,2,1,0,6,5,4,3,2,1,0,1,1,1,0,0,1,1,1,1,1,0,0,0,1,1,0,0,0,0,0,0,0,0,0,0,0,0,0,0,0,-0.5926544240400667,-0.050080775444264966,2.623376623376623,0.0722543352601156,-0.16859344894026973,0.16217084136159282,-0.4206807964033396,1.5719332048811816,-0.6209677419354839,0.45773524720893144,-0.7916666666666666,-0.3333333333333333,-0.5833333333333334,-0.8333333333333334,-0.125,0.20833333333333334,1.1666666666666667,-0.34782608695652173,-0.7916666666666666,-0.5
4,1,0,0,1.0550918196994992,-0.20833333333333334,0.26332668804715265,3,2,1,0,6,5,4,3,2,1,1,1,1,1,0,0,1,1,1,1,0,0,0,0,1,1,0,0,0,0,0,0,0,0,0,0,0,0,0,0,3.707846410684474,-0.5735056542810986,-0.05194805194805199,2.589916506101477,0.0722543352601156,-0.16859344894026973,0.16217084136159282,-0.41586384071933197,1.574193548387097,-0.6140350877192983,-0.4166666666666667,-0.7916666666666666,-0.3333333333333333,-0.5833333333333334,-0.8333333333333334,-0.125,0.20833333333333334,1.3043478260869565,-0.3333333333333333,-0.7916666666666666
5,0,1,0,-0.20534223706176957,0.125,-0.5351637523209081,4,3,2,1,0,6,5,4,3,2,1,1,1,1,1,0,0,1,1,1,0,0,0,0,0,1,1,0,0,0,0,0,0,0,0,0,0,0,0,0,1.0567612687813022,3.5880452342487885,-0.577922077922078,-0.05619781631342324,2.589916506101477,0.0722543352601156,-0.16859344894026973,0.16698779704560046,-0.42258064516129024,1.5566188197767146,-0.20833333333333334,-0.4166666666666667,-0.7916666666666666,-0.3333333333333333,-0.5833333333333334,-0.8333333333333334,-0.125,0.30434782608695654,1.25,-0.3333333333333333
6,0,1,0,2.1886477462437397,1.0833333333333333,0.9249751752181007,5,4,3,2,1,0,6,5,4,3,0,1,1,1,1,1,0,0,1,1,1,0,0,0,0,0,1,1,0,0,0,0,0,0,0,0,0,0,0,0,-0.20367278797996655,1.0226171243941842,3.603896103896104,-0.5764290301862556,-0.05619781631342324,2.589916506101477,0.0722543352601156,-0.16377649325626206,0.16290322580645164,-0.4178628389154704,0.125,-0.20833333333333334,-0.4166666666666667,-0.7916666666666666,-0.3333333333333333,-0.5833333333333334,-0.8333333333333334,-0.043478260869565216,0.2916666666666667,1.25
0,1,0,0,-0.3939899833055092,-1.125,-0.6181880114171187,6,5,4,3,2,1,0,6,5,4,0,0,1,1,1,1,1,0,0,1,1,1,0,0,0,0,0,1,1,0,0,0,0,0,0,0,0,0,0,0,2.1903171953255423,-0.19709208400646197,1.025974025974026,3.559730250481695,-0.5764290301862556,-0.05619781631342324,2.589916506101477,0.07707129094412325,-0.1693548387096774,0.16108452950558216,1.0833333333333333,0.125,-0.20833333333333334,-0.4166666666666667,-0.7916666666666666,-0.3333333333333333,-0.5833333333333334,-0.782608695652174,-0.041666666666666664,0.2916666666666667
1,1,0,0,3.2404006677796326,-0.7083333333333334,0.5365391897008709,0,6,5,4,3,2,1,0,6,5,1,0,0,1,1,1,1,1,0,0,0,1,1,0,0,0,0,0,1,1,0,0,0,0,0,0,0,0,0,0,-0.39232053422370616,2.119547657512116,-0.19967532467532462,1.0099550417469492,3.559730250481695,-0.5764290301862556,-0.05619781631342324,2.5947334617854843,0.07258064516129033,-0.16746411483253587,-1.125,1.0833333333333333,0.125,-0.20833333333333334,-0.4166666666666667,-0.7916666666666666,-0.3333333333333333,-0.5217391304347826,-0.75,-0.041666666666666664
2,1,0,0,4.582637729549249,-0.875,0.753833204837525,1,0,6,5,4,3,2,1,0,6,1,1,0,0,1,1,1,1,1,0,0,0,1,1,0,0,0,0,0,1,0,0,0,0,0,0,0,0,0,0,3.2420701168614356,-0.37964458804523427,2.1282467532467533,-0.20231213872832357,1.0099550417469492,3.559730250481695,-0.5764290301862556,-0.05138086062941558,2.601612903225807,0.07177033492822966,-0.7083333333333334,-1.125,1.0833333333333333,0.125,-0.20833333333333334,-0.4166666666666667,-0.7916666666666666,-0.2608695652173913,-0.5,-0.75
3,1,0,0,-0.4924874791318865,1.3333333333333333,-0.7254736477146755,2,1,0,6,5,4,3,2,1,0,1,1,1,0,0,1,1,1,1,1,0,0,0,1,1,0,0,0,0,0,0,0,0,0,0,0,0,0,0,0,4.584307178631052,3.137318255250404,-0.38311688311688313,2.1001926782273603,-0.20231213872832357,1.0099550417469492,3.559730250481695,-0.5716120745022478,-0.056451612903225805,2.572567783094099,-0.875,-0.7083333333333334,-1.125,1.0833333333333333,0.125,-0.20833333333333334,-0.4166666666666667,-0.7391304347826086,-0.25,-0.5
4,1,0,0,0.7245409015025043,-0.08333333333333333,-0.16844127741560716,3,2,1,0,6,5,4,3,2,1,1,1,1,1,0,0,1,1,1,1,0,0,0,0,1,1,0,0,0,0,0,0,0,0,0,0,0,0,0,0,-0.49081803005008345,4.436187399030695,3.1509740259740258,-0.38375080282594726,2.1001926782273603,-0.20231213872832357,1.0099550417469492,3.564547206165703,-0.5790322580645161,-0.05582137161084529,1.3333333333333333,-0.875,-0.7083333333333334,-1.125,1.0833333333333333,0.125,-0.20833333333333334,-0.34782608695652173,-0.7083333333333334,-0.25
5,0,1,0,-0.8380634390651086,0.9583333333333334,-0.8635382119161994,4,3,2,1,0,6,5,4,3,2,1,1,1,1,1,0,0,1,1,1,0,0,0,0,0,1,1,0,0,0,0,0,0,0,0,0,0,0,0,0,0.7262103505843073,-0.47495961227786754,4.4561688311688314,3.1117533718689785,-0.38375080282594726,2.1001926782273603,-0.20231213872832357,1.0147719974309568,3.575806451612903,-0.5725677830940988,-0.08333333333333333,1.3333333333333333,-0.875,-0.7083333333333334,-1.125,1.0833333333333333,0.125,-0.13043478260869565,-0.3333333333333333,-0.7083333333333334
6,0,1,0,-0.8447412353923206,-0.375,-0.8656428059834947,5,4,3,2,1,0,6,5,4,3,0,1,1,1,1,1,0,0,1,1,1,0,0,0,0,0,1,1,0,0,0,0,0,0,0,0,0,0,0,0,-0.8363939899833056,0.7027463651050082,-0.4788961038961039,4.402697495183044,3.1117533718689785,-0.38375080282594726,2.1001926782273603,-0.19749518304431593,1.0145161290322582,3.5358851674641145,0.9583333333333334,-0.08333333333333333,1.3333333333333333,-0.875,-0.7083333333333334,-1.125,1.0833333333333333,0.21739130434782608,-0.125,-0.3333333333333333
0,1,0,0,-0.8380634390651086,-0.6666666666666666,-0.864204261194722,6,5,4,3,2,1,0,6,5,4,0,0,1,1,1,1,1,0,0,1,1,1,0,0,0,0,0,1,1,0,0,0,0,0,0,0,0,0,0,0,-0.8430717863105176,-0.8093699515347335,0.7045454545454546,-0.4784842646114321,4.402697495183044,3.1117533718689785,-0.38375080282594726,2.1050096339113678,-0.2032258064516128,1.003189792663477,-0.375,0.9583333333333334,-0.08333333333333333,1.3333333333333333,-0.875,-0.7083333333333334,-1.125,1.2173913043478262,0.20833333333333334,-0.125
1,1,0,0,-0.8497495826377296,-0.5,-0.8674318630067411,0,6,5,4,3,2,1,0,6,5,1,0,0,1,1,1,1,1,0,0,0,1,1,0,0,0,0,0,1,1,0,0,0,0,0,0,0,0,0,0,-0.8363939899833056,-0.815831987075929,-0.814935064935065,0.6920359666024406,-0.4784842646114321,4.402697495183044,3.1117533718689785,-0.3789338471419396,2.109677419354839,-0.20095693779904297,-0.6666666666666666,-0.375,0.9583333333333334,-0.08333333333333333,1.3333333333333333,-0.875,-0.7083333333333334,-1.0869565217391304,1.1666666666666667,0.20833333333333334
2,1,0,0,0.1853088480801336,-0.125,-0.4869565349622648,1,0,6,5,4,3,2,1,0,6,1,1,0,0,1,1,1,1,1,0,0,0,1,1,0,0,0,0,0,1,0,0,0,0,0,0,0,0,0,0,-0.8480801335559265,-0.8093699515347335,-0.8214285714285714,-0.8108542068079639,0.6920359666024406,-0.4784842646114321,4.402697495183044,3.116570327552986,-0.3854838709677419,2.086124401913876,-0.5,-0.6666666666666666,-0.375,0.9583333333333334,-0.08333333333333333,1.3333333333333333,-0.875,-0.6521739130434783,-1.0416666666666667,1.1666666666666667
3,1,0,0,4.070116861435727,-0.25,0.5622216240957773,2,1,0,6,5,4,3,2,1,0,1,1,1,0,0,1,1,1,1,1,0,0,0,1,1,0,0,0,0,0,0,0,0,0,0,0,0,0,0,0,0.18697829716193662,-0.8206785137318255,-0.814935064935065,-0.8172768143866408,-0.8108542068079639,0.6920359666024406,-0.4784842646114321,4.407514450867051,3.1258064516129034,-0.3811802232854864,-0.125,-0.5,-0.6666666666666666,-0.375,0.9583333333333334,-0.08333333333333333,1.3333333333333333,-0.8260869565217391,-0.625,-1.0416666666666667
4,1,0,0,0.07011686143572626,0.125,-0.451824716510875,3,2,1,0,6,5,4,3,2,1,1,1,1,1,0,0,1,1,1,1,0,0,0,0,1,1,0,0,0,0,0,0,0,0,0,0,0,0,0,0,4.071786310517529,0.1809369951534734,-0.8262987012987013,-0.8108542068079639,-0.8172768143866408,-0.8108542068079639,0.6920359666024406,-0.4736673089274245,4.422580645161291,3.090909090909091,-0.25,-0.125,-0.5,-0.6666666666666666,-0.375,0.9583333333333334,-0.08333333333333333,1.4782608695652173,-0.7916666666666666,-0.625
5,0,1,0,2.5108514190317197,0.75,0.08670349706284433,4,3,2,1,0,6,5,4,3,2,1,1,1,1,1,0,0,1,1,1,0,0,0,0,0,1,1,0,0,0,0,0,0,0,0,0,0,0,0,0,0.07178631051752929,3.940226171243942,0.1801948051948052,-0.8220937700706485,-0.8108542068079639,-0.8172768143866408,-0.8108542068079639,0.6968529222864484,-0.48064516129032253,4.373205741626794,0.125,-0.25,-0.125,-0.5,-0.6666666666666666,-0.375,0.9583333333333334,0.0,1.4166666666666667,-0.7916666666666666
6,0,1,0,0.662771285475793,-0.25,-0.3431902543912872,5,4,3,2,1,0,6,5,4,3,0,1,1,1,1,1,0,0,1,1,1,0,0,0,0,0,1,1,0,0,0,0,0,0,0,0,0,0,0,0,2.5125208681135227,0.06946688206785144,3.957792207792208,0.1734104046242775,-0.8220937700706485,-0.8108542068079639,-0.8172768143866408,-0.8060372511239563,0.6951612903225808,-0.47527910685805413,0.75,0.125,-0.25,-0.125,-0.5,-0.6666666666666666,-0.375,1.0869565217391304,0.0,1.4166666666666667
0,1,0,0,1.0400667779632722,-0.5,0.03560094220121683,6,5,4,3,2,1,0,6,5,4,0,0,1,1,1,1,1,0,0,1,1,1,0,0,0,0,0,1,1,0,0,0,0,0,0,0,0,0,0,0,0.6644407345575961,2.4313408723747982,0.06818181818181823,3.9097623635195884,0.1734104046242775,-0.8220937700706485,-0.8108542068079639,-0.8124598587026332,-0.8145161290322581,0.6874003189792665,-0.25,0.75,0.125,-0.25,-0.125,-0.5,-0.6666666666666666,-0.30434782608695654,1.0416666666666667,0.0
1,1,0,0,1.4207011686143571,-0.75,-0.14008400128343743,0,6,5,4,3,2,1,0,6,5,1,0,0,1,1,1,1,1,0,0,0,1,1,0,0,0,0,0,1,1,0,0,0,0,0,0,0,0,0,0,1.0417362270450752,0.64297253634895,2.4415584415584415,0.06262042389210028,3.9097623635195884,0.1734104046242775,-0.8220937700706485,-0.8060372511239563,-0.8209677419354838,-0.8054226475279106,-0.5,-0.25,0.75,0.125,-0.25,-0.125,-0.5,-0.6086956521739131,-0.2916666666666667,1.0416666666666667
2,1,0,0,2.664440734557596,0.4166666666666667,0.5746864778310515,1,0,6,5,4,3,2,1,0,6,1,1,0,0,1,1,1,1,1,0,0,0,1,1,0,0,0,0,0,1,0,0,0,0,0,0,0,0,0,0,1.4223706176961601,1.0080775444264944,0.6444805194805195,2.4100834938985227,0.06262042389210028,3.9097623635195884,0.1734104046242775,-0.8172768143866408,-0.8145161290322581,-0.8118022328548644,-0.75,-0.5,-0.25,0.75,0.125,-0.25,-0.125,-0.43478260869565216,-0.5833333333333334,-0.2916666666666667
3,1,0,0,0.7328881469115193,-0.75,-0.038656709382018796,2,1,0,6,5,4,3,2,1,0,1,1,1,0,0,1,1,1,1,1,0,0,0,1,1,0,0,0,0,0,0,0,0,0,0,0,0,0,0,0,2.666110183639399,1.3764135702746363,1.0113636363636362,0.6326268464996789,2.4100834938985227,0.06262042389210028,3.9097623635195884,0.17822736030828518,-0.8258064516129031,-0.8054226475279106,0.4166666666666667,-0.75,-0.5,-0.25,0.75,0.125,-0.25,-0.043478260869565216,-0.4166666666666667,-0.5833333333333334
4,1,0,0,-0.8430717863105176,-0.6666666666666666,-0.8639084927365653,3,2,1,0,6,5,4,3,2,1,1,1,1,1,0,0,1,1,1,1,0,0,0,0,1,1,0,0,0,0,0,0,0,0,0,0,0,0,0,0,0.7345575959933224,2.579967689822294,1.3814935064935063,0.995504174694926,0.6326268464996789,2.4100834938985227,0.06262042389210028,3.9145793192035963,0.17419354838709683,-0.8165869218500796,-0.75,0.4166666666666667,-0.75,-0.5,-0.25,0.75,0.125,-0.17391304347826086,-0.041666666666666664,-0.4166666666666667
5,0,1,0,-0.6060100166944908,-0.75,-0.6627570486413659,4,3,2,1,0,6,5,4,3,2,1,1,1,1,1,0,0,1,1,1,0,0,0,0,0,1,1,0,0,0,0,0,0,0,0,0,0,0,0,0,-0.8414023372287145,0.7108239095315025,2.590909090909091,1.3615928066795115,0.995504174694926,0.6326268464996789,2.4100834938985227,0.06743737957610793,3.9274193548387095,0.17224880382775126,-0.6666666666666666,-0.75,0.4166666666666667,-0.75,-0.5,-0.25,0.75,0.21739130434782608,-0.16666666666666666,-0.041666666666666664
6,0,1,0,-0.4941569282136895,-0.75,-0.5687809929608627,5,4,3,2,1,0,6,5,4,3,0,1,1,1,1,1,0,0,1,1,1,0,0,0,0,0,1,1,0,0,0,0,0,0,0,0,0,0,0,0,-0.6043405676126878,-0.81421647819063,0.7126623376623378,2.557803468208092,1.3615928066795115,0.995504174694926,0.6326268464996789,2.41490044958253,0.0629032258064517,3.883572567783094,-0.75,-0.6666666666666666,-0.75,0.4166666666666667,-0.75,-0.5,-0.25,0.8695652173913043,0.20833333333333334,-0.16666666666666666
0,0,0,1,-0.5876460767946579,-0.9166666666666666,-0.7253770857758942,6,5,4,3,2,1,0,6,5,4,0,0,1,1,1,1,1,0,0,1,1,1,0,0,0,0,0,1,1,0,0,0,0,0,0,0,0,0,0,0,-0.4924874791318865,-0.5848142164781907,-0.8198051948051948,0.7000642260757868,2.557803468208092,1.3615928066795115,0.995504174694926,0.6374438021836866,2.4209677419354843,0.06220095693779913,-0.75,-0.75,-0.6666666666666666,-0.75,0.4166666666666667,-0.75,-0.5,-0.17391304347826086,0.8333333333333334,0.20833333333333334
1,1,0,0,0.5792988313856428,0.2916666666666667,-0.2157193712373158,0,6,5,4,3,2,1,0,6,5,0,0,0,1,1,1,1,1,0,0,0,1,1,0,0,0,0,0,1,1,1,0,0,0,0,0,0,0,0,0,-0.5859766277128546,-0.4765751211631664,-0.5892857142857142,-0.8156711624919716,0.7000642260757868,2.557803468208092,1.3615928066795115,1.0003211303789337,0.6354838709677421,2.393939393939394,-0.9166666666666666,-0.75,-0.75,-0.6666666666666666,-0.75,0.4166666666666667,-0.75,-0.43478260869565216,-0.16666666666666666,0.8333333333333334
2,1,0,0,2.407345575959933,-0.4166666666666667,0.9425775802946735,1,0,6,5,4,3,2,1,0,6,1,0,0,0,1,1,1,1,1,0,0,0,1,1,0,0,0,0,0,1,0,1,0,0,0,0,0,0,0,0,0.5809682804674459,-0.5670436187399029,-0.4805194805194805,-0.5876685934489401,-0.8156711624919716,0.7000642260757868,2.557803468208092,1.3664097623635194,1.0,0.6283891547049443,0.2916666666666667,-0.9166666666666666,-0.75,-0.75,-0.6666666666666666,-0.75,0.4166666666666667,-0.6956521739130435,-0.4166666666666667,-0.16666666666666666
3,1,0,0,0.48914858096828046,-0.7083333333333334,-0.4170244020382933,2,1,0,6,5,4,3,2,1,0,1,1,0,0,0,1,1,1,1,1,0,0,0,1,1,0,0,0,0,0,0,0,1,0,0,0,0,0,0,0,2.409015025041736,0.5621970920840066,-0.5714285714285715,-0.4800899165061014,-0.5876685934489401,-0.8156711624919716,0.7000642260757868,2.5626204238920995,1.367741935483871,0.9888357256778308,-0.4166666666666667,0.2916666666666667,-0.9166666666666666,-0.75,-0.75,-0.6666666666666666,-0.75,0.5217391304347826,-0.6666666666666666,-0.4166666666666667
4,1,0,0,2.0601001669449084,-0.4583333333333333,0.1932706212962414,3,2,1,0,6,5,4,3,2,1,1,1,1,0,0,0,1,1,1,1,0,0,0,0,1,1,0,0,0,0,0,0,0,1,0,0,0,0,0,0,0.49081803005008345,2.331179321486268,0.5633116883116883,-0.5700064226075786,-0.4800899165061014,-0.5876685934489401,-0.8156711624919716,0.7048811817597945,2.5693548387096774,1.3524720893141944,-0.7083333333333334,-0.4166666666666667,0.2916666666666667,-0.9166666666666666,-0.75,-0.75,-0.6666666666666666,-0.6956521739130435,0.5,-0.6666666666666666
5,0,1,0,1.327212020033389,0.20833333333333334,-0.24322583784589322,4,3,2,1,0,6,5,4,3,2,1,1,1,1,0,0,0,1,1,1,0,0,0,0,0,1,1,0,0,0,0,0,0,0,1,0,0,0,0,0,2.0617696160267114,0.47495961227786754,2.340909090909091,0.5523442517662172,-0.5700064226075786,-0.4800899165061014,-0.5876685934489401,-0.8108542068079639,0.703225806451613,2.5406698564593304,-0.4583333333333333,-0.7083333333333334,-0.4166666666666667,0.2916666666666667,-0.9166666666666666,-0.75,-0.75,-0.6086956521739131,-0.6666666666666666,0.5
6,0,1,0,-0.5475792988313856,-0.3333333333333333,-0.7954810533310828,5,4,3,2,1,0,6,5,4,3,0,1,1,1,1,0,0,0,1,1,1,0,0,0,0,0,1,1,0,0,0,0,0,0,0,1,0,0,0,0,1.328881469115192,1.9951534733441034,0.4756493506493506,2.3105330764290297,0.5523442517662172,-0.5700064226075786,-0.4800899165061014,-0.5828516377649324,-0.8193548387096774,0.6953748006379586,0.20833333333333334,-0.4583333333333333,-0.7083333333333334,-0.4166666666666667,0.2916666666666667,-0.9166666666666666,-0.75,-0.6956521739130435,-0.5833333333333334,-0.6666666666666666
0,1,0,0,3.64440734557596,-0.2916666666666667,0.17962041273766022,6,5,4,3,2,1,0,6,5,4,0,0,1,1,1,1,0,0,0,1,1,1,0,0,0,0,0,1,1,0,0,0,0,0,0,0,1,0,0,0,-0.5459098497495827,1.2859450726978998,2.0032467532467533,0.4656390494540783,2.3105330764290297,0.5523442517662172,-0.5700064226075786,-0.47527296082209375,-0.5903225806451612,-0.8102073365231259,-0.3333333333333333,0.20833333333333334,-0.4583333333333333,-0.7083333333333334,-0.4166666666666667,0.2916666666666667,-0.9166666666666666,-0.6956521739130435,-0.6666666666666666,-0.5833333333333334
1,1,0,0,0.9315525876460767,-0.5833333333333334,-0.49615120839282917,0,6,5,4,3,2,1,0,6,5,1,0,0,1,1,1,1,0,0,0,0,1,1,0,0,0,0,0,1,1,0,0,0,0,0,0,0,1,0,0,3.646076794657763,-0.5282714054927302,1.2905844155844155,1.9765574823378291,0.4656390494540783,2.3105330764290297,0.5523442517662172,-0.565189466923571,-0.482258064516129,-0.5837320574162679,-0.2916666666666667,-0.3333333333333333,0.20833333333333334,-0.4583333333333333,-0.7083333333333334,-0.4166666666666667,0.2916666666666667,-0.8695652173913043,-0.6666666666666666,-0.6666666666666666
2,1,0,0,6.045075125208681,0.7916666666666666,1.3995063936168757,1,0,6,5,4,3,2,1,0,6,1,1,0,0,1,1,1,1,0,0,0,0,1,1,0,0,0,0,0,1,0,0,0,0,0,0,0,0,1,0,0.9332220367278798,3.52827140549273,-0.5324675324675324,1.2716763005780345,1.9765574823378291,0.4656390494540783,2.3105330764290297,0.5571612074502248,-0.5725806451612904,-0.4768740031897926,-0.5833333333333334,-0.2916666666666667,-0.3333333333333333,0.20833333333333334,-0.4583333333333333,-0.7083333333333334,-0.4166666666666667,0.391304347826087,-0.8333333333333334,-0.6666666666666666
3,1,0,0,2.4440734557595993,0.25,0.05696394057867213,2,1,0,6,5,4,3,2,1,0,1,1,1,0,0,1,1,1,1,0,0,0,0,1,1,0,0,0,0,0,0,0,0,0,0,0,0,0,0,1,6.046744574290485,0.9030694668820678,3.543831168831169,-0.5314707771355168,1.2716763005780345,1.9765574823378291,0.4656390494540783,2.3153500321130376,0.5548387096774194,-0.5661881977671451,0.7916666666666666,-0.5833333333333334,-0.2916666666666667,-0.3333333333333333,0.20833333333333334,-0.4583333333333333,-0.7083333333333334,-0.34782608695652173,0.375,-0.8333333333333334
4,1,0,0,2.3452420701168615,1.125,-0.21655573448660223,3,2,1,0,6,5,4,3,2,1,1,1,1,1,0,0,1,1,1,1,0,0,0,0,1,1,0,0,0,0,0,0,0,0,0,0,0,0,0,0,2.4457429048414023,5.851373182552505,0.9058441558441558,3.5003211303789334,-0.5314707771355168,1.2716763005780345,1.9765574823378291,0.47045600513808594,2.3209677419354837,0.5486443381180224,0.25,0.7916666666666666,-0.5833333333333334,-0.2916666666666667,-0.3333333333333333,0.20833333333333334,-0.4583333333333333,-0.6521739130434783,-0.3333333333333333,0.375
5,0,1,0,-0.34791318864774623,0.20833333333333334,-0.6911994817589175,4,3,2,1,0,6,5,4,3,2,1,1,1,1,1,0,0,1,1,1,0,0,0,0,0,1,1,0,0,0,0,0,0,0,0,0,0,0,0,0,2.346911519198664,2.366720516962843,5.878246753246754,0.8911368015414257,3.5003211303789334,-0.5314707771355168,1.2716763005780345,1.9813744380218368,0.46774193548387094,2.2950558213716103,1.125,0.25,0.7916666666666666,-0.5833333333333334,-0.2916666666666667,-0.3333333333333333,0.20833333333333334,-0.391304347826087,-0.625,-0.3333333333333333
6,0,1,0,0.27061769616026704,0.041666666666666664,-0.3595647261518623,5,4,3,2,1,0,6,5,4,3,0,1,1,1,1,1,0,0,1,1,1,0,0,0,0,0,1,1,0,0,0,0,0,0,0,0,0,0,0,0,-0.34624373956594323,2.27108239095315,2.376623376623377,5.809248554913294,0.8911368015414257,3.5003211303789334,-0.5314707771355168,1.2764932562620421,1.985483870967742,0.4625199362041467,0.20833333333333334,1.125,0.25,0.7916666666666666,-0.5833333333333334,-0.2916666666666667,-0.3333333333333333,0.30434782608695654,-0.375,-0.625
0,1,0,0,-0.10567612687813019,-0.375,-0.6637675275125493,6,5,4,3,2,1,0,6,5,4,0,0,1,1,1,1,1,0,0,1,1,1,0,0,0,0,0,1,1,0,0,0,0,0,0,0,0,0,0,0,0.27228714524207004,-0.33505654281098546,2.28051948051948,2.3458574181117533,5.809248554913294,0.8911368015414257,3.5003211303789334,-0.5266538214515092,1.2774193548387098,1.963317384370016,0.041666666666666664,0.20833333333333334,1.125,0.25,0.7916666666666666,-0.5833333333333334,-0.2916666666666667,-0.2608695652173913,0.2916666666666667,-0.375
1,1,0,0,-0.24207011686143573,-0.20833333333333334,-0.6923544233731594,0,6,5,4,3,2,1,0,6,5,1,0,0,1,1,1,1,1,0,0,0,1,1,0,0,0,0,0,1,1,0,0,0,0,0,0,0,0,0,0,-0.10400667779632716,0.26348949919224546,-0.3383116883116883,2.2508028259473343,2.3458574181117533,5.809248554913294,0.8911368015414257,3.5051380860629413,-0.5338709677419354,1.263157894736842,-0.375,0.041666666666666664,0.20833333333333334,1.125,0.25,0.7916666666666666,-0.5833333333333334,-0.21739130434782608,-0.25,0.2916666666666667
2,1,0,0,2.8242070116861435,-0.9583333333333334,-0.04814715127073991,1,0,6,5,4,3,2,1,0,6,1,1,0,0,1,1,1,1,1,0,0,0,1,1,0,0,0,0,0,1,0,0,0,0,0,0,0,0,0,0,-0.2404006677796327,-0.1006462035541195,0.2631493506493505,-0.33943481053307634,2.2508028259473343,2.3458574181117533,5.809248554913294,0.8959537572254334,3.5161290322580645,-0.5279106858054226,-0.20833333333333334,-0.375,0.041666666666666664,0.20833333333333334,1.125,0.25,0.7916666666666666,-0.5217391304347826,-0.20833333333333334,-0.25
3,1,0,0,2.1679465776293827,0.08333333333333333,-0.2231211859935007,2,1,0,6,5,4,3,2,1,0,1,1,1,0,0,1,1,1,1,1,0,0,0,1,1,0,0,0,0,0,0,0,0,0,0,0,0,0,0,0,2.8258764607679465,-0.23263327948303714,-0.10275974025974023,0.2554592164418753,-0.33943481053307634,2.2508028259473343,2.3458574181117533,5.8140655105973025,0.8951612903225806,3.4768740031897925,-0.9583333333333334,-0.20833333333333334,-0.375,0.041666666666666664,0.20833333333333334,1.125,0.25,0.9130434782608695,-0.5,-0.20833333333333334
4,1,0,0,-0.5806343906510851,-0.625,-0.8000818115323848,3,2,1,0,6,5,4,3,2,1,1,1,1,1,0,0,1,1,1,1,0,0,0,0,1,1,0,0,0,0,0,0,0,0,0,0,0,0,0,0,2.1696160267111857,2.7345718901453955,-0.23538961038961037,-0.10645472061657024,0.2554592164418753,-0.33943481053307634,2.2508028259473343,2.3506743737957607,5.835483870967742,0.8851674641148325,0.08333333333333333,-0.9583333333333334,-0.20833333333333334,-0.375,0.041666666666666664,0.20833333333333334,1.125,0.34782608695652173,0.875,-0.5
5,0,1,0,0.12838063439065106,0.7083333333333334,-0.5909803545876045,4,3,2,1,0,6,5,4,3,2,1,1,1,1,1,0,0,1,1,1,0,0,0,0,0,1,1,0,0,0,0,0,0,0,0,0,0,0,0,0,-0.5789649415692821,2.0995153473344104,2.7462662337662334,-0.23763648041104682,-0.10645472061657024,0.2554592164418753,-0.33943481053307634,2.2556197816313417,2.3564516129032262,5.770334928229665,-0.625,0.08333333333333333,-0.9583333333333334,-0.20833333333333334,-0.375,0.041666666666666664,0.20833333333333334,1.2608695652173914,0.3333333333333333,0.875
6,0,1,0,0.2148580968280467,-0.4166666666666667,-0.5826212840760999,5,4,3,2,1,0,6,5,4,3,0,1,1,1,1,1,0,0,1,1,1,0,0,0,0,0,1,1,0,0,0,0,0,0,0,0,0,0,0,0,0.1300500834724541,-0.5602584814216478,2.1081168831168835,2.711464354527938,-0.23763648041104682,-0.10645472061657024,0.2554592164418753,-0.3346178548490687,2.260967741935484,2.3301435406698565,0.7083333333333334,-0.625,0.08333333333333333,-0.9583333333333334,-0.20833333333333334,-0.375,0.041666666666666664,0.30434782608695654,1.2083333333333333,0.3333333333333333
0,0,0,1,0.10901502504173625,-0.875,-0.5780752696511149,6,5,4,3,2,1,0,6,5,4,0,0,1,1,1,1,1,0,0,1,1,1,0,0,0,0,0,1,1,0,0,0,0,0,0,0,0,0,0,0,0.21652754590984974,0.1258481421647819,-0.5646103896103896,2.0802825947334616,2.711464354527938,-0.23763648041104682,-0.10645472061657024,0.260276172125883,-0.34096774193548385,2.235725677830941,-0.4166666666666667,0.7083333333333334,-0.625,0.08333333333333333,-0.9583333333333334,-0.20833333333333334,-0.375,0.13043478260869565,0.2916666666666667,1.2083333333333333
1,1,0,0,1.2080133555926544,0.3333333333333333,-0.1833825266989959,0,6,5,4,3,2,1,0,6,5,0,0,0,1,1,1,1,1,0,0,0,1,1,0,0,0,0,0,1,1,1,0,0,0,0,0,0,0,0,0,0.11068447412353928,0.20953150242326332,0.1248376623376623,-0.5632626846499678,2.0802825947334616,2.711464354527938,-0.23763648041104682,-0.10163776493256257,0.2566129032258064,-0.3371610845295055,-0.875,-0.4166666666666667,0.7083333333333334,-0.625,0.08333333333333333,-0.9583333333333334,-0.20833333333333334,-0.30434782608695654,0.125,0.2916666666666667
2,1,0,0,-0.7367278797996661,0.7916666666666666,-0.835580869483234,1,0,6,5,4,3,2,1,0,6,1,0,0,0,1,1,1,1,1,0,0,0,1,1,0,0,0,0,0,1,0,1,0,0,0,0,0,0,0,0,1.2096828046744577,0.10710823909531507,0.20892857142857138,0.11865767501605651,-0.5632626846499678,2.0802825947334616,2.711464354527938,-0.23281952472703915,-0.10693548387096767,0.2537480063795853,0.3333333333333333,-0.875,-0.4166666666666667,0.7083333333333334,-0.625,0.08333333333333333,-0.9583333333333334,-0.13043478260869565,-0.2916666666666667,0.125
3,1,0,0,-0.0540901502504174,0.3333333333333333,-0.5453514170274434,2,1,0,6,5,4,3,2,1,0,1,1,0,0,0,1,1,1,1,1,0,0,0,1,1,0,0,0,0,0,0,0,1,0,0,0,0,0,0,0,-0.7350584307178631,1.1705977382875608,0.10600649350649352,0.2018304431599229,0.11865767501605651,-0.5632626846499678,2.0802825947334616,2.7162813102119454,-0.23870967741935478,-0.10574162679425829,0.7916666666666666,0.3333333333333333,-0.875,-0.4166666666666667,0.7083333333333334,-0.625,0.08333333333333333,-0.9130434782608695,-0.125,-0.2916666666666667
4,1,0,0,-0.6587646076794658,0.5416666666666666,-0.7597751855585918,3,2,1,0,6,5,4,3,2,1,1,1,1,0,0,0,1,1,1,1,0,0,0,0,1,1,0,0,0,0,0,0,0,1,0,0,0,0,0,0,-0.052420701168614366,-0.7113085621970922,1.1746753246753245,0.10003211303789343,0.2018304431599229,0.11865767501605651,-0.5632626846499678,2.0850995504174694,2.7237096774193548,-0.2360446570972886,0.3333333333333333,0.7916666666666666,0.3333333333333333,-0.875,-0.4166666666666667,0.7083333333333334,-0.625,0.17391304347826086,-0.875,-0.125
5,0,1,0,0.9340567612687813,0.7083333333333334,0.4857628165064651,4,3,2,1,0,6,5,4,3,2,1,1,1,1,0,0,0,1,1,1,0,0,0,0,0,1,1,0,0,0,0,0,0,0,1,0,0,0,0,0,-0.6570951585976628,-0.0507269789983845,-0.716396103896104,1.1570327552986512,0.10003211303789343,0.2018304431599229,0.11865767501605651,-0.5584457289659601,2.089677419354839,2.6933014354066986,0.5416666666666666,0.3333333333333333,0.7916666666666666,0.3333333333333333,-0.875,-0.4166666666666667,0.7083333333333334,-0.5652173913043478,0.16666666666666666,-0.875
6,0,1,0,-0.1570951585976627,0.9166666666666666,-0.2556792866277682,5,4,3,2,1,0,6,5,4,3,0,1,1,1,1,0,0,0,1,1,1,0,0,0,0,0,1,1,0,0,0,0,0,0,0,1,0,0,0,0,0.9357262103505845,-0.6358642972536349,-0.05259740259740263,-0.7133911368015413,1.1570327552986512,0.10003211303789343,0.2018304431599229,0.12347463070006418,-0.5658064516129032,2.066347687400319,0.7083333333333334,0.5416666666666666,0.3333333333333333,0.7916666666666666,0.3333333333333333,-0.875,-0.4166666666666667,0.8260869565217391,-0.5416666666666666,0.16666666666666666
0,0,0,1,0.9096828046744574,0.9166666666666666,0.5403400805037644,6,5,4,3,2,1,0,6,5,4,0,0,1,1,1,1,0,0,0,1,1,1,0,0,0,0,0,1,1,0,0,0,0,0,0,0,1,0,0,0,-0.15542570951585968,0.9054927302100162,-0.6405844155844156,-0.05684007707129092,-0.7133911368015413,1.1570327552986512,0.10003211303789343,0.20664739884393057,0.11919354838709678,-0.5594896331738436,0.9166666666666666,0.7083333333333334,0.5416666666666666,0.3333333333333333,0.7916666666666666,0.3333333333333333,-0.875,-0.34782608695652173,0.7916666666666666,-0.5416666666666666
1,1,0,0,-0.16894824707846406,0.625,-0.2740747161307099,0,6,5,4,3,2,1,0,6,5,0,0,0,1,1,1,1,0,0,0,0,1,1,0,0,0,0,0,1,1,1,0,0,0,0,0,0,1,0,0,0.9113522537562604,-0.15040387722132464,0.9082792207792209,-0.638407193320488,-0.05684007707129092,-0.7133911368015413,1.1570327552986512,0.1048490687219011,0.20274193548387098,0.1178628389154705,0.9166666666666666,0.9166666666666666,0.7083333333333334,0.5416666666666666,0.3333333333333333,0.7916666666666666,0.3333333333333333,-0.8260869565217391,-0.3333333333333333,0.7916666666666666
2,1,0,0,0.8976627712854758,0.2916666666666667,0.422331507020129,1,0,6,5,4,3,2,1,0,6,1,0,0,0,1,1,1,1,0,0,0,0,1,1,0,0,0,0,0,1,0,1,0,0,0,0,0,0,1,0,-0.16727879799666104,0.8819063004846526,-0.1527597402597402,0.8935452793834296,-0.638407193320488,-0.05684007707129092,-0.7133911368015413,1.1618497109826589,0.100483870967742,0.20047846889952153,0.625,0.9166666666666666,0.9166666666666666,0.7083333333333334,0.5416666666666666,0.3333333333333333,0.7916666666666666,0.43478260869565216,-0.7916666666666666,-0.3333333333333333
3,1,0,0,1.2372287145242071,0.16666666666666666,0.9578663004916296,2,1,0,6,5,4,3,2,1,0,1,1,0,0,0,1,1,1,1,0,0,0,0,1,1,0,0,0,0,0,0,0,1,0,0,0,0,0,0,1,0.8993322203672788,-0.16187399030694663,0.884577922077922,-0.15590879897238266,0.8935452793834296,-0.638407193320488,-0.05684007707129092,-0.7085741811175337,1.1622580645161291,0.09936204146730468,0.2916666666666667,0.625,0.9166666666666666,0.9166666666666666,0.7083333333333334,0.5416666666666666,0.3333333333333333,0.9130434782608695,0.4166666666666667,-0.7916666666666666
4,1,0,0,-0.09732888146911517,2.7916666666666665,-0.24260312739028814,3,2,1,0,6,5,4,3,2,1,1,1,1,0,0,0,1,1,1,1,0,0,0,0,1,1,0,0,0,0,0,0,0,1,0,0,0,0,0,0,1.2388981636060101,0.8702746365105007,-0.16428571428571423,0.8701027617212587,-0.15590879897238266,0.8935452793834296,-0.638407193320488,-0.05202312138728326,-0.7166129032258064,1.1492822966507177,0.16666666666666666,0.2916666666666667,0.625,0.9166666666666666,0.9166666666666666,0.7083333333333334,0.5416666666666666,0.43478260869565216,0.875,0.4166666666666667
5,0,1,0,0.21886477462437395,2.5833333333333335,0.029245341836866588,4,3,2,1,0,6,5,4,3,2,1,1,1,1,0,0,0,1,1,1,0,0,0,0,0,1,1,0,0,0,0,0,0,0,1,0,0,0,0,0,-0.09565943238731214,1.198869143780291,0.8728896103896103,-0.16730892742453427,0.8701027617212587,-0.15590879897238266,0.8935452793834296,-0.6335902376364804,-0.057096774193548375,-0.7086124401913875,2.7916666666666665,0.16666666666666666,0.2916666666666667,0.625,0.9166666666666666,0.9166666666666666,0.7083333333333334,0.6521739130434783,0.4166666666666667,0.875
6,0,1,0,0.3903171953255425,1.6666666666666667,0.10328705963574099,5,4,3,2,1,0,6,5,4,3,0,1,1,1,1,0,0,0,1,1,1,0,0,0,0,0,1,1,0,0,0,0,0,0,0,1,0,0,0,0,0.22053422370617698,-0.09256865912762516,1.2030844155844156,0.8585420680796402,-0.16730892742453427,0.8701027617212587,-0.15590879897238266,0.8983622350674373,-0.6412903225806451,-0.056459330143540654,2.5833333333333335,2.7916666666666665,0.16666666666666666,0.2916666666666667,0.625,0.9166666666666666,0.9166666666666666,0.8260869565217391,0.625,0.4166666666666667
0,1,0,0,-0.4836393989983305,0.75,-0.5989737062601029,6,5,4,3,2,1,0,6,5,4,0,0,1,1,1,1,0,0,0,1,1,1,0,0,0,0,0,1,1,0,0,0,0,0,0,0,1,0,0,0,0.39198664440734554,0.21340872374798064,-0.09464285714285711,1.1851316634553628,0.8585420680796402,-0.16730892742453427,0.8701027617212587,-0.151091843288375,0.8975806451612904,-0.6341307814992025,1.6666666666666667,2.5833333333333335,2.7916666666666665,0.16666666666666666,0.2916666666666667,0.625,0.9166666666666666,1.0434782608695652,0.7916666666666666,0.625
1,1,0,0,-0.5397328881469114,-0.08333333333333333,-0.641488331212012,0,6,5,4,3,2,1,0,6,5,1,0,0,1,1,1,1,0,0,0,0,1,1,0,0,0,0,0,1,1,0,0,0,0,0,0,0,1,0,0,-0.48196994991652753,0.3793214862681744,0.2128246753246753,-0.09842646114322406,1.1851316634553628,0.8585420680796402,-0.16730892742453427,0.8749197174052663,-0.15661290322580634,0.8875598086124402,0.75,1.6666666666666667,2.5833333333333335,2.7916666666666665,0.16666666666666666,0.2916666666666667,0.625,1.0434782608695652,1.0,0.7916666666666666
2,1,0,0,0.342737896494157,2.25,0.1694996570910678,1,0,6,5,4,3,2,1,0,6,1,1,0,0,1,1,1,1,0,0,0,0,1,1,0,0,0,0,0,1,0,0,0,0,0,0,0,0,1,0,-0.5380634390651085,-0.4663974151857835,0.37954545454545446,0.2056840077071291,-0.09842646114322406,1.1851316634553628,0.8585420680796402,-0.1624919717405266,0.8740322580645161,-0.15486443381180212,-0.08333333333333333,0.75,1.6666666666666667,2.5833333333333335,2.7916666666666665,0.16666666666666666,0.2916666666666667,0.7391304347826086,1.0,1.0
3,1,0,0,-0.40567612687813026,1.125,-0.5016666438567599,2,1,0,6,5,4,3,2,1,0,1,1,1,0,0,1,1,1,1,0,0,0,0,1,1,0,0,0,0,0,0,0,0,0,0,0,0,0,0,1,0.34440734557596,-0.5206785137318255,-0.47029220779220776,0.37058445728965955,0.2056840077071291,-0.09842646114322406,1.1851316634553628,0.8633590237636478,-0.16806451612903217,0.864274322169059,2.25,-0.08333333333333333,0.75,1.6666666666666667,2.5833333333333335,2.7916666666666665,0.16666666666666666,0.391304347826087,0.7083333333333334,1.0
4,1,0,0,0.46477462437395667,1.4583333333333333,0.34185891616446856,3,2,1,0,6,5,4,3,2,1,1,1,1,1,0,0,1,1,1,1,0,0,0,0,1,1,0,0,0,0,0,0,0,0,0,0,0,0,0,0,-0.4040066777963272,0.33327948303715677,-0.5248376623376623,-0.46997430956968517,0.37058445728965955,0.2056840077071291,-0.09842646114322406,1.1899486191393704,0.8624193548387097,-0.16618819776714505,1.125,2.25,-0.08333333333333333,0.75,1.6666666666666667,2.5833333333333335,2.7916666666666665,0.2608695652173913,0.375,0.7083333333333334
5,0,1,0,0.9589315525876461,1.5,0.7117869433052163,4,3,2,1,0,6,5,4,3,2,1,1,1,1,1,0,0,1,1,1,0,0,0,0,0,1,1,0,0,0,0,0,0,0,0,0,0,0,0,0,0.46644407345575967,-0.39095315024232635,0.3332792207792208,-0.5239242132305715,-0.46997430956968517,0.37058445728965955,0.2056840077071291,-0.0936095054592164,1.1904838709677419,0.8527910685805422,1.4583333333333333,1.125,2.25,-0.08333333333333333,0.75,1.6666666666666667,2.5833333333333335,3.0,0.25,0.375
6,0,1,0,0.4599332220367278,1.7916666666666667,-0.4260670094235328,5,4,3,2,1,0,6,5,4,3,0,1,1,1,1,1,0,0,1,1,1,0,0,0,0,0,1,1,0,0,0,0,0,0,0,0,0,0,0,0,0.9606010016694491,0.45137318255250414,-0.3944805194805195,0.3248233782915864,-0.5239242132305715,-0.46997430956968517,0.37058445728965955,0.21050096339113678,-0.0988709677419354,1.1771929824561402,1.5,1.4583333333333333,1.125,2.25,-0.08333333333333333,0.75,1.6666666666666667,2.782608695652174,2.875,0.25
0,1,0,0,-0.8392320534223707,-1.0416666666666667,-0.8659872355761554,6,5,4,3,2,1,0,6,5,4,0,0,1,1,1,1,1,0,0,1,1,1,0,0,0,0,0,1,1,0,0,0,0,0,0,0,0,0,0,0,0.46160267111853087,0.9295638126009693,0.451948051948052,-0.3949903660886319,0.3248233782915864,-0.5239242132305715,-0.46997430956968517,0.3754014129736672,0.2066129032258065,-0.09776714513556611,1.7916666666666667,1.5,1.4583333333333333,1.125,2.25,-0.08333333333333333,0.75,1.826086956521739,2.6666666666666665,2.875
1,1,0,0,-0.8514190317195326,-1.875,-0.8682758295582937,0,6,5,4,3,2,1,0,6,5,1,0,0,1,1,1,1,1,0,0,0,1,1,0,0,0,0,0,1,1,0,0,0,0,0,0,0,0,0,0,-0.8375626043405676,0.4466882067851373,0.9324675324675324,0.44219653179190754,-0.3949903660886319,0.3248233782915864,-0.5239242132305715,-0.4651573538856775,0.37225806451612903,0.2043062200956938,-1.0416666666666667,1.7916666666666667,1.5,1.4583333333333333,1.125,2.25,-0.08333333333333333,0.8695652173913043,1.75,2.6666666666666665
2,1,0,0,-0.5696160267111854,0.125,-0.6190373002802577,1,0,6,5,4,3,2,1,0,6,1,1,0,0,1,1,1,1,1,0,0,0,1,1,0,0,0,0,0,1,0,0,0,0,0,0,0,0,0,0,-0.8497495826377296,-0.8105008077544427,0.44724025974025966,0.9174694926140011,0.44219653179190754,-0.3949903660886319,0.3248233782915864,-0.5191072575465638,-0.47209677419354834,0.3681020733652312,-1.875,-1.0416666666666667,1.7916666666666667,1.5,1.4583333333333333,1.125,2.25,0.0,0.8333333333333334,1.75
3,1,0,0,1.695993322203673,1.1666666666666667,1.5745458167391262,2,1,0,6,5,4,3,2,1,0,1,1,1,0,0,1,1,1,1,1,0,0,0,1,1,0,0,0,0,0,0,0,0,0,0,0,0,0,0,0,-0.5679465776293823,-0.8222940226171244,-0.8160714285714286,0.4375401412973667,0.9174694926140011,0.44219653179190754,-0.3949903660886319,0.32964033397559406,-0.5262903225806451,-0.4668261562998404,0.125,-1.875,-1.0416666666666667,1.7916666666666667,1.5,1.4583333333333333,1.125,2.4347826086956523,0.0,0.8333333333333334
4,1,0,0,0.3687813021702839,3.3333333333333335,0.3667886236350172,3,2,1,0,6,5,4,3,2,1,1,1,1,1,0,0,1,1,1,1,0,0,0,0,1,1,0,0,0,0,0,0,0,0,0,0,0,0,0,0,1.6976627712854757,-0.5495961227786752,-0.827922077922078,-0.8119781631342324,0.4375401412973667,0.9174694926140011,0.44219653179190754,-0.3901734104046242,0.3262903225806452,-0.5204146730462519,1.1666666666666667,0.125,-1.875,-1.0416666666666667,1.7916666666666667,1.5,1.4583333333333333,1.2608695652173914,2.3333333333333335,0.0
5,0,1,0,0.105008347245409,2.7916666666666665,0.12451547956308384,4,3,2,1,0,6,5,4,3,2,1,1,1,1,1,0,0,1,1,1,0,0,0,0,0,1,1,0,0,0,0,0,0,0,0,0,0,0,0,0,0.3704507512520869,1.64281098546042,-0.553896103896104,-0.8236994219653178,-0.8119781631342324,0.4375401412973667,0.9174694926140011,0.44701348747591524,-0.39677419354838706,0.32264752791068585,3.3333333333333335,1.1666666666666667,0.125,-1.875,-1.0416666666666667,1.7916666666666667,1.5,1.608695652173913,1.2083333333333333,2.3333333333333335
6,0,1,0,-0.5230383973288815,0.20833333333333334,-0.5069136827506923,5,4,3,2,1,0,6,5,4,3,0,1,1,1,1,1,0,0,1,1,1,0,0,0,0,0,1,1,0,0,0,0,0,0,0,0,0,0,0,0,0.10667779632721203,0.35848142164781915,1.6491883116883117,-0.5526653821451509,-0.8236994219653178,-0.8119781631342324,0.4375401412973667,0.9222864482980089,0.44419354838709685,-0.39234449760765544,2.7916666666666665,3.3333333333333335,1.1666666666666667,0.125,-1.875,-1.0416666666666667,1.7916666666666667,1.6521739130434783,1.5416666666666667,1.2083333333333333
0,1,0,0,-0.06811352253756257,0.4583333333333333,-0.1238623558984138,6,5,4,3,2,1,0,6,5,4,0,0,1,1,1,1,1,0,0,1,1,1,0,0,0,0,0,1,1,0,0,0,0,0,0,0,0,0,0,0,-0.5213689482470785,0.10323101777059775,0.35860389610389615,1.6263648041104688,-0.5526653821451509,-0.8236994219653178,-0.8119781631342324,0.4423570969813743,0.9216129032258065,0.43923444976076564,0.20833333333333334,2.7916666666666665,3.3333333333333335,1.1666666666666667,0.125,-1.875,-1.0416666666666667,1.9565217391304348,1.5833333333333333,1.5416666666666667
1,1,0,0,0.25292153589315536,0.7916666666666666,0.07077685980575084,0,6,5,4,3,2,1,0,6,5,1,0,0,1,1,1,1,1,0,0,0,1,1,0,0,0,0,0,1,1,0,0,0,0,0,0,0,0,0,0,-0.06644407345575955,-0.5045234248788368,0.1021103896103896,0.3498715478484265,1.6263648041104688,-0.5526653821451509,-0.8236994219653178,-0.8071612074502247,0.43951612903225806,0.9113237639553429,0.4583333333333333,0.20833333333333334,2.7916666666666665,3.3333333333333335,1.1666666666666667,0.125,-1.875,-1.0,1.875,1.5833333333333333
2,1,0,0,0.5258764607679466,0.5,0.5804490206186351,1,0,6,5,4,3,2,1,0,6,1,1,0,0,1,1,1,1,1,0,0,0,1,1,0,0,0,0,0,1,0,0,0,0,0,0,0,0,0,0,0.2545909849749584,-0.06429725363489494,-0.5086038961038961,0.09617854849068724,0.3498715478484265,1.6263648041104688,-0.5526653821451509,-0.8188824662813101,-0.8156451612903226,0.43460925039872406,0.7916666666666666,0.4583333333333333,0.20833333333333334,2.7916666666666665,3.3333333333333335,1.1666666666666667,0.125,-1.8695652173913044,-0.9583333333333334,1.875
3,1,0,0,-0.5076794657762939,3.3333333333333335,-0.5090532520084123,2,1,0,6,5,4,3,2,1,0,1,1,1,0,0,1,1,1,1,1,0,0,0,1,1,0,0,0,0,0,0,0,0,0,0,0,0,0,0,0,0.5275459098497496,0.24636510500807768,-0.0662337662337662,-0.5078676942838791,0.09617854849068724,0.3498715478484265,1.6263648041104688,-0.5478484264611432,-0.8274193548387097,-0.8065390749601276,0.5,0.7916666666666666,0.4583333333333333,0.20833333333333334,2.7916666666666665,3.3333333333333335,1.1666666666666667,0.21739130434782608,-1.7916666666666667,-0.9583333333333334
4,1,0,0,0.10901502504173625,1.125,0.11519307065444664,3,2,1,0,6,5,4,3,2,1,1,1,1,1,0,0,1,1,1,1,0,0,0,0,1,1,0,0,0,0,0,0,0,0,0,0,0,0,0,0,-0.5060100166944909,0.5105008077544427,0.24594155844155852,-0.07032755298651244,-0.5078676942838791,0.09617854849068724,0.3498715478484265,1.6311817597944764,-0.5551612903225807,-0.8181818181818181,3.3333333333333335,0.5,0.7916666666666666,0.4583333333333333,0.20833333333333334,2.7916666666666665,3.3333333333333335,1.3043478260869565,0.20833333333333334,-1.7916666666666667
5,0,1,0,0.02687813021702837,0.7916666666666666,-0.047577663930998514,4,3,2,1,0,6,5,4,3,2,1,1,1,1,1,0,0,1,1,1,0,0,0,0,0,1,1,0,0,0,0,0,0,0,0,0,0,0,0,0,0.11068447412353928,-0.48966074313408725,0.5113636363636364,0.23843930635838162,-0.07032755298651244,-0.5078676942838791,0.09617854849068724,0.3546885035324342,1.633709677419355,-0.54896331738437,1.125,3.3333333333333335,0.5,0.7916666666666666,0.4583333333333333,0.20833333333333334,2.7916666666666665,3.5652173913043477,1.25,0.20833333333333334
6,0,0,1,-0.07095158597662772,0.8333333333333334,0.07576310543195121,5,4,3,2,1,0,6,5,4,3,0,1,1,1,1,1,0,0,1,1,1,0,0,0,0,0,1,1,0,0,0,0,0,0,0,0,0,0,0,0,0.0285475792988314,0.10710823909531507,-0.49366883116883115,0.5009633911368016,0.23843930635838162,-0.07032755298651244,-0.5078676942838791,0.1009955041746949,0.3514516129032259,1.6154704944178628,0.7916666666666666,1.125,3.3333333333333335,0.5,0.7916666666666666,0.4583333333333333,0.20833333333333334,3.0,3.4166666666666665,1.25
0,1,0,0,-0.7574290484140234,1.875,-0.7528653044590327,6,5,4,3,2,1,0,6,5,4,0,0,1,1,1,1,1,0,0,1,0,1,0,0,0,0,0,1,1,0,1,0,0,0,0,0,0,0,0,0,-0.06928213689482468,0.027625201938610677,0.10600649350649352,-0.4930956968529222,0.5009633911368016,0.23843930635838162,-0.07032755298651244,-0.5030507385998715,0.09661290322580648,0.3475279106858055,0.8333333333333334,0.7916666666666666,1.125,3.3333333333333335,0.5,0.7916666666666666,0.4583333333333333,0.30434782608695654,2.875,3.4166666666666665
1,1,0,0,0.6457429048414025,1.7916666666666667,1.196636603209506,0,6,5,4,3,2,1,0,6,5,1,0,0,1,1,1,1,1,0,0,0,0,1,0,0,0,0,0,1,1,0,1,0,0,0,0,0,0,0,0,-0.7557595993322204,-0.06704361873990305,0.026136363636363628,0.10003211303789343,-0.4930956968529222,0.5009633911368016,0.23843930635838162,-0.06551059730250477,-0.5101612903225806,0.0955342902711324,1.875,0.8333333333333334,0.7916666666666666,1.125,3.3333333333333335,0.5,0.7916666666666666,0.5652173913043478,0.2916666666666667,2.875
2,1,0,0,0.5642737896494157,1.625,1.075823931850081,1,0,6,5,4,3,2,1,0,6,1,1,0,0,1,1,1,1,1,0,0,0,0,1,0,0,0,0,0,1,0,0,1,0,0,0,0,0,0,0,0.6474123539232055,-0.7313408723747981,-0.0689935064935065,0.021034039820167022,0.10003211303789343,-0.4930956968529222,0.5009633911368016,0.24325626204238926,-0.07064516129032251,-0.5044657097288675,1.7916666666666667,1.875,0.8333333333333334,0.7916666666666666,1.125,3.3333333333333335,0.5,0.9130434782608695,0.5416666666666666,0.2916666666666667
3,1,0,0,1.1629382303839733,1.9166666666666667,2.2797764325001633,2,1,0,6,5,4,3,2,1,0,1,1,1,0,0,1,1,1,1,1,0,0,0,0,1,0,0,0,0,0,0,0,0,1,0,0,0,0,0,0,0.5659432387312187,0.6264943457189016,-0.736525974025974,-0.07305716120745016,0.021034039820167022,0.10003211303789343,-0.4930956968529222,0.5057803468208092,0.2395161290322582,-0.06985645933014346,1.625,1.7916666666666667,1.875,0.8333333333333334,0.7916666666666666,1.125,3.3333333333333335,0.6086956521739131,0.875,0.5416666666666666
4,1,0,0,0.5986644407345576,1.9583333333333333,1.3723109020709874,3,2,1,0,6,5,4,3,2,1,1,1,1,1,0,0,1,1,1,1,0,0,0,0,0,1,0,0,0,0,0,0,0,0,1,0,0,0,0,0,1.1646076794657763,0.5476575121163166,0.627922077922078,-0.7333012202954398,-0.07305716120745016,0.021034039820167022,0.10003211303789343,-0.4882787411689145,0.503225806451613,0.23684210526315802,1.9166666666666667,1.625,1.7916666666666667,1.875,0.8333333333333334,0.7916666666666666,1.125,3.5652173913043477,0.5833333333333334,0.875
5,0,1,0,-0.35659432387312184,1.7083333333333333,-0.18381059261658522,4,3,2,1,0,6,5,4,3,2,1,1,1,1,1,0,0,1,1,1,0,0,0,0,0,0,1,0,0,0,0,0,0,0,0,1,0,0,0,0,0.6003338898163606,1.126978998384491,0.5487012987012987,0.6162491971740527,-0.7333012202954398,-0.07305716120745016,0.021034039820167022,0.1048490687219011,-0.49532258064516127,0.4976076555023924,1.9583333333333333,1.9166666666666667,1.625,1.7916666666666667,1.875,0.8333333333333334,0.7916666666666666,1.2608695652173914,3.4166666666666665,0.5833333333333334
6,0,1,0,-0.03689482470784643,1.4583333333333333,0.23071460396679486,5,4,3,2,1,0,6,5,4,3,0,1,1,1,1,1,0,0,1,1,1,0,0,0,0,0,0,1,0,0,0,0,0,0,0,0,1,0,0,0,-0.35492487479131885,0.5809369951534734,1.1308441558441558,0.5378933847141939,0.6162491971740527,-0.7333012202954398,-0.07305716120745016,0.025850995504174683,0.100483870967742,-0.48979266347687395,1.7083333333333333,1.9583333333333333,1.9166666666666667,1.625,1.7916666666666667,1.875,0.8333333333333334,0.9130434782608695,1.2083333333333333,3.4166666666666665
0,1,0,0,0.5951585976627713,0.875,1.322615718458841,6,5,4,3,2,1,0,6,5,4,0,0,1,1,1,1,1,0,0,1,1,1,0,0,0,0,0,0,1,0,0,0,0,0,0,0,0,1,0,0,-0.035225375626043394,-0.34345718901453953,0.5821428571428571,1.1136801541425818,0.5378933847141939,0.6162491971740527,-0.7333012202954398,-0.06824020552344251,0.02112903225806455,0.09936204146730468,1.4583333333333333,1.7083333333333333,1.9583333333333333,1.9166666666666667,1.625,1.7916666666666667,1.875,0.9565217391304348,0.875,1.2083333333333333
1,1,0,0,0.09682804674457425,1.7083333333333333,0.4576374410934157,0,6,5,4,3,2,1,0,6,5,1,0,0,1,1,1,1,1,0,0,0,1,1,0,0,0,0,0,0,1,0,0,0,0,0,0,0,0,1,0,0.5968280467445745,-0.03408723747980613,-0.34675324675324676,0.5709698137443802,1.1136801541425818,0.5378933847141939,0.6162491971740527,-0.7284842646114321,-0.0733870967741935,0.02089314194577356,0.875,1.4583333333333333,1.7083333333333333,1.9583333333333333,1.9166666666666667,1.625,1.7916666666666667,2.0434782608695654,0.9166666666666666,0.875
2,1,0,0,-0.6560934891485809,1.7083333333333333,-0.5873467364345683,1,0,6,5,4,3,2,1,0,6,1,1,0,0,1,1,1,1,1,0,0,0,1,1,0,0,0,0,0,0,0,0,0,0,0,0,0,0,0,1,0.09849749582637728,0.5775444264943459,-0.03587662337662339,-0.34778420038535635,0.5709698137443802,1.1136801541425818,0.5378933847141939,0.6210661528580604,-0.7366129032258064,-0.07256778309409884,1.7083333333333333,0.875,1.4583333333333333,1.7083333333333333,1.9583333333333333,1.9166666666666667,1.625,1.9565217391304348,1.9583333333333333,0.9166666666666666
3,1,0,0,0.4373956594323874,1.3333333333333333,0.8008041252476775,2,1,0,6,5,4,3,2,1,0,1,1,1,0,0,1,1,1,1,1,0,0,0,1,1,0,0,0,0,0,0,0,0,0,0,0,0,0,0,0,-0.654424040066778,0.09531502423263326,0.5787337662337663,-0.040301862556197776,-0.34778420038535635,0.5709698137443802,1.1136801541425818,0.5427103403982015,0.6190322580645163,-0.728389154704944,1.7083333333333333,1.7083333333333333,0.875,1.4583333333333333,1.7083333333333333,1.9583333333333333,1.9166666666666667,1.7826086956521738,1.875,1.9583333333333333
4,1,0,0,0.005008347245408968,2.2916666666666665,0.31508084591299695,3,2,1,0,6,5,4,3,2,1,1,1,1,1,0,0,1,1,1,1,0,0,0,0,1,1,0,0,0,0,0,0,0,0,0,0,0,0,0,0,0.4390651085141904,-0.6332794830371568,0.0941558441558441,0.5675979447655749,-0.040301862556197776,-0.34778420038535635,0.5709698137443802,1.1184971098265895,0.5403225806451613,0.6121212121212123,1.3333333333333333,1.7083333333333333,1.7083333333333333,0.875,1.4583333333333333,1.7083333333333333,1.9583333333333333,2.0869565217391304,1.7083333333333333,1.875
5,0,1,0,0.352253756260434,2.2083333333333335,0.5619737564418978,4,3,2,1,0,6,5,4,3,2,1,1,1,1,1,0,0,1,1,1,0,0,0,0,0,1,1,0,0,0,0,0,0,0,0,0,0,0,0,0,0.006677796327211997,0.42487883683360267,-0.6379870129870129,0.08831085420680795,0.5675979447655749,-0.040301862556197776,-0.34778420038535635,0.5757867694283878,1.1187096774193548,0.5342902711323764,2.2916666666666665,1.3333333333333333,1.7083333333333333,1.7083333333333333,0.875,1.4583333333333333,1.7083333333333333,2.130434782608696,2.0,1.7083333333333333
6,0,1,0,-0.05175292153589318,1.75,0.2985930849486549,5,4,3,2,1,0,6,5,4,3,0,1,1,1,1,1,0,0,1,1,1,0,0,0,0,0,1,1,0,0,0,0,0,0,0,0,0,0,0,0,0.353923205342237,0.0064620355411954536,0.4253246753246754,-0.6358381502890171,0.08831085420680795,0.5675979447655749,-0.040301862556197776,-0.3429672447013487,0.5735483870967742,1.1062200956937798,2.2083333333333335,2.2916666666666665,1.3333333333333333,1.7083333333333333,1.7083333333333333,0.875,1.4583333333333333,1.8695652173913044,2.0416666666666665,2.0
0,1,0,0,-0.0016694490818030287,0.5833333333333334,0.10228418406682391,6,5,4,3,2,1,0,6,5,4,0,0,1,1,1,1,1,0,0,1,1,1,0,0,0,0,0,1,1,0,0,0,0,0,0,0,0,0,0,0,-0.05008347245409015,0.3424878836833602,0.004870129870129824,0.4158638407193321,-0.6358381502890171,0.08831085420680795,0.5675979447655749,-0.035484906872190115,-0.3493548387096774,0.5671451355661882,1.75,2.2083333333333335,2.2916666666666665,1.3333333333333333,1.7083333333333333,1.7083333333333333,0.875,1.608695652173913,1.7916666666666667,2.0416666666666665
1,1,0,0,-0.7363939899833055,-1.0833333333333333,-0.7430730114703418,0,6,5,4,3,2,1,0,6,5,1,0,0,1,1,1,1,1,0,0,0,1,1,0,0,0,0,0,1,1,0,0,0,0,0,0,0,0,0,0,0.0,-0.048465266558966075,0.3425324675324674,0.0,0.4158638407193321,-0.6358381502890171,0.08831085420680795,0.5724149004495825,-0.040483870967741906,-0.3454545454545454,0.5833333333333334,1.75,2.2083333333333335,2.2916666666666665,1.3333333333333333,1.7083333333333333,1.7083333333333333,1.0,1.5416666666666667,1.7916666666666667
2,0,0,1,0.1535893155258765,-0.3333333333333333,0.42474251416875375,1,0,6,5,4,3,2,1,0,6,1,1,0,0,1,1,1,1,1,0,0,0,1,1,0,0,0,0,0,1,0,0,0,0,0,0,0,0,0,0,-0.7347245409015025,0.0,-0.05032467532467535,0.3339755940912009,0.0,0.4158638407193321,-0.6358381502890171,0.09312780989081561,0.5701612903225808,-0.04003189792663474,-1.0833333333333333,0.5833333333333334,1.75,2.2083333333333335,2.2916666666666665,1.3333333333333333,1.7083333333333333,1.8695652173913044,0.9583333333333334,1.5416666666666667
3,1,0,0,1.0517529215358932,0.041666666666666664,1.4956767623314158,2,1,0,6,5,4,3,2,1,0,0,1,1,0,0,1,1,1,1,1,0,0,0,1,1,0,0,0,0,0,1,0,0,0,0,0,0,0,0,0,0.15525876460767954,-0.7109854604200323,-0.0016233766233766465,-0.05459216441875398,0.3339755940912009,0.0,0.4158638407193321,-0.6310211946050095,0.08870967741935484,0.5637958532695376,-0.3333333333333333,-1.0833333333333333,0.5833333333333334,1.75,2.2083333333333335,2.2916666666666665,1.3333333333333333,1.8695652173913044,1.7916666666666667,0.9583333333333334
4,1,0,0,-0.16193656093489153,0.7916666666666666,0.1550100439622937,3,2,1,0,6,5,4,3,2,1,1,0,1,1,0,0,1,1,1,1,0,0,0,0,1,1,0,0,0,0,0,1,0,0,0,0,0,0,0,0,1.0534223706176962,0.1502423263327949,-0.7160714285714286,-0.006422607578676919,-0.05459216441875398,0.3339755940912009,0.0,0.4206807964033397,-0.6387096774193547,0.08771929824561403,0.041666666666666664,-0.3333333333333333,-1.0833333333333333,0.5833333333333334,1.75,2.2083333333333335,2.2916666666666665,1.4782608695652173,1.7916666666666667,1.7916666666666667
5,0,1,0,-0.5676126878130218,-0.25,-0.5648075071965256,4,3,2,1,0,6,5,4,3,2,1,1,0,1,1,0,0,1,1,1,0,0,0,0,0,1,1,0,0,0,0,0,1,0,0,0,0,0,0,0,-0.1602671118530885,1.0193861066235865,0.1493506493506494,-0.7130700064226074,-0.006422607578676919,-0.05459216441875398,0.3339755940912009,0.004816955684007661,0.41774193548387106,-0.6315789473684209,0.7916666666666666,0.041666666666666664,-0.3333333333333333,-1.0833333333333333,0.5833333333333334,1.75,2.2083333333333335,2.4782608695652173,1.4166666666666667,1.7916666666666667
6,0,1,0,0.5959933222036728,-0.20833333333333334,1.2626150189550325,5,4,3,2,1,0,6,5,4,3,0,1,1,0,1,1,0,0,1,1,1,0,0,0,0,0,1,1,0,0,0,0,0,1,0,0,0,0,0,0,-0.5659432387312187,-0.15508885298869146,1.0227272727272727,0.14290301862556204,-0.7130700064226074,-0.006422607578676919,-0.05459216441875398,0.3387925497752086,0.0,0.41307814992025527,-0.25,0.7916666666666666,0.041666666666666664,-0.3333333333333333,-1.0833333333333333,0.5833333333333334,1.75,2.391304347826087,2.375,1.4166666666666667
0,1,0,0,0.49749582637729545,-0.4583333333333333,0.6347289954973244,6,5,4,3,2,1,0,6,5,4,0,0,1,1,0,1,1,0,0,1,1,1,0,0,0,0,0,1,1,0,0,0,0,0,1,0,0,0,0,0,0.5976627712854758,-0.5476575121163166,-0.1574675324675325,1.0067437379576107,0.14290301862556204,-0.7130700064226074,-0.006422607578676919,-0.04977520873474632,0.3354838709677419,0.0,-0.20833333333333334,-0.25,0.7916666666666666,0.041666666666666664,-0.3333333333333333,-1.0833333333333333,0.5833333333333334,1.9130434782608696,2.2916666666666665,2.375
1,1,0,0,-0.2470784641068447,-1.0,-0.3575566940233482,0,6,5,4,3,2,1,0,6,5,1,0,0,1,1,0,1,1,0,0,0,1,1,0,0,0,0,0,1,1,0,0,0,0,0,1,0,0,0,0,0.4991652754590985,0.5783521809369953,-0.551948051948052,-0.16056518946692355,1.0067437379576107,0.14290301862556204,-0.7130700064226074,-0.0016056518946692584,-0.054838709677419335,0.33173843700159483,-0.4583333333333333,-0.20833333333333334,-0.25,0.7916666666666666,0.041666666666666664,-0.3333333333333333,-1.0833333333333333,0.6956521739130435,1.8333333333333333,2.2916666666666665
2,0,0,1,-0.4006677796327212,-1.0833333333333333,-0.5684875054933859,1,0,6,5,4,3,2,1,0,6,1,1,0,0,1,1,0,1,1,0,0,0,1,1,0,0,0,0,0,1,0,0,0,0,0,0,1,0,0,0,-0.24540901502504167,0.48303715670436187,0.5795454545454546,-0.5507385998715477,-0.16056518946692355,1.0067437379576107,0.14290301862556204,-0.7082530507385998,-0.006451612903225784,-0.05422647527910683,-1.0,-0.4583333333333333,-0.20833333333333334,-0.25,0.7916666666666666,0.041666666666666664,-0.3333333333333333,-1.0434782608695652,0.6666666666666666,1.8333333333333333
3,1,0,0,-0.7679465776293823,0.0,-0.752150594046006,2,1,0,6,5,4,3,2,1,0,0,1,1,0,0,1,1,0,1,1,0,0,0,1,1,0,0,0,0,0,1,0,0,0,0,0,0,1,0,0,-0.39899833055091816,-0.2374798061389337,0.48376623376623373,0.5684007707129095,-0.5507385998715477,-0.16056518946692355,1.0067437379576107,0.1477199743095697,-0.7162903225806451,-0.006379585326953725,-1.0833333333333333,-1.0,-0.4583333333333333,-0.20833333333333334,-0.25,0.7916666666666666,0.041666666666666664,-0.2608695652173913,-1.0,0.6666666666666666
4,1,0,0,-0.4340567612687813,-0.5833333333333334,-0.35849646218345554,3,2,1,0,6,5,4,3,2,1,1,0,1,1,0,0,1,1,0,1,0,0,0,0,1,1,0,0,0,0,0,1,0,0,0,0,0,0,1,0,-0.7662771285475793,-0.3861066235864297,-0.2402597402597402,0.4736673089274245,0.5684007707129095,-0.5507385998715477,-0.16056518946692355,1.0115606936416184,0.14354838709677428,-0.7082934609250398,0.0,-1.0833333333333333,-1.0,-0.4583333333333333,-0.20833333333333334,-0.25,0.7916666666666666,0.13043478260869565,-0.25,-1.0
5,0,1,0,-0.667779632721202,0.3333333333333333,-0.6429785784561951,4,3,2,1,0,6,5,4,3,2,1,1,0,1,1,0,0,1,1,0,0,0,0,0,0,1,1,0,0,0,0,0,1,0,0,0,0,0,0,1,-0.4323873121869783,-0.7415185783521809,-0.38961038961038963,-0.24245343609505446,0.4736673089274245,0.5684007707129095,-0.5507385998715477,-0.15574823378291588,1.011290322580645,0.141945773524721,-0.5833333333333334,0.0,-1.0833333333333333,-1.0,-0.4583333333333333,-0.20833333333333334,-0.25,0.9130434782608695,0.125,-0.25
6,0,1,0,-0.6844741235392321,0.0,-0.6110812047888639,5,4,3,2,1,0,6,5,4,3,0,1,1,0,1,1,0,0,1,1,1,0,0,0,0,0,1,1,0,0,0,0,0,1,0,0,0,0,0,0,-0.666110183639399,-0.4184168012924071,-0.7467532467532467,-0.39017341040462417,-0.24245343609505446,0.4736673089274245,0.5684007707129095,-0.5459216441875401,-0.16129032258064516,1.0,0.3333333333333333,-0.5833333333333334,0.0,-1.0833333333333333,-1.0,-0.4583333333333333,-0.20833333333333334,-0.17391304347826086,0.875,0.125
0,0,0,1,-0.2671118530884808,-0.4583333333333333,0.12485838849529128,6,5,4,3,2,1,0,6,5,4,0,0,1,1,0,1,1,0,0,1,1,1,0,0,0,0,0,1,1,0,0,0,0,0,1,0,0,0,0,0,-0.6828046744574291,-0.6445880452342487,-0.42207792207792205,-0.743416827231856,-0.39017341040462417,-0.24245343609505446,0.4736673089274245,0.5732177263969171,-0.5532258064516129,-0.15948963317384368,0.0,0.3333333333333333,-0.5833333333333334,0.0,-1.0833333333333333,-1.0,-0.4583333333333333,-0.13043478260869565,-0.16666666666666666,0.875
1,1,0,0,-0.5509181969949917,-0.20833333333333334,-0.4117537929073355,0,6,5,4,3,2,1,0,6,5,0,0,0,1,1,0,1,1,0,0,0,1,1,0,0,0,0,0,1,1,1,0,0,0,0,1,0,0,0,0,-0.2654424040066778,-0.6607431340872375,-0.6493506493506493,-0.4222864482980089,-0.743416827231856,-0.39017341040462417,-0.24245343609505446,0.4784842646114321,0.5709677419354839,-0.5470494417862838,-0.4583333333333333,0.0,0.3333333333333333,-0.5833333333333334,0.0,-1.0833333333333333,-1.0,-0.391304347826087,-0.125,-0.16666666666666666
2,1,0,0,-0.15025041736227046,-0.5416666666666666,0.22251140115174822,1,0,6,5,4,3,2,1,0,6,1,0,0,0,1,1,0,1,1,0,0,0,1,1,0,0,0,0,0,1,0,1,0,0,0,0,1,0,0,0,-0.5492487479131887,-0.2568659127625202,-0.6655844155844156,-0.6470777135517018,-0.4222864482980089,-0.743416827231856,-0.39017341040462417,-0.23763648041104682,0.47580645161290325,0.5645933014354068,-0.20833333333333334,-0.4583333333333333,0.0,0.3333333333333333,-0.5833333333333334,0.0,-1.0833333333333333,-0.9565217391304348,-0.375,-0.125
3,1,0,0,-0.3005008347245409,-0.25,0.006503104428315306,2,1,0,6,5,4,3,2,1,0,1,1,0,0,0,1,1,0,1,1,0,0,0,1,1,0,0,0,0,0,0,0,1,0,0,0,0,1,0,0,-0.14858096828046743,-0.531502423263328,-0.2597402597402597,-0.6631342324983942,-0.6470777135517018,-0.4222864482980089,-0.743416827231856,-0.3853564547206165,-0.2435483870967741,0.4704944178628389,-0.5416666666666666,-0.20833333333333334,-0.4583333333333333,0.0,0.3333333333333333,-0.5833333333333334,0.0,-1.0434782608695652,-0.9166666666666666,-0.375
4,1,0,0,-0.18363939899833057,-0.4583333333333333,0.2255192675282729,3,2,1,0,6,5,4,3,2,1,1,1,1,0,0,0,1,1,0,1,0,0,0,0,1,1,0,0,0,0,0,0,0,1,0,0,0,0,1,0,-0.29883138564273787,-0.14378029079159935,-0.5357142857142857,-0.2617212588310853,-0.6631342324983942,-0.6470777135517018,-0.4222864482980089,-0.7385998715478483,-0.3919354838709677,-0.2408293460925039,-0.25,-0.5416666666666666,-0.20833333333333334,-0.4583333333333333,0.0,0.3333333333333333,-0.5833333333333334,0.08695652173913043,-1.0,-0.9166666666666666
5,0,1,0,-0.1335559265442404,0.25,0.26061459012878474,4,3,2,1,0,6,5,4,3,2,1,1,1,1,0,0,0,1,1,0,0,0,0,0,0,1,1,0,0,0,0,0,0,0,1,0,0,0,0,1,-0.18196994991652754,-0.28917609046849757,-0.1461038961038961,-0.5346820809248554,-0.2617212588310853,-0.6631342324983942,-0.6470777135517018,-0.41746949261400124,-0.746774193548387,-0.3875598086124401,-0.4583333333333333,-0.25,-0.5416666666666666,-0.20833333333333334,-0.4583333333333333,0.0,0.3333333333333333,-0.5217391304347826,0.08333333333333333,-1.0
6,0,1,0,2.303839732888147,0.5833333333333334,4.508470078724591,5,4,3,2,1,0,6,5,4,3,0,1,1,1,1,0,0,0,1,1,1,0,0,0,0,0,1,1,0,0,0,0,0,0,0,1,0,0,0,0,-0.13188647746243737,-0.17609046849757673,-0.2922077922077922,-0.14932562620423886,-0.5346820809248554,-0.2617212588310853,-0.6631342324983942,-0.6422607578676942,-0.4241935483870967,-0.7384370015948962,0.25,-0.4583333333333333,-0.25,-0.5416666666666666,-0.20833333333333334,-0.4583333333333333,0.0,0.43478260869565216,-0.5,0.08333333333333333
0,1,0,0,-0.4340567612687813,-0.125,-0.3080097748053935,6,5,4,3,2,1,0,6,5,4,0,0,1,1,1,1,0,0,0,1,1,1,0,0,0,0,0,1,1,0,0,0,0,0,0,0,1,0,0,0,2.30550918196995,-0.12762520193861066,-0.17857142857142858,-0.29383429672447003,-0.14932562620423886,-0.5346820809248554,-0.2617212588310853,-0.6583172768143866,-0.6499999999999999,-0.41945773524720886,0.5833333333333334,0.25,-0.4583333333333333,-0.25,-0.5416666666666666,-0.20833333333333334,-0.4583333333333333,0.08695652173913043,0.4166666666666667,-0.5
1,1,0,0,-0.2003338898163606,0.20833333333333334,0.029008879136386514,0,6,5,4,3,2,1,0,6,5,1,0,0,1,1,1,1,0,0,0,0,1,1,0,0,0,0,0,1,1,0,0,0,0,0,0,0,1,0,0,-0.4323873121869783,2.231017770597738,-0.12987012987012986,-0.18143866409762358,-0.29383429672447003,-0.14932562620423886,-0.5346820809248554,-0.2569043031470777,-0.6661290322580645,-0.6427432216905901,-0.125,0.5833333333333334,0.25,-0.4583333333333333,-0.25,-0.5416666666666666,-0.20833333333333334,-0.391304347826087,0.08333333333333333,0.4166666666666667
2,1,0,0,-0.6844741235392321,-0.5416666666666666,-0.6514281282646679,1,0,6,5,4,3,2,1,0,6,1,1,0,0,1,1,1,1,0,0,0,0,1,1,0,0,0,0,0,1,0,0,0,0,0,0,0,0,1,0,-0.19866444073455758,-0.4184168012924071,2.24025974025974,-0.1332691072575465,-0.18143866409762358,-0.29383429672447003,-0.14932562620423886,-0.5298651252408477,-0.2629032258064516,-0.6586921850079744,0.20833333333333334,-0.125,0.5833333333333334,0.25,-0.4583333333333333,-0.25,-0.5416666666666666,-0.13043478260869565,-0.375,0.08333333333333333
3,1,0,0,-0.1001669449081803,-0.3333333333333333,0.21593606535190363,2,1,0,6,5,4,3,2,1,0,1,1,1,0,0,1,1,1,1,0,0,0,0,1,1,0,0,0,0,0,0,0,0,0,0,0,0,0,0,1,-0.6828046744574291,-0.19224555735056542,-0.42207792207792205,2.210982658959537,-0.1332691072575465,-0.18143866409762358,-0.29383429672447003,-0.1445086705202312,-0.5370967741935483,-0.2599681020733652,-0.5416666666666666,0.20833333333333334,-0.125,0.5833333333333334,0.25,-0.4583333333333333,-0.25,-0.4782608695652174,-0.125,-0.375
4,1,0,0,-0.3005008347245409,-0.125,-0.09907787150115038,3,2,1,0,6,5,4,3,2,1,1,1,1,1,0,0,1,1,1,1,0,0,0,0,1,1,0,0,0,0,0,0,0,0,0,0,0,0,0,0,-0.09849749582637728,-0.6607431340872375,-0.19480519480519481,-0.4222864482980089,2.210982658959537,-0.1332691072575465,-0.18143866409762358,-0.2890173410404624,-0.14999999999999997,-0.5311004784688994,-0.3333333333333333,-0.5416666666666666,0.20833333333333334,-0.125,0.5833333333333334,0.25,-0.4583333333333333,-0.17391304347826086,-0.4583333333333333,-0.125
5,0,1,0,-0.0667779632721202,0.041666666666666664,0.21536353669125574,4,3,2,1,0,6,5,4,3,2,1,1,1,1,1,0,0,1,1,1,0,0,0,0,0,1,1,0,0,0,0,0,0,0,0,0,0,0,0,0,-0.29883138564273787,-0.09531502423263326,-0.6655844155844156,-0.19749518304431593,-0.4222864482980089,2.210982658959537,-0.1332691072575465,-0.1766217084136159,-0.2951612903225806,-0.14832535885167458,-0.125,-0.3333333333333333,-0.5416666666666666,0.20833333333333334,-0.125,0.5833333333333334,0.25,-0.391304347826087,-0.16666666666666666,-0.4583333333333333
6,0,1,0,-0.5008347245409015,-0.375,-0.34394374164587166,5,4,3,2,1,0,6,5,4,3,0,1,1,1,1,1,0,0,1,1,1,0,0,0,0,0,1,1,0,0,0,0,0,0,0,0,0,0,0,0,-0.06510851419031717,-0.28917609046849757,-0.09740259740259741,-0.6631342324983942,-0.19749518304431593,-0.4222864482980089,2.210982658959537,-0.12845215157353884,-0.182258064516129,-0.29186602870813394,0.041666666666666664,-0.125,-0.3333333333333333,-0.5416666666666666,0.20833333333333334,-0.125,0.5833333333333334,0.34782608695652173,-0.375,-0.16666666666666666
0,1,0,0,-0.35058430717863104,-0.75,-0.1222770673759027,6,5,4,3,2,1,0,6,5,4,0,0,1,1,1,1,1,0,0,1,1,1,0,0,0,0,0,1,1,0,0,0,0,0,0,0,0,0,0,0,-0.4991652754590985,-0.06300484652665587,-0.2922077922077922,-0.10115606936416179,-0.6631342324983942,-0.19749518304431593,-0.4222864482980089,2.215799614643545,-0.13387096774193544,-0.18022328548644334,-0.375,0.041666666666666664,-0.125,-0.3333333333333333,-0.5416666666666666,0.20833333333333334,-0.125,0.6956521739130435,0.3333333333333333,-0.375
1,1,0,0,-0.3005008347245409,-0.25,0.03317092679692644,0,6,5,4,3,2,1,0,6,5,1,0,0,1,1,1,1,1,0,0,0,1,1,0,0,0,0,0,1,1,0,0,0,0,0,0,0,0,0,0,-0.34891485809682804,-0.48303715670436187,-0.06493506493506493,-0.29383429672447003,-0.10115606936416179,-0.6631342324983942,-0.19749518304431593,-0.41746949261400124,2.2209677419354836,-0.13237639553429023,-0.75,-0.375,0.041666666666666664,-0.125,-0.3333333333333333,-0.5416666666666666,0.20833333333333334,-0.043478260869565216,0.6666666666666666,0.3333333333333333
2,1,0,0,-0.4507512520868114,0.125,-0.25165637939870045,1,0,6,5,4,3,2,1,0,6,1,1,0,0,1,1,1,1,1,0,0,0,1,1,0,0,0,0,0,1,0,0,0,0,0,0,0,0,0,0,-0.29883138564273787,-0.3376413570274636,-0.487012987012987,-0.06904303147077707,-0.29383429672447003,-0.10115606936416179,-0.6631342324983942,-0.19267822736030826,-0.4241935483870967,2.1961722488038276,-0.25,-0.75,-0.375,0.041666666666666664,-0.125,-0.3333333333333333,-0.5416666666666666,0.30434782608695654,-0.041666666666666664,0.6666666666666666
3,1,0,0,-0.36727879799666113,0.4583333333333333,0.003585717348758913,2,1,0,6,5,4,3,2,1,0,1,1,1,0,0,1,1,1,1,1,0,0,0,1,1,0,0,0,0,0,0,0,0,0,0,0,0,0,0,0,-0.44908180300500833,-0.28917609046849757,-0.3409090909090909,-0.4865125240847783,-0.06904303147077707,-0.29383429672447003,-0.10115606936416179,-0.6583172768143866,-0.1983870967741935,-0.41945773524720886,0.125,-0.25,-0.75,-0.375,0.041666666666666664,-0.125,-0.3333333333333333,-0.4782608695652174,0.2916666666666667,-0.041666666666666664
4,1,0,0,0.11686143572621036,0.041666666666666664,0.592801345480369,3,2,1,0,6,5,4,3,2,1,1,1,1,1,0,0,1,1,1,1,0,0,0,0,1,1,0,0,0,0,0,0,0,0,0,0,0,0,0,0,-0.3656093489148581,-0.43457189014539577,-0.2922077922077922,-0.3420038535645471,-0.4865125240847783,-0.06904303147077707,-0.29383429672447003,-0.09633911368015413,-0.6661290322580645,-0.1961722488038277,0.4583333333333333,0.125,-0.25,-0.75,-0.375,0.041666666666666664,-0.125,-0.2608695652173913,-0.4583333333333333,0.2916666666666667
5,0,1,0,0.5676126878130218,1.5416666666666667,1.5420181293139237,4,3,2,1,0,6,5,4,3,2,1,1,1,1,1,0,0,1,1,1,0,0,0,0,0,1,1,0,0,0,0,0,0,0,0,0,0,0,0,0,0.11853088480801338,-0.35379644588045234,-0.4383116883116883,-0.29383429672447003,-0.3420038535645471,-0.4865125240847783,-0.06904303147077707,-0.2890173410404624,-0.1016129032258064,-0.6586921850079744,0.041666666666666664,0.4583333333333333,0.125,-0.25,-0.75,-0.375,0.041666666666666664,-0.043478260869565216,-0.25,-0.4583333333333333
6,0,1,0,-0.1001669449081803,0.08333333333333333,0.46704044500607506,5,4,3,2,1,0,6,5,4,3,0,1,1,1,1,1,0,0,1,1,1,0,0,0,0,0,1,1,0,0,0,0,0,0,0,0,0,0,0,0,0.5692821368948248,0.11470113085621973,-0.35714285714285715,-0.43834296724470123,-0.29383429672447003,-0.3420038535645471,-0.4865125240847783,-0.06422607578676942,-0.2951612903225806,-0.10047846889952149,1.5416666666666667,0.041666666666666664,0.4583333333333333,0.125,-0.25,-0.75,-0.375,0.13043478260869565,-0.041666666666666664,-0.25
0,1,0,0,-0.25041736227045075,-0.2916666666666667,0.16802613711187042,6,5,4,3,2,1,0,6,5,4,0,0,1,1,1,1,1,0,0,1,1,1,0,0,0,0,0,1,1,0,0,0,0,0,0,0,0,0,0,0,-0.09849749582637728,0.5508885298869144,0.11363636363636363,-0.35806037251123946,-0.43834296724470123,-0.29383429672447003,-0.3420038535645471,-0.48169556840077066,-0.06935483870967737,-0.29186602870813394,0.08333333333333333,1.5416666666666667,0.041666666666666664,0.4583333333333333,0.125,-0.25,-0.75,-0.30434782608695654,0.125,-0.041666666666666664
1,1,0,0,-0.0667779632721202,0.08333333333333333,0.30640091604585706,0,6,5,4,3,2,1,0,6,5,1,0,0,1,1,1,1,1,0,0,0,1,1,0,0,0,0,0,1,1,0,0,0,0,0,0,0,0,0,0,-0.24874791318864772,-0.09531502423263326,0.551948051948052,0.10757867694283882,-0.35806037251123946,-0.43834296724470123,-0.29383429672447003,-0.33718689788053946,-0.4887096774193548,-0.06858054226475274,-0.2916666666666667,0.08333333333333333,1.5416666666666667,0.041666666666666664,0.4583333333333333,0.125,-0.25,-0.6956521739130435,-0.2916666666666667,0.125
2,1,0,0,0.5509181969949917,-0.125,1.4375343099014763,1,0,6,5,4,3,2,1,0,6,1,1,0,0,1,1,1,1,1,0,0,0,1,1,0,0,0,0,0,1,0,0,0,0,0,0,0,0,0,0,-0.06510851419031717,-0.2407108239095315,-0.09740259740259741,0.5411046885035324,0.10757867694283882,-0.35806037251123946,-0.43834296724470123,-0.2890173410404624,-0.34354838709677415,-0.4832535885167463,0.08333333333333333,-0.2916666666666667,0.08333333333333333,1.5416666666666667,0.041666666666666664,0.4583333333333333,0.125,-0.17391304347826086,-0.6666666666666666,-0.2916666666666667
3,1,0,0,-0.18363939899833057,0.25,-0.050757364938740196,2,1,0,6,5,4,3,2,1,0,1,1,1,0,0,1,1,1,1,1,0,0,0,1,1,0,0,0,0,0,0,0,0,0,0,0,0,0,0,0,0.5525876460767947,-0.06300484652665587,-0.2435064935064935,-0.10115606936416179,0.5411046885035324,0.10757867694283882,-0.35806037251123946,-0.4335260115606936,-0.2951612903225806,-0.339712918660287,-0.125,0.08333333333333333,-0.2916666666666667,0.08333333333333333,1.5416666666666667,0.041666666666666664,0.4583333333333333,0.21739130434782608,-0.16666666666666666,-0.6666666666666666
4,1,0,0,0.4507512520868114,0.5416666666666666,0.22254637634217292,3,2,1,0,6,5,4,3,2,1,1,1,1,1,0,0,1,1,1,1,0,0,0,0,1,1,0,0,0,0,0,0,0,0,0,0,0,0,0,0,-0.18196994991652754,0.5347334410339257,-0.06493506493506493,-0.245664739884393,-0.10115606936416179,0.5411046885035324,0.10757867694283882,-0.3532434168272318,-0.4403225806451612,-0.29186602870813394,0.25,-0.125,0.08333333333333333,-0.2916666666666667,0.08333333333333333,1.5416666666666667,0.041666666666666664,0.5652173913043478,0.20833333333333334,-0.16666666666666666
5,0,1,0,0.2671118530884808,0.7083333333333334,0.5738835691117367,4,3,2,1,0,6,5,4,3,2,1,1,1,1,1,0,0,1,1,1,0,0,0,0,0,1,1,0,0,0,0,0,0,0,0,0,0,0,0,0,0.4524207011686144,-0.17609046849757673,0.5357142857142857,-0.06904303147077707,-0.245664739884393,-0.10115606936416179,0.5411046885035324,0.11239563262684649,-0.35967741935483866,-0.43540669856459324,0.5416666666666666,0.25,-0.125,0.08333333333333333,-0.2916666666666667,0.08333333333333333,1.5416666666666667,0.13043478260869565,0.5416666666666666,0.20833333333333334
6,0,1,0,0.05008347245409015,0.2916666666666667,0.5295091764255051,5,4,3,2,1,0,6,5,4,3,0,1,1,1,1,1,0,0,1,1,1,0,0,0,0,0,1,1,0,0,0,0,0,0,0,0,0,0,0,0,0.26878130217028384,0.4378029079159936,-0.17857142857142858,0.5250481695568401,-0.06904303147077707,-0.245664739884393,-0.10115606936416179,0.5459216441875401,0.1080645161290323,-0.3556618819776714,0.7083333333333334,0.5416666666666666,0.25,-0.125,0.08333333333333333,-0.2916666666666667,0.08333333333333333,1.6956521739130435,0.125,0.5416666666666666
0,1,0,0,0.651085141903172,-0.5833333333333334,0.8971189567052762,6,5,4,3,2,1,0,6,5,4,0,0,1,1,1,1,1,0,0,1,1,1,0,0,0,0,0,1,1,0,0,0,0,0,0,0,0,0,0,0,0.05175292153589318,0.26009693053311794,0.4383116883116883,-0.18143866409762358,0.5250481695568401,-0.06904303147077707,-0.245664739884393,-0.09633911368015413,0.5435483870967742,0.10685805422647532,0.2916666666666667,0.7083333333333334,0.5416666666666666,0.25,-0.125,0.08333333333333333,-0.2916666666666667,0.17391304347826086,1.625,0.125
1,1,0,0,0.2003338898163606,-0.08333333333333333,0.4894306495196994,0,6,5,4,3,2,1,0,6,5,1,0,0,1,1,1,1,1,0,0,0,1,1,0,0,0,0,0,1,1,0,0,0,0,0,0,0,0,0,0,0.652754590984975,0.050080775444264966,0.2597402597402597,0.4287090558766859,-0.18143866409762358,0.5250481695568401,-0.06904303147077707,-0.24084778420038533,-0.1016129032258064,0.5374800637958533,-0.5833333333333334,0.2916666666666667,0.7083333333333334,0.5416666666666666,0.25,-0.125,0.08333333333333333,-0.21739130434782608,0.16666666666666666,1.625
2,1,0,0,0.21702838063439064,-0.5833333333333334,0.30985965824676975,1,0,6,5,4,3,2,1,0,6,1,1,0,0,1,1,1,1,1,0,0,0,1,1,0,0,0,0,0,1,0,0,0,0,0,0,0,0,0,0,0.20200333889816363,0.6316639741518578,0.048701298701298704,0.25208734746307004,0.4287090558766859,-0.18143866409762358,0.5250481695568401,-0.06422607578676942,-0.24677419354838706,-0.10047846889952149,-0.08333333333333333,-0.5833333333333334,0.2916666666666667,0.7083333333333334,0.5416666666666666,0.25,-0.125,0.17391304347826086,-0.20833333333333334,0.16666666666666666
3,1,0,0,0.1669449081803005,-0.08333333333333333,0.38138164167461214,2,1,0,6,5,4,3,2,1,0,1,1,1,0,0,1,1,1,1,1,0,0,0,1,1,0,0,0,0,0,0,0,0,0,0,0,0,0,0,0,0.2186978297161937,0.1954765751211632,0.6331168831168831,0.043352601156069405,0.25208734746307004,0.4287090558766859,-0.18143866409762358,0.5298651252408477,-0.06935483870967737,-0.2440191387559808,-0.5833333333333334,-0.08333333333333333,-0.5833333333333334,0.2916666666666667,0.7083333333333334,0.5416666666666666,0.25,-0.043478260869565216,0.16666666666666666,-0.20833333333333334
4,1,0,0,0.48414023372287146,-0.2916666666666667,0.9182188808243196,3,2,1,0,6,5,4,3,2,1,1,1,1,1,0,0,1,1,1,1,0,0,0,0,1,1,0,0,0,0,0,0,0,0,0,0,0,0,0,0,0.16861435726210353,0.2116316639741519,0.19480519480519481,0.6213872832369942,0.043352601156069405,0.25208734746307004,0.4287090558766859,-0.1766217084136159,0.5274193548387097,-0.06858054226475274,-0.08333333333333333,-0.5833333333333334,-0.08333333333333333,-0.5833333333333334,0.2916666666666667,0.7083333333333334,0.5416666666666666,0.34782608695652173,-0.041666666666666664,0.16666666666666666
5,0,1,0,-0.5843071786310517,-0.7916666666666666,-0.5519282734877412,4,3,2,1,0,6,5,4,3,2,1,1,1,1,1,0,0,1,1,1,0,0,0,0,0,1,1,0,0,0,0,0,0,0,0,0,0,0,0,0,0.4858096828046745,0.16316639741518582,0.21103896103896103,0.1878612716763006,0.6213872832369942,0.043352601156069405,0.25208734746307004,0.4335260115606936,-0.182258064516129,0.521531100478469,-0.2916666666666667,-0.08333333333333333,-0.5833333333333334,-0.08333333333333333,-0.5833333333333334,0.2916666666666667,0.7083333333333334,0.6521739130434783,0.3333333333333333,-0.041666666666666664
6,0,1,0,-0.4507512520868114,0.4166666666666667,-0.2974982094223163,5,4,3,2,1,0,6,5,4,3,0,1,1,1,1,1,0,0,1,1,1,0,0,0,0,0,1,1,0,0,0,0,0,0,0,0,0,0,0,0,-0.5826377295492488,0.47011308562197096,0.16233766233766234,0.20391779062299295,0.1878612716763006,0.6213872832369942,0.043352601156069405,0.2569043031470777,0.43064516129032265,-0.18022328548644334,-0.7916666666666666,-0.2916666666666667,-0.08333333333333333,-0.5833333333333334,-0.08333333333333333,-0.5833333333333334,0.2916666666666667,0.8260869565217391,0.625,0.3333333333333333
0,1,0,0,-0.5175292153589316,-0.6666666666666666,-0.47507257352013127,6,5,4,3,2,1,0,6,5,4,0,0,1,1,1,1,1,0,0,1,1,1,0,0,0,0,0,1,1,0,0,0,0,0,0,0,0,0,0,0,-0.44908180300500833,-0.5638126009693053,0.47077922077922074,0.15574823378291588,0.20391779062299295,0.1878612716763006,0.6213872832369942,0.048169556840077066,0.25322580645161297,0.4258373205741627,0.4166666666666667,-0.7916666666666666,-0.2916666666666667,-0.08333333333333333,-0.5833333333333334,-0.08333333333333333,-0.5833333333333334,0.391304347826087,0.7916666666666666,0.625
1,1,0,0,-0.25041736227045075,-0.5,-0.05991098053706686,0,6,5,4,3,2,1,0,6,5,1,0,0,1,1,1,1,1,0,0,0,1,1,0,0,0,0,0,1,1,0,0,0,0,0,0,0,0,0,0,-0.5158597662771285,-0.43457189014539577,-0.5681818181818181,0.4608220937700706,0.15574823378291588,0.20391779062299295,0.1878612716763006,0.6262042389210019,0.04354838709677424,0.2503987240829346,-0.6666666666666666,0.4166666666666667,-0.7916666666666666,-0.2916666666666667,-0.08333333333333333,-0.5833333333333334,-0.08333333333333333,-0.5217391304347826,0.375,0.7916666666666666
2,1,0,0,0.41736227045075125,-0.125,1.0386027259359285,1,0,6,5,4,3,2,1,0,6,1,1,0,0,1,1,1,1,1,0,0,0,1,1,0,0,0,0,0,1,0,0,0,0,0,0,0,0,0,0,-0.24874791318864772,-0.49919224555735053,-0.4383116883116883,-0.5667951188182401,0.4608220937700706,0.15574823378291588,0.20391779062299295,0.19267822736030826,0.6241935483870968,0.04306220095693784,-0.5,-0.6666666666666666,0.4166666666666667,-0.7916666666666666,-0.2916666666666667,-0.08333333333333333,-0.5833333333333334,0.0,-0.5,0.375
3,1,0,0,-0.1669449081803005,-0.2916666666666667,-0.20678168942335035,2,1,0,6,5,4,3,2,1,0,1,1,1,0,0,1,1,1,1,1,0,0,0,1,1,0,0,0,0,0,0,0,0,0,0,0,0,0,0,0,0.4190317195325543,-0.2407108239095315,-0.5032467532467533,-0.43834296724470123,-0.5667951188182401,0.4608220937700706,0.15574823378291588,0.20873474630700062,0.18870967741935488,0.6172248803827751,-0.125,-0.5,-0.6666666666666666,0.4166666666666667,-0.7916666666666666,-0.2916666666666667,-0.08333333333333333,-0.5217391304347826,0.0,-0.5
4,1,0,0,0.3005008347245409,0.3333333333333333,0.8958416019245479,3,2,1,0,6,5,4,3,2,1,1,1,1,1,0,0,1,1,1,1,0,0,0,0,1,1,0,0,0,0,0,0,0,0,0,0,0,0,0,0,-0.16527545909849747,0.4054927302100162,-0.2435064935064935,-0.5025690430314707,-0.43834296724470123,-0.5667951188182401,0.4608220937700706,0.16056518946692355,0.2048387096774194,0.18660287081339716,-0.2916666666666667,-0.125,-0.5,-0.6666666666666666,0.4166666666666667,-0.7916666666666666,-0.2916666666666667,0.0,-0.5,0.0
5,0,1,0,1.4858096828046745,0.25,2.081504358973189,4,3,2,1,0,6,5,4,3,2,1,1,1,1,1,0,0,1,1,1,0,0,0,0,0,1,1,0,0,0,0,0,0,0,0,0,0,0,0,0,0.3021702838063439,-0.15993537964458804,0.40584415584415584,-0.245664739884393,-0.5025690430314707,-0.43834296724470123,-0.5667951188182401,0.4656390494540783,0.15645161290322585,0.20255183413078154,0.3333333333333333,-0.2916666666666667,-0.125,-0.5,-0.6666666666666666,0.4166666666666667,-0.7916666666666666,-0.21739130434782608,0.0,-0.5
6,0,1,0,0.1001669449081803,0.16666666666666666,0.44233807627328703,5,4,3,2,1,0,6,5,4,3,0,1,1,1,1,1,0,0,1,1,1,0,0,0,0,0,1,1,0,0,0,0,0,0,0,0,0,0,0,0,1.4874791318864775,0.2924071082390953,-0.16233766233766234,0.39659601798330124,-0.245664739884393,-0.5025690430314707,-0.43834296724470123,-0.5619781631342324,0.46290322580645166,0.15470494417862843,0.25,0.3333333333333333,-0.2916666666666667,-0.125,-0.5,-0.6666666666666666,0.4166666666666667,-0.7391304347826086,-0.20833333333333334,0.0
0,1,0,0,-0.38397328881469117,-0.3333333333333333,-0.2705125690189763,6,5,4,3,2,1,0,6,5,4,0,0,1,1,1,1,1,0,0,1,1,1,0,0,0,0,0,1,1,0,0,0,0,0,0,0,0,0,0,0,0.10183639398998333,1.4394184168012925,0.2922077922077922,-0.16538214515093122,0.39659601798330124,-0.245664739884393,-0.5025690430314707,-0.4335260115606936,-0.5693548387096774,0.45773524720893144,0.16666666666666666,0.25,0.3333333333333333,-0.2916666666666667,-0.125,-0.5,-0.6666666666666666,0.5217391304347826,-0.7083333333333334,-0.20833333333333334
1,1,0,0,-0.6176961602671118,-0.625,-0.579617979680935,0,6,5,4,3,2,1,0,6,5,1,0,0,1,1,1,1,1,0,0,0,1,1,0,0,0,0,0,1,1,0,0,0,0,0,0,0,0,0,0,-0.3823038397328881,0.09854604200323104,1.4448051948051948,0.28420038535645475,-0.16538214515093122,0.39659601798330124,-0.245664739884393,-0.497752087347463,-0.4403225806451612,-0.5629984051036682,-0.3333333333333333,0.16666666666666666,0.25,0.3333333333333333,-0.2916666666666667,-0.125,-0.5,-0.6086956521739131,0.5,-0.7083333333333334
2,1,0,0,-0.6343906510851419,-0.7083333333333334,-0.5649793418277427,1,0,6,5,4,3,2,1,0,6,1,1,0,0,1,1,1,1,1,0,0,0,1,1,0,0,0,0,0,1,0,0,0,0,0,0,0,0,0,0,-0.6160267111853088,-0.369951534733441,0.09740259740259741,1.424213230571612,0.28420038535645475,-0.16538214515093122,0.39659601798330124,-0.24084778420038533,-0.5048387096774193,-0.43540669856459324,-0.625,-0.3333333333333333,0.16666666666666666,0.25,0.3333333333333333,-0.2916666666666667,-0.125,-0.43478260869565216,-0.5833333333333334,0.5
3,1,0,0,-0.36727879799666113,0.16666666666666666,-0.1013725481251017,2,1,0,6,5,4,3,2,1,0,1,1,1,0,0,1,1,1,1,1,0,0,0,1,1,0,0,0,0,0,0,0,0,0,0,0,0,0,0,0,-0.6327212020033389,-0.5961227786752827,-0.37337662337662336,0.09152215799614646,1.424213230571612,0.28420038535645475,-0.16538214515093122,0.4014129736673089,-0.24677419354838706,-0.4992025518341307,-0.7083333333333334,-0.625,-0.3333333333333333,0.16666666666666666,0.25,0.3333333333333333,-0.2916666666666667,-0.043478260869565216,-0.4166666666666667,-0.5833333333333334
4,1,0,0,-0.15025041736227046,0.75,0.07142694214951438,3,2,1,0,6,5,4,3,2,1,1,1,1,1,0,0,1,1,1,1,0,0,0,0,1,1,0,0,0,0,0,0,0,0,0,0,0,0,0,0,-0.3656093489148581,-0.6122778675282714,-0.6006493506493507,-0.3741168914579318,0.09152215799614646,1.424213230571612,0.28420038535645475,-0.16056518946692355,0.3983870967741936,-0.2440191387559808,0.16666666666666666,-0.7083333333333334,-0.625,-0.3333333333333333,0.16666666666666666,0.25,0.3333333333333333,-0.21739130434782608,-0.041666666666666664,-0.4166666666666667
5,0,1,0,-0.5008347245409015,-0.125,-0.42449844816600746,4,3,2,1,0,6,5,4,3,2,1,1,1,1,1,0,0,1,1,1,0,0,0,0,0,1,1,0,0,0,0,0,0,0,0,0,0,0,0,0,-0.14858096828046743,-0.35379644588045234,-0.6168831168831169,-0.5989081567116248,-0.3741168914579318,0.09152215799614646,1.424213230571612,0.2890173410404624,-0.16612903225806447,0.393939393939394,0.75,0.16666666666666666,-0.7083333333333334,-0.625,-0.3333333333333333,0.16666666666666666,0.25,0.43478260869565216,-0.20833333333333334,-0.041666666666666664
6,0,1,0,1.001669449081803,0.5833333333333334,2.0395774692864603,5,4,3,2,1,0,6,5,4,3,0,1,1,1,1,1,0,0,1,1,1,0,0,0,0,0,1,1,0,0,0,0,0,0,0,0,0,0,0,0,-0.4991652754590985,-0.14378029079159935,-0.35714285714285715,-0.6149646756583171,-0.5989081567116248,-0.3741168914579318,0.09152215799614646,1.4290301862556196,0.28548387096774197,-0.16427432216905896,-0.125,0.75,0.16666666666666666,-0.7083333333333334,-0.625,-0.3333333333333333,0.16666666666666666,0.34782608695652173,0.4166666666666667,-0.20833333333333334
0,1,0,0,-0.333889816360601,-0.375,-0.29308981476835017,6,5,4,3,2,1,0,6,5,4,0,0,1,1,1,1,1,0,0,1,1,1,0,0,0,0,0,1,1,0,0,0,0,0,0,0,0,0,0,0,1.003338898163606,-0.48303715670436187,-0.1461038961038961,-0.35806037251123946,-0.6149646756583171,-0.5989081567116248,-0.3741168914579318,0.09633911368015413,1.4306451612903226,0.2822966507177034,0.5833333333333334,-0.125,0.75,0.16666666666666666,-0.7083333333333334,-0.625,-0.3333333333333333,0.2608695652173913,0.3333333333333333,0.4166666666666667
1,1,0,0,-0.4674457429048414,-0.625,-0.3189060672831424,0,6,5,4,3,2,1,0,6,5,1,0,0,1,1,1,1,1,0,0,0,1,1,0,0,0,0,0,1,1,0,0,0,0,0,0,0,0,0,0,-0.332220367278798,0.9709208400646204,-0.487012987012987,-0.14932562620423886,-0.35806037251123946,-0.6149646756583171,-0.5989081567116248,-0.36929993577392417,0.09193548387096778,1.4146730462519936,-0.375,0.5833333333333334,-0.125,0.75,0.16666666666666666,-0.7083333333333334,-0.625,-0.2608695652173913,0.25,0.3333333333333333
2,1,0,0,-0.5342237061769616,-0.20833333333333334,-0.4694795843730849,1,0,6,5,4,3,2,1,0,6,1,1,0,0,1,1,1,1,1,0,0,0,1,1,0,0,0,0,0,1,0,0,0,0,0,0,0,0,0,0,-0.46577629382303837,-0.32148626817447495,0.974025974025974,-0.4865125240847783,-0.14932562620423886,-0.35806037251123946,-0.6149646756583171,-0.5940912010276171,-0.37580645161290316,0.09090909090909095,-0.625,-0.375,0.5833333333333334,-0.125,0.75,0.16666666666666666,-0.7083333333333334,-0.5652173913043478,-0.25,0.25
3,1,0,0,-0.5175292153589316,-0.9166666666666666,-0.423585291563832,2,1,0,6,5,4,3,2,1,0,1,1,1,0,0,1,1,1,1,1,0,0,0,1,1,0,0,0,0,0,0,0,0,0,0,0,0,0,0,0,-0.5325542570951586,-0.4507269789983845,-0.3246753246753247,0.9585741811175337,-0.4865125240847783,-0.14932562620423886,-0.35806037251123946,-0.6101477199743095,-0.6016129032258064,-0.3716108452950558,-0.20833333333333334,-0.625,-0.375,0.5833333333333334,-0.125,0.75,0.16666666666666666,-0.6521739130434783,-0.5416666666666666,-0.25
4,1,0,0,-0.2838063439065109,0.125,-0.1377832420176731,3,2,1,0,6,5,4,3,2,1,1,1,1,1,0,0,1,1,1,1,0,0,0,0,1,1,0,0,0,0,0,0,0,0,0,0,0,0,0,0,-0.5158597662771285,-0.5153473344103392,-0.45454545454545453,-0.32594733461785474,0.9585741811175337,-0.4865125240847783,-0.14932562620423886,-0.3532434168272318,-0.6177419354838709,-0.5948963317384369,-0.9166666666666666,-0.20833333333333334,-0.625,-0.375,0.5833333333333334,-0.125,0.75,0.2608695652173913,-0.625,-0.5416666666666666
5,0,1,0,0.7846410684474123,-0.375,1.119986952733311,4,3,2,1,0,6,5,4,3,2,1,1,1,1,1,0,0,1,1,1,0,0,0,0,0,1,1,0,0,0,0,0,0,0,0,0,0,0,0,0,-0.28213689482470783,-0.49919224555735053,-0.5194805194805194,-0.4543994861913936,-0.32594733461785474,0.9585741811175337,-0.4865125240847783,-0.1445086705202312,-0.35967741935483866,-0.6108452950558213,0.125,-0.9166666666666666,-0.20833333333333334,-0.625,-0.375,0.5833333333333334,-0.125,0.8695652173913043,0.25,-0.625
6,0,1,0,0.2838063439065109,0.20833333333333334,0.8764318918992897,5,4,3,2,1,0,6,5,4,3,0,1,1,1,1,1,0,0,1,1,1,0,0,0,0,0,1,1,0,0,0,0,0,0,0,0,0,0,0,0,0.7863105175292154,-0.27302100161550885,-0.5032467532467533,-0.518625561978163,-0.4543994861913936,-0.32594733461785474,0.9585741811175337,-0.48169556840077066,-0.14999999999999997,-0.3556618819776714,-0.375,0.125,-0.9166666666666666,-0.20833333333333334,-0.625,-0.375,0.5833333333333334,-0.043478260869565216,0.8333333333333334,0.25
0,1,0,0,-0.1669449081803005,-0.375,-0.026350004333882293,6,5,4,3,2,1,0,6,5,4,0,0,1,1,1,1,1,0,0,1,1,1,0,0,0,0,0,1,1,0,0,0,0,0,0,0,0,0,0,0,0.2854757929883139,0.7609046849757674,-0.275974025974026,-0.5025690430314707,-0.518625561978163,-0.4543994861913936,-0.32594733461785474,0.9633911368015413,-0.4887096774193548,-0.14832535885167458,0.20833333333333334,-0.375,0.125,-0.9166666666666666,-0.20833333333333334,-0.625,-0.375,0.6956521739130435,-0.041666666666666664,0.8333333333333334
1,1,0,0,0.0,-0.20833333333333334,-0.004819733306569709,0,6,5,4,3,2,1,0,6,5,1,0,0,1,1,1,1,1,0,0,0,1,1,0,0,0,0,0,1,1,0,0,0,0,0,0,0,0,0,0,-0.16527545909849747,0.27625201938610666,0.762987012987013,-0.2777777777777777,-0.5025690430314707,-0.518625561978163,-0.4543994861913936,-0.3211303789338471,0.9629032258064517,-0.4832535885167463,-0.375,0.20833333333333334,-0.375,0.125,-0.9166666666666666,-0.20833333333333334,-0.625,-0.30434782608695654,0.6666666666666666,-0.041666666666666664
2,1,0,0,-0.6010016694490818,-0.5,-0.5424872530637507,1,0,6,5,4,3,2,1,0,6,1,1,0,0,1,1,1,1,1,0,0,0,1,1,0,0,0,0,0,1,0,0,0,0,0,0,0,0,0,0,0.0016694490818030287,-0.15993537964458804,0.275974025974026,0.7498394348105331,-0.2777777777777777,-0.5025690430314707,-0.518625561978163,-0.44958253050738595,-0.32741935483870965,0.9521531100478469,-0.20833333333333334,-0.375,0.20833333333333334,-0.375,0.125,-0.9166666666666666,-0.20833333333333334,-0.5652173913043478,-0.2916666666666667,0.6666666666666666
3,1,0,0,1.9532554257095158,0.125,3.1031752910924273,2,1,0,6,5,4,3,2,1,0,1,1,1,0,0,1,1,1,1,1,0,0,0,1,1,0,0,0,0,0,0,0,0,0,0,0,0,0,0,0,-0.5993322203672787,0.0016155088852988922,-0.16233766233766234,0.2681438664097624,0.7498394348105331,-0.2777777777777777,-0.5025690430314707,-0.5138086062941554,-0.4564516129032258,-0.32376395534290264,-0.5,-0.20833333333333334,-0.375,0.20833333333333334,-0.375,0.125,-0.9166666666666666,-0.13043478260869565,-0.5416666666666666,-0.2916666666666667
4,1,0,0,0.2337228714524207,0.4166666666666667,0.5039795684061502,3,2,1,0,6,5,4,3,2,1,1,1,1,1,0,0,1,1,1,1,0,0,0,0,1,1,0,0,0,0,0,0,0,0,0,0,0,0,0,0,1.9549248747913188,-0.579967689822294,0.0,-0.16538214515093122,0.2681438664097624,0.7498394348105331,-0.2777777777777777,-0.497752087347463,-0.5209677419354838,-0.4513556618819776,0.125,-0.5,-0.20833333333333334,-0.375,0.20833333333333334,-0.375,0.125,-0.8695652173913043,-0.125,-0.5416666666666666
5,0,1,0,0.21702838063439064,0.375,0.8173641175835489,4,3,2,1,0,6,5,4,3,2,1,1,1,1,1,0,0,1,1,1,0,0,0,0,0,1,1,0,0,0,0,0,0,0,0,0,0,0,0,0,0.23539232053422374,1.8917609046849757,-0.5844155844155844,-0.004816955684007661,-0.16538214515093122,0.2681438664097624,0.7498394348105331,-0.27296082209377004,-0.5048387096774193,-0.5151515151515151,0.4166666666666667,0.125,-0.5,-0.20833333333333334,-0.375,0.20833333333333334,-0.375,0.21739130434782608,-0.8333333333333334,-0.125
6,0,1,0,0.05008347245409015,0.4166666666666667,0.4371587067695241,5,4,3,2,1,0,6,5,4,3,0,1,1,1,1,1,0,0,1,1,1,0,0,0,0,0,1,1,0,0,0,0,0,0,0,0,0,0,0,0,0.2186978297161937,0.2277867528271406,1.8993506493506493,-0.5828516377649324,-0.004816955684007661,-0.16538214515093122,0.2681438664097624,0.7546563904945407,-0.2790322580645161,-0.4992025518341307,0.375,0.4166666666666667,0.125,-0.5,-0.20833333333333334,-0.375,0.20833333333333334,-0.30434782608695654,0.20833333333333334,-0.8333333333333334
0,1,0,0,-0.667779632721202,-0.4166666666666667,-0.5891745702993724,6,5,4,3,2,1,0,6,5,4,0,0,1,1,1,1,1,0,0,1,1,1,0,0,0,0,0,1,1,0,0,0,0,0,0,0,0,0,0,0,0.05175292153589318,0.2116316639741519,0.22727272727272727,1.873795761078998,-0.5828516377649324,-0.004816955684007661,-0.16538214515093122,0.27296082209377004,0.753225806451613,-0.27591706539074956,0.4166666666666667,0.375,0.4166666666666667,0.125,-0.5,-0.20833333333333334,-0.375,0.30434782608695654,-0.2916666666666667,0.20833333333333334
1,1,0,0,-0.05008347245409015,-0.25,-0.06024172418564831,0,6,5,4,3,2,1,0,6,5,1,0,0,1,1,1,1,1,0,0,0,1,1,0,0,0,0,0,1,1,0,0,0,0,0,0,0,0,0,0,-0.666110183639399,0.050080775444264966,0.21103896103896103,0.2199743095696853,1.873795761078998,-0.5828516377649324,-0.004816955684007661,-0.16056518946692355,0.26935483870967747,0.74481658692185,-0.4166666666666667,0.4166666666666667,0.375,0.4166666666666667,0.125,-0.5,-0.20833333333333334,-0.30434782608695654,0.2916666666666667,-0.2916666666666667
2,1,0,0,-0.4507512520868114,-0.5,-0.3340898619088242,1,0,6,5,4,3,2,1,0,6,1,1,0,0,1,1,1,1,1,0,0,0,1,1,0,0,0,0,0,1,0,0,0,0,0,0,0,0,0,0,-0.048414023372287125,-0.6445880452342487,0.048701298701298704,0.20391779062299295,0.2199743095696853,1.873795761078998,-0.5828516377649324,0.0,-0.16612903225806447,0.266347687400319,-0.25,-0.4166666666666667,0.4166666666666667,0.375,0.4166666666666667,0.125,-0.5,-0.13043478260869565,-0.2916666666666667,0.2916666666666667
3,1,0,0,0.38397328881469117,0.16666666666666666,0.4924453588682637,2,1,0,6,5,4,3,2,1,0,1,1,1,0,0,1,1,1,1,1,0,0,0,1,1,0,0,0,0,0,0,0,0,0,0,0,0,0,0,0,-0.44908180300500833,-0.04684975767366718,-0.6493506493506493,0.043352601156069405,0.20391779062299295,0.2199743095696853,1.873795761078998,-0.5780346820809248,-0.004838709677419309,-0.16427432216905896,-0.5,-0.25,-0.4166666666666667,0.4166666666666667,0.375,0.4166666666666667,0.125,-0.43478260869565216,-0.125,-0.2916666666666667
4,1,0,0,-0.1001669449081803,-0.375,0.1480948405511482,3,2,1,0,6,5,4,3,2,1,1,1,1,1,0,0,1,1,1,1,0,0,0,0,1,1,0,0,0,0,0,0,0,0,0,0,0,0,0,0,0.38564273789649417,-0.43457189014539577,-0.048701298701298704,-0.6470777135517018,0.043352601156069405,0.20391779062299295,0.2199743095696853,1.8786127167630056,-0.5854838709677419,-0.004784688995215266,0.16666666666666666,-0.5,-0.25,-0.4166666666666667,0.4166666666666667,0.375,0.4166666666666667,0.21739130434782608,-0.4166666666666667,-0.125
5,0,1,0,0.2838063439065109,0.625,0.7321904049366721,4,3,2,1,0,6,5,4,3,2,1,1,1,1,1,0,0,1,1,1,0,0,0,0,0,1,1,0,0,0,0,0,0,0,0,0,0,0,0,0,-0.09849749582637728,0.3731825525040388,-0.4383116883116883,-0.052986512524084727,-0.6470777135517018,0.043352601156069405,0.20391779062299295,0.22479126525369297,1.882258064516129,-0.5789473684210525,-0.375,0.16666666666666666,-0.5,-0.25,-0.4166666666666667,0.4166666666666667,0.375,0.5217391304347826,0.20833333333333334,-0.4166666666666667
6,0,1,0,0.5342237061769616,0.625,1.094706733028289,5,4,3,2,1,0,6,5,4,3,0,1,1,1,1,1,0,0,1,1,1,0,0,0,0,0,1,1,0,0,0,0,0,0,0,0,0,0,0,0,0.2854757929883139,-0.09531502423263326,0.37337662337662336,-0.43834296724470123,-0.052986512524084727,-0.6470777135517018,0.043352601156069405,0.20873474630700062,0.2209677419354839,1.861244019138756,0.625,-0.375,0.16666666666666666,-0.5,-0.25,-0.4166666666666667,0.4166666666666667,0.4782608695652174,0.5,0.20833333333333334
0,1,0,0,5.993322203672788,-0.375,8.211168794830972,6,5,4,3,2,1,0,6,5,4,0,0,1,1,1,1,1,0,0,1,1,1,0,0,0,0,0,1,1,0,0,0,0,0,0,0,0,0,0,0,0.5358931552587647,0.27625201938610666,-0.09740259740259741,0.36448298008991653,-0.43834296724470123,-0.052986512524084727,-0.6470777135517018,0.048169556840077066,0.2048387096774194,0.21850079744816592,0.625,0.625,-0.375,0.16666666666666666,-0.5,-0.25,-0.4166666666666667,0.5217391304347826,0.4583333333333333,0.5
1,1,0,0,1.5025041736227045,-0.25,2.663856486149064,0,6,5,4,3,2,1,0,6,5,1,0,0,1,1,1,1,1,0,0,0,1,1,0,0,0,0,0,1,1,0,0,0,0,0,0,0,0,0,0,5.9949916527545914,0.5185783521809371,0.275974025974026,-0.10115606936416179,0.36448298008991653,-0.43834296724470123,-0.052986512524084727,-0.6422607578676942,0.04354838709677424,0.20255183413078154,-0.375,0.625,0.625,-0.375,0.16666666666666666,-0.5,-0.25,-0.34782608695652173,0.5,0.4583333333333333
2,1,0,0,-0.4674457429048414,-0.2916666666666667,-0.3764318918992897,1,0,6,5,4,3,2,1,0,6,1,1,0,0,1,1,1,1,1,0,0,0,1,1,0,0,0,0,0,1,0,0,0,0,0,0,0,0,0,0,1.5041736227045075,5.80129240710824,0.5194805194805194,0.2681438664097624,-0.10115606936416179,0.36448298008991653,-0.43834296724470123,-0.048169556840077066,-0.6499999999999999,0.04306220095693784,-0.25,-0.375,0.625,0.625,-0.375,0.16666666666666666,-0.5,-0.17391304347826086,-0.3333333333333333,0.5
3,1,0,0,0.1335559265442404,0.75,0.5336453728583398,2,1,0,6,5,4,3,2,1,0,1,1,1,0,0,1,1,1,1,1,0,0,0,1,1,0,0,0,0,0,0,0,0,0,0,0,0,0,0,0,-0.46577629382303837,1.4555735056542811,5.827922077922078,0.5089916506101477,0.2681438664097624,-0.10115606936416179,0.36448298008991653,-0.4335260115606936,-0.05322580645161286,-0.6427432216905901,-0.2916666666666667,-0.25,-0.375,0.625,0.625,-0.375,0.16666666666666666,-0.43478260869565216,-0.16666666666666666,-0.3333333333333333
4,1,0,0,-0.05008347245409015,0.4166666666666667,0.474197433429287,3,2,1,0,6,5,4,3,2,1,1,1,1,1,0,0,1,1,1,1,0,0,0,0,1,1,0,0,0,0,0,0,0,0,0,0,0,0,0,0,0.13522537562604342,-0.4507269789983845,1.461038961038961,5.759473346178548,0.5089916506101477,0.2681438664097624,-0.10115606936416179,0.36929993577392417,-0.4403225806451612,-0.052631578947368376,0.75,-0.2916666666666667,-0.25,-0.375,0.625,0.625,-0.375,0.2608695652173913,-0.4166666666666667,-0.16666666666666666
5,0,1,0,-0.0333889816360601,0.7916666666666666,0.2567969720609055,4,3,2,1,0,6,5,4,3,2,1,1,1,1,1,0,0,1,1,1,0,0,0,0,0,1,1,0,0,0,0,0,0,0,0,0,0,0,0,0,-0.048414023372287125,0.13085621970920844,-0.45454545454545453,1.4402697495183043,5.759473346178548,0.5089916506101477,0.2681438664097624,-0.09633911368015413,0.36612903225806454,-0.43540669856459324,0.4166666666666667,0.75,-0.2916666666666667,-0.25,-0.375,0.625,0.625,-0.30434782608695654,0.25,-0.4166666666666667
6,0,1,0,0.05008347245409015,1.2916666666666667,0.45306101345936567,5,4,3,2,1,0,6,5,4,3,0,1,1,1,1,1,0,0,1,1,1,0,0,0,0,0,1,1,0,0,0,0,0,0,0,0,0,0,0,0,-0.03171953255425707,-0.04684975767366718,0.12987012987012986,-0.4543994861913936,1.4402697495183043,5.759473346178548,0.5089916506101477,0.27296082209377004,-0.1016129032258064,0.3620414673046252,0.7916666666666666,0.4166666666666667,0.75,-0.2916666666666667,-0.25,-0.375,0.625,0.7391304347826086,-0.2916666666666667,0.25
0,0,0,1,-0.38397328881469117,0.7916666666666666,0.0,6,5,4,3,2,1,0,6,5,4,0,0,1,1,1,1,1,0,0,1,1,1,0,0,0,0,0,1,1,0,0,0,0,0,0,0,0,0,0,0,0.05175292153589318,-0.030694668820678492,-0.048701298701298704,0.12363519588953117,-0.4543994861913936,1.4402697495183043,5.759473346178548,0.5138086062941554,0.26935483870967747,-0.10047846889952149,1.2916666666666667,0.7916666666666666,0.4166666666666667,0.75,-0.2916666666666667,-0.25,-0.375,0.7391304347826086,0.7083333333333334,-0.2916666666666667
1,1,0,0,-0.15025041736227046,0.25,0.2430129453824385,0,6,5,4,3,2,1,0,6,5,0,0,0,1,1,1,1,1,0,0,0,1,1,0,0,0,0,0,1,1,1,0,0,0,0,0,0,0,0,0,-0.3823038397328881,0.050080775444264966,-0.032467532467532464,-0.052986512524084727,0.12363519588953117,-0.4543994861913936,1.4402697495183043,5.764290301862555,0.5112903225806452,0.266347687400319,0.7916666666666666,1.2916666666666667,0.7916666666666666,0.4166666666666667,0.75,-0.2916666666666667,-0.25,-0.30434782608695654,0.7083333333333334,0.7083333333333334
2,1,0,0,-0.38397328881469117,-0.125,-0.21266360405651383,1,0,6,5,4,3,2,1,0,6,1,0,0,0,1,1,1,1,1,0,0,0,1,1,0,0,0,0,0,1,0,1,0,0,0,0,0,0,0,0,-0.14858096828046743,-0.369951534733441,0.048701298701298704,-0.03692999357739237,-0.052986512524084727,0.12363519588953117,-0.4543994861913936,1.445086705202312,5.785483870967742,0.5055821371610846,0.25,0.7916666666666666,1.2916666666666667,0.7916666666666666,0.4166666666666667,0.75,-0.2916666666666667,-0.17391304347826086,-0.2916666666666667,0.7083333333333334
3,1,0,0,-0.6844741235392321,-0.2916666666666667,-0.5891030992580698,2,1,0,6,5,4,3,2,1,0,1,1,0,0,0,1,1,1,1,1,0,0,0,1,1,0,0,0,0,0,0,0,1,0,0,0,0,0,0,0,-0.3823038397328881,-0.14378029079159935,-0.37337662337662336,0.043352601156069405,-0.03692999357739237,-0.052986512524084727,0.12363519588953117,-0.44958253050738595,1.446774193548387,5.720893141945773,-0.125,0.25,0.7916666666666666,1.2916666666666667,0.7916666666666666,0.4166666666666667,0.75,-0.21739130434782608,-0.16666666666666666,-0.2916666666666667
4,1,0,0,-0.35058430717863104,0.0,-0.320025273376733,3,2,1,0,6,5,4,3,2,1,1,1,1,0,0,0,1,1,1,1,0,0,0,0,1,1,0,0,0,0,0,0,0,1,0,0,0,0,0,0,-0.6828046744574291,-0.369951534733441,-0.1461038961038961,-0.3741168914579318,0.043352601156069405,-0.03692999357739237,-0.052986512524084727,0.12845215157353884,-0.4564516129032258,1.430622009569378,-0.2916666666666667,-0.125,0.25,0.7916666666666666,1.2916666666666667,0.7916666666666666,0.4166666666666667,0.8695652173913043,-0.20833333333333334,-0.16666666666666666
5,0,1,0,-0.01669449081803005,0.9166666666666666,0.35077302774140867,4,3,2,1,0,6,5,4,3,2,1,1,1,1,0,0,0,1,1,1,0,0,0,0,0,1,1,0,0,0,0,0,0,0,1,0,0,0,0,0,-0.34891485809682804,-0.6607431340872375,-0.37337662337662336,-0.14932562620423886,-0.3741168914579318,0.043352601156069405,-0.03692999357739237,-0.048169556840077066,0.12419354838709681,-0.4513556618819776,0.0,-0.2916666666666667,-0.125,0.25,0.7916666666666666,1.2916666666666667,0.7916666666666666,0.5217391304347826,0.8333333333333334,-0.20833333333333334
6,0,1,0,1.018363939899833,0.9583333333333334,2.117429201850948,5,4,3,2,1,0,6,5,4,3,0,1,1,1,1,0,0,0,1,1,1,0,0,0,0,0,1,1,0,0,0,0,0,0,0,1,0,0,0,0,-0.015025041736227021,-0.3376413570274636,-0.6655844155844156,-0.3741168914579318,-0.14932562620423886,-0.3741168914579318,0.043352601156069405,-0.03211303789338471,-0.05322580645161286,0.12280701754385968,0.9166666666666666,0.0,-0.2916666666666667,-0.125,0.25,0.7916666666666666,1.2916666666666667,0.9130434782608695,0.5,0.8333333333333334
0,1,0,0,1.352253756260434,-0.5416666666666666,2.1430044296839004,6,5,4,3,2,1,0,6,5,4,0,0,1,1,1,1,0,0,0,1,1,1,0,0,0,0,0,1,1,0,0,0,0,0,0,0,1,0,0,0,1.0200333889816362,-0.0145395799676898,-0.3409090909090909,-0.6631342324983942,-0.3741168914579318,-0.14932562620423886,-0.3741168914579318,0.048169556840077066,-0.03709677419354834,-0.052631578947368376,0.9583333333333334,0.9166666666666666,0.0,-0.2916666666666667,-0.125,0.25,0.7916666666666666,1.434782608695652,0.875,0.5
1,1,0,0,0.1335559265442404,-0.5416666666666666,0.37502528098003524,0,6,5,4,3,2,1,0,6,5,1,0,0,1,1,1,1,0,0,0,0,1,1,0,0,0,0,0,1,1,0,0,0,0,0,0,0,1,0,0,1.353923205342237,0.9870759289176091,-0.016233766233766232,-0.3420038535645471,-0.6631342324983942,-0.3741168914579318,-0.14932562620423886,-0.36929993577392417,0.04354838709677424,-0.036682615629984004,-0.5416666666666666,0.9583333333333334,0.9166666666666666,0.0,-0.2916666666666667,-0.125,0.25,0.9130434782608695,1.375,0.875
2,1,0,0,-0.6176961602671118,-0.4583333333333333,-0.579345021129577,1,0,6,5,4,3,2,1,0,6,1,1,0,0,1,1,1,1,0,0,0,0,1,1,0,0,0,0,0,1,0,0,0,0,0,0,0,0,1,0,0.13522537562604342,1.310177705977383,0.9902597402597403,-0.020873474630700016,-0.3420038535645471,-0.6631342324983942,-0.3741168914579318,-0.1445086705202312,-0.37580645161290316,0.04306220095693784,-0.5416666666666666,-0.5416666666666666,0.9583333333333334,0.9166666666666666,0.0,-0.2916666666666667,-0.125,0.34782608695652173,0.875,1.375
3,1,0,0,-0.35058430717863104,0.125,-0.37394637238845574,2,1,0,6,5,4,3,2,1,0,1,1,1,0,0,1,1,1,1,0,0,0,0,1,1,0,0,0,0,0,0,0,0,0,0,0,0,0,0,1,-0.6160267111853088,0.13085621970920844,1.3149350649350648,0.974630700064226,-0.020873474630700016,-0.3420038535645471,-0.6631342324983942,-0.36929993577392417,-0.14999999999999997,-0.3716108452950558,-0.4583333333333333,-0.5416666666666666,-0.5416666666666666,0.9583333333333334,0.9166666666666666,0.0,-0.2916666666666667,-0.043478260869565216,0.3333333333333333,0.875
4,1,0,0,-0.1669449081803005,0.08333333333333333,0.056275841723577386,3,2,1,0,6,5,4,3,2,1,1,1,1,1,0,0,1,1,1,1,0,0,0,0,1,1,0,0,0,0,0,0,0,0,0,0,0,0,0,0,-0.34891485809682804,-0.5961227786752827,0.12987012987012986,1.2957610789980731,0.974630700064226,-0.020873474630700016,-0.3420038535645471,-0.6583172768143866,-0.37580645161290316,-0.14832535885167458,0.125,-0.4583333333333333,-0.5416666666666666,-0.5416666666666666,0.9583333333333334,0.9166666666666666,0.0,-0.21739130434782608,-0.041666666666666664,0.3333333333333333
5,0,1,0,0.11686143572621036,0.25,0.3379021576651171,4,3,2,1,0,6,5,4,3,2,1,1,1,1,1,0,0,1,1,1,0,0,0,0,0,1,1,0,0,0,0,0,0,0,0,0,0,0,0,0,-0.16527545909849747,-0.3376413570274636,-0.6006493506493507,0.12363519588953117,1.2957610789980731,0.974630700064226,-0.020873474630700016,-0.33718689788053946,-0.6661290322580645,-0.3716108452950558,0.08333333333333333,0.125,-0.4583333333333333,-0.5416666666666666,-0.5416666666666666,0.9583333333333334,0.9166666666666666,0.08695652173913043,-0.20833333333333334,-0.041666666666666664
6,0,1,0,-0.38397328881469117,0.041666666666666664,-0.22908673695159282,5,4,3,2,1,0,6,5,4,3,0,1,1,1,1,1,0,0,1,1,1,0,0,0,0,0,1,1,0,0,0,0,0,0,0,0,0,0,0,0,0.11853088480801338,-0.15993537964458804,-0.3409090909090909,-0.5989081567116248,0.12363519588953117,1.2957610789980731,0.974630700064226,-0.016056518946692355,-0.34354838709677415,-0.6586921850079744,0.25,0.08333333333333333,0.125,-0.4583333333333333,-0.5416666666666666,-0.5416666666666666,0.9583333333333334,1.0434782608695652,0.08333333333333333,-0.20833333333333334
0,1,0,0,-0.08347245409015025,-0.375,0.24166107823950098,6,5,4,3,2,1,0,6,5,4,0,0,1,1,1,1,1,0,0,1,1,1,0,0,0,0,0,1,1,0,0,0,0,0,0,0,0,0,0,0,-0.3823038397328881,0.11470113085621973,-0.16233766233766234,-0.3420038535645471,-0.5989081567116248,0.12363519588953117,1.2957610789980731,0.9794476557482337,-0.020967741935483824,-0.339712918660287,0.041666666666666664,0.25,0.08333333333333333,0.125,-0.4583333333333333,-0.5416666666666666,-0.5416666666666666,1.0869565217391304,1.0,0.08333333333333333
1,1,0,0,-0.4340567612687813,-0.2916666666666667,-0.2971454161971627,0,6,5,4,3,2,1,0,6,5,1,0,0,1,1,1,1,1,0,0,0,1,1,0,0,0,0,0,1,1,0,0,0,0,0,0,0,0,0,0,-0.08180300500834722,-0.369951534733441,0.11363636363636363,-0.16538214515093122,-0.3420038535645471,-0.5989081567116248,0.12363519588953117,1.3005780346820808,0.9790322580645162,-0.020733652312599635,-0.375,0.041666666666666664,0.25,0.08333333333333333,0.125,-0.4583333333333333,-0.5416666666666666,-0.4782608695652174,1.0416666666666667,1.0
2,1,0,0,-0.5342237061769616,-0.20833333333333334,-0.4148969980641992,1,0,6,5,4,3,2,1,0,6,1,1,0,0,1,1,1,1,1,0,0,0,1,1,0,0,0,0,0,1,0,0,0,0,0,0,0,0,0,0,-0.4323873121869783,-0.07915993537964457,-0.37337662337662336,0.10757867694283882,-0.16538214515093122,-0.3420038535645471,-0.5989081567116248,0.12845215157353884,1.3016129032258066,0.9681020733652312,-0.2916666666666667,-0.375,0.041666666666666664,0.25,0.08333333333333333,0.125,-0.4583333333333333,-0.4782608695652174,-0.4583333333333333,1.0416666666666667
3,1,0,0,-0.2671118530884808,0.5,-0.21823606428744133,2,1,0,6,5,4,3,2,1,0,1,1,1,0,0,1,1,1,1,1,0,0,0,1,1,0,0,0,0,0,0,0,0,0,0,0,0,0,0,0,-0.5325542570951586,-0.4184168012924071,-0.08116883116883117,-0.3741168914579318,0.10757867694283882,-0.16538214515093122,-0.3420038535645471,-0.5940912010276171,0.12419354838709681,1.2870813397129186,-0.20833333333333334,-0.2916666666666667,-0.375,0.041666666666666664,0.25,0.08333333333333333,0.125,-0.391304347826087,-0.4583333333333333,-0.4583333333333333
4,1,0,0,-0.2337228714524207,0.16666666666666666,-0.04498037587685083,3,2,1,0,6,5,4,3,2,1,1,1,1,1,0,0,1,1,1,1,0,0,0,0,1,1,0,0,0,0,0,0,0,0,0,0,0,0,0,0,-0.2654424040066778,-0.5153473344103392,-0.42207792207792205,-0.08509955041746943,-0.3741168914579318,0.10757867694283882,-0.16538214515093122,-0.33718689788053946,-0.6016129032258064,0.12280701754385968,0.5,-0.20833333333333334,-0.2916666666666667,-0.375,0.041666666666666664,0.25,0.08333333333333333,0.21739130434782608,-0.375,-0.4583333333333333
5,0,1,0,2.7879799666110183,1.4166666666666667,4.37969979121332,4,3,2,1,0,6,5,4,3,2,1,1,1,1,1,0,0,1,1,1,0,0,0,0,0,1,1,0,0,0,0,0,0,0,0,0,0,0,0,0,-0.23205342237061768,-0.2568659127625202,-0.5194805194805194,-0.4222864482980089,-0.08509955041746943,-0.3741168914579318,0.10757867694283882,-0.16056518946692355,-0.34354838709677415,-0.5948963317384369,0.16666666666666666,0.5,-0.20833333333333334,-0.2916666666666667,-0.375,0.041666666666666664,0.25,0.17391304347826086,0.20833333333333334,-0.375
6,0,1,0,1.0684474123539232,2.0833333333333335,2.2069930612263517,5,4,3,2,1,0,6,5,4,3,0,1,1,1,1,1,0,0,1,1,1,0,0,0,0,0,1,1,0,0,0,0,0,0,0,0,0,0,0,0,2.7896494156928213,-0.2245557350565428,-0.2597402597402597,-0.518625561978163,-0.4222864482980089,-0.08509955041746943,-0.3741168914579318,0.11239563262684649,-0.16612903225806447,-0.339712918660287,1.4166666666666667,0.16666666666666666,0.5,-0.20833333333333334,-0.2916666666666667,-0.375,0.041666666666666664,0.34782608695652173,0.16666666666666666,0.20833333333333334
0,1,0,0,-0.4340567612687813,0.5,-0.263564671408086,6,5,4,3,2,1,0,6,5,4,0,0,1,1,1,1,1,0,0,1,1,1,0,0,0,0,0,1,1,0,0,0,0,0,0,0,0,0,0,0,1.0701168614357262,2.6995153473344105,-0.22727272727272727,-0.2617212588310853,-0.518625561978163,-0.4222864482980089,-0.08509955041746943,-0.36929993577392417,0.1080645161290323,-0.16427432216905896,2.0833333333333335,1.4166666666666667,0.16666666666666666,0.5,-0.20833333333333334,-0.2916666666666667,-0.375,0.13043478260869565,0.3333333333333333,0.16666666666666666
1,1,0,0,0.5509181969949917,0.5833333333333334,1.571118248077505,0,6,5,4,3,2,1,0,6,5,1,0,0,1,1,1,1,1,0,0,0,1,1,0,0,0,0,0,1,1,0,0,0,0,0,0,0,0,0,0,-0.4323873121869783,1.035541195476575,2.711038961038961,-0.22960822093770064,-0.2617212588310853,-0.518625561978163,-0.4222864482980089,-0.08028259473346178,-0.37580645161290316,0.10685805422647532,0.5,2.0833333333333335,1.4166666666666667,0.16666666666666666,0.5,-0.20833333333333334,-0.2916666666666667,-0.30434782608695654,0.125,0.3333333333333333
2,1,0,0,-0.38397328881469117,-0.08333333333333333,-0.26879574336725925,1,0,6,5,4,3,2,1,0,6,1,1,0,0,1,1,1,1,1,0,0,0,1,1,0,0,0,0,0,1,0,0,0,0,0,0,0,0,0,0,0.5525876460767947,-0.4184168012924071,1.0389610389610389,2.6766217084136152,-0.22960822093770064,-0.2617212588310853,-0.518625561978163,-0.41746949261400124,-0.08548387096774189,-0.3716108452950558,0.5833333333333334,0.5,2.0833333333333335,1.4166666666666667,0.16666666666666666,0.5,-0.20833333333333334,-0.21739130434782608,-0.2916666666666667,0.125
3,0,0,1,0.05008347245409015,0.5,0.492100929275603,2,1,0,6,5,4,3,2,1,0,1,1,1,0,0,1,1,1,1,1,0,0,0,1,1,0,0,0,0,0,0,0,0,0,0,0,0,0,0,0,-0.3823038397328881,0.5347334410339257,-0.42207792207792205,1.022800256904303,2.6766217084136152,-0.22960822093770064,-0.2617212588310853,-0.5138086062941554,-0.4241935483870967,-0.08452950558213711,-0.08333333333333333,0.5833333333333334,0.5,2.0833333333333335,1.4166666666666667,0.16666666666666666,0.5,-0.13043478260869565,-0.20833333333333334,-0.2916666666666667
4,0,0,1,0.667779632721202,1.4166666666666667,1.4256526294500227,3,2,1,0,6,5,4,3,2,1,0,1,1,1,0,0,1,1,1,1,0,0,0,0,1,1,0,0,0,0,1,0,0,0,0,0,0,0,0,0,0.05175292153589318,-0.369951534733441,0.5357142857142857,-0.4222864482980089,1.022800256904303,2.6766217084136152,-0.22960822093770064,-0.2569043031470777,-0.5209677419354838,-0.41945773524720886,0.5,-0.08333333333333333,0.5833333333333334,0.5,2.0833333333333335,1.4166666666666667,0.16666666666666666,0.6086956521739131,-0.125,-0.20833333333333334
5,0,1,0,1.0517529215358932,2.1666666666666665,1.9805157776125326,4,3,2,1,0,6,5,4,3,2,0,0,1,1,1,0,0,1,1,1,0,0,0,0,0,1,1,0,0,0,1,1,0,0,0,0,0,0,0,0,0.669449081803005,0.050080775444264966,-0.37337662337662336,0.5250481695568401,-0.4222864482980089,1.022800256904303,2.6766217084136152,-0.22479126525369297,-0.2629032258064516,-0.5151515151515151,1.4166666666666667,0.5,-0.08333333333333333,0.5833333333333334,0.5,2.0833333333333335,1.4166666666666667,0.2608695652173913,0.5833333333333334,-0.125
6,0,1,0,0.4006677796327212,0.7916666666666666,1.2595797806903495,5,4,3,2,1,0,6,5,4,3,0,0,0,1,1,1,0,0,1,1,1,0,0,0,0,0,1,1,0,0,0,1,1,0,0,0,0,0,0,0,1.0534223706176962,0.6478190630048466,0.048701298701298704,-0.3741168914579318,0.5250481695568401,-0.4222864482980089,1.022800256904303,2.681438664097623,-0.23064516129032253,-0.2599681020733652,2.1666666666666665,1.4166666666666667,0.5,-0.08333333333333333,0.5833333333333334,0.5,2.0833333333333335,1.565217391304348,0.25,0.5833333333333334
0,1,0,0,0.8347245409015025,0.041666666666666664,1.361905022589411,6,5,4,3,2,1,0,6,5,4,0,0,0,0,1,1,1,0,0,1,1,1,0,0,0,0,0,1,1,0,0,0,1,1,0,0,0,0,0,0,0.40233722871452426,1.0193861066235865,0.6493506493506493,0.043352601156069405,-0.3741168914579318,0.5250481695568401,-0.4222864482980089,1.0276172125883107,2.6887096774193546,-0.22807017543859642,0.7916666666666666,2.1666666666666665,1.4166666666666667,0.5,-0.08333333333333333,0.5833333333333334,0.5,2.260869565217391,1.5,0.25
1,1,0,0,0.0667779632721202,0.041666666666666664,0.43393718759931815,0,6,5,4,3,2,1,0,6,5,1,0,0,0,0,1,1,1,0,0,0,1,1,0,0,0,0,0,1,1,0,0,0,1,1,0,0,0,0,0,0.8363939899833056,0.3893376413570275,1.0227272727272727,0.6374438021836866,0.043352601156069405,-0.3741168914579318,0.5250481695568401,-0.41746949261400124,1.0274193548387098,2.658692185007974,0.041666666666666664,0.7916666666666666,2.1666666666666665,1.4166666666666667,0.5,-0.08333333333333333,0.5833333333333334,0.6086956521739131,2.1666666666666665,1.5
2,1,0,0,1.2520868113522539,0.041666666666666664,1.968769435941418,1,0,6,5,4,3,2,1,0,6,1,1,0,0,0,0,1,1,1,0,0,0,1,1,0,0,0,0,0,1,0,0,0,0,1,1,0,0,0,0,0.06844741235392324,0.8093699515347335,0.38961038961038963,1.0067437379576107,0.6374438021836866,0.043352601156069405,-0.3741168914579318,0.5298651252408477,-0.4241935483870967,1.0159489633173844,0.041666666666666664,0.041666666666666664,0.7916666666666666,2.1666666666666665,1.4166666666666667,0.5,-0.08333333333333333,0.6956521739130435,0.5833333333333334,2.1666666666666665
3,1,0,0,-0.0667779632721202,0.20833333333333334,0.2384935425153853,2,1,0,6,5,4,3,2,1,0,1,1,1,0,0,0,0,1,1,1,0,0,0,1,1,0,0,0,0,0,0,0,0,0,0,1,1,0,0,0,1.2537562604340566,0.06623586429725366,0.8116883116883117,0.3805394990366089,1.0067437379576107,0.6374438021836866,0.043352601156069405,-0.36929993577392417,0.5274193548387097,-0.41945773524720886,0.041666666666666664,0.041666666666666664,0.041666666666666664,0.7916666666666666,2.1666666666666665,1.4166666666666667,0.5,0.0,0.6666666666666666,0.5833333333333334
4,1,0,0,-0.01669449081803005,-0.4583333333333333,0.050241861045089105,3,2,1,0,6,5,4,3,2,1,1,1,1,1,0,0,0,0,1,1,0,0,0,0,1,1,0,0,0,0,0,0,0,0,0,0,1,1,0,0,-0.06510851419031717,1.2132471728594507,0.06493506493506493,0.7980089916506101,0.3805394990366089,1.0067437379576107,0.6374438021836866,0.048169556840077066,-0.37580645161290316,0.521531100478469,0.20833333333333334,0.041666666666666664,0.041666666666666664,0.041666666666666664,0.7916666666666666,2.1666666666666665,1.4166666666666667,0.6086956521739131,0.0,0.6666666666666666
5,0,1,0,0.0667779632721202,0.5833333333333334,0.2632901921962747,4,3,2,1,0,6,5,4,3,2,1,1,1,1,1,0,0,0,0,1,0,0,0,0,0,1,1,0,0,0,0,0,0,0,0,0,0,1,1,0,-0.015025041736227021,-0.06300484652665587,1.2175324675324675,0.05940912010276176,0.7980089916506101,0.3805394990366089,1.0067437379576107,0.6422607578676942,0.04354838709677424,-0.3716108452950558,-0.4583333333333333,0.20833333333333334,0.041666666666666664,0.041666666666666664,0.041666666666666664,0.7916666666666666,2.1666666666666665,1.565217391304348,0.5833333333333334,0.0
6,0,1,0,0.38397328881469117,0.7083333333333334,1.21754264312076,5,4,3,2,1,0,6,5,4,3,0,1,1,1,1,1,0,0,0,0,1,0,0,0,0,0,1,1,0,0,0,0,0,0,0,0,0,0,1,1,0.06844741235392324,-0.0145395799676898,-0.06493506493506493,1.199421965317919,0.05940912010276176,0.7980089916506101,0.3805394990366089,1.0115606936416184,0.6403225806451613,0.04306220095693784,0.5833333333333334,-0.4583333333333333,0.20833333333333334,0.041666666666666664,0.041666666666666664,0.041666666666666664,0.7916666666666666,2.347826086956522,1.5,0.5833333333333334
0,1,0,0,-0.7679465776293823,-0.4166666666666667,-0.737137113391088,6,5,4,3,2,1,0,6,5,4,0,0,1,1,1,1,1,0,0,0,1,1,0,0,0,0,0,1,1,0,0,0,0,0,0,0,0,0,0,1,0.38564273789649417,0.06623586429725366,-0.016233766233766232,-0.06904303147077707,1.199421965317919,0.05940912010276176,0.7980089916506101,0.3853564547206165,1.011290322580645,0.6331738437001595,0.7083333333333334,0.5833333333333334,-0.4583333333333333,0.20833333333333334,0.041666666666666664,0.041666666666666664,0.041666666666666664,0.9130434782608695,2.25,1.5
1,1,0,0,0.6844741235392321,0.4166666666666667,1.414990518682074,0,6,5,4,3,2,1,0,6,5,1,0,0,1,1,1,1,1,0,0,0,1,1,0,0,0,0,0,1,1,0,0,0,0,0,0,0,0,0,0,-0.7662771285475793,0.3731825525040388,0.06493506493506493,-0.020873474630700016,-0.06904303147077707,1.199421965317919,0.05940912010276176,0.8028259473346178,0.3822580645161291,1.0,-0.4166666666666667,0.7083333333333334,0.5833333333333334,-0.4583333333333333,0.20833333333333334,0.041666666666666664,0.041666666666666664,0.13043478260869565,0.875,2.25
2,1,0,0,-0.4507512520868114,0.25,-0.32749627818354066,1,0,6,5,4,3,2,1,0,6,1,1,0,0,1,1,1,1,1,0,0,0,1,1,0,0,0,0,0,1,0,0,0,0,0,0,0,0,0,0,0.6861435726210351,-0.7415185783521809,0.37337662337662336,0.05940912010276176,-0.020873474630700016,-0.06904303147077707,1.199421965317919,0.06422607578676942,0.8016129032258065,0.3779904306220096,0.4166666666666667,-0.4166666666666667,0.7083333333333334,0.5833333333333334,-0.4583333333333333,0.20833333333333334,0.041666666666666664,0.13043478260869565,0.125,0.875
3,0,0,1,-0.1669449081803005,-0.25,-0.011590473974656674,2,1,0,6,5,4,3,2,1,0,1,1,1,0,0,1,1,1,1,1,0,0,0,1,1,0,0,0,0,0,0,0,0,0,0,0,0,0,0,0,-0.44908180300500833,0.6639741518578353,-0.7467532467532467,0.36448298008991653,0.05940912010276176,-0.020873474630700016,-0.06904303147077707,1.2042389210019266,0.05967741935483876,0.7926634768740032,0.25,0.4166666666666667,-0.4166666666666667,0.7083333333333334,0.5833333333333334,-0.4583333333333333,0.20833333333333334,0.13043478260869565,0.125,0.125
4,1,0,0,0.6343906510851419,-0.5,0.739929806313478,3,2,1,0,6,5,4,3,2,1,0,1,1,1,0,0,1,1,1,1,0,0,0,0,1,1,0,0,0,0,1,0,0,0,0,0,0,0,0,0,-0.16527545909849747,-0.43457189014539577,0.6655844155844156,-0.743416827231856,0.36448298008991653,0.05940912010276176,-0.020873474630700016,-0.06422607578676942,1.2048387096774194,0.05901116427432221,-0.25,0.25,0.4166666666666667,-0.4166666666666667,0.7083333333333334,0.5833333333333334,-0.4583333333333333,0.30434782608695654,0.125,0.125
5,0,1,0,-0.41736227045075125,0.20833333333333334,-0.3656793018343727,4,3,2,1,0,6,5,4,3,2,1,0,1,1,1,0,0,1,1,1,0,0,0,0,0,1,1,0,0,0,0,1,0,0,0,0,0,0,0,0,0.6360601001669449,-0.15993537964458804,-0.4383116883116883,0.6535003211303789,-0.743416827231856,0.36448298008991653,0.05940912010276176,-0.016056518946692355,-0.06935483870967737,1.1913875598086123,-0.5,-0.25,0.25,0.4166666666666667,-0.4166666666666667,0.7083333333333334,0.5833333333333334,-0.391304347826087,0.2916666666666667,0.125
6,0,1,0,0.5175292153589316,0.5833333333333334,1.1751907288373487,5,4,3,2,1,0,6,5,4,3,0,1,0,1,1,1,0,0,1,1,1,0,0,0,0,0,1,1,0,0,0,0,1,0,0,0,0,0,0,0,-0.41569282136894825,0.6155088852988692,-0.16233766233766234,-0.43834296724470123,0.6535003211303789,-0.743416827231856,0.36448298008991653,0.06422607578676942,-0.020967741935483824,-0.06858054226475274,0.20833333333333334,-0.5,-0.25,0.25,0.4166666666666667,-0.4166666666666667,0.7083333333333334,0.6956521739130435,-0.375,0.2916666666666667
0,1,0,0,0.6010016694490818,-0.4166666666666667,0.8283060298748952,6,5,4,3,2,1,0,6,5,4,0,0,1,0,1,1,1,0,0,1,1,1,0,0,0,0,0,1,1,0,0,0,0,1,0,0,0,0,0,0,0.5191986644407346,-0.4022617124394184,0.6168831168831169,-0.16538214515093122,-0.43834296724470123,0.6535003211303789,-0.743416827231856,0.36929993577392417,0.05967741935483876,-0.020733652312599635,0.5833333333333334,0.20833333333333334,-0.5,-0.25,0.25,0.4166666666666667,-0.4166666666666667,0.8260869565217391,0.6666666666666666,-0.375
1,1,0,0,0.25041736227045075,0.0,0.7410687809929609,0,6,5,4,3,2,1,0,6,5,1,0,0,1,0,1,1,1,0,0,0,1,1,0,0,0,0,0,1,1,0,0,0,0,1,0,0,0,0,0,0.6026711185308848,0.5024232633279483,-0.40584415584415584,0.6053307642903019,-0.16538214515093122,-0.43834296724470123,0.6535003211303789,-0.7385998715478483,0.36612903225806454,0.05901116427432221,-0.4166666666666667,0.5833333333333334,0.20833333333333334,-0.5,-0.25,0.25,0.4166666666666667,-0.34782608695652173,0.7916666666666666,0.6666666666666666
2,1,0,0,0.7011686143572621,0.5833333333333334,1.0218237584947893,1,0,6,5,4,3,2,1,0,6,1,1,0,0,1,0,1,1,1,0,0,0,1,1,0,0,0,0,0,1,0,0,0,0,0,1,0,0,0,0,0.2520868113522538,0.5831987075928918,0.5032467532467533,-0.4062299293513165,0.6053307642903019,-0.16538214515093122,-0.43834296724470123,0.6583172768143866,-0.746774193548387,0.3620414673046252,0.0,-0.4166666666666667,0.5833333333333334,0.20833333333333334,-0.5,-0.25,0.25,0.5217391304347826,-0.3333333333333333,0.7916666666666666
3,1,0,0,-0.31719532554257096,0.16666666666666666,-0.24864090971990954,2,1,0,6,5,4,3,2,1,0,1,1,1,0,0,1,0,1,1,1,0,0,0,1,1,0,0,0,0,0,0,0,0,0,0,0,1,0,0,0,0.7028380634390652,0.24394184168012928,0.5844155844155844,0.4929351316634553,-0.4062299293513165,0.6053307642903019,-0.16538214515093122,-0.4335260115606936,0.6564516129032258,-0.7384370015948962,0.5833333333333334,0.0,-0.4166666666666667,0.5833333333333334,0.20833333333333334,-0.5,-0.25,0.34782608695652173,0.5,-0.3333333333333333
4,1,0,0,-0.4507512520868114,0.4583333333333333,-0.2571376000024331,3,2,1,0,6,5,4,3,2,1,1,1,1,1,0,0,1,0,1,1,0,0,0,0,1,1,0,0,0,0,0,0,0,0,0,0,0,1,0,0,-0.3155258764607679,0.6801292407108239,0.2435064935064935,0.5732177263969171,0.4929351316634553,-0.4062299293513165,0.6053307642903019,-0.16056518946692355,-0.4403225806451612,0.6491228070175439,0.16666666666666666,0.5833333333333334,0.0,-0.4166666666666667,0.5833333333333334,0.20833333333333334,-0.5,-0.17391304347826086,0.3333333333333333,0.5
5,0,1,0,0.41736227045075125,0.7916666666666666,0.7851496862117154,4,3,2,1,0,6,5,4,3,2,1,1,1,1,1,0,0,1,0,1,0,0,0,0,0,1,1,0,0,0,0,0,0,0,0,0,0,0,1,0,-0.44908180300500833,-0.30533117932148623,0.6818181818181818,0.23603082851637766,0.5732177263969171,0.4929351316634553,-0.4062299293513165,0.6101477199743095,-0.16612903225806447,-0.43540669856459324,0.4583333333333333,0.16666666666666666,0.5833333333333334,0.0,-0.4166666666666667,0.5833333333333334,0.20833333333333334,-0.43478260869565216,-0.16666666666666666,0.3333333333333333
6,0,1,0,0.0,1.1666666666666667,0.4472771814254367,5,4,3,2,1,0,6,5,4,3,0,1,1,1,1,1,0,0,1,0,1,0,0,0,0,0,1,1,0,0,0,0,0,0,0,0,0,0,0,1,0.4190317195325543,-0.43457189014539577,-0.30844155844155846,0.6695568400770713,0.23603082851637766,0.5732177263969171,0.4929351316634553,-0.4014129736673089,0.6080645161290323,-0.16427432216905896,0.7916666666666666,0.4583333333333333,0.16666666666666666,0.5833333333333334,0.0,-0.4166666666666667,0.5833333333333334,0.30434782608695654,-0.4166666666666667,-0.16666666666666666
