DIA_SEMANA,LABORAL,FIN_DE_SEMANA,FESTIVO,PORCENTAJE_USO,NUMERO_CONEXIONES,USAGE_KB,DIA_SEMANA_lag_1,DIA_SEMANA_lag_2,DIA_SEMANA_lag_3,DIA_SEMANA_lag_4,DIA_SEMANA_lag_5,DIA_SEMANA_lag_6,DIA_SEMANA_lag_7,DIA_SEMANA_lag_8,DIA_SEMANA_lag_9,DIA_SEMANA_lag_10,LABORAL_lag_1,LABORAL_lag_2,LABORAL_lag_3,LABORAL_lag_4,LABORAL_lag_5,LABORAL_lag_6,LABORAL_lag_7,LABORAL_lag_8,LABORAL_lag_9,LABORAL_lag_10,FIN_DE_SEMANA_lag_1,FIN_DE_SEMANA_lag_2,FIN_DE_SEMANA_lag_3,FIN_DE_SEMANA_lag_4,FIN_DE_SEMANA_lag_5,FIN_DE_SEMANA_lag_6,FIN_DE_SEMANA_lag_7,FIN_DE_SEMANA_lag_8,FIN_DE_SEMANA_lag_9,FIN_DE_SEMANA_lag_10,FESTIVO_lag_1,FESTIVO_lag_2,FESTIVO_lag_3,FESTIVO_lag_4,FESTIVO_lag_5,FESTIVO_lag_6,FESTIVO_lag_7,FESTIVO_lag_8,FESTIVO_lag_9,FESTIVO_lag_10,PORCENTAJE_USO_lag_1,PORCENTAJE_USO_lag_2,PORCENTAJE_USO_lag_3,PORCENTAJE_USO_lag_4,PORCENTAJE_USO_lag_5,PORCENTAJE_USO_lag_6,PORCENTAJE_USO_lag_7,PORCENTAJE_USO_lag_8,PORCENTAJE_USO_lag_9,PORCENTAJE_USO_lag_10,NUMERO_CONEXIONES_lag_1,NUMERO_CONEXIONES_lag_2,NUMERO_CONEXIONES_lag_3,NUMERO_CONEXIONES_lag_4,NUMERO_CONEXIONES_lag_5,NUMERO_CONEXIONES_lag_6,NUMERO_CONEXIONES_lag_7,NUMERO_CONEXIONES_lag_8,NUMERO_CONEXIONES_lag_9,NUMERO_CONEXIONES_lag_10
5,0,1,0,-0.15783601382425774,-0.2608695652173913,-0.2987201559123433,4,3,2,1,0,6,5,4,3,2,1,1,1,1,1,0,0,1,1,1,0,0,0,0,0,1,1,0,0,0,0,0,0,0,0,0,0,0,0,0,-0.368283378746594,-0.10735694822888285,-0.3911357340720221,2.0929700272479566,-0.4189645776566757,3.1917166212534056,-0.23378746594005453,0.17318559556786697,0.3683102493074792,-0.5058620689655172,-0.4148148148148148,0.9185185185185185,-0.4888888888888889,0.4,-0.5481481481481482,0.8740740740740741,0.044444444444444446,-0.26666666666666666,1.0735294117647058,-0.5037037037037037
6,0,1,0,0.5043132772743353,0.7246376811594203,0.2407106159807855,5,4,3,2,1,0,6,5,4,3,0,1,1,1,1,1,0,0,1,1,1,0,0,0,0,0,1,1,0,0,0,0,0,0,0,0,0,0,0,0,-0.14168937329700274,-0.36555858310626704,-0.10360110803324102,-0.3901907356948229,2.0984196185286104,-0.4189645776566757,3.1917166212534056,-0.23767313019390585,0.17318559556786697,0.39356321839080455,-0.26666666666666666,-0.4148148148148148,0.9333333333333333,-0.4888888888888889,0.4,-0.5481481481481482,0.8740740740740741,0.05925925925925926,-0.27941176470588236,1.0962962962962963
0,1,0,0,-0.45489427708384356,-0.4927536231884058,-0.528010309352117,6,5,4,3,2,1,0,6,5,4,0,0,1,1,1,1,1,0,0,1,1,1,0,0,0,0,0,1,1,0,0,0,0,0,0,0,0,0,0,0,0.5213079019073569,-0.13896457765667575,-0.3660941828254848,-0.10735694822888285,-0.3847411444141689,2.0984196185286104,-0.4189645776566757,3.244764542936288,-0.23767313019390585,0.19114942528735626,0.7407407407407407,-0.26666666666666666,-0.4,0.9333333333333333,-0.4888888888888889,0.4,-0.5481481481481482,0.8888888888888888,0.04411764705882353,-0.26666666666666666
1,1,0,0,0.32916972814107265,0.7246376811594203,-0.06362268817169156,0,6,5,4,3,2,1,0,6,5,1,0,0,1,1,1,1,1,0,0,0,1,1,0,0,0,0,0,1,1,0,0,0,0,0,0,0,0,0,0,-0.43912806539509536,0.5240326975476839,-0.13573407202216067,-0.36555858310626704,-0.1019073569482289,-0.3847411444141689,2.0984196185286104,-0.42592797783933517,3.244764542936288,-0.23505747126436785,-0.5037037037037037,0.7407407407407407,-0.2518518518518518,-0.4,0.9333333333333333,-0.4888888888888889,0.4,-0.5333333333333333,0.8676470588235294,0.05925925925925926
2,1,0,0,-0.2962962962962963,-0.4057971014492754,-0.3980727560900609,1,0,6,5,4,3,2,1,0,6,1,1,0,0,1,1,1,1,1,0,0,0,1,1,0,0,0,0,0,1,0,0,0,0,0,0,0,0,0,0,0.34594005449591275,-0.4364032697547684,0.5382825484764543,-0.13896457765667575,-0.36010899182561307,-0.1019073569482289,-0.3847411444141689,2.1332963988919666,-0.42592797783933517,3.377471264367816,0.7407407407407407,-0.5037037037037037,0.7555555555555555,-0.2518518518518518,-0.4,0.9333333333333333,-0.4888888888888889,0.4148148148148148,-0.5441176470588235,0.8888888888888888
3,1,0,0,-0.08098620295534326,0.2318840579710145,-0.23928060679455773,2,1,0,6,5,4,3,2,1,0,1,1,1,0,0,1,1,1,1,1,0,0,0,1,1,0,0,0,0,0,0,0,0,0,0,0,0,0,0,0,-0.2803269754768392,0.3486648501362397,-0.4381163434903047,0.5240326975476839,-0.1335149863760218,-0.36010899182561307,-0.1019073569482289,-0.3911357340720221,2.1332963988919666,-0.43034482758620685,-0.4148148148148148,0.7407407407407407,-0.4888888888888889,0.7555555555555555,-0.2518518518518518,-0.4,0.9333333333333333,-0.4740740740740741,0.39705882352941174,-0.5333333333333333
4,1,0,0,-0.6066345552017851,-0.6086956521739131,-0.6308017159050183,3,2,1,0,6,5,4,3,2,1,1,1,1,1,0,0,1,1,1,1,0,0,0,0,1,1,0,0,0,0,0,0,0,0,0,0,0,0,0,0,-0.06474114441416891,-0.27760217983651225,0.35999999999999993,-0.4364032697547684,0.5294822888283378,-0.1335149863760218,-0.36010899182561307,-0.10360110803324102,-0.3911357340720221,2.2244827586206894,0.23703703703703705,-0.4148148148148148,0.7555555555555555,-0.4888888888888889,0.7555555555555555,-0.2518518518518518,-0.4,0.9481481481481482,-0.4852941176470588,0.4148148148148148
5,0,1,0,-0.37336381201186486,-0.37681159420289856,-0.47541056448879426,4,3,2,1,0,6,5,4,3,2,1,1,1,1,1,0,0,1,1,1,0,0,0,0,0,1,1,0,0,0,0,0,0,0,0,0,0,0,0,0,-0.5910626702997275,-0.062016348773841934,-0.2766759002770083,0.3486648501362397,-0.4309536784741144,0.5294822888283378,-0.1335149863760218,-0.3660941828254848,-0.10360110803324102,-0.39425287356321836,-0.6222222222222222,0.23703703703703705,-0.4,0.7555555555555555,-0.4888888888888889,0.7555555555555555,-0.2518518518518518,-0.3851851851851852,0.9264705882352942,-0.4740740740740741
6,0,0,1,0.5293493346395624,0.2898550724637681,0.34851924527528516,5,4,3,2,1,0,6,5,4,3,0,1,1,1,1,1,0,0,1,1,1,0,0,0,0,0,1,1,0,0,0,0,0,0,0,0,0,0,0,0,-0.35749318801089913,-0.5883378746594005,-0.05750692520775621,-0.27760217983651225,0.3541144414168937,-0.4309536784741144,0.5294822888283378,-0.13573407202216067,-0.3660941828254848,-0.09597701149425289,-0.3851851851851852,-0.6222222222222222,0.2518518518518518,-0.4,0.7555555555555555,-0.4888888888888889,0.7555555555555555,-0.23703703703703705,-0.39705882352941174,0.9481481481481482
0,1,0,0,-0.48940049527852614,-0.4057971014492754,-0.5280633119164694,6,5,4,3,2,1,0,6,5,4,0,0,1,1,1,1,1,0,0,1,0,1,0,0,0,0,0,1,1,0,1,0,0,0,0,0,0,0,0,0,0.5463760217983651,-0.35476839237057217,-0.5925761772853185,-0.062016348773841934,-0.2721525885558583,0.3541144414168937,-0.4309536784741144,0.5382825484764543,-0.13573407202216067,-0.3682758620689655,0.2962962962962963,-0.3851851851851852,-0.6074074074074074,0.2518518518518518,-0.4,0.7555555555555555,-0.4888888888888889,0.7703703703703704,-0.25,-0.3851851851851852
1,1,0,0,1.4161700274852367,0.5217391304347826,1.3578647457595077,0,6,5,4,3,2,1,0,6,5,1,0,0,1,1,1,1,1,0,0,0,0,1,0,0,0,0,0,1,1,0,1,0,0,0,0,0,0,0,0,-0.4736784741144414,0.5491008174386921,-0.35512465373961216,-0.5883378746594005,-0.056566757493187986,-0.2721525885558583,0.3541144414168937,-0.4381163434903047,0.5382825484764543,-0.12931034482758622,-0.4148148148148148,0.2962962962962963,-0.37037037037037035,-0.6074074074074074,0.2518518518518518,-0.4,0.7555555555555555,-0.4740740740740741,0.75,-0.23703703703703705
2,1,0,0,-0.4012300323835959,-0.34782608695652173,-0.4297205872648795,1,0,6,5,4,3,2,1,0,6,1,1,0,0,1,1,1,1,1,0,0,0,0,1,0,0,0,0,0,1,0,0,1,0,0,0,0,0,0,0,1.4343324250681198,-0.47095367847411446,0.5637673130193905,-0.35476839237057217,-0.5828882833787465,-0.056566757493187986,-0.2721525885558583,0.35999999999999993,-0.4381163434903047,0.5698850574712644,0.5333333333333333,-0.4148148148148148,0.3111111111111111,-0.37037037037037035,-0.6074074074074074,0.2518518518518518,-0.4,0.7703703703703704,-0.4852941176470588,0.7703703703703704
3,1,0,0,0.4010123275369418,0.6376811594202898,0.49170001926643214,2,1,0,6,5,4,3,2,1,0,1,1,1,0,0,1,1,1,1,1,0,0,0,0,1,0,0,0,0,0,0,0,0,1,0,0,0,0,0,0,-0.3853950953678474,1.4370572207084469,-0.4732409972299169,0.5491008174386921,-0.34931880108991825,-0.5828882833787465,-0.056566757493187986,-0.2766759002770083,0.35999999999999993,-0.44298850574712645,-0.35555555555555557,0.5333333333333333,-0.4,0.3111111111111111,-0.37037037037037035,-0.6074074074074074,0.2518518518518518,-0.3851851851851852,0.75,-0.4740740740740741
4,1,0,0,0.25351729392875616,0.6376811594202898,0.31654138479976557,3,2,1,0,6,5,4,3,2,1,1,1,1,1,0,0,1,1,1,1,0,0,0,0,0,1,0,0,0,0,0,0,0,0,1,0,0,0,0,0,0.417874659400545,-0.3826702997275204,1.4664819944598337,-0.47095367847411446,0.554550408719346,-0.34931880108991825,-0.5828882833787465,-0.05750692520775621,-0.2766759002770083,0.3849425287356321,0.6518518518518519,-0.35555555555555557,0.5481481481481482,-0.4,0.3111111111111111,-0.37037037037037035,-0.6074074074074074,0.26666666666666666,-0.39705882352941174,0.7703703703703704
5,0,1,0,-0.14390290363839223,-0.17391304347826086,-0.1744775515147382,4,3,2,1,0,6,5,4,3,2,1,1,1,1,1,0,0,1,1,1,0,0,0,0,0,0,1,0,0,0,0,0,0,0,0,1,0,0,0,0,0.27019073569482294,0.420599455040872,-0.38349030470914125,1.4370572207084469,-0.4655040871934605,0.554550408719346,-0.34931880108991825,-0.5925761772853185,-0.05750692520775621,-0.27551724137931033,0.6518518518518519,0.6518518518518519,-0.34074074074074073,0.5481481481481482,-0.4,0.3111111111111111,-0.37037037037037035,-0.5925925925925926,0.25,-0.3851851851851852
6,0,1,0,0.18635534873595128,0.3188405797101449,0.1318942312627322,5,4,3,2,1,0,6,5,4,3,0,1,1,1,1,1,0,0,1,1,1,0,0,0,0,0,0,1,0,0,0,0,0,0,0,0,1,0,0,0,-0.1277384196185286,0.27291553133514995,0.4331301939058172,-0.3826702997275204,1.4425068119891007,-0.4655040871934605,0.554550408719346,-0.35512465373961216,-0.5925761772853185,-0.04816091954022986,-0.17777777777777778,0.6518518518518519,0.6666666666666666,-0.34074074074074073,0.5481481481481482,-0.4,0.3111111111111111,-0.35555555555555557,-0.6029411764705882,0.26666666666666666
0,1,0,0,-0.49016246224181564,-0.4927536231884058,-0.5049135585594857,6,5,4,3,2,1,0,6,5,4,0,0,1,1,1,1,1,0,0,1,1,1,0,0,0,0,0,0,1,0,0,0,0,0,0,0,0,1,0,0,0.2029427792915532,-0.12501362397820162,0.2829916897506926,0.420599455040872,-0.3772207084468665,1.4425068119891007,-0.4655040871934605,0.5637673130193905,-0.35512465373961216,-0.6032183908045977,0.32592592592592595,-0.17777777777777778,0.6666666666666666,0.6666666666666666,-0.34074074074074073,0.5481481481481482,-0.4,0.32592592592592595,-0.36764705882352944,-0.5925925925925926
1,1,0,0,0.7211473045418673,0.34782608695652173,0.6952644947216955,0,6,5,4,3,2,1,0,6,5,1,0,0,1,1,1,1,1,0,0,0,1,1,0,0,0,0,0,0,1,0,0,0,0,0,0,0,0,1,0,-0.474441416893733,0.20566757493188015,-0.12155124653739612,0.27291553133514995,0.4260490463215259,-0.3772207084468665,1.4425068119891007,-0.4732409972299169,0.5637673130193905,-0.3568965517241379,-0.5037037037037037,0.32592592592592595,-0.16296296296296298,0.6666666666666666,0.6666666666666666,-0.34074074074074073,0.5481481481481482,-0.3851851851851852,0.3088235294117647,-0.35555555555555557
2,1,0,0,-0.48711459438865756,-0.2318840579710145,-0.5083036025754653,1,0,6,5,4,3,2,1,0,6,1,1,0,0,1,1,1,1,1,0,0,0,1,1,0,0,0,0,0,0,0,0,0,0,0,0,0,0,0,1,0.7384196185286104,-0.471716621253406,0.2146260387811635,-0.12501362397820162,0.2783651226158039,0.4260490463215259,-0.3772207084468665,1.4664819944598337,-0.4732409972299169,0.5963218390804598,0.35555555555555557,-0.5037037037037037,0.34074074074074073,-0.16296296296296298,0.6666666666666666,0.6666666666666666,-0.34074074074074073,0.562962962962963,-0.39705882352941174,0.32592592592592595
3,1,0,0,0.15293765477453938,0.057971014492753624,0.07062609367478881,2,1,0,6,5,4,3,2,1,0,1,1,1,0,0,1,1,1,1,1,0,0,0,1,1,0,0,0,0,0,0,0,0,0,0,0,0,0,0,0,-0.4713896457765668,0.7411444141689373,-0.474016620498615,0.20566757493188015,-0.11956403269754767,0.2783651226158039,0.4260490463215259,-0.38349030470914125,1.4664819944598337,-0.47942528735632184,-0.23703703703703705,0.35555555555555557,-0.4888888888888889,0.34074074074074073,-0.16296296296296298,0.6666666666666666,0.6666666666666666,-0.32592592592592595,0.5441176470588235,-0.3851851851851852
4,1,0,0,-0.21607206030424253,-0.4927536231884058,-0.24613419171575218,3,2,1,0,6,5,4,3,2,1,1,1,1,1,0,0,1,1,1,1,0,0,0,0,1,1,0,0,0,0,0,0,0,0,0,0,0,0,0,0,0.16948228882833785,-0.46866485013623976,0.7590027700831025,-0.471716621253406,0.2111171662125341,-0.11956403269754767,0.2783651226158039,0.4331301939058172,-0.38349030470914125,1.532758620689655,0.05925925925925926,-0.23703703703703705,0.37037037037037035,-0.4888888888888889,0.34074074074074073,-0.16296296296296298,0.6666666666666666,0.6814814814814815,-0.3382352941176471,0.562962962962963
5,0,1,0,-0.3575802106294391,-0.3188405797101449,-0.4198006273206841,4,3,2,1,0,6,5,4,3,2,1,1,1,1,1,0,0,1,1,1,0,0,0,0,0,1,1,0,0,0,0,0,0,0,0,0,0,0,0,0,-0.2,0.1722070844686648,-0.4709141274238227,0.7411444141689373,-0.46626702997275205,0.2111171662125341,-0.11956403269754767,0.2829916897506926,0.4331301939058172,-0.38632183908045975,-0.5037037037037037,0.05925925925925926,-0.2222222222222222,0.37037037037037035,-0.4888888888888889,0.34074074074074073,-0.16296296296296298,0.6814814814814815,0.6617647058823529,-0.32592592592592595
6,0,1,0,-0.4141834707595177,0.08695652173913043,-0.4307396499021617,5,4,3,2,1,0,6,5,4,3,0,1,1,1,1,1,0,0,1,1,1,0,0,0,0,0,1,1,0,0,0,0,0,0,0,0,0,0,0,0,-0.3416893732970027,-0.19727520435967305,0.18060941828254845,-0.46866485013623976,0.7465940054495913,-0.46626702997275205,0.2111171662125341,-0.12155124653739612,0.2829916897506926,0.46080459770114945,-0.32592592592592595,-0.5037037037037037,0.07407407407407407,-0.2222222222222222,0.37037037037037035,-0.4888888888888889,0.34074074074074073,-0.14814814814814814,0.6617647058823529,0.6814814814814815
0,1,0,0,1.3089503905080686,-0.2318840579710145,0.9312941008940914,6,5,4,3,2,1,0,6,5,4,0,0,1,1,1,1,1,0,0,1,1,1,0,0,0,0,0,1,1,0,0,0,0,0,0,0,0,0,0,0,-0.39836512261580376,-0.33896457765667576,-0.19501385041551247,0.1722070844686648,-0.46321525885558584,0.7465940054495913,-0.46626702997275205,0.2146260387811635,-0.12155124653739612,0.3050574712643679,0.08888888888888889,-0.32592592592592595,-0.4888888888888889,0.07407407407407407,-0.2222222222222222,0.37037037037037035,-0.4888888888888889,0.35555555555555557,-0.16176470588235295,0.6814814814814815
1,1,0,0,-0.01360655291588429,-0.5217391304347826,-0.17042744889735673,0,6,5,4,3,2,1,0,6,5,1,0,0,1,1,1,1,1,0,0,0,1,1,0,0,0,0,0,1,1,0,0,0,0,0,0,0,0,0,0,1.326975476839237,-0.3956403269754768,-0.33905817174515235,-0.19727520435967305,0.17765667574931876,-0.46321525885558584,0.7465940054495913,-0.474016620498615,0.2146260387811635,-0.11459770114942527,-0.23703703703703705,0.08888888888888889,-0.3111111111111111,-0.4888888888888889,0.07407407407407407,-0.2222222222222222,0.37037037037037035,-0.4740740740740741,0.3382352941176471,-0.14814814814814814
2,0,0,1,-0.593245707132555,-0.5217391304347826,-0.618408302957711,1,0,6,5,4,3,2,1,0,6,1,1,0,0,1,1,1,1,1,0,0,0,1,1,0,0,0,0,0,1,0,0,0,0,0,0,0,0,0,0,0.0027247956403269754,1.3297002724795641,-0.3966759002770083,-0.33896457765667576,-0.1918256130790191,0.17765667574931876,-0.46321525885558584,0.7590027700831025,-0.474016620498615,0.2341379310344828,-0.5333333333333333,-0.23703703703703705,0.1037037037037037,-0.3111111111111111,-0.4888888888888889,0.07407407407407407,-0.2222222222222222,0.3851851851851852,-0.4852941176470588,0.35555555555555557
3,1,0,0,-0.18232780907284948,-0.11594202898550725,-0.25414853279626426,2,1,0,6,5,4,3,2,1,0,0,1,1,0,0,1,1,1,1,1,0,0,0,1,1,0,0,0,0,0,1,0,0,0,0,0,0,0,0,0,-0.5776566757493188,0.005449591280653951,1.3573407202216066,-0.3956403269754768,-0.33351498637602184,-0.1918256130790191,0.17765667574931876,-0.4709141274238227,0.7590027700831025,-0.4802298850574713,-0.5333333333333333,-0.5333333333333333,-0.2222222222222222,0.1037037037037037,-0.3111111111111111,-0.4888888888888889,0.07407407407407407,-0.2074074074074074,0.36764705882352944,-0.4740740740740741
4,1,0,0,-0.370642501428688,-0.463768115942029,-0.3811338432238916,3,2,1,0,6,5,4,3,2,1,1,0,1,1,0,0,1,1,1,1,0,0,0,0,1,1,0,0,0,0,0,1,0,0,0,0,0,0,0,0,-0.16621253405994552,-0.5749318801089919,0.0110803324099723,1.3297002724795641,-0.3901907356948229,-0.33351498637602184,-0.1918256130790191,0.18060941828254845,-0.4709141274238227,0.7988505747126436,-0.11851851851851852,-0.5333333333333333,-0.5185185185185185,-0.2222222222222222,0.1037037037037037,-0.3111111111111111,-0.4888888888888889,0.08888888888888889,-0.22058823529411764,0.3851851851851852
5,0,1,0,-0.14096388820856126,-0.14492753623188406,-0.2746799594742393,4,3,2,1,0,6,5,4,3,2,1,1,0,1,1,0,0,1,1,1,0,0,0,0,0,1,1,0,0,0,0,0,1,0,0,0,0,0,0,0,-0.35476839237057217,-0.16348773841961853,-0.5789473684210527,0.005449591280653951,1.335149863760218,-0.3901907356948229,-0.33351498637602184,-0.19501385041551247,0.18060941828254845,-0.47701149425287354,-0.4740740740740741,-0.11851851851851852,-0.5185185185185185,-0.5185185185185185,-0.2222222222222222,0.1037037037037037,-0.3111111111111111,-0.4740740740740741,0.07352941176470588,-0.2074074074074074
6,0,1,0,0.23784254496965732,0.14492753623188406,0.2546704313799209,5,4,3,2,1,0,6,5,4,3,0,1,1,0,1,1,0,0,1,1,1,0,0,0,0,0,1,1,0,0,0,0,0,1,0,0,0,0,0,0,-0.1247956403269755,-0.3520435967302452,-0.16066481994459833,-0.5749318801089919,0.010899182561307902,1.335149863760218,-0.3901907356948229,-0.33905817174515235,-0.19501385041551247,0.19885057471264364,-0.14814814814814814,-0.4740740740740741,-0.1037037037037037,-0.5185185185185185,-0.5185185185185185,-0.2222222222222222,0.1037037037037037,-0.2962962962962963,-0.4852941176470588,0.08888888888888889
0,1,0,0,1.0041636051922604,-0.34782608695652173,0.6447929794923362,6,5,4,3,2,1,0,6,5,4,0,0,1,1,0,1,1,0,0,1,1,1,0,0,0,0,0,1,1,0,0,0,0,0,1,0,0,0,0,0,0.25449591280653944,-0.12207084468664853,-0.3523545706371191,-0.16348773841961853,-0.5694822888283378,0.010899182561307902,1.335149863760218,-0.3966759002770083,-0.33905817174515235,-0.19080459770114944,0.14814814814814814,-0.14814814814814814,-0.45925925925925926,-0.1037037037037037,-0.5185185185185185,-0.5185185185185185,-0.2222222222222222,0.11851851851851852,-0.3088235294117647,-0.4740740740740741
1,1,0,0,0.4816719732223038,-0.3188405797101449,0.025530451872479012,0,6,5,4,3,2,1,0,6,5,1,0,0,1,1,0,1,1,0,0,0,1,1,0,0,0,0,0,1,1,0,0,0,0,0,1,0,0,0,0,1.021798365122616,0.2572207084468664,-0.11855955678670363,-0.3520435967302452,-0.15803814713896458,-0.5694822888283378,0.010899182561307902,1.3573407202216066,-0.3966759002770083,-0.34022988505747126,-0.35555555555555557,0.14814814814814814,-0.13333333333333333,-0.45925925925925926,-0.1037037037037037,-0.5185185185185185,-0.5185185185185185,-0.2074074074074074,0.10294117647058823,-0.2962962962962963
2,0,0,1,0.25308188423544775,-0.43478260869565216,-0.22248550755299792,1,0,6,5,4,3,2,1,0,6,1,1,0,0,1,1,0,1,1,0,0,0,1,1,0,0,0,0,0,1,0,0,0,0,0,0,1,0,0,0,0.4986376021798365,1.0245231607629428,0.26703601108033237,-0.12207084468664853,-0.3465940054495913,-0.15803814713896458,-0.5694822888283378,0.0110803324099723,1.3573407202216066,-0.39999999999999997,-0.32592592592592595,-0.35555555555555557,0.16296296296296298,-0.13333333333333333,-0.45925925925925926,-0.1037037037037037,-0.5185185185185185,-0.5037037037037037,-0.22058823529411764,0.11851851851851852
3,1,0,0,-0.06259014341306773,0.028985507246376812,-0.13847220284929418,2,1,0,6,5,4,3,2,1,0,0,1,1,0,0,1,1,0,1,1,0,0,0,1,1,0,0,0,0,0,1,0,0,0,0,0,0,1,0,0,0.26975476839237056,0.5013623978201635,1.0470914127423823,0.2572207084468664,-0.11662125340599458,-0.3465940054495913,-0.15803814713896458,-0.5789473684210527,0.0110803324099723,1.4195402298850575,-0.4444444444444444,-0.32592592592592595,-0.34074074074074073,0.16296296296296298,-0.13333333333333333,-0.45925925925925926,-0.1037037037037037,-0.5037037037037037,-0.5147058823529411,-0.2074074074074074
4,1,0,0,-0.4109178980597055,-0.057971014492753624,-0.4643549362657414,3,2,1,0,6,5,4,3,2,1,1,0,1,1,0,0,1,1,0,1,0,0,0,0,1,1,0,0,0,0,0,1,0,0,0,0,0,0,1,0,-0.04632152588555858,0.2724795640326976,0.5152354570637119,1.0245231607629428,0.2626702997275204,-0.11662125340599458,-0.3465940054495913,-0.16066481994459833,-0.5789473684210527,0.022988505747126436,0.02962962962962963,-0.4444444444444444,-0.3111111111111111,-0.34074074074074073,0.16296296296296298,-0.13333333333333333,-0.45925925925925926,-0.08888888888888889,-0.5147058823529411,-0.5037037037037037
5,0,1,0,-0.18232780907284948,-0.14492753623188406,-0.26346179005383913,4,3,2,1,0,6,5,4,3,2,1,1,0,1,1,0,0,1,1,0,0,0,0,0,0,1,1,0,0,0,0,0,1,0,0,0,0,0,0,1,-0.39509536784741145,-0.043596730245231606,0.28254847645429365,0.5013623978201635,1.0299727520435968,0.2626702997275204,-0.11662125340599458,-0.3523545706371191,-0.16066481994459833,-0.5890804597701149,-0.05925925925925926,0.02962962962962963,-0.42962962962962964,-0.3111111111111111,-0.34074074074074073,0.16296296296296298,-0.13333333333333333,-0.4444444444444444,-0.10294117647058823,-0.5037037037037037
6,0,1,0,0.06803276457942145,0.5507246376811594,0.08370217965095515,5,4,3,2,1,0,6,5,4,3,0,1,1,0,1,1,0,0,1,1,1,0,0,0,0,0,1,1,0,0,0,0,0,1,0,0,0,0,0,0,-0.16621253405994552,-0.3923705722070845,-0.038781163434903045,0.2724795640326976,0.5068119891008175,1.0299727520435968,0.2626702997275204,-0.11855955678670363,-0.3523545706371191,-0.15517241379310345,-0.14814814814814814,-0.05925925925925926,0.044444444444444446,-0.42962962962962964,-0.3111111111111111,-0.34074074074074073,0.16296296296296298,-0.11851851851851852,-0.45588235294117646,-0.08888888888888889
0,0,0,1,0.40547527689335183,0.4927536231884058,0.6014365285016431,6,5,4,3,2,1,0,6,5,4,0,0,1,1,0,1,1,0,0,1,1,1,0,0,0,0,0,1,1,0,0,0,0,0,1,0,0,0,0,0,0.08446866485013624,-0.16348773841961853,-0.39335180055401664,-0.043596730245231606,0.2779291553133515,0.5068119891008175,1.0299727520435968,0.26703601108033237,-0.11855955678670363,-0.35402298850574715,0.562962962962963,-0.14814814814814814,-0.044444444444444446,0.044444444444444446,-0.42962962962962964,-0.3111111111111111,-0.34074074074074073,0.17777777777777778,-0.1323529411764706,-0.4444444444444444
1,1,0,0,-0.2911802323999238,0.2898550724637681,-0.2927170854737904,0,6,5,4,3,2,1,0,6,5,0,0,0,1,1,0,1,1,0,0,0,1,1,0,0,0,0,0,1,1,1,0,0,0,0,1,0,0,0,0,0.4223433242506812,0.08719346049046321,-0.16066481994459833,-0.3923705722070845,-0.03814713896457766,0.2779291553133515,0.5068119891008175,1.0470914127423823,0.26703601108033237,-0.11149425287356325,0.5037037037037037,0.562962962962963,-0.13333333333333333,-0.044444444444444446,0.044444444444444446,-0.42962962962962964,-0.3111111111111111,-0.32592592592592595,0.16176470588235295,-0.11851851851851852
2,1,0,0,-0.2911802323999238,-0.2028985507246377,-0.28167877142175934,1,0,6,5,4,3,2,1,0,6,1,0,0,0,1,1,0,1,1,0,0,0,1,1,0,0,0,0,0,1,0,1,0,0,0,0,1,0,0,0,-0.27520435967302453,0.4250681198910082,0.09418282548476455,-0.16348773841961853,-0.3869209809264305,-0.03814713896457766,0.2779291553133515,0.5152354570637119,1.0470914127423823,0.28850574712643673,0.2962962962962963,0.5037037037037037,0.5777777777777777,-0.13333333333333333,-0.044444444444444446,0.044444444444444446,-0.42962962962962964,-0.2962962962962963,-0.3382352941176471,0.17777777777777778
3,1,0,0,0.5252129425531336,2.0,0.6530433586594309,2,1,0,6,5,4,3,2,1,0,1,1,0,0,0,1,1,0,1,1,0,0,0,1,1,0,0,0,0,0,0,0,1,0,0,0,0,1,0,0,-0.27520435967302453,-0.2724795640326976,0.4376731301939058,0.08719346049046321,-0.15803814713896458,-0.3869209809264305,-0.03814713896457766,0.28254847645429365,0.5152354570637119,1.0977011494252873,-0.2074074074074074,0.2962962962962963,0.5185185185185185,0.5777777777777777,-0.13333333333333333,-0.044444444444444446,0.044444444444444446,-0.4148148148148148,-0.3088235294117647,-0.32592592592592595
4,1,0,0,-0.38914741339429065,-0.2028985507246377,-0.3724587368411196,3,2,1,0,6,5,4,3,2,1,1,1,1,0,0,0,1,1,0,1,0,0,0,0,1,1,0,0,0,0,0,0,0,1,0,0,0,0,1,0,0.5422343324250681,-0.2724795640326976,-0.27146814404432135,0.4250681198910082,0.09264305177111716,-0.15803814713896458,-0.3869209809264305,-0.038781163434903045,0.28254847645429365,0.5459770114942529,2.0444444444444443,-0.2074074074074074,0.3111111111111111,0.5185185185185185,0.5777777777777777,-0.13333333333333333,-0.044444444444444446,0.05925925925925926,-0.4264705882352941,-0.2962962962962963
5,0,1,0,0.31839333823169236,0.2318840579710145,0.39294988157018684,4,3,2,1,0,6,5,4,3,2,1,1,1,1,0,0,0,1,1,0,0,0,0,0,0,1,1,0,0,0,0,0,0,0,1,0,0,0,0,1,-0.37329700272479566,0.5449591280653951,-0.27146814404432135,-0.2724795640326976,0.4305177111716621,0.09264305177111716,-0.15803814713896458,-0.39335180055401664,-0.038781163434903045,0.3045977011494253,-0.2074074074074074,2.0444444444444443,-0.1925925925925926,0.3111111111111111,0.5185185185185185,0.5777777777777777,-0.13333333333333333,-0.02962962962962963,0.04411764705882353,-0.4148148148148148
6,0,1,0,0.5796391542166707,1.7681159420289856,0.8098139901505335,5,4,3,2,1,0,6,5,4,3,0,1,1,1,1,0,0,0,1,1,1,0,0,0,0,0,1,1,0,0,0,0,0,0,0,1,0,0,0,0,0.335149863760218,-0.37057220708446864,0.5595567867036011,-0.2724795640326976,-0.2670299727520436,0.4305177111716621,0.09264305177111716,-0.16066481994459833,-0.39335180055401664,-0.028735632183908046,0.23703703703703705,-0.2074074074074074,2.0592592592592593,-0.1925925925925926,0.3111111111111111,0.5185185185185185,0.5777777777777777,-0.11851851851851852,-0.04411764705882353,0.05925925925925926
0,1,0,0,-0.06259014341306773,-0.2028985507246377,-0.09738461496331295,6,5,4,3,2,1,0,6,5,4,0,0,1,1,1,1,0,0,0,1,1,1,0,0,0,0,0,1,1,0,0,0,0,0,0,0,1,0,0,0,0.5967302452316077,0.33787465940054495,-0.37119113573407203,0.5449591280653951,-0.2670299727520436,-0.2670299727520436,0.4305177111716621,0.09418282548476455,-0.16066481994459833,-0.39655172413793105,1.8074074074074074,0.23703703703703705,-0.1925925925925926,2.0592592592592593,-0.1925925925925926,0.3111111111111111,0.5185185185185185,0.5925925925925926,-0.1323529411764706,-0.02962962962962963
1,1,0,0,1.09124554385392,1.9710144927536233,1.0444708299062022,0,6,5,4,3,2,1,0,6,5,1,0,0,1,1,1,1,0,0,0,0,1,1,0,0,0,0,0,1,1,0,0,0,0,0,0,0,1,0,0,-0.04632152588555858,0.5994550408719346,0.3490304709141274,-0.37057220708446864,0.5504087193460491,-0.2670299727520436,-0.2670299727520436,0.4376731301939058,0.09418282548476455,-0.15517241379310345,-0.2074074074074074,1.8074074074074074,0.2518518518518518,-0.1925925925925926,2.0592592592592593,-0.1925925925925926,0.3111111111111111,0.5333333333333333,0.5735294117647058,-0.11851851851851852
2,1,0,0,-0.3673769287288758,-0.2898550724637681,-0.40773653697321965,1,0,6,5,4,3,2,1,0,6,1,1,0,0,1,1,1,1,0,0,0,0,1,1,0,0,0,0,0,1,0,0,0,0,0,0,0,0,1,0,1.108991825613079,-0.043596730245231606,0.6149584487534626,0.33787465940054495,-0.3651226158038147,0.5504087193460491,-0.2670299727520436,-0.27146814404432135,0.4376731301939058,0.10919540229885058,2.0148148148148146,-0.2074074074074074,1.8222222222222222,0.2518518518518518,-0.1925925925925926,2.0592592592592593,-0.1925925925925926,0.32592592592592595,0.5147058823529411,0.5925925925925926
3,1,0,0,1.9838354151359294,2.7246376811594204,2.016098645545969,2,1,0,6,5,4,3,2,1,0,1,1,1,0,0,1,1,1,1,0,0,0,0,1,1,0,0,0,0,0,0,0,0,0,0,0,0,0,0,1,-0.35149863760217986,1.111716621253406,-0.038781163434903045,0.5994550408719346,0.34332425068119893,-0.3651226158038147,0.5504087193460491,-0.27146814404432135,-0.27146814404432135,0.46551724137931033,-0.2962962962962963,2.0148148148148146,-0.1925925925925926,1.8222222222222222,0.2518518518518518,-0.1925925925925926,2.0592592592592593,-0.17777777777777778,0.3088235294117647,0.5333333333333333
4,1,0,0,1.2000979671809944,0.3188405797101449,1.1561737342788874,3,2,1,0,6,5,4,3,2,1,1,1,1,1,0,0,1,1,1,1,0,0,0,0,1,1,0,0,0,0,0,0,0,0,0,0,0,0,0,0,2.002724795640327,-0.34877384196185285,1.1357340720221607,-0.043596730245231606,0.6049046321525886,0.34332425068119893,-0.3651226158038147,0.5595567867036011,-0.27146814404432135,-0.27011494252873564,2.785185185185185,-0.2962962962962963,2.0296296296296297,-0.1925925925925926,1.8222222222222222,0.2518518518518518,-0.1925925925925926,2.074074074074074,-0.19117647058823528,0.32592592592592595
5,0,1,0,0.9497373935287233,0.3188405797101449,0.896252338848574,4,3,2,1,0,6,5,4,3,2,1,1,1,1,1,0,0,1,1,1,0,0,0,0,0,1,1,0,0,0,0,0,0,0,0,0,0,0,0,0,1.2179836512261581,2.005449591280654,-0.3490304709141274,1.111716621253406,-0.03814713896457766,0.6049046321525886,0.34332425068119893,-0.37119113573407203,0.5595567867036011,-0.27011494252873564,0.32592592592592595,2.785185185185185,-0.2814814814814815,2.0296296296296297,-0.1925925925925926,1.8222222222222222,0.2518518518518518,-0.17777777777777778,2.0441176470588234,-0.17777777777777778
6,0,1,0,1.7334748414836585,2.260869565217391,1.8345344745021006,5,4,3,2,1,0,6,5,4,3,0,1,1,1,1,1,0,0,1,1,1,0,0,0,0,0,1,1,0,0,0,0,0,0,0,0,0,0,0,0,0.9673024523160763,1.220708446866485,2.044321329639889,-0.34877384196185285,1.11716621253406,-0.03814713896457766,0.6049046321525886,0.3490304709141274,-0.37119113573407203,0.5919540229885057,0.32592592592592595,0.32592592592592595,2.8,-0.2814814814814815,2.0296296296296297,-0.1925925925925926,1.8222222222222222,0.26666666666666666,-0.19117647058823528,2.074074074074074
0,1,0,0,1.9185239611396847,-0.057971014492753624,2.0206720601487236,6,5,4,3,2,1,0,6,5,4,0,0,1,1,1,1,1,0,0,1,1,1,0,0,0,0,0,1,1,0,0,0,0,0,0,0,0,0,0,0,1.7520435967302452,0.9700272479564033,1.2465373961218837,2.005449591280654,-0.34332425068119893,1.11716621253406,-0.03814713896457766,0.6149584487534626,0.3490304709141274,-0.3735632183908046,2.311111111111111,0.32592592592592595,0.34074074074074073,2.8,-0.2814814814814815,2.0296296296296297,-0.1925925925925926,1.837037037037037,0.25,-0.17777777777777778
1,1,0,0,2.473671320107764,2.4347826086956523,2.971516156904198,0,6,5,4,3,2,1,0,6,5,1,0,0,1,1,1,1,1,0,0,0,1,1,0,0,0,0,0,1,1,0,0,0,0,0,0,0,0,0,0,1.9373297002724796,1.7547683923705721,0.9916897506925207,1.220708446866485,2.010899182561308,-0.34332425068119893,1.11716621253406,-0.038781163434903045,0.6149584487534626,0.3735632183908046,-0.05925925925925926,2.311111111111111,0.34074074074074073,0.34074074074074073,2.8,-0.2814814814814815,2.0296296296296297,-0.17777777777777778,1.8088235294117647,0.26666666666666666
2,1,0,0,0.8082292432035267,-0.2028985507246377,0.9132749957664201,1,0,6,5,4,3,2,1,0,6,1,1,0,0,1,1,1,1,1,0,0,0,1,1,0,0,0,0,0,1,0,0,0,0,0,0,0,0,0,0,2.4931880108991824,1.9400544959128065,1.7894736842105263,0.9700272479564033,1.2261580381471389,2.010899182561308,-0.34332425068119893,1.1357340720221607,-0.038781163434903045,0.6494252873563219,2.488888888888889,-0.05925925925925926,2.325925925925926,0.34074074074074073,0.34074074074074073,2.8,-0.2814814814814815,2.0444444444444443,-0.19117647058823528,1.837037037037037
3,1,0,0,1.5048847524968023,3.420289855072464,2.1119541365277152,2,1,0,6,5,4,3,2,1,0,1,1,1,0,0,1,1,1,1,1,0,0,0,1,1,0,0,0,0,0,0,0,0,0,0,0,0,0,0,0,0.8256130790190735,2.4959128065395095,1.9778393351800554,1.7547683923705721,0.9754768392370572,1.2261580381471389,2.010899182561308,-0.3490304709141274,1.1357340720221607,-0.028735632183908046,-0.2074074074074074,2.488888888888889,-0.044444444444444446,2.325925925925926,0.34074074074074073,0.34074074074074073,2.8,-0.26666666666666666,2.014705882352941,-0.17777777777777778
4,1,0,0,0.1224589762429586,-0.028985507246376812,0.15633795389077249,3,2,1,0,6,5,4,3,2,1,1,1,1,1,0,0,1,1,1,1,0,0,0,0,1,1,0,0,0,0,0,0,0,0,0,0,0,0,0,0,1.5231607629427792,0.8283378746594006,2.542936288088643,1.9400544959128065,1.7602179836512262,0.9754768392370572,1.2261580381471389,2.044321329639889,-0.3490304709141274,1.1896551724137931,3.4962962962962965,-0.2074074074074074,2.5037037037037035,-0.044444444444444446,2.325925925925926,0.34074074074074073,0.34074074074074073,2.814814814814815,-0.27941176470588236,2.0444444444444443
5,0,1,0,0.7755735162054045,0.8115942028985508,1.0385405496560267,4,3,2,1,0,6,5,4,3,2,1,1,1,1,1,0,0,1,1,1,0,0,0,0,0,1,1,0,0,0,0,0,0,0,0,0,0,0,0,0,0.13896457765667575,1.5258855585831064,0.8476454293628809,2.4959128065395095,1.9455040871934606,1.7602179836512262,0.9754768392370572,1.2465373961218837,2.044321329639889,-0.3505747126436782,-0.02962962962962963,3.4962962962962965,-0.1925925925925926,2.5037037037037035,-0.044444444444444446,2.325925925925926,0.34074074074074073,0.35555555555555557,2.7794117647058822,-0.26666666666666666
6,0,1,0,1.4613437831659726,2.4927536231884058,2.007091389759922,5,4,3,2,1,0,6,5,4,3,0,1,1,1,1,1,0,0,1,1,1,0,0,0,0,0,1,1,0,0,0,0,0,0,0,0,0,0,0,0,0.7929155313351499,0.14168937329700274,1.556786703601108,0.8283378746594006,2.5013623978201633,1.9455040871934606,1.7602179836512262,0.9916897506925207,1.2465373961218837,2.132183908045977,0.8296296296296296,-0.02962962962962963,3.511111111111111,-0.1925925925925926,2.5037037037037035,-0.044444444444444446,2.325925925925926,0.35555555555555557,0.3382352941176471,2.814814814814815
0,1,0,0,-0.38914741339429065,-0.11594202898550725,-0.3588208236828178,6,5,4,3,2,1,0,6,5,4,0,0,1,1,1,1,1,0,0,1,1,1,0,0,0,0,0,1,1,0,0,0,0,0,0,0,0,0,0,0,1.4795640326975477,0.7956403269754768,0.14958448753462603,1.5258855585831064,0.8337874659400545,2.5013623978201633,1.9455040871934606,1.7894736842105263,0.9916897506925207,1.3045977011494252,2.5481481481481483,0.8296296296296296,-0.014814814814814815,3.511111111111111,-0.1925925925925926,2.5037037037037035,-0.044444444444444446,2.3407407407407406,0.3382352941176471,0.35555555555555557
1,1,0,0,2.255966473453615,4.202898550724638,2.428311602429178,0,6,5,4,3,2,1,0,6,5,1,0,0,1,1,1,1,1,0,0,0,1,1,0,0,0,0,0,1,1,0,0,0,0,0,0,0,0,0,0,-0.37329700272479566,1.4822888283378746,0.814404432132964,0.14168937329700274,1.5313351498637602,0.8337874659400545,2.5013623978201633,1.9778393351800554,1.7894736842105263,1.0402298850574712,-0.11851851851851852,2.5481481481481483,0.8444444444444444,-0.014814814814814815,3.511111111111111,-0.1925925925925926,2.5037037037037035,-0.02962962962962963,2.3088235294117645,0.35555555555555557
2,1,0,0,-0.4109178980597055,0.0,-0.39965682606333963,1,0,6,5,4,3,2,1,0,6,1,1,0,0,1,1,1,1,1,0,0,0,1,1,0,0,0,0,0,1,0,0,0,0,0,0,0,0,0,0,2.2752043596730247,-0.37057220708446864,1.5124653739612188,0.7956403269754768,0.14713896457765668,1.5313351498637602,0.8337874659400545,2.542936288088643,1.9778393351800554,1.867816091954023,4.296296296296297,-0.11851851851851852,2.562962962962963,0.8444444444444444,-0.014814814814814815,3.511111111111111,-0.1925925925925926,2.5185185185185186,-0.04411764705882353,2.3407407407407406
3,1,0,0,0.8408849702016491,4.782608695652174,0.6414887996306075,2,1,0,6,5,4,3,2,1,0,1,1,1,0,0,1,1,1,1,1,0,0,0,1,1,0,0,0,0,0,0,0,0,0,0,0,0,0,0,0,-0.39509536784741145,2.2779291553133514,-0.37119113573407203,1.4822888283378746,0.8010899182561307,0.14713896457765668,1.5313351498637602,0.8476454293628809,2.542936288088643,2.0632183908045976,0.0,4.296296296296297,-0.1037037037037037,2.562962962962963,0.8444444444444444,-0.014814814814814815,3.511111111111111,-0.17777777777777778,2.485294117647059,-0.02962962962962963
4,1,0,0,-0.497999836721365,0.057971014492753624,-0.5629393526107782,3,2,1,0,6,5,4,3,2,1,1,1,1,1,0,0,1,1,1,1,0,0,0,0,1,1,0,0,0,0,0,0,0,0,0,0,0,0,0,0,0.8583106267029973,-0.3923705722070845,2.3213296398891967,-0.37057220708446864,1.4877384196185286,0.8010899182561307,0.14713896457765668,1.556786703601108,0.8476454293628809,2.6494252873563218,4.888888888888889,0.0,4.311111111111111,-0.1037037037037037,2.562962962962963,0.8444444444444444,-0.014814814814814815,3.525925925925926,-0.19117647058823528,2.5185185185185186
5,0,1,0,0.11157373391025117,0.3188405797101449,0.030452269998242965,4,3,2,1,0,6,5,4,3,2,1,1,1,1,1,0,0,1,1,1,0,0,0,0,0,1,1,0,0,0,0,0,0,0,0,0,0,0,0,0,-0.4822888283378747,0.8610354223433242,-0.39335180055401664,2.2779291553133514,-0.3651226158038147,1.4877384196185286,0.8010899182561307,0.14958448753462603,1.556786703601108,0.8908045977011494,0.05925925925925926,4.888888888888889,0.014814814814814815,4.311111111111111,-0.1037037037037037,2.562962962962963,0.8444444444444444,0.0,3.485294117647059,-0.17777777777777778
6,0,1,0,1.3851470868370206,2.7246376811594204,1.5533124085098444,5,4,3,2,1,0,6,5,4,3,0,1,1,1,1,1,0,0,1,1,1,0,0,0,0,0,1,1,0,0,0,0,0,0,0,0,0,0,0,0,0.12806539509536785,-0.47956403269754766,0.8808864265927978,-0.3923705722070845,2.2833787465940056,-0.3651226158038147,1.4877384196185286,0.814404432132964,0.14958448753462603,1.6264367816091954,0.32592592592592595,0.05925925925925926,4.9037037037037035,0.014814814814814815,4.311111111111111,-0.1037037037037037,2.562962962962963,0.8592592592592593,-0.014705882352941176,3.525925925925926
0,1,0,0,-0.47622935205595013,-0.37681159420289856,-0.5231679950728816,6,5,4,3,2,1,0,6,5,4,0,0,1,1,1,1,1,0,0,1,1,1,0,0,0,0,0,1,1,0,0,0,0,0,0,0,0,0,0,0,1.4032697547683923,0.1307901907356948,-0.481994459833795,0.8610354223433242,-0.3869209809264305,2.2833787465940056,-0.3651226158038147,1.5124653739612188,0.814404432132964,0.16666666666666666,2.785185185185185,0.32592592592592595,0.07407407407407407,4.9037037037037035,0.014814814814814815,4.311111111111111,-0.1037037037037037,2.577777777777778,0.8382352941176471,0.0
1,1,0,0,3.5295398263803843,3.217391304347826,3.1509379642969426,0,6,5,4,3,2,1,0,6,5,1,0,0,1,1,1,1,1,0,0,0,1,1,0,0,0,0,0,1,1,0,0,0,0,0,0,0,0,0,0,-0.4604904632152589,1.4059945504087195,0.13850415512465375,-0.47956403269754766,0.8664850136239782,-0.3869209809264305,2.2833787465940056,-0.37119113573407203,1.5124653739612188,0.8563218390804598,-0.3851851851851852,2.785185185185185,0.34074074074074073,0.07407407407407407,4.9037037037037035,0.014814814814814815,4.311111111111111,-0.08888888888888889,2.5441176470588234,0.8592592592592593
2,1,0,0,-0.1932130514055569,-0.11594202898550725,-0.3061797368193002,1,0,6,5,4,3,2,1,0,6,1,1,0,0,1,1,1,1,1,0,0,0,1,1,0,0,0,0,0,1,0,0,0,0,0,0,0,0,0,0,3.550408719346049,-0.45776566757493187,1.4349030470914128,0.1307901907356948,-0.47411444141689374,0.8664850136239782,-0.3869209809264305,2.3213296398891967,-0.37119113573407203,1.5804597701149425,3.2888888888888888,-0.3851851851851852,2.8,0.34074074074074073,0.07407407407407407,4.9037037037037035,0.014814814814814815,4.325925925925926,-0.10294117647058823,2.577777777777778
3,1,0,0,2.9417367404141834,4.72463768115942,2.48656389410547,2,1,0,6,5,4,3,2,1,0,1,1,1,0,0,1,1,1,1,1,0,0,0,1,1,0,0,0,0,0,0,0,0,0,0,0,0,0,0,0,-0.1771117166212534,3.553133514986376,-0.4598337950138504,1.4059945504087195,0.1362397820163488,-0.47411444141689374,0.8664850136239782,-0.39335180055401664,2.3213296398891967,-0.3735632183908046,-0.11851851851851852,3.2888888888888888,-0.37037037037037035,2.8,0.34074074074074073,0.07407407407407407,4.9037037037037035,0.02962962962962963,4.279411764705882,-0.08888888888888889
4,1,0,0,-0.47622935205595013,-0.2898550724637681,-0.5041305340087863,3,2,1,0,6,5,4,3,2,1,1,1,1,1,0,0,1,1,1,1,0,0,0,0,1,1,0,0,0,0,0,0,0,0,0,0,0,0,0,0,2.9618528610354224,-0.17438692098092642,3.6177285318559558,-0.45776566757493187,1.4114441416893733,0.1362397820163488,-0.47411444141689374,0.8808864265927978,-0.39335180055401664,2.4195402298850577,4.82962962962963,-0.11851851851851852,3.303703703703704,-0.37037037037037035,2.8,0.34074074074074073,0.07407407407407407,4.9185185185185185,0.014705882352941176,4.325925925925926
5,0,1,0,0.41636051922605927,-0.028985507246376812,0.2573156126915347,4,3,2,1,0,6,5,4,3,2,1,1,1,1,1,0,0,1,1,1,0,0,0,0,0,1,1,0,0,0,0,0,0,0,0,0,0,0,0,0,-0.4604904632152589,2.964577656675749,-0.17174515235457063,3.553133514986376,-0.45231607629427795,1.4114441416893733,0.1362397820163488,-0.481994459833795,0.8808864265927978,-0.39655172413793105,-0.2962962962962963,4.82962962962963,-0.1037037037037037,3.303703703703704,-0.37037037037037035,2.8,0.34074074074074073,0.08888888888888889,4.867647058823529,0.02962962962962963
6,0,1,0,0.5578686695512558,1.0724637681159421,0.5655096236314406,5,4,3,2,1,0,6,5,4,3,0,1,1,1,1,1,0,0,1,1,1,0,0,0,0,0,1,1,0,0,0,0,0,0,0,0,0,0,0,0,0.4332425068119891,-0.45776566757493187,3.0193905817174516,-0.17438692098092642,3.55858310626703,-0.45231607629427795,1.4114441416893733,0.13850415512465375,-0.481994459833795,0.9252873563218391,-0.02962962962962963,-0.2962962962962963,4.844444444444444,-0.1037037037037037,3.303703703703704,-0.37037037037037035,2.8,0.35555555555555557,0.07352941176470588,4.9185185185185185
0,1,0,0,-0.2585245054018015,-0.43478260869565216,-0.33239939870357493,6,5,4,3,2,1,0,6,5,4,0,0,1,1,1,1,1,0,0,1,1,1,0,0,0,0,0,1,1,0,0,0,0,0,0,0,0,0,0,0,0.5749318801089919,0.4359673024523161,-0.4598337950138504,2.964577656675749,-0.16893732970027248,3.55858310626703,-0.45231607629427795,1.4349030470914128,0.13850415512465375,-0.4885057471264368,1.0962962962962963,-0.02962962962962963,-0.2814814814814815,4.844444444444444,-0.1037037037037037,3.303703703703704,-0.37037037037037035,2.814814814814815,0.3382352941176471,0.08888888888888889
1,1,0,0,0.7538030315399896,1.2173913043478262,0.6853802231708307,0,6,5,4,3,2,1,0,6,5,1,0,0,1,1,1,1,1,0,0,0,1,1,0,0,0,0,0,1,1,0,0,0,0,0,0,0,0,0,0,-0.24250681198910082,0.5776566757493188,0.4487534626038781,-0.45776566757493187,2.9700272479564034,-0.16893732970027248,3.55858310626703,-0.4598337950138504,1.4349030470914128,0.15517241379310345,-0.4444444444444444,1.0962962962962963,-0.014814814814814815,-0.2814814814814815,4.844444444444444,-0.1037037037037037,3.303703703703704,-0.35555555555555557,2.7794117647058822,0.35555555555555557
2,1,0,0,-0.2258687784036792,-0.11594202898550725,-0.22063395130495406,1,0,6,5,4,3,2,1,0,6,1,1,0,0,1,1,1,1,1,0,0,0,1,1,0,0,0,0,0,1,0,0,0,0,0,0,0,0,0,0,0.771117166212534,-0.23978201634877383,0.592797783933518,0.4359673024523161,-0.45231607629427795,2.9700272479564034,-0.16893732970027248,3.6177285318559558,-0.4598337950138504,1.5,1.2444444444444445,-0.4444444444444444,1.1111111111111112,-0.014814814814814815,-0.2814814814814815,4.844444444444444,-0.1037037037037037,3.3185185185185184,-0.36764705882352944,2.814814814814815
3,1,0,0,-0.16055732440743462,-0.2898550724637681,-0.3251196731649872,2,1,0,6,5,4,3,2,1,0,1,1,1,0,0,1,1,1,1,1,0,0,0,1,1,0,0,0,0,0,0,0,0,0,0,0,0,0,0,0,-0.2098092643051771,0.773841961852861,-0.23822714681440443,0.5776566757493188,0.44141689373297005,-0.45231607629427795,2.9700272479564034,-0.17174515235457063,3.6177285318559558,-0.46551724137931033,-0.11851851851851852,1.2444444444444445,-0.42962962962962964,1.1111111111111112,-0.014814814814814815,-0.2814814814814815,4.844444444444444,-0.08888888888888889,3.2794117647058822,-0.35555555555555557
4,1,0,0,0.1224589762429586,-0.5217391304347826,0.15644042551518714,3,2,1,0,6,5,4,3,2,1,1,1,1,1,0,0,1,1,1,1,0,0,0,0,1,1,0,0,0,0,0,0,0,0,0,0,0,0,0,0,-0.1444141689373297,-0.20708446866485014,0.7922437673130194,-0.23978201634877383,0.5831062670299727,0.44141689373297005,-0.45231607629427795,3.0193905817174516,-0.17174515235457063,3.764367816091954,-0.2962962962962963,-0.11851851851851852,1.2592592592592593,-0.42962962962962964,1.1111111111111112,-0.014814814814814815,-0.2814814814814815,4.859259259259259,-0.10294117647058823,3.3185185185185184
5,0,1,0,-0.4326883827251204,-0.43478260869565216,-0.47151416930803475,4,3,2,1,0,6,5,4,3,2,1,1,1,1,1,0,0,1,1,1,0,0,0,0,0,1,1,0,0,0,0,0,0,0,0,0,0,0,0,0,0.13896457765667575,-0.14168937329700274,-0.20498614958448755,0.773841961852861,-0.23433242506811988,0.5831062670299727,0.44141689373297005,-0.4598337950138504,3.0193905817174516,-0.16666666666666666,-0.5333333333333333,-0.2962962962962963,-0.1037037037037037,1.2592592592592593,-0.42962962962962964,1.1111111111111112,-0.014814814814814815,-0.26666666666666666,4.8088235294117645,-0.08888888888888889
6,0,1,0,0.2639671265681552,0.5797101449275363,0.22282401726399526,5,4,3,2,1,0,6,5,4,3,0,1,1,1,1,1,0,0,1,1,1,0,0,0,0,0,1,1,0,0,0,0,0,0,0,0,0,0,0,0,-0.41689373297002724,0.14168937329700274,-0.13850415512465375,-0.20708446866485014,0.779291553133515,-0.23433242506811988,0.5831062670299727,0.4487534626038781,-0.4598337950138504,3.1436781609195403,-0.4444444444444444,-0.5333333333333333,-0.2814814814814815,-0.1037037037037037,1.2592592592592593,-0.42962962962962964,1.1111111111111112,0.0,-0.27941176470588236,4.859259259259259
0,1,0,0,-0.5415408060521947,-0.5797101449275363,-0.5741405612105857,6,5,4,3,2,1,0,6,5,4,0,0,1,1,1,1,1,0,0,1,1,1,0,0,0,0,0,1,1,0,0,0,0,0,0,0,0,0,0,0,0.28065395095367845,-0.4141689373297003,0.14958448753462603,-0.14168937329700274,-0.2016348773841962,0.779291553133515,-0.23433242506811988,0.592797783933518,0.4487534626038781,-0.46551724137931033,0.5925925925925926,-0.4444444444444444,-0.5185185185185185,-0.2814814814814815,-0.1037037037037037,1.2592592592592593,-0.42962962962962964,1.125925925925926,-0.014705882352941176,-0.26666666666666666
1,1,0,0,-0.040819658747652865,0.2608695652173913,-0.11922308487821821,0,6,5,4,3,2,1,0,6,5,1,0,0,1,1,1,1,1,0,0,0,1,1,0,0,0,0,0,1,1,0,0,0,0,0,0,0,0,0,0,-0.5258855585831063,0.28337874659400547,-0.4155124653739612,0.14168937329700274,-0.1362397820163488,-0.2016348773841962,0.779291553133515,-0.23822714681440443,0.592797783933518,0.47701149425287354,-0.5925925925925926,0.5925925925925926,-0.42962962962962964,-0.5185185185185185,-0.2814814814814815,-0.1037037037037037,1.2592592592592593,-0.4148148148148148,1.1029411764705883,0.0
2,1,0,0,-0.3673769287288758,-0.5217391304347826,-0.388604377994148,1,0,6,5,4,3,2,1,0,6,1,1,0,0,1,1,1,1,1,0,0,0,1,1,0,0,0,0,0,1,0,0,0,0,0,0,0,0,0,0,-0.02452316076294278,-0.5231607629427792,0.29362880886426596,-0.4141689373297003,0.14713896457765668,-0.1362397820163488,-0.2016348773841962,0.7922437673130194,-0.23822714681440443,0.6264367816091954,0.26666666666666666,-0.5925925925925926,0.6074074074074074,-0.42962962962962964,-0.5185185185185185,-0.2814814814814815,-0.1037037037037037,1.2740740740740741,-0.4264705882352941,1.125925925925926
3,1,0,0,0.8082292432035267,1.2753623188405796,0.9872517348843532,2,1,0,6,5,4,3,2,1,0,1,1,1,0,0,1,1,1,1,1,0,0,0,1,1,0,0,0,0,0,0,0,0,0,0,0,0,0,0,0,-0.35149863760217986,-0.021798365122615803,-0.5263157894736842,0.28337874659400547,-0.4087193460490463,0.14713896457765668,-0.1362397820163488,-0.20498614958448755,0.7922437673130194,-0.23563218390804597,-0.5333333333333333,0.26666666666666666,-0.5777777777777777,0.6074074074074074,-0.42962962962962964,-0.5185185185185185,-0.2814814814814815,-0.08888888888888889,1.25,-0.4148148148148148
4,1,0,0,0.6993768198764524,-0.2608695652173913,0.6024647782500797,3,2,1,0,6,5,4,3,2,1,1,1,1,1,0,0,1,1,1,1,0,0,0,0,1,1,0,0,0,0,0,0,0,0,0,0,0,0,0,0,0.8256130790190735,-0.34877384196185285,-0.01662049861495845,-0.5231607629427792,0.2888283378746594,-0.4087193460490463,0.14713896457765668,-0.13850415512465375,-0.20498614958448755,0.8333333333333334,1.3037037037037038,-0.5333333333333333,0.2814814814814815,-0.5777777777777777,0.6074074074074074,-0.42962962962962964,-0.5185185185185185,-0.26666666666666666,-0.10294117647058823,1.2740740740740741
5,0,1,0,-0.31295071706533867,-0.2898550724637681,-0.36332745505448794,4,3,2,1,0,6,5,4,3,2,1,1,1,1,1,0,0,1,1,1,0,0,0,0,0,1,1,0,0,0,0,0,0,0,0,0,0,0,0,0,0.7166212534059946,0.8283378746594006,-0.3490304709141274,-0.021798365122615803,-0.5177111716621253,0.2888283378746594,-0.4087193460490463,0.14958448753462603,-0.13850415512465375,-0.20114942528735633,-0.26666666666666666,1.3037037037037038,-0.5185185185185185,0.2814814814814815,-0.5777777777777777,0.6074074074074074,-0.42962962962962964,-0.5037037037037037,-0.27941176470588236,-0.08888888888888889
6,0,1,0,0.02449179524859172,0.927536231884058,0.07366596741561351,5,4,3,2,1,0,6,5,4,3,0,1,1,1,1,1,0,0,1,1,1,0,0,0,0,0,1,1,0,0,0,0,0,0,0,0,0,0,0,0,-0.2970027247956403,0.7193460490463215,0.8476454293628809,-0.34877384196185285,-0.01634877384196185,-0.5177111716621253,0.2888283378746594,-0.4155124653739612,0.14958448753462603,-0.13218390804597702,-0.2962962962962963,-0.26666666666666666,1.3185185185185184,-0.5185185185185185,0.2814814814814815,-0.5777777777777777,0.6074074074074074,-0.4148148148148148,-0.5147058823529411,-0.26666666666666666
0,1,0,0,-0.48711459438865756,-0.5217391304347826,-0.5355550477124668,6,5,4,3,2,1,0,6,5,4,0,0,1,1,1,1,1,0,0,1,1,1,0,0,0,0,0,1,1,0,0,0,0,0,0,0,0,0,0,0,0.04087193460490463,-0.29427792915531337,0.7368421052631579,0.8283378746594006,-0.34332425068119893,-0.01634877384196185,-0.5177111716621253,0.29362880886426596,-0.4155124653739612,0.16666666666666666,0.9481481481481482,-0.2962962962962963,-0.2518518518518518,1.3185185185185184,-0.5185185185185185,0.2814814814814815,-0.5777777777777777,0.6222222222222222,-0.4264705882352941,-0.5037037037037037
1,1,0,0,0.35104906522981466,0.9855072463768116,0.3381911655855763,0,6,5,4,3,2,1,0,6,5,1,0,0,1,1,1,1,1,0,0,0,1,1,0,0,0,0,0,1,1,0,0,0,0,0,0,0,0,0,0,-0.4713896457765668,0.043596730245231606,-0.29362880886426596,0.7193460490463215,0.8337874659400545,-0.34332425068119893,-0.01634877384196185,-0.5263157894736842,0.29362880886426596,-0.41954022988505746,-0.5333333333333333,0.9481481481481482,-0.2814814814814815,-0.2518518518518518,1.3185185185185184,-0.5185185185185185,0.2814814814814815,-0.562962962962963,0.6029411764705882,-0.4148148148148148
2,1,0,0,0.7429177892072821,-0.3188405797101449,0.5784871248379115,1,0,6,5,4,3,2,1,0,6,1,1,0,0,1,1,1,1,1,0,0,0,1,1,0,0,0,0,0,1,0,0,0,0,0,0,0,0,0,0,0.3678474114441417,-0.46866485013623976,0.04986149584487535,-0.29427792915531337,0.7247956403269755,0.8337874659400545,-0.34332425068119893,-0.01662049861495845,-0.5263157894736842,0.3160919540229885,1.0074074074074073,-0.5333333333333333,0.9629629629629629,-0.2814814814814815,-0.2518518518518518,1.3185185185185184,-0.5185185185185185,0.2962962962962963,-0.5735294117647058,0.6222222222222222
3,1,0,0,-0.2911802323999238,-0.11594202898550725,-0.3420716599970301,2,1,0,6,5,4,3,2,1,0,1,1,1,0,0,1,1,1,1,1,0,0,0,1,1,0,0,0,0,0,0,0,0,0,0,0,0,0,0,0,0.7602179836512262,0.37057220708446864,-0.4709141274238227,0.043596730245231606,-0.2888283378746594,0.7247956403269755,0.8337874659400545,-0.3490304709141274,-0.01662049861495845,-0.5344827586206896,-0.32592592592592595,1.0074074074074073,-0.5185185185185185,0.9629629629629629,-0.2814814814814815,-0.2518518518518518,1.3185185185185184,-0.5037037037037037,0.27941176470588236,-0.562962962962963
4,1,0,0,-0.3673769287288758,-0.37681159420289856,-0.407523466664523,3,2,1,0,6,5,4,3,2,1,1,1,1,1,0,0,1,1,1,1,0,0,0,0,1,1,0,0,0,0,0,0,0,0,0,0,0,0,0,0,-0.27520435967302453,0.7629427792915532,0.38227146814404434,-0.46866485013623976,0.04904632152588556,-0.2888283378746594,0.7247956403269755,0.8476454293628809,-0.3490304709141274,-0.005747126436781609,-0.11851851851851852,-0.32592592592592595,1.0222222222222221,-0.5185185185185185,0.9629629629629629,-0.2814814814814815,-0.2518518518518518,1.3333333333333333,-0.5147058823529411,0.2962962962962963
5,0,1,0,0.2639671265681552,0.057971014492753624,0.11637437371949118,4,3,2,1,0,6,5,4,3,2,1,1,1,1,1,0,0,1,1,1,0,0,0,0,0,1,1,0,0,0,0,0,0,0,0,0,0,0,0,0,-0.35149863760217986,-0.2724795640326976,0.7811634349030471,0.37057220708446864,-0.46321525885558584,0.04904632152588556,-0.2888283378746594,0.7368421052631579,0.8476454293628809,-0.3505747126436782,-0.3851851851851852,-0.11851851851851852,-0.3111111111111111,1.0222222222222221,-0.5185185185185185,0.9629629629629629,-0.2814814814814815,-0.23703703703703705,1.3088235294117647,-0.5037037037037037
6,0,1,0,-0.3347212017307535,0.5507246376811594,-0.32987400318739757,5,4,3,2,1,0,6,5,4,3,0,1,1,1,1,1,0,0,1,1,1,0,0,0,0,0,1,1,0,0,0,0,0,0,0,0,0,0,0,0,0.28065395095367845,-0.34877384196185285,-0.27146814404432135,0.7629427792915532,0.3760217983651226,-0.46321525885558584,0.04904632152588556,-0.29362880886426596,0.7368421052631579,0.8908045977011494,0.05925925925925926,-0.3851851851851852,-0.1037037037037037,-0.3111111111111111,1.0222222222222221,-0.5185185185185185,0.9629629629629629,-0.26666666666666666,-0.25,1.3333333333333333
0,1,0,0,-0.48711459438865756,-0.463768115942029,-0.5226256021643421,6,5,4,3,2,1,0,6,5,4,0,0,1,1,1,1,1,0,0,1,1,1,0,0,0,0,0,1,1,0,0,0,0,0,0,0,0,0,0,0,-0.3188010899182561,0.28337874659400547,-0.3490304709141274,-0.2724795640326976,0.7683923705722071,0.3760217983651226,-0.46321525885558584,0.04986149584487535,-0.29362880886426596,0.7758620689655172,0.562962962962963,0.05925925925925926,-0.37037037037037035,-0.1037037037037037,-0.3111111111111111,1.0222222222222221,-0.5185185185185185,0.9777777777777777,-0.27941176470588236,-0.23703703703703705
1,1,0,0,-0.4653441097232427,-0.43478260869565216,-0.5259304887269287,0,6,5,4,3,2,1,0,6,5,1,0,0,1,1,1,1,1,0,0,0,1,1,0,0,0,0,0,1,1,0,0,0,0,0,0,0,0,0,0,-0.4713896457765668,-0.31607629427792916,0.29362880886426596,-0.34877384196185285,-0.2670299727520436,0.7683923705722071,0.3760217983651226,-0.4709141274238227,0.04986149584487535,-0.29310344827586204,-0.4740740740740741,0.562962962962963,0.07407407407407407,-0.37037037037037035,-0.1037037037037037,-0.3111111111111111,1.0222222222222221,-0.5037037037037037,0.9558823529411765,-0.26666666666666666
2,1,0,0,0.22042615723732548,-0.17391304347826086,0.131691054766048,1,0,6,5,4,3,2,1,0,6,1,1,0,0,1,1,1,1,1,0,0,0,1,1,0,0,0,0,0,1,0,0,0,0,0,0,0,0,0,0,-0.44959128065395093,-0.46866485013623976,-0.3157894736842105,0.28337874659400547,-0.34332425068119893,-0.2670299727520436,0.7683923705722071,0.38227146814404434,-0.4709141274238227,0.06321839080459771,-0.4444444444444444,-0.4740740740740741,0.5777777777777777,0.07407407407407407,-0.37037037037037035,-0.1037037037037037,-0.3111111111111111,1.037037037037037,-0.5147058823529411,0.9777777777777777
3,1,0,0,0.9279669088633085,0.7536231884057971,0.9207737985709978,2,1,0,6,5,4,3,2,1,0,1,1,1,0,0,1,1,1,1,1,0,0,0,1,1,0,0,0,0,0,0,0,0,0,0,0,0,0,0,0,0.23705722070844687,-0.44686648501362397,-0.4709141274238227,-0.31607629427792916,0.2888283378746594,-0.34332425068119893,-0.2670299727520436,0.7811634349030471,0.38227146814404434,-0.47701149425287354,-0.17777777777777778,-0.4444444444444444,-0.45925925925925926,0.5777777777777777,0.07407407407407407,-0.37037037037037035,-0.1037037037037037,-0.2962962962962963,1.0147058823529411,-0.5037037037037037
4,1,0,0,-0.18232780907284948,-0.11594202898550725,-0.24817302369117455,3,2,1,0,6,5,4,3,2,1,1,1,1,1,0,0,1,1,1,1,0,0,0,0,1,1,0,0,0,0,0,0,0,0,0,0,0,0,0,0,0.9455040871934605,0.23978201634877383,-0.4487534626038781,-0.46866485013623976,-0.3106267029972752,0.2888283378746594,-0.34332425068119893,-0.27146814404432135,0.7811634349030471,0.40804597701149425,0.7703703703703704,-0.17777777777777778,-0.42962962962962964,-0.45925925925925926,0.5777777777777777,0.07407407407407407,-0.37037037037037035,-0.08888888888888889,-0.3088235294117647,1.037037037037037
5,0,1,0,-0.029934416414945434,0.028985507246376812,0.011791833841907661,4,3,2,1,0,6,5,4,3,2,1,1,1,1,1,0,0,1,1,1,0,0,0,0,0,1,1,0,0,0,0,0,0,0,0,0,0,0,0,0,-0.16621253405994552,0.9482288828337875,0.24930747922437674,-0.44686648501362397,-0.46321525885558584,-0.3106267029972752,0.2888283378746594,-0.3490304709141274,-0.27146814404432135,0.8218390804597702,-0.11851851851851852,0.7703703703703704,-0.16296296296296298,-0.42962962962962964,-0.45925925925925926,0.5777777777777777,0.07407407407407407,-0.35555555555555557,-0.10294117647058823,-0.2962962962962963
6,0,1,0,0.16599994557378833,0.5507246376811594,0.178865810492688,5,4,3,2,1,0,6,5,4,3,0,1,1,1,1,1,0,0,1,1,1,0,0,0,0,0,1,1,0,0,0,0,0,0,0,0,0,0,0,0,-0.013623978201634877,-0.16348773841961853,0.9695290858725761,0.23978201634877383,-0.44141689373297005,-0.46321525885558584,-0.3106267029972752,0.29362880886426596,-0.3490304709141274,-0.27011494252873564,0.02962962962962963,-0.11851851851851852,0.7851851851851852,-0.16296296296296298,-0.42962962962962964,-0.45925925925925926,0.5777777777777777,0.08888888888888889,-0.36764705882352944,-0.08888888888888889
0,1,0,0,-0.30206547473263123,-0.43478260869565216,-0.28472606552159335,6,5,4,3,2,1,0,6,5,4,0,0,1,1,1,1,1,0,0,1,1,1,0,0,0,0,0,1,1,0,0,0,0,0,0,0,0,0,0,0,0.18256130790190736,-0.010899182561307902,-0.16066481994459833,0.9482288828337875,0.2452316076294278,-0.44141689373297005,-0.46321525885558584,-0.3157894736842105,0.29362880886426596,-0.3505747126436782,0.562962962962963,0.02962962962962963,-0.1037037037037037,0.7851851851851852,-0.16296296296296298,-0.42962962962962964,-0.45925925925925926,0.5925925925925926,0.07352941176470588,-0.35555555555555557
1,1,0,0,0.2313113995700329,-0.14492753623188406,-0.026818060835813336,0,6,5,4,3,2,1,0,6,5,1,0,0,1,1,1,1,1,0,0,0,1,1,0,0,0,0,0,1,1,0,0,0,0,0,0,0,0,0,0,-0.28610354223433243,0.18528610354223432,-0.00554016620498615,-0.16348773841961853,0.9536784741144414,0.2452316076294278,-0.44141689373297005,-0.4709141274238227,-0.3157894736842105,0.3160919540229885,-0.4444444444444444,0.562962962962963,0.044444444444444446,-0.1037037037037037,0.7851851851851852,-0.16296296296296298,-0.42962962962962964,-0.4444444444444444,0.5735294117647058,0.08888888888888889
2,1,0,0,-0.5197703213867798,-0.43478260869565216,-0.5506628986554751,1,0,6,5,4,3,2,1,0,6,1,1,0,0,1,1,1,1,1,0,0,0,1,1,0,0,0,0,0,1,0,0,0,0,0,0,0,0,0,0,0.24795640326975477,-0.28337874659400547,0.19390581717451524,-0.010899182561307902,-0.15803814713896458,0.9536784741144414,0.2452316076294278,-0.4487534626038781,-0.4709141274238227,-0.3160919540229885,-0.14814814814814814,-0.4444444444444444,0.5777777777777777,0.044444444444444446,-0.1037037037037037,0.7851851851851852,-0.16296296296296298,-0.4148148148148148,-0.45588235294117646,0.5925925925925926
3,1,0,0,1.2000979671809944,0.34782608695652173,0.7943870637701237,2,1,0,6,5,4,3,2,1,0,1,1,1,0,0,1,1,1,1,1,0,0,0,1,1,0,0,0,0,0,0,0,0,0,0,0,0,0,0,0,-0.5040871934604905,0.2506811989100817,-0.28254847645429365,0.18528610354223432,-0.005449591280653951,-0.15803814713896458,0.9536784741144414,0.24930747922437674,-0.4487534626038781,-0.47701149425287354,-0.4444444444444444,-0.14814814814814814,-0.42962962962962964,0.5777777777777777,0.044444444444444446,-0.1037037037037037,0.7851851851851852,-0.14814814814814814,-0.4264705882352941,-0.4444444444444444
4,1,0,0,-0.47622935205595013,-0.5217391304347826,-0.5020892285803608,3,2,1,0,6,5,4,3,2,1,1,1,1,1,0,0,1,1,1,1,0,0,0,0,1,1,0,0,0,0,0,0,0,0,0,0,0,0,0,0,1.2179836512261581,-0.5013623978201635,0.26038781163434904,-0.28337874659400547,0.1907356948228883,-0.005449591280653951,-0.15803814713896458,0.9695290858725761,0.24930747922437674,-0.4540229885057471,0.35555555555555557,-0.4444444444444444,-0.13333333333333333,-0.42962962962962964,0.5777777777777777,0.044444444444444446,-0.1037037037037037,0.8,-0.16176470588235295,-0.4148148148148148
5,0,1,0,-0.497999836721365,-0.11594202898550725,-0.5166553933156875,4,3,2,1,0,6,5,4,3,2,1,1,1,1,1,0,0,1,1,1,0,0,0,0,0,1,1,0,0,0,0,0,0,0,0,0,0,0,0,0,-0.4604904632152589,1.220708446866485,-0.5041551246537396,0.2506811989100817,-0.2779291553133515,0.1907356948228883,-0.005449591280653951,-0.16066481994459833,0.9695290858725761,0.27011494252873564,-0.5333333333333333,0.35555555555555557,-0.42962962962962964,-0.13333333333333333,-0.42962962962962964,0.5777777777777777,0.044444444444444446,-0.08888888888888889,0.7794117647058824,-0.14814814814814814
6,0,1,0,0.2639671265681552,1.1304347826086956,0.2423508686722778,5,4,3,2,1,0,6,5,4,3,0,1,1,1,1,1,0,0,1,1,1,0,0,0,0,0,1,1,0,0,0,0,0,0,0,0,0,0,0,0,-0.4822888283378747,-0.45776566757493187,1.2465373961218837,-0.5013623978201635,0.2561307901907357,-0.2779291553133515,0.1907356948228883,-0.00554016620498615,-0.16066481994459833,1.0172413793103448,-0.11851851851851852,-0.5333333333333333,0.37037037037037035,-0.42962962962962964,-0.13333333333333333,-0.42962962962962964,0.5777777777777777,0.05925925925925926,-0.10294117647058823,0.8
0,1,0,0,-0.5197703213867798,-0.4927536231884058,-0.5482152402336813,6,5,4,3,2,1,0,6,5,4,0,0,1,1,1,1,1,0,0,1,1,1,0,0,0,0,0,1,1,0,0,0,0,0,0,0,0,0,0,0,0.28065395095367845,-0.47956403269754766,-0.4598337950138504,1.220708446866485,-0.49591280653950953,0.2561307901907357,-0.2779291553133515,0.19390581717451524,-0.00554016620498615,-0.15517241379310345,1.1555555555555554,-0.11851851851851852,-0.5185185185185185,0.37037037037037035,-0.42962962962962964,-0.13333333333333333,-0.42962962962962964,0.5925925925925926,0.04411764705882353,-0.08888888888888889
1,1,0,0,0.3945900345606444,0.3188405797101449,0.44664359936174314,0,6,5,4,3,2,1,0,6,5,1,0,0,1,1,1,1,1,0,0,0,1,1,0,0,0,0,0,1,1,0,0,0,0,0,0,0,0,0,0,-0.5040871934604905,0.28337874659400547,-0.481994459833795,-0.45776566757493187,1.2261580381471389,-0.49591280653950953,0.2561307901907357,-0.28254847645429365,0.19390581717451524,0.005747126436781609,-0.5037037037037037,1.1555555555555554,-0.1037037037037037,-0.5185185185185185,0.37037037037037035,-0.42962962962962964,-0.13333333333333333,-0.4148148148148148,0.5735294117647058,0.05925925925925926
2,1,0,0,-0.4326883827251204,-0.3188405797101449,-0.47520950809468415,1,0,6,5,4,3,2,1,0,6,1,1,0,0,1,1,1,1,1,0,0,0,1,1,0,0,0,0,0,1,0,0,0,0,0,0,0,0,0,0,0.4114441416893733,-0.5013623978201635,0.29362880886426596,-0.47956403269754766,-0.45231607629427795,1.2261580381471389,-0.49591280653950953,0.26038781163434904,-0.28254847645429365,0.21264367816091953,0.32592592592592595,-0.5037037037037037,1.1703703703703703,-0.1037037037037037,-0.5185185185185185,0.37037037037037035,-0.42962962962962964,-0.11851851851851852,-0.4264705882352941,0.5925925925925926
3,1,0,0,0.3619343075625221,0.34782608695652173,0.3497835331103044,2,1,0,6,5,4,3,2,1,0,1,1,1,0,0,1,1,1,1,1,0,0,0,1,1,0,0,0,0,0,0,0,0,0,0,0,0,0,0,0,-0.41689373297002724,0.4141689373297003,-0.5041551246537396,0.28337874659400547,-0.47411444141689374,-0.45231607629427795,1.2261580381471389,-0.5041551246537396,0.26038781163434904,-0.28160919540229884,-0.32592592592592595,0.32592592592592595,-0.4888888888888889,1.1703703703703703,-0.1037037037037037,-0.5185185185185185,0.37037037037037035,-0.4148148148148148,-0.1323529411764706,-0.4148148148148148
4,1,0,0,-0.10613111274389746,-0.14492753623188406,-0.03488469777981975,3,2,1,0,6,5,4,3,2,1,1,1,1,1,0,0,1,1,1,1,0,0,0,0,1,1,0,0,0,0,0,0,0,0,0,0,0,0,0,0,0.3787465940054496,-0.4141689373297003,0.4265927977839335,-0.5013623978201635,0.2888283378746594,-0.47411444141689374,-0.45231607629427795,1.2465373961218837,-0.5041551246537396,0.28160919540229884,0.35555555555555557,-0.32592592592592595,0.34074074074074073,-0.4888888888888889,1.1703703703703703,-0.1037037037037037,-0.5185185185185185,0.3851851851851852,-0.4264705882352941,-0.11851851851851852
5,0,1,0,0.16599994557378833,0.028985507246376812,0.13643655102773297,4,3,2,1,0,6,5,4,3,2,1,1,1,1,1,0,0,1,1,1,0,0,0,0,0,1,1,0,0,0,0,0,0,0,0,0,0,0,0,0,-0.08991825613079019,0.3814713896457766,-0.4155124653739612,0.4141689373297003,-0.49591280653950953,0.2888283378746594,-0.47411444141689374,-0.4598337950138504,1.2465373961218837,-0.5114942528735632,-0.14814814814814814,0.35555555555555557,-0.3111111111111111,0.34074074074074073,-0.4888888888888889,1.1703703703703703,-0.1037037037037037,-0.5037037037037037,0.36764705882352944,-0.4148148148148148
6,0,1,0,0.13334421857566603,1.3043478260869565,0.14097321718586947,5,4,3,2,1,0,6,5,4,3,0,1,1,1,1,1,0,0,1,1,1,0,0,0,0,0,1,1,0,0,0,0,0,0,0,0,0,0,0,0,0.18256130790190736,-0.08719346049046321,0.39335180055401664,-0.4141689373297003,0.4196185286103542,-0.49591280653950953,0.2888283378746594,-0.481994459833795,-0.4598337950138504,1.3045977011494252,0.02962962962962963,-0.14814814814814814,0.37037037037037035,-0.3111111111111111,0.34074074074074073,-0.4888888888888889,1.1703703703703703,-0.08888888888888889,-0.5147058823529411,0.3851851851851852
0,0,0,1,0.6993768198764524,0.7246376811594203,1.0825627128549857,6,5,4,3,2,1,0,6,5,4,0,0,1,1,1,1,1,0,0,1,1,1,0,0,0,0,0,1,1,0,0,0,0,0,0,0,0,0,0,0,0.14986376021798364,0.18528610354223432,-0.08310249307479224,0.3814713896457766,-0.4087193460490463,0.4196185286103542,-0.49591280653950953,0.29362880886426596,-0.481994459833795,-0.46551724137931033,1.3333333333333333,0.02962962962962963,-0.13333333333333333,0.37037037037037035,-0.3111111111111111,0.34074074074074073,-0.4888888888888889,1.1851851851851851,-0.10294117647058823,-0.5037037037037037
1,1,0,0,-0.019049174082238003,0.14492753623188406,0.028120863867595353,0,6,5,4,3,2,1,0,6,5,0,0,0,1,1,1,1,1,0,0,0,1,1,0,0,0,0,0,1,1,1,0,0,0,0,0,0,0,0,0,0.7166212534059946,0.15258855585831063,0.19390581717451524,-0.08719346049046321,0.3869209809264305,-0.4087193460490463,0.4196185286103542,-0.5041551246537396,0.29362880886426596,-0.4885057471264368,0.7407407407407407,1.3333333333333333,0.044444444444444446,-0.13333333333333333,0.37037037037037035,-0.3111111111111111,0.34074074074074073,-0.4740740740740741,1.161764705882353,-0.08888888888888889
2,1,0,0,-0.11701635507660488,-0.3188405797101449,-0.13873615561976915,1,0,6,5,4,3,2,1,0,6,1,0,0,0,1,1,1,1,1,0,0,0,1,1,0,0,0,0,0,1,0,1,0,0,0,0,0,0,0,0,-0.0027247956403269754,0.7193460490463215,0.16066481994459833,0.18528610354223432,-0.08174386920980926,0.3869209809264305,-0.4087193460490463,0.4265927977839335,-0.5041551246537396,0.3160919540229885,0.14814814814814814,0.7407407407407407,1.348148148148148,0.044444444444444446,-0.13333333333333333,0.37037037037037035,-0.3111111111111111,0.35555555555555557,-0.4852941176470588,1.1851851851851851
3,1,0,0,0.45990148855688895,0.782608695652174,0.6266841233556948,2,1,0,6,5,4,3,2,1,0,1,1,0,0,0,1,1,1,1,1,0,0,0,1,1,0,0,0,0,0,0,0,1,0,0,0,0,0,0,0,-0.1008174386920981,0.0,0.7368421052631579,0.15258855585831063,0.1907356948228883,-0.08174386920980926,0.3869209809264305,-0.4155124653739612,0.4265927977839335,-0.5114942528735632,-0.32592592592592595,0.14814814814814814,0.7555555555555555,1.348148148148148,0.044444444444444446,-0.13333333333333333,0.37037037037037035,-0.2962962962962963,0.3382352941176471,-0.4740740740740741
4,1,0,0,-0.20409829373826432,-0.43478260869565216,-0.31784524788283464,3,2,1,0,6,5,4,3,2,1,1,1,1,0,0,0,1,1,1,1,0,0,0,0,1,1,0,0,0,0,0,0,0,1,0,0,0,0,0,0,0.4768392370572207,-0.09809264305177112,0.00554016620498615,0.7193460490463215,0.15803814713896458,0.1907356948228883,-0.08174386920980926,0.39335180055401664,-0.4155124653739612,0.4540229885057471,0.8,-0.32592592592592595,0.16296296296296298,0.7555555555555555,1.348148148148148,0.044444444444444446,-0.13333333333333333,0.3851851851851852,-0.3088235294117647,0.35555555555555557
5,0,1,0,-0.4326883827251204,-0.2608695652173913,-0.4553939693858955,4,3,2,1,0,6,5,4,3,2,1,1,1,1,0,0,0,1,1,1,0,0,0,0,0,1,1,0,0,0,0,0,0,0,1,0,0,0,0,0,-0.1880108991825613,0.47956403269754766,-0.09418282548476455,0.0,0.7247956403269755,0.15803814713896458,0.1907356948228883,-0.08310249307479224,0.39335180055401664,-0.41954022988505746,-0.4444444444444444,0.8,-0.3111111111111111,0.16296296296296298,0.7555555555555555,1.348148148148148,0.044444444444444446,-0.11851851851851852,0.36764705882352944,-0.2962962962962963
6,0,1,0,-0.11701635507660488,0.4927536231884058,-0.07574649474165976,5,4,3,2,1,0,6,5,4,3,0,1,1,1,1,0,0,0,1,1,1,0,0,0,0,0,1,1,0,0,0,0,0,0,0,1,0,0,0,0,-0.41689373297002724,-0.18528610354223432,0.4930747922437673,-0.09809264305177112,0.005449591280653951,0.7247956403269755,0.15803814713896458,0.19390581717451524,-0.08310249307479224,0.41954022988505746,-0.26666666666666666,-0.4444444444444444,0.8148148148148148,-0.3111111111111111,0.16296296296296298,0.7555555555555555,1.348148148148148,0.05925925925925926,-0.1323529411764706,0.3851851851851852
0,1,0,0,-0.5959670177157319,-0.5797101449275363,-0.6250827392113942,6,5,4,3,2,1,0,6,5,4,0,0,1,1,1,1,0,0,0,1,1,1,0,0,0,0,0,1,1,0,0,0,0,0,0,0,1,0,0,0,-0.1008174386920981,-0.4141689373297003,-0.18282548476454294,0.47956403269754766,-0.09264305177111716,0.005449591280653951,0.7247956403269755,0.16066481994459833,0.19390581717451524,-0.07471264367816093,0.5037037037037037,-0.26666666666666666,-0.42962962962962964,0.8148148148148148,-0.3111111111111111,0.16296296296296298,0.7555555555555555,1.362962962962963,0.04411764705882353,-0.11851851851851852
1,1,0,0,0.5796391542166707,0.6956521739130435,0.4476153130415371,0,6,5,4,3,2,1,0,6,5,1,0,0,1,1,1,1,0,0,0,0,1,1,0,0,0,0,0,1,1,0,0,0,0,0,0,0,1,0,0,-0.5803814713896458,-0.09809264305177112,-0.4155124653739612,-0.18528610354223432,0.48501362397820164,-0.09264305177111716,0.005449591280653951,0.7368421052631579,0.16066481994459833,0.21264367816091953,-0.5925925925925926,0.5037037037037037,-0.2518518518518518,-0.42962962962962964,0.8148148148148148,-0.3111111111111111,0.16296296296296298,0.7703703703703704,1.338235294117647,0.05925925925925926
2,1,0,0,-0.06259014341306773,-0.37681159420289856,-0.15528885646702398,1,0,6,5,4,3,2,1,0,6,1,1,0,0,1,1,1,1,0,0,0,0,1,1,0,0,0,0,0,1,0,0,0,0,0,0,0,0,1,0,0.5967302452316077,-0.5776566757493188,-0.09418282548476455,-0.4141689373297003,-0.17983651226158037,0.48501362397820164,-0.09264305177111716,0.00554016620498615,0.7368421052631579,0.1781609195402299,0.7111111111111111,-0.5925925925925926,0.5185185185185185,-0.2518518518518518,-0.42962962962962964,0.8148148148148148,-0.3111111111111111,0.17777777777777778,0.75,1.362962962962963
3,1,0,0,-0.13878683974201975,0.028985507246376812,-0.3038529242442298,2,1,0,6,5,4,3,2,1,0,1,1,1,0,0,1,1,1,1,0,0,0,0,1,1,0,0,0,0,0,0,0,0,0,0,0,0,0,0,1,-0.04632152588555858,0.5994550408719346,-0.5817174515235457,-0.09809264305177112,-0.4087193460490463,-0.17983651226158037,0.48501362397820164,-0.09418282548476455,0.00554016620498615,0.7758620689655172,-0.3851851851851852,0.7111111111111111,-0.5777777777777777,0.5185185185185185,-0.2518518518518518,-0.42962962962962964,0.8148148148148148,-0.2962962962962963,0.16176470588235295,0.7703703703703704
4,1,0,0,-0.07347538574577515,-0.4057971014492754,-0.11951424563172741,3,2,1,0,6,5,4,3,2,1,1,1,1,1,0,0,1,1,1,1,0,0,0,0,1,1,0,0,0,0,0,0,0,0,0,0,0,0,0,0,-0.1226158038147139,-0.043596730245231606,0.6149584487534626,-0.5776566757493188,-0.09264305177111716,-0.4087193460490463,-0.17983651226158037,0.4930747922437673,-0.09418282548476455,0.017241379310344827,0.02962962962962963,-0.3851851851851852,0.725925925925926,-0.5777777777777777,0.5185185185185185,-0.2518518518518518,-0.42962962962962964,0.8296296296296296,-0.3088235294117647,0.17777777777777778
5,0,1,0,-0.1279015974093123,-0.3188405797101449,-0.20782393820183676,4,3,2,1,0,6,5,4,3,2,1,1,1,1,1,0,0,1,1,1,0,0,0,0,0,1,1,0,0,0,0,0,0,0,0,0,0,0,0,0,-0.05722070844686648,-0.11989100817438691,-0.038781163434903045,0.5994550408719346,-0.5722070844686649,-0.09264305177111716,-0.4087193460490463,-0.18282548476454294,0.4930747922437673,-0.08620689655172414,-0.4148148148148148,0.02962962962962963,-0.37037037037037035,0.725925925925926,-0.5777777777777777,0.5185185185185185,-0.2518518518518518,-0.4148148148148148,0.8088235294117647,-0.2962962962962963
6,0,1,0,1.2980651481753611,0.782608695652174,1.2391160338322436,5,4,3,2,1,0,6,5,4,3,0,1,1,1,1,1,0,0,1,1,1,0,0,0,0,0,1,1,0,0,0,0,0,0,0,0,0,0,0,0,-0.11171662125340599,-0.05449591280653951,-0.11634349030470914,-0.043596730245231606,0.6049046321525886,-0.5722070844686649,-0.09264305177111716,-0.4155124653739612,-0.18282548476454294,0.5229885057471264,-0.32592592592592595,-0.4148148148148148,0.044444444444444446,-0.37037037037037035,0.725925925925926,-0.5777777777777777,0.5185185185185185,-0.23703703703703705,-0.4264705882352941,0.8296296296296296
0,1,0,0,0.14422946090837346,-0.2608695652173913,0.1451105973592179,6,5,4,3,2,1,0,6,5,4,0,0,1,1,1,1,1,0,0,1,1,1,0,0,0,0,0,1,1,0,0,0,0,0,0,0,0,0,0,0,1.3160762942779292,-0.10899182561307902,-0.04986149584487535,-0.11989100817438691,-0.03814713896457766,0.6049046321525886,-0.5722070844686649,-0.09418282548476455,-0.4155124653739612,-0.1781609195402299,0.8,-0.32592592592592595,-0.4,0.044444444444444446,-0.37037037037037035,0.725925925925926,-0.5777777777777777,0.5333333333333333,-0.25,-0.4148148148148148
1,1,0,0,0.764688273872697,0.2028985507246377,0.7394993748789223,0,6,5,4,3,2,1,0,6,5,1,0,0,1,1,1,1,1,0,0,0,1,1,0,0,0,0,0,1,1,0,0,0,0,0,0,0,0,0,0,0.16076294277929154,1.318801089918256,-0.10526315789473684,-0.05449591280653951,-0.11444141689373297,-0.03814713896457766,0.6049046321525886,-0.5817174515235457,-0.09418282548476455,-0.41954022988505746,-0.26666666666666666,0.8,-0.3111111111111111,-0.4,0.044444444444444446,-0.37037037037037035,0.725925925925926,-0.562962962962963,0.5147058823529411,-0.23703703703703705
2,1,0,0,-0.4435736250578278,-0.37681159420289856,-0.46491817684959297,1,0,6,5,4,3,2,1,0,6,1,1,0,0,1,1,1,1,1,0,0,0,1,1,0,0,0,0,0,1,0,0,0,0,0,0,0,0,0,0,0.782016348773842,0.16348773841961853,1.3462603878116344,-0.10899182561307902,-0.04904632152588556,-0.11444141689373297,-0.03814713896457766,0.6149584487534626,-0.5817174515235457,-0.08620689655172414,0.2074074074074074,-0.26666666666666666,0.8148148148148148,-0.3111111111111111,-0.4,0.044444444444444446,-0.37037037037037035,0.7407407407407407,-0.5735294117647058,0.5333333333333333
3,1,0,0,-0.28029499006721637,-0.2608695652173913,-0.3692775229286885,2,1,0,6,5,4,3,2,1,0,1,1,1,0,0,1,1,1,1,1,0,0,0,1,1,0,0,0,0,0,0,0,0,0,0,0,0,0,0,0,-0.42779291553133514,0.784741144414169,0.17174515235457063,1.318801089918256,-0.10354223433242507,-0.04904632152588556,-0.11444141689373297,-0.038781163434903045,0.6149584487534626,-0.5919540229885057,-0.3851851851851852,0.2074074074074074,-0.2518518518518518,0.8148148148148148,-0.3111111111111111,-0.4,0.044444444444444446,-0.35555555555555557,0.7205882352941176,-0.562962962962963
4,1,0,0,-0.3238359593980461,-0.4057971014492754,-0.36446665683763557,3,2,1,0,6,5,4,3,2,1,1,1,1,1,0,0,1,1,1,1,0,0,0,0,1,1,0,0,0,0,0,0,0,0,0,0,0,0,0,0,-0.26430517711171664,-0.4250681198910082,0.8033240997229917,0.16348773841961853,1.32425068119891,-0.10354223433242507,-0.04904632152588556,-0.11634349030470914,-0.038781163434903045,0.6494252873563219,-0.26666666666666666,-0.3851851851851852,0.2222222222222222,-0.2518518518518518,0.8148148148148148,-0.3111111111111111,-0.4,0.05925925925925926,-0.36764705882352944,0.7407407407407407
5,0,1,0,-0.21498353607097176,-0.028985507246376812,-0.22752181121776308,4,3,2,1,0,6,5,4,3,2,1,1,1,1,1,0,0,1,1,1,0,0,0,0,0,1,1,0,0,0,0,0,0,0,0,0,0,0,0,0,-0.3079019073569482,-0.2615803814713896,-0.4265927977839335,0.784741144414169,0.16893732970027248,1.32425068119891,-0.10354223433242507,-0.04986149584487535,-0.11634349030470914,-0.028735632183908046,-0.4148148148148148,-0.26666666666666666,-0.37037037037037035,0.2222222222222222,-0.2518518518518518,0.8148148148148148,-0.3111111111111111,-0.3851851851851852,0.04411764705882353,-0.35555555555555557
6,0,1,0,1.2980651481753611,1.1884057971014492,1.5404539863979518,5,4,3,2,1,0,6,5,4,3,0,1,1,1,1,1,0,0,1,1,1,0,0,0,0,0,1,1,0,0,0,0,0,0,0,0,0,0,0,0,-0.1989100817438692,-0.30517711171662126,-0.26038781163434904,-0.4250681198910082,0.7901907356948229,0.16893732970027248,1.32425068119891,-0.10526315789473684,-0.04986149584487535,-0.10919540229885058,-0.02962962962962963,-0.4148148148148148,-0.2518518518518518,-0.37037037037037035,0.2222222222222222,-0.2518518518518518,0.8148148148148148,-0.2962962962962963,-0.39705882352941174,0.05925925925925926
0,1,0,0,-0.11701635507660488,0.0,-0.11934393072494169,6,5,4,3,2,1,0,6,5,4,0,0,1,1,1,1,1,0,0,1,1,1,0,0,0,0,0,1,1,0,0,0,0,0,0,0,0,0,0,0,1.3160762942779292,-0.19618528610354224,-0.3047091412742382,-0.2615803814713896,-0.4196185286103542,0.7901907356948229,0.16893732970027248,1.3462603878116344,-0.10526315789473684,-0.040229885057471264,1.2148148148148148,-0.02962962962962963,-0.4,-0.2518518518518518,-0.37037037037037035,0.2222222222222222,-0.2518518518518518,0.8296296296296296,-0.3088235294117647,-0.3851851851851852
1,1,0,0,2.3865893814461043,1.4782608695652173,3.08753665016903,0,6,5,4,3,2,1,0,6,5,1,0,0,1,1,1,1,1,0,0,0,1,1,0,0,0,0,0,1,1,0,0,0,0,0,0,0,0,0,0,-0.1008174386920981,1.318801089918256,-0.19390581717451524,-0.30517711171662126,-0.2561307901907357,-0.4196185286103542,0.7901907356948229,0.17174515235457063,1.3462603878116344,-0.09770114942528736,0.0,1.2148148148148148,-0.014814814814814815,-0.4,-0.2518518518518518,-0.37037037037037035,0.2222222222222222,-0.23703703703703705,0.8088235294117647,-0.2962962962962963
2,1,0,0,-0.1279015974093123,0.2028985507246377,-0.19661884274731017,1,0,6,5,4,3,2,1,0,6,1,1,0,0,1,1,1,1,1,0,0,0,1,1,0,0,0,0,0,1,0,0,0,0,0,0,0,0,0,0,2.4059945504087192,-0.09809264305177112,1.3462603878116344,-0.19618528610354224,-0.2997275204359673,-0.2561307901907357,-0.4196185286103542,0.8033240997229917,0.17174515235457063,1.4080459770114941,1.511111111111111,0.0,1.2296296296296296,-0.014814814814814815,-0.4,-0.2518518518518518,-0.37037037037037035,0.23703703703703705,-0.25,0.8296296296296296
3,0,0,1,2.451900835442349,4.550724637681159,2.67657349375325,2,1,0,6,5,4,3,2,1,0,1,1,1,0,0,1,1,1,1,1,0,0,0,1,1,0,0,0,0,0,0,0,0,0,0,0,0,0,0,0,-0.11171662125340599,2.4087193460490464,-0.09418282548476455,1.318801089918256,-0.1907356948228883,-0.2997275204359673,-0.2561307901907357,-0.4265927977839335,0.8033240997229917,0.1896551724137931,0.2074074074074074,1.511111111111111,0.014814814814814815,1.2296296296296296,-0.014814814814814815,-0.4,-0.2518518518518518,-0.35555555555555557,0.22058823529411764,-0.23703703703703705
4,0,0,1,4.56363784798759,7.217391304347826,4.920479811014056,3,2,1,0,6,5,4,3,2,1,0,1,1,1,0,0,1,1,1,1,0,0,0,0,1,1,0,0,0,0,1,0,0,0,0,0,0,0,0,0,2.4713896457765667,-0.10899182561307902,2.4542936288088644,-0.09809264305177112,1.32425068119891,-0.1907356948228883,-0.2997275204359673,-0.26038781163434904,-0.4265927977839335,0.8448275862068966,4.651851851851852,0.2074074074074074,1.525925925925926,0.014814814814814815,1.2296296296296296,-0.014814814814814815,-0.4,-0.23703703703703705,-0.36764705882352944,0.23703703703703705
5,0,1,0,0.7538030315399896,1.1594202898550725,0.8276649004739931,4,3,2,1,0,6,5,4,3,2,0,0,1,1,1,0,0,1,1,1,0,0,0,0,0,1,1,0,0,0,1,1,0,0,0,0,0,0,0,0,4.5858310626703,2.474114441416894,-0.10526315789473684,2.4087193460490464,-0.09264305177111716,1.32425068119891,-0.1907356948228883,-0.3047091412742382,-0.26038781163434904,-0.43103448275862066,7.377777777777778,4.651851851851852,0.2222222222222222,1.525925925925926,0.014814814814814815,1.2296296296296296,-0.014814814814814815,-0.3851851851851852,-0.25,-0.35555555555555557
6,0,1,0,1.1347865131847497,0.8985507246376812,1.4918152998438987,5,4,3,2,1,0,6,5,4,3,0,0,0,1,1,1,0,0,1,1,1,0,0,0,0,0,1,1,0,0,0,1,1,0,0,0,0,0,0,0,0.771117166212534,4.5885558583106265,2.520775623268698,-0.10899182561307902,2.4141689373297,-0.09264305177111716,1.32425068119891,-0.19390581717451524,-0.3047091412742382,-0.25862068965517243,1.1851851851851851,7.377777777777778,4.666666666666667,0.2222222222222222,1.525925925925926,0.014814814814814815,1.2296296296296296,0.0,-0.39705882352941174,-0.23703703703703705
0,1,0,0,-0.45445886739053526,-0.5217391304347826,-0.4863061249675028,6,5,4,3,2,1,0,6,5,4,0,0,0,0,1,1,1,0,0,1,1,1,0,0,0,0,0,1,1,0,0,0,1,1,0,0,0,0,0,0,1.1525885558583107,0.773841961852861,4.670360110803324,2.474114441416894,-0.10354223433242507,2.4141689373297,-0.09264305177111716,1.3462603878116344,-0.19390581717451524,-0.3045977011494253,0.9185185185185185,1.1851851851851851,7.392592592592592,4.666666666666667,0.2222222222222222,1.525925925925926,0.014814814814814815,1.2444444444444445,-0.014705882352941176,-0.3851851851851852
1,1,0,0,-0.17144256674014205,0.028985507246376812,-0.1891023724212817,0,6,5,4,3,2,1,0,6,5,1,0,0,0,0,1,1,1,0,0,0,1,1,0,0,0,0,0,1,1,0,0,0,1,1,0,0,0,0,0,-0.43869209809264303,1.1553133514986376,0.7922437673130194,4.5885558583106265,2.4795640326975477,-0.10354223433242507,2.4141689373297,-0.09418282548476455,1.3462603878116344,-0.1896551724137931,-0.5333333333333333,0.9185185185185185,1.2,7.392592592592592,4.666666666666667,0.2222222222222222,1.525925925925926,0.02962962962962963,1.2205882352941178,0.0
2,1,0,0,0.0898032492448363,-0.2608695652173913,0.0406849450721175,1,0,6,5,4,3,2,1,0,6,1,1,0,0,0,0,1,1,1,0,0,0,1,1,0,0,0,0,0,1,0,0,0,0,1,1,0,0,0,0,-0.1553133514986376,-0.4359673024523161,1.18005540166205,0.773841961852861,4.594005449591281,2.4795640326975477,-0.10354223433242507,2.4542936288088644,-0.09418282548476455,1.4080459770114941,0.02962962962962963,-0.5333333333333333,0.9333333333333333,1.2,7.392592592592592,4.666666666666667,0.2222222222222222,1.5407407407407407,0.014705882352941176,1.2444444444444445
3,1,0,0,0.01360655291588429,0.6956521739130435,-0.011791833841907661,2,1,0,6,5,4,3,2,1,0,1,1,1,0,0,0,0,1,1,1,0,0,0,1,1,0,0,0,0,0,0,0,0,0,0,1,1,0,0,0,0.10626702997275204,-0.15258855585831063,-0.4376731301939058,1.1553133514986376,0.779291553133515,4.594005449591281,2.4795640326975477,-0.10526315789473684,2.4542936288088644,-0.08620689655172414,-0.26666666666666666,0.02962962962962963,-0.5185185185185185,0.9333333333333333,1.2,7.392592592592592,4.666666666666667,0.23703703703703705,1.5147058823529411,0.02962962962962963
4,1,0,0,-0.20409829373826432,-0.43478260869565216,-0.31568380330854373,3,2,1,0,6,5,4,3,2,1,1,1,1,1,0,0,0,0,1,1,0,0,0,0,1,1,0,0,0,0,0,0,0,0,0,0,1,1,0,0,0.02997275204359673,0.10899182561307902,-0.14958448753462603,-0.4359673024523161,1.1607629427792916,0.779291553133515,4.594005449591281,2.520775623268698,-0.10526315789473684,2.557471264367816,0.7111111111111111,-0.26666666666666666,0.044444444444444446,-0.5185185185185185,0.9333333333333333,1.2,7.392592592592592,4.681481481481481,0.22058823529411764,1.5407407407407407
5,0,1,0,-0.45445886739053526,-0.14492753623188406,-0.5004712369658965,4,3,2,1,0,6,5,4,3,2,1,1,1,1,1,0,0,0,0,1,0,0,0,0,0,1,1,0,0,0,0,0,0,0,0,0,0,1,1,0,-0.1880108991825613,0.0326975476839237,0.11634349030470914,-0.15258855585831063,-0.4305177111716621,1.1607629427792916,0.779291553133515,4.670360110803324,2.520775623268698,-0.09770114942528736,-0.4444444444444444,0.7111111111111111,-0.2518518518518518,0.044444444444444446,-0.5185185185185185,0.9333333333333333,1.2,7.407407407407407,4.632352941176471,0.23703703703703705
6,0,1,0,1.6681633874874138,0.8695652173913043,2.096375622813258,5,4,3,2,1,0,6,5,4,3,0,1,1,1,1,1,0,0,0,0,1,0,0,0,0,0,1,1,0,0,0,0,0,0,0,0,0,0,1,1,-0.43869209809264303,-0.18528610354223432,0.038781163434903045,0.10899182561307902,-0.14713896457765668,-0.4305177111716621,1.1607629427792916,0.7922437673130194,4.670360110803324,2.6264367816091956,-0.14814814814814814,-0.4444444444444444,0.725925925925926,-0.2518518518518518,0.044444444444444446,-0.5185185185185185,0.9333333333333333,1.2148148148148148,7.338235294117647,4.681481481481481
0,1,0,0,-0.3782621710615832,-0.5507246376811594,-0.39633886553487935,6,5,4,3,2,1,0,6,5,4,0,0,1,1,1,1,1,0,0,0,1,1,0,0,0,0,0,1,1,0,0,0,0,0,0,0,0,0,0,1,1.6866485013623977,-0.4359673024523161,-0.18282548476454294,0.0326975476839237,0.11444141689373297,-0.14713896457765668,-0.4305177111716621,1.18005540166205,0.7922437673130194,4.85632183908046,0.8888888888888888,-0.14814814814814814,-0.42962962962962964,0.725925925925926,-0.2518518518518518,0.044444444444444446,-0.5185185185185185,0.9481481481481482,1.1911764705882353,7.407407407407407
1,1,0,0,0.612294881214793,0.6086956521739131,0.6654222842391486,0,6,5,4,3,2,1,0,6,5,1,0,0,1,1,1,1,1,0,0,0,1,1,0,0,0,0,0,1,1,0,0,0,0,0,0,0,0,0,0,-0.36239782016348776,1.6893732970027249,-0.4376731301939058,-0.18528610354223432,0.03814713896457766,0.11444141689373297,-0.14713896457765668,-0.4376731301939058,1.18005540166205,0.8333333333333334,-0.562962962962963,0.8888888888888888,-0.13333333333333333,-0.42962962962962964,0.725925925925926,-0.2518518518518518,0.044444444444444446,-0.5037037037037037,0.9264705882352942,1.2148148148148148
2,1,0,0,-0.4653441097232427,-0.5217391304347826,-0.49046647291873724,1,0,6,5,4,3,2,1,0,6,1,1,0,0,1,1,1,1,1,0,0,0,1,1,0,0,0,0,0,1,0,0,0,0,0,0,0,0,0,0,0.6294277929155313,-0.35967302452316074,1.7229916897506925,-0.4359673024523161,-0.17983651226158037,0.03814713896457766,0.11444141689373297,-0.14958448753462603,-0.4376731301939058,1.235632183908046,0.6222222222222222,-0.562962962962963,0.9037037037037037,-0.13333333333333333,-0.42962962962962964,0.725925925925926,-0.2518518518518518,0.05925925925925926,-0.5147058823529411,0.9481481481481482
3,0,0,1,0.17688518790649577,0.463768115942029,0.0640806303276963,2,1,0,6,5,4,3,2,1,0,1,1,1,0,0,1,1,1,1,1,0,0,0,1,1,0,0,0,0,0,0,0,0,0,0,0,0,0,0,0,-0.44959128065395093,0.6321525885558583,-0.3601108033240997,1.6893732970027249,-0.4305177111716621,-0.17983651226158037,0.03814713896457766,0.11634349030470914,-0.14958448753462603,-0.4425287356321839,-0.5333333333333333,0.6222222222222222,-0.5481481481481482,0.9037037037037037,-0.13333333333333333,-0.42962962962962964,0.725925925925926,-0.23703703703703705,0.04411764705882353,-0.5037037037037037
4,1,0,0,-0.3347212017307535,-0.4927536231884058,-0.42401291778498396,3,2,1,0,6,5,4,3,2,1,0,1,1,1,0,0,1,1,1,1,0,0,0,0,1,1,0,0,0,0,1,0,0,0,0,0,0,0,0,0,0.19346049046321526,-0.44686648501362397,0.6481994459833795,-0.35967302452316074,1.6948228882833787,-0.4305177111716621,-0.17983651226158037,0.038781163434903045,0.11634349030470914,-0.14367816091954022,0.4740740740740741,-0.5333333333333333,0.6370370370370371,-0.5481481481481482,0.9037037037037037,-0.13333333333333333,-0.42962962962962964,0.7407407407407407,-0.25,0.05925925925925926
5,0,1,0,-0.0517049010803603,-0.14492753623188406,-0.1769810393043166,4,3,2,1,0,6,5,4,3,2,1,0,1,1,1,0,0,1,1,1,0,0,0,0,0,1,1,0,0,0,0,1,0,0,0,0,0,0,0,0,-0.3188010899182561,0.19618528610354224,-0.4487534626038781,0.6321525885558583,-0.3542234332425068,1.6948228882833787,-0.4305177111716621,-0.18282548476454294,0.038781163434903045,0.13218390804597702,-0.5037037037037037,0.4740740740740741,-0.5185185185185185,0.6370370370370371,-0.5481481481481482,0.9037037037037037,-0.13333333333333333,-0.4148148148148148,0.7205882352941176,-0.23703703703703705
6,0,1,0,0.7211473045418673,0.2898550724637681,0.7848904176398894,5,4,3,2,1,0,6,5,4,3,0,1,0,1,1,1,0,0,1,1,1,0,0,0,0,0,1,1,0,0,0,0,1,0,0,0,0,0,0,0,-0.035422343324250684,-0.31607629427792916,0.20498614958448755,-0.44686648501362397,0.6376021798365122,-0.3542234332425068,1.6948228882833787,-0.4376731301939058,-0.18282548476454294,0.05172413793103448,-0.14814814814814814,-0.5037037037037037,0.4888888888888889,-0.5185185185185185,0.6370370370370371,-0.5481481481481482,0.9037037037037037,-0.11851851851851852,-0.4264705882352941,0.7407407407407407
0,1,0,0,-0.3238359593980461,-0.43478260869565216,-0.3961996454658471,6,5,4,3,2,1,0,6,5,4,0,0,1,0,1,1,1,0,0,1,1,1,0,0,0,0,0,1,1,0,0,0,0,1,0,0,0,0,0,0,0.7384196185286104,-0.0326975476839237,-0.3157894736842105,0.19618528610354224,-0.44141689373297005,0.6376021798365122,-0.3542234332425068,1.7229916897506925,-0.4376731301939058,-0.1781609195402299,0.2962962962962963,-0.14814814814814814,-0.4888888888888889,0.4888888888888889,-0.5185185185185185,0.6370370370370371,-0.5481481481481482,0.9185185185185185,-0.1323529411764706,-0.4148148148148148
1,1,0,0,0.5252129425531336,0.6086956521739131,0.5586560387102462,0,6,5,4,3,2,1,0,6,5,1,0,0,1,0,1,1,1,0,0,0,1,1,0,0,0,0,0,1,1,0,0,0,0,1,0,0,0,0,0,-0.3079019073569482,0.7411444141689373,-0.027700831024930747,-0.31607629427792916,0.2016348773841962,-0.44141689373297005,0.6376021798365122,-0.3601108033240997,1.7229916897506925,-0.4425287356321839,-0.4444444444444444,0.2962962962962963,-0.13333333333333333,-0.4888888888888889,0.4888888888888889,-0.5185185185185185,0.6370370370370371,-0.5333333333333333,0.8970588235294118,-0.11851851851851852
2,1,0,0,-0.2585245054018015,-0.5217391304347826,-0.3271108028324924,1,0,6,5,4,3,2,1,0,6,1,1,0,0,1,0,1,1,1,0,0,0,1,1,0,0,0,0,0,1,0,0,0,0,0,1,0,0,0,0,0.5422343324250681,-0.30517711171662126,0.7590027700831025,-0.0326975476839237,-0.3106267029972752,0.2016348773841962,-0.44141689373297005,0.6481994459833795,-0.3601108033240997,1.7988505747126438,0.6222222222222222,-0.4444444444444444,0.3111111111111111,-0.13333333333333333,-0.4888888888888889,0.4888888888888889,-0.5185185185185185,0.6518518518518519,-0.5441176470588235,0.9185185185185185
3,1,0,0,0.49255721555501125,0.2898550724637681,0.2762873505758331,2,1,0,6,5,4,3,2,1,0,1,1,1,0,0,1,0,1,1,1,0,0,0,1,1,0,0,0,0,0,0,0,0,0,0,0,1,0,0,0,-0.24250681198910082,0.5449591280653951,-0.3047091412742382,0.7411444141689373,-0.027247956403269755,-0.3106267029972752,0.2016348773841962,-0.4487534626038781,0.6481994459833795,-0.3620689655172414,-0.5333333333333333,0.6222222222222222,-0.42962962962962964,0.3111111111111111,-0.13333333333333333,-0.4888888888888889,0.4888888888888889,-0.5037037037037037,0.6323529411764706,-0.5333333333333333
4,1,0,0,-0.5088850790540724,-0.43478260869565216,-0.5237626838449155,3,2,1,0,6,5,4,3,2,1,1,1,1,1,0,0,1,0,1,1,0,0,0,0,1,1,0,0,0,0,0,0,0,0,0,0,0,1,0,0,0.5095367847411444,-0.23978201634877383,0.5595567867036011,-0.30517711171662126,0.7465940054495913,-0.027247956403269755,-0.3106267029972752,0.20498614958448755,-0.4487534626038781,0.6839080459770115,0.2962962962962963,-0.5333333333333333,0.6370370370370371,-0.42962962962962964,0.3111111111111111,-0.13333333333333333,-0.4888888888888889,0.5037037037037037,-0.5147058823529411,0.6518518518518519
5,0,1,0,1.8096715378126105,0.2608695652173913,1.6045468073154492,4,3,2,1,0,6,5,4,3,2,1,1,1,1,1,0,0,1,0,1,0,0,0,0,0,1,1,0,0,0,0,0,0,0,0,0,0,0,1,0,-0.49318801089918257,0.5122615803814714,-0.23822714681440443,0.5449591280653951,-0.2997275204359673,0.7465940054495913,-0.027247956403269755,-0.3157894736842105,0.20498614958448755,-0.4540229885057471,-0.4444444444444444,0.2962962962962963,-0.5185185185185185,0.6370370370370371,-0.42962962962962964,0.3111111111111111,-0.13333333333333333,-0.4740740740740741,0.4852941176470588,-0.5037037037037037
6,0,1,0,0.6558358505456228,0.9565217391304348,0.755763035075242,5,4,3,2,1,0,6,5,4,3,0,1,1,1,1,1,0,0,1,0,1,0,0,0,0,0,1,1,0,0,0,0,0,0,0,0,0,0,0,1,1.8283378746594006,-0.4904632152588556,0.5263157894736842,-0.23978201634877383,0.5504087193460491,-0.2997275204359673,0.7465940054495913,-0.027700831024930747,-0.3157894736842105,0.22413793103448276,0.26666666666666666,-0.4444444444444444,0.3111111111111111,-0.5185185185185185,0.6370370370370371,-0.42962962962962964,0.3111111111111111,-0.11851851851851852,-0.4852941176470588,0.5037037037037037
0,1,0,0,-0.14967208207472718,-0.4057971014492754,-0.16793562167193585,6,5,4,3,2,1,0,6,5,4,0,0,1,1,1,1,1,0,0,1,1,1,0,0,0,0,0,1,1,0,0,0,0,0,0,0,0,0,0,0,0.6730245231607629,1.8310626702997275,-0.4930747922437673,0.5122615803814714,-0.23433242506811988,0.5504087193460491,-0.2997275204359673,0.7590027700831025,-0.027700831024930747,-0.3160919540229885,0.9777777777777777,0.26666666666666666,-0.42962962962962964,0.3111111111111111,-0.5185185185185185,0.6370370370370371,-0.42962962962962964,0.32592592592592595,-0.1323529411764706,-0.4740740740740741
1,1,0,0,0.4816719732223038,1.1304347826086956,0.5902996296799167,0,6,5,4,3,2,1,0,6,5,1,0,0,1,1,1,1,1,0,0,0,1,1,0,0,0,0,0,1,1,0,0,0,0,0,0,0,0,0,0,-0.1335149863760218,0.6757493188010899,1.8670360110803323,-0.4904632152588556,0.5177111716621253,-0.23433242506811988,0.5504087193460491,-0.3047091412742382,0.7590027700831025,-0.017241379310344827,-0.4148148148148148,0.9777777777777777,0.2814814814814815,-0.42962962962962964,0.3111111111111111,-0.5185185185185185,0.6370370370370371,-0.4148148148148148,0.3088235294117647,-0.11851851851851852
2,1,0,0,-0.23675402073638663,-0.11594202898550725,-0.2476928204581418,1,0,6,5,4,3,2,1,0,6,1,1,0,0,1,1,1,1,1,0,0,0,1,1,0,0,0,0,0,1,0,0,0,0,0,0,0,0,0,0,0.4986376021798365,-0.1307901907356948,0.6925207756232687,1.8310626702997275,-0.48501362397820164,0.5177111716621253,-0.23433242506811988,0.5595567867036011,-0.3047091412742382,0.7988505747126436,1.1555555555555554,-0.4148148148148148,0.9925925925925926,0.2814814814814815,-0.42962962962962964,0.3111111111111111,-0.5185185185185185,0.6518518518518519,-0.4264705882352941,0.32592592592592595
3,1,0,0,0.24219664190274034,-0.14492753623188406,0.0174351935437223,2,1,0,6,5,4,3,2,1,0,1,1,1,0,0,1,1,1,1,1,0,0,0,1,1,0,0,0,0,0,0,0,0,0,0,0,0,0,0,0,-0.22070844686648503,0.5013623978201635,-0.12742382271468145,0.6757493188010899,1.8365122615803815,-0.48501362397820164,0.5177111716621253,-0.23822714681440443,0.5595567867036011,-0.3045977011494253,-0.11851851851851852,1.1555555555555554,-0.4,0.9925925925925926,0.2814814814814815,-0.42962962962962964,0.3111111111111111,-0.5037037037037037,0.6323529411764706,-0.4148148148148148
4,1,0,0,-0.30206547473263123,-0.4057971014492754,-0.3782833653130194,3,2,1,0,6,5,4,3,2,1,1,1,1,1,0,0,1,1,1,1,0,0,0,0,1,1,0,0,0,0,0,0,0,0,0,0,0,0,0,0,0.25885558583106266,-0.21798365122615804,0.5152354570637119,-0.1307901907356948,0.6811989100817438,1.8365122615803815,-0.48501362397820164,0.5263157894736842,-0.23822714681440443,0.5919540229885057,-0.14814814814814814,-0.11851851851851852,1.1703703703703703,-0.4,0.9925925925925926,0.2814814814814815,-0.42962962962962964,0.32592592592592595,-0.5147058823529411,0.6518518518518519
5,0,1,0,-0.497999836721365,-0.4057971014492754,-0.5416803773994592,4,3,2,1,0,6,5,4,3,2,1,1,1,1,1,0,0,1,1,1,0,0,0,0,0,1,1,0,0,0,0,0,0,0,0,0,0,0,0,0,-0.28610354223433243,0.2615803814713896,-0.21606648199445982,0.5013623978201635,-0.12534059945504086,0.6811989100817438,1.8365122615803815,-0.4930747922437673,0.5263157894736842,-0.23563218390804597,-0.4148148148148148,-0.14814814814814814,-0.1037037037037037,1.1703703703703703,-0.4,0.9925925925925926,0.2814814814814815,-0.4148148148148148,0.3088235294117647,-0.5037037037037037
6,0,1,0,0.2966228535662775,-0.17391304347826086,0.2693948971074469,5,4,3,2,1,0,6,5,4,3,0,1,1,1,1,1,0,0,1,1,1,0,0,0,0,0,1,1,0,0,0,0,0,0,0,0,0,0,0,0,-0.4822888283378747,-0.28337874659400547,0.27146814404432135,-0.21798365122615804,0.5068119891008175,-0.12534059945504086,0.6811989100817438,1.8670360110803323,-0.4930747922437673,0.5574712643678161,-0.4148148148148148,-0.4148148148148148,-0.13333333333333333,-0.1037037037037037,1.1703703703703703,-0.4,0.9925925925925926,0.2962962962962963,-0.4264705882352941,0.32592592592592595
0,1,0,0,-0.24763926306909406,-0.37681159420289856,-0.30630906307632005,6,5,4,3,2,1,0,6,5,4,0,0,1,1,1,1,1,0,0,1,1,1,0,0,0,0,0,1,1,0,0,0,0,0,0,0,0,0,0,0,0.3133514986376022,-0.47956403269754766,-0.28254847645429365,0.2615803814713896,-0.2125340599455041,0.5068119891008175,-0.12534059945504086,0.6925207756232687,1.8670360110803323,-0.5,-0.17777777777777778,-0.4148148148148148,-0.4,-0.13333333333333333,-0.1037037037037037,1.1703703703703703,-0.4,1.0074074074074073,0.27941176470588236,-0.4148148148148148
1,1,0,0,1.798786295479903,0.8985507246376812,1.6946780213471362,0,6,5,4,3,2,1,0,6,5,1,0,0,1,1,1,1,1,0,0,0,1,1,0,0,0,0,0,1,1,0,0,0,0,0,0,0,0,0,0,-0.23160762942779292,0.31607629427792916,-0.481994459833795,-0.28337874659400547,0.2670299727520436,-0.2125340599455041,0.5068119891008175,-0.12742382271468145,0.6925207756232687,1.9482758620689655,-0.3851851851851852,-0.17777777777777778,-0.4,-0.4,-0.13333333333333333,-0.1037037037037037,1.1703703703703703,-0.3851851851851852,0.9852941176470589,0.2962962962962963
2,1,0,0,-0.30206547473263123,-0.2028985507246377,-0.35133509484411374,1,0,6,5,4,3,2,1,0,6,1,1,0,0,1,1,1,1,1,0,0,0,1,1,0,0,0,0,0,1,0,0,0,0,0,0,0,0,0,0,1.8174386920980927,-0.22888283378746593,0.3268698060941828,-0.47956403269754766,-0.2779291553133515,0.2670299727520436,-0.2125340599455041,0.5152354570637119,-0.12742382271468145,0.7298850574712644,0.9185185185185185,-0.3851851851851852,-0.16296296296296298,-0.4,-0.4,-0.13333333333333333,-0.1037037037037037,1.1851851851851851,-0.39705882352941174,1.0074074074074073
3,1,0,0,1.0259340898576754,0.782608695652174,0.7517659350222129,2,1,0,6,5,4,3,2,1,0,1,1,1,0,0,1,1,1,1,1,0,0,0,1,1,0,0,0,0,0,0,0,0,0,0,0,0,0,0,0,-0.28610354223433243,1.8201634877384196,-0.22714681440443213,0.31607629427792916,-0.47411444141689374,-0.2779291553133515,0.2670299727520436,-0.21606648199445982,0.5152354570637119,-0.1206896551724138,-0.2074074074074074,0.9185185185185185,-0.37037037037037035,-0.16296296296296298,-0.4,-0.4,-0.13333333333333333,-0.08888888888888889,1.161764705882353,-0.3851851851851852
4,1,0,0,0.18777043023920317,0.0,0.16449540189503603,3,2,1,0,6,5,4,3,2,1,1,1,1,1,0,0,1,1,1,1,0,0,0,0,1,1,0,0,0,0,0,0,0,0,0,0,0,0,0,0,1.0435967302452316,-0.28337874659400547,1.8559556786703602,-0.22888283378746593,0.3215258855585831,-0.47411444141689374,-0.2779291553133515,0.27146814404432135,-0.21606648199445982,0.5459770114942529,0.8,-0.2074074074074074,0.9333333333333333,-0.37037037037037035,-0.16296296296296298,-0.4,-0.4,-0.11851851851851852,-0.10294117647058823,1.1851851851851851
5,0,1,0,0.5252129425531336,0.4057971014492754,0.43054919402092207,4,3,2,1,0,6,5,4,3,2,1,1,1,1,1,0,0,1,1,1,0,0,0,0,0,1,1,0,0,0,0,0,0,0,0,0,0,0,0,0,0.20435967302452315,1.0463215258855585,-0.28254847645429365,1.8201634877384196,-0.22343324250681199,0.3215258855585831,-0.47411444141689374,-0.28254847645429365,0.27146814404432135,-0.21264367816091953,0.0,0.8,-0.1925925925925926,0.9333333333333333,-0.37037037037037035,-0.16296296296296298,-0.4,-0.3851851851851852,-0.1323529411764706,-0.08888888888888889
6,0,1,0,0.688491577543745,1.1014492753623188,0.6342645501093752,5,4,3,2,1,0,6,5,4,3,0,1,1,1,1,1,0,0,1,1,1,0,0,0,0,0,1,1,0,0,0,0,0,0,0,0,0,0,0,0,0.5422343324250681,0.20708446866485014,1.0692520775623269,-0.28337874659400547,1.8256130790190737,-0.22343324250681199,0.3215258855585831,-0.481994459833795,-0.28254847645429365,0.29310344827586204,0.4148148148148148,0.0,0.8148148148148148,-0.1925925925925926,0.9333333333333333,-0.37037037037037035,-0.16296296296296298,-0.3851851851851852,-0.39705882352941174,-0.11851851851851852
0,1,0,0,-0.13878683974201975,-0.4927536231884058,-0.3075811246207777,6,5,4,3,2,1,0,6,5,4,0,0,1,1,1,1,1,0,0,1,1,1,0,0,0,0,0,1,1,0,0,0,0,0,0,0,0,0,0,0,0.7057220708446866,0.5449591280653951,0.21606648199445982,1.0463215258855585,-0.2779291553133515,1.8256130790190737,-0.22343324250681199,0.3268698060941828,-0.481994459833795,-0.28160919540229884,1.125925925925926,0.4148148148148148,0.014814814814814815,0.8148148148148148,-0.1925925925925926,0.9333333333333333,-0.37037037037037035,-0.14814814814814814,-0.39705882352941174,-0.3851851851851852
1,1,0,0,1.2109832095137016,0.782608695652174,1.0413369649512594,0,6,5,4,3,2,1,0,6,5,1,0,0,1,1,1,1,1,0,0,0,1,1,0,0,0,0,0,1,1,0,0,0,0,0,0,0,0,0,0,-0.1226158038147139,0.7084468664850136,0.5595567867036011,0.20708446866485014,1.0517711171662125,-0.2779291553133515,1.8256130790190737,-0.22714681440443213,0.3268698060941828,-0.4885057471264368,-0.5037037037037037,1.125925925925926,0.42962962962962964,0.014814814814814815,0.8148148148148148,-0.1925925925925926,0.9333333333333333,-0.35555555555555557,-0.16176470588235295,-0.3851851851851852
2,1,0,0,-0.07347538574577515,-0.34782608695652173,-0.05828002968496954,1,0,6,5,4,3,2,1,0,6,1,1,0,0,1,1,1,1,1,0,0,0,1,1,0,0,0,0,0,1,0,0,0,0,0,0,0,0,0,0,1.228882833787466,-0.11989100817438691,0.7257617728531855,0.5449591280653951,0.2125340599455041,1.0517711171662125,-0.2779291553133515,1.8559556786703602,-0.22714681440443213,0.3505747126436782,0.8,-0.5037037037037037,1.1407407407407408,0.42962962962962964,0.014814814814814815,0.8148148148148148,-0.1925925925925926,0.9481481481481482,-0.36764705882352944,-0.14814814814814814
3,1,0,0,1.1239012708520422,1.3043478260869565,1.0762271396627288,2,1,0,6,5,4,3,2,1,0,1,1,1,0,0,1,1,1,1,1,0,0,0,1,1,0,0,0,0,0,0,0,0,0,0,0,0,0,0,0,-0.05722070844686648,1.231607629427793,-0.11634349030470914,0.7084468664850136,0.5504087193460491,0.2125340599455041,1.0517711171662125,-0.28254847645429365,1.8559556786703602,-0.22413793103448276,-0.35555555555555557,0.8,-0.4888888888888889,1.1407407407407408,0.42962962962962964,0.014814814814814815,0.8148148148148148,-0.17777777777777778,0.9264705882352942,-0.35555555555555557
4,1,0,0,-0.17144256674014205,-0.37681159420289856,-0.2628080917601595,3,2,1,0,6,5,4,3,2,1,1,1,1,1,0,0,1,1,1,1,0,0,0,0,1,1,0,0,0,0,0,0,0,0,0,0,0,0,0,0,1.1416893732970028,-0.05449591280653951,1.257617728531856,-0.11989100817438691,0.7138964577656676,0.5504087193460491,0.2125340599455041,1.0692520775623269,-0.28254847645429365,1.9367816091954022,1.3333333333333333,-0.35555555555555557,0.8148148148148148,-0.4888888888888889,1.1407407407407408,0.42962962962962964,0.014814814814814815,0.8296296296296296,-0.19117647058823528,0.9481481481481482
5,0,1,0,-0.13878683974201975,0.028985507246376812,-0.1657819508070833,4,3,2,1,0,6,5,4,3,2,1,1,1,1,1,0,0,1,1,1,0,0,0,0,0,1,1,0,0,0,0,0,0,0,0,0,0,0,0,0,-0.1553133514986376,1.1444141689373297,-0.04986149584487535,1.231607629427793,-0.11444141689373297,0.7138964577656676,0.5504087193460491,0.21606648199445982,1.0692520775623269,-0.28160919540229884,-0.3851851851851852,1.3333333333333333,-0.34074074074074073,0.8148148148148148,-0.4888888888888889,1.1407407407407408,0.42962962962962964,0.02962962962962963,0.8088235294117647,-0.17777777777777778
6,0,1,0,0.11157373391025117,0.5797101449275363,-0.13707399520167785,5,4,3,2,1,0,6,5,4,3,0,1,1,1,1,1,0,0,1,1,1,0,0,0,0,0,1,1,0,0,0,0,0,0,0,0,0,0,0,0,-0.1226158038147139,-0.15258855585831063,1.1689750692520775,-0.05449591280653951,1.237057220708447,-0.11444141689373297,0.7138964577656676,0.5595567867036011,0.21606648199445982,1.1206896551724137,0.02962962962962963,-0.3851851851851852,1.348148148148148,-0.34074074074074073,0.8148148148148148,-0.4888888888888889,1.1407407407407408,0.4444444444444444,0.014705882352941176,0.8296296296296296
0,0,0,1,1.8423272648107327,0.5797101449275363,1.2565344432305876,6,5,4,3,2,1,0,6,5,4,0,0,1,1,1,1,1,0,0,1,1,1,0,0,0,0,0,1,1,0,0,0,0,0,0,0,0,0,0,0,0.12806539509536785,-0.11989100817438691,-0.14958448753462603,1.1444141689373297,-0.04904632152588556,1.237057220708447,-0.11444141689373297,0.7257617728531855,0.5595567867036011,0.23563218390804597,0.5925925925925926,0.02962962962962963,-0.37037037037037035,1.348148148148148,-0.34074074074074073,0.8148148148148148,-0.4888888888888889,1.1555555555555554,0.4264705882352941,0.02962962962962963
1,1,0,0,1.8205567801453177,0.7246376811594203,1.4289196301799074,0,6,5,4,3,2,1,0,6,5,0,0,0,1,1,1,1,1,0,0,0,1,1,0,0,0,0,0,1,1,1,0,0,0,0,0,0,0,0,0,1.8610354223433243,0.1307901907356948,-0.11634349030470914,-0.15258855585831063,1.1498637602179838,-0.04904632152588556,1.237057220708447,-0.11634349030470914,0.7257617728531855,0.5919540229885057,0.5925925925925926,0.5925925925925926,0.044444444444444446,-0.37037037037037035,1.348148148148148,-0.34074074074074073,0.8148148148148148,-0.4740740740740741,1.1323529411764706,0.4444444444444444
2,1,0,0,-0.0517049010803603,-0.2028985507246377,-0.1303688174606701,1,0,6,5,4,3,2,1,0,6,1,0,0,0,1,1,1,1,1,0,0,0,1,1,0,0,0,0,0,1,0,1,0,0,0,0,0,0,0,0,1.8392370572207084,1.8637602179836512,0.13850415512465375,-0.11989100817438691,-0.14713896457765668,1.1498637602179838,-0.04904632152588556,1.257617728531856,-0.11634349030470914,0.764367816091954,0.7407407407407407,0.5925925925925926,0.6074074074074074,0.044444444444444446,-0.37037037037037035,1.348148148148148,-0.34074074074074073,0.8296296296296296,-0.4852941176470588,1.1555555555555554
3,1,0,0,1.1565569978501646,1.1014492753623188,0.9443143575024733,2,1,0,6,5,4,3,2,1,0,1,1,0,0,0,1,1,1,1,1,0,0,0,1,1,0,0,0,0,0,0,0,1,0,0,0,0,0,0,0,-0.035422343324250684,1.8419618528610355,1.9002770083102494,0.1307901907356948,-0.11444141689373297,-0.14713896457765668,1.1498637602179838,-0.04986149584487535,1.257617728531856,-0.10919540229885058,-0.2074074074074074,0.7407407407407407,0.6074074074074074,0.6074074074074074,0.044444444444444446,-0.37037037037037035,1.348148148148148,-0.32592592592592595,0.8088235294117647,-0.4740740740740741
4,1,0,0,0.31839333823169236,-0.2318840579710145,0.24481301446166134,3,2,1,0,6,5,4,3,2,1,1,1,1,0,0,0,1,1,1,1,0,0,0,0,1,1,0,0,0,0,0,0,0,1,0,0,0,0,0,0,1.1743869209809263,-0.0326975476839237,1.8781163434903048,1.8637602179836512,0.1362397820163488,-0.11444141689373297,-0.14713896457765668,1.1689750692520775,-0.04986149584487535,1.3160919540229885,1.125925925925926,-0.2074074074074074,0.7555555555555555,0.6074074074074074,0.6074074074074074,0.044444444444444446,-0.37037037037037035,1.362962962962963,-0.3382352941176471,0.8296296296296296
5,0,1,0,-0.06259014341306773,0.057971014492753624,0.027036784751374245,4,3,2,1,0,6,5,4,3,2,1,1,1,1,0,0,0,1,1,1,0,0,0,0,0,1,1,0,0,0,0,0,0,0,1,0,0,0,0,0,0.335149863760218,1.1771117166212535,-0.027700831024930747,1.8419618528610355,1.8692098092643052,0.1362397820163488,-0.11444141689373297,-0.14958448753462603,1.1689750692520775,-0.040229885057471264,-0.23703703703703705,1.125925925925926,-0.1925925925925926,0.7555555555555555,0.6074074074074074,0.6074074074074074,0.044444444444444446,-0.35555555555555557,1.338235294117647,-0.32592592592592595
6,0,1,0,2.332163169782567,0.8985507246376812,2.9999237646449397,5,4,3,2,1,0,6,5,4,3,0,1,1,1,1,0,0,0,1,1,1,0,0,0,0,0,1,1,0,0,0,0,0,0,0,1,0,0,0,0,-0.04632152588555858,0.33787465940054495,1.2022160664819945,-0.0326975476839237,1.8474114441416893,1.8692098092643052,0.1362397820163488,-0.11634349030470914,-0.14958448753462603,1.2241379310344827,0.05925925925925926,-0.23703703703703705,1.1407407407407408,-0.1925925925925926,0.7555555555555555,0.6074074074074074,0.6074074074074074,0.05925925925925926,-0.36764705882352944,1.362962962962963
0,1,0,0,-0.21498353607097176,-0.37681159420289856,-0.35407709417327793,6,5,4,3,2,1,0,6,5,4,0,0,1,1,1,1,0,0,0,1,1,1,0,0,0,0,0,1,1,0,0,0,0,0,0,0,1,0,0,0,2.35149863760218,-0.043596730245231606,0.3490304709141274,1.1771117166212535,-0.027247956403269755,1.8474114441416893,1.8692098092643052,0.13850415512465375,-0.11634349030470914,-0.14367816091954022,0.9185185185185185,0.05925925925925926,-0.2222222222222222,1.1407407407407408,-0.1925925925925926,0.7555555555555555,0.6074074074074074,0.6222222222222222,0.04411764705882353,-0.35555555555555557
1,1,0,0,-0.1279015974093123,-0.37681159420289856,-0.3363410227392485,0,6,5,4,3,2,1,0,6,5,1,0,0,1,1,1,1,0,0,0,0,1,1,0,0,0,0,0,1,1,0,0,0,0,0,0,0,1,0,0,-0.1989100817438692,2.354223433242507,-0.038781163434903045,0.33787465940054495,1.1825613079019073,-0.027247956403269755,1.8474114441416893,1.9002770083102494,0.13850415512465375,-0.10919540229885058,-0.3851851851851852,0.9185185185185185,0.07407407407407407,-0.2222222222222222,1.1407407407407408,-0.1925925925925926,0.7555555555555555,0.6222222222222222,0.6029411764705882,0.05925925925925926
2,1,0,0,-0.17144256674014205,-0.43478260869565216,-0.27896221332348425,1,0,6,5,4,3,2,1,0,6,1,1,0,0,1,1,1,1,0,0,0,0,1,1,0,0,0,0,0,1,0,0,0,0,0,0,0,0,1,0,-0.11171662125340599,-0.19618528610354224,2.398891966759003,-0.043596730245231606,0.34332425068119893,1.1825613079019073,-0.027247956403269755,1.8781163434903048,1.9002770083102494,0.15517241379310345,-0.3851851851851852,-0.3851851851851852,0.9333333333333333,0.07407407407407407,-0.2222222222222222,1.1407407407407408,-0.1925925925925926,0.7703703703703704,0.6029411764705882,0.6222222222222222
3,1,0,0,1.2654094211772389,0.4927536231884058,0.5546709525718037,2,1,0,6,5,4,3,2,1,0,1,1,1,0,0,1,1,1,1,0,0,0,0,1,1,0,0,0,0,0,0,0,0,0,0,0,0,0,0,1,-0.1553133514986376,-0.10899182561307902,-0.19390581717451524,2.354223433242507,-0.03814713896457766,0.34332425068119893,1.1825613079019073,-0.027700831024930747,1.8781163434903048,1.9827586206896552,-0.4444444444444444,-0.3851851851851852,-0.37037037037037035,0.9333333333333333,0.07407407407407407,-0.2222222222222222,1.1407407407407408,-0.17777777777777778,0.75,0.6222222222222222
4,1,0,0,-0.3456064440634609,-0.3188405797101449,-0.3999402131074105,3,2,1,0,6,5,4,3,2,1,1,1,1,1,0,0,1,1,1,1,0,0,0,0,1,1,0,0,0,0,0,0,0,0,0,0,0,0,0,0,1.2833787465940054,-0.15258855585831063,-0.10526315789473684,-0.19618528610354224,2.3596730245231607,-0.03814713896457766,0.34332425068119893,1.2022160664819945,-0.027700831024930747,1.9597701149425288,0.5037037037037037,-0.4444444444444444,-0.37037037037037035,-0.37037037037037035,0.9333333333333333,0.07407407407407407,-0.2222222222222222,1.1555555555555554,-0.19117647058823528,0.7703703703703704
5,0,1,0,-0.30206547473263123,0.11594202898550725,-0.3072323677473389,4,3,2,1,0,6,5,4,3,2,1,1,1,1,1,0,0,1,1,1,0,0,0,0,0,1,1,0,0,0,0,0,0,0,0,0,0,0,0,0,-0.329700272479564,1.2861035422343323,-0.14958448753462603,-0.10899182561307902,-0.1907356948228883,2.3596730245231607,-0.03814713896457766,0.3490304709141274,1.2022160664819945,-0.017241379310344827,-0.32592592592592595,0.5037037037037037,-0.42962962962962964,-0.37037037037037035,-0.37037037037037035,0.9333333333333333,0.07407407407407407,-0.2074074074074074,1.1323529411764706,-0.17777777777777778
6,0,1,0,0.7973440008708194,0.927536231884058,0.8650257013851426,5,4,3,2,1,0,6,5,4,3,0,1,1,1,1,1,0,0,1,1,1,0,0,0,0,0,1,1,0,0,0,0,0,0,0,0,0,0,0,0,-0.28610354223433243,-0.32697547683923706,1.3130193905817173,-0.15258855585831063,-0.10354223433242507,-0.1907356948228883,2.3596730245231607,-0.038781163434903045,0.3490304709141274,1.2586206896551724,0.11851851851851852,-0.32592592592592595,0.5185185185185185,-0.42962962962962964,-0.37037037037037035,-0.37037037037037035,0.9333333333333333,0.08888888888888889,-0.22058823529411764,1.1555555555555554
0,1,0,0,-0.3673769287288758,-0.43478260869565216,-0.39011954463376863,6,5,4,3,2,1,0,6,5,4,0,0,1,1,1,1,1,0,0,1,1,1,0,0,0,0,0,1,1,0,0,0,0,0,0,0,0,0,0,0,0.8147138964577657,-0.28337874659400547,-0.3268698060941828,1.2861035422343323,-0.14713896457765668,-0.10354223433242507,-0.1907356948228883,2.398891966759003,-0.038781163434903045,0.3735632183908046,0.9481481481481482,0.11851851851851852,-0.3111111111111111,0.5185185185185185,-0.42962962962962964,-0.37037037037037035,-0.37037037037037035,0.9481481481481482,0.07352941176470588,-0.2074074074074074
1,1,0,0,1.0585898168557977,1.391304347826087,1.0454093286456687,0,6,5,4,3,2,1,0,6,5,1,0,0,1,1,1,1,1,0,0,0,1,1,0,0,0,0,0,1,1,0,0,0,0,0,0,0,0,0,0,-0.35149863760217986,0.8174386920980926,-0.28254847645429365,-0.32697547683923706,1.2915531335149864,-0.14713896457765668,-0.10354223433242507,-0.19390581717451524,2.398891966759003,-0.028735632183908046,-0.4444444444444444,0.9481481481481482,0.13333333333333333,-0.3111111111111111,0.5185185185185185,-0.42962962962962964,-0.37037037037037035,-0.35555555555555557,0.9264705882352942,0.08888888888888889
2,1,0,0,-0.5306555637194873,-0.34782608695652173,-0.5464590886014716,1,0,6,5,4,3,2,1,0,6,1,1,0,0,1,1,1,1,1,0,0,0,1,1,0,0,0,0,0,1,0,0,0,0,0,0,0,0,0,0,1.0762942779291553,-0.34877384196185285,0.8365650969529086,-0.28337874659400547,-0.3215258855585831,1.2915531335149864,-0.14713896457765668,-0.10526315789473684,-0.19390581717451524,2.5,1.4222222222222223,-0.4444444444444444,0.9629629629629629,0.13333333333333333,-0.3111111111111111,0.5185185185185185,-0.42962962962962964,-0.35555555555555557,-0.36764705882352944,0.9481481481481482
3,1,0,0,1.0041636051922604,1.1594202898550725,1.0697085309482415,2,1,0,6,5,4,3,2,1,0,1,1,1,0,0,1,1,1,1,1,0,0,0,1,1,0,0,0,0,0,0,0,0,0,0,0,0,0,0,0,-0.5149863760217984,1.0790190735694822,-0.3490304709141274,0.8174386920980926,-0.2779291553133515,-0.3215258855585831,1.2915531335149864,-0.14958448753462603,-0.10526315789473684,-0.1896551724137931,-0.35555555555555557,1.4222222222222223,-0.42962962962962964,0.9629629629629629,0.13333333333333333,-0.3111111111111111,0.5185185185185185,-0.4148148148148148,-0.36764705882352944,-0.35555555555555557
4,1,0,0,-0.06259014341306773,-0.17391304347826086,0.013153999745764366,3,2,1,0,6,5,4,3,2,1,1,1,1,1,0,0,1,1,1,1,0,0,0,0,1,1,0,0,0,0,0,0,0,0,0,0,0,0,0,0,1.021798365122616,-0.5122615803814714,1.1024930747922437,-0.34877384196185285,0.8228882833787466,-0.2779291553133515,-0.3215258855585831,1.3130193905817173,-0.14958448753462603,-0.09770114942528736,1.1851851851851851,-0.35555555555555557,1.4370370370370371,-0.42962962962962964,0.9629629629629629,0.13333333333333333,-0.3111111111111111,0.5333333333333333,-0.4264705882352941,-0.35555555555555557
5,0,1,0,-0.3782621710615832,0.2028985507246377,-0.3845026862141302,4,3,2,1,0,6,5,4,3,2,1,1,1,1,1,0,0,1,1,1,0,0,0,0,0,1,1,0,0,0,0,0,0,0,0,0,0,0,0,0,-0.04632152588555858,1.0245231607629428,-0.5152354570637119,1.0790190735694822,-0.34332425068119893,0.8228882833787466,-0.2779291553133515,-0.3268698060941828,1.3130193905817173,-0.14367816091954022,-0.17777777777777778,1.1851851851851851,-0.34074074074074073,1.4370370370370371,-0.42962962962962964,0.9629629629629629,0.13333333333333333,-0.2962962962962963,0.5147058823529411,-0.4148148148148148
6,0,1,0,2.7349171360927422,1.2463768115942029,2.308682694583235,5,4,3,2,1,0,6,5,4,3,0,1,1,1,1,1,0,0,1,1,1,0,0,0,0,0,1,1,0,0,0,0,0,0,0,0,0,0,0,0,-0.36239782016348776,-0.043596730245231606,1.0470914127423823,-0.5122615803814714,1.0844686648501363,-0.34332425068119893,0.8228882833787466,-0.28254847645429365,-0.3268698060941828,1.3735632183908046,0.2074074074074074,-0.17777777777777778,1.2,-0.34074074074074073,1.4370370370370371,-0.42962962962962964,0.9629629629629629,0.14814814814814814,-0.3088235294117647,0.5333333333333333
0,0,0,1,-0.019049174082238003,-0.11594202898550725,0.10043508921700814,6,5,4,3,2,1,0,6,5,4,0,0,1,1,1,1,1,0,0,1,1,1,0,0,0,0,0,1,1,0,0,0,0,0,0,0,0,0,0,0,2.7547683923705724,-0.35967302452316074,-0.038781163434903045,1.0245231607629428,-0.5068119891008175,1.0844686648501363,-0.34332425068119893,0.8365650969529086,-0.28254847645429365,-0.3275862068965517,1.2740740740740741,0.2074074074074074,-0.16296296296296298,1.2,-0.34074074074074073,1.4370370370370371,-0.42962962962962964,0.9777777777777777,0.1323529411764706,-0.2962962962962963
1,1,0,0,1.2980651481753611,0.5217391304347826,1.6277004475271521,0,6,5,4,3,2,1,0,6,5,0,0,0,1,1,1,1,1,0,0,0,1,1,0,0,0,0,0,1,1,1,0,0,0,0,0,0,0,0,0,-0.0027247956403269754,2.757493188010899,-0.3601108033240997,-0.043596730245231606,1.0299727520435968,-0.5068119891008175,1.0844686648501363,-0.3490304709141274,0.8365650969529086,-0.28160919540229884,-0.11851851851851852,1.2740740740740741,0.2222222222222222,-0.16296296296296298,1.2,-0.34074074074074073,1.4370370370370371,-0.4148148148148148,0.9558823529411765,0.14814814814814814
2,1,0,0,-0.3782621710615832,0.0,-0.37568093940331654,1,0,6,5,4,3,2,1,0,6,1,0,0,0,1,1,1,1,1,0,0,0,1,1,0,0,0,0,0,1,0,1,0,0,0,0,0,0,0,0,1.3160762942779292,0.0,2.8088642659279777,-0.35967302452316074,-0.03814713896457766,1.0299727520435968,-0.5068119891008175,1.1024930747922437,-0.3490304709141274,0.8793103448275862,0.5333333333333333,-0.11851851851851852,1.288888888888889,0.2222222222222222,-0.16296296296296298,1.2,-0.34074074074074073,1.451851851851852,-0.4264705882352941,0.9777777777777777
3,1,0,0,1.2218684518464091,1.855072463768116,1.1696883281374626,2,1,0,6,5,4,3,2,1,0,1,1,0,0,0,1,1,1,1,1,0,0,0,1,1,0,0,0,0,0,0,0,1,0,0,0,0,0,0,0,-0.36239782016348776,1.318801089918256,0.00554016620498615,2.757493188010899,-0.3542234332425068,-0.03814713896457766,1.0299727520435968,-0.5152354570637119,1.1024930747922437,-0.3505747126436782,0.0,0.5333333333333333,-0.1037037037037037,1.288888888888889,0.2222222222222222,-0.16296296296296298,1.2,-0.32592592592592595,1.4264705882352942,-0.4148148148148148
4,1,0,0,0.3292785805643998,-0.08695652173913043,0.4099004550005137,3,2,1,0,6,5,4,3,2,1,1,1,1,0,0,0,1,1,1,1,0,0,0,0,1,1,0,0,0,0,0,0,0,1,0,0,0,0,0,0,1.2397820163487738,-0.35967302452316074,1.3462603878116344,0.0,2.7629427792915533,-0.3542234332425068,-0.03814713896457766,1.0470914127423823,-0.5152354570637119,1.1551724137931034,1.8962962962962964,0.0,0.5481481481481482,-0.1037037037037037,1.288888888888889,0.2222222222222222,-0.16296296296296298,1.2148148148148148,-0.3382352941176471,1.451851851851852
5,0,1,0,-0.20409829373826432,0.2028985507246377,-0.1965640734308127,4,3,2,1,0,6,5,4,3,2,1,1,1,1,0,0,0,1,1,1,0,0,0,0,0,1,1,0,0,0,0,0,0,0,1,0,0,0,0,0,0.3460490463215259,1.2425068119891007,-0.3601108033240997,1.318801089918256,0.005449591280653951,2.7629427792915533,-0.3542234332425068,-0.038781163434903045,1.0470914127423823,-0.5229885057471264,-0.08888888888888889,1.8962962962962964,0.014814814814814815,0.5481481481481482,-0.1037037037037037,1.288888888888889,0.2222222222222222,-0.14814814814814814,1.1911764705882353,-0.32592592592592595
6,0,1,0,1.47222902549868,1.681159420289855,1.7198715535855484,5,4,3,2,1,0,6,5,4,3,0,1,1,1,1,0,0,0,1,1,1,0,0,0,0,0,1,1,0,0,0,0,0,0,0,1,0,0,0,0,-0.1880108991825613,0.34877384196185285,1.2686980609418284,-0.35967302452316074,1.32425068119891,0.005449591280653951,2.7629427792915533,-0.3601108033240997,-0.038781163434903045,1.0977011494252873,0.2074074074074074,-0.08888888888888889,1.9111111111111112,0.014814814814814815,0.5481481481481482,-0.1037037037037037,1.288888888888889,0.23703703703703705,-0.16176470588235295,1.2148148148148148
0,0,0,1,0.4816719732223038,1.0434782608695652,0.5111947157856742,6,5,4,3,2,1,0,6,5,4,0,0,1,1,1,1,0,0,0,1,1,1,0,0,0,0,0,1,1,0,0,0,0,0,0,0,1,0,0,0,1.4904632152588555,-0.18528610354223432,0.3601108033240997,1.2425068119891007,-0.3542234332425068,1.32425068119891,0.005449591280653951,2.8088642659279777,-0.3601108033240997,-0.028735632183908046,1.7185185185185186,0.2074074074074074,-0.07407407407407407,1.9111111111111112,0.014814814814814815,0.5481481481481482,-0.1037037037037037,1.3037037037037038,0.22058823529411764,-0.14814814814814814
1,1,0,0,1.6235338939233135,1.2753623188405796,1.9405381898051863,0,6,5,4,3,2,1,0,6,5,0,0,0,1,1,1,1,0,0,0,0,1,1,0,0,0,0,0,1,1,1,0,0,0,0,0,0,1,0,0,0.4986376021798365,1.4931880108991826,-0.18282548476454294,0.34877384196185285,1.2479564032697548,-0.3542234332425068,1.32425068119891,0.00554016620498615,2.8088642659279777,-0.3620689655172414,1.0666666666666667,1.7185185185185186,0.2222222222222222,-0.07407407407407407,1.9111111111111112,0.014814814814814815,0.5481481481481482,-0.08888888888888889,1.2794117647058822,0.23703703703703705
