DIA_SEMANA,LABORAL,FIN_DE_SEMANA,FESTIVO,PORCENTAJE_USO,NUMERO_CONEXIONES,USAGE_KB,DIA_SEMANA_lag_1,DIA_SEMANA_lag_2,DIA_SEMANA_lag_3,DIA_SEMANA_lag_4,DIA_SEMANA_lag_5,DIA_SEMANA_lag_6,DIA_SEMANA_lag_7,DIA_SEMANA_lag_8,DIA_SEMANA_lag_9,DIA_SEMANA_lag_10,LABORAL_lag_1,LABORAL_lag_2,LABORAL_lag_3,LABORAL_lag_4,LABORAL_lag_5,LABORAL_lag_6,LABORAL_lag_7,LABORAL_lag_8,LABORAL_lag_9,LABORAL_lag_10,FIN_DE_SEMANA_lag_1,FIN_DE_SEMANA_lag_2,FIN_DE_SEMANA_lag_3,FIN_DE_SEMANA_lag_4,FIN_DE_SEMANA_lag_5,FIN_DE_SEMANA_lag_6,FIN_DE_SEMANA_lag_7,FIN_DE_SEMANA_lag_8,FIN_DE_SEMANA_lag_9,FIN_DE_SEMANA_lag_10,FESTIVO_lag_1,FESTIVO_lag_2,FESTIVO_lag_3,FESTIVO_lag_4,FESTIVO_lag_5,FESTIVO_lag_6,FESTIVO_lag_7,FESTIVO_lag_8,FESTIVO_lag_9,FESTIVO_lag_10,PORCENTAJE_USO_lag_1,PORCENTAJE_USO_lag_2,PORCENTAJE_USO_lag_3,PORCENTAJE_USO_lag_4,PORCENTAJE_USO_lag_5,PORCENTAJE_USO_lag_6,PORCENTAJE_USO_lag_7,PORCENTAJE_USO_lag_8,PORCENTAJE_USO_lag_9,PORCENTAJE_USO_lag_10,NUMERO_CONEXIONES_lag_1,NUMERO_CONEXIONES_lag_2,NUMERO_CONEXIONES_lag_3,NUMERO_CONEXIONES_lag_4,NUMERO_CONEXIONES_lag_5,NUMERO_CONEXIONES_lag_6,NUMERO_CONEXIONES_lag_7,NUMERO_CONEXIONES_lag_8,NUMERO_CONEXIONES_lag_9,NUMERO_CONEXIONES_lag_10
0,1,0,0,3461.6616517398847,0.3076923076923077,-1.4633089791248837,6,5,4,3,2,1,0,6,5,4,0,0,1,1,1,1,1,0,0,1,1,1,0,0,0,0,0,1,1,0,0,0,0,0,0,0,0,0,0,0,3898.45996592845,456.87168574999157,494227.2671283042,0.08432490084324905,1.1383799421407905,0.7047988366456618,4.872768532526475,1.498149173686205,1.5125884016973128,0.6604815864022662,0.15384615384615385,0.15384615384615385,0.07692307692307693,0.5,0.9166666666666666,0.4166666666666667,0.75,0.75,-0.16666666666666666,0.16666666666666666
1,1,0,0,-0.7421501646075966,0.7692307692307693,-1.4630256486013622,0,6,5,4,3,2,1,0,6,5,1,0,0,1,1,1,1,1,0,0,0,1,1,0,0,0,0,0,1,1,0,0,0,0,0,0,0,0,0,0,3331.8040885860305,3864.618164623231,450.31626606298687,494803.796287038,0.07168113146898107,1.1412182905154307,0.659909228441755,4.6881284794077365,1.4413012729844412,1.514730878186969,0.3076923076923077,0.15384615384615385,0.15384615384615385,0.08333333333333333,0.5,0.9166666666666666,0.4166666666666667,0.75,0.75,-0.16666666666666666
2,1,0,0,-0.7440971361818117,0.6153846153846154,-1.4639365350904148,1,0,6,5,4,3,2,1,0,6,1,1,0,0,1,1,1,1,1,0,0,0,1,1,0,0,0,0,0,1,0,0,0,0,0,0,0,0,0,0,-0.7153321976149914,3302.881075421353,3809.166722151941,450.8299170082992,477196.9784635165,0.06883179835191473,1.0685325264750378,0.6298638841120406,4.537340876944837,1.4433427762039661,0.7692307692307693,0.3076923076923077,0.15384615384615385,0.16666666666666666,0.08333333333333333,0.5,0.9166666666666666,0.4166666666666667,0.75,0.75
3,1,0,0,-0.7449821232610003,-0.07692307692307693,-1.4643911325721843,2,1,0,6,5,4,3,2,1,0,1,1,1,0,0,1,1,1,1,1,0,0,0,1,1,0,0,0,0,0,0,0,0,0,0,0,0,0,0,0,-0.717206132879046,-0.7108116323842334,3255.489713030162,3813.598640135987,434.778206364513,479741.40895136533,0.06444780635400911,1.0234923780932117,0.5985855728429986,4.543767705382437,0.6153846153846154,0.7692307692307693,0.3076923076923077,0.16666666666666666,0.16666666666666666,0.08333333333333333,0.5,0.9166666666666666,0.4166666666666667,0.75
4,1,0,0,-0.7428581542709476,1.3076923076923077,-1.4636558828156232,3,2,1,0,6,5,4,3,2,1,1,1,1,1,0,0,1,1,1,1,0,0,0,0,1,1,0,0,0,0,0,0,0,0,0,0,0,0,0,0,-0.7180579216354344,-0.7126693011787754,-0.7006125574272588,3259.2757390927577,3677.888138862102,437.09322992405885,449186.01815431163,0.05625346119094119,0.9806223479490805,0.5994334277620397,-0.07692307692307693,0.6153846153846154,0.7692307692307693,0.3333333333333333,0.16666666666666666,0.16666666666666666,0.08333333333333333,0.5,0.9166666666666666,0.4166666666666667
5,0,1,0,2.1512265920917555,0.7692307692307693,-0.12186651946635753,4,3,2,1,0,6,5,4,3,2,1,1,1,1,1,0,0,1,1,1,0,0,0,0,0,1,1,0,0,0,0,0,0,0,0,0,0,0,0,0,-0.7160136286201022,-0.7135136960853852,-0.7024435714761302,-0.7130953571309536,3143.28993892639,3697.4955566327358,409.2541603630862,432702.72231775924,0.0418670438472419,0.9820113314447592,1.3076923076923077,-0.07692307692307693,0.6153846153846154,0.8333333333333334,0.3333333333333333,0.16666666666666666,0.16666666666666666,0.08333333333333333,0.5,0.9166666666666666
6,0,1,0,1.186236680944458,2.230769230769231,-0.6516344083353867,5,4,3,2,1,0,6,5,4,3,0,1,1,1,1,1,0,0,1,1,1,0,0,0,0,0,1,1,0,0,0,0,0,0,0,0,0,0,0,0,2.0695059625212946,-0.7114871483095214,-0.7032758505892536,-0.7149285071492851,-0.6973641915782706,3160.0468573275166,3461.996974281392,394.23037686904314,419960.31824611034,0.04192634560906519,0.7692307692307693,1.3076923076923077,-0.07692307692307693,0.6666666666666666,0.8333333333333334,0.3333333333333333,0.16666666666666666,0.16666666666666666,0.08333333333333333,0.5
0,1,0,0,-0.26319515735070265,2.6153846153846154,-1.3668975223098119,6,5,4,3,2,1,0,6,5,4,0,0,1,1,1,1,1,0,0,1,1,1,0,0,0,0,0,1,1,0,0,0,0,0,0,0,0,0,0,0,1.1407155025553661,2.04985307528625,-0.7012783807177575,-0.7157617571576176,-0.6991321118611379,-0.7043141056713524,2958.7791225416036,3334.950013116092,382.60820367751063,420555.1628895184,2.230769230769231,0.7692307692307693,1.3076923076923077,-0.08333333333333333,0.6666666666666666,0.8333333333333334,0.3333333333333333,0.16666666666666666,0.16666666666666666,0.08333333333333333
1,1,0,0,-0.7402031930333817,0.6923076923076923,-1.4624667403795897,0,6,5,4,3,2,1,0,6,5,1,0,0,1,1,1,1,1,0,0,0,1,1,0,0,0,0,0,1,1,0,0,0,0,0,0,0,0,0,0,-0.25434412265758094,1.1291248691187894,2.02044077501831,-0.7137619571376197,-0.6999357119897138,-0.706091452577153,-0.6594553706505295,2850.198198723367,3236.7284299858557,383.1501416430595,2.6153846153846154,2.230769230769231,0.7692307692307693,1.4166666666666667,-0.08333333333333333,0.6666666666666666,0.8333333333333334,0.3333333333333333,0.16666666666666666,0.16666666666666666
2,1,0,0,-0.7368402421324648,1.6153846153846154,-1.4619542081489805,1,0,6,5,4,3,2,1,0,6,1,1,0,0,1,1,1,1,1,0,0,0,1,1,0,0,0,0,0,1,0,0,0,0,0,0,0,0,0,0,-0.713458262350937,-0.253825108926943,1.1129236300685796,2.0111322201113224,-0.6980070716811314,-0.7068993375343351,-0.6611195158850227,-0.6410854294791454,2766.251768033946,3241.313031161473,0.6923076923076923,2.6153846153846154,2.230769230769231,0.8333333333333334,1.4166666666666667,-0.08333333333333333,0.6666666666666666,0.8333333333333334,0.3333333333333333,0.16666666666666666
3,1,0,0,-0.13080109030408152,1.3846153846153846,-1.27517553806017,2,1,0,6,5,4,3,2,1,0,1,1,1,0,0,1,1,1,1,1,0,0,0,1,1,0,0,0,0,0,0,0,0,0,0,0,0,0,0,0,-0.710221465076661,-0.7089539635896916,-0.25018310140488714,1.1025564110255641,1.9299260687881707,-0.7049604136370982,-0.6618759455370651,-0.6426885073887318,-0.6349363507779349,2770.169971671388,1.6153846153846154,0.6923076923076923,2.6153846153846154,2.4166666666666665,0.8333333333333334,1.4166666666666667,-0.08333333333333333,0.6666666666666666,0.8333333333333334,0.3333333333333333
4,1,0,0,0.9232185210095932,1.1538461538461537,-1.0181528879697015,3,2,1,0,6,5,4,3,2,1,1,1,1,1,0,0,1,1,1,1,0,0,0,0,1,1,0,0,0,0,0,0,0,0,0,0,0,0,0,0,-0.12691652470187392,-0.7057452629445738,-0.6987815433783874,-0.26214045262140456,1.053680488588878,1.9369849733397964,-0.6600605143721634,-0.6434171791658166,-0.6364922206506365,-0.6358356940509915,1.3846153846153846,1.6153846153846154,0.6923076923076923,2.8333333333333335,2.4166666666666665,0.8333333333333334,1.4166666666666667,-0.08333333333333333,0.6666666666666666,0.8333333333333334
5,0,1,0,2.713724379624057,1.8461538461538463,0.13679564172813014,4,3,2,1,0,6,5,4,3,2,1,1,1,1,1,0,0,1,1,1,0,0,0,0,0,1,1,0,0,0,0,0,0,0,0,0,0,0,0,0,0.8875638841567292,-0.12750363089809844,-0.6956188827485185,-0.7112622071126221,-0.26245580199292834,1.0560672160284374,1.8136157337367624,-0.6416683669008133,-0.6371994342291372,-0.6373937677053825,1.1538461538461537,1.3846153846153846,1.6153846153846154,0.75,2.8333333333333335,2.4166666666666665,0.8333333333333334,1.4166666666666667,-0.08333333333333333,0.6666666666666666
6,0,1,0,3.3673758363127897,2.6153846153846154,0.46704809627261074,5,4,3,2,1,0,6,5,4,3,0,1,1,1,1,1,0,0,1,1,1,0,0,0,0,0,1,1,0,0,0,0,0,0,0,0,0,0,0,0,2.6109028960817717,0.8781707028743203,-0.12567414608162994,-0.7080958570809586,-0.6955962712954034,-0.2670867668444014,0.988804841149773,1.7412340785216707,-0.6355021216407355,-0.6381019830028328,1.8461538461538463,1.1538461538461537,1.3846153846153846,1.75,0.75,2.8333333333333335,2.4166666666666665,0.8333333333333334,1.4166666666666667,-0.08333333333333333
0,0,0,1,-0.7095826400934546,2.3846153846153846,-1.4514240389456834,6,5,4,3,2,1,0,6,5,4,0,0,1,1,1,1,1,0,0,1,1,1,0,0,0,0,0,1,1,0,0,0,0,0,0,0,0,0,0,0,3.2400340715502556,2.586550477927517,0.8655702776483122,-0.13748625137486253,-0.6925425908068145,-0.7025367587655519,-0.25007564296520424,0.9466903727884811,1.6772277227722772,-0.6364022662889519,2.6153846153846154,1.8461538461538463,1.1538461538461537,1.5,1.75,0.75,2.8333333333333335,2.4166666666666665,0.8333333333333334,1.4166666666666667
1,1,0,0,1.40523558356048,2.6153846153846154,-0.2317026275593486,0,6,5,4,3,2,1,0,6,5,0,0,0,1,1,1,1,1,0,0,0,1,1,0,0,0,0,0,1,1,1,0,0,0,0,0,0,0,0,0,-0.6839863713798978,3.210220555949607,2.5494373793195284,0.8549145085491452,-0.14223722275795564,-0.6994667959282598,-0.6577912254160363,-0.2467282637208896,0.9060820367751059,1.6796033994334276,2.3846153846153846,2.6153846153846154,1.8461538461538463,1.25,1.5,1.75,0.75,2.8333333333333335,2.4166666666666665,0.8333333333333334
2,1,0,0,4.247530886049064,1.6923076923076923,2.2272726631997912,1,0,6,5,4,3,2,1,0,6,1,0,0,0,1,1,1,1,1,0,0,0,1,1,0,0,0,0,0,1,0,1,0,0,0,0,0,0,0,0,1.3514991482112435,-0.6797378998209883,3.164158732272455,2.5407459254074594,0.8148505303760848,-0.14622717724995962,-0.6549167927382753,-0.6394823515695591,-0.2521923620933522,0.9073654390934843,2.6153846153846154,2.3846153846153846,2.6153846153846154,2.0,1.25,1.5,1.75,0.75,2.8333333333333335,2.4166666666666665
3,1,0,0,1.6940599667244858,2.0,0.16893039767200982,2,1,0,6,5,4,3,2,1,0,1,1,0,0,0,1,1,1,1,1,0,0,0,1,1,0,0,0,0,0,0,0,1,0,0,0,0,0,0,0,4.087172061328791,1.338078832708481,-0.6699846860643185,3.1561843815618444,2.4406943105110894,0.8159638067539182,-0.13691376701966718,-0.636713398816637,-0.6333804809052334,-0.25254957507082154,1.6923076923076923,2.6153846153846154,2.3846153846153846,2.8333333333333335,2.0,1.25,1.5,1.75,0.75,2.8333333333333335
4,1,0,0,0.7836383588799604,1.4615384615384615,-0.49825871544424816,3,2,1,0,6,5,4,3,2,1,1,1,1,0,0,0,1,1,1,1,0,0,0,0,1,1,0,0,0,0,0,0,0,1,0,0,0,0,0,0,1.629488926746167,4.05000506636944,1.3188794194020905,-0.6824317568243177,3.0342333654773386,2.4504766521247374,0.7639939485627837,-0.13771896586901397,-0.6306930693069307,-0.6342776203966006,2.0,1.6923076923076923,2.6153846153846154,2.5833333333333335,2.8333333333333335,2.0,1.25,1.5,1.75,0.75
5,0,1,0,1.0708343658182593,2.4615384615384617,-0.23216568266868598,4,3,2,1,0,6,5,4,3,2,1,1,1,1,0,0,0,1,1,1,0,0,0,0,0,1,1,0,0,0,0,0,0,0,1,0,0,0,0,0,0.7532197614991482,1.6136555544296958,3.9918936014381785,1.3087524580875245,-0.667791706846673,3.0471804814994345,2.2944024205748863,0.7301291206388995,-0.1463932107496464,-0.6315864022662889,1.4615384615384615,2.0,1.6923076923076923,2.8333333333333335,2.5833333333333335,2.8333333333333335,2.0,1.25,1.5,1.75
6,0,1,0,1.4604587773018514,2.4615384615384617,0.014262520248970002,5,4,3,2,1,0,6,5,4,3,0,1,1,1,1,0,0,0,1,1,1,0,0,0,0,0,1,1,0,0,0,0,0,0,0,1,0,0,0,0,1.029642248722317,0.7449927382038032,1.590502030761036,3.9848848448488488,1.2525393764063,-0.6745839392470513,2.853101361573374,2.204377860036725,0.695898161244696,-0.14660056657223797,2.4615384615384617,1.4615384615384615,2.0,1.8333333333333333,2.8333333333333335,2.5833333333333335,2.8333333333333335,2.0,1.25,1.5
0,1,0,0,0.7988955361251726,2.8461538461538463,-0.37946217382454484,6,5,4,3,2,1,0,6,5,4,0,0,1,1,1,1,0,0,0,1,1,1,0,0,0,0,0,1,1,0,0,0,0,0,0,0,1,0,0,0,1.4046507666098806,1.0190157732968557,0.7343032159264931,1.5806919308069194,3.833445837351334,1.2559864275327193,-0.6316187594553706,2.742574834591507,2.1267326732673264,0.6968838526912181,2.4615384615384617,2.4615384615384617,1.4615384615384615,2.1666666666666665,1.8333333333333333,2.8333333333333335,2.5833333333333335,2.8333333333333335,2.0,1.25
1,1,0,0,3.593631632978158,1.3076923076923077,0.4552824086421166,0,6,5,4,3,2,1,0,6,5,1,0,0,1,1,1,1,0,0,0,0,1,1,0,0,0,0,0,1,1,0,0,0,0,0,0,0,1,0,0,0.7679045996592845,1.3907690748809403,1.0043944337172916,0.7234943172349432,1.5148023143683702,3.8506543868153176,1.1759909228441754,-0.6142703080824274,2.6490806223479493,2.129745042492918,2.8461538461538463,2.4615384615384617,2.4615384615384617,1.5833333333333333,2.1666666666666665,1.8333333333333333,2.8333333333333335,2.5833333333333335,2.8333333333333335,2.0
2,1,0,0,3.320223724733619,0.7692307692307693,0.41563164099964645,1,0,6,5,4,3,2,1,0,6,1,1,0,0,1,1,1,1,0,0,0,0,1,1,0,0,0,0,0,1,0,0,0,0,0,0,0,0,1,0,3.457802385008518,0.7595501063937582,1.3708136360609895,0.9939006099390063,0.6881067180970748,1.5196477621586686,3.6054009077155826,1.1270074907458685,-0.6089108910891089,2.6528328611898018,1.3076923076923077,2.8461538461538463,2.4615384615384617,2.6666666666666665,1.5833333333333333,2.1666666666666665,1.8333333333333333,2.8333333333333335,2.5833333333333335,2.8333333333333335
3,1,0,0,1.3084179970972425,1.5384615384615385,-0.33506301214458933,2,1,0,6,5,4,3,2,1,0,1,1,1,0,0,1,1,1,1,0,0,0,0,1,1,0,0,0,0,0,0,0,0,0,0,0,0,0,0,1,3.194650766609881,3.4260985577734995,0.7486517078367402,1.3607472586074727,0.9488910318225652,0.6885441913071578,1.4228593040847202,3.4672680637733544,1.081089108910891,-0.6097733711048159,0.7692307692307693,1.3076923076923077,2.8461538461538463,2.6666666666666665,2.6666666666666665,1.5833333333333333,2.1666666666666665,1.8333333333333333,2.8333333333333335,2.5833333333333335
4,1,0,0,2.2646819356437393,1.3076923076923077,0.3042958545784239,3,2,1,0,6,5,4,3,2,1,1,1,1,1,0,0,1,1,1,1,0,0,0,0,1,1,0,0,0,0,0,0,0,0,0,0,0,0,0,0,1.2583134582623512,3.1652311953254304,3.3769392103335774,0.7378595473785955,1.3026840244294438,0.9507190176118923,0.6446898638426626,1.364816811915241,3.3524328147100424,1.0826203966005665,1.5384615384615385,0.7692307692307693,1.3076923076923077,3.0833333333333335,2.6666666666666665,2.6666666666666665,1.5833333333333333,2.1666666666666665,1.8333333333333333,2.8333333333333335
5,0,1,0,2.513805798435343,1.2307692307692308,0.18143640963560592,4,3,2,1,0,6,5,4,3,2,1,1,1,1,1,0,0,1,1,1,0,0,0,0,0,1,1,0,0,0,0,0,0,0,0,0,0,0,0,0,2.1787052810902896,1.2457020299253556,3.119814901125242,3.3692130786921313,0.7019607843137254,1.3063984488608822,0.8901664145234495,0.6152030079570958,1.311895332390382,3.3571813031161475,1.3076923076923077,1.5384615384615385,0.7692307692307693,1.4166666666666667,3.0833333333333335,2.6666666666666665,2.6666666666666665,1.5833333333333333,2.1666666666666665,1.8333333333333333
6,0,1,0,1.210485326914227,2.3076923076923075,-0.36720495707190165,5,4,3,2,1,0,6,5,4,3,0,1,1,1,1,1,0,0,1,1,1,0,0,0,0,0,1,1,0,0,0,0,0,0,0,0,0,0,0,0,2.418483816013629,2.158104502313642,1.2278280844263934,3.111788821117889,3.2396817743490836,0.7024721279689772,1.2231921331316187,0.8516715730566325,0.5843564356435643,1.3137535410764873,1.2307692307692308,1.3076923076923077,1.5384615384615385,0.8333333333333334,1.4166666666666667,3.0833333333333335,2.6666666666666665,2.6666666666666665,1.5833333333333333,2.1666666666666665
0,1,0,0,0.9677864703175333,1.4615384615384615,-0.597006168993548,6,5,4,3,2,1,0,6,5,4,0,0,1,1,1,1,1,0,0,1,1,1,0,0,0,0,0,1,1,0,0,0,0,0,0,0,0,0,0,0,1.1640545144804089,2.3958016685243355,2.127138957320727,1.2175949071759493,2.9914175506268084,3.2537243496526096,0.6577307110438729,1.1724766096359556,0.813861386138614,0.5851841359773371,2.3076923076923075,1.2307692307692308,1.3076923076923077,1.6666666666666667,0.8333333333333334,1.4166666666666667,3.0833333333333335,2.6666666666666665,2.6666666666666665,1.5833333333333333
1,1,0,0,3.1755814365110266,2.0,0.2808848595498174,0,6,5,4,3,2,1,0,6,5,1,0,0,1,1,1,1,1,0,0,0,1,1,0,0,0,0,0,1,1,0,0,0,0,0,0,0,0,0,0,0.9304599659284497,1.1522612895599014,2.361425527664958,2.117954871179549,1.1646255223400837,3.0041363709807727,3.0464901664145234,0.6277653093940366,1.1252192362093352,0.8150141643059491,1.4615384615384615,2.3076923076923075,1.2307692307692308,1.4166666666666667,1.6666666666666667,0.8333333333333334,1.4166666666666667,3.0833333333333335,2.6666666666666665,2.6666666666666665
2,1,0,0,1.9478034620694533,0.7692307692307693,-0.11725091018168675,1,0,6,5,4,3,2,1,0,6,1,1,0,0,1,1,1,1,1,0,0,0,1,1,0,0,0,0,0,1,0,0,0,0,0,0,0,0,0,0,3.055434412265758,0.9206944303711959,1.1357280777681602,2.352514748525148,2.032947605271617,1.1676038132169981,2.812798789712557,2.928867061120989,0.5965487977369165,1.126813031161473,2.0,1.4615384615384615,2.3076923076923075,1.3333333333333333,1.4166666666666667,1.6666666666666667,0.8333333333333334,1.4166666666666667,3.0833333333333335,2.6666666666666665
3,1,0,0,3.470140535948175,0.0,0.05455155685189059,2,1,0,6,5,4,3,2,1,0,1,1,1,0,0,1,1,1,1,1,0,0,0,1,1,0,0,0,0,0,0,0,0,0,0,0,0,0,0,0,1.8737137989778534,3.0272232917891038,0.9074838537852054,1.1253874612538746,2.2591610414657666,2.0405558248505415,1.0932375189107415,2.7037512023084327,2.8298868458274398,0.5973937677053824,0.7692307692307693,2.0,1.4615384615384615,2.5,1.3333333333333333,1.4166666666666667,1.6666666666666667,0.8333333333333334,1.4166666666666667,3.0833333333333335
4,1,0,0,3.8621367128039923,0.8461538461538461,0.7217826761850686,3,2,1,0,6,5,4,3,2,1,1,1,1,1,0,0,1,1,1,1,0,0,0,0,1,1,0,0,0,0,0,0,0,0,0,0,0,0,0,0,3.3389437819420786,1.8557604620528927,2.9837872028763566,0.8968769789687698,1.075699132111861,2.267975440297302,1.9105900151285933,1.0472907983327993,2.6114002828854317,2.833895184135977,0.0,0.7692307692307693,2.0,1.5833333333333333,2.5,1.3333333333333333,1.4166666666666667,1.6666666666666667,0.8333333333333334,1.4166666666666667
5,0,1,0,2.8936953520478603,1.4615384615384615,0.6153482258998493,4,3,2,1,0,6,5,4,3,2,1,1,1,1,1,0,0,1,1,1,0,0,0,0,0,1,1,0,0,0,0,0,0,0,0,0,0,0,0,0,3.716235093696763,3.308271692505151,1.8291330980757705,2.975602439756025,0.8553198328511731,1.078203263855227,2.1235249621785175,1.8346498003439333,1.0037199434229138,2.6150991501416434,0.8461538461538461,0.0,0.7692307692307693,2.1666666666666665,1.5833333333333333,2.5,1.3333333333333333,1.4166666666666667,1.6666666666666667,0.8333333333333334
6,0,1,0,2.547789302276186,2.0,0.578065312055446,5,4,3,2,1,0,6,5,4,3,0,1,1,1,1,1,0,0,1,1,1,0,0,0,0,0,1,1,0,0,0,0,0,0,0,0,0,0,0,0,2.7841226575809204,3.68228797243895,3.2608029828883414,1.8196013731960137,2.860077145612343,0.8566488931976086,1.0095310136157336,2.0397709055932847,1.767892503536068,1.0051416430594902,1.4615384615384615,0.8461538461538461,0.0,0.8333333333333334,2.1666666666666665,1.5833333333333333,2.5,1.3333333333333333,1.4166666666666667,1.6666666666666667
0,0,0,1,4.211777408049842,1.7692307692307692,1.1197092605947292,6,5,4,3,2,1,0,6,5,4,0,0,1,1,1,1,1,0,0,1,1,1,0,0,0,0,0,1,1,0,0,0,0,0,0,0,0,0,0,0,2.4511925042589437,2.7582666261357116,3.62945269325521,3.2529413725294143,1.7452105432336866,2.8720956535789304,0.8020877458396368,0.9666559794806028,1.966973125884017,1.7703966005665723,2.0,1.4615384615384615,0.8461538461538461,0.0,0.8333333333333334,2.1666666666666665,1.5833333333333333,2.5,1.3333333333333333,1.4166666666666667
1,1,0,0,2.455998442422741,0.46153846153846156,0.3073976894889168,0,6,5,4,3,2,1,0,6,5,0,0,0,1,1,1,1,1,0,0,0,1,1,0,0,0,0,0,1,1,1,0,0,0,0,0,0,0,0,0,4.052759795570698,2.4282264329381564,2.718689659764299,3.6220211312202113,3.1275474124075857,1.7512845370819194,2.6891679273827536,0.7668250313328864,0.9254596888260254,1.969759206798867,1.7692307692307692,2.0,1.4615384615384615,0.9166666666666666,0.0,0.8333333333333334,2.1666666666666665,1.5833333333333333,2.5,1.3333333333333333
2,1,0,0,2.555984282629473,0.3076923076923077,0.35666717600379355,1,0,6,5,4,3,2,1,0,6,1,0,0,0,1,1,1,1,1,0,0,0,1,1,0,0,0,0,0,1,0,1,0,0,0,0,0,0,0,0,2.3628449744463373,4.015891512142399,2.393385045608895,2.710195647101957,3.483494053359048,3.14099208272742,1.6397428139183055,2.584657087061704,0.7315134370579914,0.926770538243626,0.46153846153846156,1.7692307692307692,2.0,1.5833333333333333,0.9166666666666666,0.0,0.8333333333333334,2.1666666666666665,1.5833333333333333,2.5
3,1,0,0,3.364012885411873,0.38461538461538464,0.6040443247345574,2,1,0,6,5,4,3,2,1,0,1,1,0,0,0,1,1,1,1,1,0,0,0,1,1,0,0,0,0,0,0,0,1,0,0,0,0,0,0,0,2.4590800681431007,2.340645793224575,3.9582695252679936,2.3845115488451154,2.604114432658309,3.4988366456616578,2.9409379727685327,1.5737415838409747,2.495813295615276,0.7325495750708214,0.3076923076923077,0.46153846153846156,1.7692307692307692,2.1666666666666665,1.5833333333333333,0.9166666666666666,0.0,0.8333333333333334,2.1666666666666665,1.5833333333333333
4,1,0,0,2.5925165492583804,0.3076923076923077,0.21603600017366328,3,2,1,0,6,5,4,3,2,1,1,1,1,0,0,0,1,1,1,1,0,0,0,0,1,1,0,0,0,0,0,0,0,1,0,0,0,0,0,0,3.2367972742759794,2.4360455297733643,2.3070610559957387,3.9512215445122156,2.2900192864030857,2.6147681370172893,3.275990922844175,2.8271882013465857,1.5146676096181044,2.4993484419263456,0.38461538461538464,0.3076923076923077,0.46153846153846156,1.9166666666666667,2.1666666666666665,1.5833333333333333,0.9166666666666666,0.0,0.8333333333333334,2.1666666666666665
5,0,1,0,1.7481857764876632,1.1538461538461537,0.04322933082686842,4,3,2,1,0,6,5,4,3,2,1,1,1,1,0,0,0,1,1,1,0,0,0,0,0,1,1,0,0,0,0,0,0,0,1,0,0,0,0,0,2.4942419080068143,3.207011855304489,2.401091950196418,2.2980868579808686,3.800980392156862,2.2989982226530943,2.448229954614221,3.1499460782884956,2.731202263083451,1.516813031161473,0.3076923076923077,0.38461538461538464,0.3076923076923077,0.5,1.9166666666666667,2.1666666666666665,1.5833333333333333,0.9166666666666666,0.0,0.8333333333333334
6,0,1,0,-0.5279478919607773,-1.9230769230769231,-1.3633694229699016,5,4,3,2,1,0,6,5,4,3,0,1,1,1,1,0,0,0,1,1,1,0,0,0,0,0,1,1,0,0,0,0,0,0,0,1,0,0,0,0,1.6815843270868822,2.470902151518222,3.160996071642586,2.3922274439222746,2.2066698810671808,3.8180158345451605,2.152571860816944,2.3525605526246762,3.0444554455445543,2.735070821529745,1.1538461538461537,0.3076923076923077,0.38461538461538464,0.3333333333333333,0.5,1.9166666666666667,2.1666666666666665,1.5833333333333333,0.9166666666666666,0.0
0,0,0,1,2.404509894155545,0.0,-0.2792023555056618,6,5,4,3,2,1,0,6,5,4,0,0,1,1,1,1,0,0,0,1,1,1,0,0,0,0,0,1,1,0,0,0,0,0,0,0,1,0,0,0,-0.5091652470187393,1.6652987469179585,2.435448431986151,3.1530180315301806,2.2974606235937,2.215204394894167,3.574841149773071,2.067751901833338,2.2705516265912307,3.0487677053824362,-1.9230769230769231,1.1538461538461537,0.3076923076923077,0.4166666666666667,0.3333333333333333,0.5,1.9166666666666667,2.1666666666666665,1.5833333333333333,0.9166666666666666
1,1,0,0,2.9789550072568933,0.6923076923076923,0.38510538485870405,0,6,5,4,3,2,1,0,6,5,0,0,0,1,1,1,1,0,0,0,0,1,1,0,0,0,0,0,1,1,1,0,0,0,0,0,0,1,0,0,2.3132879045996595,-0.5064342891883676,1.6414042213196616,2.42662400426624,3.0311796849887496,2.3064792373566005,2.0741149773071106,3.4378297239791307,1.994130127298444,2.2737677053824363,0.0,-1.9230769230769231,1.1538461538461537,0.3333333333333333,0.4166666666666667,0.3333333333333333,0.5,1.9166666666666667,2.1666666666666665,1.5833333333333333
2,1,0,0,2.957998513221707,1.2307692307692308,0.5536193853334589,1,0,6,5,4,3,2,1,0,6,1,0,0,0,1,1,1,1,0,0,0,0,1,1,0,0,0,0,0,1,0,1,0,0,0,0,0,0,1,0,2.8661839863713796,2.29151889755801,-0.4991677208868766,1.631653501316535,2.3306332369013174,3.0441105186621424,2.1595763993948562,1.9921740651141102,3.3238613861386135,1.996954674220963,0.6923076923076923,0.0,-1.9230769230769231,1.25,0.3333333333333333,0.4166666666666667,0.3333333333333333,0.5,1.9166666666666667,2.1666666666666665
3,1,0,0,4.590056285178236,0.7692307692307693,1.0935427705045313,2,1,0,6,5,4,3,2,1,0,1,1,0,0,0,1,1,1,1,0,0,0,0,1,1,0,0,0,0,0,0,0,1,0,0,0,0,0,0,1,2.8460136286201023,2.839615631438511,2.258639057194221,-0.5114155251141553,1.5639504982320795,2.3398287283890773,2.8502269288956126,2.0744994024891428,1.9207779349363507,3.3285694050991497,1.2307692307692308,0.6923076923076923,0.0,-2.0833333333333335,1.25,0.3333333333333333,0.4166666666666667,0.3333333333333333,0.5,1.9166666666666667
4,1,0,0,7.33448971645014,1.4615384615384615,2.8475319515073467,3,2,1,0,6,5,4,3,2,1,1,1,1,0,0,0,1,1,1,1,0,0,0,0,1,1,0,0,0,0,0,0,0,1,0,0,0,0,0,0,4.416848381601363,2.8196203600499885,2.7988714295226043,2.249608372496084,-0.5028608164577306,1.5690580061399255,2.190801815431165,2.739805881838585,2.0006789250353605,1.9234985835694052,0.7692307692307693,1.2307692307692308,0.6923076923076923,0.0,-2.0833333333333335,1.25,0.3333333333333333,0.4166666666666667,0.3333333333333333,0.5
5,0,1,0,2.833994123685794,1.7692307692307692,0.24890713355777996,4,3,2,1,0,6,5,4,3,2,1,1,1,1,0,0,0,1,1,1,0,0,0,0,0,1,1,0,0,0,0,0,0,0,1,0,0,0,0,0,7.058330494037478,4.376819671023744,2.7791630601238433,2.7904709529047094,2.159916425586628,-0.5087736306349976,1.4691225416036306,2.1045789734472002,2.6463932107496464,2.0035127478753543,1.4615384615384615,0.7692307692307693,1.2307692307692308,0.75,0.0,-2.0833333333333335,1.25,0.3333333333333333,0.4166666666666667,0.3333333333333333
6,0,1,0,0.8380827639916457,2.3846153846153846,-0.8457207505637009,5,4,3,2,1,0,6,5,4,3,0,1,1,1,1,0,0,0,1,1,1,0,0,0,0,0,1,1,0,0,0,0,0,0,0,1,0,0,0,0,2.7266609880749573,6.995372715911778,4.31401890938145,2.7707395927073963,2.6815332690453224,2.168201648085313,-0.4763691376701967,1.409382377801743,2.0298727015558695,2.65014164305949,1.7692307692307692,1.4615384615384615,0.7692307692307693,1.3333333333333333,0.75,0.0,-2.0833333333333335,1.25,0.3333333333333333,0.4166666666666667
0,1,0,0,2.0176112428758537,1.7692307692307692,-0.08447069629392398,6,5,4,3,2,1,0,6,5,4,0,0,1,1,1,1,0,0,0,1,1,1,0,0,0,0,0,1,1,0,0,0,0,0,0,0,1,0,0,0,0.8056218057921635,2.701303745735806,6.894999667088355,4.30738592807386,2.662504018000643,2.6925997737922116,2.0301059001512862,-0.4647177125535574,1.355148514851485,2.0327478753541075,2.3846153846153846,1.7692307692307692,1.4615384615384615,0.8333333333333334,1.3333333333333333,0.75,0.0,-2.0833333333333335,1.25,0.3333333333333333
1,1,0,0,1.6648376933696767,0.3076923076923077,-0.13616907248581514,0,6,5,4,3,2,1,0,6,5,1,0,0,1,1,1,1,0,0,0,0,1,1,0,0,0,0,0,1,1,0,0,0,0,0,0,0,1,0,0,1.9409028960817716,0.7969399128584456,2.6625441107929957,6.891377528913775,4.144471231115396,2.67346905800614,2.5211043872919814,1.9497799411233208,-0.46376237623762373,1.357067988668555,1.7692307692307692,2.3846153846153846,1.7692307692307692,1.5833333333333333,0.8333333333333334,1.3333333333333333,0.75,0.0,-2.0833333333333335,1.25
2,1,0,0,3.2524691139509363,0.23076923076923078,1.8426275142412352,1,0,6,5,4,3,2,1,0,6,1,1,0,0,1,1,1,1,0,0,0,0,1,1,0,0,0,0,0,1,0,0,0,0,0,0,0,0,1,0,1.6013628620102214,1.9223663322862836,0.7855050269658432,2.6539846015398463,6.636515589842493,4.163338180643077,2.503192133131619,2.4227607916290186,1.8796322489391797,-0.46441926345609064,0.3076923076923077,1.7692307692307692,2.3846153846153846,1.9166666666666667,1.5833333333333333,0.8333333333333334,1.3333333333333333,0.75,0.0,-2.0833333333333335
3,1,0,0,1.5675953131084286,0.46153846153846156,0.08404640531093904,2,1,0,6,5,4,3,2,1,0,1,1,1,0,0,1,1,1,1,0,0,0,0,1,1,0,0,0,0,0,0,0,0,0,0,0,0,0,0,1,3.1294378194207835,1.5857736346134361,1.8947832745189426,0.7747558577475586,2.5499035679845705,6.668670221360478,3.8981694402420577,2.4055058439476524,2.3386845827439884,1.8822946175637396,0.23076923076923078,0.3076923076923077,1.7692307692307692,2.5833333333333335,1.9166666666666667,1.5833333333333333,0.8333333333333334,1.3333333333333333,0.75,0.0
4,1,0,0,1.6014549187581861,1.0769230769230769,0.025180612636710502,3,2,1,0,6,5,4,3,2,1,1,1,1,1,0,0,1,1,1,1,0,0,0,0,1,1,0,0,0,0,0,0,0,0,0,0,0,0,0,0,1.5077683134582622,3.1005843212753743,1.5630201744457022,1.8853281338532815,0.7375441980070716,2.5602682178057843,6.24393343419062,3.749293188376228,2.3219377652050923,2.34199716713881,0.46153846153846156,0.23076923076923078,0.3076923076923077,1.9166666666666667,2.5833333333333335,1.9166666666666667,1.5833333333333333,0.8333333333333334,1.3333333333333333,0.75
5,0,1,0,0.5203016035965875,1.2307692307692308,-0.918455360923618,4,3,2,1,0,6,5,4,3,2,1,1,1,1,1,0,0,1,1,1,0,0,0,0,0,1,1,0,0,0,0,0,0,0,0,0,0,0,0,0,1.5403577512776832,1.4929915222751375,3.0560956122245155,1.5531780155317803,1.8085985213757632,0.7382452738730004,2.3972012102874434,6.008977236293684,3.6261527581329562,2.325226628895184,1.0769230769230769,0.46153846153846156,0.23076923076923078,0.3333333333333333,1.9166666666666667,2.5833333333333335,1.9166666666666667,1.5833333333333333,0.8333333333333334,1.3333333333333333
6,0,1,0,2.7780098410563205,2.0,0.017821630889962317,5,4,3,2,1,0,6,5,4,3,0,1,1,1,1,1,0,0,1,1,1,0,0,0,0,0,1,1,0,0,0,0,0,0,0,0,0,0,0,0,0.4997614991482113,1.5252980714020334,1.4715693454957053,3.0479952004799524,1.48826743812279,1.8150105025044434,0.6912254160363086,2.30340435454254,5.819292786421499,3.63128895184136,1.2307692307692308,1.0769230769230769,0.46153846153846156,0.25,0.3333333333333333,1.9166666666666667,2.5833333333333335,1.9166666666666667,1.5833333333333333,0.8333333333333334
0,1,0,0,3.2784700343374986,1.3076923076923077,0.3819184098306952,6,5,4,3,2,1,0,6,5,4,0,0,1,1,1,1,1,0,0,1,1,1,0,0,0,0,0,1,1,0,0,0,0,0,0,0,0,0,0,0,2.672776831345826,0.4937345897929544,1.5034123443638059,1.4616205046162052,2.929893924783028,1.492971400872516,1.6994099848714068,0.6600308956833484,2.222842998585573,5.827535410764872,2.0,1.2307692307692308,1.0769230769230769,0.5,0.25,0.3333333333333333,1.9166666666666667,2.5833333333333335,1.9166666666666667,1.5833333333333333
1,1,0,0,1.7606109950794717,0.5384615384615384,-0.5336266814468407,0,6,5,4,3,2,1,0,6,5,1,0,0,1,1,1,1,1,0,0,0,1,1,0,0,0,0,0,1,1,0,0,0,0,0,0,0,0,0,0,3.1544633730834755,2.647887323943662,0.4866502430255011,1.4935006499350068,1.3999678559948567,2.942284698658911,1.3978819969742813,1.6312192136174182,0.6278642149929279,2.2259915014164307,1.3076923076923077,2.0,1.2307692307692308,1.1666666666666667,0.5,0.25,0.3333333333333333,1.9166666666666667,2.5833333333333335,1.9166666666666667
2,1,0,0,1.3891996176855816,0.8461538461538461,0.037390466674973935,1,0,6,5,4,3,2,1,0,6,1,1,0,0,1,1,1,1,1,0,0,0,1,1,0,0,0,0,0,1,0,0,0,0,0,0,0,0,0,0,1.6935434412265757,3.125392643631574,2.6098941340968107,0.4755524447555245,1.4307135969141755,1.404201001777347,2.7548865355521936,1.3407560698359031,1.5704526166902404,0.6287535410764872,0.5384615384615384,1.3076923076923077,2.0,1.3333333333333333,1.1666666666666667,0.5,0.25,0.3333333333333333,1.9166666666666667,2.5833333333333335
3,1,0,0,2.678448794647598,0.38461538461538464,0.5899120519501315,2,1,0,6,5,4,3,2,1,0,1,1,1,0,0,1,1,1,1,1,0,0,0,1,1,0,0,0,0,0,0,0,0,0,0,0,0,0,0,0,1.3360647359454856,1.6771540514067618,3.0805479725680804,2.6012732060127326,0.4489874638379942,1.435110680239134,1.3147655068078667,2.6479640910548254,1.2885431400282885,1.5726770538243626,0.8461538461538461,0.5384615384615384,1.3076923076923077,2.1666666666666665,1.3333333333333333,1.1666666666666667,0.5,0.25,0.3333333333333333,1.9166666666666667
4,1,0,0,2.8582958688803144,0.38461538461538464,0.4470434107469382,3,2,1,0,6,5,4,3,2,1,1,1,1,1,0,0,1,1,1,1,0,0,0,0,1,1,0,0,0,0,0,0,0,0,0,0,0,0,0,0,2.5769505962521295,1.3227783970007092,1.6530894200679138,3.072476085724761,2.4990678238508517,0.44814994344805303,1.3437065052950077,1.260689614969833,2.5572560113154172,1.2903682719546743,0.38461538461538464,0.8461538461538461,0.5384615384615384,1.4166666666666667,2.1666666666666665,1.3333333333333333,1.1666666666666667,0.5,0.25,0.3333333333333333
5,0,1,0,2.981574569011292,0.07692307692307693,0.7138862122063864,4,3,2,1,0,6,5,4,3,2,1,1,1,1,1,0,0,1,1,1,0,0,0,0,0,1,1,0,0,0,0,0,0,0,0,0,0,0,0,0,2.7500511073253833,2.5528928969500457,1.3037985218722952,1.6433523314335232,2.9535036965605914,2.5091614154144453,0.419606656580938,1.288568597161095,1.2108345120226307,2.5608781869688384,0.38461538461538464,0.38461538461538464,0.8461538461538461,0.5833333333333334,1.4166666666666667,2.1666666666666665,1.3333333333333333,1.1666666666666667,0.5,0.25
6,0,1,0,3.8808453396580407,0.46153846153846156,1.0756543243567833,5,4,3,2,1,0,6,5,4,3,0,1,1,1,1,1,0,0,1,1,1,0,0,0,0,0,1,1,0,0,0,0,0,0,0,0,0,0,0,0,2.8687052810902895,2.724490829871314,2.516262733870431,1.2936539679365398,1.5752330440372868,2.9660203587009213,2.3493494704992437,0.3983794339677636,1.237892503536068,1.2125495750708215,0.07692307692307693,0.38461538461538464,0.38461538461538464,0.9166666666666666,0.5833333333333334,1.4166666666666667,2.1666666666666665,1.3333333333333333,1.1666666666666667,0.5
0,1,0,0,1.9977875323020284,1.2307692307692308,-0.020887802804210997,6,5,4,3,2,1,0,6,5,4,0,0,1,1,1,1,1,0,0,1,1,1,0,0,0,0,0,1,1,0,0,0,0,0,0,0,0,0,0,0,3.734241908006814,2.8421150403620765,2.6853984952393635,2.5075325800753263,1.2379781420765026,1.580400710938762,2.7771104387291983,2.25730857792416,0.37391796322489396,1.2396458923512748,0.46153846153846156,0.07692307692307693,0.38461538461538464,0.4166666666666667,0.9166666666666666,0.5833333333333334,1.4166666666666667,2.1666666666666665,1.3333333333333333,1.1666666666666667
1,1,0,0,1.2482919749371661,0.0,-0.30791614205882334,0,6,5,4,3,2,1,0,6,5,1,0,0,1,1,1,1,1,0,0,0,1,1,0,0,0,0,0,1,1,0,0,0,0,0,0,0,0,0,0,1.921822827938671,3.700138480764684,2.8013349756974497,2.6768656467686567,2.4086628093860494,1.2413475521085797,1.4797428139183055,2.669372467865575,2.178104667609618,0.37444759206798867,1.2307692307692308,0.46153846153846156,0.07692307692307693,0.4166666666666667,0.4166666666666667,0.9166666666666666,0.5833333333333334,1.4166666666666667,2.1666666666666665,1.3333333333333333
2,1,0,0,1.883677298311445,-1.8461538461538463,-0.619017849541061,1,0,6,5,4,3,2,1,0,6,1,1,0,0,1,1,1,1,1,0,0,0,1,1,0,0,0,0,0,1,0,0,0,0,0,0,0,0,0,0,1.2004429301533222,1.9034518863782213,3.6470470737066383,2.792937372929374,2.5719704275152684,2.4182743577314594,1.162284417549168,1.4196129295520126,2.578033946251768,2.1811898016997167,0.0,1.2307692307692308,0.46153846153846156,0.08333333333333333,0.4166666666666667,0.4166666666666667,0.9166666666666666,0.5833333333333334,1.4166666666666667,2.1666666666666665
3,1,0,0,-0.052674430953308066,-0.15384615384615385,-0.1983195257864607,2,1,0,6,5,4,3,2,1,0,1,1,1,0,0,1,1,1,1,1,0,0,0,1,1,0,0,0,0,0,0,0,0,0,0,0,0,0,0,0,1.8119931856899492,1.1883338399702774,1.8761402223849788,3.639636036396361,2.6839119254259076,2.5824527387300047,2.264251134644478,1.1138039581450931,1.365077793493635,2.581685552407932,-1.8461538461538463,0.0,1.2307692307692308,0.5,0.08333333333333333,0.4166666666666667,0.4166666666666667,0.9166666666666666,0.5833333333333334,1.4166666666666667
4,1,0,0,1.323710573825622,-0.46153846153846156,2.240881690758689,3,2,1,0,6,5,4,3,2,1,1,1,1,1,0,0,1,1,1,1,0,0,0,0,1,1,0,0,0,0,0,0,0,0,0,0,0,0,0,0,-0.05172061328790462,1.7945756071199381,1.171283041480791,1.8666633336666334,3.500482160077145,2.6949911132654707,2.4179727685325263,2.175333003002128,1.0682743988684582,1.3670113314447592,-0.15384615384615385,-1.8461538461538463,0.0,1.3333333333333333,0.5,0.08333333333333333,0.4166666666666667,0.4166666666666667,0.9166666666666666,0.5833333333333334
5,0,1,0,-0.1696697228220467,0.46153846153846156,-0.523430024690634,4,3,2,1,0,6,5,4,3,2,1,1,1,1,1,0,0,1,1,1,0,0,0,0,0,1,1,0,0,0,0,0,0,0,0,0,0,0,0,0,1.2730323679727427,-0.052960448542574416,1.768826153538851,1.1609839016098393,1.7905978784956602,3.5159153336564875,2.523343419062027,2.3234136815412865,2.098543140028289,1.0697875354107649,-0.46153846153846156,-0.15384615384615385,-1.8461538461538463,0.0,1.3333333333333333,0.5,0.08333333333333333,0.4166666666666667,0.4166666666666667,0.9166666666666666
6,0,0,1,0.7355658607384332,0.23076923076923078,1.6682478671272878,5,4,3,2,1,0,6,5,4,3,0,1,1,1,1,1,0,0,1,1,1,0,0,0,0,0,1,1,0,0,0,0,0,0,0,0,0,0,0,0,-0.16432708688245312,1.260293173911575,-0.05220054597509823,1.7592240775922412,1.1100289296046288,1.7969138794635644,3.291981845688351,2.4249176600891893,2.2422630834512023,2.101515580736544,0.46153846153846156,-0.46153846153846156,-0.15384615384615385,-2.0,0.0,1.3333333333333333,0.5,0.08333333333333333,0.4166666666666667,0.4166666666666667
0,1,0,0,0.30576303585967646,0.07692307692307693,0.7939717695668623,6,5,4,3,2,1,0,6,5,4,0,0,1,1,1,1,1,0,0,1,0,1,0,0,0,0,0,1,1,0,1,0,0,0,0,0,0,0,0,0,0.7069505962521295,-0.16458945519640622,1.2422098675011652,-0.06392694063926943,1.6869816779170685,1.1127161092260465,1.682465960665658,3.1653501996560673,2.3407779349363507,2.245439093484419,0.23076923076923078,0.46153846153846156,-0.46153846153846156,-0.16666666666666666,-2.0,0.0,1.3333333333333333,0.5,0.08333333333333333,0.4166666666666667
1,1,0,0,0.2603454989557153,-0.6153846153846154,0.9619808496758191,0,6,5,4,3,2,1,0,6,5,1,0,0,1,1,1,1,1,0,0,0,0,1,0,0,0,0,0,1,1,0,1,0,0,0,0,0,0,0,0,0.29327086882453146,0.6991252068767522,-0.16222784473000862,1.2319934673199349,-0.07129540340726456,1.692745193084505,1.0418456883509835,1.6148969658107202,3.0594059405940595,2.3440934844192634,0.07692307692307693,0.23076923076923078,0.46153846153846156,-0.5,-0.16666666666666666,-2.0,0.0,1.3333333333333333,0.5,0.08333333333333333
2,1,0,0,0.0,-0.46153846153846156,0.326187718735393,1,0,6,5,4,3,2,1,0,6,1,1,0,0,1,1,1,1,1,0,0,0,0,1,0,0,0,0,0,1,0,0,1,0,0,0,0,0,0,0,0.24955706984667803,0.28903637653257674,0.6890938145016313,-0.1740825917408259,1.178511732561877,-0.07490709322992409,1.5849319213313164,0.9977848377976626,1.5546110325318245,3.0637393767705383,-0.6153846153846154,0.07692307692307693,0.23076923076923078,0.5,-0.5,-0.16666666666666666,-2.0,0.0,1.3333333333333333,0.5
3,1,0,0,-0.36863251796523766,-0.6153846153846154,-0.4339256303892708,2,1,0,6,5,4,3,2,1,0,1,1,1,0,0,1,1,1,1,1,0,0,0,0,1,0,0,0,0,0,0,0,0,1,0,0,0,0,0,0,-0.0010221465076661375,0.2457020299253555,0.2848891404221319,0.6782321767823218,-0.17753134040501442,1.1815640652771044,-0.07013615733736765,1.5209420268734153,0.9556718528995758,1.556813031161473,-0.46153846153846156,-0.6153846153846154,0.07692307692307693,0.25,0.5,-0.5,-0.16666666666666666,-2.0,0.0,1.3333333333333333
4,1,0,0,-0.20457361322524686,-0.38461538461538464,-0.0023612286564720303,3,2,1,0,6,5,4,3,2,1,1,1,1,1,0,0,1,1,1,1,0,0,0,0,0,1,0,0,0,0,0,0,0,0,1,0,0,0,0,0,-0.35582623509369676,-0.002702063701151793,0.24217657633664028,0.2735559777355598,0.6444551591128255,-0.18170948456939728,1.1063086232980333,-0.07339182138797402,1.4634229137199435,0.9570254957507083,-0.6153846153846154,-0.46153846153846156,-0.6153846153846154,0.08333333333333333,0.25,0.5,-0.5,-0.16666666666666666,-2.0,0.0
5,0,1,0,-0.09295904279797511,0.7692307692307693,0.114618755522126,4,3,2,1,0,6,5,4,3,2,1,1,1,1,1,0,0,1,1,1,0,0,0,0,0,0,1,0,0,0,0,0,0,0,0,1,0,0,0,0,-0.19792163543441227,-0.3544263181004492,-0.0026632931619948444,0.23079358730793592,0.25417872066859526,0.6446598804330264,-0.1701361573373676,1.059882246640823,-0.08396039603960398,1.4654957507082154,-0.38461538461538464,-0.6153846153846154,-0.46153846153846156,-0.6666666666666666,0.08333333333333333,0.25,0.5,-0.5,-0.16666666666666666,-2.0
6,0,1,0,0.06154200148677836,-0.3076923076923077,0.4401597476695007,5,4,3,2,1,0,6,5,4,3,0,1,1,1,1,1,0,0,1,1,1,0,0,0,0,0,0,1,0,0,0,0,0,0,0,0,1,0,0,0,-0.09049403747870528,-0.19789239031310166,-0.3493408349424063,-0.01433190014331904,0.21293796207007393,0.25230247212796897,0.6036006051437217,-0.16972223031857528,1.015940594059406,-0.08407932011331447,0.7692307692307693,-0.38461538461538464,-0.6153846153846154,-0.5,-0.6666666666666666,0.08333333333333333,0.25,0.5,-0.5,-0.16666666666666666
0,1,0,0,0.2002902757619738,-0.46153846153846156,1.0410168154551303,6,5,4,3,2,1,0,6,5,4,0,0,1,1,1,1,1,0,0,1,1,1,0,0,0,0,0,0,1,0,0,0,0,0,0,0,0,1,0,0,0.058211243611584355,-0.09139730469145811,-0.19505293295159465,-0.3614138586141386,-0.023465123754419837,0.21084181612538377,0.23623298033282902,0.5756215570258534,-0.17745403111739744,1.0173796033994333,-0.3076923076923077,0.7692307692307693,-0.38461538461538464,-0.6666666666666666,-0.5,-0.6666666666666666,0.08333333333333333,0.25,0.5,-0.5
1,1,0,0,0.5267443095330808,-0.8461538461538461,1.6495264856245704,0,6,5,4,3,2,1,0,6,5,1,0,0,1,1,1,1,1,0,0,0,1,1,0,0,0,0,0,0,1,0,0,0,0,0,0,0,0,1,0,0.19175468483816005,0.05601715810450234,-0.09008589120447434,-0.20694597206945975,-0.3581967213114754,-0.026821780578445666,0.19741301059001515,0.2217348217668833,0.545940594059406,-0.1777053824362606,-0.46153846153846156,-0.3076923076923077,0.7692307692307693,-0.4166666666666667,-0.6666666666666666,-0.5,-0.6666666666666666,0.08333333333333333,0.25,0.5
2,1,0,0,0.0877907182555135,-0.9230769230769231,0.6287215675705239,1,0,6,5,4,3,2,1,0,6,1,1,0,0,1,1,1,1,1,0,0,0,1,1,0,0,0,0,0,0,0,0,0,0,0,0,0,0,0,1,0.5059625212947189,0.188401391562806,0.05521339636460486,-0.10185648101856483,-0.2092253294760527,-0.36333818064307644,-0.025113464447806388,0.18433938616689502,0.20247524752475243,0.5467138810198301,-0.8461538461538461,-0.46153846153846156,-0.3076923076923077,0.8333333333333334,-0.4166666666666667,-0.6666666666666666,-0.5,-0.6666666666666666,0.08333333333333333,0.25
3,1,0,0,-0.4255017876738999,-0.3076923076923077,-0.7389183934792819,2,1,0,6,5,4,3,2,1,0,1,1,1,0,0,1,1,1,1,1,0,0,0,1,1,0,0,0,0,0,0,0,0,0,0,0,0,0,0,0,0.08347529812606473,0.4998817847130746,0.1856981157200878,0.043612305436123086,-0.107875281260045,-0.21357246728065926,-0.340196671709531,-0.03002127721589091,0.1661810466760962,0.20276203966005663,-0.9230769230769231,-0.8461538461538461,-0.46153846153846156,-0.3333333333333333,0.8333333333333334,-0.4166666666666667,-0.6666666666666666,-0.5,-0.6666666666666666,0.08333333333333333
4,1,0,0,-0.31930333817126266,-0.7692307692307693,-0.43413862164352,3,2,1,0,6,5,4,3,2,1,1,1,1,1,0,0,1,1,1,1,0,0,0,0,1,1,0,0,0,0,0,0,0,0,0,0,0,0,0,0,-0.41056218057921634,0.08106191103455264,0.49270923496903923,0.17424924174249234,0.03241722918675669,-0.11168201648085314,-0.19996974281391833,-0.33354221924276434,-0.0418670438472419,0.16641643059490085,-0.3076923076923077,-0.9230769230769231,-0.8461538461538461,-0.5,-0.3333333333333333,0.8333333333333334,-0.4166666666666667,-0.6666666666666666,-0.5,-0.6666666666666666
5,0,1,0,0.7232114411129598,-0.23076923076923078,1.586198025764189,4,3,2,1,0,6,5,4,3,2,1,1,1,1,1,0,0,1,1,1,0,0,0,0,0,1,1,0,0,0,0,0,0,0,0,0,0,0,0,0,-0.3083475298126065,-0.4086871347992029,0.0798987948598442,0.48161850481618507,0.15840565734490508,0.02935853934399744,-0.10456883509833587,-0.19846104520679708,-0.33644978783592644,-0.04192634560906519,-0.7692307692307693,-0.3076923076923077,-0.9230769230769231,-0.9166666666666666,-0.5,-0.3333333333333333,0.8333333333333334,-0.4166666666666667,-0.6666666666666666,-0.5
6,0,1,0,0.0010619844950264128,-0.6923076923076923,0.44271338735314036,5,4,3,2,1,0,6,5,4,3,0,1,1,1,1,1,0,0,1,1,1,0,0,0,0,0,1,1,0,0,0,0,0,0,0,0,0,0,0,0,0.6950596252129472,-0.3073597460060121,-0.4028230907517145,0.06832650068326501,0.4548376727740276,0.15601874293100654,0.02748865355521939,-0.10656096068087093,-0.20534653465346536,-0.33692634560906515,-0.23076923076923078,-0.7692307692307693,-0.3076923076923077,-1.0,-0.9166666666666666,-0.5,-0.3333333333333333,0.8333333333333334,-0.4166666666666667,-0.6666666666666666
0,1,0,0,0.09487061488902265,-0.23076923076923078,0.21301874153884842,6,5,4,3,2,1,0,6,5,4,0,0,1,1,1,1,1,0,0,1,1,1,0,0,0,0,0,1,1,0,0,0,0,0,0,0,0,0,0,0,0.0,0.6873374539804776,-0.3029495971769093,-0.4149585041495851,0.056252009000321436,0.4540313459363387,0.1460816944024205,0.02065055816258127,-0.11615275813295615,-0.2056373937677054,-0.6923076923076923,-0.23076923076923078,-0.7692307692307693,-0.3333333333333333,-1.0,-0.9166666666666666,-0.5,-0.3333333333333333,0.8333333333333334,-0.4166666666666667
1,1,0,0,0.22230875429218735,-0.3076923076923077,0.37823454918307775,0,6,5,4,3,2,1,0,6,5,1,0,0,1,1,1,1,1,0,0,0,1,1,0,0,0,0,0,1,1,0,0,0,0,0,0,0,0,0,0,0.09028960817717206,-0.0016887898132198467,0.677475198082429,-0.31496850314968505,-0.40983606557377045,0.053320407174018425,0.42511346444780634,0.13489171937392513,0.007312588401697335,-0.1163172804532578,-0.23076923076923078,-0.6923076923076923,-0.23076923076923078,-0.8333333333333334,-0.3333333333333333,-1.0,-0.9166666666666666,-0.5,-0.3333333333333333,0.8333333333333334
2,0,0,1,-0.23257460441077554,-0.3076923076923077,-0.30895812177517706,1,0,6,5,4,3,2,1,0,6,1,1,0,0,1,1,1,1,1,0,0,0,1,1,0,0,0,0,0,1,0,0,0,0,0,0,0,0,0,0,0.21294718909710392,0.08781707028743203,-0.0016645582262467542,0.6666000066660002,-0.313404050144648,-0.415252867991598,0.049924357034795766,0.40368416450494043,0.11818953323903811,0.007322946175637416,-0.3076923076923077,-0.23076923076923078,-0.6923076923076923,-0.25,-0.8333333333333334,-0.3333333333333333,-1.0,-0.9166666666666666,-0.5,-0.3333333333333333
3,1,0,0,0.5001946971574215,-1.0,1.2516320401996677,2,1,0,6,5,4,3,2,1,0,0,1,1,0,0,1,1,1,1,1,0,0,0,1,1,0,0,0,0,0,1,0,0,0,0,0,0,0,0,0,-0.22487223168654175,0.20940993683926099,0.08655702776483122,-0.013332000133320003,0.6332369013179041,-0.3183066731297463,-0.3888048411497731,0.04226296307091434,0.37906647807637905,0.11835694050991494,-0.3076923076923077,-0.3076923076923077,-0.23076923076923078,-0.75,-0.25,-0.8333333333333334,-0.3333333333333333,-1.0,-0.9166666666666666,-0.5
4,1,0,0,0.19398916775815075,-0.8461538461538461,0.9741075370429991,3,2,1,0,6,5,4,3,2,1,1,0,1,1,0,0,1,1,1,1,0,0,0,0,1,1,0,0,0,0,0,1,0,0,0,0,0,0,0,0,0.4804088586030664,-0.22460904515823962,0.20640522005459752,0.07499250074992501,-0.022500803600128575,0.6333818064307642,-0.2980332829046899,-0.3803666676382291,0.028288543140028287,0.37960339943342775,-1.0,-0.3076923076923077,-0.3076923076923077,-0.25,-0.75,-0.25,-0.8333333333333334,-0.3333333333333333,-1.0,-0.9166666666666666
5,0,1,0,-0.12991610322489286,-1.0,-0.310903517076232,4,3,2,1,0,6,5,4,3,2,1,1,0,1,1,0,0,1,1,1,0,0,0,0,0,1,1,0,0,0,0,0,1,0,0,0,0,0,0,0,0.18568994889267462,0.4745499375147769,-0.2213862440908183,0.19498050194980504,0.0626808100289296,-0.025852318629827113,0.5930408472012103,-0.29292605438806146,-0.38189533239038187,0.028328611898016998,-0.8461538461538461,-1.0,-0.3076923076923077,-0.3333333333333333,-0.25,-0.75,-0.25,-0.8333333333333334,-0.3333333333333333,-1.0
6,0,1,0,-0.09274664589896983,-1.1538461538461537,0.21417729555517842,5,4,3,2,1,0,6,5,4,3,0,1,1,0,1,1,0,0,1,1,1,0,0,0,0,0,1,1,0,0,0,0,0,1,0,0,0,0,0,0,-0.1260647359454855,0.18238929982774343,0.4677408615753379,-0.23331000233310004,0.17839922854387655,0.0597834868314752,-0.024205748865355523,0.5654492990177505,-0.297029702970297,-0.38243626062322944,-1.0,-0.8461538461538461,-1.0,-0.3333333333333333,-0.3333333333333333,-0.25,-0.75,-0.25,-0.8333333333333334,-0.3333333333333333
0,1,0,0,-0.1582356897589295,-0.7692307692307693,-0.32046853001358294,6,5,4,3,2,1,0,6,5,4,0,0,1,1,0,1,1,0,0,1,1,1,0,0,0,0,0,1,1,0,0,0,0,0,1,0,0,0,0,0,-0.09028960817717206,-0.1266592359914885,0.17977228843464946,0.4566210045662101,-0.23465123754419798,0.1761189206656972,0.05597579425113464,-0.0291468710833892,0.536067892503536,-0.29745042492917845,-1.1538461538461537,-1.0,-0.8461538461538461,-1.0833333333333333,-0.3333333333333333,-0.3333333333333333,-0.25,-0.75,-0.25,-0.8333333333333334
1,1,0,0,0.10903040815604095,-1.3076923076923077,-0.201730205063638,0,6,5,4,3,2,1,0,6,5,1,0,0,1,1,0,1,1,0,0,0,1,1,0,0,0,0,0,1,1,0,0,0,0,0,1,0,0,0,0,-0.15332197614991483,-0.09119464991387172,-0.12484186696850656,0.16831650168316503,0.430729668916747,-0.2391339473259008,0.1649016641452345,0.04809233728759218,-0.04101838755304102,0.5368271954674221,-0.7692307692307693,-1.1538461538461537,-1.0,-0.9166666666666666,-1.0833333333333333,-0.3333333333333333,-0.3333333333333333,-0.25,-0.75,-0.25
2,0,0,1,-0.03433749867251934,-0.38461538461538464,-0.6335262048313351,1,0,6,5,4,3,2,1,0,6,1,1,0,0,1,1,0,1,1,0,0,0,1,1,0,0,0,0,0,1,0,0,0,0,0,0,1,0,0,0,0.10391822827938671,-0.15367987300300606,-0.08988614421732473,-0.13665300136653002,0.1526840244294439,0.42979479722087577,-0.22390317700453857,0.1530210731877933,0.033946251768033946,-0.04107648725212465,-1.3076923076923077,-0.7692307692307693,-1.1538461538461537,-1.0833333333333333,-0.9166666666666666,-1.0833333333333333,-0.3333333333333333,-0.3333333333333333,-0.25,-0.75
3,1,0,0,1.0117172289284577,-1.0,2.4312993960690075,2,1,0,6,5,4,3,2,1,0,0,1,1,0,0,1,1,0,1,1,0,0,0,1,1,0,0,0,0,0,1,0,0,0,0,0,0,1,0,0,-0.034071550255536626,0.1013273887931908,-0.15147479858845464,-0.10165650101656502,-0.1414336226293796,0.15026660203587008,0.40242057488653554,-0.22151622023375792,0.13578500707213578,0.0339943342776204,-0.38461538461538464,-1.3076923076923077,-0.7692307692307693,-1.25,-1.0833333333333333,-0.9166666666666666,-1.0833333333333333,-0.3333333333333333,-0.3333333333333333,-0.25
4,1,0,0,0.38691635102127514,-0.8461538461538461,0.9497977781248538,3,2,1,0,6,5,4,3,2,1,1,0,1,1,0,0,1,1,0,1,0,0,0,0,1,1,0,0,0,0,0,1,0,0,0,0,0,0,1,0,0.9727427597955707,-0.03546458607761678,0.09987349357480525,-0.16331700163317003,-0.10768241722918676,-0.1454192922927775,0.14069591527987896,0.3818240111923985,-0.22772277227722773,0.1359773371104816,-1.0,-0.38461538461538464,-1.3076923076923077,-0.8333333333333334,-1.25,-1.0833333333333333,-0.9166666666666666,-1.0833333333333333,-0.3333333333333333,-0.3333333333333333
5,0,1,0,0.3178873588445609,0.07692307692307693,0.8164326910986853,4,3,2,1,0,6,5,4,3,2,1,1,0,1,1,0,0,1,1,0,0,0,0,0,0,1,1,0,0,0,0,0,1,0,0,0,0,0,0,1,0.37137989778534924,0.9626101935353126,-0.034955722751181834,0.08832450088324502,-0.16714882674381226,-0.11148812409112943,-0.1361573373676248,0.12970357632108195,0.3578500707213578,-0.22804532577903683,-0.8461538461538461,-1.0,-0.38461538461538464,-1.4166666666666667,-0.8333333333333334,-1.25,-1.0833333333333333,-0.9166666666666666,-1.0833333333333333,-0.3333333333333333
6,0,1,0,0.05239123508796775,0.23076923076923078,0.6179007378998131,5,4,3,2,1,0,6,5,4,3,0,1,1,0,1,1,0,0,1,1,1,0,0,0,0,0,1,1,0,0,0,0,0,1,0,0,0,0,0,0,0.3049403747870528,0.3664673894687067,0.9487981889606498,-0.04666200046662001,0.07553841208614592,-0.17127161092260462,-0.1043872919818457,-0.13699029409192925,0.11315417256011315,0.358356940509915,0.07692307692307693,-0.8461538461538461,-1.0,-0.4166666666666667,-1.4166666666666667,-0.8333333333333334,-1.25,-1.0833333333333333,-0.9166666666666666,-1.0833333333333333
0,0,0,1,0.23823852171758295,-0.38461538461538464,1.4675459686154355,6,5,4,3,2,1,0,6,5,4,0,0,1,1,0,1,1,0,0,1,1,1,0,0,0,0,0,1,1,0,0,0,0,0,1,0,0,0,0,0,0.049403747870528106,0.30060458675313273,0.36120913509554564,0.9382395093823952,-0.0546448087431694,0.07270964614638875,-0.16036308623298035,-0.10638607945437058,-0.1456859971711457,0.11331444759206799,0.23076923076923078,0.07692307692307693,-0.8461538461538461,-1.0833333333333333,-0.4166666666666667,-1.4166666666666667,-0.8333333333333334,-1.25,-1.0833333333333333,-0.9166666666666666
1,1,0,0,0.5267443095330808,-0.5384615384615384,1.891958177595519,0,6,5,4,3,2,1,0,6,5,0,0,0,1,1,0,1,1,0,0,0,1,1,0,0,0,0,0,1,1,1,0,0,0,0,1,0,0,0,0,0.2282793867120954,0.04728611477015571,0.29629136427192226,0.34996500349965004,0.8952105432336869,-0.058167716917111006,0.0680786686838124,-0.1603077909586406,-0.11598302687411598,-0.14589235127478753,-0.38461538461538464,0.23076923076923078,0.07692307692307693,-0.9166666666666666,-1.0833333333333333,-0.4166666666666667,-1.4166666666666667,-0.8333333333333334,-1.25,-1.0833333333333333
2,1,0,0,-0.28921377747884874,-0.6923076923076923,-0.20983796877105595,1,0,6,5,4,3,2,1,0,6,1,0,0,0,1,1,0,1,1,0,0,0,1,1,0,0,0,0,0,1,0,1,0,0,0,0,1,0,0,0,0.5059625212947189,0.22460904515823962,0.04660763033490912,0.28497150284971506,0.32786885245901637,0.896752302472128,-0.05446293494704992,0.05975108572094786,-0.16831683168316833,-0.11614730878186968,-0.5384615384615384,-0.38461538461538464,0.23076923076923078,0.08333333333333333,-0.9166666666666666,-1.0833333333333333,-0.4166666666666667,-1.4166666666666667,-0.8333333333333334,-1.25
3,1,0,0,-0.1971751212432298,-0.7692307692307693,0.05739219203099777,2,1,0,6,5,4,3,2,1,0,1,1,0,0,0,1,1,0,1,1,0,0,0,1,1,0,0,0,0,0,0,0,1,0,0,0,0,1,0,0,-0.27938671209540034,0.4998817847130746,0.2213862440908183,0.03499650034996501,0.26518804243008676,0.3263855227015673,0.8396369137670197,-0.0582937421667784,0.04526166902404526,-0.16855524079320114,-0.6923076923076923,-0.5384615384615384,-0.38461538461538464,0.25,0.08333333333333333,-0.9166666666666666,-1.0833333333333333,-0.4166666666666667,-1.4166666666666667,-0.8333333333333334
4,1,0,0,-0.26974406173669857,-0.8461538461538461,-0.09391955781267708,3,2,1,0,6,5,4,3,2,1,1,1,1,0,0,0,1,1,0,1,0,0,0,0,1,1,0,0,0,0,0,0,0,1,0,0,0,0,1,0,-0.19080068143100512,-0.2786503191812747,0.49270923496903923,0.20997900209979004,0.024108003857280614,0.2633704960413637,0.30559757942511345,0.8029962983473725,-0.06930693069306931,0.0453257790368272,-0.7692307692307693,-0.6923076923076923,-0.5384615384615384,-0.4166666666666667,0.25,0.08333333333333333,-0.9166666666666666,-1.0833333333333333,-0.4166666666666667,-1.4166666666666667
5,0,1,0,-0.49630075400899143,-0.7692307692307693,-0.784032506609636,4,3,2,1,0,6,5,4,3,2,1,1,1,1,0,0,0,1,1,0,0,0,0,0,0,1,1,0,0,0,0,0,0,0,1,0,0,0,0,1,-0.2606473594548552,-0.19083324889384268,-0.27465210733071443,0.48161850481618507,0.1928640308582449,0.021005008886734528,0.24659606656580937,0.2885540237255531,0.7666195190947667,-0.06940509915014165,-0.8461538461538461,-0.7692307692307693,-0.6923076923076923,-0.5833333333333334,-0.4166666666666667,0.25,0.08333333333333333,-0.9166666666666666,-1.0833333333333333,-0.4166666666666667
6,0,1,0,-0.2148748628270027,-0.9230769230769231,0.11558377082761269,5,4,3,2,1,0,6,5,4,3,0,1,1,1,1,0,0,0,1,1,1,0,0,0,0,0,1,1,0,0,0,0,0,0,0,1,0,0,0,0,-0.4787052810902896,-0.2600736312358564,-0.18809507956588323,-0.2866380028663801,0.4548376727740276,0.19066084989497498,0.019667170953101363,0.23171762511294414,0.26732673267326734,0.7677053824362606,-0.7692307692307693,-0.8461538461538461,-0.7692307692307693,-0.75,-0.5833333333333334,-0.4166666666666667,0.25,0.08333333333333333,-0.9166666666666666,-1.0833333333333333
0,1,0,0,-0.29098375163722606,-1.3076923076923077,-0.37612578070950475,6,5,4,3,2,1,0,6,5,4,0,0,1,1,1,1,0,0,0,1,1,1,0,0,0,0,0,1,1,0,0,0,0,0,0,0,1,0,0,0,-0.20783645655877342,-0.47623872732799677,-0.2563419668420001,-0.19998000199980004,-0.2860816457730633,0.4540313459363387,0.17851739788199697,0.01311609198752514,0.21216407355021216,0.26770538243626063,-0.9230769230769231,-0.7692307692307693,-0.8461538461538461,-0.8333333333333334,-0.75,-0.5833333333333334,-0.4166666666666667,0.25,0.08333333333333333,-0.9166666666666666
1,1,0,0,-0.13522602570002473,-0.6923076923076923,0.009407842025049238,0,6,5,4,3,2,1,0,6,5,1,0,0,1,1,1,1,0,0,0,0,1,1,0,0,0,0,0,1,1,0,0,0,0,0,0,0,1,0,0,-0.28109028960817717,-0.20772114702604114,-0.4694054198015847,-0.26830650268306505,-0.20250723240115717,-0.290838584585555,0.42511346444780634,0.16613716517531843,0.0,0.21246458923512748,-1.3076923076923077,-0.9230769230769231,-0.7692307692307693,-0.9166666666666666,-0.8333333333333334,-0.75,-0.5833333333333334,-0.4166666666666667,0.25,0.08333333333333333
2,1,0,0,0.11965025310630469,-0.9230769230769231,0.5278746489379758,1,0,6,5,4,3,2,1,0,6,1,1,0,0,1,1,1,1,0,0,0,0,1,1,0,0,0,0,0,1,0,0,0,0,0,0,0,0,1,0,-0.131175468483816,-0.28033910899449455,-0.20474066182835077,-0.48161850481618507,-0.26840244294439086,-0.2068185490386169,-0.2723146747352496,0.40368416450494043,0.1485148514851485,0.0,-0.6923076923076923,-1.3076923076923077,-0.9230769230769231,-0.8333333333333334,-0.9166666666666666,-0.8333333333333334,-0.75,-0.5833333333333334,-0.4166666666666667,0.25
3,1,0,0,-0.1582356897589295,-0.6923076923076923,0.006379306553477297,2,1,0,6,5,4,3,2,1,0,1,1,1,0,0,1,1,1,1,0,0,0,0,1,1,0,0,0,0,0,0,0,0,0,0,0,0,0,0,1,0.1141396933560477,-0.13172560543114803,-0.27631666555696116,-0.21664500216645005,-0.4741240758598521,-0.27306511552754886,-0.19364599092284418,-0.26815121396718067,0.37906647807637905,0.14872521246458922,-0.9230769230769231,-0.6923076923076923,-1.3076923076923077,-1.0,-0.8333333333333334,-0.9166666666666666,-0.8333333333333334,-0.75,-0.5833333333333334,-0.4166666666666667
4,1,0,0,-0.1865552762929661,-0.3076923076923077,-0.10786364838371917,3,2,1,0,6,5,4,3,2,1,1,1,1,1,0,0,1,1,1,1,0,0,0,0,1,1,0,0,0,0,0,0,0,0,0,0,0,0,0,0,-0.15332197614991483,0.11146012767250989,-0.1298355416472468,-0.28830450288304504,-0.2185792349726776,-0.47988366456616577,-0.2556732223903177,-0.1923693491503687,-0.272984441301273,0.37960339943342775,-0.6923076923076923,-0.9230769230769231,-0.6923076923076923,-1.4166666666666667,-1.0,-0.8333333333333334,-0.9166666666666666,-0.8333333333333334,-0.75,-0.5833333333333334
5,0,1,0,-0.5086905731176324,0.07692307692307693,-0.891256758349229,4,3,2,1,0,6,5,4,3,2,1,1,1,1,1,0,0,1,1,1,0,0,0,0,0,1,1,0,0,0,0,0,0,0,0,0,0,0,0,0,-0.18057921635434412,-0.15367987300300606,0.10986084293228578,-0.14165250141652502,-0.28768884603021533,-0.22297624818225886,-0.4493192133131619,-0.2521204348713166,-0.19943422913719944,-0.273371104815864,-0.3076923076923077,-0.6923076923076923,-0.9230769230769231,-0.75,-1.4166666666666667,-1.0,-0.8333333333333334,-0.9166666666666666,-0.8333333333333334,-0.75
6,0,1,0,-0.2644341392615667,-0.5384615384615384,-0.22047118007022087,5,4,3,2,1,0,6,5,4,3,0,1,1,1,1,1,0,0,1,1,1,0,0,0,0,0,1,1,0,0,0,0,0,0,0,0,0,0,0,0,-0.4906303236797274,-0.18070051001452359,-0.15147479858845464,0.09832350098323502,-0.14625522340083574,-0.29245435449991924,-0.2087745839636914,-0.4386604098050075,-0.25742574257425743,-0.19971671388101983,0.07692307692307693,-0.3076923076923077,-0.6923076923076923,-1.0,-0.75,-1.4166666666666667,-1.0,-0.8333333333333334,-0.9166666666666666,-0.8333333333333334
0,1,0,0,-0.13168607738327015,-0.46153846153846156,0.11518457080641223,6,5,4,3,2,1,0,6,5,4,0,0,1,1,1,1,1,0,0,1,1,1,0,0,0,0,0,1,1,0,0,0,0,0,0,0,0,0,0,0,-0.2555366269165247,-0.4880602560205357,-0.1781077302084027,-0.16331700163317003,0.08518161362905817,-0.15026660203587008,-0.27382753403933435,-0.20694278469206331,-0.43847241867043846,-0.2577903682719547,-0.5384615384615384,0.07692307692307693,-0.3076923076923077,-0.75,-1.0,-0.75,-1.4166666666666667,-1.0,-0.8333333333333334,-0.9166666666666666
1,1,0,0,-0.15292576728379761,-0.5384615384615384,0.23546542606426557,0,6,5,4,3,2,1,0,6,5,1,0,0,1,1,1,1,1,0,0,0,1,1,0,0,0,0,0,1,1,0,0,0,0,0,0,0,0,0,0,-0.12776831345826234,-0.25500726179619687,-0.48105732738531193,-0.18998100189981004,-0.16714882674381226,0.08240426563257393,-0.14069591527987896,-0.2696085575213501,-0.21357850070721357,-0.43909348441926344,-0.46153846153846156,-0.5384615384615384,0.07692307692307693,-0.3333333333333333,-0.75,-1.0,-0.75,-1.4166666666666667,-1.0,-0.8333333333333334
2,1,0,0,0.09664058904739994,-0.6153846153846154,0.7861591770615608,1,0,6,5,4,3,2,1,0,6,1,1,0,0,1,1,1,1,1,0,0,0,1,1,0,0,0,0,0,1,0,0,0,0,0,0,0,0,0,0,-0.14821124361158433,-0.12834802580470836,-0.2513482921632599,-0.4932840049328401,-0.1928640308582449,-0.17127161092260462,0.07715582450832073,-0.14136232475443763,-0.2743988684582744,-0.21388101983002833,-0.5384615384615384,-0.46153846153846156,-0.5384615384615384,0.08333333333333333,-0.3333333333333333,-0.75,-1.0,-0.75,-1.4166666666666667,-1.0
3,1,0,0,1.5409395022832666,-0.23076923076923078,5.831288091040158,2,1,0,6,5,4,3,2,1,0,1,1,1,0,0,1,1,1,1,1,0,0,0,1,1,0,0,0,0,0,0,0,0,0,0,0,0,0,0,0,0.0919931856899489,-0.14861350356334652,-0.1265064251947533,-0.26330700263307005,-0.48537447765991637,-0.19712392955243174,-0.16036308623298035,0.06849514704596463,-0.14992927864214992,-0.2747875354107649,-0.6153846153846154,-0.5384615384615384,-0.46153846153846156,-0.5833333333333334,0.08333333333333333,-0.3333333333333333,-0.75,-1.0,-0.75,-1.4166666666666667
4,1,0,0,-0.09982654253247898,-0.38461538461538464,0.25123509554581863,3,2,1,0,6,5,4,3,2,1,1,1,1,1,0,0,1,1,1,1,0,0,0,0,1,1,0,0,0,0,0,0,0,0,0,0,0,0,0,0,1.4821124361158433,0.08950586010065187,-0.14648112390971435,-0.13831950138319501,-0.2635808421729347,-0.49119405396671517,-0.18456883509833585,-0.1603077909586406,0.05374823196605375,-0.1501416430594901,-0.23076923076923078,-0.6153846153846154,-0.5384615384615384,-0.5,-0.5833333333333334,0.08333333333333333,-0.3333333333333333,-0.75,-1.0,-0.75
5,0,1,0,-0.06265708520655594,0.3076923076923077,0.5550136252380118,4,3,2,1,0,6,5,4,3,2,1,1,1,1,1,0,0,1,1,1,0,0,0,0,0,1,1,0,0,0,0,0,0,0,0,0,0,0,0,0,-0.09710391822827939,1.4675583476880467,0.08822158599107797,-0.15831750158317504,-0.14304082288653164,-0.2682178057844563,-0.4599092284417549,-0.18362528782535195,-0.16831683168316833,0.053824362606232294,-0.38461538461538464,-0.23076923076923078,-0.6153846153846154,-0.5833333333333334,-0.5,-0.5833333333333334,0.08333333333333333,-0.3333333333333333,-0.75,-1.0
6,0,1,0,0.3285072037948246,-0.6923076923076923,1.9008140184613094,5,4,3,2,1,0,6,5,4,3,0,1,1,1,1,1,0,0,1,1,1,0,0,0,0,0,1,1,0,0,0,0,0,0,0,0,0,0,0,0,-0.06132879045996593,-0.09794980916675111,1.4465010986084292,0.07665900076659002,-0.16232722597235613,-0.14703506220714171,-0.25113464447806355,-0.44886181468419367,-0.19094766619519093,-0.16855524079320114,0.3076923076923077,-0.38461538461538464,-0.23076923076923078,-0.6666666666666666,-0.5833333333333334,-0.5,-0.5833333333333334,0.08333333333333333,-0.3333333333333333,-0.75
0,1,0,0,1.7798860136642005,0.0,6.162733212032159,6,5,4,3,2,1,0,6,5,4,0,0,1,1,1,1,1,0,0,1,1,1,0,0,0,0,0,1,1,0,0,0,0,0,0,0,0,0,0,0,0.3151618398637138,-0.062485223089134324,-0.09654437712231174,1.4365230143652303,0.06428801028608164,-0.16642430117951204,-0.13767019667170954,-0.2477484042088082,-0.44837340876944837,-0.19121813031161472,-0.6923076923076923,0.3076923076923077,-0.38461538461538464,-0.25,-0.6666666666666666,-0.5833333333333334,-0.5,-0.5833333333333334,0.08333333333333333,-0.3333333333333333
1,1,0,0,0.05239123508796775,-1.0769230769230769,0.6304153484514365,0,6,5,4,3,2,1,0,6,5,1,0,0,1,1,1,1,1,0,0,0,1,1,0,0,0,0,0,1,1,0,0,0,0,0,0,0,0,0,0,1.7120954003407156,0.31073732563245177,-0.061588654371129904,-0.10832250108322503,1.3757634201221471,0.061399256745839396,-0.15582450832072617,-0.13844763764609871,-0.2531824611032532,-0.4490084985835694,0.0,-0.6923076923076923,0.3076923076923077,-0.4166666666666667,-0.25,-0.6666666666666666,-0.5833333333333334,-0.5,-0.5833333333333334,0.08333333333333333
2,1,0,0,0.5603738185422493,0.0,2.3052128023672336,1,0,6,5,4,3,2,1,0,6,1,1,0,0,1,1,1,1,1,0,0,0,1,1,0,0,0,0,0,1,0,0,0,0,0,0,0,0,0,0,0.049403747870528106,1.695544972472726,0.3062787136294028,-0.07332600073326001,-0.11411121825779491,1.379867506867022,0.057488653555219364,-0.1559357602961322,-0.1471004243281471,-0.2535410764872521,-1.0769230769230769,0.0,-0.6923076923076923,0.3333333333333333,-0.4166666666666667,-0.25,-0.6666666666666666,-0.5833333333333334,-0.5,-0.5833333333333334
3,1,0,0,0.4754150589401395,-0.6153846153846154,1.1771903986756482,2,1,0,6,5,4,3,2,1,0,1,1,1,0,0,1,1,1,1,1,0,0,0,1,1,0,0,0,0,0,0,0,0,0,0,0,0,0,0,0,0.5383304940374787,0.04728611477015571,1.671216459151741,0.29497050294970506,-0.08036001285760205,-0.11795120374858621,1.291981845688351,0.04954968084176164,-0.16407355021216408,-0.14730878186968838,0.0,-1.0769230769230769,0.0,-0.75,0.3333333333333333,-0.4166666666666667,-0.25,-0.6666666666666666,-0.5833333333333334,-0.5
4,1,0,0,0.18690927112464162,-0.15384615384615385,-0.09726807352723102,3,2,1,0,6,5,4,3,2,1,1,1,1,1,0,0,1,1,1,1,0,0,0,0,1,1,0,0,0,0,0,0,0,0,0,0,0,0,0,0,0.4565587734241908,0.5319687911642517,0.04660763033490912,1.6615005166150054,0.274831243972999,-0.08402003554693811,-0.11043872919818457,1.238742021044041,0.03536067892503536,-0.1643059490084986,-0.6153846153846154,0.0,-1.0769230769230769,0.0,-0.75,0.3333333333333333,-0.4166666666666667,-0.25,-0.6666666666666666,-0.5833333333333334
5,0,1,0,1.371021983079047,0.15384615384615385,3.312551485807819,4,3,2,1,0,6,5,4,3,2,1,1,1,1,1,0,0,1,1,1,0,0,0,0,0,1,1,0,0,0,0,0,0,0,0,0,0,0,0,0,0.1788756388415673,0.4509068801296991,0.5243358412677276,0.03499650034996501,1.5927354548376726,0.27306511552754886,-0.07866868381240545,-0.11221545367104842,1.1895332390381896,0.03541076487252125,-0.15384615384615385,-0.6153846153846154,0.0,-1.1666666666666667,0.0,-0.75,0.3333333333333333,-0.4166666666666667,-0.25,-0.6666666666666666
6,0,1,0,-0.23788452688590742,0.15384615384615385,-0.09605905566641312,5,4,3,2,1,0,6,5,4,3,0,1,1,1,1,1,0,0,1,1,1,0,0,0,0,0,1,1,0,0,0,0,0,0,0,0,0,0,0,0,1.3185689948892674,0.17563414057486407,0.44443704640788334,0.5132820051328201,0.024108003857280614,1.5979964453061886,0.2556732223903177,-0.08161123903348975,-0.12164073550212164,1.1912181303116147,0.15384615384615385,-0.15384615384615385,-0.6153846153846154,0.0,-1.1666666666666667,0.0,-0.75,0.3333333333333333,-0.4166666666666667,-0.25
0,1,0,0,-0.0821268009487061,1.0769230769230769,-0.09977040360362595,6,5,4,3,2,1,0,6,5,4,0,0,1,1,1,1,1,0,0,1,1,1,0,0,0,0,0,1,1,0,0,0,0,0,0,0,0,0,0,0,-0.22998296422487224,1.3054345256189415,0.17311405552966244,0.4332900043329001,0.48537447765991637,0.021005008886734528,1.4962178517397882,0.2404616864379609,-0.09193776520509193,-0.12181303116147309,0.15384615384615385,0.15384615384615385,-0.15384615384615385,-0.6666666666666666,0.0,-1.1666666666666667,0.0,-0.75,0.3333333333333333,-0.4166666666666667
1,1,0,0,-0.14938581896704303,0.23076923076923078,-0.12466599419130138,0,6,5,4,3,2,1,0,6,5,1,0,0,1,1,1,1,1,0,0,0,1,1,0,0,0,0,0,1,1,0,0,0,0,0,0,0,0,0,0,-0.08006814310051108,-0.22967541459789914,1.2867035088887409,0.16165050161650504,0.4082288653166184,0.4847309743092584,0.019667170953101363,1.4354834008569182,0.22065063649222066,-0.09206798866855524,1.0769230769230769,0.15384615384615385,0.15384615384615385,-0.16666666666666666,-0.6666666666666666,0.0,-1.1666666666666667,0.0,-0.75,0.3333333333333333
2,1,0,0,0.03646146766257217,-0.15384615384615385,0.04662732366269402,1,0,6,5,4,3,2,1,0,6,1,1,0,0,1,1,1,1,1,0,0,0,1,1,0,0,0,0,0,1,0,0,0,0,0,0,0,0,0,0,-0.14480408858603067,-0.08106191103455264,-0.22637991876955857,1.2765390127653902,0.14625522340083574,0.407174018419777,0.45385779122541603,0.01311609198752514,1.3804809052333804,0.22096317280453256,0.23076923076923078,1.0769230769230769,0.15384615384615385,0.16666666666666666,-0.16666666666666666,-0.6666666666666666,0.0,-1.1666666666666667,0.0,-0.75
3,1,0,0,-0.19009522460972064,0.8461538461538461,-0.2661327836251309,2,1,0,6,5,4,3,2,1,0,1,1,1,0,0,1,1,1,1,1,0,0,0,1,1,0,0,0,0,0,0,0,0,0,0,0,0,0,0,0,0.034071550255536626,-0.14523592393690682,-0.0798987948598442,-0.23830950238309503,1.2214721954355512,0.14380352237841332,0.3812405446293495,0.43137369203416015,0.0,1.3824362606232294,-0.15384615384615385,0.23076923076923078,1.0769230769230769,0.16666666666666666,0.16666666666666666,-0.16666666666666666,-0.6666666666666666,0.0,-1.1666666666666667,0.0
4,1,0,0,0.25770823745973315,-0.07692307692307693,0.8769499765159875,3,2,1,0,6,5,4,3,2,1,1,1,1,1,0,0,1,1,1,1,0,0,0,0,1,1,0,0,0,0,0,0,0,0,0,0,0,0,0,0,-0.1839863713798978,0.03208700645117709,-0.14315200745722084,-0.09165750091657501,-0.2394728383156541,1.2247535950880595,0.1346444780635401,0.36142120143402606,0.40594059405940597,0.0,0.8461538461538461,-0.15384615384615385,0.23076923076923078,1.1666666666666667,0.16666666666666666,0.16666666666666666,-0.16666666666666666,-0.6666666666666666,0.0,-1.1666666666666667
5,0,1,0,1.482530355056816,-0.3076923076923077,3.2816769163715422,4,3,2,1,0,6,5,4,3,2,1,1,1,1,1,0,0,1,1,1,0,0,0,0,0,1,1,0,0,0,0,0,0,0,0,0,0,0,0,0,0.24701873935264054,-0.18407808964096328,0.031626606298688326,-0.15498450154984503,-0.09803921568627451,-0.24398125706899337,1.146747352496218,0.1238742021044041,0.33804809052333806,0.4065155807365439,-0.07692307692307693,0.8461538461538461,-0.15384615384615385,0.25,1.1666666666666667,0.16666666666666666,0.16666666666666666,-0.16666666666666666,-0.6666666666666666,0.0
6,0,1,0,-0.06442705936493323,-0.38461538461538464,0.25722337778474436,5,4,3,2,1,0,6,5,4,3,0,1,1,1,1,1,0,0,1,1,1,0,0,0,0,0,1,1,0,0,0,0,0,0,0,0,0,0,0,0,1.425894378194208,0.24318573310365793,-0.1814368466608962,0.019998000199980003,-0.15911282545805205,-0.10179350460494425,-0.22844175491679275,1.0988370398437728,0.1074964639321075,0.3385269121813031,-0.3076923076923077,-0.07692307692307693,0.8461538461538461,-0.16666666666666666,0.25,1.1666666666666667,0.16666666666666666,0.16666666666666666,-0.16666666666666666,-0.6666666666666666
0,1,0,0,-0.23434457856915283,-0.23076923076923078,-0.39182722532867753,6,5,4,3,2,1,0,6,5,4,0,0,1,1,1,1,1,0,0,1,1,1,0,0,0,0,0,1,1,0,0,0,0,0,0,0,0,0,0,0,-0.06303236797274275,1.411828283851792,0.2396963845795326,-0.19331400193314005,0.009643201542912247,-0.16319276135078364,-0.09531013615733737,-0.2258882508962663,1.0537482319660538,0.10764872521246459,-0.38461538461538464,-0.3076923076923077,-0.07692307692307693,0.9166666666666666,-0.16666666666666666,0.25,1.1666666666666667,0.16666666666666666,0.16666666666666666,-0.16666666666666666
1,1,0,0,-0.1865552762929661,-0.46153846153846156,-0.14246323892177654,0,6,5,4,3,2,1,0,6,5,1,0,0,1,1,1,1,1,0,0,0,1,1,0,0,0,0,0,1,1,0,0,0,0,0,0,0,0,0,0,-0.22657580919931858,-0.06417401290235418,1.3915706771422864,0.22831050228310504,-0.19607843137254902,0.006463079657456778,-0.15279878971255673,-0.09764201812935382,-0.23196605374823195,1.0552407932011332,-0.23076923076923078,-0.38461538461538464,-0.3076923076923077,-0.08333333333333333,0.9166666666666666,-0.16666666666666666,0.25,1.1666666666666667,0.16666666666666666,0.16666666666666666
2,1,0,0,-0.1847853021345888,-0.6153846153846154,0.010137735284150913,1,0,6,5,4,3,2,1,0,6,1,1,0,0,1,1,1,1,1,0,0,0,1,1,0,0,0,0,0,1,0,0,0,0,0,0,0,0,0,0,-0.18057921635434412,-0.22629783497145944,-0.06325321259737665,1.3815285138152853,0.21054323368691738,-0.20035546938116014,0.006051437216338881,-0.1530210731877933,-0.1074964639321075,-0.23229461756373937,-0.46153846153846156,-0.23076923076923078,-0.38461538461538464,-0.3333333333333333,-0.08333333333333333,0.9166666666666666,-0.16666666666666666,0.25,1.1666666666666667,0.16666666666666666
3,1,0,0,0.5497539735919856,-0.7692307692307693,0.7316104394188595,2,1,0,6,5,4,3,2,1,0,1,1,1,0,0,1,1,1,1,1,0,0,0,1,1,0,0,0,0,0,0,0,0,0,0,0,0,0,0,0,-0.1788756388415673,-0.18070051001452359,-0.22305080231706506,-0.07499250074992501,1.3227258116361298,0.2084343189529811,-0.1875945537065053,0.0,-0.16124469589816123,-0.10764872521246459,-0.6153846153846154,-0.46153846153846156,-0.23076923076923078,-0.4166666666666667,-0.3333333333333333,-0.08333333333333333,0.9166666666666666,-0.16666666666666666,0.25,1.1666666666666667
4,1,0,0,-0.3936422528231087,-0.38461538461538464,-0.5297038928204327,3,2,1,0,6,5,4,3,2,1,1,1,1,1,0,0,1,1,1,1,0,0,0,0,1,1,0,0,0,0,0,0,0,0,0,0,0,0,0,0,0.5281090289608177,-0.17901172020130374,-0.1781077302084027,-0.23497650234976505,-0.08196721311475409,1.3265470996930038,0.1951588502269289,-0.18653997493369087,-0.01272984441301273,-0.16147308781869688,-0.7692307692307693,-0.6153846153846154,-0.46153846153846156,-0.25,-0.4166666666666667,-0.3333333333333333,-0.08333333333333333,0.9166666666666666,-0.16666666666666666,0.25
5,0,1,0,-0.41842189104039074,-0.46153846153846156,-0.7419763896868817,4,3,2,1,0,6,5,4,3,2,1,1,1,1,1,0,0,1,1,1,0,0,0,0,0,1,1,0,0,0,0,0,0,0,0,0,0,0,0,0,-0.3798977853492334,0.5218360522849327,-0.17644317198215595,-0.18998100189981004,-0.23625843780135003,-0.08563580546130231,1.2420574886535551,0.1821679442711825,-0.19377652050919378,-0.012747875354107648,-0.38461538461538464,-0.7692307692307693,-0.6153846153846154,-0.5,-0.25,-0.4166666666666667,-0.3333333333333333,-0.08333333333333333,0.9166666666666666,-0.16666666666666666
6,0,1,0,-0.3263832348047718,-0.5384615384615384,-0.4512216197258939,5,4,3,2,1,0,6,5,4,3,0,1,1,1,1,1,0,0,1,1,1,0,0,0,0,0,1,1,0,0,0,0,0,0,0,0,0,0,0,0,-0.403747870528109,-0.37828891816124566,0.514348491910247,-0.18831450188314502,-0.1928640308582449,-0.240749717240265,-0.08018154311649017,1.1906496837564489,0.16407355021216408,-0.19405099150141644,-0.46153846153846156,-0.38461538461538464,-0.7692307692307693,-0.6666666666666666,-0.5,-0.25,-0.4166666666666667,-0.3333333333333333,-0.08333333333333333,0.9166666666666666
0,1,0,0,-0.41488194272363615,-0.46153846153846156,-0.7217423614936621,6,5,4,3,2,1,0,6,5,4,0,0,1,1,1,1,1,0,0,1,1,1,0,0,0,0,0,1,1,0,0,0,0,0,0,0,0,0,0,0,-0.3151618398637138,-0.40193197554632354,-0.37286104267927295,0.5032830050328301,-0.1912568306010929,-0.19712392955243174,-0.2254160363086233,-0.08306858258765921,1.1428571428571428,0.1643059490084986,-0.5384615384615384,-0.46153846153846156,-0.38461538461538464,-0.8333333333333334,-0.6666666666666666,-0.5,-0.25,-0.4166666666666667,-0.3333333333333333,-0.08333333333333333
1,1,0,0,-0.1723954830259478,-0.8461538461538461,-0.18110487063494793,0,6,5,4,3,2,1,0,6,5,1,0,0,1,1,1,1,1,0,0,0,1,1,0,0,0,0,0,1,1,0,0,0,0,0,0,0,0,0,0,-0.40034071550255534,-0.31411490525889146,-0.3961648578467275,-0.3849615038496151,0.47573127611700416,-0.19550815963806756,-0.18456883509833585,-0.22297356378792738,-0.09335219236209336,1.1444759206798867,-0.46153846153846156,-0.5384615384615384,-0.46153846153846156,-0.4166666666666667,-0.8333333333333334,-0.6666666666666666,-0.5,-0.25,-0.4166666666666667,-0.3333333333333333
2,1,0,0,-0.18124535381783421,-1.0769230769230769,-0.05215945785479607,1,0,6,5,4,3,2,1,0,6,1,1,0,0,1,1,1,1,1,0,0,0,1,1,0,0,0,0,0,1,0,0,0,0,0,0,0,0,0,0,-0.16695059625212946,-0.39855439591988384,-0.3096078300818963,-0.40829250408292506,-0.3809064609450337,0.4750363548230732,-0.18305597579425115,-0.18362528782535195,-0.22913719943422914,-0.09348441926345609,-0.8461538461538461,-0.46153846153846156,-0.5384615384615384,-0.5,-0.4166666666666667,-0.8333333333333334,-0.6666666666666666,-0.5,-0.25,-0.4166666666666667
3,1,0,0,-0.32284328648801724,-0.9230769230769231,-0.27501695754327343,2,1,0,6,5,4,3,2,1,0,1,1,1,0,0,1,1,1,1,1,0,0,0,1,1,0,0,0,0,0,0,0,0,0,0,0,0,0,0,0,-0.17546848381601363,-0.16719019150876482,-0.392835741394234,-0.32163450321634507,-0.4034072645451623,-0.3861690095330425,0.44478063540090773,-0.1821679442711825,-0.19094766619519093,-0.22946175637393768,-1.0769230769230769,-0.8461538461538461,-0.46153846153846156,-0.5833333333333334,-0.5,-0.4166666666666667,-0.8333333333333334,-0.6666666666666666,-0.5,-0.25
4,1,0,0,-0.36178271797231754,-0.46153846153846156,-0.5744486895469926,3,2,1,0,6,5,4,3,2,1,1,1,1,1,0,0,1,1,1,1,0,0,0,0,1,1,0,0,0,0,0,0,0,0,0,0,0,0,0,0,-0.31175468483816016,-0.17563414057486407,-0.16479126439842867,-0.4049595040495951,-0.31983285117325616,-0.40878978833414126,-0.3615733736762481,0.4226296307091434,-0.18953323903818953,-0.19121813031161472,-0.9230769230769231,-1.0769230769230769,-0.8461538461538461,-0.5,-0.5833333333333334,-0.5,-0.4166666666666667,-0.8333333333333334,-0.6666666666666666,-0.5
5,0,1,0,-0.2803639066869623,-0.15384615384615385,-0.409289688967927,4,3,2,1,0,6,5,4,3,2,1,1,1,1,1,0,0,1,1,1,0,0,0,0,0,1,1,0,0,0,0,0,0,0,0,0,0,0,0,0,-0.3492333901192504,-0.31073732563245177,-0.17311405552966244,-0.17664900176649004,-0.40019286403085824,-0.3247697527872031,-0.3827534039334342,-0.3541344836631788,0.39745403111739747,-0.18980169971671387,-0.46153846153846156,-0.9230769230769231,-1.0769230769230769,-0.9166666666666666,-0.5,-0.5833333333333334,-0.5,-0.4166666666666667,-0.8333333333333334,-0.6666666666666666
6,0,1,0,-0.016637757088746465,-0.38461538461538464,0.5306053349587014,5,4,3,2,1,0,6,5,4,3,0,1,1,1,1,1,0,0,1,1,1,0,0,0,0,0,1,1,0,0,0,0,0,0,0,0,0,0,0,0,-0.2708688245315162,-0.34789070152328844,-0.3062787136294028,-0.18498150184981504,-0.1800064288010286,-0.40555824850541283,-0.3040847201210287,-0.37453729342155123,-0.3564356435643564,0.3980169971671388,-0.15384615384615385,-0.46153846153846156,-0.9230769230769231,-1.1666666666666667,-0.9166666666666666,-0.5,-0.5833333333333334,-0.5,-0.4166666666666667,-0.8333333333333334
0,1,0,0,0.6984318028956777,-0.8461538461538461,1.3308310972305781,6,5,4,3,2,1,0,6,5,4,0,0,1,1,1,1,1,0,0,1,1,1,0,0,0,0,0,1,1,0,0,0,0,0,0,0,0,0,0,0,-0.017035775127768313,-0.27020637011517545,-0.3428989946068314,-0.31830150318301503,-0.1880424300867888,-0.18419777023751818,-0.37972768532526474,-0.2987554286047393,-0.37623762376237624,-0.35694050991501414,-0.38461538461538464,-0.15384615384615385,-0.46153846153846156,-1.0,-1.1666666666666667,-0.9166666666666666,-0.5,-0.5833333333333334,-0.5,-0.4166666666666667
1,1,0,0,-0.499840702325746,-0.07692307692307693,-0.8552062618019145,0,6,5,4,3,2,1,0,6,5,1,0,0,1,1,1,1,1,0,0,0,1,1,0,0,0,0,0,1,1,0,0,0,0,0,0,0,0,0,0,0.6712095400340715,-0.018576687945418315,-0.26632931619948064,-0.3549645035496451,-0.31661845065895206,-0.19227661980933916,-0.17246596066565809,-0.3716226063132123,-0.3026874115983027,-0.37677053824362605,-0.8461538461538461,-0.38461538461538464,-0.15384615384615385,-0.5,-1.0,-1.1666666666666667,-0.9166666666666666,-0.5,-0.5833333333333334,-0.5
2,1,0,0,-0.499840702325746,-0.15384615384615385,-0.9227006670812784,1,0,6,5,4,3,2,1,0,6,1,1,0,0,1,1,1,1,1,0,0,0,1,1,0,0,0,0,0,1,0,0,0,0,0,0,0,0,0,0,-0.48211243611584326,0.6636943965953997,-0.018310140488714294,-0.27830550278305505,-0.351976856316297,-0.32153821295847473,-0.1800302571860817,-0.17196653939199627,-0.3734087694483734,-0.3031161473087819,-0.07692307692307693,-0.8461538461538461,-0.38461538461538464,-0.16666666666666666,-0.5,-1.0,-1.1666666666666667,-0.9166666666666666,-0.5,-0.5833333333333334
3,1,0,0,1.2754433785266734,0.23076923076923078,3.145981611989984,2,1,0,6,5,4,3,2,1,0,1,1,1,0,0,1,1,1,1,1,0,0,0,1,1,0,0,0,0,0,0,0,0,0,0,0,0,0,0,0,-0.48211243611584326,-0.47961630695443647,0.6541713829149743,-0.029997000299970007,-0.2780456444873031,-0.357085151074487,-0.3010590015128593,-0.17925325716284357,-0.17963224893917965,-0.37393767705382436,-0.15384615384615385,-0.07692307692307693,-0.8461538461538461,-0.4166666666666667,-0.16666666666666666,-0.5,-1.0,-1.1666666666666667,-0.9166666666666666,-0.5
4,1,0,0,-0.3405430280717901,0.3076923076923077,-0.553073163553038,3,2,1,0,6,5,4,3,2,1,1,1,1,1,0,0,1,1,1,1,0,0,0,0,1,1,0,0,0,0,0,0,0,0,0,0,0,0,0,0,1.2265758091993186,-0.47961630695443647,-0.4727345362540782,0.6432690064326901,-0.03857280617164899,-0.2827597350137341,-0.33434190620272314,-0.2958407414964004,-0.1867043847241867,-0.17988668555240794,0.23076923076923078,-0.15384615384615385,-0.07692307692307693,-0.9166666666666666,-0.4166666666666667,-0.16666666666666666,-0.5,-1.0,-1.1666666666666667,-0.9166666666666666
5,0,1,0,0.30903748805267445,0.8461538461538461,0.7680382871161576,4,3,2,1,0,6,5,4,3,2,1,1,1,1,1,0,0,1,1,1,0,0,0,0,0,1,1,0,0,0,0,0,0,0,0,0,0,0,0,0,-0.3287904599659284,1.2142398757050699,-0.4727345362540782,-0.4849515048495151,0.6107360977177756,-0.042010017773469056,-0.264750378214826,-0.3279022996881285,-0.29985855728429983,-0.18696883852691218,0.3076923076923077,0.23076923076923078,-0.15384615384615385,-0.08333333333333333,-0.9166666666666666,-0.4166666666666667,-0.16666666666666666,-0.5,-1.0,-1.1666666666666667
6,0,1,0,0.029381571029063015,0.15384615384615385,0.6286065438356018,5,4,3,2,1,0,6,5,4,3,0,1,1,1,1,1,0,0,1,1,1,0,0,0,0,0,1,1,0,0,0,0,0,0,0,0,0,0,0,0,0.29642248722316866,-0.32762522376465025,1.1968173646714162,-0.4849515048495151,-0.47733847637415616,0.6107610276296656,-0.039334341906202726,-0.26086449619633334,-0.33097595473833097,-0.3002832861189802,0.8461538461538461,0.3076923076923077,0.23076923076923078,-0.16666666666666666,-0.08333333333333333,-0.9166666666666666,-0.4166666666666667,-0.16666666666666666,-0.5,-1.0
0,1,0,0,-0.5830294877694785,-0.3076923076923077,-1.118146431980658,6,5,4,3,2,1,0,6,5,4,0,0,1,1,1,1,1,0,0,1,1,1,0,0,0,0,0,1,1,0,0,0,0,0,0,0,0,0,0,0,0.027257240204429302,0.2921606376870335,-0.3229242958918703,1.1865480118654803,-0.47733847637415616,-0.4831152043948942,0.5718608169440242,-0.0437203066250838,-0.26591230551626593,-0.3314447592067989,0.15384615384615385,0.8461538461538461,0.3076923076923077,0.25,-0.16666666666666666,-0.08333333333333333,-0.9166666666666666,-0.4166666666666667,-0.16666666666666666,-0.5
1,1,0,0,-0.6555984282629473,-0.6153846153846154,-1.306735880131736,0,6,5,4,3,2,1,0,6,5,1,0,0,1,1,1,1,1,0,0,0,1,1,0,0,0,0,0,1,1,0,0,0,0,0,0,0,0,0,0,-0.5621805792163543,0.0253318471982977,0.28796857314068847,-0.33496650334966505,1.134683381549341,-0.4831152043948942,-0.4523449319213313,0.545046489259378,-0.055162659123055166,-0.26628895184135976,-0.3076923076923077,0.15384615384615385,0.8461538461538461,0.3333333333333333,0.25,-0.16666666666666666,-0.08333333333333333,-0.9166666666666666,-0.4166666666666667,-0.16666666666666666
2,1,0,0,-0.4007221494566179,0.23076923076923078,-0.686104738132116,1,0,6,5,4,3,2,1,0,6,1,1,0,0,1,1,1,1,1,0,0,0,1,1,0,0,0,0,0,1,0,0,0,0,0,0,0,0,0,0,-0.6320272572402045,-0.5589894281757692,0.024968373393701313,0.27663900276639003,-0.33269045323047247,1.137502019712393,-0.4523449319213313,-0.4415750969133464,0.5162659123055162,-0.05524079320113314,-0.6153846153846154,-0.3076923076923077,0.15384615384615385,0.9166666666666666,0.3333333333333333,0.25,-0.16666666666666666,-0.08333333333333333,-0.9166666666666666,-0.4166666666666667
3,1,0,0,-0.43966158094091823,-0.3076923076923077,-0.7038501094135087,2,1,0,6,5,4,3,2,1,0,1,1,1,0,0,1,1,1,1,1,0,0,0,1,1,0,0,0,0,0,0,0,0,0,0,0,0,0,0,0,-0.38671209540034074,-0.6282298105177829,-0.5509687728876757,0.013332000133320003,0.25715204114432655,-0.3376959121021167,1.065052950075643,-0.4415750969133464,-0.44130127298444133,0.5169971671388102,0.23076923076923078,-0.6153846153846154,-0.3076923076923077,0.16666666666666666,0.9166666666666666,0.3333333333333333,0.25,-0.16666666666666666,-0.08333333333333333,-0.9166666666666666
4,1,0,0,-0.3122234415377535,0.23076923076923078,-0.5049940881183301,3,2,1,0,6,5,4,3,2,1,1,1,1,1,0,0,1,1,1,1,0,0,0,0,1,1,0,0,0,0,0,0,0,0,0,0,0,0,0,0,-0.424190800681431,-0.38504407741412505,-0.6192156601637926,-0.5632770056327701,0.003214400514304082,0.2552916464695427,-0.3161875945537065,1.020140487918622,-0.44130127298444133,-0.44192634560906513,-0.3076923076923077,0.23076923076923078,-0.6153846153846154,-0.3333333333333333,0.16666666666666666,0.9166666666666666,0.3333333333333333,0.25,-0.16666666666666666,-0.08333333333333333
5,0,1,0,0.5055046196325534,0.38461538461538464,1.9730906482884298,4,3,2,1,0,6,5,4,3,2,1,1,1,1,1,0,0,1,1,1,0,0,0,0,0,1,1,0,0,0,0,0,0,0,0,0,0,0,0,0,-0.30153321976149916,-0.42219745330496167,-0.37951927558425996,-0.6316035063160351,-0.5528768884603021,0.0,0.23903177004538578,-0.310414177038095,0.9773691654879774,-0.44192634560906513,0.23076923076923078,-0.3076923076923077,0.23076923076923078,-0.6666666666666666,-0.3333333333333333,0.16666666666666666,0.9166666666666666,0.3333333333333333,0.25,-0.16666666666666666
6,0,1,0,0.570993663492513,0.07692307692307693,1.8977368516312225,5,4,3,2,1,0,6,5,4,3,0,1,1,1,1,1,0,0,1,1,1,0,0,0,0,0,1,1,0,0,0,0,0,0,0,0,0,0,0,0,0.4855195911413969,-0.30060458675313273,-0.41613955656168855,-0.3916275039162751,-0.6187720990035358,-0.5590563903700113,0.0,0.22443090734209684,-0.314002828854314,0.9787535410764873,0.38461538461538464,0.23076923076923078,-0.3076923076923077,0.25,-0.6666666666666666,-0.3333333333333333,0.16666666666666666,0.9166666666666666,0.3333333333333333,0.25
0,1,0,0,0.5444440511168537,0.0,2.0885110459435245,6,5,4,3,2,1,0,6,5,4,0,0,1,1,1,1,1,0,0,1,1,1,0,0,0,0,0,1,1,0,0,0,0,0,0,0,0,0,0,0,0.5485519591141397,0.47961630695443647,-0.29629136427192226,-0.4282905042829051,-0.3873352619736419,-0.6253029568589433,-0.5234493192133132,-0.00582937421667784,0.2050919377652051,-0.31444759206798867,0.07692307692307693,0.38461538461538464,0.23076923076923078,-0.3333333333333333,0.25,-0.6666666666666666,-0.3333333333333333,0.16666666666666666,0.9166666666666666,0.3333333333333333
1,1,0,0,1.4347410527806295,-0.7692307692307693,2.4029553488010187,0,6,5,4,3,2,1,0,6,5,1,0,0,1,1,1,1,1,0,0,0,1,1,0,0,0,0,0,1,1,0,0,0,0,0,0,0,0,0,0,0.5229982964224872,0.5421015300435708,0.4727345362540782,-0.30830250308302504,-0.4226936676309868,-0.3926320891904993,-0.5854765506807866,-0.510070243959311,-0.018387553041018388,0.20538243626062322,0.0,0.07692307692307693,0.38461538461538464,0.25,-0.3333333333333333,0.25,-0.6666666666666666,-0.3333333333333333,0.16666666666666666,0.9166666666666666
2,1,0,0,-0.13168607738327015,-0.15384615384615385,-0.016562713026494365,1,0,6,5,4,3,2,1,0,6,1,1,0,0,1,1,1,1,1,0,0,0,1,1,0,0,0,0,0,1,0,0,0,0,0,0,0,0,0,0,1.3798977853492334,0.5167696828452731,0.534323190625208,0.4616205046162051,-0.30697524911603985,-0.4281790273065116,-0.367624810892587,-0.5698213296802589,-0.5077793493635078,-0.018413597733711047,-0.7692307692307693,0.0,0.07692307692307693,0.4166666666666667,0.25,-0.3333333333333333,0.25,-0.6666666666666666,-0.3333333333333333,0.16666666666666666
3,1,0,0,-0.3529328471804311,0.38461538461538464,-0.7052736690936299,2,1,0,6,5,4,3,2,1,0,1,1,1,0,0,1,1,1,1,1,0,0,0,1,1,0,0,0,0,0,0,0,0,0,0,0,0,0,0,0,-0.12776831345826234,1.366230958894856,0.5093548172315068,0.5232810052328101,0.4355512696882031,-0.31184359347228957,-0.4009077155824508,-0.35996385787985663,-0.5657708628005658,-0.5084985835694051,-0.15384615384615385,-0.7692307692307693,0.0,0.08333333333333333,0.4166666666666667,0.25,-0.3333333333333333,0.25,-0.6666666666666666,-0.3333333333333333
4,1,0,0,-0.3883323303479769,1.1538461538461537,-0.623443162205456,3,2,1,0,6,5,4,3,2,1,1,1,1,1,0,0,1,1,1,1,0,0,0,0,1,1,0,0,0,0,0,0,0,0,0,0,0,0,0,0,-0.34071550255536626,-0.12834802580470836,1.346627605033624,0.4982835049828351,0.49501767920282863,0.4346421069639683,-0.291981845688351,-0.39202541607158475,-0.3620933521923621,-0.56657223796034,0.38461538461538464,-0.15384615384615385,-0.7692307692307693,0.0,0.08333333333333333,0.4166666666666667,0.25,-0.3333333333333333,0.25,-0.6666666666666666
5,0,1,0,-0.08389677510708339,0.6923076923076923,0.17390094539360954,4,3,2,1,0,6,5,4,3,2,1,1,1,1,1,0,0,1,1,1,0,0,0,0,0,1,1,0,0,0,0,0,0,0,0,0,0,0,0,0,-0.3747870528109029,-0.3394467524571892,-0.1265064251947533,1.3365330133653301,0.470909675345548,0.49442559379544354,0.4069591527987897,-0.2870966801713836,-0.3932107496463932,-0.3626062322946176,1.1538461538461537,0.38461538461538464,-0.15384615384615385,-0.8333333333333334,0.0,0.08333333333333333,0.4166666666666667,0.25,-0.3333333333333333,0.25
6,0,1,0,-0.02017770540550104,0.46153846153846156,0.32658409954740414,5,4,3,2,1,0,6,5,4,3,0,1,1,1,1,1,0,0,1,1,1,0,0,0,0,0,1,1,0,0,0,0,0,0,0,0,0,0,0,0,-0.0817717206132879,-0.3732225487215861,-0.3345762034755976,-0.13831950138319501,1.2793314046930246,0.4701890450799806,0.4629349470499244,0.3861960418549069,-0.2913719943422914,-0.3937677053824363,0.6923076923076923,1.1538461538461537,0.38461538461538464,-0.16666666666666666,-0.8333333333333334,0.0,0.08333333333333333,0.4166666666666667,0.25,-0.3333333333333333
0,1,0,0,-0.20779496619349352,-0.46153846153846156,-0.21539336143896948,6,5,4,3,2,1,0,6,5,4,0,0,1,1,1,1,1,0,0,1,1,1,0,0,0,0,0,1,1,0,0,0,0,0,0,0,0,0,0,0,-0.020442930153321975,-0.08275070084777249,-0.36786736800053266,-0.34663200346632006,-0.14304082288653164,1.2829213120051706,0.4402420574886536,0.4401177533591769,0.3620933521923621,-0.29178470254957506,0.46153846153846156,0.6923076923076923,1.1538461538461537,0.4166666666666667,-0.16666666666666666,-0.8333333333333334,0.0,0.08333333333333333,0.4166666666666667,0.25
1,1,0,0,0.02584162271230844,-0.7692307692307693,0.5660904391031081,0,6,5,4,3,2,1,0,6,5,1,0,0,1,1,1,1,1,0,0,0,1,1,0,0,0,0,0,1,1,0,0,0,0,0,0,0,0,0,0,-0.2010221465076661,-0.02195426757185801,-0.08156335308609096,-0.3799620037996201,-0.3439408550305368,-0.14703506220714171,1.2012102874432677,0.41825760004663504,0.4144271570014144,0.3626062322946176,-0.46153846153846156,0.46153846153846156,0.6923076923076923,1.25,0.4166666666666667,-0.16666666666666666,-0.8333333333333334,0.0,0.08333333333333333,0.4166666666666667
2,1,0,0,-0.3777124853977131,-0.46153846153846156,-0.6507811746742544,1,0,6,5,4,3,2,1,0,6,1,1,0,0,1,1,1,1,1,0,0,0,1,1,0,0,0,0,0,1,0,0,0,0,0,0,0,0,0,0,0.02385008517887564,-0.20096598777316177,-0.021639256941207805,-0.09332400093324002,-0.3760848601735776,-0.34900630150266604,-0.13767019667170954,1.1513014077938735,0.3932107496463932,0.415014164305949,-0.7692307692307693,-0.46153846153846156,0.46153846153846156,0.75,1.25,0.4166666666666667,-0.16666666666666666,-0.8333333333333334,0.0,0.08333333333333333
3,1,0,0,0.12319020142305925,-0.23076923076923078,0.6855664101374251,2,1,0,6,5,4,3,2,1,0,1,1,1,0,0,1,1,1,1,1,0,0,0,1,1,0,0,0,0,0,0,0,0,0,0,0,0,0,0,0,-0.3645655877342419,0.02195426757185801,-0.19808242892336375,-0.033330000333300004,-0.09964641594342655,-0.38132169978994995,-0.3267776096822995,-0.13844763764609871,1.1046676096181047,0.3937677053824363,-0.46153846153846156,-0.7692307692307693,-0.46153846153846156,0.5,0.75,1.25,0.4166666666666667,-0.16666666666666666,-0.8333333333333334,0.0
4,1,0,0,-0.36709264044744944,0.6153846153846154,-0.3528782998138758,3,2,1,0,6,5,4,3,2,1,1,1,1,1,0,0,1,1,1,1,0,0,0,0,1,1,0,0,0,0,0,0,0,0,0,0,0,0,0,0,0.11754684838160136,-0.363089809842267,0.021639256941207805,-0.20997900209979004,-0.041787206685953066,-0.10340927451930845,-0.35703479576399394,-0.3206155819172812,-0.1471004243281471,1.1062322946175638,-0.23076923076923078,-0.46153846153846156,-0.7692307692307693,-0.5,0.5,0.75,1.25,0.4166666666666667,-0.16666666666666666,-0.8333333333333334
5,0,1,0,0.2028390385500372,0.6153846153846154,0.8337213504914164,4,3,2,1,0,6,5,4,3,2,1,1,1,1,1,0,0,1,1,1,0,0,0,0,0,1,1,0,0,0,0,0,0,0,0,0,0,0,0,0,-0.3543441226575809,0.11483770729894957,-0.35788001864305213,0.009999000099990002,-0.2121504339440694,-0.045241557602197446,-0.09682299546142209,-0.3497624530006704,-0.32390381895332393,-0.14730878186968838,0.6153846153846154,-0.23076923076923078,-0.46153846153846156,-0.8333333333333334,-0.5,0.5,0.75,1.25,0.4166666666666667,-0.16666666666666666
6,0,1,0,-0.6361287125207972,-0.07692307692307693,-1.1840906950873025,5,4,3,2,1,0,6,5,4,3,0,1,1,1,1,1,0,0,1,1,1,0,0,0,0,0,1,1,0,0,0,0,0,0,0,0,0,0,0,0,0.19420783645655879,-0.352957070962948,0.11318995938477928,-0.3699630036996301,0.0,-0.21651316852480207,-0.04236006051437216,-0.09909936168352328,-0.3521923620933522,-0.3243626062322946,0.6153846153846154,0.6153846153846154,-0.23076923076923078,-0.5,-0.8333333333333334,-0.5,0.5,0.75,1.25,0.4166666666666667
0,0,0,1,-0.3246132606463945,0.0,-0.10473672251144175,6,5,4,3,2,1,0,6,5,4,0,0,1,1,1,1,1,0,0,1,1,1,0,0,0,0,0,1,1,0,0,0,0,0,0,0,0,0,0,0,-0.6132879045996593,0.19083324889384268,-0.3478926692855716,0.10165650101656502,-0.36644165863066536,-0.003231539828728389,-0.2027231467473525,-0.04663499373342272,-0.10891089108910891,-0.3526912181303116,-0.07692307692307693,0.6153846153846154,0.6153846153846154,-0.25,-0.5,-0.8333333333333334,-0.5,0.5,0.75,1.25
1,1,0,0,-0.41134199440688163,0.23076923076923078,-0.5464511230883647,0,6,5,4,3,2,1,0,6,5,0,0,0,1,1,1,1,1,0,0,0,1,1,0,0,0,0,0,1,1,1,0,0,0,0,0,0,0,0,0,-0.313458262350937,-0.6096531225723647,0.18809507956588323,-0.3599640035996401,0.08839601414336226,-0.37162708030376473,-0.0030257186081694403,-0.20111341047538547,-0.05799151343705799,-0.10906515580736544,0.0,-0.07692307692307693,0.6153846153846154,0.6666666666666666,-0.25,-0.5,-0.8333333333333334,-0.5,0.5,0.75
2,1,0,0,-0.030797550355764765,-0.15384615384615385,0.3025476629601584,1,0,6,5,4,3,2,1,0,6,1,0,0,0,1,1,1,1,1,0,0,0,1,1,0,0,0,0,0,1,0,1,0,0,0,0,0,0,0,0,-0.3969335604770017,-0.3124261154456716,-0.6009055196750782,0.17664900176649004,-0.3567984570877531,0.08563580546130231,-0.34795763993948564,-0.008744061325016761,-0.2079207920792079,-0.05807365439093484,0.23076923076923078,0.0,-0.07692307692307693,0.6666666666666666,0.6666666666666666,-0.25,-0.5,-0.8333333333333334,-0.5,0.5
3,1,0,0,-0.3281532089631491,-0.15384615384615385,-0.26411465272699286,2,1,0,6,5,4,3,2,1,0,1,1,0,0,0,1,1,1,1,1,0,0,0,1,1,0,0,0,0,0,0,0,1,0,0,0,0,0,0,0,-0.030664395229982964,-0.39517681629344414,-0.3079432718556495,-0.6132720061327201,0.1607200257152041,-0.36193246081757957,0.08018154311649017,-0.3410183916756536,-0.021216407355021217,-0.20821529745042494,-0.15384615384615385,0.23076923076923078,0.0,-0.08333333333333333,0.6666666666666666,0.6666666666666666,-0.25,-0.5,-0.8333333333333334,-0.5
4,1,0,0,-0.1847853021345888,0.38461538461538464,-0.3864456369072824,3,2,1,0,6,5,4,3,2,1,1,1,1,0,0,0,1,1,1,1,0,0,0,0,1,1,0,0,0,0,0,0,0,1,0,0,0,0,0,0,-0.31686541737649065,-0.03208700645117709,-0.3895066249417405,-0.31996800319968005,-0.6010928961748634,0.15834545160769106,-0.3388804841149773,0.07140983415430355,-0.3437057991513437,-0.021246458923512748,-0.15384615384615385,-0.15384615384615385,0.23076923076923078,0.0,-0.08333333333333333,0.6666666666666666,0.6666666666666666,-0.25,-0.5,-0.8333333333333334
5,0,1,0,-0.044957343622783065,1.2307692307692308,0.3186533821770723,4,3,2,1,0,6,5,4,3,2,1,1,1,1,0,0,0,1,1,1,0,0,0,0,0,1,1,0,0,0,0,0,0,0,1,0,0,0,0,0,-0.1788756388415673,-0.3158036950721113,-0.031626606298688326,-0.4016265040162651,-0.3182256509161041,-0.6075294878009372,0.14826021180030258,-0.33227433035063686,0.056577086280056574,-0.34419263456090654,0.38461538461538464,-0.15384615384615385,-0.15384615384615385,0.25,0.0,-0.08333333333333333,0.6666666666666666,0.6666666666666666,-0.25,-0.5
6,0,1,0,0.06301108003823148,-0.23076923076923078,0.7844600396831886,5,4,3,2,1,0,6,5,4,3,0,1,1,1,1,0,0,0,1,1,1,0,0,0,0,0,1,1,0,0,0,0,0,0,0,1,0,0,0,0,-0.044293015332197615,-0.17901172020130374,-0.311272388308143,-0.04332900043329001,-0.39697846351655414,-0.3231539828728389,-0.5688350983358548,0.13699029409192925,-0.3352192362093352,0.056657223796033995,1.2307692307692308,0.38461538461538464,-0.15384615384615385,-0.16666666666666666,0.25,0.0,-0.08333333333333333,0.6666666666666666,0.6666666666666666,-0.25
0,1,0,0,0.08425076993875893,-0.3076923076923077,0.5236025602930173,6,5,4,3,2,1,0,6,5,4,0,0,1,1,1,1,0,0,0,1,1,1,0,0,0,0,0,1,1,0,0,0,0,0,0,0,1,0,0,0,0.059625212947189095,-0.04559732495693586,-0.17644317198215595,-0.3233010032330101,-0.05143040822886531,-0.40232670867668446,-0.30257186081694404,-0.5537905505843949,0.12022630834512023,-0.3356940509915014,-0.23076923076923078,1.2307692307692308,0.38461538461538464,-0.16666666666666666,-0.16666666666666666,0.25,0.0,-0.08333333333333333,0.6666666666666666,0.6666666666666666
1,1,0,0,-0.09097667174059254,-0.6923076923076923,-0.006917916469087089,0,6,5,4,3,2,1,0,6,5,1,0,0,1,1,1,1,0,0,0,0,1,1,0,0,0,0,0,1,1,0,0,0,0,0,0,0,1,0,0,0.08006814310051108,0.057418853649474785,-0.044943072108662364,-0.18831450188314502,-0.3214400514304082,-0.054936177088382616,-0.3767019667170953,-0.2972980850505698,-0.5502121640735502,0.12039660056657224,-0.3076923076923077,-0.23076923076923078,1.2307692307692308,0.4166666666666667,-0.16666666666666666,-0.16666666666666666,0.25,0.0,-0.08333333333333333,0.6666666666666666
2,1,0,0,-0.12106623243300643,0.0,-0.12891270995355636,1,0,6,5,4,3,2,1,0,6,1,1,0,0,1,1,1,1,0,0,0,0,1,1,0,0,0,0,0,1,0,0,0,0,0,0,0,0,1,0,-0.08858603066439523,0.07768433140811294,0.05659497969238964,-0.05666100056661001,-0.1912568306010929,-0.3263855227015673,-0.05143721633888049,-0.3687079192048734,-0.3012729844413013,-0.5509915014164306,-0.6923076923076923,-0.3076923076923077,-0.23076923076923078,1.3333333333333333,0.4166666666666667,-0.16666666666666666,-0.16666666666666666,0.25,0.0,-0.08333333333333333
3,1,0,0,-0.25735424262805756,-0.7692307692307693,-0.6173367551015,2,1,0,6,5,4,3,2,1,0,1,1,1,0,0,1,1,1,1,0,0,0,0,1,1,0,0,0,0,0,0,0,0,0,0,0,0,0,0,1,-0.11754684838160136,-0.08950586010065187,0.0765696784073507,0.04499550044995501,-0.06428801028608164,-0.19550815963806756,-0.30559757942511345,-0.05537905505843948,-0.37057991513437055,-0.301699716713881,0.0,-0.6923076923076923,-0.3076923076923077,-0.25,1.3333333333333333,0.4166666666666667,-0.16666666666666666,-0.16666666666666666,0.25,0.0
4,1,0,0,-0.6255088675705334,-0.07692307692307693,-1.1799835301799162,3,2,1,0,6,5,4,3,2,1,1,1,1,1,0,0,1,1,1,1,0,0,0,0,1,1,0,0,0,0,0,0,0,0,0,0,0,0,0,0,-0.24872231686541738,-0.11821528692538927,-0.08822158599107797,0.06499350064993502,0.033751205400192864,-0.06786233640329617,-0.18305597579425115,-0.30021277215890874,-0.06647807637906648,-0.37110481586402266,-0.7692307692307693,0.0,-0.6923076923076923,-0.3333333333333333,-0.25,1.3333333333333333,0.4166666666666667,-0.16666666666666666,-0.16666666666666666,0.25
5,0,1,0,0.13558002053170026,0.15384615384615385,0.44150902118748475,4,3,2,1,0,6,5,4,3,2,1,1,1,1,1,0,0,1,1,1,0,0,0,0,0,1,1,0,0,0,0,0,0,0,0,0,0,0,0,0,-0.6030664395229983,-0.24825210254331748,-0.11651907583727279,-0.09999000099990002,0.05303760848601735,0.030699628372919698,-0.06354009077155824,-0.1821679442711825,-0.3041018387553041,-0.06657223796033994,-0.07692307692307693,-0.7692307692307693,0.0,-0.75,-0.3333333333333333,-0.25,1.3333333333333333,0.4166666666666667,-0.16666666666666666,-0.16666666666666666
6,0,1,0,-0.08920669758221525,0.23076923076923078,0.11193923814818553,5,4,3,2,1,0,6,5,4,3,0,1,1,1,1,1,0,0,1,1,1,0,0,0,0,0,1,1,0,0,0,0,0,0,0,0,0,0,0,0,0.12947189097103917,-0.5995203836930456,-0.24469005925827286,-0.12832050128320502,-0.1060752169720347,0.050088867345290035,0.028744326777609682,-0.06703780349179517,-0.18953323903818953,-0.3045325779036827,0.15384615384615385,-0.07692307692307693,-0.7692307692307693,0.0,-0.75,-0.3333333333333333,-0.25,1.3333333333333333,0.4166666666666667,-0.16666666666666666
0,1,0,0,-0.5405501079684236,0.23076923076923078,-0.9432426938784255,6,5,4,3,2,1,0,6,5,4,0,0,1,1,1,1,1,0,0,1,1,1,0,0,0,0,0,1,1,0,0,0,0,0,0,0,0,0,0,0,-0.0868824531516184,0.1266592359914885,-0.5909181703175977,-0.25664100256641004,-0.1333976213436194,-0.10987235417676523,0.046898638426626324,0.0218601533125419,-0.07779349363507779,-0.18980169971671387,0.23076923076923078,0.15384615384615385,-0.07692307692307693,-0.8333333333333334,0.0,-0.75,-0.3333333333333333,-0.25,1.3333333333333333,0.4166666666666667
1,1,0,0,-0.14407589649191116,-0.6923076923076923,0.0065828534569425,0,6,5,4,3,2,1,0,6,5,1,0,0,1,1,1,1,1,0,0,0,1,1,0,0,0,0,0,1,1,0,0,0,0,0,0,0,0,0,0,-0.5212947189097104,-0.08781707028743203,0.12484186696850656,-0.6032730060327302,-0.25715204114432655,-0.13734044272095655,-0.10287443267776097,0.03934827596257542,0.008486562942008486,-0.07790368271954674,0.23076923076923078,0.23076923076923078,0.15384615384615385,-0.08333333333333333,-0.8333333333333334,0.0,-0.75,-0.3333333333333333,-0.25,1.3333333333333333
2,1,0,0,-0.3564727954971857,-0.07692307692307693,-0.47662354028396203,1,0,6,5,4,3,2,1,0,6,1,1,0,0,1,1,1,1,1,0,0,0,1,1,0,0,0,0,0,1,0,0,0,0,0,0,0,0,0,0,-0.13969335604770017,-0.518458472658493,-0.08655702776483122,0.11332200113322002,-0.5914496946319511,-0.2617547261269995,-0.12859304084720122,-0.10492873590020112,0.02545968882602546,0.0084985835694051,-0.6923076923076923,0.23076923076923078,0.23076923076923078,0.16666666666666666,-0.08333333333333333,-0.8333333333333334,0.0,-0.75,-0.3333333333333333,-0.25
3,1,0,0,-0.08035682679032882,-0.6923076923076923,-0.16382086293737916,2,1,0,6,5,4,3,2,1,0,1,1,1,0,0,1,1,1,1,1,0,0,0,1,1,0,0,0,0,0,0,0,0,0,0,0,0,0,0,0,-0.3441226575809199,-0.14016955449724727,-0.5110193754577536,-0.09832350098323502,0.09964641594342655,-0.597834868314752,-0.24508320726172467,-0.12970357632108195,-0.11456859971711457,0.025495750708215296,-0.07692307692307693,-0.6923076923076923,0.23076923076923078,0.25,0.16666666666666666,-0.08333333333333333,-0.8333333333333334,0.0,-0.75,-0.3333333333333333
4,1,0,0,-0.11752628411625186,-0.5384615384615384,0.0,3,2,1,0,6,5,4,3,2,1,1,1,1,1,0,0,1,1,1,1,0,0,0,0,1,1,0,0,0,0,0,0,0,0,0,0,0,0,0,0,-0.07836456558773425,-0.3428243320836289,-0.13815833277848058,-0.5232810052328101,-0.10446801671488266,0.09694619486185167,-0.5597579425113465,-0.24191902999213036,-0.13861386138613863,-0.11473087818696884,-0.6923076923076923,-0.07692307692307693,-0.6923076923076923,0.25,0.25,0.16666666666666666,-0.08333333333333333,-0.8333333333333334,0.0,-0.75
5,0,1,0,0.08425076993875893,0.23076923076923078,0.62947923004014,4,3,2,1,0,6,5,4,3,2,1,1,1,1,1,0,0,1,1,1,0,0,0,0,0,1,1,0,0,0,0,0,0,0,0,0,0,0,0,0,-0.1141396933560477,-0.07937312122133279,-0.3379053199280911,-0.14998500149985003,-0.5143040822886531,-0.10825658426240103,0.0907715582450832,-0.545046489259378,-0.24752475247524752,-0.1388101983002833,-0.5384615384615384,-0.6923076923076923,-0.07692307692307693,-0.75,0.25,0.25,0.16666666666666666,-0.08333333333333333,-0.8333333333333334,0.0
6,0,1,0,-0.31045346737937624,-0.38461538461538464,-0.24495206498615488,5,4,3,2,1,0,6,5,4,3,0,1,1,1,1,1,0,0,1,1,1,0,0,0,0,0,1,1,0,0,0,0,0,0,0,0,0,0,0,0,0.08006814310051108,-0.11483770729894957,-0.07823423663359745,-0.34996500349965004,-0.15429122468659595,-0.5202779124252707,-0.10136157337367625,0.08161123903348975,-0.5417256011315418,-0.24787535410764872,0.23076923076923078,-0.5384615384615384,-0.6923076923076923,-0.08333333333333333,-0.75,0.25,0.25,0.16666666666666666,-0.08333333333333333,-0.8333333333333334
0,1,0,0,-0.018407731247123752,-0.46153846153846156,0.3881874853048721,6,5,4,3,2,1,0,6,5,4,0,0,1,1,1,1,1,0,0,1,1,1,0,0,0,0,0,1,1,0,0,0,0,0,0,0,0,0,0,0,-0.29982964224872233,0.07768433140811294,-0.11318995938477928,-0.08999100089991002,-0.34715525554484084,-0.15834545160769106,-0.48714069591527986,-0.10347139234603166,0.06647807637906648,-0.5424929178470255,-0.38461538461538464,0.23076923076923078,-0.5384615384615384,-0.75,-0.08333333333333333,-0.75,0.25,0.25,0.16666666666666666,-0.08333333333333333
1,1,0,0,-0.13345605154164744,-0.23076923076923078,0.4023135558290815,0,6,5,4,3,2,1,0,6,5,1,0,0,1,1,1,1,1,0,0,0,1,1,0,0,0,0,0,1,1,0,0,0,0,0,0,0,0,0,0,-0.018739352640545145,-0.2989157969399129,0.0765696784073507,-0.12498750124987502,-0.09643201542912246,-0.3522378413313944,-0.14826021180030258,-0.47509399865924395,-0.11315417256011315,0.06657223796033994,-0.46153846153846156,-0.38461538461538464,0.23076923076923078,-0.5833333333333334,-0.75,-0.08333333333333333,-0.75,0.25,0.25,0.16666666666666666
2,1,0,0,0.22938865092569652,-0.8461538461538461,0.6900963154627422,1,0,6,5,4,3,2,1,0,6,1,1,0,0,1,1,1,1,1,0,0,0,1,1,0,0,0,0,0,1,0,0,0,0,0,0,0,0,0,0,-0.12947189097103917,-0.02026547775863816,-0.2946268060456755,0.06499350064993502,-0.13018322082931533,-0.10017773469058007,-0.329803328290469,-0.1486490425252849,-0.4738330975954738,-0.11331444759206799,-0.23076923076923078,-0.46153846153846156,-0.38461538461538464,0.25,-0.5833333333333334,-0.75,-0.08333333333333333,-0.75,0.25,0.25
3,0,0,1,0.28602782399376975,0.3076923076923077,1.2752307945602794,2,1,0,6,5,4,3,2,1,0,1,1,1,0,0,1,1,1,1,1,0,0,0,1,1,0,0,0,0,0,0,0,0,0,0,0,0,0,0,0,0.21976149914821125,-0.1300368156179282,-0.01997469871496105,-0.3066360030663601,0.05303760848601735,-0.13410890289222815,-0.09379727685325265,-0.3235302690256201,-0.157001414427157,-0.4745042492917847,-0.8461538461538461,-0.23076923076923078,-0.46153846153846156,-0.4166666666666667,0.25,-0.5833333333333334,-0.75,-0.08333333333333333,-0.75,0.25
4,0,0,1,0.4860349038904032,-0.9230769230769231,1.7790468761188736,3,2,1,0,6,5,4,3,2,1,0,1,1,1,0,0,1,1,1,1,0,0,0,0,1,1,0,0,0,0,1,0,0,0,0,0,0,0,0,0,0.27427597955706984,0.21616509609214038,-0.12817098342100006,-0.03166350031663501,-0.3053680488588878,0.050088867345290035,-0.12556732223903178,-0.09618467457518436,-0.32673267326732675,-0.15722379603399433,0.3076923076923077,-0.8461538461538461,-0.23076923076923078,-0.5,-0.4166666666666667,0.25,-0.5833333333333334,-0.75,-0.08333333333333333,-0.75
5,0,1,0,0.029381571029063015,0.5384615384615384,0.568407547135768,4,3,2,1,0,6,5,4,3,2,0,0,1,1,1,0,0,1,1,1,0,0,0,0,0,1,1,0,0,0,1,1,0,0,0,0,0,0,0,0,0.46678023850085176,0.27020637011517545,0.21306345295958454,-0.13998600139986003,-0.04018000642880103,-0.3102278235579254,0.046898638426626324,-0.12678888921274303,-0.10608203677510608,-0.3271954674220963,-0.9230769230769231,0.3076923076923077,-0.8461538461538461,-0.25,-0.5,-0.4166666666666667,0.25,-0.5833333333333334,-0.75,-0.08333333333333333
6,0,1,0,0.6382526815108499,-0.5384615384615384,2.6648976598872203,5,4,3,2,1,0,6,5,4,3,0,0,0,1,1,1,0,0,1,1,1,0,0,0,0,0,1,1,0,0,0,1,1,0,0,0,0,0,0,0,0.027257240204429302,0.46103961900901813,0.26632931619948064,0.20164650201646503,-0.1446480231436837,-0.043625787687833255,-0.29046898638426627,0.03934827596257542,-0.13578500707213578,-0.10623229461756374,0.5384615384615384,-0.9230769230769231,0.3076923076923077,-0.9166666666666666,-0.25,-0.5,-0.4166666666666667,0.25,-0.5833333333333334,-0.75
0,1,0,0,-0.16531558639243862,0.15384615384615385,-0.11914781508468622,6,5,4,3,2,1,0,6,5,4,0,0,0,0,1,1,1,0,0,1,1,1,0,0,0,0,0,1,1,0,0,0,1,1,0,0,0,0,0,0,0.6132879045996593,0.0253318471982977,0.45442439576536386,0.2549745025497451,0.18482802957248473,-0.1486508321215059,-0.04084720121028744,-0.2856393366172142,0.02545968882602546,-0.1359773371104816,-0.5384615384615384,0.5384615384615384,-0.9230769230769231,0.3333333333333333,-0.9166666666666666,-0.25,-0.5,-0.4166666666666667,0.25,-0.5833333333333334
1,1,0,0,0.2895677723105243,-0.46153846153846156,1.0826332767048181,0,6,5,4,3,2,1,0,6,5,1,0,0,0,0,1,1,1,0,0,0,1,1,0,0,0,0,0,1,1,0,0,0,1,1,0,0,0,0,0,-0.16013628620102216,0.606275542945925,0.024968373393701313,0.4432890044328901,0.23625843780135003,0.182582000323154,-0.13918305597579425,-0.04517765017925326,-0.28995756718529,0.025495750708215296,0.15384615384615385,-0.5384615384615384,0.5384615384615384,-1.0,0.3333333333333333,-0.9166666666666666,-0.25,-0.5,-0.4166666666666667,0.25
2,1,0,0,-0.3086834932209989,-0.38461538461538464,-0.43706538366335934,1,0,6,5,4,3,2,1,0,6,1,1,0,0,0,0,1,1,1,0,0,0,1,1,0,0,0,0,0,1,0,0,0,0,1,1,0,0,0,0,0.2776831345826235,-0.16043503225588543,0.5975764032225848,0.013332000133320003,0.41787206685953066,0.2342866375828082,0.17095310136157338,-0.13990498120026817,-0.056577086280056574,-0.29036827195467424,-0.46153846153846156,0.15384615384615385,-0.5384615384615384,0.5833333333333334,-1.0,0.3333333333333333,-0.9166666666666666,-0.25,-0.5,-0.4166666666666667
3,1,0,0,-0.24673439767779384,0.3076923076923077,-0.24754912049130923,2,1,0,6,5,4,3,2,1,0,1,1,1,0,0,0,0,1,1,1,0,0,0,1,1,0,0,0,0,0,0,0,0,0,0,1,1,0,0,0,-0.2981260647359455,0.27358394974161515,-0.15813303149344166,0.5866080058660801,0.003214400514304082,0.4168686379059622,0.21936459909228442,0.15885044740447113,-0.1485148514851485,-0.056657223796033995,-0.38461538461538464,-0.46153846153846156,0.15384615384615385,-0.5833333333333334,0.5833333333333334,-1.0,0.3333333333333333,-0.9166666666666666,-0.25,-0.5
4,1,0,0,0.16920952954086874,0.9230769230769231,0.31418225736335154,3,2,1,0,6,5,4,3,2,1,1,1,1,1,0,0,0,0,1,1,0,0,0,0,1,1,0,0,0,0,0,0,0,0,0,0,1,1,0,0,-0.23850085178875638,-0.29722700712669303,0.26965843265197414,-0.16998300169983002,0.5560912889746062,0.0,0.3903177004538578,0.20548544113789385,0.14144271570014144,-0.14872521246458922,0.3076923076923077,-0.38461538461538464,-0.46153846153846156,0.16666666666666666,-0.5833333333333334,0.5833333333333334,-1.0,0.3333333333333333,-0.9166666666666666,-0.25
5,0,1,0,0.3037275655775426,-0.46153846153846156,0.778480637953209,4,3,2,1,0,6,5,4,3,2,1,1,1,1,1,0,0,0,0,1,0,0,0,0,0,1,1,0,0,0,0,0,0,0,0,0,0,1,1,0,0.16183986371379896,-0.23811936366399838,-0.2929622478194287,0.25830750258307505,-0.17357762777242042,0.5558248505412829,0.0,0.3701652627590428,0.1867043847241867,0.141643059490085,0.9230769230769231,0.3076923076923077,-0.38461538461538464,-0.5,0.16666666666666666,-0.5833333333333334,0.5833333333333334,-1.0,0.3333333333333333,-0.9166666666666666
6,0,1,0,0.06301108003823148,0.46153846153846156,0.9092055355736273,5,4,3,2,1,0,6,5,4,3,0,1,1,1,1,1,0,0,0,0,1,0,0,0,0,0,1,1,0,0,0,0,0,0,0,0,0,0,1,1,0.29131175468483816,0.15874624244266558,-0.23470270990079234,-0.30496950304969506,0.2394728383156541,-0.17773469058006142,0.5204236006051437,-0.00582937421667784,0.3465346534653465,0.18696883852691218,-0.46153846153846156,0.9230769230769231,0.3076923076923077,-0.4166666666666667,-0.5,0.16666666666666666,-0.5833333333333334,0.5833333333333334,-1.0,0.3333333333333333
0,1,0,0,-0.2715140358950759,-0.07692307692307693,-0.2430416278790469,6,5,4,3,2,1,0,6,5,4,0,0,1,1,1,1,1,0,0,0,1,1,0,0,0,0,0,1,1,0,0,0,0,0,0,0,0,0,0,1,0.059625212947189095,0.28709426824737394,0.1564684732671949,-0.24664200246642004,-0.30376084860173574,0.2375181774115366,-0.1664145234493192,0.4954968084176164,-0.018387553041018388,0.34702549575070823,0.46153846153846156,-0.46153846153846156,0.9230769230769231,0.3333333333333333,-0.4166666666666667,-0.5,0.16666666666666666,-0.5833333333333334,0.5833333333333334,-1.0
1,1,0,0,-0.2007150695599844,0.3076923076923077,-0.04531582754784621,0,6,5,4,3,2,1,0,6,5,1,0,0,1,1,1,1,1,0,0,0,1,1,0,0,0,0,0,1,1,0,0,0,0,0,0,0,0,0,0,-0.262350936967632,0.057418853649474785,0.2829748984619482,0.14498550144985503,-0.24750883960141432,-0.30861205364356115,0.22239031770045387,-0.16613716517531843,0.4681753889674682,-0.018413597733711047,-0.07692307692307693,0.46153846153846156,-0.46153846153846156,1.0,0.3333333333333333,-0.4166666666666667,-0.5,0.16666666666666666,-0.5833333333333334,0.5833333333333334
2,1,0,0,0.7745406917059011,-0.46153846153846156,2.118008290730384,1,0,6,5,4,3,2,1,0,6,1,1,0,0,1,1,1,1,1,0,0,0,1,1,0,0,0,0,0,1,0,0,0,0,0,0,0,0,0,0,-0.19420783645655879,-0.2617624210490762,0.05659497969238964,0.27163950271639503,0.13018322082931533,-0.25206010664081435,-0.28895612708018154,0.20840012824623277,-0.173974540311174,0.4688385269121813,0.3076923076923077,-0.07692307692307693,0.46153846153846156,-0.5,1.0,0.3333333333333333,-0.4166666666666667,-0.5,0.16666666666666666,-0.5833333333333334
3,0,0,1,0.5940033275514178,-0.15384615384615385,1.4531082345153525,2,1,0,6,5,4,3,2,1,0,1,1,1,0,0,1,1,1,1,1,0,0,0,1,1,0,0,0,0,0,0,0,0,0,0,0,0,0,0,0,0.7444633730834753,-0.19421082852028237,-0.2580065250682469,0.04499550044995501,0.25233044037287045,0.12764582323477136,-0.23600605143721634,-0.2841819930630447,0.18953323903818953,-0.17422096317280453,-0.46153846153846156,0.3076923076923077,-0.07692307692307693,0.5,-0.5,1.0,0.3333333333333333,-0.4166666666666667,-0.5,0.16666666666666666
4,1,0,0,-0.18124535381783421,0.3076923076923077,-0.389959499240787,3,2,1,0,6,5,4,3,2,1,0,1,1,1,0,0,1,1,1,1,0,0,0,0,1,1,0,0,0,0,1,0,0,0,0,0,0,0,0,0,0.5706984667802385,0.7363123585638531,-0.19142419601837674,-0.26997300269973007,0.033751205400192864,0.25044433672645017,0.11951588502269289,-0.2331749686671136,-0.28854314002828857,0.18980169971671387,-0.15384615384615385,-0.46153846153846156,0.3076923076923077,-0.08333333333333333,0.5,-0.5,1.0,0.3333333333333333,-0.4166666666666667,-0.5
5,0,1,0,0.1904492194413962,-0.15384615384615385,0.40931957258533325,4,3,2,1,0,6,5,4,3,2,1,0,1,1,1,0,0,1,1,1,0,0,0,0,0,1,1,0,0,0,0,1,0,0,0,0,0,0,0,0,-0.17546848381601363,0.5640557976154288,0.7257473866435848,-0.20331300203313005,-0.2700096432015429,0.030699628372919698,0.2344931921331316,0.1093007665627095,-0.23903818953323905,-0.28895184135977336,0.3076923076923077,-0.15384615384615385,-0.46153846153846156,0.3333333333333333,-0.08333333333333333,0.5,-0.5,1.0,0.3333333333333333,-0.4166666666666667
6,0,1,0,-0.13522602570002473,0.3076923076923077,0.1255383984749206,5,4,3,2,1,0,6,5,4,3,0,1,0,1,1,1,0,0,1,1,1,0,0,0,0,0,1,1,0,0,0,0,1,0,0,0,0,0,0,0,0.18228279386712096,-0.17563414057486407,0.5559624475664159,0.7149285071492851,-0.20572163291546125,-0.2746808854419131,0.028744326777609682,0.22005887667958846,0.09335219236209336,-0.23937677053824363,-0.15384615384615385,0.3076923076923077,-0.15384615384615385,-0.5,0.3333333333333333,-0.08333333333333333,0.5,-0.5,1.0,0.3333333333333333
0,1,0,0,-0.17593543134270234,0.15384615384615385,-0.2943632167627923,6,5,4,3,2,1,0,6,5,4,0,0,1,0,1,1,1,0,0,1,1,1,0,0,0,0,0,1,1,0,0,0,0,1,0,0,0,0,0,0,-0.131175468483816,0.17901172020130374,-0.17311405552966244,0.5449455054494551,0.6798457087753134,-0.2100500888673453,-0.25718608169440244,0.0218601533125419,0.20084865629420084,0.09348441926345609,0.3076923076923077,-0.15384615384615385,0.3076923076923077,-0.16666666666666666,-0.5,0.3333333333333333,-0.08333333333333333,0.5,-0.5,1.0
1,1,0,0,-0.4980707281673687,-0.23076923076923078,-0.8284673312858357,0,6,5,4,3,2,1,0,6,5,1,0,0,1,0,1,1,1,0,0,0,1,1,0,0,0,0,0,1,1,0,0,0,0,1,0,0,0,0,0,-0.17035775127768313,-0.13172560543114803,0.17644317198215595,-0.18498150184981504,0.5159112825458052,0.6802391339473259,-0.19667170953101362,-0.25357777842548607,0.008486562942008486,0.20113314447592068,0.15384615384615385,0.3076923076923077,-0.15384615384615385,0.3333333333333333,-0.16666666666666666,-0.5,0.3333333333333333,-0.08333333333333333,0.5,-0.5
2,1,0,0,-0.37948245955609045,0.38461538461538464,-0.6851800375180359,1,0,6,5,4,3,2,1,0,6,1,1,0,0,1,0,1,1,1,0,0,0,1,1,0,0,0,0,0,1,0,0,0,0,0,1,0,0,0,0,-0.4804088586030664,-0.17056777113520452,-0.1298355416472468,0.16498350164983502,-0.1880424300867888,0.5154306026821781,0.6369137670196672,-0.19528403625870763,-0.25884016973125884,0.0084985835694051,-0.23076923076923078,0.15384615384615385,0.3076923076923077,-0.16666666666666666,0.3333333333333333,-0.16666666666666666,-0.5,0.3333333333333333,-0.08333333333333333,0.5
3,1,0,0,-0.2007150695599844,0.38461538461538464,-0.3589434055032091,2,1,0,6,5,4,3,2,1,0,1,1,1,0,0,1,0,1,1,1,0,0,0,1,1,0,0,0,0,0,0,0,0,0,0,0,1,0,0,0,-0.36626916524701875,-0.4779275171412166,-0.16812038085092218,-0.14165250141652502,0.14946962391513982,-0.19227661980933916,0.4826021180030257,0.6077122620886648,-0.20226308345120225,-0.25920679886685555,0.38461538461538464,-0.23076923076923078,0.15384615384615385,0.3333333333333333,-0.16666666666666666,0.3333333333333333,-0.16666666666666666,-0.5,0.3333333333333333,-0.08333333333333333
4,1,0,0,-0.1723954830259478,0.23076923076923078,0.039126112812347236,3,2,1,0,6,5,4,3,2,1,1,1,1,1,0,0,1,0,1,1,0,0,0,0,1,1,0,0,0,0,0,0,0,0,0,0,0,1,0,0,-0.19420783645655879,-0.36477859965548687,-0.4710699780278314,-0.17998200179982005,-0.14625522340083574,0.14703506220714171,-0.1800302571860817,0.4590632195633799,0.5770862800565771,-0.20254957507082152,0.38461538461538464,0.38461538461538464,-0.23076923076923078,0.16666666666666666,0.3333333333333333,-0.16666666666666666,0.3333333333333333,-0.16666666666666666,-0.5,0.3333333333333333
5,0,1,0,-0.29098375163722606,0.6153846153846154,-0.431592452864232,4,3,2,1,0,6,5,4,3,2,1,1,1,1,1,0,0,1,0,1,0,0,0,0,0,1,1,0,0,0,0,0,0,0,0,0,0,0,1,0,-0.16695059625212946,-0.19421082852028237,-0.3595445768692989,-0.4832850048328501,-0.18322082931533268,-0.15026660203587008,0.13767019667170954,-0.17925325716284357,0.4328147100424328,0.5779036827195467,0.23076923076923078,0.38461538461538464,0.38461538461538464,-0.25,0.16666666666666666,0.3333333333333333,-0.16666666666666666,0.3333333333333333,-0.16666666666666666,-0.5
6,0,1,0,-0.22018478530213453,0.5384615384615384,-0.046401645967093064,5,4,3,2,1,0,6,5,4,3,0,1,1,1,1,1,0,0,1,0,1,0,0,0,0,0,1,1,0,0,0,0,0,0,0,0,0,0,0,1,-0.28109028960817717,-0.16719019150876482,-0.19142419601837674,-0.37162950371629505,-0.47573127611700416,-0.18742931006624658,-0.14069591527987896,0.12678888921274303,-0.1867043847241867,0.43342776203966005,0.6153846153846154,0.23076923076923078,0.38461538461538464,0.4166666666666667,-0.25,0.16666666666666666,0.3333333333333333,-0.16666666666666666,0.3333333333333333,-0.16666666666666666
0,1,0,0,0.11434033063117283,-0.15384615384615385,0.6548219472052333,6,5,4,3,2,1,0,6,5,4,0,0,1,1,1,1,1,0,0,1,1,1,0,0,0,0,0,1,1,0,0,0,0,0,0,0,0,0,0,0,-0.21294718909710392,-0.28033910899449455,-0.16479126439842867,-0.20331300203313005,-0.3680488588878174,-0.48149943448053,-0.17549167927382753,-0.14136232475443763,0.11032531824611033,-0.18696883852691218,0.5384615384615384,0.6153846153846154,0.23076923076923078,0.4166666666666667,0.4166666666666667,-0.25,0.16666666666666666,0.3333333333333333,-0.16666666666666666,0.3333333333333333
1,1,0,0,-0.46267124499982293,0.38461538461538464,-0.6801901782134897,0,6,5,4,3,2,1,0,6,5,1,0,0,1,1,1,1,1,0,0,0,1,1,0,0,0,0,0,1,1,0,0,0,0,0,0,0,0,0,0,0.10902896081771721,-0.21278751646570068,-0.27631666555696116,-0.17664900176649004,-0.20572163291546125,-0.373242850218129,-0.4508320726172466,-0.1748812265003352,-0.14992927864214992,0.11048158640226628,-0.15384615384615385,0.5384615384615384,0.6153846153846154,0.25,0.4166666666666667,0.4166666666666667,-0.25,0.16666666666666666,0.3333333333333333,-0.16666666666666666
2,1,0,0,-0.1865552762929661,-0.07692307692307693,-0.059630644127277144,1,0,6,5,4,3,2,1,0,6,1,1,0,0,1,1,1,1,1,0,0,0,1,1,0,0,0,0,0,1,0,0,0,0,0,0,0,0,0,0,-0.4463373083475298,0.10639375823285034,-0.20973433650709103,-0.28830450288304504,-0.1800064288010286,-0.2100500888673453,-0.3494704992435703,-0.4401177533591769,-0.18246110325318246,-0.1501416430594901,0.38461538461538464,-0.15384615384615385,0.5384615384615384,0.6666666666666666,0.25,0.4166666666666667,0.4166666666666667,-0.25,0.16666666666666666,0.3333333333333333
3,1,0,0,0.5373641544833445,-0.3076923076923077,0.9339123801060812,2,1,0,6,5,4,3,2,1,0,1,1,1,0,0,1,1,1,1,1,0,0,0,1,1,0,0,0,0,0,0,0,0,0,0,0,0,0,0,0,-0.18057921635434412,-0.4441517208768197,0.10486716825354551,-0.22164450221644505,-0.28768884603021533,-0.18419777023751818,-0.19667170953101362,-0.3424757352298231,-0.43988684582743987,-0.18271954674220964,-0.07692307692307693,0.38461538461538464,-0.15384615384615385,0.5833333333333334,0.6666666666666666,0.25,0.4166666666666667,0.4166666666666667,-0.25,0.16666666666666666
4,1,0,0,0.13027009805656842,0.23076923076923078,0.3309345622078242,3,2,1,0,6,5,4,3,2,1,1,1,1,1,0,0,1,1,1,1,0,0,0,0,1,1,0,0,0,0,0,0,0,0,0,0,0,0,0,0,0.5161839863713799,-0.18070051001452359,-0.4377788135028963,0.09332400093324002,-0.2234008357441337,-0.29245435449991924,-0.17246596066565809,-0.19528403625870763,-0.3451202263083451,-0.4405099150141643,-0.3076923076923077,-0.07692307692307693,0.38461538461538464,-0.16666666666666666,0.5833333333333334,0.6666666666666666,0.25,0.4166666666666667,0.4166666666666667,-0.25
5,0,1,0,0.12496017558143654,0.38461538461538464,0.20937928343596193,4,3,2,1,0,6,5,4,3,2,1,1,1,1,1,0,0,1,1,1,0,0,0,0,0,1,1,0,0,0,0,0,0,0,0,0,0,0,0,0,0.12436115843270869,0.5100145235923937,-0.1781077302084027,-0.44995500449955006,0.08036001285760205,-0.22782355792535144,-0.27382753403933435,-0.17196653939199627,-0.20226308345120225,-0.34560906515580736,0.23076923076923078,-0.3076923076923077,-0.07692307692307693,0.4166666666666667,-0.16666666666666666,0.5833333333333334,0.6666666666666666,0.25,0.4166666666666667,0.4166666666666667
6,0,1,0,-0.2396545010442847,0.15384615384615385,-0.23242208974444997,5,4,3,2,1,0,6,5,4,3,0,1,1,1,1,1,0,0,1,1,1,0,0,0,0,0,1,1,0,0,0,0,0,0,0,0,0,0,0,0,0.11925042589437819,0.12159286655182897,0.5026965843265198,-0.18998100189981004,-0.44358727097396333,0.07755695588948135,-0.21331316187594554,-0.2696085575213501,-0.17963224893917965,-0.20254957507082152,0.38461538461538464,0.23076923076923078,-0.3076923076923077,-0.08333333333333333,0.4166666666666667,-0.16666666666666666,0.5833333333333334,0.6666666666666666,0.25,0.4166666666666667
0,1,0,0,-0.5653297461857056,-0.15384615384615385,-1.0640732949281864,6,5,4,3,2,1,0,6,5,4,0,0,1,1,1,1,1,0,0,1,1,1,0,0,0,0,0,1,1,0,0,0,0,0,0,0,0,0,0,0,-0.23168654173764908,0.11652649711216942,0.1198481922897663,0.4916175049161751,-0.1928640308582449,-0.4491840361932461,0.07261724659606657,-0.2113148153545717,-0.2743988684582744,-0.17988668555240794,0.15384615384615385,0.38461538461538464,0.23076923076923078,-0.3333333333333333,-0.08333333333333333,0.4166666666666667,-0.16666666666666666,0.5833333333333334,0.6666666666666666,0.25
1,1,0,0,-0.3547028213388084,-0.3076923076923077,-0.5333492712626167,0,6,5,4,3,2,1,0,6,5,1,0,0,1,1,1,1,1,0,0,0,1,1,0,0,0,0,0,1,1,0,0,0,0,0,0,0,0,0,0,-0.545144804088586,-0.231364204411119,0.11485451761102604,0.10832250108322503,0.46448087431693985,-0.19712392955243174,-0.4205748865355522,0.06412311638345625,-0.21782178217821782,-0.2747875354107649,-0.15384615384615385,0.15384615384615385,0.38461538461538464,0.25,-0.3333333333333333,-0.08333333333333333,0.4166666666666667,-0.16666666666666666,0.5833333333333334,0.6666666666666666
2,1,0,0,-0.49099083153385953,0.07692307692307693,-0.8942740169840439,1,0,6,5,4,3,2,1,0,6,1,1,0,0,1,1,1,1,1,0,0,0,1,1,0,0,0,0,0,1,0,0,0,0,0,0,0,0,0,0,-0.3424190800681431,-0.5421015300435708,-0.22804447699580532,0.10332300103323001,0.09482481517197042,0.46372596542252387,-0.18456883509833585,-0.4109708822757877,0.04950495049504951,-0.21813031161473087,-0.3076923076923077,-0.15384615384615385,0.15384615384615385,0.4166666666666667,0.25,-0.3333333333333333,-0.08333333333333333,0.4166666666666667,-0.16666666666666666,0.5833333333333334
3,1,0,0,-0.3493928988636765,-0.38461538461538464,-0.6416121196675363,2,1,0,6,5,4,3,2,1,0,1,1,1,0,0,1,1,1,1,1,0,0,0,1,1,0,0,0,0,0,0,0,0,0,0,0,0,0,0,0,-0.4735945485519591,-0.34113554227040904,-0.534323190625208,-0.23997600239976005,0.0900032144005143,0.09209888511875909,0.4341906202723147,-0.18362528782535195,-0.4115983026874116,0.049575070821529746,0.07692307692307693,-0.3076923076923077,-0.15384615384615385,0.16666666666666666,0.4166666666666667,0.25,-0.3333333333333333,-0.08333333333333333,0.4166666666666667,-0.16666666666666666
4,1,0,0,-0.30514354490424433,-0.15384615384615385,-0.37904831391556015,3,2,1,0,6,5,4,3,2,1,1,1,1,1,0,0,1,1,1,1,0,0,0,0,1,1,0,0,0,0,0,0,0,0,0,0,0,0,0,0,-0.3373083475298126,-0.4711723578883372,-0.33624076170184436,-0.5466120054661201,-0.24108003857280616,0.08725157537566651,0.08623298033282904,0.4124282258299572,-0.19094766619519093,-0.4121813031161473,-0.38461538461538464,0.07692307692307693,-0.3076923076923077,-0.16666666666666666,0.16666666666666666,0.4166666666666667,0.25,-0.3333333333333333,-0.08333333333333333,0.4166666666666667
5,0,1,0,0.0028319586534037004,0.0,0.2560504458015491,4,3,2,1,0,6,5,4,3,2,1,1,1,1,1,0,0,1,1,1,0,0,0,0,0,1,1,0,0,0,0,0,0,0,0,0,0,0,0,0,-0.29471890971039183,-0.3360691728307495,-0.4644117451228444,-0.3482985034829851,-0.5368048858887817,-0.24559702698335759,0.08169440242057488,0.07723920837098137,0.38755304101838756,-0.19121813031161472,-0.15384615384615385,-0.38461538461538464,0.07692307692307693,-0.3333333333333333,-0.16666666666666666,0.16666666666666666,0.4166666666666667,0.25,-0.3333333333333333,-0.08333333333333333
6,0,1,0,-0.14584587065028845,0.8461538461538461,-0.028050567591386074,5,4,3,2,1,0,6,5,4,3,0,1,1,1,1,1,0,0,1,1,1,0,0,0,0,0,1,1,0,0,0,0,0,0,0,0,0,0,0,0,0.0017035775127768314,-0.29384942750025334,-0.33124708702310407,-0.47661900476619007,-0.34554805528768884,-0.5428986912263694,-0.22995461422087746,0.072867177708473,0.06223479490806223,0.3881019830028329,0.0,-0.15384615384615385,-0.38461538461538464,0.08333333333333333,-0.3333333333333333,-0.16666666666666666,0.16666666666666666,0.4166666666666667,0.25,-0.3333333333333333
0,1,0,0,-0.4732910899500867,-0.07692307692307693,-1.0060301474953863,6,5,4,3,2,1,0,6,5,4,0,0,1,1,1,1,1,0,0,1,1,1,0,0,0,0,0,1,1,0,0,0,0,0,0,0,0,0,0,0,-0.141396933560477,0.0,-0.2896331313669352,-0.3432990034329901,-0.46930247508839595,-0.3506220714170302,-0.5083207261724659,-0.22734559445043576,0.05799151343705799,0.06232294617563739,0.8461538461538461,0.0,-0.15384615384615385,-0.4166666666666667,0.08333333333333333,-0.3333333333333333,-0.16666666666666666,0.16666666666666666,0.4166666666666667,0.25
1,1,0,0,-0.31930333817126266,0.23076923076923078,-0.5055642731768597,0,6,5,4,3,2,1,0,6,5,1,0,0,1,1,1,1,1,0,0,0,1,1,0,0,0,0,0,1,1,0,0,0,0,0,0,0,0,0,0,-0.4565587734241908,-0.14185834431046712,0.0,-0.3016365030163651,-0.3407264545162327,-0.4750363548230732,-0.32829046898638425,-0.4954968084176164,-0.2333804809052334,0.05807365439093484,-0.07692307692307693,0.8461538461538461,0.0,-0.16666666666666666,-0.4166666666666667,0.08333333333333333,-0.3333333333333333,-0.16666666666666666,0.16666666666666666,0.4166666666666667
2,1,0,0,0.46656518814825304,-0.23076923076923078,1.7257044780882604,1,0,6,5,4,3,2,1,0,6,1,1,0,0,1,1,1,1,1,0,0,0,1,1,0,0,0,0,0,1,0,0,0,0,0,0,0,0,0,0,-0.3083475298126065,-0.45428445975613874,-0.13982289100472733,-0.011665500116655002,-0.3005464480874317,-0.34577476167393767,-0.44478063540090773,-0.32207292547145067,-0.49363507779349364,-0.23371104815864022,0.23076923076923078,-0.07692307692307693,0.8461538461538461,0.0,-0.16666666666666666,-0.4166666666666667,0.08333333333333333,-0.3333333333333333,-0.16666666666666666,0.16666666666666666
3,1,0,0,-0.28567382916209416,0.0,-0.34978379484727495,2,1,0,6,5,4,3,2,1,0,1,1,1,0,0,1,1,1,1,1,0,0,0,1,1,0,0,0,0,0,0,0,0,0,0,0,0,0,0,0,0.44804088586030666,-0.3073597460060121,-0.44776616286037685,-0.15165150151651502,-0.020893603342976533,-0.3053805138148328,-0.3237518910741301,-0.43428837914249907,-0.32531824611032534,-0.4943342776203966,-0.23076923076923078,0.23076923076923078,-0.07692307692307693,0.9166666666666666,0.0,-0.16666666666666666,-0.4166666666666667,0.08333333333333333,-0.3333333333333333,-0.16666666666666666
4,1,0,0,-0.4290417359906545,0.8461538461538461,-0.8048915534801164,3,2,1,0,6,5,4,3,2,1,1,1,1,1,0,0,1,1,1,1,0,0,0,0,1,1,0,0,0,0,0,0,0,0,0,0,0,0,0,0,-0.27597955706984667,0.44246293106359985,-0.3029495971769093,-0.4599540045995401,-0.15589842494374798,-0.024236548715462918,-0.2859304084720121,-0.31770089480894226,-0.43422913719943423,-0.32577903682719545,0.0,-0.23076923076923078,0.23076923076923078,-0.08333333333333333,0.9166666666666666,0.0,-0.16666666666666666,-0.4166666666666667,0.08333333333333333,-0.3333333333333333
5,0,1,0,0.0895606924138908,0.3076923076923077,0.585706214721121,4,3,2,1,0,6,5,4,3,2,1,1,1,1,1,0,0,1,1,1,0,0,0,0,0,1,1,0,0,0,0,0,0,0,0,0,0,0,0,0,-0.41396933560477,-0.275272739554835,0.4361142552766496,-0.31496850314968505,-0.4532304725168756,-0.15996122152205527,-0.0226928895612708,-0.2812673059547058,-0.32107496463932106,-0.4348441926345609,0.8461538461538461,0.0,-0.23076923076923078,0.25,-0.08333333333333333,0.9166666666666666,0.0,-0.16666666666666666,-0.4166666666666667,0.08333333333333333
6,0,1,0,0.11965025310630469,-0.23076923076923078,-0.014894023107366199,5,4,3,2,1,0,6,5,4,3,0,1,1,1,1,1,0,0,1,1,1,0,0,0,0,0,1,1,0,0,0,0,0,0,0,0,0,0,0,0,0.08517887563884156,-0.4120647144256426,-0.2713229908782209,0.42495750424957507,-0.313404050144648,-0.45887865567943126,-0.14977307110438728,-0.02768952752921974,-0.2857142857142857,-0.32152974504249293,0.3076923076923077,0.8461538461538461,0.0,-0.25,0.25,-0.08333333333333333,0.9166666666666666,0.0,-0.16666666666666666,-0.4166666666666667
0,0,0,1,-0.05557718857304679,-0.15384615384615385,-0.16237249421639235,6,5,4,3,2,1,0,6,5,4,0,0,1,1,1,1,1,0,0,1,1,1,0,0,0,0,0,1,1,0,0,0,0,0,0,0,0,0,0,0,0.1141396933560477,0.08275070084777249,-0.406152207204208,-0.28330500283305005,0.40019286403085824,-0.3183066731297463,-0.4296520423600605,-0.15010638607945437,-0.039603960396039604,-0.28611898016997167,-0.23076923076923078,0.3076923076923077,0.8461538461538461,0.0,-0.25,0.25,-0.08333333333333333,0.9166666666666666,0.0,-0.16666666666666666
1,1,0,0,-0.4255017876738999,-0.23076923076923078,-0.7991902667366583,0,6,5,4,3,2,1,0,6,5,0,0,0,1,1,1,1,1,0,0,0,1,1,0,0,0,0,0,1,1,1,0,0,0,0,0,0,0,0,0,-0.054514480408858604,0.11146012767250989,0.08156335308609096,-0.41829150418291505,-0.2828672452587592,0.39909516884795604,-0.2980332829046899,-0.41971494360080447,-0.15841584158415842,-0.039660056657223795,-0.15384615384615385,-0.23076923076923078,0.3076923076923077,0.9166666666666666,0.0,-0.25,0.25,-0.08333333333333333,0.9166666666666666,0.0
2,1,0,0,-0.30160359658748975,0.0,-0.48174632530178224,1,0,6,5,4,3,2,1,0,6,1,0,0,0,1,1,1,1,1,0,0,0,1,1,0,0,0,0,0,1,0,1,0,0,0,0,0,0,0,0,-0.41056218057921634,-0.055730063836254944,0.10986084293228578,0.06999300069993002,-0.41305046608807455,-0.28760704475682664,0.37367624810892586,-0.29292605438806146,-0.4200848656294201,-0.15864022662889518,-0.23076923076923078,-0.15384615384615385,-0.23076923076923078,0.3333333333333333,0.9166666666666666,0.0,-0.25,0.25,-0.08333333333333333,0.9166666666666666
3,1,0,0,-0.5883394102446103,0.23076923076923078,-1.119069582029684,2,1,0,6,5,4,3,2,1,0,1,1,0,0,0,1,1,1,1,1,0,0,0,1,1,0,0,0,0,0,0,0,1,0,0,0,0,0,0,0,-0.29131175468483816,-0.4086871347992029,-0.05493042146614289,0.09832350098323502,0.057859209257473475,-0.4184844078203264,-0.2692889561270802,0.3541344836631788,-0.297029702970297,-0.4206798866855524,0.0,-0.23076923076923078,-0.15384615384615385,-0.25,0.3333333333333333,0.9166666666666666,0.0,-0.25,0.25,-0.08333333333333333
4,1,0,0,-0.04849729193953764,-0.07692307692307693,0.15303696490704785,3,2,1,0,6,5,4,3,2,1,1,1,1,0,0,0,1,1,1,1,0,0,0,0,1,1,0,0,0,0,0,0,0,1,0,0,0,0,0,0,-0.5672913117546848,-0.29047184787381364,-0.4028230907517145,-0.06666000066660001,0.08518161362905817,0.054936177088382616,-0.3918305597579425,-0.26523652685884175,0.33097595473833097,-0.29745042492917845,0.23076923076923078,0.0,-0.23076923076923078,-0.16666666666666666,-0.25,0.3333333333333333,0.9166666666666666,0.0,-0.25,0.25
5,0,1,0,-0.4732910899500867,0.9230769230769231,-0.6488796180760927,4,3,2,1,0,6,5,4,3,2,1,1,1,1,0,0,0,1,1,1,0,0,0,0,0,1,1,0,0,0,0,0,0,0,1,0,0,0,0,0,-0.04770017035775128,-0.5640557976154288,-0.2863040149144417,-0.4149585041495851,-0.07393121182899388,0.08240426563257393,0.05143721633888049,-0.383281354746568,-0.27015558698727016,0.3314447592067989,-0.07692307692307693,0.23076923076923078,0.0,-0.25,-0.16666666666666666,-0.25,0.3333333333333333,0.9166666666666666,0.0,-0.25
6,0,1,0,-0.2644341392615667,0.07692307692307693,-0.009472542875942956,5,4,3,2,1,0,6,5,4,3,0,1,1,1,1,0,0,0,1,1,1,0,0,0,0,0,1,1,0,0,0,0,0,0,0,1,0,0,0,0,-0.4565587734241908,-0.048974904583375556,-0.5559624475664159,-0.29830350298303504,-0.40983606557377045,-0.07755695588948135,0.07715582450832073,0.0437203066250838,-0.38472418670438474,-0.2705382436260623,0.9230769230769231,-0.07692307692307693,0.23076923076923078,0.0,-0.25,-0.16666666666666666,-0.25,0.3333333333333333,0.9166666666666666,0.0
0,1,0,0,0.015221777762044714,-0.6153846153846154,-0.14174941515505368,6,5,4,3,2,1,0,6,5,4,0,0,1,1,1,1,0,0,0,1,1,1,0,0,0,0,0,1,1,0,0,0,0,0,0,0,1,0,0,0,-0.2555366269165247,-0.45428445975613874,-0.04827218856115587,-0.5682765056827651,-0.2973320475731276,-0.415252867991598,-0.07261724659606657,0.06849514704596463,0.0297029702970297,-0.38526912181303113,0.07692307692307693,0.9230769230769231,-0.07692307692307693,0.25,0.0,-0.25,-0.16666666666666666,-0.25,0.3333333333333333,0.9166666666666666
1,1,0,0,-0.46798116747495483,0.7692307692307693,-1.043658696386394,0,6,5,4,3,2,1,0,6,5,1,0,0,1,1,1,1,0,0,0,0,1,1,0,0,0,0,0,1,1,0,0,0,0,0,0,0,1,0,0,0.013628620102214651,-0.25500726179619687,-0.44776616286037685,-0.05999400059994001,-0.5576984892317582,-0.3021489739861044,-0.3888048411497731,-0.07578186481681191,0.05374823196605375,0.029745042492917848,-0.6153846153846154,0.07692307692307693,0.9230769230769231,-0.08333333333333333,0.25,0.0,-0.25,-0.16666666666666666,-0.25,0.3333333333333333
2,1,0,0,0.19398916775815075,0.46153846153846156,0.3953440478318308,1,0,6,5,4,3,2,1,0,6,1,1,0,0,1,1,1,1,0,0,0,0,1,1,0,0,0,0,0,1,0,0,0,0,0,0,0,0,1,0,-0.4514480408858603,0.011821528692538927,-0.2513482921632599,-0.4599540045995401,-0.06750241080038573,-0.5639037001131039,-0.28290468986384265,-0.3803666676382291,-0.08628005657708628,0.053824362606232294,0.7692307692307693,-0.6153846153846154,0.07692307692307693,1.0,-0.08333333333333333,0.25,0.0,-0.25,-0.16666666666666666,-0.25
3,1,0,0,-0.007787886296860025,0.38461538461538464,-0.3208300935921067,2,1,0,6,5,4,3,2,1,0,1,1,1,0,0,1,1,1,1,0,0,0,0,1,1,0,0,0,0,0,0,0,0,0,0,0,0,0,0,1,0.18568994889267462,-0.44921809031647925,0.01165190758372728,-0.26330700263307005,-0.4532304725168756,-0.07109387623202457,-0.5279878971255674,-0.27835261884636686,-0.38189533239038187,-0.08640226628895184,0.46153846153846156,0.7692307692307693,-0.6153846153846154,0.08333333333333333,1.0,-0.08333333333333333,0.25,0.0,-0.25,-0.16666666666666666
4,1,0,0,-0.2272646819356437,0.07692307692307693,-0.34995576660782035,3,2,1,0,6,5,4,3,2,1,1,1,1,1,0,0,1,1,1,1,0,0,0,0,1,1,0,0,0,0,0,0,0,0,0,0,0,0,0,0,-0.008517887563884156,0.18238929982774343,-0.4427724881816366,0.0,-0.2635808421729347,-0.45887865567943126,-0.06656580937972768,-0.5144422746218194,-0.2828854314002829,-0.38243626062322944,0.38461538461538464,0.46153846153846156,0.7692307692307693,-0.6666666666666666,0.08333333333333333,1.0,-0.08333333333333333,0.25,0.0,-0.25
