DIA_SEMANA,LABORAL,FIN_DE_SEMANA,FESTIVO,PORCENTAJE_USO,NUMERO_CONEXIONES,USAGE_KB,DIA_SEMANA_lag_1,DIA_SEMANA_lag_2,DIA_SEMANA_lag_3,DIA_SEMANA_lag_4,DIA_SEMANA_lag_5,DIA_SEMANA_lag_6,DIA_SEMANA_lag_7,DIA_SEMANA_lag_8,DIA_SEMANA_lag_9,DIA_SEMANA_lag_10,LABORAL_lag_1,LABORAL_lag_2,LABORAL_lag_3,LABORAL_lag_4,LABORAL_lag_5,LABORAL_lag_6,LABORAL_lag_7,LABORAL_lag_8,LABORAL_lag_9,LABORAL_lag_10,FIN_DE_SEMANA_lag_1,FIN_DE_SEMANA_lag_2,FIN_DE_SEMANA_lag_3,FIN_DE_SEMANA_lag_4,FIN_DE_SEMANA_lag_5,FIN_DE_SEMANA_lag_6,FIN_DE_SEMANA_lag_7,FIN_DE_SEMANA_lag_8,FIN_DE_SEMANA_lag_9,FIN_DE_SEMANA_lag_10,FESTIVO_lag_1,FESTIVO_lag_2,FESTIVO_lag_3,FESTIVO_lag_4,FESTIVO_lag_5,FESTIVO_lag_6,FESTIVO_lag_7,FESTIVO_lag_8,FESTIVO_lag_9,FESTIVO_lag_10,PORCENTAJE_USO_lag_1,PORCENTAJE_USO_lag_2,PORCENTAJE_USO_lag_3,PORCENTAJE_USO_lag_4,PORCENTAJE_USO_lag_5,PORCENTAJE_USO_lag_6,PORCENTAJE_USO_lag_7,PORCENTAJE_USO_lag_8,PORCENTAJE_USO_lag_9,PORCENTAJE_USO_lag_10,NUMERO_CONEXIONES_lag_1,NUMERO_CONEXIONES_lag_2,NUMERO_CONEXIONES_lag_3,NUMERO_CONEXIONES_lag_4,NUMERO_CONEXIONES_lag_5,NUMERO_CONEXIONES_lag_6,NUMERO_CONEXIONES_lag_7,NUMERO_CONEXIONES_lag_8,NUMERO_CONEXIONES_lag_9,NUMERO_CONEXIONES_lag_10
1,1,0,0,0.6479357798165137,-0.9166666666666666,-0.23729400379044382,0,6,5,4,3,2,1,0,6,5,1,0,0,1,1,1,1,1,0,0,0,1,1,0,0,0,0,0,1,1,0,0,0,0,0,0,0,0,0,0,0.5286697247706421,4.84288990825688,-0.5666967102298333,-0.2771518702118071,0.8985153999556836,1.2627737226277373,-0.2935962774207844,-0.08455467869222097,-0.8619543540881898,-0.989187453163473,-1.5,-0.75,-0.75,-1.3333333333333333,-0.4166666666666667,-0.75,-0.6666666666666666,-1.0,-0.8461538461538461,-0.23076923076923078
2,1,0,0,-0.6444954128440367,-0.5,-0.6996603953450937,1,0,6,5,4,3,2,1,0,6,1,1,0,0,1,1,1,1,1,0,0,0,1,1,0,0,0,0,0,1,0,0,0,0,0,0,0,0,0,0,0.6479357798165137,0.5286697247706421,4.757773771969355,-0.5610635421360973,-0.2780855306891203,0.8548733361957922,1.3195213826722803,-0.2987598647125141,-0.08309328606248616,-0.8275345252114334,-0.9166666666666666,-1.5,-0.75,-0.75,-1.3333333333333333,-0.3333333333333333,-0.75,-0.6666666666666666,-0.9230769230769231,-0.8461538461538461
3,1,0,0,-0.9346330275229358,-0.6666666666666666,-0.8269496718512742,2,1,0,6,5,4,3,2,1,0,1,1,1,0,0,1,1,1,1,1,0,0,0,1,1,0,0,0,0,0,0,0,0,0,0,0,0,0,0,0,-0.6444954128440367,0.6479357798165137,0.5193780982424515,4.763406940063091,-0.5572789718590738,-0.28510090167453833,0.8985153999556836,1.3427282976324688,-0.2935962774207844,-0.07493844342147522,-0.5,-0.9166666666666666,-1.5,-0.75,-0.75,-1.25,-0.3333333333333333,-0.75,-0.6153846153846154,-0.9230769230769231
4,1,0,0,1.5837155963302751,-1.0,-0.15155548018359252,3,2,1,0,6,5,4,3,2,1,1,1,1,1,0,0,1,1,1,1,0,0,0,0,1,1,0,0,0,0,0,0,0,0,0,0,0,0,0,0,-0.9346330275229358,-0.6444954128440367,0.6365479945921587,0.5250112663361874,4.6787059605583865,-0.5556032632030914,-0.2780855306891203,0.9143179255918826,1.3195213826722803,-0.27834278985119365,-0.6666666666666666,-0.5,-0.9166666666666666,-1.5,-0.75,-0.6666666666666666,-1.25,-0.3333333333333333,-0.6923076923076923,-0.6153846153846154
5,0,1,0,1.9346330275229355,-1.4166666666666667,-0.15905686174906383,4,3,2,1,0,6,5,4,3,2,1,1,1,1,1,0,0,1,1,1,0,0,0,0,0,1,1,0,0,0,0,0,0,0,0,0,0,0,0,0,1.5837155963302751,-0.9346330275229358,-0.6331680937359172,0.6421811626858946,0.5107467316640816,4.517389437526836,-0.5572789718590738,-0.2829763246899661,0.8985153999556836,1.2803768333154908,-1.0,-0.6666666666666666,-0.5,-0.9166666666666666,-1.5,-0.6666666666666666,-0.6666666666666666,-1.25,-0.3076923076923077,-0.6923076923076923
6,0,1,0,1.7236238532110093,-1.0,-0.05277012199683307,5,4,3,2,1,0,6,5,4,3,0,1,1,1,1,1,0,0,1,1,1,0,0,0,0,0,1,1,0,0,0,0,0,0,0,0,0,0,0,0,1.9346330275229355,1.5837155963302751,-0.9182063992789545,-0.6275349256421813,0.6259694216707291,0.47917561185057966,4.6787059605583865,-0.5670800450958285,-0.2780855306891203,0.8735681404560539,-1.4166666666666667,-1.0,-0.6666666666666666,-0.5,-0.9166666666666666,-1.4166666666666667,-0.6666666666666666,-0.6666666666666666,-1.1538461538461537,-0.3076923076923077
0,1,0,0,0.3555045871559633,-1.25,-0.3818482467336894,6,5,4,3,2,1,0,6,5,4,0,0,1,1,1,1,1,0,0,1,1,1,0,0,0,0,0,1,1,0,0,0,0,0,0,0,0,0,0,0,1.7236238532110093,1.9346330275229355,1.5558810274898605,-0.9125732311852187,-0.6226456902282297,0.5908115070845857,0.5107467316640816,4.760992108229988,-0.5572789718590738,-0.2633551011668986,-1.0,-1.4166666666666667,-1.0,-0.6666666666666666,-0.5,-0.8333333333333334,-1.4166666666666667,-0.6666666666666666,-0.6153846153846154,-1.1538461538461537
1,1,0,0,1.6490825688073396,-0.3333333333333333,0.24567073583880705,0,6,5,4,3,2,1,0,6,5,1,0,0,1,1,1,1,1,0,0,0,1,1,0,0,0,0,0,1,1,0,0,0,0,0,0,0,0,0,0,0.3555045871559633,1.7236238532110093,1.9006309148264986,1.5615141955835963,-0.9029470418790163,-0.6189351653069987,0.6259694216707291,0.5197294250281849,4.6787059605583865,-0.5331334974842094,-1.25,-1.0,-1.4166666666666667,-1.0,-0.6666666666666666,-0.4166666666666667,-0.8333333333333334,-1.4166666666666667,-0.6153846153846154,-0.6153846153846154
2,1,0,0,0.4415137614678899,-0.4166666666666667,-0.07551709322541392,1,0,6,5,4,3,2,1,0,6,1,1,0,0,1,1,1,1,1,0,0,0,1,1,0,0,0,0,0,1,0,0,0,0,0,0,0,0,0,0,1.6490825688073396,0.3555045871559633,1.693330328977017,1.9062640829202344,1.5300243740305783,-0.8905109489051094,-0.6226456902282297,0.6369785794813979,0.5107467316640816,4.526281982657102,-0.3333333333333333,-1.25,-1.0,-1.4166666666666667,-1.0,-0.5833333333333334,-0.4166666666666667,-0.8333333333333334,-1.3076923076923077,-0.6153846153846154
3,1,0,0,-0.8532110091743119,0.0,-0.7727261155627133,2,1,0,6,5,4,3,2,1,0,1,1,1,0,0,1,1,1,1,1,0,0,0,1,1,0,0,0,0,0,0,0,0,0,0,0,0,0,0,0,0.4415137614678899,1.6490825688073396,0.3492564218116269,1.698963497070753,1.8690449811655219,1.4667239158437098,-0.9029470418790163,-0.6335963923337091,0.6259694216707291,0.4988759233486778,-0.4166666666666667,-0.3333333333333333,-1.25,-1.0,-1.4166666666666667,-0.9166666666666666,-0.5833333333333334,-0.4166666666666667,-0.7692307692307693,-1.3076923076923077
4,1,0,0,-1.051605504587156,-0.8333333333333334,-0.8601174262110876,3,2,1,0,6,5,4,3,2,1,1,1,1,1,0,0,1,1,1,1,0,0,0,0,1,1,0,0,0,0,0,0,0,0,0,0,0,0,0,0,-0.8532110091743119,0.4415137614678899,1.62009914375845,0.3548895899053628,1.6651894526922228,1.7951910691283814,1.5300243740305783,-0.9188275084554678,-0.6226456902282297,0.6102130392891554,0.0,-0.4166666666666667,-0.3333333333333333,-1.25,-1.0,-1.3333333333333333,-0.9166666666666666,-0.5833333333333334,-0.38461538461538464,-0.7692307692307693
5,0,1,0,-1.0688073394495412,-0.9166666666666666,-0.8681432347549,4,3,2,1,0,6,5,4,3,2,1,1,1,1,1,0,0,1,1,1,0,0,0,0,0,1,1,0,0,0,0,0,0,0,0,0,0,0,0,0,-1.051605504587156,-0.8532110091743119,0.43375394321766564,1.625732311852186,0.34345224905827615,1.5976814083297557,1.8690449811655219,1.556933483652762,-0.9029470418790163,-0.5962958997965957,-0.8333333333333334,0.0,-0.4166666666666667,-0.3333333333333333,-1.25,-0.9166666666666666,-1.3333333333333333,-0.9166666666666666,-0.5384615384615384,-0.38461538461538464
6,0,1,0,-1.0642201834862384,-0.5833333333333334,-0.8666055944883077,5,4,3,2,1,0,6,5,4,3,0,1,1,1,1,1,0,0,1,1,1,0,0,0,0,0,1,1,0,0,0,0,0,0,0,0,0,0,0,0,-1.0688073394495412,-1.051605504587156,-0.8382154123479046,0.43938711131140157,1.593175271438068,0.31708887934735946,1.6651894526922228,1.9019165727170235,1.5300243740305783,-0.8671448453056418,-0.9166666666666666,-0.8333333333333334,0.0,-0.4166666666666667,-0.3333333333333333,-1.1666666666666667,-0.9166666666666666,-1.3333333333333333,-0.8461538461538461,-0.5384615384615384
0,1,0,0,-0.18233944954128448,-0.5833333333333334,-0.4893459859011782,6,5,4,3,2,1,0,6,5,4,0,0,1,1,1,1,1,0,0,1,1,1,0,0,0,0,0,1,1,0,0,0,0,0,0,0,0,0,0,0,-1.0642201834862384,-1.0688073394495412,-1.0331230283911674,-0.8325822442541687,0.42654553512076226,1.5279089738085019,0.34345224905827615,1.6944757609921084,1.8690449811655219,1.4837811797452092,-0.5833333333333334,-0.9166666666666666,-0.8333333333333334,0.0,-0.4166666666666667,-0.25,-1.1666666666666667,-0.9166666666666666,-1.2307692307692308,-0.8461538461538461
1,1,0,0,-0.7889908256880733,-0.5,-0.7247502509533879,0,6,5,4,3,2,1,0,6,5,1,0,0,1,1,1,1,1,0,0,0,1,1,0,0,0,0,0,1,1,0,0,0,0,0,0,0,0,0,0,-0.18233944954128448,-1.0642201834862384,-1.050022532672375,-1.0274898602974314,-0.8242853977398628,0.3975955345641907,1.593175271438068,0.34949267192784667,1.6651894526922228,1.8113692324162294,-0.5833333333333334,-0.5833333333333334,-0.9166666666666666,-0.8333333333333334,0.0,-0.3333333333333333,-0.25,-1.1666666666666667,-0.8461538461538461,-1.2307692307692308
2,1,0,0,0.0,-0.6666666666666666,-0.3651069239635713,1,0,6,5,4,3,2,1,0,6,1,1,0,0,1,1,1,1,1,0,0,0,1,1,0,0,0,0,0,1,0,0,0,0,0,0,0,0,0,0,-0.7889908256880733,-0.18233944954128448,-1.0455159981973863,-1.044389364578639,-1.0159539109239974,-0.8142979819665092,0.42654553512076226,1.6211950394588501,0.34345224905827615,1.6143881811369234,-0.5,-0.5833333333333334,-0.5833333333333334,-0.9166666666666666,-0.8333333333333334,0.08333333333333333,-0.3333333333333333,-0.25,-1.0769230769230769,-0.8461538461538461
3,1,0,0,-0.7247706422018348,-0.25,-0.7222518792619483,2,1,0,6,5,4,3,2,1,0,1,1,1,0,0,1,1,1,1,1,0,0,0,1,1,0,0,0,0,0,0,0,0,0,0,0,0,0,0,0,0.0,-0.7889908256880733,-0.17913474538080223,-1.0398828301036505,-1.0325725681364948,-1.0,-0.8242853977398628,0.4340473506200676,1.593175271438068,0.33722299539663847,-0.6666666666666666,-0.5,-0.5833333333333334,-0.5833333333333334,-0.9166666666666666,-0.75,0.08333333333333333,-0.3333333333333333,-0.23076923076923078,-1.0769230769230769
4,1,0,0,-0.5458715596330275,-0.8333333333333334,-0.6845734262392867,3,2,1,0,6,5,4,3,2,1,1,1,1,1,0,0,1,1,1,1,0,0,0,0,1,1,0,0,0,0,0,0,0,0,0,0,0,0,0,0,-0.7247706422018348,0.0,-0.7751239296980622,-0.17350157728706633,-1.028140926213162,-1.0161013310433662,-1.0159539109239974,-0.8387824126268321,0.42654553512076226,1.544802483674125,-0.25,-0.6666666666666666,-0.5,-0.5833333333333334,-0.5833333333333334,-0.8333333333333334,-0.75,0.08333333333333333,-0.3076923076923077,-0.23076923076923078
5,0,1,0,-1.0321100917431192,-1.0,-0.8534553628043802,4,3,2,1,0,6,5,4,3,2,1,1,1,1,1,0,0,1,1,1,0,0,0,0,0,1,1,0,0,0,0,0,0,0,0,0,0,0,0,0,-0.5458715596330275,-0.7247706422018348,0.0,-0.7694907616043263,-0.17615776645247072,-1.0118076427651352,-1.0325725681364948,-1.0338218714768883,-0.8242853977398628,0.41751418477679053,-0.8333333333333334,-0.25,-0.6666666666666666,-0.5,-0.5833333333333334,-0.5,-0.8333333333333334,-0.75,0.07692307692307693,-0.3076923076923077
6,0,1,0,-0.7064220183486238,-0.6666666666666666,-0.7562464187982202,5,4,3,2,1,0,6,5,4,3,0,1,1,1,1,1,0,0,1,1,1,0,0,0,0,0,1,1,0,0,0,0,0,0,0,0,0,0,0,0,-1.0321100917431192,-0.5458715596330275,-0.71203244704822,0.0056331680937359175,-0.7622424108132063,-0.18634607127522543,-1.028140926213162,-1.0507328072153326,-1.0159539109239974,-0.7911358526924313,-1.0,-0.8333333333333334,-0.25,-0.6666666666666666,-0.5,-0.5,-0.5,-0.8333333333333334,-0.6923076923076923,0.07692307692307693
0,1,0,0,0.5837155963302753,-0.5833333333333334,-0.2786869194438646,6,5,4,3,2,1,0,6,5,4,0,0,1,1,1,1,1,0,0,1,1,1,0,0,0,0,0,1,1,0,0,0,0,0,0,0,0,0,0,0,-0.7064220183486238,-1.0321100917431192,-0.5362776025236594,-0.7063992789544841,0.0,-0.7541863460712751,-0.17615776645247072,-1.0462232243517473,-1.0325725681364948,-0.9763408628626487,-0.6666666666666666,-1.0,-0.8333333333333334,-0.25,-0.6666666666666666,-0.4166666666666667,-0.5,-0.5,-0.7692307692307693,-0.6923076923076923
1,1,0,0,1.576834862385321,-0.8333333333333334,0.38902847062758517,0,6,5,4,3,2,1,0,6,5,1,0,0,1,1,1,1,1,0,0,0,1,1,0,0,0,0,0,1,1,0,0,0,0,0,0,0,0,0,0,0.5837155963302753,-0.7064220183486238,-1.0139702568724651,-0.5306444344299235,-0.7001994238865501,-0.015671962215543084,-0.7622424108132063,-0.17925591882750852,-1.028140926213162,-0.992399100738679,-0.5833333333333334,-0.6666666666666666,-1.0,-0.8333333333333334,-0.25,-0.5833333333333334,-0.4166666666666667,-0.5,-0.46153846153846156,-0.7692307692307693
2,1,0,0,0.06422018348623847,-1.3333333333333333,-0.49849897954108136,1,0,6,5,4,3,2,1,0,6,1,1,0,0,1,1,1,1,1,0,0,0,1,1,0,0,0,0,0,1,0,0,0,0,0,0,0,0,0,0,1.576834862385321,0.5837155963302753,-0.6940063091482651,-1.0083370887787293,-0.5273653888765788,-0.6940747101760412,0.0,-0.7756482525366403,-0.17615776645247072,-0.9881169039717375,-0.8333333333333334,-0.5833333333333334,-0.6666666666666666,-1.0,-0.8333333333333334,-0.16666666666666666,-0.5833333333333334,-0.4166666666666667,-0.46153846153846156,-0.46153846153846156
3,1,0,0,0.11582568807339443,-0.4166666666666667,-0.14944758922210521,2,1,0,6,5,4,3,2,1,0,1,1,1,0,0,1,1,1,1,1,0,0,0,1,1,0,0,0,0,0,0,0,0,0,0,0,0,0,0,0,0.06422018348623847,1.576834862385321,0.5734565119423165,-0.6883731410545292,-0.997119432749834,-0.5266208673250322,-0.7001994238865501,0.0,-0.7622424108132063,-0.16486457552724554,-1.3333333333333333,-0.8333333333333334,-0.5833333333333334,-0.6666666666666666,-1.0,-0.75,-0.16666666666666666,-0.5833333333333334,-0.38461538461538464,-0.46153846153846156
4,1,0,0,-0.5619266055045872,-0.6666666666666666,-0.590583108751429,3,2,1,0,6,5,4,3,2,1,1,1,1,1,0,0,1,1,1,1,0,0,0,0,1,1,0,0,0,0,0,0,0,0,0,0,0,0,0,0,0.11582568807339443,0.06422018348623847,1.5491212257773774,0.5790896800360524,-0.6824728561932196,-0.9817518248175182,-0.5273653888765788,-0.7125140924464487,0.0,-0.731185097955251,-0.4166666666666667,-1.3333333333333333,-0.8333333333333334,-0.5833333333333334,-0.6666666666666666,-0.9166666666666666,-0.75,-0.16666666666666666,-0.5384615384615384,-0.38461538461538464
5,0,1,0,-0.9013761467889907,-0.5,-0.7815493351057059,4,3,2,1,0,6,5,4,3,2,1,1,1,1,1,0,0,1,1,1,0,0,0,0,0,1,1,0,0,0,0,0,0,0,0,0,0,0,0,0,-0.5619266055045872,0.11582568807339443,0.06309148264984221,1.5547543938711132,0.5639264347440728,-0.6768999570631172,-0.997119432749834,-0.5366403607666291,-0.7001994238865501,0.005352745958676801,-0.6666666666666666,-0.4166666666666667,-1.3333333333333333,-0.8333333333333334,-0.5833333333333334,-0.5833333333333334,-0.9166666666666666,-0.75,-0.15384615384615385,-0.5384615384615384
6,0,1,0,-1.018348623853211,-1.1666666666666667,-0.8418302384047394,5,4,3,2,1,0,6,5,4,3,0,1,1,1,1,1,0,0,1,1,1,0,0,0,0,0,1,1,0,0,0,0,0,0,0,0,0,0,0,0,-0.9013761467889907,-0.5619266055045872,0.11378999549346547,0.06872465074357813,1.5233769111455795,0.5306998711893518,-0.6824728561932196,-1.0146561443066515,-0.5273653888765788,-0.671234343218071,-0.5,-0.6666666666666666,-0.4166666666666667,-1.3333333333333333,-0.8333333333333334,-0.5,-0.5833333333333334,-0.9166666666666666,-0.6923076923076923,-0.15384615384615385
0,1,0,0,-0.6032110091743119,-1.1666666666666667,-0.6052412148689735,6,5,4,3,2,1,0,6,5,4,0,0,1,1,1,1,1,0,0,1,1,1,0,0,0,0,0,1,1,0,0,0,0,0,0,0,0,0,0,0,-1.018348623853211,-0.9013761467889907,-0.5520504731861199,0.11942316358720138,0.06204298692665627,1.4602833834263635,0.5639264347440728,-0.6944757609921082,-0.997119432749834,-0.5042286693073547,-1.1666666666666667,-0.5,-0.6666666666666666,-0.4166666666666667,-1.3333333333333333,-0.75,-0.5,-0.5833333333333334,-0.8461538461538461,-0.6923076923076923
1,1,0,0,-0.8532110091743119,-1.5,-0.7674853706805762,0,6,5,4,3,2,1,0,6,5,1,0,0,1,1,1,1,1,0,0,0,1,1,0,0,0,0,0,1,1,0,0,0,0,0,0,0,0,0,0,-0.6032110091743119,-1.018348623853211,-0.8855340243352862,-0.5464173050923841,0.11189895856414797,0.044439673679690865,1.5233769111455795,0.5738444193912063,-0.6824728561932196,-0.9581415266031474,-1.1666666666666667,-1.1666666666666667,-0.5,-0.6666666666666666,-0.4166666666666667,-1.25,-0.75,-0.5,-0.5384615384615384,-0.8461538461538461
2,1,0,0,-0.3142201834862386,-1.0833333333333333,-0.5577537449138612,1,0,6,5,4,3,2,1,0,6,1,1,0,0,1,1,1,1,1,0,0,0,1,1,0,0,0,0,0,1,0,0,0,0,0,0,0,0,0,0,-0.8532110091743119,-0.6032110091743119,-1.0004506534474988,-0.8799008562415502,-0.5428761356082429,0.09274366680978961,0.06204298692665627,1.5501691093573844,0.5639264347440728,-0.6541055561503052,-1.5,-1.1666666666666667,-1.1666666666666667,-0.5,-0.6666666666666666,-0.3333333333333333,-1.25,-0.75,-0.46153846153846156,-0.5384615384615384
3,1,0,0,12.961009174311927,-0.3333333333333333,6.78575062576789,2,1,0,6,5,4,3,2,1,0,1,1,1,0,0,1,1,1,1,1,0,0,0,1,1,0,0,0,0,0,0,0,0,0,0,0,0,0,0,0,-0.3142201834862386,-0.8532110091743119,-0.5926092834610186,-0.994817485353763,-0.8708176379348549,-0.5416487762988407,0.11189895856414797,0.06313416009019159,1.5233769111455795,0.5502622845519752,-1.0833333333333333,-1.5,-1.1666666666666667,-1.1666666666666667,-0.5,-0.5833333333333334,-0.3333333333333333,-1.25,-0.6923076923076923,-0.46153846153846156
4,1,0,0,0.04587155963302752,-1.25,-0.35616385777728343,3,2,1,0,6,5,4,3,2,1,1,1,1,1,0,0,1,1,1,1,0,0,0,0,1,1,0,0,0,0,0,0,0,0,0,0,0,0,0,0,12.961009174311927,-0.3142201834862386,-0.8382154123479046,-0.5869761153672827,-0.9838245069798361,-0.8593817088879346,-0.5428761356082429,0.11386696730552417,0.06204298692665627,1.4773578845947972,-0.3333333333333333,-1.0833333333333333,-1.5,-1.1666666666666667,-1.1666666666666667,-0.4166666666666667,-0.5833333333333334,-0.3333333333333333,-1.1538461538461537,-0.6923076923076923
5,0,1,0,9.139908256880734,-0.3333333333333333,2.74171090091385,4,3,2,1,0,6,5,4,3,2,1,1,1,1,1,0,0,1,1,1,0,0,0,0,0,1,1,0,0,0,0,0,0,0,0,0,0,0,0,0,0.04587155963302752,12.961009174311927,-0.30869761153672837,-0.8325822442541687,-0.5827609129182363,-0.9688707599828252,-0.8708176379348549,-0.552423900789177,0.11189895856414797,0.06530350069585691,-1.25,-0.3333333333333333,-1.0833333333333333,-1.5,-1.1666666666666667,-1.0833333333333333,-0.4166666666666667,-0.5833333333333334,-0.3076923076923077,-1.1538461538461537
6,0,1,0,-1.0561926605504586,-0.5833333333333334,-0.8644871288230002,5,4,3,2,1,0,6,5,4,3,0,1,1,1,1,1,0,0,1,1,1,0,0,0,0,0,1,1,0,0,0,0,0,0,0,0,0,0,0,0,9.139908256880734,0.04587155963302752,12.73321315908067,-0.30306444344299244,-0.8242853977398628,-0.5802919708029197,-0.9838245069798361,-0.8861330326944756,-0.5428761356082429,0.11347821432394813,-0.3333333333333333,-1.25,-0.3333333333333333,-1.0833333333333333,-1.5,-1.0833333333333333,-1.0833333333333333,-0.4166666666666667,-0.5384615384615384,-0.3076923076923077
0,0,0,1,-1.05045871559633,0.0,-0.8636803180870909,6,5,4,3,2,1,0,6,5,4,0,0,1,1,1,1,1,0,0,1,1,1,0,0,0,0,0,1,1,0,0,0,0,0,0,0,0,0,0,0,-1.0561926605504586,9.139908256880734,0.04506534474988734,12.738846327174405,-0.30356747174828286,-0.8142979819665092,-0.5827609129182363,-1.0011273957158962,-0.8708176379348549,-0.5192163579916498,-0.5833333333333334,-0.3333333333333333,-1.25,-0.3333333333333333,-1.0833333333333333,-1.4166666666666667,-1.0833333333333333,-1.0833333333333333,-0.38461538461538464,-0.5384615384615384
1,1,0,0,-1.06651376146789,-0.08333333333333333,-0.8669890254157131,0,6,5,4,3,2,1,0,6,5,0,0,0,1,1,1,1,1,0,0,0,1,1,0,0,0,0,0,1,1,1,0,0,0,0,0,0,0,0,0,-1.05045871559633,-1.0561926605504586,8.979269941415053,0.050698512843623256,12.521604254376248,-0.30978960927436666,-0.8242853977398628,-0.593010146561443,-0.9838245069798361,-0.8360989187453163,0.0,-0.5833333333333334,-0.3333333333333333,-1.25,-0.3333333333333333,-1.0,-1.4166666666666667,-1.0833333333333333,-1.0,-0.38461538461538464
2,1,0,0,-0.6422018348623852,0.08333333333333333,-0.7144160237312019,1,0,6,5,4,3,2,1,0,6,1,0,0,0,1,1,1,1,1,0,0,0,1,1,0,0,0,0,0,1,0,1,0,0,0,0,0,0,0,0,-1.06651376146789,-1.05045871559633,-1.037629562866156,8.984903109508789,0.04431641923332595,12.116144267926149,-0.30356747174828286,-0.8387824126268321,-0.5827609129182363,-0.9452949363023231,-0.08333333333333333,0.0,-0.5833333333333334,-0.3333333333333333,-1.25,-0.25,-1.0,-1.4166666666666667,-1.0,-1.0
3,1,0,0,-1.0688073394495412,-0.75,-0.8681072024307719,2,1,0,6,5,4,3,2,1,0,1,1,0,0,0,1,1,1,1,1,0,0,0,1,1,0,0,0,0,0,0,0,1,0,0,0,0,0,0,0,-0.6422018348623852,-1.06651376146789,-1.03199639477242,-1.03199639477242,8.830046532240196,0.02726492056676692,12.521604254376248,-0.30890642615558067,-0.8242853977398628,-0.5577561288941227,0.08333333333333333,-0.08333333333333333,0.0,-0.5833333333333334,-0.3333333333333333,-1.1666666666666667,-0.25,-1.0,-1.3076923076923077,-1.0
4,1,0,0,-0.2844036697247706,-0.5,-0.5209686585361555,3,2,1,0,6,5,4,3,2,1,1,1,1,0,0,0,1,1,1,1,0,0,0,0,1,1,0,0,0,0,0,0,0,1,0,0,0,0,0,0,-1.0688073394495412,-0.6422018348623852,-1.0477692654348807,-1.0263632266786842,-1.02038555284733,8.539501932159725,0.04431641923332595,12.741826381059752,-0.30356747174828286,-0.7911358526924313,-0.75,0.08333333333333333,-0.08333333333333333,0.0,-0.5833333333333334,-0.25,-1.1666666666666667,-0.25,-0.9230769230769231,-1.3076923076923077
5,0,1,0,1.588302752293578,-0.25,0.4623793161926523,4,3,2,1,0,6,5,4,3,2,1,1,1,1,0,0,0,1,1,1,0,0,0,0,0,1,1,0,0,0,0,0,0,0,1,0,0,0,0,0,-0.2844036697247706,-1.0688073394495412,-0.6309148264984228,-1.0421360973411449,-1.0148460004431643,-1.004293688278231,8.830046532240196,0.04509582863585118,12.521604254376248,-0.287977732576812,-0.5,-0.75,0.08333333333333333,-0.08333333333333333,0.0,-0.5,-0.25,-1.1666666666666667,-0.23076923076923078,-0.9230769230769231
6,0,1,0,0.5504587155963303,-0.6666666666666666,-0.19270596096054343,5,4,3,2,1,0,6,5,4,3,0,1,1,1,1,0,0,0,1,1,1,0,0,0,0,0,1,1,0,0,0,0,0,0,0,1,0,0,0,0,1.588302752293578,-0.2844036697247706,-1.050022532672375,-0.6252816584046869,-1.0303567471748283,-0.9989265779304421,-1.02038555284733,8.985343855693348,0.04431641923332595,12.104699710951719,-0.25,-0.5,-0.75,0.08333333333333333,-0.08333333333333333,0.08333333333333333,-0.5,-0.25,-1.0769230769230769,-0.23076923076923078
0,1,0,0,-0.8073394495412844,-0.8333333333333334,-0.7651330865641338,6,5,4,3,2,1,0,6,5,4,0,0,1,1,1,1,0,0,0,1,1,1,0,0,0,0,0,1,1,0,0,0,0,0,0,0,1,0,0,0,0.5504587155963303,1.588302752293578,-0.2794051374493015,-1.044389364578639,-0.6204298692665633,-1.0139544869042507,-1.0148460004431643,-1.0383314543404734,8.830046532240196,0.04817471362809121,-0.6666666666666666,-0.25,-0.5,-0.75,0.08333333333333333,0.0,0.08333333333333333,-0.5,-0.23076923076923078,-1.0769230769230769
1,1,0,0,-0.2981651376146789,-1.25,-0.46502416711478606,0,6,5,4,3,2,1,0,6,5,1,0,0,1,1,1,1,0,0,0,0,1,1,0,0,0,0,0,1,1,0,0,0,0,0,0,0,1,0,0,-0.8073394495412844,0.5504587155963303,1.5603875619648493,-0.2737719693555656,-1.0325725681364948,-0.6167883211678832,-1.0303567471748283,-1.032694475760992,-1.02038555284733,8.537629804089498,-0.8333333333333334,-0.6666666666666666,-0.25,-0.5,-0.75,0.16666666666666666,0.0,0.08333333333333333,-0.46153846153846156,-0.23076923076923078
2,1,0,0,-0.698394495412844,-0.9166666666666666,-0.6876130661040402,1,0,6,5,4,3,2,1,0,6,1,1,0,0,1,1,1,1,0,0,0,0,1,1,0,0,0,0,0,1,0,0,0,0,0,0,0,0,1,0,-0.2981651376146789,-0.8073394495412844,0.5407841369986481,1.566020730058585,-0.27476179924662086,-1.0161013310433662,-0.6204298692665633,-1.04847801578354,-1.0148460004431643,-0.98062305962959,-1.25,-0.8333333333333334,-0.6666666666666666,-0.25,-0.5,-0.6666666666666666,0.16666666666666666,0.0,0.07692307692307693,-0.46153846153846156
3,1,0,0,0.3841743119266055,0.08333333333333333,-0.24486235848010957,2,1,0,6,5,4,3,2,1,0,1,1,1,0,0,1,1,1,1,0,0,0,0,1,1,0,0,0,0,0,0,0,0,0,0,0,0,0,0,1,-0.698394495412844,-0.2981651376146789,-0.7931500675980173,0.5464173050923841,1.5344560159539111,-0.2818806354658651,-1.0325725681364948,-0.6313416009019166,-1.0303567471748283,-0.9752703136709131,-0.9166666666666666,-1.25,-0.8333333333333334,-0.6666666666666666,-0.25,-0.4166666666666667,-0.6666666666666666,0.16666666666666666,0.0,0.07692307692307693
4,1,0,0,0.05619266055045878,-1.0,-0.1928630148950578,3,2,1,0,6,5,4,3,2,1,1,1,1,1,0,0,1,1,1,1,0,0,0,0,1,1,0,0,0,0,0,0,0,0,0,0,0,0,0,0,0.3841743119266055,-0.698394495412844,-0.29292474087426773,-0.7875168995042814,0.5317970307999115,1.471017604121941,-0.27476179924662086,-1.0507328072153326,-0.6204298692665633,-0.9902580023552082,0.08333333333333333,-0.9166666666666666,-1.25,-0.8333333333333334,-0.6666666666666666,-0.16666666666666666,-0.4166666666666667,-0.6666666666666666,0.15384615384615385,0.0
5,0,1,0,-0.9415137614678898,-0.5833333333333334,-0.8197118745699131,4,3,2,1,0,6,5,4,3,2,1,1,1,1,1,0,0,1,1,1,0,0,0,0,0,1,1,0,0,0,0,0,0,0,0,0,0,0,0,0,0.05619266055045878,0.3841743119266055,-0.6861198738170348,-0.2872915727805318,-0.7799689785065368,0.499570631172177,1.5344560159539111,-0.2795941375422773,-1.0325725681364948,-0.5941548014131249,-1.0,0.08333333333333333,-0.9166666666666666,-1.25,-0.8333333333333334,-0.5833333333333334,-0.16666666666666666,-0.4166666666666667,-0.6153846153846154,0.15384615384615385
6,0,1,0,0.0699541284403669,-0.08333333333333333,-0.41596654947022693,5,4,3,2,1,0,6,5,4,3,0,1,1,1,1,1,0,0,1,1,1,0,0,0,0,0,1,1,0,0,0,0,0,0,0,0,0,0,0,0,-0.9415137614678898,0.05619266055045878,0.3774222622803065,-0.6804867057232988,-0.28805672501661866,-0.7713610991841992,0.5317970307999115,1.5614430665163472,-0.27476179924662086,-0.992399100738679,-0.5833333333333334,-1.0,0.08333333333333333,-0.9166666666666666,-1.25,-0.75,-0.5833333333333334,-0.16666666666666666,-0.38461538461538464,-0.6153846153846154
0,1,0,0,-1.0699541284403669,-1.0,-0.8680511956660947,6,5,4,3,2,1,0,6,5,4,0,0,1,1,1,1,1,0,0,1,1,1,0,0,0,0,0,1,1,0,0,0,0,0,0,0,0,0,0,0,0.0699541284403669,-0.9415137614678898,0.05520504731861206,0.3830554303740424,-0.6747174828273876,-0.29476170030055815,-0.7799689785065368,0.5411499436302142,1.5344560159539111,-0.2601434535916925,-0.08333333333333333,-0.5833333333333334,-1.0,0.08333333333333333,-0.9166666666666666,-1.1666666666666667,-0.75,-0.5833333333333334,-0.15384615384615385,-0.38461538461538464
1,1,0,0,0.3979357798165136,-1.3333333333333333,-0.4718342763749759,0,6,5,4,3,2,1,0,6,5,1,0,0,1,1,1,1,1,0,0,0,1,1,0,0,0,0,0,1,1,0,0,0,0,0,0,0,0,0,0,-1.0699541284403669,0.0699541284403669,-0.9249662009914377,0.060838215412347976,0.37115001107910484,-0.669386002576213,-0.28805672501661866,-0.7936865839909809,0.5317970307999115,1.4880633765121507,-1.0,-0.08333333333333333,-0.5833333333333334,-1.0,0.08333333333333333,-0.8333333333333334,-1.1666666666666667,-0.75,-0.5384615384615384,-0.15384615384615385
2,1,0,0,3.1066513761467887,-0.4166666666666667,0.842838751824626,1,0,6,5,4,3,2,1,0,6,1,1,0,0,1,1,1,1,1,0,0,0,1,1,0,0,0,0,0,1,0,0,0,0,0,0,0,0,0,0,0.3979357798165136,-1.0699541284403669,0.06872465074357813,-0.9193330328977017,0.05428761356082435,0.3439244310863032,-0.6747174828273876,-0.29312288613303267,-0.7799689785065368,0.5192163579916498,-1.3333333333333333,-1.0,-0.08333333333333333,-0.5833333333333334,-1.0,0.16666666666666666,-0.8333333333333334,-1.1666666666666667,-0.6923076923076923,-0.5384615384615384
3,1,0,0,-0.7958715596330276,-1.3333333333333333,-0.7722851112478425,2,1,0,6,5,4,3,2,1,0,1,1,1,0,0,1,1,1,1,1,0,0,0,1,1,0,0,0,0,0,0,0,0,0,0,0,0,0,0,0,3.1066513761467887,0.3979357798165136,-1.051149166291122,0.07435781883731404,-0.909594504764015,0.036925719192786734,0.37115001107910484,-0.6865839909808342,-0.28805672501661866,-0.7483138850230169,-0.4166666666666667,-1.3333333333333333,-1.0,-0.08333333333333333,-0.5833333333333334,-0.9166666666666666,0.16666666666666666,-0.8333333333333334,-1.0769230769230769,-0.6923076923076923
4,1,0,0,-0.5458715596330275,-0.5833333333333334,-0.6190196622909586,3,2,1,0,6,5,4,3,2,1,1,1,1,1,0,0,1,1,1,1,0,0,0,0,1,1,0,0,0,0,0,0,0,0,0,0,0,0,0,0,-0.7958715596330276,3.1066513761467887,0.39094186570527256,-1.0455159981973863,0.06758253933082202,-0.896951481322456,0.05428761356082435,0.37767756482525366,-0.6747174828273876,-0.27299004389251685,-1.3333333333333333,-0.4166666666666667,-1.3333333333333333,-1.0,-0.08333333333333333,-0.5,-0.9166666666666666,0.16666666666666666,-0.7692307692307693,-1.0769230769230769
5,0,1,0,-0.8428899082568807,-0.3333333333333333,-0.758115399784511,4,3,2,1,0,6,5,4,3,2,1,1,1,1,1,0,0,1,1,1,0,0,0,0,0,1,1,0,0,0,0,0,0,0,0,0,0,0,0,0,-0.5458715596330275,-0.7958715596330276,3.05205047318612,0.3965750337990085,-1.0336804786173277,0.049806784027479616,-0.909594504764015,0.055242390078917764,0.37115001107910484,-0.6466117118081576,-0.5833333333333334,-1.3333333333333333,-0.4166666666666667,-1.3333333333333333,-1.0,0.0,-0.5,-0.9166666666666666,0.15384615384615385,-0.7692307692307693
6,0,1,0,-0.75,0.3333333333333333,-0.7179131174501021,5,4,3,2,1,0,6,5,4,3,0,1,1,1,1,1,0,0,1,1,1,0,0,0,0,0,1,1,0,0,0,0,0,0,0,0,0,0,0,0,-0.8428899082568807,-0.5458715596330275,-0.7818837314105455,3.057683641279856,0.3844449368491025,-1.017174753112924,0.06758253933082202,-0.9255918827508455,0.05428761356082435,0.3639867251900225,-0.3333333333333333,-0.5833333333333334,-1.3333333333333333,-0.4166666666666667,-1.3333333333333333,-0.9166666666666666,0.0,-0.5,-0.8461538461538461,0.15384615384615385
0,0,0,1,-1.0699541284403669,-0.6666666666666666,-0.8686472956369947,6,5,4,3,2,1,0,6,5,4,0,0,1,1,1,1,1,0,0,1,1,1,0,0,0,0,0,1,1,0,0,0,0,0,0,0,0,0,0,0,-0.75,-0.8428899082568807,-0.5362776025236594,-0.7762505633168095,3.0013294925769998,0.3568054959209961,-1.0336804786173277,0.068771138669673,-0.909594504764015,0.057809656353709514,0.3333333333333333,-0.3333333333333333,-0.5833333333333334,-1.3333333333333333,-0.4166666666666667,-1.25,-0.9166666666666666,0.0,-0.46153846153846156,-0.8461538461538461
1,1,0,0,-1.0711009174311927,-0.6666666666666666,-0.8688513482551543,0,6,5,4,3,2,1,0,6,5,0,0,0,1,1,1,1,1,0,0,0,1,1,0,0,0,0,0,1,1,1,0,0,0,0,0,0,0,0,0,-1.0699541284403669,-0.75,-0.8280757097791799,-0.5306444344299235,-0.7688898736982053,2.892228424216402,0.3844449368491025,-1.0518602029312287,0.06758253933082202,-0.8735681404560539,-0.6666666666666666,0.3333333333333333,-0.3333333333333333,-0.5833333333333334,-1.3333333333333333,-0.3333333333333333,-1.25,-0.9166666666666666,0.0,-0.46153846153846156
2,1,0,0,-0.9821100917431193,-1.25,-0.8501067065946595,1,0,6,5,4,3,2,1,0,6,1,0,0,0,1,1,1,1,1,0,0,0,1,1,0,0,0,0,0,1,0,1,0,0,0,0,0,0,0,0,-1.0711009174311927,-1.0699541284403669,-0.7368183866606581,-0.822442541685444,-0.5273653888765788,-0.7606268784886216,3.0013294925769998,0.39120631341600887,-1.0336804786173277,0.07065624665453371,-0.6666666666666666,-0.6666666666666666,0.3333333333333333,-0.3333333333333333,-0.5833333333333334,-1.25,-0.3333333333333333,-1.25,-0.8461538461538461,0.0
3,1,0,0,-0.8035550458715596,-0.5,-0.7877825355241509,2,1,0,6,5,4,3,2,1,0,1,1,0,0,0,1,1,1,1,1,0,0,0,1,1,0,0,0,0,0,0,0,1,0,0,0,0,0,0,0,-0.9821100917431193,-1.0711009174311927,-1.051149166291122,-0.7311852185669222,-0.8143142034123644,-0.5266208673250322,-0.7688898736982053,3.054114994363021,0.3844449368491025,-0.9934696499304143,-1.25,-0.6666666666666666,-0.6666666666666666,0.3333333333333333,-0.3333333333333333,-0.5,-1.25,-0.3333333333333333,-1.1538461538461537,-0.8461538461538461
4,1,0,0,-1.0173165137614677,-0.5833333333333334,-0.8461827081659821,3,2,1,0,6,5,4,3,2,1,1,1,1,0,0,0,1,1,1,1,0,0,0,0,1,1,0,0,0,0,0,0,0,1,0,0,0,0,0,0,-0.8035550458715596,-0.9821100917431193,-1.0522757999098695,-1.0455159981973863,-0.7245734544648794,-0.8046371833404894,-0.5273653888765788,-0.7824126268320181,3.0013294925769998,0.3768333154908467,-0.5,-1.25,-0.6666666666666666,-0.6666666666666666,0.3333333333333333,-0.25,-0.5,-1.25,-0.3076923076923077,-1.1538461538461537
5,0,1,0,0.4996559633027522,0.16666666666666666,0.024511771799458182,4,3,2,1,0,6,5,4,3,2,1,1,1,1,0,0,0,1,1,1,0,0,0,0,0,1,1,0,0,0,0,0,0,0,1,0,0,0,0,0,-1.0173165137614677,-0.8035550458715596,-0.964849031095088,-1.0466426318161335,-1.0336804786173277,-0.7176899957063115,-0.8143142034123644,-0.5366403607666291,-0.7688898736982053,2.9054705063697677,-0.5833333333333334,-0.5,-1.25,-0.6666666666666666,-0.6666666666666666,0.4166666666666667,-0.25,-0.5,-1.1538461538461537,-0.3076923076923077
6,0,1,0,1.0777522935779815,0.16666666666666666,0.5530393852885503,5,4,3,2,1,0,6,5,4,3,0,1,1,1,1,0,0,0,1,1,1,0,0,0,0,0,1,1,0,0,0,0,0,0,0,1,0,0,0,0,0.4996559633027522,-1.0173165137614677,-0.7894321766561514,-0.9592158630013521,-1.034788389098161,-1.017174753112924,-0.7245734544648794,-0.8286358511837655,-0.5273653888765788,-0.7376083931056633,0.16666666666666666,-0.5833333333333334,-0.5,-1.25,-0.6666666666666666,-0.5833333333333334,0.4166666666666667,-0.25,-0.46153846153846156,-1.1538461538461537
0,0,0,1,-0.1972477064220184,-0.6666666666666666,-0.34455244132703916,6,5,4,3,2,1,0,6,5,4,0,0,1,1,1,1,0,0,0,1,1,1,0,0,0,0,0,1,1,0,0,0,0,0,0,0,1,0,0,0,1.0777522935779815,0.4996559633027522,-0.9994366831906264,-0.7837990085624155,-0.9488145357855087,-1.0182481751824817,-1.0336804786173277,-0.7373167981961669,-0.8143142034123644,-0.5042286693073547,0.16666666666666666,0.16666666666666666,-0.5833333333333334,-0.5,-1.25,-0.5833333333333334,-0.5833333333333334,0.4166666666666667,-0.23076923076923078,-0.46153846153846156
1,1,0,0,-0.8309633027522937,-0.5833333333333334,-0.711887102895393,0,6,5,4,3,2,1,0,6,5,0,0,0,1,1,1,1,0,0,0,0,1,1,0,0,0,0,0,1,1,1,0,0,0,0,0,0,1,0,0,-0.1972477064220184,1.0777522935779815,0.4908742676881478,-0.9938035150968906,-0.7763128739197873,-0.9349506225848003,-1.034788389098161,-1.0518602029312287,-0.7245734544648794,-0.781500909966813,-0.6666666666666666,0.16666666666666666,0.16666666666666666,-0.5833333333333334,-0.5,-1.1666666666666667,-0.5833333333333334,-0.5833333333333334,0.38461538461538464,-0.23076923076923078
2,1,0,0,-0.6627293577981651,0.08333333333333333,-0.6428229289344655,1,0,6,5,4,3,2,1,0,6,1,0,0,0,1,1,1,1,0,0,0,0,1,1,0,0,0,0,0,1,0,1,0,0,0,0,0,0,1,0,-0.8309633027522937,-0.1972477064220184,1.058810274898603,0.4965074357818837,-0.9828273875470862,-0.7678188063546587,-0.9488145357855087,-1.052987598647125,-1.0336804786173277,-0.6947864254362489,-0.5833333333333334,-0.6666666666666666,0.16666666666666666,0.16666666666666666,-0.5833333333333334,-0.4166666666666667,-1.1666666666666667,-0.5833333333333334,-0.5384615384615384,0.38461538461538464
3,1,0,0,-0.8208715596330275,0.16666666666666666,-0.7045846824240197,2,1,0,6,5,4,3,2,1,0,1,1,0,0,0,1,1,1,1,0,0,0,0,1,1,0,0,0,0,0,0,0,1,0,0,0,0,0,0,1,-0.6627293577981651,-0.8309633027522937,-0.1937809824245156,1.0644434429923388,0.48271659649900284,-0.9679046801202231,-0.7763128739197873,-0.9655016910935739,-1.034788389098161,-0.9934696499304143,0.08333333333333333,-0.5833333333333334,-0.6666666666666666,0.16666666666666666,0.16666666666666666,-0.5,-0.4166666666666667,-1.1666666666666667,-0.5384615384615384,-0.5384615384615384
4,1,0,0,0.1441513761467889,0.3333333333333333,-0.11261041263669273,3,2,1,0,6,5,4,3,2,1,1,1,1,0,0,0,1,1,1,1,0,0,0,0,1,1,0,0,0,0,0,0,0,1,0,0,0,0,0,0,-0.8208715596330275,-0.6627293577981651,-0.8163587201442093,-0.18814781433077968,1.041214269886993,0.4520180334907686,-0.9828273875470862,-0.789966178128523,-0.9488145357855087,-0.9945401991221497,0.16666666666666666,0.08333333333333333,-0.5833333333333334,-0.6666666666666666,0.16666666666666666,0.25,-0.5,-0.4166666666666667,-1.0769230769230769,-0.5384615384615384
5,0,1,0,1.2270642201834863,2.5,0.5765485185035776,4,3,2,1,0,6,5,4,3,2,1,1,1,1,0,0,0,1,1,1,0,0,0,0,0,1,1,0,0,0,0,0,0,0,1,0,0,0,0,0,0.1441513761467889,-0.8208715596330275,-0.6510815682739973,-0.8107255520504734,-0.19056060270330163,0.9931300987548304,0.48271659649900284,-1.0001127395715894,-0.7763128739197873,-0.9114655818434857,0.3333333333333333,0.16666666666666666,0.08333333333333333,-0.5833333333333334,-0.6666666666666666,0.25,0.25,-0.5,-0.38461538461538464,-1.0769230769230769
6,0,1,0,0.46605504587155944,0.4166666666666667,0.033175979129451215,5,4,3,2,1,0,6,5,4,3,0,1,1,1,1,0,0,0,1,1,1,0,0,0,0,0,1,1,0,0,0,0,0,0,0,1,0,0,0,0,1.2270642201834863,0.1441513761467889,-0.806444344299234,-0.6454484001802614,-0.8027919344116997,-0.20030055817947615,1.041214269886993,0.4912063134160089,-0.9828273875470862,-0.74478107269029,2.5,0.3333333333333333,0.16666666666666666,0.08333333333333333,-0.5833333333333334,-0.5833333333333334,0.25,0.25,-0.46153846153846156,-0.38461538461538464
0,1,0,0,-0.39575688073394494,-0.16666666666666666,-0.4980415256869347,6,5,4,3,2,1,0,6,5,4,0,0,1,1,1,1,0,0,0,1,1,1,0,0,0,0,0,1,1,0,0,0,0,0,0,0,1,0,0,0,0.46605504587155944,1.2270642201834863,0.1416178458765209,-0.800811176205498,-0.6402614668734766,-0.7934735938170888,-0.19056060270330163,1.0595264937993234,0.48271659649900284,-0.9443314420297613,0.4166666666666667,2.5,0.3333333333333333,0.16666666666666666,0.08333333333333333,-0.5,-0.5833333333333334,0.25,0.23076923076923078,-0.46153846153846156
1,1,0,0,-0.3033256880733945,0.25,-0.4498745330974522,0,6,5,4,3,2,1,0,6,5,1,0,0,1,1,1,1,0,0,0,0,1,1,0,0,0,0,0,1,1,0,0,0,0,0,0,0,1,0,0,-0.39575688073394494,0.46605504587155944,1.2054979720594863,0.1472510139702568,-0.7930423221803679,-0.6360025762129669,-0.8027919344116997,-0.19391206313416012,1.041214269886993,0.4717910287977732,-0.16666666666666666,0.4166666666666667,2.5,0.3333333333333333,0.16666666666666666,0.16666666666666666,-0.5,-0.5833333333333334,0.23076923076923078,0.23076923076923078
2,1,0,0,1.1018348623853211,1.0833333333333333,0.5474907990285373,1,0,6,5,4,3,2,1,0,6,1,1,0,0,1,1,1,1,0,0,0,0,1,1,0,0,0,0,0,1,0,0,0,0,0,0,0,0,1,0,-0.3033256880733945,-0.39575688073394494,0.45786390265885524,1.2111311401532223,0.13926434744072672,-0.7840274796049806,-0.6402614668734766,-0.8169109357384443,-0.19056060270330163,1.0114548763515683,0.25,-0.16666666666666666,0.4166666666666667,2.5,0.3333333333333333,0.25,0.16666666666666666,-0.5,-0.5384615384615384,0.23076923076923078
3,1,0,0,-0.5207568807339449,0.5833333333333334,-0.5293164080629374,2,1,0,6,5,4,3,2,1,0,1,1,1,0,0,1,1,1,1,0,0,0,0,1,1,0,0,0,0,0,0,0,0,0,0,0,0,0,0,1,1.1018348623853211,-0.3033256880733945,-0.388801261829653,0.46349707075259117,1.185464214491469,0.11925719192786603,-0.7930423221803679,-0.6515219842164599,-0.8027919344116997,-0.1787817150198052,1.0833333333333333,0.25,-0.16666666666666666,0.4166666666666667,2.5,0.4166666666666667,0.25,0.16666666666666666,-0.46153846153846156,-0.5384615384615384
4,1,0,0,0.1887614678899082,0.0,0.0,3,2,1,0,6,5,4,3,2,1,1,1,1,1,0,0,1,1,1,1,0,0,0,0,1,1,0,0,0,0,0,0,0,0,0,0,0,0,0,0,-0.5207568807339449,1.1018348623853211,-0.29799459215863006,-0.3831680937359171,0.45025481941059153,1.1328896522112495,0.13926434744072672,-0.8069898534385569,-0.6402614668734766,-0.7703671983727653,0.5833333333333334,1.0833333333333333,0.25,-0.16666666666666666,0.4166666666666667,2.5833333333333335,0.4166666666666667,0.25,0.15384615384615385,-0.46153846153846156
5,0,1,0,-0.3345183486238532,0.9166666666666666,-0.38652304913359886,4,3,2,1,0,6,5,4,3,2,1,1,1,1,1,0,0,1,1,1,0,0,0,0,0,1,1,0,0,0,0,0,0,0,0,0,0,0,0,0,0.1887614678899082,-0.5207568807339449,1.0824695808922942,-0.2923614240648942,-0.3823399069355196,0.4205667668527264,1.185464214491469,0.14171364148816226,-0.7930423221803679,-0.6133176319451878,0.0,0.5833333333333334,1.0833333333333333,0.25,-0.16666666666666666,0.5,2.5833333333333335,0.4166666666666667,0.23076923076923078,0.15384615384615385
6,0,1,0,-1.0604357798165138,-1.1666666666666667,-0.8664156414752416,5,4,3,2,1,0,6,5,4,3,0,1,1,1,1,1,0,0,1,1,1,0,0,0,0,0,1,1,0,0,0,0,0,0,0,0,0,0,0,0,-0.3345183486238532,0.1887614678899082,-0.511604326273096,1.08810274898603,-0.2930423221803679,-0.38610991841992265,0.45025481941059153,1.2063134160090192,0.13926434744072672,-0.7609463654854941,0.9166666666666666,0.0,0.5833333333333334,1.0833333333333333,0.25,-0.08333333333333333,0.5,2.5833333333333335,0.38461538461538464,0.23076923076923078
0,1,0,0,-0.19094036697247713,-2.6666666666666665,-0.7456067001323404,6,5,4,3,2,1,0,6,5,4,0,0,1,1,1,1,1,0,0,1,1,1,0,0,0,0,0,1,1,0,0,0,0,0,0,0,0,0,0,0,-1.0604357798165138,-0.3345183486238532,0.18544389364578634,-0.5059711581793601,1.0644803899844895,-0.29959209961356803,-0.3823399069355196,0.4581736189402479,1.185464214491469,0.1399207793598115,-1.1666666666666667,0.9166666666666666,0.0,0.5833333333333334,1.0833333333333333,0.3333333333333333,-0.08333333333333333,0.5,2.3846153846153846,0.38461538461538464
1,1,0,0,-0.4635321100917431,-1.1666666666666667,-0.7056868015554998,0,6,5,4,3,2,1,0,6,5,1,0,0,1,1,1,1,1,0,0,0,1,1,0,0,0,0,0,1,1,0,0,0,0,0,0,0,0,0,0,-0.19094036697247713,-1.0604357798165138,-0.32863902658855343,0.19107706173952227,-0.5031021493463328,1.0156719622155435,-0.2930423221803679,-0.38906426155580603,0.45025481941059153,1.1508403811155123,-2.6666666666666665,-1.1666666666666667,0.9166666666666666,0.0,0.5833333333333334,1.1666666666666667,0.3333333333333333,-0.08333333333333333,0.46153846153846156,2.3846153846153846
2,1,0,0,0.2692660550458716,0.16666666666666666,0.020353563263948916,1,0,6,5,4,3,2,1,0,6,1,1,0,0,1,1,1,1,1,0,0,0,1,1,0,0,0,0,0,1,0,0,0,0,0,0,0,0,0,0,-0.4635321100917431,-0.19094036697247713,-1.0417981072555207,-0.32300585849481755,0.18236206514513623,-0.5031129240017174,1.0644803899844895,-0.29819616685456596,-0.3823399069355196,0.4404239374799271,-1.1666666666666667,-2.6666666666666665,-1.1666666666666667,0.9166666666666666,0.0,0.6666666666666666,1.1666666666666667,0.3333333333333333,-0.07692307692307693,0.46153846153846156
3,1,0,0,-0.43004587155963303,1.25,-0.40762271650041537,2,1,0,6,5,4,3,2,1,0,1,1,1,0,0,1,1,1,1,1,0,0,0,1,1,0,0,0,0,0,0,0,0,0,0,0,0,0,0,0,0.2692660550458716,-0.4635321100917431,-0.18758449752140613,-1.0361649391617846,-0.3231774872590295,0.16101331043366252,-0.5031021493463328,1.0832018038331455,-0.2930423221803679,-0.364093780109196,0.16666666666666666,-1.1666666666666667,-2.6666666666666665,-1.1666666666666667,0.9166666666666666,0.08333333333333333,0.6666666666666666,1.1666666666666667,0.3076923076923077,-0.07692307692307693
4,1,0,0,-0.6852064220183486,0.4166666666666667,-0.5756234277471611,3,2,1,0,6,5,4,3,2,1,1,1,1,1,0,0,1,1,1,1,0,0,0,0,1,1,0,0,0,0,0,0,0,0,0,0,0,0,0,0,-0.43004587155963303,0.2692660550458716,-0.4553853086976116,-0.1819513294276702,-1.0244848216264126,-0.3287891799055388,0.18236206514513623,-0.5119503945885006,1.0644803899844895,-0.27780751525532604,1.25,0.16666666666666666,-1.1666666666666667,-2.6666666666666665,-1.1666666666666667,1.0,0.08333333333333333,0.6666666666666666,1.0769230769230769,0.3076923076923077
5,0,1,0,-0.48463302752293574,0.5,-0.41197087804899063,4,3,2,1,0,6,5,4,3,2,1,1,1,1,1,0,0,1,1,1,0,0,0,0,0,1,1,0,0,0,0,0,0,0,0,0,0,0,0,0,-0.6852064220183486,-0.43004587155963303,0.2645335736818387,-0.4497521406038757,-0.18446709505871933,-1.0082653499355947,-0.3231774872590295,0.18556933483652754,-0.5031021493463328,1.033936409378011,0.4166666666666667,1.25,0.16666666666666666,-1.1666666666666667,-2.6666666666666665,-1.0833333333333333,1.0,0.08333333333333333,0.6153846153846154,1.0769230769230769
6,0,1,0,0.27213302752293583,1.0,0.2401468238877076,5,4,3,2,1,0,6,5,4,3,0,1,1,1,1,1,0,0,1,1,1,0,0,0,0,0,1,1,0,0,0,0,0,0,0,0,0,0,0,0,-0.48463302752293574,-0.6852064220183486,-0.42248760703019383,0.27016674177557465,-0.44781741635275873,-0.19439673679690855,-1.0244848216264126,-0.32886133032694476,0.18236206514513623,-0.4807836420083503,0.5,0.4166666666666667,1.25,0.16666666666666666,-1.1666666666666667,-2.5833333333333335,-1.0833333333333333,1.0,0.07692307692307693,0.6153846153846154
0,1,0,0,0.016743119266054974,0.16666666666666666,-0.09332176121300469,6,5,4,3,2,1,0,6,5,4,0,0,1,1,1,1,1,0,0,1,1,1,0,0,0,0,0,1,1,0,0,0,0,0,0,0,0,0,0,0,0.27213302752293583,-0.48463302752293574,-0.6731635872014422,-0.4168544389364579,0.2601373808996234,-0.4495491627307857,-0.18446709505871933,-1.0425028184892897,-0.3231774872590295,0.18156514291831705,1.0,0.5,0.4166666666666667,1.25,0.16666666666666666,-1.0833333333333333,-2.5833333333333335,-1.0833333333333333,0.9230769230769231,0.07692307692307693
1,1,0,0,0.9136467889908255,1.25,0.3969305159711318,0,6,5,4,3,2,1,0,6,5,1,0,0,1,1,1,1,1,0,0,0,1,1,0,0,0,0,0,1,1,0,0,0,0,0,0,0,0,0,0,0.016743119266054974,0.27213302752293583,-0.47611536728255976,-0.6675304191077063,-0.4154664303124308,0.2363675397166167,-0.44781741635275873,-0.1877113866967306,-1.0244848216264126,-0.3069264532705278,0.16666666666666666,1.0,0.5,0.4166666666666667,1.25,0.25,-1.0833333333333333,-2.5833333333333335,-1.0,0.9230769230769231
2,1,0,0,0.15332568807339456,0.16666666666666666,0.09736129807230982,1,0,6,5,4,3,2,1,0,6,1,1,0,0,1,1,1,1,1,0,0,0,1,1,0,0,0,0,0,1,0,0,0,0,0,0,0,0,0,0,0.9136467889908255,0.016743119266054974,0.2673501577287067,-0.47048219918882384,-0.6619765122978064,-0.4182052382996994,0.2601373808996234,-0.4556933483652762,-0.18446709505871933,-0.9845840916390108,1.25,0.16666666666666666,1.0,0.5,0.4166666666666667,1.3333333333333333,0.25,-1.0833333333333333,-2.3846153846153846,-1.0
3,1,0,0,0.68348623853211,-0.16666666666666666,0.5062999777147908,2,1,0,6,5,4,3,2,1,0,1,1,1,0,0,1,1,1,1,1,0,0,0,1,1,0,0,0,0,0,0,0,0,0,0,0,0,0,0,0,0.15332568807339456,0.9136467889908255,0.016448850833708808,0.2729833258224426,-0.46820296920008864,-0.6570416487762988,-0.4154664303124308,0.2647125140924465,-0.44781741635275873,-0.17289369446526073,0.16666666666666666,1.25,0.16666666666666666,1.0,0.5,0.5,1.3333333333333333,0.25,-1.0,-2.3846153846153846
4,1,0,0,-0.3365825688073394,-0.3333333333333333,-0.3044966382233244,3,2,1,0,6,5,4,3,2,1,1,1,1,1,0,0,1,1,1,1,0,0,0,0,1,1,0,0,0,0,0,0,0,0,0,0,0,0,0,0,0.68348623853211,0.15332568807339456,0.8975890040558809,0.022082018927444727,0.26290715710170626,-0.46930012881064825,-0.6619765122978064,-0.4227733934611048,0.2601373808996234,-0.4273632373407558,-0.16666666666666666,0.16666666666666666,1.25,0.16666666666666666,1.0,0.5833333333333334,0.5,1.3333333333333333,0.23076923076923078,-1.0
5,0,1,0,1.3474770642201834,0.25,0.8259779740669096,4,3,2,1,0,6,5,4,3,2,1,1,1,1,1,0,0,1,1,1,0,0,0,0,0,1,1,0,0,0,0,0,0,0,0,0,0,0,0,0,-0.3365825688073394,0.68348623853211,0.15063091482649849,0.9032221721496169,0.016175493020163904,0.23905109489051107,-0.46820296920008864,-0.673618940248027,-0.4154664303124308,0.25671769617813944,-0.3333333333333333,-0.16666666666666666,0.16666666666666666,1.25,0.16666666666666666,1.0833333333333333,0.5833333333333334,0.5,1.2307692307692308,0.23076923076923078
6,0,0,1,-0.5240825688073395,0.25,-0.37222526625733426,5,4,3,2,1,0,6,5,4,3,0,1,1,1,1,1,0,0,1,1,1,0,0,0,0,0,1,1,0,0,0,0,0,0,0,0,0,0,0,0,1.3474770642201834,-0.3365825688073394,0.6714736367733213,0.15626408292023442,0.8826722800797695,0.0,0.26290715710170626,-0.47643742953776774,-0.6619765122978064,-0.3961032009420833,0.25,-0.3333333333333333,-0.16666666666666666,0.16666666666666666,1.25,0.25,1.0833333333333333,0.5833333333333334,0.46153846153846156,1.2307692307692308
0,1,0,0,0.3876146788990825,0.25,0.47528593803301894,6,5,4,3,2,1,0,6,5,4,0,0,1,1,1,1,1,0,0,1,0,1,0,0,0,0,0,1,1,0,1,0,0,0,0,0,0,0,0,0,-0.5240825688073395,1.3474770642201834,-0.3306669671022983,0.6771068048670572,0.14812763128739204,0.8395234006011163,0.016175493020163904,0.26753100338218716,-0.46820296920008864,-0.634300396103201,0.25,0.25,-0.3333333333333333,-0.16666666666666666,0.16666666666666666,1.3333333333333333,0.25,1.0833333333333333,0.5384615384615384,0.46153846153846156
1,1,0,0,0.13543577981651378,1.25,0.3796373503238797,0,6,5,4,3,2,1,0,6,5,1,0,0,1,1,1,1,1,0,0,0,0,1,0,0,0,0,0,1,1,0,1,0,0,0,0,0,0,0,0,0.3876146788990825,-0.5240825688073395,1.3237945020279407,-0.3250337990085624,0.6603146465765566,0.12784456848432815,0.8826722800797695,0.016459977452085613,0.26290715710170626,-0.44706134246868645,0.25,0.25,0.25,-0.3333333333333333,-0.16666666666666666,0.25,1.3333333333333333,0.25,1.0,0.5384615384615384
2,1,0,0,1.2783256880733944,0.5833333333333334,1.5511418134363752,1,0,6,5,4,3,2,1,0,6,1,1,0,0,1,1,1,1,1,0,0,0,0,1,0,0,0,0,0,1,0,0,1,0,0,0,0,0,0,0,0.13543577981651378,0.3876146788990825,-0.5148715637674629,1.3294276701216765,-0.3251717261245291,0.624087591240876,0.14812763128739204,0.8981961668545658,0.016175493020163904,0.2593940691574778,1.25,0.25,0.25,0.25,-0.3333333333333333,-0.08333333333333333,0.25,1.3333333333333333,0.23076923076923078,1.0
3,1,0,0,-0.5660550458715596,0.16666666666666666,-0.27612196628392766,2,1,0,6,5,4,3,2,1,0,1,1,1,0,0,1,1,1,1,1,0,0,0,0,1,0,0,0,0,0,0,0,0,1,0,0,0,0,0,0,1.2783256880733944,0.13543577981651378,0.380802163136548,-0.509238395673727,1.3017948149789498,-0.3307213396307427,0.6603146465765566,0.15073280721533264,0.8826722800797695,0.020982764158012996,0.5833333333333334,1.25,0.25,0.25,0.25,-0.25,-0.08333333333333333,0.25,1.2307692307692308,0.23076923076923078
4,1,0,0,-0.5791284403669724,0.16666666666666666,-0.2980456772373234,3,2,1,0,6,5,4,3,2,1,1,1,1,1,0,0,1,1,1,1,0,0,0,0,0,1,0,0,0,0,0,0,0,0,1,0,0,0,0,0,-0.5660550458715596,1.2783256880733944,0.1330554303740424,0.3864353312302839,-0.506315089740749,1.2455989695148133,-0.3251717261245291,0.6719278466741826,0.14812763128739204,0.8582592870142381,0.16666666666666666,0.5833333333333334,1.25,0.25,0.25,0.3333333333333333,-0.25,-0.08333333333333333,0.23076923076923078,1.2307692307692308
5,0,1,0,1.683256880733945,0.6666666666666666,1.9891942193185739,4,3,2,1,0,6,5,4,3,2,1,1,1,1,1,0,0,1,1,1,0,0,0,0,0,0,1,0,0,0,0,0,0,0,0,1,0,0,0,0,-0.5791284403669724,-0.5660550458715596,1.2558584948174856,0.1386885984677783,0.37447374252160426,-0.506225848003435,1.3017948149789498,-0.330890642615558,0.6603146465765566,0.1484851728936945,0.16666666666666666,0.16666666666666666,0.5833333333333334,1.25,0.25,0.3333333333333333,0.3333333333333333,-0.25,-0.07692307692307693,0.23076923076923078
6,0,1,0,-0.2959862385321101,0.3333333333333333,-0.0839513986612425,5,4,3,2,1,0,6,5,4,3,0,1,1,1,1,1,0,0,1,1,1,0,0,0,0,0,0,1,0,0,0,0,0,0,0,0,1,0,0,0,1.683256880733945,-0.5791284403669724,-0.5561063542136098,1.2614916629112214,0.1308442277863949,0.34714469729497643,-0.506315089740749,1.3246899661781284,-0.3251717261245291,0.6434000642329515,0.6666666666666666,0.16666666666666666,0.16666666666666666,0.5833333333333334,1.25,0.3333333333333333,0.3333333333333333,0.3333333333333333,-0.23076923076923078,-0.07692307692307693
0,1,0,0,0.0261467889908257,-0.5,0.3781721663612405,6,5,4,3,2,1,0,6,5,4,0,0,1,1,1,1,1,0,0,1,1,1,0,0,0,0,0,0,1,0,0,0,0,0,0,0,0,1,0,0,-0.2959862385321101,1.683256880733945,-0.5689499774673277,-0.5504731861198738,1.234987812984711,0.11109918419922724,0.37447374252160426,-0.5152198421645998,1.3017948149789498,-0.3088534418156514,0.3333333333333333,0.6666666666666666,0.16666666666666666,0.16666666666666666,0.5833333333333334,1.3333333333333333,0.3333333333333333,0.3333333333333333,0.3076923076923077,-0.23076923076923078
1,1,0,0,-0.2133027522935779,-0.16666666666666666,0.03176406034160993,0,6,5,4,3,2,1,0,6,5,1,0,0,1,1,1,1,1,0,0,0,1,1,0,0,0,0,0,0,1,0,0,0,0,0,0,0,0,1,0,0.0261467889908257,-0.2959862385321101,1.653672825597116,-0.5633168093735917,-0.5468646133392422,1.180871618720481,0.1308442277863949,0.38105975197294245,-0.506315089740749,1.2632480462477251,-0.5,0.3333333333333333,0.6666666666666666,0.16666666666666666,0.16666666666666666,0.6666666666666666,1.3333333333333333,0.3333333333333333,0.3076923076923077,0.3076923076923077
2,1,0,0,-0.19380733944954134,0.25,0.0770997738971661,1,0,6,5,4,3,2,1,0,6,1,1,0,0,1,1,1,1,1,0,0,0,1,1,0,0,0,0,0,0,0,0,0,0,0,0,0,0,0,1,-0.2133027522935779,0.0261467889908257,-0.2907841369986481,1.6593059936908519,-0.5594947928207401,-0.5455130957492486,1.234987812984711,0.13314543404735063,0.37447374252160426,-0.48388823466438285,-0.16666666666666666,-0.5,0.3333333333333333,0.6666666666666666,0.16666666666666666,0.25,0.6666666666666666,1.3333333333333333,0.3076923076923077,0.3076923076923077
3,1,0,0,-0.46674311926605505,0.75,-0.2811520004010554,2,1,0,6,5,4,3,2,1,0,1,1,1,0,0,1,1,1,1,1,0,0,0,1,1,0,0,0,0,0,0,0,0,0,0,0,0,0,0,0,-0.19380733944954134,-0.2133027522935779,0.0256872465074358,-0.28515096890491215,1.6261910037668958,-0.5577501073422069,-0.5468646133392422,1.2567080045095829,0.1308442277863949,0.36719837276522854,0.25,-0.16666666666666666,-0.5,0.3333333333333333,0.6666666666666666,0.25,0.25,0.6666666666666666,1.2307692307692308,0.3076923076923077
4,1,0,0,2.1158256880733943,-0.16666666666666666,2.4322606014343213,3,2,1,0,6,5,4,3,2,1,1,1,1,1,0,0,1,1,1,1,0,0,0,0,1,1,0,0,0,0,0,0,0,0,0,0,0,0,0,0,-0.46674311926605505,-0.19380733944954134,-0.20955385308697608,0.031320414601171714,-0.28595169510303575,1.5598969514813223,-0.5594947928207401,-0.5564825253664036,1.234987812984711,0.1317846055026229,0.75,0.25,-0.16666666666666666,-0.5,0.3333333333333333,0.75,0.25,0.25,0.6153846153846154,1.2307692307692308
5,0,1,0,2.3681192660550456,-0.08333333333333333,2.199109139951505,4,3,2,1,0,6,5,4,3,2,1,1,1,1,1,0,0,1,1,1,0,0,0,0,0,1,1,0,0,0,0,0,0,0,0,0,0,0,0,0,2.1158256880733943,-0.46674311926605505,-0.1904010815682741,-0.20392068499324015,0.025260358962995805,-0.2927221983683984,1.6261910037668958,-0.5693348365276212,-0.5468646133392422,1.1986939299860828,-0.16666666666666666,0.75,0.25,-0.16666666666666666,-0.5,0.4166666666666667,0.75,0.25,0.23076923076923078,0.6153846153846154
6,0,1,0,0.9231651376146789,-0.08333333333333333,1.3076244006199127,5,4,3,2,1,0,6,5,4,3,0,1,1,1,1,1,0,0,1,1,1,0,0,0,0,0,1,1,0,0,0,0,0,0,0,0,0,0,0,0,2.3681192660550456,2.1158256880733943,-0.4585398828301037,-0.18476791347453816,-0.2060713494349656,0.00880206097037363,-0.28595169510303575,1.6547914317925592,-0.5594947928207401,-0.523070335081897,-0.08333333333333333,-0.16666666666666666,0.75,0.25,-0.16666666666666666,-0.4166666666666667,0.4166666666666667,0.75,0.23076923076923078,0.23076923076923078
0,1,0,0,-0.02293577981651376,0.0,0.02923435619440692,6,5,4,3,2,1,0,6,5,4,0,0,1,1,1,1,1,0,0,1,1,1,0,0,0,0,0,1,1,0,0,0,0,0,0,0,0,0,0,0,0.9231651376146789,2.3681192660550456,2.0786390265885535,-0.4529067147363678,-0.1872368712608022,-0.21532846715328455,0.025260358962995805,-0.2909808342728298,1.6261910037668958,-0.5352745958676801,-0.08333333333333333,-0.08333333333333333,-0.16666666666666666,0.75,0.25,-0.08333333333333333,-0.4166666666666667,0.4166666666666667,0.6923076923076923,0.23076923076923078
1,1,0,0,0.2121559633027523,-0.9166666666666666,0.1800053500168216,0,6,5,4,3,2,1,0,6,5,1,0,0,1,1,1,1,1,0,0,0,1,1,0,0,0,0,0,1,1,0,0,0,0,0,0,0,0,0,0,-0.02293577981651376,0.9231651376146789,2.326498422712934,2.0842721946822897,-0.4509195656990916,-0.19708029197080293,-0.2060713494349656,0.025704622322435186,-0.28595169510303575,1.5767048495878386,0.0,-0.08333333333333333,-0.08333333333333333,-0.16666666666666666,0.75,0.3333333333333333,-0.08333333333333333,-0.4166666666666667,0.38461538461538464,0.6923076923076923
2,0,0,1,0.13188073394495411,0.16666666666666666,0.29592877819480407,1,0,6,5,4,3,2,1,0,6,1,1,0,0,1,1,1,1,1,0,0,0,1,1,0,0,0,0,0,1,0,0,0,0,0,0,0,0,0,0,0.2121559633027523,-0.02293577981651376,0.9069400630914828,2.3321315908066698,2.0440948371371594,-0.45255474452554745,-0.1872368712608022,-0.20969560315670793,0.025260358962995805,-0.2709560004282197,-0.9166666666666666,0.0,-0.08333333333333333,-0.08333333333333333,-0.16666666666666666,0.8333333333333334,0.3333333333333333,-0.08333333333333333,-0.38461538461538464,0.38461538461538464
3,1,0,0,-0.1880733944954129,-0.5,-0.043241138887768316,2,1,0,6,5,4,3,2,1,0,0,1,1,0,0,1,1,1,1,1,0,0,0,1,1,0,0,0,0,0,1,0,0,0,0,0,0,0,0,0,0.13188073394495411,0.2121559633027523,-0.02253267237494367,0.9125732311852187,2.287835142920452,1.964791756118506,-0.4509195656990916,-0.1905298759864713,-0.2060713494349656,0.029761267530243028,0.16666666666666666,-0.9166666666666666,0.0,-0.08333333333333333,-0.08333333333333333,-0.08333333333333333,0.8333333333333334,0.3333333333333333,-0.07692307692307693,-0.38461538461538464
4,1,0,0,-0.3279816513761467,-0.5833333333333334,-0.040266122213027014,3,2,1,0,6,5,4,3,2,1,1,0,1,1,0,0,1,1,1,1,0,0,0,0,1,1,0,0,0,0,0,1,0,0,0,0,0,0,0,0,-0.1880733944954129,0.13188073394495411,0.20842721946822895,-0.016899504281207754,0.8918679370706848,2.2009446114212112,2.0440948371371594,-0.4588500563697858,-0.1872368712608022,-0.19376940370410015,-0.5,0.16666666666666666,-0.9166666666666666,0.0,-0.08333333333333333,0.0,-0.08333333333333333,0.8333333333333334,0.3076923076923077,-0.07692307692307693
5,0,1,0,0.4185779816513761,-0.8333333333333334,0.3306298646085421,4,3,2,1,0,6,5,4,3,2,1,1,0,1,1,0,0,1,1,1,0,0,0,0,0,1,1,0,0,0,0,0,1,0,0,0,0,0,0,0,-0.3279816513761467,-0.1880733944954129,0.1295628661559261,0.21406038756196488,-0.022158209616662976,0.8484328037784458,2.287835142920452,2.080045095828636,-0.4509195656990916,-0.17557006744459916,-0.5833333333333334,-0.5,0.16666666666666666,-0.9166666666666666,0.0,0.0,0.0,-0.08333333333333333,0.7692307692307693,0.3076923076923077
6,0,1,0,0.4873853211009174,-0.16666666666666666,0.8479099097899433,5,4,3,2,1,0,6,5,4,3,0,1,1,0,1,1,0,0,1,1,1,0,0,0,0,0,1,1,0,0,0,0,0,1,0,0,0,0,0,0,0.4185779816513761,-0.3279816513761467,-0.18476791347453816,0.13519603424966203,0.20496343895413252,-0.03714040360669809,0.8918679370706848,2.328072153325817,2.0440948371371594,-0.4303607750776149,-0.8333333333333334,-0.5833333333333334,-0.5,0.16666666666666666,-0.9166666666666666,0.08333333333333333,0.0,0.0,-0.07692307692307693,0.7692307692307693
0,1,0,0,-0.5286697247706422,-1.0833333333333333,-0.41569865697344927,6,5,4,3,2,1,0,6,5,4,0,0,1,1,0,1,1,0,0,1,1,1,0,0,0,0,0,1,1,0,0,0,0,0,1,0,0,0,0,0,0.4873853211009174,0.4185779816513761,-0.3222172149616944,-0.17913474538080223,0.1274097052958121,0.1829111206526407,-0.022158209616662976,0.9075535512965051,2.287835142920452,1.9805160047104164,-0.16666666666666666,-0.8333333333333334,-0.5833333333333334,-0.5,0.16666666666666666,-0.8333333333333334,0.08333333333333333,0.0,0.0,-0.07692307692307693
1,1,0,0,-0.34633027522935783,0.16666666666666666,-0.4091110081491801,0,6,5,4,3,2,1,0,6,5,1,0,0,1,1,0,1,1,0,0,0,1,1,0,0,0,0,0,1,1,0,0,0,0,0,1,0,0,0,0,-0.5286697247706422,0.4873853211009174,0.411221270842722,-0.3165840468679585,-0.18169731885663645,0.10777157578359818,0.20496343895413252,-0.02254791431792559,0.8918679370706848,2.216036826892196,-1.0833333333333333,-0.16666666666666666,-0.8333333333333334,-0.5833333333333334,-0.5,0.25,-0.8333333333333334,0.08333333333333333,0.0,0.0
2,0,0,1,-0.9690366972477064,-0.6666666666666666,-0.8168006977737898,1,0,6,5,4,3,2,1,0,6,1,1,0,0,1,1,0,1,1,0,0,0,1,1,0,0,0,0,0,1,0,0,0,0,0,0,1,0,0,0,-0.34633027522935783,-0.5286697247706422,0.478819287967553,0.4168544389364579,-0.3168623975182805,-0.19171318162301418,0.1274097052958121,0.20856820744081173,-0.022158209616662976,0.8671448453056418,0.16666666666666666,-1.0833333333333333,-0.16666666666666666,-0.8333333333333334,-0.5833333333333334,-0.4166666666666667,0.25,-0.8333333333333334,0.07692307692307693,0.0
3,1,0,0,0.10894495412844037,-0.16666666666666666,0.2535970638355704,2,1,0,6,5,4,3,2,1,0,0,1,1,0,0,1,1,0,1,1,0,0,0,1,1,0,0,0,0,0,1,0,0,0,0,0,0,1,0,0,-0.9690366972477064,-0.34633027522935783,-0.5193780982424516,0.4844524560612889,0.4043873255040993,-0.3226706741090596,-0.18169731885663645,0.12965050732807215,0.20496343895413252,-0.016058237876030404,-0.6666666666666666,0.16666666666666666,-1.0833333333333333,-0.16666666666666666,-0.8333333333333334,-0.5,-0.4166666666666667,0.25,-0.7692307692307693,0.07692307692307693
4,1,0,0,-0.12041284403669725,-0.8333333333333334,0.001506699466525775,3,2,1,0,6,5,4,3,2,1,1,0,1,1,0,0,1,1,0,1,0,0,0,0,1,1,0,0,0,0,0,1,0,0,0,0,0,0,1,0,0.10894495412844037,-0.9690366972477064,-0.3402433528616495,-0.5137449301487157,0.47086195435408823,0.3761270931730357,-0.3168623975182805,-0.18489289740698991,0.1274097052958121,0.20340434642971844,-0.16666666666666666,-0.6666666666666666,0.16666666666666666,-1.0833333333333333,-0.16666666666666666,-0.75,-0.5,-0.4166666666666667,0.23076923076923078,-0.7692307692307693
5,0,1,0,0.13188073394495411,0.0,0.23813998009605747,4,3,2,1,0,6,5,4,3,2,1,1,0,1,1,0,0,1,1,0,0,0,0,0,0,1,1,0,0,0,0,0,1,0,0,0,0,0,0,1,-0.12041284403669725,0.10894495412844037,-0.9520054078413701,-0.33461018476791354,-0.5107467316640816,0.4405324173465007,0.4043873255040993,-0.3224351747463359,-0.18169731885663645,0.12846590300824323,-0.8333333333333334,-0.16666666666666666,-0.6666666666666666,0.16666666666666666,-1.0833333333333333,-0.08333333333333333,-0.75,-0.5,-0.38461538461538464,0.23076923076923078
6,0,1,0,0.6938073394495413,-0.9166666666666666,1.100586974393159,5,4,3,2,1,0,6,5,4,3,0,1,1,0,1,1,0,0,1,1,1,0,0,0,0,0,1,1,0,0,0,0,0,1,0,0,0,0,0,0,0.13188073394495411,-0.12041284403669725,0.10703019378098244,-0.9463722397476342,-0.33458896521161097,-0.5105195362816659,0.47086195435408823,0.41149943630214203,-0.3168623975182805,-0.17021732148592233,0.0,-0.8333333333333334,-0.16666666666666666,-0.6666666666666666,0.16666666666666666,-1.0,-0.08333333333333333,-0.75,-0.46153846153846156,-0.38461538461538464
0,0,0,1,0.3268348623853211,0.5,0.9150945280607599,6,5,4,3,2,1,0,6,5,4,0,0,1,1,0,1,1,0,0,1,1,1,0,0,0,0,0,1,1,0,0,0,0,0,1,0,0,0,0,0,0.6938073394495413,0.13188073394495411,-0.11829652996845427,0.11266336187471836,-0.9361843563040108,-0.3398454272219837,-0.5107467316640816,0.4791431792559188,0.4043873255040993,-0.30082432287763616,-0.9166666666666666,0.0,-0.8333333333333334,-0.16666666666666666,-0.6666666666666666,0.25,-1.0,-0.08333333333333333,-0.6923076923076923,-0.46153846153846156
1,1,0,0,0.37270642201834864,-0.3333333333333333,0.7694640152620392,0,6,5,4,3,2,1,0,6,5,0,0,0,1,1,0,1,1,0,0,0,1,1,0,0,0,0,0,1,1,1,0,0,0,0,1,0,0,0,0,0.3268348623853211,0.6938073394495413,0.1295628661559261,-0.11266336187471836,0.10525149567914914,-0.9227136109918419,-0.33458896521161097,-0.5197294250281849,0.47086195435408823,0.3961032009420833,0.5,-0.9166666666666666,0.0,-0.8333333333333334,-0.16666666666666666,-0.5833333333333334,0.25,-1.0,-0.07692307692307693,-0.6923076923076923
2,1,0,0,1.978211009174312,0.08333333333333333,2.7310006842225025,1,0,6,5,4,3,2,1,0,6,1,0,0,0,1,1,0,1,1,0,0,0,1,1,0,0,0,0,0,1,0,1,0,0,0,0,1,0,0,0,0.37270642201834864,0.3268348623853211,0.681613339342046,0.13519603424966203,-0.11633060048748062,0.08630313439244318,-0.9361843563040108,-0.34047350620067646,-0.5107467316640816,0.4603361524462049,-0.3333333333333333,0.5,-0.9166666666666666,0.0,-0.8333333333333334,-0.08333333333333333,-0.5833333333333334,0.25,-0.9230769230769231,-0.07692307692307693
3,1,0,0,6.072247706422018,0.4166666666666667,7.636840779817825,2,1,0,6,5,4,3,2,1,0,1,1,0,0,0,1,1,0,1,1,0,0,0,1,1,0,0,0,0,0,0,0,1,0,0,0,0,1,0,0,1.978211009174312,0.37270642201834864,0.3210905813429473,0.687246507435782,0.1274097052958121,-0.12838127951910686,0.10525149567914914,-0.9526493799323562,-0.33458896521161097,-0.4881704314313243,0.08333333333333333,-0.3333333333333333,0.5,-0.9166666666666666,0.0,-0.75,-0.08333333333333333,-0.5833333333333334,0.23076923076923078,-0.9230769230769231
4,1,0,0,3.3772935779816513,-0.8333333333333334,4.6327906682546995,3,2,1,0,6,5,4,3,2,1,1,1,1,0,0,0,1,1,0,1,0,0,0,0,1,1,0,0,0,0,0,0,0,1,0,0,0,0,1,0,6.072247706422018,1.978211009174312,0.36615592609283465,0.3267237494366832,0.6702858409040551,0.10777157578359818,-0.11633060048748062,0.10710259301014656,-0.9361843563040108,-0.31795310994540205,0.4166666666666667,0.08333333333333333,-0.3333333333333333,0.5,-0.9166666666666666,0.08333333333333333,-0.75,-0.08333333333333333,-0.5384615384615384,0.23076923076923078
5,0,1,0,1.588302752293578,0.5833333333333334,2.2260903009208217,4,3,2,1,0,6,5,4,3,2,1,1,1,1,0,0,0,1,1,0,0,0,0,0,0,1,1,0,0,0,0,0,0,0,1,0,0,0,0,1,3.3772935779816513,6.072247706422018,1.9434429923388916,0.3717890941865706,0.3157544870374474,0.6337483898668957,0.1274097052958121,-0.11837655016910935,0.10525149567914914,-0.8992613210577026,-0.8333333333333334,0.4166666666666667,0.08333333333333333,-0.3333333333333333,0.5,-0.8333333333333334,0.08333333333333333,-0.75,-0.07692307692307693,-0.5384615384615384
6,0,1,0,2.322247706422018,1.0,3.474228075995305,5,4,3,2,1,0,6,5,4,3,0,1,1,1,1,0,0,0,1,1,1,0,0,0,0,0,1,1,0,0,0,0,0,0,0,1,0,0,0,0,1.588302752293578,3.3772935779816513,5.965525011266337,1.9490761604326274,0.36007090627077337,0.2902533276084157,0.6702858409040551,0.12965050732807215,-0.11633060048748062,0.10705491917353603,0.5833333333333334,-0.8333333333333334,0.4166666666666667,0.08333333333333333,-0.3333333333333333,0.5833333333333334,-0.8333333333333334,0.08333333333333333,-0.6923076923076923,-0.07692307692307693
0,1,0,0,0.9002293577981652,0.08333333333333333,1.1553584570018836,6,5,4,3,2,1,0,6,5,4,0,0,1,1,1,1,0,0,0,1,1,1,0,0,0,0,0,1,1,0,0,0,0,0,0,0,1,0,0,0,2.322247706422018,1.588302752293578,3.3179360072104553,5.9711581793600725,1.9111455794371817,0.3331902103907257,0.3157544870374474,0.6820744081172492,0.1274097052958121,-0.10705491917353603,1.0,0.5833333333333334,-0.8333333333333334,0.4166666666666667,0.08333333333333333,-0.25,0.5833333333333334,-0.8333333333333334,0.07692307692307693,-0.6923076923076923
1,1,0,0,-0.338302752293578,-0.3333333333333333,-0.11327191910899896,0,6,5,4,3,2,1,0,6,5,1,0,0,1,1,1,1,0,0,0,0,1,1,0,0,0,0,0,1,1,0,0,0,0,0,0,0,1,0,0,0.9002293577981652,2.322247706422018,1.5603875619648493,3.3235691753041916,5.866385996011523,1.835981107771576,0.36007090627077337,0.32130777903043967,0.6702858409040551,0.12846590300824323,0.08333333333333333,1.0,0.5833333333333334,-0.8333333333333334,0.4166666666666667,0.16666666666666666,-0.25,0.5833333333333334,-0.7692307692307693,0.07692307692307693
2,1,0,0,-0.00573394495412844,1.1666666666666667,0.1867727688060337,1,0,6,5,4,3,2,1,0,6,1,1,0,0,1,1,1,1,0,0,0,0,1,1,0,0,0,0,0,1,0,0,0,0,0,0,0,0,1,0,-0.338302752293578,0.9002293577981652,2.2814330779630465,1.566020730058585,3.262796366053623,5.6680978960927435,1.9111455794371817,0.3664036076662909,0.3157544870374474,0.6530350069585698,-0.3333333333333333,0.08333333333333333,1.0,0.5833333333333334,-0.8333333333333334,0.5,0.16666666666666666,-0.25,0.5384615384615384,-0.7692307692307693
3,1,0,0,0.5103211009174312,0.5,0.8335114713995385,2,1,0,6,5,4,3,2,1,0,1,1,1,0,0,1,1,1,1,0,0,0,0,1,1,0,0,0,0,0,0,0,0,0,0,0,0,0,0,1,-0.00573394495412844,-0.338302752293578,0.8844073907165391,2.2870662460567828,1.5344560159539111,3.1455560326320313,5.866385996011523,1.9447576099210822,0.36007090627077337,0.3104592656032545,1.1666666666666667,-0.3333333333333333,0.08333333333333333,1.0,0.5833333333333334,-0.75,0.5,0.16666666666666666,-0.23076923076923078,0.5384615384615384
4,1,0,0,0.625,0.0,0.9011684264409894,3,2,1,0,6,5,4,3,2,1,1,1,1,1,0,0,1,1,1,1,0,0,0,0,1,1,0,0,0,0,0,0,0,0,0,0,0,0,0,0,0.5103211009174312,-0.00573394495412844,-0.3323569175304191,0.890040558810275,2.243518723687126,1.471017604121941,3.262796366053623,5.9695603156708,1.9111455794371817,0.3532812332726689,0.5,1.1666666666666667,-0.3333333333333333,0.08333333333333333,1.0,0.6666666666666666,-0.75,0.5,0.15384615384615385,-0.23076923076923078
5,0,1,0,1.1410550458715596,-0.25,1.4226681701023358,4,3,2,1,0,6,5,4,3,2,1,1,1,1,1,0,0,1,1,1,0,0,0,0,0,1,1,0,0,0,0,0,0,0,0,0,0,0,0,0,0.625,0.5103211009174312,-0.0056331680937359175,-0.3267237494366832,0.8697097274540218,2.1580077286389012,1.5344560159539111,3.3201803833145433,5.866385996011523,1.8520501017021733,0.0,0.5,1.1666666666666667,-0.3333333333333333,0.08333333333333333,1.0833333333333333,0.6666666666666666,-0.75,0.46153846153846156,0.15384615384615385
6,0,1,0,-0.3268348623853211,-0.5,-0.04102710923238225,5,4,3,2,1,0,6,5,4,3,0,1,1,1,1,1,0,0,1,1,1,0,0,0,0,0,1,1,0,0,0,0,0,0,0,0,0,0,0,0,1.1410550458715596,0.625,0.5013519603424966,0.0,-0.32683359184577887,0.8269643623872908,2.243518723687126,1.5614430665163472,3.262796366053623,5.673910716197409,-0.25,0.0,0.5,1.1666666666666667,-0.3333333333333333,0.16666666666666666,1.0833333333333333,0.6666666666666666,-0.6923076923076923,0.46153846153846156
0,1,0,0,-0.10894495412844037,0.25,0.19664601727279954,6,5,4,3,2,1,0,6,5,4,0,0,1,1,1,1,1,0,0,1,1,1,0,0,0,0,0,1,1,0,0,0,0,0,0,0,0,0,0,0,-0.3268348623853211,1.1410550458715596,0.614015322217215,0.5069851284362326,-0.005539552404165744,-0.3323314727350794,0.8697097274540218,2.282976324689966,1.5344560159539111,3.1581201156193126,-0.5,-0.25,0.0,0.5,1.1666666666666667,-0.25,0.16666666666666666,1.0833333333333333,0.6153846153846154,-0.6923076923076923
1,1,0,0,-0.40711009174311924,-0.16666666666666666,-0.04619422284347519,0,6,5,4,3,2,1,0,6,5,1,0,0,1,1,1,1,1,0,0,0,1,1,0,0,0,0,0,1,1,0,0,0,0,0,0,0,0,0,0,-0.10894495412844037,-0.3268348623853211,1.1210004506534477,0.6196484903109509,0.4930201639707512,-0.021039072563331835,-0.32683359184577887,0.8850056369785795,2.243518723687126,1.4880633765121507,0.25,-0.5,-0.25,0.0,0.5,1.25,-0.25,0.16666666666666666,1.0,0.6153846153846154
2,1,0,0,-0.3153669724770642,0.08333333333333333,-0.003460669739075058,1,0,6,5,4,3,2,1,0,6,1,1,0,0,1,1,1,1,1,0,0,0,1,1,0,0,0,0,0,1,0,0,0,0,0,0,0,0,0,0,-0.40711009174311924,-0.10894495412844037,-0.3210905813429473,1.1266336187471835,0.6038112120540661,0.46200085873765573,-0.005539552404165744,-0.33258173618940245,0.8697097274540218,2.1732148592227816,-0.16666666666666666,0.25,-0.5,-0.25,0.0,0.5833333333333334,1.25,-0.25,0.15384615384615385,1.0
3,1,0,0,-0.4185779816513761,0.08333333333333333,0.030683482273467323,2,1,0,6,5,4,3,2,1,0,1,1,1,0,0,1,1,1,1,1,0,0,0,1,1,0,0,0,0,0,0,0,0,0,0,0,0,0,0,0,-0.3153669724770642,-0.40711009174311924,-0.10703019378098244,-0.3154574132492114,1.102370928428983,0.5693430656934307,0.4930201639707512,-0.005636978579481398,-0.32683359184577887,0.8457338614709347,0.08333333333333333,-0.16666666666666666,0.25,-0.5,-0.25,0.08333333333333333,0.5833333333333334,1.25,-0.23076923076923078,0.15384615384615385
4,1,0,0,0.7740825688073394,1.0833333333333333,1.2275891672734067,3,2,1,0,6,5,4,3,2,1,1,1,1,1,0,0,1,1,1,1,0,0,0,0,1,1,0,0,0,0,0,0,0,0,0,0,0,0,0,0,-0.4185779816513761,-0.3153669724770642,-0.39995493465525017,-0.10139702568724651,-0.3157544870374474,1.0523829969944183,0.6038112120540661,0.5016910935738444,-0.005539552404165744,-0.3104592656032545,0.08333333333333333,0.08333333333333333,-0.16666666666666666,0.25,-0.5,-0.16666666666666666,0.08333333333333333,0.5833333333333334,1.1538461538461537,-0.23076923076923078
5,0,1,0,1.1639908256880733,1.0,1.9680690943314496,4,3,2,1,0,6,5,4,3,2,1,1,1,1,1,0,0,1,1,1,0,0,0,0,0,1,1,0,0,0,0,0,0,0,0,0,0,0,0,0,0.7740825688073394,-0.4185779816513761,-0.30982424515547546,-0.39432176656151424,-0.10525149567914914,-0.3215972520395019,1.102370928428983,0.6144306651634723,0.4930201639707512,0.0,1.0833333333333333,0.08333333333333333,0.08333333333333333,-0.16666666666666666,0.25,-0.4166666666666667,-0.16666666666666666,0.08333333333333333,0.5384615384615384,1.1538461538461537
6,0,1,0,-0.017201834862385322,1.1666666666666667,0.5528271079007528,5,4,3,2,1,0,6,5,4,3,0,1,1,1,1,1,0,0,1,1,1,0,0,0,0,0,1,1,0,0,0,0,0,0,0,0,0,0,0,0,1.1639908256880733,0.7740825688073394,-0.411221270842722,-0.30419107706173953,-0.3933082206957678,-0.11764705882352935,-0.3157544870374474,1.121758737316798,0.6038112120540661,0.48174713628091215,1.0,1.0833333333333333,0.08333333333333333,0.08333333333333333,-0.16666666666666666,0.3333333333333333,-0.4166666666666667,-0.16666666666666666,0.07692307692307693,0.5384615384615384
0,1,0,0,0.2809633027522936,1.1666666666666667,0.8903254384683442,6,5,4,3,2,1,0,6,5,4,0,0,1,1,1,1,1,0,0,1,1,1,0,0,0,0,0,1,1,0,0,0,0,0,0,0,0,0,0,0,-0.017201834862385322,1.1639908256880733,0.7604776926543488,-0.40558810274898605,-0.30467538222911594,-0.3967367969085444,-0.10525149567914914,-0.32130777903043967,1.102370928428983,0.5888020554544482,1.1666666666666667,1.0,1.0833333333333333,0.08333333333333333,0.08333333333333333,-0.08333333333333333,0.3333333333333333,-0.4166666666666667,-0.15384615384615385,0.07692307692307693
1,1,0,0,1.393348623853211,1.8333333333333333,1.9051261072596124,0,6,5,4,3,2,1,0,6,5,1,0,0,1,1,1,1,1,0,0,0,1,1,0,0,0,0,0,1,1,0,0,0,0,0,0,0,0,0,0,0.2809633027522936,-0.017201834862385322,1.1435331230283914,0.7661108607480848,-0.4043873255040993,-0.3108630313439244,-0.3933082206957678,-0.10710259301014656,-0.3157544870374474,1.0705491917353602,1.1666666666666667,1.1666666666666667,1.0,1.0833333333333333,0.08333333333333333,0.16666666666666666,-0.08333333333333333,0.3333333333333333,-0.38461538461538464,-0.15384615384615385
2,1,0,0,0.9346330275229358,1.5,1.60914014733304,1,0,6,5,4,3,2,1,0,6,1,1,0,0,1,1,1,1,1,0,0,0,1,1,0,0,0,0,0,1,0,0,0,0,0,0,0,0,0,0,1.393348623853211,0.2809633027522936,-0.016899504281207754,1.1491662911221272,0.7478395745623755,-0.4074710176041219,-0.30467538222911594,-0.40022547914317924,-0.10525149567914914,-0.2997537736859009,1.8333333333333333,1.1666666666666667,1.1666666666666667,1.0,1.0833333333333333,0.16666666666666666,0.16666666666666666,-0.08333333333333333,0.3076923076923077,-0.38461538461538464
3,1,0,0,0.6708715596330275,0.75,0.75124850044825,2,1,0,6,5,4,3,2,1,0,1,1,1,0,0,1,1,1,1,1,0,0,0,1,1,0,0,0,0,0,0,0,0,0,0,0,0,0,0,0,0.9346330275229358,1.393348623853211,0.27602523659305994,-0.011266336187471835,1.124529138045646,0.7088879347359383,-0.4043873255040993,-0.3100338218714769,-0.3933082206957678,-0.09634942725618242,1.5,1.8333333333333333,1.1666666666666667,1.1666666666666667,1.0,1.1666666666666667,0.16666666666666666,0.16666666666666666,-0.07692307692307693,0.3076923076923077
4,1,0,0,0.45298165137614677,1.4166666666666667,0.08734274534194088,3,2,1,0,6,5,4,3,2,1,1,1,1,1,0,0,1,1,1,1,0,0,0,0,1,1,0,0,0,0,0,0,0,0,0,0,0,0,0,0,0.6708715596330275,0.9346330275229358,1.368859846777828,0.28165840468679587,-0.016618657212497234,1.0738514383855733,0.7478395745623755,-0.41149943630214203,-0.30467538222911594,-0.3746922171073761,0.75,1.5,1.8333333333333333,1.1666666666666667,1.1666666666666667,1.0833333333333333,1.1666666666666667,0.16666666666666666,0.15384615384615385,-0.07692307692307693
5,0,1,0,-0.18922018348623854,0.5833333333333334,-0.013632751502684996,4,3,2,1,0,6,5,4,3,2,1,1,1,1,1,0,0,1,1,1,0,0,0,0,0,1,1,0,0,0,0,0,0,0,0,0,0,0,0,0,0.45298165137614677,0.6708715596330275,0.9182063992789545,1.374493014871564,0.27143806780412144,-0.03177329325890934,1.124529138045646,0.7609921082299888,-0.4043873255040993,-0.2890482817685473,1.4166666666666667,0.75,1.5,1.8333333333333333,1.1666666666666667,1.25,1.0833333333333333,1.1666666666666667,0.15384615384615385,0.15384615384615385
6,0,1,0,1.1525229357798166,0.4166666666666667,1.6970316023065388,5,4,3,2,1,0,6,5,4,3,0,1,1,1,1,1,0,0,1,1,1,0,0,0,0,0,1,1,0,0,0,0,0,0,0,0,0,0,0,0,-0.18922018348623854,0.45298165137614677,0.6590806669671023,0.9238395673726905,1.3461112342122759,0.2473164448261057,-0.016618657212497234,1.1443066516347238,0.7478395745623755,-0.3853977090247297,0.5833333333333334,1.4166666666666667,0.75,1.5,1.8333333333333333,1.25,1.25,1.0833333333333333,1.0769230769230769,0.15384615384615385
0,1,0,0,-0.3841743119266055,0.0,-0.2654379905242821,6,5,4,3,2,1,0,6,5,4,0,0,1,1,1,1,1,0,0,1,1,1,0,0,0,0,0,1,1,0,0,0,0,0,0,0,0,0,0,0,1.1525229357798166,-0.18922018348623854,0.4450202794051375,0.6647138350608383,0.9029470418790163,1.2885358522971233,0.27143806780412144,-0.016910935738444193,1.124529138045646,0.727973450380045,0.4166666666666667,0.5833333333333334,1.4166666666666667,0.75,1.5,1.9166666666666667,1.25,1.25,1.0,1.0769230769230769
1,1,0,0,0.17775229357798164,0.9166666666666666,0.33999709391472793,0,6,5,4,3,2,1,0,6,5,1,0,0,1,1,1,1,1,0,0,0,1,1,0,0,0,0,0,1,1,0,0,0,0,0,0,0,0,0,0,-0.3841743119266055,1.1525229357798166,-0.1858945470932853,0.4506534474988734,0.648127631287392,0.8591670244740233,1.3461112342122759,0.2762119503945885,-0.016618657212497234,1.0919601755700674,0.0,0.4166666666666667,0.5833333333333334,1.4166666666666667,0.75,1.5833333333333333,1.9166666666666667,1.25,1.1538461538461537,1.0
2,1,0,0,-0.04013761467889908,0.3333333333333333,-0.013359375826148736,1,0,6,5,4,3,2,1,0,6,1,1,0,0,1,1,1,1,1,0,0,0,1,1,0,0,0,0,0,1,0,0,0,0,0,0,0,0,0,0,0.17775229357798164,-0.3841743119266055,1.1322667868409195,-0.18026137899954936,0.4376246399290938,0.6122799484757407,0.9029470418790163,1.3697857948139798,0.27143806780412144,-0.010705491917353602,0.9166666666666666,0.0,0.4166666666666667,0.5833333333333334,1.4166666666666667,0.8333333333333334,1.5833333333333333,1.9166666666666667,1.1538461538461537,1.1538461538461537
3,1,0,0,0.7511467889908257,0.0,0.8224620808745515,2,1,0,6,5,4,3,2,1,0,1,1,1,0,0,1,1,1,1,1,0,0,0,1,1,0,0,0,0,0,0,0,0,0,0,0,0,0,0,0,-0.04013761467889908,0.17775229357798164,-0.3774222622803065,1.1378999549346553,-0.18280522933746954,0.4083297552597682,0.648127631287392,0.9188275084554678,1.3461112342122759,0.26763729793384006,0.3333333333333333,0.9166666666666666,0.0,0.4166666666666667,0.5833333333333334,1.5,0.8333333333333334,1.5833333333333333,1.7692307692307692,1.1538461538461537
4,1,0,0,0.06307339449541284,-0.16666666666666666,0.2713974236104937,3,2,1,0,6,5,4,3,2,1,1,1,1,1,0,0,1,1,1,1,0,0,0,0,1,1,0,0,0,0,0,0,0,0,0,0,0,0,0,0,0.7511467889908257,-0.04013761467889908,0.17462821090581346,-0.3717890941865706,1.1134500332373145,-0.19278660369257186,0.4376246399290938,0.6595264937993235,0.9029470418790163,1.3060700139171395,0.0,0.3333333333333333,0.9166666666666666,0.0,0.4166666666666667,0.6666666666666666,1.5,0.8333333333333334,1.4615384615384615,1.7692307692307692
5,0,1,0,-0.5791284403669724,-0.3333333333333333,-0.42375736459581326,4,3,2,1,0,6,5,4,3,2,1,1,1,1,1,0,0,1,1,1,0,0,0,0,0,1,1,0,0,0,0,0,0,0,0,0,0,0,0,0,0.06307339449541284,0.7511467889908257,-0.039432176656151424,0.18026137899954936,-0.37115001107910484,1.063117217689996,-0.18280522933746954,0.44532130777903045,0.648127631287392,0.8778503372229954,-0.16666666666666666,0.0,0.3333333333333333,0.9166666666666666,0.0,0.5,0.6666666666666666,1.5,0.7692307692307693,1.4615384615384615
6,0,1,0,-0.5217889908256881,-0.6666666666666666,-0.27225554124271567,5,4,3,2,1,0,6,5,4,3,0,1,1,1,1,1,0,0,1,1,1,0,0,0,0,0,1,1,0,0,0,0,0,0,0,0,0,0,0,0,-0.5791284403669724,0.06307339449541284,0.7379450202794052,-0.03379900856241551,0.17172612452913807,-0.3752683555173894,1.1134500332373145,-0.18602029312288612,0.4376246399290938,0.6316240231238626,-0.3333333333333333,-0.16666666666666666,0.0,0.3333333333333333,0.9166666666666666,0.08333333333333333,0.5,0.6666666666666666,1.3846153846153846,0.7692307692307693
0,1,0,0,-0.625,0.16666666666666666,-0.4650652909629756,6,5,4,3,2,1,0,6,5,4,0,0,1,1,1,1,1,0,0,1,1,1,0,0,0,0,0,1,1,0,0,0,0,0,0,0,0,0,0,0,-0.5217889908256881,-0.5791284403669724,0.061964849031095094,0.7435781883731412,-0.038776866829160206,0.1507084585659082,-0.37115001107910484,1.133032694475761,-0.18280522933746954,0.4282196766941441,-0.6666666666666666,-0.3333333333333333,-0.16666666666666666,0.0,0.3333333333333333,1.0,0.08333333333333333,0.5,0.6153846153846154,1.3846153846153846
1,1,0,0,0.40711009174311924,-0.25,0.6308280815568157,0,6,5,4,3,2,1,0,6,5,1,0,0,1,1,1,1,1,0,0,0,1,1,0,0,0,0,0,1,1,0,0,0,0,0,0,0,0,0,0,-0.625,-0.5217889908256881,-0.5689499774673277,0.06759801712483102,0.7256813649457124,-0.05324173465006434,0.17172612452913807,-0.37767756482525366,1.1134500332373145,-0.17128787067765763,0.16666666666666666,-0.6666666666666666,-0.3333333333333333,-0.16666666666666666,0.0,0.4166666666666667,1.0,0.08333333333333333,0.46153846153846156,0.6153846153846154
2,1,0,0,0.8772935779816513,0.3333333333333333,1.3232424548509103,1,0,6,5,4,3,2,1,0,6,1,1,0,0,1,1,1,1,1,0,0,0,1,1,0,0,0,0,0,1,0,0,0,0,0,0,0,0,0,0,0.40711009174311924,-0.625,-0.5126182965299685,-0.5633168093735917,0.06093507644582318,0.6874194933447833,-0.038776866829160206,0.17474633596392333,-0.37115001107910484,1.081254683652714,-0.25,0.16666666666666666,-0.6666666666666666,-0.3333333333333333,-0.16666666666666666,0.08333333333333333,0.4166666666666667,1.0,0.07692307692307693,0.46153846153846156
3,1,0,0,-0.7282110091743119,-0.75,-0.6185226512114107,2,1,0,6,5,4,3,2,1,0,1,1,1,0,0,1,1,1,1,1,0,0,0,1,1,0,0,0,0,0,0,0,0,0,0,0,0,0,0,0,0.8772935779816513,0.40711009174311924,-0.614015322217215,-0.5069851284362326,-0.5594947928207401,0.043366251610133175,0.7256813649457124,-0.03945885005636979,0.17172612452913807,-0.3532812332726689,0.3333333333333333,-0.25,0.16666666666666666,-0.6666666666666666,-0.3333333333333333,-0.08333333333333333,0.08333333333333333,0.4166666666666667,0.9230769230769231,0.07692307692307693
4,1,0,0,-0.6708715596330275,-0.08333333333333333,-0.4128677695952199,3,2,1,0,6,5,4,3,2,1,1,1,1,1,0,0,1,1,1,1,0,0,0,0,1,1,0,0,0,0,0,0,0,0,0,0,0,0,0,0,-0.7282110091743119,0.8772935779816513,0.39995493465525017,-0.6083821541234791,-0.5040992687790827,-0.5577501073422069,0.06093507644582318,0.7384441939120631,-0.038776866829160206,0.17128787067765763,-0.75,0.3333333333333333,-0.25,0.16666666666666666,-0.6666666666666666,-0.25,-0.08333333333333333,0.08333333333333333,0.38461538461538464,0.9230769230769231
5,0,1,0,0.143348623853211,-0.08333333333333333,0.27618149794987823,4,3,2,1,0,6,5,4,3,2,1,1,1,1,1,0,0,1,1,1,0,0,0,0,0,1,1,0,0,0,0,0,0,0,0,0,0,0,0,0,-0.6708715596330275,-0.7282110091743119,0.8618747183415953,0.40558810274898605,-0.6038112120540661,-0.5040790038643194,-0.5594947928207401,0.06200676437429538,0.7256813649457124,-0.03211647575206081,-0.08333333333333333,-0.75,0.3333333333333333,-0.25,0.16666666666666666,-0.5833333333333334,-0.25,-0.08333333333333333,0.07692307692307693,0.38461538461538464
6,0,1,0,-0.23509174311926606,-0.75,-0.007327094780287029,5,4,3,2,1,0,6,5,4,3,0,1,1,1,1,1,0,0,1,1,1,0,0,0,0,0,1,1,0,0,0,0,0,0,0,0,0,0,0,0,0.143348623853211,-0.6708715596330275,-0.7154123479044615,0.8675078864353313,0.3933082206957678,-0.6006869901245169,-0.5040992687790827,-0.5693348365276212,0.06093507644582318,0.7065624665453378,-0.08333333333333333,-0.08333333333333333,-0.75,0.3333333333333333,-0.25,0.25,-0.5833333333333334,-0.25,-0.07692307692307693,0.07692307692307693
0,1,0,0,0.3038990825688073,-0.4166666666666667,0.45404644958235796,6,5,4,3,2,1,0,6,5,4,0,0,1,1,1,1,1,0,0,1,1,1,0,0,0,0,0,1,1,0,0,0,0,0,0,0,0,0,0,0,-0.23509174311926606,0.143348623853211,-0.6590806669671023,-0.7097791798107256,0.8475515178373588,0.3653928724774582,-0.6038112120540661,-0.5129650507328072,-0.5594947928207401,0.06423295150412162,-0.75,-0.08333333333333333,-0.08333333333333333,-0.75,0.3333333333333333,-0.16666666666666666,0.25,-0.5833333333333334,-0.23076923076923078,-0.07692307692307693
1,1,0,0,-0.143348623853211,-1.0,0.019509545236820493,0,6,5,4,3,2,1,0,6,5,1,0,0,1,1,1,1,1,0,0,0,1,1,0,0,0,0,0,1,1,0,0,0,0,0,0,0,0,0,0,0.3038990825688073,-0.23509174311926606,0.14082920234339794,-0.6534474988733664,-0.7035231553290495,0.8054959209961358,0.3933082206957678,-0.6144306651634723,-0.5040992687790827,-0.5352745958676801,-0.4166666666666667,-0.75,-0.08333333333333333,-0.08333333333333333,-0.75,0.4166666666666667,-0.16666666666666666,0.25,-0.5384615384615384,-0.23076923076923078
2,1,0,0,-0.3268348623853211,0.0,-0.07495389233306557,1,0,6,5,4,3,2,1,0,6,1,1,0,0,1,1,1,1,1,0,0,0,1,1,0,0,0,0,0,1,0,0,0,0,0,0,0,0,0,0,-0.143348623853211,0.3038990825688073,-0.23095989184317262,0.14646237043713387,-0.648127631287392,-0.6972949763847144,0.8475515178373588,0.40022547914317924,-0.6038112120540661,-0.48174713628091215,-1.0,-0.4166666666666667,-0.75,-0.08333333333333333,-0.08333333333333333,-0.6666666666666666,0.4166666666666667,-0.16666666666666666,0.23076923076923078,-0.5384615384615384
3,1,0,0,-0.3038990825688073,0.0,0.05328514923844508,2,1,0,6,5,4,3,2,1,0,1,1,1,0,0,1,1,1,1,1,0,0,0,1,1,0,0,0,0,0,0,0,0,0,0,0,0,0,0,0,-0.3268348623853211,-0.143348623853211,0.29855790896800366,-0.2253267237494367,0.1384888101041436,-0.6436238729068269,-0.7035231553290495,0.8624577226606539,0.3933082206957678,-0.5780965635370946,0.0,-1.0,-0.4166666666666667,-0.75,-0.08333333333333333,0.0,-0.6666666666666666,0.4166666666666667,-0.15384615384615385,0.23076923076923078
4,1,0,0,-0.8314220183486238,-0.08333333333333333,-0.6345307945166636,3,2,1,0,6,5,4,3,2,1,1,1,1,1,0,0,1,1,1,1,0,0,0,0,1,1,0,0,0,0,0,0,0,0,0,0,0,0,0,0,-0.3038990825688073,-0.3268348623853211,-0.14082920234339794,0.30419107706173953,-0.2271216485707955,0.11850579647917568,-0.648127631287392,-0.7158962795941375,0.8475515178373588,0.3853977090247297,0.0,0.0,-1.0,-0.4166666666666667,-0.75,0.0,0.0,-0.6666666666666666,0.38461538461538464,-0.15384615384615385
5,0,1,0,-0.6938073394495413,-0.6666666666666666,-0.5075368264060538,4,3,2,1,0,6,5,4,3,2,1,1,1,1,1,0,0,1,1,1,0,0,0,0,0,1,1,0,0,0,0,0,0,0,0,0,0,0,0,0,-0.8314220183486238,-0.3038990825688073,-0.3210905813429473,-0.13519603424966203,0.2935962774207844,-0.23572348647488187,0.1384888101041436,-0.6595264937993235,-0.7035231553290495,0.8243228776362275,-0.08333333333333333,0.0,0.0,-1.0,-0.4166666666666667,-0.6666666666666666,0.0,0.0,-0.6153846153846154,0.38461538461538464
6,0,1,0,-0.37270642201834864,0.9166666666666666,-0.04244216126579988,5,4,3,2,1,0,6,5,4,3,0,1,1,1,1,1,0,0,1,1,1,0,0,0,0,0,1,1,0,0,0,0,0,0,0,0,0,0,0,0,-0.6938073394495413,-0.8314220183486238,-0.29855790896800366,-0.3154574132492114,-0.1384888101041436,0.2687848862172607,-0.2271216485707955,0.14092446448703494,-0.648127631287392,-0.6744459907932769,-0.6666666666666666,-0.08333333333333333,0.0,0.0,-1.0,-0.3333333333333333,-0.6666666666666666,0.0,0.0,-0.6153846153846154
0,1,0,0,0.07454128440366972,-0.25,0.07959031247466478,6,5,4,3,2,1,0,6,5,4,0,0,1,1,1,1,1,0,0,1,1,1,0,0,0,0,0,1,1,0,0,0,0,0,0,0,0,0,0,0,-0.37270642201834864,-0.6938073394495413,-0.816809373591708,-0.29292474087426773,-0.3157544870374474,-0.14984972091026186,0.2935962774207844,-0.2311161217587373,0.1384888101041436,-0.620918531206509,0.9166666666666666,-0.6666666666666666,-0.08333333333333333,0.0,0.0,-0.9166666666666666,-0.3333333333333333,-0.6666666666666666,0.0,0.0
1,1,0,0,2.1158256880733943,0.75,2.524025139595882,0,6,5,4,3,2,1,0,6,5,1,0,0,1,1,1,1,1,0,0,0,1,1,0,0,0,0,0,1,1,0,0,0,0,0,0,0,0,0,0,0.07454128440366972,-0.37270642201834864,-0.681613339342046,-0.8111762054979721,-0.2935962774207844,-0.3215972520395019,-0.1384888101041436,0.2987598647125141,-0.2271216485707955,0.13917139492559683,-0.25,0.9166666666666666,-0.6666666666666666,-0.08333333333333333,0.0,0.08333333333333333,-0.9166666666666666,-0.3333333333333333,-0.6153846153846154,0.0
2,1,0,0,1.7259174311926604,0.5,1.772516188109098,1,0,6,5,4,3,2,1,0,6,1,1,0,0,1,1,1,1,1,0,0,0,1,1,0,0,0,0,0,1,0,0,0,0,0,0,0,0,0,0,2.1158256880733943,0.07454128440366972,-0.36615592609283465,-0.6759801712483101,-0.8032350986040329,-0.3001288106483469,-0.3157544870374474,-0.14092446448703494,0.2935962774207844,-0.21410983834707206,0.75,-0.25,0.9166666666666666,-0.6666666666666666,-0.08333333333333333,0.08333333333333333,0.08333333333333333,-0.9166666666666666,-0.3076923076923077,-0.6153846153846154
3,1,0,0,-0.18922018348623854,0.08333333333333333,-0.010813613795366947,2,1,0,6,5,4,3,2,1,0,1,1,1,0,0,1,1,1,1,1,0,0,0,1,1,0,0,0,0,0,0,0,0,0,0,0,0,0,0,0,1.7259174311926604,2.1158256880733943,0.07323118521856693,-0.3605227579990987,-0.6702858409040551,-0.7939029626449119,-0.2935962774207844,-0.32130777903043967,-0.1384888101041436,0.2890482817685473,0.5,0.75,-0.25,0.9166666666666666,-0.6666666666666666,0.0,0.08333333333333333,0.08333333333333333,-0.8461538461538461,-0.3076923076923077
4,1,0,0,0.9231651376146789,0.5,1.0555900430155452,3,2,1,0,6,5,4,3,2,1,1,1,1,1,0,0,1,1,1,1,0,0,0,0,1,1,0,0,0,0,0,0,0,0,0,0,0,0,0,0,-0.18922018348623854,1.7259174311926604,2.0786390265885535,0.07886435331230285,-0.36007090627077337,-0.6650923142979819,-0.8032350986040329,-0.2987598647125141,-0.3157544870374474,-0.12846590300824323,0.08333333333333333,0.5,0.75,-0.25,0.9166666666666666,-0.5833333333333334,0.0,0.08333333333333333,0.07692307692307693,-0.8461538461538461
5,0,1,0,-0.819954128440367,0.25,-0.6414756333366363,4,3,2,1,0,6,5,4,3,2,1,1,1,1,1,0,0,1,1,1,0,0,0,0,0,1,1,0,0,0,0,0,0,0,0,0,0,0,0,0,0.9231651376146789,-0.18922018348623854,1.6955835962145112,2.0842721946822897,0.07201418125415467,-0.3645341348218119,-0.6702858409040551,-0.8173618940248026,-0.2935962774207844,-0.2997537736859009,0.5,0.08333333333333333,0.5,0.75,-0.25,1.0,-0.5833333333333334,0.0,0.07692307692307693,0.07692307692307693
6,0,1,0,-0.37270642201834864,1.0833333333333333,-0.060206097060898155,5,4,3,2,1,0,6,5,4,3,0,1,1,1,1,1,0,0,1,1,1,0,0,0,0,0,1,1,0,0,0,0,0,0,0,0,0,0,0,0,-0.819954128440367,0.9231651376146789,-0.1858945470932853,1.7012167643082472,2.0440948371371594,0.054100472305710676,-0.36007090627077337,-0.6820744081172492,-0.8032350986040329,-0.27834278985119365,0.25,0.5,0.08333333333333333,0.5,0.75,-0.16666666666666666,1.0,-0.5833333333333334,0.0,0.07692307692307693
0,1,0,0,-0.2006880733944954,0.3333333333333333,-0.07359758865420445,6,5,4,3,2,1,0,6,5,4,0,0,1,1,1,1,1,0,0,1,1,1,0,0,0,0,0,1,1,0,0,0,0,0,0,0,0,0,0,0,-0.37270642201834864,-0.819954128440367,0.9069400630914828,-0.18026137899954936,1.667405273653889,1.964791756118506,0.07201418125415467,-0.3664036076662909,-0.6702858409040551,-0.7707954180494594,1.0833333333333333,0.25,0.5,0.08333333333333333,0.5,0.8333333333333334,-0.16666666666666666,1.0,-0.5384615384615384,0.0
1,1,0,0,0.16628440366972477,0.4166666666666667,0.0663805491247866,0,6,5,4,3,2,1,0,6,5,1,0,0,1,1,1,1,1,0,0,0,1,1,0,0,0,0,0,1,1,0,0,0,0,0,0,0,0,0,0,-0.2006880733944954,-0.37270642201834864,-0.8055430374042363,0.9125732311852187,-0.18280522933746954,1.599828252468871,2.0440948371371594,0.07328072153325817,-0.36007090627077337,-0.6423295150412162,0.3333333333333333,1.0833333333333333,0.25,0.5,0.08333333333333333,0.5833333333333334,0.8333333333333334,-0.16666666666666666,0.9230769230769231,-0.5384615384615384
2,1,0,0,-0.3612385321100917,0.4166666666666667,-0.1842242651853726,1,0,6,5,4,3,2,1,0,6,1,1,0,0,1,1,1,1,1,0,0,0,1,1,0,0,0,0,0,1,0,0,0,0,0,0,0,0,0,0,0.16628440366972477,-0.2006880733944954,-0.36615592609283465,-0.7999098693105003,0.8918679370706848,-0.19278660369257186,1.667405273653889,2.080045095828636,0.07201418125415467,-0.34257574135531527,0.4166666666666667,0.3333333333333333,1.0833333333333333,0.25,0.5,0.16666666666666666,0.5833333333333334,0.8333333333333334,-0.15384615384615385,0.9230769230769231
3,1,0,0,6.427752293577981,0.9166666666666666,7.110612968581772,2,1,0,6,5,4,3,2,1,0,1,1,1,0,0,1,1,1,1,1,0,0,0,1,1,0,0,0,0,0,0,0,0,0,0,0,0,0,0,0,-0.3612385321100917,0.16628440366972477,-0.19716088328075712,-0.3605227579990987,-0.7921559937957013,0.8484328037784458,-0.18280522933746954,1.6967305524239007,2.0440948371371594,0.07493844342147522,0.4166666666666667,0.4166666666666667,0.3333333333333333,1.0833333333333333,0.25,0.5833333333333334,0.16666666666666666,0.5833333333333334,0.7692307692307693,-0.15384615384615385
4,1,0,0,0.8084862385321101,0.4166666666666667,0.9179089658997134,3,2,1,0,6,5,4,3,2,1,1,1,1,1,0,0,1,1,1,1,0,0,0,0,1,1,0,0,0,0,0,0,0,0,0,0,0,0,0,0,6.427752293577981,-0.3612385321100917,0.1633618747183416,-0.1915277151870212,-0.36007090627077337,-0.7831687419493344,0.8918679370706848,-0.18602029312288612,1.667405273653889,1.9805160047104164,0.9166666666666666,0.4166666666666667,0.4166666666666667,0.3333333333333333,1.0833333333333333,0.3333333333333333,0.5833333333333334,0.16666666666666666,0.5384615384615384,0.7692307692307693
5,0,1,0,-0.45298165137614677,0.3333333333333333,-0.1345462649166968,4,3,2,1,0,6,5,4,3,2,1,1,1,1,1,0,0,1,1,1,0,0,0,0,0,1,1,0,0,0,0,0,0,0,0,0,0,0,0,0,0.8084862385321101,6.427752293577981,-0.3548895899053628,0.16899504281207753,-0.19388433414580103,-0.3645341348218119,-0.7921559937957013,0.9075535512965051,-0.18280522933746954,1.616529279520394,0.4166666666666667,0.9166666666666666,0.4166666666666667,0.4166666666666667,0.3333333333333333,1.1666666666666667,0.3333333333333333,0.5833333333333334,0.15384615384615385,0.5384615384615384
6,0,1,0,0.7970183486238532,1.1666666666666667,1.176621444794367,5,4,3,2,1,0,6,5,4,3,0,1,1,1,1,1,0,0,1,1,1,0,0,0,0,0,1,1,0,0,0,0,0,0,0,0,0,0,0,0,-0.45298165137614677,0.8084862385321101,6.314781433077964,-0.3492564218116269,0.16064701972080658,-0.20352082438814936,-0.36007090627077337,-0.8060879368658399,0.8918679370706848,-0.17128787067765763,0.3333333333333333,0.4166666666666667,0.9166666666666666,0.4166666666666667,0.4166666666666667,0.4166666666666667,1.1666666666666667,0.3333333333333333,0.5384615384615384,0.15384615384615385
0,1,0,0,-0.4185779816513761,1.0833333333333333,-0.0978606590860401,6,5,4,3,2,1,0,6,5,4,0,0,1,1,1,1,1,0,0,1,1,1,0,0,0,0,0,1,1,0,0,0,0,0,0,0,0,0,0,0,0.7970183486238532,-0.45298165137614677,0.7942767012167644,6.3204146011716995,-0.34899180146244185,0.1399742378703307,-0.19388433414580103,-0.3664036076662909,-0.7921559937957013,0.8671448453056418,1.1666666666666667,0.3333333333333333,0.4166666666666667,0.9166666666666666,0.4166666666666667,0.5,0.4166666666666667,1.1666666666666667,0.3076923076923077,0.5384615384615384
1,1,0,0,0.16628440366972477,-0.4166666666666667,0.07019175071271545,0,6,5,4,3,2,1,0,6,5,1,0,0,1,1,1,1,1,0,0,0,1,1,0,0,0,0,0,1,1,0,0,0,0,0,0,0,0,0,0,-0.4185779816513761,0.7970183486238532,-0.4450202794051375,0.7999098693105003,6.209838245069799,-0.3537999141262344,0.16064701972080658,-0.1972942502818489,-0.36007090627077337,-0.7600899261321058,1.0833333333333333,1.1666666666666667,0.3333333333333333,0.4166666666666667,0.9166666666666666,0.5,0.5,0.4166666666666667,1.0769230769230769,0.3076923076923077
2,1,0,0,0.3956422018348624,-0.5833333333333334,0.6156032496456495,1,0,6,5,4,3,2,1,0,6,1,1,0,0,1,1,1,1,1,0,0,0,1,1,0,0,0,0,0,1,0,0,0,0,0,0,0,0,0,0,0.16628440366972477,-0.4185779816513761,0.7830103650292926,-0.43938711131140157,0.7810768889873699,6.000858737655646,-0.34899180146244185,0.16347237880496054,-0.19388433414580103,-0.34257574135531527,-0.4166666666666667,1.0833333333333333,1.1666666666666667,0.3333333333333333,0.4166666666666667,1.0,0.5,0.5,0.38461538461538464,1.0769230769230769
3,1,0,0,2.666284403669725,0.5,2.2213453921511417,2,1,0,6,5,4,3,2,1,0,1,1,1,0,0,1,1,1,1,1,0,0,0,1,1,0,0,0,0,0,0,0,0,0,0,0,0,0,0,0,0.3956422018348624,0.16628440366972477,-0.411221270842722,0.7886435331230285,-0.4376246399290938,0.7410905968226708,6.209838245069799,-0.3551296505073281,0.16064701972080658,-0.18199336259501125,-0.5833333333333334,-0.4166666666666667,1.0833333333333333,1.1666666666666667,0.3333333333333333,0.5,1.0,0.5,0.46153846153846156,0.38461538461538464
4,1,0,0,0.07454128440366972,0.6666666666666666,0.2845429554260568,3,2,1,0,6,5,4,3,2,1,1,1,1,1,0,0,1,1,1,1,0,0,0,0,1,1,0,0,0,0,0,0,0,0,0,0,0,0,0,0,2.666284403669725,0.3956422018348624,0.1633618747183416,-0.40558810274898605,0.7699977841790384,-0.4396736796908544,0.7810768889873699,6.3190529875986465,-0.34899180146244185,0.16058237876030404,0.5,-0.5833333333333334,-0.4166666666666667,1.0833333333333333,1.1666666666666667,0.4166666666666667,0.5,1.0,0.46153846153846156,0.46153846153846156
5,0,1,0,1.7947247706422018,0.75,2.174762646856199,4,3,2,1,0,6,5,4,3,2,1,1,1,1,1,0,0,1,1,1,0,0,0,0,0,1,1,0,0,0,0,0,0,0,0,0,0,0,0,0,0.07454128440366972,2.666284403669725,0.3886885984677783,0.16899504281207753,-0.4043873255040993,0.7303563761270933,-0.4376246399290938,0.7948139797068771,6.209838245069799,-0.3318702494379617,0.6666666666666666,0.5,-0.5833333333333334,-0.4166666666666667,1.0833333333333333,1.25,0.4166666666666667,0.5,0.9230769230769231,0.46153846153846156
6,0,1,0,-0.26949541284403666,0.0,-0.017823859116745906,5,4,3,2,1,0,6,5,4,3,0,1,1,1,1,1,0,0,1,1,1,0,0,0,0,0,1,1,0,0,0,0,0,0,0,0,0,0,0,0,1.7947247706422018,0.07454128440366972,2.619423163587202,0.39432176656151424,0.16064701972080658,-0.4074710176041219,0.7699977841790384,-0.44532130777903045,0.7810768889873699,6.005780965635371,0.75,0.6666666666666666,0.5,-0.5833333333333334,-0.4166666666666667,1.1666666666666667,1.25,0.4166666666666667,0.46153846153846156,0.9230769230769231
0,1,0,0,0.04013761467889908,-0.4166666666666667,0.2350686161198435,6,5,4,3,2,1,0,6,5,4,0,0,1,1,1,1,1,0,0,1,1,1,0,0,0,0,0,1,1,0,0,0,0,0,0,0,0,0,0,0,-0.26949541284403666,1.7947247706422018,0.07323118521856693,2.6250563316809377,0.38222911588743635,0.1399742378703307,-0.4043873255040993,0.7835400225479143,-0.4376246399290938,0.7600899261321058,0.0,0.75,0.6666666666666666,0.5,-0.5833333333333334,-0.3333333333333333,1.1666666666666667,1.25,0.38461538461538464,0.46153846153846156
1,1,0,0,-0.6479357798165137,-1.0,-0.385919116048758,0,6,5,4,3,2,1,0,6,5,1,0,0,1,1,1,1,1,0,0,0,1,1,0,0,0,0,0,1,1,0,0,0,0,0,0,0,0,0,0,0.04013761467889908,-0.26949541284403666,1.7631816133393423,0.07886435331230285,2.575891867937071,0.3546586517818807,0.16064701972080658,-0.41149943630214203,0.7699977841790384,-0.41751418477679053,-0.4166666666666667,0.0,0.75,0.6666666666666666,0.5,-0.5,-0.3333333333333333,1.1666666666666667,1.1538461538461537,0.38461538461538464
2,1,0,0,0.45298165137614677,1.0,0.5780826338688964,1,0,6,5,4,3,2,1,0,6,1,1,0,0,1,1,1,1,1,0,0,0,1,1,0,0,0,0,0,1,0,0,0,0,0,0,0,0,0,0,-0.6479357798165137,0.04013761467889908,-0.26475890040558814,1.7688147814330781,0.07201418125415467,2.480034349506226,0.38222911588743635,0.16347237880496054,-0.4043873255040993,0.7493844342147522,-1.0,-0.4166666666666667,0.0,0.75,0.6666666666666666,0.5833333333333334,-0.5,-0.3333333333333333,1.0769230769230769,1.1538461538461537
3,1,0,0,0.8084862385321101,0.4166666666666667,1.1257896268422016,2,1,0,6,5,4,3,2,1,0,1,1,1,0,0,1,1,1,1,1,0,0,0,1,1,0,0,0,0,0,0,0,0,0,0,0,0,0,0,0,0.45298165137614677,-0.6479357798165137,0.039432176656151424,-0.2591257323118522,1.7338799025038778,0.054100472305710676,2.575891867937071,0.38895152198421645,0.16064701972080658,-0.3853977090247297,1.0,-1.0,-0.4166666666666667,0.0,0.75,0.75,0.5833333333333334,-0.5,-0.3076923076923077,1.0769230769230769
4,1,0,0,-0.017201834862385322,1.25,0.4639917626973798,3,2,1,0,6,5,4,3,2,1,1,1,1,1,0,0,1,1,1,1,0,0,0,0,1,1,0,0,0,0,0,0,0,0,0,0,0,0,0,0,0.8084862385321101,0.45298165137614677,-0.6365479945921587,0.04506534474988734,-0.26035896299579,1.664233576642336,0.07201418125415467,2.62119503945885,0.38222911588743635,0.16058237876030404,0.4166666666666667,1.0,-1.0,-0.4166666666666667,0.0,0.8333333333333334,0.75,0.5833333333333334,-0.46153846153846156,-0.3076923076923077
5,0,1,0,0.6594036697247706,2.3333333333333335,0.9279545428731784,4,3,2,1,0,6,5,4,3,2,1,1,1,1,1,0,0,1,1,1,0,0,0,0,0,1,1,0,0,0,0,0,0,0,0,0,0,0,0,0,-0.017201834862385322,0.8084862385321101,0.4450202794051375,-0.6309148264984228,0.038776866829160206,-0.2679261485616144,1.7338799025038778,0.07328072153325817,2.575891867937071,0.3746922171073761,1.25,0.4166666666666667,1.0,-1.0,-0.4166666666666667,0.08333333333333333,0.8333333333333334,0.75,0.5384615384615384,-0.46153846153846156
6,0,1,0,0.12041284403669725,0.5833333333333334,0.4448809229601494,5,4,3,2,1,0,6,5,4,3,0,1,1,1,1,1,0,0,1,1,1,0,0,0,0,0,1,1,0,0,0,0,0,0,0,0,0,0,0,0,0.6594036697247706,-0.017201834862385322,0.7942767012167644,0.4506534474988734,-0.6259694216707291,0.02189781021897817,-0.26035896299579,1.7643742953776775,0.07201418125415467,2.4943796167433896,2.3333333333333335,1.25,0.4166666666666667,1.0,-1.0,-0.3333333333333333,0.08333333333333333,0.8333333333333334,0.6923076923076923,0.5384615384615384
0,0,0,1,0.2006880733944954,0.9166666666666666,0.8878791569846115,6,5,4,3,2,1,0,6,5,4,0,0,1,1,1,1,1,0,0,1,1,1,0,0,0,0,0,1,1,0,0,0,0,0,0,0,0,0,0,0,0.12041284403669725,0.6594036697247706,-0.016899504281207754,0.7999098693105003,0.4376246399290938,-0.6221554315156719,0.038776866829160206,-0.26493799323562567,1.7338799025038778,0.07493844342147522,0.5833333333333334,2.3333333333333335,1.25,0.4166666666666667,1.0,-0.9166666666666666,-0.3333333333333333,0.08333333333333333,0.7692307692307693,0.6923076923076923
1,1,0,0,-0.3956422018348624,0.3333333333333333,-0.07367748641640129,0,6,5,4,3,2,1,0,6,5,0,0,0,1,1,1,1,1,0,0,0,1,1,0,0,0,0,0,1,1,1,0,0,0,0,0,0,0,0,0,0.2006880733944954,0.12041284403669725,0.6478143307796306,-0.011266336187471835,0.7810768889873699,0.4083297552597682,-0.6259694216707291,0.03945885005636979,-0.26035896299579,1.6807622310245156,0.9166666666666666,0.5833333333333334,2.3333333333333335,1.25,0.4166666666666667,1.0833333333333333,-0.9166666666666666,-0.3333333333333333,0.07692307692307693,0.7692307692307693
2,1,0,0,1.2213302752293578,0.75,1.5554531593494285,1,0,6,5,4,3,2,1,0,6,1,0,0,0,1,1,1,1,1,0,0,0,1,1,0,0,0,0,0,1,0,1,0,0,0,0,0,0,0,0,-0.3956422018348624,0.2006880733944954,0.11829652996845427,0.6534474988733664,-0.016618657212497234,0.7410905968226708,0.4376246399290938,-0.6369785794813979,0.038776866829160206,-0.24622631409913287,0.3333333333333333,0.9166666666666666,0.5833333333333334,2.3333333333333335,1.25,0.5,1.0833333333333333,-0.9166666666666666,-0.3076923076923077,0.07692307692307693
3,1,0,0,0.10894495412844037,1.25,0.5862087062711518,2,1,0,6,5,4,3,2,1,0,1,1,0,0,0,1,1,1,1,1,0,0,0,1,1,0,0,0,0,0,0,0,1,0,0,0,0,0,0,0,1.2213302752293578,-0.3956422018348624,0.19716088328075712,0.12392969806219019,0.6370485264790605,-0.03177329325890934,0.7810768889873699,0.44532130777903045,-0.6259694216707291,0.04282196766941441,0.75,0.3333333333333333,0.9166666666666666,0.5833333333333334,2.3333333333333335,1.3333333333333333,0.5,1.0833333333333333,-0.8461538461538461,-0.3076923076923077
4,1,0,0,0.5103211009174312,-0.4166666666666667,0.4379960074618243,3,2,1,0,6,5,4,3,2,1,1,1,1,0,0,0,1,1,1,1,0,0,0,0,1,1,0,0,0,0,0,0,0,1,0,0,0,0,0,0,0.10894495412844037,1.2213302752293578,-0.3886885984677783,0.20279405137449302,0.11633060048748062,0.6015457277801632,-0.016618657212497234,0.7948139797068771,0.4376246399290938,-0.5995075473718018,1.25,0.75,0.3333333333333333,0.9166666666666666,0.5833333333333334,2.4166666666666665,1.3333333333333333,0.5,1.0,-0.8461538461538461
5,0,1,0,0.3268348623853211,0.9166666666666666,0.6539545671558316,4,3,2,1,0,6,5,4,3,2,1,1,1,1,0,0,0,1,1,1,0,0,0,0,0,1,1,0,0,0,0,0,0,0,1,0,0,0,0,0,0.5103211009174312,0.10894495412844037,1.1998648039657505,-0.3830554303740424,0.19388433414580103,0.09703735508802068,0.6370485264790605,-0.016910935738444193,0.7810768889873699,0.4282196766941441,-0.4166666666666667,1.25,0.75,0.3333333333333333,0.9166666666666666,0.6666666666666666,2.4166666666666665,1.3333333333333333,0.46153846153846156,1.0
6,0,1,0,0.533256880733945,0.3333333333333333,1.0447509715998704,5,4,3,2,1,0,6,5,4,3,0,1,1,1,1,0,0,0,1,1,1,0,0,0,0,0,1,1,0,0,0,0,0,0,0,1,0,0,0,0,0.3268348623853211,0.5103211009174312,0.10703019378098244,1.2054979720594863,-0.38222911588743635,0.1721768999570632,0.11633060048748062,0.6482525366403608,-0.016618657212497234,0.7600899261321058,0.9166666666666666,-0.4166666666666667,1.25,0.75,0.3333333333333333,1.0,0.6666666666666666,2.4166666666666665,1.2307692307692308,0.46153846153846156
0,1,0,0,0.12041284403669725,0.16666666666666666,0.3606882643895282,6,5,4,3,2,1,0,6,5,4,0,0,1,1,1,1,0,0,0,1,1,1,0,0,0,0,0,1,1,0,0,0,0,0,0,0,1,0,0,0,0.533256880733945,0.3268348623853211,0.5013519603424966,0.11266336187471836,1.1799246620873034,-0.3860025762129669,0.19388433414580103,0.11837655016910935,0.6370485264790605,-0.010705491917353602,0.3333333333333333,0.9166666666666666,-0.4166666666666667,1.25,0.75,0.4166666666666667,1.0,0.6666666666666666,2.230769230769231,1.2307692307692308
1,1,0,0,1.5424311926605505,0.4166666666666667,1.628580761167181,0,6,5,4,3,2,1,0,6,5,1,0,0,1,1,1,1,0,0,0,0,1,1,0,0,0,0,0,1,1,0,0,0,0,0,0,0,1,0,0,0.12041284403669725,0.533256880733945,0.3210905813429473,0.5069851284362326,0.10525149567914914,1.127522541863461,-0.38222911588743635,0.1972942502818489,0.11633060048748062,0.620918531206509,0.16666666666666666,0.3333333333333333,0.9166666666666666,-0.4166666666666667,1.25,0.8333333333333334,0.4166666666666667,1.0,0.6153846153846154,2.230769230769231
2,1,0,0,0.6823394495412843,1.0833333333333333,0.7350997527477584,1,0,6,5,4,3,2,1,0,6,1,1,0,0,1,1,1,1,0,0,0,0,1,1,0,0,0,0,0,1,0,0,0,0,0,0,0,0,1,0,1.5424311926605505,0.12041284403669725,0.5238846327174403,0.3267237494366832,0.4930201639707512,0.08630313439244318,1.1799246620873034,-0.38895152198421645,0.19388433414580103,0.11776041109088962,0.4166666666666667,0.16666666666666666,0.3333333333333333,0.9166666666666666,-0.4166666666666667,1.3333333333333333,0.8333333333333334,0.4166666666666667,0.9230769230769231,0.6153846153846154
3,1,0,0,-0.338302752293578,-0.3333333333333333,-0.32662753504045605,2,1,0,6,5,4,3,2,1,0,1,1,1,0,0,1,1,1,1,0,0,0,0,1,1,0,0,0,0,0,0,0,0,0,0,0,0,0,0,1,0.6823394495412843,1.5424311926605505,0.11829652996845427,0.5295178008111763,0.3157544870374474,0.46200085873765573,0.10525149567914914,1.2006764374295378,-0.38222911588743635,0.19269885451236485,1.0833333333333333,0.4166666666666667,0.16666666666666666,0.3333333333333333,0.9166666666666666,-0.3333333333333333,1.3333333333333333,0.8333333333333334,0.38461538461538464,0.9230769230769231
4,1,0,0,0.8084862385321101,0.4166666666666667,1.0431177673431997,3,2,1,0,6,5,4,3,2,1,1,1,1,1,0,0,1,1,1,1,0,0,0,0,1,1,0,0,0,0,0,0,0,0,0,0,0,0,0,0,-0.338302752293578,0.6823394495412843,1.5153222172149619,0.12392969806219019,0.5151783735874141,0.2902533276084157,0.4930201639707512,0.10710259301014656,1.1799246620873034,-0.3639867251900225,-0.3333333333333333,1.0833333333333333,0.4166666666666667,0.16666666666666666,0.3333333333333333,1.0,-0.3333333333333333,1.3333333333333333,0.7692307692307693,0.38461538461538464
5,0,1,0,-0.017201834862385322,0.25,0.10441580048745468,4,3,2,1,0,6,5,4,3,2,1,1,1,1,1,0,0,1,1,1,0,0,0,0,0,1,1,0,0,0,0,0,0,0,0,0,0,0,0,0,0.8084862385321101,-0.338302752293578,0.6703470031545742,1.5209553853086977,0.11633060048748062,0.48346930012881073,0.3157544870374474,0.5016910935738444,0.10525149567914914,1.1454876351568355,0.4166666666666667,-0.3333333333333333,1.0833333333333333,0.4166666666666667,0.16666666666666666,0.4166666666666667,1.0,-0.3333333333333333,1.2307692307692308,0.7692307692307693
6,0,1,0,0.10894495412844037,-0.5833333333333334,0.34704963805138755,5,4,3,2,1,0,6,5,4,3,0,1,1,1,1,1,0,0,1,1,1,0,0,0,0,0,1,1,0,0,0,0,0,0,0,0,0,0,0,0,-0.017201834862385322,0.8084862385321101,-0.3323569175304191,0.6759801712483101,1.490139596720585,0.09703735508802068,0.5151783735874141,0.32130777903043967,0.4930201639707512,0.10705491917353603,0.25,0.4166666666666667,-0.3333333333333333,1.0833333333333333,0.4166666666666667,0.25,0.4166666666666667,1.0,-0.3076923076923077,1.2307692307692308
0,1,0,0,0.4873853211009174,0.25,0.8406478298553655,6,5,4,3,2,1,0,6,5,4,0,0,1,1,1,1,1,0,0,1,1,1,0,0,0,0,0,1,1,0,0,0,0,0,0,0,0,0,0,0,0.10894495412844037,-0.017201834862385322,0.7942767012167644,-0.3267237494366832,0.6592067360957236,1.428080721339631,0.11633060048748062,0.52423900789177,0.3157544870374474,0.48174713628091215,-0.5833333333333334,0.25,0.4166666666666667,-0.3333333333333333,1.0833333333333333,0.5,0.25,0.4166666666666667,0.9230769230769231,-0.3076923076923077
1,1,0,0,0.3038990825688073,0.25,0.5762426354041867,0,6,5,4,3,2,1,0,6,5,1,0,0,1,1,1,1,1,0,0,0,1,1,0,0,0,0,0,1,1,0,0,0,0,0,0,0,0,0,0,0.4873853211009174,0.10894495412844037,-0.016899504281207754,0.7999098693105003,-0.32683359184577887,0.6230141691713182,1.490139596720585,0.11837655016910935,0.5151783735874141,0.3104592656032545,0.25,-0.5833333333333334,0.25,0.4166666666666667,-0.3333333333333333,1.1666666666666667,0.5,0.25,0.38461538461538464,0.9230769230769231
2,1,0,0,-0.18922018348623854,0.16666666666666666,0.08942322040463517,1,0,6,5,4,3,2,1,0,6,1,1,0,0,1,1,1,1,1,0,0,0,1,1,0,0,0,0,0,1,0,0,0,0,0,0,0,0,0,0,0.3038990825688073,0.4873853211009174,0.10703019378098244,-0.011266336187471835,0.7810768889873699,-0.3323314727350794,0.6592067360957236,1.516347237880496,0.11633060048748062,0.5031581201156193,0.25,0.25,-0.5833333333333334,0.25,0.4166666666666667,-0.25,1.1666666666666667,0.5,0.23076923076923078,0.38461538461538464
3,1,0,0,-0.17775229357798164,-0.5833333333333334,-0.12368056091362307,2,1,0,6,5,4,3,2,1,0,1,1,1,0,0,1,1,1,1,1,0,0,0,1,1,0,0,0,0,0,0,0,0,0,0,0,0,0,0,0,-0.18922018348623854,0.3038990825688073,0.478819287967553,0.11266336187471836,-0.016618657212497234,0.7410905968226708,-0.32683359184577887,0.6708004509582863,1.490139596720585,0.11776041109088962,0.16666666666666666,0.25,0.25,-0.5833333333333334,0.25,0.5,-0.25,1.1666666666666667,0.46153846153846156,0.23076923076923078
4,1,0,0,-0.143348623853211,-0.5833333333333334,0.054785190558121116,3,2,1,0,6,5,4,3,2,1,1,1,1,1,0,0,1,1,1,1,0,0,0,0,1,1,0,0,0,0,0,0,0,0,0,0,0,0,0,0,-0.17775229357798164,-0.18922018348623854,0.29855790896800366,0.4844524560612889,0.10525149567914914,-0.03177329325890934,0.7810768889873699,-0.33258173618940245,0.6592067360957236,1.4452414088427363,-0.5833333333333334,0.16666666666666666,0.25,0.25,-0.5833333333333334,0.3333333333333333,0.5,-0.25,1.0769230769230769,0.46153846153846156
5,0,1,0,-0.338302752293578,1.0,-0.07782355362530222,4,3,2,1,0,6,5,4,3,2,1,1,1,1,1,0,0,1,1,1,0,0,0,0,0,1,1,0,0,0,0,0,0,0,0,0,0,0,0,0,-0.143348623853211,-0.17775229357798164,-0.1858945470932853,0.30419107706173953,0.47086195435408823,0.08630313439244318,-0.016618657212497234,0.7948139797068771,-0.32683359184577887,0.6423295150412162,-0.5833333333333334,-0.5833333333333334,0.16666666666666666,0.25,0.25,-0.5,0.3333333333333333,0.5,-0.23076923076923078,1.0769230769230769
6,0,1,0,0.04013761467889908,1.25,0.46896579004983036,5,4,3,2,1,0,6,5,4,3,0,1,1,1,1,1,0,0,1,1,1,0,0,0,0,0,1,1,0,0,0,0,0,0,0,0,0,0,0,0,-0.338302752293578,-0.143348623853211,-0.17462821090581346,-0.18026137899954936,0.2935962774207844,0.4405324173465007,0.10525149567914914,-0.016910935738444193,0.7810768889873699,-0.3104592656032545,1.0,-0.5833333333333334,-0.5833333333333334,0.16666666666666666,0.25,0.3333333333333333,-0.5,0.3333333333333333,0.46153846153846156,-0.23076923076923078
0,1,0,0,-0.12041284403669725,0.75,0.17506226346443746,6,5,4,3,2,1,0,6,5,4,0,0,1,1,1,1,1,0,0,1,1,1,0,0,0,0,0,1,1,0,0,0,0,0,0,0,0,0,0,0,0.04013761467889908,-0.338302752293578,-0.14082920234339794,-0.16899504281207753,-0.18280522933746954,0.2687848862172607,0.47086195435408823,0.10710259301014656,-0.016618657212497234,0.7600899261321058,1.25,1.0,-0.5833333333333334,-0.5833333333333334,0.16666666666666666,0.3333333333333333,0.3333333333333333,-0.5,0.3076923076923077,0.46153846153846156
1,1,0,0,-0.6479357798165137,0.5833333333333334,-0.310554768545191,0,6,5,4,3,2,1,0,6,5,1,0,0,1,1,1,1,1,0,0,0,1,1,0,0,0,0,0,1,1,0,0,0,0,0,0,0,0,0,0,-0.12041284403669725,0.04013761467889908,-0.3323569175304191,-0.13519603424966203,-0.17172612452913807,-0.19278660369257186,0.2935962774207844,0.4791431792559188,0.10525149567914914,-0.010705491917353602,0.75,1.25,1.0,-0.5833333333333334,-0.5833333333333334,0.25,0.3333333333333333,0.3333333333333333,-0.46153846153846156,0.3076923076923077
2,1,0,0,1.6341743119266054,-0.08333333333333333,1.6959980229220413,1,0,6,5,4,3,2,1,0,6,1,1,0,0,1,1,1,1,1,0,0,0,1,1,0,0,0,0,0,1,0,0,0,0,0,0,0,0,0,0,-0.6479357798165137,-0.12041284403669725,0.039432176656151424,-0.3267237494366832,-0.1384888101041436,-0.18205238299699436,-0.18280522933746954,0.2987598647125141,0.47086195435408823,0.10705491917353603,0.5833333333333334,0.75,1.25,1.0,-0.5833333333333334,-0.5,0.25,0.3333333333333333,0.3076923076923077,-0.46153846153846156
3,0,0,1,-0.05160550458715596,0.9166666666666666,0.29161743228175085,2,1,0,6,5,4,3,2,1,0,1,1,1,0,0,1,1,1,1,1,0,0,0,1,1,0,0,0,0,0,0,0,0,0,0,0,0,0,0,0,1.6341743119266054,-0.6479357798165137,-0.11829652996845427,0.04506534474988734,-0.32683359184577887,-0.14984972091026186,-0.17172612452913807,-0.18602029312288612,0.2935962774207844,0.4603361524462049,-0.08333333333333333,0.5833333333333334,0.75,1.25,1.0,-0.5,-0.5,0.25,0.3076923076923077,0.3076923076923077
4,0,0,1,-0.17775229357798164,0.6666666666666666,0.14045125786101942,3,2,1,0,6,5,4,3,2,1,0,1,1,1,0,0,1,1,1,1,0,0,0,0,1,1,0,0,0,0,1,0,0,0,0,0,0,0,0,0,-0.05160550458715596,1.6341743119266054,-0.6365479945921587,-0.11266336187471836,0.038776866829160206,-0.3323314727350794,-0.1384888101041436,-0.17474633596392333,-0.18280522933746954,0.2890482817685473,0.9166666666666666,-0.08333333333333333,0.5833333333333334,0.75,1.25,1.0833333333333333,-0.5,-0.5,0.23076923076923078,0.3076923076923077
5,0,1,0,0.0860091743119266,1.0833333333333333,0.43400816915452894,4,3,2,1,0,6,5,4,3,2,0,0,1,1,1,0,0,1,1,1,0,0,0,0,0,1,1,0,0,0,1,1,0,0,0,0,0,0,0,0,-0.17775229357798164,-0.05160550458715596,1.6054529067147365,-0.6309148264984228,-0.11633060048748062,0.02189781021897817,-0.32683359184577887,-0.14092446448703494,-0.17172612452913807,-0.17128787067765763,0.6666666666666666,0.9166666666666666,-0.08333333333333333,0.5833333333333334,0.75,1.3333333333333333,1.0833333333333333,-0.5,-0.46153846153846156,0.23076923076923078
6,0,1,0,-0.15481651376146788,0.0,0.3061697913610936,5,4,3,2,1,0,6,5,4,3,0,0,0,1,1,1,0,0,1,1,1,0,0,0,0,0,1,1,0,0,0,1,1,0,0,0,0,0,0,0,0.0860091743119266,-0.17775229357798164,-0.050698512843623256,1.6110860748084725,-0.6259694216707291,-0.12838127951910686,0.038776866829160206,-0.33258173618940245,-0.1384888101041436,-0.16058237876030404,1.0833333333333333,0.6666666666666666,0.9166666666666666,-0.08333333333333333,0.5833333333333334,0.8333333333333334,1.3333333333333333,1.0833333333333333,-0.46153846153846156,-0.46153846153846156
0,1,0,0,0.5676605504587156,-0.08333333333333333,0.7624298789431406,6,5,4,3,2,1,0,6,5,4,0,0,0,0,1,1,1,0,0,1,1,1,0,0,0,0,0,1,1,0,0,0,1,1,0,0,0,0,0,0,-0.15481651376146788,0.0860091743119266,-0.17462821090581346,-0.04506534474988734,1.578772435187237,-0.6221554315156719,-0.11633060048748062,0.03945885005636979,-0.32683359184577887,-0.12846590300824323,0.0,1.0833333333333333,0.6666666666666666,0.9166666666666666,-0.08333333333333333,0.6666666666666666,0.8333333333333334,1.3333333333333333,1.0,-0.46153846153846156
1,1,0,0,0.22362385321100917,0.9166666666666666,0.5035294053139062,0,6,5,4,3,2,1,0,6,5,1,0,0,0,0,1,1,1,0,0,0,1,1,0,0,0,0,0,1,1,0,0,0,1,1,0,0,0,0,0,0.5676605504587156,-0.15481651376146788,0.08449752140603876,-0.16899504281207753,-0.0498559716374917,1.513954486904251,-0.6259694216707291,-0.11837655016910935,0.038776866829160206,-0.3104592656032545,-0.08333333333333333,0.0,1.0833333333333333,0.6666666666666666,0.9166666666666666,0.0,0.6666666666666666,0.8333333333333334,1.2307692307692308,1.0
