DIA_SEMANA,LABORAL,FIN_DE_SEMANA,FESTIVO,PORCENTAJE_USO,NUMERO_CONEXIONES,USAGE_KB,DIA_SEMANA_lag_1,DIA_SEMANA_lag_2,DIA_SEMANA_lag_3,DIA_SEMANA_lag_4,DIA_SEMANA_lag_5,DIA_SEMANA_lag_6,DIA_SEMANA_lag_7,DIA_SEMANA_lag_8,DIA_SEMANA_lag_9,DIA_SEMANA_lag_10,LABORAL_lag_1,LABORAL_lag_2,LABORAL_lag_3,LABORAL_lag_4,LABORAL_lag_5,LABORAL_lag_6,LABORAL_lag_7,LABORAL_lag_8,LABORAL_lag_9,LABORAL_lag_10,FIN_DE_SEMANA_lag_1,FIN_DE_SEMANA_lag_2,FIN_DE_SEMANA_lag_3,FIN_DE_SEMANA_lag_4,FIN_DE_SEMANA_lag_5,FIN_DE_SEMANA_lag_6,FIN_DE_SEMANA_lag_7,FIN_DE_SEMANA_lag_8,FIN_DE_SEMANA_lag_9,FIN_DE_SEMANA_lag_10,FESTIVO_lag_1,FESTIVO_lag_2,FESTIVO_lag_3,FESTIVO_lag_4,FESTIVO_lag_5,FESTIVO_lag_6,FESTIVO_lag_7,FESTIVO_lag_8,FESTIVO_lag_9,FESTIVO_lag_10,PORCENTAJE_USO_lag_1,PORCENTAJE_USO_lag_2,PORCENTAJE_USO_lag_3,PORCENTAJE_USO_lag_4,PORCENTAJE_USO_lag_5,PORCENTAJE_USO_lag_6,PORCENTAJE_USO_lag_7,PORCENTAJE_USO_lag_8,PORCENTAJE_USO_lag_9,PORCENTAJE_USO_lag_10,NUMERO_CONEXIONES_lag_1,NUMERO_CONEXIONES_lag_2,NUMERO_CONEXIONES_lag_3,NUMERO_CONEXIONES_lag_4,NUMERO_CONEXIONES_lag_5,NUMERO_CONEXIONES_lag_6,NUMERO_CONEXIONES_lag_7,NUMERO_CONEXIONES_lag_8,NUMERO_CONEXIONES_lag_9,NUMERO_CONEXIONES_lag_10
1,1,0,0,-0.6015037593984962,-0.2857142857142857,-0.8999715367650881,0,6,5,4,3,2,1,0,6,5,1,0,0,1,1,1,1,0,0,0,0,1,1,0,0,0,0,0,1,1,0,0,0,0,0,0,0,1,0,0,-1.2578947368421054,12.610294117647058,3.9456521739130435,0.7178571428571429,-1.2064285714285714,-1.1865248226950356,-0.5184397163120567,-1.0901408450704226,-0.9549295774647887,-1.1177304964539008,-3.642857142857143,-1.125,-0.75,-1.1875,-2.6875,0.125,-0.6875,-0.8125,-1.875,-1.3125
2,1,0,0,2.1609022556390975,-1.6428571428571428,-0.5333034732703203,1,0,6,5,4,3,2,1,0,6,1,1,0,0,1,1,1,1,0,0,0,0,1,1,0,0,0,0,0,1,0,0,0,0,0,0,0,0,1,0,-0.6015037593984962,-1.2301470588235295,12.420289855072463,3.8892857142857142,0.7178571428571429,-1.197872340425532,-1.1865248226950356,-0.5147887323943662,-1.0901408450704226,-0.9546099290780141,-0.2857142857142857,-3.1875,-1.125,-0.75,-1.125,-2.75,0.125,-0.6875,-0.75,-1.875
3,1,0,0,3.263157894736842,-0.42857142857142855,-0.026535383144223417,2,1,0,6,5,4,3,2,1,0,1,1,1,0,0,1,1,1,1,0,0,0,0,1,1,0,0,0,0,0,0,0,0,0,0,0,0,0,0,1,2.1609022556390975,-0.5882352941176471,-1.2195652173913045,12.242857142857142,3.8892857142857142,0.7127659574468085,-1.197872340425532,-1.1781690140845071,-0.5147887323943662,-1.0907801418439718,-1.6428571428571428,-0.25,-3.1875,-1.125,-0.6875,-1.1875,-2.75,0.125,-0.625,-0.75
4,1,0,0,-1.262406015037594,-3.4285714285714284,-1.018601399530162,3,2,1,0,6,5,4,3,2,1,1,1,1,1,0,0,1,1,1,1,0,0,0,0,1,1,0,0,0,0,0,0,0,0,0,0,0,0,0,0,3.263157894736842,2.113235294117647,-0.5869565217391305,-1.2021428571428572,12.242857142857142,3.8617021276595747,0.7127659574468085,-1.18943661971831,-1.1781690140845071,-0.5113475177304964,-0.42857142857142855,-1.4375,-0.25,-3.1875,-1.0625,-0.75,-1.1875,-2.75,0.1875,-0.625
5,0,1,0,-0.5627067669172933,-1.2857142857142858,-0.8394515549101141,4,3,2,1,0,6,5,4,3,2,1,1,1,1,1,0,0,1,1,1,0,0,0,0,0,1,1,0,0,0,0,0,0,0,0,0,0,0,0,0,-1.262406015037594,3.1911764705882355,2.0753623188405794,-0.5785714285714286,-1.2021428571428572,12.156028368794326,3.8617021276595747,0.7077464788732394,-1.18943661971831,-1.1794326241134752,-3.4285714285714284,-0.375,-1.4375,-0.25,-3.125,-1.125,-0.75,-1.1875,-2.6875,0.1875
6,0,1,0,0.17105263157894737,-1.3571428571428572,-0.6722052045815046,5,4,3,2,1,0,6,5,4,3,0,1,1,1,1,1,0,0,1,1,1,0,0,0,0,0,1,1,0,0,0,0,0,0,0,0,0,0,0,0,-0.5627067669172933,-1.2345588235294118,3.13768115942029,2.0457142857142854,-0.5785714285714286,-1.1936170212765957,12.156028368794326,3.834507042253521,0.7077464788732394,-1.1907801418439716,-1.2857142857142858,-3.0,-0.375,-1.4375,-0.1875,-3.1875,-1.125,-0.75,-1.125,-2.6875
0,1,0,0,0.6003007518796992,-1.0,-0.5352794125627972,6,5,4,3,2,1,0,6,5,4,0,0,1,1,1,1,1,0,0,1,1,1,0,0,0,0,0,1,1,0,0,0,0,0,0,0,0,0,0,0,0.17105263157894737,-0.5502941176470588,-1.223913043478261,3.092857142857143,2.0457142857142854,-0.574468085106383,-1.1936170212765957,12.070422535211268,3.834507042253521,0.7198581560283688,-1.3571428571428572,-1.125,-3.0,-0.375,-1.375,-0.25,-3.1875,-1.125,-0.6875,-1.125
1,1,0,0,0.4474436090225563,-0.35714285714285715,-0.5802717036745968,0,6,5,4,3,2,1,0,6,5,1,0,0,1,1,1,1,1,0,0,0,1,1,0,0,0,0,0,1,1,0,0,0,0,0,0,0,0,0,0,0.6003007518796992,0.16727941176470587,-0.5495652173913044,-1.2064285714285714,3.092857142857143,2.031205673758865,-0.574468085106383,-1.185211267605634,12.070422535211268,3.868794326241135,-1.0,-1.1875,-1.125,-3.0,-0.3125,-1.4375,-0.25,-3.1875,-1.0625,-0.6875
2,1,0,0,-0.08105263157894738,0.8571428571428571,-0.7011896166668613,1,0,6,5,4,3,2,1,0,6,1,1,0,0,1,1,1,1,1,0,0,0,1,1,0,0,0,0,0,1,0,0,0,0,0,0,0,0,0,0,0.4474436090225563,0.5870588235294117,0.15760869565217392,-0.5417142857142857,-1.2064285714285714,3.0709219858156027,2.031205673758865,-0.5704225352112676,-1.185211267605634,12.163120567375886,-0.35714285714285715,-0.875,-1.1875,-1.125,-2.9375,-0.375,-1.4375,-0.25,-3.125,-1.0625
3,1,0,0,-1.253609022556391,-0.8571428571428571,-1.0171986177355492,2,1,0,6,5,4,3,2,1,0,1,1,1,0,0,1,1,1,1,1,0,0,0,1,1,0,0,0,0,0,0,0,0,0,0,0,0,0,0,0,-0.08105263157894738,0.43757352941176464,0.571304347826087,0.15535714285714286,-0.5417142857142857,-1.197872340425532,3.0709219858156027,2.016901408450704,-0.5704225352112676,-1.1865248226950356,0.8571428571428571,-0.3125,-0.875,-1.1875,-1.0625,-3.0,-0.375,-1.4375,-0.1875,-3.125
4,1,0,0,-1.2466165413533836,-1.1428571428571428,-1.0158876602144657,3,2,1,0,6,5,4,3,2,1,1,1,1,1,0,0,1,1,1,1,0,0,0,0,1,1,0,0,0,0,0,0,0,0,0,0,0,0,0,0,-1.253609022556391,-0.07926470588235295,0.42398550724637674,0.5631428571428572,0.15535714285714286,-0.5378723404255319,-1.197872340425532,3.0492957746478875,2.016901408450704,-0.5673758865248227,-0.8571428571428571,0.75,-0.3125,-0.875,-1.125,-1.125,-3.0,-0.375,-1.375,-0.1875
5,0,1,0,-0.9961654135338347,-0.5714285714285714,-0.9615267743323448,4,3,2,1,0,6,5,4,3,2,1,1,1,1,1,0,0,1,1,1,0,0,0,0,0,1,1,0,0,0,0,0,0,0,0,0,0,0,0,0,-1.2466165413533836,-1.225955882352941,-0.08536231884057972,0.41792857142857137,0.5631428571428572,0.15425531914893617,-0.5378723404255319,-1.18943661971831,3.0492957746478875,2.0382978723404253,-1.1428571428571428,-0.75,0.75,-0.3125,-0.8125,-1.1875,-1.125,-3.0,-0.3125,-1.375
6,0,1,0,0.0856390977443608,0.0,-0.7575866657415543,5,4,3,2,1,0,6,5,4,3,0,1,1,1,1,1,0,0,1,1,1,0,0,0,0,0,1,1,0,0,0,0,0,0,0,0,0,0,0,0,-0.9961654135338347,-1.2191176470588236,-1.2154347826086955,-0.08414285714285714,0.41792857142857137,0.5591489361702128,0.15425531914893617,-0.5340845070422535,-1.18943661971831,3.078014184397163,-0.5714285714285714,-1.0,-0.75,0.75,-0.25,-0.875,-1.1875,-1.125,-2.9375,-0.3125
0,0,0,1,-0.45233082706766914,-1.2857142857142858,-0.8807727069864533,6,5,4,3,2,1,0,6,5,4,0,0,1,1,1,1,1,0,0,1,1,1,0,0,0,0,0,1,1,0,0,0,0,0,0,0,0,0,0,0,0.0856390977443608,-0.9741911764705883,-1.2086956521739132,-1.1980714285714285,-0.08414285714285714,0.4149645390070921,0.5591489361702128,0.15316901408450703,-0.5340845070422535,-1.1907801418439716,0.0,-0.5,-1.0,-0.75,0.8125,-0.3125,-0.875,-1.1875,-1.0625,-2.9375
1,1,0,0,-0.6405263157894737,-0.6428571428571429,-0.8996967509091405,0,6,5,4,3,2,1,0,6,5,0,0,0,1,1,1,1,1,0,0,0,1,1,0,0,0,0,0,1,1,1,0,0,0,0,0,0,0,0,0,-0.45233082706766914,0.0837499999999999,-0.9673188405797102,-1.1914285714285715,-1.1980714285714285,-0.08354609929078015,0.4149645390070921,0.5552112676056338,0.15316901408450703,-0.5307801418439717,-1.2857142857142858,0.0,-0.5,-1.0,-0.6875,0.75,-0.3125,-0.875,-1.125,-1.0625
2,1,0,0,-1.1813533834586467,0.0,-1.0075387499579234,1,0,6,5,4,3,2,1,0,6,1,0,0,0,1,1,1,1,1,0,0,0,1,1,0,0,0,0,0,1,0,1,0,0,0,0,0,0,0,0,-0.6405263157894737,-0.44235294117647056,0.07528985507246366,-0.9535,-1.1914285714285715,-1.1895744680851064,-0.08354609929078015,0.4120422535211267,0.5552112676056338,0.16134751773049646,-0.6428571428571429,-1.125,0.0,-0.5,-0.9375,-0.75,0.75,-0.3125,-0.8125,-1.125
3,1,0,0,-1.2522556390977444,-0.5714285714285714,-1.0164289883506825,2,1,0,6,5,4,3,2,1,0,1,1,0,0,0,1,1,1,1,1,0,0,0,1,1,0,0,0,0,0,0,0,1,0,0,0,0,0,0,0,-1.1813533834586467,-0.6263970588235294,-0.44318840579710145,0.07421428571428562,-0.9535,-1.1829787234042555,-1.1895744680851064,-0.08295774647887325,0.4120422535211267,0.5662411347517731,0.0,-0.5625,-1.125,0.0,-0.4375,-1.0,-0.75,0.75,-0.25,-0.8125
4,1,0,0,-1.2581954887218045,1.0,-1.017637130163999,3,2,1,0,6,5,4,3,2,1,1,1,1,0,0,0,1,1,1,1,0,0,0,0,1,1,0,0,0,0,0,0,0,1,0,0,0,0,0,0,-1.2522556390977444,-1.1552941176470588,-0.6245652173913043,-0.43685714285714283,0.07421428571428562,-0.9467375886524824,-1.1829787234042555,-1.1811971830985915,-0.08295774647887325,0.4220567375886524,-0.5714285714285714,0.0,-0.5625,-1.125,0.0625,-0.5,-1.0,-0.75,0.8125,-0.25
5,0,1,0,-0.8970676691729323,-0.35714285714285715,-0.9661186749734431,4,3,2,1,0,6,5,4,3,2,1,1,1,1,0,0,0,1,1,1,0,0,0,0,0,1,1,0,0,0,0,0,0,0,1,0,0,0,0,0,-1.2581954887218045,-1.2246323529411764,-1.1457971014492754,-0.6156428571428572,-0.43685714285714283,0.07368794326241125,-0.9467375886524824,-1.1746478873239437,-1.1811971830985915,-0.07645390070921987,1.0,-0.5,0.0,-0.5625,-1.0625,0.0,-0.5,-1.0,-0.6875,0.8125
6,0,1,0,-0.09090225563909778,-0.9285714285714286,-0.7961597302702038,5,4,3,2,1,0,6,5,4,3,0,1,1,1,1,0,0,0,1,1,1,0,0,0,0,0,1,1,0,0,0,0,0,0,0,1,0,0,0,0,-0.8970676691729323,-1.2304411764705883,-1.2141304347826087,-1.1294285714285714,-0.6156428571428572,-0.43375886524822693,0.07368794326241125,-0.9400704225352113,-1.1746478873239437,-1.182482269503546,-0.35714285714285715,0.875,-0.5,0.0,-0.5,-1.125,0.0,-0.5,-0.9375,-0.6875
0,0,0,1,0.7106766917293231,0.2857142857142857,-0.6074571843563497,6,5,4,3,2,1,0,6,5,4,0,0,1,1,1,1,0,0,0,1,1,1,0,0,0,0,0,1,1,0,0,0,0,0,0,0,1,0,0,0,-0.09090225563909778,-0.8772794117647059,-1.2198550724637682,-1.1967857142857143,-1.1294285714285714,-0.6112765957446809,-0.43375886524822693,0.07316901408450695,-0.9400704225352113,-1.175886524822695,-0.9285714285714286,-0.3125,0.875,-0.5,0.0625,-0.5625,-1.125,0.0,-0.4375,-0.9375
1,1,0,0,-0.934812030075188,0.0,-0.9585996180018626,0,6,5,4,3,2,1,0,6,5,0,0,0,1,1,1,1,0,0,0,0,1,1,0,0,0,0,0,1,1,1,0,0,0,0,0,0,1,0,0,0.7106766917293231,-0.08889705882352944,-0.8718115942028986,-1.2024285714285714,-1.1967857142857143,-1.121418439716312,-0.6112765957446809,-0.43070422535211267,0.07316901408450695,-0.9396453900709221,0.2857142857142857,-0.8125,-0.3125,0.875,-0.4375,0.0,-0.5625,-1.125,0.0625,-0.4375
2,1,0,0,0.09105263157894747,0.0,-0.7424248981632169,1,0,6,5,4,3,2,1,0,6,1,0,0,0,1,1,1,1,0,0,0,0,1,1,0,0,0,0,0,1,0,1,0,0,0,0,0,0,1,0,-0.934812030075188,0.6949999999999998,-0.09485507246376815,-0.8593571428571428,-1.2024285714285714,-1.1882978723404256,-1.121418439716312,-0.6069718309859155,-0.43070422535211267,0.08078014184397153,0.0,0.25,-0.8125,-0.3125,0.9375,-0.5,0.0,-0.5625,-1.0625,0.0625
3,1,0,0,1.88203007518797,1.0714285714285714,-0.4430221223222977,2,1,0,6,5,4,3,2,1,0,1,1,0,0,0,1,1,1,1,0,0,0,0,1,1,0,0,0,0,0,0,0,1,0,0,0,0,0,0,1,0.09105263157894747,-0.9141911764705882,0.6776811594202897,-0.09350000000000003,-0.8593571428571428,-1.1939007092198581,-1.1882978723404256,-1.1135211267605634,-0.6069718309859155,-0.42666666666666664,0.0,0.0,0.25,-0.8125,-0.25,0.875,-0.5,0.0,-0.5,-1.0625
4,1,0,0,1.6121804511278197,0.21428571428571427,-0.5890153896108505,3,2,1,0,6,5,4,3,2,1,1,1,1,0,0,0,1,1,1,1,0,0,0,0,1,1,0,0,0,0,0,0,0,1,0,0,0,0,0,0,1.88203007518797,0.08904411764705893,-0.9081884057971015,0.6679999999999998,-0.09350000000000003,-0.8532624113475178,-1.1939007092198581,-1.1799295774647889,-1.1135211267605634,-0.6041843971631206,1.0714285714285714,0.0,0.0,0.25,-0.75,-0.3125,0.875,-0.5,0.0625,-0.5
5,0,1,0,0.8185714285714286,0.7857142857142857,-0.6211618999335248,4,3,2,1,0,6,5,4,3,2,1,1,1,1,0,0,0,1,1,1,0,0,0,0,0,1,1,0,0,0,0,0,0,0,1,0,0,0,0,0,1.6121804511278197,1.840514705882353,0.0805072463768117,-0.8952142857142857,0.6679999999999998,-0.09283687943262414,-0.8532624113475178,-1.185492957746479,-1.1799295774647889,-1.1143262411347519,0.21428571428571427,0.9375,0.0,0.0,0.3125,-0.8125,-0.3125,0.875,-0.4375,0.0625
6,0,1,0,-0.7127067669172933,-0.5714285714285714,-0.9027832830360722,5,4,3,2,1,0,6,5,4,3,0,1,1,1,1,0,0,0,1,1,1,0,0,0,0,0,1,1,0,0,0,0,0,0,0,1,0,0,0,0,0.8185714285714286,1.5766176470588236,1.8065942028985507,0.07935714285714296,-0.8952142857142857,0.6632624113475176,-0.09283687943262414,-0.8472535211267606,-1.185492957746479,-1.1812056737588654,0.7857142857142857,0.1875,0.9375,0.0,0.0625,0.25,-0.8125,-0.3125,0.9375,-0.4375
0,1,0,0,-0.8521052631578947,-1.6428571428571428,-0.8887676014652498,6,5,4,3,2,1,0,6,5,4,0,0,1,1,1,1,0,0,0,1,1,1,0,0,0,0,0,1,1,0,0,0,0,0,0,0,1,0,0,0,-0.7127067669172933,0.800514705882353,1.546521739130435,1.7807857142857142,0.07935714285714296,-0.8888652482269503,0.6632624113475176,-0.09218309859154931,-0.8472535211267606,-1.186808510638298,-0.5714285714285714,0.6875,0.1875,0.9375,0.0625,0.0,0.25,-0.8125,-0.25,0.9375
1,1,0,0,1.6263157894736844,0.5,-0.27901961902315003,0,6,5,4,3,2,1,0,6,5,1,0,0,1,1,1,1,0,0,0,0,1,1,0,0,0,0,0,1,1,0,0,0,0,0,0,0,1,0,0,-0.8521052631578947,-0.6969852941176471,0.7816666666666667,1.5244285714285715,1.7807857142857142,0.07879432624113485,-0.8888652482269503,0.6585915492957746,-0.09218309859154931,-0.8461702127659575,-1.6428571428571428,-0.5,0.6875,0.1875,1.0,0.0,0.0,0.25,-0.75,-0.25
2,1,0,0,0.4861654135338346,-0.14285714285714285,-0.5941589228577637,1,0,6,5,4,3,2,1,0,6,1,1,0,0,1,1,1,1,0,0,0,0,1,1,0,0,0,0,0,1,0,0,0,0,0,0,0,0,1,0,1.6263157894736844,-0.8333088235294117,-0.6941304347826087,0.7705000000000001,1.5244285714285715,1.7681560283687943,0.07879432624113485,-0.8826056338028169,0.6585915492957746,-0.08574468085106385,0.5,-1.4375,-0.5,0.6875,0.25,0.9375,0.0,0.0,0.3125,-0.75
3,1,0,0,1.8948872180451126,0.42857142857142855,-0.4976607709071391,2,1,0,6,5,4,3,2,1,0,1,1,1,0,0,1,1,1,1,0,0,0,0,1,1,0,0,0,0,0,0,0,0,0,0,0,0,0,0,1,0.4861654135338346,1.5904411764705884,-0.8284782608695652,-0.6842142857142858,0.7705000000000001,1.5136170212765958,1.7681560283687943,0.07823943661971841,-0.8826056338028169,0.6703546099290779,-0.14285714285714285,0.4375,-1.4375,-0.5,0.75,0.1875,0.9375,0.0,0.0625,0.3125
4,1,0,0,1.2160902255639099,0.7857142857142857,-0.619895824102246,3,2,1,0,6,5,4,3,2,1,1,1,1,1,0,0,1,1,1,1,0,0,0,0,1,1,0,0,0,0,0,0,0,0,0,0,0,0,0,0,1.8948872180451126,0.4754411764705882,1.560144927536232,-0.8166428571428571,-0.6842142857142858,0.7650354609929079,1.5136170212765958,1.7557042253521127,0.07823943661971841,-0.88177304964539,0.42857142857142855,-0.125,0.4375,-1.4375,-0.4375,0.6875,0.1875,0.9375,0.0625,0.0625
5,0,1,0,-1.2503007518796991,1.5714285714285714,-1.0159341448217636,4,3,2,1,0,6,5,4,3,2,1,1,1,1,1,0,0,1,1,1,0,0,0,0,0,1,1,0,0,0,0,0,0,0,0,0,0,0,0,0,1.2160902255639099,1.8530882352941176,0.4613043478260869,1.537857142857143,-0.8166428571428571,-0.6793617021276597,0.7650354609929079,1.5029577464788733,1.7557042253521127,0.08588652482269513,0.7857142857142857,0.375,-0.125,0.4375,-1.375,-0.5,0.6875,0.1875,1.0,0.0625
6,0,1,0,-1.2572180451127821,0.42857142857142855,-1.0175560683364946,5,4,3,2,1,0,6,5,4,3,0,1,1,1,1,1,0,0,1,1,1,0,0,0,0,0,1,1,0,0,0,0,0,0,0,0,0,0,0,0,-1.2503007518796991,1.1892647058823531,1.8189855072463768,0.4547142857142857,1.537857142857143,-0.8108510638297872,-0.6793617021276597,0.7596478873239437,1.5029577464788733,1.7752482269503547,1.5714285714285714,0.6875,0.375,-0.125,0.5,-1.4375,-0.5,0.6875,0.25,1.0
0,1,0,0,-0.6189473684210526,1.5714285714285714,-0.889161461192108,6,5,4,3,2,1,0,6,5,4,0,0,1,1,1,1,1,0,0,1,1,1,0,0,0,0,0,1,1,0,0,0,0,0,0,0,0,0,0,0,-1.2572180451127821,-1.222720588235294,1.1647826086956523,1.793,0.4547142857142857,1.5269503546099292,-0.8108510638297872,-0.6745774647887325,0.7596478873239437,1.5207092198581562,0.42857142857142855,1.375,0.6875,0.375,-0.0625,0.4375,-1.4375,-0.5,0.75,0.25
1,1,0,0,-0.4839849624060151,-0.42857142857142855,-0.8459408518865309,0,6,5,4,3,2,1,0,6,5,1,0,0,1,1,1,1,1,0,0,0,1,1,0,0,0,0,0,1,1,0,0,0,0,0,0,0,0,0,0,-0.6189473684210526,-1.229485294117647,-1.212246376811594,1.1481428571428571,1.793,0.4514893617021276,1.5269503546099292,-0.8051408450704225,-0.6745774647887325,0.7721276595744682,1.5714285714285714,0.375,1.375,0.6875,0.4375,-0.125,0.4375,-1.4375,-0.4375,0.75
2,1,0,0,-0.2643609022556391,-0.35714285714285715,-0.8959443210579622,1,0,6,5,4,3,2,1,0,6,1,1,0,0,1,1,1,1,1,0,0,0,1,1,0,0,0,0,0,1,0,0,0,0,0,0,0,0,0,0,-0.4839849624060151,-0.6052941176470588,-1.218913043478261,-1.1949285714285713,1.1481428571428571,1.7802836879432622,0.4514893617021276,1.5161971830985916,-0.8051408450704225,-0.6722695035460994,-0.42857142857142855,1.375,0.375,1.375,0.75,0.375,-0.125,0.4375,-1.375,-0.4375
3,1,0,0,0.2812781954887218,-0.5714285714285714,-0.8573062238767384,2,1,0,6,5,4,3,2,1,0,1,1,1,0,0,1,1,1,1,1,0,0,0,1,1,0,0,0,0,0,0,0,0,0,0,0,0,0,0,0,-0.2643609022556391,-0.4733088235294118,-0.603768115942029,-1.2015,-1.1949285714285713,1.1400000000000001,1.7802836879432622,0.44830985915492955,1.5161971830985916,-0.8037588652482269,-0.35714285714285715,-0.375,1.375,0.375,1.4375,0.6875,0.375,-0.125,0.5,-1.375
4,1,0,0,-1.246842105263158,-0.5714285714285714,-1.0169400900427452,3,2,1,0,6,5,4,3,2,1,1,1,1,1,0,0,1,1,1,1,0,0,0,0,1,1,0,0,0,0,0,0,0,0,0,0,0,0,0,0,0.2812781954887218,-0.25852941176470584,-0.4736956521739131,-0.5951428571428571,-1.2015,-1.1864539007092199,1.1400000000000001,1.7677464788732393,0.44830985915492955,1.5340425531914894,-0.5714285714285714,-0.3125,-0.375,1.375,0.4375,1.375,0.6875,0.375,-0.0625,0.5
5,0,1,0,2.080300751879699,0.21428571428571427,-0.7688892949613204,4,3,2,1,0,6,5,4,3,2,1,1,1,1,1,0,0,1,1,1,0,0,0,0,0,1,1,0,0,0,0,0,0,0,0,0,0,0,0,0,-1.246842105263158,0.27507352941176466,-0.26202898550724635,-0.46692857142857147,-0.5951428571428571,-1.1929787234042555,-1.1864539007092199,1.1319718309859155,1.7677464788732393,0.4585815602836879,-0.5714285714285714,-0.5,-0.3125,-0.375,1.4375,0.375,1.375,0.6875,0.4375,-0.0625
6,0,1,0,5.381353383458647,0.8571428571428571,-0.7202224299908611,5,4,3,2,1,0,6,5,4,3,0,1,1,1,1,1,0,0,1,1,1,0,0,0,0,0,1,1,0,0,0,0,0,0,0,0,0,0,0,0,2.080300751879699,-1.2193382352941178,0.2638405797101449,-0.2582857142857143,-0.46692857142857147,-0.5909219858156027,-1.1929787234042555,-1.1780985915492956,1.1319718309859155,1.7873758865248226,0.21428571428571427,-0.5,-0.5,-0.3125,-0.3125,1.375,0.375,1.375,0.75,0.4375
0,1,0,0,18.266165413533834,0.5,-0.3971658586817561,6,5,4,3,2,1,0,6,5,4,0,0,1,1,1,1,1,0,0,1,1,1,0,0,0,0,0,1,1,0,0,0,0,0,0,0,0,0,0,0,5.381353383458647,2.0344117647058826,-1.208913043478261,0.26007142857142856,-0.2582857142857143,-0.46361702127659576,-0.5909219858156027,-1.1845774647887324,-1.1780985915492956,1.1470921985815603,0.8571428571428571,0.1875,-0.5,-0.5,-0.25,-0.375,1.375,0.375,1.4375,0.75
1,1,0,0,8.409699248120301,-0.35714285714285715,-0.7983449647896274,0,6,5,4,3,2,1,0,6,5,1,0,0,1,1,1,1,1,0,0,0,1,1,0,0,0,0,0,1,1,0,0,0,0,0,0,0,0,0,0,18.266165413533834,5.2626470588235295,1.99768115942029,-1.1916428571428572,0.26007142857142856,-0.2564539007092198,-0.46361702127659576,-0.5867605633802816,-1.1845774647887324,-1.1793617021276595,0.5,0.75,0.1875,-0.5,-0.4375,-0.3125,-0.375,1.375,0.4375,1.4375
2,1,0,0,17.989774436090226,0.35714285714285715,-0.47251557520579746,1,0,6,5,4,3,2,1,0,6,1,1,0,0,1,1,1,1,1,0,0,0,1,1,0,0,0,0,0,1,0,0,0,0,0,0,0,0,0,0,8.409699248120301,17.863235294117647,5.179130434782609,1.969142857142857,-1.1916428571428572,0.2582269503546099,-0.2564539007092198,-0.46035211267605636,-0.5867605633802816,-1.185886524822695,-0.35714285714285715,0.4375,0.75,0.1875,-0.4375,-0.5,-0.3125,-0.375,1.4375,0.4375
3,1,0,0,-0.6546616541353383,-2.357142857142857,-1.008363565502193,2,1,0,6,5,4,3,2,1,0,1,1,1,0,0,1,1,1,1,1,0,0,0,1,1,0,0,0,0,0,0,0,0,0,0,0,0,0,0,0,17.989774436090226,8.224191176470589,17.597101449275364,5.105142857142857,1.969142857142857,-1.1831914893617022,0.2582269503546099,-0.2546478873239436,-0.46035211267605636,-0.5838297872340426,0.35714285714285715,-0.3125,0.4375,0.75,0.25,-0.5,-0.5,-0.3125,-0.3125,1.4375
4,1,0,0,-1.1110526315789475,-1.0714285714285714,-0.9146315911681078,3,2,1,0,6,5,4,3,2,1,1,1,1,1,0,0,1,1,1,1,0,0,0,0,1,1,0,0,0,0,0,0,0,0,0,0,0,0,0,0,-0.6546616541353383,17.59294117647059,8.097753623188407,17.345714285714287,5.105142857142857,1.9551773049645391,-1.1831914893617022,0.25640845070422535,-0.2546478873239436,-0.45652482269503547,-2.357142857142857,0.3125,-0.3125,0.4375,0.8125,0.1875,-0.5,-0.5,-0.25,-0.3125
5,0,1,0,-0.04082706766917298,0.21428571428571427,-0.2550775273944324,4,3,2,1,0,6,5,4,3,2,1,1,1,1,1,0,0,1,1,1,0,0,0,0,0,1,1,0,0,0,0,0,0,0,0,0,0,0,0,0,-1.1110526315789475,-0.640220588235294,17.330724637681158,7.9820714285714285,17.345714285714287,5.068936170212766,1.9551773049645391,-1.1748591549295775,0.25640845070422535,-0.24936170212765954,-1.0714285714285714,-2.0625,0.3125,-0.3125,0.5,0.75,0.1875,-0.5,-0.4375,-0.25
6,0,0,1,-0.7781954887218046,-0.5714285714285714,-0.6265976221405956,5,4,3,2,1,0,6,5,4,3,0,1,1,1,1,1,0,0,1,1,1,0,0,0,0,0,1,1,0,0,0,0,0,0,0,0,0,0,0,0,-0.04082706766917298,-1.086544117647059,-0.6381884057971015,17.083142857142857,7.9820714285714285,17.222695035460994,5.068936170212766,1.9414084507042253,-1.1748591549295775,0.2653191489361702,0.21428571428571427,-0.9375,-2.0625,0.3125,-0.25,0.4375,0.75,0.1875,-0.4375,-0.4375
0,1,0,0,-0.242781954887218,0.2857142857142857,-0.18065704503992067,6,5,4,3,2,1,0,6,5,4,0,0,1,1,1,1,1,0,0,1,0,1,0,0,0,0,0,1,1,0,1,0,0,0,0,0,0,0,0,0,-0.7781954887218046,-0.03992647058823534,-1.0780434782608697,-0.6290714285714285,17.083142857142857,7.9254609929078015,17.222695035460994,5.033239436619718,1.9414084507042253,-1.176099290780142,-0.5714285714285714,0.1875,-0.9375,-2.0625,0.375,-0.3125,0.4375,0.75,0.25,-0.4375
1,1,0,0,-0.9014285714285715,-0.8571428571428571,-0.6851650215008482,0,6,5,4,3,2,1,0,6,5,1,0,0,1,1,1,1,1,0,0,0,0,1,0,0,0,0,0,1,1,0,1,0,0,0,0,0,0,0,0,-0.242781954887218,-0.7610294117647058,-0.04659420289855078,-1.0626428571428572,-0.6290714285714285,16.961985815602837,7.9254609929078015,17.101408450704227,5.033239436619718,1.9622695035460993,0.2857142857142857,-0.5,0.1875,-0.9375,-2.0,0.3125,-0.3125,0.4375,0.8125,0.25
2,1,0,0,-0.5353383458646617,-1.0,-0.3504398978071402,1,0,6,5,4,3,2,1,0,6,1,1,0,0,1,1,1,1,1,0,0,0,0,1,0,0,0,0,0,1,0,0,1,0,0,0,0,0,0,0,-0.9014285714285715,-0.23742647058823524,-0.7572463768115942,-0.04592857142857148,-1.0626428571428572,-0.6246099290780142,16.961985815602837,7.869647887323944,17.101408450704227,5.076028368794327,-0.8571428571428571,0.25,-0.5,0.1875,-0.875,-2.0625,0.3125,-0.3125,0.5,0.8125
3,1,0,0,0.32706766917293234,-0.6428571428571429,0.6431163738708877,2,1,0,6,5,4,3,2,1,0,1,1,1,0,0,1,1,1,1,1,0,0,0,0,1,0,0,0,0,0,0,0,0,1,0,0,0,0,0,0,-0.5353383458646617,-0.8815441176470589,-0.24123188405797097,-0.7464285714285714,-0.04592857142857148,-1.0551063829787235,-0.6246099290780142,16.842535211267606,7.869647887323944,17.229787234042554,-1.0,-0.75,0.25,-0.5,0.25,-0.9375,-2.0625,0.3125,-0.25,0.5
4,1,0,0,0.34902255639097735,-0.5714285714285714,0.6469457437617313,3,2,1,0,6,5,4,3,2,1,1,1,1,1,0,0,1,1,1,1,0,0,0,0,0,1,0,0,0,0,0,0,0,0,1,0,0,0,0,0,0.32706766917293234,-0.5235294117647059,-0.8760144927536232,-0.23778571428571424,-0.7464285714285714,-0.04560283687943267,-1.0551063829787235,-0.6202112676056337,16.842535211267606,7.932553191489362,-0.6428571428571429,-0.875,-0.75,0.25,-0.4375,0.1875,-0.9375,-2.0625,0.375,-0.25
5,0,1,0,-0.7077443609022556,0.21428571428571427,-0.5050037359426999,4,3,2,1,0,6,5,4,3,2,1,1,1,1,1,0,0,1,1,1,0,0,0,0,0,0,1,0,0,0,0,0,0,0,0,1,0,0,0,0,0.34902255639097735,0.31985294117647056,-0.5231884057971015,-0.8635,-0.23778571428571424,-0.7411347517730497,-0.04560283687943267,-1.0476760563380283,-0.6202112676056337,16.969078014184397,-0.5714285714285714,-0.5625,-0.875,-0.75,0.3125,-0.5,0.1875,-0.9375,-2.0,0.375
6,0,1,0,-0.673233082706767,-1.1428571428571428,-0.4865591933386413,5,4,3,2,1,0,6,5,4,3,0,1,1,1,1,1,0,0,1,1,1,0,0,0,0,0,0,1,0,0,0,0,0,0,0,0,1,0,0,0,-0.7077443609022556,0.34132352941176464,0.3079710144927536,-0.5157142857142857,-0.8635,-0.23609929078014177,-0.7411347517730497,-0.04528169014084512,-1.0476760563380283,-0.6175177304964539,0.21428571428571427,-0.5,-0.5625,-0.875,-0.6875,0.25,-0.5,0.1875,-0.875,-2.0
0,1,0,0,-0.7481203007518797,-0.6428571428571429,-0.4971913450698952,6,5,4,3,2,1,0,6,5,4,0,0,1,1,1,1,1,0,0,1,1,1,0,0,0,0,0,0,1,0,0,0,0,0,0,0,0,1,0,0,-0.673233082706767,-0.6921323529411765,0.3291304347826086,0.30357142857142855,-0.5157142857142857,-0.8573758865248227,-0.23609929078014177,-0.7359154929577465,-0.04528169014084512,-1.048014184397163,-1.1428571428571428,0.1875,-0.5,-0.5625,-0.8125,-0.75,0.25,-0.5,0.25,-0.875
1,1,0,0,-0.9624060150375939,0.35714285714285715,-0.7377400283075229,0,6,5,4,3,2,1,0,6,5,1,0,0,1,1,1,1,1,0,0,0,1,1,0,0,0,0,0,0,1,0,0,0,0,0,0,0,0,1,0,-0.7481203007518797,-0.6583823529411765,-0.6893478260869564,0.32442857142857134,0.30357142857142855,-0.5120567375886526,-0.8573758865248227,-0.2344366197183098,-0.7359154929577465,-0.038510638297872386,-0.6428571428571429,-1.0,0.1875,-0.5,-0.5,-0.875,-0.75,0.25,-0.4375,0.25
2,1,0,0,-0.07518796992481203,-0.5714285714285714,0.12578368353645733,1,0,6,5,4,3,2,1,0,6,1,1,0,0,1,1,1,1,1,0,0,0,1,1,0,0,0,0,0,0,0,0,0,0,0,0,0,0,0,1,-0.9624060150375939,-0.7316176470588235,-0.6560869565217392,-0.6795,0.32442857142857134,0.30141843971631205,-0.5120567375886526,-0.851338028169014,-0.2344366197183098,-0.7340425531914894,0.35714285714285715,-0.5625,-1.0,0.1875,-0.4375,-0.5625,-0.875,-0.75,0.3125,-0.4375
3,1,0,0,-0.5729323308270677,-0.07142857142857142,-0.4208469037473234,2,1,0,6,5,4,3,2,1,0,1,1,1,0,0,1,1,1,1,1,0,0,0,1,1,0,0,0,0,0,0,0,0,0,0,0,0,0,0,0,-0.07518796992481203,-0.9411764705882353,-0.7282608695652174,-0.6467142857142858,-0.6795,0.322127659574468,0.30141843971631205,-0.5084507042253521,-0.851338028169014,-0.2290070921985815,-0.5714285714285714,0.3125,-0.5625,-1.0,0.25,-0.5,-0.5625,-0.875,-0.6875,0.3125
4,1,0,0,0.8270676691729323,-0.5714285714285714,0.9122354585042444,3,2,1,0,6,5,4,3,2,1,1,1,1,1,0,0,1,1,1,1,0,0,0,0,1,1,0,0,0,0,0,0,0,0,0,0,0,0,0,0,-0.5729323308270677,-0.07352941176470588,-0.9347826086956522,-0.7178571428571429,-0.6467142857142858,-0.6746808510638298,0.322127659574468,0.2992957746478873,-0.5084507042253521,-0.8502836879432624,-0.07142857142857142,-0.5,0.3125,-0.5625,-0.9375,0.1875,-0.5,-0.5625,-0.8125,-0.6875
5,0,1,0,-0.48120300751879697,-0.7857142857142857,-0.3960250394031468,4,3,2,1,0,6,5,4,3,2,1,1,1,1,1,0,0,1,1,1,0,0,0,0,0,1,1,0,0,0,0,0,0,0,0,0,0,0,0,0,0.8270676691729323,-0.5602941176470588,-0.07971014492753623,-0.9214285714285714,-0.7178571428571429,-0.6421276595744682,-0.6746808510638298,0.3198591549295774,0.2992957746478873,-0.5049645390070923,-0.5714285714285714,-0.0625,-0.5,0.3125,-0.5,-1.0,0.1875,-0.5,-0.5,-0.8125
6,0,1,0,0.8345864661654135,-0.7142857142857143,1.0248115598745786,5,4,3,2,1,0,6,5,4,3,0,1,1,1,1,1,0,0,1,1,1,0,0,0,0,0,1,1,0,0,0,0,0,0,0,0,0,0,0,0,-0.48120300751879697,0.8088235294117647,-0.5594202898550725,-0.07857142857142857,-0.9214285714285714,-0.7127659574468085,-0.6421276595744682,-0.6699295774647887,0.3198591549295774,0.30851063829787234,-0.7857142857142857,-0.5,-0.0625,-0.5,0.375,-0.5625,-1.0,0.1875,-0.4375,-0.5
0,1,0,0,0.24060150375939848,0.21428571428571427,0.12889242752007826,6,5,4,3,2,1,0,6,5,4,0,0,1,1,1,1,1,0,0,1,1,1,0,0,0,0,0,1,1,0,0,0,0,0,0,0,0,0,0,0,0.8345864661654135,-0.47058823529411764,0.7898550724637681,-0.5514285714285715,-0.07857142857142857,-0.9148936170212766,-0.7127659574468085,-0.637605633802817,-0.6699295774647887,0.3292198581560283,-0.7142857142857143,-0.6875,-0.5,-0.0625,-0.4375,0.3125,-0.5625,-1.0,0.25,-0.4375
1,1,0,0,-0.45864661654135336,-1.4285714285714286,-0.4344494905813713,0,6,5,4,3,2,1,0,6,5,1,0,0,1,1,1,1,1,0,0,0,1,1,0,0,0,0,0,1,1,0,0,0,0,0,0,0,0,0,0,0.24060150375939848,0.8161764705882353,-0.47101449275362317,0.7785714285714286,-0.5514285714285715,-0.07801418439716312,-0.9148936170212766,-0.7077464788732394,-0.637605633802817,-0.6675886524822695,0.21428571428571427,-0.625,-0.6875,-0.5,0.0,-0.5,0.3125,-0.5625,-0.9375,0.25
2,0,0,1,-0.46616541353383456,-0.21428571428571427,-0.33633582678598783,1,0,6,5,4,3,2,1,0,6,1,1,0,0,1,1,1,1,1,0,0,0,1,1,0,0,0,0,0,1,0,0,0,0,0,0,0,0,0,0,-0.45864661654135336,0.23529411764705882,0.7971014492753623,-0.4642857142857143,0.7785714285714286,-0.5475177304964539,-0.07801418439716312,-0.9084507042253521,-0.7077464788732394,-0.6350354609929079,-1.4285714285714286,0.1875,-0.625,-0.6875,-0.4375,-0.0625,-0.5,0.3125,-0.5,-0.9375
3,1,0,0,1.3157894736842106,-1.2142857142857142,1.1320052932915383,2,1,0,6,5,4,3,2,1,0,0,1,1,0,0,1,1,1,1,1,0,0,0,1,1,0,0,0,0,0,1,0,0,0,0,0,0,0,0,0,-0.46616541353383456,-0.4485294117647059,0.2246376811594203,0.7857142857142857,-0.4642857142857143,0.7730496453900709,-0.5475177304964539,-0.07746478873239436,-0.9084507042253521,-0.7056737588652482,-0.21428571428571427,-1.25,0.1875,-0.625,-0.625,-0.5,-0.0625,-0.5,0.375,-0.5
4,1,0,0,-0.5503759398496241,-1.2857142857142858,-0.31070471809604544,3,2,1,0,6,5,4,3,2,1,1,0,1,1,0,0,1,1,1,1,0,0,0,0,1,1,0,0,0,0,0,1,0,0,0,0,0,0,0,0,1.3157894736842106,-0.45588235294117646,-0.4492753623188406,0.22142857142857142,0.7857142857142857,-0.46099290780141844,0.7730496453900709,-0.543661971830986,-0.07746478873239436,-0.9078014184397163,-1.2142857142857142,-0.1875,-1.25,0.1875,-0.5625,-0.6875,-0.5,-0.0625,-0.4375,0.375
5,0,1,0,0.5639097744360902,-2.0,0.2925207640787106,4,3,2,1,0,6,5,4,3,2,1,1,0,1,1,0,0,1,1,1,0,0,0,0,0,1,1,0,0,0,0,0,1,0,0,0,0,0,0,0,-0.5503759398496241,1.286764705882353,-0.45652173913043476,-0.44285714285714284,0.22142857142857142,0.7801418439716312,-0.46099290780141844,0.7676056338028169,-0.543661971830986,-0.07092198581560284,-1.2857142857142858,-1.0625,-0.1875,-1.25,0.25,-0.625,-0.6875,-0.5,0.0,-0.4375
6,0,1,0,1.9398496240601504,-0.7142857142857143,2.1314037412552262,5,4,3,2,1,0,6,5,4,3,0,1,1,0,1,1,0,0,1,1,1,0,0,0,0,0,1,1,0,0,0,0,0,1,0,0,0,0,0,0,0.5639097744360902,-0.538235294117647,1.2608695652173914,-0.45,-0.44285714285714284,0.2198581560283688,0.7801418439716312,-0.45774647887323944,0.7676056338028169,-0.5404255319148936,-2.0,-1.125,-1.0625,-0.1875,-1.1875,0.1875,-0.625,-0.6875,-0.4375,0.0
0,1,0,0,-0.45864661654135336,-1.3571428571428572,-0.42059066593665223,6,5,4,3,2,1,0,6,5,4,0,0,1,1,0,1,1,0,0,1,1,1,0,0,0,0,0,1,1,0,0,0,0,0,1,0,0,0,0,0,1.9398496240601504,0.5514705882352942,-0.5376811594202898,1.2428571428571429,-0.45,-0.4397163120567376,0.2198581560283688,0.7746478873239436,-0.45774647887323944,0.7801418439716312,-0.7142857142857143,-1.75,-1.125,-1.0625,-0.125,-1.25,0.1875,-0.625,-0.625,-0.4375
1,1,0,0,-0.3233082706766917,-0.7142857142857143,-0.48941215748801764,0,6,5,4,3,2,1,0,6,5,1,0,0,1,1,0,1,1,0,0,0,1,1,0,0,0,0,0,1,1,0,0,0,0,0,1,0,0,0,0,-0.45864661654135336,1.8970588235294117,0.5362318840579711,-0.53,1.2428571428571429,-0.44680851063829785,-0.4397163120567376,0.21830985915492956,0.7746478873239436,-0.45390070921985815,-1.3571428571428572,-0.625,-1.75,-1.125,-1.0,-0.1875,-1.25,0.1875,-0.5625,-0.625
2,0,0,1,0.2781954887218045,-0.21428571428571427,-0.3285696915322678,1,0,6,5,4,3,2,1,0,6,1,1,0,0,1,1,0,1,1,0,0,0,1,1,0,0,0,0,0,1,0,0,0,0,0,0,1,0,0,0,-0.3233082706766917,-0.4485294117647059,1.8623188405797102,0.5285714285714286,-0.53,1.2340425531914894,-0.44680851063829785,-0.43661971830985913,0.21830985915492956,0.7872340425531915,-0.7142857142857143,-1.1875,-0.625,-1.75,-1.0625,-1.0625,-0.1875,-1.25,0.25,-0.5625
3,1,0,0,-0.9473684210526315,-1.5714285714285714,-0.750897691043149,2,1,0,6,5,4,3,2,1,0,0,1,1,0,0,1,1,0,1,1,0,0,0,1,1,0,0,0,0,0,1,0,0,0,0,0,0,1,0,0,0.2781954887218045,-0.3161764705882353,-0.4492753623188406,1.8357142857142856,0.5285714285714286,-0.526241134751773,1.2340425531914894,-0.44366197183098594,-0.43661971830985913,0.22695035460992907,-0.21428571428571427,-0.625,-1.1875,-0.625,-1.6875,-1.125,-1.0625,-0.1875,-1.1875,0.25
4,1,0,0,-0.6766917293233082,-1.5714285714285714,-0.5422875968305283,3,2,1,0,6,5,4,3,2,1,1,0,1,1,0,0,1,1,0,1,0,0,0,0,1,1,0,0,0,0,0,1,0,0,0,0,0,0,1,0,-0.9473684210526315,0.27205882352941174,-0.3188405797101449,-0.44285714285714284,1.8357142857142856,0.524822695035461,-0.526241134751773,1.2253521126760563,-0.44366197183098594,-0.4326241134751773,-1.5714285714285714,-0.1875,-0.625,-1.1875,-0.5625,-1.75,-1.125,-1.0625,-0.125,-1.1875
5,0,1,0,0.21052631578947367,-0.6428571428571429,0.19328208119143483,4,3,2,1,0,6,5,4,3,2,1,1,0,1,1,0,0,1,1,0,0,0,0,0,0,1,1,0,0,0,0,0,1,0,0,0,0,0,0,1,-0.6766917293233082,-0.9264705882352942,0.2608695652173913,-0.3142857142857143,-0.44285714285714284,1.822695035460993,0.524822695035461,-0.5225352112676056,1.2253521126760563,-0.4397163120567376,-1.5714285714285714,-1.375,-0.1875,-0.625,-1.125,-0.625,-1.75,-1.125,-1.0,-0.125
6,0,1,0,-0.2857142857142857,-0.9285714285714286,-0.04631172119677484,5,4,3,2,1,0,6,5,4,3,0,1,1,0,1,1,0,0,1,1,1,0,0,0,0,0,1,1,0,0,0,0,0,1,0,0,0,0,0,0,0.21052631578947367,-0.6617647058823529,-0.9202898550724637,0.2571428571428571,-0.3142857142857143,-0.4397163120567376,1.822695035460993,0.5211267605633803,-0.5225352112676056,1.2411347517730495,-0.6428571428571429,-1.375,-1.375,-0.1875,-0.5625,-1.1875,-0.625,-1.75,-1.0625,-1.0
0,0,0,1,-0.6015037593984962,-0.2857142857142857,-0.2621706662892941,6,5,4,3,2,1,0,6,5,4,0,0,1,1,0,1,1,0,0,1,1,1,0,0,0,0,0,1,1,0,0,0,0,0,1,0,0,0,0,0,-0.2857142857142857,0.20588235294117646,-0.6594202898550725,-0.9071428571428571,0.2571428571428571,-0.3120567375886525,-0.4397163120567376,1.8098591549295775,0.5211267605633803,-0.5191489361702127,-0.9285714285714286,-0.5625,-1.375,-1.375,-0.125,-0.625,-1.1875,-0.625,-1.6875,-1.0625
1,1,0,0,-0.5639097744360902,-0.7857142857142857,-0.3160536537702795,0,6,5,4,3,2,1,0,6,5,0,0,0,1,1,0,1,1,0,0,0,1,1,0,0,0,0,0,1,1,1,0,0,0,0,1,0,0,0,0,-0.6015037593984962,-0.27941176470588236,0.1956521739130435,-0.65,-0.9071428571428571,0.2553191489361702,-0.3120567375886525,-0.43661971830985913,1.8098591549295775,0.5319148936170213,-0.2857142857142857,-0.8125,-0.5625,-1.375,-1.3125,-0.1875,-0.625,-1.1875,-0.5625,-1.6875
2,1,0,0,-0.47368421052631576,-1.4285714285714286,-0.1916006207412486,1,0,6,5,4,3,2,1,0,6,1,0,0,0,1,1,0,1,1,0,0,0,1,1,0,0,0,0,0,1,0,1,0,0,0,0,1,0,0,0,-0.5639097744360902,-0.5882352941176471,-0.2826086956521739,0.19285714285714287,-0.65,-0.900709219858156,0.2553191489361702,-0.30985915492957744,-0.43661971830985913,1.8297872340425532,-0.7857142857142857,-0.25,-0.8125,-0.5625,-1.3125,-1.375,-0.1875,-0.625,-1.125,-0.5625
3,1,0,0,0.11278195488721804,-0.35714285714285715,0.4446799969865151,2,1,0,6,5,4,3,2,1,0,1,1,0,0,0,1,1,0,1,1,0,0,0,1,1,0,0,0,0,0,0,0,1,0,0,0,0,1,0,0,-0.47368421052631576,-0.5514705882352942,-0.5869565217391305,-0.2785714285714286,0.19285714285714287,-0.6453900709219859,-0.900709219858156,0.2535211267605634,-0.30985915492957744,-0.4326241134751773,-1.4285714285714286,-0.6875,-0.25,-0.8125,-0.5,-1.375,-1.375,-0.1875,-0.5625,-1.125
4,1,0,0,0.21804511278195488,-0.42857142857142855,0.6093417573517238,3,2,1,0,6,5,4,3,2,1,1,1,1,0,0,0,1,1,0,1,0,0,0,0,1,1,0,0,0,0,0,0,0,1,0,0,0,0,1,0,0.11278195488721804,-0.4632352941176471,-0.5507246376811594,-0.5785714285714286,-0.2785714285714286,0.19148936170212766,-0.6453900709219859,-0.8943661971830986,0.2535211267605634,-0.3049645390070922,-0.35714285714285715,-1.25,-0.6875,-0.25,-0.75,-0.5625,-1.375,-1.375,-0.125,-0.5625
5,0,1,0,1.0902255639097744,0.5,1.4272929219514283,4,3,2,1,0,6,5,4,3,2,1,1,1,1,0,0,0,1,1,0,0,0,0,0,0,1,1,0,0,0,0,0,0,0,1,0,0,0,0,1,0.21804511278195488,0.11029411764705882,-0.463768115942029,-0.5428571428571428,-0.5785714285714286,-0.2765957446808511,0.19148936170212766,-0.6408450704225352,-0.8943661971830986,0.2624113475177305,-0.42857142857142855,-0.3125,-1.25,-0.6875,-0.1875,-0.8125,-0.5625,-1.375,-1.3125,-0.125
6,0,1,0,-0.556390977443609,-0.42857142857142855,-0.21361554756692008,5,4,3,2,1,0,6,5,4,3,0,1,1,1,1,0,0,0,1,1,1,0,0,0,0,0,1,1,0,0,0,0,0,0,0,1,0,0,0,0,1.0902255639097744,0.21323529411764705,0.10144927536231885,-0.45714285714285713,-0.5428571428571428,-0.574468085106383,-0.2765957446808511,0.19014084507042253,-0.6408450704225352,-0.8936170212765957,0.5,-0.375,-0.3125,-1.25,-0.625,-0.25,-0.8125,-0.5625,-1.3125,-1.3125
0,1,0,0,0.23308270676691728,-1.0,0.35020930667635747,6,5,4,3,2,1,0,6,5,4,0,0,1,1,1,1,0,0,0,1,1,1,0,0,0,0,0,1,1,0,0,0,0,0,0,0,1,0,0,0,-0.556390977443609,1.0661764705882353,0.2028985507246377,0.1,-0.45714285714285713,-0.5390070921985816,-0.574468085106383,-0.2746478873239437,0.19014084507042253,-0.6382978723404256,-0.42857142857142855,0.4375,-0.375,-0.3125,-1.1875,-0.6875,-0.25,-0.8125,-0.5,-1.3125
1,1,0,0,-0.2932330827067669,-1.0714285714285714,-0.12397398968682885,0,6,5,4,3,2,1,0,6,5,1,0,0,1,1,1,1,0,0,0,0,1,1,0,0,0,0,0,1,1,0,0,0,0,0,0,0,1,0,0,0.23308270676691728,-0.5441176470588235,1.0434782608695652,0.2,0.1,-0.45390070921985815,-0.5390070921985816,-0.5704225352112676,-0.2746478873239437,0.19858156028368795,-1.0,-0.375,0.4375,-0.375,-0.25,-1.25,-0.6875,-0.25,-0.75,-0.5
2,1,0,0,0.7218045112781954,-1.0,0.7300977756771926,1,0,6,5,4,3,2,1,0,6,1,1,0,0,1,1,1,1,0,0,0,0,1,1,0,0,0,0,0,1,0,0,0,0,0,0,0,0,1,0,-0.2932330827067669,0.22794117647058823,-0.5434782608695652,1.0285714285714285,0.2,0.09929078014184398,-0.45390070921985815,-0.5352112676056338,-0.5704225352112676,-0.2695035460992908,-1.0714285714285714,-0.875,-0.375,0.4375,-0.3125,-0.3125,-1.25,-0.6875,-0.1875,-0.75
3,1,0,0,-0.045112781954887216,-0.21428571428571427,0.15109787253920678,2,1,0,6,5,4,3,2,1,0,1,1,1,0,0,1,1,1,1,0,0,0,0,1,1,0,0,0,0,0,0,0,0,0,0,0,0,0,0,1,0.7218045112781954,-0.2867647058823529,0.21739130434782608,-0.5357142857142857,1.0285714285714285,0.19858156028368795,0.09929078014184398,-0.4507042253521127,-0.5352112676056338,-0.5673758865248227,-1.0,-0.9375,-0.875,-0.375,0.5,-0.375,-0.3125,-1.25,-0.625,-0.1875
4,1,0,0,0.8195488721804511,-0.2857142857142857,0.9173041126054119,3,2,1,0,6,5,4,3,2,1,1,1,1,1,0,0,1,1,1,1,0,0,0,0,1,1,0,0,0,0,0,0,0,0,0,0,0,0,0,0,-0.045112781954887216,0.7058823529411765,-0.2898550724637681,0.21428571428571427,-0.5357142857142857,1.0212765957446808,0.19858156028368795,0.09859154929577464,-0.4507042253521127,-0.5319148936170213,-0.21428571428571427,-0.875,-0.9375,-0.875,-0.3125,0.4375,-0.375,-0.3125,-1.1875,-0.625
5,0,1,0,0.9473684210526315,0.42857142857142855,1.0196256638082069,4,3,2,1,0,6,5,4,3,2,1,1,1,1,1,0,0,1,1,1,0,0,0,0,0,1,1,0,0,0,0,0,0,0,0,0,0,0,0,0,0.8195488721804511,-0.04411764705882353,0.6884057971014492,-0.2857142857142857,0.21428571428571427,-0.5319148936170213,1.0212765957446808,0.19718309859154928,0.09859154929577464,-0.44680851063829785,-0.2857142857142857,-0.1875,-0.875,-0.9375,-0.8125,-0.375,0.4375,-0.375,-0.25,-1.1875
6,0,1,0,1.3233082706766917,0.14285714285714285,1.5321539524396062,5,4,3,2,1,0,6,5,4,3,0,1,1,1,1,1,0,0,1,1,1,0,0,0,0,0,1,1,0,0,0,0,0,0,0,0,0,0,0,0,0.9473684210526315,0.8014705882352942,-0.050724637681159424,0.6785714285714286,-0.2857142857142857,0.2127659574468085,-0.5319148936170213,1.0140845070422535,0.19718309859154928,0.10638297872340426,0.42857142857142855,-0.25,-0.1875,-0.875,-0.875,-0.875,-0.375,0.4375,-0.3125,-0.25
0,1,0,0,1.0075187969924813,-0.21428571428571427,1.2179498364680674,6,5,4,3,2,1,0,6,5,4,0,0,1,1,1,1,1,0,0,1,1,1,0,0,0,0,0,1,1,0,0,0,0,0,0,0,0,0,0,0,1.3233082706766917,0.9264705882352942,0.782608695652174,-0.05,0.6785714285714286,-0.28368794326241137,0.2127659574468085,-0.528169014084507,1.0140845070422535,0.20567375886524822,0.14285714285714285,0.375,-0.25,-0.1875,-0.8125,-0.9375,-0.875,-0.375,0.5,-0.3125
1,1,0,0,0.21804511278195488,-0.35714285714285715,0.602433411944987,0,6,5,4,3,2,1,0,6,5,1,0,0,1,1,1,1,1,0,0,0,1,1,0,0,0,0,0,1,1,0,0,0,0,0,0,0,0,0,0,1.0075187969924813,1.2941176470588236,0.9057971014492754,0.7714285714285715,-0.05,0.6737588652482269,-0.28368794326241137,0.2112676056338028,-0.528169014084507,1.0283687943262412,-0.21428571428571427,0.125,0.375,-0.25,-0.125,-0.875,-0.9375,-0.875,-0.3125,0.5
2,1,0,0,0.7819548872180451,0.2857142857142857,1.0730893738706588,1,0,6,5,4,3,2,1,0,6,1,1,0,0,1,1,1,1,1,0,0,0,1,1,0,0,0,0,0,1,0,0,0,0,0,0,0,0,0,0,0.21804511278195488,0.9852941176470589,1.2681159420289856,0.8928571428571429,0.7714285714285715,-0.04964539007092199,0.6737588652482269,-0.28169014084507044,0.2112676056338028,-0.524822695035461,-0.35714285714285715,-0.1875,0.125,0.375,-0.1875,-0.1875,-0.875,-0.9375,-0.8125,-0.3125
3,1,0,0,-0.08270676691729323,0.0,0.42112604037932355,2,1,0,6,5,4,3,2,1,0,1,1,1,0,0,1,1,1,1,1,0,0,0,1,1,0,0,0,0,0,0,0,0,0,0,0,0,0,0,0,0.7819548872180451,0.21323529411764705,0.9637681159420289,1.25,0.8928571428571429,0.7659574468085106,-0.04964539007092199,0.6690140845070423,-0.28169014084507044,0.2198581560283688,0.2857142857142857,-0.3125,-0.1875,0.125,0.4375,-0.25,-0.1875,-0.875,-0.875,-0.8125
4,1,0,0,0.9624060150375939,0.07142857142857142,1.2421254960743406,3,2,1,0,6,5,4,3,2,1,1,1,1,1,0,0,1,1,1,1,0,0,0,0,1,1,0,0,0,0,0,0,0,0,0,0,0,0,0,0,-0.08270676691729323,0.7647058823529411,0.2028985507246377,0.95,1.25,0.8865248226950354,0.7659574468085106,-0.04929577464788732,0.6690140845070423,-0.2765957446808511,0.0,0.25,-0.3125,-0.1875,0.1875,0.375,-0.25,-0.1875,-0.8125,-0.875
5,0,1,0,-0.6842105263157895,0.42857142857142855,-0.36032600593949626,4,3,2,1,0,6,5,4,3,2,1,1,1,1,1,0,0,1,1,1,0,0,0,0,0,1,1,0,0,0,0,0,0,0,0,0,0,0,0,0,0.9624060150375939,-0.08088235294117647,0.7463768115942029,0.2,0.95,1.2411347517730495,0.8865248226950354,0.7605633802816901,-0.04929577464788732,0.6808510638297872,0.07142857142857142,0.0,0.25,-0.3125,-0.125,0.125,0.375,-0.25,-0.125,-0.8125
6,0,1,0,-0.38345864661654133,-0.35714285714285715,0.03406566053825511,5,4,3,2,1,0,6,5,4,3,0,1,1,1,1,1,0,0,1,1,1,0,0,0,0,0,1,1,0,0,0,0,0,0,0,0,0,0,0,0,-0.6842105263157895,0.9411764705882353,-0.08695652173913043,0.7357142857142858,0.2,0.9432624113475178,1.2411347517730495,0.8802816901408451,0.7605633802816901,-0.0425531914893617,0.42857142857142855,0.0625,0.0,0.25,-0.25,-0.1875,0.125,0.375,-0.1875,-0.125
0,1,0,0,0.40601503759398494,0.35714285714285715,0.9121147817158407,6,5,4,3,2,1,0,6,5,4,0,0,1,1,1,1,1,0,0,1,1,1,0,0,0,0,0,1,1,0,0,0,0,0,0,0,0,0,0,0,-0.38345864661654133,-0.6691176470588235,0.9202898550724637,-0.08571428571428572,0.7357142857142858,0.19858156028368795,0.9432624113475178,1.232394366197183,0.8802816901408451,0.7730496453900709,-0.35714285714285715,0.375,0.0625,0.0,0.3125,-0.3125,-0.1875,0.125,0.4375,-0.1875
1,1,0,0,-0.03007518796992481,0.7142857142857143,0.2178891545915457,0,6,5,4,3,2,1,0,6,5,1,0,0,1,1,1,1,1,0,0,0,1,1,0,0,0,0,0,1,1,0,0,0,0,0,0,0,0,0,0,0.40601503759398494,-0.375,-0.6666666666666666,0.9071428571428571,-0.08571428571428572,0.7304964539007093,0.19858156028368795,0.9366197183098591,1.232394366197183,0.8936170212765957,0.35714285714285715,-0.3125,0.375,0.0625,0.0625,0.25,-0.3125,-0.1875,0.1875,0.4375
2,1,0,0,-0.14285714285714285,-0.21428571428571427,0.218167604258906,1,0,6,5,4,3,2,1,0,6,1,1,0,0,1,1,1,1,1,0,0,0,1,1,0,0,0,0,0,1,0,0,0,0,0,0,0,0,0,0,-0.03007518796992481,0.39705882352941174,-0.37681159420289856,-0.6571428571428571,0.9071428571428571,-0.0851063829787234,0.7304964539007093,0.19718309859154928,0.9366197183098591,1.24822695035461,0.7142857142857143,0.3125,-0.3125,0.375,0.125,0.0,0.25,-0.3125,-0.125,0.1875
3,1,0,0,-0.22556390977443608,-0.42857142857142855,-0.16185367790563715,2,1,0,6,5,4,3,2,1,0,1,1,1,0,0,1,1,1,1,1,0,0,0,1,1,0,0,0,0,0,0,0,0,0,0,0,0,0,0,0,-0.14285714285714285,-0.029411764705882353,0.38405797101449274,-0.37142857142857144,-0.6571428571428571,0.900709219858156,-0.0851063829787234,0.7253521126760564,0.19718309859154928,0.950354609929078,-0.21428571428571427,0.625,0.3125,-0.3125,0.4375,0.0625,0.0,0.25,-0.25,-0.125
4,1,0,0,-0.16541353383458646,-0.6428571428571429,-0.4036038622983959,3,2,1,0,6,5,4,3,2,1,1,1,1,1,0,0,1,1,1,1,0,0,0,0,1,1,0,0,0,0,0,0,0,0,0,0,0,0,0,0,-0.22556390977443608,-0.13970588235294118,-0.036231884057971016,0.37857142857142856,-0.37142857142857144,-0.6524822695035462,0.900709219858156,-0.08450704225352113,0.7253521126760564,0.20567375886524822,-0.42857142857142855,-0.1875,0.625,0.3125,-0.25,0.375,0.0625,0.0,0.3125,-0.25
5,0,1,0,1.0601503759398496,0.5714285714285714,0.9869224831390254,4,3,2,1,0,6,5,4,3,2,1,1,1,1,1,0,0,1,1,1,0,0,0,0,0,1,1,0,0,0,0,0,0,0,0,0,0,0,0,0,-0.16541353383458646,-0.22058823529411764,-0.14492753623188406,-0.03571428571428571,0.37857142857142856,-0.36879432624113473,-0.6524822695035462,0.8943661971830986,-0.08450704225352113,0.7375886524822695,-0.6428571428571429,-0.375,-0.1875,0.625,0.375,-0.3125,0.375,0.0625,0.0625,0.3125
6,0,1,0,1.3984962406015038,0.7142857142857143,1.719711099310585,5,4,3,2,1,0,6,5,4,3,0,1,1,1,1,1,0,0,1,1,1,0,0,0,0,0,1,1,0,0,0,0,0,0,0,0,0,0,0,0,1.0601503759398496,-0.16176470588235295,-0.2246376811594203,-0.14285714285714285,-0.03571428571428571,0.375886524822695,-0.36879432624113473,-0.647887323943662,0.8943661971830986,-0.07801418439716312,0.5714285714285714,-0.5625,-0.375,-0.1875,0.6875,0.3125,-0.3125,0.375,0.125,0.0625
0,1,0,0,3.827067669172932,-0.7857142857142857,2.9831599778064626,6,5,4,3,2,1,0,6,5,4,0,0,1,1,1,1,1,0,0,1,1,1,0,0,0,0,0,1,1,0,0,0,0,0,0,0,0,0,0,0,1.3984962406015038,1.036764705882353,-0.16666666666666666,-0.22142857142857142,-0.14285714285714285,-0.03546099290780142,0.375886524822695,-0.36619718309859156,-0.647887323943662,0.9078014184397163,0.7142857142857143,0.5,-0.5625,-0.375,-0.125,0.625,0.3125,-0.3125,0.4375,0.125
1,1,0,0,0.8270676691729323,0.0,0.7763833922176524,0,6,5,4,3,2,1,0,6,5,1,0,0,1,1,1,1,1,0,0,0,1,1,0,0,0,0,0,1,1,0,0,0,0,0,0,0,0,0,0,3.827067669172932,1.3676470588235294,1.0144927536231885,-0.16428571428571428,-0.22142857142857142,-0.14184397163120568,-0.03546099290780142,0.3732394366197183,-0.36619718309859156,-0.6453900709219859,-0.7857142857142857,0.625,0.5,-0.5625,-0.3125,-0.1875,0.625,0.3125,-0.25,0.4375
2,1,0,0,0.18796992481203006,-0.2857142857142857,0.0517268344646496,1,0,6,5,4,3,2,1,0,6,1,1,0,0,1,1,1,1,1,0,0,0,1,1,0,0,0,0,0,1,0,0,0,0,0,0,0,0,0,0,0.8270676691729323,3.7426470588235294,1.3405797101449275,1.0,-0.16428571428571428,-0.2198581560283688,-0.14184397163120568,-0.035211267605633804,0.3732394366197183,-0.3617021276595745,0.0,-0.6875,0.625,0.5,-0.5,-0.375,-0.1875,0.625,0.375,-0.25
3,1,0,0,1.9248120300751879,0.5714285714285714,1.6125608736541504,2,1,0,6,5,4,3,2,1,0,1,1,1,0,0,1,1,1,1,1,0,0,0,1,1,0,0,0,0,0,0,0,0,0,0,0,0,0,0,0,0.18796992481203006,0.8088235294117647,3.681159420289855,1.3214285714285714,1.0,-0.16312056737588654,-0.2198581560283688,-0.14084507042253522,-0.035211267605633804,0.3829787234042553,-0.2857142857142857,0.0,-0.6875,0.625,0.5625,-0.5625,-0.375,-0.1875,0.6875,0.375
4,1,0,0,1.4661654135338347,-0.14285714285714285,1.4198533238898594,3,2,1,0,6,5,4,3,2,1,1,1,1,1,0,0,1,1,1,1,0,0,0,0,1,1,0,0,0,0,0,0,0,0,0,0,0,0,0,0,1.9248120300751879,0.18382352941176472,0.7898550724637681,3.6285714285714286,1.3214285714285714,0.9929078014184397,-0.16312056737588654,-0.21830985915492956,-0.14084507042253522,-0.028368794326241134,0.5714285714285714,-0.25,0.0,-0.6875,0.6875,0.5,-0.5625,-0.375,-0.125,0.6875
5,0,1,0,0.5037593984962406,-0.2857142857142857,0.41987851259332126,4,3,2,1,0,6,5,4,3,2,1,1,1,1,1,0,0,1,1,1,0,0,0,0,0,1,1,0,0,0,0,0,0,0,0,0,0,0,0,0,1.4661654135338347,1.8823529411764706,0.17391304347826086,0.7785714285714286,3.6285714285714286,1.3120567375886525,0.9929078014184397,-0.1619718309859155,-0.21830985915492956,-0.1347517730496454,-0.14285714285714285,0.5,-0.25,0.0,-0.625,0.625,0.5,-0.5625,-0.3125,-0.125
6,0,1,0,0.06015037593984962,0.2857142857142857,0.2609409995839284,5,4,3,2,1,0,6,5,4,3,0,1,1,1,1,1,0,0,1,1,1,0,0,0,0,0,1,1,0,0,0,0,0,0,0,0,0,0,0,0,0.5037593984962406,1.4338235294117647,1.8478260869565217,0.17142857142857143,0.7785714285714286,3.602836879432624,1.3120567375886525,0.9859154929577465,-0.1619718309859155,-0.2127659574468085,-0.2857142857142857,-0.125,0.5,-0.25,0.0625,-0.6875,0.625,0.5,-0.5,-0.3125
0,1,0,0,0.19548872180451127,-0.42857142857142855,0.148875312941017,6,5,4,3,2,1,0,6,5,4,0,0,1,1,1,1,1,0,0,1,1,1,0,0,0,0,0,1,1,0,0,0,0,0,0,0,0,0,0,0,0.06015037593984962,0.49264705882352944,1.4057971014492754,1.8214285714285714,0.17142857142857143,0.7730496453900709,3.602836879432624,1.3028169014084507,0.9859154929577465,-0.15602836879432624,0.2857142857142857,-0.25,-0.125,0.5,-0.1875,0.0,-0.6875,0.625,0.5625,-0.5
1,1,0,0,-0.45864661654135336,-0.7142857142857143,-0.294754086122925,0,6,5,4,3,2,1,0,6,5,1,0,0,1,1,1,1,1,0,0,0,1,1,0,0,0,0,0,1,1,0,0,0,0,0,0,0,0,0,0,0.19548872180451127,0.058823529411764705,0.4782608695652174,1.3857142857142857,1.8214285714285714,0.1702127659574468,0.7730496453900709,3.5774647887323945,1.3028169014084507,1.0,-0.42857142857142855,0.25,-0.25,-0.125,0.5625,-0.25,0.0,-0.6875,0.6875,0.5625
2,1,0,0,-0.19548872180451127,-0.07142857142857142,0.05565604321648752,1,0,6,5,4,3,2,1,0,6,1,1,0,0,1,1,1,1,1,0,0,0,1,1,0,0,0,0,0,1,0,0,0,0,0,0,0,0,0,0,-0.45864661654135336,0.19117647058823528,0.050724637681159424,0.4714285714285714,1.3857142857142857,1.8085106382978724,0.1702127659574468,0.7676056338028169,3.5774647887323945,1.3191489361702127,-0.7142857142857143,-0.375,0.25,-0.25,-0.0625,0.5,-0.25,0.0,-0.625,0.6875
3,1,0,0,-0.2556390977443609,-0.7857142857142857,-0.3637505246692437,2,1,0,6,5,4,3,2,1,0,1,1,1,0,0,1,1,1,1,1,0,0,0,1,1,0,0,0,0,0,0,0,0,0,0,0,0,0,0,0,-0.19548872180451127,-0.4485294117647059,0.18115942028985507,0.05,0.4714285714285714,1.375886524822695,1.8085106382978724,0.16901408450704225,0.7676056338028169,3.6099290780141846,-0.07142857142857142,-0.625,-0.375,0.25,-0.1875,-0.125,0.5,-0.25,0.0625,-0.625
4,1,0,0,-0.2631578947368421,-0.42857142857142855,0.00048797388252034505,3,2,1,0,6,5,4,3,2,1,1,1,1,1,0,0,1,1,1,1,0,0,0,0,1,1,0,0,0,0,0,0,0,0,0,0,0,0,0,0,-0.2556390977443609,-0.19117647058823528,-0.4492753623188406,0.17857142857142858,0.05,0.46808510638297873,1.375886524822695,1.795774647887324,0.16901408450704225,0.7801418439716312,-0.7857142857142857,-0.0625,-0.625,-0.375,0.3125,-0.25,-0.125,0.5,-0.1875,0.0625
5,0,1,0,-0.39097744360902253,0.21428571428571427,-0.2831743811650783,4,3,2,1,0,6,5,4,3,2,1,1,1,1,1,0,0,1,1,1,0,0,0,0,0,1,1,0,0,0,0,0,0,0,0,0,0,0,0,0,-0.2631578947368421,-0.25,-0.1956521739130435,-0.44285714285714284,0.17857142857142858,0.04964539007092199,0.46808510638297873,1.3661971830985915,1.795774647887324,0.1773049645390071,-0.42857142857142855,-0.6875,-0.0625,-0.625,-0.3125,0.25,-0.25,-0.125,0.5625,-0.1875
6,0,1,0,-0.6842105263157895,0.2857142857142857,-0.4858894028147689,5,4,3,2,1,0,6,5,4,3,0,1,1,1,1,1,0,0,1,1,1,0,0,0,0,0,1,1,0,0,0,0,0,0,0,0,0,0,0,0,-0.39097744360902253,-0.25735294117647056,-0.2536231884057971,-0.19285714285714287,-0.44285714285714284,0.1773049645390071,0.04964539007092199,0.4647887323943662,1.3661971830985915,1.8156028368794326,0.21428571428571427,-0.375,-0.6875,-0.0625,-0.5625,-0.375,0.25,-0.25,-0.0625,0.5625
0,1,0,0,-0.3609022556390977,-0.35714285714285715,-0.24778631369507517,6,5,4,3,2,1,0,6,5,4,0,0,1,1,1,1,1,0,0,1,1,1,0,0,0,0,0,1,1,0,0,0,0,0,0,0,0,0,0,0,-0.6842105263157895,-0.38235294117647056,-0.2608695652173913,-0.25,-0.19285714285714287,-0.4397163120567376,0.1773049645390071,0.04929577464788732,0.4647887323943662,1.3829787234042554,0.2857142857142857,0.1875,-0.375,-0.6875,0.0,-0.625,-0.375,0.25,-0.1875,-0.0625
1,1,0,0,-0.6165413533834586,-0.21428571428571427,-0.4623191880444338,0,6,5,4,3,2,1,0,6,5,1,0,0,1,1,1,1,1,0,0,0,1,1,0,0,0,0,0,1,1,0,0,0,0,0,0,0,0,0,0,-0.3609022556390977,-0.6691176470588235,-0.38405797101449274,-0.2571428571428571,-0.25,-0.19148936170212766,-0.4397163120567376,0.176056338028169,0.04929577464788732,0.475177304964539,-0.35714285714285715,0.25,0.1875,-0.375,-0.625,-0.0625,-0.625,-0.375,0.3125,-0.1875
2,1,0,0,-0.39097744360902253,-0.07142857142857142,-0.18355351694982205,1,0,6,5,4,3,2,1,0,6,1,1,0,0,1,1,1,1,1,0,0,0,1,1,0,0,0,0,0,1,0,0,0,0,0,0,0,0,0,0,-0.6165413533834586,-0.35294117647058826,-0.6666666666666666,-0.37857142857142856,-0.2571428571428571,-0.24822695035460993,-0.19148936170212766,-0.43661971830985913,0.176056338028169,0.05673758865248227,-0.21428571428571427,-0.3125,0.25,0.1875,-0.3125,-0.6875,-0.0625,-0.625,-0.3125,0.3125
3,1,0,0,0.24060150375939848,0.6428571428571429,0.5974348282370862,2,1,0,6,5,4,3,2,1,0,1,1,1,0,0,1,1,1,1,1,0,0,0,1,1,0,0,0,0,0,0,0,0,0,0,0,0,0,0,0,-0.39097744360902253,-0.6029411764705882,-0.35507246376811596,-0.6571428571428571,-0.37857142857142856,-0.2553191489361702,-0.24822695035460993,-0.19014084507042253,-0.43661971830985913,0.18439716312056736,-0.07142857142857142,-0.1875,-0.3125,0.25,0.25,-0.375,-0.6875,-0.0625,-0.5625,-0.3125
4,1,0,0,0.2556390977443609,-0.14285714285714285,0.32796607860203614,3,2,1,0,6,5,4,3,2,1,1,1,1,1,0,0,1,1,1,1,0,0,0,0,1,1,0,0,0,0,0,0,0,0,0,0,0,0,0,0,0.24060150375939848,-0.38235294117647056,-0.6014492753623188,-0.35,-0.6571428571428571,-0.375886524822695,-0.2553191489361702,-0.24647887323943662,-0.19014084507042253,-0.4326241134751773,0.6428571428571429,-0.0625,-0.1875,-0.3125,0.3125,0.1875,-0.375,-0.6875,0.0,-0.5625
5,0,1,0,-0.08270676691729323,-0.21428571428571427,0.0,4,3,2,1,0,6,5,4,3,2,1,1,1,1,1,0,0,1,1,1,0,0,0,0,0,1,1,0,0,0,0,0,0,0,0,0,0,0,0,0,0.2556390977443609,0.23529411764705882,-0.38405797101449274,-0.5928571428571429,-0.35,-0.6524822695035462,-0.375886524822695,-0.2535211267605634,-0.24647887323943662,-0.18439716312056736,-0.14285714285714285,0.5625,-0.0625,-0.1875,-0.25,0.25,0.1875,-0.375,-0.625,0.0
6,0,1,0,2.3834586466165413,1.5,2.793692840248434,5,4,3,2,1,0,6,5,4,3,0,1,1,1,1,1,0,0,1,1,1,0,0,0,0,0,1,1,0,0,0,0,0,0,0,0,0,0,0,0,-0.08270676691729323,0.25,0.2246376811594203,-0.37857142857142856,-0.5928571428571429,-0.3475177304964539,-0.6524822695035462,-0.3732394366197183,-0.2535211267605634,-0.24113475177304963,-0.21428571428571427,-0.125,0.5625,-0.0625,-0.125,-0.3125,0.25,0.1875,-0.3125,-0.625
0,1,0,0,-0.11278195488721804,0.14285714285714285,-0.1657199148988204,6,5,4,3,2,1,0,6,5,4,0,0,1,1,1,1,1,0,0,1,1,1,0,0,0,0,0,1,1,0,0,0,0,0,0,0,0,0,0,0,2.3834586466165413,-0.08088235294117647,0.2391304347826087,0.22142857142857142,-0.37857142857142856,-0.5886524822695035,-0.3475177304964539,-0.647887323943662,-0.3732394366197183,-0.24822695035460993,1.5,-0.1875,-0.125,0.5625,0.0,-0.1875,-0.3125,0.25,0.25,-0.3125
1,1,0,0,-0.5789473684210527,-0.21428571428571427,-0.37273304531195867,0,6,5,4,3,2,1,0,6,5,1,0,0,1,1,1,1,1,0,0,0,1,1,0,0,0,0,0,1,1,0,0,0,0,0,0,0,0,0,0,-0.11278195488721804,2.3308823529411766,-0.08695652173913043,0.2357142857142857,0.22142857142857142,-0.375886524822695,-0.5886524822695035,-0.34507042253521125,-0.647887323943662,-0.36879432624113473,0.14285714285714285,1.3125,-0.1875,-0.125,0.625,-0.0625,-0.1875,-0.3125,0.3125,0.25
2,1,0,0,-0.2556390977443609,-0.14285714285714285,-0.1719612176402444,1,0,6,5,4,3,2,1,0,6,1,1,0,0,1,1,1,1,1,0,0,0,1,1,0,0,0,0,0,1,0,0,0,0,0,0,0,0,0,0,-0.5789473684210527,-0.11029411764705882,2.289855072463768,-0.08571428571428572,0.2357142857142857,0.2198581560283688,-0.375886524822695,-0.5845070422535211,-0.34507042253521125,-0.6453900709219859,-0.21428571428571427,0.125,1.3125,-0.1875,-0.0625,0.5625,-0.0625,-0.1875,-0.25,0.3125
3,1,0,0,0.9398496240601504,1.5,0.9006108718565929,2,1,0,6,5,4,3,2,1,0,1,1,1,0,0,1,1,1,1,1,0,0,0,1,1,0,0,0,0,0,0,0,0,0,0,0,0,0,0,0,-0.2556390977443609,-0.5661764705882353,-0.11594202898550725,2.257142857142857,-0.08571428571428572,0.23404255319148937,0.2198581560283688,-0.3732394366197183,-0.5845070422535211,-0.3404255319148936,-0.14285714285714285,-0.1875,0.125,1.3125,-0.125,-0.125,0.5625,-0.0625,-0.125,-0.25
4,1,0,0,0.11278195488721804,0.42857142857142855,0.16287450736048265,3,2,1,0,6,5,4,3,2,1,1,1,1,1,0,0,1,1,1,1,0,0,0,0,1,1,0,0,0,0,0,0,0,0,0,0,0,0,0,0,0.9398496240601504,-0.25,-0.5652173913043478,-0.11428571428571428,2.257142857142857,-0.0851063829787234,0.23404255319148937,0.21830985915492956,-0.3732394366197183,-0.5815602836879432,1.5,-0.125,-0.1875,0.125,1.375,-0.1875,-0.125,0.5625,0.0,-0.125
5,0,1,0,0.7593984962406015,1.0,0.6146865712381187,4,3,2,1,0,6,5,4,3,2,1,1,1,1,1,0,0,1,1,1,0,0,0,0,0,1,1,0,0,0,0,0,0,0,0,0,0,0,0,0,0.11278195488721804,0.9191176470588235,-0.2536231884057971,-0.5571428571428572,-0.11428571428571428,2.2411347517730498,-0.0851063829787234,0.2323943661971831,0.21830985915492956,-0.36879432624113473,0.42857142857142855,1.3125,-0.125,-0.1875,0.1875,1.3125,-0.1875,-0.125,0.625,0.0
6,0,1,0,-0.015037593984962405,0.5714285714285714,0.27123104292452754,5,4,3,2,1,0,6,5,4,3,0,1,1,1,1,1,0,0,1,1,1,0,0,0,0,0,1,1,0,0,0,0,0,0,0,0,0,0,0,0,0.7593984962406015,0.11029411764705882,0.8985507246376812,-0.25,-0.5571428571428572,-0.11347517730496454,2.2411347517730498,-0.08450704225352113,0.2323943661971831,0.22695035460992907,1.0,0.375,1.3125,-0.125,-0.125,0.125,1.3125,-0.1875,-0.0625,0.625
0,1,0,0,1.0902255639097744,0.8571428571428571,0.8932331006126122,6,5,4,3,2,1,0,6,5,4,0,0,1,1,1,1,1,0,0,1,1,1,0,0,0,0,0,1,1,0,0,0,0,0,0,0,0,0,0,0,-0.015037593984962405,0.7426470588235294,0.10144927536231885,0.8857142857142857,-0.25,-0.5531914893617021,-0.11347517730496454,2.2253521126760565,-0.08450704225352113,0.24113475177304963,0.5714285714285714,0.875,0.375,1.3125,-0.0625,-0.1875,0.125,1.3125,-0.125,-0.0625
1,1,0,0,0.03007518796992481,-0.21428571428571427,-0.14846771392136132,0,6,5,4,3,2,1,0,6,5,1,0,0,1,1,1,1,1,0,0,0,1,1,0,0,0,0,0,1,1,0,0,0,0,0,0,0,0,0,0,1.0902255639097744,-0.014705882352941176,0.7246376811594203,0.1,0.8857142857142857,-0.24822695035460993,-0.5531914893617021,-0.11267605633802817,2.2253521126760565,-0.07801418439716312,0.8571428571428571,0.5,0.875,0.375,1.375,-0.125,-0.1875,0.125,1.375,-0.125
2,1,0,0,0.5413533834586466,0.0,0.5331086043008109,1,0,6,5,4,3,2,1,0,6,1,1,0,0,1,1,1,1,1,0,0,0,1,1,0,0,0,0,0,1,0,0,0,0,0,0,0,0,0,0,0.03007518796992481,1.0661764705882353,-0.021739130434782608,0.7142857142857143,0.1,0.8794326241134752,-0.24822695035460993,-0.5492957746478874,-0.11267605633802817,2.24822695035461,-0.21428571428571427,0.75,0.5,0.875,0.4375,1.3125,-0.125,-0.1875,0.1875,1.375
3,1,0,0,0.09022556390977443,0.2857142857142857,0.26164032958731515,2,1,0,6,5,4,3,2,1,0,1,1,1,0,0,1,1,1,1,1,0,0,0,1,1,0,0,0,0,0,0,0,0,0,0,0,0,0,0,0,0.5413533834586466,0.029411764705882353,1.0434782608695652,-0.02142857142857143,0.7142857142857143,0.09929078014184398,0.8794326241134752,-0.24647887323943662,-0.5492957746478874,-0.10638297872340426,0.0,-0.1875,0.75,0.5,0.9375,0.375,1.3125,-0.125,-0.125,0.1875
4,1,0,0,-0.39849624060150374,-0.6428571428571429,-0.284522663764928,3,2,1,0,6,5,4,3,2,1,1,1,1,1,0,0,1,1,1,1,0,0,0,0,1,1,0,0,0,0,0,0,0,0,0,0,0,0,0,0,0.09022556390977443,0.5294117647058824,0.021739130434782608,1.0285714285714285,-0.02142857142857143,0.7092198581560284,0.09929078014184398,0.8732394366197183,-0.24647887323943662,-0.5460992907801419,0.2857142857142857,0.0,-0.1875,0.75,0.5625,0.875,0.375,1.3125,-0.0625,-0.125
5,0,1,0,0.49624060150375937,0.8571428571428571,0.8262696194238794,4,3,2,1,0,6,5,4,3,2,1,1,1,1,1,0,0,1,1,1,0,0,0,0,0,1,1,0,0,0,0,0,0,0,0,0,0,0,0,0,-0.39849624060150374,0.08823529411764706,0.5144927536231884,0.02142857142857143,1.0285714285714285,-0.02127659574468085,0.7092198581560284,0.09859154929577464,0.8732394366197183,-0.24113475177304963,-0.6428571428571429,0.25,0.0,-0.1875,0.8125,0.5,0.875,0.375,1.375,-0.0625
6,0,1,0,-0.3684210526315789,0.07142857142857142,-0.14786020819150375,5,4,3,2,1,0,6,5,4,3,0,1,1,1,1,1,0,0,1,1,1,0,0,0,0,0,1,1,0,0,0,0,0,0,0,0,0,0,0,0,0.49624060150375937,-0.3897058823529412,0.07971014492753623,0.5071428571428571,0.02142857142857143,1.0212765957446808,-0.02127659574468085,0.704225352112676,0.09859154929577464,0.8865248226950354,0.8571428571428571,-0.5625,0.25,0.0,-0.125,0.75,0.5,0.875,0.4375,1.375
0,1,0,0,-0.17293233082706766,0.7142857142857143,0.12848528647684918,6,5,4,3,2,1,0,6,5,4,0,0,1,1,1,1,1,0,0,1,1,1,0,0,0,0,0,1,1,0,0,0,0,0,0,0,0,0,0,0,-0.3684210526315789,0.4852941176470588,-0.391304347826087,0.07857142857142857,0.5071428571428571,0.02127659574468085,1.0212765957446808,-0.02112676056338028,0.704225352112676,0.10638297872340426,0.07142857142857142,0.75,-0.5625,0.25,0.0625,-0.1875,0.75,0.5,0.9375,0.4375
1,1,0,0,-0.48872180451127817,-1.0,-0.49506976927376617,0,6,5,4,3,2,1,0,6,5,1,0,0,1,1,1,1,1,0,0,0,1,1,0,0,0,0,0,1,1,0,0,0,0,0,0,0,0,0,0,-0.17293233082706766,-0.3602941176470588,0.47101449275362317,-0.38571428571428573,0.07857142857142857,0.5035460992907801,0.02127659574468085,1.0140845070422535,-0.02112676056338028,0.7163120567375887,0.7142857142857143,0.0625,0.75,-0.5625,0.3125,0.0,-0.1875,0.75,0.5625,0.9375
2,1,0,0,-0.45112781954887216,-0.21428571428571427,-0.2852586318824411,1,0,6,5,4,3,2,1,0,6,1,1,0,0,1,1,1,1,1,0,0,0,1,1,0,0,0,0,0,1,0,0,0,0,0,0,0,0,0,0,-0.48872180451127817,-0.16911764705882354,-0.36231884057971014,0.4642857142857143,-0.38571428571428573,0.07801418439716312,0.5035460992907801,0.02112676056338028,1.0140845070422535,-0.014184397163120567,-1.0,0.625,0.0625,0.75,-0.5,0.25,0.0,-0.1875,0.8125,0.5625
3,1,0,0,-0.6541353383458647,-0.7857142857142857,-0.5694055259893608,2,1,0,6,5,4,3,2,1,0,1,1,1,0,0,1,1,1,1,1,0,0,0,1,1,0,0,0,0,0,0,0,0,0,0,0,0,0,0,0,-0.45112781954887216,-0.47794117647058826,-0.17391304347826086,-0.35714285714285715,0.4642857142857143,-0.3829787234042553,0.07801418439716312,0.5,0.02112676056338028,1.0283687943262412,-0.21428571428571427,-0.875,0.625,0.0625,0.8125,-0.5625,0.25,0.0,-0.125,0.8125
4,1,0,0,-0.21804511278195488,0.42857142857142855,-0.07771516476732393,3,2,1,0,6,5,4,3,2,1,1,1,1,1,0,0,1,1,1,1,0,0,0,0,1,1,0,0,0,0,0,0,0,0,0,0,0,0,0,0,-0.6541353383458647,-0.4411764705882353,-0.4782608695652174,-0.17142857142857143,-0.35714285714285715,0.46099290780141844,-0.3829787234042553,0.07746478873239436,0.5,0.028368794326241134,-0.7857142857142857,-0.1875,-0.875,0.625,0.125,0.75,-0.5625,0.25,0.0625,-0.125
5,0,1,0,0.7518796992481203,1.4285714285714286,0.8882063513544768,4,3,2,1,0,6,5,4,3,2,1,1,1,1,1,0,0,1,1,1,0,0,0,0,0,1,1,0,0,0,0,0,0,0,0,0,0,0,0,0,-0.21804511278195488,-0.6397058823529411,-0.4420289855072464,-0.4714285714285714,-0.17142857142857143,-0.3546099290780142,0.46099290780141844,-0.38028169014084506,0.07746478873239436,0.5106382978723404,0.42857142857142855,-0.6875,-0.1875,-0.875,0.6875,0.0625,0.75,-0.5625,0.3125,0.0625
6,0,1,0,0.48872180451127817,0.7857142857142857,0.6375579139814936,5,4,3,2,1,0,6,5,4,3,0,1,1,1,1,1,0,0,1,1,1,0,0,0,0,0,1,1,0,0,0,0,0,0,0,0,0,0,0,0,0.7518796992481203,-0.21323529411764705,-0.6376811594202898,-0.4357142857142857,-0.4714285714285714,-0.1702127659574468,-0.3546099290780142,0.45774647887323944,-0.38028169014084506,0.0851063829787234,1.4285714285714286,0.375,-0.6875,-0.1875,-0.8125,0.625,0.0625,0.75,-0.5,0.3125
0,1,0,0,0.0,-0.2857142857142857,0.10152032144449429,6,5,4,3,2,1,0,6,5,4,0,0,1,1,1,1,1,0,0,1,1,1,0,0,0,0,0,1,1,0,0,0,0,0,0,0,0,0,0,0,0.48872180451127817,0.7352941176470589,-0.21739130434782608,-0.6285714285714286,-0.4357142857142857,-0.46808510638297873,-0.1702127659574468,-0.352112676056338,0.45774647887323944,-0.375886524822695,0.7857142857142857,1.25,0.375,-0.6875,-0.125,-0.875,0.625,0.0625,0.8125,-0.5
1,1,0,0,1.6240601503759398,0.7142857142857143,1.8816023312832018,0,6,5,4,3,2,1,0,6,5,1,0,0,1,1,1,1,1,0,0,0,1,1,0,0,0,0,0,1,1,0,0,0,0,0,0,0,0,0,0,0.0,0.47794117647058826,0.717391304347826,-0.21428571428571427,-0.6285714285714286,-0.4326241134751773,-0.46808510638297873,-0.16901408450704225,-0.352112676056338,0.46808510638297873,-0.2857142857142857,0.6875,1.25,0.375,-0.625,-0.1875,-0.875,0.625,0.125,0.8125
2,1,0,0,0.06766917293233082,0.14285714285714285,0.10778406503082066,1,0,6,5,4,3,2,1,0,6,1,1,0,0,1,1,1,1,1,0,0,0,1,1,0,0,0,0,0,1,0,0,0,0,0,0,0,0,0,0,1.6240601503759398,0.0,0.463768115942029,0.7071428571428572,-0.21428571428571427,-0.624113475177305,-0.4326241134751773,-0.4647887323943662,-0.16901408450704225,-0.3475177304964539,0.7142857142857143,-0.25,0.6875,1.25,0.4375,-0.6875,-0.1875,-0.875,0.6875,0.125
3,1,0,0,-0.5112781954887218,0.42857142857142855,-0.3103786388803209,2,1,0,6,5,4,3,2,1,0,1,1,1,0,0,1,1,1,1,1,0,0,0,1,1,0,0,0,0,0,0,0,0,0,0,0,0,0,0,0,0.06766917293233082,1.588235294117647,-0.007246376811594203,0.45714285714285713,0.7071428571428572,-0.2127659574468085,-0.624113475177305,-0.4295774647887324,-0.4647887323943662,-0.16312056737588654,0.14285714285714285,0.625,-0.25,0.6875,1.3125,0.375,-0.6875,-0.1875,-0.8125,0.6875
4,1,0,0,-0.007518796992481203,1.3571428571428572,0.38860971409218653,3,2,1,0,6,5,4,3,2,1,1,1,1,1,0,0,1,1,1,1,0,0,0,0,1,1,0,0,0,0,0,0,0,0,0,0,0,0,0,0,-0.5112781954887218,0.0661764705882353,1.5579710144927537,-0.007142857142857143,0.45714285714285713,0.7021276595744681,-0.2127659574468085,-0.6197183098591549,-0.4295774647887324,-0.46099290780141844,0.42857142857142855,0.125,0.625,-0.25,0.75,1.25,0.375,-0.6875,-0.125,-0.8125
5,0,1,0,0.0,0.07142857142857142,0.14717988420982006,4,3,2,1,0,6,5,4,3,2,1,1,1,1,1,0,0,1,1,1,0,0,0,0,0,1,1,0,0,0,0,0,0,0,0,0,0,0,0,0,-0.007518796992481203,-0.5,0.057971014492753624,1.5357142857142858,-0.007142857142857143,0.45390070921985815,0.7021276595744681,-0.2112676056338028,-0.6197183098591549,-0.425531914893617,1.3571428571428572,0.375,0.125,0.625,-0.1875,0.6875,1.25,0.375,-0.625,-0.125
6,0,1,0,0.37593984962406013,0.5714285714285714,0.5893389499562289,5,4,3,2,1,0,6,5,4,3,0,1,1,1,1,1,0,0,1,1,1,0,0,0,0,0,1,1,0,0,0,0,0,0,0,0,0,0,0,0,0.0,-0.007352941176470588,-0.5,0.05714285714285714,1.5357142857142858,-0.0070921985815602835,0.45390070921985815,0.6971830985915493,-0.2112676056338028,-0.6170212765957447,0.07142857142857142,1.1875,0.375,0.125,0.6875,-0.25,0.6875,1.25,0.4375,-0.625
0,0,0,1,1.2932330827067668,1.3571428571428572,2.129428030950963,6,5,4,3,2,1,0,6,5,4,0,0,1,1,1,1,1,0,0,1,1,1,0,0,0,0,0,1,1,0,0,0,0,0,0,0,0,0,0,0,0.37593984962406013,0.0,-0.014492753623188406,-0.4928571428571429,0.05714285714285714,1.524822695035461,-0.0070921985815602835,0.4507042253521127,0.6971830985915493,-0.20567375886524822,0.5714285714285714,0.0625,1.1875,0.375,0.1875,0.625,-0.25,0.6875,1.3125,0.4375
1,1,0,0,0.2781954887218045,0.6428571428571429,0.5991852141394726,0,6,5,4,3,2,1,0,6,5,0,0,0,1,1,1,1,1,0,0,0,1,1,0,0,0,0,0,1,1,1,0,0,0,0,0,0,0,0,0,1.2932330827067668,0.36764705882352944,-0.007246376811594203,-0.014285714285714285,-0.4928571428571429,0.05673758865248227,1.524822695035461,-0.007042253521126761,0.4507042253521127,0.7092198581560284,1.3571428571428572,0.5,0.0625,1.1875,0.4375,0.125,0.625,-0.25,0.75,1.3125
2,1,0,0,0.7443609022556391,1.1428571428571428,0.878465192761133,1,0,6,5,4,3,2,1,0,6,1,0,0,0,1,1,1,1,1,0,0,0,1,1,0,0,0,0,0,1,0,1,0,0,0,0,0,0,0,0,0.2781954887218045,1.2647058823529411,0.35507246376811596,-0.007142857142857143,-0.014285714285714285,-0.48936170212765956,0.05673758865248227,1.5140845070422535,-0.007042253521126761,0.46099290780141844,0.6428571428571429,1.1875,0.5,0.0625,1.25,0.375,0.125,0.625,-0.1875,0.75
3,1,0,0,-0.24060150375939848,0.5,0.11097547375943918,2,1,0,6,5,4,3,2,1,0,1,1,0,0,0,1,1,1,1,1,0,0,0,1,1,0,0,0,0,0,0,0,1,0,0,0,0,0,0,0,0.7443609022556391,0.27205882352941174,1.2391304347826086,0.35,-0.007142857142857143,-0.014184397163120567,-0.48936170212765956,0.056338028169014086,1.5140845070422535,0.0,1.1428571428571428,0.5625,1.1875,0.5,0.125,1.1875,0.375,0.125,0.6875,-0.1875
4,1,0,0,0.18045112781954886,0.7142857142857143,0.04195819728571111,3,2,1,0,6,5,4,3,2,1,1,1,1,0,0,0,1,1,1,1,0,0,0,0,1,1,0,0,0,0,0,0,0,1,0,0,0,0,0,0,-0.24060150375939848,0.7279411764705882,0.2608695652173913,1.2214285714285715,0.35,-0.0070921985815602835,-0.014184397163120567,-0.4859154929577465,0.056338028169014086,1.5319148936170213,0.5,1.0,0.5625,1.1875,0.5625,0.0625,1.1875,0.375,0.1875,0.6875
5,0,1,0,-0.015037593984962405,1.0,0.1995176592275266,4,3,2,1,0,6,5,4,3,2,1,1,1,1,0,0,0,1,1,1,0,0,0,0,0,1,1,0,0,0,0,0,0,0,1,0,0,0,0,0,0.18045112781954886,-0.23529411764705882,0.7101449275362319,0.2571428571428571,1.2214285714285715,0.3475177304964539,-0.0070921985815602835,-0.014084507042253521,-0.4859154929577465,0.06382978723404255,0.7142857142857143,0.4375,1.0,0.5625,1.25,0.5,0.0625,1.1875,0.4375,0.1875
6,0,1,0,0.3157894736842105,0.7857142857142857,0.6611269838107623,5,4,3,2,1,0,6,5,4,3,0,1,1,1,1,0,0,0,1,1,1,0,0,0,0,0,1,1,0,0,0,0,0,0,0,1,0,0,0,0,-0.015037593984962405,0.17647058823529413,-0.2391304347826087,0.7,0.2571428571428571,1.2127659574468086,0.3475177304964539,-0.007042253521126761,-0.014084507042253521,-0.48226950354609927,1.0,0.625,0.4375,1.0,0.625,1.1875,0.5,0.0625,1.25,0.4375
0,1,0,0,-0.37593984962406013,0.9285714285714286,-0.20335183787084926,6,5,4,3,2,1,0,6,5,4,0,0,1,1,1,1,0,0,0,1,1,1,0,0,0,0,0,1,1,0,0,0,0,0,0,0,1,0,0,0,0.3157894736842105,-0.014705882352941176,0.16666666666666666,-0.2357142857142857,0.7,0.2553191489361702,1.2127659574468086,0.34507042253521125,-0.007042253521126761,-0.0070921985815602835,0.7857142857142857,0.875,0.625,0.4375,1.0625,0.5625,1.1875,0.5,0.125,1.25
1,1,0,0,0.05263157894736842,0.5,0.10100738784672536,0,6,5,4,3,2,1,0,6,5,1,0,0,1,1,1,1,0,0,0,0,1,1,0,0,0,0,0,1,1,0,0,0,0,0,0,0,1,0,0,-0.37593984962406013,0.3088235294117647,-0.021739130434782608,0.16428571428571428,-0.2357142857142857,0.6950354609929078,0.2553191489361702,1.204225352112676,0.34507042253521125,0.0,0.9285714285714286,0.6875,0.875,0.625,0.5,1.0,0.5625,1.1875,0.5625,0.125
2,1,0,0,0.5939849624060151,0.21428571428571427,0.5011544440773,1,0,6,5,4,3,2,1,0,6,1,1,0,0,1,1,1,1,0,0,0,0,1,1,0,0,0,0,0,1,0,0,0,0,0,0,0,0,1,0,0.05263157894736842,-0.36764705882352944,0.2971014492753623,-0.02142857142857143,0.16428571428571428,-0.23404255319148937,0.6950354609929078,0.2535211267605634,1.204225352112676,0.3546099290780142,0.5,0.8125,0.6875,0.875,0.6875,0.4375,1.0,0.5625,1.25,0.5625
3,1,0,0,-0.7518796992481203,-1.0714285714285714,-0.6798396716125831,2,1,0,6,5,4,3,2,1,0,1,1,1,0,0,1,1,1,1,0,0,0,0,1,1,0,0,0,0,0,0,0,0,0,0,0,0,0,0,1,0.5939849624060151,0.051470588235294115,-0.3695652173913043,0.29285714285714287,-0.02142857142857143,0.16312056737588654,-0.23404255319148937,0.6901408450704225,0.2535211267605634,1.2198581560283688,0.21428571428571427,0.4375,0.8125,0.6875,0.9375,0.625,0.4375,1.0,0.625,1.25
4,1,0,0,-0.47368421052631576,-0.14285714285714285,-0.3044799025059783,3,2,1,0,6,5,4,3,2,1,1,1,1,1,0,0,1,1,1,1,0,0,0,0,1,1,0,0,0,0,0,0,0,0,0,0,0,0,0,0,-0.7518796992481203,0.5808823529411765,0.043478260869565216,-0.36428571428571427,0.29285714285714287,-0.02127659574468085,0.16312056737588654,-0.2323943661971831,0.6901408450704225,0.2624113475177305,-1.0714285714285714,0.1875,0.4375,0.8125,0.75,0.875,0.625,0.4375,1.0625,0.625
5,0,1,0,-0.3308270676691729,0.35714285714285715,-0.24864776735347102,4,3,2,1,0,6,5,4,3,2,1,1,1,1,1,0,0,1,1,1,0,0,0,0,0,1,1,0,0,0,0,0,0,0,0,0,0,0,0,0,-0.47368421052631576,-0.7352941176470589,0.5652173913043478,0.04285714285714286,-0.36428571428571427,0.2907801418439716,-0.02127659574468085,0.1619718309859155,-0.2323943661971831,0.7021276595744681,-0.14285714285714285,-0.9375,0.1875,0.4375,0.875,0.6875,0.875,0.625,0.5,1.0625
6,0,1,0,-0.24060150375939848,0.42857142857142855,-0.07784408513140603,5,4,3,2,1,0,6,5,4,3,0,1,1,1,1,1,0,0,1,1,1,0,0,0,0,0,1,1,0,0,0,0,0,0,0,0,0,0,0,0,-0.3308270676691729,-0.4632352941176471,-0.7318840579710145,0.5571428571428572,0.04285714285714286,-0.3617021276595745,0.2907801418439716,-0.02112676056338028,0.1619718309859155,-0.22695035460992907,0.35714285714285715,-0.125,-0.9375,0.1875,0.5,0.8125,0.6875,0.875,0.6875,0.5
0,1,0,0,2.6466165413533833,0.7142857142857143,2.7950603578582,6,5,4,3,2,1,0,6,5,4,0,0,1,1,1,1,1,0,0,1,1,1,0,0,0,0,0,1,1,0,0,0,0,0,0,0,0,0,0,0,-0.24060150375939848,-0.3235294117647059,-0.463768115942029,-0.7214285714285714,0.5571428571428572,0.0425531914893617,-0.3617021276595745,0.2887323943661972,-0.02112676056338028,0.1702127659574468,0.42857142857142855,0.3125,-0.125,-0.9375,0.25,0.4375,0.8125,0.6875,0.9375,0.6875
1,1,0,0,1.2330827067669172,0.7142857142857143,1.3108366153069002,0,6,5,4,3,2,1,0,6,5,1,0,0,1,1,1,1,1,0,0,0,1,1,0,0,0,0,0,1,1,0,0,0,0,0,0,0,0,0,0,2.6466165413533833,-0.23529411764705882,-0.32608695652173914,-0.45714285714285713,-0.7214285714285714,0.5531914893617021,0.0425531914893617,-0.3591549295774648,0.2887323943661972,-0.014184397163120567,0.7142857142857143,0.375,0.3125,-0.125,-0.875,0.1875,0.4375,0.8125,0.75,0.9375
2,1,0,0,0.9699248120300752,0.8571428571428571,1.1517626253223867,1,0,6,5,4,3,2,1,0,6,1,1,0,0,1,1,1,1,1,0,0,0,1,1,0,0,0,0,0,1,0,0,0,0,0,0,0,0,0,0,1.2330827067669172,2.588235294117647,-0.2391304347826087,-0.32142857142857145,-0.45714285714285713,-0.7163120567375887,0.5531914893617021,0.04225352112676056,-0.3591549295774648,0.2978723404255319,0.7142857142857143,0.625,0.375,0.3125,-0.0625,-0.9375,0.1875,0.4375,0.875,0.75
3,1,0,0,1.6766917293233083,0.7857142857142857,1.1778489625803492,2,1,0,6,5,4,3,2,1,0,1,1,1,0,0,1,1,1,1,1,0,0,0,1,1,0,0,0,0,0,0,0,0,0,0,0,0,0,0,0,0.9699248120300752,1.2058823529411764,2.5434782608695654,-0.2357142857142857,-0.32142857142857145,-0.45390070921985815,-0.7163120567375887,0.5492957746478874,0.04225352112676056,-0.3546099290780142,0.8571428571428571,0.625,0.625,0.375,0.375,-0.125,-0.9375,0.1875,0.5,0.875
4,1,0,0,0.12030075187969924,0.5714285714285714,0.21210216446528848,3,2,1,0,6,5,4,3,2,1,1,1,1,1,0,0,1,1,1,1,0,0,0,0,1,1,0,0,0,0,0,0,0,0,0,0,0,0,0,0,1.6766917293233083,0.9485294117647058,1.181159420289855,2.507142857142857,-0.2357142857142857,-0.3191489361702128,-0.45390070921985815,-0.7112676056338029,0.5492957746478874,0.04964539007092199,0.7857142857142857,0.75,0.625,0.625,0.4375,0.3125,-0.125,-0.9375,0.25,0.5
5,0,1,0,-0.05263157894736842,1.4285714285714286,0.14488519332444402,4,3,2,1,0,6,5,4,3,2,1,1,1,1,1,0,0,1,1,1,0,0,0,0,0,1,1,0,0,0,0,0,0,0,0,0,0,0,0,0,0.12030075187969924,1.6397058823529411,0.927536231884058,1.1642857142857144,2.507142857142857,-0.23404255319148937,-0.3191489361702128,-0.4507042253521127,-0.7112676056338029,0.5602836879432624,0.5714285714285714,0.6875,0.75,0.625,0.6875,0.375,0.3125,-0.125,-0.875,0.25
6,0,1,0,-0.7443609022556391,-0.21428571428571427,-0.46041492206271667,5,4,3,2,1,0,6,5,4,3,0,1,1,1,1,1,0,0,1,1,1,0,0,0,0,0,1,1,0,0,0,0,0,0,0,0,0,0,0,0,-0.05263157894736842,0.11764705882352941,1.608695652173913,0.9142857142857143,1.1642857142857144,2.4893617021276597,-0.23404255319148937,-0.31690140845070425,-0.4507042253521127,-0.7092198581560284,1.4285714285714286,0.5,0.6875,0.75,0.6875,0.625,0.375,0.3125,-0.0625,-0.875
0,1,0,0,0.5338345864661654,1.1428571428571428,0.7302406643222853,6,5,4,3,2,1,0,6,5,4,0,0,1,1,1,1,1,0,0,1,1,1,0,0,0,0,0,1,1,0,0,0,0,0,0,0,0,0,0,0,-0.7443609022556391,-0.051470588235294115,0.10869565217391304,1.5857142857142856,0.9142857142857143,1.1560283687943262,2.4893617021276597,-0.2323943661971831,-0.31690140845070425,-0.44680851063829785,-0.21428571428571427,1.25,0.5,0.6875,0.8125,0.625,0.625,0.375,0.375,-0.0625
1,1,0,0,-0.24060150375939848,0.5714285714285714,0.17081329972702314,0,6,5,4,3,2,1,0,6,5,1,0,0,1,1,1,1,1,0,0,0,1,1,0,0,0,0,0,1,1,0,0,0,0,0,0,0,0,0,0,0.5338345864661654,-0.7279411764705882,-0.057971014492753624,0.10714285714285714,1.5857142857142856,0.9078014184397163,1.1560283687943262,2.471830985915493,-0.2323943661971831,-0.3120567375886525,1.1428571428571428,-0.1875,1.25,0.5,0.75,0.75,0.625,0.625,0.4375,0.375
2,1,0,0,-0.6165413533834586,-0.14285714285714285,-0.4753309852881943,1,0,6,5,4,3,2,1,0,6,1,1,0,0,1,1,1,1,1,0,0,0,1,1,0,0,0,0,0,1,0,0,0,0,0,0,0,0,0,0,-0.24060150375939848,0.5220588235294118,-0.7246376811594203,-0.05714285714285714,0.10714285714285714,1.574468085106383,0.9078014184397163,1.147887323943662,2.471830985915493,-0.22695035460992907,0.5714285714285714,1.0,-0.1875,1.25,0.5625,0.6875,0.75,0.625,0.6875,0.4375
3,0,0,1,-0.49624060150375937,0.42857142857142855,-0.23692723464445115,2,1,0,6,5,4,3,2,1,0,1,1,1,0,0,1,1,1,1,1,0,0,0,1,1,0,0,0,0,0,0,0,0,0,0,0,0,0,0,0,-0.6165413533834586,-0.23529411764705882,0.5072463768115942,-0.7142857142857143,-0.05714285714285714,0.10638297872340426,1.574468085106383,0.9014084507042254,1.147887323943662,2.49645390070922,-0.14285714285714285,0.5,1.0,-0.1875,1.3125,0.5,0.6875,0.75,0.6875,0.6875
4,0,0,1,0.43609022556390975,0.21428571428571427,0.6921679390396738,3,2,1,0,6,5,4,3,2,1,0,1,1,1,0,0,1,1,1,1,0,0,0,0,1,1,0,0,0,0,1,0,0,0,0,0,0,0,0,0,-0.49624060150375937,-0.6029411764705882,-0.2391304347826087,0.5,-0.7142857142857143,-0.05673758865248227,0.10638297872340426,1.5633802816901408,0.9014084507042254,1.1631205673758864,0.42857142857142855,-0.125,0.5,1.0,-0.125,1.25,0.5,0.6875,0.8125,0.6875
5,0,1,0,-0.06766917293233082,0.7142857142857143,0.17839693137475135,4,3,2,1,0,6,5,4,3,2,0,0,1,1,1,0,0,1,1,1,0,0,0,0,0,1,1,0,0,0,1,1,0,0,0,0,0,0,0,0,0.43609022556390975,-0.4852941176470588,-0.6014492753623188,-0.2357142857142857,0.5,-0.7092198581560284,-0.05673758865248227,0.1056338028169014,1.5633802816901408,0.9148936170212766,0.21428571428571427,0.375,-0.125,0.5,1.0625,-0.1875,1.25,0.5,0.75,0.8125
6,0,1,0,-0.7744360902255639,-0.6428571428571429,-0.45874994876388725,5,4,3,2,1,0,6,5,4,3,0,0,0,1,1,1,0,0,1,1,1,0,0,0,0,0,1,1,0,0,0,1,1,0,0,0,0,0,0,0,-0.06766917293233082,0.4264705882352941,-0.4855072463768116,-0.5928571428571429,-0.2357142857142857,0.49645390070921985,-0.7092198581560284,-0.056338028169014086,0.1056338028169014,1.5815602836879432,0.7142857142857143,0.1875,0.375,-0.125,0.5625,1.0,-0.1875,1.25,0.5625,0.75
0,1,0,0,0.08270676691729323,0.35714285714285715,0.1739435686026933,6,5,4,3,2,1,0,6,5,4,0,0,0,0,1,1,1,0,0,1,1,1,0,0,0,0,0,1,1,0,0,0,1,1,0,0,0,0,0,0,-0.7744360902255639,-0.0661764705882353,0.41304347826086957,-0.4785714285714286,-0.5928571428571429,-0.23404255319148937,0.49645390070921985,-0.704225352112676,-0.056338028169014086,0.11347517730496454,-0.6428571428571429,0.625,0.1875,0.375,-0.0625,0.5,1.0,-0.1875,1.3125,0.5625
1,1,0,0,-0.09774436090225563,-0.07142857142857142,0.08003916614400107,0,6,5,4,3,2,1,0,6,5,1,0,0,0,0,1,1,1,0,0,0,1,1,0,0,0,0,0,1,1,0,0,0,1,1,0,0,0,0,0,0.08270676691729323,-0.7573529411764706,-0.07246376811594203,0.40714285714285714,-0.4785714285714286,-0.5886524822695035,-0.23404255319148937,0.49295774647887325,-0.704225352112676,-0.04964539007092199,0.35714285714285715,-0.5625,0.625,0.1875,0.4375,-0.125,0.5,1.0,-0.125,1.3125
2,1,0,0,1.6240601503759398,0.9285714285714286,1.578853808657907,1,0,6,5,4,3,2,1,0,6,1,1,0,0,0,0,1,1,1,0,0,0,1,1,0,0,0,0,0,1,0,0,0,0,1,1,0,0,0,0,-0.09774436090225563,0.08088235294117647,-0.7536231884057971,-0.07142857142857142,0.40714285714285714,-0.475177304964539,-0.5886524822695035,-0.2323943661971831,0.49295774647887325,-0.7021276595744681,-0.07142857142857142,0.3125,-0.5625,0.625,0.25,0.375,-0.125,0.5,1.0625,-0.125
3,1,0,0,3.1578947368421053,1.2142857142857142,3.1099660937152582,2,1,0,6,5,4,3,2,1,0,1,1,1,0,0,0,0,1,1,1,0,0,0,1,1,0,0,0,0,0,0,0,0,0,0,1,1,0,0,0,1.6240601503759398,-0.09558823529411764,0.07246376811594203,-0.7428571428571429,-0.07142857142857142,0.40425531914893614,-0.475177304964539,-0.5845070422535211,-0.2323943661971831,0.5035460992907801,0.9285714285714286,-0.0625,0.3125,-0.5625,0.6875,0.1875,0.375,-0.125,0.5625,1.0625
4,1,0,0,0.24812030075187969,0.42857142857142855,0.10260343569335456,3,2,1,0,6,5,4,3,2,1,1,1,1,1,0,0,0,0,1,1,0,0,0,0,1,1,0,0,0,0,0,0,0,0,0,0,1,1,0,0,3.1578947368421053,1.588235294117647,-0.10144927536231885,0.07142857142857142,-0.7428571428571429,-0.07092198581560284,0.40425531914893614,-0.47183098591549294,-0.5845070422535211,-0.22695035460992907,1.2142857142857142,0.8125,-0.0625,0.3125,-0.5,0.625,0.1875,0.375,-0.0625,0.5625
5,0,1,0,-0.03759398496240601,-0.7857142857142857,-0.019505902972656287,4,3,2,1,0,6,5,4,3,2,1,1,1,1,1,0,0,0,0,1,0,0,0,0,0,1,1,0,0,0,0,0,0,0,0,0,0,1,1,0,0.24812030075187969,3.088235294117647,1.5579710144927537,-0.1,0.07142857142857142,-0.7375886524822695,-0.07092198581560284,0.4014084507042254,-0.47183098591549294,-0.5815602836879432,0.42857142857142855,1.0625,0.8125,-0.0625,0.375,-0.5625,0.625,0.1875,0.4375,-0.0625
6,0,1,0,0.3082706766917293,0.0,0.7457621723837009,5,4,3,2,1,0,6,5,4,3,0,1,1,1,1,1,0,0,0,0,1,0,0,0,0,0,1,1,0,0,0,0,0,0,0,0,0,0,1,1,-0.03759398496240601,0.2426470588235294,3.036231884057971,1.5357142857142858,-0.1,0.07092198581560284,-0.7375886524822695,-0.07042253521126761,0.4014084507042254,-0.46808510638297873,-0.7857142857142857,0.375,1.0625,0.8125,0.0,0.3125,-0.5625,0.625,0.25,0.4375
0,1,0,0,0.2706766917293233,-0.42857142857142855,0.48899768882196326,6,5,4,3,2,1,0,6,5,4,0,0,1,1,1,1,1,0,0,0,1,1,0,0,0,0,0,1,1,0,0,0,0,0,0,0,0,0,0,1,0.3082706766917293,-0.03676470588235294,0.2318840579710145,2.992857142857143,1.5357142857142858,-0.09929078014184398,0.07092198581560284,-0.7323943661971831,-0.07042253521126761,0.41134751773049644,0.0,-0.6875,0.375,1.0625,0.875,-0.0625,0.3125,-0.5625,0.6875,0.25
1,1,0,0,1.2781954887218046,0.14285714285714285,1.5180789629215414,0,6,5,4,3,2,1,0,6,5,1,0,0,1,1,1,1,1,0,0,0,1,1,0,0,0,0,0,1,1,0,0,0,0,0,0,0,0,0,0,0.2706766917293233,0.3014705882352941,-0.043478260869565216,0.22857142857142856,2.992857142857143,1.524822695035461,-0.09929078014184398,0.07042253521126761,-0.7323943661971831,-0.06382978723404255,-0.42857142857142855,0.0,-0.6875,0.375,1.125,0.8125,-0.0625,0.3125,-0.5,0.6875
2,1,0,0,0.2932330827067669,-0.14285714285714285,0.3831863572486333,1,0,6,5,4,3,2,1,0,6,1,1,0,0,1,1,1,1,1,0,0,0,1,1,0,0,0,0,0,1,0,0,0,0,0,0,0,0,0,0,1.2781954887218046,0.2647058823529412,0.2898550724637681,-0.04285714285714286,0.22857142857142856,2.971631205673759,1.524822695035461,-0.09859154929577464,0.07042253521126761,-0.7304964539007093,0.14285714285714285,-0.375,0.0,-0.6875,0.4375,1.0625,0.8125,-0.0625,0.375,-0.5
3,0,0,1,0.3157894736842105,-0.21428571428571427,0.29790908572563046,2,1,0,6,5,4,3,2,1,0,1,1,1,0,0,1,1,1,1,1,0,0,0,1,1,0,0,0,0,0,0,0,0,0,0,0,0,0,0,0,0.2932330827067669,1.25,0.2536231884057971,0.2857142857142857,-0.04285714285714286,0.22695035460992907,2.971631205673759,1.5140845070422535,-0.09859154929577464,0.07801418439716312,-0.14285714285714285,0.125,-0.375,0.0,-0.625,0.375,1.0625,0.8125,0.0,0.375
4,1,0,0,-0.45112781954887216,-1.0714285714285714,-0.42586907324119305,3,2,1,0,6,5,4,3,2,1,0,1,1,1,0,0,1,1,1,1,0,0,0,0,1,1,0,0,0,0,1,0,0,0,0,0,0,0,0,0,0.3157894736842105,0.2867647058823529,1.2246376811594204,0.25,0.2857142857142857,-0.0425531914893617,0.22695035460992907,2.9507042253521125,1.5140845070422535,-0.09219858156028368,-0.21428571428571427,-0.125,0.125,-0.375,0.0625,-0.6875,0.375,1.0625,0.875,0.0
5,0,1,0,-0.5789473684210527,-0.7857142857142857,-0.49488131197422874,4,3,2,1,0,6,5,4,3,2,1,0,1,1,1,0,0,1,1,1,0,0,0,0,0,1,1,0,0,0,0,1,0,0,0,0,0,0,0,0,-0.45112781954887216,0.3088235294117647,0.2753623188405797,1.207142857142857,0.25,0.28368794326241137,-0.0425531914893617,0.22535211267605634,2.9507042253521125,1.5319148936170213,-1.0714285714285714,-0.1875,-0.125,0.125,-0.3125,0.0,-0.6875,0.375,1.125,0.875
6,0,1,0,-0.6992481203007519,-0.8571428571428571,-0.4553689377946649,5,4,3,2,1,0,6,5,4,3,0,1,0,1,1,1,0,0,1,1,1,0,0,0,0,0,1,1,0,0,0,0,1,0,0,0,0,0,0,0,-0.5789473684210527,-0.4411764705882353,0.2971014492753623,0.2714285714285714,1.207142857142857,0.24822695035460993,0.28368794326241137,-0.04225352112676056,0.22535211267605634,2.978723404255319,-0.7857142857142857,-0.9375,-0.1875,-0.125,0.1875,-0.375,0.0,-0.6875,0.4375,1.125
0,1,0,0,0.9022556390977443,-0.21428571428571427,0.6842689906222457,6,5,4,3,2,1,0,6,5,4,0,0,1,0,1,1,1,0,0,1,1,1,0,0,0,0,0,1,1,0,0,0,0,1,0,0,0,0,0,0,-0.6992481203007519,-0.5661764705882353,-0.4420289855072464,0.29285714285714287,0.2714285714285714,1.198581560283688,0.24822695035460993,0.28169014084507044,-0.04225352112676056,0.23404255319148937,-0.8571428571428571,-0.6875,-0.9375,-0.1875,-0.0625,0.125,-0.375,0.0,-0.625,0.4375
1,1,0,0,0.3383458646616541,-0.07142857142857142,0.5558185103538166,0,6,5,4,3,2,1,0,6,5,1,0,0,1,0,1,1,1,0,0,0,1,1,0,0,0,0,0,1,1,0,0,0,0,1,0,0,0,0,0,0.9022556390977443,-0.6838235294117647,-0.5652173913043478,-0.4357142857142857,0.29285714285714287,0.2695035460992908,1.198581560283688,0.24647887323943662,0.28169014084507044,-0.03546099290780142,-0.21428571428571427,-0.75,-0.6875,-0.9375,-0.125,-0.125,0.125,-0.375,0.0625,-0.625
2,1,0,0,0.6842105263157895,1.0,0.5695156693199531,1,0,6,5,4,3,2,1,0,6,1,1,0,0,1,0,1,1,1,0,0,0,1,1,0,0,0,0,0,1,0,0,0,0,0,1,0,0,0,0,0.3383458646616541,0.8823529411764706,-0.6811594202898551,-0.5571428571428572,-0.4357142857142857,0.2907801418439716,0.2695035460992908,1.1901408450704225,0.24647887323943662,0.2907801418439716,-0.07142857142857142,-0.1875,-0.75,-0.6875,-0.875,-0.1875,-0.125,0.125,-0.3125,0.0625
3,1,0,0,1.1428571428571428,0.5714285714285714,0.8479360261889239,2,1,0,6,5,4,3,2,1,0,1,1,1,0,0,1,0,1,1,1,0,0,0,1,1,0,0,0,0,0,0,0,0,0,0,0,1,0,0,0,0.6842105263157895,0.33088235294117646,0.8623188405797102,-0.6714285714285714,-0.5571428571428572,-0.4326241134751773,0.2907801418439716,0.2676056338028169,1.1901408450704225,0.2553191489361702,1.0,-0.0625,-0.1875,-0.75,-0.625,-0.9375,-0.1875,-0.125,0.1875,-0.3125
4,1,0,0,0.022556390977443608,0.14285714285714285,0.2651930817165048,3,2,1,0,6,5,4,3,2,1,1,1,1,1,0,0,1,0,1,1,0,0,0,0,1,1,0,0,0,0,0,0,0,0,0,0,0,1,0,0,1.1428571428571428,0.6691176470588235,0.3188405797101449,0.85,-0.6714285714285714,-0.5531914893617021,-0.4326241134751773,0.2887323943661972,0.2676056338028169,1.2056737588652482,0.5714285714285714,0.875,-0.0625,-0.1875,-0.6875,-0.6875,-0.9375,-0.1875,-0.0625,0.1875
5,0,1,0,-0.3007518796992481,0.07142857142857142,-0.18371541161661786,4,3,2,1,0,6,5,4,3,2,1,1,1,1,1,0,0,1,0,1,0,0,0,0,0,1,1,0,0,0,0,0,0,0,0,0,0,0,1,0,0.022556390977443608,1.1176470588235294,0.6521739130434783,0.3142857142857143,0.85,-0.6666666666666666,-0.5531914893617021,-0.4295774647887324,0.2887323943661972,0.2765957446808511,0.14285714285714285,0.5,0.875,-0.0625,-0.125,-0.75,-0.6875,-0.9375,-0.125,-0.0625
6,0,1,0,-0.48872180451127817,0.0,-0.21546279548352806,5,4,3,2,1,0,6,5,4,3,0,1,1,1,1,1,0,0,1,0,1,0,0,0,0,0,1,1,0,0,0,0,0,0,0,0,0,0,0,1,-0.3007518796992481,0.022058823529411766,1.0942028985507246,0.6428571428571429,0.3142857142857143,0.8439716312056738,-0.6666666666666666,-0.5492957746478874,-0.4295774647887324,0.2978723404255319,0.07142857142857142,0.125,0.5,0.875,0.0,-0.1875,-0.75,-0.6875,-0.875,-0.125
0,1,0,0,-0.09022556390977443,-0.07142857142857142,0.08469770235516667,6,5,4,3,2,1,0,6,5,4,0,0,1,1,1,1,1,0,0,1,1,1,0,0,0,0,0,1,1,0,0,0,0,0,0,0,0,0,0,0,-0.48872180451127817,-0.29411764705882354,0.014492753623188406,1.0785714285714285,0.6428571428571429,0.3120567375886525,0.8439716312056738,-0.6619718309859155,-0.5492957746478874,-0.425531914893617,0.0,0.0625,0.125,0.5,0.9375,-0.0625,-0.1875,-0.75,-0.625,-0.875
1,1,0,0,1.1654135338345866,-0.35714285714285715,1.5497906246271786,0,6,5,4,3,2,1,0,6,5,1,0,0,1,1,1,1,1,0,0,0,1,1,0,0,0,0,0,1,1,0,0,0,0,0,0,0,0,0,0,-0.09022556390977443,-0.47794117647058826,-0.2971014492753623,0.014285714285714285,1.0785714285714285,0.6382978723404256,0.3120567375886525,0.8380281690140845,-0.6619718309859155,-0.5460992907801419,-0.07142857142857142,0.0,0.0625,0.125,0.5625,0.875,-0.0625,-0.1875,-0.6875,-0.625
2,1,0,0,0.14285714285714285,1.2857142857142858,0.3318760523439577,1,0,6,5,4,3,2,1,0,6,1,1,0,0,1,1,1,1,1,0,0,0,1,1,0,0,0,0,0,1,0,0,0,0,0,0,0,0,0,0,1.1654135338345866,-0.08823529411764706,-0.4782608695652174,-0.29285714285714287,0.014285714285714285,1.070921985815603,0.6382978723404256,0.30985915492957744,0.8380281690140845,-0.6595744680851063,-0.35714285714285715,-0.0625,0.0,0.0625,0.1875,0.5,0.875,-0.0625,-0.125,-0.6875
3,1,0,0,-0.41353383458646614,-0.42857142857142855,-0.4105719736288014,2,1,0,6,5,4,3,2,1,0,1,1,1,0,0,1,1,1,1,1,0,0,0,1,1,0,0,0,0,0,0,0,0,0,0,0,0,0,0,0,0.14285714285714285,1.1397058823529411,-0.09420289855072464,-0.4714285714285714,-0.29285714285714287,0.014184397163120567,1.070921985815603,0.6338028169014085,0.30985915492957744,0.851063829787234,1.2857142857142858,-0.3125,-0.0625,0.0,0.125,0.125,0.5,0.875,0.0,-0.125
4,1,0,0,-0.5037593984962406,0.6428571428571429,-0.42620202210331626,3,2,1,0,6,5,4,3,2,1,1,1,1,1,0,0,1,1,1,1,0,0,0,0,1,1,0,0,0,0,0,0,0,0,0,0,0,0,0,0,-0.41353383458646614,0.13970588235294118,1.1159420289855073,-0.09285714285714286,-0.4714285714285714,-0.2907801418439716,0.014184397163120567,1.0633802816901408,0.6338028169014085,0.3191489361702128,-0.42857142857142855,1.125,-0.3125,-0.0625,0.0625,0.0625,0.125,0.5,0.9375,0.0
5,0,1,0,0.49624060150375937,1.1428571428571428,0.27853507996382904,4,3,2,1,0,6,5,4,3,2,1,1,1,1,1,0,0,1,1,1,0,0,0,0,0,1,1,0,0,0,0,0,0,0,0,0,0,0,0,0,-0.5037593984962406,-0.40441176470588236,0.13043478260869565,1.1,-0.09285714285714286,-0.46808510638297873,-0.2907801418439716,0.014084507042253521,1.0633802816901408,0.6453900709219859,0.6428571428571429,-0.375,1.125,-0.3125,0.0,0.0,0.0625,0.125,0.5625,0.9375
6,0,1,0,0.9097744360902256,0.35714285714285715,1.0014247646630885,5,4,3,2,1,0,6,5,4,3,0,1,1,1,1,1,0,0,1,1,1,0,0,0,0,0,1,1,0,0,0,0,0,0,0,0,0,0,0,0,0.49624060150375937,-0.49264705882352944,-0.4057971014492754,0.12857142857142856,1.1,-0.09219858156028368,-0.46808510638297873,-0.2887323943661972,0.014084507042253521,1.0780141843971631,1.1428571428571428,0.5625,-0.375,1.125,-0.25,-0.0625,0.0,0.0625,0.1875,0.5625
0,1,0,0,-0.18045112781954886,-0.14285714285714285,-0.10081618268862846,6,5,4,3,2,1,0,6,5,4,0,0,1,1,1,1,1,0,0,1,1,1,0,0,0,0,0,1,1,0,0,0,0,0,0,0,0,0,0,0,0.9097744360902256,0.4852941176470588,-0.4927536231884058,-0.4,0.12857142857142856,1.0921985815602837,-0.09219858156028368,-0.4647887323943662,-0.2887323943661972,0.02127659574468085,0.35714285714285715,1.0,0.5625,-0.375,1.1875,-0.3125,-0.0625,0.0,0.125,0.1875
1,1,0,0,1.6541353383458646,0.21428571428571427,1.6342822375903845,0,6,5,4,3,2,1,0,6,5,1,0,0,1,1,1,1,1,0,0,0,1,1,0,0,0,0,0,1,1,0,0,0,0,0,0,0,0,0,0,-0.18045112781954886,0.8897058823529411,0.47101449275362317,-0.4857142857142857,-0.4,0.1276595744680851,1.0921985815602837,-0.09154929577464789,-0.4647887323943662,-0.28368794326241137,-0.14285714285714285,0.3125,1.0,0.5625,-0.3125,1.125,-0.3125,-0.0625,0.0625,0.125
2,1,0,0,1.0601503759398496,0.2857142857142857,0.9743317952195046,1,0,6,5,4,3,2,1,0,6,1,1,0,0,1,1,1,1,1,0,0,0,1,1,0,0,0,0,0,1,0,0,0,0,0,0,0,0,0,0,1.6541353383458646,-0.17647058823529413,0.8695652173913043,0.4642857142857143,-0.4857142857142857,-0.3971631205673759,0.1276595744680851,1.0845070422535212,-0.09154929577464789,-0.46099290780141844,0.21428571428571427,-0.125,0.3125,1.0,0.625,-0.375,1.125,-0.3125,0.0,0.0625
3,1,0,0,-0.045112781954887216,0.6428571428571429,-0.05377765290287213,2,1,0,6,5,4,3,2,1,0,1,1,1,0,0,1,1,1,1,1,0,0,0,1,1,0,0,0,0,0,0,0,0,0,0,0,0,0,0,0,1.0601503759398496,1.6176470588235294,-0.18115942028985507,0.8571428571428571,0.4642857142857143,-0.48226950354609927,-0.3971631205673759,0.1267605633802817,1.0845070422535212,-0.0851063829787234,0.2857142857142857,0.1875,-0.125,0.3125,1.0625,0.5625,-0.375,1.125,-0.25,0.0
4,1,0,0,0.5789473684210527,1.3571428571428572,0.7158929498421928,3,2,1,0,6,5,4,3,2,1,1,1,1,1,0,0,1,1,1,1,0,0,0,0,1,1,0,0,0,0,0,0,0,0,0,0,0,0,0,0,-0.045112781954887216,1.036764705882353,1.5869565217391304,-0.17857142857142858,0.8571428571428571,0.46099290780141844,-0.48226950354609927,-0.39436619718309857,0.1267605633802817,1.099290780141844,0.6428571428571429,0.25,0.1875,-0.125,0.375,1.0,0.5625,-0.375,1.1875,-0.25
5,0,1,0,-0.05263157894736842,1.4285714285714286,0.043681104602502796,4,3,2,1,0,6,5,4,3,2,1,1,1,1,1,0,0,1,1,1,0,0,0,0,0,1,1,0,0,0,0,0,0,0,0,0,0,0,0,0,0.5789473684210527,-0.04411764705882353,1.0144927536231885,1.5642857142857143,-0.17857142857142858,0.851063829787234,0.46099290780141844,-0.4788732394366197,-0.39436619718309857,0.1347517730496454,1.3571428571428572,0.5625,0.25,0.1875,-0.0625,0.3125,1.0,0.5625,-0.3125,1.1875
6,0,1,0,-0.11278195488721804,0.5714285714285714,0.03823668084332695,5,4,3,2,1,0,6,5,4,3,0,1,1,1,1,1,0,0,1,1,1,0,0,0,0,0,1,1,0,0,0,0,0,0,0,0,0,0,0,0,-0.05263157894736842,0.5661764705882353,-0.050724637681159424,1.0,1.5642857142857143,-0.1773049645390071,0.851063829787234,0.45774647887323944,-0.4788732394366197,-0.3900709219858156,1.4285714285714286,1.1875,0.5625,0.25,0.25,-0.125,0.3125,1.0,0.625,-0.3125
0,1,0,0,0.05263157894736842,-0.6428571428571429,-0.16784652843564182,6,5,4,3,2,1,0,6,5,4,0,0,1,1,1,1,1,0,0,1,1,1,0,0,0,0,0,1,1,0,0,0,0,0,0,0,0,0,0,0,-0.11278195488721804,-0.051470588235294115,0.5507246376811594,-0.05,1.0,1.553191489361702,-0.1773049645390071,0.8450704225352113,0.45774647887323944,-0.475177304964539,0.5714285714285714,1.25,1.1875,0.5625,0.3125,0.1875,-0.125,0.3125,1.0625,0.625
1,1,0,0,0.38345864661654133,0.8571428571428571,0.40172524299656726,0,6,5,4,3,2,1,0,6,5,1,0,0,1,1,1,1,1,0,0,0,1,1,0,0,0,0,0,1,1,0,0,0,0,0,0,0,0,0,0,0.05263157894736842,-0.11029411764705882,-0.057971014492753624,0.5428571428571428,-0.05,0.9929078014184397,1.553191489361702,-0.176056338028169,0.8450704225352113,0.46808510638297873,-0.6428571428571429,0.5,1.25,1.1875,0.625,0.25,0.1875,-0.125,0.375,1.0625
2,1,0,0,0.007518796992481203,1.1428571428571428,0.26240515021970273,1,0,6,5,4,3,2,1,0,6,1,1,0,0,1,1,1,1,1,0,0,0,1,1,0,0,0,0,0,1,0,0,0,0,0,0,0,0,0,0,0.38345864661654133,0.051470588235294115,-0.11594202898550725,-0.05714285714285714,0.5428571428571428,-0.04964539007092199,0.9929078014184397,1.5422535211267605,-0.176056338028169,0.8581560283687943,0.8571428571428571,-0.5625,0.5,1.25,1.25,0.5625,0.25,0.1875,-0.0625,0.375
3,1,0,0,0.18045112781954886,1.7857142857142858,0.32048388873279526,2,1,0,6,5,4,3,2,1,0,1,1,1,0,0,1,1,1,1,1,0,0,0,1,1,0,0,0,0,0,0,0,0,0,0,0,0,0,0,0,0.007518796992481203,0.375,0.043478260869565216,-0.11428571428571428,-0.05714285714285714,0.5390070921985816,-0.04964539007092199,0.9859154929577465,1.5422535211267605,-0.1702127659574468,1.1428571428571428,0.75,-0.5625,0.5,1.3125,1.1875,0.5625,0.25,0.25,-0.0625
4,1,0,0,0.10526315789473684,0.9285714285714286,0.0683387843977507,3,2,1,0,6,5,4,3,2,1,1,1,1,1,0,0,1,1,1,1,0,0,0,0,1,1,0,0,0,0,0,0,0,0,0,0,0,0,0,0,0.18045112781954886,0.007352941176470588,0.36231884057971014,0.04285714285714286,-0.11428571428571428,-0.05673758865248227,0.5390070921985816,-0.04929577464788732,0.9859154929577465,1.5602836879432624,1.7857142857142858,1.0,0.75,-0.5625,0.5625,1.25,1.1875,0.5625,0.3125,0.25
5,0,1,0,0.7819548872180451,0.0,0.8978627843089033,4,3,2,1,0,6,5,4,3,2,1,1,1,1,1,0,0,1,1,1,0,0,0,0,0,1,1,0,0,0,0,0,0,0,0,0,0,0,0,0,0.10526315789473684,0.17647058823529413,0.0,0.35714285714285715,0.04285714285714286,-0.11347517730496454,-0.05673758865248227,0.5352112676056338,-0.04929577464788732,1.0,0.9285714285714286,1.5625,1.0,0.75,-0.5,0.5,1.25,1.1875,0.625,0.3125
6,0,1,0,-0.5338345864661654,0.5,-0.5529339458310062,5,4,3,2,1,0,6,5,4,3,0,1,1,1,1,1,0,0,1,1,1,0,0,0,0,0,1,1,0,0,0,0,0,0,0,0,0,0,0,0,0.7819548872180451,0.10294117647058823,0.16666666666666666,0.0,0.35714285714285715,0.0425531914893617,-0.11347517730496454,-0.056338028169014086,0.5352112676056338,-0.0425531914893617,0.0,0.8125,1.5625,1.0,0.8125,-0.5625,0.5,1.25,1.25,0.625
0,0,0,1,-0.8270676691729323,-0.07142857142857142,-0.7057579315219907,6,5,4,3,2,1,0,6,5,4,0,0,1,1,1,1,1,0,0,1,1,1,0,0,0,0,0,1,1,0,0,0,0,0,0,0,0,0,0,0,-0.5338345864661654,0.7647058823529411,0.09420289855072464,0.16428571428571428,0.0,0.3546099290780142,0.0425531914893617,-0.11267605633802817,-0.056338028169014086,0.5460992907801419,0.5,0.0,0.8125,1.5625,1.0625,0.75,-0.5625,0.5,1.3125,1.25
1,1,0,0,-0.21052631578947367,0.35714285714285715,-0.1812760001804427,0,6,5,4,3,2,1,0,6,5,0,0,0,1,1,1,1,1,0,0,0,1,1,0,0,0,0,0,1,1,1,0,0,0,0,0,0,0,0,0,-0.8270676691729323,-0.5220588235294118,0.7463768115942029,0.09285714285714286,0.16428571428571428,0.0,0.3546099290780142,0.04225352112676056,-0.11267605633802817,-0.04964539007092199,-0.07142857142857142,0.4375,0.0,0.8125,1.625,1.0,0.75,-0.5625,0.5625,1.3125
2,1,0,0,0.022556390977443608,1.2142857142857142,0.07392289096703325,1,0,6,5,4,3,2,1,0,6,1,0,0,0,1,1,1,1,1,0,0,0,1,1,0,0,0,0,0,1,0,1,0,0,0,0,0,0,0,0,-0.21052631578947367,-0.8088235294117647,-0.5217391304347826,0.7357142857142858,0.09285714285714286,0.16312056737588654,0.0,0.352112676056338,0.04225352112676056,-0.10638297872340426,0.35714285714285715,-0.0625,0.4375,0.0,0.875,1.5625,1.0,0.75,-0.5,0.5625
3,1,0,0,0.39097744360902253,1.2142857142857142,0.3605982729250977,2,1,0,6,5,4,3,2,1,0,1,1,0,0,0,1,1,1,1,1,0,0,0,1,1,0,0,0,0,0,0,0,1,0,0,0,0,0,0,0,0.022556390977443608,-0.20588235294117646,-0.8043478260869565,-0.5142857142857142,0.7357142857142858,0.09219858156028368,0.16312056737588654,0.0,0.352112676056338,0.04964539007092199,1.2142857142857142,0.3125,-0.0625,0.4375,0.0625,0.8125,1.5625,1.0,0.8125,-0.5
4,1,0,0,0.3082706766917293,2.142857142857143,0.37969955372487113,3,2,1,0,6,5,4,3,2,1,1,1,1,0,0,0,1,1,1,1,0,0,0,0,1,1,0,0,0,0,0,0,0,1,0,0,0,0,0,0,0.39097744360902253,0.022058823529411766,-0.21014492753623187,-0.7928571428571428,-0.5142857142857142,0.7304964539007093,0.09219858156028368,0.1619718309859155,0.0,0.3617021276595745,1.2142857142857142,1.0625,0.3125,-0.0625,0.5,0.0,0.8125,1.5625,1.0625,0.8125
5,0,1,0,0.5338345864661654,0.7857142857142857,1.042228403377393,4,3,2,1,0,6,5,4,3,2,1,1,1,1,0,0,0,1,1,1,0,0,0,0,0,1,1,0,0,0,0,0,0,0,1,0,0,0,0,0,0.3082706766917293,0.38235294117647056,0.014492753623188406,-0.20714285714285716,-0.7928571428571428,-0.5106382978723404,0.7304964539007093,0.09154929577464789,0.1619718309859155,0.0070921985815602835,2.142857142857143,1.0625,1.0625,0.3125,0.0,0.4375,0.0,0.8125,1.625,1.0625
6,0,1,0,0.42857142857142855,0.9285714285714286,0.9384825454879361,5,4,3,2,1,0,6,5,4,3,0,1,1,1,1,0,0,0,1,1,1,0,0,0,0,0,1,1,0,0,0,0,0,0,0,1,0,0,0,0,0.5338345864661654,0.3014705882352941,0.3695652173913043,0.014285714285714285,-0.20714285714285716,-0.7872340425531915,-0.5106382978723404,0.7253521126760564,0.09154929577464789,0.1702127659574468,0.7857142857142857,1.875,1.0625,1.0625,0.375,-0.0625,0.4375,0.0,0.875,1.625
0,1,0,0,0.3007518796992481,-0.21428571428571427,0.019685658720088702,6,5,4,3,2,1,0,6,5,4,0,0,1,1,1,1,0,0,0,1,1,1,0,0,0,0,0,1,1,0,0,0,0,0,0,0,1,0,0,0,0.42857142857142855,0.5220588235294118,0.2898550724637681,0.36428571428571427,0.014285714285714285,-0.20567375886524822,-0.7872340425531915,-0.5070422535211268,0.7253521126760564,0.09929078014184398,0.9285714285714286,0.6875,1.875,1.0625,1.125,0.3125,-0.0625,0.4375,0.0625,0.875
1,1,0,0,0.8721804511278195,-0.07142857142857142,0.21666864741471162,0,6,5,4,3,2,1,0,6,5,1,0,0,1,1,1,1,0,0,0,0,1,1,0,0,0,0,0,1,1,0,0,0,0,0,0,0,1,0,0,0.3007518796992481,0.41911764705882354,0.5072463768115942,0.2857142857142857,0.36428571428571427,0.014184397163120567,-0.20567375886524822,-0.7816901408450704,-0.5070422535211268,0.7375886524822695,-0.21428571428571427,0.8125,0.6875,1.875,1.125,1.0625,0.3125,-0.0625,0.5,0.0625
2,1,0,0,-0.2631578947368421,0.6428571428571429,-0.2636247414436837,1,0,6,5,4,3,2,1,0,6,1,1,0,0,1,1,1,1,0,0,0,0,1,1,0,0,0,0,0,1,0,0,0,0,0,0,0,0,1,0,0.8721804511278195,0.29411764705882354,0.4057971014492754,0.5,0.2857142857142857,0.3617021276595745,0.014184397163120567,-0.20422535211267606,-0.7816901408450704,-0.5035460992907801,-0.07142857142857142,-0.1875,0.8125,0.6875,1.9375,1.0625,1.0625,0.3125,0.0,0.5
3,1,0,0,-0.42857142857142855,-0.07142857142857142,-0.5215875203255663,2,1,0,6,5,4,3,2,1,0,1,1,1,0,0,1,1,1,1,0,0,0,0,1,1,0,0,0,0,0,0,0,0,0,0,0,0,0,0,1,-0.2631578947368421,0.8529411764705882,0.2826086956521739,0.4,0.5,0.28368794326241137,0.3617021276595745,0.014084507042253521,-0.20422535211267606,-0.7801418439716312,0.6428571428571429,-0.0625,-0.1875,0.8125,0.75,1.875,1.0625,1.0625,0.375,0.0
4,1,0,0,-0.5338345864661654,-0.42857142857142855,-0.4162078315342874,3,2,1,0,6,5,4,3,2,1,1,1,1,1,0,0,1,1,1,1,0,0,0,0,1,1,0,0,0,0,0,0,0,0,0,0,0,0,0,0,-0.42857142857142855,-0.25735294117647056,0.8333333333333334,0.2785714285714286,0.4,0.49645390070921985,0.28368794326241137,0.3591549295774648,0.014084507042253521,-0.19858156028368795,-0.07142857142857142,0.5625,-0.0625,-0.1875,0.875,0.6875,1.875,1.0625,1.125,0.375
5,0,1,0,-0.12781954887218044,-0.2857142857142857,0.10023592655615238,4,3,2,1,0,6,5,4,3,2,1,1,1,1,1,0,0,1,1,1,0,0,0,0,0,1,1,0,0,0,0,0,0,0,0,0,0,0,0,0,-0.5338345864661654,-0.41911764705882354,-0.2608695652173913,0.8214285714285714,0.2785714285714286,0.3971631205673759,0.49645390070921985,0.28169014084507044,0.3591549295774648,0.02127659574468085,-0.42857142857142855,-0.0625,0.5625,-0.0625,-0.125,0.8125,0.6875,1.875,1.125,1.125
6,0,1,0,-0.3308270676691729,0.6428571428571429,-0.0850462224157936,5,4,3,2,1,0,6,5,4,3,0,1,1,1,1,1,0,0,1,1,1,0,0,0,0,0,1,1,0,0,0,0,0,0,0,0,0,0,0,0,-0.12781954887218044,-0.5220588235294118,-0.42028985507246375,-0.2571428571428571,0.8214285714285714,0.2765957446808511,0.3971631205673759,0.49295774647887325,0.28169014084507044,0.36879432624113473,-0.2857142857142857,-0.375,-0.0625,0.5625,0.0,-0.1875,0.8125,0.6875,1.9375,1.125
0,1,0,0,0.39097744360902253,0.07142857142857142,0.5376808119555662,6,5,4,3,2,1,0,6,5,4,0,0,1,1,1,1,1,0,0,1,1,1,0,0,0,0,0,1,1,0,0,0,0,0,0,0,0,0,0,0,-0.3308270676691729,-0.125,-0.5217391304347826,-0.4142857142857143,-0.2571428571428571,0.8156028368794326,0.2765957446808511,0.39436619718309857,0.49295774647887325,0.2907801418439716,0.6428571428571429,-0.25,-0.375,-0.0625,0.625,-0.0625,-0.1875,0.8125,0.75,1.9375
1,1,0,0,-0.45112781954887216,0.5714285714285714,-0.25272994023178647,0,6,5,4,3,2,1,0,6,5,1,0,0,1,1,1,1,1,0,0,0,1,1,0,0,0,0,0,1,1,0,0,0,0,0,0,0,0,0,0,0.39097744360902253,-0.3235294117647059,-0.13043478260869565,-0.5142857142857142,-0.4142857142857143,-0.2553191489361702,0.8156028368794326,0.2746478873239437,0.39436619718309857,0.5035460992907801,0.07142857142857142,0.5625,-0.25,-0.375,0.0,0.5625,-0.0625,-0.1875,0.875,0.75
2,1,0,0,-0.09022556390977443,1.4285714285714286,0.21249808508606635,1,0,6,5,4,3,2,1,0,6,1,1,0,0,1,1,1,1,1,0,0,0,1,1,0,0,0,0,0,1,0,0,0,0,0,0,0,0,0,0,-0.45112781954887216,0.38235294117647056,-0.32608695652173914,-0.12857142857142856,-0.5142857142857142,-0.41134751773049644,-0.2553191489361702,0.8098591549295775,0.2746478873239437,0.40425531914893614,0.5714285714285714,0.0625,0.5625,-0.25,-0.3125,-0.0625,0.5625,-0.0625,-0.125,0.875
3,1,0,0,0.42857142857142855,0.7857142857142857,0.6569529866589177,2,1,0,6,5,4,3,2,1,0,1,1,1,0,0,1,1,1,1,1,0,0,0,1,1,0,0,0,0,0,0,0,0,0,0,0,0,0,0,0,-0.09022556390977443,-0.4411764705882353,0.3695652173913043,-0.32142857142857145,-0.12857142857142856,-0.5106382978723404,-0.41134751773049644,-0.2535211267605634,0.8098591549295775,0.28368794326241137,1.4285714285714286,0.5,0.0625,0.5625,-0.1875,-0.375,-0.0625,0.5625,0.0,-0.125
