DIA_SEMANA,LABORAL,FIN_DE_SEMANA,FESTIVO,PORCENTAJE_USO,NUMERO_CONEXIONES,USAGE_KB,DIA_SEMANA_lag_1,DIA_SEMANA_lag_2,DIA_SEMANA_lag_3,DIA_SEMANA_lag_4,DIA_SEMANA_lag_5,DIA_SEMANA_lag_6,DIA_SEMANA_lag_7,DIA_SEMANA_lag_8,DIA_SEMANA_lag_9,DIA_SEMANA_lag_10,LABORAL_lag_1,LABORAL_lag_2,LABORAL_lag_3,LABORAL_lag_4,LABORAL_lag_5,LABORAL_lag_6,LABORAL_lag_7,LABORAL_lag_8,LABORAL_lag_9,LABORAL_lag_10,FIN_DE_SEMANA_lag_1,FIN_DE_SEMANA_lag_2,FIN_DE_SEMANA_lag_3,FIN_DE_SEMANA_lag_4,FIN_DE_SEMANA_lag_5,FIN_DE_SEMANA_lag_6,FIN_DE_SEMANA_lag_7,FIN_DE_SEMANA_lag_8,FIN_DE_SEMANA_lag_9,FIN_DE_SEMANA_lag_10,FESTIVO_lag_1,FESTIVO_lag_2,FESTIVO_lag_3,FESTIVO_lag_4,FESTIVO_lag_5,FESTIVO_lag_6,FESTIVO_lag_7,FESTIVO_lag_8,FESTIVO_lag_9,FESTIVO_lag_10,PORCENTAJE_USO_lag_1,PORCENTAJE_USO_lag_2,PORCENTAJE_USO_lag_3,PORCENTAJE_USO_lag_4,PORCENTAJE_USO_lag_5,PORCENTAJE_USO_lag_6,PORCENTAJE_USO_lag_7,PORCENTAJE_USO_lag_8,PORCENTAJE_USO_lag_9,PORCENTAJE_USO_lag_10,NUMERO_CONEXIONES_lag_1,NUMERO_CONEXIONES_lag_2,NUMERO_CONEXIONES_lag_3,NUMERO_CONEXIONES_lag_4,NUMERO_CONEXIONES_lag_5,NUMERO_CONEXIONES_lag_6,NUMERO_CONEXIONES_lag_7,NUMERO_CONEXIONES_lag_8,NUMERO_CONEXIONES_lag_9,NUMERO_CONEXIONES_lag_10
5,0,1,0,0.3729328621908128,0.17391304347826086,-0.2835812293425793,4,3,2,1,0,6,5,4,3,2,1,1,1,1,1,0,0,1,1,1,0,0,0,0,0,1,1,0,0,0,0,0,0,0,0,0,0,0,0,0,4.824381625441696,1.7023658639628223,-0.21975778059428247,-0.3503027742571469,0.3943810730882974,0.7135814470212473,0.17226774059158453,-0.4855749128919861,4.789268292682927,-0.4584827586206896,-1.0,-0.2222222222222222,-0.17391304347826086,-0.6470588235294118,-0.6176470588235294,-0.23529411764705882,-0.4117647058823529,0.23529411764705882,-0.23529411764705882,-0.7384615384615385
6,0,1,0,0.011519434628975334,0.17391304347826086,-0.44674627961088387,5,4,3,2,1,0,6,5,4,3,0,1,1,1,1,1,0,0,1,1,1,0,0,0,0,0,1,1,0,0,0,0,0,0,0,0,0,0,0,0,0.3729328621908128,4.792634840163358,1.7164483875510492,-0.21975778059428247,-0.3503027742571469,0.3889043188446049,0.7135814470212473,0.18425087108013935,-0.4855749128919861,4.746620689655172,0.16666666666666666,-1.0,-0.2318840579710145,-0.17647058823529413,-0.6176470588235294,-0.5882352941176471,-0.23529411764705882,-0.4117647058823529,0.23529411764705882,-0.24615384615384617
0,0,0,1,2.3763250883392226,0.057971014492753624,0.1486975122973516,6,5,4,3,2,1,0,6,5,4,0,0,1,1,1,1,1,0,0,1,1,1,0,0,0,0,0,1,1,0,0,0,0,0,0,0,0,0,0,0,0.011519434628975334,0.3574848612871428,4.806717363751584,1.7164483875510492,-0.21975778059428247,-0.3454381335925566,0.3889043188446049,0.7275261324041812,0.18425087108013935,-0.4736551724137931,0.16666666666666666,0.16666666666666666,-1.0434782608695652,-0.23529411764705882,-0.14705882352941177,-0.5882352941176471,-0.5882352941176471,-0.23529411764705882,-0.4117647058823529,0.24615384615384617
1,1,0,0,1.4142049469964666,0.057971014492753624,-0.04677434488603633,0,6,5,4,3,2,1,0,6,5,0,0,0,1,1,1,1,1,0,0,0,1,1,0,0,0,0,0,1,1,1,0,0,0,0,0,0,0,0,0,2.3763250883392226,-0.002605266863821929,0.3715673848753698,4.806717363751584,1.7164483875510492,-0.2167060130537425,-0.3454381335925566,0.40167247386759575,0.7275261324041812,0.18924137931034482,0.05555555555555555,0.16666666666666666,0.17391304347826086,-1.0588235294117647,-0.20588235294117646,-0.11764705882352941,-0.5882352941176471,-0.5882352941176471,-0.23529411764705882,-0.4307692307692308
2,1,0,0,1.7185159010600708,-0.34782608695652173,-0.0014561645738825329,1,0,6,5,4,3,2,1,0,6,1,0,0,0,1,1,1,1,1,0,0,0,1,1,0,0,0,0,0,1,0,1,0,0,0,0,0,0,0,0,1.4142049469964666,2.3535417546824395,0.011477256724405083,0.3715673848753698,4.806717363751584,1.6926121372031664,-0.2167060130537425,-0.33533101045296165,0.40167247386759575,0.7268965517241379,0.05555555555555555,0.05555555555555555,0.17391304347826086,0.17647058823529413,-1.0294117647058822,-0.17647058823529413,-0.11764705882352941,-0.5882352941176471,-0.5882352941176471,-0.24615384615384617
3,1,0,0,3.652791519434629,-0.5797101449275363,0.4746467269568917,2,1,0,6,5,4,3,2,1,0,1,1,0,0,0,1,1,1,1,1,0,0,0,1,1,0,0,0,0,0,0,0,1,0,0,0,0,0,0,0,1.7185159010600708,1.3949443740318268,2.3676242782706662,0.011477256724405083,0.3715673848753698,4.739966671295654,1.6926121372031664,-0.20613240418118467,-0.33533101045296165,0.40441379310344816,-0.3333333333333333,0.05555555555555555,0.057971014492753624,0.17647058823529413,0.20588235294117646,-1.0,-0.17647058823529413,-0.11764705882352941,-0.5882352941176471,-0.6153846153846154
4,1,0,0,0.5378798586572439,-0.6956521739130435,-0.30285605938478577,3,2,1,0,6,5,4,3,2,1,1,1,1,0,0,0,1,1,1,1,0,0,0,0,1,1,0,0,0,0,0,0,0,1,0,0,0,0,0,0,3.652791519434629,1.6981411068863543,1.4090268976200537,2.3676242782706662,0.011477256724405083,0.3664074434106375,4.739966671295654,1.7101045296167245,-0.20613240418118467,-0.3249655172413793,-0.5555555555555556,-0.3333333333333333,0.057971014492753624,0.058823529411764705,0.20588235294117646,0.23529411764705882,-1.0,-0.17647058823529413,-0.11764705882352941,-0.6153846153846154
5,0,1,0,0.15625441696113074,-0.4057971014492754,-0.5242231445525941,4,3,2,1,0,6,5,4,3,2,1,1,1,1,0,0,0,1,1,1,0,0,0,0,0,1,1,0,0,0,0,0,0,0,1,0,0,0,0,0,0.5378798586572439,3.625334459935221,1.7122236304745815,1.4090268976200537,2.3676242782706662,0.011317872517705942,0.3664074434106375,4.768501742160279,1.7101045296167245,-0.19710344827586207,-0.6666666666666666,-0.5555555555555556,-0.34782608695652173,0.058823529411764705,0.08823529411764706,0.23529411764705882,0.23529411764705882,-1.0,-0.17647058823529413,-0.12307692307692308
6,0,1,0,1.9049469964664312,-0.34782608695652173,-0.3085275837385118,5,4,3,2,1,0,6,5,4,3,0,1,1,1,1,0,0,0,1,1,1,0,0,0,0,0,1,1,0,0,0,0,0,0,0,1,0,0,0,0,0.15625441696113074,0.521827911561752,3.639416983523448,1.7122236304745815,1.4090268976200537,2.33474517428135,0.011317872517705942,0.3790940766550523,4.768501742160279,1.6993103448275861,-0.3888888888888889,-0.6666666666666666,-0.5797101449275363,-0.35294117647058826,0.08823529411764706,0.11764705882352941,0.23529411764705882,0.23529411764705882,-1.0,-0.18461538461538463
0,1,0,0,2.8103886925795054,1.4492753623188406,-0.14094670743927473,6,5,4,3,2,1,0,6,5,4,0,0,1,1,1,1,0,0,0,1,1,1,0,0,0,0,0,1,1,0,0,0,0,0,0,0,1,0,0,0,1.9049469964664312,0.1415997746796226,0.535910435149979,3.639416983523448,1.7122236304745815,1.3894597972503822,2.33474517428135,0.02271777003484324,0.3790940766550523,4.726068965517241,-0.3333333333333333,-0.3888888888888889,-0.6956521739130435,-0.5882352941176471,-0.3235294117647059,0.11764705882352941,0.11764705882352941,0.23529411764705882,0.23529411764705882,-1.0461538461538462
1,1,0,0,9.280777385159011,0.17391304347826086,0.303480289016649,0,6,5,4,3,2,1,0,6,5,1,0,0,1,1,1,1,0,0,0,0,1,1,0,0,0,0,0,1,1,0,0,0,0,0,0,0,1,0,0,2.8103886925795054,1.8838895930150685,0.15568229826784963,0.535910435149979,3.639416983523448,1.6884460491598392,1.3894597972503822,2.3545644599303137,0.02271777003484324,0.3820689655172414,1.3888888888888888,-0.3333333333333333,-0.4057971014492754,-0.7058823529411765,-0.5588235294117647,-0.29411764705882354,0.11764705882352941,0.11764705882352941,0.23529411764705882,0.24615384615384617
2,1,0,0,6.67017667844523,-0.2318840579710145,-0.233874508683669,1,0,6,5,4,3,2,1,0,6,1,1,0,0,1,1,1,1,0,0,0,0,1,1,0,0,0,0,0,1,0,0,0,0,0,0,0,0,1,0,9.280777385159011,2.786016054076891,1.8979721166032957,0.15568229826784963,0.535910435149979,3.5888765449243167,1.6884460491598392,1.4058536585365855,2.3545644599303137,0.02937931034482762,0.16666666666666666,1.3888888888888888,-0.34782608695652173,-0.4117647058823529,-0.6764705882352942,-0.5294117647058824,-0.29411764705882354,0.11764705882352941,0.11764705882352941,0.24615384615384617
3,1,0,0,-0.7151236749116607,-1.565217391304348,-0.6632425917279272,2,1,0,6,5,4,3,2,1,0,1,1,1,0,0,1,1,1,1,0,0,0,0,1,1,0,0,0,0,0,0,0,0,0,0,0,0,0,0,1,6.67017667844523,9.232713702295452,2.800098577665118,1.8979721166032957,0.15568229826784963,0.5284682682960702,3.5888765449243167,1.7059233449477353,1.4058536585365855,2.337103448275862,-0.2222222222222222,0.16666666666666666,1.4492753623188406,-0.35294117647058826,-0.38235294117647056,-0.6470588235294118,-0.5294117647058824,-0.29411764705882354,0.11764705882352941,0.12307692307692308
4,1,0,0,0.7293992932862191,-0.7536231884057971,-0.4080546225986162,3,2,1,0,6,5,4,3,2,1,1,1,1,1,0,0,1,1,1,1,0,0,0,0,1,1,0,0,0,0,0,0,0,0,0,0,0,0,0,0,-0.7151236749116607,6.631671595549924,9.24679622588368,2.800098577665118,1.8979721166032957,0.1535203443966116,0.5284682682960702,3.6132404181184667,1.7059233449477353,1.3982068965517243,-1.5,-0.2222222222222222,0.17391304347826086,1.4705882352941178,-0.3235294117647059,-0.35294117647058826,-0.6470588235294118,-0.5294117647058824,-0.29411764705882354,0.12307692307692308
5,0,1,0,0.29222614840989397,-0.9855072463768116,-0.3559712631629064,4,3,2,1,0,6,5,4,3,2,1,1,1,1,1,0,0,1,1,1,0,0,0,0,0,1,1,0,0,0,0,0,0,0,0,0,0,0,0,0,0.7293992932862191,-0.7265878045345727,6.645754119138151,9.24679622588368,2.800098577665118,1.8716150534647968,0.1535203443966116,0.5417421602787457,3.6132404181184667,1.6951724137931035,-0.7222222222222222,-1.5,-0.2318840579710145,0.17647058823529413,1.5,-0.29411764705882354,-0.35294117647058826,-0.6470588235294118,-0.5294117647058824,-0.3076923076923077
6,0,1,0,1.5819787985865725,-0.6956521739130435,0.2387475091372239,5,4,3,2,1,0,6,5,4,3,0,1,1,1,1,1,0,0,1,1,1,0,0,0,0,0,1,1,0,0,0,0,0,0,0,0,0,0,0,0,0.29222614840989397,0.712646106182228,-0.7125052809463457,6.645754119138151,9.24679622588368,2.761213720316623,1.8716150534647968,0.1654355400696864,0.5417421602787457,3.5827586206896553,-0.9444444444444444,-0.7222222222222222,-1.565217391304348,-0.23529411764705882,0.20588235294117646,1.5294117647058822,-0.29411764705882354,-0.35294117647058826,-0.6470588235294118,-0.5538461538461539
0,1,0,0,2.9552650176678443,-1.4492753623188406,0.2081496770126742,6,5,4,3,2,1,0,6,5,4,0,0,1,1,1,1,1,0,0,1,1,1,0,0,0,0,0,1,1,0,0,0,0,0,0,0,0,0,0,0,1.5819787985865725,0.27707365159836644,0.726728629770455,-0.7125052809463457,6.645754119138151,9.11838633523122,2.761213720316623,1.8897560975609757,0.1654355400696864,0.5430344827586208,-0.6666666666666666,-0.9444444444444444,-0.7536231884057971,-1.588235294117647,-0.20588235294117646,0.23529411764705882,1.5294117647058822,-0.29411764705882354,-0.35294117647058826,-0.676923076923077
1,1,0,0,0.1479151943462898,-0.7536231884057971,-0.44705032009170215,0,6,5,4,3,2,1,0,6,5,1,0,0,1,1,1,1,1,0,0,0,1,1,0,0,0,0,0,1,1,0,0,0,0,0,0,0,0,0,0,2.9552650176678443,1.5621039290240815,0.2911561751865934,0.726728629770455,-0.7125052809463457,6.553464796556035,9.11838633523122,2.7825783972125437,1.8897560975609757,0.17062068965517238,-1.3888888888888888,-0.6666666666666666,-0.9855072463768116,-0.7647058823529411,-1.5588235294117647,-0.17647058823529413,0.23529411764705882,1.5294117647058822,-0.29411764705882354,-0.36923076923076925
2,1,0,0,0.18636042402826858,-0.11594202898550725,-0.4887807113600605,1,0,6,5,4,3,2,1,0,6,1,1,0,0,1,1,1,1,1,0,0,0,1,1,0,0,0,0,0,1,0,0,0,0,0,0,0,0,0,0,0.1479151943462898,2.9303619208562175,1.5761864526123084,0.2911561751865934,0.726728629770455,-0.7026107485071519,6.553464796556035,9.162787456445992,2.7825783972125437,1.8771034482758622,-0.7222222222222222,-1.3888888888888888,-0.6956521739130435,-1.0,-0.7352941176470589,-1.5294117647058822,-0.17647058823529413,0.23529411764705882,1.5294117647058822,-0.3076923076923077
3,1,0,0,-0.673851590106007,-1.0434782608695652,-0.6551727114202004,2,1,0,6,5,4,3,2,1,0,1,1,1,0,0,1,1,1,1,1,0,0,0,1,1,0,0,0,0,0,0,0,0,0,0,0,0,0,0,0,0.18636042402826858,0.1332910857625687,2.9444444444444446,1.5761864526123084,0.2911561751865934,0.7166365782530205,-0.7026107485071519,6.588571428571429,9.162787456445992,2.760689655172414,-0.1111111111111111,-0.7222222222222222,-1.4492753623188406,-0.7058823529411765,-0.9705882352941176,-0.7058823529411765,-1.5294117647058822,-0.17647058823529413,0.23529411764705882,1.6
4,1,0,0,-0.6615547703180212,-0.6956521739130435,-0.6510364244393976,3,2,1,0,6,5,4,3,2,1,1,1,1,1,0,0,1,1,1,1,0,0,0,0,1,1,0,0,0,0,0,0,0,0,0,0,0,0,0,0,-0.673851590106007,0.17159554992254616,0.14737360935079574,2.9444444444444446,1.5761864526123084,0.28711290098597414,0.7166365782530205,-0.6937979094076655,6.588571428571429,9.074896551724137,-1.0,-0.1111111111111111,-0.7536231884057971,-1.4705882352941178,-0.6764705882352942,-0.9411764705882353,-0.7058823529411765,-1.5294117647058822,-0.17647058823529413,0.24615384615384617
5,0,1,0,-0.712720848056537,-0.927536231884058,-0.6620091674330324,4,3,2,1,0,6,5,4,3,2,1,1,1,1,1,0,0,1,1,1,0,0,0,0,0,1,1,0,0,0,0,0,0,0,0,0,0,0,0,0,-0.6615547703180212,-0.6854668356569498,0.18567807351077317,0.14737360935079574,2.9444444444444446,1.5542980141646996,0.28711290098597414,0.7305923344947736,-0.6937979094076655,6.527310344827587,-0.6666666666666666,-1.0,-0.11594202898550725,-0.7647058823529411,-1.4411764705882353,-0.6470588235294118,-0.9411764705882353,-0.7058823529411765,-1.5294117647058822,-0.18461538461538463
6,0,1,0,-0.7117314487632508,-0.5217391304347826,-0.6618510218349511,5,4,3,2,1,0,6,5,4,3,0,1,1,1,1,1,0,0,1,1,1,0,0,0,0,0,1,1,0,0,0,0,0,0,0,0,0,0,0,0,-0.712720848056537,-0.6732150401351923,-0.6713843120687227,0.18567807351077317,0.14737360935079574,2.9035550617969728,1.5542980141646996,0.29951219512195115,0.7305923344947736,-0.6797241379310345,-0.8888888888888888,-0.6666666666666666,-1.0434782608695652,-0.11764705882352941,-0.7352941176470589,-1.411764705882353,-0.6470588235294118,-0.9411764705882353,-0.7058823529411765,-1.6
0,0,0,1,-0.713851590106007,-1.5072463768115942,-0.6622413741738772,6,5,4,3,2,1,0,6,5,4,0,0,1,1,1,1,1,0,0,1,1,1,0,0,0,0,0,1,1,0,0,0,0,0,0,0,0,0,0,0,-0.7117314487632508,-0.7241937755245741,-0.6591325165469653,-0.6713843120687227,0.18567807351077317,0.14532703791140125,2.9035550617969728,1.5712891986062718,0.29951219512195115,0.7299310344827586,-0.5,-0.8888888888888888,-0.6956521739130435,-1.0588235294117647,-0.08823529411764706,-0.7058823529411765,-1.411764705882353,-0.6470588235294118,-0.9411764705882353,-0.7384615384615385
1,1,0,0,-0.7134275618374557,-1.2753623188405796,-0.6619701878842096,0,6,5,4,3,2,1,0,6,5,0,0,0,1,1,1,1,1,0,0,0,1,1,0,0,0,0,0,1,1,1,0,0,0,0,0,0,0,0,0,-0.713851590106007,-0.7232079988733982,-0.710111251936347,-0.6591325165469653,-0.6713843120687227,0.1830995695042356,0.14532703791140125,2.925435540069686,1.5712891986062718,0.3033103448275861,-1.4444444444444444,-0.5,-0.927536231884058,-0.7058823529411765,-1.0294117647058822,-0.058823529411764705,-0.7058823529411765,-1.411764705882353,-0.6470588235294118,-0.9846153846153847
2,1,0,0,-0.7152650176678444,-1.3333333333333333,-0.6626506594365172,1,0,6,5,4,3,2,1,0,6,1,0,0,0,1,1,1,1,1,0,0,0,1,1,0,0,0,0,0,1,0,1,0,0,0,0,0,0,0,0,-0.7134275618374557,-0.7253203774116322,-0.7091254752851711,-0.710111251936347,-0.6591325165469653,-0.6620608248854326,0.1830995695042356,0.157212543554007,2.925435540069686,1.5619310344827588,-1.2222222222222223,-1.4444444444444444,-0.5217391304347826,-0.9411764705882353,-0.6764705882352942,-1.0,-0.058823529411764705,-0.7058823529411765,-1.411764705882353,-0.676923076923077
3,1,0,0,-0.07597173144876325,-0.2898550724637681,-0.43834841424234755,2,1,0,6,5,4,3,2,1,0,1,1,0,0,0,1,1,1,1,1,0,0,0,1,1,0,0,0,0,0,0,0,1,0,0,0,0,0,0,0,-0.7152650176678444,-0.7248979017039854,-0.7112378538234052,-0.7091254752851711,-0.710111251936347,-0.6499791695597834,-0.6620608248854326,0.1951219512195122,0.157212543554007,2.902068965517241,-1.2777777777777777,-1.2222222222222223,-1.5072463768115942,-0.5294117647058824,-0.9117647058823529,-0.6470588235294118,-1.0,-0.058823529411764705,-0.7058823529411765,-1.476923076923077
4,1,0,0,-0.5859363957597173,-0.5797101449275363,-0.5989062895451003,3,2,1,0,6,5,4,3,2,1,1,1,1,0,0,0,1,1,1,1,0,0,0,0,1,1,0,0,0,0,0,0,0,1,0,0,0,0,0,0,-0.07597173144876325,-0.7267286297704549,-0.7108153781157583,-0.7112378538234052,-0.7091254752851711,-0.7002499652825996,-0.6499791695597834,-0.6531010452961672,0.1951219512195122,0.16248275862068967,-0.2777777777777778,-1.2777777777777777,-1.2753623188405796,-1.5294117647058822,-0.5,-0.8823529411764706,-0.6470588235294118,-1.0,-0.058823529411764705,-0.7384615384615385
5,0,1,0,-0.5766077738515901,-0.6956521739130435,-0.5704367407862787,4,3,2,1,0,6,5,4,3,2,1,1,1,1,0,0,0,1,1,1,0,0,0,0,0,1,1,0,0,0,0,0,0,0,1,0,0,0,0,0,-0.5859363957597173,-0.0897760878749472,-0.7126461061822279,-0.7108153781157583,-0.7112378538234052,-0.69927787807249,-0.7002499652825996,-0.6409756097560976,-0.6531010452961672,0.2,-0.5555555555555556,-0.2777777777777778,-1.3333333333333333,-1.2941176470588236,-1.5,-0.47058823529411764,-0.8823529411764706,-0.6470588235294118,-1.0,-0.06153846153846154
6,0,1,0,0.17180212014134277,-0.6956521739130435,0.01590588332251651,5,4,3,2,1,0,6,5,4,3,0,1,1,1,1,0,0,0,1,1,1,0,0,0,0,0,1,1,0,0,0,0,0,0,0,1,0,0,0,0,-0.5766077738515901,-0.5978735389381777,-0.0756935642867202,-0.7126461061822279,-0.7108153781157583,-0.7013609220941536,-0.69927787807249,-0.6914285714285714,-0.6409756097560976,-0.639448275862069,-0.6666666666666666,-0.5555555555555556,-0.2898550724637681,-1.3529411764705883,-1.2647058823529411,-1.4705882352941178,-0.47058823529411764,-0.8823529411764706,-0.6470588235294118,-1.0461538461538462
0,0,0,1,-0.31229681978798585,-0.8695652173913043,-0.3825347119842901,6,5,4,3,2,1,0,6,5,4,0,0,1,1,1,1,0,0,0,1,1,1,0,0,0,0,0,1,1,0,0,0,0,0,0,0,1,0,0,0,0.17180212014134277,-0.588579073369948,-0.5837910153499508,-0.0756935642867202,-0.7126461061822279,-0.7009443132898209,-0.7013609220941536,-0.6904529616724738,-0.6914285714285714,-0.627448275862069,-0.6666666666666666,-0.6666666666666666,-0.5797101449275363,-0.29411764705882354,-1.3235294117647058,-1.2352941176470589,-1.4705882352941178,-0.47058823529411764,-0.8823529411764706,-0.676923076923077
1,1,0,0,0.08897526501766786,-0.2318840579710145,-0.05550019531538214,0,6,5,4,3,2,1,0,6,5,0,0,0,1,1,1,1,0,0,0,0,1,1,0,0,0,0,0,1,1,1,0,0,0,0,0,0,1,0,0,-0.31229681978798585,0.15709055062667235,-0.5744965497817209,-0.5837910153499508,-0.0756935642867202,-0.702749618108596,-0.7009443132898209,-0.6925435540069687,-0.6904529616724738,-0.6773793103448276,-0.8333333333333334,-0.6666666666666666,-0.6956521739130435,-0.5882352941176471,-0.2647058823529412,-1.2941176470588236,-1.2352941176470589,-1.4705882352941178,-0.47058823529411764,-0.9230769230769231
2,1,0,0,0.23257950530035335,-0.34782608695652173,-0.05645408056014725,1,0,6,5,4,3,2,1,0,6,1,0,0,0,1,1,1,1,0,0,0,0,1,1,0,0,0,0,0,1,0,1,0,0,0,0,0,0,1,0,0.08897526501766786,-0.3252358822701028,0.17117307421489936,-0.5744965497817209,-0.5837910153499508,-0.07464241077628109,-0.702749618108596,-0.6921254355400697,-0.6925435540069687,-0.6764137931034483,-0.2222222222222222,-0.8333333333333334,-0.6956521739130435,-0.7058823529411765,-0.5588235294117647,-0.23529411764705882,-1.2941176470588236,-1.2352941176470589,-1.4705882352941178,-0.49230769230769234
3,1,0,0,0.03922261484098948,0.2898550724637681,-0.09052276308202382,2,1,0,6,5,4,3,2,1,0,1,1,0,0,0,1,1,1,1,0,0,0,0,1,1,0,0,0,0,0,0,0,1,0,0,0,0,0,0,1,0.23257950530035335,0.07456696239966205,-0.3111533586818758,0.17117307421489936,-0.5744965497817209,-0.5756839327871129,-0.07464241077628109,-0.6939372822299651,-0.6921254355400697,-0.6784827586206896,-0.3333333333333333,-0.2222222222222222,-0.8695652173913043,-0.7058823529411765,-0.6764705882352942,-0.5294117647058824,-0.23529411764705882,-1.2941176470588236,-1.2352941176470589,-1.5384615384615385
4,1,0,0,-0.20925795053003532,-0.17391304347826086,-0.29806101802887663,3,2,1,0,6,5,4,3,2,1,1,1,1,0,0,0,1,1,1,1,0,0,0,0,1,1,0,0,0,0,0,0,0,1,0,0,0,0,0,0,0.03922261484098948,0.21764540205604846,0.08864948598788906,-0.3111533586818758,0.17117307421489936,-0.566518539091793,-0.5756839327871129,-0.06355400696864115,-0.6939372822299651,-0.6780689655172414,0.2777777777777778,-0.3333333333333333,-0.2318840579710145,-0.8823529411764706,-0.6764705882352942,-0.6470588235294118,-0.5294117647058824,-0.23529411764705882,-1.2941176470588236,-1.2923076923076924
5,0,1,0,-0.5915901060070671,0.11594202898550725,-0.5715042235733276,4,3,2,1,0,6,5,4,3,2,1,1,1,1,0,0,0,1,1,1,0,0,0,0,0,1,1,0,0,0,0,0,0,0,1,0,0,0,0,0,-0.20925795053003532,0.024996479369103028,0.23172792564427547,0.08864948598788906,-0.3111533586818758,0.16879600055547844,-0.566518539091793,-0.566411149825784,-0.06355400696864115,-0.6798620689655173,-0.16666666666666666,0.2777777777777778,-0.34782608695652173,-0.23529411764705882,-0.8529411764705882,-0.6470588235294118,-0.6470588235294118,-0.5294117647058824,-0.23529411764705882,-1.353846153846154
6,0,1,0,1.211802120141343,0.0,0.6429442701037719,5,4,3,2,1,0,6,5,4,3,0,1,1,1,1,0,0,0,1,1,1,0,0,0,0,0,1,1,0,0,0,0,0,0,0,1,0,0,0,0,-0.5915901060070671,-0.2225742853119279,0.039079002957330036,0.23172792564427547,0.08864948598788906,-0.3068323843910568,0.16879600055547844,-0.5572125435540071,-0.566411149825784,-0.05600000000000003,0.1111111111111111,-0.16666666666666666,0.2898550724637681,-0.35294117647058826,-0.20588235294117646,-0.8235294117647058,-0.6470588235294118,-0.6470588235294118,-0.5294117647058824,-0.24615384615384617
0,1,0,0,-0.10240282685512364,-0.8695652173913043,-0.2734070102491155,6,5,4,3,2,1,0,6,5,4,0,0,1,1,1,1,0,0,0,1,1,1,0,0,0,0,0,1,1,0,0,0,0,0,0,0,1,0,0,0,1.211802120141343,-0.6035065483734685,-0.2084917617237009,0.039079002957330036,0.23172792564427547,0.08741841410915153,-0.3068323843910568,0.18076655052264806,-0.5572125435540071,-0.5536551724137931,0.0,0.1111111111111111,-0.17391304347826086,0.29411764705882354,-0.3235294117647059,-0.17647058823529413,-0.8235294117647058,-0.6470588235294118,-0.6470588235294118,-0.5538461538461539
1,1,0,0,0.1872084805653711,-0.2318840579710145,-0.09343620593118383,0,6,5,4,3,2,1,0,6,5,1,0,0,1,1,1,1,0,0,0,0,1,1,0,0,0,0,0,1,1,0,0,0,0,0,0,0,1,0,0,-0.10240282685512364,1.1932826362484161,-0.5894240247852416,-0.2084917617237009,0.039079002957330036,0.22850992917650326,0.08741841410915153,-0.2965853658536586,0.18076655052264806,-0.5445517241379311,-0.8333333333333334,0.0,0.11594202898550725,-0.17647058823529413,0.3235294117647059,-0.29411764705882354,-0.17647058823529413,-0.8235294117647058,-0.6470588235294118,-0.676923076923077
2,1,0,0,-0.1462190812720848,-0.2318840579710145,-0.23328870174993116,1,0,6,5,4,3,2,1,0,6,1,1,0,0,1,1,1,1,0,0,0,0,1,1,0,0,0,0,0,1,0,0,0,0,0,0,0,0,1,0,0.1872084805653711,-0.11611040698493168,1.207365159836643,-0.5894240247852416,-0.2084917617237009,0.03853631440077775,0.22850992917650326,0.09909407665505225,-0.2965853658536586,0.18579310344827585,-0.2222222222222222,-0.8333333333333334,0.0,0.11764705882352941,-0.14705882352941177,0.35294117647058826,-0.29411764705882354,-0.17647058823529413,-0.8235294117647058,-0.676923076923077
3,1,0,0,0.07300353356890459,-0.34782608695652173,-0.10054830303926326,2,1,0,6,5,4,3,2,1,0,1,1,1,0,0,1,1,1,1,0,0,0,0,1,1,0,0,0,0,0,0,0,0,0,0,0,0,0,0,1,-0.1462190812720848,0.17244050133783984,-0.10202788339670467,1.207365159836643,-0.5894240247852416,-0.20559644493820306,0.03853631440077775,0.2406968641114982,0.09909407665505225,-0.28662068965517246,-0.2222222222222222,-0.2222222222222222,-0.8695652173913043,0.0,0.14705882352941177,-0.11764705882352941,0.35294117647058826,-0.29411764705882354,-0.17647058823529413,-0.8615384615384616
4,1,0,0,-0.16445229681978796,0.057971014492753624,-0.22297304257931017,3,2,1,0,6,5,4,3,2,1,1,1,1,1,0,0,1,1,1,1,0,0,0,0,1,1,0,0,0,0,0,0,0,0,0,0,0,0,0,0,0.07300353356890459,-0.15976623010843544,0.18652302492606684,-0.10202788339670467,1.207365159836643,-0.5812387168448827,-0.20559644493820306,0.05003484320557496,0.2406968641114982,0.1049655172413793,-0.3333333333333333,-0.2222222222222222,-0.2318840579710145,-0.8823529411764706,0.029411764705882353,0.17647058823529413,-0.11764705882352941,0.35294117647058826,-0.29411764705882354,-0.18461538461538463
5,0,1,0,1.3131448763250884,0.17391304347826086,0.870342048325174,4,3,2,1,0,6,5,4,3,2,1,1,1,1,1,0,0,1,1,1,0,0,0,0,0,1,1,0,0,0,0,0,0,0,0,0,0,0,0,0,-0.16445229681978796,0.05865371074496549,-0.14568370652020843,0.18652302492606684,-0.10202788339670467,1.190598527982225,-0.5812387168448827,-0.19498257839721256,0.05003484320557496,0.245103448275862,0.05555555555555555,-0.3333333333333333,-0.2318840579710145,-0.23529411764705882,-0.8529411764705882,0.058823529411764705,0.17647058823529413,-0.11764705882352941,0.35294117647058826,-0.3076923076923077
6,0,1,0,4.755406360424028,-0.17391304347826086,0.9332416757085299,5,4,3,2,1,0,6,5,4,3,0,1,1,1,1,1,0,0,1,1,1,0,0,0,0,0,1,1,0,0,0,0,0,0,0,0,0,0,0,0,1.3131448763250884,-0.17793268553724828,0.07273623433319251,-0.14568370652020843,0.18652302492606684,-0.10061102624635465,1.190598527982225,-0.57198606271777,-0.19498257839721256,0.05641379310344832,0.16666666666666666,0.05555555555555555,-0.34782608695652173,-0.23529411764705882,-0.20588235294117646,-0.8235294117647058,0.058823529411764705,0.17647058823529413,-0.11764705882352941,0.36923076923076925
0,1,0,0,-0.5747703180212014,0.9855072463768116,-0.6401266055745767,6,5,4,3,2,1,0,6,5,4,0,0,1,1,1,1,1,0,0,1,1,1,0,0,0,0,0,1,1,0,0,0,0,0,0,0,0,0,0,0,4.755406360424028,1.2942543303760035,-0.16385016194902124,0.07273623433319251,-0.14568370652020843,0.18393278711290106,-0.10061102624635465,1.2062717770034845,-0.57198606271777,-0.18606896551724142,-0.16666666666666666,0.16666666666666666,0.057971014492753624,-0.35294117647058826,-0.20588235294117646,-0.17647058823529413,-0.8235294117647058,0.058823529411764705,0.17647058823529413,-0.12307692307692308
1,1,0,0,-0.14678445229681977,0.11594202898550725,-0.4860822128801237,0,6,5,4,3,2,1,0,6,5,1,0,0,1,1,1,1,1,0,0,0,1,1,0,0,0,0,0,1,1,0,0,0,0,0,0,0,0,0,0,-0.5747703180212014,4.72391212505281,1.3083368539642306,-0.16385016194902124,0.07273623433319251,-0.14366060269407027,0.18393278711290106,-0.08961672473867595,1.2062717770034845,-0.5591724137931035,0.9444444444444444,-0.16666666666666666,0.17391304347826086,0.058823529411764705,-0.3235294117647059,-0.17647058823529413,-0.17647058823529413,-0.8235294117647058,0.058823529411764705,0.18461538461538463
2,1,0,0,-0.48190812720848053,-0.057971014492753624,-0.48256458702420935,1,0,6,5,4,3,2,1,0,6,1,1,0,0,1,1,1,1,1,0,0,0,1,1,0,0,0,0,0,1,0,0,0,0,0,0,0,0,0,0,-0.14678445229681977,-0.5867483453034784,4.737994648641037,1.3083368539642306,-0.16385016194902124,0.07172614914595195,-0.14366060269407027,0.19595818815331015,-0.08961672473867595,1.200689655172414,0.1111111111111111,0.9444444444444444,-0.17391304347826086,0.17647058823529413,0.08823529411764706,-0.29411764705882354,-0.17647058823529413,-0.17647058823529413,-0.8235294117647058,0.06153846153846154
3,1,0,0,-0.2233922261484099,0.463768115942029,-0.2528319338283179,2,1,0,6,5,4,3,2,1,0,1,1,1,0,0,1,1,1,1,1,0,0,0,1,1,0,0,0,0,0,0,0,0,0,0,0,0,0,0,0,-0.48190812720848053,-0.1603295310519645,-0.5726658217152515,4.737994648641037,1.3083368539642306,-0.16157478128037772,0.07172614914595195,-0.13282229965156797,0.19595818815331015,-0.08179310344827585,-0.05555555555555555,0.1111111111111111,0.9855072463768116,-0.17647058823529413,0.20588235294117646,0.11764705882352941,-0.29411764705882354,-0.17647058823529413,-0.17647058823529413,-0.8615384615384616
4,1,0,0,-0.4557597173144876,0.6956521739130435,-0.4335182912924978,3,2,1,0,6,5,4,3,2,1,1,1,1,1,0,0,1,1,1,1,0,0,0,0,1,1,0,0,0,0,0,0,0,0,0,0,0,0,0,0,-0.2233922261484099,-0.49422616532882696,-0.1462470074637375,-0.5726658217152515,4.737994648641037,1.2901680322177478,-0.16157478128037772,0.08334494773519159,-0.13282229965156797,0.20082758620689659,0.4444444444444444,-0.05555555555555555,0.11594202898550725,1.0,-0.14705882352941177,0.23529411764705882,0.11764705882352941,-0.29411764705882354,-0.17647058823529413,-0.18461538461538463
5,0,1,0,-0.13137809187279145,-0.057971014492753624,-0.13636104194561408,4,3,2,1,0,6,5,4,3,2,1,1,1,1,1,0,0,1,1,1,0,0,0,0,0,1,1,0,0,0,0,0,0,0,0,0,0,0,0,0,-0.4557597173144876,-0.23665680890015495,-0.4801436417406,-0.1462470074637375,-0.5726658217152515,4.672198305790863,1.2901680322177478,-0.150801393728223,0.08334494773519159,-0.12455172413793104,0.6666666666666666,0.4444444444444444,-0.057971014492753624,0.11764705882352941,1.0294117647058822,-0.11764705882352941,0.23529411764705882,0.11764705882352941,-0.29411764705882354,-0.18461538461538463
6,0,1,0,0.06989399293286219,-0.11594202898550725,0.0869394288438081,5,4,3,2,1,0,6,5,4,3,0,1,1,1,1,1,0,0,1,1,1,0,0,0,0,0,1,1,0,0,0,0,0,0,0,0,0,0,0,0,-0.13137809187279145,-0.468173496690607,-0.2225742853119279,-0.4801436417406,-0.1462470074637375,-0.5647132342730177,4.672198305790863,1.3062020905923344,-0.150801393728223,0.08937931034482754,-0.05555555555555555,0.6666666666666666,0.463768115942029,-0.058823529411764705,0.14705882352941177,1.0588235294117647,-0.11764705882352941,0.23529411764705882,0.11764705882352941,-0.3076923076923077
0,1,0,0,-0.6314487632508834,-0.5797101449275363,-0.5920119210597314,6,5,4,3,2,1,0,6,5,4,0,0,1,1,1,1,1,0,0,1,1,1,0,0,0,0,0,1,1,0,0,0,0,0,0,0,0,0,0,0,0.06989399293286219,-0.14497958034079703,-0.45409097310237995,-0.2225742853119279,-0.4801436417406,-0.14421608109984724,-0.5647132342730177,4.7004878048780485,1.3062020905923344,-0.1423448275862069,-0.1111111111111111,-0.05555555555555555,0.6956521739130435,0.47058823529411764,-0.029411764705882353,0.17647058823529413,1.0588235294117647,-0.11764705882352941,0.23529411764705882,0.12307692307692308
1,1,0,0,0.4961837455830389,-0.2318840579710145,0.22996541678743365,0,6,5,4,3,2,1,0,6,5,1,0,0,1,1,1,1,1,0,0,0,1,1,0,0,0,0,0,1,1,0,0,0,0,0,0,0,0,0,0,-0.6314487632508834,0.055555555555555566,-0.13089705675257,-0.45409097310237995,-0.2225742853119279,-0.47347590612414947,-0.14421608109984724,-0.5554006968641115,4.7004878048780485,1.2995862068965518,-0.5555555555555556,-0.1111111111111111,-0.057971014492753624,0.7058823529411765,0.5,0.0,0.17647058823529413,1.0588235294117647,-0.11764705882352941,0.24615384615384617
2,1,0,0,-0.6711660777385159,0.11594202898550725,-0.6206028632706013,1,0,6,5,4,3,2,1,0,6,1,1,0,0,1,1,1,1,1,0,0,0,1,1,0,0,0,0,0,1,0,0,0,0,0,0,0,0,0,0,0.4961837455830389,-0.6432192648922688,0.06963807914378257,-0.13089705675257,-0.45409097310237995,-0.21948340508262743,-0.47347590612414947,-0.13337979094076655,-0.5554006968641115,4.658758620689655,-0.2222222222222222,-0.5555555555555556,-0.11594202898550725,-0.058823529411764705,0.7352941176470589,0.5294117647058824,0.0,0.17647058823529413,1.0588235294117647,-0.12307692307692308
3,1,0,0,0.20289752650176685,-0.463768115942029,0.1691339328944793,2,1,0,6,5,4,3,2,1,0,1,1,1,0,0,1,1,1,1,1,0,0,0,1,1,0,0,0,0,0,0,0,0,0,0,0,0,0,0,0,-0.6711660777385159,0.4802844669764823,-0.6291367413040417,0.06963807914378257,-0.13089705675257,-0.44778502985696433,-0.21948340508262743,-0.4638327526132404,-0.13337979094076655,-0.5427586206896552,0.1111111111111111,-0.2222222222222222,-0.5797101449275363,-0.11764705882352941,-0.029411764705882353,0.7647058823529411,0.5294117647058824,0.0,0.17647058823529413,1.1076923076923078
4,1,0,0,-0.4847349823321555,-0.5797101449275363,-0.4565279189626317,3,2,1,0,6,5,4,3,2,1,1,1,1,1,0,0,1,1,1,1,0,0,0,0,1,1,0,0,0,0,0,0,0,0,0,0,0,0,0,0,0.20289752650176685,-0.6827911561751867,0.49436699056470934,-0.6291367413040417,0.06963807914378257,-0.12907929454242462,-0.44778502985696433,-0.20891986062717774,-0.4638327526132404,-0.12510344827586206,-0.4444444444444444,0.1111111111111111,-0.2318840579710145,-0.5882352941176471,-0.08823529411764706,0.0,0.7647058823529411,0.5294117647058824,0.0,0.18461538461538463
5,0,1,0,-0.5342049469964665,-0.5797101449275363,-0.5146391871984479,4,3,2,1,0,6,5,4,3,2,1,1,1,1,1,0,0,1,1,1,0,0,0,0,0,1,1,0,0,0,0,0,0,0,0,0,0,0,0,0,-0.4847349823321555,0.1880721025207718,-0.6687086325869597,0.49436699056470934,-0.6291367413040417,0.0686710179141786,-0.12907929454242462,-0.4380487804878049,-0.20891986062717774,-0.4521379310344828,-0.5555555555555556,-0.4444444444444444,0.11594202898550725,-0.23529411764705882,-0.5588235294117647,-0.058823529411764705,0.0,0.7647058823529411,0.5294117647058824,0.0
6,0,0,1,-0.082756183745583,0.2318840579710145,0.0014561645738825329,5,4,3,2,1,0,6,5,4,3,0,1,1,1,1,1,0,0,1,1,1,0,0,0,0,0,1,1,0,0,0,0,0,0,0,0,0,0,0,0,-0.5342049469964665,-0.4970426700464724,0.20215462610899881,-0.6687086325869597,0.49436699056470934,-0.6203999444521595,0.0686710179141786,-0.11818815331010449,-0.4380487804878049,-0.19986206896551728,-0.5555555555555556,-0.5555555555555556,-0.463768115942029,0.11764705882352941,-0.20588235294117646,-0.5294117647058824,-0.058823529411764705,0.0,0.7647058823529411,0.5538461538461539
0,1,0,0,-0.40275618374558303,-0.5797101449275363,-0.3280886350392176,6,5,4,3,2,1,0,6,5,4,0,0,1,1,1,1,1,0,0,1,0,1,0,0,0,0,0,1,1,0,1,0,0,0,0,0,0,0,0,0,-0.082756183745583,-0.546331502605267,-0.4829601464582454,0.20215462610899881,-0.6687086325869597,0.48750173587001816,-0.6203999444521595,0.08027874564459928,-0.11818815331010449,-0.4266206896551724,0.2222222222222222,-0.5555555555555556,-0.5797101449275363,-0.47058823529411764,0.14705882352941177,-0.17647058823529413,-0.5294117647058824,-0.058823529411764705,0.0,0.8
1,1,0,0,-0.25434628975265017,-0.17391304347826086,-0.10982710621119621,0,6,5,4,3,2,1,0,6,5,1,0,0,1,1,1,1,1,0,0,0,0,1,0,0,0,0,0,1,1,0,1,0,0,0,0,0,0,0,0,-0.40275618374558303,-0.09653569919729613,-0.5322489790170399,-0.4829601464582454,0.20215462610899881,-0.659422302457992,0.48750173587001816,-0.6112891986062717,0.08027874564459928,-0.11006896551724134,-0.5555555555555556,0.2222222222222222,-0.5797101449275363,-0.5882352941176471,-0.4411764705882353,0.17647058823529413,-0.17647058823529413,-0.5294117647058824,-0.058823529411764705,0.0
2,1,0,0,-0.050954063604240235,-0.2318840579710145,0.1293697814388855,1,0,6,5,4,3,2,1,0,6,1,1,0,0,1,1,1,1,1,0,0,0,0,1,0,0,0,0,0,1,0,0,1,0,0,0,0,0,0,0,-0.25434628975265017,-0.4153640332347557,-0.08245317560906912,-0.5322489790170399,-0.4829601464582454,0.19934731287321214,-0.659422302457992,0.5006271777003485,-0.6112891986062717,0.08634482758620687,-0.16666666666666666,-0.5555555555555556,0.2318840579710145,-0.5882352941176471,-0.5588235294117647,-0.4117647058823529,0.17647058823529413,-0.17647058823529413,-0.5294117647058824,-0.06153846153846154
3,1,0,0,-0.26268551236749116,-0.6376811594202898,-0.04744479312578951,2,1,0,6,5,4,3,2,1,0,1,1,1,0,0,1,1,1,1,1,0,0,0,0,1,0,0,0,0,0,0,0,0,1,0,0,0,0,0,0,-0.050954063604240235,-0.2674975355583721,-0.4012815096465287,-0.08245317560906912,-0.5322489790170399,-0.4762532981530344,0.19934731287321214,-0.6504529616724739,0.5006271777003485,-0.5980689655172414,-0.2222222222222222,-0.16666666666666666,-0.5797101449275363,0.23529411764705882,-0.5588235294117647,-0.5294117647058824,-0.4117647058823529,0.17647058823529413,-0.17647058823529413,-0.5538461538461539
4,1,0,0,-0.6163250883392226,-0.463768115942029,-0.5270770043771249,3,2,1,0,6,5,4,3,2,1,1,1,1,1,0,0,1,1,1,1,0,0,0,0,0,1,0,0,0,0,0,0,0,0,1,0,0,0,0,0,-0.26268551236749116,-0.06485002112378535,-0.25341501197014504,-0.4012815096465287,-0.08245317560906912,-0.5248576586585197,-0.4762532981530344,0.21142857142857147,-0.6504529616724739,0.5023448275862069,-0.6111111111111112,-0.2222222222222222,-0.17391304347826086,-0.5882352941176471,0.2647058823529412,-0.5294117647058824,-0.5294117647058824,-0.4117647058823529,0.17647058823529413,-0.18461538461538463
5,0,1,0,-0.24869257950530033,-0.34782608695652173,-0.1014943923742638,4,3,2,1,0,6,5,4,3,2,1,1,1,1,1,0,0,1,1,1,0,0,0,0,0,0,1,0,0,0,0,0,0,0,0,1,0,0,0,0,-0.6163250883392226,-0.275806224475426,-0.050767497535558335,-0.25341501197014504,-0.4012815096465287,-0.08130815164560475,-0.5248576586585197,-0.4666202090592335,0.21142857142857147,-0.6368275862068966,-0.4444444444444444,-0.6111111111111112,-0.2318840579710145,-0.17647058823529413,-0.5588235294117647,0.29411764705882354,-0.5294117647058824,-0.5294117647058824,-0.4117647058823529,0.18461538461538463
6,0,1,0,-0.054628975265017594,0.17391304347826086,0.11112623888839236,5,4,3,2,1,0,6,5,4,3,0,1,1,1,1,1,0,0,1,1,1,0,0,0,0,0,0,1,0,0,0,0,0,0,0,0,1,0,0,0,-0.24869257950530033,-0.6281509646528658,-0.26172370088719904,-0.050767497535558335,-0.25341501197014504,-0.3957089293153729,-0.08130815164560475,-0.5154006968641116,-0.4666202090592335,0.21613793103448278,-0.3333333333333333,-0.4444444444444444,-0.6376811594202898,-0.23529411764705882,-0.14705882352941177,-0.5294117647058824,0.29411764705882354,-0.5294117647058824,-0.5294117647058824,-0.4307692307692308
0,1,0,0,-0.3343462897526501,-0.6376811594202898,-0.16032010005493333,6,5,4,3,2,1,0,6,5,4,0,0,1,1,1,1,1,0,0,1,1,1,0,0,0,0,0,0,1,0,0,0,0,0,0,0,0,1,0,0,-0.054628975265017594,-0.26186452612308125,-0.6140684410646389,-0.26172370088719904,-0.050767497535558335,-0.24989584779891683,-0.3957089293153729,-0.07024390243902438,-0.5154006968641116,-0.454896551724138,0.16666666666666666,-0.3333333333333333,-0.463768115942029,-0.6470588235294118,-0.20588235294117646,-0.11764705882352941,-0.5294117647058824,0.29411764705882354,-0.5294117647058824,-0.5538461538461539
1,1,0,0,-0.3224734982332155,-0.34782608695652173,-0.1839634238187874,0,6,5,4,3,2,1,0,6,5,1,0,0,1,1,1,1,1,0,0,0,1,1,0,0,0,0,0,0,1,0,0,0,0,0,0,0,0,1,0,-0.3343462897526501,-0.06851147725672434,-0.24778200253485427,-0.6140684410646389,-0.26172370088719904,-0.050062491320649875,-0.24989584779891683,-0.3857839721254355,-0.07024390243902438,-0.5031724137931035,-0.6111111111111112,0.16666666666666666,-0.34782608695652173,-0.47058823529411764,-0.6176470588235294,-0.17647058823529413,-0.11764705882352941,-0.5294117647058824,0.29411764705882354,-0.5538461538461539
2,1,0,0,-0.7005653710247349,-0.4057971014492754,-0.6414346478629324,1,0,6,5,4,3,2,1,0,6,1,1,0,0,1,1,1,1,1,0,0,0,1,1,0,0,0,0,0,0,0,0,0,0,0,0,0,0,0,1,-0.3224734982332155,-0.347204619067737,-0.05442895366849733,-0.24778200253485427,-0.6140684410646389,-0.25808915428412726,-0.050062491320649875,-0.2394425087108014,-0.3857839721254355,-0.0626206896551724,-0.3333333333333333,-0.6111111111111112,0.17391304347826086,-0.35294117647058826,-0.4411764705882353,-0.5882352941176471,-0.17647058823529413,-0.11764705882352941,-0.5294117647058824,0.3076923076923077
3,1,0,0,-0.5726501766784452,-0.8115942028985508,-0.4998269586457614,2,1,0,6,5,4,3,2,1,0,1,1,1,0,0,1,1,1,1,1,0,0,0,1,1,0,0,0,0,0,0,0,0,0,0,0,0,0,0,0,-0.7005653710247349,-0.33537529925362625,-0.33312209547950994,-0.05442895366849733,-0.24778200253485427,-0.6055408970976254,-0.25808915428412726,-0.038885017421602774,-0.2394425087108014,-0.37489655172413794,-0.3888888888888889,-0.3333333333333333,-0.6376811594202898,0.17647058823529413,-0.3235294117647059,-0.4117647058823529,-0.5882352941176471,-0.17647058823529413,-0.11764705882352941,-0.5538461538461539
4,1,0,0,-0.6296113074204948,-0.6956521739130435,-0.5574860641152325,3,2,1,0,6,5,4,3,2,1,1,1,1,1,0,0,1,1,1,1,0,0,0,0,1,1,0,0,0,0,0,0,0,0,0,0,0,0,0,0,-0.5726501766784452,-0.7120828052386988,-0.32129277566539927,-0.33312209547950994,-0.05442895366849733,-0.24434106374114709,-0.6055408970976254,-0.24766550522648087,-0.038885017421602774,-0.23006896551724138,-0.7777777777777778,-0.3888888888888889,-0.34782608695652173,-0.6470588235294118,0.20588235294117646,-0.29411764705882354,-0.4117647058823529,-0.5882352941176471,-0.17647058823529413,-0.12307692307692308
5,0,1,0,0.5962544169611308,-1.0434782608695652,0.6868107406476229,4,3,2,1,0,6,5,4,3,2,1,1,1,1,1,0,0,1,1,1,0,0,0,0,0,1,1,0,0,0,0,0,0,0,0,0,0,0,0,0,-0.6296113074204948,-0.5846359667652444,-0.6980002816504718,-0.32129277566539927,-0.33312209547950994,-0.05367310095820019,-0.24434106374114709,-0.596376306620209,-0.24766550522648087,-0.03158620689655171,-0.6666666666666666,-0.7777777777777778,-0.4057971014492754,-0.35294117647058826,-0.6176470588235294,0.23529411764705882,-0.29411764705882354,-0.4117647058823529,-0.5882352941176471,-0.18461538461538463
6,0,1,0,-0.6544876325088339,-0.5217391304347826,-0.5829168786179634,5,4,3,2,1,0,6,5,4,3,0,1,1,1,1,1,0,0,1,1,1,0,0,0,0,0,1,1,0,0,0,0,0,0,0,0,0,0,0,0,0.5962544169611308,-0.6413885368257993,-0.5705534431770174,-0.6980002816504718,-0.32129277566539927,-0.32849604221635886,-0.05367310095820019,-0.23386759581881536,-0.596376306620209,-0.23820689655172417,-1.0,-0.6666666666666666,-0.8115942028985508,-0.4117647058823529,-0.3235294117647059,-0.5882352941176471,0.23529411764705882,-0.29411764705882354,-0.4117647058823529,-0.6153846153846154
0,1,0,0,-0.4638162544169611,-0.4057971014492754,-0.41272548624898964,6,5,4,3,2,1,0,6,5,4,0,0,1,1,1,1,1,0,0,1,1,1,0,0,0,0,0,1,1,0,0,0,0,0,0,0,0,0,0,0,-0.6544876325088339,0.5799887339811295,-0.6273060132375723,-0.5705534431770174,-0.6980002816504718,-0.31683099569504236,-0.32849604221635886,-0.042508710801393686,-0.23386759581881536,-0.5833103448275861,-0.5,-1.0,-0.6956521739130435,-0.8235294117647058,-0.38235294117647056,-0.29411764705882354,-0.5882352941176471,0.23529411764705882,-0.29411764705882354,-0.4307692307692308
1,1,0,0,0.255618374558304,-1.2173913043478262,0.2542524599575624,0,6,5,4,3,2,1,0,6,5,1,0,0,1,1,1,1,1,0,0,0,1,1,0,0,0,0,0,1,1,0,0,0,0,0,0,0,0,0,0,-0.4638162544169611,-0.6661737783410788,0.5940712575693565,-0.6273060132375723,-0.5705534431770174,-0.6883071795583947,-0.31683099569504236,-0.31832752613240417,-0.042508710801393686,-0.22455172413793106,-0.3888888888888889,-0.5,-1.0434782608695652,-0.7058823529411765,-0.7941176470588235,-0.35294117647058826,-0.29411764705882354,-0.5882352941176471,0.23529411764705882,-0.3076923076923077
2,0,0,1,1.769399293286219,-0.927536231884058,2.100753224095932,1,0,6,5,4,3,2,1,0,6,1,1,0,0,1,1,1,1,1,0,0,0,1,1,0,0,0,0,0,1,0,0,0,0,0,0,0,0,0,0,0.255618374558304,-0.4762005351358964,-0.6520912547528518,0.5940712575693565,-0.6273060132375723,-0.5626301902513541,-0.6883071795583947,-0.30662020905923343,-0.31832752613240417,-0.03517241379310341,-1.1666666666666667,-0.3888888888888889,-0.5217391304347826,-1.0588235294117647,-0.6764705882352942,-0.7647058823529411,-0.35294117647058826,-0.29411764705882354,-0.5882352941176471,0.24615384615384617
3,1,0,0,-0.6012014134275618,-0.9855072463768116,-0.5372283925919924,2,1,0,6,5,4,3,2,1,0,0,1,1,0,0,1,1,1,1,1,0,0,0,1,1,0,0,0,0,0,1,0,0,0,0,0,0,0,0,0,1.769399293286219,0.24059991550485862,-0.46211801154766935,-0.6520912547528518,0.5940712575693565,-0.6185946396333843,-0.5626301902513541,-0.6794425087108014,-0.30662020905923343,-0.3081379310344828,-0.8888888888888888,-1.1666666666666667,-0.4057971014492754,-0.5294117647058824,-1.0294117647058822,-0.6470588235294118,-0.7647058823529411,-0.35294117647058826,-0.29411764705882354,-0.6153846153846154
4,1,0,0,0.8506713780918729,-0.7536231884057971,1.3531939703092777,3,2,1,0,6,5,4,3,2,1,1,0,1,1,0,0,1,1,1,1,0,0,0,0,1,1,0,0,0,0,0,1,0,0,0,0,0,0,0,0,-0.6012014134275618,1.7488381918039715,0.25468243909308563,-0.46211801154766935,-0.6520912547528518,0.5858214136925428,-0.6185946396333843,-0.5533101045296168,-0.6794425087108014,-0.296551724137931,-0.9444444444444444,-0.8888888888888888,-1.2173913043478262,-0.4117647058823529,-0.5,-1.0,-0.6470588235294118,-0.7647058823529411,-0.35294117647058826,-0.3076923076923077
5,0,1,0,0.19908127208480578,-1.565217391304348,0.18742090979937504,4,3,2,1,0,6,5,4,3,2,1,1,0,1,1,0,0,1,1,1,0,0,0,0,0,1,1,0,0,0,0,0,1,0,0,0,0,0,0,0,0.8506713780918729,-0.6130826644134629,1.7629207153921986,0.25468243909308563,-0.46211801154766935,-0.6430356894875713,0.5858214136925428,-0.6094773519163763,-0.5533101045296168,-0.6655172413793103,-0.7222222222222222,-0.9444444444444444,-0.927536231884058,-1.2352941176470589,-0.38235294117647056,-0.47058823529411764,-1.0,-0.6470588235294118,-0.7647058823529411,-0.36923076923076925
6,0,1,0,-0.07653710247349822,-1.0434782608695652,0.15436792294968268,5,4,3,2,1,0,6,5,4,3,0,1,1,0,1,1,0,0,1,1,1,0,0,0,0,0,1,1,0,0,0,0,0,1,0,0,0,0,0,0,0.19908127208480578,0.8334741585692157,-0.5990001408252359,1.7629207153921986,0.25468243909308563,-0.45570059713928623,-0.6430356894875713,0.5993031358885017,-0.6094773519163763,-0.5406896551724139,-1.5,-0.7222222222222222,-0.9855072463768116,-0.9411764705882353,-1.2058823529411764,-0.35294117647058826,-0.47058823529411764,-1.0,-0.6470588235294118,-0.8
0,1,0,0,-0.6530742049469964,-1.4492753623188406,-0.600623617096096,6,5,4,3,2,1,0,6,5,4,0,0,1,1,0,1,1,0,0,1,1,1,0,0,0,0,0,1,1,0,0,0,0,0,1,0,0,0,0,0,-0.07653710247349822,0.18426982115195056,0.8475566821574427,-0.5990001408252359,1.7629207153921986,0.25114567421191514,-0.45570059713928623,-0.634006968641115,0.5993031358885017,-0.5962758620689655,-1.0,-1.5,-0.7536231884057971,-1.0,-0.9117647058823529,-1.1764705882352942,-0.35294117647058826,-0.47058823529411764,-1.0,-0.676923076923077
1,1,0,0,-0.6799293286219081,-0.927536231884058,-0.6353371327256422,0,6,5,4,3,2,1,0,6,5,1,0,0,1,1,0,1,1,0,0,0,1,1,0,0,0,0,0,1,1,0,0,0,0,0,1,0,0,0,0,-0.6530742049469964,-0.09033938881847627,0.19835234474017757,0.8475566821574427,-0.5990001408252359,1.738439105679767,0.25114567421191514,-0.445993031358885,-0.634006968641115,0.6,-1.3888888888888888,-1.0,-1.565217391304348,-0.7647058823529411,-0.9705882352941176,-0.8823529411764706,-1.1764705882352942,-0.35294117647058826,-0.47058823529411764,-1.0461538461538462
2,0,0,1,-0.6051590106007066,-1.1594202898550725,-0.6003245882715549,1,0,6,5,4,3,2,1,0,6,1,1,0,0,1,1,0,1,1,0,0,0,1,1,0,0,0,0,0,1,0,0,0,0,0,0,1,0,0,0,-0.6799293286219081,-0.6647655259822561,-0.07625686523024926,0.19835234474017757,0.8475566821574427,-0.5906818497430912,1.738439105679767,0.26341463414634153,-0.445993031358885,-0.620551724137931,-0.8888888888888888,-1.3888888888888888,-1.0434782608695652,-1.588235294117647,-0.7352941176470589,-0.9411764705882353,-0.8823529411764706,-1.1764705882352942,-0.35294117647058826,-0.49230769230769234
3,1,0,0,-0.7182332155477031,-1.2753623188405796,-0.6616210424968962,2,1,0,6,5,4,3,2,1,0,0,1,1,0,0,1,1,0,1,1,0,0,0,1,1,0,0,0,0,0,1,0,0,0,0,0,0,1,0,0,-0.6051590106007066,-0.6915223207998874,-0.6506830023940291,-0.07625686523024926,0.19835234474017757,0.8357866962921818,-0.5906818497430912,1.7560975609756098,0.26341463414634153,-0.43448275862068964,-1.1111111111111112,-0.8888888888888888,-1.4492753623188406,-1.0588235294117647,-1.5588235294117647,-0.7058823529411765,-0.9411764705882353,-0.8823529411764706,-1.1764705882352942,-0.36923076923076925
4,1,0,0,-0.6475618374558304,-1.4492753623188406,-0.5910240679224207,3,2,1,0,6,5,4,3,2,1,1,0,1,1,0,0,1,1,0,1,0,0,0,0,1,1,0,0,0,0,0,1,0,0,0,0,0,0,1,0,-0.7182332155477031,-0.6170257710181665,-0.6774397972116604,-0.6506830023940291,-0.07625686523024926,0.1955978336342176,0.8357866962921818,-0.5814634146341463,1.7560975609756098,0.2675862068965518,-1.2222222222222223,-1.1111111111111112,-0.927536231884058,-1.4705882352941178,-1.0294117647058822,-1.5294117647058822,-0.7058823529411765,-0.9411764705882353,-0.8823529411764706,-1.2307692307692308
5,0,1,0,-0.5344876325088339,-0.6376811594202898,-0.47471800384616775,4,3,2,1,0,6,5,4,3,2,1,1,0,1,1,0,0,1,1,0,0,0,0,0,0,1,1,0,0,0,0,0,1,0,0,0,0,0,0,1,-0.6475618374558304,-0.7296859597239826,-0.6029432474299395,-0.6774397972116604,-0.6506830023940291,-0.07519788918205804,0.1955978336342176,0.8501742160278746,-0.5814634146341463,1.7448275862068965,-1.3888888888888888,-1.2222222222222223,-1.1594202898550725,-0.9411764705882353,-1.4411764705882353,-1.0,-1.5294117647058822,-0.7058823529411765,-0.9411764705882353,-0.9230769230769231
6,0,1,0,-0.7040989399293286,-1.7391304347826086,-0.6435746250933073,5,4,3,2,1,0,6,5,4,3,0,1,1,0,1,1,0,0,1,1,1,0,0,0,0,0,1,1,0,0,0,0,0,1,0,0,0,0,0,0,-0.5344876325088339,-0.6592733417828476,-0.7156034361357556,-0.6029432474299395,-0.6774397972116604,-0.6416469934731288,-0.07519788918205804,0.20766550522648092,0.8501742160278746,-0.568551724137931,-0.6111111111111112,-1.3888888888888888,-1.2753623188405796,-1.1764705882352942,-0.9117647058823529,-1.411764705882353,-1.0,-1.5294117647058822,-0.7058823529411765,-0.9846153846153847
0,0,0,1,-0.6192932862190812,-1.0434782608695652,-0.5097322188523474,6,5,4,3,2,1,0,6,5,4,0,0,1,1,0,1,1,0,0,1,1,1,0,0,0,0,0,1,1,0,0,0,0,0,1,0,0,0,0,0,-0.7040989399293286,-0.5466131530770314,-0.6451908181946205,-0.7156034361357556,-0.6029432474299395,-0.6680322177475351,-0.6416469934731288,-0.06411149825783974,0.20766550522648092,0.8482758620689655,-1.6666666666666667,-0.6111111111111112,-1.4492753623188406,-1.2941176470588236,-1.1470588235294117,-0.8823529411764706,-1.411764705882353,-1.0,-1.5294117647058822,-0.7384615384615385
1,1,0,0,0.39837455830388696,-0.6956521739130435,0.7944555489754365,0,6,5,4,3,2,1,0,6,5,0,0,0,1,1,0,1,1,0,0,0,1,1,0,0,0,0,0,1,1,1,0,0,0,0,1,0,0,0,0,-0.6192932862190812,-0.7156034361357556,-0.5325306294888045,-0.6451908181946205,-0.7156034361357556,-0.5945701985835301,-0.6680322177475351,-0.6326132404181185,-0.06411149825783974,0.21241379310344835,-1.0,-1.6666666666666667,-0.6376811594202898,-1.4705882352941178,-1.2647058823529411,-1.1176470588235294,-0.8823529411764706,-1.411764705882353,-1.0,-1.6
2,1,0,0,-0.4638162544169611,-0.7536231884057971,-0.31518417697606127,1,0,6,5,4,3,2,1,0,6,1,0,0,0,1,1,0,1,1,0,0,0,1,1,0,0,0,0,0,1,0,1,0,0,0,0,1,0,0,0,0.39837455830388696,-0.6311082946063935,-0.7015209125475286,-0.5325306294888045,-0.6451908181946205,-0.7056658797389253,-0.5945701985835301,-0.6590940766550523,-0.6326132404181185,-0.05655172413793105,-0.6666666666666666,-1.0,-1.7391304347826086,-0.6470588235294118,-1.4411764705882353,-1.2352941176470589,-1.1176470588235294,-0.8823529411764706,-1.411764705882353,-1.0461538461538462
3,1,0,0,0.12982332155477036,0.17391304347826086,0.5041837585027621,2,1,0,6,5,4,3,2,1,0,1,1,0,0,0,1,1,0,1,1,0,0,0,1,1,0,0,0,0,0,0,0,1,0,0,0,0,1,0,0,-0.4638162544169611,0.3828334037459514,-0.6170257710181665,-0.7015209125475286,-0.5325306294888045,-0.6362310790168033,-0.7056658797389253,-0.5853658536585366,-0.6590940766550523,-0.6191724137931035,-0.7222222222222222,-0.6666666666666666,-1.0434782608695652,-1.7647058823529411,-0.6176470588235294,-1.411764705882353,-1.2352941176470589,-1.1176470588235294,-0.8823529411764706,-1.476923076923077
4,1,0,0,1.5715194346289754,-0.17391304347826086,2.5900456812469668,3,2,1,0,6,5,4,3,2,1,1,1,1,0,0,0,1,1,0,1,0,0,0,0,1,1,0,0,0,0,0,0,0,1,0,0,0,0,1,0,0.12982332155477036,-0.4762005351358964,0.39691592733417835,-0.6170257710181665,-0.7015209125475286,-0.5251353978614082,-0.6362310790168033,-0.6968641114982579,-0.5853658536585366,-0.6453793103448275,0.16666666666666666,-0.7222222222222222,-0.6956521739130435,-1.0588235294117647,-1.7352941176470589,-0.5882352941176471,-1.411764705882353,-1.2352941176470589,-1.1176470588235294,-0.9230769230769231
5,0,1,0,1.4443109540636043,-0.7536231884057971,2.2529215867906105,4,3,2,1,0,6,5,4,3,2,1,1,1,1,0,0,0,1,1,0,0,0,0,0,0,1,1,0,0,0,0,0,0,0,1,0,0,0,0,1,1.5715194346289754,0.11526545556963813,-0.46211801154766935,0.39691592733417835,-0.6170257710181665,-0.6917789195945008,-0.5251353978614082,-0.627177700348432,-0.6968641114982579,-0.5724137931034483,-0.16666666666666666,0.16666666666666666,-0.7536231884057971,-0.7058823529411765,-1.0294117647058822,-1.7058823529411764,-0.5882352941176471,-1.411764705882353,-1.2352941176470589,-1.1692307692307693
6,0,1,0,1.232296819787986,0.11594202898550725,2.2134882046493134,5,4,3,2,1,0,6,5,4,3,0,1,1,1,1,0,0,0,1,1,1,0,0,0,0,0,1,1,0,0,0,0,0,0,0,1,0,0,0,0,1.4443109540636043,1.5516828615687934,0.12934797915786514,-0.46211801154766935,0.39691592733417835,-0.6084571587279545,-0.6917789195945008,-0.5156794425087108,-0.627177700348432,-0.6827586206896552,-0.7222222222222222,-0.16666666666666666,0.17391304347826086,-0.7647058823529411,-0.6764705882352942,-1.0,-1.7058823529411764,-0.5882352941176471,-1.411764705882353,-1.2923076923076924
0,1,0,0,-0.08219081272084802,-0.11594202898550725,0.08815614761777879,6,5,4,3,2,1,0,6,5,4,0,0,1,1,1,1,0,0,0,1,1,1,0,0,0,0,0,1,1,0,0,0,0,0,0,0,1,0,0,0,1.232296819787986,1.4249401492747502,1.5657653851570204,0.12934797915786514,-0.46211801154766935,0.39140397167060137,-0.6084571587279545,-0.6829268292682927,-0.5156794425087108,-0.6137931034482759,0.1111111111111111,-0.7222222222222222,-0.17391304347826086,0.17647058823529413,-0.7352941176470589,-0.6470588235294118,-1.0,-1.7058823529411764,-0.5882352941176471,-1.476923076923077
1,1,0,0,2.659858657243816,0.057971014492753624,3.371328926973764,0,6,5,4,3,2,1,0,6,5,1,0,0,1,1,1,1,0,0,0,0,1,1,0,0,0,0,0,1,1,0,0,0,0,0,0,0,1,0,0,-0.08219081272084802,1.213702295451345,1.4390226728629774,1.5657653851570204,0.12934797915786514,-0.45570059713928623,0.39140397167060137,-0.5993031358885017,-0.6829268292682927,-0.503448275862069,-0.1111111111111111,0.1111111111111111,-0.7536231884057971,-0.17647058823529413,0.20588235294117646,-0.7058823529411765,-0.6470588235294118,-1.0,-1.7058823529411764,-0.6153846153846154
2,1,0,0,-0.43554770318021196,-0.2898550724637681,-0.3493653433388267,1,0,6,5,4,3,2,1,0,6,1,1,0,0,1,1,1,1,0,0,0,0,1,1,0,0,0,0,0,1,0,0,0,0,0,0,0,0,1,0,2.659858657243816,-0.09597239825376705,1.2277848190395722,1.4390226728629774,1.5657653851570204,0.12755172892653802,-0.45570059713928623,0.40418118466898956,-0.5993031358885017,-0.6689655172413793,0.05555555555555555,-0.1111111111111111,0.11594202898550725,-0.7647058823529411,-0.14705882352941177,0.23529411764705882,-0.7058823529411765,-0.6470588235294118,-1.0,-1.7846153846153847
3,1,0,0,-0.03978798586572435,-0.2318840579710145,0.16962674576173972,2,1,0,6,5,4,3,2,1,0,1,1,1,0,0,1,1,1,1,0,0,0,0,1,1,0,0,0,0,0,0,0,0,0,0,0,0,0,0,1,-0.43554770318021196,2.6360371778622733,-0.08188987466554004,1.2277848190395722,1.4390226728629774,1.5440216636578254,0.12755172892653802,-0.445993031358885,0.40418118466898956,-0.5862068965517241,-0.2777777777777778,0.05555555555555555,-0.11594202898550725,0.11764705882352941,-0.7352941176470589,-0.11764705882352941,0.23529411764705882,-0.7058823529411765,-0.6470588235294118,-1.0461538461538462
4,1,0,0,-0.1952650176678445,-0.7536231884057971,-0.030853983445385615,3,2,1,0,6,5,4,3,2,1,1,1,1,1,0,0,1,1,1,1,0,0,0,0,1,1,0,0,0,0,0,0,0,0,0,0,0,0,0,0,-0.03978798586572435,-0.44803548795944237,2.6501197014505005,-0.08188987466554004,1.2277848190395722,1.419039022358006,1.5440216636578254,0.13937282229965156,-0.445993031358885,0.4068965517241379,-0.2222222222222222,-0.2777777777777778,0.057971014492753624,-0.11764705882352941,0.14705882352941177,-0.7058823529411765,-0.11764705882352941,0.23529411764705882,-0.7058823529411765,-0.676923076923077
5,0,1,0,-0.20939929328621906,0.11594202898550725,-0.057165178900815704,4,3,2,1,0,6,5,4,3,2,1,1,1,1,1,0,0,1,1,1,0,0,0,0,0,1,1,0,0,0,0,0,0,0,0,0,0,0,0,0,-0.1952650176678445,-0.05372482748908602,-0.43395296437121533,2.6501197014505005,-0.08188987466554004,1.2107346201916402,1.419039022358006,1.5609756097560976,0.13937282229965156,-0.43448275862068964,-0.7222222222222222,-0.2222222222222222,-0.2898550724637681,0.058823529411764705,-0.08823529411764706,0.17647058823529413,-0.7058823529411765,-0.11764705882352941,0.23529411764705882,-0.7384615384615385
6,0,1,0,-0.15286219081272082,0.4057971014492754,0.06716788797945888,5,4,3,2,1,0,6,5,4,3,0,1,1,1,1,1,0,0,1,1,1,0,0,0,0,0,1,1,0,0,0,0,0,0,0,0,0,0,0,0,-0.20939929328621906,-0.20863258695958314,-0.03964230390085901,-0.43395296437121533,2.6501197014505005,-0.08075267323982778,1.2107346201916402,1.4355400696864111,1.5609756097560976,0.14482758620689656,0.1111111111111111,-0.7222222222222222,-0.2318840579710145,-0.29411764705882354,0.08823529411764706,-0.058823529411764705,0.17647058823529413,-0.7058823529411765,-0.11764705882352941,0.24615384615384617
0,1,0,0,-0.5062190812720848,-0.6956521739130435,-0.38975483812767864,6,5,4,3,2,1,0,6,5,4,0,0,1,1,1,1,1,0,0,1,1,1,0,0,0,0,0,1,1,0,0,0,0,0,0,0,0,0,0,0,-0.15286219081272082,-0.22271511054781015,-0.19455006337135614,-0.03964230390085901,-0.43395296437121533,2.6133175947785032,-0.08075267323982778,1.2264808362369337,1.4355400696864111,1.5517241379310345,0.3888888888888889,0.1111111111111111,-0.7536231884057971,-0.23529411764705882,-0.2647058823529412,0.11764705882352941,-0.058823529411764705,0.17647058823529413,-0.7058823529411765,-0.12307692307692308
1,1,0,0,0.44077738515901066,-0.057971014492753624,0.9778465302772253,0,6,5,4,3,2,1,0,6,5,1,0,0,1,1,1,1,1,0,0,0,1,1,0,0,0,0,0,1,1,0,0,0,0,0,0,0,0,0,0,-0.5062190812720848,-0.16638501619490212,-0.20863258695958314,-0.19455006337135614,-0.03964230390085901,-0.42792667685043745,2.6133175947785032,-0.06968641114982578,1.2264808362369337,1.4275862068965517,-0.6666666666666666,0.3888888888888889,0.11594202898550725,-0.7647058823529411,-0.20588235294117646,-0.23529411764705882,0.11764705882352941,-0.058823529411764705,0.17647058823529413,-0.7384615384615385
2,1,0,0,0.2570318021201414,-0.5217391304347826,0.628640446237875,1,0,6,5,4,3,2,1,0,6,1,1,0,0,1,1,1,1,1,0,0,0,1,1,0,0,0,0,0,1,0,0,0,0,0,0,0,0,0,0,0.44077738515901066,-0.5184481059005774,-0.1523024926066751,-0.20863258695958314,-0.19455006337135614,-0.03909179280655462,-0.42792667685043745,2.6341463414634148,-0.06968641114982578,1.2206896551724138,-0.05555555555555555,-0.6666666666666666,0.4057971014492754,0.11764705882352941,-0.7352941176470589,-0.17647058823529413,-0.23529411764705882,0.11764705882352941,-0.058823529411764705,0.18461538461538463
3,1,0,0,1.1192226148409894,-0.057971014492753624,2.2321649770424377,2,1,0,6,5,4,3,2,1,0,1,1,1,0,0,1,1,1,1,1,0,0,0,1,1,0,0,0,0,0,0,0,0,0,0,0,0,0,0,0,0.2570318021201414,0.42508097451063237,-0.5043655823123504,-0.1523024926066751,-0.20863258695958314,-0.19184835439522288,-0.03909179280655462,-0.4181184668989547,2.6341463414634148,-0.06206896551724138,-0.5,-0.05555555555555555,-0.6956521739130435,0.4117647058823529,0.14705882352941177,-0.7058823529411765,-0.17647058823529413,-0.23529411764705882,0.11764705882352941,-0.06153846153846154
4,1,0,0,0.24289752650176683,-0.6376811594202898,0.601342511346529,3,2,1,0,6,5,4,3,2,1,1,1,1,1,0,0,1,1,1,1,0,0,0,0,1,1,0,0,0,0,0,0,0,0,0,0,0,0,0,0,1.1192226148409894,0.24200816786368123,0.4391634980988594,-0.5043655823123504,-0.1523024926066751,-0.20573531453964727,-0.19184835439522288,-0.027874564459930314,-0.4181184668989547,2.613793103448276,-0.05555555555555555,-0.5,-0.057971014492753624,-0.7058823529411765,0.4411764705882353,0.17647058823529413,-0.7058823529411765,-0.17647058823529413,-0.23529411764705882,0.12307692307692308
5,0,1,0,-0.5203533568904594,-0.6956521739130435,-0.38391403116192185,4,3,2,1,0,6,5,4,3,2,1,1,1,1,1,0,0,1,1,1,0,0,0,0,0,1,1,0,0,0,0,0,0,0,0,0,0,0,0,0,0.24289752650176683,1.101042106745529,0.25609069145190827,0.4391634980988594,-0.5043655823123504,-0.15018747396194973,-0.20573531453964727,-0.18118466898954705,-0.027874564459930314,-0.4068965517241379,-0.6111111111111112,-0.05555555555555555,-0.5217391304347826,-0.058823529411764705,-0.6764705882352942,0.47058823529411764,0.17647058823529413,-0.7058823529411765,-0.17647058823529413,-0.24615384615384617
6,0,1,0,-0.11045936395759715,-0.057971014492753624,0.284105225848898,5,4,3,2,1,0,6,5,4,3,0,1,1,1,1,1,0,0,1,1,1,0,0,0,0,0,1,1,0,0,0,0,0,0,0,0,0,0,0,0,-0.5203533568904594,0.22792564427545423,1.115124630333756,0.25609069145190827,0.4391634980988594,-0.4973614775725594,-0.15018747396194973,-0.1951219512195122,-0.18118466898954705,-0.020689655172413793,-0.6666666666666666,-0.6111111111111112,-0.057971014492753624,-0.5294117647058824,-0.029411764705882353,-0.6470588235294118,0.47058823529411764,0.17647058823529413,-0.7058823529411765,-0.18461538461538463
0,1,0,0,-0.03978798586572435,1.1594202898550725,0.3431887554024959,6,5,4,3,2,1,0,6,5,4,0,0,1,1,1,1,1,0,0,1,1,1,0,0,0,0,0,1,1,0,0,0,0,0,0,0,0,0,0,0,-0.11045936395759715,-0.5325306294888045,0.24200816786368123,1.115124630333756,0.25609069145190827,0.4330648521038746,-0.4973614775725594,-0.13937282229965156,-0.1951219512195122,-0.1724137931034483,-0.05555555555555555,-0.6666666666666666,-0.6376811594202898,-0.058823529411764705,-0.5,0.0,-0.6470588235294118,0.47058823529411764,0.17647058823529413,-0.7384615384615385
1,1,0,0,-0.661696113074205,-0.4057971014492754,-0.5852350480715286,0,6,5,4,3,2,1,0,6,5,1,0,0,1,1,1,1,1,0,0,0,1,1,0,0,0,0,0,1,1,0,0,0,0,0,0,0,0,0,0,-0.03978798586572435,-0.12413744543022108,-0.5184481059005774,0.24200816786368123,1.115124630333756,0.2525343702263575,0.4330648521038746,-0.4878048780487805,-0.13937282229965156,-0.18620689655172415,1.1111111111111112,-0.05555555555555555,-0.6956521739130435,-0.6470588235294118,-0.029411764705882353,-0.47058823529411764,0.0,-0.6470588235294118,0.47058823529411764,0.18461538461538463
2,1,0,0,0.5397173144876325,-0.6376811594202898,1.1313619148090823,1,0,6,5,4,3,2,1,0,6,1,1,0,0,1,1,1,1,1,0,0,0,1,1,0,0,0,0,0,1,0,0,0,0,0,0,0,0,0,0,-0.661696113074205,-0.05372482748908602,-0.11005492184199407,-0.5184481059005774,0.24200816786368123,1.099638939036245,0.2525343702263575,0.445993031358885,-0.4878048780487805,-0.1310344827586207,-0.3888888888888889,1.1111111111111112,-0.057971014492753624,-0.7058823529411765,-0.6176470588235294,0.0,-0.47058823529411764,0.0,-0.6470588235294118,0.49230769230769234
3,1,0,0,-0.2659363957597173,-0.5217391304347826,-0.17295114442563217,2,1,0,6,5,4,3,2,1,0,1,1,1,0,0,1,1,1,1,1,0,0,0,1,1,0,0,0,0,0,0,0,0,0,0,0,0,0,0,0,0.5397173144876325,-0.6733558653710745,-0.03964230390085901,-0.11005492184199407,-0.5184481059005774,0.23864741008193313,1.099638939036245,0.26480836236933797,0.445993031358885,-0.47586206896551725,-0.6111111111111112,-0.3888888888888889,1.1594202898550725,-0.058823529411764705,-0.6764705882352942,-0.5882352941176471,0.0,-0.47058823529411764,0.0,-0.676923076923077
4,1,0,0,-0.5768904593639576,0.057971014492753624,-0.5614836952723654,3,2,1,0,6,5,4,3,2,1,1,1,1,1,0,0,1,1,1,1,0,0,0,0,1,1,0,0,0,0,0,0,0,0,0,0,0,0,0,0,-0.2659363957597173,0.5236586396282215,-0.6592733417828476,-0.03964230390085901,-0.11005492184199407,-0.5112484377169838,0.23864741008193313,1.1149825783972125,0.26480836236933797,0.4482758620689655,-0.5,-0.6111111111111112,-0.4057971014492754,1.1764705882352942,-0.029411764705882353,-0.6470588235294118,-0.5882352941176471,0.0,-0.47058823529411764,0.0
5,0,1,0,-0.20939929328621906,-0.5217391304347826,-0.10071814250199143,4,3,2,1,0,6,5,4,3,2,1,1,1,1,1,0,0,1,1,1,0,0,0,0,0,1,1,0,0,0,0,0,0,0,0,0,0,0,0,0,-0.5768904593639576,-0.2790452049007182,0.5377411632164485,-0.6592733417828476,-0.03964230390085901,-0.10852659352867655,-0.5112484377169838,0.2508710801393728,1.1149825783972125,0.2689655172413793,0.05555555555555555,-0.5,-0.6376811594202898,-0.4117647058823529,1.2058823529411764,0.0,-0.6470588235294118,-0.5882352941176471,0.0,-0.49230769230769234
6,0,1,0,-0.47795053003533566,-0.057971014492753624,-0.34871215747069506,5,4,3,2,1,0,6,5,4,3,0,1,1,1,1,1,0,0,1,1,1,0,0,0,0,0,1,1,0,0,0,0,0,0,0,0,0,0,0,0,-0.20939929328621906,-0.5888607238417125,-0.2649626813124912,0.5377411632164485,-0.6592733417828476,-0.03909179280655462,-0.10852659352867655,-0.5017421602787456,0.2508710801393728,1.110344827586207,-0.5,0.05555555555555555,-0.5217391304347826,-0.6470588235294118,-0.38235294117647056,1.2352941176470589,0.0,-0.6470588235294118,-0.5882352941176471,0.0
0,1,0,0,-0.6051590106007066,-1.1014492753623188,-0.5497113146771644,6,5,4,3,2,1,0,6,5,4,0,0,1,1,1,1,1,0,0,1,1,1,0,0,0,0,0,1,1,0,0,0,0,0,0,0,0,0,0,0,-0.47795053003533566,-0.22271511054781015,-0.5747782002534855,-0.2649626813124912,0.5377411632164485,-0.6501180391612277,-0.03909179280655462,-0.0975609756097561,-0.5017421602787456,0.25517241379310346,-0.05555555555555555,-0.5,0.057971014492753624,-0.5294117647058824,-0.6176470588235294,-0.35294117647058826,1.2352941176470589,0.0,-0.6470588235294118,-0.6153846153846154
1,1,0,0,-0.40727915194346287,0.057971014492753624,-0.31589082051115,0,6,5,4,3,2,1,0,6,5,1,0,0,1,1,1,1,1,0,0,0,1,1,0,0,0,0,0,1,1,0,0,0,0,0,0,0,0,0,0,-0.6051590106007066,-0.49028305872412337,-0.20863258695958314,-0.5747782002534855,-0.2649626813124912,0.5302735731148452,-0.6501180391612277,-0.027874564459930314,-0.0975609756097561,-0.4896551724137931,-1.0555555555555556,-0.05555555555555555,-0.5217391304347826,0.058823529411764705,-0.5,-0.5882352941176471,-0.35294117647058826,1.2352941176470589,0.0,-0.676923076923077
2,1,0,0,0.12982332155477036,-0.4057971014492754,0.15260938844707425,1,0,6,5,4,3,2,1,0,6,1,1,0,0,1,1,1,1,1,0,0,0,1,1,0,0,0,0,0,1,0,0,0,0,0,0,0,0,0,0,-0.40727915194346287,-0.6170257710181665,-0.4762005351358964,-0.20863258695958314,-0.5747782002534855,-0.2612831551173448,0.5302735731148452,-0.6411149825783972,-0.027874564459930314,-0.0896551724137931,0.05555555555555555,-1.0555555555555556,-0.057971014492753624,-0.5294117647058824,0.08823529411764706,-0.47058823529411764,-0.5882352941176471,-0.35294117647058826,1.2352941176470589,0.0
3,1,0,0,-0.2659363957597173,0.057971014492753624,-0.18475303810779906,2,1,0,6,5,4,3,2,1,0,1,1,1,0,0,1,1,1,1,1,0,0,0,1,1,0,0,0,0,0,0,0,0,0,0,0,0,0,0,0,0.12982332155477036,-0.41987044078298835,-0.6029432474299395,-0.4762005351358964,-0.20863258695958314,-0.5667962782946814,-0.2612831551173448,0.5435540069686411,-0.6411149825783972,-0.020689655172413793,-0.3888888888888889,0.05555555555555555,-1.1014492753623188,-0.058823529411764705,-0.5,0.11764705882352941,-0.47058823529411764,-0.5882352941176471,-0.35294117647058826,1.2923076923076924
4,1,0,0,-0.3224734982332155,-0.6376811594202898,-0.20574463885030378,3,2,1,0,6,5,4,3,2,1,1,1,1,1,0,0,1,1,1,1,0,0,0,0,1,1,0,0,0,0,0,0,0,0,0,0,0,0,0,0,-0.2659363957597173,0.11526545556963813,-0.4057879171947613,-0.6029432474299395,-0.4762005351358964,-0.20573531453964727,-0.5667962782946814,-0.2508710801393728,0.5435540069686411,-0.6275862068965518,0.05555555555555555,-0.3888888888888889,0.057971014492753624,-1.1176470588235294,-0.029411764705882353,-0.47058823529411764,0.11764705882352941,-0.47058823529411764,-0.5882352941176471,-0.36923076923076925
5,0,1,0,-0.28007067137809183,-0.2898550724637681,-0.19446507112236322,4,3,2,1,0,6,5,4,3,2,1,1,1,1,1,0,0,1,1,1,0,0,0,0,0,1,1,0,0,0,0,0,0,0,0,0,0,0,0,0,-0.3224734982332155,-0.2790452049007182,0.12934797915786514,-0.4057879171947613,-0.6029432474299395,-0.4695875572837106,-0.20573531453964727,-0.5574912891986062,-0.2508710801393728,0.5448275862068965,-0.6111111111111112,0.05555555555555555,-0.4057971014492754,0.058823529411764705,-1.088235294117647,0.0,-0.47058823529411764,0.11764705882352941,-0.47058823529411764,-0.6153846153846154
6,0,1,0,-0.5910247349823321,-0.2318840579710145,-0.508572855700216,5,4,3,2,1,0,6,5,4,3,0,1,1,1,1,1,0,0,1,1,1,0,0,0,0,0,1,1,0,0,0,0,0,0,0,0,0,0,0,0,-0.28007067137809183,-0.33537529925362625,-0.2649626813124912,0.12934797915786514,-0.4057879171947613,-0.5945701985835301,-0.4695875572837106,-0.1951219512195122,-0.5574912891986062,-0.2413793103448276,-0.2777777777777778,-0.6111111111111112,0.057971014492753624,-0.4117647058823529,0.08823529411764706,-1.0588235294117647,0.0,-0.47058823529411764,0.11764705882352941,-0.49230769230769234
0,1,0,0,0.8224028268551237,-0.11594202898550725,0.93656217641754,6,5,4,3,2,1,0,6,5,4,0,0,1,1,1,1,1,0,0,1,1,1,0,0,0,0,0,1,1,0,0,0,0,0,0,0,0,0,0,0,-0.5910247349823321,-0.29312772848894525,-0.32129277566539927,-0.2649626813124912,0.12934797915786514,-0.40015275656158866,-0.5945701985835301,-0.45993031358885017,-0.1951219512195122,-0.5448275862068965,-0.2222222222222222,-0.2777777777777778,-0.6376811594202898,0.058823529411764705,-0.38235294117647056,0.11764705882352941,-1.0588235294117647,0.0,-0.47058823529411764,0.12307692307692308
1,1,0,0,1.3595053003533568,-0.4057971014492754,1.7687627362195462,0,6,5,4,3,2,1,0,6,5,1,0,0,1,1,1,1,1,0,0,0,1,1,0,0,0,0,0,1,1,0,0,0,0,0,0,0,0,0,0,0.8224028268551237,-0.6029432474299395,-0.2790452049007182,-0.32129277566539927,-0.2649626813124912,0.12755172892653802,-0.40015275656158866,-0.5853658536585366,-0.45993031358885017,-0.18620689655172415,-0.1111111111111111,-0.2222222222222222,-0.2898550724637681,-0.6470588235294118,0.08823529411764706,-0.35294117647058826,0.11764705882352941,-1.0588235294117647,0.0,-0.49230769230769234
2,1,0,0,0.17222614840989403,0.17391304347826086,0.48515895442371937,1,0,6,5,4,3,2,1,0,6,1,1,0,0,1,1,1,1,1,0,0,0,1,1,0,0,0,0,0,1,0,0,0,0,0,0,0,0,0,0,1.3595053003533568,0.8053091113927617,-0.5888607238417125,-0.2790452049007182,-0.32129277566539927,-0.2612831551173448,0.12755172892653802,-0.3902439024390244,-0.5853658536585366,-0.4482758620689655,-0.3888888888888889,-0.1111111111111111,-0.2318840579710145,-0.29411764705882354,-0.6176470588235294,0.11764705882352941,-0.35294117647058826,0.11764705882352941,-1.0588235294117647,0.0
3,1,0,0,-0.13872791519434627,-0.2318840579710145,-0.1773046031784481,2,1,0,6,5,4,3,2,1,0,1,1,1,0,0,1,1,1,1,1,0,0,0,1,1,0,0,0,0,0,0,0,0,0,0,0,0,0,0,0,0.17222614840989403,1.3404450077453882,0.8193916349809888,-0.5888607238417125,-0.2790452049007182,-0.31683099569504236,-0.2612831551173448,0.13937282229965156,-0.3902439024390244,-0.5724137931034483,0.16666666666666666,-0.3888888888888889,-0.11594202898550725,-0.23529411764705882,-0.2647058823529412,-0.5882352941176471,0.11764705882352941,-0.35294117647058826,0.11764705882352941,-1.1076923076923078
4,1,0,0,-0.09632508833922258,0.34782608695652173,0.157148835332845,3,2,1,0,6,5,4,3,2,1,1,1,1,1,0,0,1,1,1,1,0,0,0,0,1,1,0,0,0,0,0,0,0,0,0,0,0,0,0,0,-0.13872791519434627,0.15751302633431916,1.3545275313336151,0.8193916349809888,-0.5888607238417125,-0.2751701152617692,-0.31683099569504236,-0.2508710801393728,0.13937282229965156,-0.3793103448275862,-0.2222222222222222,0.16666666666666666,-0.4057971014492754,-0.11764705882352941,-0.20588235294117646,-0.23529411764705882,-0.5882352941176471,0.11764705882352941,-0.35294117647058826,0.12307692307692308
5,0,1,0,-0.5768904593639576,-0.2318840579710145,-0.502011483931934,4,3,2,1,0,6,5,4,3,2,1,1,1,1,1,0,0,1,1,1,0,0,0,0,0,1,1,0,0,0,0,0,0,0,0,0,0,0,0,0,-0.09632508833922258,-0.1523024926066751,0.17159554992254616,1.3545275313336151,0.8193916349809888,-0.5806832384391057,-0.2751701152617692,-0.30662020905923343,-0.2508710801393728,0.14482758620689656,0.3333333333333333,-0.2222222222222222,0.17391304347826086,-0.4117647058823529,-0.08823529411764706,-0.17647058823529413,-0.23529411764705882,-0.5882352941176471,0.11764705882352941,-0.36923076923076925
6,0,1,0,0.32770318021201417,0.4057971014492754,0.5810892946288687,5,4,3,2,1,0,6,5,4,3,0,1,1,1,1,1,0,0,1,1,1,0,0,0,0,0,1,1,0,0,0,0,0,0,0,0,0,0,0,0,-0.5768904593639576,-0.11005492184199407,-0.1382199690184481,0.17159554992254616,1.3545275313336151,0.808012776003333,-0.5806832384391057,-0.26480836236933797,-0.30662020905923343,-0.2413793103448276,-0.2222222222222222,0.3333333333333333,-0.2318840579710145,0.17647058823529413,-0.38235294117647056,-0.058823529411764705,-0.17647058823529413,-0.23529411764705882,-0.5882352941176471,0.12307692307692308
0,1,0,0,0.2711660777385159,0.5797101449275363,0.43788511446205297,6,5,4,3,2,1,0,6,5,4,0,0,1,1,1,1,1,0,0,1,1,1,0,0,0,0,0,1,1,0,0,0,0,0,0,0,0,0,0,0,0.32770318021201417,-0.5888607238417125,-0.09597239825376705,-0.1382199690184481,0.17159554992254616,1.3357172614914596,0.808012776003333,-0.5714285714285714,-0.26480836236933797,-0.296551724137931,0.3888888888888889,-0.2222222222222222,0.34782608695652173,-0.23529411764705882,0.20588235294117646,-0.35294117647058826,-0.058823529411764705,-0.17647058823529413,-0.23529411764705882,-0.6153846153846154
1,1,0,0,-0.661696113074205,-0.463768115942029,-0.6074623005117179,0,6,5,4,3,2,1,0,6,5,1,0,0,1,1,1,1,1,0,0,0,1,1,0,0,0,0,0,1,1,0,0,0,0,0,0,0,0,0,0,0.2711660777385159,0.3124207858048163,-0.5747782002534855,-0.09597239825376705,-0.1382199690184481,0.1692126093598112,1.3357172614914596,0.8222996515679443,-0.5714285714285714,-0.25517241379310346,0.5555555555555556,0.3888888888888889,-0.2318840579710145,0.35294117647058826,-0.20588235294117646,0.23529411764705882,-0.35294117647058826,-0.058823529411764705,-0.17647058823529413,-0.24615384615384617
2,1,0,0,-0.23766784452296816,0.463768115942029,-0.06033532992150911,1,0,6,5,4,3,2,1,0,6,1,1,0,0,1,1,1,1,1,0,0,0,1,1,0,0,0,0,0,1,0,0,0,0,0,0,0,0,0,0,-0.661696113074205,0.25609069145190827,0.3265033093930433,-0.5747782002534855,-0.09597239825376705,-0.13630051381752534,0.1692126093598112,1.3519163763066202,0.8222996515679443,-0.5586206896551724,-0.4444444444444444,0.5555555555555556,0.4057971014492754,-0.23529411764705882,0.38235294117647056,-0.17647058823529413,0.23529411764705882,-0.35294117647058826,-0.058823529411764705,-0.18461538461538463
3,1,0,0,-0.4920848056537102,-0.057971014492753624,-0.3501989488329384,2,1,0,6,5,4,3,2,1,0,1,1,1,0,0,1,1,1,1,1,0,0,0,1,1,0,0,0,0,0,0,0,0,0,0,0,0,0,0,0,-0.23766784452296816,-0.6733558653710745,0.27017321504013525,0.3265033093930433,-0.5747782002534855,-0.09463963338425217,-0.13630051381752534,0.18118466898954705,1.3519163763066202,0.8206896551724138,0.4444444444444444,-0.4444444444444444,0.5797101449275363,0.4117647058823529,-0.20588235294117646,0.4117647058823529,-0.17647058823529413,0.23529411764705882,-0.35294117647058826,-0.06153846153846154
4,1,0,0,0.08742049469964668,0.057971014492753624,0.2592089880157377,3,2,1,0,6,5,4,3,2,1,1,1,1,1,0,0,1,1,1,1,0,0,0,0,1,1,0,0,0,0,0,0,0,0,0,0,0,0,0,0,-0.4920848056537102,-0.2508801577242642,-0.6592733417828476,0.27017321504013525,0.3265033093930433,-0.5667962782946814,-0.09463963338425217,-0.1254355400696864,0.18118466898954705,1.3448275862068966,-0.05555555555555555,0.4444444444444444,-0.463768115942029,0.5882352941176471,0.4411764705882353,-0.17647058823529413,0.4117647058823529,-0.17647058823529413,0.23529411764705882,-0.36923076923076925
5,0,1,0,-0.16699646643109536,0.5217391304347826,-0.042660888783829724,4,3,2,1,0,6,5,4,3,2,1,1,1,1,1,0,0,1,1,1,0,0,0,0,0,1,1,0,0,0,0,0,0,0,0,0,0,0,0,0,0.08742049469964668,-0.5043655823123504,-0.2367976341360372,-0.6592733417828476,0.27017321504013525,0.32196917094847943,-0.5667962782946814,-0.08362369337979095,-0.1254355400696864,0.18620689655172415,0.05555555555555555,-0.05555555555555555,0.463768115942029,-0.47058823529411764,0.6176470588235294,0.47058823529411764,-0.17647058823529413,0.4117647058823529,-0.17647058823529413,0.24615384615384617
6,0,1,0,0.12982332155477036,-0.11594202898550725,0.47936659346864247,5,4,3,2,1,0,6,5,4,3,0,1,1,1,1,1,0,0,1,1,1,0,0,0,0,0,1,1,0,0,0,0,0,0,0,0,0,0,0,0,-0.16699646643109536,0.07301788480495709,-0.49028305872412337,-0.2367976341360372,-0.6592733417828476,0.2664213303707819,0.32196917094847943,-0.5574912891986062,-0.08362369337979095,-0.11724137931034483,0.5,0.05555555555555555,-0.057971014492753624,0.47058823529411764,-0.4411764705882353,0.6470588235294118,0.47058823529411764,-0.17647058823529413,0.4117647058823529,-0.18461538461538463
0,1,0,0,-0.44968197879858657,-0.463768115942029,-0.4091304581461271,6,5,4,3,2,1,0,6,5,4,0,0,1,1,1,1,1,0,0,1,1,1,0,0,0,0,0,1,1,0,0,0,0,0,0,0,0,0,0,0,0.12982332155477036,-0.18046753978312913,0.0871004083931841,-0.49028305872412337,-0.2367976341360372,-0.6501180391612277,0.2664213303707819,0.3344947735191638,-0.5574912891986062,-0.07586206896551724,-0.1111111111111111,0.5,0.057971014492753624,-0.058823529411764705,0.5,-0.4117647058823529,0.6470588235294118,0.47058823529411764,-0.17647058823529413,0.4307692307692308
1,1,0,0,-0.011519434628975233,0.34782608695652173,0.21051072396994455,0,6,5,4,3,2,1,0,6,5,1,0,0,1,1,1,1,1,0,0,0,1,1,0,0,0,0,0,1,1,0,0,0,0,0,0,0,0,0,0,-0.44968197879858657,0.11526545556963813,-0.16638501619490212,0.0871004083931841,-0.49028305872412337,-0.23350923482849603,-0.6501180391612277,0.2787456445993031,0.3344947735191638,-0.5448275862068965,-0.4444444444444444,-0.1111111111111111,0.5217391304347826,0.058823529411764705,-0.029411764705882353,0.5294117647058824,-0.4117647058823529,0.6470588235294118,0.47058823529411764,-0.18461538461538463
2,1,0,0,0.1439575971731449,0.17391304347826086,0.27693911422316403,1,0,6,5,4,3,2,1,0,6,1,1,0,0,1,1,1,1,1,0,0,0,1,1,0,0,0,0,0,1,0,0,0,0,0,0,0,0,0,0,-0.011519434628975233,-0.46211801154766935,0.12934797915786514,-0.16638501619490212,0.0871004083931841,-0.483474517428135,-0.23350923482849603,-0.6411149825783972,0.2787456445993031,0.33793103448275863,0.3333333333333333,-0.4444444444444444,-0.11594202898550725,0.5294117647058824,0.08823529411764706,0.0,0.5294117647058824,-0.4117647058823529,0.6470588235294118,0.49230769230769234
3,1,0,0,-0.4638162544169611,-0.2318840579710145,-0.374998294644739,2,1,0,6,5,4,3,2,1,0,1,1,1,0,0,1,1,1,1,1,0,0,0,1,1,0,0,0,0,0,0,0,0,0,0,0,0,0,0,0,0.1439575971731449,-0.025559780312631994,-0.44803548795944237,0.12934797915786514,-0.16638501619490212,0.08589084849326487,-0.483474517428135,-0.2229965156794425,-0.6411149825783972,0.2827586206896552,0.16666666666666666,0.3333333333333333,-0.463768115942029,-0.11764705882352941,0.5588235294117647,0.11764705882352941,0.0,0.5294117647058824,-0.4117647058823529,0.676923076923077
4,1,0,0,-0.6334275618374557,-0.8115942028985508,-0.5672164732028131,3,2,1,0,6,5,4,3,2,1,1,1,1,1,0,0,1,1,1,1,0,0,0,0,1,1,0,0,0,0,0,0,0,0,0,0,0,0,0,0,-0.4638162544169611,0.12934797915786514,-0.011477256724404982,-0.44803548795944237,0.12934797915786514,-0.1640744341063741,0.08589084849326487,-0.4738675958188153,-0.2229965156794425,-0.6275862068965518,-0.2222222222222222,0.16666666666666666,0.34782608695652173,-0.47058823529411764,-0.08823529411764706,0.5882352941176471,0.11764705882352941,0.0,0.5294117647058824,-0.4307692307692308
5,0,1,0,0.22876325088339225,0.11594202898550725,0.3335201567423343,4,3,2,1,0,6,5,4,3,2,1,1,1,1,1,0,0,1,1,1,0,0,0,0,0,1,1,0,0,0,0,0,0,0,0,0,0,0,0,0,-0.6334275618374557,-0.4762005351358964,0.14343050274609215,-0.011477256724404982,-0.44803548795944237,0.12755172892653802,-0.1640744341063741,0.0975609756097561,-0.4738675958188153,-0.21379310344827587,-0.7777777777777778,-0.2222222222222222,0.17391304347826086,0.35294117647058826,-0.4411764705882353,-0.058823529411764705,0.5882352941176471,0.11764705882352941,0.0,0.5538461538461539
6,0,1,0,-0.4638162544169611,-0.11594202898550725,-0.31800351205734895,5,4,3,2,1,0,6,5,4,3,0,1,1,1,1,1,0,0,1,1,1,0,0,0,0,0,1,1,0,0,0,0,0,0,0,0,0,0,0,0,0.22876325088339225,-0.6451908181946205,-0.46211801154766935,0.14343050274609215,-0.011477256724404982,-0.44181363699486187,0.12755172892653802,-0.15331010452961671,0.0975609756097561,-0.46206896551724136,0.1111111111111111,-0.7777777777777778,-0.2318840579710145,0.17647058823529413,0.38235294117647056,-0.4117647058823529,-0.058823529411764705,0.5882352941176471,0.11764705882352941,0.0
0,1,0,0,0.18636042402826858,1.1014492753623188,0.28081590877894613,6,5,4,3,2,1,0,6,5,4,0,0,1,1,1,1,1,0,0,1,1,1,0,0,0,0,0,1,1,0,0,0,0,0,0,0,0,0,0,0,-0.4638162544169611,0.21384312068722722,-0.6311082946063935,-0.46211801154766935,0.14343050274609215,-0.011317872517705845,-0.44181363699486187,0.13937282229965156,-0.15331010452961671,0.10344827586206896,-0.1111111111111111,0.1111111111111111,-0.8115942028985508,-0.23529411764705882,0.20588235294117646,0.4117647058823529,-0.4117647058823529,-0.058823529411764705,0.5882352941176471,0.12307692307692308
1,1,0,0,-0.6758303886925795,-1.0434782608695652,-0.6265851103135153,0,6,5,4,3,2,1,0,6,5,1,0,0,1,1,1,1,1,0,0,0,1,1,0,0,0,0,0,1,1,0,0,0,0,0,0,0,0,0,0,0.18636042402826858,-0.4762005351358964,0.22792564427545423,-0.6311082946063935,-0.46211801154766935,0.1414386890709624,-0.011317872517705845,-0.43205574912891986,0.13937282229965156,-0.14482758620689656,1.0555555555555556,-0.1111111111111111,0.11594202898550725,-0.8235294117647058,-0.20588235294117646,0.23529411764705882,0.4117647058823529,-0.4117647058823529,-0.058823529411764705,0.6153846153846154
2,1,0,0,-0.5344876325088339,-0.34782608695652173,-0.45866288453672943,1,0,6,5,4,3,2,1,0,6,1,1,0,0,1,1,1,1,1,0,0,0,1,1,0,0,0,0,0,1,0,0,0,0,0,0,0,0,0,0,-0.6758303886925795,0.17159554992254616,-0.46211801154766935,0.22792564427545423,-0.6311082946063935,-0.45570059713928623,0.1414386890709624,0.0,-0.43205574912891986,0.14482758620689656,-1.0,1.0555555555555556,-0.11594202898550725,0.11764705882352941,-0.7941176470588235,-0.17647058823529413,0.23529411764705882,0.4117647058823529,-0.4117647058823529,-0.06153846153846154
3,1,0,0,-0.3224734982332155,1.1014492753623188,-0.17026879461592198,2,1,0,6,5,4,3,2,1,0,1,1,1,0,0,1,1,1,1,1,0,0,0,1,1,0,0,0,0,0,0,0,0,0,0,0,0,0,0,0,-0.5344876325088339,-0.6874383889593015,0.18567807351077317,-0.46211801154766935,0.22792564427545423,-0.6223441188723788,-0.45570059713928623,0.15331010452961671,0.0,-0.4206896551724138,-0.3333333333333333,-1.0,1.1014492753623188,-0.11764705882352941,0.14705882352941177,-0.7647058823529411,-0.17647058823529413,0.23529411764705882,0.4117647058823529,-0.4307692307692308
4,1,0,0,-0.28007067137809183,-0.2898550724637681,-0.1841148872084991,3,2,1,0,6,5,4,3,2,1,1,1,1,1,0,0,1,1,1,1,0,0,0,0,1,1,0,0,0,0,0,0,0,0,0,0,0,0,0,0,-0.3224734982332155,-0.5466131530770314,-0.6733558653710745,0.18567807351077317,-0.46211801154766935,0.22476044993750874,-0.6223441188723788,-0.445993031358885,0.15331010452961671,0.006896551724137931,1.0555555555555556,-0.3333333333333333,-1.0434782608695652,1.1176470588235294,-0.08823529411764706,0.17647058823529413,-0.7647058823529411,-0.17647058823529413,0.23529411764705882,0.4307692307692308
5,0,1,0,-0.3366077738515901,0.463768115942029,-0.1470731788128333,4,3,2,1,0,6,5,4,3,2,1,1,1,1,1,0,0,1,1,1,0,0,0,0,0,1,1,0,0,0,0,0,0,0,0,0,0,0,0,0,-0.28007067137809183,-0.33537529925362625,-0.5325306294888045,-0.6733558653710745,0.18567807351077317,-0.45570059713928623,0.22476044993750874,-0.6132404181184669,-0.445993031358885,0.15862068965517243,-0.2777777777777778,1.0555555555555556,-0.34782608695652173,-1.0588235294117647,1.1470588235294117,-0.058823529411764705,0.17647058823529413,-0.7647058823529411,-0.17647058823529413,0.24615384615384617
6,0,1,0,-0.44968197879858657,-0.2898550724637681,-0.32913050269418287,5,4,3,2,1,0,6,5,4,3,0,1,1,1,1,1,0,0,1,1,1,0,0,0,0,0,1,1,0,0,0,0,0,0,0,0,0,0,0,0,-0.3366077738515901,-0.29312772848894525,-0.32129277566539927,-0.5325306294888045,-0.6733558653710745,0.1830995695042356,-0.45570059713928623,0.23693379790940766,-0.6132404181184669,-0.43448275862068964,0.4444444444444444,-0.2777777777777778,1.1014492753623188,-0.35294117647058826,-1.0294117647058822,1.1764705882352942,-0.058823529411764705,0.17647058823529413,-0.7647058823529411,-0.18461538461538463
0,1,0,0,-0.3790106007067138,-0.4057971014492754,-0.1976847818551314,6,5,4,3,2,1,0,6,5,4,0,0,1,1,1,1,1,0,0,1,1,1,0,0,0,0,0,1,1,0,0,0,0,0,0,0,0,0,0,0,-0.44968197879858657,-0.3494578228418533,-0.2790452049007182,-0.32129277566539927,-0.5325306294888045,-0.664004999305652,0.1830995695042356,-0.445993031358885,0.23693379790940766,-0.6,-0.2777777777777778,0.4444444444444444,-0.2898550724637681,1.1176470588235294,-0.3235294117647059,-1.0,1.1764705882352942,-0.058823529411764705,0.17647058823529413,-0.8
1,1,0,0,0.016749116607773885,-0.34782608695652173,-0.015110143675832707,0,6,5,4,3,2,1,0,6,5,1,0,0,1,1,1,1,1,0,0,0,1,1,0,0,0,0,0,1,1,0,0,0,0,0,0,0,0,0,0,-0.3790106007067138,-0.46211801154766935,-0.33537529925362625,-0.2790452049007182,-0.32129277566539927,-0.5251353978614082,-0.664004999305652,0.1951219512195122,-0.445993031358885,0.2413793103448276,-0.3888888888888889,-0.2777777777777778,0.463768115942029,-0.29411764705882354,1.1470588235294117,-0.29411764705882354,-1.0,1.1764705882352942,-0.058823529411764705,0.18461538461538463
2,1,0,0,-0.18113074204946994,0.7536231884057971,-0.04478137623979327,1,0,6,5,4,3,2,1,0,6,1,1,0,0,1,1,1,1,1,0,0,0,1,1,0,0,0,0,0,1,0,0,0,0,0,0,0,0,0,0,0.016749116607773885,-0.39170539360653434,-0.44803548795944237,-0.33537529925362625,-0.2790452049007182,-0.31683099569504236,-0.5251353978614082,-0.6550522648083623,0.1951219512195122,-0.43448275862068964,-0.3333333333333333,-0.3888888888888889,-0.2898550724637681,0.47058823529411764,-0.2647058823529412,1.1764705882352942,-0.29411764705882354,-1.0,1.1764705882352942,-0.06153846153846154
3,1,0,0,0.4549116607773852,0.34782608695652173,0.46090086748985903,2,1,0,6,5,4,3,2,1,0,1,1,1,0,0,1,1,1,1,1,0,0,0,1,1,0,0,0,0,0,0,0,0,0,0,0,0,0,0,0,-0.18113074204946994,0.0026052668638220293,-0.3776228700183073,-0.44803548795944237,-0.33537529925362625,-0.2751701152617692,-0.31683099569504236,-0.5156794425087108,-0.6550522648083623,0.2,0.7222222222222222,-0.3333333333333333,-0.4057971014492754,-0.29411764705882354,0.5,-0.23529411764705882,1.1764705882352942,-0.29411764705882354,-1.0,1.2307692307692308
4,1,0,0,0.5821201413427562,0.2898550724637681,0.8520021706040187,3,2,1,0,6,5,4,3,2,1,1,1,1,1,0,0,1,1,1,1,0,0,0,0,1,1,0,0,0,0,0,0,0,0,0,0,0,0,0,0,0.4549116607773852,-0.19455006337135614,0.01668779045204904,-0.3776228700183073,-0.44803548795944237,-0.3307179558394667,-0.2751701152617692,-0.30662020905923343,-0.5156794425087108,-0.6413793103448275,0.3333333333333333,0.7222222222222222,-0.34782608695652173,-0.4117647058823529,-0.2647058823529412,0.5294117647058824,-0.23529411764705882,1.1764705882352942,-0.29411764705882354,-1.0461538461538462
5,0,1,0,1.3877738515901061,1.2753623188405796,1.9139398384074962,4,3,2,1,0,6,5,4,3,2,1,1,1,1,1,0,0,1,1,1,0,0,0,0,0,1,1,0,0,0,0,0,0,0,0,0,0,0,0,0,0.5821201413427562,0.4391634980988594,-0.18046753978312913,0.01668779045204904,-0.3776228700183073,-0.44181363699486187,-0.3307179558394667,-0.26480836236933797,-0.30662020905923343,-0.503448275862069,0.2777777777777778,0.3333333333333333,0.7536231884057971,-0.35294117647058826,-0.38235294117647056,-0.23529411764705882,0.5294117647058824,-0.23529411764705882,1.1764705882352942,-0.3076923076923077
6,0,1,0,0.5538515901060072,0.11594202898550725,0.8895611932976336,5,4,3,2,1,0,6,5,4,3,0,1,1,1,1,1,0,0,1,1,1,0,0,0,0,0,1,1,0,0,0,0,0,0,0,0,0,0,0,0,1.3877738515901061,0.5659062103929026,0.45324602168708644,-0.18046753978312913,0.01668779045204904,-0.37237883627273993,-0.44181363699486187,-0.3205574912891986,-0.26480836236933797,-0.296551724137931,1.2222222222222223,0.2777777777777778,0.34782608695652173,0.7647058823529411,-0.3235294117647059,-0.35294117647058826,-0.23529411764705882,0.5294117647058824,-0.23529411764705882,1.2307692307692308
0,1,0,0,-0.5768904593639576,0.0,-0.4931141234877675,6,5,4,3,2,1,0,6,5,4,0,0,1,1,1,1,1,0,0,1,1,1,0,0,0,0,0,1,1,0,0,0,0,0,0,0,0,0,0,0,0.5538515901060072,1.3686100549218423,0.5799887339811295,0.45324602168708644,-0.18046753978312913,0.016456047771142932,-0.37237883627273993,-0.43205574912891986,-0.3205574912891986,-0.25517241379310346,0.1111111111111111,1.2222222222222223,0.2898550724637681,0.35294117647058826,0.7941176470588235,-0.29411764705882354,-0.35294117647058826,-0.23529411764705882,0.5294117647058824,-0.24615384615384617
1,1,0,0,-0.44968197879858657,0.7536231884057971,-0.3150995356700459,0,6,5,4,3,2,1,0,6,5,1,0,0,1,1,1,1,1,0,0,0,1,1,0,0,0,0,0,1,1,0,0,0,0,0,0,0,0,0,0,-0.5768904593639576,0.5377411632164485,1.3826925785100692,0.5799887339811295,0.45324602168708644,-0.1779613942507985,0.016456047771142932,-0.3623693379790941,-0.43205574912891986,-0.3103448275862069,0.0,0.1111111111111111,1.2753623188405796,0.29411764705882354,0.38235294117647056,0.8235294117647058,-0.29411764705882354,-0.35294117647058826,-0.23529411764705882,0.5538461538461539
2,1,0,0,-0.2942049469964664,0.5217391304347826,-0.20325217512843066,1,0,6,5,4,3,2,1,0,6,1,1,0,0,1,1,1,1,1,0,0,0,1,1,0,0,0,0,0,1,0,0,0,0,0,0,0,0,0,0,-0.44968197879858657,-0.5888607238417125,0.5518236868046755,1.3826925785100692,0.5799887339811295,0.44695181224829894,-0.1779613942507985,0.027874564459930314,-0.3623693379790941,-0.4206896551724138,0.7222222222222222,0.0,0.11594202898550725,1.2941176470588236,0.3235294117647059,0.4117647058823529,0.8235294117647058,-0.29411764705882354,-0.35294117647058826,-0.24615384615384617
3,1,0,0,0.5679858657243817,0.5217391304347826,0.9149624947133987,2,1,0,6,5,4,3,2,1,0,1,1,1,0,0,1,1,1,1,1,0,0,0,1,1,0,0,0,0,0,0,0,0,0,0,0,0,0,0,0,-0.2942049469964664,-0.46211801154766935,-0.5747782002534855,0.5518236868046755,1.3826925785100692,0.5719344535481184,0.44695181224829894,-0.1672473867595819,0.027874564459930314,-0.35172413793103446,0.5,0.7222222222222222,0.0,0.11764705882352941,1.3235294117647058,0.35294117647058826,0.4117647058823529,0.8235294117647058,-0.29411764705882354,-0.36923076923076925
4,1,0,0,-0.5203533568904594,0.7536231884057971,-0.3856051867301365,3,2,1,0,6,5,4,3,2,1,1,1,1,1,0,0,1,1,1,1,0,0,0,0,1,1,0,0,0,0,0,0,0,0,0,0,0,0,0,0,0.5679858657243817,-0.30721025207717223,-0.44803548795944237,-0.5747782002534855,0.5518236868046755,1.3634911817803086,0.5719344535481184,0.45993031358885017,-0.1672473867595819,0.034482758620689655,0.5,0.5,0.7536231884057971,0.0,0.14705882352941177,1.3529411764705883,0.35294117647058826,0.4117647058823529,0.8235294117647058,-0.3076923076923077
5,0,1,0,-0.053922261484098906,0.7536231884057971,0.1328734860273631,4,3,2,1,0,6,5,4,3,2,1,1,1,1,1,0,0,1,1,1,0,0,0,0,0,1,1,0,0,0,0,0,0,0,0,0,0,0,0,0,-0.5203533568904594,0.5518236868046755,-0.29312772848894525,-0.44803548795944237,-0.5747782002534855,0.5441605332592696,1.3634911817803086,0.5853658536585366,0.45993031358885017,-0.15862068965517243,0.7222222222222222,0.5,0.5217391304347826,0.7647058823529411,0.029411764705882353,0.17647058823529413,1.3529411764705883,0.35294117647058826,0.4117647058823529,0.8615384615384616
6,0,1,0,0.2146289752650177,0.0,0.519827921997468,5,4,3,2,1,0,6,5,4,3,0,1,1,1,1,1,0,0,1,1,1,0,0,0,0,0,1,1,0,0,0,0,0,0,0,0,0,0,0,0,-0.053922261484098906,-0.5325306294888045,0.5659062103929026,-0.29312772848894525,-0.44803548795944237,-0.5667962782946814,0.5441605332592696,1.3797909407665505,0.5853658536585366,0.46206896551724136,0.7222222222222222,0.7222222222222222,0.5217391304347826,0.5294117647058824,0.7941176470588235,0.058823529411764705,0.17647058823529413,1.3529411764705883,0.35294117647058826,0.4307692307692308
0,0,0,1,-0.44968197879858657,0.0,-0.24258977894976289,6,5,4,3,2,1,0,6,5,4,0,0,1,1,1,1,1,0,0,1,1,1,0,0,0,0,0,1,1,0,0,0,0,0,0,0,0,0,0,0,0.2146289752650177,-0.06780735107731303,-0.5184481059005774,0.5659062103929026,-0.29312772848894525,-0.44181363699486187,-0.5667962782946814,0.5574912891986062,1.3797909407665505,0.5862068965517241,0.0,0.7222222222222222,0.7536231884057971,0.5294117647058824,0.5588235294117647,0.8235294117647058,0.058823529411764705,0.17647058823529413,1.3529411764705883,0.36923076923076925
1,1,0,0,0.016749116607773885,0.11594202898550725,0.32838989126654855,0,6,5,4,3,2,1,0,6,5,0,0,0,1,1,1,1,1,0,0,0,1,1,0,0,0,0,0,1,1,1,0,0,0,0,0,0,0,0,0,-0.44968197879858657,0.1997605970990002,-0.05372482748908602,-0.5184481059005774,0.5659062103929026,-0.2890570754061936,-0.44181363699486187,-0.5574912891986062,0.5574912891986062,1.3724137931034484,0.0,0.0,0.7536231884057971,0.7647058823529411,0.5588235294117647,0.5882352941176471,0.8235294117647058,0.058823529411764705,0.17647058823529413,1.4153846153846155
2,1,0,0,0.5538515901060072,0.9855072463768116,0.8976672689006959,1,0,6,5,4,3,2,1,0,6,1,0,0,0,1,1,1,1,1,0,0,0,1,1,0,0,0,0,0,1,0,1,0,0,0,0,0,0,0,0,0.016749116607773885,-0.46211801154766935,0.21384312068722722,-0.05372482748908602,-0.5184481059005774,0.5580474934036941,-0.2890570754061936,-0.43205574912891986,-0.5574912891986062,0.5586206896551724,0.1111111111111111,0.0,0.0,0.7647058823529411,0.7941176470588235,0.5882352941176471,0.5882352941176471,0.8235294117647058,0.058823529411764705,0.18461538461538463
3,1,0,0,0.652791519434629,0.17391304347826086,1.2824549988069474,2,1,0,6,5,4,3,2,1,0,1,1,0,0,0,1,1,1,1,1,0,0,0,1,1,0,0,0,0,0,0,0,1,0,0,0,0,0,0,0,0.5538515901060072,0.0026052668638220293,-0.44803548795944237,0.21384312068722722,-0.05372482748908602,-0.5112484377169838,0.5580474934036941,-0.2787456445993031,-0.43205574912891986,-0.5448275862068965,0.9444444444444444,0.1111111111111111,0.0,0.0,0.7941176470588235,0.8235294117647058,0.5882352941176471,0.5882352941176471,0.8235294117647058,0.06153846153846154
4,1,0,0,1.006148409893993,0.17391304347826086,0.9710718846918124,3,2,1,0,6,5,4,3,2,1,1,1,1,0,0,0,1,1,1,1,0,0,0,0,1,1,0,0,0,0,0,0,0,1,0,0,0,0,0,0,0.652791519434629,0.5377411632164485,0.01668779045204904,-0.44803548795944237,0.21384312068722722,-0.05297875295097901,-0.5112484377169838,0.5714285714285714,-0.2787456445993031,-0.4206896551724138,0.16666666666666666,0.9444444444444444,0.11594202898550725,0.0,0.029411764705882353,0.8235294117647058,0.8235294117647058,0.5882352941176471,0.5882352941176471,0.8615384615384616
5,0,1,0,0.8365371024734982,1.1594202898550725,1.2958784417201452,4,3,2,1,0,6,5,4,3,2,1,1,1,1,0,0,0,1,1,1,0,0,0,0,0,1,1,0,0,0,0,0,0,0,1,0,0,0,0,0,1.006148409893993,0.6363188283340375,0.5518236868046755,0.01668779045204904,-0.44803548795944237,0.21087348979308435,-0.05297875295097901,-0.5017421602787456,0.5714285714285714,-0.2689655172413793,0.16666666666666666,0.16666666666666666,0.9855072463768116,0.11764705882352941,0.029411764705882353,0.058823529411764705,0.8235294117647058,0.8235294117647058,0.5882352941176471,0.6153846153846154
6,0,1,0,0.2711660777385159,1.1014492753623188,0.694266414636041,5,4,3,2,1,0,6,5,4,3,0,1,1,1,1,0,0,0,1,1,1,0,0,0,0,0,1,1,0,0,0,0,0,0,0,1,0,0,0,0,0.8365371024734982,0.9883819180397129,0.6504013519222646,0.5518236868046755,0.01668779045204904,-0.44181363699486187,0.21087348979308435,-0.041811846689895474,-0.5017421602787456,0.5724137931034483,1.1111111111111112,0.16666666666666666,0.17391304347826086,1.0,0.14705882352941177,0.058823529411764705,0.058823529411764705,0.8235294117647058,0.8235294117647058,0.6153846153846154
0,1,0,0,0.28530035335689047,0.4057971014492754,0.5346089669110963,6,5,4,3,2,1,0,6,5,4,0,0,1,1,1,1,0,0,0,1,1,1,0,0,0,0,0,1,1,0,0,0,0,0,0,0,1,0,0,0,0.2711660777385159,0.8193916349809888,1.0024644416279398,0.6504013519222646,0.5518236868046755,0.016456047771142932,-0.44181363699486187,0.2229965156794425,-0.041811846689895474,-0.4896551724137931,1.0555555555555556,1.1111111111111112,0.17391304347826086,0.17647058823529413,1.0294117647058822,0.17647058823529413,0.058823529411764705,0.058823529411764705,0.8235294117647058,0.8615384615384616
1,1,0,0,-0.11045936395759715,0.6956521739130435,0.006485640073426333,0,6,5,4,3,2,1,0,6,5,1,0,0,1,1,1,1,0,0,0,0,1,1,0,0,0,0,0,1,1,0,0,0,0,0,0,0,1,0,0,0.28530035335689047,0.25609069145190827,0.8334741585692157,1.0024644416279398,0.6504013519222646,0.5441605332592696,0.016456047771142932,-0.43205574912891986,0.2229965156794425,-0.034482758620689655,0.3888888888888889,1.0555555555555556,1.1594202898550725,0.17647058823529413,0.20588235294117646,1.0588235294117647,0.17647058823529413,0.058823529411764705,0.058823529411764705,0.8615384615384616
2,1,0,0,-0.5344876325088339,0.5217391304347826,-0.4645254086796875,1,0,6,5,4,3,2,1,0,6,1,1,0,0,1,1,1,1,0,0,0,0,1,1,0,0,0,0,0,1,0,0,0,0,0,0,0,0,1,0,-0.11045936395759715,0.27017321504013525,0.27017321504013525,0.8334741585692157,1.0024644416279398,0.6413692542702404,0.5441605332592696,0.027874564459930314,-0.43205574912891986,0.22758620689655173,0.6666666666666666,0.3888888888888889,1.1014492753623188,1.1764705882352942,0.20588235294117646,0.23529411764705882,1.0588235294117647,0.17647058823529413,0.058823529411764705,0.06153846153846154
3,1,0,0,0.35597173144876326,0.11594202898550725,0.2560700206341026,2,1,0,6,5,4,3,2,1,0,1,1,1,0,0,1,1,1,1,0,0,0,0,1,1,0,0,0,0,0,0,0,0,0,0,0,0,0,0,1,-0.5344876325088339,-0.12413744543022108,0.2842557386283623,0.27017321504013525,0.8334741585692157,0.9885432578808501,0.6413692542702404,0.5574912891986062,0.027874564459930314,-0.4206896551724138,0.5,0.6666666666666666,0.4057971014492754,1.1176470588235294,1.2058823529411764,0.23529411764705882,0.23529411764705882,1.0588235294117647,0.17647058823529413,0.06153846153846154
4,1,0,0,0.9496113074204947,1.4492753623188406,1.290809429821081,3,2,1,0,6,5,4,3,2,1,1,1,1,1,0,0,1,1,1,1,0,0,0,0,1,1,0,0,0,0,0,0,0,0,0,0,0,0,0,0,0.35597173144876326,-0.5466131530770314,-0.11005492184199407,0.2842557386283623,0.27017321504013525,0.8218997361477574,0.9885432578808501,0.6550522648083623,0.5574912891986062,0.034482758620689655,0.1111111111111111,0.5,0.6956521739130435,0.4117647058823529,1.1470588235294117,1.2352941176470589,0.23529411764705882,0.23529411764705882,1.0588235294117647,0.18461538461538463
5,0,1,0,0.8930742049469965,0.8115942028985508,1.0615105633185182,4,3,2,1,0,6,5,4,3,2,1,1,1,1,1,0,0,1,1,1,0,0,0,0,0,1,1,0,0,0,0,0,0,0,0,0,0,0,0,0,0.9496113074204947,0.3405858329812703,-0.5325306294888045,-0.11005492184199407,0.2842557386283623,0.2664213303707819,0.8218997361477574,1.0034843205574913,0.6550522648083623,0.5586206896551724,1.3888888888888888,0.1111111111111111,0.5217391304347826,0.7058823529411765,0.4411764705882353,1.1764705882352942,1.2352941176470589,0.23529411764705882,0.23529411764705882,1.1076923076923078
6,0,1,0,-0.03978798586572435,0.4057971014492754,0.15093660895187613,5,4,3,2,1,0,6,5,4,3,0,1,1,1,1,1,0,0,1,1,1,0,0,0,0,0,1,1,0,0,0,0,0,0,0,0,0,0,0,0,0.8930742049469965,0.9320518236868048,0.35466835656949736,-0.5325306294888045,-0.11005492184199407,0.2803082905152063,0.2664213303707819,0.8362369337979094,1.0034843205574913,0.6551724137931034,0.7777777777777778,1.3888888888888888,0.11594202898550725,0.5294117647058824,0.7352941176470589,0.47058823529411764,1.1764705882352942,1.2352941176470589,0.23529411764705882,0.24615384615384617
0,1,0,0,1.89660777385159,0.6956521739130435,2.6375561827550578,6,5,4,3,2,1,0,6,5,4,0,0,1,1,1,1,1,0,0,1,1,1,0,0,0,0,0,1,1,0,0,0,0,0,0,0,0,0,0,0,-0.03978798586572435,0.8757217293338968,0.9461343472750319,0.35466835656949736,-0.5325306294888045,-0.10852659352867655,0.2803082905152063,0.2787456445993031,0.8362369337979094,1.0,0.3888888888888889,0.7777777777777778,1.4492753623188406,0.11764705882352941,0.5588235294117647,0.7647058823529411,0.47058823529411764,1.1764705882352942,1.2352941176470589,0.24615384615384617
1,1,0,0,0.878939929328622,0.2898550724637681,1.2713402588854577,0,6,5,4,3,2,1,0,6,5,1,0,0,1,1,1,1,1,0,0,0,1,1,0,0,0,0,0,1,1,0,0,0,0,0,0,0,0,0,0,1.89660777385159,-0.05372482748908602,0.8898042529221238,0.9461343472750319,0.35466835656949736,-0.5251353978614082,-0.10852659352867655,0.2926829268292683,0.2787456445993031,0.8344827586206897,0.6666666666666666,0.3888888888888889,0.8115942028985508,1.4705882352941178,0.14705882352941177,0.5882352941176471,0.7647058823529411,0.47058823529411764,1.1764705882352942,1.2923076923076924
2,1,0,0,0.08742049469964668,0.4057971014492754,0.350861601162927,1,0,6,5,4,3,2,1,0,6,1,1,0,0,1,1,1,1,1,0,0,0,1,1,0,0,0,0,0,1,0,0,0,0,0,0,0,0,0,0,0.878939929328622,1.8755809040980147,-0.03964230390085901,0.8898042529221238,0.9461343472750319,0.3497430912373282,-0.5251353978614082,-0.0975609756097561,0.2926829268292683,0.2827586206896552,0.2777777777777778,0.6666666666666666,0.4057971014492754,0.8235294117647058,1.5,0.17647058823529413,0.5882352941176471,0.7647058823529411,0.47058823529411764,1.2307692307692308
3,1,0,0,0.18636042402826858,0.0,0.20433859083919348,2,1,0,6,5,4,3,2,1,0,1,1,1,0,0,1,1,1,1,1,0,0,0,1,1,0,0,0,0,0,0,0,0,0,0,0,0,0,0,0,0.08742049469964668,0.8616392057456698,1.8896634276862416,-0.03964230390085901,0.8898042529221238,0.9329954173031525,0.3497430912373282,-0.5156794425087108,-0.0975609756097561,0.296551724137931,0.3888888888888889,0.2777777777777778,0.6956521739130435,0.4117647058823529,0.8529411764705882,1.5294117647058822,0.17647058823529413,0.5882352941176471,0.7647058823529411,0.49230769230769234
4,1,0,0,-0.25180212014134273,0.7536231884057971,-0.12491776011261749,3,2,1,0,6,5,4,3,2,1,1,1,1,1,0,0,1,1,1,1,0,0,0,0,1,1,0,0,0,0,0,0,0,0,0,0,0,0,0,0,0.18636042402826858,0.07301788480495709,0.8757217293338968,1.8896634276862416,-0.03964230390085901,0.8774475767254549,0.9329954173031525,0.3623693379790941,-0.5156794425087108,-0.0896551724137931,0.0,0.3888888888888889,0.2898550724637681,0.7058823529411765,0.4411764705882353,0.8823529411764706,1.5294117647058822,0.17647058823529413,0.5882352941176471,0.8
5,0,1,0,0.07328621908127211,1.1014492753623188,0.316618067522045,4,3,2,1,0,6,5,4,3,2,1,1,1,1,1,0,0,1,1,1,0,0,0,0,0,1,1,0,0,0,0,0,0,0,0,0,0,0,0,0,-0.25180212014134273,0.17159554992254616,0.0871004083931841,0.8757217293338968,1.8896634276862416,-0.03909179280655462,0.8774475767254549,0.9477351916376306,0.3623693379790941,-0.503448275862069,0.7222222222222222,0.0,0.4057971014492754,0.29411764705882354,0.7352941176470589,0.47058823529411764,0.8823529411764706,1.5294117647058822,0.17647058823529413,0.6153846153846154
6,0,1,0,-0.25180212014134273,0.5797101449275363,-0.02593309383184835,5,4,3,2,1,0,6,5,4,3,0,1,1,1,1,1,0,0,1,1,1,0,0,0,0,0,1,1,0,0,0,0,0,0,0,0,0,0,0,0,0.07328621908127211,-0.2649626813124912,0.18567807351077317,0.0871004083931841,0.8757217293338968,1.8634217469795864,-0.03909179280655462,0.89198606271777,0.9477351916376306,0.36551724137931035,1.0555555555555556,0.7222222222222222,0.0,0.4117647058823529,0.3235294117647059,0.7647058823529411,0.47058823529411764,0.8823529411764706,1.5294117647058822,0.18461538461538463
0,1,0,0,1.5008480565371025,1.4492753623188406,2.1223350865777544,6,5,4,3,2,1,0,6,5,4,0,0,1,1,1,1,1,0,0,1,1,1,0,0,0,0,0,1,1,0,0,0,0,0,0,0,0,0,0,0,-0.25180212014134273,0.05893536121673008,-0.2508801577242642,0.18567807351077317,0.0871004083931841,0.8635606165810306,1.8634217469795864,-0.027874564459930314,0.89198606271777,0.9448275862068966,0.5555555555555556,1.0555555555555556,0.7536231884057971,0.0,0.4411764705882353,0.35294117647058826,0.7647058823529411,0.47058823529411764,0.8823529411764706,1.6
1,1,0,0,-0.03978798586572435,0.11594202898550725,0.3547601128959104,0,6,5,4,3,2,1,0,6,5,1,0,0,1,1,1,1,1,0,0,0,1,1,0,0,0,0,0,1,1,0,0,0,0,0,0,0,0,0,0,1.5008480565371025,-0.2649626813124912,0.07301788480495709,-0.2508801577242642,0.18567807351077317,0.08589084849326487,0.8635606165810306,1.8815331010452963,-0.027874564459930314,0.8896551724137931,1.3888888888888888,0.5555555555555556,1.1014492753623188,0.7647058823529411,0.029411764705882353,0.47058823529411764,0.35294117647058826,0.7647058823529411,0.47058823529411764,0.9230769230769231
2,1,0,0,-0.6051590106007066,-0.5797101449275363,-0.5432880418818546,1,0,6,5,4,3,2,1,0,6,1,1,0,0,1,1,1,1,1,0,0,0,1,1,0,0,0,0,0,1,0,0,0,0,0,0,0,0,0,0,-0.03978798586572435,1.4812702436276584,-0.2508801577242642,0.07301788480495709,-0.2508801577242642,0.1830995695042356,0.08589084849326487,0.8780487804878049,1.8815331010452963,-0.020689655172413793,0.1111111111111111,1.3888888888888888,0.5797101449275363,1.1176470588235294,0.7941176470588235,0.058823529411764705,0.47058823529411764,0.35294117647058826,0.7647058823529411,0.49230769230769234
3,0,0,1,2.900141342756184,0.7536231884057971,4.097964515803005,2,1,0,6,5,4,3,2,1,0,1,1,1,0,0,1,1,1,1,1,0,0,0,1,1,0,0,0,0,0,0,0,0,0,0,0,0,0,0,0,-0.6051590106007066,-0.05372482748908602,1.4953527672158853,-0.2508801577242642,0.07301788480495709,-0.24739619497292042,0.1830995695042356,0.0975609756097561,0.8780487804878049,1.8689655172413793,-0.5555555555555556,0.1111111111111111,1.4492753623188406,0.5882352941176471,1.1470588235294117,0.8235294117647058,0.058823529411764705,0.47058823529411764,0.35294117647058826,0.8
4,0,0,1,2.659858657243816,0.2898550724637681,3.735479770031799,3,2,1,0,6,5,4,3,2,1,0,1,1,1,0,0,1,1,1,1,0,0,0,0,1,1,0,0,0,0,1,0,0,0,0,0,0,0,0,0,2.900141342756184,-0.6170257710181665,-0.03964230390085901,1.4953527672158853,-0.2508801577242642,0.07200388834884049,-0.24739619497292042,0.1951219512195122,0.0975609756097561,0.8758620689655172,0.7222222222222222,-0.5555555555555556,0.11594202898550725,1.4705882352941178,0.6176470588235294,1.1764705882352942,0.8235294117647058,0.058823529411764705,0.47058823529411764,0.36923076923076925
5,0,1,0,0.7375971731448764,0.8695652173913043,1.2278730502916924,4,3,2,1,0,6,5,4,3,2,0,0,1,1,1,0,0,1,1,1,0,0,0,0,0,1,1,0,0,0,1,1,0,0,0,0,0,0,0,0,2.659858657243816,2.8754400788621326,-0.6029432474299395,-0.03964230390085901,1.4953527672158853,-0.24739619497292042,0.07200388834884049,-0.23693379790940766,0.1951219512195122,0.10344827586206896,0.2777777777777778,0.7222222222222222,-0.5797101449275363,0.11764705882352941,1.5,0.6470588235294118,1.1764705882352942,0.8235294117647058,0.058823529411764705,0.49230769230769234
6,0,1,0,-0.053922261484098906,0.057971014492753624,0.32556777193177355,5,4,3,2,1,0,6,5,4,3,0,0,0,1,1,1,0,0,1,1,1,0,0,0,0,0,1,1,0,0,0,1,1,0,0,0,0,0,0,0,0.7375971731448764,2.6360371778622733,2.8895226024503593,-0.6029432474299395,-0.03964230390085901,1.4745868629357035,-0.24739619497292042,0.08362369337979095,-0.23693379790940766,0.2,0.8333333333333334,0.2777777777777778,0.7536231884057971,-0.5882352941176471,0.14705882352941177,1.5294117647058822,0.6470588235294118,1.1764705882352942,0.8235294117647058,0.06153846153846154
0,1,0,0,-0.02565371024734979,0.11594202898550725,0.13390477351907645,6,5,4,3,2,1,0,6,5,4,0,0,0,0,1,1,1,0,0,1,1,1,0,0,0,0,0,1,1,0,0,0,1,1,0,0,0,0,0,0,-0.053922261484098906,0.7208139698633996,2.6501197014505005,2.8895226024503593,-0.6029432474299395,-0.03909179280655462,1.4745868629357035,-0.23693379790940766,0.08362369337979095,-0.22758620689655173,0.05555555555555555,0.8333333333333334,0.2898550724637681,0.7647058823529411,-0.5588235294117647,0.17647058823529413,1.5294117647058822,0.6470588235294118,1.1764705882352942,0.8615384615384616
1,1,0,0,0.6669257950530035,0.6956521739130435,1.029275033292711,0,6,5,4,3,2,1,0,6,5,1,0,0,0,0,1,1,1,0,0,0,1,1,0,0,0,0,0,1,1,0,0,0,1,1,0,0,0,0,0,-0.02565371024734979,-0.06780735107731303,0.7348964934516267,2.6501197014505005,2.8895226024503593,-0.5945701985835301,-0.03909179280655462,1.4912891986062717,-0.23693379790940766,0.0896551724137931,0.1111111111111111,0.05555555555555555,0.8695652173913043,0.29411764705882354,0.7941176470588235,-0.5294117647058824,0.17647058823529413,1.5294117647058822,0.6470588235294118,1.2307692307692308
2,1,0,0,4.6386572438162545,1.391304347826087,5.573097094993439,1,0,6,5,4,3,2,1,0,6,1,1,0,0,0,0,1,1,1,0,0,0,1,1,0,0,0,0,0,1,0,0,0,0,1,1,0,0,0,0,0.6669257950530035,-0.03964230390085901,-0.05372482748908602,0.7348964934516267,2.6501197014505005,2.8493959172337178,-0.5945701985835301,-0.027874564459930314,1.4912891986062717,-0.22758620689655173,0.6666666666666666,0.1111111111111111,0.057971014492753624,0.8823529411764706,0.3235294117647059,0.8235294117647058,-0.5294117647058824,0.17647058823529413,1.5294117647058822,0.676923076923077
3,1,0,0,-0.2235335689045936,0.7536231884057971,-0.06878442555421262,2,1,0,6,5,4,3,2,1,0,1,1,1,0,0,0,0,1,1,1,0,0,0,1,1,0,0,0,0,0,0,0,0,0,0,1,1,0,0,0,4.6386572438162545,0.6504013519222646,-0.025559780312631994,-0.05372482748908602,0.7348964934516267,2.6133175947785032,2.8493959172337178,-0.5853658536585366,-0.027874564459930314,1.4827586206896552,1.3333333333333333,0.6666666666666666,0.11594202898550725,0.058823529411764705,0.9117647058823529,0.35294117647058826,0.8235294117647058,-0.5294117647058824,0.17647058823529413,1.6
4,1,0,0,2.05208480565371,1.4492753623188406,1.9953458418705505,3,2,1,0,6,5,4,3,2,1,1,1,1,1,0,0,0,0,1,1,0,0,0,0,1,1,0,0,0,0,0,0,0,0,0,0,1,1,0,0,-0.2235335689045936,4.607590480214055,0.6644838755104916,-0.025559780312631994,-0.05372482748908602,0.7246910151367867,2.6133175947785032,2.8710801393728222,-0.5853658536585366,-0.020689655172413793,0.7222222222222222,1.3333333333333333,0.6956521739130435,0.11764705882352941,0.08823529411764706,0.9411764705882353,0.35294117647058826,0.8235294117647058,-0.5294117647058824,0.18461538461538463
5,0,1,0,0.5114487632508834,-0.11594202898550725,0.632743879027527,4,3,2,1,0,6,5,4,3,2,1,1,1,1,1,0,0,0,0,1,0,0,0,0,0,1,1,0,0,0,0,0,0,0,0,0,0,1,1,0,2.05208480565371,-0.2367976341360372,4.621673003802282,0.6644838755104916,-0.025559780312631994,-0.05297875295097901,0.7246910151367867,2.6341463414634148,2.8710801393728222,-0.5724137931034483,1.3888888888888888,0.7222222222222222,1.391304347826087,0.7058823529411765,0.14705882352941177,0.11764705882352941,0.9411764705882353,0.35294117647058826,0.8235294117647058,-0.5538461538461539
6,0,1,0,3.112155477031802,1.681159420289855,4.907178835664171,5,4,3,2,1,0,6,5,4,3,0,1,1,1,1,1,0,0,0,0,1,0,0,0,0,0,1,1,0,0,0,0,0,0,0,0,0,0,1,1,0.5114487632508834,2.0304886635685118,-0.22271511054781015,4.621673003802282,0.6644838755104916,-0.025204832662130233,-0.05297875295097901,0.7386759581881533,2.6341463414634148,2.8482758620689657,-0.1111111111111111,1.3888888888888888,0.7536231884057971,1.411764705882353,0.7352941176470589,0.17647058823529413,0.11764705882352941,0.9411764705882353,0.35294117647058826,0.8615384615384616
0,1,0,0,0.22876325088339225,0.8115942028985508,0.551321726894246,6,5,4,3,2,1,0,6,5,4,0,0,1,1,1,1,1,0,0,0,1,1,0,0,0,0,0,1,1,0,0,0,0,0,0,0,0,0,0,1,3.112155477031802,0.49549359245176744,2.044571187156739,-0.22271511054781015,4.621673003802282,0.6552562144146648,-0.025204832662130233,-0.041811846689895474,0.7386759581881533,2.613793103448276,1.6111111111111112,-0.1111111111111111,1.4492753623188406,0.7647058823529411,1.4411764705882353,0.7647058823529411,0.17647058823529413,0.11764705882352941,0.9411764705882353,0.36923076923076925
1,1,0,0,0.42664310954063606,1.5072463768115942,0.8139993379045207,0,6,5,4,3,2,1,0,6,5,1,0,0,1,1,1,1,1,0,0,0,1,1,0,0,0,0,0,1,1,0,0,0,0,0,0,0,0,0,0,0.22876325088339225,3.0866779326855376,0.5095761160399944,2.044571187156739,-0.22271511054781015,4.5574920149979175,0.6552562144146648,-0.013937282229965157,-0.041811846689895474,0.7379310344827587,0.7777777777777778,1.6111111111111112,-0.11594202898550725,1.4705882352941178,0.7941176470588235,1.4705882352941178,0.7647058823529411,0.17647058823529413,0.11764705882352941,0.9846153846153847
2,1,0,0,0.8506713780918729,0.8695652173913043,1.1628278771709868,1,0,6,5,4,3,2,1,0,6,1,1,0,0,1,1,1,1,1,0,0,0,1,1,0,0,0,0,0,1,0,0,0,0,0,0,0,0,0,0,0.42664310954063606,0.21384312068722722,3.1007604562737647,0.5095761160399944,2.044571187156739,-0.21962227468407167,4.5574920149979175,0.6689895470383276,-0.013937282229965157,-0.034482758620689655,1.4444444444444444,0.7777777777777778,1.681159420289855,-0.11764705882352941,1.5,0.8235294117647058,1.4705882352941178,0.7647058823529411,0.17647058823529413,0.12307692307692308
3,0,0,1,0.7375971731448764,-0.11594202898550725,0.9002621931509035,2,1,0,6,5,4,3,2,1,0,1,1,1,0,0,1,1,1,1,1,0,0,0,1,1,0,0,0,0,0,0,0,0,0,0,0,0,0,0,0,0.8506713780918729,0.4109984509224054,0.22792564427545423,3.1007604562737647,0.5095761160399944,2.0161783085682545,-0.21962227468407167,4.585365853658536,0.6689895470383276,-0.006896551724137931,0.8333333333333334,1.4444444444444444,0.8115942028985508,1.7058823529411764,-0.08823529411764706,1.5294117647058822,0.8235294117647058,1.4705882352941178,0.7647058823529411,0.18461538461538463
4,1,0,0,0.20049469964664315,1.9130434782608696,0.19835857119906938,3,2,1,0,6,5,4,3,2,1,0,1,1,1,0,0,1,1,1,1,0,0,0,0,1,1,0,0,0,0,1,0,0,0,0,0,0,0,0,0,0.7375971731448764,0.8334741585692157,0.42508097451063237,0.22792564427545423,3.1007604562737647,0.5024996528259965,2.0161783085682545,-0.20905923344947736,4.585365853658536,0.6689655172413793,-0.1111111111111111,0.8333333333333334,1.5072463768115942,0.8235294117647058,1.7352941176470589,-0.058823529411764705,1.5294117647058822,0.8235294117647058,1.4705882352941178,0.8
5,0,1,0,0.12982332155477036,-0.34782608695652173,0.17267438962898987,4,3,2,1,0,6,5,4,3,2,1,0,1,1,1,0,0,1,1,1,0,0,0,0,0,1,1,0,0,0,0,1,0,0,0,0,0,0,0,0,0.20049469964664315,0.7208139698633996,0.8475566821574427,0.42508097451063237,0.22792564427545423,3.057700319400084,0.5024996528259965,2.034843205574913,-0.20905923344947736,4.544827586206897,1.8333333333333333,-0.1111111111111111,0.8695652173913043,1.5294117647058822,0.8529411764705882,1.7647058823529411,-0.058823529411764705,1.5294117647058822,0.8235294117647058,1.5384615384615385
6,0,1,0,-0.3366077738515901,0.5797101449275363,-0.16843007361287796,5,4,3,2,1,0,6,5,4,3,0,1,0,1,1,1,0,0,1,1,1,0,0,0,0,0,1,1,0,0,0,0,1,0,0,0,0,0,0,0,0.12982332155477036,0.18567807351077317,0.7348964934516267,0.8475566821574427,0.42508097451063237,0.22476044993750874,3.057700319400084,0.5156794425087108,2.034843205574913,-0.2,-0.3333333333333333,1.8333333333333333,-0.11594202898550725,0.8823529411764706,1.5588235294117647,0.8823529411764706,1.7647058823529411,-0.058823529411764705,1.5294117647058822,0.8615384615384616
0,1,0,0,0.5821201413427562,0.11594202898550725,0.6525727755137156,6,5,4,3,2,1,0,6,5,4,0,0,1,0,1,1,1,0,0,1,1,1,0,0,0,0,0,1,1,0,0,0,0,1,0,0,0,0,0,0,-0.3366077738515901,0.11526545556963813,0.1997605970990002,0.7348964934516267,0.8475566821574427,0.41917789195945016,0.22476044993750874,3.0801393728222997,0.5156794425087108,2.0206896551724136,0.5555555555555556,-0.3333333333333333,1.9130434782608696,-0.11764705882352941,0.9117647058823529,1.588235294117647,0.8823529411764706,1.7647058823529411,-0.058823529411764705,1.6
1,1,0,0,-0.23766784452296816,-0.927536231884058,-0.054348628073015375,0,6,5,4,3,2,1,0,6,5,1,0,0,1,0,1,1,1,0,0,0,1,1,0,0,0,0,0,1,1,0,0,0,0,1,0,0,0,0,0,0.5821201413427562,-0.3494578228418533,0.12934797915786514,0.1997605970990002,0.7348964934516267,0.8357866962921818,0.41917789195945016,0.23693379790940766,3.0801393728222997,0.5172413793103449,0.1111111111111111,0.5555555555555556,-0.34782608695652173,1.9411764705882353,-0.08823529411764706,0.9411764705882353,1.588235294117647,0.8823529411764706,1.7647058823529411,-0.06153846153846154
2,1,0,0,-0.4638162544169611,0.4057971014492754,-0.3916219585162936,1,0,6,5,4,3,2,1,0,6,1,1,0,0,1,0,1,1,1,0,0,0,1,1,0,0,0,0,0,1,0,0,0,0,0,1,0,0,0,0,-0.23766784452296816,0.5659062103929026,-0.33537529925362625,0.12934797915786514,0.1997605970990002,0.7246910151367867,0.8357866962921818,0.43205574912891986,0.23693379790940766,3.0551724137931036,-0.8888888888888888,0.1111111111111111,0.5797101449275363,-0.35294117647058826,1.9705882352941178,-0.058823529411764705,0.9411764705882353,1.588235294117647,0.8823529411764706,1.8461538461538463
3,1,0,0,0.6245229681978799,0.2318840579710145,0.6850299321171157,2,1,0,6,5,4,3,2,1,0,1,1,1,0,0,1,0,1,1,1,0,0,0,1,1,0,0,0,0,0,0,0,0,0,0,0,1,0,0,0,-0.4638162544169611,-0.2508801577242642,0.5799887339811295,-0.33537529925362625,0.12934797915786514,0.19698652964865995,0.7246910151367867,0.8501742160278746,0.43205574912891986,0.2413793103448276,0.3888888888888889,-0.8888888888888888,0.11594202898550725,0.5882352941176471,-0.3235294117647059,2.0,-0.058823529411764705,0.9411764705882353,1.588235294117647,0.9230769230769231
4,1,0,0,1.133356890459364,1.1594202898550725,1.7316246926532182,3,2,1,0,6,5,4,3,2,1,1,1,1,1,0,0,1,0,1,1,0,0,0,0,1,1,0,0,0,0,0,0,0,0,0,0,0,1,0,0,0.6245229681978799,-0.4762005351358964,-0.2367976341360372,0.5799887339811295,-0.33537529925362625,0.12755172892653802,0.19698652964865995,0.7386759581881533,0.8501742160278746,0.43448275862068964,0.2222222222222222,0.3888888888888889,-0.927536231884058,0.11764705882352941,0.6176470588235294,-0.29411764705882354,2.0,-0.058823529411764705,0.9411764705882353,1.6615384615384616
5,0,1,0,0.6103886925795053,0.5217391304347826,0.8259454559173321,4,3,2,1,0,6,5,4,3,2,1,1,1,1,1,0,0,1,0,1,0,0,0,0,0,1,1,0,0,0,0,0,0,0,0,0,0,0,1,0,1.133356890459364,0.6081537811575836,-0.46211801154766935,-0.2367976341360372,0.5799887339811295,-0.3307179558394667,0.12755172892653802,0.20905923344947736,0.7386759581881533,0.8482758620689655,1.1111111111111112,0.2222222222222222,0.4057971014492754,-0.9411764705882353,0.14705882352941177,0.6470588235294118,-0.29411764705882354,2.0,-0.058823529411764705,0.9846153846153847
6,0,1,0,-0.28007067137809183,0.2898550724637681,-0.06975111836501953,5,4,3,2,1,0,6,5,4,3,0,1,1,1,1,1,0,0,1,0,1,0,0,0,0,0,1,1,0,0,0,0,0,0,0,0,0,0,0,1,0.6103886925795053,1.115124630333756,0.6222363047458106,-0.46211801154766935,-0.2367976341360372,0.5719344535481184,-0.3307179558394667,0.13937282229965156,0.20905923344947736,0.7379310344827587,0.5,1.1111111111111112,0.2318840579710145,0.4117647058823529,-0.9117647058823529,0.17647058823529413,0.6470588235294118,-0.29411764705882354,2.0,-0.06153846153846154
0,1,0,0,2.900141342756184,1.6231884057971016,3.7599026847721104,6,5,4,3,2,1,0,6,5,4,0,0,1,1,1,1,1,0,0,1,1,1,0,0,0,0,0,1,1,0,0,0,0,0,0,0,0,0,0,0,-0.28007067137809183,0.5940712575693565,1.129207153921983,0.6222363047458106,-0.46211801154766935,-0.23350923482849603,0.5719344535481184,-0.3205574912891986,0.13937282229965156,0.21379310344827587,0.2777777777777778,0.5,1.1594202898550725,0.23529411764705882,0.4411764705882353,-0.8823529411764706,0.17647058823529413,0.6470588235294118,-0.29411764705882354,2.0923076923076924
1,1,0,0,-0.25180212014134273,0.2898550724637681,-0.02538626644693338,0,6,5,4,3,2,1,0,6,5,1,0,0,1,1,1,1,1,0,0,0,1,1,0,0,0,0,0,1,1,0,0,0,0,0,0,0,0,0,0,2.900141342756184,-0.29312772848894525,0.6081537811575836,1.129207153921983,0.6222363047458106,-0.45570059713928623,-0.23350923482849603,0.5853658536585366,-0.3205574912891986,0.14482758620689656,1.5555555555555556,0.2777777777777778,0.5217391304347826,1.1764705882352942,0.2647058823529412,0.47058823529411764,-0.8823529411764706,0.17647058823529413,0.6470588235294118,-0.3076923076923077
2,1,0,0,-0.5062190812720848,0.11594202898550725,-0.4064158109959637,1,0,6,5,4,3,2,1,0,6,1,1,0,0,1,1,1,1,1,0,0,0,1,1,0,0,0,0,0,1,0,0,0,0,0,0,0,0,0,0,-0.25180212014134273,2.8754400788621326,-0.2790452049007182,0.6081537811575836,1.129207153921983,0.6135953339813915,-0.45570059713928623,-0.2229965156794425,0.5853658536585366,-0.3103448275862069,0.2777777777777778,1.5555555555555556,0.2898550724637681,0.5294117647058824,1.2058823529411764,0.29411764705882354,0.47058823529411764,-0.8823529411764706,0.17647058823529413,0.676923076923077
3,1,0,0,0.32770318021201417,0.2898550724637681,0.3039519415574056,2,1,0,6,5,4,3,2,1,0,1,1,1,0,0,1,1,1,1,1,0,0,0,1,1,0,0,0,0,0,0,0,0,0,0,0,0,0,0,0,-0.5062190812720848,-0.2649626813124912,2.8895226024503593,-0.2790452049007182,0.6081537811575836,1.1135258991806696,0.6135953339813915,-0.445993031358885,-0.2229965156794425,0.5862068965517241,0.1111111111111111,0.2777777777777778,1.6231884057971016,0.29411764705882354,0.5588235294117647,1.2352941176470589,0.29411764705882354,0.47058823529411764,-0.8823529411764706,0.18461538461538463
4,1,0,0,-0.5344876325088339,-0.8115942028985508,-0.47888603131672636,3,2,1,0,6,5,4,3,2,1,1,1,1,1,0,0,1,1,1,1,0,0,0,0,1,1,0,0,0,0,0,0,0,0,0,0,0,0,0,0,0.32770318021201417,-0.5184481059005774,-0.2508801577242642,2.8895226024503593,-0.2790452049007182,0.5997083738369672,1.1135258991806696,0.627177700348432,-0.445993031358885,-0.21379310344827587,0.2777777777777778,0.1111111111111111,0.2898550724637681,1.6470588235294117,0.3235294117647059,0.5882352941176471,1.2352941176470589,0.29411764705882354,0.47058823529411764,-0.9230769230769231
5,0,1,0,1.4301766784452297,0.34782608695652173,1.3831809372187034,4,3,2,1,0,6,5,4,3,2,1,1,1,1,1,0,0,1,1,1,0,0,0,0,0,1,1,0,0,0,0,0,0,0,0,0,0,0,0,0,-0.5344876325088339,0.3124207858048163,-0.5043655823123504,-0.2508801577242642,2.8895226024503593,-0.2751701152617692,0.5997083738369672,1.1289198606271778,0.627177700348432,-0.43448275862068964,-0.7777777777777778,0.2777777777777778,0.11594202898550725,0.29411764705882354,1.6764705882352942,0.35294117647058826,0.5882352941176471,1.2352941176470589,0.29411764705882354,0.49230769230769234
6,0,1,0,-0.1952650176678445,0.5797101449275363,-0.03653107630608635,5,4,3,2,1,0,6,5,4,3,0,1,1,1,1,1,0,0,1,1,1,0,0,0,0,0,1,1,0,0,0,0,0,0,0,0,0,0,0,0,1.4301766784452297,-0.5466131530770314,0.3265033093930433,-0.5043655823123504,-0.2508801577242642,2.8493959172337178,-0.2751701152617692,0.6132404181184669,1.1289198606271778,0.6275862068965518,0.3333333333333333,-0.7777777777777778,0.2898550724637681,0.11764705882352941,0.3235294117647059,1.7058823529411764,0.35294117647058826,0.5882352941176471,1.2352941176470589,0.3076923076923077
0,1,0,0,-0.011519434628975233,0.8115942028985508,0.11380691814601016,6,5,4,3,2,1,0,6,5,4,0,0,1,1,1,1,1,0,0,1,1,1,0,0,0,0,0,1,1,0,0,0,0,0,0,0,0,0,0,0,-0.1952650176678445,1.4108576256865233,-0.5325306294888045,0.3265033093930433,-0.5043655823123504,-0.24739619497292042,2.8493959172337178,-0.26480836236933797,0.6132404181184669,1.1241379310344828,0.5555555555555556,0.3333333333333333,-0.8115942028985508,0.29411764705882354,0.14705882352941177,0.35294117647058826,1.7058823529411764,0.35294117647058826,0.5882352941176471,1.2923076923076924
1,1,0,0,0.8930742049469965,1.1594202898550725,1.2259346530138013,0,6,5,4,3,2,1,0,6,5,1,0,0,1,1,1,1,1,0,0,0,1,1,0,0,0,0,0,1,1,0,0,0,0,0,0,0,0,0,0,-0.011519434628975233,-0.20863258695958314,1.4249401492747502,-0.5325306294888045,0.3265033093930433,-0.4973614775725594,-0.24739619497292042,2.8710801393728222,-0.26480836236933797,0.6137931034482759,0.7777777777777778,0.5555555555555556,0.34782608695652173,-0.8235294117647058,0.3235294117647059,0.17647058823529413,0.35294117647058826,1.7058823529411764,0.35294117647058826,0.6153846153846154
2,1,0,0,0.5397173144876325,1.6231884057971016,0.7332821587542359,1,0,6,5,4,3,2,1,0,6,1,1,0,0,1,1,1,1,1,0,0,0,1,1,0,0,0,0,0,1,0,0,0,0,0,0,0,0,0,0,0.8930742049469965,-0.025559780312631994,-0.19455006337135614,1.4249401492747502,-0.5325306294888045,0.32196917094847943,-0.4973614775725594,-0.23693379790940766,2.8710801393728222,-0.25517241379310346,1.1111111111111112,0.7777777777777778,0.5797101449275363,0.35294117647058826,-0.7941176470588235,0.35294117647058826,0.17647058823529413,0.35294117647058826,1.7058823529411764,0.36923076923076925
3,1,0,0,1.0909540636042403,0.8115942028985508,1.2019148981784578,2,1,0,6,5,4,3,2,1,0,1,1,1,0,0,1,1,1,1,1,0,0,0,1,1,0,0,0,0,0,0,0,0,0,0,0,0,0,0,0,0.5397173144876325,0.8757217293338968,-0.011477256724404982,-0.19455006337135614,1.4249401492747502,-0.5251353978614082,0.32196917094847943,-0.4878048780487805,-0.23693379790940766,2.8482758620689657,1.5555555555555556,1.1111111111111112,0.8115942028985508,0.5882352941176471,0.38235294117647056,-0.7647058823529411,0.35294117647058826,0.17647058823529413,0.35294117647058826,1.7846153846153847
4,1,0,0,-0.08219081272084802,0.6956521739130435,0.10545582823606126,3,2,1,0,6,5,4,3,2,1,1,1,1,1,0,0,1,1,1,1,0,0,0,0,1,1,0,0,0,0,0,0,0,0,0,0,0,0,0,0,1.0909540636042403,0.5236586396282215,0.8898042529221238,-0.011477256724404982,-0.19455006337135614,1.4051520622135816,-0.5251353978614082,0.3344947735191638,-0.4878048780487805,-0.22758620689655173,0.7777777777777778,1.5555555555555556,1.1594202898550725,0.8235294117647058,0.6176470588235294,0.4117647058823529,-0.7647058823529411,0.35294117647058826,0.17647058823529413,0.36923076923076925
5,0,1,0,0.1439575971731449,0.9855072463768116,0.3155277538563999,4,3,2,1,0,6,5,4,3,2,1,1,1,1,1,0,0,1,1,1,0,0,0,0,0,1,1,0,0,0,0,0,0,0,0,0,0,0,0,0,-0.08219081272084802,1.0728770595690749,0.5377411632164485,0.8898042529221238,-0.011477256724404982,-0.19184835439522288,1.4051520622135816,-0.5156794425087108,0.3344947735191638,-0.47586206896551725,0.6666666666666666,0.7777777777777778,1.6231884057971016,1.1764705882352942,0.8529411764705882,0.6470588235294118,0.4117647058823529,-0.7647058823529411,0.35294117647058826,0.18461538461538463
6,0,1,0,1.2181625441696113,1.681159420289855,1.6251542824463676,5,4,3,2,1,0,6,5,4,3,0,1,1,1,1,1,0,0,1,1,1,0,0,0,0,0,1,1,0,0,0,0,0,0,0,0,0,0,0,0,0.1439575971731449,-0.09597239825376705,1.086959583157302,0.5377411632164485,0.8898042529221238,-0.011317872517705845,-0.19184835439522288,1.421602787456446,-0.5156794425087108,0.33793103448275863,0.9444444444444444,0.6666666666666666,0.8115942028985508,1.6470588235294117,1.2058823529411764,0.8823529411764706,0.6470588235294118,0.4117647058823529,-0.7647058823529411,0.36923076923076925
0,1,0,0,1.1474911660777385,-0.057971014492753624,0.8930209066810112,6,5,4,3,2,1,0,6,5,4,0,0,1,1,1,1,1,0,0,1,1,1,0,0,0,0,0,1,1,0,0,0,0,0,0,0,0,0,0,0,1.2181625441696113,0.12934797915786514,-0.08188987466554004,1.086959583157302,0.5377411632164485,0.8774475767254549,-0.011317872517705845,-0.18118466898954705,1.421602787456446,-0.503448275862069,1.6111111111111112,0.9444444444444444,0.6956521739130435,0.8235294117647058,1.6764705882352942,1.2352941176470589,0.8823529411764706,0.6470588235294118,0.4117647058823529,-0.8
1,1,0,0,-0.308339222614841,0.927536231884058,-0.2038997924895876,0,6,5,4,3,2,1,0,6,5,1,0,0,1,1,1,1,1,0,0,0,1,1,0,0,0,0,0,1,1,0,0,0,0,0,0,0,0,0,0,1.1474911660777385,1.199619771863118,0.14343050274609215,-0.08188987466554004,1.086959583157302,0.5302735731148452,0.8774475767254549,0.0,-0.18118466898954705,1.4137931034482758,-0.05555555555555555,1.6111111111111112,0.9855072463768116,0.7058823529411765,0.8529411764705882,1.7058823529411764,1.2352941176470589,0.8823529411764706,0.6470588235294118,0.4307692307692308
2,1,0,0,2.3630388692579505,1.0434782608695652,3.3484239872347548,1,0,6,5,4,3,2,1,0,6,1,1,0,0,1,1,1,1,1,0,0,0,1,1,0,0,0,0,0,1,0,0,0,0,0,0,0,0,0,0,-0.308339222614841,1.129207153921983,1.213702295451345,0.14343050274609215,-0.08188987466554004,1.0718650187473964,0.5302735731148452,0.89198606271777,0.0,-0.1724137931034483,0.8888888888888888,-0.05555555555555555,1.681159420289855,1.0,0.7352941176470589,0.8823529411764706,1.7058823529411764,1.2352941176470589,0.8823529411764706,0.676923076923077
3,1,0,0,0.9778798586572438,1.5072463768115942,1.371140154587322,2,1,0,6,5,4,3,2,1,0,1,1,1,0,0,1,1,1,1,1,0,0,0,1,1,0,0,0,0,0,0,0,0,0,0,0,0,0,0,0,2.3630388692579505,-0.32129277566539927,1.14328967751021,1.213702295451345,0.14343050274609215,-0.08075267323982778,1.0718650187473964,0.5435540069686411,0.89198606271777,0.006896551724137931,1.0,0.8888888888888888,-0.057971014492753624,1.7058823529411764,1.0294117647058822,0.7647058823529411,0.8823529411764706,1.7058823529411764,1.2352941176470589,0.9230769230769231
4,1,0,0,1.2464310954063604,1.9130434782608696,1.353707943503042,3,2,1,0,6,5,4,3,2,1,1,1,1,1,0,0,1,1,1,1,0,0,0,0,1,1,0,0,0,0,0,0,0,0,0,0,0,0,0,0,0.9778798586572438,2.340304182509506,-0.30721025207717223,1.14328967751021,1.213702295451345,0.1414386890709624,-0.08075267323982778,1.0871080139372822,0.5435540069686411,0.8896551724137931,1.4444444444444444,1.0,0.927536231884058,-0.058823529411764705,1.7352941176470589,1.0588235294117647,0.7647058823529411,0.8823529411764706,1.7058823529411764,1.2923076923076924
5,0,1,0,1.2888339222614842,1.391304347826087,1.7651927663980698,4,3,2,1,0,6,5,4,3,2,1,1,1,1,1,0,0,1,1,1,0,0,0,0,0,1,1,0,0,0,0,0,0,0,0,0,0,0,0,0,1.2464310954063604,0.9602168708632588,2.354386706097733,-0.30721025207717223,1.14328967751021,1.1968476600472158,0.1414386890709624,-0.06968641114982578,1.0871080139372822,0.5448275862068965,1.8333333333333333,1.4444444444444444,1.0434782608695652,0.9411764705882353,-0.029411764705882353,1.7647058823529411,1.0588235294117647,0.7647058823529411,0.8823529411764706,1.7846153846153847
6,0,1,0,-0.09632508833922258,-0.17391304347826086,-0.1475320237875481,5,4,3,2,1,0,6,5,4,3,0,1,1,1,1,1,0,0,1,1,1,0,0,0,0,0,1,1,0,0,0,0,0,0,0,0,0,0,0,0,1.2888339222614842,1.2277848190395722,0.9742993944514858,2.354386706097733,-0.30721025207717223,1.1274128593250938,1.1968476600472158,0.15331010452961671,-0.06968641114982578,1.0827586206896551,1.3333333333333333,1.8333333333333333,1.5072463768115942,1.0588235294117647,0.9705882352941176,0.0,1.7647058823529411,1.0588235294117647,0.7647058823529411,0.9230769230769231
0,0,0,1,0.525583038869258,0.0,0.5042110441869381,6,5,4,3,2,1,0,6,5,4,0,0,1,1,1,1,1,0,0,1,1,1,0,0,0,0,0,1,1,0,0,0,0,0,0,0,0,0,0,0,-0.09632508833922258,1.2700323898042531,1.241867342627799,0.9742993944514858,2.354386706097733,-0.302944035550618,1.1274128593250938,1.2125435540069687,0.15331010452961671,-0.06206896551724138,-0.16666666666666666,1.3333333333333333,1.9130434782608696,1.5294117647058822,1.088235294117647,1.0,0.0,1.7647058823529411,1.0588235294117647,0.8
1,1,0,0,0.6810600706713781,0.8115942028985508,0.7842479188401246,0,6,5,4,3,2,1,0,6,5,0,0,0,1,1,1,1,1,0,0,0,1,1,0,0,0,0,0,1,1,1,0,0,0,0,0,0,0,0,0,0.525583038869258,-0.11005492184199407,1.28411491339248,1.241867342627799,0.9742993944514858,2.3216914317455912,-0.302944035550618,1.1428571428571428,1.2125435540069687,0.15862068965517243,0.0,-0.16666666666666666,1.391304347826087,1.9411764705882353,1.5588235294117647,1.1176470588235294,1.0,0.0,1.7647058823529411,1.1076923076923078
2,1,0,0,2.8153356890459365,1.1014492753623188,3.2123998399611096,1,0,6,5,4,3,2,1,0,6,1,0,0,0,1,1,1,1,1,0,0,0,1,1,0,0,0,0,0,1,0,1,0,0,0,0,0,0,0,0,0.6810600706713781,0.5095761160399944,-0.09597239825376705,1.28411491339248,1.241867342627799,0.9607693375920012,2.3216914317455912,-0.2926829268292683,1.1428571428571428,1.206896551724138,0.7777777777777778,0.0,-0.17391304347826086,1.411764705882353,1.9705882352941178,1.588235294117647,1.1176470588235294,1.0,0.0,1.8461538461538463
3,1,0,0,0.22876325088339225,0.9855072463768116,0.3658837624285595,2,1,0,6,5,4,3,2,1,0,1,1,0,0,0,1,1,1,1,1,0,0,0,1,1,0,0,0,0,0,0,0,1,0,0,0,0,0,0,0,2.8153356890459365,0.6644838755104916,0.5236586396282215,-0.09597239825376705,1.28411491339248,1.2246215803360647,0.9607693375920012,2.341463414634146,-0.2926829268292683,1.1379310344827587,1.0555555555555556,0.7777777777777778,0.0,-0.17647058823529413,1.4411764705882353,2.0,1.588235294117647,1.1176470588235294,1.0,0.0
4,1,0,0,3.041484098939929,0.463768115942029,3.651371926984623,3,2,1,0,6,5,4,3,2,1,1,1,1,0,0,0,1,1,1,1,0,0,0,0,1,1,0,0,0,0,0,0,0,1,0,0,0,0,0,0,0.22876325088339225,2.7909449373327706,0.6785663990987186,0.5236586396282215,-0.09597239825376705,1.2662824607693377,1.2246215803360647,0.975609756097561,2.341463414634146,-0.2827586206896552,0.9444444444444444,1.0555555555555556,0.8115942028985508,0.0,-0.14705882352941177,1.4705882352941178,2.0,1.588235294117647,1.1176470588235294,1.0461538461538462
5,0,1,0,2.7446643109540636,1.2173913043478262,4.45751410154785,4,3,2,1,0,6,5,4,3,2,1,1,1,1,0,0,0,1,1,1,0,0,0,0,0,1,1,0,0,0,0,0,0,0,1,0,0,0,0,0,3.041484098939929,0.21384312068722722,2.8050274609209973,0.6785663990987186,0.5236586396282215,-0.09463963338425217,1.2662824607693377,1.240418118466899,0.975609756097561,2.3241379310344827,0.4444444444444444,0.9444444444444444,1.1014492753623188,0.8235294117647058,0.029411764705882353,-0.11764705882352941,1.4705882352941178,2.0,1.588235294117647,1.1692307692307693
6,0,1,0,2.8860070671378093,2.1449275362318843,4.734605792862121,5,4,3,2,1,0,6,5,4,3,0,1,1,1,1,0,0,0,1,1,1,0,0,0,0,0,1,1,0,0,0,0,0,0,0,1,0,0,0,0,2.7446643109540636,3.0162653147444027,0.22792564427545423,2.8050274609209973,0.6785663990987186,0.5163866129704209,-0.09463963338425217,1.2822299651567943,1.240418118466899,0.9724137931034482,1.1666666666666667,0.4444444444444444,0.9855072463768116,1.1176470588235294,0.8529411764705882,0.058823529411764705,-0.11764705882352941,1.4705882352941178,2.0,1.6615384615384616
0,1,0,0,4.850671378091873,0.4057971014492754,4.1361277215033745,6,5,4,3,2,1,0,6,5,4,0,0,1,1,1,1,0,0,0,1,1,1,0,0,0,0,0,1,1,0,0,0,0,0,0,0,1,0,0,0,2.8860070671378093,2.7205323193916353,3.0303478383326294,0.22792564427545423,2.8050274609209973,0.6691431745590891,0.5163866129704209,-0.08362369337979095,1.2822299651567943,1.2344827586206897,2.0555555555555554,1.1666666666666667,0.463768115942029,1.0,1.1470588235294117,0.8823529411764706,0.058823529411764705,-0.11764705882352941,1.4705882352941178,2.0923076923076924
1,1,0,0,0.3135689045936396,0.11594202898550725,0.11074201190713846,0,6,5,4,3,2,1,0,6,5,1,0,0,1,1,1,1,0,0,0,0,1,1,0,0,0,0,0,1,1,0,0,0,0,0,0,0,1,0,0,4.850671378091873,2.8613575552739055,2.7346148429798625,3.0303478383326294,0.22792564427545423,2.766074156367172,0.6691431745590891,0.5296167247386759,-0.08362369337979095,1.2758620689655173,0.3888888888888889,2.0555555555555554,1.2173913043478262,0.47058823529411764,1.0294117647058822,1.1764705882352942,0.8823529411764706,0.058823529411764705,-0.11764705882352941,1.5384615384615385
2,1,0,0,0.5397173144876325,1.3333333333333333,0.5702724698305253,1,0,6,5,4,3,2,1,0,6,1,1,0,0,1,1,1,1,0,0,0,0,1,1,0,0,0,0,0,1,0,0,0,0,0,0,0,0,1,0,0.3135689045936396,4.81882833403746,2.8754400788621326,2.7346148429798625,3.0303478383326294,0.22476044993750874,2.766074156367172,0.6829268292682927,0.5296167247386759,-0.07586206896551724,0.1111111111111111,0.3888888888888889,2.1449275362318843,1.2352941176470589,0.5,1.0588235294117647,1.1764705882352942,0.8823529411764706,0.058823529411764705,-0.12307692307692308
3,1,0,0,0.3842402826855124,0.2318840579710145,0.18147541490249405,2,1,0,6,5,4,3,2,1,0,1,1,1,0,0,1,1,1,1,0,0,0,0,1,1,0,0,0,0,0,0,0,0,0,0,0,0,0,0,1,0.5397173144876325,0.29833826221658927,4.832910857625687,2.8754400788621326,2.7346148429798625,2.9882655186779616,0.22476044993750874,2.7874564459930316,0.6829268292682927,0.5310344827586206,1.2777777777777777,0.1111111111111111,0.4057971014492754,2.176470588235294,1.2647058823529411,0.5294117647058824,1.0588235294117647,1.1764705882352942,0.8823529411764706,0.06153846153846154
4,1,0,0,-0.15286219081272082,0.5217391304347826,-0.05518390411921951,3,2,1,0,6,5,4,3,2,1,1,1,1,1,0,0,1,1,1,1,0,0,0,0,1,1,0,0,0,0,0,0,0,0,0,0,0,0,0,0,0.3842402826855124,0.5236586396282215,0.3124207858048163,4.832910857625687,2.8754400788621326,2.6966393556450496,2.9882655186779616,0.23693379790940766,2.7874564459930316,0.6827586206896552,0.2222222222222222,1.2777777777777777,0.11594202898550725,0.4117647058823529,2.2058823529411766,1.2941176470588236,0.5294117647058824,1.0588235294117647,1.1764705882352942,0.9230769230769231
5,0,1,0,0.4831802120141343,1.391304347826087,0.8564441686177323,4,3,2,1,0,6,5,4,3,2,1,1,1,1,1,0,0,1,1,1,0,0,0,0,0,1,1,0,0,0,0,0,0,0,0,0,0,0,0,0,-0.15286219081272082,0.36875088015772434,0.5377411632164485,0.3124207858048163,4.832910857625687,2.8355089570892935,2.6966393556450496,3.010452961672474,0.23693379790940766,2.7655172413793103,0.5,0.2222222222222222,1.3333333333333333,0.11764705882352941,0.4411764705882353,2.235294117647059,1.2941176470588236,0.5294117647058824,1.0588235294117647,1.2307692307692308
6,0,1,0,-0.47795053003533566,0.5797101449275363,-0.35420771700402076,5,4,3,2,1,0,6,5,4,3,0,1,1,1,1,1,0,0,1,1,1,0,0,0,0,0,1,1,0,0,0,0,0,0,0,0,0,0,0,0,0.4831802120141343,-0.16638501619490212,0.3828334037459514,0.5377411632164485,0.3124207858048163,4.7657964171642835,2.8355089570892935,2.7177700348432055,3.010452961672474,0.2413793103448276,1.3333333333333333,0.5,0.2318840579710145,1.3529411764705883,0.14705882352941177,0.47058823529411764,2.235294117647059,1.2941176470588236,0.5294117647058824,1.1076923076923078
0,1,0,0,4.016749116607774,1.5072463768115942,5.10955341409339,6,5,4,3,2,1,0,6,5,4,0,0,1,1,1,1,1,0,0,1,1,1,0,0,0,0,0,1,1,0,0,0,0,0,0,0,0,0,0,0,-0.47795053003533566,0.4673285452753134,-0.1523024926066751,0.3828334037459514,0.5377411632164485,0.30808221080405507,4.7657964171642835,2.857142857142857,2.7177700348432055,2.986206896551724,0.5555555555555556,1.3333333333333333,0.5217391304347826,0.23529411764705882,1.3823529411764706,0.17647058823529413,0.47058823529411764,2.235294117647059,1.2941176470588236,0.5538461538461539
