DIA_SEMANA,LABORAL,FIN_DE_SEMANA,FESTIVO,PORCENTAJE_USO,NUMERO_CONEXIONES,USAGE_KB,DIA_SEMANA_lag_1,DIA_SEMANA_lag_2,DIA_SEMANA_lag_3,DIA_SEMANA_lag_4,DIA_SEMANA_lag_5,DIA_SEMANA_lag_6,DIA_SEMANA_lag_7,DIA_SEMANA_lag_8,DIA_SEMANA_lag_9,DIA_SEMANA_lag_10,LABORAL_lag_1,LABORAL_lag_2,LABORAL_lag_3,LABORAL_lag_4,LABORAL_lag_5,LABORAL_lag_6,LABORAL_lag_7,LABORAL_lag_8,LABORAL_lag_9,LABORAL_lag_10,FIN_DE_SEMANA_lag_1,FIN_DE_SEMANA_lag_2,FIN_DE_SEMANA_lag_3,FIN_DE_SEMANA_lag_4,FIN_DE_SEMANA_lag_5,FIN_DE_SEMANA_lag_6,FIN_DE_SEMANA_lag_7,FIN_DE_SEMANA_lag_8,FIN_DE_SEMANA_lag_9,FIN_DE_SEMANA_lag_10,FESTIVO_lag_1,FESTIVO_lag_2,FESTIVO_lag_3,FESTIVO_lag_4,FESTIVO_lag_5,FESTIVO_lag_6,FESTIVO_lag_7,FESTIVO_lag_8,FESTIVO_lag_9,FESTIVO_lag_10,PORCENTAJE_USO_lag_1,PORCENTAJE_USO_lag_2,PORCENTAJE_USO_lag_3,PORCENTAJE_USO_lag_4,PORCENTAJE_USO_lag_5,PORCENTAJE_USO_lag_6,PORCENTAJE_USO_lag_7,PORCENTAJE_USO_lag_8,PORCENTAJE_USO_lag_9,PORCENTAJE_USO_lag_10,NUMERO_CONEXIONES_lag_1,NUMERO_CONEXIONES_lag_2,NUMERO_CONEXIONES_lag_3,NUMERO_CONEXIONES_lag_4,NUMERO_CONEXIONES_lag_5,NUMERO_CONEXIONES_lag_6,NUMERO_CONEXIONES_lag_7,NUMERO_CONEXIONES_lag_8,NUMERO_CONEXIONES_lag_9,NUMERO_CONEXIONES_lag_10
0,0,0,1,11.144192307692308,-0.7777777777777778,1.2513618992005664,6,5,4,3,2,1,0,6,5,4,0,0,1,1,1,1,1,0,0,1,1,1,0,0,0,0,0,1,1,0,0,0,0,0,0,0,0,0,0,0,5.491153119092628,4.08156862745098,4.2930386740331485,-1.6243093922651934,-1.605524861878453,-1.338084714548803,4.079543743412137,2.6716427806878777,-0.36043989353136746,1.7166646259336351,-0.8333333333333334,-1.1666666666666667,-0.16666666666666666,-1.1666666666666667,-0.5,-1.0555555555555556,-1.1666666666666667,0.7777777777777778,-1.0555555555555556,0.6111111111111112
1,1,0,0,1.990846153846154,-0.1111111111111111,-0.7106568739933421,0,6,5,4,3,2,1,0,6,5,0,0,0,1,1,1,1,1,0,0,0,1,1,0,0,0,0,0,1,1,1,0,0,0,0,0,0,0,0,0,10.945141776937618,5.41889822595705,4.0196685082872925,4.2930386740331485,-1.6243093922651934,-1.605524861878453,-1.3770140039150731,4.094647204251167,2.683009538604351,-0.3584029537255936,-0.7222222222222222,-0.8333333333333334,-1.1666666666666667,-0.16666666666666666,-1.1666666666666667,-0.5,-1.0555555555555556,-1.2222222222222223,0.8333333333333334,-1.0555555555555556
2,1,0,0,0.8158461538461539,-1.7777777777777777,-1.0871752448073895,1,0,6,5,4,3,2,1,0,6,1,0,0,0,1,1,1,1,1,0,0,0,1,1,0,0,0,0,0,1,0,1,0,0,0,0,0,0,0,0,1.947523629489603,10.806685340802987,5.338526703499079,4.0196685082872925,4.2930386740331485,-1.6243093922651934,-1.650353862370125,-1.3973155506720596,4.106013962167641,2.6678471522355443,-0.05555555555555555,-0.7222222222222222,-0.8333333333333334,-1.1666666666666667,-0.16666666666666666,-1.1666666666666667,-0.5,-1.1111111111111112,-1.1666666666666667,0.8333333333333334
3,1,0,0,2.7370384615384618,-0.6666666666666666,-0.2902282483775698,2,1,0,6,5,4,3,2,1,0,1,1,0,0,0,1,1,1,1,1,0,0,0,1,1,0,0,0,0,0,0,0,1,0,0,0,0,0,0,0,0.7925141776937619,1.91828197945845,10.651896869244935,5.338526703499079,4.0196685082872925,4.2930386740331485,-1.6695527781960549,-1.6724289814437676,-1.3859487927555862,4.082809806821071,-1.7222222222222223,-0.05555555555555555,-0.7222222222222222,-0.8333333333333334,-1.1666666666666667,-0.16666666666666666,-1.1666666666666667,-0.5555555555555556,-1.0555555555555556,-1.1666666666666667
4,1,0,0,1.4145384615384615,-0.8888888888888888,-0.32385156610839666,3,2,1,0,6,5,4,3,2,1,1,1,1,0,0,0,1,1,1,1,0,0,0,0,1,1,0,0,0,0,0,0,0,1,0,0,0,0,0,0,2.681020793950851,0.7772922502334267,1.8862615101289135,10.651896869244935,5.338526703499079,4.0196685082872925,4.378331576569794,-1.6917524699017723,-1.6610622235272943,-1.3781164348079984,-0.6111111111111112,-1.7222222222222223,-0.05555555555555555,-0.7222222222222222,-0.8333333333333334,-1.1666666666666667,-0.16666666666666666,-1.2222222222222223,-0.5,-1.0555555555555556
5,0,1,0,5.2848461538461535,1.1111111111111112,2.2933737887929073,4,3,2,1,0,6,5,4,3,2,1,1,1,1,0,0,0,1,1,1,0,0,0,0,0,1,1,0,0,0,0,0,0,0,1,0,0,0,0,0,1.3810207939508505,2.6428758169934645,0.7610313075506446,1.8862615101289135,10.651896869244935,5.338526703499079,4.0989308839030265,4.395373729527995,-1.680385711985299,-1.6516751278597732,-0.8333333333333334,-0.6111111111111112,-1.7222222222222223,-0.05555555555555555,-0.7222222222222222,-0.8333333333333334,-1.1666666666666667,-0.2222222222222222,-1.1666666666666667,-0.5
6,0,1,0,3.6841153846153842,0.5555555555555556,1.8876995123360065,5,4,3,2,1,0,6,5,4,3,0,1,1,1,1,0,0,0,1,1,1,0,0,0,0,0,1,1,0,0,0,0,0,0,0,1,0,0,0,0,5.1854820415879015,1.3586554621848739,2.60084714548803,0.7610313075506446,1.8862615101289135,10.651896869244935,5.4468829995482615,4.114160138674446,4.406740487444468,-1.6708894142468282,1.1666666666666667,-0.8333333333333334,-0.6111111111111112,-1.7222222222222223,-0.05555555555555555,-0.7222222222222222,-0.8333333333333334,-1.2222222222222223,-0.16666666666666666,-1.1666666666666667
0,0,0,1,4.4090384615384615,-0.4444444444444444,1.9892672801145022,6,5,4,3,2,1,0,6,5,4,0,0,1,1,1,1,0,0,0,1,1,1,0,0,0,0,0,1,1,0,0,0,0,0,0,0,1,0,0,0,3.6119848771266536,5.116937441643324,1.3343646408839778,2.60084714548803,0.7610313075506446,1.8862615101289135,10.877465743110976,5.470858474391642,4.1255268965909195,4.38183684810353,0.6111111111111112,1.1666666666666667,-0.8333333333333334,-0.6111111111111112,-1.7222222222222223,-0.05555555555555555,-0.7222222222222222,-0.8888888888888888,-1.1666666666666667,-0.16666666666666666
1,1,0,0,2.234153846153846,-0.1111111111111111,0.9079297568285182,0,6,5,4,3,2,1,0,6,5,0,0,0,1,1,1,1,0,0,0,0,1,1,0,0,0,0,0,1,1,1,0,0,0,0,0,0,1,0,0,4.324574669187145,3.5625396825396822,5.04073664825046,1.3343646408839778,2.60084714548803,0.7610313075506446,1.9184610751392863,10.936677686106979,5.482225232308115,4.102212468564862,-0.3888888888888889,0.6111111111111112,1.1666666666666667,-0.8333333333333334,-0.6111111111111112,-1.7222222222222223,-0.05555555555555555,-0.7777777777777778,-0.8333333333333334,-1.1666666666666667
2,1,0,0,1.426346153846154,0.2222222222222222,0.08276374984033509,1,0,6,5,4,3,2,1,0,6,1,0,0,0,1,1,1,1,0,0,0,0,1,1,0,0,0,0,0,1,0,1,0,0,0,0,0,0,1,0,2.1866918714555768,4.266479925303455,3.50780847145488,5.04073664825046,1.3343646408839778,2.60084714548803,0.7684083722330974,1.9195422985478967,10.948044444023452,5.451243748292849,-0.05555555555555555,-0.3888888888888889,0.6111111111111112,1.1666666666666667,-0.8333333333333334,-0.6111111111111112,-1.7222222222222223,-0.1111111111111111,-0.7222222222222222,-0.8333333333333334
3,1,0,0,0.48665384615384605,-0.5555555555555556,-0.21082347593062586,2,1,0,6,5,4,3,2,1,0,1,1,0,0,0,1,1,1,1,0,0,0,0,1,1,0,0,0,0,0,0,0,1,0,0,0,0,0,0,1,1.3926275992438564,2.154547152194211,4.202025782688766,3.50780847145488,5.04073664825046,1.3343646408839778,2.648810420117453,0.7620274507203683,1.9309090564643698,10.886174190692373,0.2777777777777778,-0.05555555555555555,-0.3888888888888889,0.6111111111111112,1.1666666666666667,-0.8333333333333334,-0.6111111111111112,-1.7777777777777777,-0.05555555555555555,-0.7222222222222222
4,1,0,0,-0.2214615384615384,0.0,-0.7168927824012923,3,2,1,0,6,5,4,3,2,1,1,1,1,0,0,0,1,1,1,1,0,0,0,0,1,1,0,0,0,0,0,0,0,1,0,0,0,0,0,0,0.46892249527410196,1.3701213818860878,2.1192633517495394,4.202025782688766,3.50780847145488,5.04073664825046,1.3543893991868694,2.6546305330062236,0.7733942086368415,1.9199969859942922,-0.5,0.2777777777777778,-0.05555555555555555,-0.3888888888888889,0.6111111111111112,1.1666666666666667,-0.8333333333333334,-0.6666666666666666,-1.7222222222222223,-0.05555555555555555
5,0,1,0,-0.18207692307692297,-0.4444444444444444,-0.6827835329097511,4,3,2,1,0,6,5,4,3,2,1,1,1,1,0,0,0,1,1,1,0,0,0,0,0,1,1,0,0,0,0,0,0,0,1,0,0,0,0,0,-0.22714555765595457,0.4576283846872081,1.3456721915285452,2.1192633517495394,4.202025782688766,3.50780847145488,5.142523716307785,1.3518106298131114,2.665997290922697,0.7690235563383598,0.05555555555555555,-0.5,0.2777777777777778,-0.05555555555555555,-0.3888888888888889,0.6111111111111112,1.1666666666666667,-0.8888888888888888,-0.6111111111111112,-1.7222222222222223
6,0,1,0,-0.048423076923076826,-0.3333333333333333,-0.6678771358065624,5,4,3,2,1,0,6,5,4,3,0,1,1,1,1,0,0,0,1,1,1,0,0,0,0,0,1,1,0,0,0,0,0,0,0,1,0,0,0,0,-0.18843100189035908,-0.22999066293183934,0.4457826887661141,1.3456721915285452,2.1192633517495394,4.202025782688766,3.5757792501129346,5.164524348542686,1.3631773877295847,2.650931045200667,-0.3888888888888889,0.05555555555555555,-0.5,0.2777777777777778,-0.05555555555555555,-0.3888888888888889,0.6111111111111112,1.1111111111111112,-0.8333333333333334,-0.6111111111111112
0,1,0,0,1.1191153846153847,-1.2222222222222223,-0.09680979388211007,6,5,4,3,2,1,0,6,5,4,0,0,1,1,1,1,0,0,0,1,1,1,0,0,0,0,0,1,1,0,0,0,0,0,0,0,1,0,0,0,-0.05705103969754244,-0.19174603174603166,-0.23233885819521172,0.4457826887661141,1.3456721915285452,2.1192633517495394,4.285310947146514,3.587614022790349,5.17589110645916,1.3554737169283513,-0.2777777777777778,-0.3888888888888889,0.05555555555555555,-0.5,0.2777777777777778,-0.05555555555555555,-0.3888888888888889,0.5555555555555556,1.1666666666666667,-0.8333333333333334
1,1,0,0,0.8306923076923077,-0.8888888888888888,-0.2612297007009391,0,6,5,4,3,2,1,0,6,5,1,0,0,1,1,1,1,0,0,0,0,1,1,0,0,0,0,0,1,1,0,0,0,0,0,0,0,1,0,0,1.09062381852552,-0.0619607843137254,-0.19462246777163894,-0.23233885819521172,0.4457826887661141,1.3456721915285452,2.1566029212468,4.30174953348931,3.5989807807068224,5.146640796451008,-1.1666666666666667,-0.2777777777777778,-0.3888888888888889,0.05555555555555555,-0.5,0.2777777777777778,-0.05555555555555555,-0.4444444444444444,0.6111111111111112,1.1666666666666667
2,1,0,0,-0.5139999999999999,-0.7777777777777778,-0.8621832705493395,1,0,6,5,4,3,2,1,0,6,1,1,0,0,1,1,1,1,0,0,0,0,1,1,0,0,0,0,0,1,0,0,0,0,0,0,0,0,1,0,0.8071077504725899,1.0717833800186742,-0.06662983425414355,-0.19462246777163894,-0.23233885819521172,0.4457826887661141,1.3659463936154195,2.159229333813263,4.313116291405783,3.5786420020532907,-0.8333333333333334,-1.1666666666666667,-0.2777777777777778,-0.3888888888888889,0.05555555555555555,-0.5,0.2777777777777778,-0.1111111111111111,-0.3888888888888889,0.6111111111111112
3,1,0,0,-0.40280769230769237,-1.2222222222222223,-0.83504530274329,2,1,0,6,5,4,3,2,1,0,1,1,1,0,0,1,1,1,1,0,0,0,0,1,1,0,0,0,0,0,0,0,0,0,0,0,0,0,0,1,-0.5147069943289224,0.7917086834733894,1.0514548802946595,-0.06662983425414355,-0.19462246777163894,-0.23233885819521172,0.44620539075440435,1.3634426120809693,2.1705960917297364,4.288741746804683,-0.7222222222222222,-0.8333333333333334,-1.1666666666666667,-0.2777777777777778,-0.3888888888888889,0.05555555555555555,-0.5,0.2222222222222222,-0.05555555555555555,-0.3888888888888889
4,1,0,0,-0.02688461538461542,0.4444444444444444,-0.4875125283329332,3,2,1,0,6,5,4,3,2,1,1,1,1,1,0,0,1,1,1,1,0,0,0,0,1,1,0,0,0,0,0,0,0,0,0,0,0,0,0,0,-0.4054064272211721,-0.5140616246498599,0.7752486187845304,1.0514548802946595,-0.06662983425414355,-0.19462246777163894,-0.24687547056166234,0.43773384736338566,1.3748093699974424,2.1583294873364665,-1.1666666666666667,-0.7222222222222222,-0.8333333333333334,-1.1666666666666667,-0.2777777777777778,-0.3888888888888889,0.05555555555555555,-0.5555555555555556,0.2777777777777778,-0.05555555555555555
5,0,1,0,-0.07888461538461534,-0.8888888888888888,-0.5781845196996146,4,3,2,1,0,6,5,4,3,2,1,1,1,1,1,0,0,1,1,1,0,0,0,0,0,1,1,0,0,0,0,0,0,0,0,0,0,0,0,0,-0.035879017013232546,-0.4060877684407097,-0.5124861878453039,0.7752486187845304,1.0514548802946595,-0.06662983425414355,-0.2083270591778346,-0.25984408597057895,0.44910060527985896,1.3670399638319315,0.5,-1.1666666666666667,-0.7222222222222222,-0.8333333333333334,-1.1666666666666667,-0.2777777777777778,-0.3888888888888889,0.0,-0.5,0.2777777777777778
6,0,1,0,-0.363,-1.7777777777777777,-1.2849091929592347,5,4,3,2,1,0,6,5,4,3,0,1,1,1,1,1,0,0,1,1,1,0,0,0,0,0,1,1,0,0,0,0,0,0,0,0,0,0,0,0,-0.08699432892249524,-0.041045751633986965,-0.40600368324125236,-0.5124861878453039,0.7752486187845304,1.0514548802946595,-0.07751091703056759,-0.22104555228235018,-0.2484773280541057,0.4465626206779628,-0.8333333333333334,0.5,-1.1666666666666667,-0.7222222222222222,-0.8333333333333334,-1.1666666666666667,-0.2777777777777778,-0.4444444444444444,0.05555555555555555,-0.5
0,1,0,0,-0.6972692307692309,-3.111111111111111,-1.4776648013056177,6,5,4,3,2,1,0,6,5,4,0,0,1,1,1,1,1,0,0,1,1,1,0,0,0,0,0,1,1,0,0,0,0,0,0,0,0,0,0,0,-0.3662759924385633,-0.09154061624649856,-0.046003683241252334,-0.40600368324125236,-0.5124861878453039,0.7752486187845304,1.0652386688751696,-0.08938060641653475,-0.20967879436587689,-0.24707311789471695,-1.7222222222222223,-0.8333333333333334,0.5,-1.1666666666666667,-0.7222222222222222,-0.8333333333333334,-1.1666666666666667,-0.3333333333333333,-0.3888888888888889,0.05555555555555555
1,1,0,0,0.13838461538461547,-1.7777777777777777,-1.1309681610762767,0,6,5,4,3,2,1,0,6,5,1,0,0,1,1,1,1,1,0,0,0,1,1,0,0,0,0,0,1,1,0,0,0,0,0,0,0,0,0,0,-0.6948582230623819,-0.3674323062558357,-0.09580110497237565,-0.046003683241252334,-0.40600368324125236,-0.5124861878453039,0.782939316368017,1.060783737958341,-0.07801384850006148,-0.20849384483521854,-3.0555555555555554,-1.7222222222222223,-0.8333333333333334,0.5,-1.1666666666666667,-0.7222222222222222,-0.8333333333333334,-1.2222222222222223,-0.2777777777777778,-0.3888888888888889
2,1,0,0,0.2976538461538461,-1.0,-0.3180611814895874,1,0,6,5,4,3,2,1,0,6,1,1,0,0,1,1,1,1,1,0,0,0,1,1,0,0,0,0,0,1,0,0,0,0,0,0,0,0,0,0,0.12657844990548212,-0.6920261437908497,-0.36788213627992633,-0.09580110497237565,-0.046003683241252334,-0.40600368324125236,-0.5332028308989609,0.7766526792395639,1.0721504958748143,-0.07757297190381544,-1.7222222222222223,-3.0555555555555554,-1.7222222222222223,-0.8333333333333334,0.5,-1.1666666666666667,-0.7222222222222222,-0.8888888888888888,-1.1666666666666667,-0.2777777777777778
3,1,0,0,-1.0555384615384615,-1.1111111111111112,-1.1683744161201903,2,1,0,6,5,4,3,2,1,0,1,1,1,0,0,1,1,1,1,1,0,0,0,1,1,0,0,0,0,0,0,0,0,0,0,0,0,0,0,0,0.2831379962192816,0.11943977591036421,-0.6879926335174955,-0.36788213627992633,-0.09580110497237565,-0.046003683241252334,-0.42437132961903334,-0.5480292883462313,0.7880194371560372,1.0660914939107666,-0.9444444444444444,-1.7222222222222223,-3.0555555555555554,-1.7222222222222223,-0.8333333333333334,0.5,-1.1666666666666667,-0.7777777777777778,-0.8333333333333334,-1.1666666666666667
4,1,0,0,-1.369923076923077,-0.4444444444444444,-1.3788819457474415,3,2,1,0,6,5,4,3,2,1,1,1,1,1,0,0,1,1,1,1,0,0,0,0,1,1,0,0,0,0,0,0,0,0,0,0,0,0,0,0,-1.04703213610586,0.2740989729225023,0.11226519337016581,-0.6879926335174955,-0.36788213627992633,-0.09580110497237565,-0.05642975455503693,-0.43849163122448404,-0.5366625304297581,0.783566133878366,-1.0555555555555556,-0.9444444444444444,-1.7222222222222223,-3.0555555555555554,-1.7222222222222223,-0.8333333333333334,0.5,-1.2222222222222223,-0.7222222222222222,-0.8333333333333334
5,0,1,0,-1.2971153846153847,-0.7777777777777778,-1.316987294315573,4,3,2,1,0,6,5,4,3,2,1,1,1,1,1,0,0,1,1,1,0,0,0,0,0,1,1,0,0,0,0,0,0,0,0,0,0,0,0,0,-1.3560680529300568,-1.0399253034547151,0.2647882136279926,0.11226519337016581,-0.6879926335174955,-0.36788213627992633,-0.10732570396024692,-0.06816265830578476,-0.4271248733080108,-0.5336297105612643,-0.3888888888888889,-1.0555555555555556,-0.9444444444444444,-1.7222222222222223,-3.0555555555555554,-1.7222222222222223,-0.8333333333333334,0.4444444444444444,-1.1666666666666667,-0.7222222222222222
6,0,1,0,-0.8156923076923077,-0.8888888888888888,-0.9072935903016983,5,4,3,2,1,0,6,5,4,3,0,1,1,1,1,1,0,0,1,1,1,0,0,0,0,0,1,1,0,0,0,0,0,0,0,0,0,0,0,0,-1.2844990548204158,-1.3452100840336134,-1.0310865561694291,0.2647882136279926,0.11226519337016581,-0.6879926335174955,-0.3854088239722933,-0.11938884731602425,-0.05679590038931149,-0.42471107929660645,-0.7222222222222222,-0.3888888888888889,-1.0555555555555556,-0.9444444444444444,-1.7222222222222223,-3.0555555555555554,-1.7222222222222223,-0.8888888888888888,0.5,-1.1666666666666667
0,1,0,0,-0.9460000000000001,-1.3333333333333333,-1.0954287025139553,6,5,4,3,2,1,0,6,5,4,0,0,1,1,1,1,1,0,0,1,1,1,0,0,0,0,0,1,1,0,0,0,0,0,0,0,0,0,0,0,-0.8112665406427222,-1.2745098039215685,-1.3321546961325967,-1.0310865561694291,0.2647882136279926,0.11226519337016581,-0.7125809366059329,-0.39927631641265116,-0.10802208939955098,-0.05647493194940241,-0.8333333333333334,-0.7222222222222222,-0.3888888888888889,-1.0555555555555556,-0.9444444444444444,-1.7222222222222223,-3.0555555555555554,-1.7777777777777777,-0.8333333333333334,0.5
1,1,0,0,-0.8161538461538461,-0.5555555555555556,-1.068400431989709,0,6,5,4,3,2,1,0,6,5,1,0,0,1,1,1,1,1,0,0,0,1,1,0,0,0,0,0,1,1,0,0,0,0,0,0,0,0,0,0,-0.9393572778827978,-0.8070214752567694,-1.2624309392265194,-1.3321546961325967,-1.0310865561694291,0.2647882136279926,0.10533052251167001,-0.728571293252882,-0.3879095584961779,-0.10741162841077126,-1.2777777777777777,-0.8333333333333334,-0.7222222222222222,-0.3888888888888889,-1.0555555555555556,-0.9444444444444444,-1.7222222222222223,-3.111111111111111,-1.7222222222222223,-0.8333333333333334
2,1,0,0,-0.15523076923076928,-0.7777777777777778,-0.42493132992250765,1,0,6,5,4,3,2,1,0,6,1,1,0,0,1,1,1,1,1,0,0,0,1,1,0,0,0,0,0,1,0,0,0,0,0,0,0,0,0,0,-0.8117202268431002,-0.9335574229691878,-0.8013996316758748,-1.2624309392265194,-1.3321546961325967,-1.0310865561694291,0.2612181900316217,0.09464720425116753,-0.7172045353364087,-0.3857173804522892,-0.5,-1.2777777777777777,-0.8333333333333334,-0.7222222222222222,-0.3888888888888889,-1.0555555555555556,-0.9444444444444444,-1.7777777777777777,-3.0555555555555554,-1.7222222222222223
3,1,0,0,-0.7683076923076922,-1.1111111111111112,-0.906536976936535,2,1,0,6,5,4,3,2,1,0,1,1,1,0,0,1,1,1,1,1,0,0,0,1,1,0,0,0,0,0,0,0,0,0,0,0,0,0,0,0,-0.16204158790170137,-0.807469654528478,-0.9261878453038674,-0.8013996316758748,-1.2624309392265194,-1.3321546961325967,-1.0632434874265924,0.2515463526915535,0.1060139621676408,-0.7131514255305121,-0.7222222222222222,-0.5,-1.2777777777777777,-0.8333333333333334,-0.7222222222222222,-0.3888888888888889,-1.0555555555555556,-1.0,-1.7222222222222223,-3.0555555555555554
4,1,0,0,-0.5620384615384615,-0.6666666666666666,-0.7645041224711223,3,2,1,0,6,5,4,3,2,1,1,1,1,1,0,0,1,1,1,1,0,0,0,0,1,1,0,0,0,0,0,0,0,0,0,0,0,0,0,0,-0.7646880907372401,-0.16567693744164338,-0.8018416206261509,-0.9261878453038674,-0.8013996316758748,-1.2624309392265194,-1.3709531697033581,-1.081509126559377,0.26291311060802675,0.10541484962937155,-1.0555555555555556,-0.7222222222222222,-0.5,-1.2777777777777777,-0.8333333333333334,-0.7222222222222222,-0.3888888888888889,-1.1111111111111112,-0.9444444444444444,-1.7222222222222223
5,0,1,0,-1.0413846153846154,-1.0,-1.1700549732969037,4,3,2,1,0,6,5,4,3,2,1,1,1,1,1,0,0,1,1,1,0,0,0,0,0,1,1,0,0,0,0,0,0,0,0,0,0,0,0,0,-0.5619281663516068,-0.7610084033613445,-0.16891344383057094,-0.8018416206261509,-0.9261878453038674,-0.8013996316758748,-1.2996913115494655,-1.391215390590219,-1.0701423686429037,0.26142732007798736,-0.6111111111111112,-1.0555555555555556,-0.7222222222222222,-0.5,-1.2777777777777777,-0.8333333333333334,-0.7222222222222222,-0.4444444444444444,-1.0555555555555556,-0.9444444444444444
6,0,0,1,-0.9593076923076923,-0.3333333333333333,-0.965811197314424,5,4,3,2,1,0,6,5,4,3,0,1,1,1,1,1,0,0,1,1,1,0,0,0,0,0,1,1,0,0,0,0,0,0,0,0,0,0,0,0,-1.0331190926275993,-0.5607096171802054,-0.7560220994475138,-0.16891344383057094,-0.8018416206261509,-0.9261878453038674,-0.8284896852883603,-1.3194911481372724,-1.3798486326737456,-1.0640947151293667,-0.9444444444444444,-0.6111111111111112,-1.0555555555555556,-0.7222222222222222,-0.5,-1.2777777777777777,-0.8333333333333334,-0.7777777777777778,-0.3888888888888889,-1.0555555555555556
0,1,0,0,-0.4058461538461538,-0.5555555555555556,-0.4530414202754444,6,5,4,3,2,1,0,6,5,4,0,0,1,1,1,1,1,0,0,1,0,1,0,0,0,0,0,1,1,0,1,0,0,0,0,0,0,0,0,0,-0.9524385633270321,-1.0261811391223155,-0.5584898710865561,-0.7560220994475138,-0.16891344383057094,-0.8018416206261509,-0.9560307182653216,-0.8452321186689526,-1.3081243902207993,-1.3720507483211046,-0.2777777777777778,-0.9444444444444444,-0.6111111111111112,-1.0555555555555556,-0.7222222222222222,-0.5,-1.2777777777777777,-0.8888888888888888,-0.7222222222222222,-0.3888888888888889
1,1,0,0,-0.8631923076923077,-0.4444444444444444,-0.77673634073763,0,6,5,4,3,2,1,0,6,5,1,0,0,1,1,1,1,1,0,0,0,0,1,0,0,0,0,0,1,1,0,1,0,0,0,0,0,0,0,0,-0.40839319470699426,-0.9464799253034547,-1.0175322283609576,-0.5584898710865561,-0.7560220994475138,-0.16891344383057094,-0.8289414244842644,-0.973600704738991,-0.8338653607524794,-1.3007318382609188,-0.5,-0.2777777777777778,-0.9444444444444444,-0.6111111111111112,-1.0555555555555556,-0.7222222222222222,-0.5,-1.3333333333333333,-0.8333333333333334,-0.7222222222222222
2,1,0,0,-0.4023076923076924,-0.3333333333333333,-0.31245574104836343,1,0,6,5,4,3,2,1,0,6,1,1,0,0,1,1,1,1,1,0,0,0,0,1,0,0,0,0,0,1,0,0,1,0,0,0,0,0,0,0,-0.8579584120982987,-0.4090382819794584,-0.9389318600368324,-1.0175322283609576,-0.5584898710865561,-0.7560220994475138,-0.18205089594940527,-0.8456867889856116,-0.9622339468225175,-0.8291529702084374,-0.3888888888888889,-0.5,-0.2777777777777778,-0.9444444444444444,-0.6111111111111112,-1.0555555555555556,-0.7222222222222222,-0.5555555555555556,-1.2777777777777777,-0.8333333333333334
3,1,0,0,-0.5632692307692307,-1.0,-0.3186877640744316,2,1,0,6,5,4,3,2,1,0,1,1,1,0,0,1,1,1,1,1,0,0,0,0,1,0,0,0,0,0,0,0,0,1,0,0,0,0,0,0,-0.4049149338374292,-0.8531465919701214,-0.4089134438305708,-0.9389318600368324,-1.0175322283609576,-0.5584898710865561,-0.7821111278421925,-0.1945988955300225,-0.8343200310691382,-0.9567961119326369,-0.2777777777777778,-0.3888888888888889,-0.5,-0.2777777777777778,-0.9444444444444444,-0.6111111111111112,-1.0555555555555556,-0.7777777777777778,-0.5,-1.2777777777777777
4,1,0,0,-0.3291923076923076,-1.3333333333333333,-0.06597669839350792,3,2,1,0,6,5,4,3,2,1,1,1,1,1,0,0,1,1,1,1,0,0,0,0,0,1,0,0,0,0,0,0,0,0,1,0,0,0,0,0,-0.5631379962192816,-0.4056022408963586,-0.8468876611418048,-0.4089134438305708,-0.9389318600368324,-1.0175322283609576,-0.5802213522059931,-0.7985526328253023,-0.18323213761354923,-0.8296050710646032,-0.9444444444444444,-0.2777777777777778,-0.3888888888888889,-0.5,-0.2777777777777778,-0.9444444444444444,-0.6111111111111112,-1.1111111111111112,-0.7222222222222222,-0.5
5,0,1,0,-0.5915,2.2222222222222223,-0.49630592460837375,4,3,2,1,0,6,5,4,3,2,1,1,1,1,1,0,0,1,1,1,0,0,0,0,0,0,1,0,0,0,0,0,0,0,0,1,0,0,0,0,-0.3330434782608695,-0.5619047619047619,-0.4055248618784531,-0.8468876611418048,-0.4089134438305708,-0.9389318600368324,-1.0493901520855293,-0.5953528904718152,-0.7871858749088291,-0.18219664503489658,-1.2777777777777777,-0.9444444444444444,-0.2777777777777778,-0.3888888888888889,-0.5,-0.2777777777777778,-0.9444444444444444,-0.6666666666666666,-1.0555555555555556,-0.7222222222222222
6,0,1,0,-1.0136923076923077,0.5555555555555556,-0.9450909737884043,5,4,3,2,1,0,6,5,4,3,0,1,1,1,1,1,0,0,1,1,1,0,0,0,0,0,0,1,0,0,0,0,0,0,0,0,1,0,0,0,-0.5908884688090738,-0.3346031746031745,-0.5596685082872928,-0.4055248618784531,-0.8468876611418048,-0.4089134438305708,-0.9690558650805601,-1.06756590351517,-0.5839861325553418,-0.7827372823087283,2.2777777777777777,-1.2777777777777777,-0.9444444444444444,-0.2777777777777778,-0.3888888888888889,-0.5,-0.2777777777777778,-1.0,-0.6111111111111112,-1.0555555555555556
0,1,0,0,-1.0180384615384614,-1.1111111111111112,-0.8679627760988791,6,5,4,3,2,1,0,6,5,4,0,0,1,1,1,1,1,0,0,1,1,1,0,0,0,0,0,0,1,0,0,0,0,0,0,0,0,1,0,0,-1.005897920604915,-0.5893183940242764,-0.33550644567219146,-0.5596685082872928,-0.4055248618784531,-0.8468876611418048,-0.4273452793254027,-0.9867103655359898,-1.0561991455986965,-0.5806858746738751,0.6111111111111112,2.2777777777777777,-1.2777777777777777,-0.9444444444444444,-0.2777777777777778,-0.3888888888888889,-0.5,-0.3333333333333333,-0.9444444444444444,-0.6111111111111112
1,1,0,0,-0.7653846153846153,-1.6666666666666667,-0.6635840478523632,0,6,5,4,3,2,1,0,6,5,1,0,0,1,1,1,1,1,0,0,0,1,1,0,0,0,0,0,0,1,0,0,0,0,0,0,0,0,1,0,-1.0101701323251417,-0.9992903828197945,-0.5867034990791897,-0.33550644567219146,-0.5596685082872928,-0.4055248618784531,-0.874981177533504,-0.4414848774758219,-0.9753436076195166,-1.0502302888736095,-1.0555555555555556,0.6111111111111112,2.2777777777777777,-1.2777777777777777,-0.9444444444444444,-0.2777777777777778,-0.3888888888888889,-0.5555555555555556,-0.2777777777777778,-0.9444444444444444
2,1,0,0,-1.0076923076923077,-1.5555555555555556,-0.8967948999182289,1,0,6,5,4,3,2,1,0,6,1,1,0,0,1,1,1,1,1,0,0,0,1,1,0,0,0,0,0,0,0,0,0,0,0,0,0,0,0,1,-0.7618147448015122,-1.0035107376283847,-0.9910128913443831,-0.5867034990791897,-0.33550644567219146,-0.5596685082872928,-0.42388194549013714,-0.8920252720917676,-0.4301181195593486,-0.9698316866187563,-1.6111111111111112,-1.0555555555555556,0.6111111111111112,2.2777777777777777,-1.2777777777777777,-0.9444444444444444,-0.2777777777777778,-0.4444444444444444,-0.5,-0.2777777777777778
3,1,0,0,-0.36538461538461536,-0.4444444444444444,-0.3527573826707759,2,1,0,6,5,4,3,2,1,0,1,1,1,0,0,1,1,1,1,1,0,0,0,1,1,0,0,0,0,0,0,0,0,0,0,0,0,0,0,0,-1.0,-0.7581699346405228,-0.9951749539594843,-0.9910128913443831,-0.5867034990791897,-0.33550644567219146,-0.5814259900617377,-0.4379990717147702,-0.8806585141752944,-0.4276874099330325,-1.5,-1.6111111111111112,-1.0555555555555556,0.6111111111111112,2.2777777777777777,-1.2777777777777777,-0.9444444444444444,-0.3333333333333333,-0.3888888888888889,-0.5
4,1,0,0,-0.7230769230769231,-0.7777777777777778,-0.6320386323520532,3,2,1,0,6,5,4,3,2,1,1,1,1,1,0,0,1,1,1,1,0,0,0,0,1,1,0,0,0,0,0,0,0,0,0,0,0,0,0,0,-0.3686200378071834,-0.9934640522875817,-0.7532228360957642,-0.9951749539594843,-0.9910128913443831,-0.5867034990791897,-0.3523189278723083,-0.5965653446495722,-0.42663231379829697,-0.8756816833221878,-0.3888888888888889,-1.5,-1.6111111111111112,-1.0555555555555556,0.6111111111111112,2.2777777777777777,-1.2777777777777777,-1.0,-0.2777777777777778,-0.3888888888888889
5,0,1,0,-0.7076923076923077,-0.3333333333333333,-0.7554129764307879,4,3,2,1,0,6,5,4,3,2,1,1,1,1,1,0,0,1,1,1,0,0,0,0,0,1,1,0,0,0,0,0,0,0,0,0,0,0,0,0,-0.720226843100189,-0.3697478991596639,-0.9852670349907919,-0.7532228360957642,-0.9951749539594843,-0.9910128913443831,-0.6090573708778799,-0.3659717157173844,-0.585198586733099,-0.4242213033690933,-0.7222222222222222,-0.3888888888888889,-1.5,-1.6111111111111112,-1.0555555555555556,0.6111111111111112,2.2777777777777777,-1.3333333333333333,-0.9444444444444444,-0.2777777777777778
6,0,1,0,-1.2615384615384615,-0.7777777777777778,-1.1587830919189075,5,4,3,2,1,0,6,5,4,3,0,1,1,1,1,1,0,0,1,1,1,0,0,0,0,0,1,1,0,0,0,0,0,0,0,0,0,0,0,0,-0.7051039697542533,-0.7170868347338936,-0.3701657458563536,-0.9852670349907919,-0.7532228360957642,-0.9951749539594843,-1.0222858003312754,-0.624376012351877,-0.3546049578009111,-0.5818914769569844,-0.2777777777777778,-0.7222222222222222,-0.3888888888888889,-1.5,-1.6111111111111112,-1.0555555555555556,0.6111111111111112,2.2222222222222223,-1.2777777777777777,-0.9444444444444444
0,1,0,0,-1.25,-0.2222222222222222,-1.2458941307906963,6,5,4,3,2,1,0,6,5,4,0,0,1,1,1,1,1,0,0,1,1,1,0,0,0,0,0,1,1,0,0,0,0,0,0,0,0,0,0,0,-1.2495274102079394,-0.7021475256769374,-0.712707182320442,-0.3701657458563536,-0.9852670349907919,-0.7532228360957642,-1.0265396777593736,-1.040285684515634,-0.6130092544354038,-0.3526009927381299,-0.7222222222222222,-0.2777777777777778,-0.7222222222222222,-0.3888888888888889,-1.5,-1.6111111111111112,-1.0555555555555556,0.5555555555555556,2.2777777777777777,-1.2777777777777777
1,1,0,0,-1.0307692307692307,-0.8888888888888888,-1.086913111043081,0,6,5,4,3,2,1,0,6,5,1,0,0,1,1,1,1,1,0,0,0,1,1,0,0,0,0,0,1,1,0,0,0,0,0,0,0,0,0,0,-1.2381852551984878,-1.2399626517273576,-0.6979742173112339,-0.712707182320442,-0.3701657458563536,-0.9852670349907919,-0.7792501129347991,-1.0445671633308389,-1.0289189265991607,-0.6095449793258046,-0.16666666666666666,-0.7222222222222222,-0.2777777777777778,-0.7222222222222222,-0.3888888888888889,-1.5,-1.6111111111111112,-1.1111111111111112,0.6111111111111112,2.2777777777777777
2,0,0,1,-0.8653846153846154,-0.4444444444444444,-0.8346167451217007,1,0,6,5,4,3,2,1,0,6,1,1,0,0,1,1,1,1,1,0,0,0,1,1,0,0,0,0,0,1,0,0,0,0,0,0,0,0,0,0,-1.0226843100189036,-1.2287581699346406,-1.2283609576427257,-0.6979742173112339,-0.712707182320442,-0.3701657458563536,-1.0164131907845204,-0.7956730541531292,-1.0332004054143658,-1.0231042375036496,-0.8333333333333334,-0.16666666666666666,-0.7222222222222222,-0.2777777777777778,-0.7222222222222222,-0.3888888888888889,-1.5,-1.6666666666666667,-1.0555555555555556,0.6111111111111112
3,1,0,0,-0.7961538461538461,-1.4444444444444444,-0.7943395814051452,2,1,0,6,5,4,3,2,1,0,0,1,1,0,0,1,1,1,1,1,0,0,0,1,1,0,0,0,0,0,1,0,0,0,0,0,0,0,0,0,-0.8601134215500945,-1.0158730158730158,-1.2173112338858194,-1.2283609576427257,-0.6979742173112339,-0.712707182320442,-0.3877428098177985,-1.034374970399068,-0.7843062962366558,-1.0273615205658795,-0.3888888888888889,-0.8333333333333334,-0.16666666666666666,-0.7222222222222222,-0.2777777777777778,-0.7222222222222222,-0.3888888888888889,-1.5555555555555556,-1.6111111111111112,-1.0555555555555556
4,1,0,0,-1.0576923076923077,-1.2222222222222223,-0.9250711551029878,3,2,1,0,6,5,4,3,2,1,1,0,1,1,0,0,1,1,1,1,0,0,0,0,1,1,0,0,0,0,0,1,0,0,0,0,0,0,0,0,-0.7920604914933838,-0.8552754435107376,-1.007366482504604,-1.2173112338858194,-1.2283609576427257,-0.6979742173112339,-0.7378406866435778,-0.40162544638205566,-1.0230082124825945,-0.7798739768863437,-1.3888888888888888,-0.3888888888888889,-0.8333333333333334,-0.16666666666666666,-0.7222222222222222,-0.2777777777777778,-0.7222222222222222,-0.4444444444444444,-1.5,-1.6111111111111112
5,0,1,0,-0.65,-0.5555555555555556,-0.7954923742095474,4,3,2,1,0,6,5,4,3,2,1,1,0,1,1,0,0,1,1,1,0,0,0,0,0,1,1,0,0,0,0,0,1,0,0,0,0,0,0,0,-1.0491493383742911,-0.7880485527544351,-0.848987108655617,-1.007366482504604,-1.2173112338858194,-1.2283609576427257,-0.7227827134467701,-0.7539949417927272,-0.39025868846558237,-1.0172269263734919,-1.1666666666666667,-1.3888888888888888,-0.3888888888888889,-0.8333333333333334,-0.16666666666666666,-0.7222222222222222,-0.2777777777777778,-0.7777777777777778,-0.3888888888888889,-1.5
6,0,1,0,-0.9461538461538461,-0.5555555555555556,-0.8111245606483019,5,4,3,2,1,0,6,5,4,3,0,1,1,0,1,1,0,0,1,1,1,0,0,0,0,0,1,1,0,0,0,0,0,1,0,0,0,0,0,0,-0.6483931947069943,-1.0420168067226891,-0.7826887661141805,-0.848987108655617,-1.007366482504604,-1.2173112338858194,-1.2648697485318476,-0.7388392645707628,-0.7426281838762538,-0.38805323487581356,-0.5,-1.1666666666666667,-1.3888888888888888,-0.3888888888888889,-0.8333333333333334,-0.16666666666666666,-0.7222222222222222,-0.3333333333333333,-0.7222222222222222,-0.3888888888888889
0,1,0,0,-0.6038461538461538,-1.0,-0.7256289340503373,6,5,4,3,2,1,0,6,5,4,0,0,1,1,0,1,1,0,0,1,1,1,0,0,0,0,0,1,1,0,0,0,0,0,1,0,0,0,0,0,-0.9395085066162571,-0.646125116713352,-1.0331491712707181,-0.7826887661141805,-0.848987108655617,-1.007366482504604,-1.253576268634242,-1.28444364456148,-0.7274725066542895,-0.7384313984044607,-0.5,-0.5,-1.1666666666666667,-1.3888888888888888,-0.3888888888888889,-0.8333333333333334,-0.16666666666666666,-0.7777777777777778,-0.2777777777777778,-0.7222222222222222
1,1,0,0,-0.6846153846153846,0.0,-0.9896498283389717,0,6,5,4,3,2,1,0,6,5,1,0,0,1,1,0,1,1,0,0,0,1,1,0,0,0,0,0,1,1,0,0,0,0,0,1,0,0,0,0,-0.6030245746691871,-0.9337068160597572,-0.6427255985267035,-1.0331491712707181,-0.7826887661141805,-0.848987108655617,-1.039000150579732,-1.2730768866450066,-1.2730768866450066,-0.7233613698655942,-0.9444444444444444,-0.5,-0.5,-1.1666666666666667,-1.3888888888888888,-0.3888888888888889,-0.8333333333333334,-0.2222222222222222,-0.7222222222222222,-0.2777777777777778
2,0,0,1,-0.026923076923076925,-0.3333333333333333,-0.7947547992156061,1,0,6,5,4,3,2,1,0,6,1,1,0,0,1,1,0,1,1,0,0,0,1,1,0,0,0,0,0,1,0,0,0,0,0,0,1,0,0,0,-0.6824196597353497,-0.6013071895424836,-0.9263351749539595,-0.6427255985267035,-1.0331491712707181,-0.7826887661141805,-0.8771269387140491,-1.0571084862320144,-1.2617101287285333,-1.2658823972647897,0.05555555555555555,-0.9444444444444444,-0.5,-0.5,-1.1666666666666667,-1.3888888888888888,-0.3888888888888889,-0.8888888888888888,-0.16666666666666666,-0.7222222222222222
3,1,0,0,-0.7230769230769231,-0.7777777777777778,-0.7121726909782566,2,1,0,6,5,4,3,2,1,0,0,1,1,0,0,1,1,0,1,1,0,0,0,1,1,0,0,0,0,0,1,0,0,0,0,0,0,1,0,0,-0.035916824196597356,-0.6797385620915033,-0.5985267034990792,-0.9263351749539595,-0.6427255985267035,-1.0331491712707181,-0.8093660593284144,-0.8941849560958975,-1.0457417283155412,-1.25457987586064,-0.2777777777777778,0.05555555555555555,-0.9444444444444444,-0.5,-0.5,-1.1666666666666667,-1.3888888888888888,-0.4444444444444444,-0.8333333333333334,-0.16666666666666666
4,1,0,0,-0.1,-0.8888888888888888,-0.18477639384432473,3,2,1,0,6,5,4,3,2,1,1,0,1,1,0,0,1,1,0,1,0,0,0,0,1,1,0,0,0,0,0,1,0,0,0,0,0,0,1,0,-0.720226843100189,-0.04108309990662932,-0.6758747697974218,-0.5985267034990792,-0.9263351749539595,-0.6427255985267035,-1.0653516036741455,-0.8259844085970579,-0.8828181981794242,-1.0398319691817917,-0.7222222222222222,-0.2777777777777778,0.05555555555555555,-0.9444444444444444,-0.5,-0.5,-1.1666666666666667,-1.4444444444444444,-0.3888888888888889,-0.8333333333333334
5,0,1,0,-0.39615384615384613,0.6666666666666666,-0.4453793176913255,4,3,2,1,0,6,5,4,3,2,1,1,0,1,1,0,0,1,1,0,0,0,0,0,0,1,1,0,0,0,0,0,1,0,0,0,0,0,0,1,-0.10775047258979206,-0.7170868347338936,-0.04604051565377532,-0.6758747697974218,-0.5985267034990792,-0.9263351749539595,-0.6663153139587412,-1.083630921370452,-0.8146176506805846,-0.8778291623889762,-0.8333333333333334,-0.7222222222222222,-0.2777777777777778,0.05555555555555555,-0.9444444444444444,-0.5,-0.5,-1.2222222222222223,-1.3888888888888888,-0.3888888888888889
6,0,1,0,-0.5307692307692308,-0.2222222222222222,-0.34048851230184757,5,4,3,2,1,0,6,5,4,3,0,1,1,0,1,1,0,0,1,1,1,0,0,0,0,0,1,1,0,0,0,0,0,1,0,0,0,0,0,0,-0.3988657844990548,-0.11204481792717087,-0.712707182320442,-0.04604051565377532,-0.6758747697974218,-0.5985267034990792,-0.9561812979972896,-0.6820054749883964,-1.072264163453979,-0.8100140339640768,0.7222222222222222,-0.8333333333333334,-0.7222222222222222,-0.2777777777777778,0.05555555555555555,-0.9444444444444444,-0.5,-0.5555555555555556,-1.1666666666666667,-1.3888888888888888
0,0,0,1,-0.5961538461538461,-0.4444444444444444,-0.24137060731270962,6,5,4,3,2,1,0,6,5,4,0,0,1,1,0,1,1,0,0,1,1,1,0,0,0,0,0,1,1,0,0,0,0,0,1,0,0,0,0,0,-0.5311909262759924,-0.3996265172735761,-0.11602209944751381,-0.712707182320442,-0.04604051565377532,-0.6758747697974218,-0.6211413943683181,-0.9737522615112104,-0.6706387170719231,-1.066204519124808,-0.16666666666666666,0.7222222222222222,-0.8333333333333334,-0.7222222222222222,-0.2777777777777778,0.05555555555555555,-0.9444444444444444,-0.5555555555555556,-0.5,-1.1666666666666667
1,1,0,0,-0.6730769230769231,0.0,-0.48736229356682753,0,6,5,4,3,2,1,0,6,5,0,0,0,1,1,0,1,1,0,0,0,1,1,0,0,0,0,0,1,1,1,0,0,0,0,1,0,0,0,0,-0.5954631379962193,-0.5303454715219421,-0.3996316758747698,-0.11602209944751381,-0.712707182320442,-0.04604051565377532,-0.7001957536515585,-0.6365384433225033,-0.9623855035947372,-0.6668487628448446,-0.3888888888888889,-0.16666666666666666,0.7222222222222222,-0.8333333333333334,-0.7222222222222222,-0.2777777777777778,0.05555555555555555,-1.0,-0.5,-0.5
2,1,0,0,-0.3423076923076923,-0.2222222222222222,-0.052136709104210636,1,0,6,5,4,3,2,1,0,6,1,0,0,0,1,1,0,1,1,0,0,0,1,1,0,0,0,0,0,1,0,1,0,0,0,0,1,0,0,0,-0.6710775047258979,-0.5938375350140056,-0.5285451197053407,-0.3996316758747698,-0.11602209944751381,-0.712707182320442,-0.05646739948802892,-0.7161057487378162,-0.6251716854060301,-0.9569468122180256,0.05555555555555555,-0.3888888888888889,-0.16666666666666666,0.7222222222222222,-0.8333333333333334,-0.7222222222222222,-0.2777777777777778,0.0,-0.9444444444444444,-0.5
3,1,0,0,-0.5192307692307693,-0.4444444444444444,-0.2461254081472249,2,1,0,6,5,4,3,2,1,0,1,1,0,0,0,1,1,0,1,1,0,0,0,1,1,0,0,0,0,0,0,0,1,0,0,0,0,1,0,0,-0.34593572778827975,-0.6685340802987861,-0.5911602209944752,-0.5285451197053407,-0.3996316758747698,-0.11602209944751381,-0.7378406866435778,-0.06820054749883964,-0.704738990821343,-0.621638677228245,-0.16666666666666666,0.05555555555555555,-0.3888888888888889,-0.16666666666666666,0.7222222222222222,-0.8333333333333334,-0.7222222222222222,-0.3333333333333333,0.05555555555555555,-0.9444444444444444
4,1,0,0,-0.47307692307692306,0.1111111111111111,-0.13891580685054344,3,2,1,0,6,5,4,3,2,1,1,1,1,0,0,0,1,1,0,1,0,0,0,0,1,1,0,0,0,0,0,0,0,1,0,0,0,0,1,0,-0.5198487712665406,-0.3473389355742297,-0.6648250460405156,-0.5911602209944752,-0.5285451197053407,-0.3996316758747698,-0.12799277217286553,-0.7539949417927272,-0.056833789582366366,-0.7007563270572943,-0.3888888888888889,-0.16666666666666666,0.05555555555555555,-0.3888888888888889,-0.16666666666666666,0.7222222222222222,-0.8333333333333334,-0.7777777777777778,-0.2777777777777778,0.05555555555555555
5,0,1,0,-0.5461538461538461,0.7777777777777778,-0.3040302904371524,4,3,2,1,0,6,5,4,3,2,1,1,1,1,0,0,0,1,1,0,0,0,0,0,0,1,1,0,0,0,0,0,0,0,1,0,0,0,0,1,-0.47448015122873344,-0.5191409897292251,-0.34806629834254144,-0.6648250460405156,-0.5911602209944752,-0.5285451197053407,-0.41785875621141394,-0.14019001430317038,-0.7426281838762538,-0.05651260702074954,0.16666666666666666,-0.3888888888888889,-0.16666666666666666,0.05555555555555555,-0.3888888888888889,-0.16666666666666666,0.7222222222222222,-0.8888888888888888,-0.7222222222222222,-0.2777777777777778
6,0,1,0,-0.6269230769230769,0.6666666666666666,-0.28301879278270886,5,4,3,2,1,0,6,5,4,3,0,1,1,1,1,0,0,0,1,1,1,0,0,0,0,0,1,1,0,0,0,0,0,0,0,1,0,0,0,0,-0.5463137996219282,-0.47432306255835666,-0.5174953959484346,-0.34806629834254144,-0.6648250460405156,-0.5911602209944752,-0.5496160216834814,-0.4319368008259844,-0.1288232563866971,-0.7384313984044607,0.8333333333333334,0.16666666666666666,-0.3888888888888889,-0.16666666666666666,0.05555555555555555,-0.3888888888888889,-0.16666666666666666,0.6666666666666666,-0.8333333333333334,-0.7222222222222222
0,1,0,0,-0.5038461538461538,0.3333333333333333,-0.4201038724467982,6,5,4,3,2,1,0,6,5,4,0,0,1,1,1,1,0,0,0,1,1,1,0,0,0,0,0,1,1,0,0,0,0,0,0,0,1,0,0,0,-0.6257088846880907,-0.5452847805788982,-0.4732965009208103,-0.5174953959484346,-0.34806629834254144,-0.6648250460405156,-0.6136124077699142,-0.5645489765181726,-0.4205700429095111,-0.12809524258036564,0.7222222222222222,0.8333333333333334,0.16666666666666666,-0.3888888888888889,-0.16666666666666666,0.05555555555555555,-0.3888888888888889,-0.2222222222222222,0.7222222222222222,-0.8333333333333334
1,1,0,0,-0.26153846153846155,0.6666666666666666,-0.15985581347835737,0,6,5,4,3,2,1,0,6,5,1,0,0,1,1,1,1,0,0,0,0,1,1,0,0,0,0,0,1,1,0,0,0,0,0,0,0,1,0,0,-0.504725897920605,-0.6237161531279178,-0.5432780847145487,-0.4732965009208103,-0.5174953959484346,-0.34806629834254144,-0.6889022737539527,-0.6289606047115212,-0.5531822186016994,-0.4181932919535466,0.3888888888888889,0.7222222222222222,0.8333333333333334,0.16666666666666666,-0.3888888888888889,-0.16666666666666666,0.05555555555555555,-0.4444444444444444,-0.16666666666666666,0.7222222222222222
2,1,0,0,0.09230769230769231,1.5555555555555556,0.11309614911707125,1,0,6,5,4,3,2,1,0,6,1,1,0,0,1,1,1,1,0,0,0,0,1,1,0,0,0,0,0,1,0,0,0,0,0,0,0,0,1,0,-0.2665406427221172,-0.5042016806722689,-0.6206261510128913,-0.5432780847145487,-0.4732965009208103,-0.5174953959484346,-0.365155850022587,-0.704738990821343,-0.6175938467950478,-0.5500560416686289,0.7222222222222222,0.3888888888888889,0.7222222222222222,0.8333333333333334,0.16666666666666666,-0.3888888888888889,-0.16666666666666666,0.0,-0.3888888888888889,-0.16666666666666666
3,1,0,0,-0.47692307692307695,0.4444444444444444,-0.3352420811465244,2,1,0,6,5,4,3,2,1,0,1,1,1,0,0,1,1,1,1,0,0,0,0,1,1,0,0,0,0,0,0,0,0,0,0,0,0,0,0,1,0.08128544423440454,-0.2689075630252101,-0.5027624309392266,-0.6206261510128913,-0.5432780847145487,-0.4732965009208103,-0.5383225417858757,-0.37889193054910913,-0.6933722329048697,-0.6141036629588117,1.6111111111111112,0.7222222222222222,0.3888888888888889,0.7222222222222222,0.8333333333333334,0.16666666666666666,-0.3888888888888889,-0.2222222222222222,0.05555555555555555,-0.3888888888888889
4,1,0,0,-0.1076923076923077,0.7777777777777778,0.00394644713395615,3,2,1,0,6,5,4,3,2,1,1,1,1,1,0,0,1,1,1,1,0,0,0,0,1,1,0,0,0,0,0,0,0,0,0,0,0,0,0,0,-0.4782608695652174,0.07469654528478058,-0.27071823204419887,-0.5027624309392266,-0.6206261510128913,-0.5432780847145487,-0.4931486221954525,-0.5531822186016994,-0.36752517263263584,-0.6894538056531444,0.5,1.6111111111111112,0.7222222222222222,0.3888888888888889,0.7222222222222222,0.8333333333333334,0.16666666666666666,-0.4444444444444444,-0.16666666666666666,0.05555555555555555
5,0,1,0,-0.23461538461538461,0.8888888888888888,-0.13636816195048762,4,3,2,1,0,6,5,4,3,2,1,1,1,1,1,0,0,1,1,1,0,0,0,0,0,1,1,0,0,0,0,0,0,0,0,0,0,0,0,0,-0.11531190926275993,-0.4780578898225957,0.06813996316758748,-0.27071823204419887,-0.5027624309392266,-0.6206261510128913,-0.5646739948802891,-0.5077151869358062,-0.541815460685226,-0.3654481920675137,0.8333333333333334,0.5,1.6111111111111112,0.7222222222222222,0.3888888888888889,0.7222222222222222,0.8333333333333334,0.1111111111111111,-0.3888888888888889,-0.16666666666666666
6,0,1,0,-0.2846153846153846,0.6666666666666666,-0.0852465088629608,5,4,3,2,1,0,6,5,4,3,0,1,1,1,1,1,0,0,1,1,1,0,0,0,0,0,1,1,0,0,0,0,0,0,0,0,0,0,0,0,-0.24007561436672967,-0.11951447245564893,-0.47697974217311234,0.06813996316758748,-0.27071823204419887,-0.5027624309392266,-0.6437283541635296,-0.5797046537401369,-0.49634842901933296,-0.538753520264479,0.9444444444444444,0.8333333333333334,0.5,1.6111111111111112,0.7222222222222222,0.3888888888888889,0.7222222222222222,0.7777777777777778,0.16666666666666666,-0.3888888888888889
0,1,0,0,-0.36153846153846153,0.4444444444444444,-0.17420724853606095,6,5,4,3,2,1,0,6,5,4,0,0,1,1,1,1,1,0,0,1,1,1,0,0,0,0,0,1,1,0,0,0,0,0,0,0,0,0,0,0,-0.2892249527410208,-0.24276377217553688,-0.12338858195211787,-0.47697974217311234,0.06813996316758748,-0.27071823204419887,-0.5232645685890679,-0.6592719591554499,-0.5683378958236637,-0.49354343464787936,0.7222222222222222,0.9444444444444444,0.8333333333333334,0.5,1.6111111111111112,0.7222222222222222,0.3888888888888889,0.6666666666666666,0.8333333333333334,0.16666666666666666
1,1,0,0,0.03461538461538462,0.7777777777777778,0.46828118314411254,0,6,5,4,3,2,1,0,6,5,1,0,0,1,1,1,1,1,0,0,0,1,1,0,0,0,0,0,1,1,0,0,0,0,0,0,0,0,0,0,-0.3648393194706994,-0.2913165266106443,-0.24493554327808473,-0.12338858195211787,-0.47697974217311234,0.06813996316758748,-0.2861014907393465,-0.5380265413797349,-0.6479052012389765,-0.5651260702074954,0.5,0.7222222222222222,0.9444444444444444,0.8333333333333334,0.5,1.6111111111111112,0.7222222222222222,0.3333333333333333,0.7222222222222222,0.8333333333333334
2,1,0,0,1.5769230769230769,0.4444444444444444,2.068497857940401,1,0,6,5,4,3,2,1,0,6,1,1,0,0,1,1,1,1,1,0,0,0,1,1,0,0,0,0,0,1,0,0,0,0,0,0,0,0,0,0,0.024574669187145556,-0.3660130718954248,-0.292817679558011,-0.24493554327808473,-0.12338858195211787,-0.47697974217311234,0.060231892787230845,-0.2993246251337962,-0.5266597834632617,-0.6442437200365448,0.8333333333333334,0.5,0.7222222222222222,0.9444444444444444,0.8333333333333334,0.5,1.6111111111111112,0.6666666666666666,0.3888888888888889,0.7222222222222222
3,1,0,0,0.8576923076923076,0.3333333333333333,1.8152397304904857,2,1,0,6,5,4,3,2,1,0,1,1,1,0,0,1,1,1,1,1,0,0,0,1,1,0,0,0,0,0,0,0,0,0,0,0,0,0,0,0,1.5406427221172023,0.018674136321195144,-0.3664825046040516,-0.292817679558011,-0.24493554327808473,-0.12338858195211787,-0.49691311549465444,0.04925595097138419,-0.2879578672173229,-0.5236834917256125,0.5,0.8333333333333334,0.5,0.7222222222222222,0.9444444444444444,0.8333333333333334,0.5,1.5555555555555556,0.7222222222222222,0.3888888888888889
4,1,0,0,0.48846153846153845,0.1111111111111111,0.8215029337061573,3,2,1,0,6,5,4,3,2,1,1,1,1,1,0,0,1,1,1,1,0,0,0,0,1,1,0,0,0,0,0,0,0,0,0,0,0,0,0,0,0.833648393194707,1.5163398692810457,0.01289134438305709,-0.3664825046040516,-0.292817679558011,-0.24493554327808473,-0.1355217587712694,-0.5115041062412973,0.06062270888785746,-0.2863305422384644,0.3888888888888889,0.5,0.8333333333333334,0.5,0.7222222222222222,0.9444444444444444,0.8333333333333334,0.4444444444444444,1.6111111111111112,0.7222222222222222
5,0,1,0,0.5653846153846154,0.5555555555555556,1.2015838111678503,4,3,2,1,0,6,5,4,3,2,1,1,1,1,1,0,0,1,1,1,0,0,0,0,0,1,1,0,0,0,0,0,0,0,0,0,0,0,0,0,0.4706994328922495,0.8179271708683473,1.4898710865561695,0.01289134438305709,-0.3664825046040516,-0.292817679558011,-0.259750037644933,-0.14776785291415256,-0.500137348324824,0.06028011415546618,0.16666666666666666,0.3888888888888889,0.5,0.8333333333333334,0.5,0.7222222222222222,0.9444444444444444,0.7777777777777778,0.5,1.6111111111111112
6,0,1,0,1.3192307692307692,0.2222222222222222,2.3630730068112364,5,4,3,2,1,0,6,5,4,3,0,1,1,1,1,1,0,0,1,1,1,0,0,0,0,0,1,1,0,0,0,0,0,0,0,0,0,0,0,0,0.5463137996219282,0.45938375350140054,0.8011049723756906,1.4898710865561695,0.01289134438305709,-0.3664825046040516,-0.30868845053455807,-0.27280218999535855,-0.13640109499767927,-0.497310941782596,0.6111111111111112,0.16666666666666666,0.3888888888888889,0.5,0.8333333333333334,0.5,0.7222222222222222,0.8888888888888888,0.8333333333333334,0.5
0,1,0,0,-0.6423076923076924,-0.2222222222222222,-0.28197751043832125,6,5,4,3,2,1,0,6,5,4,0,0,1,1,1,1,1,0,0,1,1,1,0,0,0,0,0,1,1,0,0,0,0,0,0,0,0,0,0,0,1.287334593572779,0.5340802987861811,0.44751381215469616,0.8011049723756906,1.4898710865561695,0.01289134438305709,-0.3839783165185966,-0.32205814096674273,-0.2614354320788853,-0.1356302568497989,0.2777777777777778,0.6111111111111112,0.16666666666666666,0.3888888888888889,0.5,0.8333333333333334,0.5,0.6666666666666666,0.9444444444444444,0.8333333333333334
1,1,0,0,0.2653846153846154,0.6666666666666666,0.551374607637139,0,6,5,4,3,2,1,0,6,5,1,0,0,1,1,1,1,1,0,0,0,1,1,0,0,0,0,0,1,1,0,0,0,0,0,0,0,0,0,0,-0.6408317580340265,1.2661064425770308,0.5211786372007366,0.44751381215469616,0.8011049723756906,1.4898710865561695,0.003764493299201928,-0.3978365270765646,-0.3106913830502695,-0.2599579922954479,-0.16666666666666666,0.2777777777777778,0.6111111111111112,0.16666666666666666,0.3888888888888889,0.5,0.8333333333333334,0.4444444444444444,0.7222222222222222,0.9444444444444444
2,1,0,0,0.015384615384615385,-0.1111111111111111,0.459467453370156,1,0,6,5,4,3,2,1,0,6,1,1,0,0,1,1,1,1,1,0,0,0,1,1,0,0,0,0,0,1,0,0,0,0,0,0,0,0,0,0,0.2514177693761815,-0.6386554621848739,1.2430939226519337,0.5211786372007366,0.44751381215469616,0.8011049723756906,1.5133263062791749,-0.007577838610982182,-0.3864697691600913,-0.30893558504676416,0.7222222222222222,-0.16666666666666666,0.2777777777777778,0.6111111111111112,0.16666666666666666,0.3888888888888889,0.5,0.7777777777777778,0.5,0.7222222222222222
3,1,0,0,-0.16153846153846155,0.8888888888888888,-0.22155619581612365,2,1,0,6,5,4,3,2,1,0,1,1,1,0,0,1,1,1,1,1,0,0,0,1,1,0,0,0,0,0,0,0,0,0,0,0,0,0,0,0,0.005671077504725898,0.24276377217553688,-0.6353591160220995,1.2430939226519337,0.5211786372007366,0.44751381215469616,0.8093660593284144,1.5117788028909454,0.003788919305491091,-0.38428572774109687,-0.05555555555555555,0.7222222222222222,-0.16666666666666666,0.2777777777777778,0.6111111111111112,0.16666666666666666,0.3888888888888889,0.4444444444444444,0.8333333333333334,0.5
4,1,0,0,-0.03076923076923077,1.1111111111111112,-0.5872419924303047,3,2,1,0,6,5,4,3,2,1,1,1,1,1,0,0,1,1,1,1,0,0,0,0,1,1,0,0,0,0,0,0,0,0,0,0,0,0,0,0,-0.16824196597353497,0.0,0.23388581952117865,-0.6353591160220995,1.2430939226519337,0.5211786372007366,0.44797470260502936,0.8032508927641113,1.5231455608074187,0.003767507134716636,0.9444444444444444,-0.05555555555555555,0.7222222222222222,-0.16666666666666666,0.2777777777777778,0.6111111111111112,0.16666666666666666,0.3333333333333333,0.5,0.8333333333333334
5,0,1,0,-0.6730769230769231,0.7777777777777778,-0.6506743484983566,4,3,2,1,0,6,5,4,3,2,1,1,1,1,1,0,0,1,1,1,0,0,0,0,0,1,1,0,0,0,0,0,0,0,0,0,0,0,0,0,-0.03969754253308128,-0.17180205415499533,-0.0055248618784530384,0.23388581952117865,-0.6353591160220995,1.2430939226519337,0.5232645685890679,0.43951463943696656,0.8146176506805846,1.5145378681560877,1.1666666666666667,0.9444444444444444,-0.05555555555555555,0.7222222222222222,-0.16666666666666666,0.2777777777777778,0.6111111111111112,0.1111111111111111,0.3888888888888889,0.5
6,0,1,0,0.7884615384615384,1.2222222222222223,1.2028407322066914,5,4,3,2,1,0,6,5,4,3,0,1,1,1,1,1,0,0,1,1,1,0,0,0,0,0,1,1,0,0,0,0,0,0,0,0,0,0,0,0,-0.6710775047258979,-0.04481792717086835,-0.17495395948434622,-0.0055248618784530384,0.23388581952117865,-0.6353591160220995,1.2611052552326458,0.5152930255467884,0.45088139735343985,0.8100140339640768,0.8333333333333334,1.1666666666666667,0.9444444444444444,-0.05555555555555555,0.7222222222222222,-0.16666666666666666,0.2777777777777778,0.5555555555555556,0.16666666666666666,0.3888888888888889
0,1,0,0,-0.35,0.3333333333333333,-0.45501338109331085,6,5,4,3,2,1,0,6,5,4,0,0,1,1,1,1,1,0,0,1,1,1,0,0,0,0,0,1,1,0,0,0,0,0,0,0,0,0,0,0,0.7655954631379962,-0.6685340802987861,-0.049723756906077346,-0.17495395948434622,-0.0055248618784530384,0.23388581952117865,-0.6587863273603374,1.2579212094230423,0.5266597834632617,0.4483333490312797,1.2777777777777777,0.8333333333333334,1.1666666666666667,0.9444444444444444,-0.05555555555555555,0.7222222222222222,-0.16666666666666666,0.2222222222222222,0.6111111111111112,0.16666666666666666
1,1,0,0,-0.3576923076923077,0.2222222222222222,-0.35266504009471267,0,6,5,4,3,2,1,0,6,5,1,0,0,1,1,1,1,1,0,0,0,1,1,0,0,0,0,0,1,1,0,0,0,0,0,0,0,0,0,0,-0.3534971644612476,0.7507002801120448,-0.6648250460405156,-0.049723756906077346,-0.17495395948434622,-0.0055248618784530384,0.2296340912513176,-0.6744276363774142,1.2692879673395154,0.5236834917256125,0.3888888888888889,1.2777777777777777,0.8333333333333334,1.1666666666666667,0.9444444444444444,-0.05555555555555555,0.7222222222222222,-0.2222222222222222,0.2777777777777778,0.6111111111111112
2,1,0,0,0.46923076923076923,-1.1111111111111112,0.14391953115096828,1,0,6,5,4,3,2,1,0,6,1,1,0,0,1,1,1,1,1,0,0,0,1,1,0,0,0,0,0,1,0,0,0,0,0,0,0,0,0,0,-0.3610586011342155,-0.35480859010270777,0.7348066298342542,-0.6648250460405156,-0.049723756906077346,-0.17495395948434622,-0.015057973196807711,0.21975731971848328,-0.663060878460941,1.2621148901300732,0.2777777777777778,0.3888888888888889,1.2777777777777777,0.8333333333333334,1.1666666666666667,0.9444444444444444,-0.05555555555555555,0.6666666666666666,-0.16666666666666666,0.2777777777777778
3,1,0,0,0.13076923076923078,0.1111111111111111,0.04031737741903471,2,1,0,6,5,4,3,2,1,0,1,1,1,0,0,1,1,1,1,1,0,0,0,1,1,0,0,0,0,0,0,0,0,0,0,0,0,0,0,0,0.45179584120982985,-0.3622782446311858,-0.35543278084714547,0.7348066298342542,-0.6648250460405156,-0.049723756906077346,-0.18822466496009638,-0.026522435138437637,0.23112407763495657,-0.6593137485754114,-1.0555555555555556,0.2777777777777778,0.3888888888888889,1.2777777777777777,0.8333333333333334,1.1666666666666667,0.9444444444444444,-0.1111111111111111,0.7222222222222222,-0.16666666666666666
4,1,0,0,-0.75,-0.6666666666666666,-0.6921620676966275,3,2,1,0,6,5,4,3,2,1,1,1,1,1,0,0,1,1,1,1,0,0,0,0,1,1,0,0,0,0,0,0,0,0,0,0,0,0,0,0,0.11909262759924386,0.4407096171802054,-0.36279926335174956,-0.35543278084714547,0.7348066298342542,-0.6648250460405156,-0.060231892787230845,-0.20081272319102783,-0.015155677221964365,0.22981793521771482,0.16666666666666666,-1.0555555555555556,0.2777777777777778,0.3888888888888889,1.2777777777777777,0.8333333333333334,1.1666666666666667,0.8888888888888888,-0.05555555555555555,0.7222222222222222
5,0,1,0,0.29615384615384616,0.2222222222222222,0.16839406967687706,4,3,2,1,0,6,5,4,3,2,1,1,1,1,1,0,0,1,1,1,0,0,0,0,0,1,1,0,0,0,0,0,0,0,0,0,0,0,0,0,-0.7466918714555766,0.11204481792717087,0.429097605893186,-0.36279926335174956,-0.35543278084714547,0.7348066298342542,-0.6889022737539527,-0.07198946680433073,-0.18944596527455457,-0.015070028538866544,-0.6111111111111112,0.16666666666666666,-1.0555555555555556,0.2777777777777778,0.3888888888888889,1.2777777777777777,0.8333333333333334,1.1111111111111112,0.9444444444444444,-0.05555555555555555
6,0,1,0,0.2692307692307692,-0.4444444444444444,0.47687228053622804,5,4,3,2,1,0,6,5,4,3,0,1,1,1,1,1,0,0,1,1,1,0,0,0,0,0,1,1,0,0,0,0,0,0,0,0,0,0,0,0,0.28166351606805295,-0.7432306255835668,0.10497237569060773,0.429097605893186,-0.36279926335174956,-0.35543278084714547,0.7416051799427797,-0.704738990821343,-0.06062270888785746,-0.1883753567358318,0.2777777777777778,-0.6111111111111112,0.16666666666666666,-1.0555555555555556,0.2777777777777778,0.3888888888888889,1.2777777777777777,0.7777777777777778,1.1666666666666667,0.9444444444444444
0,1,0,0,0.015384615384615385,-0.3333333333333333,-0.10667244725148894,6,5,4,3,2,1,0,6,5,4,0,0,1,1,1,1,1,0,0,1,1,1,0,0,0,0,0,1,1,0,0,0,0,0,0,0,0,0,0,0,0.2551984877126654,0.2726423902894491,-0.7384898710865562,0.10497237569060773,0.429097605893186,-0.36279926335174956,-0.37268483662099083,0.7350503452652717,-0.6933722329048697,-0.06028011415546618,-0.3888888888888889,0.2777777777777778,-0.6111111111111112,0.16666666666666666,-1.0555555555555556,0.2777777777777778,0.3888888888888889,1.2222222222222223,0.8333333333333334,1.1666666666666667
1,1,0,0,0.2653846153846154,-0.5555555555555556,0.3335861313883975,0,6,5,4,3,2,1,0,6,5,1,0,0,1,1,1,1,1,0,0,0,1,1,0,0,0,0,0,1,1,0,0,0,0,0,0,0,0,0,0,0.005671077504725898,0.24649859943977592,0.26335174953959484,-0.7384898710865562,0.10497237569060773,0.429097605893186,-0.3802138232193947,-0.3864697691600913,0.7464171031817449,-0.6894538056531444,-0.2777777777777778,-0.3888888888888889,0.2777777777777778,-0.6111111111111112,0.16666666666666666,-1.0555555555555556,0.2777777777777778,0.3333333333333333,1.2777777777777777,0.8333333333333334
2,1,0,0,0.25769230769230766,-0.5555555555555556,0.543512148860636,1,0,6,5,4,3,2,1,0,6,1,1,0,0,1,1,1,1,1,0,0,0,1,1,0,0,0,0,0,1,0,0,0,0,0,0,0,0,0,0,0.2514177693761815,0.0,0.23756906077348067,0.26335174953959484,-0.7384898710865562,0.10497237569060773,0.42915223610901976,-0.3940476077710735,-0.375103011243618,0.7421989055391773,-0.5,-0.2777777777777778,-0.3888888888888889,0.2777777777777778,-0.6111111111111112,0.16666666666666666,-1.0555555555555556,0.2222222222222222,0.3888888888888889,1.2777777777777777
3,1,0,0,1.2807692307692307,-1.0,0.511004712806332,2,1,0,6,5,4,3,2,1,0,1,1,1,0,0,1,1,1,1,1,0,0,0,1,1,0,0,0,0,0,0,0,0,0,0,0,0,0,0,0,0.2438563327032136,0.24276377217553688,-0.0055248618784530384,0.23756906077348067,0.26335174953959484,-0.7384898710865562,0.09787682577925012,0.4205700429095111,-0.3826808498546002,-0.372983206336947,-0.5,-0.5,-0.2777777777777778,-0.3888888888888889,0.2777777777777778,-0.6111111111111112,0.16666666666666666,-1.1111111111111112,0.2777777777777778,0.3888888888888889
4,1,0,0,-0.4461538461538462,-0.1111111111111111,-0.2192397311380494,3,2,1,0,6,5,4,3,2,1,1,1,1,1,0,0,1,1,1,1,0,0,0,0,1,1,0,0,0,0,0,0,0,0,0,0,0,0,0,0,1.2495274102079394,0.23529411764705882,0.23388581952117865,-0.0055248618784530384,0.23756906077348067,0.26335174953959484,-0.7641921397379913,0.0871451440262951,0.4319368008259844,-0.38051822060638024,-0.9444444444444444,-0.5,-0.5,-0.2777777777777778,-0.3888888888888889,0.2777777777777778,-0.6111111111111112,0.1111111111111111,-1.0555555555555556,0.2777777777777778
5,0,1,0,0.4461538461538462,-0.6666666666666666,0.3709188232020112,4,3,2,1,0,6,5,4,3,2,1,1,1,1,1,0,0,1,1,1,0,0,0,0,0,1,1,0,0,0,0,0,0,0,0,0,0,0,0,0,-0.44801512287334594,1.2287581699346406,0.2265193370165746,0.23388581952117865,-0.0055248618784530384,0.23756906077348067,0.259750037644933,-0.7805173769311647,0.09851190194276838,0.42949581335769654,-0.05555555555555555,-0.9444444444444444,-0.5,-0.5,-0.2777777777777778,-0.3888888888888889,0.2777777777777778,-0.6666666666666666,0.16666666666666666,-1.0555555555555556
6,0,1,0,0.2846153846153846,-1.3333333333333333,0.39701913502009634,5,4,3,2,1,0,6,5,4,3,0,1,1,1,1,1,0,0,1,1,1,0,0,0,0,0,1,1,0,0,0,0,0,0,0,0,0,0,0,0,0.42911153119092627,-0.4481792717086835,1.2062615101289134,0.2265193370165746,0.23388581952117865,-0.0055248618784530384,0.2333985845505195,0.250068674162412,-0.7691506190146915,0.09795518550263255,-0.6111111111111112,-0.05555555555555555,-0.9444444444444444,-0.5,-0.5,-0.2777777777777778,-0.3888888888888889,0.2222222222222222,-0.6111111111111112,0.16666666666666666
0,1,0,0,0.4846153846153846,-0.5555555555555556,0.44373554212976235,6,5,4,3,2,1,0,6,5,4,0,0,1,1,1,1,1,0,0,1,1,1,0,0,0,0,0,1,1,0,0,0,0,0,0,0,0,0,0,0,0.27032136105860116,0.41830065359477125,-0.44751381215469616,1.2062615101289134,0.2265193370165746,0.23388581952117865,-0.015057973196807711,0.22354623902397439,0.2614354320788853,-0.7648039483474771,-1.2777777777777777,-0.6111111111111112,-0.05555555555555555,-0.9444444444444444,-0.5,-0.5,-0.2777777777777778,-0.4444444444444444,0.2777777777777778,-0.6111111111111112
1,1,0,0,1.0961538461538463,-0.2222222222222222,1.0180818873372004,0,6,5,4,3,2,1,0,6,5,1,0,0,1,1,1,1,1,0,0,0,1,1,0,0,0,0,0,1,1,0,0,0,0,0,0,0,0,0,0,0.4669187145557656,0.26143790849673204,0.40699815837937386,-0.44751381215469616,1.2062615101289134,0.2265193370165746,0.2296340912513176,-0.026522435138437637,0.23491299694044765,0.2599579922954479,-0.5,-1.2777777777777777,-0.6111111111111112,-0.05555555555555555,-0.9444444444444444,-0.5,-0.5,-0.3333333333333333,-0.3888888888888889,0.2777777777777778
2,1,0,0,0.38461538461538464,0.2222222222222222,0.571817803434969,1,0,6,5,4,3,2,1,0,6,1,1,0,0,1,1,1,1,1,0,0,0,1,1,0,0,0,0,0,1,0,0,0,0,0,0,0,0,0,0,1.0680529300567108,0.4556489262371615,0.2523020257826888,0.40699815837937386,-0.44751381215469616,1.2062615101289134,0.22210510465291372,0.21975731971848328,-0.015155677221964365,0.23358544235243145,-0.16666666666666666,-0.5,-1.2777777777777777,-0.6111111111111112,-0.05555555555555555,-0.9444444444444444,-0.5,-0.5555555555555556,-0.2777777777777778,-0.3888888888888889
3,1,0,0,-0.0038461538461538464,-0.3333333333333333,0.3804104226016549,2,1,0,6,5,4,3,2,1,0,1,1,1,0,0,1,1,1,1,1,0,0,0,1,1,0,0,0,0,0,0,0,0,0,0,0,0,0,0,0,0.3686200378071834,1.0494864612511672,0.4438305709023941,0.2523020257826888,0.40699815837937386,-0.44751381215469616,1.2234603222406264,0.2121794811075011,0.23112407763495657,-0.015070028538866544,0.2777777777777778,-0.16666666666666666,-0.5,-1.2777777777777777,-0.6111111111111112,-0.05555555555555555,-0.9444444444444444,-0.5555555555555556,-0.5,-0.2777777777777778
4,1,0,0,0.6538461538461539,0.0,0.6805881626336673,3,2,1,0,6,5,4,3,2,1,1,1,1,1,0,0,1,1,1,1,0,0,0,0,1,1,0,0,0,0,0,0,0,0,0,0,0,0,0,0,-0.013232514177693762,0.3585434173669468,1.0294659300184161,0.4438305709023941,0.2523020257826888,0.40699815837937386,-0.466797169101039,1.2200320163681313,0.22354623902397439,0.22981793521771482,-0.2777777777777778,0.2777777777777778,-0.16666666666666666,-0.5,-1.2777777777777777,-0.6111111111111112,-0.05555555555555555,-1.0,-0.5,-0.5
5,0,1,0,0.47307692307692306,-0.1111111111111111,0.4490864900577125,4,3,2,1,0,6,5,4,3,2,1,1,1,1,1,0,0,1,1,1,0,0,0,0,0,1,1,0,0,0,0,0,0,0,0,0,0,0,0,0,0.6332703213610587,-0.018674136321195144,0.34806629834254144,1.0294659300184161,0.4438305709023941,0.2523020257826888,0.4065652763138082,-0.4811927517973686,1.2313987742846046,0.22228292094828153,0.05555555555555555,-0.2777777777777778,0.2777777777777778,-0.16666666666666666,-0.5,-1.2777777777777777,-0.6111111111111112,-0.1111111111111111,-0.9444444444444444,-0.5
6,0,1,0,-0.2,0.3333333333333333,0.10144790374743463,5,4,3,2,1,0,6,5,4,3,0,1,1,1,1,1,0,0,1,1,1,0,0,0,0,0,1,1,0,0,0,0,0,0,0,0,0,0,0,0,0.4555765595463138,0.6199813258636788,-0.02394106813996317,0.34806629834254144,1.0294659300184161,0.4438305709023941,0.24845655774732722,0.3978365270765646,-0.4698259938808953,1.2244398187829069,-0.05555555555555555,0.05555555555555555,-0.2777777777777778,0.2777777777777778,-0.16666666666666666,-0.5,-1.2777777777777777,-0.6666666666666666,-0.05555555555555555,-0.9444444444444444
0,1,0,0,1.2346153846153847,-0.4444444444444444,0.7758078639805511,6,5,4,3,2,1,0,6,5,4,0,0,1,1,1,1,1,0,0,1,1,1,0,0,0,0,0,1,1,0,0,0,0,0,0,0,0,0,0,0,-0.2060491493383743,0.4444444444444444,0.6058931860036832,-0.02394106813996317,0.34806629834254144,1.0294659300184161,0.44421020930582744,0.23870191624593876,0.4092032849930378,-0.4671708847048629,0.3888888888888889,-0.05555555555555555,0.05555555555555555,-0.2777777777777778,0.2777777777777778,-0.16666666666666666,-0.5,-1.3333333333333333,-0.6111111111111112,-0.05555555555555555
1,1,0,0,0.17307692307692307,0.3333333333333333,0.3322827152797014,0,6,5,4,3,2,1,0,6,5,1,0,0,1,1,1,1,1,0,0,0,1,1,0,0,0,0,0,1,1,0,0,0,0,0,0,0,0,0,0,1.2041587901701323,-0.20915032679738563,0.43278084714548803,0.6058931860036832,-0.02394106813996317,0.34806629834254144,1.042764643878934,0.4357257201314755,0.250068674162412,0.4068907705493967,-0.3888888888888889,0.3888888888888889,-0.05555555555555555,0.05555555555555555,-0.2777777777777778,0.2777777777777778,-0.16666666666666666,-0.5555555555555556,-1.2777777777777777,-0.6111111111111112
2,1,0,0,-0.07307692307692308,-0.2222222222222222,-0.11329365602940845,1,0,6,5,4,3,2,1,0,6,1,1,0,0,1,1,1,1,1,0,0,0,1,1,0,0,0,0,0,1,0,0,0,0,0,0,0,0,0,0,0.16068052930056712,1.1839402427637722,-0.21178637200736647,0.43278084714548803,0.6058931860036832,-0.02394106813996317,0.34633338352657733,1.038163889704559,0.44709247804794877,0.248655470891298,0.3888888888888889,-0.3888888888888889,0.3888888888888889,-0.05555555555555555,0.05555555555555555,-0.2777777777777778,0.2777777777777778,-0.2222222222222222,-0.5,-1.2777777777777777
3,1,0,0,0.5923076923076923,0.0,0.5808383650377796,2,1,0,6,5,4,3,2,1,0,1,1,1,0,0,1,1,1,1,1,0,0,0,1,1,0,0,0,0,0,0,0,0,0,0,0,0,0,0,0,-0.08128544423440454,0.1531279178338002,1.1620626151012892,-0.21178637200736647,0.43278084714548803,0.6058931860036832,-0.03388043969281735,0.3372138181887071,1.0495306476210322,0.44456584189656306,-0.16666666666666666,0.3888888888888889,-0.3888888888888889,0.3888888888888889,-0.05555555555555555,0.05555555555555555,-0.2777777777777778,0.2222222222222222,-0.16666666666666666,-0.5
4,1,0,0,0.7115384615384616,1.5555555555555556,0.6583025187473723,3,2,1,0,6,5,4,3,2,1,1,1,1,1,0,0,1,1,1,1,0,0,0,0,1,1,0,0,0,0,0,0,0,0,0,0,0,0,0,0,0.5727788279773157,-0.08590102707749767,0.14548802946593,1.1620626151012892,-0.21178637200736647,0.43278084714548803,0.6098479144707123,-0.045467031665893096,0.3485805761051804,1.0435994763165082,0.05555555555555555,-0.16666666666666666,0.3888888888888889,-0.3888888888888889,0.3888888888888889,-0.05555555555555555,0.05555555555555555,-0.3333333333333333,0.2777777777777778,-0.16666666666666666
5,0,1,0,0.8807692307692307,0.4444444444444444,0.680016752471548,4,3,2,1,0,6,5,4,3,2,1,1,1,1,1,0,0,1,1,1,0,0,0,0,0,1,1,0,0,0,0,0,0,0,0,0,0,0,0,0,0.6899810964083176,0.5602240896358543,-0.09023941068139964,0.14548802946593,1.1620626151012892,-0.21178637200736647,0.4329167294082217,0.6024381695730835,-0.03410027374941982,0.3466106563939305,1.6111111111111112,0.05555555555555555,-0.16666666666666666,0.3888888888888889,-0.3888888888888889,0.3888888888888889,-0.05555555555555555,0.0,-0.2777777777777778,0.2777777777777778
6,0,1,0,0.9384615384615385,2.111111111111111,1.382806440473764,5,4,3,2,1,0,6,5,4,3,0,1,1,1,1,1,0,0,1,1,1,0,0,0,0,0,1,1,0,0,0,0,0,0,0,0,0,0,0,0,0.8563327032136105,0.6760037348272643,0.5469613259668509,-0.09023941068139964,0.14548802946593,1.1620626151012892,-0.22586959795211567,0.4243589622150022,0.6138049274895567,-0.033907564212449726,0.5,1.6111111111111112,0.05555555555555555,-0.16666666666666666,0.3888888888888889,-0.3888888888888889,0.3888888888888889,-0.1111111111111111,0.05555555555555555,-0.2777777777777778
0,1,0,0,0.29615384615384616,0.8888888888888888,0.1660777345115322,6,5,4,3,2,1,0,6,5,4,0,0,1,1,1,1,1,0,0,1,1,1,0,0,0,0,0,1,1,0,0,0,0,0,0,0,0,0,0,0,0.9130434782608695,0.8403361344537815,0.6611418047882136,0.5469613259668509,-0.09023941068139964,0.14548802946593,1.1782864026502033,-0.23870191624593876,0.4357257201314755,0.6103361558240951,2.1666666666666665,0.5,1.6111111111111112,0.05555555555555555,-0.16666666666666666,0.3888888888888889,-0.3888888888888889,0.3333333333333333,-0.05555555555555555,0.05555555555555555
1,1,0,0,0.6961538461538461,0.1111111111111111,0.15692597651383786,0,6,5,4,3,2,1,0,6,5,1,0,0,1,1,1,1,1,0,0,0,1,1,0,0,0,0,0,1,1,0,0,0,0,0,0,0,0,0,0,0.28166351606805295,0.896358543417367,0.8232044198895028,0.6611418047882136,0.5469613259668509,-0.09023941068139964,0.13928625207047132,1.1745649847022384,-0.22733515832946546,0.4332633204924132,0.9444444444444444,2.1666666666666665,0.5,1.6111111111111112,0.05555555555555555,-0.16666666666666666,0.3888888888888889,-0.4444444444444444,0.3888888888888889,-0.05555555555555555
2,1,0,0,0.6115384615384616,0.2222222222222222,0.5736357736175771,1,0,6,5,4,3,2,1,0,6,1,1,0,0,1,1,1,1,1,0,0,0,1,1,0,0,0,0,0,1,0,0,0,0,0,0,0,0,0,0,0.6748582230623819,0.2726423902894491,0.8784530386740331,0.8232044198895028,0.6611418047882136,0.5469613259668509,-0.10164131907845204,0.1288232563866971,1.1859317426187115,-0.22605042808299816,0.16666666666666666,0.9444444444444444,2.1666666666666665,0.5,1.6111111111111112,0.05555555555555555,-0.16666666666666666,0.3333333333333333,-0.3888888888888889,0.3888888888888889
3,1,0,0,0.65,0.1111111111111111,0.8347699586805826,2,1,0,6,5,4,3,2,1,0,1,1,1,0,0,1,1,1,1,1,0,0,0,1,1,0,0,0,0,0,0,0,0,0,0,0,0,0,0,0,0.5916824196597353,0.6610644257703081,0.26335174953959484,0.8784530386740331,0.8232044198895028,0.6611418047882136,0.5496160216834814,-0.11366757916473273,0.14019001430317038,1.179229733166307,0.2777777777777778,0.16666666666666666,0.9444444444444444,2.1666666666666665,0.5,1.6111111111111112,0.05555555555555555,-0.2222222222222222,0.3888888888888889,-0.3888888888888889
4,1,0,0,-0.007692307692307693,0.4444444444444444,-0.0425023866767665,3,2,1,0,6,5,4,3,2,1,1,1,1,1,0,0,1,1,1,1,0,0,0,0,1,1,0,0,0,0,0,0,0,0,0,0,0,0,0,0,0.6294896030245747,0.5788982259570495,0.6464088397790055,0.26335174953959484,0.8784530386740331,0.8232044198895028,0.6663153139587412,0.541815460685226,-0.10230082124825945,0.13939776398451553,0.16666666666666666,0.2777777777777778,0.16666666666666666,0.9444444444444444,2.1666666666666665,0.5,1.6111111111111112,0.0,-0.16666666666666666,0.3888888888888889
5,0,1,0,1.1076923076923078,2.7777777777777777,1.6298593540325974,4,3,2,1,0,6,5,4,3,2,1,1,1,1,1,0,0,1,1,1,0,0,0,0,0,1,1,0,0,0,0,0,0,0,0,0,0,0,0,0,-0.017013232514177693,0.6162464985994398,0.565377532228361,0.6464088397790055,0.26335174953959484,0.8784530386740331,0.831953019123626,0.6592719591554499,0.5531822186016994,-0.10172269263734918,0.5,0.16666666666666666,0.2777777777777778,0.16666666666666666,0.9444444444444444,2.1666666666666665,0.5,1.5555555555555556,0.05555555555555555,-0.16666666666666666
6,0,1,0,0.29615384615384616,0.3333333333333333,0.5229933176288356,5,4,3,2,1,0,6,5,4,3,0,1,1,1,1,1,0,0,1,1,1,0,0,0,0,0,1,1,0,0,0,0,0,0,0,0,0,0,0,0,1.0793950850661627,-0.022408963585434174,0.6022099447513812,0.565377532228361,0.6464088397790055,0.26335174953959484,0.8884204186116549,0.8259844085970579,0.6706387170719231,0.5500560416686289,2.8333333333333335,0.5,0.16666666666666666,0.2777777777777778,0.16666666666666666,0.9444444444444444,2.1666666666666665,0.4444444444444444,1.6111111111111112,0.05555555555555555
0,1,0,0,0.6653846153846154,0.1111111111111111,1.123202577821366,6,5,4,3,2,1,0,6,5,4,0,0,1,1,1,1,1,0,0,1,1,1,0,0,0,0,0,1,1,0,0,0,0,0,0,0,0,0,0,0,0.28166351606805295,1.0606909430438842,-0.027624309392265192,0.6022099447513812,0.565377532228361,0.6464088397790055,0.259750037644933,0.8828181981794242,0.8373511665135311,0.6668487628448446,0.3888888888888889,2.8333333333333335,0.5,0.16666666666666666,0.2777777777777778,0.16666666666666666,0.9444444444444444,2.111111111111111,0.5,1.6111111111111112
1,1,0,0,0.45,-0.4444444444444444,-0.01224355063033036,0,6,5,4,3,2,1,0,6,5,1,0,0,1,1,1,1,1,0,0,0,1,1,0,0,0,0,0,1,1,0,0,0,0,0,0,0,0,0,0,0.6446124763705104,0.2726423902894491,1.0405156537753222,-0.027624309392265192,0.6022099447513812,0.565377532228361,0.6512573407619334,0.250068674162412,0.8941849560958975,0.8326190767723766,0.16666666666666666,0.3888888888888889,2.8333333333333335,0.5,0.16666666666666666,0.2777777777777778,0.16666666666666666,0.8888888888888888,2.1666666666666665,0.5
2,1,0,0,0.7384615384615385,0.3333333333333333,0.7977803460871533,1,0,6,5,4,3,2,1,0,6,1,1,0,0,1,1,1,1,1,0,0,0,1,1,0,0,0,0,0,1,0,0,0,0,0,0,0,0,0,0,0.43289224952741023,0.6311858076563959,0.26335174953959484,1.0405156537753222,-0.027624309392265192,0.6022099447513812,0.568438488179491,0.6441162819334855,0.2614354320788853,0.8891316837931261,-0.3888888888888889,0.16666666666666666,0.3888888888888889,2.8333333333333335,0.5,0.16666666666666666,0.2777777777777778,0.1111111111111111,0.9444444444444444,2.1666666666666665
3,1,0,0,0.6115384615384616,-0.2222222222222222,0.26090319911011806,2,1,0,6,5,4,3,2,1,0,1,1,1,0,0,1,1,1,1,1,0,0,0,1,1,0,0,0,0,0,0,0,0,0,0,0,0,0,0,0,0.7164461247637051,0.42203548085901027,0.6169429097605893,0.26335174953959484,1.0405156537753222,-0.027624309392265192,0.6060834211715104,0.5607600572126815,0.6554830398499588,0.2599579922954479,0.3888888888888889,-0.3888888888888889,0.16666666666666666,0.3888888888888889,2.8333333333333335,0.5,0.16666666666666666,0.2222222222222222,0.16666666666666666,0.9444444444444444
4,1,0,0,0.3076923076923077,0.2222222222222222,0.3701049652104525,3,2,1,0,6,5,4,3,2,1,1,1,1,1,0,0,1,1,1,1,0,0,0,0,1,1,0,0,0,0,0,0,0,0,0,0,0,0,0,0,0.5916824196597353,0.7021475256769374,0.4106813996316759,0.6169429097605893,0.26335174953959484,1.0405156537753222,-0.03764493299201928,0.5986492502675924,0.5721268151291548,0.6517787343059781,-0.16666666666666666,0.3888888888888889,-0.3888888888888889,0.16666666666666666,0.3888888888888889,2.8333333333333335,0.5,0.1111111111111111,0.2777777777777778,0.16666666666666666
5,0,1,0,0.2423076923076923,0.7777777777777778,0.4056196868414581,4,3,2,1,0,6,5,4,3,2,1,1,1,1,1,0,0,1,1,1,0,0,0,0,0,1,1,0,0,0,0,0,0,0,0,0,0,0,0,0,0.29300567107750475,0.5788982259570495,0.6869244935543278,0.4106813996316759,0.6169429097605893,0.26335174953959484,1.0540581237765396,-0.04925595097138419,0.6100160081840657,0.568893577342212,0.2777777777777778,-0.16666666666666666,0.3888888888888889,-0.3888888888888889,0.16666666666666666,0.3888888888888889,2.8333333333333335,0.4444444444444444,0.16666666666666666,0.2777777777777778
6,0,1,0,0.05,0.1111111111111111,0.1954096479536422,5,4,3,2,1,0,6,5,4,3,0,1,1,1,1,1,0,0,1,1,1,0,0,0,0,0,1,1,0,0,0,0,0,0,0,0,0,0,0,0,0.22873345935727787,0.2838468720821662,0.565377532228361,0.6869244935543278,0.4106813996316759,0.6169429097605893,0.259750037644933,1.0495306476210322,-0.03788919305491091,0.6065686486893784,0.8333333333333334,0.2777777777777778,-0.16666666666666666,0.3888888888888889,-0.3888888888888889,0.16666666666666666,0.3888888888888889,2.7777777777777777,0.5,0.16666666666666666
0,1,0,0,0.08076923076923077,-0.7777777777777778,0.12068520652180775,6,5,4,3,2,1,0,6,5,4,0,0,1,1,1,1,1,0,0,1,1,1,0,0,0,0,0,1,1,0,0,0,0,0,0,0,0,0,0,0,0.03969754253308128,0.2203548085901027,0.27440147329650094,0.565377532228361,0.6869244935543278,0.4106813996316759,0.6211413943683181,0.250068674162412,1.0608974055375056,-0.03767507134716636,0.16666666666666666,0.8333333333333334,0.2777777777777778,-0.16666666666666666,0.3888888888888889,-0.3888888888888889,0.16666666666666666,0.3333333333333333,2.8333333333333335,0.5
1,1,0,0,-0.23461538461538461,0.2222222222222222,-0.00394644713395615,0,6,5,4,3,2,1,0,6,5,1,0,0,1,1,1,1,1,0,0,0,1,1,0,0,0,0,0,1,1,0,0,0,0,0,0,0,0,0,0,0.06994328922495274,0.03361344537815126,0.21178637200736647,0.27440147329650094,0.565377532228361,0.6869244935543278,0.4103297696130101,0.6138049274895567,0.2614354320788853,1.0549019977206582,-0.7222222222222222,0.16666666666666666,0.8333333333333334,0.2777777777777778,-0.16666666666666666,0.3888888888888889,-0.3888888888888889,0.1111111111111111,0.3888888888888889,2.8333333333333335
2,1,0,0,-0.11538461538461539,0.4444444444444444,-0.14607656565914937,1,0,6,5,4,3,2,1,0,6,1,1,0,0,1,1,1,1,1,0,0,0,1,1,0,0,0,0,0,1,0,0,0,0,0,0,0,0,0,0,-0.24007561436672967,0.06349206349206349,0.027624309392265192,0.21178637200736647,0.27440147329650094,0.565377532228361,0.6926667670531547,0.40162544638205566,0.6251716854060301,0.2599579922954479,0.2777777777777778,-0.7222222222222222,0.16666666666666666,0.8333333333333334,0.2777777777777778,-0.16666666666666666,0.3888888888888889,-0.4444444444444444,0.16666666666666666,0.3888888888888889
3,1,0,0,0.08461538461538462,1.2222222222222223,0.2351683722144038,2,1,0,6,5,4,3,2,1,0,1,1,1,0,0,1,1,1,1,1,0,0,0,1,1,0,0,0,0,0,0,0,0,0,0,0,0,0,0,0,-0.12287334593572778,-0.24276377217553688,0.0570902394106814,0.027624309392265192,0.21178637200736647,0.27440147329650094,0.568438488179491,0.6857943942938876,0.41299220429852895,0.621638677228245,0.5,0.2777777777777778,-0.7222222222222222,0.16666666666666666,0.8333333333333334,0.2777777777777778,-0.16666666666666666,0.3333333333333333,-0.3888888888888889,0.16666666666666666
4,1,0,0,-0.019230769230769232,0.0,0.45208885415069683,3,2,1,0,6,5,4,3,2,1,1,1,1,1,0,0,1,1,1,1,0,0,0,0,1,1,0,0,0,0,0,0,0,0,0,0,0,0,0,0,0.07372400756143667,-0.12698412698412698,-0.24493554327808473,0.0570902394106814,0.027624309392265192,0.21178637200736647,0.2710435175425388,0.5607600572126815,0.6971611522103608,0.41065827768411334,1.2777777777777777,0.5,0.2777777777777778,-0.7222222222222222,0.16666666666666666,0.8333333333333334,0.2777777777777778,-0.2222222222222222,0.3888888888888889,-0.3888888888888889
5,0,1,0,-0.08076923076923077,0.6666666666666666,0.02753589566713545,4,3,2,1,0,6,5,4,3,2,1,1,1,1,1,0,0,1,1,1,0,0,0,0,0,1,1,0,0,0,0,0,0,0,0,0,0,0,0,0,-0.02835538752362949,0.06722689075630252,-0.13075506445672191,-0.24493554327808473,0.0570902394106814,0.027624309392265192,0.207047131456106,0.2614354320788853,0.5721268151291548,0.693221312787861,0.05555555555555555,1.2777777777777777,0.5,0.2777777777777778,-0.7222222222222222,0.16666666666666666,0.8333333333333334,0.2222222222222222,-0.16666666666666666,0.3888888888888889
6,0,1,0,0.19615384615384615,0.8888888888888888,0.42933851859130945,5,4,3,2,1,0,6,5,4,3,0,1,1,1,1,1,0,0,1,1,1,0,0,0,0,0,1,1,0,0,0,0,0,0,0,0,0,0,0,0,-0.0888468809073724,-0.03361344537815126,0.06077348066298342,-0.13075506445672191,-0.24493554327808473,0.0570902394106814,0.01882246649600964,0.19702380388553675,0.27280218999535855,0.568893577342212,0.7222222222222222,0.05555555555555555,1.2777777777777777,0.5,0.2777777777777778,-0.7222222222222222,0.16666666666666666,0.7777777777777778,0.2777777777777778,-0.16666666666666666
0,0,0,1,0.026923076923076925,1.0,0.721666751119759,6,5,4,3,2,1,0,6,5,4,0,0,1,1,1,1,1,0,0,1,1,1,0,0,0,0,0,1,1,0,0,0,0,0,0,0,0,0,0,0,0.1833648393194707,-0.09337068160597572,-0.03867403314917127,0.06077348066298342,-0.13075506445672191,-0.24493554327808473,0.04893841288962506,0.007577838610982182,0.20839056180201002,0.2712605136995978,0.9444444444444444,0.7222222222222222,0.05555555555555555,1.2777777777777777,0.5,0.2777777777777778,-0.7222222222222222,0.1111111111111111,0.8333333333333334,0.2777777777777778
1,1,0,0,-1.0884615384615384,-1.0,-0.9220401686968057,0,6,5,4,3,2,1,0,6,5,0,0,0,1,1,1,1,1,0,0,0,1,1,0,0,0,0,0,1,1,1,0,0,0,0,0,0,0,0,0,0.017013232514177693,0.17553688141923435,-0.09760589318600368,-0.03867403314917127,0.06077348066298342,-0.13075506445672191,-0.259750037644933,0.03788919305491091,0.018944596527455455,0.20721289240941498,1.0555555555555556,0.9444444444444444,0.7222222222222222,0.05555555555555555,1.2777777777777777,0.5,0.2777777777777778,-0.7777777777777778,0.16666666666666666,0.8333333333333334
2,1,0,0,-0.6153846153846154,0.1111111111111111,-0.49644281956335107,1,0,6,5,4,3,2,1,0,6,1,0,0,0,1,1,1,1,1,0,0,0,1,1,0,0,0,0,0,1,0,1,0,0,0,0,0,0,0,0,-1.0793950850661627,0.011204481792717087,0.16758747697974216,-0.09760589318600368,-0.03867403314917127,0.06077348066298342,-0.14305074536967324,-0.27280218999535855,0.04925595097138419,0.01883753567358318,-0.9444444444444444,1.0555555555555556,0.9444444444444444,0.7222222222222222,0.05555555555555555,1.2777777777777777,0.5,0.2222222222222222,-0.7222222222222222,0.16666666666666666
3,1,0,0,0.11153846153846154,0.1111111111111111,0.5727158447006386,2,1,0,6,5,4,3,2,1,0,1,1,0,0,0,1,1,1,1,1,0,0,0,1,1,0,0,0,0,0,0,0,1,0,0,0,0,0,0,0,-0.6143667296786389,-1.0718954248366013,0.0055248618784530384,0.16758747697974216,-0.09760589318600368,-0.03867403314917127,0.05270290618882699,-0.15534569152513475,-0.2614354320788853,0.04897759275131627,0.16666666666666666,-0.9444444444444444,1.0555555555555556,0.9444444444444444,0.7222222222222222,0.05555555555555555,1.2777777777777777,0.4444444444444444,0.2777777777777778,-0.7222222222222222
4,1,0,0,0.4269230769230769,-0.4444444444444444,0.1008434678393181,3,2,1,0,6,5,4,3,2,1,1,1,1,0,0,0,1,1,1,1,0,0,0,0,1,1,0,0,0,0,0,0,0,1,0,0,0,0,0,0,0.1001890359168242,-0.6125116713352008,-1.0626151012891345,0.0055248618784530384,0.16758747697974216,-0.09760589318600368,-0.04893841288962506,0.041678112360402,-0.14397893360866146,-0.2599579922954479,0.16666666666666666,0.16666666666666666,-0.9444444444444444,1.0555555555555556,0.9444444444444444,0.7222222222222222,0.05555555555555555,1.2222222222222223,0.5,0.2777777777777778
5,0,1,0,-0.27692307692307694,0.0,-0.09763841632482051,4,3,2,1,0,6,5,4,3,2,1,1,1,1,0,0,0,1,1,1,0,0,0,0,0,1,1,0,0,0,0,0,0,0,1,0,0,0,0,0,0.4102079395085066,0.09337068160597572,-0.6095764272559853,-1.0626151012891345,0.0055248618784530384,0.16758747697974216,-0.1091703056768559,-0.06062270888785746,0.053044870276875274,-0.1431652711192322,-0.3888888888888889,0.16666666666666666,0.16666666666666666,-0.9444444444444444,1.0555555555555556,0.9444444444444444,0.7222222222222222,0.0,1.2777777777777777,0.5
6,0,1,0,-0.27692307692307694,0.0,0.04067276034851228,5,4,3,2,1,0,6,5,4,3,0,1,1,1,1,0,0,0,1,1,1,0,0,0,0,0,1,1,0,0,0,0,0,0,0,1,0,0,0,0,-0.28166351606805295,0.3996265172735761,0.0865561694290976,-0.6095764272559853,-1.0626151012891345,0.0055248618784530384,0.16187321186568288,-0.12124541777571492,-0.04925595097138419,0.05274509988603291,0.05555555555555555,-0.3888888888888889,0.16666666666666666,0.16666666666666666,-0.9444444444444444,1.0555555555555556,0.9444444444444444,0.6666666666666666,0.05555555555555555,1.2777777777777777
0,1,0,0,-0.15,-0.5555555555555556,-0.05914231166299363,6,5,4,3,2,1,0,6,5,4,0,0,1,1,1,1,0,0,0,1,1,1,0,0,0,0,0,1,1,0,0,0,0,0,0,0,1,0,0,0,-0.28166351606805295,-0.2838468720821662,0.3885819521178637,0.0865561694290976,-0.6095764272559853,-1.0626151012891345,-0.003764493299201928,0.15155677221964364,-0.10987865985924164,-0.04897759275131627,0.05555555555555555,0.05555555555555555,-0.3888888888888889,0.16666666666666666,0.16666666666666666,-0.9444444444444444,1.0555555555555556,0.8888888888888888,0.7222222222222222,0.05555555555555555
1,1,0,0,0.29615384615384616,0.1111111111111111,0.24789351592901343,0,6,5,4,3,2,1,0,6,5,1,0,0,1,1,1,1,0,0,0,0,1,1,0,0,0,0,0,1,1,0,0,0,0,0,0,0,1,0,0,-0.15689981096408318,-0.2838468720821662,-0.285451197053407,0.3885819521178637,0.0865561694290976,-0.6095764272559853,-1.0954675500677609,-0.015155677221964365,0.16292353013611693,-0.10925770690678245,-0.5,0.05555555555555555,0.05555555555555555,-0.3888888888888889,0.16666666666666666,0.16666666666666666,-0.9444444444444444,1.0,0.9444444444444444,0.7222222222222222
2,1,0,0,-0.09615384615384616,-0.2222222222222222,-0.17902693524800636,1,0,6,5,4,3,2,1,0,6,1,1,0,0,1,1,1,1,0,0,0,0,1,1,0,0,0,0,0,1,0,0,0,0,0,0,0,0,1,0,0.28166351606805295,-0.16059757236227826,-0.285451197053407,-0.285451197053407,0.3885819521178637,0.0865561694290976,-0.6324348742659238,-1.1139422758143809,-0.003788919305491091,0.16200280679281537,0.16666666666666666,-0.5,0.05555555555555555,0.05555555555555555,-0.3888888888888889,0.16666666666666666,0.16666666666666666,-1.0,1.0555555555555556,0.9444444444444444
3,1,0,0,1.3153846153846154,-0.4444444444444444,0.5842558174284956,2,1,0,6,5,4,3,2,1,0,1,1,1,0,0,1,1,1,1,0,0,0,0,1,1,0,0,0,0,0,0,0,0,0,0,0,0,0,0,1,-0.10396975425330812,0.2726423902894491,-0.16390423572744015,-0.285451197053407,-0.285451197053407,0.3885819521178637,0.07905435928324048,-0.6479052012389765,-1.1025755178979075,-0.003767507134716636,-0.16666666666666666,0.16666666666666666,-0.5,0.05555555555555555,0.05555555555555555,-0.3888888888888889,0.16666666666666666,0.1111111111111111,-0.9444444444444444,1.0555555555555556
4,1,0,0,0.5423076923076923,0.1111111111111111,0.6197211947095993,3,2,1,0,6,5,4,3,2,1,1,1,1,1,0,0,1,1,1,1,0,0,0,0,1,1,0,0,0,0,0,0,0,0,0,0,0,0,0,0,1.283553875236295,-0.10830999066293184,0.26335174953959484,-0.16390423572744015,-0.285451197053407,-0.285451197053407,0.3877428098177985,0.06820054749883964,-0.6365384433225033,-1.0963445762025412,-0.3888888888888889,-0.16666666666666666,0.16666666666666666,-0.5,0.05555555555555555,0.05555555555555555,-0.3888888888888889,0.1111111111111111,0.16666666666666666,-0.9444444444444444
5,0,1,0,0.4461538461538462,-0.1111111111111111,0.33358237551924486,4,3,2,1,0,6,5,4,3,2,1,1,1,1,1,0,0,1,1,1,0,0,0,0,0,1,1,0,0,0,0,0,0,0,0,0,0,0,0,0,0.5236294896030246,1.2623716153127917,-0.11233885819521179,0.26335174953959484,-0.16390423572744015,-0.285451197053407,-0.3011594639361542,0.37889193054910913,0.07956730541531291,-0.6329411986323948,0.16666666666666666,-0.3888888888888889,-0.16666666666666666,0.16666666666666666,-0.5,0.05555555555555555,0.05555555555555555,-0.4444444444444444,0.16666666666666666,0.16666666666666666
6,0,1,0,0.6923076923076923,0.4444444444444444,0.8031350498842561,5,4,3,2,1,0,6,5,4,3,0,1,1,1,1,1,0,0,1,1,1,0,0,0,0,0,1,1,0,0,0,0,0,0,0,0,0,0,0,0,0.42911153119092627,0.5116713352007469,1.2394106813996317,-0.11233885819521179,0.26335174953959484,-0.16390423572744015,-0.3011594639361542,-0.3144803023557606,0.39025868846558237,0.07911764982904936,-0.05555555555555555,0.16666666666666666,-0.3888888888888889,-0.16666666666666666,0.16666666666666666,-0.5,0.05555555555555555,0.0,-0.3888888888888889,0.16666666666666666
0,1,0,0,-0.1423076923076923,0.4444444444444444,0.049654856670690736,6,5,4,3,2,1,0,6,5,4,0,0,1,1,1,1,1,0,0,1,1,1,0,0,0,0,0,1,1,0,0,0,0,0,0,0,0,0,0,0,0.6710775047258979,0.41830065359477125,0.4990791896869245,1.2394106813996317,-0.11233885819521179,0.26335174953959484,-0.1769311850624906,-0.3144803023557606,-0.3031135444392873,0.38805323487581356,0.5,-0.05555555555555555,0.16666666666666666,-0.3888888888888889,-0.16666666666666666,0.16666666666666666,-0.5,0.0,0.05555555555555555,-0.3888888888888889
1,1,0,0,0.8423076923076923,0.2222222222222222,0.9958832760050633,0,6,5,4,3,2,1,0,6,5,1,0,0,1,1,1,1,1,0,0,0,1,1,0,0,0,0,0,1,1,0,0,0,0,0,0,0,0,0,0,-0.14933837429111532,0.6573295985060691,0.40699815837937386,0.4990791896869245,1.2394106813996317,-0.11233885819521179,0.259750037644933,-0.18944596527455457,-0.3031135444392873,-0.3014005707773309,0.5,0.5,-0.05555555555555555,0.16666666666666666,-0.3888888888888889,-0.16666666666666666,0.16666666666666666,-0.5555555555555556,0.05555555555555555,0.05555555555555555
2,1,0,0,0.7115384615384616,0.0,0.961606178016218,1,0,6,5,4,3,2,1,0,6,1,1,0,0,1,1,1,1,1,0,0,0,1,1,0,0,0,0,0,1,0,0,0,0,0,0,0,0,0,0,0.8185255198487713,-0.1531279178338002,0.6427255985267035,0.40699815837937386,0.4990791896869245,1.2394106813996317,-0.12422827887366361,0.250068674162412,-0.17807920735808128,-0.3014005707773309,0.2777777777777778,0.5,0.5,-0.05555555555555555,0.16666666666666666,-0.3888888888888889,-0.16666666666666666,0.1111111111111111,-0.5,0.05555555555555555
3,1,0,0,1.0423076923076924,0.5555555555555556,0.6383030335604717,2,1,0,6,5,4,3,2,1,0,1,1,1,0,0,1,1,1,1,1,0,0,0,1,1,0,0,0,0,0,0,0,0,0,0,0,0,0,0,0,0.6899810964083176,0.8029878618113913,-0.15653775322283608,0.6427255985267035,0.40699815837937386,0.4990791896869245,1.2573407619334438,-0.13640109499767927,0.2614354320788853,-0.17707283533168192,0.05555555555555555,0.2777777777777778,0.5,0.5,-0.05555555555555555,0.16666666666666666,-0.3888888888888889,-0.2222222222222222,0.16666666666666666,-0.5
4,1,0,0,1.2115384615384615,1.0,1.24273427921876,3,2,1,0,6,5,4,3,2,1,1,1,1,1,0,0,1,1,1,1,0,0,0,0,1,1,0,0,0,0,0,0,0,0,0,0,0,0,0,0,1.0151228733459357,0.6760037348272643,0.7863720073664825,-0.15653775322283608,0.6427255985267035,0.40699815837937386,0.5006776087938564,1.2541322901175511,-0.125034337081206,0.2599579922954479,0.6111111111111112,0.05555555555555555,0.2777777777777778,0.5,0.5,-0.05555555555555555,0.16666666666666666,-0.4444444444444444,-0.16666666666666666,0.16666666666666666
5,0,1,0,0.7153846153846154,2.4444444444444446,0.9423428431832351,4,3,2,1,0,6,5,4,3,2,1,1,1,1,1,0,0,1,1,1,0,0,0,0,0,1,1,0,0,0,0,0,0,0,0,0,0,0,0,0,1.1814744801512287,0.9971988795518207,0.6611418047882136,0.7863720073664825,-0.15653775322283608,0.6427255985267035,0.4065652763138082,0.4925595097138418,1.2654990480340245,-0.124327735445649,1.0555555555555556,0.6111111111111112,0.05555555555555555,0.2777777777777778,0.5,0.5,-0.05555555555555555,0.1111111111111111,-0.3888888888888889,-0.16666666666666666
6,0,1,0,0.9038461538461539,0.5555555555555556,1.4478097859494554,5,4,3,2,1,0,6,5,4,3,0,1,1,1,1,1,0,0,1,1,1,0,0,0,0,0,1,1,0,0,0,0,0,0,0,0,0,0,0,0,0.6937618147448015,1.161531279178338,0.9779005524861878,0.6611418047882136,0.7863720073664825,-0.15653775322283608,0.6474928474627315,0.3978365270765646,0.5039262676303151,1.2583473829953564,2.5,1.0555555555555556,0.6111111111111112,0.05555555555555555,0.2777777777777778,0.5,0.5,-0.1111111111111111,0.16666666666666666,-0.3888888888888889
0,1,0,0,0.5038461538461538,0.5555555555555556,0.7409587082659395,6,5,4,3,2,1,0,6,5,4,0,0,1,1,1,1,1,0,0,1,1,1,0,0,0,0,0,1,1,0,0,0,0,0,0,0,0,0,0,0,0.8790170132325141,0.6797385620915033,1.139963167587477,0.9779005524861878,0.6611418047882136,0.7863720073664825,-0.16940219846408675,0.6403273626279944,0.4092032849930378,0.5010784489173126,0.6111111111111112,2.5,1.0555555555555556,0.6111111111111112,0.05555555555555555,0.2777777777777778,0.5,0.4444444444444444,-0.05555555555555555,0.16666666666666666
1,1,0,0,0.2653846153846154,1.4444444444444444,0.9005753764894571,0,6,5,4,3,2,1,0,6,5,1,0,0,1,1,1,1,1,0,0,0,1,1,0,0,0,0,0,1,1,0,0,0,0,0,0,0,0,0,0,0.48582230623818523,0.8627450980392157,0.6648250460405156,1.139963167587477,0.9779005524861878,0.6611418047882136,0.7943080861316067,-0.18186812666357238,0.6516941205444677,0.4068907705493967,0.6111111111111112,0.6111111111111112,2.5,1.0555555555555556,0.6111111111111112,0.05555555555555555,0.2777777777777778,0.4444444444444444,0.5,-0.05555555555555555
2,1,0,0,-0.15384615384615385,-0.7777777777777778,-0.1837162026414445,1,0,6,5,4,3,2,1,0,6,1,1,0,0,1,1,1,1,1,0,0,0,1,1,0,0,0,0,0,1,0,0,0,0,0,0,0,0,0,0,0.2514177693761815,0.47432306255835666,0.8453038674033149,0.6648250460405156,1.139963167587477,0.9779005524861878,0.6663153139587412,0.788095215542147,-0.1705013687470991,0.6480112271712615,1.5,0.6111111111111112,0.6111111111111112,2.5,1.0555555555555556,0.6111111111111112,0.05555555555555555,0.2222222222222222,0.5,0.5
3,0,0,1,-0.057692307692307696,0.0,0.21304591436715467,2,1,0,6,5,4,3,2,1,0,1,1,1,0,0,1,1,1,1,1,0,0,0,1,1,0,0,0,0,0,0,0,0,0,0,0,0,0,0,0,-0.16068052930056712,0.24276377217553688,0.4622467771639042,0.8453038674033149,0.6648250460405156,1.139963167587477,0.990061737690107,0.6592719591554499,0.7994619734586202,-0.16953782106224863,-0.7222222222222222,1.5,0.6111111111111112,0.6111111111111112,2.5,1.0555555555555556,0.6111111111111112,0.0,0.2777777777777778,0.5
4,0,0,1,0.8,0.7777777777777778,1.150925554626122,3,2,1,0,6,5,4,3,2,1,0,1,1,1,0,0,1,1,1,1,0,0,0,0,1,1,0,0,0,0,1,0,0,0,0,0,0,0,0,0,-0.0661625708884688,-0.16433239962651727,0.23388581952117865,0.4622467771639042,0.8453038674033149,0.6648250460405156,1.1556994428549918,0.9851190194276837,0.6706387170719231,0.7949440054252103,0.05555555555555555,-0.7222222222222222,1.5,0.6111111111111112,0.6111111111111112,2.5,1.0555555555555556,0.5555555555555556,0.05555555555555555,0.2777777777777778
5,0,1,0,0.9769230769230769,0.5555555555555556,1.3401335502887406,4,3,2,1,0,6,5,4,3,2,0,0,1,1,1,0,0,1,1,1,0,0,0,0,0,1,1,0,0,0,1,1,0,0,0,0,0,0,0,0,0.776937618147448,-0.07096171802054155,-0.16758747697974216,0.23388581952117865,0.4622467771639042,0.8453038674033149,0.6700798072579431,1.1518314688692917,0.996485777344157,0.6668487628448446,0.8333333333333334,0.05555555555555555,-0.7222222222222222,1.5,0.6111111111111112,0.6111111111111112,2.5,1.0,0.6111111111111112,0.05555555555555555
6,0,1,0,0.43846153846153846,-0.6666666666666666,1.0668488694914795,5,4,3,2,1,0,6,5,4,3,0,0,0,1,1,1,0,0,1,1,1,0,0,0,0,0,1,1,0,0,0,1,1,0,0,0,0,0,0,0,0.9508506616257089,0.7619047619047619,-0.07550644567219153,-0.16758747697974216,0.23388581952117865,0.4622467771639042,0.8545399789188376,0.663060878460941,1.163198226785765,0.9908543764304754,0.6111111111111112,0.8333333333333334,0.05555555555555555,-0.7222222222222222,1.5,0.6111111111111112,0.6111111111111112,2.4444444444444446,1.0555555555555556,0.6111111111111112
0,1,0,0,0.6923076923076923,0.2222222222222222,0.7195835388673367,6,5,4,3,2,1,0,6,5,4,0,0,0,0,1,1,1,0,0,1,1,1,0,0,0,0,0,1,1,0,0,0,1,1,0,0,0,0,0,0,0.4215500945179584,0.9337068160597572,0.7458563535911602,-0.07550644567219153,-0.16758747697974216,0.23388581952117865,0.4630326758018371,0.8487179244300044,0.6744276363774142,1.1566246903580073,-0.6111111111111112,0.6111111111111112,0.8333333333333334,0.05555555555555555,-0.7222222222222222,1.5,0.6111111111111112,0.5555555555555556,2.5,1.0555555555555556
1,1,0,0,-0.5615384615384615,-0.2222222222222222,-0.44559910079311976,0,6,5,4,3,2,1,0,6,5,1,0,0,0,0,1,1,1,0,0,0,1,1,0,0,0,0,0,1,1,0,0,0,1,1,0,0,0,0,0,0.6710775047258979,0.41083099906629317,0.9152854511970534,0.7458563535911602,-0.07550644567219153,-0.16758747697974216,0.2296340912513176,0.45467031665893093,0.8600846823464777,0.6706162699795613,0.2777777777777778,-0.6111111111111112,0.6111111111111112,0.8333333333333334,0.05555555555555555,-0.7222222222222222,1.5,0.5555555555555556,0.6111111111111112,2.5
2,1,0,0,0.6038461538461538,0.2222222222222222,0.6608061293194316,1,0,6,5,4,3,2,1,0,6,1,1,0,0,0,0,1,1,1,0,0,0,1,1,0,0,0,0,0,1,0,0,0,0,1,1,0,0,0,0,-0.5614366729678639,0.6573295985060691,0.3996316758747698,0.9152854511970534,0.7458563535911602,-0.07550644567219153,-0.18069567836169254,0.21975731971848328,0.4660370745754042,0.8552241195806765,-0.16666666666666666,0.2777777777777778,-0.6111111111111112,0.6111111111111112,0.8333333333333334,0.05555555555555555,-0.7222222222222222,1.4444444444444444,0.6111111111111112,0.6111111111111112
3,1,0,0,0.22692307692307692,0.8888888888888888,0.35880718128657624,2,1,0,6,5,4,3,2,1,0,1,1,1,0,0,0,0,1,1,1,0,0,0,1,1,0,0,0,0,0,0,0,0,0,0,1,1,0,0,0,0.5841209829867675,-0.5602240896358543,0.6427255985267035,0.3996316758747698,0.9152854511970534,0.7458563535911602,-0.08658334588164433,-0.19323488458004565,0.23112407763495657,0.46340337757014627,0.2777777777777778,-0.16666666666666666,0.2777777777777778,-0.6111111111111112,0.6111111111111112,0.8333333333333334,0.05555555555555555,-0.7777777777777778,1.5,0.6111111111111112
4,1,0,0,0.10384615384615385,-0.5555555555555556,-0.14591428620920935,3,2,1,0,6,5,4,3,2,1,1,1,1,1,0,0,0,0,1,1,0,0,0,0,1,1,0,0,0,0,0,0,0,0,0,0,1,1,0,0,0.21361058601134217,0.5714285714285714,-0.5580110497237569,0.6427255985267035,0.3996316758747698,0.9152854511970534,0.7528986598403855,-0.09851190194276838,-0.18186812666357238,0.22981793521771482,0.9444444444444444,0.2777777777777778,-0.16666666666666666,0.2777777777777778,-0.6111111111111112,0.6111111111111112,0.8333333333333334,0.0,-0.7222222222222222,1.5
5,0,1,0,1.0846153846153845,-0.6666666666666666,0.8857334767255103,4,3,2,1,0,6,5,4,3,2,1,1,1,1,1,0,0,0,0,1,0,0,0,0,0,1,1,0,0,0,0,0,0,0,0,0,0,1,1,0,0.09262759924385633,0.20541549953314658,0.5580110497237569,-0.5580110497237569,0.6427255985267035,0.3996316758747698,0.9260653516036742,0.7464171031817449,-0.0871451440262951,-0.18084034246639855,-0.5,0.9444444444444444,0.2777777777777778,-0.16666666666666666,0.2777777777777778,-0.6111111111111112,0.6111111111111112,0.7777777777777778,0.05555555555555555,-0.7222222222222222
6,0,1,0,0.13846153846153847,0.1111111111111111,0.6462209237851585,5,4,3,2,1,0,6,5,4,3,0,1,1,1,1,1,0,0,0,0,1,0,0,0,0,0,1,1,0,0,0,0,0,0,0,0,0,0,1,1,1.056710775047259,0.08590102707749767,0.19705340699815838,0.5580110497237569,-0.5580110497237569,0.6427255985267035,0.39903628971540434,0.9207073912343352,0.7577838610982183,-0.08665266409848263,-0.6111111111111112,-0.5,0.9444444444444444,0.2777777777777778,-0.16666666666666666,0.2777777777777778,-0.6111111111111112,0.5555555555555556,0.8333333333333334,0.05555555555555555
0,1,0,0,0.20384615384615384,-0.2222222222222222,0.443753155860961,6,5,4,3,2,1,0,6,5,4,0,0,1,1,1,1,1,0,0,0,1,1,0,0,0,0,0,1,1,0,0,0,0,0,0,0,0,0,0,1,0.1266540642722117,1.0382819794584501,0.07918968692449356,0.19705340699815838,0.5580110497237569,-0.5580110497237569,0.6474928474627315,0.39025868846558237,0.9320741491508084,0.7535014269433272,0.16666666666666666,-0.6111111111111112,-0.5,0.9444444444444444,0.2777777777777778,-0.16666666666666666,0.2777777777777778,-0.6666666666666666,0.6111111111111112,0.8333333333333334
1,1,0,0,-0.015384615384615385,0.4444444444444444,0.22415629337158707,0,6,5,4,3,2,1,0,6,5,1,0,0,1,1,1,1,1,0,0,0,1,1,0,0,0,0,0,1,1,0,0,0,0,0,0,0,0,0,0,0.19092627599243855,0.11951447245564893,1.01841620626151,0.07918968692449356,0.19705340699815838,0.5580110497237569,-0.5797319680770968,0.6403273626279944,0.40162544638205566,0.9268067551402925,-0.16666666666666666,0.16666666666666666,-0.6111111111111112,-0.5,0.9444444444444444,0.2777777777777778,-0.16666666666666666,0.2222222222222222,-0.6111111111111112,0.6111111111111112
2,1,0,0,-0.3192307692307692,-0.5555555555555556,-0.2561945048072697,1,0,6,5,4,3,2,1,0,6,1,1,0,0,1,1,1,1,1,0,0,0,1,1,0,0,0,0,0,1,0,0,0,0,0,0,0,0,0,0,-0.024574669187145556,0.1830065359477124,0.11233885819521179,1.01841620626151,0.07918968692449356,0.19705340699815838,0.5609095015810872,-0.5948603309621013,0.6516941205444677,0.39935575627996345,0.5,-0.16666666666666666,0.16666666666666666,-0.6111111111111112,-0.5,0.9444444444444444,0.2777777777777778,-0.2222222222222222,0.2777777777777778,-0.6111111111111112
3,0,0,1,1.1423076923076922,0.0,0.9879261434233679,2,1,0,6,5,4,3,2,1,0,1,1,1,0,0,1,1,1,1,1,0,0,0,1,1,0,0,0,0,0,0,0,0,0,0,0,0,0,0,0,-0.32325141776937616,-0.029878618113912233,0.17495395948434622,0.11233885819521179,1.01841620626151,0.07918968692449356,0.1919891582592983,0.5531822186016994,-0.583493573045628,0.6480112271712615,-0.5,0.5,-0.16666666666666666,0.16666666666666666,-0.6111111111111112,-0.5,0.9444444444444444,0.2222222222222222,-0.16666666666666666,0.2777777777777778
4,1,0,0,1.2076923076923076,-0.1111111111111111,0.7128295795417807,3,2,1,0,6,5,4,3,2,1,0,1,1,1,0,0,1,1,1,1,0,0,0,0,1,1,0,0,0,0,1,0,0,0,0,0,0,0,0,0,1.113421550094518,-0.32492997198879553,-0.034990791896869246,0.17495395948434622,0.11233885819521179,1.01841620626151,0.07152537268483662,0.18186812666357238,0.5645489765181726,-0.580196098746362,0.05555555555555555,-0.5,0.5,-0.16666666666666666,0.16666666666666666,-0.6111111111111112,-0.5,0.8888888888888888,0.2777777777777778,-0.16666666666666666
5,0,1,0,-0.5923076923076923,-1.3333333333333333,-0.6918599144989339,4,3,2,1,0,6,5,4,3,2,1,0,1,1,1,0,0,1,1,1,0,0,0,0,0,1,1,0,0,0,0,1,0,0,0,0,0,0,0,0,1.1776937618147447,1.0943043884220356,-0.3259668508287293,-0.034990791896869246,0.17495395948434622,0.11233885819521179,1.031471163981328,0.06062270888785746,0.19323488458004565,0.5613585630727788,-0.05555555555555555,0.05555555555555555,-0.5,0.5,-0.16666666666666666,0.16666666666666666,-0.6111111111111112,-0.5555555555555556,0.9444444444444444,0.2777777777777778
6,0,1,0,-0.9923076923076923,-1.7777777777777777,-0.8537523804034937,5,4,3,2,1,0,6,5,4,3,0,1,0,1,1,1,0,0,1,1,1,0,0,0,0,0,1,1,0,0,0,0,1,0,0,0,0,0,0,0,-0.5916824196597353,1.157796451914099,1.0736648250460405,-0.3259668508287293,-0.034990791896869246,0.17495395948434622,0.10540581237765398,1.0267971317880857,0.07198946680433073,0.19214286387054844,-1.2777777777777777,-0.05555555555555555,0.05555555555555555,-0.5,0.5,-0.16666666666666666,0.16666666666666666,-0.6666666666666666,-0.5,0.9444444444444444
0,1,0,0,0.5461538461538461,-0.6666666666666666,0.3239385986625544,6,5,4,3,2,1,0,6,5,4,0,0,1,0,1,1,1,0,0,1,1,1,0,0,0,0,0,1,1,0,0,0,0,1,0,0,0,0,0,0,-0.9848771266540642,-0.5901027077497666,1.136279926335175,1.0736648250460405,-0.3259668508287293,-0.034990791896869246,0.16940219846408675,0.09472298263727728,1.038163889704559,0.0715826355596161,-1.7222222222222223,-1.2777777777777777,-0.05555555555555555,0.05555555555555555,-0.5,0.5,-0.16666666666666666,0.1111111111111111,-0.6111111111111112,-0.5
1,1,0,0,-0.5615384615384615,0.2222222222222222,-0.39584005113162557,0,6,5,4,3,2,1,0,6,5,1,0,0,1,0,1,1,1,0,0,0,1,1,0,0,0,0,0,1,1,0,0,0,0,1,0,0,0,0,0,0.5274102079395085,-0.9785247432306255,-0.5874769797421732,1.136279926335175,1.0736648250460405,-0.3259668508287293,-0.045173919590423134,0.15913461083062583,0.10608974055375055,1.0322969549123584,-0.6111111111111112,-1.7222222222222223,-1.2777777777777777,-0.05555555555555555,0.05555555555555555,-0.5,0.5,-0.2222222222222222,0.16666666666666666,-0.6111111111111112
2,1,0,0,0.47692307692307695,-0.5555555555555556,0.33673730560746407,1,0,6,5,4,3,2,1,0,6,1,1,0,0,1,0,1,1,1,0,0,0,1,1,0,0,0,0,0,1,0,0,0,0,0,1,0,0,0,0,-0.5614366729678639,0.5154061624649859,-0.9705340699815838,-0.5874769797421732,1.136279926335175,1.0736648250460405,-0.3425688902273754,-0.056833789582366366,0.1705013687470991,0.10549019977206582,0.2777777777777778,-0.6111111111111112,-1.7222222222222223,-1.2777777777777777,-0.05555555555555555,0.05555555555555555,-0.5,0.4444444444444444,-0.16666666666666666,0.16666666666666666
3,1,0,0,-0.026923076923076925,0.0,-0.19051251262951474,2,1,0,6,5,4,3,2,1,0,1,1,1,0,0,1,0,1,1,1,0,0,0,1,1,0,0,0,0,0,0,0,0,0,0,0,1,0,0,0,0.45935727788279773,-0.5602240896358543,0.5027624309392266,-0.9705340699815838,-0.5874769797421732,1.136279926335175,1.087938563469357,-0.35615841471616255,-0.045467031665893096,0.16953782106224863,-0.5,0.2777777777777778,-0.6111111111111112,-1.7222222222222223,-1.2777777777777777,-0.05555555555555555,0.05555555555555555,-0.5555555555555556,0.5,-0.16666666666666666
4,1,0,0,0.0038461538461538464,-0.3333333333333333,0.2555071807523362,3,2,1,0,6,5,4,3,2,1,1,1,1,1,0,0,1,0,1,1,0,0,0,0,1,1,0,0,0,0,0,0,0,0,0,0,0,1,0,0,-0.035916824196597356,0.4481792717086835,-0.5580110497237569,0.5027624309392266,-0.9705340699815838,-0.5874769797421732,1.1519349495557898,1.083630921370452,-0.3447916567996893,-0.045210085616599636,0.05555555555555555,-0.5,0.2777777777777778,-0.6111111111111112,-1.7222222222222223,-1.2777777777777777,-0.05555555555555555,0.0,-0.5,0.5
5,0,1,0,-0.06153846153846154,1.0,-0.05445330329501429,4,3,2,1,0,6,5,4,3,2,1,1,1,1,1,0,0,1,0,1,0,0,0,0,0,1,1,0,0,0,0,0,0,0,0,0,0,0,1,0,-0.005671077504725898,-0.04108309990662932,0.43646408839779005,-0.5580110497237569,0.5027624309392266,-0.9705340699815838,-0.6098479144707123,1.1480425495638007,1.0949976792869254,-0.3428431492592139,-0.2777777777777778,0.05555555555555555,-0.5,0.2777777777777778,-0.6111111111111112,-1.7222222222222223,-1.2777777777777777,-0.1111111111111111,0.05555555555555555,-0.5
6,0,1,0,-0.011538461538461539,1.3333333333333333,0.2959499912497962,5,4,3,2,1,0,6,5,4,3,0,1,1,1,1,1,0,0,1,0,1,0,0,0,0,0,1,1,0,0,0,0,0,0,0,0,0,0,0,1,-0.06994328922495274,-0.011204481792717087,-0.04604051565377532,0.43646408839779005,-0.5580110497237569,0.5027624309392266,-1.0013552175877127,-0.6251716854060301,1.1594093074802738,1.088809561933108,1.0555555555555556,-0.2777777777777778,0.05555555555555555,-0.5,0.2777777777777778,-0.6111111111111112,-1.7222222222222223,-1.3333333333333333,-0.05555555555555555,0.05555555555555555
0,1,0,0,-0.05384615384615385,-0.3333333333333333,0.08663980680586156,6,5,4,3,2,1,0,6,5,4,0,0,1,1,1,1,1,0,0,1,1,1,0,0,0,0,0,1,1,0,0,0,0,0,0,0,0,0,0,0,-0.020793950850661626,-0.07469654528478058,-0.016574585635359115,-0.04604051565377532,0.43646408839779005,-0.5580110497237569,0.5044421020930583,-1.0192192931771036,-0.6138049274895567,1.1528571832232908,1.3888888888888888,1.0555555555555556,-0.2777777777777778,0.05555555555555555,-0.5,0.2777777777777778,-0.6111111111111112,-1.7777777777777777,-1.2777777777777777,-0.05555555555555555
1,1,0,0,-0.28076923076923077,0.7777777777777778,0.02798219653265283,0,6,5,4,3,2,1,0,6,5,1,0,0,1,1,1,1,1,0,0,0,1,1,0,0,0,0,0,1,1,0,0,0,0,0,0,0,0,0,0,-0.062381852551984876,-0.026143790849673203,-0.07918968692449356,-0.016574585635359115,-0.04604051565377532,0.43646408839779005,-0.5797319680770968,0.49634842901933296,-1.0078525352606302,-0.6103361558240951,-0.2777777777777778,1.3888888888888888,1.0555555555555556,-0.2777777777777778,0.05555555555555555,-0.5,0.2777777777777778,-0.6666666666666666,-1.7222222222222223,-1.2777777777777777
2,1,0,0,-0.5423076923076923,-0.4444444444444444,-0.39821039310513084,1,0,6,5,4,3,2,1,0,6,1,1,0,0,1,1,1,1,1,0,0,0,1,1,0,0,0,0,0,1,0,0,0,0,0,0,0,0,0,0,-0.28544423440453687,-0.06722689075630252,-0.03130755064456722,-0.07918968692449356,-0.016574585635359115,-0.04604051565377532,0.4366812227074236,-0.5948603309621013,0.5077151869358062,-1.0021568978346251,0.8333333333333334,-0.2777777777777778,1.3888888888888888,1.0555555555555556,-0.2777777777777778,0.05555555555555555,-0.5,0.2222222222222222,-0.6111111111111112,-1.7222222222222223
3,1,0,0,0.1,-0.8888888888888888,-0.20434097528589532,2,1,0,6,5,4,3,2,1,0,1,1,1,0,0,1,1,1,1,1,0,0,0,1,1,0,0,0,0,0,0,0,0,0,0,0,0,0,0,0,-0.5425330812854442,-0.2875816993464052,-0.0718232044198895,-0.03130755064456722,-0.07918968692449356,-0.016574585635359115,-0.05646739948802892,0.4281478815204933,-0.583493573045628,0.5048459560520293,-0.3888888888888889,0.8333333333333334,-0.2777777777777778,1.3888888888888888,1.0555555555555556,-0.2777777777777778,0.05555555555555555,-0.5555555555555556,0.2777777777777778,-0.6111111111111112
4,1,0,0,1.6423076923076922,-0.4444444444444444,1.2686912204453975,3,2,1,0,6,5,4,3,2,1,1,1,1,1,0,0,1,1,1,1,0,0,0,0,1,1,0,0,0,0,0,0,0,0,0,0,0,0,0,0,0.0888468809073724,-0.5415499533146592,-0.289134438305709,-0.0718232044198895,-0.03130755064456722,-0.07918968692449356,-0.026351453094413495,-0.06820054749883964,0.43951463943696656,-0.580196098746362,-0.8333333333333334,-0.3888888888888889,0.8333333333333334,-0.2777777777777778,1.3888888888888888,1.0555555555555556,-0.2777777777777778,0.0,-0.5,0.2777777777777778
5,0,1,0,0.2692307692307692,-0.6666666666666666,-0.02470681960609027,4,3,2,1,0,6,5,4,3,2,1,1,1,1,1,0,0,1,1,1,0,0,0,0,0,1,1,0,0,0,0,0,0,0,0,0,0,0,0,0,1.6049149338374291,0.08216619981325864,-0.5395948434622467,-0.289134438305709,-0.0718232044198895,-0.03130755064456722,-0.09034783918084627,-0.03788919305491091,-0.056833789582366366,0.4370308276271298,-0.3888888888888889,-0.8333333333333334,-0.3888888888888889,0.8333333333333334,-0.2777777777777778,1.3888888888888888,1.0555555555555556,-0.3333333333333333,0.05555555555555555,-0.5
6,0,1,0,-0.7461538461538462,0.4444444444444444,-0.6479027760891656,5,4,3,2,1,0,6,5,4,3,0,1,1,1,1,1,0,0,1,1,1,0,0,0,0,0,1,1,0,0,0,0,0,0,0,0,0,0,0,0,0.2551984877126654,1.5798319327731092,0.07550644567219153,-0.5395948434622467,-0.289134438305709,-0.0718232044198895,-0.041409426291221206,-0.10230082124825945,-0.026522435138437637,-0.05651260702074954,-0.6111111111111112,-0.3888888888888889,-0.8333333333333334,-0.3888888888888889,0.8333333333333334,-0.2777777777777778,1.3888888888888888,1.0,-0.2777777777777778,0.05555555555555555
0,1,0,0,0.7230769230769231,-0.2222222222222222,0.6344281422095098,6,5,4,3,2,1,0,6,5,4,0,0,1,1,1,1,1,0,0,1,1,1,0,0,0,0,0,1,1,0,0,0,0,0,0,0,0,0,0,0,-0.7429111531190926,0.24649859943977592,1.5524861878453038,0.07550644567219153,-0.5395948434622467,-0.289134438305709,-0.08281885258244241,-0.053044870276875274,-0.09093406333178619,-0.026372549943016455,0.5,-0.6111111111111112,-0.3888888888888889,-0.8333333333333334,-0.3888888888888889,0.8333333333333334,-0.2777777777777778,1.3333333333333333,1.0555555555555556,-0.2777777777777778
1,1,0,0,0.7346153846153847,0.0,0.8161019938646582,0,6,5,4,3,2,1,0,6,5,1,0,0,1,1,1,1,1,0,0,0,1,1,0,0,0,0,0,1,1,0,0,0,0,0,0,0,0,0,0,0.7013232514177694,-0.7394957983193278,0.23756906077348067,1.5524861878453038,0.07550644567219153,-0.5395948434622467,-0.30492395723535615,-0.09472298263727728,-0.041678112360402,-0.09042017123319927,-0.16666666666666666,0.5,-0.6111111111111112,-0.3888888888888889,-0.8333333333333334,-0.3888888888888889,0.8333333333333334,-0.3333333333333333,1.3888888888888888,1.0555555555555556
2,1,0,0,0.1346153846153846,0.2222222222222222,0.11121316354430363,1,0,6,5,4,3,2,1,0,6,1,1,0,0,1,1,1,1,1,0,0,0,1,1,0,0,0,0,0,1,0,0,0,0,0,0,0,0,0,0,0.7126654064272212,0.6872082166199813,-0.7348066298342542,0.23756906077348067,1.5524861878453038,0.07550644567219153,-0.5609095015810872,-0.31826922166125166,-0.083356224720804,-0.041442578481883,0.05555555555555555,-0.16666666666666666,0.5,-0.6111111111111112,-0.3888888888888889,-0.8333333333333334,-0.3888888888888889,0.7777777777777778,-0.2777777777777778,1.3888888888888888
3,1,0,0,1.226923076923077,0.4444444444444444,0.9416660096593832,2,1,0,6,5,4,3,2,1,0,1,1,1,0,0,1,1,1,1,1,0,0,0,1,1,0,0,0,0,0,0,0,0,0,0,0,0,0,0,0,0.12287334593572778,0.6984126984126984,0.6721915285451197,-0.7348066298342542,0.23756906077348067,1.5524861878453038,0.0677608793856347,-0.5759157344346458,-0.30690246374477836,-0.082885156963766,0.2777777777777778,0.05555555555555555,-0.16666666666666666,0.5,-0.6111111111111112,-0.3888888888888889,-0.8333333333333334,-0.4444444444444444,0.8333333333333334,-0.2777777777777778
4,1,0,0,0.5769230769230769,0.3333333333333333,0.7382766291527649,3,2,1,0,6,5,4,3,2,1,1,1,1,1,0,0,1,1,1,1,0,0,0,0,1,1,0,0,0,0,0,0,0,0,0,0,0,0,0,0,1.1965973534971646,0.1157796451914099,0.6832412523020258,0.6721915285451197,-0.7348066298342542,0.23756906077348067,1.5773226923656076,0.056833789582366366,-0.5645489765181726,-0.30516807791204753,0.5,0.2777777777777778,0.05555555555555555,-0.16666666666666666,0.5,-0.6111111111111112,-0.3888888888888889,-0.8888888888888888,-0.3888888888888889,0.8333333333333334
5,0,1,0,0.9307692307692308,0.7777777777777778,0.9265606810038337,4,3,2,1,0,6,5,4,3,2,1,1,1,1,1,0,0,1,1,1,0,0,0,0,0,1,1,0,0,0,0,0,0,0,0,0,0,0,0,0,0.55765595463138,1.1764705882352942,0.10865561694290976,0.6832412523020258,0.6721915285451197,-0.7348066298342542,0.2333985845505195,1.576190431084294,0.06820054749883964,-0.5613585630727788,0.3888888888888889,0.5,0.2777777777777778,0.05555555555555555,-0.16666666666666666,0.5,-0.6111111111111112,-0.4444444444444444,-0.8333333333333334,-0.3888888888888889
6,0,1,0,0.23076923076923078,0.6666666666666666,0.3290175698587615,5,4,3,2,1,0,6,5,4,3,0,1,1,1,1,1,0,0,1,1,1,0,0,0,0,0,1,1,0,0,0,0,0,0,0,0,0,0,0,0,0.9054820415879017,0.5452847805788982,1.1546961325966851,0.10865561694290976,0.6832412523020258,0.6721915285451197,-0.7604276464387894,0.22354623902397439,1.5875571890007671,0.06781512842489945,0.8333333333333334,0.3888888888888889,0.5,0.2777777777777778,0.05555555555555555,-0.16666666666666666,0.5,-0.6666666666666666,-0.3888888888888889,-0.8333333333333334
0,1,0,0,-0.4576923076923077,-0.5555555555555556,-0.73889220315561,6,5,4,3,2,1,0,6,5,4,0,0,1,1,1,1,1,0,0,1,1,1,0,0,0,0,0,1,1,0,0,0,0,0,0,0,0,0,0,0,0.21739130434782608,0.8888888888888888,0.5322283609576427,1.1546961325966851,0.10865561694290976,0.6832412523020258,0.677608793856347,-0.7767284576256737,0.23491299694044765,1.5785854894462705,0.7222222222222222,0.8333333333333334,0.3888888888888889,0.5,0.2777777777777778,0.05555555555555555,-0.16666666666666666,0.4444444444444444,-0.6111111111111112,-0.3888888888888889
1,1,0,0,-0.2423076923076923,0.2222222222222222,-0.24079064931044994,0,6,5,4,3,2,1,0,6,5,1,0,0,1,1,1,1,1,0,0,0,1,1,0,0,0,0,0,1,1,0,0,0,0,0,0,0,0,0,0,-0.45935727788279773,0.20915032679738563,0.8710865561694291,0.5322283609576427,1.1546961325966851,0.10865561694290976,0.6889022737539527,0.6706387170719231,-0.7653616997092004,0.23358544235243145,-0.5,0.7222222222222222,0.8333333333333334,0.3888888888888889,0.5,0.2777777777777778,0.05555555555555555,-0.2222222222222222,0.5,-0.6111111111111112
2,1,0,0,0.27307692307692305,-0.3333333333333333,0.5604055302583018,1,0,6,5,4,3,2,1,0,6,1,1,0,0,1,1,1,1,1,0,0,0,1,1,0,0,0,0,0,1,0,0,0,0,0,0,0,0,0,0,-0.24763705103969755,-0.45938375350140054,0.2007366482504604,0.8710865561694291,0.5322283609576427,1.1546961325966851,0.10164131907845204,0.6820054749883964,0.6820054749883964,-0.7610364412127605,0.2777777777777778,-0.5,0.7222222222222222,0.8333333333333334,0.3888888888888889,0.5,0.2777777777777778,0.0,-0.16666666666666666,0.5
3,1,0,0,0.48846153846153845,-0.1111111111111111,0.6139029648539688,2,1,0,6,5,4,3,2,1,0,1,1,1,0,0,1,1,1,1,1,0,0,0,1,1,0,0,0,0,0,0,0,0,0,0,0,0,0,0,0,0.2589792060491493,-0.25023342670401494,-0.4585635359116022,0.2007366482504604,0.8710865561694291,0.5322283609576427,1.1707574160517995,0.09093406333178619,0.6933722329048697,0.6781512842489945,-0.2777777777777778,0.2777777777777778,-0.5,0.7222222222222222,0.8333333333333334,0.3888888888888889,0.5,0.2222222222222222,0.05555555555555555,-0.16666666666666666
4,1,0,0,2.25,1.0,1.8501362878640581,3,2,1,0,6,5,4,3,2,1,1,1,1,1,0,0,1,1,1,1,0,0,0,0,1,1,0,0,0,0,0,0,0,0,0,0,0,0,0,0,0.4706994328922495,0.25023342670401494,-0.2523020257826888,-0.4585635359116022,0.2007366482504604,0.8710865561694291,0.5345580484866738,1.166987146091256,0.10230082124825945,0.6894538056531444,-0.05555555555555555,-0.2777777777777778,0.2777777777777778,-0.5,0.7222222222222222,0.8333333333333334,0.3888888888888889,0.4444444444444444,0.2777777777777778,0.05555555555555555
5,0,1,0,0.8615384615384616,2.2222222222222223,1.0245208717048522,4,3,2,1,0,6,5,4,3,2,1,1,1,1,1,0,0,1,1,1,0,0,0,0,0,1,1,0,0,0,0,0,0,0,0,0,0,0,0,0,2.2022684310018903,0.45938375350140054,0.24125230202578268,-0.2523020257826888,-0.4585635359116022,0.2007366482504604,0.880891432013251,0.5266597834632617,1.1783539040077293,0.10172269263734918,1.0555555555555556,-0.05555555555555555,-0.2777777777777778,0.2777777777777778,-0.5,0.7222222222222222,0.8333333333333334,0.3333333333333333,0.5,0.2777777777777778
6,0,1,0,0.9769230769230769,-0.2222222222222222,0.2698935842469782,5,4,3,2,1,0,6,5,4,3,0,1,1,1,1,1,0,0,1,1,1,0,0,0,0,0,1,1,0,0,0,0,0,0,0,0,0,0,0,0,0.8374291115311909,2.1699346405228757,0.44751381215469616,0.24125230202578268,-0.2523020257826888,-0.4585635359116022,0.19575365155850025,0.875240359568442,0.5380265413797349,1.1716947188968738,2.2777777777777777,1.0555555555555556,-0.05555555555555555,-0.2777777777777778,0.2777777777777778,-0.5,0.7222222222222222,0.7777777777777778,0.3888888888888889,0.5
0,0,0,1,0.6346153846153846,0.6666666666666666,0.23548788011783717,6,5,4,3,2,1,0,6,5,4,0,0,1,1,1,1,1,0,0,1,1,1,0,0,0,0,0,1,1,0,0,0,0,0,0,0,0,0,0,0,0.9508506616257089,0.8216619981325863,2.134438305709024,0.44751381215469616,0.24125230202578268,-0.2523020257826888,-0.4780906489986448,0.18565704596906346,0.8866071174849154,0.5349860131297624,-0.16666666666666666,2.2777777777777777,1.0555555555555556,-0.05555555555555555,-0.2777777777777778,0.2777777777777778,-0.5,0.6666666666666666,0.8333333333333334,0.3888888888888889
1,1,0,0,-0.2653846153846154,1.3333333333333333,-0.36431989061354875,0,6,5,4,3,2,1,0,6,5,0,0,0,1,1,1,1,1,0,0,0,1,1,0,0,0,0,0,1,1,1,0,0,0,0,0,0,0,0,0,0.6143667296786389,0.9337068160597572,0.8047882136279927,2.134438305709024,0.44751381215469616,0.24125230202578268,-0.2672790242433369,-0.4925595097138418,0.19702380388553675,0.8815966695236929,0.7222222222222222,-0.16666666666666666,2.2777777777777777,1.0555555555555556,-0.05555555555555555,-0.2777777777777778,0.2777777777777778,-0.5555555555555556,0.7222222222222222,0.8333333333333334
2,1,0,0,0.25769230769230766,0.4444444444444444,0.20628858771063424,1,0,6,5,4,3,2,1,0,6,1,0,0,0,1,1,1,1,1,0,0,0,1,1,0,0,0,0,0,1,0,1,0,0,0,0,0,0,0,0,-0.27032136105860116,0.6013071895424836,0.9152854511970534,0.8047882136279927,2.134438305709024,0.44751381215469616,0.23716307784972143,-0.28038002860634076,-0.4811927517973686,0.1959103710052651,1.3888888888888888,0.7222222222222222,-0.16666666666666666,2.2777777777777777,1.0555555555555556,-0.05555555555555555,-0.2777777777777778,0.2222222222222222,-0.5,0.7222222222222222
3,1,0,0,-0.2,0.5555555555555556,-0.2421506624818945,2,1,0,6,5,4,3,2,1,0,1,1,0,0,0,1,1,1,1,1,0,0,0,1,1,0,0,0,0,0,0,0,1,0,0,0,0,0,0,0,0.2438563327032136,-0.2726423902894491,0.5874769797421732,0.9152854511970534,0.8047882136279927,2.134438305709024,0.44797470260502936,0.22733515832946546,-0.26901327068986747,-0.4784734061090128,0.5,1.3888888888888888,0.7222222222222222,-0.16666666666666666,2.2777777777777777,1.0555555555555556,-0.05555555555555555,-0.3333333333333333,0.2777777777777778,-0.5
4,1,0,0,0.08076923076923077,-0.1111111111111111,0.12085978968104091,3,2,1,0,6,5,4,3,2,1,1,1,1,0,0,0,1,1,1,1,0,0,0,0,1,1,0,0,0,0,0,0,0,1,0,0,0,0,0,0,-0.2060491493383743,0.23529411764705882,-0.27440147329650094,0.5874769797421732,0.9152854511970534,0.8047882136279927,2.1721126336395122,0.43951463943696656,0.23870191624593876,-0.2674930065648812,0.6111111111111112,0.5,1.3888888888888888,0.7222222222222222,-0.16666666666666666,2.2777777777777777,1.0555555555555556,-0.1111111111111111,-0.2777777777777778,0.2777777777777778
5,0,1,0,2.8884615384615384,3.6666666666666665,4.177095511914443,4,3,2,1,0,6,5,4,3,2,1,1,1,1,0,0,0,1,1,1,0,0,0,0,0,1,1,0,0,0,0,0,0,0,1,0,0,0,0,0,0.06994328922495274,-0.20915032679738563,0.2265193370165746,-0.27440147329650094,0.5874769797421732,0.9152854511970534,0.8131305526276164,2.1748396813518864,0.45088139735343985,0.23735294948714808,-0.05555555555555555,0.6111111111111112,0.5,1.3888888888888888,0.7222222222222222,-0.16666666666666666,2.2777777777777777,1.0,-0.05555555555555555,-0.2777777777777778
6,0,1,0,-0.015384615384615385,1.1111111111111112,0.5242647440933697,5,4,3,2,1,0,6,5,4,3,0,1,1,1,1,0,0,0,1,1,1,0,0,0,0,0,1,1,0,0,0,0,0,0,0,1,0,0,0,0,2.829867674858223,0.06349206349206349,-0.21178637200736647,0.2265193370165746,-0.27440147329650094,0.5874769797421732,0.9260653516036742,0.8070398120696024,2.18620643926836,0.4483333490312797,3.7222222222222223,-0.05555555555555555,0.6111111111111112,0.5,1.3888888888888888,0.7222222222222222,-0.16666666666666666,2.2222222222222223,1.0555555555555556,-0.05555555555555555
0,1,0,0,0.18461538461538463,0.6666666666666666,-0.23879900255771452,6,5,4,3,2,1,0,6,5,4,0,0,1,1,1,1,0,0,0,1,1,1,0,0,0,0,0,1,1,0,0,0,0,0,0,0,1,0,0,0,-0.024574669187145556,2.7899159663865545,0.0570902394106814,-0.21178637200736647,0.2265193370165746,-0.27440147329650094,0.5910254479747027,0.9207073912343352,0.8184065699860756,2.173851616731499,1.1666666666666667,3.7222222222222223,-0.05555555555555555,0.6111111111111112,0.5,1.3888888888888888,0.7222222222222222,-0.2222222222222222,2.2777777777777777,1.0555555555555556
1,1,0,0,-0.1423076923076923,0.5555555555555556,-0.6275725153913737,0,6,5,4,3,2,1,0,6,5,1,0,0,1,1,1,1,0,0,0,0,1,1,0,0,0,0,0,1,1,0,0,0,0,0,0,0,1,0,0,0.1720226843100189,-0.029878618113912233,2.74585635359116,0.0570902394106814,-0.21178637200736647,0.2265193370165746,-0.2898659840385484,0.583493573045628,0.9320741491508084,0.8137815410987934,0.7222222222222222,1.1666666666666667,3.7222222222222223,-0.05555555555555555,0.6111111111111112,0.5,1.3888888888888888,0.6666666666666666,-0.16666666666666666,2.2777777777777777
2,1,0,0,-0.09230769230769231,0.5555555555555556,-0.2819571769398052,1,0,6,5,4,3,2,1,0,6,1,1,0,0,1,1,1,1,0,0,0,0,1,1,0,0,0,0,0,1,0,0,0,0,0,0,0,0,1,0,-0.14933837429111532,0.16433239962651727,-0.034990791896869246,2.74585635359116,0.0570902394106814,-0.21178637200736647,0.22210510465291372,-0.3031135444392873,0.5948603309621013,0.9268067551402925,0.6111111111111112,0.7222222222222222,1.1666666666666667,3.7222222222222223,-0.05555555555555555,0.6111111111111112,0.5,1.3333333333333333,0.7222222222222222,-0.16666666666666666
3,1,0,0,-0.11538461538461539,0.6666666666666666,-0.5855677813773322,2,1,0,6,5,4,3,2,1,0,1,1,1,0,0,1,1,1,1,0,0,0,0,1,1,0,0,0,0,0,0,0,0,0,0,0,0,0,0,1,-0.1001890359168242,-0.1531279178338002,0.15653775322283608,-0.034990791896869246,2.74585635359116,0.0570902394106814,-0.22586959795211567,0.2121794811075011,-0.291746786522814,0.5914986201505119,0.6111111111111112,0.6111111111111112,0.7222222222222222,1.1666666666666667,3.7222222222222223,-0.05555555555555555,0.6111111111111112,0.4444444444444444,1.3888888888888888,0.7222222222222222
4,1,0,0,0.38076923076923075,0.3333333333333333,0.26590290851593146,3,2,1,0,6,5,4,3,2,1,1,1,1,1,0,0,1,1,1,1,0,0,0,0,1,1,0,0,0,0,0,0,0,0,0,0,0,0,0,0,-0.12287334593572778,-0.10457516339869281,-0.15653775322283608,0.15653775322283608,-0.034990791896869246,2.74585635359116,0.04893841288962506,-0.23870191624593876,0.22354623902397439,-0.290098049373181,0.7222222222222222,0.6111111111111112,0.6111111111111112,0.7222222222222222,1.1666666666666667,3.7222222222222223,-0.05555555555555555,0.5555555555555556,0.5,1.3888888888888888
5,0,1,0,0.31153846153846154,3.3333333333333335,0.5560374544337793,4,3,2,1,0,6,5,4,3,2,1,1,1,1,1,0,0,1,1,1,0,0,0,0,0,1,1,0,0,0,0,0,0,0,0,0,0,0,0,0,0.3648393194706994,-0.12698412698412698,-0.10865561694290976,-0.15653775322283608,0.15653775322283608,-0.034990791896869246,2.797018521307032,0.03788919305491091,-0.22733515832946546,0.22228292094828153,0.3888888888888889,0.7222222222222222,0.6111111111111112,0.6111111111111112,0.7222222222222222,1.1666666666666667,3.7222222222222223,-0.1111111111111111,0.6111111111111112,0.5
6,0,1,0,0.06153846153846154,1.2222222222222223,0.31578305257941597,5,4,3,2,1,0,6,5,4,3,0,1,1,1,1,1,0,0,1,1,1,0,0,0,0,0,1,1,0,0,0,0,0,0,0,0,0,0,0,0,0.29678638941398866,0.35480859010270777,-0.13075506445672191,-0.10865561694290976,-0.15653775322283608,0.15653775322283608,-0.045173919590423134,2.8038002860634075,0.04925595097138419,-0.22605042808299816,3.388888888888889,0.3888888888888889,0.7222222222222222,0.6111111111111112,0.6111111111111112,0.7222222222222222,1.1666666666666667,3.6666666666666665,-0.05555555555555555,0.6111111111111112
0,1,0,0,-0.47307692307692306,-0.4444444444444444,-0.35499393799480944,6,5,4,3,2,1,0,6,5,4,0,0,1,1,1,1,1,0,0,1,1,1,0,0,0,0,0,1,1,0,0,0,0,0,0,0,0,0,0,0,0.05103969754253308,0.2875816993464052,0.3443830570902394,-0.13075506445672191,-0.10865561694290976,-0.15653775322283608,0.1505797319680771,-0.056833789582366366,2.815167043979881,0.04897759275131627,1.2777777777777777,3.388888888888889,0.3888888888888889,0.7222222222222222,0.6111111111111112,0.6111111111111112,0.7222222222222222,1.1111111111111112,3.7222222222222223,-0.05555555555555555
1,1,0,0,-0.8,-0.2222222222222222,-0.6902385446395571,0,6,5,4,3,2,1,0,6,5,1,0,0,1,1,1,1,1,0,0,0,1,1,0,0,0,0,0,1,1,0,0,0,0,0,0,0,0,0,0,-0.47448015122873344,0.04481792717086835,0.27808471454880296,0.3443830570902394,-0.13075506445672191,-0.10865561694290976,-0.16940219846408675,0.14019001430317038,-0.045467031665893096,2.799257801094461,-0.3888888888888889,1.2777777777777777,3.388888888888889,0.3888888888888889,0.7222222222222222,0.6111111111111112,0.6111111111111112,0.6666666666666666,1.1666666666666667,3.7222222222222223
2,1,0,0,-0.5192307692307693,-0.7777777777777778,-0.2638801787081397,1,0,6,5,4,3,2,1,0,6,1,1,0,0,1,1,1,1,1,0,0,0,1,1,0,0,0,0,0,1,0,0,0,0,0,0,0,0,0,0,-0.7958412098298677,-0.47432306255835666,0.03867403314917127,0.27808471454880296,0.3443830570902394,-0.13075506445672191,-0.12046378557446169,-0.18186812666357238,0.15155677221964364,-0.045210085616599636,-0.16666666666666666,-0.3888888888888889,1.2777777777777777,3.388888888888889,0.3888888888888889,0.7222222222222222,0.6111111111111112,0.5555555555555556,0.7222222222222222,1.1666666666666667
3,1,0,0,-0.6576923076923077,-0.2222222222222222,-0.49082222613278714,2,1,0,6,5,4,3,2,1,0,1,1,1,0,0,1,1,1,1,1,0,0,0,1,1,0,0,0,0,0,0,0,0,0,0,0,0,0,0,0,-0.5198487712665406,-0.7917833800186741,-0.4732965009208103,0.03867403314917127,0.27808471454880296,0.3443830570902394,-0.14305074536967324,-0.1326121756921882,-0.1705013687470991,0.15070028538866545,-0.7222222222222222,-0.16666666666666666,-0.3888888888888889,1.2777777777777777,3.388888888888889,0.3888888888888889,0.7222222222222222,0.5555555555555556,0.6111111111111112,0.7222222222222222
4,1,0,0,-0.5769230769230769,-0.8888888888888888,-0.254632840316147,3,2,1,0,6,5,4,3,2,1,1,1,1,1,0,0,1,1,1,1,0,0,0,0,1,1,0,0,0,0,0,0,0,0,0,0,0,0,0,0,-0.6559546313799622,-0.5191409897292251,-0.7863720073664825,-0.4732965009208103,0.03867403314917127,0.27808471454880296,0.3425688902273754,-0.15534569152513475,-0.12124541777571492,-0.16953782106224863,-0.16666666666666666,-0.7222222222222222,-0.16666666666666666,-0.3888888888888889,1.2777777777777777,3.388888888888889,0.3888888888888889,0.6666666666666666,0.6111111111111112,0.6111111111111112
5,0,1,0,-0.21153846153846154,-0.2222222222222222,0.013183554020326052,4,3,2,1,0,6,5,4,3,2,1,1,1,1,1,0,0,1,1,1,0,0,0,0,0,1,1,0,0,0,0,0,0,0,0,0,0,0,0,0,-0.5765595463137996,-0.6535947712418301,-0.5174953959484346,-0.7863720073664825,-0.4732965009208103,0.03867403314917127,0.2748080108417407,0.333424898883216,-0.14397893360866146,-0.12056022831093235,-0.8333333333333334,-0.16666666666666666,-0.7222222222222222,-0.16666666666666666,-0.3888888888888889,1.2777777777777777,3.388888888888889,0.3333333333333333,0.7222222222222222,0.6111111111111112
6,0,1,0,-0.11538461538461539,-0.4444444444444444,-0.18105303238676257,5,4,3,2,1,0,6,5,4,3,0,1,1,1,1,1,0,0,1,1,1,0,0,0,0,0,1,1,0,0,0,0,0,0,0,0,0,0,0,0,-0.21739130434782608,-0.5751633986928104,-0.6500920810313076,-0.5174953959484346,-0.7863720073664825,-0.4732965009208103,0.030115946393615423,0.2652243513843764,0.3447916567996893,-0.1431652711192322,-0.16666666666666666,-0.8333333333333334,-0.16666666666666666,-0.7222222222222222,-0.16666666666666666,-0.3888888888888889,1.2777777777777777,3.3333333333333335,0.3888888888888889,0.7222222222222222
0,0,0,1,-0.4115384615384615,0.1111111111111111,0.028484187871812835,6,5,4,3,2,1,0,6,5,4,0,0,1,1,1,1,1,0,0,1,1,1,0,0,0,0,0,1,1,0,0,0,0,0,0,0,0,0,0,0,-0.12287334593572778,-0.2203548085901027,-0.572744014732965,-0.6500920810313076,-0.5174953959484346,-0.7863720073664825,-0.4931486221954525,0.018944596527455455,0.2765911093008497,0.3428431492592139,-0.3888888888888889,-0.16666666666666666,-0.8333333333333334,-0.16666666666666666,-0.7222222222222222,-0.16666666666666666,-0.3888888888888889,1.2222222222222223,3.388888888888889,0.3888888888888889
