USAGE_KB_predicho,USAGE_KB_real,error_absoluto,error_relativo
3558074.9290292114,4160659.0,602584.0709707886,0.14482899727441942
5459718.38596973,4647151.0,812567.3859697301,0.17485280464734848
6056065.196430469,7130279.0,1074213.803569531,0.1506552273157237
1403035.9661827781,967965.0,435070.9661827781,0.4494697289496812
1114609.1169111086,691915.0,422694.1169111086,0.6109046875860599
6128209.128049919,6593936.0,465726.8719500806,0.07062957116206173
4275138.414104927,3446803.0,828335.4141049273,0.24031991793697735
