Zona,MAPE,MAPE(%),MAE,RMSE,R2
001_ZW Parque Ingenio.csv,0.40855770151977877,40.85577015197788,1129160.3872409516,1785369.5249212075,0.6455324245094507
002_ZW Canchas Panamericanas.csv,0.3611871636069612,36.11871636069612,506335.1229342889,740059.1848275099,0.6821351462924294
003_ZW Parque del Perro.csv,0.4645829769057491,46.45829769057491,1154606.7800240363,1735296.3583249445,-0.32103172078198217
004_ZW Parque San Nicolas.csv,1049.2549267551499,104925.492675515,8566704062.480695,19840121922.49507,-29324287.99280104
